arm,seed,block_id,id_stratum,P,S,D,cell,attacks,n_per_attack,macro_weighting,exact_recall,binary_recall,exact_standardized_margin_shift,binary_standardized_margin_shift,exact_standardized_margin_status,binary_standardized_margin_status
placebo_ms,7,block_01,canonical,0,0,0,000,2,2000,equal Gear/RPM,1.0,1.0,38.22324180603027,70.71259307861328,ok,ok
placebo_ms,7,block_01,canonical,0,0,1,001,2,2000,equal Gear/RPM,1.0,1.0,31.726719856262207,56.71916961669922,ok,ok
placebo_ms,7,block_01,canonical,0,1,0,010,2,2000,equal Gear/RPM,1.0,1.0,47.99069595336914,99.51250839233398,ok,ok
placebo_ms,7,block_01,canonical,0,1,1,011,2,2000,equal Gear/RPM,1.0,1.0,43.84425163269043,92.8730354309082,ok,ok
placebo_ms,7,block_01,canonical,1,0,0,100,2,2000,equal Gear/RPM,0.043,0.997,5.962440848350525,28.52719497680664,ok,ok
placebo_ms,7,block_01,canonical,1,0,1,101,2,2000,equal Gear/RPM,0.00075,1.0,3.1384000182151794,31.988754272460938,ok,ok
placebo_ms,7,block_01,canonical,1,1,0,110,2,2000,equal Gear/RPM,0.1485,0.9605,8.618964433670044,27.070127487182617,ok,ok
placebo_ms,7,block_01,canonical,1,1,1,111,2,2000,equal Gear/RPM,0.041,0.998,6.711554288864136,31.800729751586914,ok,ok
placebo_ms,7,block_01,shifted,0,0,0,000,2,2000,equal Gear/RPM,1.0,1.0,37.4444465637207,70.24975204467773,ok,ok
placebo_ms,7,block_01,shifted,0,0,1,001,2,2000,equal Gear/RPM,1.0,1.0,31.618159294128418,56.58003807067871,ok,ok
placebo_ms,7,block_01,shifted,0,1,0,010,2,2000,equal Gear/RPM,1.0,1.0,47.3774299621582,99.74566650390625,ok,ok
placebo_ms,7,block_01,shifted,0,1,1,011,2,2000,equal Gear/RPM,1.0,1.0,43.451162338256836,92.97401428222656,ok,ok
placebo_ms,7,block_01,shifted,1,0,0,100,2,2000,equal Gear/RPM,0.0435,0.99775,6.0079792737960815,28.929380416870117,ok,ok
placebo_ms,7,block_01,shifted,1,0,1,101,2,2000,equal Gear/RPM,0.00075,1.0,3.159411609172821,32.214674949645996,ok,ok
placebo_ms,7,block_01,shifted,1,1,0,110,2,2000,equal Gear/RPM,0.1555,0.96625,8.708460569381714,27.41902732849121,ok,ok
placebo_ms,7,block_01,shifted,1,1,1,111,2,2000,equal Gear/RPM,0.042,0.9982500000000001,6.739448308944702,32.09943866729736,ok,ok
placebo_ms,7,block_02,canonical,0,0,0,000,2,2000,equal Gear/RPM,0.999,0.9995,38.19013977050781,70.7268180847168,ok,ok
placebo_ms,7,block_02,canonical,0,0,1,001,2,2000,equal Gear/RPM,0.999,0.9995,31.757156372070312,56.7983512878418,ok,ok
placebo_ms,7,block_02,canonical,0,1,0,010,2,2000,equal Gear/RPM,0.999,0.9995,48.101112365722656,99.62420654296875,ok,ok
placebo_ms,7,block_02,canonical,0,1,1,011,2,2000,equal Gear/RPM,0.999,0.9995,43.8939151763916,92.62746047973633,ok,ok
placebo_ms,7,block_02,canonical,1,0,0,100,2,2000,equal Gear/RPM,0.04725,0.99525,6.0815489292144775,28.259349822998047,ok,ok
placebo_ms,7,block_02,canonical,1,0,1,101,2,2000,equal Gear/RPM,0.0022500000000000003,0.9995,3.250704526901245,31.776432991027832,ok,ok
placebo_ms,7,block_02,canonical,1,1,0,110,2,2000,equal Gear/RPM,0.14150000000000001,0.96275,8.623707056045532,27.334392547607422,ok,ok
placebo_ms,7,block_02,canonical,1,1,1,111,2,2000,equal Gear/RPM,0.042249999999999996,0.9984999999999999,6.7345616817474365,31.838892936706543,ok,ok
placebo_ms,7,block_02,shifted,0,0,0,000,2,2000,equal Gear/RPM,0.999,0.9995,37.397953033447266,70.25516510009766,ok,ok
placebo_ms,7,block_02,shifted,0,0,1,001,2,2000,equal Gear/RPM,0.999,0.9995,31.644492149353027,56.65639305114746,ok,ok
placebo_ms,7,block_02,shifted,0,1,0,010,2,2000,equal Gear/RPM,0.999,0.9995,47.47972106933594,99.85404968261719,ok,ok
placebo_ms,7,block_02,shifted,0,1,1,011,2,2000,equal Gear/RPM,0.999,0.9995,43.500131607055664,92.73171615600586,ok,ok
placebo_ms,7,block_02,shifted,1,0,0,100,2,2000,equal Gear/RPM,0.049,0.9962500000000001,6.122740626335144,28.66219425201416,ok,ok
placebo_ms,7,block_02,shifted,1,0,1,101,2,2000,equal Gear/RPM,0.0022500000000000003,0.9995,3.269611120223999,32.00153160095215,ok,ok
placebo_ms,7,block_02,shifted,1,1,0,110,2,2000,equal Gear/RPM,0.14900000000000002,0.96725,8.708474397659302,27.682082176208496,ok,ok
placebo_ms,7,block_02,shifted,1,1,1,111,2,2000,equal Gear/RPM,0.042249999999999996,0.9984999999999999,6.761524677276611,32.13458442687988,ok,ok
placebo_ms,7,block_03,canonical,0,0,0,000,2,2000,equal Gear/RPM,1.0,1.0,38.146034240722656,70.73468017578125,ok,ok
placebo_ms,7,block_03,canonical,0,0,1,001,2,2000,equal Gear/RPM,1.0,1.0,31.666954040527344,56.87287902832031,ok,ok
placebo_ms,7,block_03,canonical,0,1,0,010,2,2000,equal Gear/RPM,1.0,1.0,47.93631935119629,99.60319137573242,ok,ok
placebo_ms,7,block_03,canonical,0,1,1,011,2,2000,equal Gear/RPM,1.0,1.0,43.73947715759277,92.79485321044922,ok,ok
placebo_ms,7,block_03,canonical,1,0,0,100,2,2000,equal Gear/RPM,0.04775,0.99475,5.967905402183533,28.441012382507324,ok,ok
placebo_ms,7,block_03,canonical,1,0,1,101,2,2000,equal Gear/RPM,0.0025,0.99975,3.090742588043213,32.00164031982422,ok,ok
placebo_ms,7,block_03,canonical,1,1,0,110,2,2000,equal Gear/RPM,0.13674999999999998,0.95875,8.590401649475098,26.97982692718506,ok,ok
placebo_ms,7,block_03,canonical,1,1,1,111,2,2000,equal Gear/RPM,0.043,0.99925,6.680614233016968,31.581966400146484,ok,ok
placebo_ms,7,block_03,shifted,0,0,0,000,2,2000,equal Gear/RPM,1.0,1.0,37.37065124511719,70.27739334106445,ok,ok
placebo_ms,7,block_03,shifted,0,0,1,001,2,2000,equal Gear/RPM,1.0,1.0,31.558990478515625,56.737361907958984,ok,ok
placebo_ms,7,block_03,shifted,0,1,0,010,2,2000,equal Gear/RPM,1.0,1.0,47.33110809326172,99.83683776855469,ok,ok
placebo_ms,7,block_03,shifted,0,1,1,011,2,2000,equal Gear/RPM,1.0,1.0,43.35177803039551,92.8989143371582,ok,ok
placebo_ms,7,block_03,shifted,1,0,0,100,2,2000,equal Gear/RPM,0.04875,0.996,6.013342618942261,28.845033645629883,ok,ok
placebo_ms,7,block_03,shifted,1,0,1,101,2,2000,equal Gear/RPM,0.00275,0.99975,3.10986864566803,32.2276029586792,ok,ok
placebo_ms,7,block_03,shifted,1,1,0,110,2,2000,equal Gear/RPM,0.14675,0.96675,8.676814556121826,27.332369804382324,ok,ok
placebo_ms,7,block_03,shifted,1,1,1,111,2,2000,equal Gear/RPM,0.044,0.99925,6.7087554931640625,31.87984275817871,ok,ok
placebo_ms,42,block_01,canonical,0,0,0,000,2,2000,equal Gear/RPM,1.0,1.0,31.05046272277832,62.05837821960449,ok,ok
placebo_ms,42,block_01,canonical,0,0,1,001,2,2000,equal Gear/RPM,1.0,1.0,27.004714965820312,54.05521774291992,ok,ok
placebo_ms,42,block_01,canonical,0,1,0,010,2,2000,equal Gear/RPM,1.0,1.0,41.57123374938965,98.57975387573242,ok,ok
placebo_ms,42,block_01,canonical,0,1,1,011,2,2000,equal Gear/RPM,1.0,1.0,38.65243911743164,94.74553298950195,ok,ok
placebo_ms,42,block_01,canonical,1,0,0,100,2,2000,equal Gear/RPM,0.0325,0.8195,4.641489744186401,17.15306568145752,ok,ok
placebo_ms,42,block_01,canonical,1,0,1,101,2,2000,equal Gear/RPM,0.0032500000000000003,0.9990000000000001,2.9458969831466675,23.14271831512451,ok,ok
placebo_ms,42,block_01,canonical,1,1,0,110,2,2000,equal Gear/RPM,0.0535,0.83875,5.020147085189819,21.33544158935547,ok,ok
placebo_ms,42,block_01,canonical,1,1,1,111,2,2000,equal Gear/RPM,0.00325,0.99875,2.0460333824157715,29.992095947265625,ok,ok
placebo_ms,42,block_01,shifted,0,0,0,000,2,2000,equal Gear/RPM,1.0,1.0,30.370654106140137,61.61844062805176,ok,ok
placebo_ms,42,block_01,shifted,0,0,1,001,2,2000,equal Gear/RPM,1.0,1.0,26.668375968933105,53.83075141906738,ok,ok
placebo_ms,42,block_01,shifted,0,1,0,010,2,2000,equal Gear/RPM,1.0,1.0,40.86733627319336,98.85494232177734,ok,ok
placebo_ms,42,block_01,shifted,0,1,1,011,2,2000,equal Gear/RPM,1.0,1.0,37.93533515930176,95.0733871459961,ok,ok
placebo_ms,42,block_01,shifted,1,0,0,100,2,2000,equal Gear/RPM,0.03825,0.8385,4.7824627161026,17.394071578979492,ok,ok
placebo_ms,42,block_01,shifted,1,0,1,101,2,2000,equal Gear/RPM,0.0032500000000000003,0.9990000000000001,3.016259551048279,23.317752838134766,ok,ok
placebo_ms,42,block_01,shifted,1,1,0,110,2,2000,equal Gear/RPM,0.05675,0.8534999999999999,5.070814371109009,21.633609294891357,ok,ok
placebo_ms,42,block_01,shifted,1,1,1,111,2,2000,equal Gear/RPM,0.00325,0.999,2.033511906862259,30.267560958862305,ok,ok
placebo_ms,42,block_02,canonical,0,0,0,000,2,2000,equal Gear/RPM,0.99925,1.0,30.896520614624023,62.034366607666016,ok,ok
placebo_ms,42,block_02,canonical,0,0,1,001,2,2000,equal Gear/RPM,0.99925,1.0,26.93567943572998,54.03310966491699,ok,ok
placebo_ms,42,block_02,canonical,0,1,0,010,2,2000,equal Gear/RPM,0.99925,1.0,41.53904914855957,98.75367736816406,ok,ok
placebo_ms,42,block_02,canonical,0,1,1,011,2,2000,equal Gear/RPM,0.99925,1.0,38.541574478149414,94.60765075683594,ok,ok
placebo_ms,42,block_02,canonical,1,0,0,100,2,2000,equal Gear/RPM,0.036250000000000004,0.82725,4.635017275810242,17.0748233795166,ok,ok
placebo_ms,42,block_02,canonical,1,0,1,101,2,2000,equal Gear/RPM,0.003,0.998,2.961578607559204,22.881311416625977,ok,ok
placebo_ms,42,block_02,canonical,1,1,0,110,2,2000,equal Gear/RPM,0.05325,0.8395,4.980906009674072,21.435701847076416,ok,ok
placebo_ms,42,block_02,canonical,1,1,1,111,2,2000,equal Gear/RPM,0.00575,0.99975,1.9834409356117249,29.993151664733887,ok,ok
placebo_ms,42,block_02,shifted,0,0,0,000,2,2000,equal Gear/RPM,0.99925,1.0,30.205228805541992,61.58283042907715,ok,ok
placebo_ms,42,block_02,shifted,0,0,1,001,2,2000,equal Gear/RPM,0.99925,1.0,26.593449592590332,53.802194595336914,ok,ok
placebo_ms,42,block_02,shifted,0,1,0,010,2,2000,equal Gear/RPM,0.99925,1.0,40.8250846862793,99.01464462280273,ok,ok
placebo_ms,42,block_02,shifted,0,1,1,011,2,2000,equal Gear/RPM,0.99925,1.0,37.827083587646484,94.92704772949219,ok,ok
placebo_ms,42,block_02,shifted,1,0,0,100,2,2000,equal Gear/RPM,0.04375,0.84775,4.772928595542908,17.32035207748413,ok,ok
placebo_ms,42,block_02,shifted,1,0,1,101,2,2000,equal Gear/RPM,0.00375,0.9990000000000001,3.0314632654190063,23.055156707763672,ok,ok
placebo_ms,42,block_02,shifted,1,1,0,110,2,2000,equal Gear/RPM,0.057249999999999995,0.8592500000000001,5.030679702758789,21.733734130859375,ok,ok
placebo_ms,42,block_02,shifted,1,1,1,111,2,2000,equal Gear/RPM,0.00575,0.99975,1.9717433750629425,30.265661239624023,ok,ok
placebo_ms,42,block_03,canonical,0,0,0,000,2,2000,equal Gear/RPM,1.0,1.0,30.8466215133667,61.890085220336914,ok,ok
placebo_ms,42,block_03,canonical,0,0,1,001,2,2000,equal Gear/RPM,1.0,1.0,26.892016410827637,53.96884346008301,ok,ok
placebo_ms,42,block_03,canonical,0,1,0,010,2,2000,equal Gear/RPM,1.0,1.0,41.47406578063965,98.82841873168945,ok,ok
placebo_ms,42,block_03,canonical,0,1,1,011,2,2000,equal Gear/RPM,1.0,1.0,38.542776107788086,94.88322448730469,ok,ok
placebo_ms,42,block_03,canonical,1,0,0,100,2,2000,equal Gear/RPM,0.03475,0.8275,4.554116249084473,17.229466438293457,ok,ok
placebo_ms,42,block_03,canonical,1,0,1,101,2,2000,equal Gear/RPM,0.0015,0.99875,2.8371938467025757,23.10176944732666,ok,ok
placebo_ms,42,block_03,canonical,1,1,0,110,2,2000,equal Gear/RPM,0.049749999999999996,0.8340000000000001,4.914824724197388,21.383065223693848,ok,ok
placebo_ms,42,block_03,canonical,1,1,1,111,2,2000,equal Gear/RPM,0.00525,0.99975,1.973534256219864,29.914230346679688,ok,ok
placebo_ms,42,block_03,shifted,0,0,0,000,2,2000,equal Gear/RPM,1.0,1.0,30.168750762939453,61.45333671569824,ok,ok
placebo_ms,42,block_03,shifted,0,0,1,001,2,2000,equal Gear/RPM,1.0,1.0,26.55733299255371,53.74620819091797,ok,ok
placebo_ms,42,block_03,shifted,0,1,0,010,2,2000,equal Gear/RPM,1.0,1.0,40.76140213012695,99.09868240356445,ok,ok
placebo_ms,42,block_03,shifted,0,1,1,011,2,2000,equal Gear/RPM,1.0,1.0,37.82600784301758,95.21283340454102,ok,ok
placebo_ms,42,block_03,shifted,1,0,0,100,2,2000,equal Gear/RPM,0.0415,0.8480000000000001,4.693651795387268,17.475308418273926,ok,ok
placebo_ms,42,block_03,shifted,1,0,1,101,2,2000,equal Gear/RPM,0.00175,0.99875,2.907749652862549,23.27723789215088,ok,ok
placebo_ms,42,block_03,shifted,1,1,0,110,2,2000,equal Gear/RPM,0.0525,0.8525,4.965888738632202,21.68436336517334,ok,ok
placebo_ms,42,block_03,shifted,1,1,1,111,2,2000,equal Gear/RPM,0.00525,0.99975,1.959843784570694,30.191615104675293,ok,ok
placebo_ms,123,block_01,canonical,0,0,0,000,2,2000,equal Gear/RPM,1.0,1.0,38.517478942871094,73.40475082397461,ok,ok
placebo_ms,123,block_01,canonical,0,0,1,001,2,2000,equal Gear/RPM,1.0,1.0,31.317709922790527,59.30781364440918,ok,ok
placebo_ms,123,block_01,canonical,0,1,0,010,2,2000,equal Gear/RPM,1.0,1.0,48.878984451293945,104.50625991821289,ok,ok
placebo_ms,123,block_01,canonical,0,1,1,011,2,2000,equal Gear/RPM,1.0,1.0,41.71137619018555,93.01847457885742,ok,ok
placebo_ms,123,block_01,canonical,1,0,0,100,2,2000,equal Gear/RPM,0.0325,0.98575,3.193397343158722,40.65640926361084,ok,ok
placebo_ms,123,block_01,canonical,1,0,1,101,2,2000,equal Gear/RPM,0.0,1.0,-2.179909110069275,56.60886001586914,ok,ok
placebo_ms,123,block_01,canonical,1,1,0,110,2,2000,equal Gear/RPM,0.0225,0.9815,3.0665239095687866,43.533690452575684,ok,ok
placebo_ms,123,block_01,canonical,1,1,1,111,2,2000,equal Gear/RPM,0.001,1.0,-3.8485299944877625,67.4286937713623,ok,ok
placebo_ms,123,block_01,shifted,0,0,0,000,2,2000,equal Gear/RPM,1.0,1.0,37.635820388793945,72.72575378417969,ok,ok
placebo_ms,123,block_01,shifted,0,0,1,001,2,2000,equal Gear/RPM,1.0,1.0,30.893986701965332,58.74983215332031,ok,ok
placebo_ms,123,block_01,shifted,0,1,0,010,2,2000,equal Gear/RPM,1.0,1.0,48.06239318847656,104.47306442260742,ok,ok
placebo_ms,123,block_01,shifted,0,1,1,011,2,2000,equal Gear/RPM,1.0,1.0,40.743404388427734,92.71892166137695,ok,ok
placebo_ms,123,block_01,shifted,1,0,0,100,2,2000,equal Gear/RPM,0.03675,0.99075,3.317391514778137,41.19912338256836,ok,ok
placebo_ms,123,block_01,shifted,1,0,1,101,2,2000,equal Gear/RPM,0.0,1.0,-2.0866878032684326,56.93789100646973,ok,ok
placebo_ms,123,block_01,shifted,1,1,0,110,2,2000,equal Gear/RPM,0.0235,0.98525,3.061441421508789,44.07025146484375,ok,ok
placebo_ms,123,block_01,shifted,1,1,1,111,2,2000,equal Gear/RPM,0.001,1.0,-3.8303894251585007,67.86654281616211,ok,ok
placebo_ms,123,block_02,canonical,0,0,0,000,2,2000,equal Gear/RPM,0.999,1.0,38.49858474731445,73.50093078613281,ok,ok
placebo_ms,123,block_02,canonical,0,0,1,001,2,2000,equal Gear/RPM,0.999,1.0,31.267107009887695,59.244184494018555,ok,ok
placebo_ms,123,block_02,canonical,0,1,0,010,2,2000,equal Gear/RPM,0.999,1.0,48.90986442565918,104.71506881713867,ok,ok
placebo_ms,123,block_02,canonical,0,1,1,011,2,2000,equal Gear/RPM,0.999,1.0,41.65881156921387,92.9478988647461,ok,ok
placebo_ms,123,block_02,canonical,1,0,0,100,2,2000,equal Gear/RPM,0.0365,0.9864999999999999,3.27630552649498,40.71367835998535,ok,ok
placebo_ms,123,block_02,canonical,1,0,1,101,2,2000,equal Gear/RPM,0.00025,1.0,-2.0688846707344055,56.49884796142578,ok,ok
placebo_ms,123,block_02,canonical,1,1,0,110,2,2000,equal Gear/RPM,0.03025,0.97875,3.1266614198684692,43.842522621154785,ok,ok
placebo_ms,123,block_02,canonical,1,1,1,111,2,2000,equal Gear/RPM,0.00075,1.0,-3.849118161946535,67.62490463256836,ok,ok
placebo_ms,123,block_02,shifted,0,0,0,000,2,2000,equal Gear/RPM,0.999,1.0,37.608842849731445,72.81294631958008,ok,ok
placebo_ms,123,block_02,shifted,0,0,1,001,2,2000,equal Gear/RPM,0.999,1.0,30.839900970458984,58.686180114746094,ok,ok
placebo_ms,123,block_02,shifted,0,1,0,010,2,2000,equal Gear/RPM,0.999,1.0,48.0897216796875,104.6827163696289,ok,ok
placebo_ms,123,block_02,shifted,0,1,1,011,2,2000,equal Gear/RPM,0.999,1.0,40.68806266784668,92.65312576293945,ok,ok
placebo_ms,123,block_02,shifted,1,0,0,100,2,2000,equal Gear/RPM,0.04425,0.991,3.400377005338669,41.262513160705566,ok,ok
placebo_ms,123,block_02,shifted,1,0,1,101,2,2000,equal Gear/RPM,0.00025,1.0,-1.976364552974701,56.827138900756836,ok,ok
placebo_ms,123,block_02,shifted,1,1,0,110,2,2000,equal Gear/RPM,0.03125,0.982,3.121452212333679,44.38239097595215,ok,ok
placebo_ms,123,block_02,shifted,1,1,1,111,2,2000,equal Gear/RPM,0.00075,1.0,-3.832220669835806,68.05942153930664,ok,ok
placebo_ms,123,block_03,canonical,0,0,0,000,2,2000,equal Gear/RPM,1.0,1.0,38.43558883666992,73.33200073242188,ok,ok
placebo_ms,123,block_03,canonical,0,0,1,001,2,2000,equal Gear/RPM,1.0,1.0,31.237585067749023,59.23521041870117,ok,ok
placebo_ms,123,block_03,canonical,0,1,0,010,2,2000,equal Gear/RPM,1.0,1.0,48.76702308654785,104.72893524169922,ok,ok
placebo_ms,123,block_03,canonical,0,1,1,011,2,2000,equal Gear/RPM,1.0,1.0,41.60927772521973,93.13275909423828,ok,ok
placebo_ms,123,block_03,canonical,1,0,0,100,2,2000,equal Gear/RPM,0.034499999999999996,0.98325,3.1857296526432037,40.65495491027832,ok,ok
placebo_ms,123,block_03,canonical,1,0,1,101,2,2000,equal Gear/RPM,0.0,1.0,-2.1705480813980103,56.52856254577637,ok,ok
placebo_ms,123,block_03,canonical,1,1,0,110,2,2000,equal Gear/RPM,0.027,0.97725,3.142535924911499,43.24754524230957,ok,ok
placebo_ms,123,block_03,canonical,1,1,1,111,2,2000,equal Gear/RPM,0.00125,1.0,-3.7967075891792774,67.1196117401123,ok,ok
placebo_ms,123,block_03,shifted,0,0,0,000,2,2000,equal Gear/RPM,1.0,1.0,37.559722900390625,72.66556167602539,ok,ok
placebo_ms,123,block_03,shifted,0,0,1,001,2,2000,equal Gear/RPM,1.0,1.0,30.815649032592773,58.68148422241211,ok,ok
placebo_ms,123,block_03,shifted,0,1,0,010,2,2000,equal Gear/RPM,1.0,1.0,47.9498348236084,104.698974609375,ok,ok
placebo_ms,123,block_03,shifted,0,1,1,011,2,2000,equal Gear/RPM,1.0,1.0,40.636491775512695,92.8329086303711,ok,ok
placebo_ms,123,block_03,shifted,1,0,0,100,2,2000,equal Gear/RPM,0.039749999999999994,0.98875,3.312052369117737,41.20037364959717,ok,ok
placebo_ms,123,block_03,shifted,1,0,1,101,2,2000,equal Gear/RPM,0.0,1.0,-2.077465236186981,56.85704231262207,ok,ok
placebo_ms,123,block_03,shifted,1,1,0,110,2,2000,equal Gear/RPM,0.028,0.9804999999999999,3.1388237476348877,43.788445472717285,ok,ok
placebo_ms,123,block_03,shifted,1,1,1,111,2,2000,equal Gear/RPM,0.00125,1.0,-3.779776871204376,67.55668449401855,ok,ok
placebo_ms,2026,block_01,canonical,0,0,0,000,2,2000,equal Gear/RPM,1.0,1.0,35.17275905609131,84.58248138427734,ok,ok
placebo_ms,2026,block_01,canonical,0,0,1,001,2,2000,equal Gear/RPM,1.0,1.0,28.54476261138916,71.69530487060547,ok,ok
placebo_ms,2026,block_01,canonical,0,1,0,010,2,2000,equal Gear/RPM,1.0,1.0,44.07530975341797,119.59071350097656,ok,ok
placebo_ms,2026,block_01,canonical,0,1,1,011,2,2000,equal Gear/RPM,1.0,1.0,38.17948913574219,109.61642456054688,ok,ok
placebo_ms,2026,block_01,canonical,1,0,0,100,2,2000,equal Gear/RPM,0.0715,0.981,6.068792819976807,39.59612846374512,ok,ok
placebo_ms,2026,block_01,canonical,1,0,1,101,2,2000,equal Gear/RPM,0.00075,1.0,2.480126738548279,51.93505859375,ok,ok
placebo_ms,2026,block_01,canonical,1,1,0,110,2,2000,equal Gear/RPM,0.09425,0.96275,7.12661337852478,39.76018810272217,ok,ok
placebo_ms,2026,block_01,canonical,1,1,1,111,2,2000,equal Gear/RPM,0.012,1.0,5.0547919273376465,49.23117446899414,ok,ok
placebo_ms,2026,block_01,shifted,0,0,0,000,2,2000,equal Gear/RPM,1.0,1.0,34.48550605773926,83.89567565917969,ok,ok
placebo_ms,2026,block_01,shifted,0,0,1,001,2,2000,equal Gear/RPM,1.0,1.0,28.323394775390625,71.5317611694336,ok,ok
placebo_ms,2026,block_01,shifted,0,1,0,010,2,2000,equal Gear/RPM,1.0,1.0,43.265493392944336,119.43105697631836,ok,ok
placebo_ms,2026,block_01,shifted,0,1,1,011,2,2000,equal Gear/RPM,1.0,1.0,37.7300910949707,109.42733383178711,ok,ok
placebo_ms,2026,block_01,shifted,1,0,0,100,2,2000,equal Gear/RPM,0.074,0.9864999999999999,6.104999780654907,40.323304176330566,ok,ok
placebo_ms,2026,block_01,shifted,1,0,1,101,2,2000,equal Gear/RPM,0.00075,1.0,2.4443700313568115,52.50885009765625,ok,ok
placebo_ms,2026,block_01,shifted,1,1,0,110,2,2000,equal Gear/RPM,0.0945,0.969,7.128411531448364,40.29073524475098,ok,ok
placebo_ms,2026,block_01,shifted,1,1,1,111,2,2000,equal Gear/RPM,0.01125,1.0,4.984079360961914,49.6610164642334,ok,ok
placebo_ms,2026,block_02,canonical,0,0,0,000,2,2000,equal Gear/RPM,0.999,1.0,35.26295471191406,84.78890228271484,ok,ok
placebo_ms,2026,block_02,canonical,0,0,1,001,2,2000,equal Gear/RPM,0.999,1.0,28.56903648376465,71.73601531982422,ok,ok
placebo_ms,2026,block_02,canonical,0,1,0,010,2,2000,equal Gear/RPM,0.999,1.0,44.15021324157715,119.86982345581055,ok,ok
placebo_ms,2026,block_02,canonical,0,1,1,011,2,2000,equal Gear/RPM,0.999,1.0,38.26316261291504,109.79528045654297,ok,ok
placebo_ms,2026,block_02,canonical,1,0,0,100,2,2000,equal Gear/RPM,0.07425,0.98325,6.141985893249512,39.4760046005249,ok,ok
placebo_ms,2026,block_02,canonical,1,0,1,101,2,2000,equal Gear/RPM,0.0005,1.0,2.556147336959839,51.73076629638672,ok,ok
placebo_ms,2026,block_02,canonical,1,1,0,110,2,2000,equal Gear/RPM,0.09325,0.96575,7.128319978713989,40.24568748474121,ok,ok
placebo_ms,2026,block_02,canonical,1,1,1,111,2,2000,equal Gear/RPM,0.012750000000000001,1.0,5.017848968505859,49.38350868225098,ok,ok
placebo_ms,2026,block_02,shifted,0,0,0,000,2,2000,equal Gear/RPM,0.999,1.0,34.559709548950195,84.08282089233398,ok,ok
placebo_ms,2026,block_02,shifted,0,0,1,001,2,2000,equal Gear/RPM,0.999,1.0,28.344801902770996,71.56357955932617,ok,ok
placebo_ms,2026,block_02,shifted,0,1,0,010,2,2000,equal Gear/RPM,0.999,1.0,43.321699142456055,119.699462890625,ok,ok
placebo_ms,2026,block_02,shifted,0,1,1,011,2,2000,equal Gear/RPM,0.999,1.0,37.81626319885254,109.60960006713867,ok,ok
placebo_ms,2026,block_02,shifted,1,0,0,100,2,2000,equal Gear/RPM,0.07825,0.98775,6.175149440765381,40.210927963256836,ok,ok
placebo_ms,2026,block_02,shifted,1,0,1,101,2,2000,equal Gear/RPM,0.0005,1.0,2.5214353799819946,52.30540084838867,ok,ok
placebo_ms,2026,block_02,shifted,1,1,0,110,2,2000,equal Gear/RPM,0.094,0.96925,7.128039121627808,40.77758502960205,ok,ok
placebo_ms,2026,block_02,shifted,1,1,1,111,2,2000,equal Gear/RPM,0.012,1.0,4.945892572402954,49.80951690673828,ok,ok
placebo_ms,2026,block_03,canonical,0,0,0,000,2,2000,equal Gear/RPM,1.0,1.0,35.15005111694336,84.6731071472168,ok,ok
placebo_ms,2026,block_03,canonical,0,0,1,001,2,2000,equal Gear/RPM,1.0,1.0,28.471614837646484,71.758056640625,ok,ok
placebo_ms,2026,block_03,canonical,0,1,0,010,2,2000,equal Gear/RPM,1.0,1.0,44.00123977661133,119.69652938842773,ok,ok
placebo_ms,2026,block_03,canonical,0,1,1,011,2,2000,equal Gear/RPM,1.0,1.0,38.13602828979492,109.85543060302734,ok,ok
placebo_ms,2026,block_03,canonical,1,0,0,100,2,2000,equal Gear/RPM,0.071,0.9802500000000001,6.024138689041138,39.55773735046387,ok,ok
placebo_ms,2026,block_03,canonical,1,0,1,101,2,2000,equal Gear/RPM,0.00025,1.0,2.448428750038147,51.93404006958008,ok,ok
placebo_ms,2026,block_03,canonical,1,1,0,110,2,2000,equal Gear/RPM,0.09625,0.9590000000000001,7.057897329330444,39.91393566131592,ok,ok
placebo_ms,2026,block_03,canonical,1,1,1,111,2,2000,equal Gear/RPM,0.013,1.0,4.96514630317688,49.147409439086914,ok,ok
placebo_ms,2026,block_03,shifted,0,0,0,000,2,2000,equal Gear/RPM,1.0,1.0,34.46461868286133,83.99361801147461,ok,ok
placebo_ms,2026,block_03,shifted,0,0,1,001,2,2000,equal Gear/RPM,1.0,1.0,28.253926277160645,71.59667587280273,ok,ok
placebo_ms,2026,block_03,shifted,0,1,0,010,2,2000,equal Gear/RPM,1.0,1.0,43.18864059448242,119.53248596191406,ok,ok
placebo_ms,2026,block_03,shifted,0,1,1,011,2,2000,equal Gear/RPM,1.0,1.0,37.68277931213379,109.67010879516602,ok,ok
placebo_ms,2026,block_03,shifted,1,0,0,100,2,2000,equal Gear/RPM,0.07675,0.98525,6.0592546463012695,40.288360595703125,ok,ok
placebo_ms,2026,block_03,shifted,1,0,1,101,2,2000,equal Gear/RPM,0.0,1.0,2.4108474254608154,52.5103874206543,ok,ok
placebo_ms,2026,block_03,shifted,1,1,0,110,2,2000,equal Gear/RPM,0.09775,0.969,7.057495594024658,40.448598861694336,ok,ok
placebo_ms,2026,block_03,shifted,1,1,1,111,2,2000,equal Gear/RPM,0.01225,1.0,4.89223575592041,49.57792663574219,ok,ok
placebo_ms,3407,block_01,canonical,0,0,0,000,2,2000,equal Gear/RPM,1.0,1.0,40.747528076171875,95.77005386352539,ok,ok
placebo_ms,3407,block_01,canonical,0,0,1,001,2,2000,equal Gear/RPM,1.0,1.0,32.724549293518066,74.75657272338867,ok,ok
placebo_ms,3407,block_01,canonical,0,1,0,010,2,2000,equal Gear/RPM,1.0,1.0,50.55600166320801,126.70053482055664,ok,ok
placebo_ms,3407,block_01,canonical,0,1,1,011,2,2000,equal Gear/RPM,1.0,1.0,43.72415351867676,114.26071166992188,ok,ok
placebo_ms,3407,block_01,canonical,1,0,0,100,2,2000,equal Gear/RPM,0.14475,0.969,7.368201494216919,34.16419506072998,ok,ok
placebo_ms,3407,block_01,canonical,1,0,1,101,2,2000,equal Gear/RPM,0.02625,1.0,4.048359155654907,42.693132400512695,ok,ok
placebo_ms,3407,block_01,canonical,1,1,0,110,2,2000,equal Gear/RPM,0.4245,0.93075,10.946491003036499,31.096385955810547,ok,ok
placebo_ms,3407,block_01,canonical,1,1,1,111,2,2000,equal Gear/RPM,0.28775,0.9995,6.094830721616745,44.45071983337402,ok,ok
placebo_ms,3407,block_01,shifted,0,0,0,000,2,2000,equal Gear/RPM,1.0,1.0,39.94874572753906,95.30142211914062,ok,ok
placebo_ms,3407,block_01,shifted,0,0,1,001,2,2000,equal Gear/RPM,1.0,1.0,32.63161087036133,74.57971572875977,ok,ok
placebo_ms,3407,block_01,shifted,0,1,0,010,2,2000,equal Gear/RPM,1.0,1.0,49.60168647766113,126.69610214233398,ok,ok
placebo_ms,3407,block_01,shifted,0,1,1,011,2,2000,equal Gear/RPM,1.0,1.0,42.59764862060547,113.90882110595703,ok,ok
placebo_ms,3407,block_01,shifted,1,0,0,100,2,2000,equal Gear/RPM,0.14725,0.973,7.4289000034332275,34.40342140197754,ok,ok
placebo_ms,3407,block_01,shifted,1,0,1,101,2,2000,equal Gear/RPM,0.0265,1.0,4.0949296951293945,42.934499740600586,ok,ok
placebo_ms,3407,block_01,shifted,1,1,0,110,2,2000,equal Gear/RPM,0.42474999999999996,0.93475,10.920398950576782,31.351566314697266,ok,ok
placebo_ms,3407,block_01,shifted,1,1,1,111,2,2000,equal Gear/RPM,0.28825,0.9995,6.060089351609349,44.64742088317871,ok,ok
placebo_ms,3407,block_02,canonical,0,0,0,000,2,2000,equal Gear/RPM,0.9995,1.0,40.776084899902344,95.87496948242188,ok,ok
placebo_ms,3407,block_02,canonical,0,0,1,001,2,2000,equal Gear/RPM,0.9995,1.0,32.72103404998779,74.77373123168945,ok,ok
placebo_ms,3407,block_02,canonical,0,1,0,010,2,2000,equal Gear/RPM,0.9995,1.0,50.638532638549805,126.84879302978516,ok,ok
placebo_ms,3407,block_02,canonical,0,1,1,011,2,2000,equal Gear/RPM,0.9995,1.0,43.66952133178711,114.00520324707031,ok,ok
placebo_ms,3407,block_02,canonical,1,0,0,100,2,2000,equal Gear/RPM,0.15375,0.97075,7.45900559425354,33.98270225524902,ok,ok
placebo_ms,3407,block_02,canonical,1,0,1,101,2,2000,equal Gear/RPM,0.0325,1.0,4.1771193742752075,42.37305450439453,ok,ok
placebo_ms,3407,block_02,canonical,1,1,0,110,2,2000,equal Gear/RPM,0.4405,0.9297500000000001,11.00192928314209,31.297261238098145,ok,ok
placebo_ms,3407,block_02,canonical,1,1,1,111,2,2000,equal Gear/RPM,0.26675,0.99975,6.1062429919838905,44.37183952331543,ok,ok
placebo_ms,3407,block_02,shifted,0,0,0,000,2,2000,equal Gear/RPM,0.9995,1.0,39.961605072021484,95.3946304321289,ok,ok
placebo_ms,3407,block_02,shifted,0,0,1,001,2,2000,equal Gear/RPM,0.9995,1.0,32.622562408447266,74.59026718139648,ok,ok
placebo_ms,3407,block_02,shifted,0,1,0,010,2,2000,equal Gear/RPM,0.9995,1.0,49.67311668395996,126.83843231201172,ok,ok
placebo_ms,3407,block_02,shifted,0,1,1,011,2,2000,equal Gear/RPM,0.9995,1.0,42.55373954772949,113.65483474731445,ok,ok
placebo_ms,3407,block_02,shifted,1,0,0,100,2,2000,equal Gear/RPM,0.15825,0.97275,7.517854928970337,34.22453689575195,ok,ok
placebo_ms,3407,block_02,shifted,1,0,1,101,2,2000,equal Gear/RPM,0.0325,1.0,4.221404850482941,42.61685752868652,ok,ok
placebo_ms,3407,block_02,shifted,1,1,0,110,2,2000,equal Gear/RPM,0.44,0.93425,10.97724986076355,31.55234718322754,ok,ok
placebo_ms,3407,block_02,shifted,1,1,1,111,2,2000,equal Gear/RPM,0.27025,0.99975,6.0692975874990225,44.563385009765625,ok,ok
placebo_ms,3407,block_03,canonical,0,0,0,000,2,2000,equal Gear/RPM,1.0,1.0,40.55074119567871,95.48189163208008,ok,ok
placebo_ms,3407,block_03,canonical,0,0,1,001,2,2000,equal Gear/RPM,1.0,1.0,32.588714599609375,74.66003799438477,ok,ok
placebo_ms,3407,block_03,canonical,0,1,0,010,2,2000,equal Gear/RPM,1.0,1.0,50.51590919494629,126.86681365966797,ok,ok
placebo_ms,3407,block_03,canonical,0,1,1,011,2,2000,equal Gear/RPM,1.0,1.0,43.63203239440918,114.30097961425781,ok,ok
placebo_ms,3407,block_03,canonical,1,0,0,100,2,2000,equal Gear/RPM,0.14775,0.96825,7.334841728210449,34.09086322784424,ok,ok
placebo_ms,3407,block_03,canonical,1,0,1,101,2,2000,equal Gear/RPM,0.02775,1.0,4.032587170600891,42.50400161743164,ok,ok
placebo_ms,3407,block_03,canonical,1,1,0,110,2,2000,equal Gear/RPM,0.4405,0.91925,10.985119104385376,30.975375175476074,ok,ok
placebo_ms,3407,block_03,canonical,1,1,1,111,2,2000,equal Gear/RPM,0.28,1.0,6.120559439063072,44.178998947143555,ok,ok
placebo_ms,3407,block_03,shifted,0,0,0,000,2,2000,equal Gear/RPM,1.0,1.0,39.75440216064453,95.01937103271484,ok,ok
placebo_ms,3407,block_03,shifted,0,0,1,001,2,2000,equal Gear/RPM,1.0,1.0,32.497626304626465,74.48376846313477,ok,ok
placebo_ms,3407,block_03,shifted,0,1,0,010,2,2000,equal Gear/RPM,1.0,1.0,49.56033134460449,126.85686492919922,ok,ok
placebo_ms,3407,block_03,shifted,0,1,1,011,2,2000,equal Gear/RPM,1.0,1.0,42.509300231933594,113.94837188720703,ok,ok
placebo_ms,3407,block_03,shifted,1,0,0,100,2,2000,equal Gear/RPM,0.15,0.97275,7.39577317237854,34.332014083862305,ok,ok
placebo_ms,3407,block_03,shifted,1,0,1,101,2,2000,equal Gear/RPM,0.02825,1.0,4.077792465686798,42.74824333190918,ok,ok
placebo_ms,3407,block_03,shifted,1,1,0,110,2,2000,equal Gear/RPM,0.4425,0.92475,10.961086988449097,31.23189067840576,ok,ok
placebo_ms,3407,block_03,shifted,1,1,1,111,2,2000,equal Gear/RPM,0.28225,1.0,6.08467985317111,44.375247955322266,ok,ok
placebo_std,7,block_01,canonical,0,0,0,000,2,2000,equal Gear/RPM,1.0,1.0,36.74521446228027,69.0399284362793,ok,ok
placebo_std,7,block_01,canonical,0,0,1,001,2,2000,equal Gear/RPM,1.0,1.0,29.106013298034668,53.169843673706055,ok,ok
placebo_std,7,block_01,canonical,0,1,0,010,2,2000,equal Gear/RPM,1.0,1.0,47.85014343261719,100.2962417602539,ok,ok
placebo_std,7,block_01,canonical,0,1,1,011,2,2000,equal Gear/RPM,1.0,1.0,42.60537338256836,92.4391098022461,ok,ok
placebo_std,7,block_01,canonical,1,0,0,100,2,2000,equal Gear/RPM,0.06175,0.98875,5.4662216901779175,30.526851654052734,ok,ok
placebo_std,7,block_01,canonical,1,0,1,101,2,2000,equal Gear/RPM,0.0,1.0,1.4971837997436523,34.9849967956543,ok,ok
placebo_std,7,block_01,canonical,1,1,0,110,2,2000,equal Gear/RPM,0.21475,0.97475,9.000908136367798,31.7661771774292,ok,ok
placebo_std,7,block_01,canonical,1,1,1,111,2,2000,equal Gear/RPM,0.0395,1.0,5.151140332221985,40.420433044433594,ok,ok
placebo_std,7,block_01,shifted,0,0,0,000,2,2000,equal Gear/RPM,1.0,1.0,35.861703872680664,68.32784652709961,ok,ok
placebo_std,7,block_01,shifted,0,0,1,001,2,2000,equal Gear/RPM,1.0,1.0,28.737775802612305,52.76119041442871,ok,ok
placebo_std,7,block_01,shifted,0,1,0,010,2,2000,equal Gear/RPM,1.0,1.0,47.01519966125488,100.13161849975586,ok,ok
placebo_std,7,block_01,shifted,0,1,1,011,2,2000,equal Gear/RPM,1.0,1.0,41.855947494506836,92.21830749511719,ok,ok
placebo_std,7,block_01,shifted,1,0,0,100,2,2000,equal Gear/RPM,0.06575,0.9902500000000001,5.544756054878235,30.789423942565918,ok,ok
placebo_std,7,block_01,shifted,1,0,1,101,2,2000,equal Gear/RPM,0.0,1.0,1.5031086206436157,35.143070220947266,ok,ok
placebo_std,7,block_01,shifted,1,1,0,110,2,2000,equal Gear/RPM,0.2205,0.97925,9.060923099517822,32.04578399658203,ok,ok
placebo_std,7,block_01,shifted,1,1,1,111,2,2000,equal Gear/RPM,0.04075,1.0,5.158288240432739,40.67073631286621,ok,ok
placebo_std,7,block_02,canonical,0,0,0,000,2,2000,equal Gear/RPM,0.9995,1.0,36.62070846557617,68.91964721679688,ok,ok
placebo_std,7,block_02,canonical,0,0,1,001,2,2000,equal Gear/RPM,0.9995,1.0,29.025070190429688,53.09103012084961,ok,ok
placebo_std,7,block_02,canonical,0,1,0,010,2,2000,equal Gear/RPM,0.9995,1.0,47.931962966918945,100.39219284057617,ok,ok
placebo_std,7,block_02,canonical,0,1,1,011,2,2000,equal Gear/RPM,0.9995,1.0,42.5676326751709,92.20602416992188,ok,ok
placebo_std,7,block_02,canonical,1,0,0,100,2,2000,equal Gear/RPM,0.06575,0.99,5.4681315422058105,30.40531349182129,ok,ok
placebo_std,7,block_02,canonical,1,0,1,101,2,2000,equal Gear/RPM,0.0005,1.0,1.5021169185638428,34.8236083984375,ok,ok
placebo_std,7,block_02,canonical,1,1,0,110,2,2000,equal Gear/RPM,0.20325,0.9724999999999999,8.930549621582031,32.064452171325684,ok,ok
placebo_std,7,block_02,canonical,1,1,1,111,2,2000,equal Gear/RPM,0.04,1.0,5.0496063232421875,40.55858612060547,ok,ok
placebo_std,7,block_02,shifted,0,0,0,000,2,2000,equal Gear/RPM,0.9995,1.0,35.72109413146973,68.1952896118164,ok,ok
placebo_std,7,block_02,shifted,0,0,1,001,2,2000,equal Gear/RPM,0.9995,1.0,28.653742790222168,52.677934646606445,ok,ok
placebo_std,7,block_02,shifted,0,1,0,010,2,2000,equal Gear/RPM,0.9995,1.0,47.097957611083984,100.21847915649414,ok,ok
placebo_std,7,block_02,shifted,0,1,1,011,2,2000,equal Gear/RPM,0.9995,1.0,41.811113357543945,91.98357009887695,ok,ok
placebo_std,7,block_02,shifted,1,0,0,100,2,2000,equal Gear/RPM,0.07175,0.9922500000000001,5.544463753700256,30.667057991027832,ok,ok
placebo_std,7,block_02,shifted,1,0,1,101,2,2000,equal Gear/RPM,0.0005,1.0,1.505695879459381,34.98153495788574,ok,ok
placebo_std,7,block_02,shifted,1,1,0,110,2,2000,equal Gear/RPM,0.208,0.976,8.991739273071289,32.342326164245605,ok,ok
placebo_std,7,block_02,shifted,1,1,1,111,2,2000,equal Gear/RPM,0.0405,1.0,5.055346369743347,40.80645561218262,ok,ok
placebo_std,7,block_03,canonical,0,0,0,000,2,2000,equal Gear/RPM,1.0,1.0,36.680572509765625,69.02991485595703,ok,ok
placebo_std,7,block_03,canonical,0,0,1,001,2,2000,equal Gear/RPM,1.0,1.0,29.04210376739502,53.262582778930664,ok,ok
placebo_std,7,block_03,canonical,0,1,0,010,2,2000,equal Gear/RPM,1.0,1.0,47.81361961364746,100.41500473022461,ok,ok
placebo_std,7,block_03,canonical,0,1,1,011,2,2000,equal Gear/RPM,1.0,1.0,42.496782302856445,92.35353088378906,ok,ok
placebo_std,7,block_03,canonical,1,0,0,100,2,2000,equal Gear/RPM,0.068,0.98525,5.455802321434021,30.63850212097168,ok,ok
placebo_std,7,block_03,canonical,1,0,1,101,2,2000,equal Gear/RPM,0.0,1.0,1.4722671508789062,35.14874839782715,ok,ok
placebo_std,7,block_03,canonical,1,1,0,110,2,2000,equal Gear/RPM,0.20475,0.96825,8.988744497299194,31.767144203186035,ok,ok
placebo_std,7,block_03,canonical,1,1,1,111,2,2000,equal Gear/RPM,0.03925,1.0,5.080954074859619,40.33415603637695,ok,ok
placebo_std,7,block_03,shifted,0,0,0,000,2,2000,equal Gear/RPM,1.0,1.0,35.801597595214844,68.32536315917969,ok,ok
placebo_std,7,block_03,shifted,0,0,1,001,2,2000,equal Gear/RPM,1.0,1.0,28.672914505004883,52.86123466491699,ok,ok
placebo_std,7,block_03,shifted,0,1,0,010,2,2000,equal Gear/RPM,1.0,1.0,46.99016571044922,100.244140625,ok,ok
placebo_std,7,block_03,shifted,0,1,1,011,2,2000,equal Gear/RPM,1.0,1.0,41.74745750427246,92.13605880737305,ok,ok
placebo_std,7,block_03,shifted,1,0,0,100,2,2000,equal Gear/RPM,0.07175,0.98725,5.536110520362854,30.903746604919434,ok,ok
placebo_std,7,block_03,shifted,1,0,1,101,2,2000,equal Gear/RPM,0.0,1.0,1.4771782755851746,35.307132720947266,ok,ok
placebo_std,7,block_03,shifted,1,1,0,110,2,2000,equal Gear/RPM,0.20825,0.97075,9.04966950416565,32.048017501831055,ok,ok
placebo_std,7,block_03,shifted,1,1,1,111,2,2000,equal Gear/RPM,0.0405,1.0,5.086899638175964,40.585004806518555,ok,ok
placebo_std,42,block_01,canonical,0,0,0,000,2,2000,equal Gear/RPM,1.0,1.0,37.934383392333984,75.9544563293457,ok,ok
placebo_std,42,block_01,canonical,0,0,1,001,2,2000,equal Gear/RPM,1.0,1.0,32.34923458099365,62.022308349609375,ok,ok
placebo_std,42,block_01,canonical,0,1,0,010,2,2000,equal Gear/RPM,1.0,1.0,47.032718658447266,108.5088005065918,ok,ok
placebo_std,42,block_01,canonical,0,1,1,011,2,2000,equal Gear/RPM,1.0,1.0,43.26976776123047,100.3507194519043,ok,ok
placebo_std,42,block_01,canonical,1,0,0,100,2,2000,equal Gear/RPM,0.041,0.8342499999999999,4.592869520187378,19.77704668045044,ok,ok
placebo_std,42,block_01,canonical,1,0,1,101,2,2000,equal Gear/RPM,0.00125,0.99975,1.635705053806305,28.26532745361328,ok,ok
placebo_std,42,block_01,canonical,1,1,0,110,2,2000,equal Gear/RPM,0.05775,0.7829999999999999,3.9816334545612335,24.30679941177368,ok,ok
placebo_std,42,block_01,canonical,1,1,1,111,2,2000,equal Gear/RPM,0.00825,0.999,1.4800623804330826,34.39714431762695,ok,ok
placebo_std,42,block_01,shifted,0,0,0,000,2,2000,equal Gear/RPM,1.0,1.0,37.04762077331543,75.22315216064453,ok,ok
placebo_std,42,block_01,shifted,0,0,1,001,2,2000,equal Gear/RPM,1.0,1.0,31.871700286865234,61.629812240600586,ok,ok
placebo_std,42,block_01,shifted,0,1,0,010,2,2000,equal Gear/RPM,1.0,1.0,46.4310245513916,108.74720001220703,ok,ok
placebo_std,42,block_01,shifted,0,1,1,011,2,2000,equal Gear/RPM,1.0,1.0,42.70449638366699,100.6512680053711,ok,ok
placebo_std,42,block_01,shifted,1,0,0,100,2,2000,equal Gear/RPM,0.04675,0.854,4.723515272140503,20.081925868988037,ok,ok
placebo_std,42,block_01,shifted,1,0,1,101,2,2000,equal Gear/RPM,0.00125,0.99975,1.6748747825622559,28.473730087280273,ok,ok
placebo_std,42,block_01,shifted,1,1,0,110,2,2000,equal Gear/RPM,0.06375,0.8,4.067962259054184,24.643132209777832,ok,ok
placebo_std,42,block_01,shifted,1,1,1,111,2,2000,equal Gear/RPM,0.0072499999999999995,0.99925,1.4205614626407623,34.7769660949707,ok,ok
placebo_std,42,block_02,canonical,0,0,0,000,2,2000,equal Gear/RPM,0.999,1.0,37.86367988586426,75.9109992980957,ok,ok
placebo_std,42,block_02,canonical,0,0,1,001,2,2000,equal Gear/RPM,0.999,1.0,32.2885217666626,61.89563179016113,ok,ok
placebo_std,42,block_02,canonical,0,1,0,010,2,2000,equal Gear/RPM,0.999,1.0,47.14891242980957,108.5617790222168,ok,ok
placebo_std,42,block_02,canonical,0,1,1,011,2,2000,equal Gear/RPM,0.999,1.0,43.25294494628906,100.08370971679688,ok,ok
placebo_std,42,block_02,canonical,1,0,0,100,2,2000,equal Gear/RPM,0.041,0.83775,4.619995355606079,19.626864433288574,ok,ok
placebo_std,42,block_02,canonical,1,0,1,101,2,2000,equal Gear/RPM,0.0015,1.0,1.688595175743103,28.007280349731445,ok,ok
placebo_std,42,block_02,canonical,1,1,0,110,2,2000,equal Gear/RPM,0.059000000000000004,0.7845,4.043425887823105,24.382275104522705,ok,ok
placebo_std,42,block_02,canonical,1,1,1,111,2,2000,equal Gear/RPM,0.00875,1.0,1.4961425960063934,34.45267200469971,ok,ok
placebo_std,42,block_02,shifted,0,0,0,000,2,2000,equal Gear/RPM,0.999,1.0,36.95733070373535,75.15787124633789,ok,ok
placebo_std,42,block_02,shifted,0,0,1,001,2,2000,equal Gear/RPM,0.999,1.0,31.805447578430176,61.49227523803711,ok,ok
placebo_std,42,block_02,shifted,0,1,0,010,2,2000,equal Gear/RPM,0.999,1.0,46.5382194519043,108.77909469604492,ok,ok
placebo_std,42,block_02,shifted,0,1,1,011,2,2000,equal Gear/RPM,0.999,1.0,42.69394111633301,100.38131713867188,ok,ok
placebo_std,42,block_02,shifted,1,0,0,100,2,2000,equal Gear/RPM,0.046,0.85675,4.748344540596008,19.93501377105713,ok,ok
placebo_std,42,block_02,shifted,1,0,1,101,2,2000,equal Gear/RPM,0.00175,1.0,1.7287232875823975,28.212120056152344,ok,ok
placebo_std,42,block_02,shifted,1,1,0,110,2,2000,equal Gear/RPM,0.062,0.80425,4.129227787256241,24.718529224395752,ok,ok
placebo_std,42,block_02,shifted,1,1,1,111,2,2000,equal Gear/RPM,0.008,1.0,1.436230018734932,34.82723426818848,ok,ok
placebo_std,42,block_03,canonical,0,0,0,000,2,2000,equal Gear/RPM,1.0,1.0,37.73059272766113,75.73445129394531,ok,ok
placebo_std,42,block_03,canonical,0,0,1,001,2,2000,equal Gear/RPM,1.0,1.0,32.216888427734375,61.90093803405762,ok,ok
placebo_std,42,block_03,canonical,0,1,0,010,2,2000,equal Gear/RPM,1.0,1.0,46.98798370361328,108.80257034301758,ok,ok
placebo_std,42,block_03,canonical,0,1,1,011,2,2000,equal Gear/RPM,1.0,1.0,43.193986892700195,100.50385284423828,ok,ok
placebo_std,42,block_03,canonical,1,0,0,100,2,2000,equal Gear/RPM,0.0395,0.8387500000000001,4.488593935966492,19.779486179351807,ok,ok
placebo_std,42,block_03,canonical,1,0,1,101,2,2000,equal Gear/RPM,0.00125,0.99925,1.5634675025939941,28.21807861328125,ok,ok
placebo_std,42,block_03,canonical,1,1,0,110,2,2000,equal Gear/RPM,0.05675,0.78075,3.92815762758255,24.27623987197876,ok,ok
placebo_std,42,block_03,canonical,1,1,1,111,2,2000,equal Gear/RPM,0.00775,0.9984999999999999,1.448418527841568,34.296135902404785,ok,ok
placebo_std,42,block_03,shifted,0,0,0,000,2,2000,equal Gear/RPM,1.0,1.0,36.83957099914551,75.00237655639648,ok,ok
placebo_std,42,block_03,shifted,0,0,1,001,2,2000,equal Gear/RPM,1.0,1.0,31.738741874694824,61.50601577758789,ok,ok
placebo_std,42,block_03,shifted,0,1,0,010,2,2000,equal Gear/RPM,1.0,1.0,46.380916595458984,109.02821350097656,ok,ok
placebo_std,42,block_03,shifted,0,1,1,011,2,2000,equal Gear/RPM,1.0,1.0,42.63714027404785,100.80701446533203,ok,ok
placebo_std,42,block_03,shifted,1,0,0,100,2,2000,equal Gear/RPM,0.04375,0.855,4.619733452796936,20.08382749557495,ok,ok
placebo_std,42,block_03,shifted,1,0,1,101,2,2000,equal Gear/RPM,0.00125,0.99925,1.604707956314087,28.42412281036377,ok,ok
placebo_std,42,block_03,shifted,1,1,0,110,2,2000,equal Gear/RPM,0.063,0.80375,4.016204208135605,24.614078998565674,ok,ok
placebo_std,42,block_03,shifted,1,1,1,111,2,2000,equal Gear/RPM,0.0075,0.9984999999999999,1.3890919238328934,34.673479080200195,ok,ok
placebo_std,123,block_01,canonical,0,0,0,000,2,2000,equal Gear/RPM,1.0,1.0,35.281654357910156,82.55952835083008,ok,ok
placebo_std,123,block_01,canonical,0,0,1,001,2,2000,equal Gear/RPM,1.0,1.0,30.39247417449951,75.9528694152832,ok,ok
placebo_std,123,block_01,canonical,0,1,0,010,2,2000,equal Gear/RPM,1.0,1.0,45.658395767211914,118.35857009887695,ok,ok
placebo_std,123,block_01,canonical,0,1,1,011,2,2000,equal Gear/RPM,1.0,1.0,41.53856658935547,113.86540222167969,ok,ok
placebo_std,123,block_01,canonical,1,0,0,100,2,2000,equal Gear/RPM,0.017750000000000002,0.99925,0.9328674376010895,50.143585205078125,ok,ok
placebo_std,123,block_01,canonical,1,0,1,101,2,2000,equal Gear/RPM,0.00075,1.0,-4.9836167097091675,65.62623977661133,ok,ok
placebo_std,123,block_01,canonical,1,1,0,110,2,2000,equal Gear/RPM,0.14650000000000002,0.998,4.458659768104553,53.355085372924805,ok,ok
placebo_std,123,block_01,canonical,1,1,1,111,2,2000,equal Gear/RPM,0.03025,1.0,-2.7538914680480957,72.42587280273438,ok,ok
placebo_std,123,block_01,shifted,0,0,0,000,2,2000,equal Gear/RPM,1.0,1.0,34.47684860229492,82.1968879699707,ok,ok
placebo_std,123,block_01,shifted,0,0,1,001,2,2000,equal Gear/RPM,1.0,1.0,30.06666088104248,75.6969223022461,ok,ok
placebo_std,123,block_01,shifted,0,1,0,010,2,2000,equal Gear/RPM,1.0,1.0,44.809059143066406,118.56466674804688,ok,ok
placebo_std,123,block_01,shifted,0,1,1,011,2,2000,equal Gear/RPM,1.0,1.0,41.00724792480469,113.97436141967773,ok,ok
placebo_std,123,block_01,shifted,1,0,0,100,2,2000,equal Gear/RPM,0.018250000000000002,0.99925,1.0169847011566162,50.69454574584961,ok,ok
placebo_std,123,block_01,shifted,1,0,1,101,2,2000,equal Gear/RPM,0.00075,1.0,-4.929659187793732,66.0489616394043,ok,ok
placebo_std,123,block_01,shifted,1,1,0,110,2,2000,equal Gear/RPM,0.1485,0.9982500000000001,4.4359568655490875,53.89115905761719,ok,ok
placebo_std,123,block_01,shifted,1,1,1,111,2,2000,equal Gear/RPM,0.03175,1.0,-2.7729368209838867,72.87361526489258,ok,ok
placebo_std,123,block_02,canonical,0,0,0,000,2,2000,equal Gear/RPM,0.999,0.999,35.32699394226074,82.64611053466797,ok,ok
placebo_std,123,block_02,canonical,0,0,1,001,2,2000,equal Gear/RPM,0.999,0.999,30.422051429748535,75.88249969482422,ok,ok
placebo_std,123,block_02,canonical,0,1,0,010,2,2000,equal Gear/RPM,0.999,0.999,45.73030090332031,118.39889526367188,ok,ok
placebo_std,123,block_02,canonical,0,1,1,011,2,2000,equal Gear/RPM,0.999,0.999,41.574790954589844,113.68799591064453,ok,ok
placebo_std,123,block_02,canonical,1,0,0,100,2,2000,equal Gear/RPM,0.01875,0.9984999999999999,1.047125905752182,50.14395332336426,ok,ok
placebo_std,123,block_02,canonical,1,0,1,101,2,2000,equal Gear/RPM,0.0005,0.999,-4.795904159545898,65.42462539672852,ok,ok
placebo_std,123,block_02,canonical,1,1,0,110,2,2000,equal Gear/RPM,0.14550000000000002,0.9942500000000001,4.563449144363403,53.725629806518555,ok,ok
placebo_std,123,block_02,canonical,1,1,1,111,2,2000,equal Gear/RPM,0.031,0.999,-2.67111873626709,72.51604461669922,ok,ok
placebo_std,123,block_02,shifted,0,0,0,000,2,2000,equal Gear/RPM,0.999,0.999,34.50320053100586,82.2701416015625,ok,ok
placebo_std,123,block_02,shifted,0,0,1,001,2,2000,equal Gear/RPM,0.999,0.999,30.096338272094727,75.6240234375,ok,ok
placebo_std,123,block_02,shifted,0,1,0,010,2,2000,equal Gear/RPM,0.999,0.999,44.88311004638672,118.59967803955078,ok,ok
placebo_std,123,block_02,shifted,0,1,1,011,2,2000,equal Gear/RPM,0.999,0.999,41.04221534729004,113.800537109375,ok,ok
placebo_std,123,block_02,shifted,1,0,0,100,2,2000,equal Gear/RPM,0.01925,0.99875,1.1318698823451996,50.691104888916016,ok,ok
placebo_std,123,block_02,shifted,1,0,1,101,2,2000,equal Gear/RPM,0.0005,0.999,-4.7428629994392395,65.8451919555664,ok,ok
placebo_std,123,block_02,shifted,1,1,0,110,2,2000,equal Gear/RPM,0.1495,0.99525,4.541389644145966,54.26231384277344,ok,ok
placebo_std,123,block_02,shifted,1,1,1,111,2,2000,equal Gear/RPM,0.0315,0.999,-2.690589189529419,72.95982360839844,ok,ok
placebo_std,123,block_03,canonical,0,0,0,000,2,2000,equal Gear/RPM,1.0,1.0,35.215694427490234,82.3534164428711,ok,ok
placebo_std,123,block_03,canonical,0,0,1,001,2,2000,equal Gear/RPM,1.0,1.0,30.308690071105957,75.71782684326172,ok,ok
placebo_std,123,block_03,canonical,0,1,0,010,2,2000,equal Gear/RPM,1.0,1.0,45.63734436035156,118.53480911254883,ok,ok
placebo_std,123,block_03,canonical,0,1,1,011,2,2000,equal Gear/RPM,1.0,1.0,41.547000885009766,114.09395217895508,ok,ok
placebo_std,123,block_03,canonical,1,0,0,100,2,2000,equal Gear/RPM,0.01675,0.99925,0.9003076255321503,50.077972412109375,ok,ok
placebo_std,123,block_03,canonical,1,0,1,101,2,2000,equal Gear/RPM,0.00025,1.0,-5.021122336387634,65.47354125976562,ok,ok
placebo_std,123,block_03,canonical,1,1,0,110,2,2000,equal Gear/RPM,0.14200000000000002,0.994,4.516041815280914,53.18741035461426,ok,ok
placebo_std,123,block_03,canonical,1,1,1,111,2,2000,equal Gear/RPM,0.027,1.0,-2.7311203479766846,72.11114120483398,ok,ok
placebo_std,123,block_03,shifted,0,0,0,000,2,2000,equal Gear/RPM,1.0,1.0,34.41179370880127,81.99296188354492,ok,ok
placebo_std,123,block_03,shifted,0,0,1,001,2,2000,equal Gear/RPM,1.0,1.0,29.984261512756348,75.46195602416992,ok,ok
placebo_std,123,block_03,shifted,0,1,0,010,2,2000,equal Gear/RPM,1.0,1.0,44.7891731262207,118.73910140991211,ok,ok
placebo_std,123,block_03,shifted,0,1,1,011,2,2000,equal Gear/RPM,1.0,1.0,41.01887512207031,114.20123672485352,ok,ok
placebo_std,123,block_03,shifted,1,0,0,100,2,2000,equal Gear/RPM,0.01825,0.99925,0.9827620089054108,50.63056755065918,ok,ok
placebo_std,123,block_03,shifted,1,0,1,101,2,2000,equal Gear/RPM,0.00025,1.0,-4.968601405620575,65.89552688598633,ok,ok
placebo_std,123,block_03,shifted,1,1,0,110,2,2000,equal Gear/RPM,0.14450000000000002,0.99525,4.494640648365021,53.72587203979492,ok,ok
placebo_std,123,block_03,shifted,1,1,1,111,2,2000,equal Gear/RPM,0.02775,1.0,-2.7515597343444824,72.55707168579102,ok,ok
placebo_std,2026,block_01,canonical,0,0,0,000,2,2000,equal Gear/RPM,1.0,1.0,37.20303535461426,80.98332214355469,ok,ok
placebo_std,2026,block_01,canonical,0,0,1,001,2,2000,equal Gear/RPM,1.0,1.0,32.4033899307251,70.00570869445801,ok,ok
placebo_std,2026,block_01,canonical,0,1,0,010,2,2000,equal Gear/RPM,1.0,1.0,46.008310317993164,117.44754791259766,ok,ok
placebo_std,2026,block_01,canonical,0,1,1,011,2,2000,equal Gear/RPM,1.0,1.0,43.520952224731445,109.27727890014648,ok,ok
placebo_std,2026,block_01,canonical,1,0,0,100,2,2000,equal Gear/RPM,0.33875,0.921,9.700997352600098,28.74878978729248,ok,ok
placebo_std,2026,block_01,canonical,1,0,1,101,2,2000,equal Gear/RPM,0.1475,1.0,6.657167911529541,37.88902282714844,ok,ok
placebo_std,2026,block_01,canonical,1,1,0,110,2,2000,equal Gear/RPM,0.519,0.89275,11.411931991577148,29.32401752471924,ok,ok
placebo_std,2026,block_01,canonical,1,1,1,111,2,2000,equal Gear/RPM,0.36050000000000004,0.9970000000000001,9.525709390640259,36.74880027770996,ok,ok
placebo_std,2026,block_01,shifted,0,0,0,000,2,2000,equal Gear/RPM,1.0,1.0,36.312299728393555,80.2440071105957,ok,ok
placebo_std,2026,block_01,shifted,0,0,1,001,2,2000,equal Gear/RPM,1.0,1.0,31.793529510498047,69.42195701599121,ok,ok
placebo_std,2026,block_01,shifted,0,1,0,010,2,2000,equal Gear/RPM,1.0,1.0,45.38334083557129,117.55941772460938,ok,ok
placebo_std,2026,block_01,shifted,0,1,1,011,2,2000,equal Gear/RPM,1.0,1.0,43.0309944152832,109.07656860351562,ok,ok
placebo_std,2026,block_01,shifted,1,0,0,100,2,2000,equal Gear/RPM,0.355,0.9355,9.915999412536621,29.265073776245117,ok,ok
placebo_std,2026,block_01,shifted,1,0,1,101,2,2000,equal Gear/RPM,0.151,1.0,6.720330476760864,38.40791320800781,ok,ok
placebo_std,2026,block_01,shifted,1,1,0,110,2,2000,equal Gear/RPM,0.5295,0.90225,11.527297496795654,29.678964614868164,ok,ok
placebo_std,2026,block_01,shifted,1,1,1,111,2,2000,equal Gear/RPM,0.364,0.9975,9.48787260055542,37.143911361694336,ok,ok
placebo_std,2026,block_02,canonical,0,0,0,000,2,2000,equal Gear/RPM,0.9995,1.0,37.253875732421875,81.30501937866211,ok,ok
placebo_std,2026,block_02,canonical,0,0,1,001,2,2000,equal Gear/RPM,0.9995,1.0,32.4436616897583,70.06321716308594,ok,ok
placebo_std,2026,block_02,canonical,0,1,0,010,2,2000,equal Gear/RPM,0.9995,1.0,46.05362510681152,117.90996932983398,ok,ok
placebo_std,2026,block_02,canonical,0,1,1,011,2,2000,equal Gear/RPM,0.9995,1.0,43.549570083618164,109.43723678588867,ok,ok
placebo_std,2026,block_02,canonical,1,0,0,100,2,2000,equal Gear/RPM,0.34925,0.92325,9.726022243499756,28.736733436584473,ok,ok
placebo_std,2026,block_02,canonical,1,0,1,101,2,2000,equal Gear/RPM,0.15225,0.99925,6.7463719844818115,37.697540283203125,ok,ok
placebo_std,2026,block_02,canonical,1,1,0,110,2,2000,equal Gear/RPM,0.518,0.89975,11.443674087524414,29.86491107940674,ok,ok
placebo_std,2026,block_02,canonical,1,1,1,111,2,2000,equal Gear/RPM,0.36050000000000004,0.99675,9.484147310256958,36.953060150146484,ok,ok
placebo_std,2026,block_02,shifted,0,0,0,000,2,2000,equal Gear/RPM,0.9995,1.0,36.34354209899902,80.54434585571289,ok,ok
placebo_std,2026,block_02,shifted,0,0,1,001,2,2000,equal Gear/RPM,0.9995,1.0,31.83448028564453,69.47152900695801,ok,ok
placebo_std,2026,block_02,shifted,0,1,0,010,2,2000,equal Gear/RPM,0.9995,1.0,45.424264907836914,118.0166015625,ok,ok
placebo_std,2026,block_02,shifted,0,1,1,011,2,2000,equal Gear/RPM,0.9995,1.0,43.04984474182129,109.23624038696289,ok,ok
placebo_std,2026,block_02,shifted,1,0,0,100,2,2000,equal Gear/RPM,0.3695,0.93675,9.93715524673462,29.259058952331543,ok,ok
placebo_std,2026,block_02,shifted,1,0,1,101,2,2000,equal Gear/RPM,0.15475,0.99975,6.8073296546936035,38.21533203125,ok,ok
placebo_std,2026,block_02,shifted,1,1,0,110,2,2000,equal Gear/RPM,0.5285,0.90575,11.552294254302979,30.218750953674316,ok,ok
placebo_std,2026,block_02,shifted,1,1,1,111,2,2000,equal Gear/RPM,0.36200000000000004,0.997,9.444538116455078,37.345632553100586,ok,ok
placebo_std,2026,block_03,canonical,0,0,0,000,2,2000,equal Gear/RPM,1.0,1.0,37.035400390625,80.90005493164062,ok,ok
placebo_std,2026,block_03,canonical,0,0,1,001,2,2000,equal Gear/RPM,1.0,1.0,32.32801818847656,70.04030990600586,ok,ok
placebo_std,2026,block_03,canonical,0,1,0,010,2,2000,equal Gear/RPM,1.0,1.0,45.93172264099121,117.65763092041016,ok,ok
placebo_std,2026,block_03,canonical,0,1,1,011,2,2000,equal Gear/RPM,1.0,1.0,43.41479682922363,109.35870361328125,ok,ok
placebo_std,2026,block_03,canonical,1,0,0,100,2,2000,equal Gear/RPM,0.3445,0.9195,9.61659860610962,28.742578506469727,ok,ok
placebo_std,2026,block_03,canonical,1,0,1,101,2,2000,equal Gear/RPM,0.14725000000000002,1.0,6.622992992401123,37.82246208190918,ok,ok
placebo_std,2026,block_03,canonical,1,1,0,110,2,2000,equal Gear/RPM,0.52525,0.891,11.419540405273438,29.213614463806152,ok,ok
placebo_std,2026,block_03,canonical,1,1,1,111,2,2000,equal Gear/RPM,0.36675,0.998,9.499998807907104,36.36407470703125,ok,ok
placebo_std,2026,block_03,shifted,0,0,0,000,2,2000,equal Gear/RPM,1.0,1.0,36.14270210266113,80.16573715209961,ok,ok
placebo_std,2026,block_03,shifted,0,0,1,001,2,2000,equal Gear/RPM,1.0,1.0,31.717681884765625,69.45779991149902,ok,ok
placebo_std,2026,block_03,shifted,0,1,0,010,2,2000,equal Gear/RPM,1.0,1.0,45.313703536987305,117.77213287353516,ok,ok
placebo_std,2026,block_03,shifted,0,1,1,011,2,2000,equal Gear/RPM,1.0,1.0,42.922698974609375,109.16379165649414,ok,ok
placebo_std,2026,block_03,shifted,1,0,0,100,2,2000,equal Gear/RPM,0.3665,0.9365,9.829971313476562,29.264598846435547,ok,ok
placebo_std,2026,block_03,shifted,1,0,1,101,2,2000,equal Gear/RPM,0.14875000000000002,1.0,6.68376088142395,38.3431339263916,ok,ok
placebo_std,2026,block_03,shifted,1,1,0,110,2,2000,equal Gear/RPM,0.53475,0.9,11.535638809204102,29.570499420166016,ok,ok
placebo_std,2026,block_03,shifted,1,1,1,111,2,2000,equal Gear/RPM,0.3675,0.9982500000000001,9.460458040237427,36.758615493774414,ok,ok
placebo_std,3407,block_01,canonical,0,0,0,000,2,2000,equal Gear/RPM,1.0,1.0,34.07931041717529,75.88936996459961,ok,ok
placebo_std,3407,block_01,canonical,0,0,1,001,2,2000,equal Gear/RPM,1.0,1.0,28.789762496948242,62.632558822631836,ok,ok
placebo_std,3407,block_01,canonical,0,1,0,010,2,2000,equal Gear/RPM,1.0,1.0,41.98501777648926,103.8071060180664,ok,ok
placebo_std,3407,block_01,canonical,0,1,1,011,2,2000,equal Gear/RPM,1.0,1.0,37.155696868896484,96.35343933105469,ok,ok
placebo_std,3407,block_01,canonical,1,0,0,100,2,2000,equal Gear/RPM,0.14100000000000001,0.9357500000000001,5.662446618080139,23.93705177307129,ok,ok
placebo_std,3407,block_01,canonical,1,0,1,101,2,2000,equal Gear/RPM,0.0115,1.0,3.3204351663589478,30.740604400634766,ok,ok
placebo_std,3407,block_01,canonical,1,1,0,110,2,2000,equal Gear/RPM,0.51525,0.9225,9.398829460144043,23.85605525970459,ok,ok
placebo_std,3407,block_01,canonical,1,1,1,111,2,2000,equal Gear/RPM,0.20825000000000002,0.9995,6.669690132141113,32.92021656036377,ok,ok
placebo_std,3407,block_01,shifted,0,0,0,000,2,2000,equal Gear/RPM,1.0,1.0,33.200961112976074,75.23201751708984,ok,ok
placebo_std,3407,block_01,shifted,0,0,1,001,2,2000,equal Gear/RPM,1.0,1.0,28.483760833740234,62.27926063537598,ok,ok
placebo_std,3407,block_01,shifted,0,1,0,010,2,2000,equal Gear/RPM,1.0,1.0,41.09945297241211,103.65624237060547,ok,ok
placebo_std,3407,block_01,shifted,0,1,1,011,2,2000,equal Gear/RPM,1.0,1.0,36.130781173706055,96.04000473022461,ok,ok
placebo_std,3407,block_01,shifted,1,0,0,100,2,2000,equal Gear/RPM,0.15875,0.94425,5.829940915107727,24.204126358032227,ok,ok
placebo_std,3407,block_01,shifted,1,0,1,101,2,2000,equal Gear/RPM,0.0125,1.0,3.398575007915497,31.0831880569458,ok,ok
placebo_std,3407,block_01,shifted,1,1,0,110,2,2000,equal Gear/RPM,0.5207499999999999,0.9297500000000001,9.445316314697266,24.144250869750977,ok,ok
placebo_std,3407,block_01,shifted,1,1,1,111,2,2000,equal Gear/RPM,0.2095,0.9995,6.6582512855529785,33.199387550354004,ok,ok
placebo_std,3407,block_02,canonical,0,0,0,000,2,2000,equal Gear/RPM,0.99925,1.0,34.11837673187256,75.92574310302734,ok,ok
placebo_std,3407,block_02,canonical,0,0,1,001,2,2000,equal Gear/RPM,0.99925,1.0,28.77764129638672,62.57405471801758,ok,ok
placebo_std,3407,block_02,canonical,0,1,0,010,2,2000,equal Gear/RPM,0.99925,1.0,41.992868423461914,103.8969497680664,ok,ok
placebo_std,3407,block_02,canonical,0,1,1,011,2,2000,equal Gear/RPM,0.99925,1.0,37.080440521240234,96.07847595214844,ok,ok
placebo_std,3407,block_02,canonical,1,0,0,100,2,2000,equal Gear/RPM,0.14800000000000002,0.9430000000000001,5.743517875671387,23.871068000793457,ok,ok
placebo_std,3407,block_02,canonical,1,0,1,101,2,2000,equal Gear/RPM,0.01375,1.0,3.40730220079422,30.573174476623535,ok,ok
placebo_std,3407,block_02,canonical,1,1,0,110,2,2000,equal Gear/RPM,0.517,0.9299999999999999,9.42943811416626,24.08711528778076,ok,ok
placebo_std,3407,block_02,canonical,1,1,1,111,2,2000,equal Gear/RPM,0.194,0.99975,6.658601999282837,32.95189571380615,ok,ok
placebo_std,3407,block_02,shifted,0,0,0,000,2,2000,equal Gear/RPM,0.99925,1.0,33.22592830657959,75.24930953979492,ok,ok
placebo_std,3407,block_02,shifted,0,0,1,001,2,2000,equal Gear/RPM,0.99925,1.0,28.468219757080078,62.21648979187012,ok,ok
placebo_std,3407,block_02,shifted,0,1,0,010,2,2000,equal Gear/RPM,0.99925,1.0,41.09536361694336,103.73809432983398,ok,ok
placebo_std,3407,block_02,shifted,0,1,1,011,2,2000,equal Gear/RPM,0.99925,1.0,36.05765151977539,95.76368713378906,ok,ok
placebo_std,3407,block_02,shifted,1,0,0,100,2,2000,equal Gear/RPM,0.16275,0.95275,5.907017946243286,24.143207550048828,ok,ok
placebo_std,3407,block_02,shifted,1,0,1,101,2,2000,equal Gear/RPM,0.0155,1.0,3.4850481152534485,30.917570114135742,ok,ok
placebo_std,3407,block_02,shifted,1,1,0,110,2,2000,equal Gear/RPM,0.5225,0.93775,9.4725980758667,24.37053871154785,ok,ok
placebo_std,3407,block_02,shifted,1,1,1,111,2,2000,equal Gear/RPM,0.1945,0.99975,6.6452085971832275,33.22097206115723,ok,ok
placebo_std,3407,block_03,canonical,0,0,0,000,2,2000,equal Gear/RPM,1.0,1.0,33.90363693237305,75.6761474609375,ok,ok
placebo_std,3407,block_03,canonical,0,0,1,001,2,2000,equal Gear/RPM,1.0,1.0,28.65294361114502,62.595611572265625,ok,ok
placebo_std,3407,block_03,canonical,0,1,0,010,2,2000,equal Gear/RPM,1.0,1.0,41.815996170043945,103.89514541625977,ok,ok
placebo_std,3407,block_03,canonical,0,1,1,011,2,2000,equal Gear/RPM,1.0,1.0,36.94234275817871,96.3598403930664,ok,ok
placebo_std,3407,block_03,canonical,1,0,0,100,2,2000,equal Gear/RPM,0.1525,0.9405,5.59334397315979,23.87867259979248,ok,ok
placebo_std,3407,block_03,canonical,1,0,1,101,2,2000,equal Gear/RPM,0.015000000000000001,1.0,3.2510085701942444,30.601672172546387,ok,ok
placebo_std,3407,block_03,canonical,1,1,0,110,2,2000,equal Gear/RPM,0.5305,0.926,9.384757041931152,23.912907600402832,ok,ok
placebo_std,3407,block_03,canonical,1,1,1,111,2,2000,equal Gear/RPM,0.21225000000000002,1.0,6.603100776672363,32.802531242370605,ok,ok
placebo_std,3407,block_03,shifted,0,0,0,000,2,2000,equal Gear/RPM,1.0,1.0,33.0289831161499,75.02486801147461,ok,ok
placebo_std,3407,block_03,shifted,0,0,1,001,2,2000,equal Gear/RPM,1.0,1.0,28.344775199890137,62.24751663208008,ok,ok
placebo_std,3407,block_03,shifted,0,1,0,010,2,2000,equal Gear/RPM,1.0,1.0,40.9200553894043,103.73470306396484,ok,ok
placebo_std,3407,block_03,shifted,0,1,1,011,2,2000,equal Gear/RPM,1.0,1.0,35.91498947143555,96.04307556152344,ok,ok
placebo_std,3407,block_03,shifted,1,0,0,100,2,2000,equal Gear/RPM,0.16425,0.9475,5.758830547332764,24.149993896484375,ok,ok
placebo_std,3407,block_03,shifted,1,0,1,101,2,2000,equal Gear/RPM,0.016,1.0,3.3271214365959167,30.94571876525879,ok,ok
placebo_std,3407,block_03,shifted,1,1,0,110,2,2000,equal Gear/RPM,0.532,0.931,9.429009437561035,24.20201301574707,ok,ok
placebo_std,3407,block_03,shifted,1,1,1,111,2,2000,equal Gear/RPM,0.212,1.0,6.588632106781006,33.078673362731934,ok,ok
real_ms,7,block_01,canonical,0,0,0,000,2,2000,equal Gear/RPM,0.009000000000000001,0.175,2.7148781418800354,4.48875093460083,ok,ok
real_ms,7,block_01,canonical,0,0,1,001,2,2000,equal Gear/RPM,0.012499999999999999,0.4355,3.9162681102752686,6.825841426849365,ok,ok
real_ms,7,block_01,canonical,0,1,0,010,2,2000,equal Gear/RPM,0.00675,0.062,2.9456313848495483,3.2851110696792603,ok,ok
real_ms,7,block_01,canonical,0,1,1,011,2,2000,equal Gear/RPM,0.00575,0.1885,3.4633233547210693,4.522581577301025,ok,ok
real_ms,7,block_01,canonical,1,0,0,100,2,2000,equal Gear/RPM,0.030250000000000003,0.9345,4.875244140625,13.51192331314087,ok,ok
real_ms,7,block_01,canonical,1,0,1,101,2,2000,equal Gear/RPM,0.016,0.998,3.9225807189941406,19.29637908935547,ok,ok
real_ms,7,block_01,canonical,1,1,0,110,2,2000,equal Gear/RPM,0.04125,0.7542500000000001,5.576121091842651,9.787846088409424,ok,ok
real_ms,7,block_01,canonical,1,1,1,111,2,2000,equal Gear/RPM,0.0735,0.8995,5.971266508102417,12.754723072052002,ok,ok
real_ms,7,block_01,shifted,0,0,0,000,2,2000,equal Gear/RPM,0.009250000000000001,0.1815,2.794040560722351,4.548161745071411,ok,ok
real_ms,7,block_01,shifted,0,0,1,001,2,2000,equal Gear/RPM,0.01275,0.43575,3.9464482069015503,6.827457427978516,ok,ok
real_ms,7,block_01,shifted,0,1,0,010,2,2000,equal Gear/RPM,0.00675,0.0635,3.0133601427078247,3.323931574821472,ok,ok
real_ms,7,block_01,shifted,0,1,1,011,2,2000,equal Gear/RPM,0.00575,0.19349999999999998,3.505876660346985,4.563810586929321,ok,ok
real_ms,7,block_01,shifted,1,0,0,100,2,2000,equal Gear/RPM,0.030500000000000003,0.93925,4.8681557178497314,13.611966609954834,ok,ok
real_ms,7,block_01,shifted,1,0,1,101,2,2000,equal Gear/RPM,0.016,0.998,3.918548345565796,19.353315353393555,ok,ok
real_ms,7,block_01,shifted,1,1,0,110,2,2000,equal Gear/RPM,0.04125,0.7575000000000001,5.5959107875823975,9.837380409240723,ok,ok
real_ms,7,block_01,shifted,1,1,1,111,2,2000,equal Gear/RPM,0.07375,0.9,5.984192371368408,12.764616966247559,ok,ok
real_ms,7,block_02,canonical,0,0,0,000,2,2000,equal Gear/RPM,0.008,0.187,2.68505322933197,4.49954879283905,ok,ok
real_ms,7,block_02,canonical,0,0,1,001,2,2000,equal Gear/RPM,0.01625,0.4295,3.852240800857544,6.732536315917969,ok,ok
real_ms,7,block_02,canonical,0,1,0,010,2,2000,equal Gear/RPM,0.00775,0.0595,2.8909727334976196,3.176536202430725,ok,ok
real_ms,7,block_02,canonical,0,1,1,011,2,2000,equal Gear/RPM,0.006500000000000001,0.1755,3.3842830657958984,4.3835777044296265,ok,ok
real_ms,7,block_02,canonical,1,0,0,100,2,2000,equal Gear/RPM,0.035500000000000004,0.9275,4.800265789031982,13.380734920501709,ok,ok
real_ms,7,block_02,canonical,1,0,1,101,2,2000,equal Gear/RPM,0.01625,0.99875,3.8650845289230347,19.102291107177734,ok,ok
real_ms,7,block_02,canonical,1,1,0,110,2,2000,equal Gear/RPM,0.04625,0.77,5.503671884536743,9.827141761779785,ok,ok
real_ms,7,block_02,canonical,1,1,1,111,2,2000,equal Gear/RPM,0.07725,0.91125,5.886929750442505,12.724440574645996,ok,ok
real_ms,7,block_02,shifted,0,0,0,000,2,2000,equal Gear/RPM,0.00825,0.1895,2.7632948756217957,4.558821678161621,ok,ok
real_ms,7,block_02,shifted,0,0,1,001,2,2000,equal Gear/RPM,0.01625,0.42925,3.883153557777405,6.735662937164307,ok,ok
real_ms,7,block_02,shifted,0,1,0,010,2,2000,equal Gear/RPM,0.00825,0.06175,2.958386540412903,3.21448290348053,ok,ok
real_ms,7,block_02,shifted,0,1,1,011,2,2000,equal Gear/RPM,0.006500000000000001,0.18,3.4277920722961426,4.426488757133484,ok,ok
real_ms,7,block_02,shifted,1,0,0,100,2,2000,equal Gear/RPM,0.035750000000000004,0.9317500000000001,4.794395327568054,13.479084014892578,ok,ok
real_ms,7,block_02,shifted,1,0,1,101,2,2000,equal Gear/RPM,0.016,0.99875,3.8608075380325317,19.16020965576172,ok,ok
real_ms,7,block_02,shifted,1,1,0,110,2,2000,equal Gear/RPM,0.048,0.77525,5.522807598114014,9.877257347106934,ok,ok
real_ms,7,block_02,shifted,1,1,1,111,2,2000,equal Gear/RPM,0.07775,0.9119999999999999,5.89951753616333,12.734599590301514,ok,ok
real_ms,7,block_03,canonical,0,0,0,000,2,2000,equal Gear/RPM,0.00875,0.19675,2.660430371761322,4.537322759628296,ok,ok
real_ms,7,block_03,canonical,0,0,1,001,2,2000,equal Gear/RPM,0.01175,0.43275,3.86645770072937,6.81534218788147,ok,ok
real_ms,7,block_03,canonical,0,1,0,010,2,2000,equal Gear/RPM,0.00475,0.058249999999999996,2.8942500352859497,3.2187947034835815,ok,ok
real_ms,7,block_03,canonical,0,1,1,011,2,2000,equal Gear/RPM,0.0045000000000000005,0.1825,3.3640940189361572,4.431213855743408,ok,ok
real_ms,7,block_03,canonical,1,0,0,100,2,2000,equal Gear/RPM,0.02975,0.9275,4.792636156082153,13.447241306304932,ok,ok
real_ms,7,block_03,canonical,1,0,1,101,2,2000,equal Gear/RPM,0.01375,0.9982500000000001,3.830420732498169,19.22049331665039,ok,ok
real_ms,7,block_03,canonical,1,1,0,110,2,2000,equal Gear/RPM,0.04625,0.75725,5.512583017349243,9.776279926300049,ok,ok
real_ms,7,block_03,canonical,1,1,1,111,2,2000,equal Gear/RPM,0.0725,0.9055,5.90037727355957,12.684247016906738,ok,ok
real_ms,7,block_03,shifted,0,0,0,000,2,2000,equal Gear/RPM,0.00875,0.20025,2.73780757188797,4.59578275680542,ok,ok
real_ms,7,block_03,shifted,0,0,1,001,2,2000,equal Gear/RPM,0.01175,0.43475,3.8970253467559814,6.818398475646973,ok,ok
real_ms,7,block_03,shifted,0,1,0,010,2,2000,equal Gear/RPM,0.00475,0.0605,2.9620916843414307,3.256920576095581,ok,ok
real_ms,7,block_03,shifted,0,1,1,011,2,2000,equal Gear/RPM,0.004750000000000001,0.1885,3.407417893409729,4.474454402923584,ok,ok
real_ms,7,block_03,shifted,1,0,0,100,2,2000,equal Gear/RPM,0.0305,0.93225,4.786447644233704,13.545490264892578,ok,ok
real_ms,7,block_03,shifted,1,0,1,101,2,2000,equal Gear/RPM,0.0135,0.9982500000000001,3.8265140056610107,19.276769638061523,ok,ok
real_ms,7,block_03,shifted,1,1,0,110,2,2000,equal Gear/RPM,0.047,0.7617499999999999,5.532418966293335,9.826493740081787,ok,ok
real_ms,7,block_03,shifted,1,1,1,111,2,2000,equal Gear/RPM,0.073,0.9059999999999999,5.912944316864014,12.694789409637451,ok,ok
real_ms,42,block_01,canonical,0,0,0,000,2,2000,equal Gear/RPM,0.0,0.0,-1.8182463645935059,-0.5750385671854019,ok,ok
real_ms,42,block_01,canonical,0,0,1,001,2,2000,equal Gear/RPM,0.0,0.001,-1.219198763370514,0.1877174973487854,ok,ok
real_ms,42,block_01,canonical,0,1,0,010,2,2000,equal Gear/RPM,0.0,0.0,-1.3136042952537537,-0.7816721051931381,ok,ok
real_ms,42,block_01,canonical,0,1,1,011,2,2000,equal Gear/RPM,0.0,0.001,-1.4829732179641724,-0.25656795501708984,ok,ok
real_ms,42,block_01,canonical,1,0,0,100,2,2000,equal Gear/RPM,0.011,0.298,2.8164209127426147,6.197037220001221,ok,ok
real_ms,42,block_01,canonical,1,0,1,101,2,2000,equal Gear/RPM,0.02325,0.77025,3.792923629283905,12.382571697235107,ok,ok
real_ms,42,block_01,canonical,1,1,0,110,2,2000,equal Gear/RPM,0.0095,0.051,1.419988214969635,2.9910718202590942,ok,ok
real_ms,42,block_01,canonical,1,1,1,111,2,2000,equal Gear/RPM,0.06475,0.375,3.503498673439026,6.80203104019165,ok,ok
real_ms,42,block_01,shifted,0,0,0,000,2,2000,equal Gear/RPM,0.0,0.0,-1.8518335223197937,-0.5855638384819031,ok,ok
real_ms,42,block_01,shifted,0,0,1,001,2,2000,equal Gear/RPM,0.0,0.00075,-1.2355185151100159,0.18520277738571167,ok,ok
real_ms,42,block_01,shifted,0,1,0,010,2,2000,equal Gear/RPM,0.0,0.0,-1.3294586539268494,-0.7912867665290833,ok,ok
real_ms,42,block_01,shifted,0,1,1,011,2,2000,equal Gear/RPM,0.0,0.001,-1.4829219579696655,-0.24942231178283691,ok,ok
real_ms,42,block_01,shifted,1,0,0,100,2,2000,equal Gear/RPM,0.011,0.30174999999999996,2.835415482521057,6.265165328979492,ok,ok
real_ms,42,block_01,shifted,1,0,1,101,2,2000,equal Gear/RPM,0.02175,0.7745,3.7655359506607056,12.543108463287354,ok,ok
real_ms,42,block_01,shifted,1,1,0,110,2,2000,equal Gear/RPM,0.0095,0.053,1.4312604069709778,3.026615262031555,ok,ok
real_ms,42,block_01,shifted,1,1,1,111,2,2000,equal Gear/RPM,0.06325,0.382,3.4905280768871307,6.895517587661743,ok,ok
real_ms,42,block_02,canonical,0,0,0,000,2,2000,equal Gear/RPM,0.0005,0.001,-1.8195610046386719,-0.6138310879468918,ok,ok
real_ms,42,block_02,canonical,0,0,1,001,2,2000,equal Gear/RPM,0.0005,0.002,-1.2337279319763184,0.13046491146087646,ok,ok
real_ms,42,block_02,canonical,0,1,0,010,2,2000,equal Gear/RPM,0.0005,0.001,-1.317122459411621,-0.8287729024887085,ok,ok
real_ms,42,block_02,canonical,0,1,1,011,2,2000,equal Gear/RPM,0.0005,0.0015,-1.4958941340446472,-0.32495197653770447,ok,ok
real_ms,42,block_02,canonical,1,0,0,100,2,2000,equal Gear/RPM,0.01175,0.29025,2.7627840638160706,5.998533725738525,ok,ok
real_ms,42,block_02,canonical,1,0,1,101,2,2000,equal Gear/RPM,0.026,0.7677499999999999,3.750268816947937,12.13909387588501,ok,ok
real_ms,42,block_02,canonical,1,1,0,110,2,2000,equal Gear/RPM,0.01025,0.048,1.3941510915756226,2.911155581474304,ok,ok
real_ms,42,block_02,canonical,1,1,1,111,2,2000,equal Gear/RPM,0.073,0.38675000000000004,3.4522151052951813,6.754682898521423,ok,ok
real_ms,42,block_02,shifted,0,0,0,000,2,2000,equal Gear/RPM,0.0005,0.001,-1.8525816798210144,-0.6246561706066132,ok,ok
real_ms,42,block_02,shifted,0,0,1,001,2,2000,equal Gear/RPM,0.0005,0.002,-1.2497289180755615,0.12818533182144165,ok,ok
real_ms,42,block_02,shifted,0,1,0,010,2,2000,equal Gear/RPM,0.0005,0.001,-1.3330014944076538,-0.8385865390300751,ok,ok
real_ms,42,block_02,shifted,0,1,1,011,2,2000,equal Gear/RPM,0.0005,0.00175,-1.4960543513298035,-0.31825900077819824,ok,ok
real_ms,42,block_02,shifted,1,0,0,100,2,2000,equal Gear/RPM,0.0125,0.29625,2.782245397567749,6.06683349609375,ok,ok
real_ms,42,block_02,shifted,1,0,1,101,2,2000,equal Gear/RPM,0.02575,0.7715000000000001,3.7239760160446167,12.298121929168701,ok,ok
real_ms,42,block_02,shifted,1,1,0,110,2,2000,equal Gear/RPM,0.0105,0.050249999999999996,1.4060519337654114,2.946581244468689,ok,ok
real_ms,42,block_02,shifted,1,1,1,111,2,2000,equal Gear/RPM,0.071,0.39225000000000004,3.438338428735733,6.8469520807266235,ok,ok
real_ms,42,block_03,canonical,0,0,0,000,2,2000,equal Gear/RPM,0.0,0.0,-1.7884019613265991,-0.5533058792352676,ok,ok
real_ms,42,block_03,canonical,0,0,1,001,2,2000,equal Gear/RPM,0.0,0.00075,-1.2232784628868103,0.17730921506881714,ok,ok
real_ms,42,block_03,canonical,0,1,0,010,2,2000,equal Gear/RPM,0.0,0.0,-1.2952374815940857,-0.8093273490667343,ok,ok
real_ms,42,block_03,canonical,0,1,1,011,2,2000,equal Gear/RPM,0.0,0.00075,-1.4983263611793518,-0.31693729758262634,ok,ok
real_ms,42,block_03,canonical,1,0,0,100,2,2000,equal Gear/RPM,0.01225,0.3035,2.7676876187324524,6.186819791793823,ok,ok
real_ms,42,block_03,canonical,1,0,1,101,2,2000,equal Gear/RPM,0.0235,0.77875,3.7130398750305176,12.368305683135986,ok,ok
real_ms,42,block_03,canonical,1,1,0,110,2,2000,equal Gear/RPM,0.00925,0.04825,1.4074031114578247,2.9248586893081665,ok,ok
real_ms,42,block_03,canonical,1,1,1,111,2,2000,equal Gear/RPM,0.0675,0.3765,3.438648372888565,6.692743420600891,ok,ok
real_ms,42,block_03,shifted,0,0,0,000,2,2000,equal Gear/RPM,0.0,0.0,-1.8218725323677063,-0.5638575851917267,ok,ok
real_ms,42,block_03,shifted,0,0,1,001,2,2000,equal Gear/RPM,0.0,0.00075,-1.2397085428237915,0.17478340864181519,ok,ok
real_ms,42,block_03,shifted,0,1,0,010,2,2000,equal Gear/RPM,0.0,0.0,-1.3111779689788818,-0.8192432820796967,ok,ok
real_ms,42,block_03,shifted,0,1,1,011,2,2000,equal Gear/RPM,0.0,0.00075,-1.4985328316688538,-0.3099507987499237,ok,ok
real_ms,42,block_03,shifted,1,0,0,100,2,2000,equal Gear/RPM,0.01175,0.31125,2.7866183519363403,6.255012273788452,ok,ok
real_ms,42,block_03,shifted,1,0,1,101,2,2000,equal Gear/RPM,0.022,0.78375,3.685101807117462,12.527233600616455,ok,ok
real_ms,42,block_03,shifted,1,1,0,110,2,2000,equal Gear/RPM,0.00925,0.051250000000000004,1.4187865257263184,2.9602397680282593,ok,ok
real_ms,42,block_03,shifted,1,1,1,111,2,2000,equal Gear/RPM,0.06575,0.38225,3.426978826522827,6.785706520080566,ok,ok
real_ms,123,block_01,canonical,0,0,0,000,2,2000,equal Gear/RPM,0.0,0.01075,-1.2997202277183533,1.501246690750122,ok,ok
real_ms,123,block_01,canonical,0,0,1,001,2,2000,equal Gear/RPM,0.0,0.009250000000000001,-0.48988622426986694,1.5912458300590515,ok,ok
real_ms,123,block_01,canonical,0,1,0,010,2,2000,equal Gear/RPM,0.00025,0.00175,-1.223391056060791,0.2089131847023964,ok,ok
real_ms,123,block_01,canonical,0,1,1,011,2,2000,equal Gear/RPM,0.0005,0.009000000000000001,-0.5900522693991661,0.803906112909317,ok,ok
real_ms,123,block_01,canonical,1,0,0,100,2,2000,equal Gear/RPM,0.008,0.96575,3.5645415782928467,23.7477445602417,ok,ok
real_ms,123,block_01,canonical,1,0,1,101,2,2000,equal Gear/RPM,0.00625,0.993,3.5593416690826416,28.759892463684082,ok,ok
real_ms,123,block_01,canonical,1,1,0,110,2,2000,equal Gear/RPM,0.0115,0.92075,3.1373533606529236,19.388054847717285,ok,ok
real_ms,123,block_01,canonical,1,1,1,111,2,2000,equal Gear/RPM,0.008,0.9795,3.1516847014427185,27.52338409423828,ok,ok
real_ms,123,block_01,shifted,0,0,0,000,2,2000,equal Gear/RPM,0.0,0.011,-1.2778047323226929,1.5480111837387085,ok,ok
real_ms,123,block_01,shifted,0,0,1,001,2,2000,equal Gear/RPM,0.0,0.0095,-0.460024893283844,1.640424132347107,ok,ok
real_ms,123,block_01,shifted,0,1,0,010,2,2000,equal Gear/RPM,0.00025,0.00175,-1.21136873960495,0.21775923669338226,ok,ok
real_ms,123,block_01,shifted,0,1,1,011,2,2000,equal Gear/RPM,0.0005,0.00875,-0.5862454958260059,0.8068192303180695,ok,ok
real_ms,123,block_01,shifted,1,0,0,100,2,2000,equal Gear/RPM,0.00825,0.9672499999999999,3.5762381553649902,23.878933906555176,ok,ok
real_ms,123,block_01,shifted,1,0,1,101,2,2000,equal Gear/RPM,0.00625,0.993,3.5681246519088745,28.86171531677246,ok,ok
real_ms,123,block_01,shifted,1,1,0,110,2,2000,equal Gear/RPM,0.0115,0.92225,3.1548720002174377,19.454587936401367,ok,ok
real_ms,123,block_01,shifted,1,1,1,111,2,2000,equal Gear/RPM,0.008,0.9795,3.1601743698120117,27.57030200958252,ok,ok
real_ms,123,block_02,canonical,0,0,0,000,2,2000,equal Gear/RPM,0.00025,0.01075,-1.3040032982826233,1.4775204062461853,ok,ok
real_ms,123,block_02,canonical,0,0,1,001,2,2000,equal Gear/RPM,0.00025,0.00925,-0.5113384127616882,1.5323128700256348,ok,ok
real_ms,123,block_02,canonical,0,1,0,010,2,2000,equal Gear/RPM,0.0,0.0015,-1.2542609572410583,0.14513185620307922,ok,ok
real_ms,123,block_02,canonical,0,1,1,011,2,2000,equal Gear/RPM,0.00125,0.00825,-0.641755098477006,0.7131408452987671,ok,ok
real_ms,123,block_02,canonical,1,0,0,100,2,2000,equal Gear/RPM,0.0072499999999999995,0.962,3.4813594818115234,23.390854835510254,ok,ok
real_ms,123,block_02,canonical,1,0,1,101,2,2000,equal Gear/RPM,0.0045000000000000005,0.99075,3.4961968660354614,28.26934242248535,ok,ok
real_ms,123,block_02,canonical,1,1,0,110,2,2000,equal Gear/RPM,0.01175,0.92025,2.992783308029175,19.304957389831543,ok,ok
real_ms,123,block_02,canonical,1,1,1,111,2,2000,equal Gear/RPM,0.00575,0.9742500000000001,3.0145788192749023,27.16331195831299,ok,ok
real_ms,123,block_02,shifted,0,0,0,000,2,2000,equal Gear/RPM,0.00025,0.01075,-1.2823120951652527,1.5239942967891693,ok,ok
real_ms,123,block_02,shifted,0,0,1,001,2,2000,equal Gear/RPM,0.00025,0.00925,-0.4815624952316284,1.581794798374176,ok,ok
real_ms,123,block_02,shifted,0,1,0,010,2,2000,equal Gear/RPM,0.0,0.0015,-1.2425481677055359,0.15384206175804138,ok,ok
real_ms,123,block_02,shifted,0,1,1,011,2,2000,equal Gear/RPM,0.001,0.00825,-0.6376908365637064,0.7157469391822815,ok,ok
real_ms,123,block_02,shifted,1,0,0,100,2,2000,equal Gear/RPM,0.0072499999999999995,0.9635,3.493692636489868,23.521435737609863,ok,ok
real_ms,123,block_02,shifted,1,0,1,101,2,2000,equal Gear/RPM,0.0045000000000000005,0.99075,3.505433440208435,28.371198654174805,ok,ok
real_ms,123,block_02,shifted,1,1,0,110,2,2000,equal Gear/RPM,0.01225,0.923,3.010223925113678,19.372775077819824,ok,ok
real_ms,123,block_02,shifted,1,1,1,111,2,2000,equal Gear/RPM,0.00575,0.9744999999999999,3.0230592489242554,27.209511756896973,ok,ok
real_ms,123,block_03,canonical,0,0,0,000,2,2000,equal Gear/RPM,0.0,0.009750000000000002,-1.3097031712532043,1.5256303250789642,ok,ok
real_ms,123,block_03,canonical,0,0,1,001,2,2000,equal Gear/RPM,0.0005,0.008,-0.4948653429746628,1.603988528251648,ok,ok
real_ms,123,block_03,canonical,0,1,0,010,2,2000,equal Gear/RPM,0.0,0.001,-1.2848619222640991,0.11873110011219978,ok,ok
real_ms,123,block_03,canonical,0,1,1,011,2,2000,equal Gear/RPM,0.0005,0.00775,-0.6477803899906576,0.7100285589694977,ok,ok
real_ms,123,block_03,canonical,1,0,0,100,2,2000,equal Gear/RPM,0.0095,0.962,3.466389536857605,23.732261657714844,ok,ok
real_ms,123,block_03,canonical,1,0,1,101,2,2000,equal Gear/RPM,0.00475,0.99325,3.4383167028427124,28.684144020080566,ok,ok
real_ms,123,block_03,canonical,1,1,0,110,2,2000,equal Gear/RPM,0.0105,0.9205000000000001,3.0634196996688843,19.171847343444824,ok,ok
real_ms,123,block_03,canonical,1,1,1,111,2,2000,equal Gear/RPM,0.00675,0.9764999999999999,3.0710540413856506,27.140891075134277,ok,ok
real_ms,123,block_03,shifted,0,0,0,000,2,2000,equal Gear/RPM,0.0,0.009999999999999998,-1.2879811525344849,1.5720182657241821,ok,ok
real_ms,123,block_03,shifted,0,0,1,001,2,2000,equal Gear/RPM,0.0005,0.008,-0.46456724405288696,1.6539727449417114,ok,ok
real_ms,123,block_03,shifted,0,1,0,010,2,2000,equal Gear/RPM,0.0,0.001,-1.2742925882339478,0.1260693073272705,ok,ok
real_ms,123,block_03,shifted,0,1,1,011,2,2000,equal Gear/RPM,0.0005,0.0075,-0.6443871012888849,0.7122578918933868,ok,ok
real_ms,123,block_03,shifted,1,0,0,100,2,2000,equal Gear/RPM,0.00975,0.9635,3.4790679216384888,23.862500190734863,ok,ok
real_ms,123,block_03,shifted,1,0,1,101,2,2000,equal Gear/RPM,0.00475,0.99325,3.4470365047454834,28.78585147857666,ok,ok
real_ms,123,block_03,shifted,1,1,0,110,2,2000,equal Gear/RPM,0.01075,0.9235,3.080949127674103,19.239453315734863,ok,ok
real_ms,123,block_03,shifted,1,1,1,111,2,2000,equal Gear/RPM,0.00675,0.9764999999999999,3.07949161529541,27.18808650970459,ok,ok
real_ms,2026,block_01,canonical,0,0,0,000,2,2000,equal Gear/RPM,0.0,0.0075,-1.1847653090953827,2.207634150981903,ok,ok
real_ms,2026,block_01,canonical,0,0,1,001,2,2000,equal Gear/RPM,0.0,0.053,-0.7226606607437134,4.201077699661255,ok,ok
real_ms,2026,block_01,canonical,0,1,0,010,2,2000,equal Gear/RPM,0.0,0.0,-1.4868367910385132,0.6247010976076126,ok,ok
real_ms,2026,block_01,canonical,0,1,1,011,2,2000,equal Gear/RPM,0.0,0.00275,-2.630315601825714,1.0739584267139435,ok,ok
real_ms,2026,block_01,canonical,1,0,0,100,2,2000,equal Gear/RPM,0.0,0.5165,1.0769354850053787,11.068160057067871,ok,ok
real_ms,2026,block_01,canonical,1,0,1,101,2,2000,equal Gear/RPM,0.00225,0.95775,1.6047350764274597,16.657663345336914,ok,ok
real_ms,2026,block_01,canonical,1,1,0,110,2,2000,equal Gear/RPM,0.0,0.23249999999999998,0.717260092496872,6.503123044967651,ok,ok
real_ms,2026,block_01,canonical,1,1,1,111,2,2000,equal Gear/RPM,0.007,0.6635,2.0467578768730164,11.697923183441162,ok,ok
real_ms,2026,block_01,shifted,0,0,0,000,2,2000,equal Gear/RPM,0.0,0.0075,-1.1513886749744415,2.256232500076294,ok,ok
real_ms,2026,block_01,shifted,0,0,1,001,2,2000,equal Gear/RPM,0.0,0.056999999999999995,-0.6880169212818146,4.282805562019348,ok,ok
real_ms,2026,block_01,shifted,0,1,0,010,2,2000,equal Gear/RPM,0.0,0.0,-1.4546617269515991,0.6434529572725296,ok,ok
real_ms,2026,block_01,shifted,0,1,1,011,2,2000,equal Gear/RPM,0.0,0.00325,-2.6024921536445618,1.120868742465973,ok,ok
real_ms,2026,block_01,shifted,1,0,0,100,2,2000,equal Gear/RPM,0.0,0.52275,1.1215023696422577,11.163295269012451,ok,ok
real_ms,2026,block_01,shifted,1,0,1,101,2,2000,equal Gear/RPM,0.00225,0.96,1.5917759537696838,16.814354419708252,ok,ok
real_ms,2026,block_01,shifted,1,1,0,110,2,2000,equal Gear/RPM,0.0,0.23374999999999999,0.7514960914850235,6.546281337738037,ok,ok
real_ms,2026,block_01,shifted,1,1,1,111,2,2000,equal Gear/RPM,0.00675,0.6715,2.0461438596248627,11.828919410705566,ok,ok
real_ms,2026,block_02,canonical,0,0,0,000,2,2000,equal Gear/RPM,0.0,0.009250000000000001,-1.2191373109817505,2.1108486652374268,ok,ok
real_ms,2026,block_02,canonical,0,0,1,001,2,2000,equal Gear/RPM,0.0,0.0555,-0.7911582887172699,4.0674474239349365,ok,ok
real_ms,2026,block_02,canonical,0,1,0,010,2,2000,equal Gear/RPM,0.0,0.00125,-1.5161111950874329,0.5472068414092064,ok,ok
real_ms,2026,block_02,canonical,0,1,1,011,2,2000,equal Gear/RPM,0.0,0.0035,-2.703604578971863,0.9256424605846405,ok,ok
real_ms,2026,block_02,canonical,1,0,0,100,2,2000,equal Gear/RPM,0.0,0.5095000000000001,1.046754539012909,10.834655284881592,ok,ok
real_ms,2026,block_02,canonical,1,0,1,101,2,2000,equal Gear/RPM,0.0025,0.946,1.5673637092113495,16.372979640960693,ok,ok
real_ms,2026,block_02,canonical,1,1,0,110,2,2000,equal Gear/RPM,0.00025,0.23525,0.6554611921310425,6.370483994483948,ok,ok
real_ms,2026,block_02,canonical,1,1,1,111,2,2000,equal Gear/RPM,0.00725,0.6635,1.9570265412330627,11.483678817749023,ok,ok
real_ms,2026,block_02,shifted,0,0,0,000,2,2000,equal Gear/RPM,0.0,0.00975,-1.1861242353916168,2.159180998802185,ok,ok
real_ms,2026,block_02,shifted,0,0,1,001,2,2000,equal Gear/RPM,0.0,0.058499999999999996,-0.7567985951900482,4.1486369371414185,ok,ok
real_ms,2026,block_02,shifted,0,1,0,010,2,2000,equal Gear/RPM,0.0,0.00125,-1.4840576648712158,0.5662607699632645,ok,ok
real_ms,2026,block_02,shifted,0,1,1,011,2,2000,equal Gear/RPM,0.0,0.004,-2.6756879091262817,0.9725347459316254,ok,ok
real_ms,2026,block_02,shifted,1,0,0,100,2,2000,equal Gear/RPM,0.0,0.51575,1.0920295119285583,10.929893970489502,ok,ok
real_ms,2026,block_02,shifted,1,0,1,101,2,2000,equal Gear/RPM,0.00275,0.9515,1.5560151040554047,16.52798366546631,ok,ok
real_ms,2026,block_02,shifted,1,1,0,110,2,2000,equal Gear/RPM,0.00025,0.2385,0.6893141865730286,6.413700103759766,ok,ok
real_ms,2026,block_02,shifted,1,1,1,111,2,2000,equal Gear/RPM,0.00725,0.6759999999999999,1.9566436409950256,11.613300323486328,ok,ok
real_ms,2026,block_03,canonical,0,0,0,000,2,2000,equal Gear/RPM,0.0,0.009250000000000001,-1.1937187314033508,2.220809280872345,ok,ok
real_ms,2026,block_03,canonical,0,0,1,001,2,2000,equal Gear/RPM,0.0,0.056249999999999994,-0.7491267025470734,4.191060781478882,ok,ok
real_ms,2026,block_03,canonical,0,1,0,010,2,2000,equal Gear/RPM,0.0,0.0,-1.5229753255844116,0.5791573449969292,ok,ok
real_ms,2026,block_03,canonical,0,1,1,011,2,2000,equal Gear/RPM,0.0,0.003,-2.702551245689392,0.9871930181980133,ok,ok
real_ms,2026,block_03,canonical,1,0,0,100,2,2000,equal Gear/RPM,0.0,0.5207499999999999,1.0165069699287415,11.039618968963623,ok,ok
real_ms,2026,block_03,canonical,1,0,1,101,2,2000,equal Gear/RPM,0.0025,0.9575,1.5290964841842651,16.63820171356201,ok,ok
real_ms,2026,block_03,canonical,1,1,0,110,2,2000,equal Gear/RPM,0.0,0.21949999999999997,0.698996290564537,6.377310752868652,ok,ok
real_ms,2026,block_03,canonical,1,1,1,111,2,2000,equal Gear/RPM,0.006,0.6487499999999999,2.002336084842682,11.519917011260986,ok,ok
real_ms,2026,block_03,shifted,0,0,0,000,2,2000,equal Gear/RPM,0.0,0.009250000000000001,-1.1600494384765625,2.270138680934906,ok,ok
real_ms,2026,block_03,shifted,0,0,1,001,2,2000,equal Gear/RPM,0.0,0.062,-0.7149643003940582,4.2724573612213135,ok,ok
real_ms,2026,block_03,shifted,0,1,0,010,2,2000,equal Gear/RPM,0.0,0.0,-1.4909598231315613,0.5977258682250977,ok,ok
real_ms,2026,block_03,shifted,0,1,1,011,2,2000,equal Gear/RPM,0.0,0.003,-2.6749786138534546,1.0341522097587585,ok,ok
real_ms,2026,block_03,shifted,1,0,0,100,2,2000,equal Gear/RPM,0.0,0.5245,1.0606702417135239,11.134828567504883,ok,ok
real_ms,2026,block_03,shifted,1,0,1,101,2,2000,equal Gear/RPM,0.00275,0.9644999999999999,1.5164348781108856,16.794740200042725,ok,ok
real_ms,2026,block_03,shifted,1,1,0,110,2,2000,equal Gear/RPM,0.00025,0.22149999999999997,0.7336829155683517,6.420616865158081,ok,ok
real_ms,2026,block_03,shifted,1,1,1,111,2,2000,equal Gear/RPM,0.0065,0.65825,2.0028299391269684,11.651079654693604,ok,ok
real_ms,3407,block_01,canonical,0,0,0,000,2,2000,equal Gear/RPM,0.0,0.0,-2.6299670338630676,-1.2938459515571594,ok,ok
real_ms,3407,block_01,canonical,0,0,1,001,2,2000,equal Gear/RPM,0.0,0.006,-1.6948282718658447,-0.49502403289079666,ok,ok
real_ms,3407,block_01,canonical,0,1,0,010,2,2000,equal Gear/RPM,0.0,0.0,-1.9745118021965027,-0.863013356924057,ok,ok
real_ms,3407,block_01,canonical,0,1,1,011,2,2000,equal Gear/RPM,0.0,0.013,-0.6967051327228546,0.4490909278392792,ok,ok
real_ms,3407,block_01,canonical,1,0,0,100,2,2000,equal Gear/RPM,0.02275,0.80975,3.73763507604599,12.022510528564453,ok,ok
real_ms,3407,block_01,canonical,1,0,1,101,2,2000,equal Gear/RPM,0.00575,0.99525,2.7838162779808044,20.27445697784424,ok,ok
real_ms,3407,block_01,canonical,1,1,0,110,2,2000,equal Gear/RPM,0.01375,0.67675,3.1641427278518677,9.099904537200928,ok,ok
real_ms,3407,block_01,canonical,1,1,1,111,2,2000,equal Gear/RPM,0.008,0.9395,3.07663631439209,16.914878845214844,ok,ok
real_ms,3407,block_01,shifted,0,0,0,000,2,2000,equal Gear/RPM,0.0,0.0,-2.6354355216026306,-1.2973740100860596,ok,ok
real_ms,3407,block_01,shifted,0,0,1,001,2,2000,equal Gear/RPM,0.0,0.0055,-1.7440316379070282,-0.5582751482725143,ok,ok
real_ms,3407,block_01,shifted,0,1,0,010,2,2000,equal Gear/RPM,0.0,0.0,-1.995989739894867,-0.8747727572917938,ok,ok
real_ms,3407,block_01,shifted,0,1,1,011,2,2000,equal Gear/RPM,0.0,0.012,-0.728738009929657,0.4064587950706482,ok,ok
real_ms,3407,block_01,shifted,1,0,0,100,2,2000,equal Gear/RPM,0.023,0.8165,3.7278818488121033,12.095618724822998,ok,ok
real_ms,3407,block_01,shifted,1,0,1,101,2,2000,equal Gear/RPM,0.00525,0.99525,2.7605538368225098,20.339111328125,ok,ok
real_ms,3407,block_01,shifted,1,1,0,110,2,2000,equal Gear/RPM,0.0135,0.6805,3.1606634855270386,9.148248195648193,ok,ok
real_ms,3407,block_01,shifted,1,1,1,111,2,2000,equal Gear/RPM,0.00725,0.93975,3.0504950284957886,16.96127223968506,ok,ok
real_ms,3407,block_02,canonical,0,0,0,000,2,2000,equal Gear/RPM,0.0,0.00125,-2.6512483954429626,-1.357467770576477,ok,ok
real_ms,3407,block_02,canonical,0,0,1,001,2,2000,equal Gear/RPM,0.0,0.006,-1.7441489398479462,-0.5853000283241272,ok,ok
real_ms,3407,block_02,canonical,0,1,0,010,2,2000,equal Gear/RPM,0.0,0.00125,-2.0171680450439453,-0.8868657946586609,ok,ok
real_ms,3407,block_02,canonical,0,1,1,011,2,2000,equal Gear/RPM,0.0,0.01725,-0.7692006826400757,0.362326055765152,ok,ok
real_ms,3407,block_02,canonical,1,0,0,100,2,2000,equal Gear/RPM,0.01975,0.8145,3.670395851135254,11.885800838470459,ok,ok
real_ms,3407,block_02,canonical,1,0,1,101,2,2000,equal Gear/RPM,0.00625,0.9944999999999999,2.7622833251953125,20.10544776916504,ok,ok
real_ms,3407,block_02,canonical,1,1,0,110,2,2000,equal Gear/RPM,0.01525,0.685,3.09219428896904,9.121492147445679,ok,ok
real_ms,3407,block_02,canonical,1,1,1,111,2,2000,equal Gear/RPM,0.00675,0.9452499999999999,2.9944175481796265,16.842262268066406,ok,ok
real_ms,3407,block_02,shifted,0,0,0,000,2,2000,equal Gear/RPM,0.0,0.00125,-2.6570301055908203,-1.3612897992134094,ok,ok
real_ms,3407,block_02,shifted,0,0,1,001,2,2000,equal Gear/RPM,0.0,0.00475,-1.7919809222221375,-0.646896630525589,ok,ok
real_ms,3407,block_02,shifted,0,1,0,010,2,2000,equal Gear/RPM,0.0,0.00125,-2.0386845469474792,-0.8991538286209106,ok,ok
real_ms,3407,block_02,shifted,0,1,1,011,2,2000,equal Gear/RPM,0.0,0.01625,-0.8005042970180511,0.32035210728645325,ok,ok
real_ms,3407,block_02,shifted,1,0,0,100,2,2000,equal Gear/RPM,0.01875,0.81775,3.6595234870910645,11.958882808685303,ok,ok
real_ms,3407,block_02,shifted,1,0,1,101,2,2000,equal Gear/RPM,0.0055,0.9944999999999999,2.739369750022888,20.170839309692383,ok,ok
real_ms,3407,block_02,shifted,1,1,0,110,2,2000,equal Gear/RPM,0.0155,0.68975,3.0874316692352295,9.170284271240234,ok,ok
real_ms,3407,block_02,shifted,1,1,1,111,2,2000,equal Gear/RPM,0.006,0.9452499999999999,2.9680891633033752,16.888018131256104,ok,ok
real_ms,3407,block_03,canonical,0,0,0,000,2,2000,equal Gear/RPM,0.0,0.0,-2.624740779399872,-1.3001028895378113,ok,ok
real_ms,3407,block_03,canonical,0,0,1,001,2,2000,equal Gear/RPM,0.0,0.0055,-1.6953429579734802,-0.508687749505043,ok,ok
real_ms,3407,block_03,canonical,0,1,0,010,2,2000,equal Gear/RPM,0.0,0.0015,-2.01200932264328,-0.8974665105342865,ok,ok
real_ms,3407,block_03,canonical,0,1,1,011,2,2000,equal Gear/RPM,0.0,0.019,-0.7760831713676453,0.37597382068634033,ok,ok
real_ms,3407,block_03,canonical,1,0,0,100,2,2000,equal Gear/RPM,0.01625,0.81575,3.6565526127815247,12.095103740692139,ok,ok
real_ms,3407,block_03,canonical,1,0,1,101,2,2000,equal Gear/RPM,0.00675,0.996,2.7076826691627502,20.309880256652832,ok,ok
real_ms,3407,block_03,canonical,1,1,0,110,2,2000,equal Gear/RPM,0.01275,0.68225,3.107854813337326,9.112613439559937,ok,ok
real_ms,3407,block_03,canonical,1,1,1,111,2,2000,equal Gear/RPM,0.0065,0.9425,3.0119815468788147,16.76754140853882,ok,ok
real_ms,3407,block_03,shifted,0,0,0,000,2,2000,equal Gear/RPM,0.0,0.0,-2.630370855331421,-1.3037625551223755,ok,ok
real_ms,3407,block_03,shifted,0,0,1,001,2,2000,equal Gear/RPM,0.0,0.004,-1.743827909231186,-0.5715633928775787,ok,ok
real_ms,3407,block_03,shifted,0,1,0,010,2,2000,equal Gear/RPM,0.0,0.0015,-2.0341134667396545,-0.9099793136119843,ok,ok
real_ms,3407,block_03,shifted,0,1,1,011,2,2000,equal Gear/RPM,0.0,0.01625,-0.8073719441890717,0.3340762257575989,ok,ok
real_ms,3407,block_03,shifted,1,0,0,100,2,2000,equal Gear/RPM,0.016,0.82075,3.645433247089386,12.167594909667969,ok,ok
real_ms,3407,block_03,shifted,1,0,1,101,2,2000,equal Gear/RPM,0.006,0.996,2.684925854206085,20.37426471710205,ok,ok
real_ms,3407,block_03,shifted,1,1,0,110,2,2000,equal Gear/RPM,0.0125,0.68625,3.1037499606609344,9.161194086074829,ok,ok
real_ms,3407,block_03,shifted,1,1,1,111,2,2000,equal Gear/RPM,0.0065,0.94275,2.9856829047203064,16.813519954681396,ok,ok
real_std,7,block_01,canonical,0,0,0,000,2,2000,equal Gear/RPM,0.00175,0.006999999999999999,0.27898645401000977,1.7164391875267029,ok,ok
real_std,7,block_01,canonical,0,0,1,001,2,2000,equal Gear/RPM,0.0005,0.0255,0.545717403292656,2.310837745666504,ok,ok
real_std,7,block_01,canonical,0,1,0,010,2,2000,equal Gear/RPM,0.009,0.02025,1.6996516808867455,2.4767404794692993,ok,ok
real_std,7,block_01,canonical,0,1,1,011,2,2000,equal Gear/RPM,0.003,0.043000000000000003,1.4187767505645752,2.7990769743919373,ok,ok
real_std,7,block_01,canonical,1,0,0,100,2,2000,equal Gear/RPM,0.0185,0.7055,3.7979938983917236,11.261686325073242,ok,ok
real_std,7,block_01,canonical,1,0,1,101,2,2000,equal Gear/RPM,0.0245,0.9715,3.602203845977783,19.32054042816162,ok,ok
real_std,7,block_01,canonical,1,1,0,110,2,2000,equal Gear/RPM,0.0135,0.34275,3.643144130706787,6.9545838832855225,ok,ok
real_std,7,block_01,canonical,1,1,1,111,2,2000,equal Gear/RPM,0.05075,0.623,4.496870279312134,11.747951030731201,ok,ok
real_std,7,block_01,shifted,0,0,0,000,2,2000,equal Gear/RPM,0.00175,0.0072499999999999995,0.31773656606674194,1.7544394731521606,ok,ok
real_std,7,block_01,shifted,0,0,1,001,2,2000,equal Gear/RPM,0.0005,0.02425,0.5575762391090393,2.3101280331611633,ok,ok
real_std,7,block_01,shifted,0,1,0,010,2,2000,equal Gear/RPM,0.009,0.02025,1.7273383513092995,2.5075052976608276,ok,ok
real_std,7,block_01,shifted,0,1,1,011,2,2000,equal Gear/RPM,0.003,0.043750000000000004,1.435189738869667,2.8342145681381226,ok,ok
real_std,7,block_01,shifted,1,0,0,100,2,2000,equal Gear/RPM,0.019,0.7150000000000001,3.7869492769241333,11.383365154266357,ok,ok
real_std,7,block_01,shifted,1,0,1,101,2,2000,equal Gear/RPM,0.0245,0.972,3.5751463174819946,19.339900493621826,ok,ok
real_std,7,block_01,shifted,1,1,0,110,2,2000,equal Gear/RPM,0.0135,0.34850000000000003,3.6447688341140747,7.012667179107666,ok,ok
real_std,7,block_01,shifted,1,1,1,111,2,2000,equal Gear/RPM,0.0485,0.62375,4.476120114326477,11.752932071685791,ok,ok
real_std,7,block_02,canonical,0,0,0,000,2,2000,equal Gear/RPM,0.001,0.0072499999999999995,0.24456602334976196,1.650098979473114,ok,ok
real_std,7,block_02,canonical,0,0,1,001,2,2000,equal Gear/RPM,0.00075,0.02225,0.48389920592308044,2.2109909057617188,ok,ok
real_std,7,block_02,canonical,0,1,0,010,2,2000,equal Gear/RPM,0.007,0.01925,1.6894467752426863,2.425874710083008,ok,ok
real_std,7,block_02,canonical,0,1,1,011,2,2000,equal Gear/RPM,0.002,0.0395,1.379433497786522,2.7231643199920654,ok,ok
real_std,7,block_02,canonical,1,0,0,100,2,2000,equal Gear/RPM,0.01975,0.7015,3.728724718093872,11.21976375579834,ok,ok
real_std,7,block_02,canonical,1,0,1,101,2,2000,equal Gear/RPM,0.0285,0.9722500000000001,3.535124361515045,19.2332124710083,ok,ok
real_std,7,block_02,canonical,1,1,0,110,2,2000,equal Gear/RPM,0.01675,0.36575,3.614670515060425,7.025243759155273,ok,ok
real_std,7,block_02,canonical,1,1,1,111,2,2000,equal Gear/RPM,0.0585,0.631,4.448487639427185,11.657790422439575,ok,ok
real_std,7,block_02,shifted,0,0,0,000,2,2000,equal Gear/RPM,0.001,0.00825,0.2832179069519043,1.6877896189689636,ok,ok
real_std,7,block_02,shifted,0,0,1,001,2,2000,equal Gear/RPM,0.00075,0.0225,0.4967292994260788,2.2121922373771667,ok,ok
real_std,7,block_02,shifted,0,1,0,010,2,2000,equal Gear/RPM,0.00725,0.0195,1.7168180271983147,2.4568718671798706,ok,ok
real_std,7,block_02,shifted,0,1,1,011,2,2000,equal Gear/RPM,0.002,0.04,1.3963169902563095,2.7595094442367554,ok,ok
real_std,7,block_02,shifted,1,0,0,100,2,2000,equal Gear/RPM,0.0195,0.712,3.7175086736679077,11.338160991668701,ok,ok
real_std,7,block_02,shifted,1,0,1,101,2,2000,equal Gear/RPM,0.02725,0.97275,3.5081661343574524,19.25135898590088,ok,ok
real_std,7,block_02,shifted,1,1,0,110,2,2000,equal Gear/RPM,0.01525,0.368,3.615927815437317,7.083153486251831,ok,ok
real_std,7,block_02,shifted,1,1,1,111,2,2000,equal Gear/RPM,0.05775,0.63125,4.427520990371704,11.66170859336853,ok,ok
real_std,7,block_03,canonical,0,0,0,000,2,2000,equal Gear/RPM,0.0015,0.0075,0.24442017078399658,1.7097676396369934,ok,ok
real_std,7,block_03,canonical,0,0,1,001,2,2000,equal Gear/RPM,0.00125,0.02675,0.4984777271747589,2.2676055431365967,ok,ok
real_std,7,block_03,canonical,0,1,0,010,2,2000,equal Gear/RPM,0.00725,0.01975,1.6749235652387142,2.4804333448410034,ok,ok
real_std,7,block_03,canonical,0,1,1,011,2,2000,equal Gear/RPM,0.002,0.04025,1.371158555150032,2.7857614755630493,ok,ok
real_std,7,block_03,canonical,1,0,0,100,2,2000,equal Gear/RPM,0.0165,0.70375,3.719077944755554,11.251373291015625,ok,ok
real_std,7,block_03,canonical,1,0,1,101,2,2000,equal Gear/RPM,0.02575,0.9702500000000001,3.5027902126312256,19.235713958740234,ok,ok
real_std,7,block_03,canonical,1,1,0,110,2,2000,equal Gear/RPM,0.0155,0.345,3.598142147064209,6.884667158126831,ok,ok
real_std,7,block_03,canonical,1,1,1,111,2,2000,equal Gear/RPM,0.05375,0.606,4.43105673789978,11.577757596969604,ok,ok
real_std,7,block_03,shifted,0,0,0,000,2,2000,equal Gear/RPM,0.0015,0.0075,0.2833136320114136,1.747651994228363,ok,ok
real_std,7,block_03,shifted,0,0,1,001,2,2000,equal Gear/RPM,0.00125,0.0255,0.5110183507204056,2.2683191299438477,ok,ok
real_std,7,block_03,shifted,0,1,0,010,2,2000,equal Gear/RPM,0.00725,0.02,1.7025626376271248,2.5115137100219727,ok,ok
real_std,7,block_03,shifted,0,1,1,011,2,2000,equal Gear/RPM,0.002,0.042,1.388134241104126,2.8218420147895813,ok,ok
real_std,7,block_03,shifted,1,0,0,100,2,2000,equal Gear/RPM,0.01575,0.7095,3.708325505256653,11.369877815246582,ok,ok
real_std,7,block_03,shifted,1,0,1,101,2,2000,equal Gear/RPM,0.02525,0.9705,3.476291835308075,19.25250244140625,ok,ok
real_std,7,block_03,shifted,1,1,0,110,2,2000,equal Gear/RPM,0.01475,0.34825,3.599414587020874,6.943071126937866,ok,ok
real_std,7,block_03,shifted,1,1,1,111,2,2000,equal Gear/RPM,0.05175,0.60675,4.410308122634888,11.582322359085083,ok,ok
real_std,42,block_01,canonical,0,0,0,000,2,2000,equal Gear/RPM,0.0,0.00625,-1.829967200756073,-0.13690940756350756,ok,ok
real_std,42,block_01,canonical,0,0,1,001,2,2000,equal Gear/RPM,0.0,0.043000000000000003,-1.4558544754981995,0.874767541885376,ok,ok
real_std,42,block_01,canonical,0,1,0,010,2,2000,equal Gear/RPM,0.0,0.00175,-1.3449857831001282,-0.5025852024555206,ok,ok
real_std,42,block_01,canonical,0,1,1,011,2,2000,equal Gear/RPM,0.0,0.0022500000000000003,-2.0201771557331085,-0.7159005701541901,ok,ok
real_std,42,block_01,canonical,1,0,0,100,2,2000,equal Gear/RPM,0.00825,0.572,1.2321335226297379,9.019023895263672,ok,ok
real_std,42,block_01,canonical,1,0,1,101,2,2000,equal Gear/RPM,0.0225,0.96275,1.7030249126255512,16.251033306121826,ok,ok
real_std,42,block_01,canonical,1,1,0,110,2,2000,equal Gear/RPM,0.00525,0.5365,0.9283836185932159,7.505790948867798,ok,ok
real_std,42,block_01,canonical,1,1,1,111,2,2000,equal Gear/RPM,0.0205,0.93625,1.3032868802547455,13.534061908721924,ok,ok
real_std,42,block_01,shifted,0,0,0,000,2,2000,equal Gear/RPM,0.0,0.00625,-1.874330759048462,-0.1349819521419704,ok,ok
real_std,42,block_01,shifted,0,0,1,001,2,2000,equal Gear/RPM,0.0,0.043750000000000004,-1.4908809661865234,0.8889471292495728,ok,ok
real_std,42,block_01,shifted,0,1,0,010,2,2000,equal Gear/RPM,0.0,0.002,-1.3654541075229645,-0.5048855841159821,ok,ok
real_std,42,block_01,shifted,0,1,1,011,2,2000,equal Gear/RPM,0.0,0.0022500000000000003,-2.0328511893749237,-0.7098924517631531,ok,ok
real_std,42,block_01,shifted,1,0,0,100,2,2000,equal Gear/RPM,0.0075,0.576,1.2163569629192352,9.074960947036743,ok,ok
real_std,42,block_01,shifted,1,0,1,101,2,2000,equal Gear/RPM,0.02075,0.9635,1.6572486907243729,16.368387699127197,ok,ok
real_std,42,block_01,shifted,1,1,0,110,2,2000,equal Gear/RPM,0.0055,0.5427500000000001,0.9150253236293793,7.573166251182556,ok,ok
real_std,42,block_01,shifted,1,1,1,111,2,2000,equal Gear/RPM,0.019,0.9375,1.2440765500068665,13.689935684204102,ok,ok
real_std,42,block_02,canonical,0,0,0,000,2,2000,equal Gear/RPM,0.00025,0.0065,-1.7995123267173767,-0.13293280825018883,ok,ok
real_std,42,block_02,canonical,0,0,1,001,2,2000,equal Gear/RPM,0.00025,0.036500000000000005,-1.4476737976074219,0.8296208083629608,ok,ok
real_std,42,block_02,canonical,0,1,0,010,2,2000,equal Gear/RPM,0.00025,0.003,-1.3330735266208649,-0.5143325328826904,ok,ok
real_std,42,block_02,canonical,0,1,1,011,2,2000,equal Gear/RPM,0.00025,0.00375,-2.013794034719467,-0.7492833137512207,ok,ok
real_std,42,block_02,canonical,1,0,0,100,2,2000,equal Gear/RPM,0.00725,0.57125,1.1805426180362701,8.847069263458252,ok,ok
real_std,42,block_02,canonical,1,0,1,101,2,2000,equal Gear/RPM,0.023,0.9575,1.6851796805858612,15.959063529968262,ok,ok
real_std,42,block_02,canonical,1,1,0,110,2,2000,equal Gear/RPM,0.0065,0.54625,0.919707715511322,7.4992547035217285,ok,ok
real_std,42,block_02,canonical,1,1,1,111,2,2000,equal Gear/RPM,0.0235,0.9317500000000001,1.247305452823639,13.506367206573486,ok,ok
real_std,42,block_02,shifted,0,0,0,000,2,2000,equal Gear/RPM,0.00025,0.00675,-1.843508243560791,-0.12981350719928741,ok,ok
real_std,42,block_02,shifted,0,0,1,001,2,2000,equal Gear/RPM,0.00025,0.0385,-1.4823442101478577,0.844295084476471,ok,ok
real_std,42,block_02,shifted,0,1,0,010,2,2000,equal Gear/RPM,0.00025,0.003,-1.3533726930618286,-0.5163805186748505,ok,ok
real_std,42,block_02,shifted,0,1,1,011,2,2000,equal Gear/RPM,0.00025,0.004,-2.027159243822098,-0.7441936433315277,ok,ok
real_std,42,block_02,shifted,1,0,0,100,2,2000,equal Gear/RPM,0.00725,0.5765,1.1639364510774612,8.90247356891632,ok,ok
real_std,42,block_02,shifted,1,0,1,101,2,2000,equal Gear/RPM,0.022,0.9585,1.6400496438145638,16.07591438293457,ok,ok
real_std,42,block_02,shifted,1,1,0,110,2,2000,equal Gear/RPM,0.00675,0.5519999999999999,0.905713826417923,7.56610643863678,ok,ok
real_std,42,block_02,shifted,1,1,1,111,2,2000,equal Gear/RPM,0.02175,0.9317500000000001,1.1878123879432678,13.661136627197266,ok,ok
real_std,42,block_03,canonical,0,0,0,000,2,2000,equal Gear/RPM,0.0,0.006999999999999999,-1.803939938545227,-0.06297633424401283,ok,ok
real_std,42,block_03,canonical,0,0,1,001,2,2000,equal Gear/RPM,0.0,0.03975,-1.4454373717308044,0.9174690544605255,ok,ok
real_std,42,block_03,canonical,0,1,0,010,2,2000,equal Gear/RPM,0.0,0.003,-1.3255473375320435,-0.49033118784427643,ok,ok
real_std,42,block_03,canonical,0,1,1,011,2,2000,equal Gear/RPM,0.0,0.00325,-2.016661614179611,-0.7239048182964325,ok,ok
real_std,42,block_03,canonical,1,0,0,100,2,2000,equal Gear/RPM,0.007,0.59175,1.1706463247537613,9.035313606262207,ok,ok
real_std,42,block_03,canonical,1,0,1,101,2,2000,equal Gear/RPM,0.022,0.96675,1.6238682717084885,16.249114990234375,ok,ok
real_std,42,block_03,canonical,1,1,0,110,2,2000,equal Gear/RPM,0.006,0.5389999999999999,0.9261911809444427,7.51615297794342,ok,ok
real_std,42,block_03,canonical,1,1,1,111,2,2000,equal Gear/RPM,0.02325,0.9317500000000001,1.2525724172592163,13.512178421020508,ok,ok
real_std,42,block_03,shifted,0,0,0,000,2,2000,equal Gear/RPM,0.0,0.006999999999999999,-1.848491132259369,-0.05948520079255104,ok,ok
real_std,42,block_03,shifted,0,0,1,001,2,2000,equal Gear/RPM,0.0,0.0395,-1.4804790019989014,0.9318385720252991,ok,ok
real_std,42,block_03,shifted,0,1,0,010,2,2000,equal Gear/RPM,0.0,0.00325,-1.3460246920585632,-0.49225325882434845,ok,ok
real_std,42,block_03,shifted,0,1,1,011,2,2000,equal Gear/RPM,0.0,0.00325,-2.030382424592972,-0.7185105979442596,ok,ok
real_std,42,block_03,shifted,1,0,0,100,2,2000,equal Gear/RPM,0.00675,0.59675,1.1524321734905243,9.091140270233154,ok,ok
real_std,42,block_03,shifted,1,0,1,101,2,2000,equal Gear/RPM,0.021,0.96775,1.577778548002243,16.365417957305908,ok,ok
real_std,42,block_03,shifted,1,1,0,110,2,2000,equal Gear/RPM,0.006,0.5445,0.9134617745876312,7.584438800811768,ok,ok
real_std,42,block_03,shifted,1,1,1,111,2,2000,equal Gear/RPM,0.022,0.93275,1.1928963363170624,13.66842794418335,ok,ok
real_std,123,block_01,canonical,0,0,0,000,2,2000,equal Gear/RPM,0.0,0.001,-1.2896090745925903,0.6140009351074696,ok,ok
real_std,123,block_01,canonical,0,0,1,001,2,2000,equal Gear/RPM,0.0,0.00175,-0.4627838730812073,0.9602275192737579,ok,ok
real_std,123,block_01,canonical,0,1,0,010,2,2000,equal Gear/RPM,0.00025,0.001,-1.2422905564308167,-0.26244957745075226,ok,ok
real_std,123,block_01,canonical,0,1,1,011,2,2000,equal Gear/RPM,0.001,0.004,-0.4496760666370392,0.4846506714820862,ok,ok
real_std,123,block_01,canonical,1,0,0,100,2,2000,equal Gear/RPM,0.025,0.92525,4.879063248634338,19.312363624572754,ok,ok
real_std,123,block_01,canonical,1,0,1,101,2,2000,equal Gear/RPM,0.017,0.9775,4.7548099756240845,23.20828342437744,ok,ok
real_std,123,block_01,canonical,1,1,0,110,2,2000,equal Gear/RPM,0.03125,0.87825,4.5473620891571045,16.17243003845215,ok,ok
real_std,123,block_01,canonical,1,1,1,111,2,2000,equal Gear/RPM,0.02625,0.9585,4.634757399559021,23.253145217895508,ok,ok
real_std,123,block_01,shifted,0,0,0,000,2,2000,equal Gear/RPM,0.0,0.001,-1.2616947889328003,0.6523743066936731,ok,ok
real_std,123,block_01,shifted,0,0,1,001,2,2000,equal Gear/RPM,0.0,0.00175,-0.42509444802999496,1.0081523060798645,ok,ok
real_std,123,block_01,shifted,0,1,0,010,2,2000,equal Gear/RPM,0.00025,0.001,-1.2269930243492126,-0.2550906091928482,ok,ok
real_std,123,block_01,shifted,0,1,1,011,2,2000,equal Gear/RPM,0.0005,0.00375,-0.44205719232559204,0.4911372661590576,ok,ok
real_std,123,block_01,shifted,1,0,0,100,2,2000,equal Gear/RPM,0.02525,0.9279999999999999,4.899400591850281,19.43398666381836,ok,ok
real_std,123,block_01,shifted,1,0,1,101,2,2000,equal Gear/RPM,0.01725,0.978,4.766433954238892,23.294315338134766,ok,ok
real_std,123,block_01,shifted,1,1,0,110,2,2000,equal Gear/RPM,0.0315,0.8815,4.57563042640686,16.244128704071045,ok,ok
real_std,123,block_01,shifted,1,1,1,111,2,2000,equal Gear/RPM,0.02625,0.9590000000000001,4.6493494510650635,23.29620933532715,ok,ok
real_std,123,block_02,canonical,0,0,0,000,2,2000,equal Gear/RPM,0.0005,0.00175,-1.2902631759643555,0.6018555071204901,ok,ok
real_std,123,block_02,canonical,0,0,1,001,2,2000,equal Gear/RPM,0.00075,0.00375,-0.488691046833992,0.9005664587020874,ok,ok
real_std,123,block_02,canonical,0,1,0,010,2,2000,equal Gear/RPM,0.0005,0.0015,-1.269680917263031,-0.3020089790225029,ok,ok
real_std,123,block_02,canonical,0,1,1,011,2,2000,equal Gear/RPM,0.00125,0.0075,-0.5136774182319641,0.38291847705841064,ok,ok
real_std,123,block_02,canonical,1,0,0,100,2,2000,equal Gear/RPM,0.0285,0.9237500000000001,4.788322448730469,18.982500076293945,ok,ok
real_std,123,block_02,canonical,1,0,1,101,2,2000,equal Gear/RPM,0.01925,0.971,4.687159419059753,22.76939868927002,ok,ok
real_std,123,block_02,canonical,1,1,0,110,2,2000,equal Gear/RPM,0.03175,0.87975,4.38623309135437,16.052825450897217,ok,ok
real_std,123,block_02,canonical,1,1,1,111,2,2000,equal Gear/RPM,0.025,0.9572499999999999,4.492207288742065,22.900634765625,ok,ok
real_std,123,block_02,shifted,0,0,0,000,2,2000,equal Gear/RPM,0.0005,0.002,-1.2622383832931519,0.6403365666046739,ok,ok
real_std,123,block_02,shifted,0,0,1,001,2,2000,equal Gear/RPM,0.00075,0.004,-0.4506238251924515,0.9492527842521667,ok,ok
real_std,123,block_02,shifted,0,1,0,010,2,2000,equal Gear/RPM,0.0005,0.0015,-1.2541741728782654,-0.2939959242939949,ok,ok
real_std,123,block_02,shifted,0,1,1,011,2,2000,equal Gear/RPM,0.00125,0.00775,-0.5054521262645721,0.38946592807769775,ok,ok
real_std,123,block_02,shifted,1,0,0,100,2,2000,equal Gear/RPM,0.02875,0.9257500000000001,4.808698534965515,19.102296829223633,ok,ok
real_std,123,block_02,shifted,1,0,1,101,2,2000,equal Gear/RPM,0.01925,0.97125,4.699012041091919,22.855191230773926,ok,ok
real_std,123,block_02,shifted,1,1,0,110,2,2000,equal Gear/RPM,0.03225,0.882,4.415061593055725,16.125513553619385,ok,ok
real_std,123,block_02,shifted,1,1,1,111,2,2000,equal Gear/RPM,0.02525,0.9572499999999999,4.506928563117981,22.943203926086426,ok,ok
real_std,123,block_03,canonical,0,0,0,000,2,2000,equal Gear/RPM,0.0,0.0025,-1.3039991855621338,0.6213070582598448,ok,ok
real_std,123,block_03,canonical,0,0,1,001,2,2000,equal Gear/RPM,0.0,0.0015,-0.4842759072780609,0.9374493658542633,ok,ok
real_std,123,block_03,canonical,0,1,0,010,2,2000,equal Gear/RPM,0.0,0.00025,-1.2777779698371887,-0.30492863059043884,ok,ok
real_std,123,block_03,canonical,0,1,1,011,2,2000,equal Gear/RPM,0.00025,0.0045,-0.49470528960227966,0.414453387260437,ok,ok
real_std,123,block_03,canonical,1,0,0,100,2,2000,equal Gear/RPM,0.02525,0.92675,4.787216782569885,19.2818603515625,ok,ok
real_std,123,block_03,canonical,1,0,1,101,2,2000,equal Gear/RPM,0.01775,0.97925,4.643256783485413,23.127585411071777,ok,ok
real_std,123,block_03,canonical,1,1,0,110,2,2000,equal Gear/RPM,0.02975,0.8815,4.455388307571411,15.996967792510986,ok,ok
real_std,123,block_03,canonical,1,1,1,111,2,2000,equal Gear/RPM,0.02675,0.95425,4.545689582824707,22.899584770202637,ok,ok
real_std,123,block_03,shifted,0,0,0,000,2,2000,equal Gear/RPM,0.0,0.00275,-1.2760875225067139,0.6597096286714077,ok,ok
real_std,123,block_03,shifted,0,0,1,001,2,2000,equal Gear/RPM,0.0,0.0025,-0.44620057940483093,0.9861963391304016,ok,ok
real_std,123,block_03,shifted,0,1,0,010,2,2000,equal Gear/RPM,0.0,0.0005,-1.2632802724838257,-0.29793479293584824,ok,ok
real_std,123,block_03,shifted,0,1,1,011,2,2000,equal Gear/RPM,0.00025,0.0045,-0.4874485433101654,0.42116326093673706,ok,ok
real_std,123,block_03,shifted,1,0,0,100,2,2000,equal Gear/RPM,0.02575,0.9292499999999999,4.807824611663818,19.403335571289062,ok,ok
real_std,123,block_03,shifted,1,0,1,101,2,2000,equal Gear/RPM,0.01725,0.97925,4.654907703399658,23.213871955871582,ok,ok
real_std,123,block_03,shifted,1,1,0,110,2,2000,equal Gear/RPM,0.03025,0.88425,4.483553051948547,16.069046020507812,ok,ok
real_std,123,block_03,shifted,1,1,1,111,2,2000,equal Gear/RPM,0.027,0.9545,4.5601396560668945,22.941852569580078,ok,ok
real_std,2026,block_01,canonical,0,0,0,000,2,2000,equal Gear/RPM,0.0,0.0015,-1.937444806098938,1.3798518180847168,ok,ok
real_std,2026,block_01,canonical,0,0,1,001,2,2000,equal Gear/RPM,0.0,0.0075,-2.4786558151245117,1.39714777469635,ok,ok
real_std,2026,block_01,canonical,0,1,0,010,2,2000,equal Gear/RPM,0.0,0.00025,-1.4816793203353882,1.0643501430749893,ok,ok
real_std,2026,block_01,canonical,0,1,1,011,2,2000,equal Gear/RPM,0.0,0.00875,-2.1526561975479126,1.0929819345474243,ok,ok
real_std,2026,block_01,canonical,1,0,0,100,2,2000,equal Gear/RPM,0.0,0.20249999999999999,-1.1283669425174594,4.628733158111572,ok,ok
real_std,2026,block_01,canonical,1,0,1,101,2,2000,equal Gear/RPM,0.0,0.3735,-1.2946362271904945,6.236465930938721,ok,ok
real_std,2026,block_01,canonical,1,1,0,110,2,2000,equal Gear/RPM,0.0,0.075,-1.27235546708107,2.940807819366455,ok,ok
real_std,2026,block_01,canonical,1,1,1,111,2,2000,equal Gear/RPM,0.0005,0.134,-0.5187951922416687,4.163730025291443,ok,ok
real_std,2026,block_01,shifted,0,0,0,000,2,2000,equal Gear/RPM,0.0,0.0015,-1.9397479891777039,1.4270906448364258,ok,ok
real_std,2026,block_01,shifted,0,0,1,001,2,2000,equal Gear/RPM,0.0,0.00825,-2.4643203616142273,1.4588858485221863,ok,ok
real_std,2026,block_01,shifted,0,1,0,010,2,2000,equal Gear/RPM,0.0,0.00025,-1.4888861775398254,1.0963321030139923,ok,ok
real_std,2026,block_01,shifted,0,1,1,011,2,2000,equal Gear/RPM,0.0,0.0095,-2.154848337173462,1.1484374701976776,ok,ok
real_std,2026,block_01,shifted,1,0,0,100,2,2000,equal Gear/RPM,0.0,0.2105,-1.1278350580250844,4.723609209060669,ok,ok
real_std,2026,block_01,shifted,1,0,1,101,2,2000,equal Gear/RPM,0.0,0.38725,-1.3127759136259556,6.33796238899231,ok,ok
real_std,2026,block_01,shifted,1,1,0,110,2,2000,equal Gear/RPM,0.0,0.07625,-1.277660459280014,2.997082233428955,ok,ok
real_std,2026,block_01,shifted,1,1,1,111,2,2000,equal Gear/RPM,0.0005,0.14150000000000001,-0.5298281908035278,4.252045750617981,ok,ok
real_std,2026,block_02,canonical,0,0,0,000,2,2000,equal Gear/RPM,0.0,0.00275,-1.9336600303649902,1.3855521380901337,ok,ok
real_std,2026,block_02,canonical,0,0,1,001,2,2000,equal Gear/RPM,0.0,0.00875,-2.4957258105278015,1.355292022228241,ok,ok
real_std,2026,block_02,canonical,0,1,0,010,2,2000,equal Gear/RPM,0.0,0.00175,-1.5003382563591003,1.0411007702350616,ok,ok
real_std,2026,block_02,canonical,0,1,1,011,2,2000,equal Gear/RPM,0.0,0.009000000000000001,-2.2229458689689636,0.9875086843967438,ok,ok
real_std,2026,block_02,canonical,1,0,0,100,2,2000,equal Gear/RPM,0.0,0.19424999999999998,-1.1239803549833596,4.538352727890015,ok,ok
real_std,2026,block_02,canonical,1,0,1,101,2,2000,equal Gear/RPM,0.0,0.38225,-1.3017569407820702,6.161623001098633,ok,ok
real_std,2026,block_02,canonical,1,1,0,110,2,2000,equal Gear/RPM,0.0,0.0755,-1.2731250822544098,2.9390408992767334,ok,ok
real_std,2026,block_02,canonical,1,1,1,111,2,2000,equal Gear/RPM,0.0,0.1395,-0.5628074407577515,4.139081120491028,ok,ok
real_std,2026,block_02,shifted,0,0,0,000,2,2000,equal Gear/RPM,0.0,0.003,-1.9363531470298767,1.432817965745926,ok,ok
real_std,2026,block_02,shifted,0,0,1,001,2,2000,equal Gear/RPM,0.0,0.00975,-2.481312096118927,1.4174527525901794,ok,ok
real_std,2026,block_02,shifted,0,1,0,010,2,2000,equal Gear/RPM,0.0,0.00175,-1.5076866149902344,1.072903722524643,ok,ok
real_std,2026,block_02,shifted,0,1,1,011,2,2000,equal Gear/RPM,0.0,0.009250000000000001,-2.2251020669937134,1.0425132811069489,ok,ok
real_std,2026,block_02,shifted,1,0,0,100,2,2000,equal Gear/RPM,0.0,0.20199999999999999,-1.1232935613952577,4.633146524429321,ok,ok
real_std,2026,block_02,shifted,1,0,1,101,2,2000,equal Gear/RPM,0.0,0.39349999999999996,-1.3203956857323647,6.263037919998169,ok,ok
real_std,2026,block_02,shifted,1,1,0,110,2,2000,equal Gear/RPM,0.0,0.07625,-1.2782867848873138,2.9952023029327393,ok,ok
real_std,2026,block_02,shifted,1,1,1,111,2,2000,equal Gear/RPM,0.0,0.14875,-0.5740598142147064,4.228113651275635,ok,ok
real_std,2026,block_03,canonical,0,0,0,000,2,2000,equal Gear/RPM,0.0,0.002,-1.921593189239502,1.3887311518192291,ok,ok
real_std,2026,block_03,canonical,0,0,1,001,2,2000,equal Gear/RPM,0.0,0.00525,-2.4903305768966675,1.382457196712494,ok,ok
real_std,2026,block_03,canonical,0,1,0,010,2,2000,equal Gear/RPM,0.0,0.00025,-1.5027151703834534,1.0268476009368896,ok,ok
real_std,2026,block_03,canonical,0,1,1,011,2,2000,equal Gear/RPM,0.0,0.0065,-2.214224100112915,0.9982875287532806,ok,ok
real_std,2026,block_03,canonical,1,0,0,100,2,2000,equal Gear/RPM,0.0,0.21225,-1.109335394576192,4.643381595611572,ok,ok
real_std,2026,block_03,canonical,1,0,1,101,2,2000,equal Gear/RPM,0.0,0.3835,-1.3160130381584167,6.24701452255249,ok,ok
real_std,2026,block_03,canonical,1,1,0,110,2,2000,equal Gear/RPM,0.0,0.07125,-1.2525256276130676,2.874547600746155,ok,ok
real_std,2026,block_03,canonical,1,1,1,111,2,2000,equal Gear/RPM,0.00025,0.1275,-0.55108442902565,4.0453267097473145,ok,ok
real_std,2026,block_03,shifted,0,0,0,000,2,2000,equal Gear/RPM,0.0,0.0022500000000000003,-1.9240823984146118,1.4364031255245209,ok,ok
real_std,2026,block_03,shifted,0,0,1,001,2,2000,equal Gear/RPM,0.0,0.00625,-2.4757707118988037,1.444646418094635,ok,ok
real_std,2026,block_03,shifted,0,1,0,010,2,2000,equal Gear/RPM,0.0,0.00025,-1.509886920452118,1.0590513944625854,ok,ok
real_std,2026,block_03,shifted,0,1,1,011,2,2000,equal Gear/RPM,0.0,0.0075,-2.21626079082489,1.0537760853767395,ok,ok
real_std,2026,block_03,shifted,1,0,0,100,2,2000,equal Gear/RPM,0.0,0.21875,-1.1085366532206535,4.738246202468872,ok,ok
real_std,2026,block_03,shifted,1,0,1,101,2,2000,equal Gear/RPM,0.0,0.39949999999999997,-1.3339991346001625,6.348433494567871,ok,ok
real_std,2026,block_03,shifted,1,1,0,110,2,2000,equal Gear/RPM,0.0,0.072,-1.2576659321784973,2.930693507194519,ok,ok
real_std,2026,block_03,shifted,1,1,1,111,2,2000,equal Gear/RPM,0.00025,0.13574999999999998,-0.561794102191925,4.133529901504517,ok,ok
real_std,3407,block_01,canonical,0,0,0,000,2,2000,equal Gear/RPM,0.0,0.0,-1.2205724865198135,-0.9632328152656555,ok,ok
real_std,3407,block_01,canonical,0,0,1,001,2,2000,equal Gear/RPM,0.0,0.0035,-0.9780834466218948,-0.38680170848965645,ok,ok
real_std,3407,block_01,canonical,0,1,0,010,2,2000,equal Gear/RPM,0.00025,0.0005,-0.11323070526123047,-0.2551112696528435,ok,ok
real_std,3407,block_01,canonical,0,1,1,011,2,2000,equal Gear/RPM,0.00025,0.01375,0.2672340124845505,0.8450557589530945,ok,ok
real_std,3407,block_01,canonical,1,0,0,100,2,2000,equal Gear/RPM,0.039,0.7115,4.666145205497742,11.491578102111816,ok,ok
real_std,3407,block_01,canonical,1,0,1,101,2,2000,equal Gear/RPM,0.00975,0.9704999999999999,3.6431617736816406,20.600961685180664,ok,ok
real_std,3407,block_01,canonical,1,1,0,110,2,2000,equal Gear/RPM,0.0335,0.6075,4.345711708068848,9.96686840057373,ok,ok
real_std,3407,block_01,canonical,1,1,1,111,2,2000,equal Gear/RPM,0.0155,0.8835,4.029528379440308,18.261403560638428,ok,ok
real_std,3407,block_01,shifted,0,0,0,000,2,2000,equal Gear/RPM,0.0,0.0,-1.222663775086403,-0.9706605672836304,ok,ok
real_std,3407,block_01,shifted,0,0,1,001,2,2000,equal Gear/RPM,0.0,0.0035,-1.0314157903194427,-0.4615575298666954,ok,ok
real_std,3407,block_01,shifted,0,1,0,010,2,2000,equal Gear/RPM,0.00025,0.0005,-0.10590589046478271,-0.2577708885073662,ok,ok
real_std,3407,block_01,shifted,0,1,1,011,2,2000,equal Gear/RPM,0.00025,0.0135,0.2580602467060089,0.8151720613241196,ok,ok
real_std,3407,block_01,shifted,1,0,0,100,2,2000,equal Gear/RPM,0.03925,0.71625,4.689855217933655,11.548259735107422,ok,ok
real_std,3407,block_01,shifted,1,0,1,101,2,2000,equal Gear/RPM,0.00925,0.97125,3.640775442123413,20.666615962982178,ok,ok
real_std,3407,block_01,shifted,1,1,0,110,2,2000,equal Gear/RPM,0.03375,0.611,4.373965859413147,10.022263526916504,ok,ok
real_std,3407,block_01,shifted,1,1,1,111,2,2000,equal Gear/RPM,0.0155,0.884,4.0292404890060425,18.345938205718994,ok,ok
real_std,3407,block_02,canonical,0,0,0,000,2,2000,equal Gear/RPM,0.0,0.001,-1.186433706432581,-0.9681179523468018,ok,ok
real_std,3407,block_02,canonical,0,0,1,001,2,2000,equal Gear/RPM,0.0,0.004750000000000001,-0.9879797101020813,-0.4486270137131214,ok,ok
real_std,3407,block_02,canonical,0,1,0,010,2,2000,equal Gear/RPM,0.0,0.0015,-0.1129070520401001,-0.2574801370501518,ok,ok
real_std,3407,block_02,canonical,0,1,1,011,2,2000,equal Gear/RPM,0.00075,0.02075,0.22853222489356995,0.7969819605350494,ok,ok
real_std,3407,block_02,canonical,1,0,0,100,2,2000,equal Gear/RPM,0.04175,0.71475,4.616088151931763,11.31859302520752,ok,ok
real_std,3407,block_02,canonical,1,0,1,101,2,2000,equal Gear/RPM,0.008,0.9685,3.6295312643051147,20.390742778778076,ok,ok
real_std,3407,block_02,canonical,1,1,0,110,2,2000,equal Gear/RPM,0.03625,0.6212500000000001,4.30673611164093,10.07154655456543,ok,ok
real_std,3407,block_02,canonical,1,1,1,111,2,2000,equal Gear/RPM,0.01575,0.88325,3.9603370428085327,18.191195011138916,ok,ok
real_std,3407,block_02,shifted,0,0,0,000,2,2000,equal Gear/RPM,0.0,0.001,-1.18883016705513,-0.9759325087070465,ok,ok
real_std,3407,block_02,shifted,0,0,1,001,2,2000,equal Gear/RPM,0.0,0.004,-1.0391167551279068,-0.5200697854161263,ok,ok
real_std,3407,block_02,shifted,0,1,0,010,2,2000,equal Gear/RPM,0.0,0.0015,-0.10606426000595093,-0.259910523891449,ok,ok
real_std,3407,block_02,shifted,0,1,1,011,2,2000,equal Gear/RPM,0.00075,0.0195,0.2192791998386383,0.7668173760175705,ok,ok
real_std,3407,block_02,shifted,1,0,0,100,2,2000,equal Gear/RPM,0.042,0.718,4.639313697814941,11.376664638519287,ok,ok
real_std,3407,block_02,shifted,1,0,1,101,2,2000,equal Gear/RPM,0.008,0.96925,3.6277616024017334,20.455933094024658,ok,ok
real_std,3407,block_02,shifted,1,1,0,110,2,2000,equal Gear/RPM,0.0375,0.625,4.333271682262421,10.12668228149414,ok,ok
real_std,3407,block_02,shifted,1,1,1,111,2,2000,equal Gear/RPM,0.015,0.884,3.960207462310791,18.275090217590332,ok,ok
real_std,3407,block_03,canonical,0,0,0,000,2,2000,equal Gear/RPM,0.0,0.0,-1.1928853206336498,-0.9512761533260345,ok,ok
real_std,3407,block_03,canonical,0,0,1,001,2,2000,equal Gear/RPM,0.0,0.00375,-0.979931652545929,-0.38769708946347237,ok,ok
real_std,3407,block_03,canonical,0,1,0,010,2,2000,equal Gear/RPM,0.0005,0.00125,-0.11214685440063477,-0.27046098560094833,ok,ok
real_std,3407,block_03,canonical,0,1,1,011,2,2000,equal Gear/RPM,0.0005,0.0175,0.20479433238506317,0.7955304533243179,ok,ok
real_std,3407,block_03,canonical,1,0,0,100,2,2000,equal Gear/RPM,0.04,0.71375,4.594642877578735,11.53753137588501,ok,ok
real_std,3407,block_03,canonical,1,0,1,101,2,2000,equal Gear/RPM,0.008,0.973,3.5687143802642822,20.6243839263916,ok,ok
real_std,3407,block_03,canonical,1,1,0,110,2,2000,equal Gear/RPM,0.0355,0.609,4.273227572441101,10.000728607177734,ok,ok
real_std,3407,block_03,canonical,1,1,1,111,2,2000,equal Gear/RPM,0.018,0.881,3.952778458595276,18.080417156219482,ok,ok
real_std,3407,block_03,shifted,0,0,0,000,2,2000,equal Gear/RPM,0.0,0.0,-1.1951904632151127,-0.9590651392936707,ok,ok
real_std,3407,block_03,shifted,0,0,1,001,2,2000,equal Gear/RPM,0.0,0.0035,-1.0323606431484222,-0.4606383554637432,ok,ok
real_std,3407,block_03,shifted,0,1,0,010,2,2000,equal Gear/RPM,0.0005,0.00125,-0.10540622472763062,-0.2729409486055374,ok,ok
real_std,3407,block_03,shifted,0,1,1,011,2,2000,equal Gear/RPM,0.0005,0.01675,0.1956533044576645,0.767178475856781,ok,ok
real_std,3407,block_03,shifted,1,0,0,100,2,2000,equal Gear/RPM,0.0405,0.7195,4.618266701698303,11.59498929977417,ok,ok
real_std,3407,block_03,shifted,1,0,1,101,2,2000,equal Gear/RPM,0.008,0.973,3.5667197704315186,20.689184188842773,ok,ok
real_std,3407,block_03,shifted,1,1,0,110,2,2000,equal Gear/RPM,0.03575,0.612,4.301204741001129,10.055890560150146,ok,ok
real_std,3407,block_03,shifted,1,1,1,111,2,2000,equal Gear/RPM,0.018,0.88125,3.9523710012435913,18.16462802886963,ok,ok
rule_ms,7,block_01,canonical,0,0,0,000,2,2000,equal Gear/RPM,1.0,1.0,39.01657676696777,68.31973075866699,ok,ok
rule_ms,7,block_01,canonical,0,0,1,001,2,2000,equal Gear/RPM,1.0,1.0,32.136895179748535,52.74473190307617,ok,ok
rule_ms,7,block_01,canonical,0,1,0,010,2,2000,equal Gear/RPM,1.0,1.0,49.433624267578125,97.46601867675781,ok,ok
rule_ms,7,block_01,canonical,0,1,1,011,2,2000,equal Gear/RPM,1.0,1.0,44.43832588195801,87.23198318481445,ok,ok
rule_ms,7,block_01,canonical,1,0,0,100,2,2000,equal Gear/RPM,0.01025,1.0,0.7724558711051941,40.277814865112305,ok,ok
rule_ms,7,block_01,canonical,1,0,1,101,2,2000,equal Gear/RPM,0.0,1.0,-4.055399656295776,46.73535919189453,ok,ok
rule_ms,7,block_01,canonical,1,1,0,110,2,2000,equal Gear/RPM,0.026000000000000002,0.9915,4.266013085842133,35.93757438659668,ok,ok
rule_ms,7,block_01,canonical,1,1,1,111,2,2000,equal Gear/RPM,0.001,1.0,-0.2849765419960022,45.73325157165527,ok,ok
rule_ms,7,block_01,shifted,0,0,0,000,2,2000,equal Gear/RPM,1.0,1.0,38.27237129211426,67.70997428894043,ok,ok
rule_ms,7,block_01,shifted,0,0,1,001,2,2000,equal Gear/RPM,1.0,1.0,31.874309539794922,52.318437576293945,ok,ok
rule_ms,7,block_01,shifted,0,1,0,010,2,2000,equal Gear/RPM,1.0,1.0,48.71845245361328,97.4643783569336,ok,ok
rule_ms,7,block_01,shifted,0,1,1,011,2,2000,equal Gear/RPM,1.0,1.0,43.90644073486328,87.06144332885742,ok,ok
rule_ms,7,block_01,shifted,1,0,0,100,2,2000,equal Gear/RPM,0.011,1.0,0.8595287203788757,40.67373466491699,ok,ok
rule_ms,7,block_01,shifted,1,0,1,101,2,2000,equal Gear/RPM,0.0,1.0,-3.9924358129501343,47.04943084716797,ok,ok
rule_ms,7,block_01,shifted,1,1,0,110,2,2000,equal Gear/RPM,0.026250000000000002,0.99325,4.3108062744140625,36.31024360656738,ok,ok
rule_ms,7,block_01,shifted,1,1,1,111,2,2000,equal Gear/RPM,0.00125,1.0,-0.2651292681694031,46.059814453125,ok,ok
rule_ms,7,block_02,canonical,0,0,0,000,2,2000,equal Gear/RPM,0.99925,0.9995,39.05066108703613,68.33909034729004,ok,ok
rule_ms,7,block_02,canonical,0,0,1,001,2,2000,equal Gear/RPM,0.99925,0.9995,32.18747520446777,52.87408256530762,ok,ok
rule_ms,7,block_02,canonical,0,1,0,010,2,2000,equal Gear/RPM,0.99925,0.9995,49.634687423706055,97.66962814331055,ok,ok
rule_ms,7,block_02,canonical,0,1,1,011,2,2000,equal Gear/RPM,0.99925,0.9995,44.526559829711914,87.13523483276367,ok,ok
rule_ms,7,block_02,canonical,1,0,0,100,2,2000,equal Gear/RPM,0.01225,0.99875,0.8351724147796631,40.08557891845703,ok,ok
rule_ms,7,block_02,canonical,1,0,1,101,2,2000,equal Gear/RPM,0.00025,0.9995,-3.98605215549469,46.490285873413086,ok,ok
rule_ms,7,block_02,canonical,1,1,0,110,2,2000,equal Gear/RPM,0.02875,0.9895,4.239056348800659,36.18913269042969,ok,ok
rule_ms,7,block_02,canonical,1,1,1,111,2,2000,equal Gear/RPM,0.00125,0.9995,-0.31737565994262695,45.80494499206543,ok,ok
rule_ms,7,block_02,shifted,0,0,0,000,2,2000,equal Gear/RPM,0.99925,0.9995,38.296048164367676,67.72002029418945,ok,ok
rule_ms,7,block_02,shifted,0,0,1,001,2,2000,equal Gear/RPM,0.99925,0.9995,31.92333221435547,52.447832107543945,ok,ok
rule_ms,7,block_02,shifted,0,1,0,010,2,2000,equal Gear/RPM,0.99925,0.9995,48.916425704956055,97.6641960144043,ok,ok
rule_ms,7,block_02,shifted,0,1,1,011,2,2000,equal Gear/RPM,0.99925,0.9995,43.9829158782959,86.9650650024414,ok,ok
rule_ms,7,block_02,shifted,1,0,0,100,2,2000,equal Gear/RPM,0.013,0.9990000000000001,0.9182178378105164,40.485050201416016,ok,ok
rule_ms,7,block_02,shifted,1,0,1,101,2,2000,equal Gear/RPM,0.00025,0.9995,-3.9241549968719482,46.806095123291016,ok,ok
rule_ms,7,block_02,shifted,1,1,0,110,2,2000,equal Gear/RPM,0.02975,0.99125,4.283159852027893,36.55924320220947,ok,ok
rule_ms,7,block_02,shifted,1,1,1,111,2,2000,equal Gear/RPM,0.00125,0.9995,-0.2984643876552582,46.12644004821777,ok,ok
rule_ms,7,block_03,canonical,0,0,0,000,2,2000,equal Gear/RPM,1.0,1.0,38.97872543334961,68.29461860656738,ok,ok
rule_ms,7,block_03,canonical,0,0,1,001,2,2000,equal Gear/RPM,1.0,1.0,32.113014221191406,52.8271484375,ok,ok
rule_ms,7,block_03,canonical,0,1,0,010,2,2000,equal Gear/RPM,1.0,1.0,49.445533752441406,97.6087417602539,ok,ok
rule_ms,7,block_03,canonical,0,1,1,011,2,2000,equal Gear/RPM,1.0,1.0,44.40442085266113,87.21335220336914,ok,ok
rule_ms,7,block_03,canonical,1,0,0,100,2,2000,equal Gear/RPM,0.0075,0.99975,0.7388471961021423,40.29874038696289,ok,ok
rule_ms,7,block_03,canonical,1,0,1,101,2,2000,equal Gear/RPM,0.0,1.0,-4.1210548877716064,46.854591369628906,ok,ok
rule_ms,7,block_03,canonical,1,1,0,110,2,2000,equal Gear/RPM,0.02325,0.988,4.290403127670288,35.71524715423584,ok,ok
rule_ms,7,block_03,canonical,1,1,1,111,2,2000,equal Gear/RPM,0.00125,1.0,-0.2906253933906555,45.38042068481445,ok,ok
rule_ms,7,block_03,shifted,0,0,0,000,2,2000,equal Gear/RPM,1.0,1.0,38.24032783508301,67.69479751586914,ok,ok
rule_ms,7,block_03,shifted,0,0,1,001,2,2000,equal Gear/RPM,1.0,1.0,31.855551719665527,52.4122200012207,ok,ok
rule_ms,7,block_03,shifted,0,1,0,010,2,2000,equal Gear/RPM,1.0,1.0,48.742685317993164,97.6096420288086,ok,ok
rule_ms,7,block_03,shifted,0,1,1,011,2,2000,equal Gear/RPM,1.0,1.0,43.872440338134766,87.0472412109375,ok,ok
rule_ms,7,block_03,shifted,1,0,0,100,2,2000,equal Gear/RPM,0.00875,0.99975,0.8229848742485046,40.70168495178223,ok,ok
rule_ms,7,block_03,shifted,1,0,1,101,2,2000,equal Gear/RPM,0.0,1.0,-4.059429287910461,47.171775817871094,ok,ok
rule_ms,7,block_03,shifted,1,1,0,110,2,2000,equal Gear/RPM,0.02475,0.9902500000000001,4.3356574177742,36.09248161315918,ok,ok
rule_ms,7,block_03,shifted,1,1,1,111,2,2000,equal Gear/RPM,0.00175,1.0,-0.2724374532699585,45.708377838134766,ok,ok
rule_ms,42,block_01,canonical,0,0,0,000,2,2000,equal Gear/RPM,1.0,1.0,38.916847229003906,83.26919555664062,ok,ok
rule_ms,42,block_01,canonical,0,0,1,001,2,2000,equal Gear/RPM,1.0,1.0,34.238704681396484,70.33564758300781,ok,ok
rule_ms,42,block_01,canonical,0,1,0,010,2,2000,equal Gear/RPM,1.0,1.0,49.12110710144043,126.02631759643555,ok,ok
rule_ms,42,block_01,canonical,0,1,1,011,2,2000,equal Gear/RPM,1.0,1.0,46.029035568237305,120.95823287963867,ok,ok
rule_ms,42,block_01,canonical,1,0,0,100,2,2000,equal Gear/RPM,0.04425,0.7015,7.868849515914917,18.49390935897827,ok,ok
rule_ms,42,block_01,canonical,1,0,1,101,2,2000,equal Gear/RPM,0.0052499999999999995,0.9955,5.778494596481323,25.465566635131836,ok,ok
rule_ms,42,block_01,canonical,1,1,0,110,2,2000,equal Gear/RPM,0.1345,0.75075,9.642406463623047,22.651247024536133,ok,ok
rule_ms,42,block_01,canonical,1,1,1,111,2,2000,equal Gear/RPM,0.047,0.99475,7.564914226531982,30.989206314086914,ok,ok
rule_ms,42,block_01,shifted,0,0,0,000,2,2000,equal Gear/RPM,1.0,1.0,37.935115814208984,82.68127822875977,ok,ok
rule_ms,42,block_01,shifted,0,0,1,001,2,2000,equal Gear/RPM,1.0,1.0,33.680381774902344,70.0571174621582,ok,ok
rule_ms,42,block_01,shifted,0,1,0,010,2,2000,equal Gear/RPM,1.0,1.0,48.13206100463867,126.42315292358398,ok,ok
rule_ms,42,block_01,shifted,0,1,1,011,2,2000,equal Gear/RPM,1.0,1.0,44.95783042907715,121.231689453125,ok,ok
rule_ms,42,block_01,shifted,1,0,0,100,2,2000,equal Gear/RPM,0.05449999999999999,0.7355,8.194983959197998,18.917519092559814,ok,ok
rule_ms,42,block_01,shifted,1,0,1,101,2,2000,equal Gear/RPM,0.0055,0.99675,5.884029865264893,25.79276943206787,ok,ok
rule_ms,42,block_01,shifted,1,1,0,110,2,2000,equal Gear/RPM,0.15125,0.7705,9.860942363739014,23.02397346496582,ok,ok
rule_ms,42,block_01,shifted,1,1,1,111,2,2000,equal Gear/RPM,0.048499999999999995,0.9950000000000001,7.670617580413818,31.346837997436523,ok,ok
rule_ms,42,block_02,canonical,0,0,0,000,2,2000,equal Gear/RPM,0.999,1.0,38.835805892944336,83.34208297729492,ok,ok
rule_ms,42,block_02,canonical,0,0,1,001,2,2000,equal Gear/RPM,0.999,1.0,34.153242111206055,70.04782485961914,ok,ok
rule_ms,42,block_02,canonical,0,1,0,010,2,2000,equal Gear/RPM,0.999,1.0,49.159915924072266,126.22144317626953,ok,ok
rule_ms,42,block_02,canonical,0,1,1,011,2,2000,equal Gear/RPM,0.999,1.0,45.97758483886719,120.69853210449219,ok,ok
rule_ms,42,block_02,canonical,1,0,0,100,2,2000,equal Gear/RPM,0.04725,0.7192500000000001,7.8825929164886475,18.42198371887207,ok,ok
rule_ms,42,block_02,canonical,1,0,1,101,2,2000,equal Gear/RPM,0.0035,0.99575,5.7823545932769775,25.268198013305664,ok,ok
rule_ms,42,block_02,canonical,1,1,0,110,2,2000,equal Gear/RPM,0.1365,0.7625,9.586870670318604,22.804018020629883,ok,ok
rule_ms,42,block_02,canonical,1,1,1,111,2,2000,equal Gear/RPM,0.05475,0.99575,7.486616849899292,31.06744956970215,ok,ok
rule_ms,42,block_02,shifted,0,0,0,000,2,2000,equal Gear/RPM,0.999,1.0,37.83438682556152,82.73211669921875,ok,ok
rule_ms,42,block_02,shifted,0,0,1,001,2,2000,equal Gear/RPM,0.999,1.0,33.58833312988281,69.75897407531738,ok,ok
rule_ms,42,block_02,shifted,0,1,0,010,2,2000,equal Gear/RPM,0.999,1.0,48.1565055847168,126.60196685791016,ok,ok
rule_ms,42,block_02,shifted,0,1,1,011,2,2000,equal Gear/RPM,0.999,1.0,44.90884017944336,120.97208786010742,ok,ok
rule_ms,42,block_02,shifted,1,0,0,100,2,2000,equal Gear/RPM,0.05975,0.7482500000000001,8.197057962417603,18.84721279144287,ok,ok
rule_ms,42,block_02,shifted,1,0,1,101,2,2000,equal Gear/RPM,0.00375,0.99675,5.88762640953064,25.5960750579834,ok,ok
rule_ms,42,block_02,shifted,1,1,0,110,2,2000,equal Gear/RPM,0.14825,0.7785,9.801684856414795,23.17817497253418,ok,ok
rule_ms,42,block_02,shifted,1,1,1,111,2,2000,equal Gear/RPM,0.0565,0.9962500000000001,7.590088367462158,31.423213005065918,ok,ok
rule_ms,42,block_03,canonical,0,0,0,000,2,2000,equal Gear/RPM,1.0,1.0,38.72354698181152,83.090087890625,ok,ok
rule_ms,42,block_03,canonical,0,0,1,001,2,2000,equal Gear/RPM,1.0,1.0,34.11260223388672,70.11198234558105,ok,ok
rule_ms,42,block_03,canonical,0,1,0,010,2,2000,equal Gear/RPM,1.0,1.0,49.03227996826172,126.37346649169922,ok,ok
rule_ms,42,block_03,canonical,0,1,1,011,2,2000,equal Gear/RPM,1.0,1.0,45.9451789855957,121.21243667602539,ok,ok
rule_ms,42,block_03,canonical,1,0,0,100,2,2000,equal Gear/RPM,0.04625,0.7115,7.7413036823272705,18.528942108154297,ok,ok
rule_ms,42,block_03,canonical,1,0,1,101,2,2000,equal Gear/RPM,0.004750000000000001,0.99325,5.623373031616211,25.430599212646484,ok,ok
rule_ms,42,block_03,canonical,1,1,0,110,2,2000,equal Gear/RPM,0.13824999999999998,0.7577499999999999,9.559888362884521,22.587000370025635,ok,ok
rule_ms,42,block_03,canonical,1,1,1,111,2,2000,equal Gear/RPM,0.05325,0.99525,7.498258590698242,30.769493103027344,ok,ok
rule_ms,42,block_03,shifted,0,0,0,000,2,2000,equal Gear/RPM,1.0,1.0,37.74202919006348,82.49988174438477,ok,ok
rule_ms,42,block_03,shifted,0,0,1,001,2,2000,equal Gear/RPM,1.0,1.0,33.55770301818848,69.83398818969727,ok,ok
rule_ms,42,block_03,shifted,0,1,0,010,2,2000,equal Gear/RPM,1.0,1.0,48.03529930114746,126.76262283325195,ok,ok
rule_ms,42,block_03,shifted,0,1,1,011,2,2000,equal Gear/RPM,1.0,1.0,44.87474822998047,121.48886489868164,ok,ok
rule_ms,42,block_03,shifted,1,0,0,100,2,2000,equal Gear/RPM,0.056749999999999995,0.74275,8.06113338470459,18.95708179473877,ok,ok
rule_ms,42,block_03,shifted,1,0,1,101,2,2000,equal Gear/RPM,0.004750000000000001,0.9944999999999999,5.730180025100708,25.759724617004395,ok,ok
rule_ms,42,block_03,shifted,1,1,0,110,2,2000,equal Gear/RPM,0.15025,0.77875,9.778950214385986,22.96692991256714,ok,ok
rule_ms,42,block_03,shifted,1,1,1,111,2,2000,equal Gear/RPM,0.056,0.9962500000000001,7.60239577293396,31.12914752960205,ok,ok
rule_ms,123,block_01,canonical,0,0,0,000,2,2000,equal Gear/RPM,1.0,1.0,36.67105674743652,78.15911865234375,ok,ok
rule_ms,123,block_01,canonical,0,0,1,001,2,2000,equal Gear/RPM,1.0,1.0,31.565476417541504,64.38338851928711,ok,ok
rule_ms,123,block_01,canonical,0,1,0,010,2,2000,equal Gear/RPM,1.0,1.0,48.647308349609375,118.41793441772461,ok,ok
rule_ms,123,block_01,canonical,0,1,1,011,2,2000,equal Gear/RPM,1.0,1.0,44.58770561218262,111.06342315673828,ok,ok
rule_ms,123,block_01,canonical,1,0,0,100,2,2000,equal Gear/RPM,0.2255,0.98375,6.355141222476959,39.83720397949219,ok,ok
rule_ms,123,block_01,canonical,1,0,1,101,2,2000,equal Gear/RPM,0.014499999999999999,1.0,3.2312613129615784,47.459585189819336,ok,ok
rule_ms,123,block_01,canonical,1,1,0,110,2,2000,equal Gear/RPM,0.219,0.9735,7.872904539108276,42.43438148498535,ok,ok
rule_ms,123,block_01,canonical,1,1,1,111,2,2000,equal Gear/RPM,0.026,1.0,3.1813969016075134,59.240928649902344,ok,ok
rule_ms,123,block_01,shifted,0,0,0,000,2,2000,equal Gear/RPM,1.0,1.0,35.94062328338623,77.48957443237305,ok,ok
rule_ms,123,block_01,shifted,0,0,1,001,2,2000,equal Gear/RPM,1.0,1.0,31.109042167663574,63.736019134521484,ok,ok
rule_ms,123,block_01,shifted,0,1,0,010,2,2000,equal Gear/RPM,1.0,1.0,47.745018005371094,118.36457061767578,ok,ok
rule_ms,123,block_01,shifted,0,1,1,011,2,2000,equal Gear/RPM,1.0,1.0,43.454254150390625,110.49514770507812,ok,ok
rule_ms,123,block_01,shifted,1,0,0,100,2,2000,equal Gear/RPM,0.24975,0.99,6.592614948749542,40.45592498779297,ok,ok
rule_ms,123,block_01,shifted,1,0,1,101,2,2000,equal Gear/RPM,0.01625,1.0,3.3527841567993164,47.83521270751953,ok,ok
rule_ms,123,block_01,shifted,1,1,0,110,2,2000,equal Gear/RPM,0.23125,0.979,8.010433912277222,43.02901649475098,ok,ok
rule_ms,123,block_01,shifted,1,1,1,111,2,2000,equal Gear/RPM,0.027,1.0,3.3267104625701904,59.739810943603516,ok,ok
rule_ms,123,block_02,canonical,0,0,0,000,2,2000,equal Gear/RPM,0.9995,1.0,36.699238777160645,78.19351577758789,ok,ok
rule_ms,123,block_02,canonical,0,0,1,001,2,2000,equal Gear/RPM,0.9995,1.0,31.529269218444824,64.21440696716309,ok,ok
rule_ms,123,block_02,canonical,0,1,0,010,2,2000,equal Gear/RPM,0.9995,1.0,48.70219612121582,118.5683479309082,ok,ok
rule_ms,123,block_02,canonical,0,1,1,011,2,2000,equal Gear/RPM,0.9995,1.0,44.54618263244629,110.74206161499023,ok,ok
rule_ms,123,block_02,canonical,1,0,0,100,2,2000,equal Gear/RPM,0.227,0.98725,6.450250208377838,39.71843147277832,ok,ok
rule_ms,123,block_02,canonical,1,0,1,101,2,2000,equal Gear/RPM,0.01775,1.0,3.3446370363235474,47.17461013793945,ok,ok
rule_ms,123,block_02,canonical,1,1,0,110,2,2000,equal Gear/RPM,0.2305,0.97275,7.958609342575073,42.717318534851074,ok,ok
rule_ms,123,block_02,canonical,1,1,1,111,2,2000,equal Gear/RPM,0.0295,1.0,3.1805091500282288,59.29205322265625,ok,ok
rule_ms,123,block_02,shifted,0,0,0,000,2,2000,equal Gear/RPM,0.9995,1.0,35.96089839935303,77.51123809814453,ok,ok
rule_ms,123,block_02,shifted,0,0,1,001,2,2000,equal Gear/RPM,0.9995,1.0,31.072505950927734,63.56939888000488,ok,ok
rule_ms,123,block_02,shifted,0,1,0,010,2,2000,equal Gear/RPM,0.9995,1.0,47.782535552978516,118.49602890014648,ok,ok
rule_ms,123,block_02,shifted,0,1,1,011,2,2000,equal Gear/RPM,0.9995,1.0,43.4124813079834,110.17522048950195,ok,ok
rule_ms,123,block_02,shifted,1,0,0,100,2,2000,equal Gear/RPM,0.253,0.99175,6.682457685470581,40.333871841430664,ok,ok
rule_ms,123,block_02,shifted,1,0,1,101,2,2000,equal Gear/RPM,0.01975,1.0,3.4617688059806824,47.55161666870117,ok,ok
rule_ms,123,block_02,shifted,1,1,0,110,2,2000,equal Gear/RPM,0.24325000000000002,0.9782500000000001,8.096798181533813,43.31243324279785,ok,ok
rule_ms,123,block_02,shifted,1,1,1,111,2,2000,equal Gear/RPM,0.03,1.0,3.3232434391975403,59.7912540435791,ok,ok
rule_ms,123,block_03,canonical,0,0,0,000,2,2000,equal Gear/RPM,1.0,1.0,36.553876876831055,77.84560775756836,ok,ok
rule_ms,123,block_03,canonical,0,0,1,001,2,2000,equal Gear/RPM,1.0,1.0,31.446605682373047,64.0889778137207,ok,ok
rule_ms,123,block_03,canonical,0,1,0,010,2,2000,equal Gear/RPM,1.0,1.0,48.56025314331055,118.54526901245117,ok,ok
rule_ms,123,block_03,canonical,0,1,1,011,2,2000,equal Gear/RPM,1.0,1.0,44.53291320800781,111.13920593261719,ok,ok
rule_ms,123,block_03,canonical,1,0,0,100,2,2000,equal Gear/RPM,0.224,0.979,6.273636639118195,39.62574005126953,ok,ok
rule_ms,123,block_03,canonical,1,0,1,101,2,2000,equal Gear/RPM,0.0125,1.0,3.1455084681510925,47.273651123046875,ok,ok
rule_ms,123,block_03,canonical,1,1,0,110,2,2000,equal Gear/RPM,0.22525,0.97125,7.948318958282471,42.10497283935547,ok,ok
rule_ms,123,block_03,canonical,1,1,1,111,2,2000,equal Gear/RPM,0.026,1.0,3.2023889422416687,58.66460609436035,ok,ok
rule_ms,123,block_03,shifted,0,0,0,000,2,2000,equal Gear/RPM,1.0,1.0,35.827576637268066,77.18396377563477,ok,ok
rule_ms,123,block_03,shifted,0,0,1,001,2,2000,equal Gear/RPM,1.0,1.0,30.994909286499023,63.45243453979492,ok,ok
rule_ms,123,block_03,shifted,0,1,0,010,2,2000,equal Gear/RPM,1.0,1.0,47.64561080932617,118.47945785522461,ok,ok
rule_ms,123,block_03,shifted,0,1,1,011,2,2000,equal Gear/RPM,1.0,1.0,43.40126419067383,110.57235717773438,ok,ok
rule_ms,123,block_03,shifted,1,0,0,100,2,2000,equal Gear/RPM,0.24725,0.9855,6.512734472751617,40.240620613098145,ok,ok
rule_ms,123,block_03,shifted,1,0,1,101,2,2000,equal Gear/RPM,0.015000000000000001,1.0,3.2627338767051697,47.64779853820801,ok,ok
rule_ms,123,block_03,shifted,1,1,0,110,2,2000,equal Gear/RPM,0.239,0.97675,8.087633848190308,42.702199935913086,ok,ok
rule_ms,123,block_03,shifted,1,1,1,111,2,2000,equal Gear/RPM,0.02675,1.0,3.3444920778274536,59.163862228393555,ok,ok
rule_ms,2026,block_01,canonical,0,0,0,000,2,2000,equal Gear/RPM,1.0,1.0,37.64640426635742,79.17812728881836,ok,ok
rule_ms,2026,block_01,canonical,0,0,1,001,2,2000,equal Gear/RPM,1.0,1.0,32.0855770111084,64.85637664794922,ok,ok
rule_ms,2026,block_01,canonical,0,1,0,010,2,2000,equal Gear/RPM,1.0,1.0,46.3293514251709,108.96597671508789,ok,ok
rule_ms,2026,block_01,canonical,0,1,1,011,2,2000,equal Gear/RPM,1.0,1.0,41.362802505493164,98.19924926757812,ok,ok
rule_ms,2026,block_01,canonical,1,0,0,100,2,2000,equal Gear/RPM,0.04725,0.82575,6.604724645614624,28.907849311828613,ok,ok
rule_ms,2026,block_01,canonical,1,0,1,101,2,2000,equal Gear/RPM,0.004,1.0,3.5816872119903564,40.928321838378906,ok,ok
rule_ms,2026,block_01,canonical,1,1,0,110,2,2000,equal Gear/RPM,0.0525,0.80575,7.205891132354736,27.068045139312744,ok,ok
rule_ms,2026,block_01,canonical,1,1,1,111,2,2000,equal Gear/RPM,0.006999999999999999,0.99925,5.044989347457886,36.88975524902344,ok,ok
rule_ms,2026,block_01,shifted,0,0,0,000,2,2000,equal Gear/RPM,1.0,1.0,36.42796325683594,78.31942367553711,ok,ok
rule_ms,2026,block_01,shifted,0,0,1,001,2,2000,equal Gear/RPM,1.0,1.0,31.704055786132812,64.49898719787598,ok,ok
rule_ms,2026,block_01,shifted,0,1,0,010,2,2000,equal Gear/RPM,1.0,1.0,44.96361541748047,108.61592483520508,ok,ok
rule_ms,2026,block_01,shifted,0,1,1,011,2,2000,equal Gear/RPM,1.0,1.0,40.03843879699707,97.66113662719727,ok,ok
rule_ms,2026,block_01,shifted,1,0,0,100,2,2000,equal Gear/RPM,0.0495,0.847,6.700422763824463,29.325181007385254,ok,ok
rule_ms,2026,block_01,shifted,1,0,1,101,2,2000,equal Gear/RPM,0.004,1.0,3.482230305671692,41.328609466552734,ok,ok
rule_ms,2026,block_01,shifted,1,1,0,110,2,2000,equal Gear/RPM,0.053,0.8180000000000001,7.236852407455444,27.360501766204834,ok,ok
rule_ms,2026,block_01,shifted,1,1,1,111,2,2000,equal Gear/RPM,0.006749999999999999,0.99925,4.936644554138184,37.23127746582031,ok,ok
rule_ms,2026,block_02,canonical,0,0,0,000,2,2000,equal Gear/RPM,0.999,1.0,37.7515983581543,79.36088943481445,ok,ok
rule_ms,2026,block_02,canonical,0,0,1,001,2,2000,equal Gear/RPM,0.999,1.0,32.166930198669434,64.81723403930664,ok,ok
rule_ms,2026,block_02,canonical,0,1,0,010,2,2000,equal Gear/RPM,0.999,1.0,46.44008255004883,109.39275741577148,ok,ok
rule_ms,2026,block_02,canonical,0,1,1,011,2,2000,equal Gear/RPM,0.999,1.0,41.47035598754883,98.23292541503906,ok,ok
rule_ms,2026,block_02,canonical,1,0,0,100,2,2000,equal Gear/RPM,0.04625,0.82775,6.6925036907196045,28.797536849975586,ok,ok
rule_ms,2026,block_02,canonical,1,0,1,101,2,2000,equal Gear/RPM,0.00425,1.0,3.6645193099975586,40.74371147155762,ok,ok
rule_ms,2026,block_02,canonical,1,1,0,110,2,2000,equal Gear/RPM,0.05324999999999999,0.81525,7.24376654624939,27.436424255371094,ok,ok
rule_ms,2026,block_02,canonical,1,1,1,111,2,2000,equal Gear/RPM,0.00775,0.999,5.023126602172852,37.093990325927734,ok,ok
rule_ms,2026,block_02,shifted,0,0,0,000,2,2000,equal Gear/RPM,0.999,1.0,36.51594352722168,78.48047256469727,ok,ok
rule_ms,2026,block_02,shifted,0,0,1,001,2,2000,equal Gear/RPM,0.999,1.0,31.78028678894043,64.45140647888184,ok,ok
rule_ms,2026,block_02,shifted,0,1,0,010,2,2000,equal Gear/RPM,0.999,1.0,45.05943489074707,109.02937316894531,ok,ok
rule_ms,2026,block_02,shifted,0,1,1,011,2,2000,equal Gear/RPM,0.999,1.0,40.14198303222656,97.69780349731445,ok,ok
rule_ms,2026,block_02,shifted,1,0,0,100,2,2000,equal Gear/RPM,0.0495,0.85,6.785555601119995,29.214559078216553,ok,ok
rule_ms,2026,block_02,shifted,1,0,1,101,2,2000,equal Gear/RPM,0.00425,1.0,3.564518094062805,41.144853591918945,ok,ok
rule_ms,2026,block_02,shifted,1,1,0,110,2,2000,equal Gear/RPM,0.05349999999999999,0.8262499999999999,7.270252466201782,27.72998285293579,ok,ok
rule_ms,2026,block_02,shifted,1,1,1,111,2,2000,equal Gear/RPM,0.00775,0.999,4.9141621589660645,37.4308967590332,ok,ok
rule_ms,2026,block_03,canonical,0,0,0,000,2,2000,equal Gear/RPM,1.0,1.0,37.590518951416016,79.01177597045898,ok,ok
rule_ms,2026,block_03,canonical,0,0,1,001,2,2000,equal Gear/RPM,1.0,1.0,32.07627296447754,64.7624454498291,ok,ok
rule_ms,2026,block_03,canonical,0,1,0,010,2,2000,equal Gear/RPM,1.0,1.0,46.30070877075195,109.03630447387695,ok,ok
rule_ms,2026,block_03,canonical,0,1,1,011,2,2000,equal Gear/RPM,1.0,1.0,41.339332580566406,98.16893768310547,ok,ok
rule_ms,2026,block_03,canonical,1,0,0,100,2,2000,equal Gear/RPM,0.0455,0.82475,6.491458177566528,28.87442684173584,ok,ok
rule_ms,2026,block_03,canonical,1,0,1,101,2,2000,equal Gear/RPM,0.00625,1.0,3.4904438257217407,40.836931228637695,ok,ok
rule_ms,2026,block_03,canonical,1,1,0,110,2,2000,equal Gear/RPM,0.0565,0.80575,7.117579460144043,26.9335298538208,ok,ok
rule_ms,2026,block_03,canonical,1,1,1,111,2,2000,equal Gear/RPM,0.010499999999999999,0.99975,4.972750425338745,36.63669395446777,ok,ok
rule_ms,2026,block_03,shifted,0,0,0,000,2,2000,equal Gear/RPM,1.0,1.0,36.37838172912598,78.1592788696289,ok,ok
rule_ms,2026,block_03,shifted,0,0,1,001,2,2000,equal Gear/RPM,1.0,1.0,31.699050903320312,64.40746688842773,ok,ok
rule_ms,2026,block_03,shifted,0,1,0,010,2,2000,equal Gear/RPM,1.0,1.0,44.9309139251709,108.67725372314453,ok,ok
rule_ms,2026,block_03,shifted,0,1,1,011,2,2000,equal Gear/RPM,1.0,1.0,40.008052825927734,97.62884521484375,ok,ok
rule_ms,2026,block_03,shifted,1,0,0,100,2,2000,equal Gear/RPM,0.0495,0.8474999999999999,6.58811092376709,29.293560028076172,ok,ok
rule_ms,2026,block_03,shifted,1,0,1,101,2,2000,equal Gear/RPM,0.0065,1.0,3.3901586532592773,41.24022102355957,ok,ok
rule_ms,2026,block_03,shifted,1,1,0,110,2,2000,equal Gear/RPM,0.0565,0.81525,7.14868426322937,27.226829051971436,ok,ok
rule_ms,2026,block_03,shifted,1,1,1,111,2,2000,equal Gear/RPM,0.00875,0.99975,4.86292290687561,36.97886657714844,ok,ok
rule_ms,3407,block_01,canonical,0,0,0,000,2,2000,equal Gear/RPM,1.0,1.0,43.2189826965332,82.19176483154297,ok,ok
rule_ms,3407,block_01,canonical,0,0,1,001,2,2000,equal Gear/RPM,1.0,1.0,35.45625591278076,71.33818817138672,ok,ok
rule_ms,3407,block_01,canonical,0,1,0,010,2,2000,equal Gear/RPM,1.0,1.0,51.91909217834473,113.75228118896484,ok,ok
rule_ms,3407,block_01,canonical,0,1,1,011,2,2000,equal Gear/RPM,1.0,1.0,47.455841064453125,108.51744079589844,ok,ok
rule_ms,3407,block_01,canonical,1,0,0,100,2,2000,equal Gear/RPM,0.5197499999999999,0.93025,11.902318477630615,27.54347324371338,ok,ok
rule_ms,3407,block_01,canonical,1,0,1,101,2,2000,equal Gear/RPM,0.2295,1.0,8.529891729354858,33.387577056884766,ok,ok
rule_ms,3407,block_01,canonical,1,1,0,110,2,2000,equal Gear/RPM,0.61425,0.8595,13.599477291107178,25.594407081604004,ok,ok
rule_ms,3407,block_01,canonical,1,1,1,111,2,2000,equal Gear/RPM,0.46475,1.0,10.148697853088379,34.220258712768555,ok,ok
rule_ms,3407,block_01,shifted,0,0,0,000,2,2000,equal Gear/RPM,1.0,1.0,42.37653350830078,81.35084533691406,ok,ok
rule_ms,3407,block_01,shifted,0,0,1,001,2,2000,equal Gear/RPM,1.0,1.0,35.24453067779541,70.79035949707031,ok,ok
rule_ms,3407,block_01,shifted,0,1,0,010,2,2000,equal Gear/RPM,1.0,1.0,51.08902168273926,113.68483352661133,ok,ok
rule_ms,3407,block_01,shifted,0,1,1,011,2,2000,equal Gear/RPM,1.0,1.0,46.64250946044922,108.19611358642578,ok,ok
rule_ms,3407,block_01,shifted,1,0,0,100,2,2000,equal Gear/RPM,0.5345,0.93775,12.05524492263794,27.797412872314453,ok,ok
rule_ms,3407,block_01,shifted,1,0,1,101,2,2000,equal Gear/RPM,0.23025,1.0,8.545233011245728,33.64997100830078,ok,ok
rule_ms,3407,block_01,shifted,1,1,0,110,2,2000,equal Gear/RPM,0.62025,0.865,13.682344913482666,25.806212425231934,ok,ok
rule_ms,3407,block_01,shifted,1,1,1,111,2,2000,equal Gear/RPM,0.46625,1.0,10.15895938873291,34.33551025390625,ok,ok
rule_ms,3407,block_02,canonical,0,0,0,000,2,2000,equal Gear/RPM,0.999,1.0,43.24554443359375,82.2066535949707,ok,ok
rule_ms,3407,block_02,canonical,0,0,1,001,2,2000,equal Gear/RPM,0.999,1.0,35.42080593109131,71.30066680908203,ok,ok
rule_ms,3407,block_02,canonical,0,1,0,010,2,2000,equal Gear/RPM,0.999,1.0,51.99775505065918,113.76057434082031,ok,ok
rule_ms,3407,block_02,canonical,0,1,1,011,2,2000,equal Gear/RPM,0.999,1.0,47.46886444091797,108.26575088500977,ok,ok
rule_ms,3407,block_02,canonical,1,0,0,100,2,2000,equal Gear/RPM,0.5375,0.9317500000000001,11.932907104492188,27.478522300720215,ok,ok
rule_ms,3407,block_02,canonical,1,0,1,101,2,2000,equal Gear/RPM,0.23450000000000001,0.99975,8.589613199234009,33.17792320251465,ok,ok
rule_ms,3407,block_02,canonical,1,1,0,110,2,2000,equal Gear/RPM,0.6245,0.86625,13.619245529174805,25.866511344909668,ok,ok
rule_ms,3407,block_02,canonical,1,1,1,111,2,2000,equal Gear/RPM,0.45999999999999996,0.99975,10.125399589538574,34.081932067871094,ok,ok
rule_ms,3407,block_02,shifted,0,0,0,000,2,2000,equal Gear/RPM,0.999,1.0,42.38287925720215,81.35025024414062,ok,ok
rule_ms,3407,block_02,shifted,0,0,1,001,2,2000,equal Gear/RPM,0.999,1.0,35.206430435180664,70.74829864501953,ok,ok
rule_ms,3407,block_02,shifted,0,1,0,010,2,2000,equal Gear/RPM,0.999,1.0,51.16278839111328,113.68687057495117,ok,ok
rule_ms,3407,block_02,shifted,0,1,1,011,2,2000,equal Gear/RPM,0.999,1.0,46.660261154174805,107.9379653930664,ok,ok
rule_ms,3407,block_02,shifted,1,0,0,100,2,2000,equal Gear/RPM,0.551,0.9392499999999999,12.080824851989746,27.733400344848633,ok,ok
rule_ms,3407,block_02,shifted,1,0,1,101,2,2000,equal Gear/RPM,0.23675000000000002,0.99975,8.601557970046997,33.44514083862305,ok,ok
rule_ms,3407,block_02,shifted,1,1,0,110,2,2000,equal Gear/RPM,0.6255,0.86975,13.695980072021484,26.07494068145752,ok,ok
rule_ms,3407,block_02,shifted,1,1,1,111,2,2000,equal Gear/RPM,0.45999999999999996,0.99975,10.131546020507812,34.19298553466797,ok,ok
rule_ms,3407,block_03,canonical,0,0,0,000,2,2000,equal Gear/RPM,1.0,1.0,43.027286529541016,81.90103149414062,ok,ok
rule_ms,3407,block_03,canonical,0,0,1,001,2,2000,equal Gear/RPM,1.0,1.0,35.319891929626465,71.26966094970703,ok,ok
rule_ms,3407,block_03,canonical,0,1,0,010,2,2000,equal Gear/RPM,1.0,1.0,51.79664421081543,113.8621711730957,ok,ok
rule_ms,3407,block_03,canonical,0,1,1,011,2,2000,equal Gear/RPM,1.0,1.0,47.40436363220215,108.6253547668457,ok,ok
rule_ms,3407,block_03,canonical,1,0,0,100,2,2000,equal Gear/RPM,0.527,0.92825,11.83500623703003,27.62537670135498,ok,ok
rule_ms,3407,block_03,canonical,1,0,1,101,2,2000,equal Gear/RPM,0.22725,1.0,8.454005479812622,33.45306968688965,ok,ok
rule_ms,3407,block_03,canonical,1,1,0,110,2,2000,equal Gear/RPM,0.62875,0.86225,13.563439846038818,25.67610263824463,ok,ok
rule_ms,3407,block_03,canonical,1,1,1,111,2,2000,equal Gear/RPM,0.4675,0.99975,10.13174843788147,34.05885124206543,ok,ok
rule_ms,3407,block_03,shifted,0,0,0,000,2,2000,equal Gear/RPM,1.0,1.0,42.18313217163086,81.06844329833984,ok,ok
rule_ms,3407,block_03,shifted,0,0,1,001,2,2000,equal Gear/RPM,1.0,1.0,35.110618591308594,70.72521591186523,ok,ok
rule_ms,3407,block_03,shifted,0,1,0,010,2,2000,equal Gear/RPM,1.0,1.0,50.95943260192871,113.78402328491211,ok,ok
rule_ms,3407,block_03,shifted,0,1,1,011,2,2000,equal Gear/RPM,1.0,1.0,46.580528259277344,108.29315185546875,ok,ok
rule_ms,3407,block_03,shifted,1,0,0,100,2,2000,equal Gear/RPM,0.53975,0.9365,11.989969730377197,27.875843048095703,ok,ok
rule_ms,3407,block_03,shifted,1,0,1,101,2,2000,equal Gear/RPM,0.229,1.0,8.464664936065674,33.71628189086914,ok,ok
rule_ms,3407,block_03,shifted,1,1,0,110,2,2000,equal Gear/RPM,0.6325000000000001,0.8665,13.640525341033936,25.88728904724121,ok,ok
rule_ms,3407,block_03,shifted,1,1,1,111,2,2000,equal Gear/RPM,0.46825,0.99975,10.1372652053833,34.17135047912598,ok,ok
rule_std,7,block_01,canonical,0,0,0,000,2,2000,equal Gear/RPM,1.0,1.0,38.872907638549805,75.09489822387695,ok,ok
rule_std,7,block_01,canonical,0,0,1,001,2,2000,equal Gear/RPM,1.0,1.0,32.30660152435303,59.01790809631348,ok,ok
rule_std,7,block_01,canonical,0,1,0,010,2,2000,equal Gear/RPM,1.0,1.0,48.3576545715332,101.8036880493164,ok,ok
rule_std,7,block_01,canonical,0,1,1,011,2,2000,equal Gear/RPM,1.0,1.0,44.11082458496094,92.77570343017578,ok,ok
rule_std,7,block_01,canonical,1,0,0,100,2,2000,equal Gear/RPM,0.04575,0.97,6.097850561141968,30.859675407409668,ok,ok
rule_std,7,block_01,canonical,1,0,1,101,2,2000,equal Gear/RPM,0.00175,1.0,2.715308964252472,39.834720611572266,ok,ok
rule_std,7,block_01,canonical,1,1,0,110,2,2000,equal Gear/RPM,0.25925,0.8720000000000001,9.540841102600098,27.749878406524658,ok,ok
rule_std,7,block_01,canonical,1,1,1,111,2,2000,equal Gear/RPM,0.11775000000000001,0.99975,7.689786434173584,34.818100929260254,ok,ok
rule_std,7,block_01,shifted,0,0,0,000,2,2000,equal Gear/RPM,1.0,1.0,38.275672912597656,74.72489929199219,ok,ok
rule_std,7,block_01,shifted,0,0,1,001,2,2000,equal Gear/RPM,1.0,1.0,32.16414451599121,58.879722595214844,ok,ok
rule_std,7,block_01,shifted,0,1,0,010,2,2000,equal Gear/RPM,1.0,1.0,47.78704071044922,101.98019027709961,ok,ok
rule_std,7,block_01,shifted,0,1,1,011,2,2000,equal Gear/RPM,1.0,1.0,43.675432205200195,93.07178115844727,ok,ok
rule_std,7,block_01,shifted,1,0,0,100,2,2000,equal Gear/RPM,0.05125,0.97725,6.257948637008667,31.24409294128418,ok,ok
rule_std,7,block_01,shifted,1,0,1,101,2,2000,equal Gear/RPM,0.00175,1.0,2.801917552947998,40.109174728393555,ok,ok
rule_std,7,block_01,shifted,1,1,0,110,2,2000,equal Gear/RPM,0.269,0.8852500000000001,9.678335189819336,28.112767219543457,ok,ok
rule_std,7,block_01,shifted,1,1,1,111,2,2000,equal Gear/RPM,0.121,1.0,7.7056074142456055,35.13625907897949,ok,ok
rule_std,7,block_02,canonical,0,0,0,000,2,2000,equal Gear/RPM,0.9995,1.0,38.90681266784668,75.23221969604492,ok,ok
rule_std,7,block_02,canonical,0,0,1,001,2,2000,equal Gear/RPM,0.9995,1.0,32.33970355987549,59.13363456726074,ok,ok
rule_std,7,block_02,canonical,0,1,0,010,2,2000,equal Gear/RPM,0.9995,1.0,48.55781173706055,101.95303726196289,ok,ok
rule_std,7,block_02,canonical,0,1,1,011,2,2000,equal Gear/RPM,0.9995,1.0,44.15665626525879,92.58274841308594,ok,ok
rule_std,7,block_02,canonical,1,0,0,100,2,2000,equal Gear/RPM,0.059250000000000004,0.9695,6.248117923736572,30.746335983276367,ok,ok
rule_std,7,block_02,canonical,1,0,1,101,2,2000,equal Gear/RPM,0.00375,1.0,2.845789313316345,39.59060859680176,ok,ok
rule_std,7,block_02,canonical,1,1,0,110,2,2000,equal Gear/RPM,0.2575,0.87825,9.579142093658447,28.08478355407715,ok,ok
rule_std,7,block_02,canonical,1,1,1,111,2,2000,equal Gear/RPM,0.11375,0.9995,7.731121778488159,34.90068340301514,ok,ok
rule_std,7,block_02,shifted,0,0,0,000,2,2000,equal Gear/RPM,0.9995,1.0,38.2954158782959,74.84868240356445,ok,ok
rule_std,7,block_02,shifted,0,0,1,001,2,2000,equal Gear/RPM,0.9995,1.0,32.192277908325195,58.991525650024414,ok,ok
rule_std,7,block_02,shifted,0,1,0,010,2,2000,equal Gear/RPM,0.9995,1.0,47.98202896118164,102.12746047973633,ok,ok
rule_std,7,block_02,shifted,0,1,1,011,2,2000,equal Gear/RPM,0.9995,1.0,43.7170524597168,92.87971878051758,ok,ok
rule_std,7,block_02,shifted,1,0,0,100,2,2000,equal Gear/RPM,0.0655,0.9755,6.405556678771973,31.136499404907227,ok,ok
rule_std,7,block_02,shifted,1,0,1,101,2,2000,equal Gear/RPM,0.00375,1.0,2.931597590446472,39.86649513244629,ok,ok
rule_std,7,block_02,shifted,1,1,0,110,2,2000,equal Gear/RPM,0.26725,0.89025,9.713274002075195,28.44943904876709,ok,ok
rule_std,7,block_02,shifted,1,1,1,111,2,2000,equal Gear/RPM,0.11425,0.99975,7.74634861946106,35.21793556213379,ok,ok
rule_std,7,block_03,canonical,0,0,0,000,2,2000,equal Gear/RPM,1.0,1.0,38.782325744628906,75.17529678344727,ok,ok
rule_std,7,block_03,canonical,0,0,1,001,2,2000,equal Gear/RPM,1.0,1.0,32.287065505981445,59.23048210144043,ok,ok
rule_std,7,block_03,canonical,0,1,0,010,2,2000,equal Gear/RPM,1.0,1.0,48.36167907714844,102.00518417358398,ok,ok
rule_std,7,block_03,canonical,0,1,1,011,2,2000,equal Gear/RPM,1.0,1.0,44.057308197021484,92.82075500488281,ok,ok
rule_std,7,block_03,canonical,1,0,0,100,2,2000,equal Gear/RPM,0.0555,0.96975,6.157081842422485,30.99177837371826,ok,ok
rule_std,7,block_03,canonical,1,0,1,101,2,2000,equal Gear/RPM,0.0015,1.0,2.7063900232315063,40.059255599975586,ok,ok
rule_std,7,block_03,canonical,1,1,0,110,2,2000,equal Gear/RPM,0.25775000000000003,0.877,9.583790302276611,27.873116493225098,ok,ok
rule_std,7,block_03,canonical,1,1,1,111,2,2000,equal Gear/RPM,0.11675,0.99925,7.715311527252197,34.764554023742676,ok,ok
rule_std,7,block_03,shifted,0,0,0,000,2,2000,equal Gear/RPM,1.0,1.0,38.18878936767578,74.80995178222656,ok,ok
rule_std,7,block_03,shifted,0,0,1,001,2,2000,equal Gear/RPM,1.0,1.0,32.140549659729004,59.0972785949707,ok,ok
rule_std,7,block_03,shifted,0,1,0,010,2,2000,equal Gear/RPM,1.0,1.0,47.79917526245117,102.18449401855469,ok,ok
rule_std,7,block_03,shifted,0,1,1,011,2,2000,equal Gear/RPM,1.0,1.0,43.626142501831055,93.11627578735352,ok,ok
rule_std,7,block_03,shifted,1,0,0,100,2,2000,equal Gear/RPM,0.06,0.97475,6.316671848297119,31.385560035705566,ok,ok
rule_std,7,block_03,shifted,1,0,1,101,2,2000,equal Gear/RPM,0.0015,1.0,2.792023181915283,40.3347225189209,ok,ok
rule_std,7,block_03,shifted,1,1,0,110,2,2000,equal Gear/RPM,0.26675,0.88625,9.723922729492188,28.248117446899414,ok,ok
rule_std,7,block_03,shifted,1,1,1,111,2,2000,equal Gear/RPM,0.11875,0.99925,7.732075452804565,35.08687400817871,ok,ok
rule_std,42,block_01,canonical,0,0,0,000,2,2000,equal Gear/RPM,1.0,1.0,32.74048137664795,66.42455863952637,ok,ok
rule_std,42,block_01,canonical,0,0,1,001,2,2000,equal Gear/RPM,1.0,1.0,27.497870445251465,52.960655212402344,ok,ok
rule_std,42,block_01,canonical,0,1,0,010,2,2000,equal Gear/RPM,1.0,1.0,41.63501167297363,94.73434066772461,ok,ok
rule_std,42,block_01,canonical,0,1,1,011,2,2000,equal Gear/RPM,1.0,1.0,37.76445388793945,87.24473571777344,ok,ok
rule_std,42,block_01,canonical,1,0,0,100,2,2000,equal Gear/RPM,0.051750000000000004,0.86775,3.7623438239097595,16.535284996032715,ok,ok
rule_std,42,block_01,canonical,1,0,1,101,2,2000,equal Gear/RPM,0.00125,0.99775,1.1826315224170685,24.681424140930176,ok,ok
rule_std,42,block_01,canonical,1,1,0,110,2,2000,equal Gear/RPM,0.03475,0.796,3.6365562081336975,18.086663246154785,ok,ok
rule_std,42,block_01,canonical,1,1,1,111,2,2000,equal Gear/RPM,0.0015,0.9922500000000001,0.8313935101032257,28.60009479522705,ok,ok
rule_std,42,block_01,shifted,0,0,0,000,2,2000,equal Gear/RPM,1.0,1.0,32.025333404541016,65.68953895568848,ok,ok
rule_std,42,block_01,shifted,0,0,1,001,2,2000,equal Gear/RPM,1.0,1.0,26.924480438232422,52.35579872131348,ok,ok
rule_std,42,block_01,shifted,0,1,0,010,2,2000,equal Gear/RPM,1.0,1.0,41.04217720031738,94.74880599975586,ok,ok
rule_std,42,block_01,shifted,0,1,1,011,2,2000,equal Gear/RPM,1.0,1.0,37.02839660644531,87.1922721862793,ok,ok
rule_std,42,block_01,shifted,1,0,0,100,2,2000,equal Gear/RPM,0.060500000000000005,0.8767499999999999,3.8913183212280273,16.775537967681885,ok,ok
rule_std,42,block_01,shifted,1,0,1,101,2,2000,equal Gear/RPM,0.00175,0.9984999999999999,1.2606846690177917,24.8392391204834,ok,ok
rule_std,42,block_01,shifted,1,1,0,110,2,2000,equal Gear/RPM,0.036750000000000005,0.804,3.6988396644592285,18.249699592590332,ok,ok
rule_std,42,block_01,shifted,1,1,1,111,2,2000,equal Gear/RPM,0.0015,0.9922500000000001,0.8575902879238129,28.796649932861328,ok,ok
rule_std,42,block_02,canonical,0,0,0,000,2,2000,equal Gear/RPM,0.999,1.0,32.670470237731934,66.41586303710938,ok,ok
rule_std,42,block_02,canonical,0,0,1,001,2,2000,equal Gear/RPM,0.999,1.0,27.362443923950195,52.623552322387695,ok,ok
rule_std,42,block_02,canonical,0,1,0,010,2,2000,equal Gear/RPM,0.999,1.0,41.70789337158203,94.86869430541992,ok,ok
rule_std,42,block_02,canonical,0,1,1,011,2,2000,equal Gear/RPM,0.999,1.0,37.73512840270996,87.06624603271484,ok,ok
rule_std,42,block_02,canonical,1,0,0,100,2,2000,equal Gear/RPM,0.05075,0.8545,3.7825395464897156,16.241777420043945,ok,ok
rule_std,42,block_02,canonical,1,0,1,101,2,2000,equal Gear/RPM,0.00175,0.99725,1.2640280574560165,24.259821891784668,ok,ok
rule_std,42,block_02,canonical,1,1,0,110,2,2000,equal Gear/RPM,0.03675,0.8005,3.6406551003456116,18.186858654022217,ok,ok
rule_std,42,block_02,canonical,1,1,1,111,2,2000,equal Gear/RPM,0.0015,0.9944999999999999,0.8043466508388519,28.635454177856445,ok,ok
rule_std,42,block_02,shifted,0,0,0,000,2,2000,equal Gear/RPM,0.999,1.0,31.945128440856934,65.66247749328613,ok,ok
rule_std,42,block_02,shifted,0,0,1,001,2,2000,equal Gear/RPM,0.999,1.0,26.787075996398926,52.00882530212402,ok,ok
rule_std,42,block_02,shifted,0,1,0,010,2,2000,equal Gear/RPM,0.999,1.0,41.10957717895508,94.86848068237305,ok,ok
rule_std,42,block_02,shifted,0,1,1,011,2,2000,equal Gear/RPM,0.999,1.0,37.000999450683594,87.00847244262695,ok,ok
rule_std,42,block_02,shifted,1,0,0,100,2,2000,equal Gear/RPM,0.0615,0.86825,3.91300505399704,16.48561668395996,ok,ok
rule_std,42,block_02,shifted,1,0,1,101,2,2000,equal Gear/RPM,0.002,0.99725,1.3414592295885086,24.41627025604248,ok,ok
rule_std,42,block_02,shifted,1,1,0,110,2,2000,equal Gear/RPM,0.03925,0.8085,3.701686143875122,18.35184621810913,ok,ok
rule_std,42,block_02,shifted,1,1,1,111,2,2000,equal Gear/RPM,0.0015,0.9944999999999999,0.8295579850673676,28.829781532287598,ok,ok
rule_std,42,block_03,canonical,0,0,0,000,2,2000,equal Gear/RPM,1.0,1.0,32.5687837600708,66.3314380645752,ok,ok
rule_std,42,block_03,canonical,0,0,1,001,2,2000,equal Gear/RPM,1.0,1.0,27.351017951965332,52.88169288635254,ok,ok
rule_std,42,block_03,canonical,0,1,0,010,2,2000,equal Gear/RPM,1.0,1.0,41.620981216430664,95.18885803222656,ok,ok
rule_std,42,block_03,canonical,0,1,1,011,2,2000,equal Gear/RPM,1.0,1.0,37.73969078063965,87.57929229736328,ok,ok
rule_std,42,block_03,canonical,1,0,0,100,2,2000,equal Gear/RPM,0.05775,0.86675,3.6755253076553345,16.572375774383545,ok,ok
rule_std,42,block_03,canonical,1,0,1,101,2,2000,equal Gear/RPM,0.00075,0.99525,1.1201093420386314,24.650694847106934,ok,ok
rule_std,42,block_03,canonical,1,1,0,110,2,2000,equal Gear/RPM,0.037000000000000005,0.79925,3.6139151453971863,18.10525941848755,ok,ok
rule_std,42,block_03,canonical,1,1,1,111,2,2000,equal Gear/RPM,0.0022500000000000003,0.99675,0.8296685516834259,28.478142738342285,ok,ok
rule_std,42,block_03,shifted,0,0,0,000,2,2000,equal Gear/RPM,1.0,1.0,31.8520450592041,65.59378623962402,ok,ok
rule_std,42,block_03,shifted,0,0,1,001,2,2000,equal Gear/RPM,1.0,1.0,26.777485847473145,52.27242088317871,ok,ok
rule_std,42,block_03,shifted,0,1,0,010,2,2000,equal Gear/RPM,1.0,1.0,41.02420234680176,95.20112228393555,ok,ok
rule_std,42,block_03,shifted,0,1,1,011,2,2000,equal Gear/RPM,1.0,1.0,37.00349235534668,87.5323600769043,ok,ok
rule_std,42,block_03,shifted,1,0,0,100,2,2000,equal Gear/RPM,0.06775,0.88025,3.805527687072754,16.816277980804443,ok,ok
rule_std,42,block_03,shifted,1,0,1,101,2,2000,equal Gear/RPM,0.00075,0.99525,1.198130264878273,24.807649612426758,ok,ok
rule_std,42,block_03,shifted,1,1,0,110,2,2000,equal Gear/RPM,0.040999999999999995,0.8089999999999999,3.6774298548698425,18.272278308868408,ok,ok
rule_std,42,block_03,shifted,1,1,1,111,2,2000,equal Gear/RPM,0.002,0.99675,0.853897899389267,28.675930976867676,ok,ok
rule_std,123,block_01,canonical,0,0,0,000,2,2000,equal Gear/RPM,1.0,1.0,34.60294818878174,75.27005767822266,ok,ok
rule_std,123,block_01,canonical,0,0,1,001,2,2000,equal Gear/RPM,1.0,1.0,27.62822723388672,60.10245132446289,ok,ok
rule_std,123,block_01,canonical,0,1,0,010,2,2000,equal Gear/RPM,1.0,1.0,44.4107551574707,107.0918083190918,ok,ok
rule_std,123,block_01,canonical,0,1,1,011,2,2000,equal Gear/RPM,1.0,1.0,39.00597953796387,93.8858528137207,ok,ok
rule_std,123,block_01,canonical,1,0,0,100,2,2000,equal Gear/RPM,0.153,0.96625,6.450648069381714,37.35448932647705,ok,ok
rule_std,123,block_01,canonical,1,0,1,101,2,2000,equal Gear/RPM,0.004,1.0,2.51666259765625,46.874881744384766,ok,ok
rule_std,123,block_01,canonical,1,1,0,110,2,2000,equal Gear/RPM,0.18725,0.97275,6.826085090637207,40.39624214172363,ok,ok
rule_std,123,block_01,canonical,1,1,1,111,2,2000,equal Gear/RPM,0.018,1.0,1.3424298763275146,57.10345649719238,ok,ok
rule_std,123,block_01,shifted,0,0,0,000,2,2000,equal Gear/RPM,1.0,1.0,33.80277633666992,74.70512390136719,ok,ok
rule_std,123,block_01,shifted,0,0,1,001,2,2000,equal Gear/RPM,1.0,1.0,27.199938774108887,59.671478271484375,ok,ok
rule_std,123,block_01,shifted,0,1,0,010,2,2000,equal Gear/RPM,1.0,1.0,43.60022163391113,107.10718154907227,ok,ok
rule_std,123,block_01,shifted,0,1,1,011,2,2000,equal Gear/RPM,1.0,1.0,38.2580509185791,93.72071075439453,ok,ok
rule_std,123,block_01,shifted,1,0,0,100,2,2000,equal Gear/RPM,0.174,0.976,6.687134504318237,37.96169567108154,ok,ok
rule_std,123,block_01,shifted,1,0,1,101,2,2000,equal Gear/RPM,0.0045,1.0,2.606315493583679,47.38696098327637,ok,ok
rule_std,123,block_01,shifted,1,1,0,110,2,2000,equal Gear/RPM,0.194,0.97725,6.929070234298706,40.84594917297363,ok,ok
rule_std,123,block_01,shifted,1,1,1,111,2,2000,equal Gear/RPM,0.0185,1.0,1.4121763110160828,57.526100158691406,ok,ok
rule_std,123,block_02,canonical,0,0,0,000,2,2000,equal Gear/RPM,0.9995,1.0,34.56668663024902,75.27975463867188,ok,ok
rule_std,123,block_02,canonical,0,0,1,001,2,2000,equal Gear/RPM,0.9995,1.0,27.588723182678223,59.950151443481445,ok,ok
rule_std,123,block_02,canonical,0,1,0,010,2,2000,equal Gear/RPM,0.9995,1.0,44.4300422668457,107.14280319213867,ok,ok
rule_std,123,block_02,canonical,0,1,1,011,2,2000,equal Gear/RPM,0.9995,1.0,38.95015907287598,93.633544921875,ok,ok
rule_std,123,block_02,canonical,1,0,0,100,2,2000,equal Gear/RPM,0.15175,0.9695,6.494157314300537,37.161620140075684,ok,ok
rule_std,123,block_02,canonical,1,0,1,101,2,2000,equal Gear/RPM,0.00675,1.0,2.602080225944519,46.55864906311035,ok,ok
rule_std,123,block_02,canonical,1,1,0,110,2,2000,equal Gear/RPM,0.19275,0.97,6.8719093799591064,40.73855495452881,ok,ok
rule_std,123,block_02,canonical,1,1,1,111,2,2000,equal Gear/RPM,0.0205,1.0,1.3128414154052734,57.25292778015137,ok,ok
rule_std,123,block_02,shifted,0,0,0,000,2,2000,equal Gear/RPM,0.9995,1.0,33.754812240600586,74.70448303222656,ok,ok
rule_std,123,block_02,shifted,0,0,1,001,2,2000,equal Gear/RPM,0.9995,1.0,27.153706550598145,59.51805877685547,ok,ok
rule_std,123,block_02,shifted,0,1,0,010,2,2000,equal Gear/RPM,0.9995,1.0,43.61453628540039,107.15299987792969,ok,ok
rule_std,123,block_02,shifted,0,1,1,011,2,2000,equal Gear/RPM,0.9995,1.0,38.195295333862305,93.47360229492188,ok,ok
rule_std,123,block_02,shifted,1,0,0,100,2,2000,equal Gear/RPM,0.17174999999999999,0.97725,6.724052906036377,37.767921447753906,ok,ok
rule_std,123,block_02,shifted,1,0,1,101,2,2000,equal Gear/RPM,0.00675,1.0,2.689728617668152,47.06947326660156,ok,ok
rule_std,123,block_02,shifted,1,1,0,110,2,2000,equal Gear/RPM,0.1995,0.9742500000000001,6.97577691078186,41.189072608947754,ok,ok
rule_std,123,block_02,shifted,1,1,1,111,2,2000,equal Gear/RPM,0.021,1.0,1.381230652332306,57.67264938354492,ok,ok
rule_std,123,block_03,canonical,0,0,0,000,2,2000,equal Gear/RPM,1.0,1.0,34.47634029388428,75.10594177246094,ok,ok
rule_std,123,block_03,canonical,0,0,1,001,2,2000,equal Gear/RPM,1.0,1.0,27.517574310302734,59.961177825927734,ok,ok
rule_std,123,block_03,canonical,0,1,0,010,2,2000,equal Gear/RPM,1.0,1.0,44.37137031555176,107.29767990112305,ok,ok
rule_std,123,block_03,canonical,0,1,1,011,2,2000,equal Gear/RPM,1.0,1.0,38.962303161621094,94.02594757080078,ok,ok
rule_std,123,block_03,canonical,1,0,0,100,2,2000,equal Gear/RPM,0.15525,0.96575,6.382230520248413,37.292927742004395,ok,ok
rule_std,123,block_03,canonical,1,0,1,101,2,2000,equal Gear/RPM,0.00625,1.0,2.44704008102417,46.71145057678223,ok,ok
rule_std,123,block_03,canonical,1,1,0,110,2,2000,equal Gear/RPM,0.19275,0.96925,6.850067377090454,40.32877254486084,ok,ok
rule_std,123,block_03,canonical,1,1,1,111,2,2000,equal Gear/RPM,0.01575,1.0,1.3099215626716614,56.951717376708984,ok,ok
rule_std,123,block_03,shifted,0,0,0,000,2,2000,equal Gear/RPM,1.0,1.0,33.6782169342041,74.54581832885742,ok,ok
rule_std,123,block_03,shifted,0,0,1,001,2,2000,equal Gear/RPM,1.0,1.0,27.087602615356445,59.5363883972168,ok,ok
rule_std,123,block_03,shifted,0,1,0,010,2,2000,equal Gear/RPM,1.0,1.0,43.55448341369629,107.30925750732422,ok,ok
rule_std,123,block_03,shifted,0,1,1,011,2,2000,equal Gear/RPM,1.0,1.0,38.21562385559082,93.86186599731445,ok,ok
rule_std,123,block_03,shifted,1,0,0,100,2,2000,equal Gear/RPM,0.1745,0.975,6.617713689804077,37.898921966552734,ok,ok
rule_std,123,block_03,shifted,1,0,1,101,2,2000,equal Gear/RPM,0.006500000000000001,1.0,2.532159924507141,47.22273063659668,ok,ok
rule_std,123,block_03,shifted,1,1,0,110,2,2000,equal Gear/RPM,0.199,0.973,6.953641891479492,40.78018856048584,ok,ok
rule_std,123,block_03,shifted,1,1,1,111,2,2000,equal Gear/RPM,0.01675,1.0,1.3766999244689941,57.37399101257324,ok,ok
rule_std,2026,block_01,canonical,0,0,0,000,2,2000,equal Gear/RPM,1.0,1.0,45.35046195983887,82.27509307861328,ok,ok
rule_std,2026,block_01,canonical,0,0,1,001,2,2000,equal Gear/RPM,1.0,1.0,37.26057434082031,71.09627151489258,ok,ok
rule_std,2026,block_01,canonical,0,1,0,010,2,2000,equal Gear/RPM,1.0,1.0,57.14962387084961,122.22211456298828,ok,ok
rule_std,2026,block_01,canonical,0,1,1,011,2,2000,equal Gear/RPM,1.0,1.0,51.65569877624512,114.48894500732422,ok,ok
rule_std,2026,block_01,canonical,1,0,0,100,2,2000,equal Gear/RPM,0.14550000000000002,0.82125,10.934579849243164,25.18789005279541,ok,ok
rule_std,2026,block_01,canonical,1,0,1,101,2,2000,equal Gear/RPM,0.02675,1.0,8.645894050598145,32.956926345825195,ok,ok
rule_std,2026,block_01,canonical,1,1,0,110,2,2000,equal Gear/RPM,0.1265,0.81175,10.515676021575928,27.23054027557373,ok,ok
rule_std,2026,block_01,canonical,1,1,1,111,2,2000,equal Gear/RPM,0.03175,0.99875,8.605319023132324,35.20789909362793,ok,ok
rule_std,2026,block_01,shifted,0,0,0,000,2,2000,equal Gear/RPM,1.0,1.0,44.66456985473633,81.53775787353516,ok,ok
rule_std,2026,block_01,shifted,0,0,1,001,2,2000,equal Gear/RPM,1.0,1.0,37.12014389038086,70.92741775512695,ok,ok
rule_std,2026,block_01,shifted,0,1,0,010,2,2000,equal Gear/RPM,1.0,1.0,56.20039749145508,122.13483810424805,ok,ok
rule_std,2026,block_01,shifted,0,1,1,011,2,2000,equal Gear/RPM,1.0,1.0,51.18556213378906,114.36288452148438,ok,ok
rule_std,2026,block_01,shifted,1,0,0,100,2,2000,equal Gear/RPM,0.153,0.84175,11.106020450592041,25.69443130493164,ok,ok
rule_std,2026,block_01,shifted,1,0,1,101,2,2000,equal Gear/RPM,0.025500000000000002,1.0,8.54966402053833,33.34128379821777,ok,ok
rule_std,2026,block_01,shifted,1,1,0,110,2,2000,equal Gear/RPM,0.1285,0.82825,10.559262752532959,27.59857749938965,ok,ok
rule_std,2026,block_01,shifted,1,1,1,111,2,2000,equal Gear/RPM,0.02975,0.999,8.493844747543335,35.60177803039551,ok,ok
rule_std,2026,block_02,canonical,0,0,0,000,2,2000,equal Gear/RPM,0.999,1.0,45.5550537109375,82.58291244506836,ok,ok
rule_std,2026,block_02,canonical,0,0,1,001,2,2000,equal Gear/RPM,0.999,1.0,37.36382484436035,71.16793060302734,ok,ok
rule_std,2026,block_02,canonical,0,1,0,010,2,2000,equal Gear/RPM,0.999,1.0,57.31472396850586,122.50841903686523,ok,ok
rule_std,2026,block_02,canonical,0,1,1,011,2,2000,equal Gear/RPM,0.999,1.0,51.751953125,114.47543334960938,ok,ok
rule_std,2026,block_02,canonical,1,0,0,100,2,2000,equal Gear/RPM,0.155,0.82125,11.053337097167969,25.074905395507812,ok,ok
rule_std,2026,block_02,canonical,1,0,1,101,2,2000,equal Gear/RPM,0.028999999999999998,0.99925,8.746344089508057,32.74693202972412,ok,ok
rule_std,2026,block_02,canonical,1,1,0,110,2,2000,equal Gear/RPM,0.12,0.8187500000000001,10.524880409240723,27.524977684020996,ok,ok
rule_std,2026,block_02,canonical,1,1,1,111,2,2000,equal Gear/RPM,0.0335,0.99725,8.601075410842896,35.288798332214355,ok,ok
rule_std,2026,block_02,shifted,0,0,0,000,2,2000,equal Gear/RPM,0.999,1.0,44.846900939941406,81.82263565063477,ok,ok
rule_std,2026,block_02,shifted,0,0,1,001,2,2000,equal Gear/RPM,0.999,1.0,37.21616554260254,70.98852157592773,ok,ok
rule_std,2026,block_02,shifted,0,1,0,010,2,2000,equal Gear/RPM,0.999,1.0,56.351003646850586,122.4071044921875,ok,ok
rule_std,2026,block_02,shifted,0,1,1,011,2,2000,equal Gear/RPM,0.999,1.0,51.28773880004883,114.34693908691406,ok,ok
rule_std,2026,block_02,shifted,1,0,0,100,2,2000,equal Gear/RPM,0.16625,0.85275,11.213974475860596,25.5842866897583,ok,ok
rule_std,2026,block_02,shifted,1,0,1,101,2,2000,equal Gear/RPM,0.02775,0.9995,8.647425174713135,33.131741523742676,ok,ok
rule_std,2026,block_02,shifted,1,1,0,110,2,2000,equal Gear/RPM,0.1235,0.835,10.560121059417725,27.897930145263672,ok,ok
rule_std,2026,block_02,shifted,1,1,1,111,2,2000,equal Gear/RPM,0.03225,0.9975,8.488556623458862,35.679616928100586,ok,ok
rule_std,2026,block_03,canonical,0,0,0,000,2,2000,equal Gear/RPM,1.0,1.0,45.329389572143555,82.24058532714844,ok,ok
rule_std,2026,block_03,canonical,0,0,1,001,2,2000,equal Gear/RPM,1.0,1.0,37.222219467163086,71.10485458374023,ok,ok
rule_std,2026,block_03,canonical,0,1,0,010,2,2000,equal Gear/RPM,1.0,1.0,57.104440689086914,122.37089538574219,ok,ok
rule_std,2026,block_03,canonical,0,1,1,011,2,2000,equal Gear/RPM,1.0,1.0,51.63104438781738,114.53734588623047,ok,ok
rule_std,2026,block_03,canonical,1,0,0,100,2,2000,equal Gear/RPM,0.14925,0.82125,10.86230993270874,25.094122886657715,ok,ok
rule_std,2026,block_03,canonical,1,0,1,101,2,2000,equal Gear/RPM,0.028499999999999998,0.9995,8.552871704101562,32.89374351501465,ok,ok
rule_std,2026,block_03,canonical,1,1,0,110,2,2000,equal Gear/RPM,0.123,0.8200000000000001,10.403366088867188,27.140396118164062,ok,ok
rule_std,2026,block_03,canonical,1,1,1,111,2,2000,equal Gear/RPM,0.036000000000000004,0.99775,8.524080753326416,34.93478775024414,ok,ok
rule_std,2026,block_03,shifted,0,0,0,000,2,2000,equal Gear/RPM,1.0,1.0,44.637786865234375,81.50070571899414,ok,ok
rule_std,2026,block_03,shifted,0,0,1,001,2,2000,equal Gear/RPM,1.0,1.0,37.08298301696777,70.93669509887695,ok,ok
rule_std,2026,block_03,shifted,0,1,0,010,2,2000,equal Gear/RPM,1.0,1.0,56.15555953979492,122.27489471435547,ok,ok
rule_std,2026,block_03,shifted,0,1,1,011,2,2000,equal Gear/RPM,1.0,1.0,51.16804313659668,114.41637420654297,ok,ok
rule_std,2026,block_03,shifted,1,0,0,100,2,2000,equal Gear/RPM,0.15925,0.8474999999999999,11.024535179138184,25.59806537628174,ok,ok
rule_std,2026,block_03,shifted,1,0,1,101,2,2000,equal Gear/RPM,0.028749999999999998,0.99975,8.454330921173096,33.27631759643555,ok,ok
rule_std,2026,block_03,shifted,1,1,0,110,2,2000,equal Gear/RPM,0.1245,0.8340000000000001,10.442676544189453,27.51319122314453,ok,ok
rule_std,2026,block_03,shifted,1,1,1,111,2,2000,equal Gear/RPM,0.0345,0.998,8.411009311676025,35.33211135864258,ok,ok
rule_std,3407,block_01,canonical,0,0,0,000,2,2000,equal Gear/RPM,1.0,1.0,37.93906593322754,64.28076553344727,ok,ok
rule_std,3407,block_01,canonical,0,0,1,001,2,2000,equal Gear/RPM,1.0,1.0,31.925599098205566,51.25670623779297,ok,ok
rule_std,3407,block_01,canonical,0,1,0,010,2,2000,equal Gear/RPM,1.0,1.0,47.68508338928223,89.97218704223633,ok,ok
rule_std,3407,block_01,canonical,0,1,1,011,2,2000,equal Gear/RPM,1.0,1.0,42.889617919921875,85.0544548034668,ok,ok
rule_std,3407,block_01,canonical,1,0,0,100,2,2000,equal Gear/RPM,0.15325,0.9435,8.822446823120117,19.653236389160156,ok,ok
rule_std,3407,block_01,canonical,1,0,1,101,2,2000,equal Gear/RPM,0.03425,0.99775,6.379050254821777,25.32384204864502,ok,ok
rule_std,3407,block_01,canonical,1,1,0,110,2,2000,equal Gear/RPM,0.466,0.885,11.552135944366455,20.560681343078613,ok,ok
rule_std,3407,block_01,canonical,1,1,1,111,2,2000,equal Gear/RPM,0.2765,0.99875,8.664378643035889,28.277865409851074,ok,ok
rule_std,3407,block_01,shifted,0,0,0,000,2,2000,equal Gear/RPM,1.0,1.0,36.80785942077637,63.48711013793945,ok,ok
rule_std,3407,block_01,shifted,0,0,1,001,2,2000,equal Gear/RPM,1.0,1.0,31.439767837524414,50.723602294921875,ok,ok
rule_std,3407,block_01,shifted,0,1,0,010,2,2000,equal Gear/RPM,1.0,1.0,46.57033729553223,89.6867904663086,ok,ok
rule_std,3407,block_01,shifted,0,1,1,011,2,2000,equal Gear/RPM,1.0,1.0,41.465274810791016,84.62586212158203,ok,ok
rule_std,3407,block_01,shifted,1,0,0,100,2,2000,equal Gear/RPM,0.164,0.9477500000000001,9.022797584533691,19.759761810302734,ok,ok
rule_std,3407,block_01,shifted,1,0,1,101,2,2000,equal Gear/RPM,0.035,0.99775,6.50434422492981,25.42216682434082,ok,ok
rule_std,3407,block_01,shifted,1,1,0,110,2,2000,equal Gear/RPM,0.47025,0.891,11.606183528900146,20.756879806518555,ok,ok
rule_std,3407,block_01,shifted,1,1,1,111,2,2000,equal Gear/RPM,0.2795,0.99875,8.66086220741272,28.42499828338623,ok,ok
rule_std,3407,block_02,canonical,0,0,0,000,2,2000,equal Gear/RPM,0.999,1.0,37.98629188537598,64.34584617614746,ok,ok
rule_std,3407,block_02,canonical,0,0,1,001,2,2000,equal Gear/RPM,0.999,1.0,31.947760581970215,51.25775337219238,ok,ok
rule_std,3407,block_02,canonical,0,1,0,010,2,2000,equal Gear/RPM,0.999,1.0,47.71034812927246,89.94084930419922,ok,ok
rule_std,3407,block_02,canonical,0,1,1,011,2,2000,equal Gear/RPM,0.999,1.0,42.89559555053711,84.74956130981445,ok,ok
rule_std,3407,block_02,canonical,1,0,0,100,2,2000,equal Gear/RPM,0.162,0.9512499999999999,8.863917827606201,19.46628475189209,ok,ok
rule_std,3407,block_02,canonical,1,0,1,101,2,2000,equal Gear/RPM,0.04025,0.9975,6.4329588413238525,25.14381504058838,ok,ok
rule_std,3407,block_02,canonical,1,1,0,110,2,2000,equal Gear/RPM,0.4675,0.88275,11.588808536529541,20.63788652420044,ok,ok
rule_std,3407,block_02,canonical,1,1,1,111,2,2000,equal Gear/RPM,0.267,0.9990000000000001,8.672131299972534,28.180906295776367,ok,ok
rule_std,3407,block_02,shifted,0,0,0,000,2,2000,equal Gear/RPM,0.999,1.0,36.85085487365723,63.54419708251953,ok,ok
rule_std,3407,block_02,shifted,0,0,1,001,2,2000,equal Gear/RPM,0.999,1.0,31.467204093933105,50.72233581542969,ok,ok
rule_std,3407,block_02,shifted,0,1,0,010,2,2000,equal Gear/RPM,0.999,1.0,46.591007232666016,89.64492416381836,ok,ok
rule_std,3407,block_02,shifted,0,1,1,011,2,2000,equal Gear/RPM,0.999,1.0,41.48504447937012,84.31695175170898,ok,ok
rule_std,3407,block_02,shifted,1,0,0,100,2,2000,equal Gear/RPM,0.175,0.95375,9.061466217041016,19.572094917297363,ok,ok
rule_std,3407,block_02,shifted,1,0,1,101,2,2000,equal Gear/RPM,0.04175,0.9975,6.557449817657471,25.24195957183838,ok,ok
rule_std,3407,block_02,shifted,1,1,0,110,2,2000,equal Gear/RPM,0.47050000000000003,0.88875,11.640625476837158,20.831408500671387,ok,ok
rule_std,3407,block_02,shifted,1,1,1,111,2,2000,equal Gear/RPM,0.26925,0.9990000000000001,8.667709827423096,28.322160720825195,ok,ok
rule_std,3407,block_03,canonical,0,0,0,000,2,2000,equal Gear/RPM,1.0,1.0,37.748008728027344,64.10452270507812,ok,ok
rule_std,3407,block_03,canonical,0,0,1,001,2,2000,equal Gear/RPM,1.0,1.0,31.77115535736084,51.20079040527344,ok,ok
rule_std,3407,block_03,canonical,0,1,0,010,2,2000,equal Gear/RPM,1.0,1.0,47.59630012512207,90.16352462768555,ok,ok
rule_std,3407,block_03,canonical,0,1,1,011,2,2000,equal Gear/RPM,1.0,1.0,42.84425354003906,85.2798843383789,ok,ok
rule_std,3407,block_03,canonical,1,0,0,100,2,2000,equal Gear/RPM,0.16225,0.94475,8.74392032623291,19.62114143371582,ok,ok
rule_std,3407,block_03,canonical,1,0,1,101,2,2000,equal Gear/RPM,0.039749999999999994,0.9975,6.270362377166748,25.23984432220459,ok,ok
rule_std,3407,block_03,canonical,1,1,0,110,2,2000,equal Gear/RPM,0.4705,0.879,11.513068675994873,20.512473106384277,ok,ok
rule_std,3407,block_03,canonical,1,1,1,111,2,2000,equal Gear/RPM,0.28,1.0,8.595512866973877,28.12753963470459,ok,ok
rule_std,3407,block_03,shifted,0,0,0,000,2,2000,equal Gear/RPM,1.0,1.0,36.62956619262695,63.319589614868164,ok,ok
rule_std,3407,block_03,shifted,0,0,1,001,2,2000,equal Gear/RPM,1.0,1.0,31.291966438293457,50.67160987854004,ok,ok
rule_std,3407,block_03,shifted,0,1,0,010,2,2000,equal Gear/RPM,1.0,1.0,46.48048400878906,89.87213897705078,ok,ok
rule_std,3407,block_03,shifted,0,1,1,011,2,2000,equal Gear/RPM,1.0,1.0,41.42672538757324,84.84697723388672,ok,ok
rule_std,3407,block_03,shifted,1,0,0,100,2,2000,equal Gear/RPM,0.174,0.948,8.943885803222656,19.72626495361328,ok,ok
rule_std,3407,block_03,shifted,1,0,1,101,2,2000,equal Gear/RPM,0.040499999999999994,0.9975,6.392461776733398,25.339130401611328,ok,ok
rule_std,3407,block_03,shifted,1,1,0,110,2,2000,equal Gear/RPM,0.4755,0.885,11.56604290008545,20.71325159072876,ok,ok
rule_std,3407,block_03,shifted,1,1,1,111,2,2000,equal Gear/RPM,0.28175,1.0,8.590507507324219,28.271005630493164,ok,ok
