arm,seed,block_id,attack,attack_label,id_stratum,P,S,D,cell,n,exact_correct,binary_correct,exact_recall,binary_recall,exact_margin_shift_mean,binary_margin_shift_mean,exact_clean_margin_mad,binary_clean_margin_mad,exact_standardized_margin_shift,binary_standardized_margin_shift,exact_standardized_margin_status,binary_standardized_margin_status
real_ms,7,block_01,Gear,3,canonical,0,0,0,000,2000,33,482,0.0165,0.241,5.191133499145508,5.6680378913879395,1.3007607460021973,1.078542709350586,3.990844249725342,5.255274772644043,ok,ok
real_ms,42,block_01,Gear,3,canonical,0,0,0,000,2000,0,0,0.0,0.0,-2.5167529582977295,-0.929186999797821,1.6529512405395508,1.3246212005615234,-1.5225815773010254,-0.7014737129211426,ok,ok
real_ms,123,block_01,Gear,3,canonical,0,0,0,000,2000,0,38,0.0,0.019,-1.0094773769378662,1.7570449113845825,0.9492621421813965,0.7362182140350342,-1.0634336471557617,2.3865816593170166,ok,ok
real_ms,2026,block_01,Gear,3,canonical,0,0,0,000,2000,0,30,0.0,0.015,-1.1208720207214355,2.6654140949249268,1.2528009414672852,0.785686731338501,-0.8946929574012756,3.3924639225006104,ok,ok
real_ms,3407,block_01,Gear,3,canonical,0,0,0,000,2000,0,0,0.0,0.0,-1.9416296482086182,-1.4476486444473267,1.0351133346557617,0.9396266937255859,-1.8757652044296265,-1.5406638383865356,ok,ok
rule_ms,7,block_01,Gear,3,canonical,0,0,0,000,2000,2000,2000,1.0,1.0,32.02353286743164,55.76863098144531,1.0093250274658203,0.880279541015625,31.727672576904297,63.35332107543945,ok,ok
rule_ms,42,block_01,Gear,3,canonical,0,0,0,000,2000,2000,2000,1.0,1.0,35.43488693237305,68.69149780273438,1.0037384033203125,0.8322715759277344,35.30290985107422,82.53495025634766,ok,ok
rule_ms,123,block_01,Gear,3,canonical,0,0,0,000,2000,2000,2000,1.0,1.0,30.258214950561523,51.99278259277344,0.955744743347168,0.7030844688415527,31.659305572509766,73.94954681396484,ok,ok
rule_ms,2026,block_01,Gear,3,canonical,0,0,0,000,2000,2000,2000,1.0,1.0,41.460140228271484,78.29156494140625,1.1129045486450195,0.9166765213012695,37.253997802734375,85.40806579589844,ok,ok
rule_ms,3407,block_01,Gear,3,canonical,0,0,0,000,2000,2000,2000,1.0,1.0,41.63640213012695,66.86824035644531,1.2160930633544922,0.8446950912475586,34.23783874511719,79.1625747680664,ok,ok
placebo_ms,7,block_01,Gear,3,canonical,0,0,0,000,2000,2000,2000,1.0,1.0,33.71837615966797,63.16873550415039,0.9572105407714844,0.9015884399414062,35.22566223144531,70.06382751464844,ok,ok
placebo_ms,42,block_01,Gear,3,canonical,0,0,0,000,2000,2000,2000,1.0,1.0,32.81796646118164,57.95604705810547,1.096771240234375,0.9426050186157227,29.922344207763672,61.4849739074707,ok,ok
placebo_ms,123,block_01,Gear,3,canonical,0,0,0,000,2000,2000,2000,1.0,1.0,33.41958999633789,56.67888259887695,0.8813776969909668,0.783416748046875,37.91744613647461,72.34832763671875,ok,ok
placebo_ms,2026,block_01,Gear,3,canonical,0,0,0,000,2000,2000,2000,1.0,1.0,30.138492584228516,55.586143493652344,0.9564328193664551,0.6715867519378662,31.511350631713867,82.76837158203125,ok,ok
placebo_ms,3407,block_01,Gear,3,canonical,0,0,0,000,2000,2000,2000,1.0,1.0,40.567264556884766,81.96739196777344,1.068547248840332,0.8411645889282227,37.96487808227539,97.44512939453125,ok,ok
real_std,7,block_01,Gear,3,canonical,0,0,0,000,2000,7,13,0.0035,0.0065,3.285078525543213,2.4577505588531494,1.6373662948608398,1.2412467002868652,2.0063185691833496,1.9800662994384766,ok,ok
real_std,42,block_01,Gear,3,canonical,0,0,0,000,2000,0,19,0.0,0.0095,-1.9324284791946411,-0.020626654848456383,1.5257220268249512,1.080963373184204,-1.2665666341781616,-0.019081735983490944,ok,ok
real_std,123,block_01,Gear,3,canonical,0,0,0,000,2000,0,4,0.0,0.002,-1.133184790611267,1.0759543180465698,1.0262856483459473,0.8515138626098633,-1.1041611433029175,1.263578176498413,ok,ok
real_std,2026,block_01,Gear,3,canonical,0,0,0,000,2000,0,6,0.0,0.003,-2.97829008102417,2.7588846683502197,1.9834418296813965,1.2508182525634766,-1.5015766620635986,2.2056641578674316,ok,ok
real_std,3407,block_01,Gear,3,canonical,0,0,0,000,2000,0,0,0.0,0.0,-0.13732755184173584,-1.1369035243988037,1.4964051246643066,1.0478458404541016,-0.09177163243293762,-1.084991216659546,ok,ok
rule_std,7,block_01,Gear,3,canonical,0,0,0,000,2000,2000,2000,1.0,1.0,41.86451721191406,76.55079650878906,1.181675910949707,1.0359020233154297,35.42808532714844,73.89772033691406,ok,ok
rule_std,42,block_01,Gear,3,canonical,0,0,0,000,2000,2000,2000,1.0,1.0,34.549861907958984,61.72941589355469,1.1422834396362305,0.9765458106994629,30.246313095092773,63.21200180053711,ok,ok
rule_std,123,block_01,Gear,3,canonical,0,0,0,000,2000,2000,2000,1.0,1.0,37.41415786743164,75.41024017333984,1.2401223182678223,0.9976696968078613,30.169729232788086,75.58637237548828,ok,ok
rule_std,2026,block_01,Gear,3,canonical,0,0,0,000,2000,2000,2000,1.0,1.0,34.67283630371094,58.69355773925781,0.8580408096313477,0.7351598739624023,40.4093132019043,79.83781433105469,ok,ok
rule_std,3407,block_01,Gear,3,canonical,0,0,0,000,2000,2000,2000,1.0,1.0,47.03416442871094,77.59243774414062,1.325347900390625,1.1839475631713867,35.488162994384766,65.53706359863281,ok,ok
placebo_std,7,block_01,Gear,3,canonical,0,0,0,000,2000,2000,2000,1.0,1.0,36.36166000366211,65.88568878173828,1.078871250152588,0.9658546447753906,33.70343017578125,68.21490478515625,ok,ok
placebo_std,42,block_01,Gear,3,canonical,0,0,0,000,2000,2000,2000,1.0,1.0,37.115238189697266,68.23443603515625,1.1275620460510254,0.9466109275817871,32.916358947753906,72.08287811279297,ok,ok
placebo_std,123,block_01,Gear,3,canonical,0,0,0,000,2000,2000,2000,1.0,1.0,41.9672966003418,86.34589385986328,1.1350078582763672,0.9923262596130371,36.9753303527832,87.01361083984375,ok,ok
placebo_std,2026,block_01,Gear,3,canonical,0,0,0,000,2000,2000,2000,1.0,1.0,43.20778274536133,79.54960632324219,1.2206096649169922,0.9491934776306152,35.39852523803711,83.80757904052734,ok,ok
placebo_std,3407,block_01,Gear,3,canonical,0,0,0,000,2000,2000,2000,1.0,1.0,39.60509490966797,74.31766510009766,1.3090081214904785,0.9938716888427734,30.25580406188965,74.77590942382812,ok,ok
real_ms,7,block_01,Gear,3,canonical,0,0,1,001,2000,36,426,0.018,0.213,5.321674823760986,5.434177875518799,1.3007607460021973,1.078542709350586,4.0912017822265625,5.038444519042969,ok,ok
real_ms,42,block_01,Gear,3,canonical,0,0,1,001,2000,0,0,0.0,0.0,-2.1757636070251465,-1.5626766681671143,1.6529512405395508,1.3246212005615234,-1.316290259361267,-1.179715871810913,ok,ok
real_ms,123,block_01,Gear,3,canonical,0,0,1,001,2000,0,25,0.0,0.0125,-0.5202795267105103,1.2020933628082275,0.9492621421813965,0.7362182140350342,-0.5480883717536926,1.632794976234436,ok,ok
real_ms,2026,block_01,Gear,3,canonical,0,0,1,001,2000,0,23,0.0,0.0115,-1.1498583555221558,2.1989357471466064,1.2528009414672852,0.785686731338501,-0.9178301095962524,2.798743724822998,ok,ok
real_ms,3407,block_01,Gear,3,canonical,0,0,1,001,2000,0,2,0.0,0.001,-0.7372960448265076,-0.7052611112594604,1.0351133346557617,0.9396266937255859,-0.7122852802276611,-0.750575840473175,ok,ok
rule_ms,7,block_01,Gear,3,canonical,0,0,1,001,2000,2000,2000,1.0,1.0,29.36676597595215,49.746856689453125,1.0093250274658203,0.880279541015625,29.095449447631836,56.5125617980957,ok,ok
rule_ms,42,block_01,Gear,3,canonical,0,0,1,001,2000,2000,2000,1.0,1.0,33.075557708740234,63.869728088378906,1.0037384033203125,0.8322715759277344,32.952369689941406,76.741455078125,ok,ok
rule_ms,123,block_01,Gear,3,canonical,0,0,1,001,2000,2000,2000,1.0,1.0,27.58462142944336,46.638343811035156,0.955744743347168,0.7030844688415527,28.861909866333008,66.33390808105469,ok,ok
rule_ms,2026,block_01,Gear,3,canonical,0,0,1,001,2000,2000,2000,1.0,1.0,38.42711639404297,71.79544067382812,1.1129045486450195,0.9166765213012695,34.52867126464844,78.32145690917969,ok,ok
rule_ms,3407,block_01,Gear,3,canonical,0,0,1,001,2000,2000,2000,1.0,1.0,37.81401824951172,59.053504943847656,1.2160930633544922,0.8446950912475586,31.094675064086914,69.9110336303711,ok,ok
placebo_ms,7,block_01,Gear,3,canonical,0,0,1,001,2000,2000,2000,1.0,1.0,30.841285705566406,55.8860969543457,0.9572105407714844,0.9015884399414062,32.2199592590332,61.986263275146484,ok,ok
placebo_ms,42,block_01,Gear,3,canonical,0,0,1,001,2000,2000,2000,1.0,1.0,29.84827423095703,53.79986572265625,1.096771240234375,0.9426050186157227,27.214675903320312,57.07573318481445,ok,ok
placebo_ms,123,block_01,Gear,3,canonical,0,0,1,001,2000,2000,2000,1.0,1.0,30.093585968017578,49.8504753112793,0.8813776969909668,0.783416748046875,34.143802642822266,63.63213348388672,ok,ok
placebo_ms,2026,block_01,Gear,3,canonical,0,0,1,001,2000,2000,2000,1.0,1.0,27.875316619873047,51.92850112915039,0.9564328193664551,0.6715867519378662,29.14508628845215,77.32209777832031,ok,ok
placebo_ms,3407,block_01,Gear,3,canonical,0,0,1,001,2000,2000,2000,1.0,1.0,36.4840087890625,71.65532684326172,1.068547248840332,0.8411645889282227,34.14356231689453,85.18585968017578,ok,ok
real_std,7,block_01,Gear,3,canonical,0,0,1,001,2000,2,13,0.001,0.0065,2.3632209300994873,1.8638454675674438,1.6373662948608398,1.2412467002868652,1.4433062076568604,1.501591444015503,ok,ok
real_std,42,block_01,Gear,3,canonical,0,0,1,001,2000,0,9,0.0,0.0045,-2.0926787853240967,-0.6506363153457642,1.5257220268249512,1.080963373184204,-1.3715989589691162,-0.6019041538238525,ok,ok
real_std,123,block_01,Gear,3,canonical,0,0,1,001,2000,0,5,0.0,0.0025,-0.6649010181427002,0.5833603739738464,1.0262856483459473,0.8515138626098633,-0.6478713154792786,0.685086190700531,ok,ok
real_std,2026,block_01,Gear,3,canonical,0,0,1,001,2000,0,0,0.0,0.0,-3.5657103061676025,1.4649850130081177,1.9834418296813965,1.2508182525634766,-1.797738790512085,1.171221137046814,ok,ok
real_std,3407,block_01,Gear,3,canonical,0,0,1,001,2000,0,0,0.0,0.0,0.48989176750183105,-0.9018638730049133,1.4964051246643066,1.0478458404541016,0.3273790776729584,-0.8606837391853333,ok,ok
rule_std,7,block_01,Gear,3,canonical,0,0,1,001,2000,2000,2000,1.0,1.0,36.052391052246094,67.45289611816406,1.181675910949707,1.0359020233154297,30.509538650512695,65.1151351928711,ok,ok
rule_std,42,block_01,Gear,3,canonical,0,0,1,001,2000,2000,2000,1.0,1.0,31.450828552246094,56.081443786621094,1.1422834396362305,0.9765458106994629,27.533294677734375,57.428382873535156,ok,ok
rule_std,123,block_01,Gear,3,canonical,0,0,1,001,2000,2000,2000,1.0,1.0,34.739444732666016,67.23497009277344,1.2401223182678223,0.9976696968078613,28.012920379638672,67.39201354980469,ok,ok
rule_std,2026,block_01,Gear,3,canonical,0,0,1,001,2000,2000,2000,1.0,1.0,31.514633178710938,52.83431625366211,0.8580408096313477,0.7351598739624023,36.72859191894531,71.86779022216797,ok,ok
rule_std,3407,block_01,Gear,3,canonical,0,0,1,001,2000,2000,2000,1.0,1.0,42.4360237121582,67.66898345947266,1.325347900390625,1.1839475631713867,32.01877975463867,57.155391693115234,ok,ok
placebo_std,7,block_01,Gear,3,canonical,0,0,1,001,2000,2000,2000,1.0,1.0,32.28730773925781,55.65452194213867,1.078871250152588,0.9658546447753906,29.92693328857422,57.622047424316406,ok,ok
placebo_std,42,block_01,Gear,3,canonical,0,0,1,001,2000,2000,2000,1.0,1.0,33.713592529296875,62.658626556396484,1.1275620460510254,0.9466109275817871,29.899545669555664,66.19258117675781,ok,ok
placebo_std,123,block_01,Gear,3,canonical,0,0,1,001,2000,2000,2000,1.0,1.0,39.68314743041992,79.35798645019531,1.1350078582763672,0.9923262596130371,34.96288299560547,79.97166442871094,ok,ok
placebo_std,2026,block_01,Gear,3,canonical,0,0,1,001,2000,2000,2000,1.0,1.0,40.64325714111328,72.53807830810547,1.2206096649169922,0.9491934776306152,33.29750442504883,76.42074584960938,ok,ok
placebo_std,3407,block_01,Gear,3,canonical,0,0,1,001,2000,2000,2000,1.0,1.0,34.657981872558594,66.45933532714844,1.3090081214904785,0.9938716888427734,26.476518630981445,66.86913299560547,ok,ok
real_ms,7,block_01,Gear,3,canonical,0,1,0,010,2000,26,100,0.013,0.05,4.566192150115967,3.548110246658325,1.3007607460021973,1.078542709350586,3.5104010105133057,3.2897262573242188,ok,ok
real_ms,42,block_01,Gear,3,canonical,0,1,0,010,2000,0,0,0.0,0.0,-1.9460619688034058,-1.4596010446548462,1.6529512405395508,1.3246212005615234,-1.17732572555542,-1.1019008159637451,ok,ok
real_ms,123,block_01,Gear,3,canonical,0,1,0,010,2000,0,4,0.0,0.002,-1.1491727828979492,0.13379694521427155,0.9492621421813965,0.7362182140350342,-1.2105958461761475,0.18173545598983765,ok,ok
real_ms,2026,block_01,Gear,3,canonical,0,1,0,010,2000,0,0,0.0,0.0,-2.225128650665283,0.7682644128799438,1.2528009414672852,0.785686731338501,-1.7761231660842896,0.9778253436088562,ok,ok
real_ms,3407,block_01,Gear,3,canonical,0,1,0,010,2000,0,0,0.0,0.0,-1.5504931211471558,-1.0202232599258423,1.0351133346557617,0.9396266937255859,-1.4978970289230347,-1.0857751369476318,ok,ok
rule_ms,7,block_01,Gear,3,canonical,0,1,0,010,2000,2000,2000,1.0,1.0,45.66482162475586,93.35292053222656,1.0093250274658203,0.880279541015625,45.24292755126953,106.04917907714844,ok,ok
rule_ms,42,block_01,Gear,3,canonical,0,1,0,010,2000,2000,2000,1.0,1.0,49.499786376953125,119.75101470947266,1.0037384033203125,0.8322715759277344,49.31542205810547,143.88455200195312,ok,ok
rule_ms,123,block_01,Gear,3,canonical,0,1,0,010,2000,2000,2000,1.0,1.0,46.72882080078125,91.8253173828125,0.955744743347168,0.7030844688415527,48.892574310302734,130.60353088378906,ok,ok
rule_ms,2026,block_01,Gear,3,canonical,0,1,0,010,2000,2000,2000,1.0,1.0,56.74660110473633,120.38787841796875,1.1129045486450195,0.9166765213012695,50.98963928222656,131.330810546875,ok,ok
rule_ms,3407,block_01,Gear,3,canonical,0,1,0,010,2000,2000,2000,1.0,1.0,53.63791275024414,102.73959350585938,1.2160930633544922,0.8446950912475586,44.106754302978516,121.62920379638672,ok,ok
placebo_ms,7,block_01,Gear,3,canonical,0,1,0,010,2000,2000,2000,1.0,1.0,46.35087203979492,101.71582794189453,0.9572105407714844,0.9015884399414062,48.42285919189453,112.81846618652344,ok,ok
placebo_ms,42,block_01,Gear,3,canonical,0,1,0,010,2000,2000,2000,1.0,1.0,48.53374099731445,106.8539810180664,1.096771240234375,0.9426050186157227,44.251468658447266,113.36029052734375,ok,ok
placebo_ms,123,block_01,Gear,3,canonical,0,1,0,010,2000,2000,2000,1.0,1.0,45.52415466308594,90.4154052734375,0.8813776969909668,0.783416748046875,51.6511344909668,115.4116439819336,ok,ok
placebo_ms,2026,block_01,Gear,3,canonical,0,1,0,010,2000,2000,2000,1.0,1.0,41.26388168334961,87.48910522460938,0.9564328193664551,0.6715867519378662,43.143524169921875,130.27223205566406,ok,ok
placebo_ms,3407,block_01,Gear,3,canonical,0,1,0,010,2000,2000,2000,1.0,1.0,57.46791458129883,118.53009033203125,1.068547248840332,0.8411645889282227,53.78135299682617,140.9119110107422,ok,ok
real_std,7,block_01,Gear,3,canonical,0,1,0,010,2000,36,40,0.018,0.02,5.4172444343566895,3.334946632385254,1.6373662948608398,1.2412467002868652,3.308511257171631,2.6867716312408447,ok,ok
real_std,42,block_01,Gear,3,canonical,0,1,0,010,2000,0,3,0.0,0.0015,-0.9506332278251648,-0.6442108750343323,1.5257220268249512,1.080963373184204,-0.6230710744857788,-0.5959599614143372,ok,ok
real_std,123,block_01,Gear,3,canonical,0,1,0,010,2000,0,2,0.0,0.001,-1.43462073802948,-0.3279609978199005,1.0262856483459473,0.8515138626098633,-1.3978767395019531,-0.3851505517959595,ok,ok
real_std,2026,block_01,Gear,3,canonical,0,1,0,010,2000,0,1,0.0,0.0005,-2.0816078186035156,2.1095895767211914,1.9834418296813965,1.2508182525634766,-1.0494928359985352,1.6865676641464233,ok,ok
real_std,3407,block_01,Gear,3,canonical,0,1,0,010,2000,0,0,0.0,0.0,1.1662553548812866,-0.37233296036720276,1.4964051246643066,1.0478458404541016,0.7793713808059692,-0.35533177852630615,ok,ok
rule_std,7,block_01,Gear,3,canonical,0,1,0,010,2000,2000,2000,1.0,1.0,56.97015380859375,117.04020690917969,1.181675910949707,1.0359020233154297,48.2113151550293,112.98384857177734,ok,ok
rule_std,42,block_01,Gear,3,canonical,0,1,0,010,2000,2000,2000,1.0,1.0,49.3246955871582,102.65034484863281,1.1422834396362305,0.9765458106994629,43.180789947509766,105.11575317382812,ok,ok
rule_std,123,block_01,Gear,3,canonical,0,1,0,010,2000,2000,2000,1.0,1.0,52.722713470458984,118.826416015625,1.2401223182678223,0.9976696968078613,42.51412582397461,119.10396575927734,ok,ok
rule_std,2026,block_01,Gear,3,canonical,0,1,0,010,2000,2000,2000,1.0,1.0,50.51653289794922,104.55323028564453,0.8580408096313477,0.7351598739624023,58.8742790222168,142.21835327148438,ok,ok
rule_std,3407,block_01,Gear,3,canonical,0,1,0,010,2000,2000,2000,1.0,1.0,63.94569396972656,119.45718383789062,1.325347900390625,1.1839475631713867,48.24822998046875,100.89736938476562,ok,ok
placebo_std,7,block_01,Gear,3,canonical,0,1,0,010,2000,2000,2000,1.0,1.0,51.666664123535156,107.63062286376953,1.078871250152588,0.9658546447753906,47.88955307006836,111.43563842773438,ok,ok
placebo_std,42,block_01,Gear,3,canonical,0,1,0,010,2000,2000,2000,1.0,1.0,48.66143035888672,112.57870483398438,1.1275620460510254,0.9466109275817871,43.15631866455078,118.92816162109375,ok,ok
placebo_std,123,block_01,Gear,3,canonical,0,1,0,010,2000,2000,2000,1.0,1.0,58.090023040771484,135.59054565429688,1.1350078582763672,0.9923262596130371,51.18028259277344,136.63906860351562,ok,ok
placebo_std,2026,block_01,Gear,3,canonical,0,1,0,010,2000,2000,2000,1.0,1.0,53.95973587036133,126.78668212890625,1.2206096649169922,0.9491934776306152,44.20719909667969,133.57305908203125,ok,ok
placebo_std,3407,block_01,Gear,3,canonical,0,1,0,010,2000,2000,2000,1.0,1.0,52.9760627746582,110.52204895019531,1.3090081214904785,0.9938716888427734,40.47038650512695,111.20353698730469,ok,ok
real_ms,7,block_01,Gear,3,canonical,0,1,1,011,2000,22,74,0.011,0.037,4.29242467880249,3.1493449211120605,1.3007607460021973,1.078542709350586,3.299934148788452,2.9200000762939453,ok,ok
real_ms,42,block_01,Gear,3,canonical,0,1,1,011,2000,0,0,0.0,0.0,-2.0710766315460205,-1.8793253898620605,1.6529512405395508,1.3246212005615234,-1.252956748008728,-1.418764352798462,ok,ok
real_ms,123,block_01,Gear,3,canonical,0,1,1,011,2000,0,3,0.0,0.0015,-1.1912344694137573,-0.43792498111724854,0.9492621421813965,0.7362182140350342,-1.2549058198928833,-0.5948304533958435,ok,ok
real_ms,2026,block_01,Gear,3,canonical,0,1,1,011,2000,0,0,0.0,0.0,-2.4941890239715576,0.43148890137672424,1.2528009414672852,0.785686731338501,-1.9908901453018188,0.5491868853569031,ok,ok
real_ms,3407,block_01,Gear,3,canonical,0,1,1,011,2000,0,0,0.0,0.0,-0.5756287574768066,-0.4718218445777893,1.0351133346557617,0.9396266937255859,-0.5561021566390991,-0.5021376013755798,ok,ok
rule_ms,7,block_01,Gear,3,canonical,0,1,1,011,2000,2000,2000,1.0,1.0,41.59743118286133,83.62370300292969,1.0093250274658203,0.880279541015625,41.213111877441406,94.99674987792969,ok,ok
rule_ms,42,block_01,Gear,3,canonical,0,1,1,011,2000,2000,2000,1.0,1.0,45.41032791137695,108.21762084960938,1.0037384033203125,0.8322715759277344,45.24120330810547,130.0268096923828,ok,ok
rule_ms,123,block_01,Gear,3,canonical,0,1,1,011,2000,2000,2000,1.0,1.0,42.10048294067383,82.03453063964844,0.955744743347168,0.7030844688415527,44.0499267578125,116.67806243896484,ok,ok
rule_ms,2026,block_01,Gear,3,canonical,0,1,1,011,2000,2000,2000,1.0,1.0,51.412384033203125,108.12471771240234,1.1129045486450195,0.9166765213012695,46.19657897949219,117.95297241210938,ok,ok
rule_ms,3407,block_01,Gear,3,canonical,0,1,1,011,2000,2000,2000,1.0,1.0,47.8740348815918,93.6867904663086,1.2160930633544922,0.8446950912475586,39.36708450317383,110.91195678710938,ok,ok
placebo_ms,7,block_01,Gear,3,canonical,0,1,1,011,2000,2000,2000,1.0,1.0,42.32156753540039,91.95880126953125,0.9572105407714844,0.9015884399414062,44.21343231201172,101.9964370727539,ok,ok
placebo_ms,42,block_01,Gear,3,canonical,0,1,1,011,2000,2000,2000,1.0,1.0,43.559181213378906,96.55957794189453,1.096771240234375,0.9426050186157227,39.7158317565918,102.4390640258789,ok,ok
placebo_ms,123,block_01,Gear,3,canonical,0,1,1,011,2000,2000,2000,1.0,1.0,40.71516418457031,78.82530975341797,0.8813776969909668,0.783416748046875,46.194908142089844,100.61734008789062,ok,ok
placebo_ms,2026,block_01,Gear,3,canonical,0,1,1,011,2000,2000,2000,1.0,1.0,36.84960174560547,77.51057434082031,0.9564328193664551,0.6715867519378662,38.528160095214844,115.41409301757812,ok,ok
placebo_ms,3407,block_01,Gear,3,canonical,0,1,1,011,2000,2000,2000,1.0,1.0,51.214263916015625,107.28492736816406,1.068547248840332,0.8411645889282227,47.92887496948242,127.54332733154297,ok,ok
real_std,7,block_01,Gear,3,canonical,0,1,1,011,2000,12,13,0.006,0.0065,4.058606147766113,2.184420347213745,1.6373662948608398,1.2412467002868652,2.478740692138672,1.7598601579666138,ok,ok
real_std,42,block_01,Gear,3,canonical,0,1,1,011,2000,0,3,0.0,0.0015,-1.036191463470459,-0.937613308429718,1.5257220268249512,1.080963373184204,-0.679148256778717,-0.8673866987228394,ok,ok
real_std,123,block_01,Gear,3,canonical,0,1,1,011,2000,0,0,0.0,0.0,-1.5723185539245605,-0.9354822635650635,1.0262856483459473,0.8515138626098633,-1.5320476293563843,-1.098610758781433,ok,ok
real_std,2026,block_01,Gear,3,canonical,0,1,1,011,2000,0,0,0.0,0.0,-2.4869282245635986,0.7499709725379944,1.9834418296813965,1.2508182525634766,-1.2538447380065918,0.5995842218399048,ok,ok
real_std,3407,block_01,Gear,3,canonical,0,1,1,011,2000,0,0,0.0,0.0,1.2718088626861572,-0.5056607723236084,1.4964051246643066,1.0478458404541016,0.8499094247817993,-0.48257172107696533,ok,ok
rule_std,7,block_01,Gear,3,canonical,0,1,1,011,2000,2000,2000,1.0,1.0,50.769962310791016,106.0453872680664,1.181675910949707,1.0359020233154297,42.96437072753906,102.3700942993164,ok,ok
rule_std,42,block_01,Gear,3,canonical,0,1,1,011,2000,2000,2000,1.0,1.0,43.85802459716797,91.08256530761719,1.1422834396362305,0.9765458106994629,38.39504623413086,93.2701416015625,ok,ok
rule_std,123,block_01,Gear,3,canonical,0,1,1,011,2000,2000,2000,1.0,1.0,48.18532943725586,104.9208984375,1.2401223182678223,0.9976696968078613,38.85530471801758,105.16596221923828,ok,ok
rule_std,2026,block_01,Gear,3,canonical,0,1,1,011,2000,2000,2000,1.0,1.0,45.3278923034668,92.33441162109375,0.8580408096313477,0.7351598739624023,52.82719421386719,125.59773254394531,ok,ok
rule_std,3407,block_01,Gear,3,canonical,0,1,1,011,2000,2000,2000,1.0,1.0,59.066802978515625,108.8895492553711,1.325347900390625,1.1839475631713867,44.5670166015625,91.97159576416016,ok,ok
placebo_std,7,block_01,Gear,3,canonical,0,1,1,011,2000,2000,2000,1.0,1.0,46.55047607421875,94.16190338134766,1.078871250152588,0.9658546447753906,43.14738845825195,97.49076843261719,ok,ok
placebo_std,42,block_01,Gear,3,canonical,0,1,1,011,2000,2000,2000,1.0,1.0,42.912418365478516,102.40097045898438,1.1275620460510254,0.9466109275817871,38.057701110839844,108.17640686035156,ok,ok
placebo_std,123,block_01,Gear,3,canonical,0,1,1,011,2000,2000,2000,1.0,1.0,54.09124755859375,122.68960571289062,1.1350078582763672,0.9923262596130371,47.65715789794922,123.63837432861328,ok,ok
placebo_std,2026,block_01,Gear,3,canonical,0,1,1,011,2000,2000,2000,1.0,1.0,48.72425842285156,110.94426727294922,1.2206096649169922,0.9491934776306152,39.917964935302734,116.88267517089844,ok,ok
placebo_std,3407,block_01,Gear,3,canonical,0,1,1,011,2000,2000,2000,1.0,1.0,47.34396743774414,101.07475280761719,1.3090081214904785,0.9938716888427734,36.16781997680664,101.69799041748047,ok,ok
real_ms,7,block_01,Gear,3,canonical,1,0,0,100,2000,7,1955,0.0035,0.9775,5.241011619567871,15.482978820800781,1.3007607460021973,1.078542709350586,4.029189586639404,14.355461120605469,ok,ok
real_ms,42,block_01,Gear,3,canonical,1,0,0,100,2000,0,836,0.0,0.418,1.9277077913284302,10.097430229187012,1.6529512405395508,1.3246212005615234,1.1662218570709229,7.622881889343262,ok,ok
real_ms,123,block_01,Gear,3,canonical,1,0,0,100,2000,0,1968,0.0,0.984,2.423435688018799,18.839881896972656,0.9492621421813965,0.7362182140350342,2.5529680252075195,25.5900821685791,ok,ok
real_ms,2026,block_01,Gear,3,canonical,1,0,0,100,2000,0,1894,0.0,0.947,-0.35753026604652405,13.574797630310059,1.2528009414672852,0.785686731338501,-0.28538474440574646,17.277620315551758,ok,ok
real_ms,3407,block_01,Gear,3,canonical,1,0,0,100,2000,0,1960,0.0,0.98,1.3922882080078125,14.099767684936523,1.0351133346557617,0.9396266937255859,1.345058798789978,15.00571060180664,ok,ok
rule_ms,7,block_01,Gear,3,canonical,1,0,0,100,2000,0,2000,0.0,1.0,-1.9386430978775024,39.261749267578125,1.0093250274658203,0.880279541015625,-1.9207321405410767,44.6014518737793,ok,ok
rule_ms,42,block_01,Gear,3,canonical,1,0,0,100,2000,71,1984,0.0355,0.992,6.647208213806152,21.20176887512207,1.0037384033203125,0.8322715759277344,6.622451305389404,25.474580764770508,ok,ok
rule_ms,123,block_01,Gear,3,canonical,1,0,0,100,2000,22,2000,0.011,1.0,1.5891804695129395,37.548404693603516,0.955744743347168,0.7030844688415527,1.6627665758132935,53.40525817871094,ok,ok
rule_ms,2026,block_01,Gear,3,canonical,1,0,0,100,2000,107,2000,0.0535,1.0,5.5802531242370605,39.83181381225586,1.1129045486450195,0.9166765213012695,5.014134883880615,43.452415466308594,ok,ok
rule_ms,3407,block_01,Gear,3,canonical,1,0,0,100,2000,1508,2000,0.754,1.0,14.256335258483887,29.97791862487793,1.2160930633544922,0.8446950912475586,11.723062515258789,35.48963165283203,ok,ok
placebo_ms,7,block_01,Gear,3,canonical,1,0,0,100,2000,27,2000,0.0135,1.0,3.33762526512146,27.057580947875977,0.9572105407714844,0.9015884399414062,3.4868247509002686,30.011011123657227,ok,ok
placebo_ms,42,block_01,Gear,3,canonical,1,0,0,100,2000,22,1990,0.011,0.995,4.0716776847839355,21.420230865478516,1.096771240234375,0.9426050186157227,3.7124218940734863,22.724504470825195,ok,ok
placebo_ms,123,block_01,Gear,3,canonical,1,0,0,100,2000,20,2000,0.01,1.0,0.5823245644569397,42.42074966430664,0.8813776969909668,0.783416748046875,0.6606980562210083,54.148380279541016,ok,ok
placebo_ms,2026,block_01,Gear,3,canonical,1,0,0,100,2000,49,2000,0.0245,1.0,3.9953227043151855,34.634979248046875,0.9564328193664551,0.6715867519378662,4.177316188812256,51.571868896484375,ok,ok
placebo_ms,3407,block_01,Gear,3,canonical,1,0,0,100,2000,507,2000,0.2535,1.0,9.781763076782227,35.52411651611328,1.068547248840332,0.8411645889282227,9.154263496398926,42.23206329345703,ok,ok
real_std,7,block_01,Gear,3,canonical,1,0,0,100,2000,0,1756,0.0,0.878,3.9701950550079346,16.548864364624023,1.6373662948608398,1.2412467002868652,2.4247446060180664,13.332453727722168,ok,ok
real_std,42,block_01,Gear,3,canonical,1,0,0,100,2000,0,1871,0.0,0.9355,-0.6152050495147705,15.33302116394043,1.5257220268249512,1.080963373184204,-0.40322229266166687,14.184588432312012,ok,ok
real_std,123,block_01,Gear,3,canonical,1,0,0,100,2000,0,1911,0.0,0.9555,3.278047800064087,17.68301773071289,1.0262856483459473,0.8515138626098633,3.19408917427063,20.766565322875977,ok,ok
real_std,2026,block_01,Gear,3,canonical,1,0,0,100,2000,0,605,0.0,0.3025,-4.480195045471191,7.195156097412109,1.9834418296813965,1.2508182525634766,-2.258798360824585,5.752359390258789,ok,ok
real_std,3407,block_01,Gear,3,canonical,1,0,0,100,2000,0,1667,0.0,0.8335,3.4840455055236816,13.320104598999023,1.4964051246643066,1.0478458404541016,2.3282768726348877,12.711892127990723,ok,ok
rule_std,7,block_01,Gear,3,canonical,1,0,0,100,2000,55,2000,0.0275,1.0,5.4181365966796875,39.33235549926758,1.181675910949707,1.0359020233154297,4.5851287841796875,37.96918869018555,ok,ok
rule_std,42,block_01,Gear,3,canonical,1,0,0,100,2000,9,1944,0.0045,0.972,1.6615962982177734,18.877269744873047,1.1422834396362305,0.9765458106994629,1.4546269178390503,19.330652236938477,ok,ok
rule_std,123,block_01,Gear,3,canonical,1,0,0,100,2000,71,2000,0.0355,1.0,4.966302871704102,53.358219146728516,1.2401223182678223,0.9976696968078613,4.004687786102295,53.482852935791016,ok,ok
rule_std,2026,block_01,Gear,3,canonical,1,0,0,100,2000,280,2000,0.14,1.0,8.582271575927734,25.246408462524414,0.8580408096313477,0.7351598739624023,10.002171516418457,34.34138488769531,ok,ok
rule_std,3407,block_01,Gear,3,canonical,1,0,0,100,2000,380,1985,0.19,0.9925,10.811923027038574,24.987060546875,1.325347900390625,1.1839475631713867,8.15779972076416,21.10487174987793,ok,ok
placebo_std,7,block_01,Gear,3,canonical,1,0,0,100,2000,4,2000,0.002,1.0,2.295159101486206,35.1378288269043,1.078871250152588,0.9658546447753906,2.127370595932007,36.38003921508789,ok,ok
placebo_std,42,block_01,Gear,3,canonical,1,0,0,100,2000,65,1994,0.0325,0.997,3.7039012908935547,25.20547866821289,1.1275620460510254,0.9466109275817871,3.2848758697509766,26.627073287963867,ok,ok
placebo_std,123,block_01,Gear,3,canonical,1,0,0,100,2000,34,2000,0.017,1.0,0.755763053894043,60.77161407470703,1.1350078582763672,0.9923262596130371,0.665865957736969,61.24156188964844,ok,ok
placebo_std,2026,block_01,Gear,3,canonical,1,0,0,100,2000,952,1999,0.476,0.9995,12.236162185668945,37.149845123291016,1.2206096649169922,0.9491934776306152,10.024630546569824,39.138328552246094,ok,ok
placebo_std,3407,block_01,Gear,3,canonical,1,0,0,100,2000,117,2000,0.0585,1.0,3.6580798625946045,31.4030818939209,1.3090081214904785,0.9938716888427734,2.794543504714966,31.59671401977539,ok,ok
real_ms,7,block_01,Gear,3,canonical,1,0,1,101,2000,5,1992,0.0025,0.996,4.388561725616455,17.46673011779785,1.3007607460021973,1.078542709350586,3.373842239379883,16.19474983215332,ok,ok
real_ms,42,block_01,Gear,3,canonical,1,0,1,101,2000,0,1189,0.0,0.5945,2.6620419025421143,12.495231628417969,1.6529512405395508,1.3246212005615234,1.6104782819747925,9.433060646057129,ok,ok
real_ms,123,block_01,Gear,3,canonical,1,0,1,101,2000,0,1972,0.0,0.986,2.0695571899414062,18.902711868286133,0.9492621421813965,0.7362182140350342,2.1801743507385254,25.67542266845703,ok,ok
real_ms,2026,block_01,Gear,3,canonical,1,0,1,101,2000,0,1955,0.0,0.9775,-0.8513466119766235,14.416057586669922,1.2528009414672852,0.785686731338501,-0.6795545816421509,18.34835433959961,ok,ok
real_ms,3407,block_01,Gear,3,canonical,1,0,1,101,2000,0,1981,0.0,0.9905,1.2689850330352783,15.39299488067627,1.0351133346557617,0.9396266937255859,1.2259382009506226,16.382034301757812,ok,ok
rule_ms,7,block_01,Gear,3,canonical,1,0,1,101,2000,0,2000,0.0,1.0,-3.4288015365600586,41.44994354248047,1.0093250274658203,0.880279541015625,-3.397123336791992,47.087249755859375,ok,ok
rule_ms,42,block_01,Gear,3,canonical,1,0,1,101,2000,18,1994,0.009,0.997,5.519836902618408,22.351364135742188,1.0037384033203125,0.8322715759277344,5.499279022216797,26.85585594177246,ok,ok
rule_ms,123,block_01,Gear,3,canonical,1,0,1,101,2000,5,2000,0.0025,1.0,1.1938161849975586,36.88787841796875,0.955744743347168,0.7030844688415527,1.24909508228302,52.465789794921875,ok,ok
rule_ms,2026,block_01,Gear,3,canonical,1,0,1,101,2000,15,2000,0.0075,1.0,3.7455263137817383,41.161277770996094,1.1129045486450195,0.9166765213012695,3.3655409812927246,44.90272903442383,ok,ok
rule_ms,3407,block_01,Gear,3,canonical,1,0,1,101,2000,881,2000,0.4405,1.0,11.085057258605957,28.850507736206055,1.2160930633544922,0.8446950912475586,9.115303039550781,34.154937744140625,ok,ok
placebo_ms,7,block_01,Gear,3,canonical,1,0,1,101,2000,2,2000,0.001,1.0,1.869047999382019,29.85784912109375,0.9572105407714844,0.9015884399414062,1.9525984525680542,33.11693572998047,ok,ok
placebo_ms,42,block_01,Gear,3,canonical,1,0,1,101,2000,5,1997,0.0025,0.9985,3.2993595600128174,21.689661026000977,1.096771240234375,0.9426050186157227,3.0082476139068604,23.01033592224121,ok,ok
placebo_ms,123,block_01,Gear,3,canonical,1,0,1,101,2000,0,2000,0.0,1.0,-1.0955564975738525,44.35918045043945,0.8813776969909668,0.783416748046875,-1.243004560470581,56.622711181640625,ok,ok
placebo_ms,2026,block_01,Gear,3,canonical,1,0,1,101,2000,2,2000,0.001,1.0,2.5140492916107178,36.37644958496094,0.9564328193664551,0.6715867519378662,2.6285688877105713,54.1649284362793,ok,ok
placebo_ms,3407,block_01,Gear,3,canonical,1,0,1,101,2000,105,2000,0.0525,1.0,7.460823059082031,35.76052474975586,1.068547248840332,0.8411645889282227,6.982212066650391,42.51311492919922,ok,ok
real_std,7,block_01,Gear,3,canonical,1,0,1,101,2000,0,1890,0.0,0.945,3.31071138381958,19.02256965637207,1.6373662948608398,1.2412467002868652,2.0219736099243164,15.325374603271484,ok,ok
real_std,42,block_01,Gear,3,canonical,1,0,1,101,2000,0,1863,0.0,0.9315,-0.12601593136787415,14.896474838256836,1.5257220268249512,1.080963373184204,-0.08259429782629013,13.780739784240723,ok,ok
real_std,123,block_01,Gear,3,canonical,1,0,1,101,2000,0,1919,0.0,0.9595,3.0780997276306152,17.735836029052734,1.0262856483459473,0.8515138626098633,2.9992620944976807,20.828594207763672,ok,ok
real_std,2026,block_01,Gear,3,canonical,1,0,1,101,2000,0,947,0.0,0.4735,-4.990236759185791,8.637084007263184,1.9834418296813965,1.2508182525634766,-2.5159482955932617,6.905146598815918,ok,ok
real_std,3407,block_01,Gear,3,canonical,1,0,1,101,2000,0,1882,0.0,0.941,3.8112728595733643,16.342029571533203,1.4964051246643066,1.0478458404541016,2.546952724456787,15.595832824707031,ok,ok
rule_std,7,block_01,Gear,3,canonical,1,0,1,101,2000,7,2000,0.0035,1.0,4.079049110412598,40.980899810791016,1.181675910949707,1.0359020233154297,3.451918840408325,39.56058883666992,ok,ok
rule_std,42,block_01,Gear,3,canonical,1,0,1,101,2000,0,1993,0.0,0.9965,0.291181743144989,21.7752742767334,1.1422834396362305,0.9765458106994629,0.25491195917129517,22.298261642456055,ok,ok
rule_std,123,block_01,Gear,3,canonical,1,0,1,101,2000,13,2000,0.0065,1.0,3.455798387527466,52.99137496948242,1.2401223182678223,0.9976696968078613,2.7866592407226562,53.115142822265625,ok,ok
rule_std,2026,block_01,Gear,3,canonical,1,0,1,101,2000,74,2000,0.037,1.0,7.124053001403809,26.002649307250977,0.8580408096313477,0.7351598739624023,8.30269718170166,35.370059967041016,ok,ok
rule_std,3407,block_01,Gear,3,canonical,1,0,1,101,2000,128,1991,0.064,0.9955,9.17880630493164,25.672414779663086,1.325347900390625,1.1839475631713867,6.9255828857421875,21.68374252319336,ok,ok
placebo_std,7,block_01,Gear,3,canonical,1,0,1,101,2000,0,2000,0.0,1.0,1.1670035123825073,36.08114242553711,1.078871250152588,0.9658546447753906,1.0816893577575684,37.35669708251953,ok,ok
placebo_std,42,block_01,Gear,3,canonical,1,0,1,101,2000,3,1999,0.0015,0.9995,1.7655951976776123,27.098926544189453,1.1275620460510254,0.9466109275817871,1.5658520460128784,28.62731170654297,ok,ok
placebo_std,123,block_01,Gear,3,canonical,1,0,1,101,2000,3,2000,0.0015,1.0,-1.7788844108581543,65.06599426269531,1.1350078582763672,0.9923262596130371,-1.5672881603240967,65.56915283203125,ok,ok
placebo_std,2026,block_01,Gear,3,canonical,1,0,1,101,2000,567,2000,0.2835,1.0,10.353049278259277,37.78364562988281,1.2206096649169922,0.9491934776306152,8.481865882873535,39.80604553222656,ok,ok
placebo_std,3407,block_01,Gear,3,canonical,1,0,1,101,2000,19,2000,0.0095,1.0,2.206507921218872,30.90058135986328,1.3090081214904785,0.9938716888427734,1.6856334209442139,31.09111976623535,ok,ok
real_ms,7,block_01,Gear,3,canonical,1,1,0,110,2000,0,1687,0.0,0.8435,5.445220470428467,11.244396209716797,1.3007607460021973,1.078542709350586,4.186181545257568,10.425545692443848,ok,ok
real_ms,42,block_01,Gear,3,canonical,1,1,0,110,2000,0,52,0.0,0.026,-2.2560737133026123,3.216111660003662,1.6529512405395508,1.3246212005615234,-1.3648761510849,2.427948236465454,ok,ok
real_ms,123,block_01,Gear,3,canonical,1,1,0,110,2000,0,1950,0.0,0.975,1.2521611452102661,15.97275161743164,0.9492621421813965,0.7362182140350342,1.3190888166427612,21.695674896240234,ok,ok
real_ms,2026,block_01,Gear,3,canonical,1,1,0,110,2000,0,857,0.0,0.4285,-0.5280605554580688,7.301046848297119,1.2528009414672852,0.785686731338501,-0.4215039610862732,9.292567253112793,ok,ok
real_ms,3407,block_01,Gear,3,canonical,1,1,0,110,2000,0,1828,0.0,0.914,1.0818054676055908,11.290534973144531,1.0351133346557617,0.9396266937255859,1.0451080799102783,12.01598072052002,ok,ok
rule_ms,7,block_01,Gear,3,canonical,1,1,0,110,2000,20,2000,0.01,1.0,1.9310452938079834,38.66104507446289,1.0093250274658203,0.880279541015625,1.913204550743103,43.9190559387207,ok,ok
rule_ms,42,block_01,Gear,3,canonical,1,1,0,110,2000,349,1973,0.1745,0.9865,9.112828254699707,26.52884292602539,1.0037384033203125,0.8322715759277344,9.078888893127441,31.875225067138672,ok,ok
rule_ms,123,block_01,Gear,3,canonical,1,1,0,110,2000,499,2000,0.2495,1.0,7.204124927520752,40.27213668823242,0.955744743347168,0.7030844688415527,7.537707805633545,57.279232025146484,ok,ok
rule_ms,2026,block_01,Gear,3,canonical,1,1,0,110,2000,51,1999,0.0255,0.9995,6.073421955108643,36.810646057128906,1.1129045486450195,0.9166765213012695,5.457271575927734,40.15663528442383,ok,ok
rule_ms,3407,block_01,Gear,3,canonical,1,1,0,110,2000,1934,1999,0.967,0.9995,18.834470748901367,28.725645065307617,1.2160930633544922,0.8446950912475586,15.487687110900879,34.007118225097656,ok,ok
placebo_ms,7,block_01,Gear,3,canonical,1,1,0,110,2000,182,1994,0.091,0.997,6.052736282348633,30.232074737548828,0.9572105407714844,0.9015884399414062,6.323307514190674,33.53201675415039,ok,ok
placebo_ms,42,block_01,Gear,3,canonical,1,1,0,110,2000,60,1994,0.03,0.997,4.47951078414917,28.411088943481445,1.096771240234375,0.9426050186157227,4.084270477294922,30.141035079956055,ok,ok
placebo_ms,123,block_01,Gear,3,canonical,1,1,0,110,2000,80,2000,0.04,1.0,3.3776402473449707,44.37530517578125,0.8813776969909668,0.783416748046875,3.8322274684906006,56.64329147338867,ok,ok
placebo_ms,2026,block_01,Gear,3,canonical,1,1,0,110,2000,131,2000,0.0655,1.0,5.867000102996826,35.00337219238281,0.9564328193664551,0.6715867519378662,6.134252071380615,52.120399475097656,ok,ok
placebo_ms,3407,block_01,Gear,3,canonical,1,1,0,110,2000,1548,1996,0.774,0.998,15.54521656036377,32.98221206665039,1.068547248840332,0.8411645889282227,14.547990798950195,39.21017074584961,ok,ok
real_std,7,block_01,Gear,3,canonical,1,1,0,110,2000,1,795,0.0005,0.3975,3.4066758155822754,9.530532836914062,1.6373662948608398,1.2412467002868652,2.080582618713379,7.678194999694824,ok,ok
real_std,42,block_01,Gear,3,canonical,1,1,0,110,2000,0,1782,0.0,0.891,-1.4187357425689697,12.236998558044434,1.5257220268249512,1.080963373184204,-0.9298781752586365,11.320457458496094,ok,ok
real_std,123,block_01,Gear,3,canonical,1,1,0,110,2000,0,1859,0.0,0.9295,2.261875867843628,14.964668273925781,1.0262856483459473,0.8515138626098633,2.2039437294006348,17.57419204711914,ok,ok
real_std,2026,block_01,Gear,3,canonical,1,1,0,110,2000,0,246,0.0,0.123,-3.6905155181884766,4.777236461639404,1.9834418296813965,1.2508182525634766,-1.8606623411178589,3.819288730621338,ok,ok
real_std,3407,block_01,Gear,3,canonical,1,1,0,110,2000,0,1481,0.0,0.7405,3.0443742275238037,12.07359790802002,1.4964051246643066,1.0478458404541016,2.034458637237549,11.522302627563477,ok,ok
rule_std,7,block_01,Gear,3,canonical,1,1,0,110,2000,757,1999,0.3785,0.9995,11.323220252990723,40.988807678222656,1.181675910949707,1.0359020233154297,9.582340240478516,39.56822967529297,ok,ok
rule_std,42,block_01,Gear,3,canonical,1,1,0,110,2000,15,1944,0.0075,0.972,2.1356821060180664,23.78898048400879,1.1422834396362305,0.9765458106994629,1.869660496711731,24.360332489013672,ok,ok
rule_std,123,block_01,Gear,3,canonical,1,1,0,110,2000,625,2000,0.3125,1.0,9.893588066101074,56.00653839111328,1.2401223182678223,0.9976696968078613,7.977912902832031,56.13735580444336,ok,ok
rule_std,2026,block_01,Gear,3,canonical,1,1,0,110,2000,179,1995,0.0895,0.9975,7.901041507720947,27.87835121154785,0.8580408096313477,0.7351598739624023,9.208236694335938,37.92148208618164,ok,ok
rule_std,3407,block_01,Gear,3,canonical,1,1,0,110,2000,1485,1996,0.7425,0.998,16.713516235351562,30.648828506469727,1.325347900390625,1.1839475631713867,12.610662460327148,25.886980056762695,ok,ok
placebo_std,7,block_01,Gear,3,canonical,1,1,0,110,2000,413,2000,0.2065,1.0,8.494017601013184,39.26312255859375,1.078871250152588,0.9658546447753906,7.873058795928955,40.65117263793945,ok,ok
placebo_std,42,block_01,Gear,3,canonical,1,1,0,110,2000,12,1994,0.006,0.997,0.9450699687004089,34.986454010009766,1.1275620460510254,0.9466109275817871,0.8381534218788147,36.95969772338867,ok,ok
placebo_std,123,block_01,Gear,3,canonical,1,1,0,110,2000,561,2000,0.2805,1.0,8.935620307922363,70.17160034179688,1.1350078582763672,0.9923262596130371,7.872738361358643,70.71424102783203,ok,ok
placebo_std,2026,block_01,Gear,3,canonical,1,1,0,110,2000,1634,1997,0.817,0.9985,16.065475463867188,38.40857696533203,1.2206096649169922,0.9491934776306152,13.161844253540039,40.46443176269531,ok,ok
placebo_std,3407,block_01,Gear,3,canonical,1,1,0,110,2000,1244,1998,0.622,0.999,11.325798034667969,30.537006378173828,1.3090081214904785,0.9938716888427734,8.65219783782959,30.725299835205078,ok,ok
real_ms,7,block_01,Gear,3,canonical,1,1,1,111,2000,1,1622,0.0005,0.811,5.698724269866943,10.705933570861816,1.3007607460021973,1.078542709350586,4.381070137023926,9.926295280456543,ok,ok
real_ms,42,block_01,Gear,3,canonical,1,1,1,111,2000,0,67,0.0,0.0335,-0.9707168340682983,4.169179916381836,1.6529512405395508,1.3246212005615234,-0.5872628688812256,3.1474504470825195,ok,ok
real_ms,123,block_01,Gear,3,canonical,1,1,1,111,2000,0,1918,0.0,0.959,1.5182054042816162,14.230189323425293,0.9492621421813965,0.7362182140350342,1.5993531942367554,19.328765869140625,ok,ok
real_ms,2026,block_01,Gear,3,canonical,1,1,1,111,2000,0,1006,0.0,0.503,-0.6089469194412231,7.929659843444824,1.2528009414672852,0.785686731338501,-0.48606836795806885,10.092647552490234,ok,ok
real_ms,3407,block_01,Gear,3,canonical,1,1,1,111,2000,0,1758,0.0,0.879,1.6444172859191895,10.611516952514648,1.0351133346557617,0.9396266937255859,1.588634967803955,11.293333053588867,ok,ok
rule_ms,7,block_01,Gear,3,canonical,1,1,1,111,2000,4,2000,0.002,1.0,1.0960601568222046,39.01803207397461,1.0093250274658203,0.880279541015625,1.085933804512024,44.3245849609375,ok,ok
rule_ms,42,block_01,Gear,3,canonical,1,1,1,111,2000,172,1985,0.086,0.9925,8.152268409729004,27.36705780029297,1.0037384033203125,0.8322715759277344,8.121905326843262,32.88236618041992,ok,ok
rule_ms,123,block_01,Gear,3,canonical,1,1,1,111,2000,95,2000,0.0475,1.0,4.485656261444092,42.77952194213867,0.955744743347168,0.7030844688415527,4.693361759185791,60.84549331665039,ok,ok
rule_ms,2026,block_01,Gear,3,canonical,1,1,1,111,2000,9,1999,0.0045,0.9995,4.570610523223877,37.75252914428711,1.1129045486450195,0.9166765213012695,4.1069207191467285,41.18413162231445,ok,ok
rule_ms,3407,block_01,Gear,3,canonical,1,1,1,111,2000,1837,2000,0.9185,1.0,16.231388092041016,28.322851181030273,1.2160930633544922,0.8446950912475586,13.347158432006836,33.53026580810547,ok,ok
placebo_ms,7,block_01,Gear,3,canonical,1,1,1,111,2000,107,1992,0.0535,0.996,5.622697353363037,29.111352920532227,0.9572105407714844,0.9015884399414062,5.874043941497803,32.288963317871094,ok,ok
placebo_ms,42,block_01,Gear,3,canonical,1,1,1,111,2000,11,1996,0.0055,0.998,3.616703987121582,29.336111068725586,1.096771240234375,0.9426050186157227,3.2975919246673584,31.122379302978516,ok,ok
placebo_ms,123,block_01,Gear,3,canonical,1,1,1,111,2000,4,2000,0.002,1.0,0.10228419303894043,48.43840789794922,0.8813776969909668,0.783416748046875,0.1160503625869751,61.82968521118164,ok,ok
placebo_ms,2026,block_01,Gear,3,canonical,1,1,1,111,2000,19,2000,0.0095,1.0,4.366917610168457,35.94254684448242,0.9564328193664551,0.6715867519378662,4.565838813781738,53.51884460449219,ok,ok
placebo_ms,3407,block_01,Gear,3,canonical,1,1,1,111,2000,1151,1998,0.5755,0.999,12.885417938232422,34.035552978515625,1.068547248840332,0.8411645889282227,12.058819770812988,40.46242141723633,ok,ok
real_std,7,block_01,Gear,3,canonical,1,1,1,111,2000,1,610,0.0005,0.305,3.44718337059021,8.172290802001953,1.6373662948608398,1.2412467002868652,2.1053223609924316,6.583937644958496,ok,ok
real_std,42,block_01,Gear,3,canonical,1,1,1,111,2000,0,1768,0.0,0.884,-0.9998670816421509,11.569931983947754,1.5257220268249512,1.080963373184204,-0.6553402543067932,10.703352928161621,ok,ok
real_std,123,block_01,Gear,3,canonical,1,1,1,111,2000,0,1834,0.0,0.917,2.4261977672576904,14.00329303741455,1.0262856483459473,0.8515138626098633,2.3640568256378174,16.445173263549805,ok,ok
real_std,2026,block_01,Gear,3,canonical,1,1,1,111,2000,0,198,0.0,0.099,-4.087852478027344,4.851540565490723,1.9834418296813965,1.2508182525634766,-2.0609891414642334,3.8786933422088623,ok,ok
real_std,3407,block_01,Gear,3,canonical,1,1,1,111,2000,0,1535,0.0,0.7675,3.813466787338257,12.320746421813965,1.4964051246643066,1.0478458404541016,2.5484189987182617,11.75816822052002,ok,ok
rule_std,7,block_01,Gear,3,canonical,1,1,1,111,2000,394,2000,0.197,1.0,9.636858940124512,39.28310775756836,1.181675910949707,1.0359020233154297,8.15524673461914,37.92164611816406,ok,ok
rule_std,42,block_01,Gear,3,canonical,1,1,1,111,2000,5,1969,0.0025,0.9845,0.9965839982032776,26.028324127197266,1.1422834396362305,0.9765458106994629,0.8724489212036133,26.653459548950195,ok,ok
rule_std,123,block_01,Gear,3,canonical,1,1,1,111,2000,72,2000,0.036,1.0,5.802481651306152,58.73054504394531,1.2401223182678223,0.9976696968078613,4.678958892822266,58.86772537231445,ok,ok
rule_std,2026,block_01,Gear,3,canonical,1,1,1,111,2000,60,1998,0.03,0.999,6.724803447723389,28.86115264892578,0.8580408096313477,0.7351598739624023,7.837393760681152,39.25833511352539,ok,ok
rule_std,3407,block_01,Gear,3,canonical,1,1,1,111,2000,1088,1995,0.544,0.9975,14.325122833251953,30.616230010986328,1.325347900390625,1.1839475631713867,10.808576583862305,25.85944938659668,ok,ok
placebo_std,7,block_01,Gear,3,canonical,1,1,1,111,2000,151,2000,0.0755,1.0,6.9931511878967285,39.00739288330078,1.078871250152588,0.9658546447753906,6.48191499710083,40.38640594482422,ok,ok
placebo_std,42,block_01,Gear,3,canonical,1,1,1,111,2000,2,1998,0.001,0.999,-0.44776126742362976,36.54594802856445,1.1275620460510254,0.9466109275817871,-0.3971056640148163,38.607147216796875,ok,ok
placebo_std,123,block_01,Gear,3,canonical,1,1,1,111,2000,121,2000,0.0605,1.0,5.063467979431152,70.46436309814453,1.1350078582763672,0.9923262596130371,4.461174964904785,71.00926971435547,ok,ok
placebo_std,2026,block_01,Gear,3,canonical,1,1,1,111,2000,1326,1995,0.663,0.9975,14.155166625976562,38.579811096191406,1.2206096649169922,0.9491934776306152,11.596800804138184,40.64483642578125,ok,ok
placebo_std,3407,block_01,Gear,3,canonical,1,1,1,111,2000,687,1998,0.3435,0.999,8.591259956359863,31.080047607421875,1.3090081214904785,0.9938716888427734,6.563182830810547,31.271692276000977,ok,ok
real_ms,7,block_01,Gear,3,shifted,0,0,0,000,2000,33,484,0.0165,0.242,5.203526496887207,5.678538799285889,1.3007607460021973,1.078542709350586,4.00037145614624,5.265010356903076,ok,ok
real_ms,42,block_01,Gear,3,shifted,0,0,0,000,2000,0,0,0.0,0.0,-2.516003131866455,-0.9269378781318665,1.6529512405395508,1.3246212005615234,-1.5221279859542847,-0.699775755405426,ok,ok
real_ms,123,block_01,Gear,3,shifted,0,0,0,000,2000,0,39,0.0,0.0195,-0.9992374181747437,1.7683674097061157,0.9492621421813965,0.7362182140350342,-1.052646517753601,2.401960849761963,ok,ok
real_ms,2026,block_01,Gear,3,shifted,0,0,0,000,2000,0,30,0.0,0.015,-1.1121584177017212,2.6786158084869385,1.2528009414672852,0.785686731338501,-0.8877376914024353,3.4092671871185303,ok,ok
real_ms,3407,block_01,Gear,3,shifted,0,0,0,000,2000,0,0,0.0,0.0,-1.9385251998901367,-1.4462965726852417,1.0351133346557617,0.9396266937255859,-1.872766137123108,-1.5392248630523682,ok,ok
rule_ms,7,block_01,Gear,3,shifted,0,0,0,000,2000,2000,2000,1.0,1.0,32.083316802978516,55.84318542480469,1.0093250274658203,0.880279541015625,31.786903381347656,63.43800735473633,ok,ok
rule_ms,42,block_01,Gear,3,shifted,0,0,0,000,2000,2000,2000,1.0,1.0,35.48328399658203,68.74551391601562,1.0037384033203125,0.8322715759277344,35.351131439208984,82.59986114501953,ok,ok
rule_ms,123,block_01,Gear,3,shifted,0,0,0,000,2000,2000,2000,1.0,1.0,30.350601196289062,52.05180358886719,0.955744743347168,0.7030844688415527,31.75596809387207,74.03349304199219,ok,ok
rule_ms,2026,block_01,Gear,3,shifted,0,0,0,000,2000,2000,2000,1.0,1.0,41.504093170166016,78.40444946289062,1.1129045486450195,0.9166765213012695,37.29349136352539,85.53121948242188,ok,ok
rule_ms,3407,block_01,Gear,3,shifted,0,0,0,000,2000,2000,2000,1.0,1.0,41.734352111816406,66.97808074951172,1.2160930633544922,0.8446950912475586,34.318382263183594,79.29261016845703,ok,ok
placebo_ms,7,block_01,Gear,3,shifted,0,0,0,000,2000,2000,2000,1.0,1.0,33.77534103393555,63.236305236816406,0.9572105407714844,0.9015884399414062,35.28517150878906,70.1387710571289,ok,ok
placebo_ms,42,block_01,Gear,3,shifted,0,0,0,000,2000,2000,2000,1.0,1.0,32.89828109741211,58.01791000366211,1.096771240234375,0.9426050186157227,29.995574951171875,61.55060958862305,ok,ok
placebo_ms,123,block_01,Gear,3,shifted,0,0,0,000,2000,2000,2000,1.0,1.0,33.51909255981445,56.7462272644043,0.8813776969909668,0.783416748046875,38.03033447265625,72.43428039550781,ok,ok
placebo_ms,2026,block_01,Gear,3,shifted,0,0,0,000,2000,2000,2000,1.0,1.0,30.190078735351562,55.64361572265625,0.9564328193664551,0.6715867519378662,31.565288543701172,82.85395050048828,ok,ok
placebo_ms,3407,block_01,Gear,3,shifted,0,0,0,000,2000,2000,2000,1.0,1.0,40.749114990234375,82.04772186279297,1.068547248840332,0.8411645889282227,38.13506317138672,97.5406265258789,ok,ok
real_std,7,block_01,Gear,3,shifted,0,0,0,000,2000,7,13,0.0035,0.0065,3.296222686767578,2.463747262954712,1.6373662948608398,1.2412467002868652,2.013124704360962,1.984897494316101,ok,ok
real_std,42,block_01,Gear,3,shifted,0,0,0,000,2000,0,19,0.0,0.0095,-1.9297339916229248,-0.01494872197508812,1.5257220268249512,1.080963373184204,-1.2648005485534668,-0.013829066418111324,ok,ok
real_std,123,block_01,Gear,3,shifted,0,0,0,000,2000,0,4,0.0,0.002,-1.1223112344741821,1.086692452430725,1.0262856483459473,0.8515138626098633,-1.0935662984848022,1.2761887311935425,ok,ok
real_std,2026,block_01,Gear,3,shifted,0,0,0,000,2000,0,6,0.0,0.003,-2.9762632846832275,2.7689402103424072,1.9834418296813965,1.2508182525634766,-1.5005546808242798,2.213703155517578,ok,ok
real_std,3407,block_01,Gear,3,shifted,0,0,0,000,2000,0,0,0.0,0.0,-0.13290823996067047,-1.134544849395752,1.4964051246643066,1.0478458404541016,-0.08881834149360657,-1.0827401876449585,ok,ok
rule_std,7,block_01,Gear,3,shifted,0,0,0,000,2000,2000,2000,1.0,1.0,41.988006591796875,76.62641143798828,1.181675910949707,1.0359020233154297,35.532596588134766,73.97071838378906,ok,ok
rule_std,42,block_01,Gear,3,shifted,0,0,0,000,2000,2000,2000,1.0,1.0,34.59455108642578,61.79706573486328,1.1422834396362305,0.9765458106994629,30.285430908203125,63.28127670288086,ok,ok
rule_std,123,block_01,Gear,3,shifted,0,0,0,000,2000,2000,2000,1.0,1.0,37.46744155883789,75.50018310546875,1.2401223182678223,0.9976696968078613,30.21269989013672,75.67652893066406,ok,ok
rule_std,2026,block_01,Gear,3,shifted,0,0,0,000,2000,2000,2000,1.0,1.0,34.72848892211914,58.788124084472656,0.8580408096313477,0.7351598739624023,40.47416687011719,79.9664535522461,ok,ok
rule_std,3407,block_01,Gear,3,shifted,0,0,0,000,2000,2000,2000,1.0,1.0,47.09404754638672,77.6974105834961,1.325347900390625,1.1839475631713867,35.53334426879883,65.62571716308594,ok,ok
placebo_std,7,block_01,Gear,3,shifted,0,0,0,000,2000,2000,2000,1.0,1.0,36.44331359863281,65.9637680053711,1.078871250152588,0.9658546447753906,33.779109954833984,68.2957534790039,ok,ok
placebo_std,42,block_01,Gear,3,shifted,0,0,0,000,2000,2000,2000,1.0,1.0,37.19675827026367,68.29171752929688,1.1275620460510254,0.9466109275817871,32.98865509033203,72.14337921142578,ok,ok
placebo_std,123,block_01,Gear,3,shifted,0,0,0,000,2000,2000,2000,1.0,1.0,42.043609619140625,86.44650268554688,1.1350078582763672,0.9923262596130371,37.04257583618164,87.11499786376953,ok,ok
placebo_std,2026,block_01,Gear,3,shifted,0,0,0,000,2000,2000,2000,1.0,1.0,43.317405700683594,79.6579818725586,1.2206096649169922,0.9491934776306152,35.48833465576172,83.92176055908203,ok,ok
placebo_std,3407,block_01,Gear,3,shifted,0,0,0,000,2000,2000,2000,1.0,1.0,39.705570220947266,74.38134002685547,1.3090081214904785,0.9938716888427734,30.332563400268555,74.8399887084961,ok,ok
real_ms,7,block_01,Gear,3,shifted,0,0,1,001,2000,36,427,0.018,0.2135,5.333800315856934,5.444894313812256,1.3007607460021973,1.078542709350586,4.100523471832275,5.0483808517456055,ok,ok
real_ms,42,block_01,Gear,3,shifted,0,0,1,001,2000,0,0,0.0,0.0,-2.1745986938476562,-1.5608398914337158,1.6529512405395508,1.3246212005615234,-1.3155853748321533,-1.1783291101455688,ok,ok
real_ms,123,block_01,Gear,3,shifted,0,0,1,001,2000,0,26,0.0,0.013,-0.510974645614624,1.2124499082565308,0.9492621421813965,0.7362182140350342,-0.5382861495018005,1.6468621492385864,ok,ok
real_ms,2026,block_01,Gear,3,shifted,0,0,1,001,2000,0,23,0.0,0.0115,-1.1416453123092651,2.2119061946868896,1.2528009414672852,0.785686731338501,-0.9112743139266968,2.8152520656585693,ok,ok
real_ms,3407,block_01,Gear,3,shifted,0,0,1,001,2000,0,2,0.0,0.001,-0.7336778044700623,-0.7035077810287476,1.0351133346557617,0.9396266937255859,-0.7087897658348083,-0.7487099170684814,ok,ok
rule_ms,7,block_01,Gear,3,shifted,0,0,1,001,2000,2000,2000,1.0,1.0,29.431812286376953,49.822471618652344,1.0093250274658203,0.880279541015625,29.159896850585938,56.59846496582031,ok,ok
rule_ms,42,block_01,Gear,3,shifted,0,0,1,001,2000,2000,2000,1.0,1.0,33.130287170410156,63.926334381103516,1.0037384033203125,0.8322715759277344,33.00689697265625,76.8094711303711,ok,ok
rule_ms,123,block_01,Gear,3,shifted,0,0,1,001,2000,2000,2000,1.0,1.0,27.687000274658203,46.699249267578125,0.955744743347168,0.7030844688415527,28.969030380249023,66.42054748535156,ok,ok
rule_ms,2026,block_01,Gear,3,shifted,0,0,1,001,2000,2000,2000,1.0,1.0,38.474647521972656,71.9051284790039,1.1129045486450195,0.9166765213012695,34.57138442993164,78.44110870361328,ok,ok
rule_ms,3407,block_01,Gear,3,shifted,0,0,1,001,2000,2000,2000,1.0,1.0,37.9279670715332,59.16770935058594,1.2160930633544922,0.8446950912475586,31.18837547302246,70.04623413085938,ok,ok
placebo_ms,7,block_01,Gear,3,shifted,0,0,1,001,2000,2000,2000,1.0,1.0,30.909086227416992,55.95511245727539,0.9572105407714844,0.9015884399414062,32.290794372558594,62.06281280517578,ok,ok
placebo_ms,42,block_01,Gear,3,shifted,0,0,1,001,2000,2000,2000,1.0,1.0,29.954843521118164,53.861663818359375,1.096771240234375,0.9426050186157227,27.311843872070312,57.14128494262695,ok,ok
placebo_ms,123,block_01,Gear,3,shifted,0,0,1,001,2000,2000,2000,1.0,1.0,30.20553207397461,49.91859436035156,0.8813776969909668,0.783416748046875,34.27081298828125,63.719078063964844,ok,ok
placebo_ms,2026,block_01,Gear,3,shifted,0,0,1,001,2000,2000,2000,1.0,1.0,27.931692123413086,51.99122619628906,0.9564328193664551,0.6715867519378662,29.20402717590332,77.4155044555664,ok,ok
placebo_ms,3407,block_01,Gear,3,shifted,0,0,1,001,2000,2000,2000,1.0,1.0,36.653011322021484,71.74457550048828,1.068547248840332,0.8411645889282227,34.30172348022461,85.29196166992188,ok,ok
real_std,7,block_01,Gear,3,shifted,0,0,1,001,2000,2,13,0.001,0.0065,2.3742318153381348,1.8700934648513794,1.6373662948608398,1.2412467002868652,1.450031042098999,1.5066252946853638,ok,ok
real_std,42,block_01,Gear,3,shifted,0,0,1,001,2000,0,9,0.0,0.0045,-2.0894808769226074,-0.6447383761405945,1.5257220268249512,1.080963373184204,-1.3695029020309448,-0.5964479446411133,ok,ok
real_std,123,block_01,Gear,3,shifted,0,0,1,001,2000,0,5,0.0,0.0025,-0.6550332903862,0.59337317943573,1.0262856483459473,0.8515138626098633,-0.6382562518119812,0.6968449354171753,ok,ok
real_std,2026,block_01,Gear,3,shifted,0,0,1,001,2000,0,0,0.0,0.0,-3.5636582374572754,1.4751534461975098,1.9834418296813965,1.2508182525634766,-1.7967041730880737,1.1793508529663086,ok,ok
real_std,3407,block_01,Gear,3,shifted,0,0,1,001,2000,0,0,0.0,0.0,0.494789719581604,-0.8991854190826416,1.4964051246643066,1.0478458404541016,0.33065229654312134,-0.8581275343894958,ok,ok
rule_std,7,block_01,Gear,3,shifted,0,0,1,001,2000,2000,2000,1.0,1.0,36.1873779296875,67.5246353149414,1.181675910949707,1.0359020233154297,30.623775482177734,65.18438720703125,ok,ok
rule_std,42,block_01,Gear,3,shifted,0,0,1,001,2000,2000,2000,1.0,1.0,31.509166717529297,56.14597702026367,1.1422834396362305,0.9765458106994629,27.584367752075195,57.49446105957031,ok,ok
rule_std,123,block_01,Gear,3,shifted,0,0,1,001,2000,2000,2000,1.0,1.0,34.794273376464844,67.32830810546875,1.2401223182678223,0.9976696968078613,28.05712890625,67.48556518554688,ok,ok
rule_std,2026,block_01,Gear,3,shifted,0,0,1,001,2000,2000,2000,1.0,1.0,31.575246810913086,52.927330017089844,0.8580408096313477,0.7351598739624023,36.799232482910156,71.99431610107422,ok,ok
rule_std,3407,block_01,Gear,3,shifted,0,0,1,001,2000,2000,2000,1.0,1.0,42.50157928466797,67.77186584472656,1.325347900390625,1.1839475631713867,32.068241119384766,57.24229049682617,ok,ok
placebo_std,7,block_01,Gear,3,shifted,0,0,1,001,2000,2000,2000,1.0,1.0,32.373077392578125,55.73145294189453,1.078871250152588,0.9658546447753906,30.006433486938477,57.70169448852539,ok,ok
placebo_std,42,block_01,Gear,3,shifted,0,0,1,001,2000,2000,2000,1.0,1.0,33.81075668334961,62.71974182128906,1.1275620460510254,0.9466109275817871,29.985721588134766,66.25714874267578,ok,ok
placebo_std,123,block_01,Gear,3,shifted,0,0,1,001,2000,2000,2000,1.0,1.0,39.763282775878906,79.46043395996094,1.1350078582763672,0.9923262596130371,35.033485412597656,80.07490539550781,ok,ok
placebo_std,2026,block_01,Gear,3,shifted,0,0,1,001,2000,2000,2000,1.0,1.0,40.733577728271484,72.64835357666016,1.2206096649169922,0.9491934776306152,33.371498107910156,76.53692626953125,ok,ok
placebo_std,3407,block_01,Gear,3,shifted,0,0,1,001,2000,2000,2000,1.0,1.0,34.77139663696289,66.52665710449219,1.3090081214904785,0.9938716888427734,26.56316566467285,66.93687438964844,ok,ok
real_ms,7,block_01,Gear,3,shifted,0,1,0,010,2000,26,100,0.013,0.05,4.574151039123535,3.553312301635742,1.3007607460021973,1.078542709350586,3.516519784927368,3.2945492267608643,ok,ok
real_ms,42,block_01,Gear,3,shifted,0,1,0,010,2000,0,0,0.0,0.0,-1.9451115131378174,-1.4591374397277832,1.6529512405395508,1.3246212005615234,-1.1767507791519165,-1.1015506982803345,ok,ok
real_ms,123,block_01,Gear,3,shifted,0,1,0,010,2000,0,4,0.0,0.002,-1.1443595886230469,0.13774682581424713,0.9492621421813965,0.7362182140350342,-1.2055253982543945,0.18710055947303772,ok,ok
real_ms,2026,block_01,Gear,3,shifted,0,1,0,010,2000,0,0,0.0,0.0,-2.2232871055603027,0.773289680480957,1.2528009414672852,0.785686731338501,-1.7746530771255493,0.9842214584350586,ok,ok
real_ms,3407,block_01,Gear,3,shifted,0,1,0,010,2000,0,0,0.0,0.0,-1.5486104488372803,-1.019048810005188,1.0351133346557617,0.9396266937255859,-1.4960781335830688,-1.0845251083374023,ok,ok
rule_ms,7,block_01,Gear,3,shifted,0,1,0,010,2000,2000,2000,1.0,1.0,45.78833770751953,93.49795532226562,1.0093250274658203,0.880279541015625,45.36529541015625,106.21392822265625,ok,ok
rule_ms,42,block_01,Gear,3,shifted,0,1,0,010,2000,2000,2000,1.0,1.0,49.60205841064453,119.88648986816406,1.0037384033203125,0.8322715759277344,49.41731643676758,144.04733276367188,ok,ok
rule_ms,123,block_01,Gear,3,shifted,0,1,0,010,2000,2000,2000,1.0,1.0,46.84975051879883,91.95690155029297,0.955744743347168,0.7030844688415527,49.019100189208984,130.79067993164062,ok,ok
rule_ms,2026,block_01,Gear,3,shifted,0,1,0,010,2000,2000,2000,1.0,1.0,56.82695770263672,120.59893798828125,1.1129045486450195,0.9166765213012695,51.06184387207031,131.56106567382812,ok,ok
rule_ms,3407,block_01,Gear,3,shifted,0,1,0,010,2000,2000,2000,1.0,1.0,53.89309310913086,102.90266418457031,1.2160930633544922,0.8446950912475586,44.316585540771484,121.82225799560547,ok,ok
placebo_ms,7,block_01,Gear,3,shifted,0,1,0,010,2000,2000,2000,1.0,1.0,46.50104522705078,101.86676025390625,0.9572105407714844,0.9015884399414062,48.579750061035156,112.98587799072266,ok,ok
placebo_ms,42,block_01,Gear,3,shifted,0,1,0,010,2000,2000,2000,1.0,1.0,48.693843841552734,107.01070404052734,1.096771240234375,0.9426050186157227,44.3974494934082,113.52656555175781,ok,ok
placebo_ms,123,block_01,Gear,3,shifted,0,1,0,010,2000,2000,2000,1.0,1.0,45.71617126464844,90.54459381103516,0.8813776969909668,0.783416748046875,51.86899185180664,115.5765380859375,ok,ok
placebo_ms,2026,block_01,Gear,3,shifted,0,1,0,010,2000,2000,2000,1.0,1.0,41.36692810058594,87.59484100341797,0.9564328193664551,0.6715867519378662,43.25126266479492,130.4296875,ok,ok
placebo_ms,3407,block_01,Gear,3,shifted,0,1,0,010,2000,2000,2000,1.0,1.0,57.719844818115234,118.6786880493164,1.068547248840332,0.8411645889282227,54.01711654663086,141.0885467529297,ok,ok
real_std,7,block_01,Gear,3,shifted,0,1,0,010,2000,36,40,0.018,0.02,5.424901962280273,3.340362787246704,1.6373662948608398,1.2412467002868652,3.313187599182129,2.6911351680755615,ok,ok
real_std,42,block_01,Gear,3,shifted,0,1,0,010,2000,0,3,0.0,0.0015,-0.9448754787445068,-0.6403849124908447,1.5257220268249512,1.080963373184204,-0.6192973256111145,-0.5924205183982849,ok,ok
real_std,123,block_01,Gear,3,shifted,0,1,0,010,2000,0,2,0.0,0.001,-1.430387020111084,-0.32442596554756165,1.0262856483459473,0.8515138626098633,-1.3937513828277588,-0.38099902868270874,ok,ok
real_std,2026,block_01,Gear,3,shifted,0,1,0,010,2000,0,1,0.0,0.0005,-2.0829498767852783,2.1158559322357178,1.9834418296813965,1.2508182525634766,-1.0501694679260254,1.691577672958374,ok,ok
real_std,3407,block_01,Gear,3,shifted,0,1,0,010,2000,0,0,0.0,0.0,1.1719512939453125,-0.36942151188850403,1.4964051246643066,1.0478458404541016,0.7831778526306152,-0.35255327820777893,ok,ok
rule_std,7,block_01,Gear,3,shifted,0,1,0,010,2000,2000,2000,1.0,1.0,57.15204620361328,117.21833038330078,1.181675910949707,1.0359020233154297,48.3652458190918,113.15579986572266,ok,ok
rule_std,42,block_01,Gear,3,shifted,0,1,0,010,2000,2000,2000,1.0,1.0,49.46028137207031,102.8179931640625,1.1422834396362305,0.9765458106994629,43.29948043823242,105.28742980957031,ok,ok
rule_std,123,block_01,Gear,3,shifted,0,1,0,010,2000,2000,2000,1.0,1.0,52.82978057861328,118.99685668945312,1.2401223182678223,0.9976696968078613,42.600460052490234,119.2748031616211,ok,ok
rule_std,2026,block_01,Gear,3,shifted,0,1,0,010,2000,2000,2000,1.0,1.0,50.614532470703125,104.74429321289062,0.8580408096313477,0.7351598739624023,58.98848342895508,142.478271484375,ok,ok
rule_std,3407,block_01,Gear,3,shifted,0,1,0,010,2000,2000,2000,1.0,1.0,64.04845428466797,119.65433502197266,1.325347900390625,1.1839475631713867,48.32577133178711,101.06388092041016,ok,ok
placebo_std,7,block_01,Gear,3,shifted,0,1,0,010,2000,2000,2000,1.0,1.0,51.88129425048828,107.80249786376953,1.078871250152588,0.9658546447753906,48.088497161865234,111.61359405517578,ok,ok
placebo_std,42,block_01,Gear,3,shifted,0,1,0,010,2000,2000,2000,1.0,1.0,48.891361236572266,112.73928833007812,1.1275620460510254,0.9466109275817871,43.36023712158203,119.09780883789062,ok,ok
placebo_std,123,block_01,Gear,3,shifted,0,1,0,010,2000,2000,2000,1.0,1.0,58.215110778808594,135.78981018066406,1.1350078582763672,0.9923262596130371,51.290489196777344,136.83987426757812,ok,ok
placebo_std,2026,block_01,Gear,3,shifted,0,1,0,010,2000,2000,2000,1.0,1.0,54.25837326049805,126.99754333496094,1.2206096649169922,0.9491934776306152,44.45186233520508,133.7952117919922,ok,ok
placebo_std,3407,block_01,Gear,3,shifted,0,1,0,010,2000,2000,2000,1.0,1.0,53.157554626464844,110.64293670654297,1.3090081214904785,0.9938716888427734,40.609031677246094,111.3251724243164,ok,ok
real_ms,7,block_01,Gear,3,shifted,0,1,1,011,2000,22,75,0.011,0.0375,4.300074577331543,3.15444278717041,1.3007607460021973,1.078542709350586,3.3058152198791504,2.9247264862060547,ok,ok
real_ms,42,block_01,Gear,3,shifted,0,1,1,011,2000,0,0,0.0,0.0,-2.0708441734313965,-1.879360556602478,1.6529512405395508,1.3246212005615234,-1.2528163194656372,-1.4187910556793213,ok,ok
real_ms,123,block_01,Gear,3,shifted,0,1,1,011,2000,0,3,0.0,0.0015,-1.1870088577270508,-0.43439772725105286,0.9492621421813965,0.7362182140350342,-1.250454306602478,-0.5900394320487976,ok,ok
real_ms,2026,block_01,Gear,3,shifted,0,1,1,011,2000,0,0,0.0,0.0,-2.4925718307495117,0.43676647543907166,1.2528009414672852,0.785686731338501,-1.9895991086959839,0.5559041500091553,ok,ok
real_ms,3407,block_01,Gear,3,shifted,0,1,1,011,2000,0,0,0.0,0.0,-0.5733141899108887,-0.4703947901725769,1.0351133346557617,0.9396266937255859,-0.5538660883903503,-0.5006188154220581,ok,ok
rule_ms,7,block_01,Gear,3,shifted,0,1,1,011,2000,2000,2000,1.0,1.0,41.73269271850586,83.76686096191406,1.0093250274658203,0.880279541015625,41.347129821777344,95.15938568115234,ok,ok
rule_ms,42,block_01,Gear,3,shifted,0,1,1,011,2000,2000,2000,1.0,1.0,45.51539993286133,108.35546875,1.0037384033203125,0.8322715759277344,45.34587860107422,130.19244384765625,ok,ok
rule_ms,123,block_01,Gear,3,shifted,0,1,1,011,2000,2000,2000,1.0,1.0,42.237266540527344,82.16226196289062,0.955744743347168,0.7030844688415527,44.19303894042969,116.85972595214844,ok,ok
rule_ms,2026,block_01,Gear,3,shifted,0,1,1,011,2000,2000,2000,1.0,1.0,51.49226379394531,108.31974792480469,1.1129045486450195,0.9166765213012695,46.26836013793945,118.16573333740234,ok,ok
rule_ms,3407,block_01,Gear,3,shifted,0,1,1,011,2000,2000,2000,1.0,1.0,48.120365142822266,93.84588623046875,1.2160930633544922,0.8446950912475586,39.569637298583984,111.10030364990234,ok,ok
placebo_ms,7,block_01,Gear,3,shifted,0,1,1,011,2000,2000,2000,1.0,1.0,42.486663818359375,92.104248046875,0.9572105407714844,0.9015884399414062,44.38591003417969,102.15776062011719,ok,ok
placebo_ms,42,block_01,Gear,3,shifted,0,1,1,011,2000,2000,2000,1.0,1.0,43.743221282958984,96.7070083618164,1.096771240234375,0.9426050186157227,39.88363265991211,102.59547424316406,ok,ok
placebo_ms,123,block_01,Gear,3,shifted,0,1,1,011,2000,2000,2000,1.0,1.0,40.90068054199219,78.95093536376953,0.8813776969909668,0.783416748046875,46.40538787841797,100.77770233154297,ok,ok
placebo_ms,2026,block_01,Gear,3,shifted,0,1,1,011,2000,2000,2000,1.0,1.0,36.95991516113281,77.61663055419922,0.9564328193664551,0.6715867519378662,38.64350509643555,115.57201385498047,ok,ok
placebo_ms,3407,block_01,Gear,3,shifted,0,1,1,011,2000,2000,2000,1.0,1.0,51.45882034301758,107.43730926513672,1.068547248840332,0.8411645889282227,48.15773391723633,127.7244873046875,ok,ok
real_std,7,block_01,Gear,3,shifted,0,1,1,011,2000,12,13,0.006,0.0065,4.065170764923096,2.188849687576294,1.6373662948608398,1.2412467002868652,2.4827497005462646,1.7634282112121582,ok,ok
real_std,42,block_01,Gear,3,shifted,0,1,1,011,2000,0,3,0.0,0.0015,-1.03140127658844,-0.9343018531799316,1.5257220268249512,1.080963373184204,-0.6760086417198181,-0.8643233776092529,ok,ok
real_std,123,block_01,Gear,3,shifted,0,1,1,011,2000,0,0,0.0,0.0,-1.568764567375183,-0.9324276447296143,1.0262856483459473,0.8515138626098633,-1.5285847187042236,-1.0950233936309814,ok,ok
real_std,2026,block_01,Gear,3,shifted,0,1,1,011,2000,0,0,0.0,0.0,-2.487654209136963,0.7562410831451416,1.9834418296813965,1.2508182525634766,-1.2542109489440918,0.6045970320701599,ok,ok
real_std,3407,block_01,Gear,3,shifted,0,1,1,011,2000,0,0,0.0,0.0,1.2775927782058716,-0.5024774074554443,1.4964051246643066,1.0478458404541016,0.8537746667861938,-0.47953370213508606,ok,ok
rule_std,7,block_01,Gear,3,shifted,0,1,1,011,2000,2000,2000,1.0,1.0,50.962066650390625,106.21639251708984,1.181675910949707,1.0359020233154297,43.12693786621094,102.53517150878906,ok,ok
rule_std,42,block_01,Gear,3,shifted,0,1,1,011,2000,2000,2000,1.0,1.0,44.012821197509766,91.23213195800781,1.1422834396362305,0.9765458106994629,38.53056335449219,93.42329406738281,ok,ok
rule_std,123,block_01,Gear,3,shifted,0,1,1,011,2000,2000,2000,1.0,1.0,48.29115295410156,105.09132385253906,1.2401223182678223,0.9976696968078613,38.94063186645508,105.3367919921875,ok,ok
rule_std,2026,block_01,Gear,3,shifted,0,1,1,011,2000,2000,2000,1.0,1.0,45.421905517578125,92.51477813720703,0.8580408096313477,0.7351598739624023,52.936763763427734,125.84307861328125,ok,ok
rule_std,3407,block_01,Gear,3,shifted,0,1,1,011,2000,2000,2000,1.0,1.0,59.18386459350586,109.07563781738281,1.325347900390625,1.1839475631713867,44.65534210205078,92.12876892089844,ok,ok
placebo_std,7,block_01,Gear,3,shifted,0,1,1,011,2000,2000,2000,1.0,1.0,46.75076675415039,94.32603454589844,1.078871250152588,0.9658546447753906,43.33303451538086,97.66069030761719,ok,ok
placebo_std,42,block_01,Gear,3,shifted,0,1,1,011,2000,2000,2000,1.0,1.0,43.15376281738281,102.55067443847656,1.1275620460510254,0.9466109275817871,38.2717399597168,108.33454895019531,ok,ok
placebo_std,123,block_01,Gear,3,shifted,0,1,1,011,2000,2000,2000,1.0,1.0,54.21366500854492,122.8849868774414,1.1350078582763672,0.9923262596130371,47.76500701904297,123.83526611328125,ok,ok
placebo_std,2026,block_01,Gear,3,shifted,0,1,1,011,2000,2000,2000,1.0,1.0,48.99618148803711,111.14472198486328,1.2206096649169922,0.9491934776306152,40.140743255615234,117.09384155273438,ok,ok
placebo_std,3407,block_01,Gear,3,shifted,0,1,1,011,2000,2000,2000,1.0,1.0,47.5330924987793,101.19856262207031,1.3090081214904785,0.9938716888427734,36.31229782104492,101.82256317138672,ok,ok
real_ms,7,block_01,Gear,3,shifted,1,0,0,100,2000,7,1955,0.0035,0.9775,5.241456985473633,15.488405227661133,1.3007607460021973,1.078542709350586,4.029531955718994,14.360491752624512,ok,ok
real_ms,42,block_01,Gear,3,shifted,1,0,0,100,2000,0,837,0.0,0.4185,1.9338306188583374,10.126562118530273,1.6529512405395508,1.3246212005615234,1.1699259281158447,7.64487361907959,ok,ok
real_ms,123,block_01,Gear,3,shifted,1,0,0,100,2000,0,1969,0.0,0.9845,2.423360824584961,18.856735229492188,0.9492621421813965,0.7362182140350342,2.552888870239258,25.61296844482422,ok,ok
real_ms,2026,block_01,Gear,3,shifted,1,0,0,100,2000,0,1899,0.0,0.9495,-0.3639691174030304,13.598061561584473,1.2528009414672852,0.785686731338501,-0.29052430391311646,17.30722999572754,ok,ok
real_ms,3407,block_01,Gear,3,shifted,1,0,0,100,2000,0,1961,0.0,0.9805,1.3915691375732422,14.108860969543457,1.0351133346557617,0.9396266937255859,1.344364047050476,15.015390396118164,ok,ok
rule_ms,7,block_01,Gear,3,shifted,1,0,0,100,2000,0,2000,0.0,1.0,-1.9177292585372925,39.27779006958008,1.0093250274658203,0.880279541015625,-1.900011420249939,44.61967849731445,ok,ok
rule_ms,42,block_01,Gear,3,shifted,1,0,0,100,2000,71,1984,0.0355,0.992,6.6657538414001465,21.21799659729004,1.0037384033203125,0.8322715759277344,6.640927314758301,25.494077682495117,ok,ok
rule_ms,123,block_01,Gear,3,shifted,1,0,0,100,2000,22,2000,0.011,1.0,1.6087619066238403,37.56370544433594,0.955744743347168,0.7030844688415527,1.6832548379898071,53.42701721191406,ok,ok
rule_ms,2026,block_01,Gear,3,shifted,1,0,0,100,2000,109,2000,0.0545,1.0,5.599259853363037,39.86713409423828,1.1129045486450195,0.9166765213012695,5.03121280670166,43.49095153808594,ok,ok
rule_ms,3407,block_01,Gear,3,shifted,1,0,0,100,2000,1515,2000,0.7575,1.0,14.293304443359375,30.039278030395508,1.2160930633544922,0.8446950912475586,11.753462791442871,35.56227493286133,ok,ok
placebo_ms,7,block_01,Gear,3,shifted,1,0,0,100,2000,27,2000,0.0135,1.0,3.366691827774048,27.07013702392578,0.9572105407714844,0.9015884399414062,3.51719069480896,30.02493667602539,ok,ok
placebo_ms,42,block_01,Gear,3,shifted,1,0,0,100,2000,22,1990,0.011,0.995,4.087342262268066,21.42033576965332,1.096771240234375,0.9426050186157227,3.7267043590545654,22.724613189697266,ok,ok
placebo_ms,123,block_01,Gear,3,shifted,1,0,0,100,2000,20,2000,0.01,1.0,0.6123574376106262,42.42455291748047,0.8813776969909668,0.783416748046875,0.6947729587554932,54.15324401855469,ok,ok
placebo_ms,2026,block_01,Gear,3,shifted,1,0,0,100,2000,50,2000,0.025,1.0,4.017454624176025,34.642601013183594,0.9564328193664551,0.6715867519378662,4.2004570960998535,51.58320999145508,ok,ok
placebo_ms,3407,block_01,Gear,3,shifted,1,0,0,100,2000,511,2000,0.2555,1.0,9.813407897949219,35.55354690551758,1.068547248840332,0.8411645889282227,9.183878898620605,42.26705551147461,ok,ok
real_std,7,block_01,Gear,3,shifted,1,0,0,100,2000,0,1758,0.0,0.879,3.97306752204895,16.55487060546875,1.6373662948608398,1.2412467002868652,2.426499128341675,13.337294578552246,ok,ok
real_std,42,block_01,Gear,3,shifted,1,0,0,100,2000,0,1871,0.0,0.9355,-0.6213680505752563,15.35608959197998,1.5257220268249512,1.080963373184204,-0.4072616696357727,14.20592975616455,ok,ok
real_std,123,block_01,Gear,3,shifted,1,0,0,100,2000,0,1911,0.0,0.9555,3.2786874771118164,17.699954986572266,1.0262856483459473,0.8515138626098633,3.1947124004364014,20.786457061767578,ok,ok
real_std,2026,block_01,Gear,3,shifted,1,0,0,100,2000,0,608,0.0,0.304,-4.4802422523498535,7.209628582000732,1.9834418296813965,1.2508182525634766,-2.258822202682495,5.763929843902588,ok,ok
real_std,3407,block_01,Gear,3,shifted,1,0,0,100,2000,0,1668,0.0,0.834,3.485140085220337,13.332599639892578,1.4964051246643066,1.0478458404541016,2.3290083408355713,12.723817825317383,ok,ok
rule_std,7,block_01,Gear,3,shifted,1,0,0,100,2000,55,2000,0.0275,1.0,5.449221134185791,39.35693359375,1.181675910949707,1.0359020233154297,4.611434459686279,37.99291229248047,ok,ok
rule_std,42,block_01,Gear,3,shifted,1,0,0,100,2000,9,1944,0.0045,0.972,1.668275237083435,18.88549041748047,1.1422834396362305,0.9765458106994629,1.4604740142822266,19.339073181152344,ok,ok
rule_std,123,block_01,Gear,3,shifted,1,0,0,100,2000,73,2000,0.0365,1.0,4.9989752769470215,53.40483093261719,1.2401223182678223,0.9976696968078613,4.031033992767334,53.529571533203125,ok,ok
rule_std,2026,block_01,Gear,3,shifted,1,0,0,100,2000,286,2000,0.143,1.0,8.622183799743652,25.25650405883789,0.8580408096313477,0.7351598739624023,10.048686981201172,34.35512161254883,ok,ok
rule_std,3407,block_01,Gear,3,shifted,1,0,0,100,2000,383,1985,0.1915,0.9925,10.840015411376953,24.99683952331543,1.325347900390625,1.1839475631713867,8.178995132446289,21.11313247680664,ok,ok
placebo_std,7,block_01,Gear,3,shifted,1,0,0,100,2000,4,2000,0.002,1.0,2.3207921981811523,35.159446716308594,1.078871250152588,0.9658546447753906,2.151129961013794,36.40241622924805,ok,ok
placebo_std,42,block_01,Gear,3,shifted,1,0,0,100,2000,65,1994,0.0325,0.997,3.728850841522217,25.213363647460938,1.1275620460510254,0.9466109275817871,3.3070030212402344,26.63540267944336,ok,ok
placebo_std,123,block_01,Gear,3,shifted,1,0,0,100,2000,34,2000,0.017,1.0,0.8071264624595642,60.77418899536133,1.1350078582763672,0.9923262596130371,0.7111197710037231,61.24415588378906,ok,ok
placebo_std,2026,block_01,Gear,3,shifted,1,0,0,100,2000,961,1999,0.4805,0.9995,12.278188705444336,37.204139709472656,1.2206096649169922,0.9491934776306152,10.059061050415039,39.19552993774414,ok,ok
placebo_std,3407,block_01,Gear,3,shifted,1,0,0,100,2000,119,2000,0.0595,1.0,3.68514347076416,31.428800582885742,1.3090081214904785,0.9938716888427734,2.815218210220337,31.62259292602539,ok,ok
real_ms,7,block_01,Gear,3,shifted,1,0,1,101,2000,5,1992,0.0025,0.996,4.388765811920166,17.472518920898438,1.3007607460021973,1.078542709350586,3.37399959564209,16.200117111206055,ok,ok
real_ms,42,block_01,Gear,3,shifted,1,0,1,101,2000,0,1193,0.0,0.5965,2.6641335487365723,12.525273323059082,1.6529512405395508,1.3246212005615234,1.611743688583374,9.455739974975586,ok,ok
real_ms,123,block_01,Gear,3,shifted,1,0,1,101,2000,0,1972,0.0,0.986,2.0697851181030273,18.91845703125,0.9492621421813965,0.7362182140350342,2.1804144382476807,25.69680404663086,ok,ok
real_ms,2026,block_01,Gear,3,shifted,1,0,1,101,2000,0,1955,0.0,0.9775,-0.8585621118545532,14.438908576965332,1.2528009414672852,0.785686731338501,-0.6853140592575073,18.37743377685547,ok,ok
real_ms,3407,block_01,Gear,3,shifted,1,0,1,101,2000,0,1981,0.0,0.9905,1.268031120300293,15.4015531539917,1.0351133346557617,0.9396266937255859,1.2250165939331055,16.39113998413086,ok,ok
rule_ms,7,block_01,Gear,3,shifted,1,0,1,101,2000,0,2000,0.0,1.0,-3.4099717140197754,41.46259307861328,1.0093250274658203,0.880279541015625,-3.378467321395874,47.10161590576172,ok,ok
rule_ms,42,block_01,Gear,3,shifted,1,0,1,101,2000,18,1994,0.009,0.997,5.535472869873047,22.368701934814453,1.0037384033203125,0.8322715759277344,5.514855861663818,26.876684188842773,ok,ok
rule_ms,123,block_01,Gear,3,shifted,1,0,1,101,2000,5,2000,0.0025,1.0,1.2120764255523682,36.90043640136719,0.955744743347168,0.7030844688415527,1.2682008743286133,52.48365020751953,ok,ok
rule_ms,2026,block_01,Gear,3,shifted,1,0,1,101,2000,15,2000,0.0075,1.0,3.759474754333496,41.19522476196289,1.1129045486450195,0.9166765213012695,3.378074884414673,44.939762115478516,ok,ok
rule_ms,3407,block_01,Gear,3,shifted,1,0,1,101,2000,885,2000,0.4425,1.0,11.117532730102539,28.896364212036133,1.2160930633544922,0.8446950912475586,9.142008781433105,34.20922088623047,ok,ok
placebo_ms,7,block_01,Gear,3,shifted,1,0,1,101,2000,2,2000,0.001,1.0,1.8974690437316895,29.867555618286133,0.9572105407714844,0.9015884399414062,1.9822901487350464,33.12770462036133,ok,ok
placebo_ms,42,block_01,Gear,3,shifted,1,0,1,101,2000,5,1997,0.0025,0.9985,3.312039613723755,21.691097259521484,1.096771240234375,0.9426050186157227,3.019808769226074,23.01186180114746,ok,ok
placebo_ms,123,block_01,Gear,3,shifted,1,0,1,101,2000,0,2000,0.0,1.0,-1.0692644119262695,44.36252975463867,0.8813776969909668,0.783416748046875,-1.2131738662719727,56.62698745727539,ok,ok
placebo_ms,2026,block_01,Gear,3,shifted,1,0,1,101,2000,2,2000,0.001,1.0,2.5321848392486572,36.38850021362305,0.9564328193664551,0.6715867519378662,2.6475303173065186,54.18288040161133,ok,ok
placebo_ms,3407,block_01,Gear,3,shifted,1,0,1,101,2000,106,2000,0.053,1.0,7.485454559326172,35.77759552001953,1.068547248840332,0.8411645889282227,7.005262851715088,42.53340530395508,ok,ok
real_std,7,block_01,Gear,3,shifted,1,0,1,101,2000,0,1890,0.0,0.945,3.3127403259277344,19.02842140197754,1.6373662948608398,1.2412467002868652,2.0232126712799072,15.330086708068848,ok,ok
real_std,42,block_01,Gear,3,shifted,1,0,1,101,2000,0,1864,0.0,0.932,-0.1320182830095291,14.9177827835083,1.5257220268249512,1.080963373184204,-0.08652839064598083,13.80045223236084,ok,ok
real_std,123,block_01,Gear,3,shifted,1,0,1,101,2000,0,1919,0.0,0.9595,3.0788373947143555,17.75165557861328,1.0262856483459473,0.8515138626098633,2.999980926513672,20.847171783447266,ok,ok
real_std,2026,block_01,Gear,3,shifted,1,0,1,101,2000,0,951,0.0,0.4755,-4.9927191734313965,8.651376724243164,1.9834418296813965,1.2508182525634766,-2.517199993133545,6.9165730476379395,ok,ok
real_std,3407,block_01,Gear,3,shifted,1,0,1,101,2000,0,1885,0.0,0.9425,3.811187505722046,16.352956771850586,1.4964051246643066,1.0478458404541016,2.5468955039978027,15.606261253356934,ok,ok
rule_std,7,block_01,Gear,3,shifted,1,0,1,101,2000,7,2000,0.0035,1.0,4.107484817504883,40.99996566772461,1.181675910949707,1.0359020233154297,3.475982427597046,39.57899856567383,ok,ok
rule_std,42,block_01,Gear,3,shifted,1,0,1,101,2000,0,1994,0.0,0.997,0.2980559766292572,21.782108306884766,1.1422834396362305,0.9765458106994629,0.2609299421310425,22.305261611938477,ok,ok
rule_std,123,block_01,Gear,3,shifted,1,0,1,101,2000,13,2000,0.0065,1.0,3.4869346618652344,53.035945892333984,1.2401223182678223,0.9976696968078613,2.8117666244506836,53.159820556640625,ok,ok
rule_std,2026,block_01,Gear,3,shifted,1,0,1,101,2000,78,2000,0.039,1.0,7.158407211303711,26.007659912109375,0.8580408096313477,0.7351598739624023,8.34273624420166,35.37687683105469,ok,ok
rule_std,3407,block_01,Gear,3,shifted,1,0,1,101,2000,129,1991,0.0645,0.9955,9.201790809631348,25.676332473754883,1.325347900390625,1.1839475631713867,6.942924976348877,21.687049865722656,ok,ok
placebo_std,7,block_01,Gear,3,shifted,1,0,1,101,2000,0,2000,0.0,1.0,1.1907920837402344,36.10041809082031,1.078871250152588,0.9658546447753906,1.1037390232086182,37.37665557861328,ok,ok
placebo_std,42,block_01,Gear,3,shifted,1,0,1,101,2000,3,1999,0.0015,0.9995,1.7865437269210815,27.102048873901367,1.1275620460510254,0.9466109275817871,1.584430456161499,28.6306095123291,ok,ok
placebo_std,123,block_01,Gear,3,shifted,1,0,1,101,2000,3,2000,0.0015,1.0,-1.7337502241134644,65.06861877441406,1.1350078582763672,0.9923262596130371,-1.5275226831436157,65.5718002319336,ok,ok
placebo_std,2026,block_01,Gear,3,shifted,1,0,1,101,2000,577,2000,0.2885,1.0,10.39233112335205,37.825801849365234,1.2206096649169922,0.9491934776306152,8.51404857635498,39.850460052490234,ok,ok
placebo_std,3407,block_01,Gear,3,shifted,1,0,1,101,2000,20,2000,0.01,1.0,2.2247231006622314,30.923709869384766,1.3090081214904785,0.9938716888427734,1.699548602104187,31.114391326904297,ok,ok
real_ms,7,block_01,Gear,3,shifted,1,1,0,110,2000,0,1687,0.0,0.8435,5.446403503417969,11.247662544250488,1.3007607460021973,1.078542709350586,4.1870903968811035,10.428574562072754,ok,ok
real_ms,42,block_01,Gear,3,shifted,1,1,0,110,2000,0,53,0.0,0.0265,-2.252446174621582,3.2261040210723877,1.6529512405395508,1.3246212005615234,-1.3626817464828491,2.4354918003082275,ok,ok
real_ms,123,block_01,Gear,3,shifted,1,1,0,110,2000,0,1950,0.0,0.975,1.2522953748703003,15.983497619628906,0.9492621421813965,0.7362182140350342,1.3192301988601685,21.710269927978516,ok,ok
real_ms,2026,block_01,Gear,3,shifted,1,1,0,110,2000,0,859,0.0,0.4295,-0.5279792547225952,7.315889358520508,1.2528009414672852,0.785686731338501,-0.4214390218257904,9.311457633972168,ok,ok
real_ms,3407,block_01,Gear,3,shifted,1,1,0,110,2000,0,1829,0.0,0.9145,1.0803508758544922,11.300369262695312,1.0351133346557617,0.9396266937255859,1.0437028408050537,12.026445388793945,ok,ok
rule_ms,7,block_01,Gear,3,shifted,1,1,0,110,2000,20,2000,0.01,1.0,1.971624493598938,38.703243255615234,1.0093250274658203,0.880279541015625,1.9534087181091309,43.96698760986328,ok,ok
rule_ms,42,block_01,Gear,3,shifted,1,1,0,110,2000,362,1973,0.181,0.9865,9.156564712524414,26.569780349731445,1.0037384033203125,0.8322715759277344,9.122461318969727,31.924409866333008,ok,ok
rule_ms,123,block_01,Gear,3,shifted,1,1,0,110,2000,516,2000,0.258,1.0,7.254898548126221,40.3412971496582,0.955744743347168,0.7030844688415527,7.5908331871032715,57.377593994140625,ok,ok
rule_ms,2026,block_01,Gear,3,shifted,1,1,0,110,2000,52,1999,0.026,0.9995,6.095179557800293,36.88890075683594,1.1129045486450195,0.9166765213012695,5.476821422576904,40.242008209228516,ok,ok
rule_ms,3407,block_01,Gear,3,shifted,1,1,0,110,2000,1936,1999,0.968,0.9995,18.896203994750977,28.83448600769043,1.2160930633544922,0.8446950912475586,15.538451194763184,34.13596725463867,ok,ok
placebo_ms,7,block_01,Gear,3,shifted,1,1,0,110,2000,186,1994,0.093,0.997,6.105239391326904,30.266876220703125,0.9572105407714844,0.9015884399414062,6.378157138824463,33.570613861083984,ok,ok
placebo_ms,42,block_01,Gear,3,shifted,1,1,0,110,2000,60,1994,0.03,0.997,4.512742042541504,28.433727264404297,1.096771240234375,0.9426050186157227,4.114570140838623,30.165048599243164,ok,ok
placebo_ms,123,block_01,Gear,3,shifted,1,1,0,110,2000,84,2000,0.042,1.0,3.4351537227630615,44.42068099975586,0.8813776969909668,0.783416748046875,3.897481918334961,56.701210021972656,ok,ok
placebo_ms,2026,block_01,Gear,3,shifted,1,1,0,110,2000,132,2000,0.066,1.0,5.899655818939209,35.04558181762695,0.9564328193664551,0.6715867519378662,6.168395519256592,52.183258056640625,ok,ok
placebo_ms,3407,block_01,Gear,3,shifted,1,1,0,110,2000,1555,1996,0.7775,0.998,15.596409797668457,33.066673278808594,1.068547248840332,0.8411645889282227,14.595901489257812,39.310585021972656,ok,ok
real_std,7,block_01,Gear,3,shifted,1,1,0,110,2000,1,795,0.0005,0.3975,3.4111223220825195,9.534831047058105,1.6373662948608398,1.2412467002868652,2.083298444747925,7.681656837463379,ok,ok
real_std,42,block_01,Gear,3,shifted,1,1,0,110,2000,0,1788,0.0,0.894,-1.4264379739761353,12.263155937194824,1.5257220268249512,1.080963373184204,-0.9349265694618225,11.34465503692627,ok,ok
real_std,123,block_01,Gear,3,shifted,1,1,0,110,2000,0,1860,0.0,0.93,2.2625160217285156,14.974284172058105,1.0262856483459473,0.8515138626098633,2.2045674324035645,17.58548355102539,ok,ok
real_std,2026,block_01,Gear,3,shifted,1,1,0,110,2000,0,246,0.0,0.123,-3.6869330406188965,4.792381763458252,1.9834418296813965,1.2508182525634766,-1.8588563203811646,3.831397533416748,ok,ok
real_std,3407,block_01,Gear,3,shifted,1,1,0,110,2000,0,1482,0.0,0.741,3.0469369888305664,12.08885669708252,1.4964051246643066,1.0478458404541016,2.0361711978912354,11.536865234375,ok,ok
rule_std,7,block_01,Gear,3,shifted,1,1,0,110,2000,771,1999,0.3855,0.9995,11.378959655761719,41.0772819519043,1.181675910949707,1.0359020233154297,9.629509925842285,39.65363311767578,ok,ok
rule_std,42,block_01,Gear,3,shifted,1,1,0,110,2000,15,1945,0.0075,0.9725,2.155332326889038,23.819311141967773,1.1422834396362305,0.9765458106994629,1.8868627548217773,24.39139175415039,ok,ok
rule_std,123,block_01,Gear,3,shifted,1,1,0,110,2000,637,2000,0.3185,1.0,9.965234756469727,56.121971130371094,1.2401223182678223,0.9976696968078613,8.035686492919922,56.2530632019043,ok,ok
rule_std,2026,block_01,Gear,3,shifted,1,1,0,110,2000,184,1995,0.092,0.9975,7.94486141204834,27.937292098999023,0.8580408096313477,0.7351598739624023,9.259305000305176,38.00165557861328,ok,ok
rule_std,3407,block_01,Gear,3,shifted,1,1,0,110,2000,1494,1996,0.747,0.998,16.772214889526367,30.739910125732422,1.325347900390625,1.1839475631713867,12.654953002929688,25.96391487121582,ok,ok
placebo_std,7,block_01,Gear,3,shifted,1,1,0,110,2000,422,2000,0.211,1.0,8.558058738708496,39.318206787109375,1.078871250152588,0.9658546447753906,7.9324188232421875,40.70820236206055,ok,ok
placebo_std,42,block_01,Gear,3,shifted,1,1,0,110,2000,12,1994,0.006,0.997,0.9768821001052856,35.02665328979492,1.1275620460510254,0.9466109275817871,0.8663665652275085,37.00216293334961,ok,ok
placebo_std,123,block_01,Gear,3,shifted,1,1,0,110,2000,569,2000,0.2845,1.0,9.03317928314209,70.26237487792969,1.1350078582763672,0.9923262596130371,7.958693027496338,70.80571746826172,ok,ok
placebo_std,2026,block_01,Gear,3,shifted,1,1,0,110,2000,1642,1997,0.821,0.9985,16.12851905822754,38.56071472167969,1.2206096649169922,0.9491934776306152,13.213494300842285,40.624717712402344,ok,ok
placebo_std,3407,block_01,Gear,3,shifted,1,1,0,110,2000,1261,1998,0.6305,0.999,11.385947227478027,30.61751937866211,1.3090081214904785,0.9938716888427734,8.698148727416992,30.80631446838379,ok,ok
real_ms,7,block_01,Gear,3,shifted,1,1,1,111,2000,1,1622,0.0005,0.811,5.699937343597412,10.708738327026367,1.3007607460021973,1.078542709350586,4.382002830505371,9.928895950317383,ok,ok
real_ms,42,block_01,Gear,3,shifted,1,1,1,111,2000,0,67,0.0,0.0335,-0.9672698974609375,4.179029941558838,1.6529512405395508,1.3246212005615234,-0.585177481174469,3.1548867225646973,ok,ok
real_ms,123,block_01,Gear,3,shifted,1,1,1,111,2000,0,1918,0.0,0.959,1.518517017364502,14.239740371704102,0.9492621421813965,0.7362182140350342,1.5996813774108887,19.341737747192383,ok,ok
real_ms,2026,block_01,Gear,3,shifted,1,1,1,111,2000,0,1008,0.0,0.504,-0.6102929711341858,7.943896293640137,1.2528009414672852,0.785686731338501,-0.4871428608894348,10.110767364501953,ok,ok
real_ms,3407,block_01,Gear,3,shifted,1,1,1,111,2000,0,1759,0.0,0.8795,1.6433755159378052,10.620049476623535,1.0351133346557617,0.9396266937255859,1.5876286029815674,11.302413940429688,ok,ok
rule_ms,7,block_01,Gear,3,shifted,1,1,1,111,2000,5,2000,0.0025,1.0,1.1331735849380493,39.053646087646484,1.0093250274658203,0.880279541015625,1.1227043867111206,44.365047454833984,ok,ok
rule_ms,42,block_01,Gear,3,shifted,1,1,1,111,2000,176,1985,0.088,0.9925,8.192023277282715,27.401262283325195,1.0037384033203125,0.8322715759277344,8.16151237487793,32.9234619140625,ok,ok
rule_ms,123,block_01,Gear,3,shifted,1,1,1,111,2000,97,2000,0.0485,1.0,4.529712677001953,42.83615493774414,0.955744743347168,0.7030844688415527,4.739459037780762,60.92605209350586,ok,ok
rule_ms,2026,block_01,Gear,3,shifted,1,1,1,111,2000,9,1999,0.0045,0.9995,4.589085102081299,37.8255615234375,1.1129045486450195,0.9166765213012695,4.123520374298096,41.26380157470703,ok,ok
rule_ms,3407,block_01,Gear,3,shifted,1,1,1,111,2000,1843,2000,0.9215,1.0,16.288908004760742,28.4196834564209,1.2160930633544922,0.8446950912475586,13.394457817077637,33.644901275634766,ok,ok
placebo_ms,7,block_01,Gear,3,shifted,1,1,1,111,2000,112,1993,0.056,0.9965,5.67255973815918,29.137643814086914,0.9572105407714844,0.9015884399414062,5.926135063171387,32.31812286376953,ok,ok
placebo_ms,42,block_01,Gear,3,shifted,1,1,1,111,2000,11,1996,0.0055,0.998,3.6467108726501465,29.355165481567383,1.096771240234375,0.9426050186157227,3.324951171875,31.142595291137695,ok,ok
placebo_ms,123,block_01,Gear,3,shifted,1,1,1,111,2000,4,2000,0.002,1.0,0.1515655219554901,48.48331069946289,0.8813776969909668,0.783416748046875,0.17196431756019592,61.887001037597656,ok,ok
placebo_ms,2026,block_01,Gear,3,shifted,1,1,1,111,2000,20,2000,0.01,1.0,4.397085666656494,35.979732513427734,0.9564328193664551,0.6715867519378662,4.597380638122559,53.57421875,ok,ok
placebo_ms,3407,block_01,Gear,3,shifted,1,1,1,111,2000,1153,1998,0.5765,0.999,12.931543350219727,34.10236740112305,1.068547248840332,0.8411645889282227,12.101984977722168,40.54185104370117,ok,ok
real_std,7,block_01,Gear,3,shifted,1,1,1,111,2000,1,610,0.0005,0.305,3.451967716217041,8.176292419433594,1.6373662948608398,1.2412467002868652,2.1082441806793213,6.587161064147949,ok,ok
real_std,42,block_01,Gear,3,shifted,1,1,1,111,2000,0,1771,0.0,0.8855,-1.0072987079620361,11.594194412231445,1.5257220268249512,1.080963373184204,-0.6602112054824829,10.725797653198242,ok,ok
real_std,123,block_01,Gear,3,shifted,1,1,1,111,2000,0,1836,0.0,0.918,2.426943302154541,14.011849403381348,1.0262856483459473,0.8515138626098633,2.364783763885498,16.455223083496094,ok,ok
real_std,2026,block_01,Gear,3,shifted,1,1,1,111,2000,0,198,0.0,0.099,-4.084805011749268,4.865911960601807,1.9834418296813965,1.2508182525634766,-2.059453010559082,3.890183210372925,ok,ok
real_std,3407,block_01,Gear,3,shifted,1,1,1,111,2000,0,1536,0.0,0.768,3.8158044815063477,12.334603309631348,1.4964051246643066,1.0478458404541016,2.549980878829956,11.771391868591309,ok,ok
rule_std,7,block_01,Gear,3,shifted,1,1,1,111,2000,408,2000,0.204,1.0,9.68545913696289,39.352413177490234,1.181675910949707,1.0359020233154297,8.196374893188477,37.988548278808594,ok,ok
rule_std,42,block_01,Gear,3,shifted,1,1,1,111,2000,5,1969,0.0025,0.9845,1.0147355794906616,26.05441665649414,1.1422834396362305,0.9765458106994629,0.8883395791053772,26.680179595947266,ok,ok
rule_std,123,block_01,Gear,3,shifted,1,1,1,111,2000,74,2000,0.037,1.0,5.865849494934082,58.82025146484375,1.2401223182678223,0.9976696968078613,4.730057239532471,58.957637786865234,ok,ok
rule_std,2026,block_01,Gear,3,shifted,1,1,1,111,2000,65,1998,0.0325,0.999,6.767464637756348,28.91120719909668,0.8580408096313477,0.7351598739624023,7.887113094329834,39.32642364501953,ok,ok
rule_std,3407,block_01,Gear,3,shifted,1,1,1,111,2000,1100,1995,0.55,0.9975,14.379562377929688,30.68653106689453,1.325347900390625,1.1839475631713867,10.849651336669922,25.9188289642334,ok,ok
placebo_std,7,block_01,Gear,3,shifted,1,1,1,111,2000,157,2000,0.0785,1.0,7.05348539352417,39.04738235473633,1.078871250152588,0.9658546447753906,6.537837505340576,40.42780303955078,ok,ok
placebo_std,42,block_01,Gear,3,shifted,1,1,1,111,2000,2,1998,0.001,0.999,-0.4204608201980591,36.58264923095703,1.1275620460510254,0.9466109275817871,-0.372893750667572,38.645912170410156,ok,ok
placebo_std,123,block_01,Gear,3,shifted,1,1,1,111,2000,127,2000,0.0635,1.0,5.152509689331055,70.52989196777344,1.1350078582763672,0.9923262596130371,4.53962516784668,71.0752944946289,ok,ok
placebo_std,2026,block_01,Gear,3,shifted,1,1,1,111,2000,1343,1996,0.6715,0.998,14.215145111083984,38.71263122558594,1.2206096649169922,0.9491934776306152,11.645938873291016,40.78476333618164,ok,ok
placebo_std,3407,block_01,Gear,3,shifted,1,1,1,111,2000,698,1998,0.349,0.999,8.644421577453613,31.136449813842773,1.3090081214904785,0.9938716888427734,6.603795051574707,31.328439712524414,ok,ok
real_ms,7,block_01,RPM,4,canonical,0,0,0,000,2000,3,218,0.0015,0.109,1.888001799583435,4.014580726623535,1.3121037483215332,1.078542709350586,1.438912034034729,3.722227096557617,ok,ok
real_ms,42,block_01,RPM,4,canonical,0,0,0,000,2000,0,0,0.0,0.0,-3.2491049766540527,-0.5942296385765076,1.5370111465454102,1.3246212005615234,-2.1139111518859863,-0.44860342144966125,ok,ok
real_ms,123,block_01,RPM,4,canonical,0,0,0,000,2000,0,5,0.0,0.0025,-1.3627370595932007,0.4534454345703125,0.8871946334838867,0.7362182140350342,-1.5360068082809448,0.6159117221832275,ok,ok
real_ms,2026,block_01,RPM,4,canonical,0,0,0,000,2000,0,0,0.0,0.0,-1.8755276203155518,0.8036038279533386,1.271684169769287,0.785686731338501,-1.4748376607894897,1.0228043794631958,ok,ok
real_ms,3407,block_01,RPM,4,canonical,0,0,0,000,2000,0,0,0.0,0.0,-3.0197041034698486,-0.983815610408783,0.8923029899597168,0.9396266937255859,-3.384168863296509,-1.0470280647277832,ok,ok
rule_ms,7,block_01,RPM,4,canonical,0,0,0,000,2000,2000,2000,1.0,1.0,36.87135314941406,64.51229095458984,0.7962632179260254,0.880279541015625,46.30548095703125,73.28614044189453,ok,ok
rule_ms,42,block_01,RPM,4,canonical,0,0,0,000,2000,2000,2000,1.0,1.0,35.32731628417969,69.91368103027344,0.8306293487548828,0.8322715759277344,42.530784606933594,84.0034408569336,ok,ok
rule_ms,123,block_01,RPM,4,canonical,0,0,0,000,2000,2000,2000,1.0,1.0,34.40180587768555,57.912139892578125,0.8253235816955566,0.7030844688415527,41.68280792236328,82.36869049072266,ok,ok
rule_ms,2026,block_01,RPM,4,canonical,0,0,0,000,2000,2000,2000,1.0,1.0,35.827266693115234,66.86988830566406,0.9418606758117676,0.9166765213012695,38.03881072998047,72.94818878173828,ok,ok
rule_ms,3407,block_01,RPM,4,canonical,0,0,0,000,2000,2000,2000,1.0,1.0,43.35738754272461,71.9857177734375,0.830599308013916,0.8446950912475586,52.20012664794922,85.22095489501953,ok,ok
placebo_ms,7,block_01,RPM,4,canonical,0,0,0,000,2000,2000,2000,1.0,1.0,34.875179290771484,64.33857727050781,0.8460574150085449,0.9015884399414062,41.220821380615234,71.36135864257812,ok,ok
placebo_ms,42,block_01,RPM,4,canonical,0,0,0,000,2000,2000,2000,1.0,1.0,31.791223526000977,59.03703308105469,0.9879622459411621,0.9426050186157227,32.17858123779297,62.63178253173828,ok,ok
placebo_ms,123,block_01,RPM,4,canonical,0,0,0,000,2000,2000,2000,1.0,1.0,34.67314147949219,58.334129333496094,0.8863840103149414,0.783416748046875,39.11751174926758,74.46117401123047,ok,ok
placebo_ms,2026,block_01,RPM,4,canonical,0,0,0,000,2000,2000,2000,1.0,1.0,33.769779205322266,58.02280807495117,0.8695893287658691,0.6715867519378662,38.83416748046875,86.39659118652344,ok,ok
placebo_ms,3407,block_01,RPM,4,canonical,0,0,0,000,2000,2000,2000,1.0,1.0,41.078529357910156,79.14936065673828,0.9436793327331543,0.8411645889282227,43.53017807006836,94.09497833251953,ok,ok
real_std,7,block_01,RPM,4,canonical,0,0,0,000,2000,0,15,0.0,0.0075,-2.4206926822662354,1.8032981157302856,1.6713500022888184,1.2412467002868652,-1.44834566116333,1.4528120756149292,ok,ok
real_std,42,block_01,RPM,4,canonical,0,0,0,000,2000,0,6,0.0,0.003,-3.6622471809387207,-0.27536147832870483,1.5301647186279297,1.080963373184204,-2.3933677673339844,-0.25473707914352417,ok,ok
real_std,123,block_01,RPM,4,canonical,0,0,0,000,2000,0,0,0.0,0.0,-1.3770400285720825,-0.03029370680451393,0.9335503578186035,0.8515138626098633,-1.4750570058822632,-0.03557630628347397,ok,ok
real_std,2026,block_01,RPM,4,canonical,0,0,0,000,2000,0,0,0.0,0.0,-4.206601619720459,0.6930027604103088,1.7724595069885254,1.2508182525634766,-2.3733129501342773,0.554039478302002,ok,ok
real_std,3407,block_01,RPM,4,canonical,0,0,0,000,2000,0,0,0.0,0.0,-2.749128818511963,-0.8817354440689087,1.170154094696045,1.0478458404541016,-2.3493733406066895,-0.8414744138717651,ok,ok
rule_std,7,block_01,RPM,4,canonical,0,0,0,000,2000,2000,2000,1.0,1.0,39.623355865478516,79.0311279296875,0.9363298416137695,1.0359020233154297,42.31772994995117,76.29207611083984,ok,ok
rule_std,42,block_01,RPM,4,canonical,0,0,0,000,2000,2000,2000,1.0,1.0,35.8245849609375,68.00383758544922,1.0167431831359863,0.9765458106994629,35.234649658203125,69.63711547851562,ok,ok
rule_std,123,block_01,RPM,4,canonical,0,0,0,000,2000,2000,2000,1.0,1.0,40.39338302612305,74.7790756225586,1.0347681045532227,0.9976696968078613,39.03616714477539,74.95374298095703,ok,ok
rule_std,2026,block_01,RPM,4,canonical,0,0,0,000,2000,2000,2000,1.0,1.0,38.04192352294922,62.27714920043945,0.7564268112182617,0.7351598739624023,50.29161071777344,84.71237182617188,ok,ok
rule_std,3407,block_01,RPM,4,canonical,0,0,0,000,2000,2000,2000,1.0,1.0,40.232234954833984,74.61766052246094,0.9960947036743164,1.1839475631713867,40.38996887207031,63.02446746826172,ok,ok
placebo_std,7,block_01,RPM,4,canonical,0,0,0,000,2000,2000,2000,1.0,1.0,37.96601486206055,67.4793930053711,0.9542317390441895,0.9658546447753906,39.7869987487793,69.86495208740234,ok,ok
placebo_std,42,block_01,RPM,4,canonical,0,0,0,000,2000,2000,2000,1.0,1.0,39.35238265991211,75.56419372558594,0.9161858558654785,0.9466109275817871,42.95240783691406,79.82603454589844,ok,ok
placebo_std,123,block_01,RPM,4,canonical,0,0,0,000,2000,2000,2000,1.0,1.0,37.7449951171875,77.50608825683594,1.123764991760254,0.9923262596130371,33.58797836303711,78.1054458618164,ok,ok
placebo_std,2026,block_01,RPM,4,canonical,0,0,0,000,2000,2000,2000,1.0,1.0,38.87187957763672,74.18807220458984,0.9965219497680664,0.9491934776306152,39.007545471191406,78.15906524658203,ok,ok
placebo_std,3407,block_01,RPM,4,canonical,0,0,0,000,2000,2000,2000,1.0,1.0,40.79641342163086,76.53092956542969,1.0763425827026367,0.9938716888427734,37.90281677246094,77.0028305053711,ok,ok
real_ms,7,block_01,RPM,4,canonical,0,0,1,001,2000,14,1316,0.007,0.658,4.9090189933776855,9.28974437713623,1.3121037483215332,1.078542709350586,3.7413344383239746,8.613238334655762,ok,ok
real_ms,42,block_01,RPM,4,canonical,0,0,1,001,2000,0,4,0.0,0.002,-1.724691390991211,2.059985876083374,1.5370111465454102,1.3246212005615234,-1.1221072673797607,1.5551508665084839,ok,ok
real_ms,123,block_01,RPM,4,canonical,0,0,1,001,2000,0,12,0.0,0.006,-0.3829877972602844,1.140915036201477,0.8871946334838867,0.7362182140350342,-0.43168407678604126,1.549696683883667,ok,ok
real_ms,2026,block_01,RPM,4,canonical,0,0,1,001,2000,0,189,0.0,0.0945,-0.6708022356033325,4.402525901794434,1.271684169769287,0.785686731338501,-0.5274912118911743,5.603411674499512,ok,ok
real_ms,3407,block_01,RPM,4,canonical,0,0,1,001,2000,0,22,0.0,0.011,-2.389026403427124,-0.22501449286937714,0.8923029899597168,0.9396266937255859,-2.6773712635040283,-0.23947222530841827,ok,ok
rule_ms,7,block_01,RPM,4,canonical,0,0,1,001,2000,2000,2000,1.0,1.0,28.011219024658203,43.113365173339844,0.7962632179260254,0.880279541015625,35.178340911865234,48.97690200805664,ok,ok
rule_ms,42,block_01,RPM,4,canonical,0,0,1,001,2000,2000,2000,1.0,1.0,29.508142471313477,53.206993103027344,0.8306293487548828,0.8322715759277344,35.52503967285156,63.929840087890625,ok,ok
rule_ms,123,block_01,RPM,4,canonical,0,0,1,001,2000,2000,2000,1.0,1.0,28.28304672241211,43.89557647705078,0.8253235816955566,0.7030844688415527,34.26904296875,62.43286895751953,ok,ok
rule_ms,2026,block_01,RPM,4,canonical,0,0,1,001,2000,2000,2000,1.0,1.0,27.91908836364746,47.109195709228516,0.9418606758117676,0.9166765213012695,29.64248275756836,51.39129638671875,ok,ok
rule_ms,3407,block_01,RPM,4,canonical,0,0,1,001,2000,2000,2000,1.0,1.0,33.072662353515625,61.46452331542969,0.830599308013916,0.8446950912475586,39.81783676147461,72.76534271240234,ok,ok
placebo_ms,7,block_01,RPM,4,canonical,0,0,1,001,2000,2000,2000,1.0,1.0,26.425317764282227,46.38859939575195,0.8460574150085449,0.9015884399414062,31.23348045349121,51.45207595825195,ok,ok
placebo_ms,42,block_01,RPM,4,canonical,0,0,1,001,2000,2000,2000,1.0,1.0,26.472206115722656,48.105567932128906,0.9879622459411621,0.9426050186157227,26.794754028320312,51.03470230102539,ok,ok
placebo_ms,123,block_01,RPM,4,canonical,0,0,1,001,2000,2000,2000,1.0,1.0,25.2545108795166,43.074989318847656,0.8863840103149414,0.783416748046875,28.49161720275879,54.98349380493164,ok,ok
placebo_ms,2026,block_01,RPM,4,canonical,0,0,1,001,2000,2000,2000,1.0,1.0,24.300188064575195,44.3707389831543,0.8695893287658691,0.6715867519378662,27.944438934326172,66.06851196289062,ok,ok
placebo_ms,3407,block_01,RPM,4,canonical,0,0,1,001,2000,2000,2000,1.0,1.0,29.542388916015625,54.109832763671875,0.9436793327331543,0.8411645889282227,31.3055362701416,64.32728576660156,ok,ok
real_std,7,block_01,RPM,4,canonical,0,0,1,001,2000,0,89,0.0,0.0445,-0.588100254535675,3.8727939128875732,1.6713500022888184,1.2412467002868652,-0.35187140107154846,3.120084047317505,ok,ok
real_std,42,block_01,RPM,4,canonical,0,0,1,001,2000,0,163,0.0,0.0815,-2.3566219806671143,2.5418198108673096,1.5301647186279297,1.080963373184204,-1.5401099920272827,2.3514392375946045,ok,ok
real_std,123,block_01,RPM,4,canonical,0,0,1,001,2000,0,2,0.0,0.001,-0.25924360752105713,1.0519338846206665,0.9335503578186035,0.8515138626098633,-0.277696430683136,1.2353688478469849,ok,ok
real_std,2026,block_01,RPM,4,canonical,0,0,1,001,2000,0,30,0.0,0.015,-5.600214958190918,2.0301711559295654,1.7724595069885254,1.2508182525634766,-3.1595728397369385,1.6230744123458862,ok,ok
real_std,3407,block_01,RPM,4,canonical,0,0,1,001,2000,0,14,0.0,0.007,-2.67210054397583,0.09124676883220673,1.170154094696045,1.0478458404541016,-2.283545970916748,0.08708032220602036,ok,ok
rule_std,7,block_01,RPM,4,canonical,0,0,1,001,2000,2000,2000,1.0,1.0,31.93227767944336,54.82063293457031,0.9363298416137695,1.0359020233154297,34.10366439819336,52.92068099975586,ok,ok
rule_std,42,block_01,RPM,4,canonical,0,0,1,001,2000,2000,2000,1.0,1.0,27.92225456237793,47.35556411743164,1.0167431831359863,0.9765458106994629,27.462446212768555,48.49292755126953,ok,ok
rule_std,123,block_01,RPM,4,canonical,0,0,1,001,2000,2000,2000,1.0,1.0,28.190738677978516,52.6898193359375,1.0347681045532227,0.9976696968078613,27.243534088134766,52.812889099121094,ok,ok
rule_std,2026,block_01,RPM,4,canonical,0,0,1,001,2000,2000,2000,1.0,1.0,28.587305068969727,51.69993591308594,0.7564268112182617,0.7351598739624023,37.79255676269531,70.32475280761719,ok,ok
rule_std,3407,block_01,RPM,4,canonical,0,0,1,001,2000,2000,2000,1.0,1.0,31.708101272583008,53.701515197753906,0.9960947036743164,1.1839475631713867,31.83241844177246,45.3580207824707,ok,ok
placebo_std,7,block_01,RPM,4,canonical,0,0,1,001,2000,2000,2000,1.0,1.0,26.990535736083984,47.054161071777344,0.9542317390441895,0.9658546447753906,28.285093307495117,48.7176399230957,ok,ok
placebo_std,42,block_01,RPM,4,canonical,0,0,1,001,2000,2000,2000,1.0,1.0,31.882280349731445,54.763370513916016,0.9161858558654785,0.9466109275817871,34.79892349243164,57.85203552246094,ok,ok
placebo_std,123,block_01,RPM,4,canonical,0,0,1,001,2000,2000,2000,1.0,1.0,29.017932891845703,71.382080078125,1.123764991760254,0.9923262596130371,25.822065353393555,71.93407440185547,ok,ok
placebo_std,2026,block_01,RPM,4,canonical,0,0,1,001,2000,2000,2000,1.0,1.0,31.39968490600586,60.3598518371582,0.9965219497680664,0.9491934776306152,31.509275436401367,63.59067153930664,ok,ok
placebo_std,3407,block_01,RPM,4,canonical,0,0,1,001,2000,2000,2000,1.0,1.0,33.47748947143555,58.038116455078125,1.0763425827026367,0.9938716888427734,31.10300636291504,58.3959846496582,ok,ok
real_ms,7,block_01,RPM,4,canonical,0,1,0,010,2000,1,148,0.0005,0.074,3.1239380836486816,3.5381548404693604,1.3121037483215332,1.078542709350586,2.380861759185791,3.2804958820343018,ok,ok
real_ms,42,block_01,RPM,4,canonical,0,1,0,010,2000,0,0,0.0,0.0,-2.2284858226776123,-0.611237645149231,1.5370111465454102,1.3246212005615234,-1.4498828649520874,-0.46144339442253113,ok,ok
real_ms,123,block_01,RPM,4,canonical,0,1,0,010,2000,1,3,0.0005,0.0015,-1.0967377424240112,0.17381444573402405,0.8871946334838867,0.7362182140350342,-1.2361862659454346,0.23609091341495514,ok,ok
real_ms,2026,block_01,RPM,4,canonical,0,1,0,010,2000,0,0,0.0,0.0,-1.5229058265686035,0.2133743017911911,1.271684169769287,0.785686731338501,-1.1975504159927368,0.271576851606369,ok,ok
real_ms,3407,block_01,RPM,4,canonical,0,1,0,010,2000,0,0,0.0,0.0,-2.187147617340088,-0.6015974879264832,0.8923029899597168,0.9396266937255859,-2.4511265754699707,-0.6402515769004822,ok,ok
rule_ms,7,block_01,RPM,4,canonical,0,1,0,010,2000,2000,2000,1.0,1.0,42.69906997680664,78.24176788330078,0.7962632179260254,0.880279541015625,53.62432098388672,88.88285827636719,ok,ok
rule_ms,42,block_01,RPM,4,canonical,0,1,0,010,2000,2000,2000,1.0,1.0,40.64002990722656,90.02522277832031,0.8306293487548828,0.8322715759277344,48.92679214477539,108.16808319091797,ok,ok
rule_ms,123,block_01,RPM,4,canonical,0,1,0,010,2000,2000,2000,1.0,1.0,39.94735336303711,74.6903076171875,0.8253235816955566,0.7030844688415527,48.402042388916016,106.23233795166016,ok,ok
rule_ms,2026,block_01,RPM,4,canonical,0,1,0,010,2000,2000,2000,1.0,1.0,39.24644470214844,79.3852310180664,0.9418606758117676,0.9166765213012695,41.669063568115234,86.60114288330078,ok,ok
rule_ms,3407,block_01,RPM,4,canonical,0,1,0,010,2000,2000,2000,1.0,1.0,49.612884521484375,89.43238830566406,0.830599308013916,0.8446950912475586,59.73143005371094,105.87535858154297,ok,ok
placebo_ms,7,block_01,RPM,4,canonical,0,1,0,010,2000,2000,2000,1.0,1.0,40.23725128173828,77.72283172607422,0.8460574150085449,0.9015884399414062,47.55853271484375,86.20655059814453,ok,ok
placebo_ms,42,block_01,RPM,4,canonical,0,1,0,010,2000,2000,2000,1.0,1.0,38.4228401184082,78.98956298828125,0.9879622459411621,0.9426050186157227,38.89099884033203,83.7992172241211,ok,ok
placebo_ms,123,block_01,RPM,4,canonical,0,1,0,010,2000,2000,2000,1.0,1.0,40.86836242675781,73.3284912109375,0.8863840103149414,0.783416748046875,46.106834411621094,93.60087585449219,ok,ok
placebo_ms,2026,block_01,RPM,4,canonical,0,1,0,010,2000,2000,2000,1.0,1.0,39.13768768310547,73.14198303222656,0.8695893287658691,0.6715867519378662,45.00709533691406,108.90919494628906,ok,ok
placebo_ms,3407,block_01,RPM,4,canonical,0,1,0,010,2000,2000,2000,1.0,1.0,44.66495132446289,94.62189483642578,0.9436793327331543,0.8411645889282227,47.330650329589844,112.4891586303711,ok,ok
real_std,7,block_01,RPM,4,canonical,0,1,0,010,2000,0,41,0.0,0.0205,0.15174537897109985,2.8135454654693604,1.6713500022888184,1.2412467002868652,0.09079210460186005,2.266709327697754,ok,ok
real_std,42,block_01,RPM,4,canonical,0,1,0,010,2000,0,4,0.0,0.002,-3.162698268890381,-0.44234156608581543,1.5301647186279297,1.080963373184204,-2.0669004917144775,-0.4092104434967041,ok,ok
real_std,123,block_01,RPM,4,canonical,0,1,0,010,2000,1,2,0.0005,0.001,-1.0144932270050049,-0.11899786442518234,0.9335503578186035,0.8515138626098633,-1.0867043733596802,-0.13974860310554504,ok,ok
real_std,2026,block_01,RPM,4,canonical,0,1,0,010,2000,0,0,0.0,0.0,-3.392249584197998,0.5530275702476501,1.7724595069885254,1.2508182525634766,-1.9138658046722412,0.4421326220035553,ok,ok
real_std,3407,block_01,RPM,4,canonical,0,1,0,010,2000,1,2,0.0005,0.001,-1.1769793033599854,-0.16230162978172302,1.170154094696045,1.0478458404541016,-1.0058327913284302,-0.1548907607793808,ok,ok
rule_std,7,block_01,RPM,4,canonical,0,1,0,010,2000,2000,2000,1.0,1.0,45.415733337402344,93.8770980834961,0.9363298416137695,1.0359020233154297,48.50399398803711,90.62352752685547,ok,ok
rule_std,42,block_01,RPM,4,canonical,0,1,0,010,2000,2000,2000,1.0,1.0,40.76045227050781,82.37449645996094,1.0167431831359863,0.9765458106994629,40.0892333984375,84.3529281616211,ok,ok
rule_std,123,block_01,RPM,4,canonical,0,1,0,010,2000,2000,2000,1.0,1.0,47.917396545410156,94.85807800292969,1.0347681045532227,0.9976696968078613,46.3073844909668,95.07965087890625,ok,ok
rule_std,2026,block_01,RPM,4,canonical,0,1,0,010,2000,2000,2000,1.0,1.0,41.92493438720703,75.15237426757812,0.7564268112182617,0.7351598739624023,55.42496871948242,102.22587585449219,ok,ok
rule_std,3407,block_01,RPM,4,canonical,0,1,0,010,2000,2000,2000,1.0,1.0,46.93791580200195,93.58751678466797,0.9960947036743164,1.1839475631713867,47.1219367980957,79.04700469970703,ok,ok
placebo_std,7,block_01,RPM,4,canonical,0,1,0,010,2000,2000,2000,1.0,1.0,45.62252426147461,86.112548828125,0.9542317390441895,0.9658546447753906,47.810733795166016,89.15684509277344,ok,ok
placebo_std,42,block_01,RPM,4,canonical,0,1,0,010,2000,2000,2000,1.0,1.0,46.6422119140625,92.85253143310547,0.9161858558654785,0.9466109275817871,50.90911865234375,98.08943939208984,ok,ok
placebo_std,123,block_01,RPM,4,canonical,0,1,0,010,2000,2000,2000,1.0,1.0,45.104000091552734,99.31008911132812,1.123764991760254,0.9923262596130371,40.13650894165039,100.07807159423828,ok,ok
placebo_std,2026,block_01,RPM,4,canonical,0,1,0,010,2000,2000,2000,1.0,1.0,47.643131256103516,96.1742172241211,0.9965219497680664,0.9491934776306152,47.80942153930664,101.32203674316406,ok,ok
placebo_std,3407,block_01,RPM,4,canonical,0,1,0,010,2000,2000,2000,1.0,1.0,46.820526123046875,95.8198471069336,1.0763425827026367,0.9938716888427734,43.49964904785156,96.41067504882812,ok,ok
real_ms,7,block_01,RPM,4,canonical,0,1,1,011,2000,1,680,0.0005,0.34,4.758623123168945,6.606249809265137,1.3121037483215332,1.078542709350586,3.6267125606536865,6.1251630783081055,ok,ok
real_ms,42,block_01,RPM,4,canonical,0,1,1,011,2000,0,4,0.0,0.002,-2.6328842639923096,1.1996146440505981,1.5370111465454102,1.3246212005615234,-1.7129896879196167,0.9056284427642822,ok,ok
real_ms,123,block_01,RPM,4,canonical,0,1,1,011,2000,2,33,0.001,0.0165,0.06636330485343933,1.621625542640686,0.8871946334838867,0.7362182140350342,0.07480128109455109,2.2026426792144775,ok,ok
real_ms,2026,block_01,RPM,4,canonical,0,1,1,011,2000,0,11,0.0,0.0055,-4.158077716827393,1.2561008930206299,1.271684169769287,0.785686731338501,-3.2697410583496094,1.5987299680709839,ok,ok
real_ms,3407,block_01,RPM,4,canonical,0,1,1,011,2000,0,52,0.0,0.026,-0.7471324801445007,1.3157775402069092,0.8923029899597168,0.9396266937255859,-0.8373081088066101,1.4003194570541382,ok,ok
rule_ms,7,block_01,RPM,4,canonical,0,1,1,011,2000,2000,2000,1.0,1.0,37.95272445678711,69.953369140625,0.7962632179260254,0.880279541015625,47.66353988647461,79.46721649169922,ok,ok
rule_ms,42,block_01,RPM,4,canonical,0,1,1,011,2000,2000,2000,1.0,1.0,38.88746643066406,93.12259674072266,0.8306293487548828,0.8322715759277344,46.81686782836914,111.88965606689453,ok,ok
rule_ms,123,block_01,RPM,4,canonical,0,1,1,011,2000,2000,2000,1.0,1.0,37.243125915527344,74.13938903808594,0.8253235816955566,0.7030844688415527,45.125484466552734,105.44878387451172,ok,ok
rule_ms,2026,block_01,RPM,4,canonical,0,1,1,011,2000,2000,2000,1.0,1.0,34.40525436401367,71.90917205810547,0.9418606758117676,0.9166765213012695,36.52902603149414,78.44552612304688,ok,ok
rule_ms,3407,block_01,RPM,4,canonical,0,1,1,011,2000,2000,2000,1.0,1.0,46.13530349731445,89.64151763916016,0.830599308013916,0.8446950912475586,55.54459762573242,106.1229248046875,ok,ok
placebo_ms,7,block_01,RPM,4,canonical,0,1,1,011,2000,2000,2000,1.0,1.0,36.782405853271484,75.50770568847656,0.8460574150085449,0.9015884399414062,43.47507095336914,83.7496337890625,ok,ok
placebo_ms,42,block_01,RPM,4,canonical,0,1,1,011,2000,2000,2000,1.0,1.0,37.13656234741211,82.05564880371094,0.9879622459411621,0.9426050186157227,37.589046478271484,87.052001953125,ok,ok
placebo_ms,123,block_01,RPM,4,canonical,0,1,1,011,2000,2000,2000,1.0,1.0,32.998165130615234,66.91915130615234,0.8863840103149414,0.783416748046875,37.22784423828125,85.41960906982422,ok,ok
placebo_ms,2026,block_01,RPM,4,canonical,0,1,1,011,2000,2000,2000,1.0,1.0,32.897274017333984,69.72330474853516,0.8695893287658691,0.6715867519378662,37.83081817626953,103.81875610351562,ok,ok
placebo_ms,3407,block_01,RPM,4,canonical,0,1,1,011,2000,2000,2000,1.0,1.0,37.293670654296875,84.93920135498047,0.9436793327331543,0.8411645889282227,39.519432067871094,100.97809600830078,ok,ok
real_std,7,block_01,RPM,4,canonical,0,1,1,011,2000,0,159,0.0,0.0795,0.5997017621994019,4.7642693519592285,1.6713500022888184,1.2412467002868652,0.3588128089904785,3.8382937908172607,ok,ok
real_std,42,block_01,RPM,4,canonical,0,1,1,011,2000,0,6,0.0,0.003,-5.143198013305664,-0.6101113557815552,1.5301647186279297,1.080963373184204,-3.3612060546875,-0.5644144415855408,ok,ok
real_std,123,block_01,RPM,4,canonical,0,1,1,011,2000,4,16,0.002,0.008,0.590653121471405,1.760855793952942,0.9335503578186035,0.8515138626098633,0.6326954960823059,2.0679121017456055,ok,ok
real_std,2026,block_01,RPM,4,canonical,0,1,1,011,2000,0,35,0.0,0.0175,-5.408603668212891,1.9842724800109863,1.7724595069885254,1.2508182525634766,-3.0514676570892334,1.5863796472549438,ok,ok
real_std,3407,block_01,RPM,4,canonical,0,1,1,011,2000,1,55,0.0005,0.0275,-0.36911502480506897,2.276637315750122,1.170154094696045,1.0478458404541016,-0.31544139981269836,2.1726832389831543,ok,ok
rule_std,7,block_01,RPM,4,canonical,0,1,1,011,2000,2000,2000,1.0,1.0,42.375736236572266,86.16768646240234,0.9363298416137695,1.0359020233154297,45.25727844238281,83.18131256103516,ok,ok
rule_std,42,block_01,RPM,4,canonical,0,1,1,011,2000,2000,2000,1.0,1.0,37.75559997558594,79.31439208984375,1.0167431831359863,0.9765458106994629,37.13386154174805,81.21932983398438,ok,ok
rule_std,123,block_01,RPM,4,canonical,0,1,1,011,2000,2000,2000,1.0,1.0,40.51805877685547,82.41325378417969,1.0347681045532227,0.9976696968078613,39.156654357910156,82.60574340820312,ok,ok
rule_std,2026,block_01,RPM,4,canonical,0,1,1,011,2000,2000,2000,1.0,1.0,38.18760299682617,76.0009536743164,0.7564268112182617,0.7351598739624023,50.48420333862305,103.38015747070312,ok,ok
rule_std,3407,block_01,RPM,4,canonical,0,1,1,011,2000,2000,2000,1.0,1.0,41.051273345947266,92.5104751586914,0.9960947036743164,1.1839475631713867,41.21221923828125,78.13731384277344,ok,ok
placebo_std,7,block_01,RPM,4,canonical,0,1,1,011,2000,2000,2000,1.0,1.0,40.1381950378418,84.40357971191406,0.9542317390441895,0.9658546447753906,42.063358306884766,87.387451171875,ok,ok
placebo_std,42,block_01,RPM,4,canonical,0,1,1,011,2000,2000,2000,1.0,1.0,44.418373107910156,87.585205078125,0.9161858558654785,0.9466109275817871,48.481834411621094,92.52503204345703,ok,ok
placebo_std,123,block_01,RPM,4,canonical,0,1,1,011,2000,2000,2000,1.0,1.0,39.80373001098633,103.29365539550781,1.123764991760254,0.9923262596130371,35.41997528076172,104.0924301147461,ok,ok
placebo_std,2026,block_01,RPM,4,canonical,0,1,1,011,2000,2000,2000,1.0,1.0,46.960044860839844,96.50627899169922,0.9965219497680664,0.9491934776306152,47.123939514160156,101.67188262939453,ok,ok
placebo_std,3407,block_01,RPM,4,canonical,0,1,1,011,2000,2000,2000,1.0,1.0,41.0555534362793,90.45115661621094,1.0763425827026367,0.9938716888427734,38.14357376098633,91.0088882446289,ok,ok
real_ms,7,block_01,RPM,4,canonical,1,0,0,100,2000,114,1783,0.057,0.8915,7.506937503814697,13.663394927978516,1.3121037483215332,1.078542709350586,5.721298694610596,12.66838550567627,ok,ok
real_ms,42,block_01,RPM,4,canonical,1,0,0,100,2000,44,356,0.022,0.178,6.865243911743164,6.320023059844971,1.5370111465454102,1.3246212005615234,4.466619968414307,4.77119255065918,ok,ok
real_ms,123,block_01,RPM,4,canonical,1,0,0,100,2000,32,1895,0.016,0.9475,4.0599045753479,16.127159118652344,0.8871946334838867,0.7362182140350342,4.576115131378174,21.905406951904297,ok,ok
real_ms,2026,block_01,RPM,4,canonical,1,0,0,100,2000,0,172,0.0,0.086,3.1019628047943115,3.817415714263916,1.271684169769287,0.785686731338501,2.439255714416504,4.858699798583984,ok,ok
real_ms,3407,block_01,RPM,4,canonical,1,0,0,100,2000,91,1279,0.0455,0.6395,5.470005989074707,8.49357795715332,0.8923029899597168,0.9396266937255859,6.130211353302002,9.039310455322266,ok,ok
rule_ms,7,block_01,RPM,4,canonical,1,0,0,100,2000,41,2000,0.0205,1.0,2.7595646381378174,31.64972686767578,0.7962632179260254,0.880279541015625,3.465643882751465,35.95417785644531,ok,ok
rule_ms,42,block_01,RPM,4,canonical,1,0,0,100,2000,106,822,0.053,0.411,7.57139253616333,9.582140922546387,0.8306293487548828,0.8322715759277344,9.11524772644043,11.513237953186035,ok,ok
rule_ms,123,block_01,RPM,4,canonical,1,0,0,100,2000,880,1935,0.44,0.9675,9.117773056030273,18.469432830810547,0.8253235816955566,0.7030844688415527,11.047515869140625,26.269149780273438,ok,ok
rule_ms,2026,block_01,RPM,4,canonical,1,0,0,100,2000,82,1303,0.041,0.6515,7.718844890594482,13.166484832763672,0.9418606758117676,0.9166765213012695,8.195314407348633,14.363283157348633,ok,ok
rule_ms,3407,block_01,RPM,4,canonical,1,0,0,100,2000,571,1721,0.2855,0.8605,10.034947395324707,16.553754806518555,0.830599308013916,0.8446950912475586,12.081574440002441,19.597314834594727,ok,ok
placebo_ms,7,block_01,RPM,4,canonical,1,0,0,100,2000,145,1988,0.0725,0.994,7.139081001281738,24.38199806213379,0.8460574150085449,0.9015884399414062,8.438056945800781,27.043378829956055,ok,ok
placebo_ms,42,block_01,RPM,4,canonical,1,0,0,100,2000,108,1288,0.054,0.644,5.503500938415527,10.916900634765625,0.9879622459411621,0.9426050186157227,5.570557594299316,11.581626892089844,ok,ok
placebo_ms,123,block_01,RPM,4,canonical,1,0,0,100,2000,110,1943,0.055,0.9715,5.0755205154418945,21.28107452392578,0.8863840103149414,0.783416748046875,5.7260966300964355,27.164438247680664,ok,ok
placebo_ms,2026,block_01,RPM,4,canonical,1,0,0,100,2000,237,1924,0.1185,0.962,6.922165393829346,18.549488067626953,0.8695893287658691,0.6715867519378662,7.960269451141357,27.62038803100586,ok,ok
placebo_ms,3407,block_01,RPM,4,canonical,1,0,0,100,2000,72,1876,0.036,0.938,5.267749309539795,21.95130729675293,0.9436793327331543,0.8411645889282227,5.582139492034912,26.09632682800293,ok,ok
real_std,7,block_01,RPM,4,canonical,1,0,0,100,2000,74,1066,0.037,0.533,8.642956733703613,11.408197402954102,1.6713500022888184,1.2412467002868652,5.171243190765381,9.190918922424316,ok,ok
real_std,42,block_01,RPM,4,canonical,1,0,0,100,2000,33,417,0.0165,0.2085,4.387731075286865,4.1654486656188965,1.5301647186279297,1.080963373184204,2.8674893379211426,3.853459358215332,ok,ok
real_std,123,block_01,RPM,4,canonical,1,0,0,100,2000,100,1790,0.05,0.895,6.127859592437744,15.206472396850586,0.9335503578186035,0.8515138626098633,6.564037322998047,17.85816192626953,ok,ok
real_std,2026,block_01,RPM,4,canonical,1,0,0,100,2000,0,205,0.0,0.1025,0.0036591982934623957,4.384251594543457,1.7724595069885254,1.2508182525634766,0.002064475789666176,3.5051069259643555,ok,ok
real_std,3407,block_01,RPM,4,canonical,1,0,0,100,2000,156,1179,0.078,0.5895,8.195775032043457,10.762701034545898,1.170154094696045,1.0478458404541016,7.004013538360596,10.27126407623291,ok,ok
rule_std,7,block_01,RPM,4,canonical,1,0,0,100,2000,128,1880,0.064,0.94,7.12600564956665,24.602840423583984,0.9363298416137695,1.0359020233154297,7.610572338104248,23.75016212463379,ok,ok
rule_std,42,block_01,RPM,4,canonical,1,0,0,100,2000,198,1527,0.099,0.7635,6.171692848205566,13.417657852172852,1.0167431831359863,0.9765458106994629,6.070060729980469,13.739917755126953,ok,ok
rule_std,123,block_01,RPM,4,canonical,1,0,0,100,2000,541,1865,0.2705,0.9325,9.205926895141602,21.17666244506836,1.0347681045532227,0.9976696968078613,8.896608352661133,21.226125717163086,ok,ok
rule_std,2026,block_01,RPM,4,canonical,1,0,0,100,2000,302,1285,0.151,0.6425,8.976508140563965,11.787843704223633,0.7564268112182617,0.7351598739624023,11.866988182067871,16.034395217895508,ok,ok
rule_std,3407,block_01,RPM,4,canonical,1,0,0,100,2000,233,1789,0.1165,0.8945,9.450043678283691,21.549739837646484,0.9960947036743164,1.1839475631713867,9.487093925476074,18.201601028442383,ok,ok
placebo_std,7,block_01,RPM,4,canonical,1,0,0,100,2000,243,1955,0.1215,0.9775,8.402080535888672,23.8311710357666,0.9542317390441895,0.9658546447753906,8.805072784423828,24.673664093017578,ok,ok
placebo_std,42,block_01,RPM,4,canonical,1,0,0,100,2000,99,1343,0.0495,0.6715,5.40628719329834,12.236858367919922,0.9161858558654785,0.9466109275817871,5.900863170623779,12.927020072937012,ok,ok
placebo_std,123,block_01,RPM,4,canonical,1,0,0,100,2000,37,1997,0.0185,0.9985,1.3483705520629883,38.7459831237793,1.123764991760254,0.9923262596130371,1.19986891746521,39.04560852050781,ok,ok
placebo_std,2026,block_01,RPM,4,canonical,1,0,0,100,2000,403,1685,0.2015,0.8425,9.344749450683594,17.426481246948242,0.9965219497680664,0.9491934776306152,9.377364158630371,18.359251022338867,ok,ok
placebo_std,3407,block_01,RPM,4,canonical,1,0,0,100,2000,447,1743,0.2235,0.8715,9.181578636169434,16.177637100219727,1.0763425827026367,0.9938716888427734,8.530349731445312,16.277389526367188,ok,ok
real_ms,7,block_01,RPM,4,canonical,1,0,1,101,2000,59,2000,0.0295,1.0,5.866835594177246,24.157207489013672,1.3121037483215332,1.078542709350586,4.471319198608398,22.398008346557617,ok,ok
real_ms,42,block_01,RPM,4,canonical,1,0,1,101,2000,93,1892,0.0465,0.946,9.184208869934082,20.309202194213867,1.5370111465454102,1.3246212005615234,5.975368976593018,15.332082748413086,ok,ok
real_ms,123,block_01,RPM,4,canonical,1,0,1,101,2000,25,2000,0.0125,1.0,4.3814191818237305,23.444398880004883,0.8871946334838867,0.7362182140350342,4.938508987426758,31.844362258911133,ok,ok
real_ms,2026,block_01,RPM,4,canonical,1,0,1,101,2000,9,1876,0.0045,0.938,4.945611476898193,11.75935173034668,1.271684169769287,0.785686731338501,3.8890247344970703,14.966972351074219,ok,ok
real_ms,3407,block_01,RPM,4,canonical,1,0,1,101,2000,23,2000,0.0115,1.0,3.8741068840026855,22.707843780517578,0.8923029899597168,0.9396266937255859,4.341694355010986,24.166879653930664,ok,ok
rule_ms,7,block_01,RPM,4,canonical,1,0,1,101,2000,0,2000,0.0,1.0,-3.753326654434204,40.83041763305664,0.7962632179260254,0.880279541015625,-4.7136759757995605,46.38346862792969,ok,ok
rule_ms,42,block_01,RPM,4,canonical,1,0,1,101,2000,3,1988,0.0015,0.994,5.031712055206299,20.037168502807617,0.8306293487548828,0.8322715759277344,6.05771017074585,24.07527732849121,ok,ok
rule_ms,123,block_01,RPM,4,canonical,1,0,1,101,2000,53,2000,0.0265,1.0,4.302765369415283,29.848310470581055,0.8253235816955566,0.7030844688415527,5.213427543640137,42.4533805847168,ok,ok
rule_ms,2026,block_01,RPM,4,canonical,1,0,1,101,2000,1,2000,0.0005,1.0,3.5770299434661865,33.87478256225586,0.9418606758117676,0.9166765213012695,3.7978334426879883,36.953914642333984,ok,ok
rule_ms,3407,block_01,RPM,4,canonical,1,0,1,101,2000,37,2000,0.0185,1.0,6.59868049621582,27.554136276245117,0.830599308013916,0.8446950912475586,7.9444804191589355,32.620216369628906,ok,ok
placebo_ms,7,block_01,RPM,4,canonical,1,0,1,101,2000,1,2000,0.0005,1.0,3.658522844314575,27.823535919189453,0.8460574150085449,0.9015884399414062,4.324201583862305,30.860572814941406,ok,ok
placebo_ms,42,block_01,RPM,4,canonical,1,0,1,101,2000,8,1999,0.004,0.9995,2.848834753036499,21.939228057861328,0.9879622459411621,0.9426050186157227,2.8835463523864746,23.275100708007812,ok,ok
placebo_ms,123,block_01,RPM,4,canonical,1,0,1,101,2000,0,2000,0.0,1.0,-2.7626938819885254,44.33747482299805,0.8863840103149414,0.783416748046875,-3.1168136596679688,56.595008850097656,ok,ok
placebo_ms,2026,block_01,RPM,4,canonical,1,0,1,101,2000,1,2000,0.0005,1.0,2.0276079177856445,33.381343841552734,0.8695893287658691,0.6715867519378662,2.3316845893859863,49.7051887512207,ok,ok
placebo_ms,3407,block_01,RPM,4,canonical,1,0,1,101,2000,0,2000,0.0,1.0,1.05173659324646,36.06337356567383,0.9436793327331543,0.8411645889282227,1.1145062446594238,42.87314987182617,ok,ok
real_std,7,block_01,RPM,4,canonical,1,0,1,101,2000,98,1996,0.049,0.998,8.661662101745605,28.94054412841797,1.6713500022888184,1.2412467002868652,5.18243408203125,23.315706253051758,ok,ok
real_std,42,block_01,RPM,4,canonical,1,0,1,101,2000,90,1988,0.045,0.994,5.338200092315674,20.237070083618164,1.5301647186279297,1.080963373184204,3.4886441230773926,18.72132682800293,ok,ok
real_std,123,block_01,RPM,4,canonical,1,0,1,101,2000,68,1991,0.034,0.9955,6.077746868133545,21.78851318359375,0.9335503578186035,0.8515138626098633,6.510357856750488,25.58797264099121,ok,ok
real_std,2026,block_01,RPM,4,canonical,1,0,1,101,2000,0,547,0.0,0.2735,-0.12996411323547363,6.964287281036377,1.7724595069885254,1.2508182525634766,-0.07332415878772736,5.567785263061523,ok,ok
real_std,3407,block_01,RPM,4,canonical,1,0,1,101,2000,39,2000,0.0195,1.0,5.5457940101623535,26.831235885620117,1.170154094696045,1.0478458404541016,4.739370822906494,25.606090545654297,ok,ok
rule_std,7,block_01,RPM,4,canonical,1,0,1,101,2000,0,2000,0.0,1.0,1.852715015411377,41.54883575439453,0.9363298416137695,1.0359020233154297,1.9786990880966187,40.10885238647461,ok,ok
rule_std,42,block_01,RPM,4,canonical,1,0,1,101,2000,5,1998,0.0025,0.999,2.1456849575042725,26.429807662963867,1.0167431831359863,0.9765458106994629,2.110351085662842,27.064586639404297,ok,ok
rule_std,123,block_01,RPM,4,canonical,1,0,1,101,2000,3,2000,0.0015,1.0,2.3247780799865723,40.5399284362793,1.0347681045532227,0.9976696968078613,2.2466659545898438,40.634620666503906,ok,ok
rule_std,2026,block_01,RPM,4,canonical,1,0,1,101,2000,33,2000,0.0165,1.0,6.799588203430176,22.454570770263672,0.7564268112182617,0.7351598739624023,8.989090919494629,30.543792724609375,ok,ok
rule_std,3407,block_01,RPM,4,canonical,1,0,1,101,2000,9,2000,0.0045,1.0,5.80974006652832,34.29179000854492,0.9960947036743164,1.1839475631713867,5.832517623901367,28.96394157409668,ok,ok
placebo_std,7,block_01,RPM,4,canonical,1,0,1,101,2000,0,2000,0.0,1.0,1.8251382112503052,31.49970054626465,0.9542317390441895,0.9658546447753906,1.9126782417297363,32.61329650878906,ok,ok
placebo_std,42,block_01,RPM,4,canonical,1,0,1,101,2000,2,2000,0.001,1.0,1.5626081228256226,26.41360855102539,0.9161858558654785,0.9466109275817871,1.7055580615997314,27.903343200683594,ok,ok
placebo_std,123,block_01,RPM,4,canonical,1,0,1,101,2000,0,2000,0.0,1.0,-9.43956470489502,65.1792984008789,1.123764991760254,0.9923262596130371,-8.399945259094238,65.6833267211914,ok,ok
placebo_std,2026,block_01,RPM,4,canonical,1,0,1,101,2000,23,2000,0.0115,1.0,4.815661907196045,34.144386291503906,0.9965219497680664,0.9491934776306152,4.832469940185547,35.97200012207031,ok,ok
placebo_std,3407,block_01,RPM,4,canonical,1,0,1,101,2000,27,2000,0.0135,1.0,5.33353328704834,30.2038516998291,1.0763425827026367,0.9938716888427734,4.955236911773682,30.39008903503418,ok,ok
real_ms,7,block_01,RPM,4,canonical,1,1,0,110,2000,165,1330,0.0825,0.665,9.140193939208984,9.868824005126953,1.3121037483215332,1.078542709350586,6.966060638427734,9.150146484375,ok,ok
real_ms,42,block_01,RPM,4,canonical,1,1,0,110,2000,38,152,0.019,0.076,6.462905406951904,4.707962989807129,1.5370111465454102,1.3246212005615234,4.20485258102417,3.5541954040527344,ok,ok
real_ms,123,block_01,RPM,4,canonical,1,1,0,110,2000,46,1733,0.023,0.8665,4.396597862243652,12.57492733001709,0.8871946334838867,0.7362182140350342,4.955617904663086,17.080434799194336,ok,ok
real_ms,2026,block_01,RPM,4,canonical,1,1,0,110,2000,0,73,0.0,0.0365,2.360276937484741,2.917788028717041,1.271684169769287,0.785686731338501,1.856024146080017,3.7136788368225098,ok,ok
real_ms,3407,block_01,RPM,4,canonical,1,1,0,110,2000,55,879,0.0275,0.4395,4.7141947746276855,5.810489654541016,0.8923029899597168,0.9396266937255859,5.283177375793457,6.183828353881836,ok,ok
rule_ms,7,block_01,RPM,4,canonical,1,1,0,110,2000,84,1966,0.042,0.983,5.270324230194092,24.609176635742188,0.7962632179260254,0.880279541015625,6.618821620941162,27.956092834472656,ok,ok
rule_ms,42,block_01,RPM,4,canonical,1,1,0,110,2000,189,1030,0.0945,0.515,8.477339744567871,11.175134658813477,0.8306293487548828,0.8322715759277344,10.205924034118652,13.427268981933594,ok,ok
rule_ms,123,block_01,RPM,4,canonical,1,1,0,110,2000,377,1894,0.1885,0.947,6.7743401527404785,19.397769927978516,0.8253235816955566,0.7030844688415527,8.208101272583008,27.58953094482422,ok,ok
rule_ms,2026,block_01,RPM,4,canonical,1,1,0,110,2000,159,1224,0.0795,0.612,8.4339017868042,12.8146390914917,0.9418606758117676,0.9166765213012695,8.954510688781738,13.97945499420166,ok,ok
rule_ms,3407,block_01,RPM,4,canonical,1,1,0,110,2000,523,1439,0.2615,0.7195,9.727371215820312,14.513293266296387,0.830599308013916,0.8446950912475586,11.711267471313477,17.18169593811035,ok,ok
placebo_ms,7,block_01,RPM,4,canonical,1,1,0,110,2000,412,1848,0.206,0.924,9.234396934509277,18.580148696899414,0.8460574150085449,0.9015884399414062,10.914621353149414,20.608238220214844,ok,ok
placebo_ms,42,block_01,RPM,4,canonical,1,1,0,110,2000,154,1361,0.077,0.6805,5.884326934814453,11.810697555541992,0.9879622459411621,0.9426050186157227,5.956023693084717,12.529848098754883,ok,ok
placebo_ms,123,block_01,RPM,4,canonical,1,1,0,110,2000,10,1926,0.005,0.963,2.039410352706909,23.834741592407227,0.8863840103149414,0.783416748046875,2.3008203506469727,30.424089431762695,ok,ok
placebo_ms,2026,block_01,RPM,4,canonical,1,1,0,110,2000,246,1851,0.123,0.9255,7.060173511505127,18.401460647583008,0.8695893287658691,0.6715867519378662,8.118974685668945,27.39997673034668,ok,ok
placebo_ms,3407,block_01,RPM,4,canonical,1,1,0,110,2000,150,1727,0.075,0.8635,6.93131685256958,19.332149505615234,0.9436793327331543,0.8411645889282227,7.344991207122803,22.982601165771484,ok,ok
real_std,7,block_01,RPM,4,canonical,1,1,0,110,2000,53,576,0.0265,0.288,8.700555801391602,7.734174728393555,1.6713500022888184,1.2412467002868652,5.205705642700195,6.230972766876221,ok,ok
real_std,42,block_01,RPM,4,canonical,1,1,0,110,2000,21,364,0.0105,0.182,4.264026641845703,3.9899702072143555,1.5301647186279297,1.080963373184204,2.7866454124450684,3.691124439239502,ok,ok
real_std,123,block_01,RPM,4,canonical,1,1,0,110,2000,125,1654,0.0625,0.827,6.43289041519165,12.577428817749023,0.9335503578186035,0.8515138626098633,6.890780448913574,14.770668029785156,ok,ok
real_std,2026,block_01,RPM,4,canonical,1,1,0,110,2000,0,54,0.0,0.027,-1.2124484777450562,2.5795962810516357,1.7724595069885254,1.2508182525634766,-0.684048593044281,2.0623269081115723,ok,ok
real_std,3407,block_01,RPM,4,canonical,1,1,0,110,2000,134,949,0.067,0.4745,7.789674282073975,8.813886642456055,1.170154094696045,1.0478458404541016,6.6569647789001465,8.411434173583984,ok,ok
rule_std,7,block_01,RPM,4,canonical,1,1,0,110,2000,280,1489,0.14,0.7445,8.894516944885254,16.503501892089844,0.9363298416137695,1.0359020233154297,9.49934196472168,15.931527137756348,ok,ok
rule_std,42,block_01,RPM,4,canonical,1,1,0,110,2000,124,1240,0.062,0.62,5.493922710418701,11.535929679870605,1.0167431831359863,0.9765458106994629,5.403451919555664,11.812994003295898,ok,ok
rule_std,123,block_01,RPM,4,canonical,1,1,0,110,2000,124,1891,0.062,0.9455,5.871540546417236,24.597675323486328,1.0347681045532227,0.9976696968078613,5.674257278442383,24.655128479003906,ok,ok
rule_std,2026,block_01,RPM,4,canonical,1,1,0,110,2000,327,1252,0.1635,0.626,8.943321228027344,12.159249305725098,0.7564268112182617,0.7351598739624023,11.823115348815918,16.53959846496582,ok,ok
rule_std,3407,block_01,RPM,4,canonical,1,1,0,110,2000,379,1544,0.1895,0.772,10.452628135681152,18.036710739135742,0.9960947036743164,1.1839475631713867,10.493609428405762,15.234382629394531,ok,ok
placebo_std,7,block_01,RPM,4,canonical,1,1,0,110,2000,446,1899,0.223,0.9495,9.665182113647461,22.099895477294922,0.9542317390441895,0.9658546447753906,10.12875747680664,22.881181716918945,ok,ok
placebo_std,42,block_01,RPM,4,canonical,1,1,0,110,2000,219,1138,0.1095,0.569,6.527927875518799,11.031710624694824,0.9161858558654785,0.9466109275817871,7.125113487243652,11.653901100158691,ok,ok
placebo_std,123,block_01,RPM,4,canonical,1,1,0,110,2000,25,1992,0.0125,0.996,1.1738638877868652,35.719703674316406,1.123764991760254,0.9923262596130371,1.0445811748504639,35.99592971801758,ok,ok
placebo_std,2026,block_01,RPM,4,canonical,1,1,0,110,2000,442,1574,0.221,0.787,9.62841510772705,17.25975799560547,0.9965219497680664,0.9491934776306152,9.662019729614258,18.183603286743164,ok,ok
placebo_std,3407,block_01,RPM,4,canonical,1,1,0,110,2000,817,1692,0.4085,0.846,10.919992446899414,16.88271141052246,1.0763425827026367,0.9938716888427734,10.145461082458496,16.9868106842041,ok,ok
real_ms,7,block_01,RPM,4,canonical,1,1,1,111,2000,293,1976,0.1465,0.988,9.92142391204834,16.807092666625977,1.3121037483215332,1.078542709350586,7.561462879180908,15.583150863647461,ok,ok
real_ms,42,block_01,RPM,4,canonical,1,1,1,111,2000,259,1433,0.1295,0.7165,11.672462463378906,13.851048469543457,1.5370111465454102,1.3246212005615234,7.594260215759277,10.456611633300781,ok,ok
real_ms,123,block_01,RPM,4,canonical,1,1,1,111,2000,32,2000,0.016,1.0,4.1733784675598145,26.29624366760254,0.8871946334838867,0.7362182140350342,4.704016208648682,35.71800231933594,ok,ok
real_ms,2026,block_01,RPM,4,canonical,1,1,1,111,2000,28,1648,0.014,0.824,5.823785305023193,10.452147483825684,1.271684169769287,0.785686731338501,4.579584121704102,13.30319881439209,ok,ok
real_ms,3407,block_01,RPM,4,canonical,1,1,1,111,2000,32,2000,0.016,1.0,4.073040008544922,21.175825119018555,0.8923029899597168,0.9396266937255859,4.564637660980225,22.53642463684082,ok,ok
rule_ms,7,block_01,RPM,4,canonical,1,1,1,111,2000,0,2000,0.0,1.0,-1.3185218572616577,41.49806594848633,0.7962632179260254,0.880279541015625,-1.6558868885040283,47.14191818237305,ok,ok
rule_ms,42,block_01,RPM,4,canonical,1,1,1,111,2000,16,1994,0.008,0.997,5.820986270904541,24.2158145904541,0.8306293487548828,0.8322715759277344,7.007923126220703,29.096046447753906,ok,ok
rule_ms,123,block_01,RPM,4,canonical,1,1,1,111,2000,9,2000,0.0045,1.0,1.377821683883667,40.52323532104492,0.8253235816955566,0.7030844688415527,1.6694320440292358,57.6363639831543,ok,ok
rule_ms,2026,block_01,RPM,4,canonical,1,1,1,111,2000,19,1998,0.0095,0.999,5.635207176208496,29.87942123413086,0.9418606758117676,0.9166765213012695,5.983057975769043,32.59537887573242,ok,ok
rule_ms,3407,block_01,RPM,4,canonical,1,1,1,111,2000,22,2000,0.011,1.0,5.772862434387207,29.48851776123047,0.830599308013916,0.8446950912475586,6.950237274169922,34.91025161743164,ok,ok
placebo_ms,7,block_01,RPM,4,canonical,1,1,1,111,2000,57,2000,0.0285,1.0,6.386941909790039,28.23098373413086,0.8460574150085449,0.9015884399414062,7.549064636230469,31.312496185302734,ok,ok
placebo_ms,42,block_01,RPM,4,canonical,1,1,1,111,2000,2,1999,0.001,0.9995,0.7849110960960388,27.205289840698242,0.9879622459411621,0.9426050186157227,0.7944748401641846,28.861812591552734,ok,ok
placebo_ms,123,block_01,RPM,4,canonical,1,1,1,111,2000,0,2000,0.0,1.0,-6.925415992736816,57.211124420166016,0.8863840103149414,0.783416748046875,-7.8131103515625,73.02770233154297,ok,ok
placebo_ms,2026,block_01,RPM,4,canonical,1,1,1,111,2000,29,2000,0.0145,1.0,4.820781230926514,30.183462142944336,0.8695893287658691,0.6715867519378662,5.543745040893555,44.943504333496094,ok,ok
placebo_ms,3407,block_01,RPM,4,canonical,1,1,1,111,2000,0,2000,0.0,1.0,0.12347260862588882,40.74518585205078,0.9436793327331543,0.8411645889282227,0.1308416724205017,48.43901824951172,ok,ok
real_std,7,block_01,RPM,4,canonical,1,1,1,111,2000,202,1882,0.101,0.941,11.512957572937012,20.991920471191406,1.6713500022888184,1.2412467002868652,6.888418197631836,16.911964416503906,ok,ok
real_std,42,block_01,RPM,4,canonical,1,1,1,111,2000,82,1977,0.041,0.9885,4.991265773773193,17.68971824645996,1.5301647186279297,1.080963373184204,3.261914014816284,16.364770889282227,ok,ok
real_std,123,block_01,RPM,4,canonical,1,1,1,111,2000,105,2000,0.0525,1.0,6.446592807769775,25.597457885742188,0.9335503578186035,0.8515138626098633,6.905457973480225,30.06111717224121,ok,ok
real_std,2026,block_01,RPM,4,canonical,1,1,1,111,2000,2,338,0.001,0.169,1.8139327764511108,5.564598560333252,1.7724595069885254,1.2508182525634766,1.023398756980896,4.448766708374023,ok,ok
real_std,3407,block_01,RPM,4,canonical,1,1,1,111,2000,62,1999,0.031,0.9995,6.4482951164245605,25.94952392578125,1.170154094696045,1.0478458404541016,5.5106377601623535,24.764638900756836,ok,ok
rule_std,7,block_01,RPM,4,canonical,1,1,1,111,2000,77,1999,0.0385,0.9995,6.764352321624756,32.853172302246094,0.9363298416137695,1.0359020233154297,7.224326133728027,31.714555740356445,ok,ok
rule_std,42,block_01,RPM,4,canonical,1,1,1,111,2000,1,2000,0.0005,1.0,0.8035708069801331,29.830280303955078,1.0167431831359863,0.9765458106994629,0.7903380990028381,30.546730041503906,ok,ok
rule_std,123,block_01,RPM,4,canonical,1,1,1,111,2000,0,2000,0.0,1.0,-2.063430070877075,55.21023178100586,1.0347681045532227,0.9976696968078613,-1.9940991401672363,55.33918762207031,ok,ok
rule_std,2026,block_01,RPM,4,canonical,1,1,1,111,2000,67,1997,0.0335,0.9985,7.09017276763916,22.905715942382812,0.7564268112182617,0.7351598739624023,9.373244285583496,31.15746307373047,ok,ok
rule_std,3407,block_01,RPM,4,canonical,1,1,1,111,2000,18,2000,0.009,1.0,6.494717597961426,36.3427848815918,0.9960947036743164,1.1839475631713867,6.520180702209473,30.69628143310547,ok,ok
placebo_std,7,block_01,RPM,4,canonical,1,1,1,111,2000,7,2000,0.0035,1.0,3.645514488220215,39.07312774658203,0.9542317390441895,0.9658546447753906,3.8203656673431396,40.45446014404297,ok,ok
placebo_std,42,block_01,RPM,4,canonical,1,1,1,111,2000,31,1998,0.0155,0.999,3.0758471488952637,28.575475692749023,0.9161858558654785,0.9466109275817871,3.3572304248809814,30.18714141845703,ok,ok
placebo_std,123,block_01,RPM,4,canonical,1,1,1,111,2000,0,2000,0.0,1.0,-11.202765464782715,73.27582550048828,1.123764991760254,0.9923262596130371,-9.968957901000977,73.84247589111328,ok,ok
placebo_std,2026,block_01,RPM,4,canonical,1,1,1,111,2000,116,1993,0.058,0.9965,7.428690433502197,31.18362808227539,0.9965219497680664,0.9491934776306152,7.454617977142334,32.85276412963867,ok,ok
placebo_std,3407,block_01,RPM,4,canonical,1,1,1,111,2000,146,2000,0.073,1.0,7.2935099601745605,34.356895446777344,1.0763425827026367,0.9938716888427734,6.77619743347168,34.56874084472656,ok,ok
real_ms,7,block_01,RPM,4,shifted,0,0,0,000,2000,4,242,0.002,0.121,2.083240270614624,4.132235527038574,1.3121037483215332,1.078542709350586,1.587709665298462,3.831313133239746,ok,ok
real_ms,42,block_01,RPM,4,shifted,0,0,0,000,2000,0,0,0.0,0.0,-3.3530497550964355,-0.6243627667427063,1.5370111465454102,1.3246212005615234,-2.1815390586853027,-0.4713519215583801,ok,ok
real_ms,123,block_01,RPM,4,shifted,0,0,0,000,2000,0,5,0.0,0.0025,-1.3334206342697144,0.5109807252883911,0.8871946334838867,0.7362182140350342,-1.5029629468917847,0.6940615177154541,ok,ok
real_ms,2026,block_01,RPM,4,shifted,0,0,0,000,2000,0,0,0.0,0.0,-1.7994836568832397,0.8667678236961365,1.271684169769287,0.785686731338501,-1.4150396585464478,1.1031978130340576,ok,ok
real_ms,3407,block_01,RPM,4,shifted,0,0,0,000,2000,0,0,0.0,0.0,-3.0321390628814697,-0.991797685623169,0.8923029899597168,0.9396266937255859,-3.3981049060821533,-1.055523157119751,ok,ok
rule_ms,7,block_01,RPM,4,shifted,0,0,0,000,2000,2000,2000,1.0,1.0,35.63901901245117,63.36423110961914,0.7962632179260254,0.880279541015625,44.75783920288086,71.98194122314453,ok,ok
rule_ms,42,block_01,RPM,4,shifted,0,0,0,000,2000,2000,2000,1.0,1.0,33.65635299682617,68.88104248046875,0.8306293487548828,0.8322715759277344,40.519100189208984,82.7626953125,ok,ok
rule_ms,123,block_01,RPM,4,shifted,0,0,0,000,2000,2000,2000,1.0,1.0,33.116336822509766,56.9116325378418,0.8253235816955566,0.7030844688415527,40.12527847290039,80.9456558227539,ok,ok
rule_ms,2026,block_01,RPM,4,shifted,0,0,0,000,2000,2000,2000,1.0,1.0,33.49485778808594,65.18270111083984,0.9418606758117676,0.9166765213012695,35.562435150146484,71.10762786865234,ok,ok
rule_ms,3407,block_01,RPM,4,shifted,0,0,0,000,2000,2000,2000,1.0,1.0,41.891014099121094,70.45523071289062,0.830599308013916,0.8446950912475586,50.43468475341797,83.4090805053711,ok,ok
placebo_ms,7,block_01,RPM,4,shifted,0,0,0,000,2000,2000,2000,1.0,1.0,33.507022857666016,63.43642044067383,0.8460574150085449,0.9015884399414062,39.603721618652344,70.36073303222656,ok,ok
placebo_ms,42,block_01,RPM,4,shifted,0,0,0,000,2000,2000,2000,1.0,1.0,30.375621795654297,58.145790100097656,0.9879622459411621,0.9426050186157227,30.7457332611084,61.68627166748047,ok,ok
placebo_ms,123,block_01,RPM,4,shifted,0,0,0,000,2000,2000,2000,1.0,1.0,33.010093688964844,57.20292282104492,0.8863840103149414,0.783416748046875,37.24130630493164,73.01722717285156,ok,ok
placebo_ms,2026,block_01,RPM,4,shifted,0,0,0,000,2000,2000,2000,1.0,1.0,32.527618408203125,57.04283142089844,0.8695893287658691,0.6715867519378662,37.405723571777344,84.9374008178711,ok,ok
placebo_ms,3407,block_01,RPM,4,shifted,0,0,0,000,2000,2000,2000,1.0,1.0,39.410343170166016,78.2806396484375,0.9436793327331543,0.8411645889282227,41.762428283691406,93.06221771240234,ok,ok
real_std,7,block_01,RPM,4,shifted,0,0,0,000,2000,0,16,0.0,0.008,-2.3025381565093994,1.8916369676589966,1.6713500022888184,1.2412467002868652,-1.377651572227478,1.5239814519882202,ok,ok
real_std,42,block_01,RPM,4,shifted,0,0,0,000,2000,0,6,0.0,0.003,-3.8007168769836426,-0.27687233686447144,1.5301647186279297,1.080963373184204,-2.483860969543457,-0.25613483786582947,ok,ok
real_std,123,block_01,RPM,4,shifted,0,0,0,000,2000,0,0,0.0,0.0,-1.334812045097351,0.024319138377904892,0.9335503578186035,0.8515138626098633,-1.4298232793807983,0.028559882193803787,ok,ok
real_std,2026,block_01,RPM,4,shifted,0,0,0,000,2000,0,0,0.0,0.0,-4.216577053070068,0.801121711730957,1.7724595069885254,1.2508182525634766,-2.378941297531128,0.6404781341552734,ok,ok
real_std,3407,block_01,RPM,4,shifted,0,0,0,000,2000,0,0,0.0,0.0,-2.757478952407837,-0.8996604681015015,1.170154094696045,1.0478458404541016,-2.356509208679199,-0.8585809469223022,ok,ok
rule_std,7,block_01,RPM,4,shifted,0,0,0,000,2000,2000,2000,1.0,1.0,38.407081604003906,78.18893432617188,0.9363298416137695,1.0359020233154297,41.01874923706055,75.47908020019531,ok,ok
rule_std,42,block_01,RPM,4,shifted,0,0,0,000,2000,2000,2000,1.0,1.0,34.330570220947266,66.50062561035156,1.0167431831359863,0.9765458106994629,33.765235900878906,68.0978012084961,ok,ok
rule_std,123,block_01,RPM,4,shifted,0,0,0,000,2000,2000,2000,1.0,1.0,38.692928314208984,73.5618896484375,1.0347681045532227,0.9976696968078613,37.392852783203125,73.73371887207031,ok,ok
rule_std,2026,block_01,RPM,4,shifted,0,0,0,000,2000,2000,2000,1.0,1.0,36.9552116394043,61.09844970703125,0.7564268112182617,0.7351598739624023,48.85497283935547,83.10906219482422,ok,ok
rule_std,3407,block_01,RPM,4,shifted,0,0,0,000,2000,2000,2000,1.0,1.0,37.93364715576172,72.63340759277344,0.9960947036743164,1.1839475631713867,38.082374572753906,61.34850311279297,ok,ok
placebo_std,7,block_01,RPM,4,shifted,0,0,0,000,2000,2000,2000,1.0,1.0,36.20764923095703,66.02576446533203,0.9542317390441895,0.9658546447753906,37.944297790527344,68.35993957519531,ok,ok
placebo_std,42,block_01,RPM,4,shifted,0,0,0,000,2000,2000,2000,1.0,1.0,37.66127395629883,74.12239074707031,0.9161858558654785,0.9466109275817871,41.10658645629883,78.30292510986328,ok,ok
placebo_std,123,block_01,RPM,4,shifted,0,0,0,000,2000,2000,2000,1.0,1.0,35.86060333251953,76.6857681274414,1.123764991760254,0.9923262596130371,31.911121368408203,77.27877807617188,ok,ok
placebo_std,2026,block_01,RPM,4,shifted,0,0,0,000,2000,2000,2000,1.0,1.0,37.00710678100586,72.67617797851562,0.9965219497680664,0.9491934776306152,37.13626480102539,76.56625366210938,ok,ok
placebo_std,3407,block_01,RPM,4,shifted,0,0,0,000,2000,2000,2000,1.0,1.0,38.82298278808594,75.16060638427734,1.0763425827026367,0.9938716888427734,36.069358825683594,75.6240463256836,ok,ok
real_ms,7,block_01,RPM,4,shifted,0,0,1,001,2000,15,1316,0.0075,0.658,4.975986957550049,9.282513618469238,1.3121037483215332,1.078542709350586,3.792372941970825,8.606534004211426,ok,ok
real_ms,42,block_01,RPM,4,shifted,0,0,1,001,2000,0,3,0.0,0.0015,-1.7759419679641724,2.0514867305755615,1.5370111465454102,1.3246212005615234,-1.1554516553878784,1.5487346649169922,ok,ok
real_ms,123,block_01,RPM,4,shifted,0,0,1,001,2000,0,12,0.0,0.006,-0.3386986255645752,1.2029705047607422,0.8871946334838867,0.7362182140350342,-0.38176363706588745,1.6339861154556274,ok,ok
real_ms,2026,block_01,RPM,4,shifted,0,0,1,001,2000,0,205,0.0,0.1025,-0.5910273194313049,4.517981052398682,1.271684169769287,0.785686731338501,-0.4647595286369324,5.750359058380127,ok,ok
real_ms,3407,block_01,RPM,4,shifted,0,0,1,001,2000,0,20,0.0,0.01,-2.4799540042877197,-0.3456326723098755,0.8923029899597168,0.9396266937255859,-2.779273509979248,-0.36784037947654724,ok,ok
rule_ms,7,block_01,RPM,4,shifted,0,0,1,001,2000,2000,2000,1.0,1.0,27.54172706604004,42.287227630615234,0.7962632179260254,0.880279541015625,34.588722229003906,48.03841018676758,ok,ok
rule_ms,42,block_01,RPM,4,shifted,0,0,1,001,2000,2000,2000,1.0,1.0,28.535327911376953,52.6867561340332,0.8306293487548828,0.8322715759277344,34.35386657714844,63.30476379394531,ok,ok
rule_ms,123,block_01,RPM,4,shifted,0,0,1,001,2000,2000,2000,1.0,1.0,27.44123077392578,42.92435836791992,0.8253235816955566,0.7030844688415527,33.249053955078125,61.051490783691406,ok,ok
rule_ms,2026,block_01,RPM,4,shifted,0,0,1,001,2000,2000,2000,1.0,1.0,27.16017723083496,46.34429168701172,0.9418606758117676,0.9166765213012695,28.836727142333984,50.55686569213867,ok,ok
rule_ms,3407,block_01,RPM,4,shifted,0,0,1,001,2000,2000,2000,1.0,1.0,32.643123626708984,60.424827575683594,0.830599308013916,0.8446950912475586,39.30068588256836,71.53448486328125,ok,ok
placebo_ms,7,block_01,RPM,4,shifted,0,0,1,001,2000,2000,2000,1.0,1.0,26.181690216064453,46.068702697753906,0.8460574150085449,0.9015884399414062,30.945524215698242,51.09726333618164,ok,ok
placebo_ms,42,block_01,RPM,4,shifted,0,0,1,001,2000,2000,2000,1.0,1.0,25.711627960205078,47.62061309814453,0.9879622459411621,0.9426050186157227,26.0249080657959,50.52021789550781,ok,ok
placebo_ms,123,block_01,RPM,4,shifted,0,0,1,001,2000,2000,2000,1.0,1.0,24.390771865844727,42.13261413574219,0.8863840103149414,0.783416748046875,27.517160415649414,53.78058624267578,ok,ok
placebo_ms,2026,block_01,RPM,4,shifted,0,0,1,001,2000,2000,2000,1.0,1.0,23.863933563232422,44.088340759277344,0.8695893287658691,0.6715867519378662,27.44276237487793,65.64801788330078,ok,ok
placebo_ms,3407,block_01,RPM,4,shifted,0,0,1,001,2000,2000,2000,1.0,1.0,29.21772575378418,53.72305679321289,0.9436793327331543,0.8411645889282227,30.961498260498047,63.867469787597656,ok,ok
real_std,7,block_01,RPM,4,shifted,0,0,1,001,2000,0,84,0.0,0.042,-0.559699296951294,3.8647842407226562,1.6713500022888184,1.2412467002868652,-0.3348785638809204,3.113630771636963,ok,ok
real_std,42,block_01,RPM,4,shifted,0,0,1,001,2000,0,166,0.0,0.083,-2.467021942138672,2.5665769577026367,1.5301647186279297,1.080963373184204,-1.612259030342102,2.374342203140259,ok,ok
real_std,123,block_01,RPM,4,shifted,0,0,1,001,2000,0,2,0.0,0.001,-0.1978497952222824,1.1235382556915283,0.9335503578186035,0.8515138626098633,-0.21193264424800873,1.3194596767425537,ok,ok
real_std,2026,block_01,RPM,4,shifted,0,0,1,001,2000,0,33,0.0,0.0165,-5.551230430603027,2.1744487285614014,1.7724595069885254,1.2508182525634766,-3.131936550140381,1.738420844078064,ok,ok
real_std,3407,block_01,RPM,4,shifted,0,0,1,001,2000,0,14,0.0,0.007,-2.8007450103759766,-0.06809690594673157,1.170154094696045,1.0478458404541016,-2.393483877182007,-0.06498752534389496,ok,ok
rule_std,7,block_01,RPM,4,shifted,0,0,1,001,2000,2000,2000,1.0,1.0,31.55853843688965,54.462608337402344,0.9363298416137695,1.0359020233154297,33.70451354980469,52.57505798339844,ok,ok
rule_std,42,block_01,RPM,4,shifted,0,0,1,001,2000,2000,2000,1.0,1.0,26.704347610473633,46.10969924926758,1.0167431831359863,0.9765458106994629,26.26459312438965,47.21713638305664,ok,ok
rule_std,123,block_01,RPM,4,shifted,0,0,1,001,2000,2000,2000,1.0,1.0,27.25863265991211,51.73654556274414,1.0347681045532227,0.9976696968078613,26.342748641967773,51.857391357421875,ok,ok
rule_std,2026,block_01,RPM,4,shifted,0,0,1,001,2000,2000,2000,1.0,1.0,28.321422576904297,51.35865020751953,0.7564268112182617,0.7351598739624023,37.44105529785156,69.86051940917969,ok,ok
rule_std,3407,block_01,RPM,4,shifted,0,0,1,001,2000,2000,2000,1.0,1.0,30.690969467163086,52.3363037109375,0.9960947036743164,1.1839475631713867,30.811294555664062,44.20491409301758,ok,ok
placebo_std,7,block_01,RPM,4,shifted,0,0,1,001,2000,2000,2000,1.0,1.0,26.21190643310547,46.187828063964844,0.9542317390441895,0.9658546447753906,27.469118118286133,47.82068634033203,ok,ok
placebo_std,42,block_01,RPM,4,shifted,0,0,1,001,2000,2000,2000,1.0,1.0,30.928306579589844,53.95916748046875,0.9161858558654785,0.9466109275817871,33.7576789855957,57.00247573852539,ok,ok
placebo_std,123,block_01,RPM,4,shifted,0,0,1,001,2000,2000,2000,1.0,1.0,28.206315994262695,70.77165985107422,1.123764991760254,0.9923262596130371,25.099836349487305,71.31893920898438,ok,ok
placebo_std,2026,block_01,RPM,4,shifted,0,0,1,001,2000,2000,2000,1.0,1.0,30.1104679107666,59.141387939453125,0.9965219497680664,0.9491934776306152,30.215560913085938,62.30698776245117,ok,ok
placebo_std,3407,block_01,RPM,4,shifted,0,0,1,001,2000,2000,2000,1.0,1.0,32.725502014160156,57.268524169921875,1.0763425827026367,0.9938716888427734,30.404356002807617,57.621646881103516,ok,ok
real_ms,7,block_01,RPM,4,shifted,0,1,0,010,2000,1,154,0.0005,0.077,3.2936434745788574,3.616692066192627,1.3121037483215332,1.078542709350586,2.5102005004882812,3.35331392288208,ok,ok
real_ms,42,block_01,RPM,4,shifted,0,1,0,010,2000,0,0,0.0,0.0,-2.278106451034546,-0.6371729969978333,1.5370111465454102,1.3246212005615234,-1.4821665287017822,-0.48102283477783203,ok,ok
real_ms,123,block_01,RPM,4,shifted,0,1,0,010,2000,1,3,0.0005,0.0015,-1.0799040794372559,0.18288980424404144,0.8871946334838867,0.7362182140350342,-1.2172120809555054,0.2484179139137268,ok,ok
real_ms,2026,block_01,RPM,4,shifted,0,1,0,010,2000,0,0,0.0,0.0,-1.442942500114441,0.23781514167785645,1.271684169769287,0.785686731338501,-1.134670376777649,0.3026844561100006,ok,ok
real_ms,3407,block_01,RPM,4,shifted,0,1,0,010,2000,0,0,0.0,0.0,-2.227100133895874,-0.6248709559440613,0.8923029899597168,0.9396266937255859,-2.495901346206665,-0.6650204062461853,ok,ok
rule_ms,7,block_01,RPM,4,shifted,0,1,0,010,2000,2000,2000,1.0,1.0,41.462703704833984,78.0938491821289,0.7962632179260254,0.880279541015625,52.07160949707031,88.71482849121094,ok,ok
rule_ms,42,block_01,RPM,4,shifted,0,1,0,010,2000,2000,2000,1.0,1.0,38.91232681274414,90.55030059814453,0.8306293487548828,0.8322715759277344,46.846805572509766,108.7989730834961,ok,ok
rule_ms,123,block_01,RPM,4,shifted,0,1,0,010,2000,2000,2000,1.0,1.0,38.35356140136719,74.48368835449219,0.8253235816955566,0.7030844688415527,46.4709358215332,105.93846130371094,ok,ok
rule_ms,2026,block_01,RPM,4,shifted,0,1,0,010,2000,2000,2000,1.0,1.0,36.60578155517578,78.53239440917969,0.9418606758117676,0.9166765213012695,38.865386962890625,85.67078399658203,ok,ok
rule_ms,3407,block_01,RPM,4,shifted,0,1,0,010,2000,2000,2000,1.0,1.0,48.059688568115234,89.15536499023438,0.830599308013916,0.8446950912475586,57.86145782470703,105.54740905761719,ok,ok
placebo_ms,7,block_01,RPM,4,shifted,0,1,0,010,2000,2000,2000,1.0,1.0,39.06679153442383,77.9923095703125,0.8460574150085449,0.9015884399414062,46.17510986328125,86.50545501708984,ok,ok
placebo_ms,42,block_01,RPM,4,shifted,0,1,0,010,2000,2000,2000,1.0,1.0,36.88776397705078,79.35162353515625,0.9879622459411621,0.9426050186157227,37.337223052978516,84.18331909179688,ok,ok
placebo_ms,123,block_01,RPM,4,shifted,0,1,0,010,2000,2000,2000,1.0,1.0,39.22762680053711,73.14729309082031,0.8863840103149414,0.783416748046875,44.255794525146484,93.36959075927734,ok,ok
placebo_ms,2026,block_01,RPM,4,shifted,0,1,0,010,2000,2000,2000,1.0,1.0,37.63558578491211,72.82178497314453,0.8695893287658691,0.6715867519378662,43.27972412109375,108.43242645263672,ok,ok
placebo_ms,3407,block_01,RPM,4,shifted,0,1,0,010,2000,2000,2000,1.0,1.0,42.64133834838867,94.46585845947266,0.9436793327331543,0.8411645889282227,45.186256408691406,112.30365753173828,ok,ok
real_std,7,block_01,RPM,4,shifted,0,1,0,010,2000,0,41,0.0,0.0205,0.2364778071641922,2.88450288772583,1.6713500022888184,1.2412467002868652,0.14148910343647003,2.3238754272460938,ok,ok
real_std,42,block_01,RPM,4,shifted,0,1,0,010,2000,0,5,0.0,0.0025,-3.231112480163574,-0.45114079117774963,1.5301647186279297,1.080963373184204,-2.1116108894348145,-0.4173506498336792,ok,ok
real_std,123,block_01,RPM,4,shifted,0,1,0,010,2000,1,2,0.0005,0.001,-0.989782452583313,-0.11000043153762817,0.9335503578186035,0.8515138626098633,-1.0602346658706665,-0.12918218970298767,ok,ok
real_std,2026,block_01,RPM,4,shifted,0,1,0,010,2000,0,0,0.0,0.0,-3.416597843170166,0.626768171787262,1.7724595069885254,1.2508182525634766,-1.9276028871536255,0.5010865330696106,ok,ok
real_std,3407,block_01,RPM,4,shifted,0,1,0,010,2000,1,2,0.0005,0.001,-1.1642910242080688,-0.1707867980003357,1.170154094696045,1.0478458404541016,-0.9949896335601807,-0.16298849880695343,ok,ok
rule_std,7,block_01,RPM,4,shifted,0,1,0,010,2000,2000,2000,1.0,1.0,44.203041076660156,94.06465148925781,0.9363298416137695,1.0359020233154297,47.20883560180664,90.80458068847656,ok,ok
rule_std,42,block_01,RPM,4,shifted,0,1,0,010,2000,2000,2000,1.0,1.0,39.43425750732422,82.23509979248047,1.0167431831359863,0.9765458106994629,38.784873962402344,84.2101821899414,ok,ok
rule_std,123,block_01,RPM,4,shifted,0,1,0,010,2000,2000,2000,1.0,1.0,46.15064239501953,94.71833038330078,1.0347681045532227,0.9976696968078613,44.59998321533203,94.93955993652344,ok,ok
rule_std,2026,block_01,RPM,4,shifted,0,1,0,010,2000,2000,2000,1.0,1.0,40.402503967285156,74.83296203613281,0.7564268112182617,0.7351598739624023,53.41231155395508,101.7914047241211,ok,ok
rule_std,3407,block_01,RPM,4,shifted,0,1,0,010,2000,2000,2000,1.0,1.0,44.639888763427734,92.71459197998047,0.9960947036743164,1.1839475631713867,44.814903259277344,78.30970001220703,ok,ok
placebo_std,7,block_01,RPM,4,shifted,0,1,0,010,2000,2000,2000,1.0,1.0,43.83921813964844,85.6226577758789,0.9542317390441895,0.9658546447753906,45.94190216064453,88.64964294433594,ok,ok
placebo_std,42,block_01,RPM,4,shifted,0,1,0,010,2000,2000,2000,1.0,1.0,45.35285949707031,93.14329528808594,0.9161858558654785,0.9466109275817871,49.50181198120117,98.39659118652344,ok,ok
placebo_std,123,block_01,RPM,4,shifted,0,1,0,010,2000,2000,2000,1.0,1.0,43.071250915527344,99.5198745727539,1.123764991760254,0.9923262596130371,38.32762908935547,100.28945922851562,ok,ok
placebo_std,2026,block_01,RPM,4,shifted,0,1,0,010,2000,2000,2000,1.0,1.0,46.15373611450195,96.17572784423828,0.9965219497680664,0.9491934776306152,46.3148193359375,101.32362365722656,ok,ok
placebo_std,3407,block_01,RPM,4,shifted,0,1,0,010,2000,2000,2000,1.0,1.0,44.764957427978516,95.39906311035156,1.0763425827026367,0.9938716888427734,41.589874267578125,95.98731231689453,ok,ok
real_ms,7,block_01,RPM,4,shifted,0,1,1,011,2000,1,699,0.0005,0.3495,4.862575054168701,6.690086841583252,1.3121037483215332,1.078542709350586,3.7059381008148193,6.202894687652588,ok,ok
real_ms,42,block_01,RPM,4,shifted,0,1,1,011,2000,0,4,0.0,0.002,-2.6329424381256104,1.2185806035995483,1.5370111465454102,1.3246212005615234,-1.7130275964736938,0.9199464321136475,ok,ok
real_ms,123,block_01,RPM,4,shifted,0,1,1,011,2000,2,32,0.001,0.016,0.06916863471269608,1.6223876476287842,0.8871946334838867,0.7362182140350342,0.07796331495046616,2.2036778926849365,ok,ok
real_ms,2026,block_01,RPM,4,shifted,0,1,1,011,2000,0,13,0.0,0.0065,-4.088954448699951,1.324536919593811,1.271684169769287,0.785686731338501,-3.2153851985931396,1.6858333349227905,ok,ok
real_ms,3407,block_01,RPM,4,shifted,0,1,1,011,2000,0,48,0.0,0.024,-0.8062938451766968,1.2342337369918823,0.8923029899597168,0.9396266937255859,-0.9036099314689636,1.3135364055633545,ok,ok
rule_ms,7,block_01,RPM,4,shifted,0,1,1,011,2000,2000,2000,1.0,1.0,36.998966217041016,69.50995635986328,0.7962632179260254,0.880279541015625,46.46575164794922,78.9635009765625,ok,ok
rule_ms,42,block_01,RPM,4,shifted,0,1,1,011,2000,2000,2000,1.0,1.0,37.020965576171875,93.43990325927734,0.8306293487548828,0.8322715759277344,44.56978225708008,112.27093505859375,ok,ok
rule_ms,123,block_01,RPM,4,shifted,0,1,1,011,2000,2000,2000,1.0,1.0,35.254085540771484,73.21258544921875,0.8253235816955566,0.7030844688415527,42.71546936035156,104.13056945800781,ok,ok
rule_ms,2026,block_01,RPM,4,shifted,0,1,1,011,2000,2000,2000,1.0,1.0,31.842910766601562,70.72757720947266,0.9418606758117676,0.9166765213012695,33.80851745605469,77.15653991699219,ok,ok
rule_ms,3407,block_01,RPM,4,shifted,0,1,1,011,2000,2000,2000,1.0,1.0,44.61595916748047,88.93956756591797,0.830599308013916,0.8446950912475586,53.71538162231445,105.29192352294922,ok,ok
placebo_ms,7,block_01,RPM,4,shifted,0,1,1,011,2000,2000,2000,1.0,1.0,35.97132873535156,75.54432678222656,0.8460574150085449,0.9015884399414062,42.516414642333984,83.79026794433594,ok,ok
placebo_ms,42,block_01,RPM,4,shifted,0,1,1,011,2000,2000,2000,1.0,1.0,35.553836822509766,82.52629852294922,0.9879622459411621,0.9426050186157227,35.987037658691406,87.55130004882812,ok,ok
placebo_ms,123,block_01,RPM,4,shifted,0,1,1,011,2000,2000,2000,1.0,1.0,31.095609664916992,66.32417297363281,0.8863840103149414,0.783416748046875,35.0814208984375,84.66014099121094,ok,ok
placebo_ms,2026,block_01,RPM,4,shifted,0,1,1,011,2000,2000,2000,1.0,1.0,32.01538848876953,69.36326599121094,0.8695893287658691,0.6715867519378662,36.81667709350586,103.28265380859375,ok,ok
placebo_ms,3407,block_01,RPM,4,shifted,0,1,1,011,2000,2000,2000,1.0,1.0,34.95158767700195,84.19481658935547,0.9436793327331543,0.8411645889282227,37.03756332397461,100.09315490722656,ok,ok
real_std,7,block_01,RPM,4,shifted,0,1,1,011,2000,0,162,0.0,0.081,0.6478651165962219,4.847069263458252,1.6713500022888184,1.2412467002868652,0.38762977719306946,3.905000925064087,ok,ok
real_std,42,block_01,RPM,4,shifted,0,1,1,011,2000,0,6,0.0,0.003,-5.1867899894714355,-0.6004334688186646,1.5301647186279297,1.080963373184204,-3.3896937370300293,-0.5554615259170532,ok,ok
real_std,123,block_01,RPM,4,shifted,0,1,1,011,2000,2,15,0.001,0.0075,0.6016454696655273,1.7688480615615845,0.9335503578186035,0.8515138626098633,0.6444703340530396,2.0772979259490967,ok,ok
real_std,2026,block_01,RPM,4,shifted,0,1,1,011,2000,0,38,0.0,0.019,-5.415724754333496,2.116731882095337,1.7724595069885254,1.2508182525634766,-3.055485725402832,1.6922779083251953,ok,ok
real_std,3407,block_01,RPM,4,shifted,0,1,1,011,2000,1,54,0.0005,0.027,-0.3951074182987213,2.2108266353607178,1.170154094696045,1.0478458404541016,-0.337654173374176,2.109877824783325,ok,ok
rule_std,7,block_01,RPM,4,shifted,0,1,1,011,2000,2000,2000,1.0,1.0,41.408180236816406,86.61009216308594,0.9363298416137695,1.0359020233154297,44.22392654418945,83.60839080810547,ok,ok
rule_std,42,block_01,RPM,4,shifted,0,1,1,011,2000,2000,2000,1.0,1.0,36.121055603027344,79.06237030029297,1.0167431831359863,0.9765458106994629,35.52622985839844,80.96125030517578,ok,ok
rule_std,123,block_01,RPM,4,shifted,0,1,1,011,2000,2000,2000,1.0,1.0,38.88189697265625,81.91331481933594,1.0347681045532227,0.9976696968078613,37.575469970703125,82.10462951660156,ok,ok
rule_std,2026,block_01,RPM,4,shifted,0,1,1,011,2000,2000,2000,1.0,1.0,37.393470764160156,75.63521575927734,0.7564268112182617,0.7351598739624023,49.43436050415039,102.8826904296875,ok,ok
rule_std,3407,block_01,RPM,4,shifted,0,1,1,011,2000,2000,2000,1.0,1.0,38.125728607177734,91.30953216552734,0.9960947036743164,1.1839475631713867,38.27520751953125,77.12295532226562,ok,ok
placebo_std,7,block_01,RPM,4,shifted,0,1,1,011,2000,2000,2000,1.0,1.0,38.53078842163086,83.81291961669922,0.9542317390441895,0.9658546447753906,40.37886047363281,86.77592468261719,ok,ok
placebo_std,42,block_01,RPM,4,shifted,0,1,1,011,2000,2000,2000,1.0,1.0,43.186485290527344,88.00450897216797,0.9161858558654785,0.9466109275817871,47.13725280761719,92.96798706054688,ok,ok
placebo_std,123,block_01,RPM,4,shifted,0,1,1,011,2000,2000,2000,1.0,1.0,38.48837661743164,103.31451416015625,1.123764991760254,0.9923262596130371,34.249488830566406,104.11345672607422,ok,ok
placebo_std,2026,block_01,RPM,4,shifted,0,1,1,011,2000,2000,2000,1.0,1.0,45.761531829833984,95.9248275756836,0.9965219497680664,0.9491934776306152,45.92124557495117,101.05929565429688,ok,ok
placebo_std,3407,block_01,RPM,4,shifted,0,1,1,011,2000,2000,2000,1.0,1.0,38.6937255859375,89.7043228149414,1.0763425827026367,0.9938716888427734,35.94926452636719,90.2574462890625,ok,ok
real_ms,7,block_01,RPM,4,shifted,1,0,0,100,2000,115,1802,0.0575,0.901,7.487886905670166,13.873771667480469,1.3121037483215332,1.078542709350586,5.706779479980469,12.863441467285156,ok,ok
real_ms,42,block_01,RPM,4,shifted,1,0,0,100,2000,44,370,0.022,0.185,6.917941570281982,6.47137975692749,1.5370111465454102,1.3246212005615234,4.5009050369262695,4.8854570388793945,ok,ok
real_ms,123,block_01,RPM,4,shifted,1,0,0,100,2000,33,1900,0.0165,0.95,4.0807294845581055,16.303478240966797,0.8871946334838867,0.7362182140350342,4.599587440490723,22.144899368286133,ok,ok
real_ms,2026,block_01,RPM,4,shifted,1,0,0,100,2000,0,192,0.0,0.096,3.221848964691162,3.9436450004577637,1.271684169769287,0.785686731338501,2.533529043197632,5.019360542297363,ok,ok
real_ms,3407,block_01,RPM,4,shifted,1,0,0,100,2000,92,1305,0.046,0.6525,5.453219890594482,8.621870994567871,0.8923029899597168,0.9396266937255859,6.1113996505737305,9.175847053527832,ok,ok
rule_ms,7,block_01,RPM,4,shifted,1,0,0,100,2000,44,2000,0.022,1.0,2.8817315101623535,32.33072280883789,0.7962632179260254,0.880279541015625,3.6190688610076904,36.72779083251953,ok,ok
rule_ms,42,block_01,RPM,4,shifted,1,0,0,100,2000,147,958,0.0735,0.479,8.097838401794434,10.271031379699707,0.8306293487548828,0.8322715759277344,9.749040603637695,12.340960502624512,ok,ok
rule_ms,123,block_01,RPM,4,shifted,1,0,0,100,2000,977,1960,0.4885,0.98,9.492850303649902,19.324159622192383,0.8253235816955566,0.7030844688415527,11.501975059509277,27.484832763671875,ok,ok
rule_ms,2026,block_01,RPM,4,shifted,1,0,0,100,2000,89,1388,0.0445,0.694,7.883028507232666,13.896275520324707,0.9418606758117676,0.9166765213012695,8.369632720947266,15.15941047668457,ok,ok
rule_ms,3407,block_01,RPM,4,shifted,1,0,0,100,2000,623,1751,0.3115,0.8755,10.263738632202148,16.921398162841797,0.830599308013916,0.8446950912475586,12.357027053833008,20.032550811767578,ok,ok
placebo_ms,7,block_01,RPM,4,shifted,1,0,0,100,2000,147,1991,0.0735,0.9955,7.190444469451904,25.094655990600586,0.8460574150085449,0.9015884399414062,8.498767852783203,27.833824157714844,ok,ok
placebo_ms,42,block_01,RPM,4,shifted,1,0,0,100,2000,131,1364,0.0655,0.682,5.767942428588867,11.37114429473877,0.9879622459411621,0.9426050186157227,5.838221073150635,12.063529968261719,ok,ok
placebo_ms,123,block_01,RPM,4,shifted,1,0,0,100,2000,127,1963,0.0635,0.9815,5.265130519866943,22.127607345581055,0.8863840103149414,0.783416748046875,5.940010070800781,28.24500274658203,ok,ok
placebo_ms,2026,block_01,RPM,4,shifted,1,0,0,100,2000,246,1946,0.123,0.973,6.965012073516846,19.518590927124023,0.8695893287658691,0.6715867519378662,8.009542465209961,29.063398361206055,ok,ok
placebo_ms,3407,block_01,RPM,4,shifted,1,0,0,100,2000,78,1892,0.039,0.946,5.354362487792969,22.32432746887207,0.9436793327331543,0.8411645889282227,5.67392110824585,26.53978729248047,ok,ok
real_std,7,block_01,RPM,4,shifted,1,0,0,100,2000,76,1102,0.038,0.551,8.603105545043945,11.704254150390625,1.6713500022888184,1.2412467002868652,5.147399425506592,9.429435729980469,ok,ok
real_std,42,block_01,RPM,4,shifted,1,0,0,100,2000,30,433,0.015,0.2165,4.345630645751953,4.263311386108398,1.5301647186279297,1.080963373184204,2.839975595474243,3.9439921379089355,ok,ok
real_std,123,block_01,RPM,4,shifted,1,0,0,100,2000,101,1801,0.0505,0.9005,6.165249347686768,15.396661758422852,0.9335503578186035,0.8515138626098633,6.60408878326416,18.08151626586914,ok,ok
real_std,2026,block_01,RPM,4,shifted,1,0,0,100,2000,0,234,0.0,0.117,0.005586947314441204,4.607124328613281,1.7724595069885254,1.2508182525634766,0.0031520866323262453,3.68328857421875,ok,ok
real_std,3407,block_01,RPM,4,shifted,1,0,0,100,2000,157,1197,0.0785,0.5985,8.250407218933105,10.86899185180664,1.170154094696045,1.0478458404541016,7.050702095031738,10.372701644897461,ok,ok
rule_std,7,block_01,RPM,4,shifted,1,0,0,100,2000,150,1909,0.075,0.9545,7.40118408203125,25.37470054626465,0.9363298416137695,1.0359020233154297,7.904462814331055,24.49527359008789,ok,ok
rule_std,42,block_01,RPM,4,shifted,1,0,0,100,2000,233,1563,0.1165,0.7815,6.42801570892334,13.87867259979248,1.0167431831359863,0.9765458106994629,6.322162628173828,14.212002754211426,ok,ok
rule_std,123,block_01,RPM,4,shifted,1,0,0,100,2000,623,1904,0.3115,0.952,9.668082237243652,22.341636657714844,1.0347681045532227,0.9976696968078613,9.34323501586914,22.39381980895996,ok,ok
rule_std,2026,block_01,RPM,4,shifted,1,0,0,100,2000,326,1367,0.163,0.6835,9.200687408447266,12.522521018981934,0.7564268112182617,0.7351598739624023,12.16335391998291,17.033740997314453,ok,ok
rule_std,3407,block_01,RPM,4,shifted,1,0,0,100,2000,273,1806,0.1365,0.903,9.828068733215332,21.792200088500977,0.9960947036743164,1.1839475631713867,9.866600036621094,18.406391143798828,ok,ok
placebo_std,7,block_01,RPM,4,shifted,1,0,0,100,2000,259,1961,0.1295,0.9805,8.529288291931152,24.316776275634766,0.9542317390441895,0.9658546447753906,8.938382148742676,25.17643165588379,ok,ok
placebo_std,42,block_01,RPM,4,shifted,1,0,0,100,2000,122,1422,0.061,0.711,5.625406265258789,12.806178092956543,0.9161858558654785,0.9466109275817871,6.1400275230407715,13.528449058532715,ok,ok
placebo_std,123,block_01,RPM,4,shifted,1,0,0,100,2000,39,1997,0.0195,0.9985,1.4865721464157104,39.836875915527344,1.123764991760254,0.9923262596130371,1.3228496313095093,40.144935607910156,ok,ok
placebo_std,2026,block_01,RPM,4,shifted,1,0,0,100,2000,459,1743,0.2295,0.8715,9.738946914672852,18.352294921875,0.9965219497680664,0.9491934776306152,9.772937774658203,19.334617614746094,ok,ok
placebo_std,3407,block_01,RPM,4,shifted,1,0,0,100,2000,516,1777,0.258,0.8885,9.519888877868652,16.68279266357422,1.0763425827026367,0.9938716888427734,8.844663619995117,16.785659790039062,ok,ok
real_ms,7,block_01,RPM,4,shifted,1,0,1,101,2000,59,2000,0.0295,1.0,5.856046676635742,24.274234771728516,1.3121037483215332,1.078542709350586,4.463097095489502,22.506513595581055,ok,ok
real_ms,42,block_01,RPM,4,shifted,1,0,1,101,2000,87,1905,0.0435,0.9525,9.09807300567627,20.70446014404297,1.5370111465454102,1.3246212005615234,5.919328212738037,15.630476951599121,ok,ok
real_ms,123,block_01,RPM,4,shifted,1,0,1,101,2000,25,2000,0.0125,1.0,4.396790027618408,23.57858657836914,0.8871946334838867,0.7362182140350342,4.955834865570068,32.02662658691406,ok,ok
real_ms,2026,block_01,RPM,4,shifted,1,0,1,101,2000,9,1885,0.0045,0.9425,4.919975757598877,11.9827241897583,1.271684169769287,0.785686731338501,3.868865966796875,15.251275062561035,ok,ok
real_ms,3407,block_01,RPM,4,shifted,1,0,1,101,2000,21,2000,0.0105,1.0,3.8334150314331055,22.82079315185547,0.8923029899597168,0.9396266937255859,4.296091079711914,24.28708267211914,ok,ok
rule_ms,7,block_01,RPM,4,shifted,1,0,1,101,2000,0,2000,0.0,1.0,-3.667910575866699,41.3707160949707,0.7962632179260254,0.880279541015625,-4.6064043045043945,46.99724578857422,ok,ok
rule_ms,42,block_01,RPM,4,shifted,1,0,1,101,2000,4,1993,0.002,0.9965,5.194094657897949,20.564476013183594,0.8306293487548828,0.8322715759277344,6.253203868865967,24.70885467529297,ok,ok
rule_ms,123,block_01,RPM,4,shifted,1,0,1,101,2000,60,2000,0.03,1.0,4.487587928771973,30.36394691467285,0.8253235816955566,0.7030844688415527,5.4373674392700195,43.18677520751953,ok,ok
rule_ms,2026,block_01,RPM,4,shifted,1,0,1,101,2000,1,2000,0.0005,1.0,3.377875566482544,34.574710845947266,0.9418606758117676,0.9166765213012695,3.586385726928711,37.71745681762695,ok,ok
rule_ms,3407,block_01,RPM,4,shifted,1,0,1,101,2000,36,2000,0.018,1.0,6.601982593536377,27.95157241821289,0.830599308013916,0.8446950912475586,7.94845724105835,33.090721130371094,ok,ok
placebo_ms,7,block_01,RPM,4,shifted,1,0,1,101,2000,1,2000,0.0005,1.0,3.6689562797546387,28.221202850341797,0.8460574150085449,0.9015884399414062,4.336533069610596,31.301645278930664,ok,ok
placebo_ms,42,block_01,RPM,4,shifted,1,0,1,101,2000,8,1999,0.004,0.9995,2.9764442443847656,22.267765045166016,0.9879622459411621,0.9426050186157227,3.0127103328704834,23.62364387512207,ok,ok
placebo_ms,123,block_01,RPM,4,shifted,1,0,1,101,2000,0,2000,0.0,1.0,-2.623875379562378,44.84966278076172,0.8863840103149414,0.783416748046875,-2.9602017402648926,57.24879455566406,ok,ok
placebo_ms,2026,block_01,RPM,4,shifted,1,0,1,101,2000,1,2000,0.0005,1.0,1.94893217086792,34.139991760253906,0.8695893287658691,0.6715867519378662,2.2412097454071045,50.83481979370117,ok,ok
placebo_ms,3407,block_01,RPM,4,shifted,1,0,1,101,2000,0,2000,0.0,1.0,1.1178792715072632,36.45236587524414,0.9436793327331543,0.8411645889282227,1.1845965385437012,43.335594177246094,ok,ok
real_std,7,block_01,RPM,4,shifted,1,0,1,101,2000,98,1998,0.049,0.999,8.569145202636719,28.982757568359375,1.6713500022888184,1.2412467002868652,5.127079963684082,23.349714279174805,ok,ok
real_std,42,block_01,RPM,4,shifted,1,0,1,101,2000,83,1990,0.0415,0.995,5.204129695892334,20.469472885131836,1.5301647186279297,1.080963373184204,3.4010257720947266,18.936323165893555,ok,ok
real_std,123,block_01,RPM,4,shifted,1,0,1,101,2000,69,1993,0.0345,0.9965,6.098779201507568,21.919208526611328,0.9335503578186035,0.8515138626098633,6.532886981964111,25.741458892822266,ok,ok
real_std,2026,block_01,RPM,4,shifted,1,0,1,101,2000,0,598,0.0,0.299,-0.19204923510551453,7.203901767730713,1.7724595069885254,1.2508182525634766,-0.10835183411836624,5.75935173034668,ok,ok
real_std,3407,block_01,RPM,4,shifted,1,0,1,101,2000,37,2000,0.0185,1.0,5.540276050567627,26.957901000976562,1.170154094696045,1.0478458404541016,4.734655380249023,25.726970672607422,ok,ok
rule_std,7,block_01,RPM,4,shifted,1,0,1,101,2000,0,2000,0.0,1.0,1.9923720359802246,42.09838104248047,0.9363298416137695,1.0359020233154297,2.12785267829895,40.63935089111328,ok,ok
rule_std,42,block_01,RPM,4,shifted,1,0,1,101,2000,7,2000,0.0035,1.0,2.298286199569702,26.731199264526367,1.0167431831359863,0.9765458106994629,2.260439395904541,27.37321662902832,ok,ok
rule_std,123,block_01,RPM,4,shifted,1,0,1,101,2000,5,2000,0.0025,1.0,2.484337568283081,41.51712417602539,1.0347681045532227,0.9976696968078613,2.400864362716675,41.61410140991211,ok,ok
rule_std,2026,block_01,RPM,4,shifted,1,0,1,101,2000,24,2000,0.012,1.0,6.623721599578857,23.014686584472656,0.7564268112182617,0.7351598739624023,8.756591796875,31.30569076538086,ok,ok
rule_std,3407,block_01,RPM,4,shifted,1,0,1,101,2000,11,2000,0.0055,1.0,6.042075157165527,34.520694732666016,0.9960947036743164,1.1839475631713867,6.065763473510742,29.157283782958984,ok,ok
placebo_std,7,block_01,RPM,4,shifted,1,0,1,101,2000,0,2000,0.0,1.0,1.8154051303863525,31.78577995300293,0.9542317390441895,0.9658546447753906,1.9024782180786133,32.90948486328125,ok,ok
placebo_std,42,block_01,RPM,4,shifted,1,0,1,101,2000,2,2000,0.001,1.0,1.6173604726791382,26.80504035949707,0.9161858558654785,0.9466109275817871,1.7653191089630127,28.316850662231445,ok,ok
placebo_std,123,block_01,RPM,4,shifted,1,0,1,101,2000,0,2000,0.0,1.0,-9.362980842590332,66.01560974121094,1.123764991760254,0.9923262596130371,-8.331795692443848,66.526123046875,ok,ok
placebo_std,2026,block_01,RPM,4,shifted,1,0,1,101,2000,27,2000,0.0135,1.0,4.909477710723877,35.0872802734375,0.9965219497680664,0.9491934776306152,4.926612377166748,36.96536636352539,ok,ok
placebo_std,3407,block_01,RPM,4,shifted,1,0,1,101,2000,30,2000,0.015,1.0,5.4867658615112305,30.86168670654297,1.0763425827026367,0.9938716888427734,5.097601413726807,31.051984786987305,ok,ok
real_ms,7,block_01,RPM,4,shifted,1,1,0,110,2000,165,1343,0.0825,0.6715,9.190933227539062,9.972406387329102,1.3121037483215332,1.078542709350586,7.004731178283691,9.246186256408691,ok,ok
real_ms,42,block_01,RPM,4,shifted,1,1,0,110,2000,38,159,0.019,0.0795,6.494183540344238,4.792133808135986,1.5370111465454102,1.3246212005615234,4.225202560424805,3.617738723754883,ok,ok
real_ms,123,block_01,RPM,4,shifted,1,1,0,110,2000,46,1739,0.023,0.8695,4.427556991577148,12.662148475646973,0.8871946334838867,0.7362182140350342,4.990513801574707,17.19890594482422,ok,ok
real_ms,2026,block_01,RPM,4,shifted,1,1,0,110,2000,0,76,0.0,0.038,2.447268486022949,2.970763921737671,1.271684169769287,0.785686731338501,1.9244312047958374,3.7811050415039062,ok,ok
real_ms,3407,block_01,RPM,4,shifted,1,1,0,110,2000,54,893,0.027,0.4465,4.709240436553955,5.891507148742676,0.8923029899597168,0.9396266937255859,5.277624130249023,6.270051002502441,ok,ok
rule_ms,7,block_01,RPM,4,shifted,1,1,0,110,2000,85,1973,0.0425,0.9865,5.309645175933838,25.22308921813965,0.7962632179260254,0.880279541015625,6.668203830718994,28.653499603271484,ok,ok
rule_ms,42,block_01,RPM,4,shifted,1,1,0,110,2000,243,1109,0.1215,0.5545,8.804191589355469,11.754617691040039,0.8306293487548828,0.8322715759277344,10.5994234085083,14.123537063598633,ok,ok
rule_ms,123,block_01,RPM,4,shifted,1,1,0,110,2000,409,1916,0.2045,0.958,6.957505702972412,20.164772033691406,0.8253235816955566,0.7030844688415527,8.430034637451172,28.680438995361328,ok,ok
rule_ms,2026,block_01,RPM,4,shifted,1,1,0,110,2000,160,1273,0.08,0.6365,8.473810195922852,13.272554397583008,0.9418606758117676,0.9166765213012695,8.996883392333984,14.478995323181152,ok,ok
rule_ms,3407,block_01,RPM,4,shifted,1,1,0,110,2000,545,1461,0.2725,0.7305,9.822866439819336,14.762277603149414,0.830599308013916,0.8446950912475586,11.826238632202148,17.476457595825195,ok,ok
placebo_ms,7,block_01,RPM,4,shifted,1,1,0,110,2000,436,1871,0.218,0.9355,9.339427947998047,19.174480438232422,0.8460574150085449,0.9015884399414062,11.038763999938965,21.267440795898438,ok,ok
placebo_ms,42,block_01,RPM,4,shifted,1,1,0,110,2000,167,1420,0.0835,0.71,5.954506874084473,12.350170135498047,0.9879622459411621,0.9426050186157227,6.0270586013793945,13.10216999053955,ok,ok
placebo_ms,123,block_01,RPM,4,shifted,1,1,0,110,2000,10,1941,0.005,0.9705,1.9725598096847534,24.630067825317383,0.8863840103149414,0.783416748046875,2.225400924682617,31.439292907714844,ok,ok
placebo_ms,2026,block_01,RPM,4,shifted,1,1,0,110,2000,246,1876,0.123,0.938,7.0336103439331055,19.071863174438477,0.8695893287658691,0.6715867519378662,8.088427543640137,28.398212432861328,ok,ok
placebo_ms,3407,block_01,RPM,4,shifted,1,1,0,110,2000,144,1743,0.072,0.8715,6.836859226226807,19.67698097229004,0.9436793327331543,0.8411645889282227,7.244896411895752,23.392547607421875,ok,ok
real_std,7,block_01,RPM,4,shifted,1,1,0,110,2000,53,599,0.0265,0.2995,8.701447486877441,7.874068737030029,1.6713500022888184,1.2412467002868652,5.206239223480225,6.343677520751953,ok,ok
real_std,42,block_01,RPM,4,shifted,1,1,0,110,2000,22,383,0.011,0.1915,4.230870723724365,4.1094746589660645,1.5301647186279297,1.080963373184204,2.764977216720581,3.8016774654388428,ok,ok
real_std,123,block_01,RPM,4,shifted,1,1,0,110,2000,126,1666,0.063,0.833,6.485087871551514,12.689918518066406,0.9335503578186035,0.8515138626098633,6.946693420410156,14.9027738571167,ok,ok
real_std,2026,block_01,RPM,4,shifted,1,1,0,110,2000,0,59,0.0,0.0295,-1.2344553470611572,2.705228328704834,1.7724595069885254,1.2508182525634766,-0.6964645981788635,2.162766933441162,ok,ok
real_std,3407,block_01,RPM,4,shifted,1,1,0,110,2000,135,962,0.0675,0.481,7.853795051574707,8.914718627929688,1.170154094696045,1.0478458404541016,6.711760520935059,8.507661819458008,ok,ok
rule_std,7,block_01,RPM,4,shifted,1,1,0,110,2000,305,1542,0.1525,0.771,9.107830047607422,17.166866302490234,0.9363298416137695,1.0359020233154297,9.727160453796387,16.571901321411133,ok,ok
rule_std,42,block_01,RPM,4,shifted,1,1,0,110,2000,132,1271,0.066,0.6355,5.603085517883301,11.824024200439453,1.0167431831359863,0.9765458106994629,5.51081657409668,12.108007431030273,ok,ok
rule_std,123,block_01,RPM,4,shifted,1,1,0,110,2000,139,1909,0.0695,0.9545,6.024889945983887,25.37955665588379,1.0347681045532227,0.9976696968078613,5.82245397567749,25.43883514404297,ok,ok
rule_std,2026,block_01,RPM,4,shifted,1,1,0,110,2000,330,1318,0.165,0.659,8.97063159942627,12.64144229888916,0.7564268112182617,0.7351598739624023,11.859220504760742,17.195499420166016,ok,ok
rule_std,3407,block_01,RPM,4,shifted,1,1,0,110,2000,387,1568,0.1935,0.784,10.516183853149414,18.410200119018555,0.9960947036743164,1.1839475631713867,10.557414054870605,15.549844741821289,ok,ok
placebo_std,7,block_01,RPM,4,shifted,1,1,0,110,2000,460,1917,0.23,0.9585,9.723075866699219,22.584932327270508,0.9542317390441895,0.9658546447753906,10.189427375793457,23.383365631103516,ok,ok
placebo_std,42,block_01,RPM,4,shifted,1,1,0,110,2000,243,1206,0.1215,0.603,6.660265922546387,11.628263473510742,0.9161858558654785,0.9466109275817871,7.269557952880859,12.284101486206055,ok,ok
placebo_std,123,block_01,RPM,4,shifted,1,1,0,110,2000,25,1993,0.0125,0.9965,1.026245355606079,36.69285202026367,1.123764991760254,0.9923262596130371,0.9132207036018372,36.976600646972656,ok,ok
placebo_std,2026,block_01,RPM,4,shifted,1,1,0,110,2000,476,1612,0.238,0.806,9.806872367858887,17.78144073486328,0.9965219497680664,0.9491934776306152,9.841100692749023,18.733211517333984,ok,ok
placebo_std,3407,block_01,RPM,4,shifted,1,1,0,110,2000,822,1721,0.411,0.8605,10.970605850219727,17.37505531311035,1.0763425827026367,0.9938716888427734,10.192483901977539,17.482187271118164,ok,ok
real_ms,7,block_01,RPM,4,shifted,1,1,1,111,2000,294,1978,0.147,0.989,9.954119682312012,16.82563018798828,1.3121037483215332,1.078542709350586,7.586381912231445,15.600337982177734,ok,ok
real_ms,42,block_01,RPM,4,shifted,1,1,1,111,2000,253,1461,0.1265,0.7305,11.629384994506836,14.0888671875,1.5370111465454102,1.3246212005615234,7.5662336349487305,10.636148452758789,ok,ok
real_ms,123,block_01,RPM,4,shifted,1,1,1,111,2000,32,2000,0.016,1.0,4.188150882720947,26.35577964782715,0.8871946334838867,0.7362182140350342,4.720667362213135,35.798866271972656,ok,ok
real_ms,2026,block_01,RPM,4,shifted,1,1,1,111,2000,27,1678,0.0135,0.839,5.823589324951172,10.643754005432129,1.271684169769287,0.785686731338501,4.57943058013916,13.54707145690918,ok,ok
real_ms,3407,block_01,RPM,4,shifted,1,1,1,111,2000,29,2000,0.0145,1.0,4.027286052703857,21.254480361938477,0.8923029899597168,0.9396266937255859,4.51336145401001,22.62013053894043,ok,ok
rule_ms,7,block_01,RPM,4,shifted,1,1,1,111,2000,0,2000,0.0,1.0,-1.3161935806274414,42.037384033203125,0.7962632179260254,0.880279541015625,-1.6529629230499268,47.754581451416016,ok,ok
rule_ms,42,block_01,RPM,4,shifted,1,1,1,111,2000,18,1995,0.009,0.9975,5.963688373565674,24.776905059814453,0.8306293487548828,0.8322715759277344,7.179722785949707,29.770214080810547,ok,ok
rule_ms,123,block_01,RPM,4,shifted,1,1,1,111,2000,11,2000,0.0055,1.0,1.579637885093689,41.16810989379883,0.8253235816955566,0.7030844688415527,1.9139618873596191,58.55356979370117,ok,ok
rule_ms,2026,block_01,RPM,4,shifted,1,1,1,111,2000,18,1998,0.009,0.999,5.415481090545654,30.43251609802246,0.9418606758117676,0.9166765213012695,5.7497687339782715,33.198753356933594,ok,ok
rule_ms,3407,block_01,RPM,4,shifted,1,1,1,111,2000,22,2000,0.011,1.0,5.750622272491455,29.586393356323242,0.830599308013916,0.8446950912475586,6.923460960388184,35.026119232177734,ok,ok
placebo_ms,7,block_01,RPM,4,shifted,1,1,1,111,2000,56,2000,0.028,1.0,6.39007043838501,28.743318557739258,0.8460574150085449,0.9015884399414062,7.552761554718018,31.880754470825195,ok,ok
placebo_ms,42,block_01,RPM,4,shifted,1,1,1,111,2000,2,2000,0.001,1.0,0.73313969373703,27.70554542541504,0.9879622459411621,0.9426050186157227,0.7420726418495178,29.392526626586914,ok,ok
placebo_ms,123,block_01,RPM,4,shifted,1,1,1,111,2000,0,2000,0.0,1.0,-6.9428181648254395,57.85226058959961,0.8863840103149414,0.783416748046875,-7.832743167877197,73.84608459472656,ok,ok
placebo_ms,2026,block_01,RPM,4,shifted,1,1,1,111,2000,25,2000,0.0125,1.0,4.6703715324401855,30.723621368408203,0.8695893287658691,0.6715867519378662,5.3707780838012695,45.7478141784668,ok,ok
placebo_ms,3407,block_01,RPM,4,shifted,1,1,1,111,2000,0,2000,0.0,1.0,0.01716904528439045,41.0092887878418,0.9436793327331543,0.8411645889282227,0.018193725496530533,48.75299072265625,ok,ok
real_std,7,block_01,RPM,4,shifted,1,1,1,111,2000,193,1885,0.0965,0.9425,11.438713073730469,21.000286102294922,1.6713500022888184,1.2412467002868652,6.843996047973633,16.918703079223633,ok,ok
real_std,42,block_01,RPM,4,shifted,1,1,1,111,2000,76,1979,0.038,0.9895,4.817515850067139,18.0024471282959,1.5301647186279297,1.080963373184204,3.148364305496216,16.65407371520996,ok,ok
real_std,123,block_01,RPM,4,shifted,1,1,1,111,2000,105,2000,0.0525,1.0,6.473159313201904,25.66223907470703,0.9335503578186035,0.8515138626098633,6.933915138244629,30.137195587158203,ok,ok
real_std,2026,block_01,RPM,4,shifted,1,1,1,111,2000,2,368,0.001,0.184,1.7720990180969238,5.77116060256958,1.7724595069885254,1.2508182525634766,0.9997966289520264,4.613908290863037,ok,ok
real_std,3407,block_01,RPM,4,shifted,1,1,1,111,2000,62,2000,0.031,1.0,6.445794105529785,26.112823486328125,1.170154094696045,1.0478458404541016,5.508500099182129,24.92048454284668,ok,ok
rule_std,7,block_01,RPM,4,shifted,1,1,1,111,2000,76,2000,0.038,1.0,6.755469799041748,33.44302749633789,0.9363298416137695,1.0359020233154297,7.214839935302734,32.28396987915039,ok,ok
rule_std,42,block_01,RPM,4,shifted,1,1,1,111,2000,1,2000,0.0005,1.0,0.8406849503517151,30.188079833984375,1.0167431831359863,0.9765458106994629,0.8268409967422485,30.91312026977539,ok,ok
rule_std,123,block_01,RPM,4,shifted,1,1,1,111,2000,0,2000,0.0,1.0,-1.9719624519348145,55.96384811401367,1.0347681045532227,0.9976696968078613,-1.9057046175003052,56.09456253051758,ok,ok
rule_std,2026,block_01,RPM,4,shifted,1,1,1,111,2000,54,1998,0.027,0.999,6.883919715881348,23.434789657592773,0.7564268112182617,0.7351598739624023,9.100576400756836,31.877132415771484,ok,ok
rule_std,3407,block_01,RPM,4,shifted,1,1,1,111,2000,18,2000,0.009,1.0,6.446797847747803,36.62088394165039,0.9960947036743164,1.1839475631713867,6.472073078155518,30.931167602539062,ok,ok
placebo_std,7,block_01,RPM,4,shifted,1,1,1,111,2000,6,2000,0.003,1.0,3.605792760848999,39.51665496826172,0.9542317390441895,0.9658546447753906,3.7787389755249023,40.91366958618164,ok,ok
placebo_std,42,block_01,RPM,4,shifted,1,1,1,111,2000,27,1999,0.0135,0.9995,2.944636583328247,29.25786781311035,0.9161858558654785,0.9466109275817871,3.2140166759490967,30.90802001953125,ok,ok
placebo_std,123,block_01,RPM,4,shifted,1,1,1,111,2000,0,2000,0.0,1.0,-11.333730697631836,74.09892272949219,1.123764991760254,0.9923262596130371,-10.085498809814453,74.67193603515625,ok,ok
placebo_std,2026,block_01,RPM,4,shifted,1,1,1,111,2000,113,1994,0.0565,0.997,7.3043131828308105,31.800884246826172,0.9965219497680664,0.9491934776306152,7.329806327819824,33.50305938720703,ok,ok
placebo_std,3407,block_01,RPM,4,shifted,1,1,1,111,2000,140,2000,0.07,1.0,7.225172996520996,34.85541534423828,1.0763425827026367,0.9938716888427734,6.71270751953125,35.070335388183594,ok,ok
real_ms,7,block_02,Gear,3,canonical,0,0,0,000,2000,32,498,0.016,0.249,5.127856731414795,5.672797203063965,1.3007607460021973,1.078542709350586,3.9421985149383545,5.2596869468688965,ok,ok
real_ms,42,block_02,Gear,3,canonical,0,0,0,000,2000,0,2,0.0,0.001,-2.5467007160186768,-0.9967968463897705,1.6529512405395508,1.3246212005615234,-1.5406992435455322,-0.752514660358429,ok,ok
real_ms,123,block_02,Gear,3,canonical,0,0,0,000,2000,0,38,0.0,0.019,-1.013433575630188,1.7323920726776123,0.9492621421813965,0.7362182140350342,-1.0676014423370361,2.353095769882202,ok,ok
real_ms,2026,block_02,Gear,3,canonical,0,0,0,000,2000,0,33,0.0,0.0165,-1.1875241994857788,2.5591909885406494,1.2528009414672852,0.785686731338501,-0.9478954076766968,3.2572662830352783,ok,ok
real_ms,3407,block_02,Gear,3,canonical,0,0,0,000,2000,0,2,0.0,0.001,-1.97831392288208,-1.5423916578292847,1.0351133346557617,0.9396266937255859,-1.9112051725387573,-1.6414939165115356,ok,ok
rule_ms,7,block_02,Gear,3,canonical,0,0,0,000,2000,1998,1999,0.999,0.9995,32.1003303527832,55.71971130371094,1.0093250274658203,0.880279541015625,31.803760528564453,63.2977409362793,ok,ok
rule_ms,42,block_02,Gear,3,canonical,0,0,0,000,2000,1998,2000,0.999,1.0,35.51493835449219,68.69879913330078,1.0037384033203125,0.8322715759277344,35.38266372680664,82.54373168945312,ok,ok
rule_ms,123,block_02,Gear,3,canonical,0,0,0,000,2000,1998,2000,0.999,1.0,30.389015197753906,52.092342376708984,0.955744743347168,0.7030844688415527,31.79616355895996,74.09115600585938,ok,ok
rule_ms,2026,block_02,Gear,3,canonical,0,0,0,000,2000,1998,2000,0.999,1.0,41.69038391113281,78.54896545410156,1.1129045486450195,0.9166765213012695,37.46088409423828,85.68885803222656,ok,ok
rule_ms,3407,block_02,Gear,3,canonical,0,0,0,000,2000,1998,2000,0.999,1.0,41.66866683959961,66.7620620727539,1.2160930633544922,0.8446950912475586,34.264373779296875,79.03687286376953,ok,ok
placebo_ms,7,block_02,Gear,3,canonical,0,0,0,000,2000,1998,1999,0.999,0.9995,33.774742126464844,63.181182861328125,0.9572105407714844,0.9015884399414062,35.2845458984375,70.07762908935547,ok,ok
placebo_ms,42,block_02,Gear,3,canonical,0,0,0,000,2000,1998,2000,0.999,1.0,32.78017044067383,57.968379974365234,1.096771240234375,0.9426050186157227,29.88788414001465,61.49806213378906,ok,ok
placebo_ms,123,block_02,Gear,3,canonical,0,0,0,000,2000,1998,2000,0.999,1.0,33.51268768310547,56.85577392578125,0.8813776969909668,0.783416748046875,38.02307891845703,72.57411193847656,ok,ok
placebo_ms,2026,block_02,Gear,3,canonical,0,0,0,000,2000,1998,2000,0.999,1.0,30.29950714111328,55.75091552734375,0.9564328193664551,0.6715867519378662,31.679702758789062,83.01371765136719,ok,ok
placebo_ms,3407,block_02,Gear,3,canonical,0,0,0,000,2000,2000,2000,1.0,1.0,40.720703125,82.09043884277344,1.068547248840332,0.8411645889282227,38.10846710205078,97.5914077758789,ok,ok
real_std,7,block_02,Gear,3,canonical,0,0,0,000,2000,4,14,0.002,0.007,3.205606460571289,2.3512842655181885,1.6373662948608398,1.2412467002868652,1.9577821493148804,1.8942924737930298,ok,ok
real_std,42,block_02,Gear,3,canonical,0,0,0,000,2000,0,19,0.0,0.0095,-1.9019968509674072,-0.04322684556245804,1.5257220268249512,1.080963373184204,-1.246620774269104,-0.039989180862903595,ok,ok
real_std,123,block_02,Gear,3,canonical,0,0,0,000,2000,0,5,0.0,0.0025,-1.124683141708374,1.0656039714813232,1.0262856483459473,0.8515138626098633,-1.0958771705627441,1.2514231204986572,ok,ok
real_std,2026,block_02,Gear,3,canonical,0,0,0,000,2000,0,8,0.0,0.004,-2.9566195011138916,2.778265953063965,1.9834418296813965,1.2508182525634766,-1.4906508922576904,2.221158742904663,ok,ok
real_std,3407,block_02,Gear,3,canonical,0,0,0,000,2000,0,2,0.0,0.001,-0.12315700948238373,-1.2173091173171997,1.4964051246643066,1.0478458404541016,-0.08230192214250565,-1.1617252826690674,ok,ok
rule_std,7,block_02,Gear,3,canonical,0,0,0,000,2000,1998,2000,0.999,1.0,41.95411682128906,76.68193054199219,1.181675910949707,1.0359020233154297,35.50391387939453,74.0243148803711,ok,ok
rule_std,42,block_02,Gear,3,canonical,0,0,0,000,2000,1998,2000,0.999,1.0,34.56792449951172,61.682796478271484,1.1422834396362305,0.9765458106994629,30.26212501525879,63.16426086425781,ok,ok
rule_std,123,block_02,Gear,3,canonical,0,0,0,000,2000,1998,2000,0.999,1.0,37.4724235534668,75.43329620361328,1.2401223182678223,0.9976696968078613,30.216712951660156,75.60948181152344,ok,ok
rule_std,2026,block_02,Gear,3,canonical,0,0,0,000,2000,1998,2000,0.999,1.0,34.949501037597656,59.00327682495117,0.8580408096313477,0.7351598739624023,40.731746673583984,80.25910949707031,ok,ok
rule_std,3407,block_02,Gear,3,canonical,0,0,0,000,2000,1998,2000,0.999,1.0,47.18064880371094,77.7059555053711,1.325347900390625,1.1839475631713867,35.59868621826172,65.6329345703125,ok,ok
placebo_std,7,block_02,Gear,3,canonical,0,0,0,000,2000,1998,2000,0.999,1.0,36.3159065246582,65.7730484008789,1.078871250152588,0.9658546447753906,33.66101837158203,68.09828186035156,ok,ok
placebo_std,42,block_02,Gear,3,canonical,0,0,0,000,2000,1998,2000,0.999,1.0,37.15626525878906,68.1805648803711,1.1275620460510254,0.9466109275817871,32.9527473449707,72.02597045898438,ok,ok
placebo_std,123,block_02,Gear,3,canonical,0,0,0,000,2000,1998,1998,0.999,0.999,42.092132568359375,86.48576354980469,1.1350078582763672,0.9923262596130371,37.085323333740234,87.15457153320312,ok,ok
placebo_std,2026,block_02,Gear,3,canonical,0,0,0,000,2000,1998,2000,0.999,1.0,43.42329788208008,80.02993774414062,1.2206096649169922,0.9491934776306152,35.57508850097656,84.31361389160156,ok,ok
placebo_std,3407,block_02,Gear,3,canonical,0,0,0,000,2000,1998,2000,0.999,1.0,39.838016510009766,74.47949981689453,1.3090081214904785,0.9938716888427734,30.433740615844727,74.93875122070312,ok,ok
real_ms,7,block_02,Gear,3,canonical,0,0,1,001,2000,43,447,0.0215,0.2235,5.264378070831299,5.411889553070068,1.3007607460021973,1.078542709350586,4.047153472900391,5.017779350280762,ok,ok
real_ms,42,block_02,Gear,3,canonical,0,0,1,001,2000,0,2,0.0,0.001,-2.165189504623413,-1.6144479513168335,1.6529512405395508,1.3246212005615234,-1.3098933696746826,-1.2187998294830322,ok,ok
real_ms,123,block_02,Gear,3,canonical,0,0,1,001,2000,0,19,0.0,0.0095,-0.5151206254959106,1.1820261478424072,0.9492621421813965,0.7362182140350342,-0.5426536798477173,1.60553777217865,ok,ok
real_ms,2026,block_02,Gear,3,canonical,0,0,1,001,2000,0,25,0.0,0.0125,-1.2212646007537842,2.0890424251556396,1.2528009414672852,0.785686731338501,-0.9748274087905884,2.65887451171875,ok,ok
real_ms,3407,block_02,Gear,3,canonical,0,0,1,001,2000,0,3,0.0,0.0015,-0.7794232964515686,-0.8095824718475342,1.0351133346557617,0.9396266937255859,-0.7529835104942322,-0.8616001009941101,ok,ok
rule_ms,7,block_02,Gear,3,canonical,0,0,1,001,2000,1998,1999,0.999,0.9995,29.438133239746094,49.759273529052734,1.0093250274658203,0.880279541015625,29.166160583496094,56.52667999267578,ok,ok
rule_ms,42,block_02,Gear,3,canonical,0,0,1,001,2000,1998,2000,0.999,1.0,33.16753005981445,63.700984954833984,1.0037384033203125,0.8322715759277344,33.04399871826172,76.53870391845703,ok,ok
rule_ms,123,block_02,Gear,3,canonical,0,0,1,001,2000,1998,2000,0.999,1.0,27.613515853881836,46.6173095703125,0.955744743347168,0.7030844688415527,28.89214515686035,66.30399322509766,ok,ok
rule_ms,2026,block_02,Gear,3,canonical,0,0,1,001,2000,1998,2000,0.999,1.0,38.540077209472656,71.73239135742188,1.1129045486450195,0.9166765213012695,34.63017654418945,78.252685546875,ok,ok
rule_ms,3407,block_02,Gear,3,canonical,0,0,1,001,2000,1998,2000,0.999,1.0,37.78411102294922,58.92396926879883,1.2160930633544922,0.8446950912475586,31.07008171081543,69.75767517089844,ok,ok
placebo_ms,7,block_02,Gear,3,canonical,0,0,1,001,2000,1998,1999,0.999,0.9995,30.91614532470703,55.915321350097656,0.9572105407714844,0.9015884399414062,32.29816818237305,62.018672943115234,ok,ok
placebo_ms,42,block_02,Gear,3,canonical,0,0,1,001,2000,1998,2000,0.999,1.0,29.807491302490234,53.75690460205078,1.096771240234375,0.9426050186157227,27.177492141723633,57.030147552490234,ok,ok
placebo_ms,123,block_02,Gear,3,canonical,0,0,1,001,2000,1998,2000,0.999,1.0,30.053356170654297,49.942806243896484,0.8813776969909668,0.783416748046875,34.0981559753418,63.74998474121094,ok,ok
placebo_ms,2026,block_02,Gear,3,canonical,0,0,1,001,2000,1998,2000,0.999,1.0,27.963754653930664,51.998435974121094,0.9564328193664551,0.6715867519378662,29.237550735473633,77.42623138427734,ok,ok
placebo_ms,3407,block_02,Gear,3,canonical,0,0,1,001,2000,2000,2000,1.0,1.0,36.566619873046875,71.78620147705078,1.068547248840332,0.8411645889282227,34.22087478637695,85.34144592285156,ok,ok
real_std,7,block_02,Gear,3,canonical,0,0,1,001,2000,3,11,0.0015,0.0055,2.2993862628936768,1.8371740579605103,1.6373662948608398,1.2412467002868652,1.4043201208114624,1.4801039695739746,ok,ok
real_std,42,block_02,Gear,3,canonical,0,0,1,001,2000,0,7,0.0,0.0035,-2.0595459938049316,-0.6974716782569885,1.5257220268249512,1.080963373184204,-1.34988272190094,-0.6452315449714661,ok,ok
real_std,123,block_02,Gear,3,canonical,0,0,1,001,2000,0,7,0.0,0.0035,-0.6824906468391418,0.5431753993034363,1.0262856483459473,0.8515138626098633,-0.6650105118751526,0.637893795967102,ok,ok
real_std,2026,block_02,Gear,3,canonical,0,0,1,001,2000,0,2,0.0,0.001,-3.5516059398651123,1.470401644706726,1.9834418296813965,1.2508182525634766,-1.7906278371810913,1.1755517721176147,ok,ok
real_std,3407,block_02,Gear,3,canonical,0,0,1,001,2000,0,2,0.0,0.001,0.5152207016944885,-0.9718251824378967,1.4964051246643066,1.0478458404541016,0.3443056344985962,-0.9274505376815796,ok,ok
rule_std,7,block_02,Gear,3,canonical,0,0,1,001,2000,1998,2000,0.999,1.0,36.02156066894531,67.4622573852539,1.181675910949707,1.0359020233154297,30.48345375061035,65.12416076660156,ok,ok
rule_std,42,block_02,Gear,3,canonical,0,0,1,001,2000,1998,2000,0.999,1.0,31.402917861938477,55.747528076171875,1.1422834396362305,0.9765458106994629,27.491355895996094,57.08644485473633,ok,ok
rule_std,123,block_02,Gear,3,canonical,0,0,1,001,2000,1998,2000,0.999,1.0,34.792808532714844,67.1195068359375,1.2401223182678223,0.9976696968078613,28.055950164794922,67.27628326416016,ok,ok
rule_std,2026,block_02,Gear,3,canonical,0,0,1,001,2000,1998,2000,0.999,1.0,31.634668350219727,52.90827560424805,0.8580408096313477,0.7351598739624023,36.86848831176758,71.96839141845703,ok,ok
rule_std,3407,block_02,Gear,3,canonical,0,0,1,001,2000,1998,2000,0.999,1.0,42.51887512207031,67.6565170288086,1.325347900390625,1.1839475631713867,32.08129119873047,57.14486312866211,ok,ok
placebo_std,7,block_02,Gear,3,canonical,0,0,1,001,2000,1998,2000,0.999,1.0,32.22918701171875,55.483219146728516,1.078871250152588,0.9658546447753906,29.873062133789062,57.44468688964844,ok,ok
placebo_std,42,block_02,Gear,3,canonical,0,0,1,001,2000,1998,2000,0.999,1.0,33.72618865966797,62.55062484741211,1.1275620460510254,0.9466109275817871,29.910715103149414,66.07849884033203,ok,ok
placebo_std,123,block_02,Gear,3,canonical,0,0,1,001,2000,1998,1998,0.999,0.999,39.768436431884766,79.36526489257812,1.1350078582763672,0.9923262596130371,35.038028717041016,79.97899627685547,ok,ok
placebo_std,2026,block_02,Gear,3,canonical,0,0,1,001,2000,1998,2000,0.999,1.0,40.768287658691406,72.73401641845703,1.2206096649169922,0.9491934776306152,33.39993667602539,76.62718200683594,ok,ok
placebo_std,3407,block_02,Gear,3,canonical,0,0,1,001,2000,1998,2000,0.999,1.0,34.79944610595703,66.5159683227539,1.3090081214904785,0.9938716888427734,26.58458709716797,66.92610931396484,ok,ok
real_ms,7,block_02,Gear,3,canonical,0,1,0,010,2000,24,96,0.012,0.048,4.527701377868652,3.486015796661377,1.3007607460021973,1.078542709350586,3.4808101654052734,3.23215389251709,ok,ok
real_ms,42,block_02,Gear,3,canonical,0,1,0,010,2000,0,2,0.0,0.001,-1.9867690801620483,-1.5365277528762817,1.6529512405395508,1.3246212005615234,-1.2019526958465576,-1.1599750518798828,ok,ok
real_ms,123,block_02,Gear,3,canonical,0,1,0,010,2000,0,3,0.0,0.0015,-1.1806350946426392,0.08962419629096985,0.9492621421813965,0.7362182140350342,-1.2437397241592407,0.12173591554164886,ok,ok
real_ms,2026,block_02,Gear,3,canonical,0,1,0,010,2000,0,3,0.0,0.0015,-2.2799971103668213,0.6965914964675903,1.2528009414672852,0.785686731338501,-1.8199197053909302,0.8866021037101746,ok,ok
real_ms,3407,block_02,Gear,3,canonical,0,1,0,010,2000,0,3,0.0,0.0015,-1.5738983154296875,-1.0347249507904053,1.0351133346557617,0.9396266937255859,-1.5205082893371582,-1.1012084484100342,ok,ok
rule_ms,7,block_02,Gear,3,canonical,0,1,0,010,2000,1998,1999,0.999,0.9995,45.89309310913086,93.54306030273438,1.0093250274658203,0.880279541015625,45.469093322753906,106.26517486572266,ok,ok
rule_ms,42,block_02,Gear,3,canonical,0,1,0,010,2000,1998,2000,0.999,1.0,49.62018585205078,119.74718475341797,1.0037384033203125,0.8322715759277344,49.43537902832031,143.8799591064453,ok,ok
rule_ms,123,block_02,Gear,3,canonical,0,1,0,010,2000,1998,2000,0.999,1.0,46.94899368286133,91.94050598144531,0.955744743347168,0.7030844688415527,49.12294006347656,130.76736450195312,ok,ok
rule_ms,2026,block_02,Gear,3,canonical,0,1,0,010,2000,1998,2000,0.999,1.0,56.960758209228516,120.80123138427734,1.1129045486450195,0.9166765213012695,51.182071685791016,131.78175354003906,ok,ok
rule_ms,3407,block_02,Gear,3,canonical,0,1,0,010,2000,1998,2000,0.999,1.0,53.76298522949219,102.6189193725586,1.2160930633544922,0.8446950912475586,44.20960235595703,121.4863510131836,ok,ok
placebo_ms,7,block_02,Gear,3,canonical,0,1,0,010,2000,1998,1999,0.999,0.9995,46.529727935791016,101.93389892578125,0.9572105407714844,0.9015884399414062,48.60971450805664,113.06034088134766,ok,ok
placebo_ms,42,block_02,Gear,3,canonical,0,1,0,010,2000,1998,2000,0.999,1.0,48.59151077270508,107.01397705078125,1.096771240234375,0.9426050186157227,44.304141998291016,113.53002166748047,ok,ok
placebo_ms,123,block_02,Gear,3,canonical,0,1,0,010,2000,1998,2000,0.999,1.0,45.668460845947266,90.60059356689453,0.8813776969909668,0.783416748046875,51.814857482910156,115.64803314208984,ok,ok
placebo_ms,2026,block_02,Gear,3,canonical,0,1,0,010,2000,1998,2000,0.999,1.0,41.42213439941406,87.79973602294922,0.9564328193664551,0.6715867519378662,43.308982849121094,130.73477172851562,ok,ok
placebo_ms,3407,block_02,Gear,3,canonical,0,1,0,010,2000,2000,2000,1.0,1.0,57.67642593383789,118.705810546875,1.068547248840332,0.8411645889282227,53.97648620605469,141.1208038330078,ok,ok
real_std,7,block_02,Gear,3,canonical,0,1,0,010,2000,28,36,0.014,0.018,5.4377970695495605,3.297760248184204,1.6373662948608398,1.2412467002868652,3.3210630416870117,2.656812906265259,ok,ok
real_std,42,block_02,Gear,3,canonical,0,1,0,010,2000,0,7,0.0,0.0035,-0.9490145444869995,-0.646260142326355,1.5257220268249512,1.080963373184204,-0.6220100522041321,-0.5978556871414185,ok,ok
real_std,123,block_02,Gear,3,canonical,0,1,0,010,2000,0,3,0.0,0.0015,-1.467579960823059,-0.3586446940898895,1.0262856483459473,0.8515138626098633,-1.4299917221069336,-0.4211847484111786,ok,ok
real_std,2026,block_02,Gear,3,canonical,0,1,0,010,2000,0,4,0.0,0.002,-2.145618200302124,2.0835297107696533,1.9834418296813965,1.2508182525634766,-1.0817651748657227,1.6657332181930542,ok,ok
real_std,3407,block_02,Gear,3,canonical,0,1,0,010,2000,0,2,0.0,0.001,1.1438488960266113,-0.40051236748695374,1.4964051246643066,1.0478458404541016,0.7643977999687195,-0.38222450017929077,ok,ok
rule_std,7,block_02,Gear,3,canonical,0,1,0,010,2000,1998,2000,0.999,1.0,57.306968688964844,117.22459411621094,1.181675910949707,1.0359020233154297,48.49635314941406,113.16184997558594,ok,ok
rule_std,42,block_02,Gear,3,canonical,0,1,0,010,2000,1998,2000,0.999,1.0,49.46854019165039,102.67351531982422,1.1422834396362305,0.9765458106994629,43.30670928955078,105.13948059082031,ok,ok
rule_std,123,block_02,Gear,3,canonical,0,1,0,010,2000,1998,2000,0.999,1.0,52.914913177490234,118.96549224853516,1.2401223182678223,0.9976696968078613,42.66910934448242,119.24337005615234,ok,ok
rule_std,2026,block_02,Gear,3,canonical,0,1,0,010,2000,1998,2000,0.999,1.0,50.74409103393555,104.7876968383789,0.8580408096313477,0.7351598739624023,59.13948059082031,142.5372772216797,ok,ok
rule_std,3407,block_02,Gear,3,canonical,0,1,0,010,2000,1998,2000,0.999,1.0,64.04203033447266,119.48152923583984,1.325347900390625,1.1839475631713867,48.3209228515625,100.91791534423828,ok,ok
placebo_std,7,block_02,Gear,3,canonical,0,1,0,010,2000,1998,2000,0.999,1.0,51.861610412597656,107.80811309814453,1.078871250152588,0.9658546447753906,48.07025146484375,111.61939239501953,ok,ok
placebo_std,42,block_02,Gear,3,canonical,0,1,0,010,2000,1998,2000,0.999,1.0,48.938209533691406,112.60736083984375,1.1275620460510254,0.9466109275817871,43.401790618896484,118.95843505859375,ok,ok
placebo_std,123,block_02,Gear,3,canonical,0,1,0,010,2000,1998,1998,0.999,0.999,58.322845458984375,135.777099609375,1.1350078582763672,0.9923262596130371,51.385414123535156,136.8270721435547,ok,ok
placebo_std,2026,block_02,Gear,3,canonical,0,1,0,010,2000,1998,2000,0.999,1.0,54.09225845336914,127.41598510742188,1.2206096649169922,0.9491934776306152,44.31576919555664,134.23605346679688,ok,ok
placebo_std,3407,block_02,Gear,3,canonical,0,1,0,010,2000,1998,2000,0.999,1.0,53.0687141418457,110.67597961425781,1.3090081214904785,0.9938716888427734,40.54116439819336,111.35841369628906,ok,ok
real_ms,7,block_02,Gear,3,canonical,0,1,1,011,2000,20,65,0.01,0.0325,4.2812957763671875,3.1081230640411377,1.3007607460021973,1.078542709350586,3.291378974914551,2.8817803859710693,ok,ok
real_ms,42,block_02,Gear,3,canonical,0,1,1,011,2000,0,2,0.0,0.001,-2.106595277786255,-1.9541023969650269,1.6529512405395508,1.3246212005615234,-1.274444818496704,-1.4752159118652344,ok,ok
real_ms,123,block_02,Gear,3,canonical,0,1,1,011,2000,0,3,0.0,0.0015,-1.197969913482666,-0.44218599796295166,0.9492621421813965,0.7362182140350342,-1.2620012760162354,-0.6006181240081787,ok,ok
real_ms,2026,block_02,Gear,3,canonical,0,1,1,011,2000,0,2,0.0,0.001,-2.549445390701294,0.3681105673313141,1.2528009414672852,0.785686731338501,-2.034996271133423,0.4685208201408386,ok,ok
real_ms,3407,block_02,Gear,3,canonical,0,1,1,011,2000,0,4,0.0,0.002,-0.6086838841438293,-0.5102493166923523,1.0351133346557617,0.9396266937255859,-0.5880360007286072,-0.5430341362953186,ok,ok
rule_ms,7,block_02,Gear,3,canonical,0,1,1,011,2000,1998,1999,0.999,0.9995,41.65825271606445,83.51766967773438,1.0093250274658203,0.880279541015625,41.27338409423828,94.87629699707031,ok,ok
rule_ms,42,block_02,Gear,3,canonical,0,1,1,011,2000,1998,2000,0.999,1.0,45.40322494506836,107.97350311279297,1.0037384033203125,0.8322715759277344,45.23412322998047,129.73350524902344,ok,ok
rule_ms,123,block_02,Gear,3,canonical,0,1,1,011,2000,1998,2000,0.999,1.0,42.13406753540039,81.76710510253906,0.955744743347168,0.7030844688415527,44.08506393432617,116.29769897460938,ok,ok
rule_ms,2026,block_02,Gear,3,canonical,0,1,1,011,2000,1998,2000,0.999,1.0,51.55577850341797,108.17485809326172,1.1129045486450195,0.9166765213012695,46.32542419433594,118.00767517089844,ok,ok
rule_ms,3407,block_02,Gear,3,canonical,0,1,1,011,2000,1998,2000,0.999,1.0,47.86040115356445,93.32010650634766,1.2160930633544922,0.8446950912475586,39.355873107910156,110.47785949707031,ok,ok
placebo_ms,7,block_02,Gear,3,canonical,0,1,1,011,2000,1998,1999,0.999,0.9995,42.37849044799805,91.80146789550781,0.9572105407714844,0.9015884399414062,44.27290725708008,101.82193756103516,ok,ok
placebo_ms,42,block_02,Gear,3,canonical,0,1,1,011,2000,1998,2000,0.999,1.0,43.4820556640625,96.5032958984375,1.096771240234375,0.9426050186157227,39.6455078125,102.37935638427734,ok,ok
placebo_ms,123,block_02,Gear,3,canonical,0,1,1,011,2000,1998,2000,0.999,1.0,40.667205810546875,78.70689392089844,0.8813776969909668,0.783416748046875,46.140499114990234,100.46617126464844,ok,ok
placebo_ms,2026,block_02,Gear,3,canonical,0,1,1,011,2000,1998,2000,0.999,1.0,36.92511749267578,77.67185974121094,0.9564328193664551,0.6715867519378662,38.60712432861328,115.65423583984375,ok,ok
placebo_ms,3407,block_02,Gear,3,canonical,0,1,1,011,2000,2000,2000,1.0,1.0,51.19397735595703,107.07971954345703,1.068547248840332,0.8411645889282227,47.90988540649414,127.29936218261719,ok,ok
real_std,7,block_02,Gear,3,canonical,0,1,1,011,2000,8,12,0.004,0.006,4.041253089904785,2.140517473220825,1.6373662948608398,1.2412467002868652,2.468142509460449,1.7244901657104492,ok,ok
real_std,42,block_02,Gear,3,canonical,0,1,1,011,2000,0,4,0.0,0.002,-1.0342910289764404,-0.9679298996925354,1.5257220268249512,1.080963373184204,-0.6779026389122009,-0.8954325914382935,ok,ok
real_std,123,block_02,Gear,3,canonical,0,1,1,011,2000,0,3,0.0,0.0015,-1.5782253742218018,-0.9400877952575684,1.0262856483459473,0.8515138626098633,-1.537803053855896,-1.104019284248352,ok,ok
real_std,2026,block_02,Gear,3,canonical,0,1,1,011,2000,0,2,0.0,0.001,-2.5647835731506348,0.6967121362686157,1.9834418296813965,1.2508182525634766,-1.2930973768234253,0.5570051074028015,ok,ok
real_std,3407,block_02,Gear,3,canonical,0,1,1,011,2000,0,2,0.0,0.001,1.2666957378387451,-0.5165947079658508,1.4964051246643066,1.0478458404541016,0.8464924097061157,-0.4930064082145691,ok,ok
rule_std,7,block_02,Gear,3,canonical,0,1,1,011,2000,1998,2000,0.999,1.0,50.82647705078125,105.70245361328125,1.181675910949707,1.0359020233154297,43.0121955871582,102.03904724121094,ok,ok
rule_std,42,block_02,Gear,3,canonical,0,1,1,011,2000,1998,2000,0.999,1.0,43.81250762939453,90.76192474365234,1.1422834396362305,0.9765458106994629,38.355194091796875,92.94180297851562,ok,ok
rule_std,123,block_02,Gear,3,canonical,0,1,1,011,2000,1998,2000,0.999,1.0,48.182186126708984,104.55311584472656,1.2401223182678223,0.9976696968078613,38.85276794433594,104.79732513427734,ok,ok
rule_std,2026,block_02,Gear,3,canonical,0,1,1,011,2000,1998,2000,0.999,1.0,45.45388412475586,92.36091613769531,0.8580408096313477,0.7351598739624023,52.974029541015625,125.63378143310547,ok,ok
rule_std,3407,block_02,Gear,3,canonical,0,1,1,011,2000,1998,2000,0.999,1.0,59.04854965209961,108.47187805175781,1.325347900390625,1.1839475631713867,44.553245544433594,91.61881256103516,ok,ok
placebo_std,7,block_02,Gear,3,canonical,0,1,1,011,2000,1998,2000,0.999,1.0,46.49146270751953,93.91556549072266,1.078871250152588,0.9658546447753906,43.09268569946289,97.23570251464844,ok,ok
placebo_std,42,block_02,Gear,3,canonical,0,1,1,011,2000,1998,2000,0.999,1.0,43.017906188964844,102.24198913574219,1.1275620460510254,0.9466109275817871,38.1512565612793,108.00846862792969,ok,ok
placebo_std,123,block_02,Gear,3,canonical,0,1,1,011,2000,1998,1998,0.999,0.999,54.14558029174805,122.56604766845703,1.1350078582763672,0.9923262596130371,47.70502853393555,123.51387023925781,ok,ok
placebo_std,2026,block_02,Gear,3,canonical,0,1,1,011,2000,1998,2000,0.999,1.0,48.75859451293945,111.23548889160156,1.2206096649169922,0.9491934776306152,39.946102142333984,117.18948364257812,ok,ok
placebo_std,3407,block_02,Gear,3,canonical,0,1,1,011,2000,1998,2000,0.999,1.0,47.251102447509766,100.80743408203125,1.3090081214904785,0.9938716888427734,36.09687423706055,101.42903137207031,ok,ok
real_ms,7,block_02,Gear,3,canonical,1,0,0,100,2000,15,1953,0.0075,0.9765,5.166548728942871,15.180132865905762,1.3007607460021973,1.078542709350586,3.9719438552856445,14.074670791625977,ok,ok
real_ms,42,block_02,Gear,3,canonical,1,0,0,100,2000,0,806,0.0,0.403,1.8246439695358276,9.677517890930176,1.6529512405395508,1.3246212005615234,1.1038705110549927,7.305875301361084,ok,ok
real_ms,123,block_02,Gear,3,canonical,1,0,0,100,2000,2,1958,0.001,0.979,2.3878090381622314,18.43158531188965,0.9492621421813965,0.7362182140350342,2.515437126159668,25.035490036010742,ok,ok
real_ms,2026,block_02,Gear,3,canonical,1,0,0,100,2000,0,1858,0.0,0.929,-0.37455540895462036,13.260502815246582,1.2528009414672852,0.785686731338501,-0.2989743947982788,16.877595901489258,ok,ok
real_ms,3407,block_02,Gear,3,canonical,1,0,0,100,2000,0,1946,0.0,0.973,1.3920700550079346,13.819607734680176,1.0351133346557617,0.9396266937255859,1.3448481559753418,14.707551002502441,ok,ok
rule_ms,7,block_02,Gear,3,canonical,1,0,0,100,2000,1,1999,0.0005,0.9995,-1.7153143882751465,38.75190734863281,1.0093250274658203,0.880279541015625,-1.6994667053222656,44.02227020263672,ok,ok
rule_ms,42,block_02,Gear,3,canonical,1,0,0,100,2000,85,1985,0.0425,0.9925,6.728944301605225,20.928327560424805,1.0037384033203125,0.8322715759277344,6.703882694244385,25.146032333374023,ok,ok
rule_ms,123,block_02,Gear,3,canonical,1,0,0,100,2000,27,2000,0.0135,1.0,1.7845573425292969,37.277565002441406,0.955744743347168,0.7030844688415527,1.8671904802322388,53.02003860473633,ok,ok
rule_ms,2026,block_02,Gear,3,canonical,1,0,0,100,2000,106,2000,0.053,1.0,5.847370624542236,39.51939010620117,1.1129045486450195,0.9166765213012695,5.254152774810791,43.11159896850586,ok,ok
rule_ms,3407,block_02,Gear,3,canonical,1,0,0,100,2000,1565,2000,0.7825,1.0,14.463815689086914,29.759159088134766,1.2160930633544922,0.8446950912475586,11.893675804138184,35.230655670166016,ok,ok
placebo_ms,7,block_02,Gear,3,canonical,1,0,0,100,2000,34,1997,0.017,0.9985,3.5730204582214355,26.504188537597656,0.9572105407714844,0.9015884399414062,3.7327427864074707,29.397214889526367,ok,ok
placebo_ms,42,block_02,Gear,3,canonical,1,0,0,100,2000,28,1995,0.014,0.9975,4.153133869171143,21.16547966003418,1.096771240234375,0.9426050186157227,3.786691427230835,22.454242706298828,ok,ok
placebo_ms,123,block_02,Gear,3,canonical,1,0,0,100,2000,25,2000,0.0125,1.0,0.811677098274231,42.202850341796875,0.8813776969909668,0.783416748046875,0.9209186434745789,53.870243072509766,ok,ok
placebo_ms,2026,block_02,Gear,3,canonical,1,0,0,100,2000,60,2000,0.03,1.0,4.202156066894531,34.31489944458008,0.9564328193664551,0.6715867519378662,4.393571376800537,51.095252990722656,ok,ok
placebo_ms,3407,block_02,Gear,3,canonical,1,0,0,100,2000,538,2000,0.269,1.0,10.040875434875488,35.146724700927734,1.068547248840332,0.8411645889282227,9.396753311157227,41.78341293334961,ok,ok
real_std,7,block_02,Gear,3,canonical,1,0,0,100,2000,0,1737,0.0,0.8685,3.873975992202759,16.379344940185547,1.6373662948608398,1.2412467002868652,2.3659801483154297,13.195882797241211,ok,ok
real_std,42,block_02,Gear,3,canonical,1,0,0,100,2000,0,1857,0.0,0.9285,-0.6161082983016968,15.075892448425293,1.5257220268249512,1.080963373184204,-0.40381425619125366,13.9467191696167,ok,ok
real_std,123,block_02,Gear,3,canonical,1,0,0,100,2000,1,1893,0.0005,0.9465,3.21280574798584,17.228065490722656,1.0262856483459473,0.8515138626098633,3.1305179595947266,20.232276916503906,ok,ok
real_std,2026,block_02,Gear,3,canonical,1,0,0,100,2000,0,587,0.0,0.2935,-4.485972881317139,7.027406215667725,1.9834418296813965,1.2508182525634766,-2.2617111206054688,5.618247032165527,ok,ok
real_std,3407,block_02,Gear,3,canonical,1,0,0,100,2000,0,1632,0.0,0.816,3.463435173034668,12.936298370361328,1.4964051246643066,1.0478458404541016,2.3145036697387695,12.345611572265625,ok,ok
rule_std,7,block_02,Gear,3,canonical,1,0,0,100,2000,69,2000,0.0345,1.0,5.732868671417236,38.92860794067383,1.181675910949707,1.0359020233154297,4.851473331451416,37.579429626464844,ok,ok
rule_std,42,block_02,Gear,3,canonical,1,0,0,100,2000,8,1922,0.004,0.961,1.8006926774978638,18.288772583007812,1.1422834396362305,0.9765458106994629,1.5763972997665405,18.728023529052734,ok,ok
rule_std,123,block_02,Gear,3,canonical,1,0,0,100,2000,73,2000,0.0365,1.0,5.149043083190918,52.859806060791016,1.2401223182678223,0.9976696968078613,4.152044296264648,52.98326873779297,ok,ok
rule_std,2026,block_02,Gear,3,canonical,1,0,0,100,2000,306,2000,0.153,1.0,8.824064254760742,25.044921875,0.8580408096313477,0.7351598739624023,10.283968925476074,34.06731414794922,ok,ok
rule_std,3407,block_02,Gear,3,canonical,1,0,0,100,2000,397,1990,0.1985,0.995,10.997471809387207,24.534992218017578,1.325347900390625,1.1839475631713867,8.297800064086914,20.723039627075195,ok,ok
placebo_std,7,block_02,Gear,3,canonical,1,0,0,100,2000,3,2000,0.0015,1.0,2.405792713165283,34.621952056884766,1.078871250152588,0.9658546447753906,2.229916572570801,35.84592056274414,ok,ok
placebo_std,42,block_02,Gear,3,canonical,1,0,0,100,2000,63,1996,0.0315,0.998,3.8843626976013184,24.834741592407227,1.1275620460510254,0.9466109275817871,3.4449214935302734,26.23542594909668,ok,ok
placebo_std,123,block_02,Gear,3,canonical,1,0,0,100,2000,37,1998,0.0185,0.999,1.0605411529541016,60.38850784301758,1.1350078582763672,0.9923262596130371,0.9343909621238708,60.85549545288086,ok,ok
placebo_std,2026,block_02,Gear,3,canonical,1,0,0,100,2000,992,1999,0.496,0.9995,12.480155944824219,36.95389175415039,1.2206096649169922,0.9491934776306152,10.224527359008789,38.931880950927734,ok,ok
placebo_std,3407,block_02,Gear,3,canonical,1,0,0,100,2000,129,2000,0.0645,1.0,3.955860137939453,31.02776336669922,1.3090081214904785,0.9938716888427734,3.022028923034668,31.219083786010742,ok,ok
real_ms,7,block_02,Gear,3,canonical,1,0,1,101,2000,9,1995,0.0045,0.9975,4.297191619873047,17.300302505493164,1.3007607460021973,1.078542709350586,3.303598642349243,16.040443420410156,ok,ok
real_ms,42,block_02,Gear,3,canonical,1,0,1,101,2000,0,1187,0.0,0.5935,2.593618631362915,12.182441711425781,1.6529512405395508,1.3246212005615234,1.5690834522247314,9.19692611694336,ok,ok
real_ms,123,block_02,Gear,3,canonical,1,0,1,101,2000,2,1965,0.001,0.9825,2.057262659072876,18.4261531829834,0.9492621421813965,0.7362182140350342,2.167222738265991,25.02811050415039,ok,ok
real_ms,2026,block_02,Gear,3,canonical,1,0,1,101,2000,0,1945,0.0,0.9725,-0.8712382316589355,14.1890287399292,1.2528009414672852,0.785686731338501,-0.6954322457313538,18.059396743774414,ok,ok
real_ms,3407,block_02,Gear,3,canonical,1,0,1,101,2000,0,1978,0.0,0.989,1.246013879776001,15.196676254272461,1.0351133346557617,0.9396266937255859,1.2037463188171387,16.173099517822266,ok,ok
rule_ms,7,block_02,Gear,3,canonical,1,0,1,101,2000,0,1999,0.0,0.9995,-3.2711479663848877,41.11231231689453,1.0093250274658203,0.880279541015625,-3.240926504135132,46.703704833984375,ok,ok
rule_ms,42,block_02,Gear,3,canonical,1,0,1,101,2000,10,1998,0.005,0.999,5.553798675537109,22.140201568603516,1.0037384033203125,0.8322715759277344,5.533113479614258,26.602136611938477,ok,ok
rule_ms,123,block_02,Gear,3,canonical,1,0,1,101,2000,9,2000,0.0045,1.0,1.3807203769683838,36.575172424316406,0.955744743347168,0.7030844688415527,1.4446537494659424,52.021018981933594,ok,ok
rule_ms,2026,block_02,Gear,3,canonical,1,0,1,101,2000,16,2000,0.008,1.0,3.9443743228912354,40.92578125,1.1129045486450195,0.9166765213012695,3.5442161560058594,44.64582824707031,ok,ok
rule_ms,3407,block_02,Gear,3,canonical,1,0,1,101,2000,901,2000,0.4505,1.0,11.24958324432373,28.655649185180664,1.2160930633544922,0.8446950912475586,9.250594139099121,33.924251556396484,ok,ok
placebo_ms,7,block_02,Gear,3,canonical,1,0,1,101,2000,6,1999,0.003,0.9995,2.0497689247131348,29.59204864501953,0.9572105407714844,0.9015884399414062,2.1413984298706055,32.82212448120117,ok,ok
placebo_ms,42,block_02,Gear,3,canonical,1,0,1,101,2000,3,1999,0.0015,0.9995,3.3268609046936035,21.491262435913086,1.096771240234375,0.9426050186157227,3.033322334289551,22.79985809326172,ok,ok
placebo_ms,123,block_02,Gear,3,canonical,1,0,1,101,2000,1,2000,0.0005,1.0,-0.9324333667755127,44.214725494384766,0.8813776969909668,0.783416748046875,-1.0579270124435425,56.43832015991211,ok,ok
placebo_ms,2026,block_02,Gear,3,canonical,1,0,1,101,2000,2,2000,0.001,1.0,2.6497087478637695,36.20688247680664,0.9564328193664551,0.6715867519378662,2.7704074382781982,53.91244888305664,ok,ok
placebo_ms,3407,block_02,Gear,3,canonical,1,0,1,101,2000,130,2000,0.065,1.0,7.6484222412109375,35.50215530395508,1.068547248840332,0.8411645889282227,7.157776355743408,42.20595169067383,ok,ok
real_std,7,block_02,Gear,3,canonical,1,0,1,101,2000,0,1900,0.0,0.95,3.1828036308288574,18.930904388427734,1.6373662948608398,1.2412467002868652,1.943855881690979,15.251523971557617,ok,ok
real_std,42,block_02,Gear,3,canonical,1,0,1,101,2000,0,1849,0.0,0.9245,-0.12247642874717712,14.638415336608887,1.5257220268249512,1.080963373184204,-0.08027440309524536,13.542007446289062,ok,ok
real_std,123,block_02,Gear,3,canonical,1,0,1,101,2000,2,1896,0.001,0.948,3.0481081008911133,17.241867065429688,1.0262856483459473,0.8515138626098633,2.970038652420044,20.248485565185547,ok,ok
real_std,2026,block_02,Gear,3,canonical,1,0,1,101,2000,0,971,0.0,0.4855,-4.972926616668701,8.565173149108887,1.9834418296813965,1.2508182525634766,-2.50722074508667,6.84765625,ok,ok
real_std,3407,block_02,Gear,3,canonical,1,0,1,101,2000,0,1875,0.0,0.9375,3.801945209503174,16.043977737426758,1.4964051246643066,1.0478458404541016,2.5407192707061768,15.31139087677002,ok,ok
rule_std,7,block_02,Gear,3,canonical,1,0,1,101,2000,13,2000,0.0065,1.0,4.361103534698486,40.661014556884766,1.181675910949707,1.0359020233154297,3.6906089782714844,39.251800537109375,ok,ok
rule_std,42,block_02,Gear,3,canonical,1,0,1,101,2000,1,1990,0.0005,0.995,0.4368492364883423,21.266780853271484,1.1422834396362305,0.9765458106994629,0.38243505358695984,21.777557373046875,ok,ok
rule_std,123,block_02,Gear,3,canonical,1,0,1,101,2000,24,2000,0.012,1.0,3.6509881019592285,52.41380310058594,1.2401223182678223,0.9976696968078613,2.94405460357666,52.53623580932617,ok,ok
rule_std,2026,block_02,Gear,3,canonical,1,0,1,101,2000,76,2000,0.038,1.0,7.280801296234131,25.870691299438477,0.8580408096313477,0.7351598739624023,8.485379219055176,35.1905632019043,ok,ok
rule_std,3407,block_02,Gear,3,canonical,1,0,1,101,2000,152,1990,0.076,0.995,9.32894229888916,25.433412551879883,1.325347900390625,1.1839475631713867,7.038862705230713,21.481874465942383,ok,ok
placebo_std,7,block_02,Gear,3,canonical,1,0,1,101,2000,0,2000,0.0,1.0,1.2347462177276611,35.829925537109375,1.078871250152588,0.9658546447753906,1.1444796323776245,37.09660339355469,ok,ok
placebo_std,42,block_02,Gear,3,canonical,1,0,1,101,2000,3,2000,0.0015,1.0,1.8494142293930054,26.81670379638672,1.1275620460510254,0.9466109275817871,1.640188455581665,28.329172134399414,ok,ok
placebo_std,123,block_02,Gear,3,canonical,1,0,1,101,2000,2,1998,0.001,0.999,-1.5415644645690918,64.82096099853516,1.1350078582763672,0.9923262596130371,-1.3581972122192383,65.32221984863281,ok,ok
placebo_std,2026,block_02,Gear,3,canonical,1,0,1,101,2000,579,2000,0.2895,1.0,10.526217460632324,37.680023193359375,1.2206096649169922,0.9491934776306152,8.623737335205078,39.69688415527344,ok,ok
placebo_std,3407,block_02,Gear,3,canonical,1,0,1,101,2000,22,2000,0.011,1.0,2.4182848930358887,30.665390014648438,1.3090081214904785,0.9938716888427734,1.847417950630188,30.854476928710938,ok,ok
real_ms,7,block_02,Gear,3,canonical,1,1,0,110,2000,2,1715,0.001,0.8575,5.313313961029053,11.288113594055176,1.3007607460021973,1.078542709350586,4.084774494171143,10.466079711914062,ok,ok
real_ms,42,block_02,Gear,3,canonical,1,1,0,110,2000,0,53,0.0,0.0265,-2.4062345027923584,3.0493643283843994,1.6529512405395508,1.3246212005615234,-1.4557201862335205,2.302065134048462,ok,ok
real_ms,123,block_02,Gear,3,canonical,1,1,0,110,2000,0,1952,0.0,0.976,1.0994577407836914,15.975066184997559,0.9492621421813965,0.7362182140350342,1.1582236289978027,21.698820114135742,ok,ok
real_ms,2026,block_02,Gear,3,canonical,1,1,0,110,2000,0,864,0.0,0.432,-0.669455885887146,7.12630033493042,1.2528009414672852,0.785686731338501,-0.5343673229217529,9.070154190063477,ok,ok
real_ms,3407,block_02,Gear,3,canonical,1,1,0,110,2000,0,1841,0.0,0.9205,1.0026642084121704,11.349886894226074,1.0351133346557617,0.9396266937255859,0.9686517119407654,12.079145431518555,ok,ok
rule_ms,7,block_02,Gear,3,canonical,1,1,0,110,2000,14,1999,0.007,0.9995,1.948973536491394,38.93717956542969,1.0093250274658203,0.880279541015625,1.9309673309326172,44.232749938964844,ok,ok
rule_ms,42,block_02,Gear,3,canonical,1,1,0,110,2000,350,1981,0.175,0.9905,9.095746994018555,26.7215633392334,1.0037384033203125,0.8322715759277344,9.061870574951172,32.10678482055664,ok,ok
rule_ms,123,block_02,Gear,3,canonical,1,1,0,110,2000,528,2000,0.264,1.0,7.315729141235352,40.648197174072266,0.955744743347168,0.7030844688415527,7.654479503631592,57.8140983581543,ok,ok
rule_ms,2026,block_02,Gear,3,canonical,1,1,0,110,2000,71,2000,0.0355,1.0,6.1768341064453125,37.26949691772461,1.1129045486450195,0.9166765213012695,5.550192356109619,40.657196044921875,ok,ok
rule_ms,3407,block_02,Gear,3,canonical,1,1,0,110,2000,1948,2000,0.974,1.0,18.870820999145508,29.022825241088867,1.2160930633544922,0.8446950912475586,15.517578125,34.35893630981445,ok,ok
placebo_ms,7,block_02,Gear,3,canonical,1,1,0,110,2000,196,1997,0.098,0.9985,6.161585330963135,30.56871223449707,0.9572105407714844,0.9015884399414062,6.437022686004639,33.905399322509766,ok,ok
placebo_ms,42,block_02,Gear,3,canonical,1,1,0,110,2000,53,1996,0.0265,0.998,4.518129348754883,28.637035369873047,1.096771240234375,0.9426050186157227,4.119482040405273,30.380739212036133,ok,ok
placebo_ms,123,block_02,Gear,3,canonical,1,1,0,110,2000,105,2000,0.0525,1.0,3.4946298599243164,44.728633880615234,0.8813776969909668,0.783416748046875,3.96496319770813,57.094303131103516,ok,ok
placebo_ms,2026,block_02,Gear,3,canonical,1,1,0,110,2000,144,2000,0.072,1.0,5.98115348815918,35.367515563964844,0.9564328193664551,0.6715867519378662,6.253605365753174,52.662620544433594,ok,ok
placebo_ms,3407,block_02,Gear,3,canonical,1,1,0,110,2000,1588,1996,0.794,0.998,15.680760383605957,33.285701751708984,1.068547248840332,0.8411645889282227,14.674840927124023,39.57097625732422,ok,ok
real_std,7,block_02,Gear,3,canonical,1,1,0,110,2000,0,864,0.0,0.432,3.328418016433716,9.687005043029785,1.6373662948608398,1.2412467002868652,2.032787799835205,7.80425500869751,ok,ok
real_std,42,block_02,Gear,3,canonical,1,1,0,110,2000,0,1787,0.0,0.8935,-1.5128713846206665,12.235429763793945,1.5257220268249512,1.080963373184204,-0.9915772676467896,11.319005966186523,ok,ok
real_std,123,block_02,Gear,3,canonical,1,1,0,110,2000,0,1885,0.0,0.9425,2.090284585952759,14.91059684753418,1.0262856483459473,0.8515138626098633,2.036747455596924,17.510692596435547,ok,ok
real_std,2026,block_02,Gear,3,canonical,1,1,0,110,2000,0,255,0.0,0.1275,-3.7732560634613037,4.752460956573486,1.9834418296813965,1.2508182525634766,-1.902377963066101,3.7994816303253174,ok,ok
real_std,3407,block_02,Gear,3,canonical,1,1,0,110,2000,0,1495,0.0,0.7475,2.9828522205352783,12.203862190246582,1.4964051246643066,1.0478458404541016,1.9933454990386963,11.646618843078613,ok,ok
rule_std,7,block_02,Gear,3,canonical,1,1,0,110,2000,753,2000,0.3765,1.0,11.449406623840332,41.486244201660156,1.181675910949707,1.0359020233154297,9.689126014709473,40.04842758178711,ok,ok
rule_std,42,block_02,Gear,3,canonical,1,1,0,110,2000,18,1949,0.009,0.9745,2.168724775314331,23.864410400390625,1.1422834396362305,0.9765458106994629,1.8985873460769653,24.437572479248047,ok,ok
rule_std,123,block_02,Gear,3,canonical,1,1,0,110,2000,624,2000,0.312,1.0,10.023183822631836,56.51572036743164,1.2401223182678223,0.9976696968078613,8.082415580749512,56.647727966308594,ok,ok
rule_std,2026,block_02,Gear,3,canonical,1,1,0,110,2000,186,1999,0.093,0.9995,8.037879943847656,28.15022087097168,0.8580408096313477,0.7351598739624023,9.36771297454834,38.29129409790039,ok,ok
rule_std,3407,block_02,Gear,3,canonical,1,1,0,110,2000,1502,1997,0.751,0.9985,16.787221908569336,30.85253143310547,1.325347900390625,1.1839475631713867,12.666275978088379,26.05903434753418,ok,ok
placebo_std,7,block_02,Gear,3,canonical,1,1,0,110,2000,407,2000,0.2035,1.0,8.510117530822754,39.65903091430664,1.078871250152588,0.9658546447753906,7.887981414794922,41.06107711791992,ok,ok
placebo_std,42,block_02,Gear,3,canonical,1,1,0,110,2000,12,1998,0.006,0.999,1.0485968589782715,35.102500915527344,1.1275620460510254,0.9466109275817871,0.9299680590629578,37.08229064941406,ok,ok
placebo_std,123,block_02,Gear,3,canonical,1,1,0,110,2000,554,1998,0.277,0.999,9.177214622497559,70.7962646484375,1.1350078582763672,0.9923262596130371,8.085596084594727,71.34374237060547,ok,ok
placebo_std,2026,block_02,Gear,3,canonical,1,1,0,110,2000,1645,1999,0.8225,0.9995,16.202774047851562,39.102134704589844,1.2206096649169922,0.9491934776306152,13.274328231811523,41.19511032104492,ok,ok
placebo_std,3407,block_02,Gear,3,canonical,1,1,0,110,2000,1278,2000,0.639,1.0,11.456707954406738,30.8088436126709,1.3090081214904785,0.9938716888427734,8.752205848693848,30.998811721801758,ok,ok
real_ms,7,block_02,Gear,3,canonical,1,1,1,111,2000,2,1663,0.001,0.8315,5.565835952758789,10.771148681640625,1.3007607460021973,1.078542709350586,4.2789082527160645,9.986762046813965,ok,ok
real_ms,42,block_02,Gear,3,canonical,1,1,1,111,2000,0,74,0.0,0.037,-1.049307107925415,4.089953422546387,1.6529512405395508,1.3246212005615234,-0.6348082423210144,3.087639570236206,ok,ok
real_ms,123,block_02,Gear,3,canonical,1,1,1,111,2000,0,1897,0.0,0.9485,1.3674404621124268,14.120866775512695,0.9492621421813965,0.7362182140350342,1.4405298233032227,19.180273056030273,ok,ok
real_ms,2026,block_02,Gear,3,canonical,1,1,1,111,2000,0,1026,0.0,0.513,-0.7468122243881226,7.791104316711426,1.2528009414672852,0.785686731338501,-0.5961140394210815,9.916298866271973,ok,ok
real_ms,3407,block_02,Gear,3,canonical,1,1,1,111,2000,0,1781,0.0,0.8905,1.5427731275558472,10.6331787109375,1.0351133346557617,0.9396266937255859,1.49043869972229,11.316387176513672,ok,ok
rule_ms,7,block_02,Gear,3,canonical,1,1,1,111,2000,4,1999,0.002,0.9995,0.9619255661964417,39.40794372558594,1.0093250274658203,0.880279541015625,0.9530384540557861,44.76753234863281,ok,ok
rule_ms,42,block_02,Gear,3,canonical,1,1,1,111,2000,194,1987,0.097,0.9935,8.064859390258789,27.589496612548828,1.0037384033203125,0.8322715759277344,8.034822463989258,33.149627685546875,ok,ok
rule_ms,123,block_02,Gear,3,canonical,1,1,1,111,2000,105,2000,0.0525,1.0,4.444648265838623,43.21769714355469,0.955744743347168,0.7030844688415527,4.650455951690674,61.46871566772461,ok,ok
rule_ms,2026,block_02,Gear,3,canonical,1,1,1,111,2000,19,2000,0.0095,1.0,4.5983452796936035,38.157188415527344,1.1129045486450195,0.9166765213012695,4.13184118270874,41.62557601928711,ok,ok
rule_ms,3407,block_02,Gear,3,canonical,1,1,1,111,2000,1813,1999,0.9065,0.9995,16.169607162475586,28.385196685791016,1.2160930633544922,0.8446950912475586,13.296357154846191,33.60407638549805,ok,ok
placebo_ms,7,block_02,Gear,3,canonical,1,1,1,111,2000,125,1996,0.0625,0.998,5.618642807006836,29.45011329650879,0.9572105407714844,0.9015884399414062,5.869807720184326,32.664695739746094,ok,ok
placebo_ms,42,block_02,Gear,3,canonical,1,1,1,111,2000,19,1999,0.0095,0.9995,3.526871681213379,29.56282615661621,1.096771240234375,0.9426050186157227,3.2156856060028076,31.362897872924805,ok,ok
placebo_ms,123,block_02,Gear,3,canonical,1,1,1,111,2000,3,2000,0.0015,1.0,0.048434119671583176,48.91887283325195,0.8813776969909668,0.783416748046875,0.05495276302099228,62.44297790527344,ok,ok
placebo_ms,2026,block_02,Gear,3,canonical,1,1,1,111,2000,30,2000,0.015,1.0,4.393614292144775,36.1612663269043,0.9564328193664551,0.6715867519378662,4.593750953674316,53.84451675415039,ok,ok
placebo_ms,3407,block_02,Gear,3,canonical,1,1,1,111,2000,1067,1999,0.5335,0.9995,12.868919372558594,34.20508575439453,1.068547248840332,0.8411645889282227,12.043378829956055,40.66395950317383,ok,ok
real_std,7,block_02,Gear,3,canonical,1,1,1,111,2000,0,637,0.0,0.3185,3.36037540435791,8.204639434814453,1.6373662948608398,1.2412467002868652,2.0523054599761963,6.609999179840088,ok,ok
real_std,42,block_02,Gear,3,canonical,1,1,1,111,2000,0,1734,0.0,0.867,-1.0911616086959839,11.563322067260742,1.5257220268249512,1.080963373184204,-0.7151771783828735,10.697237968444824,ok,ok
real_std,123,block_02,Gear,3,canonical,1,1,1,111,2000,0,1829,0.0,0.9145,2.262282133102417,13.87413215637207,1.0262856483459473,0.8515138626098633,2.2043395042419434,16.293489456176758,ok,ok
real_std,2026,block_02,Gear,3,canonical,1,1,1,111,2000,0,219,0.0,0.1095,-4.141061305999756,4.903128147125244,1.9834418296813965,1.2508182525634766,-2.087815999984741,3.919935941696167,ok,ok
real_std,3407,block_02,Gear,3,canonical,1,1,1,111,2000,0,1535,0.0,0.7675,3.7165560722351074,12.398704528808594,1.4964051246643066,1.0478458404541016,2.483656167984009,11.832564353942871,ok,ok
rule_std,7,block_02,Gear,3,canonical,1,1,1,111,2000,385,2000,0.1925,1.0,9.591995239257812,39.72715377807617,1.181675910949707,1.0359020233154297,8.117280960083008,38.35029602050781,ok,ok
rule_std,42,block_02,Gear,3,canonical,1,1,1,111,2000,1,1978,0.0005,0.989,0.9396215081214905,26.201900482177734,1.1422834396362305,0.9765458106994629,0.8225817084312439,26.831205368041992,ok,ok
rule_std,123,block_02,Gear,3,canonical,1,1,1,111,2000,77,2000,0.0385,1.0,5.680299758911133,59.30613708496094,1.2401223182678223,0.9976696968078613,4.580435752868652,59.44466018676758,ok,ok
rule_std,2026,block_02,Gear,3,canonical,1,1,1,111,2000,82,2000,0.041,1.0,6.814610004425049,29.090890884399414,0.8580408096313477,0.7351598739624023,7.942058086395264,39.57083511352539,ok,ok
rule_std,3407,block_02,Gear,3,canonical,1,1,1,111,2000,1040,1997,0.52,0.9985,14.259737014770508,30.687129974365234,1.325347900390625,1.1839475631713867,10.75924015045166,25.91933250427246,ok,ok
placebo_std,7,block_02,Gear,3,canonical,1,1,1,111,2000,150,2000,0.075,1.0,6.843435764312744,39.39386749267578,1.078871250152588,0.9658546447753906,6.343143463134766,40.78653335571289,ok,ok
placebo_std,42,block_02,Gear,3,canonical,1,1,1,111,2000,1,2000,0.0005,1.0,-0.5089990496635437,36.809844970703125,1.1275620460510254,0.9466109275817871,-0.4514155983924866,38.885929107666016,ok,ok
placebo_std,123,block_02,Gear,3,canonical,1,1,1,111,2000,124,1998,0.062,0.999,5.110905647277832,70.90327453613281,1.1350078582763672,0.9923262596130371,4.502969741821289,71.45157623291016,ok,ok
placebo_std,2026,block_02,Gear,3,canonical,1,1,1,111,2000,1332,2000,0.666,1.0,14.191442489624023,39.04286575317383,1.2206096649169922,0.9491934776306152,11.626519203186035,41.13267517089844,ok,ok
placebo_std,3407,block_02,Gear,3,canonical,1,1,1,111,2000,638,1999,0.319,0.9995,8.559919357299805,31.255985260009766,1.3090081214904785,0.9938716888427734,6.53924036026001,31.448713302612305,ok,ok
real_ms,7,block_02,Gear,3,shifted,0,0,0,000,2000,32,500,0.016,0.25,5.139986515045166,5.683210849761963,1.3007607460021973,1.078542709350586,3.9515233039855957,5.26934289932251,ok,ok
real_ms,42,block_02,Gear,3,shifted,0,0,0,000,2000,0,2,0.0,0.001,-2.5460212230682373,-0.9947443604469299,1.6529512405395508,1.3246212005615234,-1.5402883291244507,-0.7509651780128479,ok,ok
real_ms,123,block_02,Gear,3,shifted,0,0,0,000,2000,0,38,0.0,0.019,-1.0033403635025024,1.7435617446899414,0.9492621421813965,0.7362182140350342,-1.0569688081741333,2.36826753616333,ok,ok
real_ms,2026,block_02,Gear,3,shifted,0,0,0,000,2000,0,33,0.0,0.0165,-1.1790242195129395,2.572136640548706,1.2528009414672852,0.785686731338501,-0.9411105513572693,3.273743152618408,ok,ok
real_ms,3407,block_02,Gear,3,shifted,0,0,0,000,2000,0,2,0.0,0.001,-1.975280523300171,-1.541120171546936,1.0351133346557617,0.9396266937255859,-1.9082746505737305,-1.6401408910751343,ok,ok
rule_ms,7,block_02,Gear,3,shifted,0,0,0,000,2000,1998,1999,0.999,0.9995,32.16118240356445,55.794254302978516,1.0093250274658203,0.880279541015625,31.864049911499023,63.38243103027344,ok,ok
rule_ms,42,block_02,Gear,3,shifted,0,0,0,000,2000,1998,2000,0.999,1.0,35.562747955322266,68.75262451171875,1.0037384033203125,0.8322715759277344,35.4302978515625,82.60840606689453,ok,ok
rule_ms,123,block_02,Gear,3,shifted,0,0,0,000,2000,1998,2000,0.999,1.0,30.480430603027344,52.1506233215332,0.955744743347168,0.7030844688415527,31.891813278198242,74.17405700683594,ok,ok
rule_ms,2026,block_02,Gear,3,shifted,0,0,0,000,2000,1998,2000,0.999,1.0,41.73415756225586,78.66165924072266,1.1129045486450195,0.9166765213012695,37.50020980834961,85.8117904663086,ok,ok
rule_ms,3407,block_02,Gear,3,shifted,0,0,0,000,2000,1998,2000,0.999,1.0,41.766624450683594,66.87220001220703,1.2160930633544922,0.8446950912475586,34.34492492675781,79.16726684570312,ok,ok
placebo_ms,7,block_02,Gear,3,shifted,0,0,0,000,2000,1998,1999,0.999,0.9995,33.83195495605469,63.248477935791016,0.9572105407714844,0.9015884399414062,35.344322204589844,70.15226745605469,ok,ok
placebo_ms,42,block_02,Gear,3,shifted,0,0,0,000,2000,1998,2000,0.999,1.0,32.859928131103516,58.02964401245117,1.096771240234375,0.9426050186157227,29.960601806640625,61.563053131103516,ok,ok
placebo_ms,123,block_02,Gear,3,shifted,0,0,0,000,2000,1998,2000,0.999,1.0,33.61250686645508,56.92250061035156,0.8813776969909668,0.783416748046875,38.136329650878906,72.6592788696289,ok,ok
placebo_ms,2026,block_02,Gear,3,shifted,0,0,0,000,2000,1998,2000,0.999,1.0,30.351356506347656,55.80807876586914,0.9564328193664551,0.6715867519378662,31.73391342163086,83.09884643554688,ok,ok
placebo_ms,3407,block_02,Gear,3,shifted,0,0,0,000,2000,2000,2000,1.0,1.0,40.90290832519531,82.17090606689453,1.068547248840332,0.8411645889282227,38.27899169921875,97.68707275390625,ok,ok
real_std,7,block_02,Gear,3,shifted,0,0,0,000,2000,4,15,0.002,0.0075,3.216775894165039,2.357325792312622,1.6373662948608398,1.2412467002868652,1.9646037817001343,1.8991597890853882,ok,ok
real_std,42,block_02,Gear,3,shifted,0,0,0,000,2000,0,19,0.0,0.0095,-1.8993364572525024,-0.0376657098531723,1.5257220268249512,1.080963373184204,-1.2448770999908447,-0.03484457731246948,ok,ok
real_std,123,block_02,Gear,3,shifted,0,0,0,000,2000,0,6,0.0,0.003,-1.1138943433761597,1.076221227645874,1.0262856483459473,0.8515138626098633,-1.0853646993637085,1.263891577720642,ok,ok
real_std,2026,block_02,Gear,3,shifted,0,0,0,000,2000,0,8,0.0,0.004,-2.9546713829040527,2.788222074508667,1.9834418296813965,1.2508182525634766,-1.4896687269210815,2.229118585586548,ok,ok
real_std,3407,block_02,Gear,3,shifted,0,0,0,000,2000,0,2,0.0,0.001,-0.11878301203250885,-1.215087890625,1.4964051246643066,1.0478458404541016,-0.07937890291213989,-1.1596057415008545,ok,ok
rule_std,7,block_02,Gear,3,shifted,0,0,0,000,2000,1998,2000,0.999,1.0,42.079227447509766,76.75714111328125,1.181675910949707,1.0359020233154297,35.60979080200195,74.09690856933594,ok,ok
rule_std,42,block_02,Gear,3,shifted,0,0,0,000,2000,1998,2000,0.999,1.0,34.61256790161133,61.74980163574219,1.1422834396362305,0.9765458106994629,30.30120277404785,63.23287582397461,ok,ok
rule_std,123,block_02,Gear,3,shifted,0,0,0,000,2000,1998,2000,0.999,1.0,37.52469253540039,75.5226058959961,1.2401223182678223,0.9976696968078613,30.258865356445312,75.69901275634766,ok,ok
rule_std,2026,block_02,Gear,3,shifted,0,0,0,000,2000,1998,2000,0.999,1.0,35.004695892333984,59.09776306152344,0.8580408096313477,0.7351598739624023,40.79607391357422,80.38763427734375,ok,ok
rule_std,3407,block_02,Gear,3,shifted,0,0,0,000,2000,1998,2000,0.999,1.0,47.24052810668945,77.81121826171875,1.325347900390625,1.1839475631713867,35.64386749267578,65.72186279296875,ok,ok
placebo_std,7,block_02,Gear,3,shifted,0,0,0,000,2000,1998,2000,0.999,1.0,36.40024185180664,65.85098266601562,1.078871250152588,0.9658546447753906,33.73918914794922,68.17898559570312,ok,ok
placebo_std,42,block_02,Gear,3,shifted,0,0,0,000,2000,1998,2000,0.999,1.0,37.23611831665039,68.23707580566406,1.1275620460510254,0.9466109275817871,33.023563385009766,72.08565521240234,ok,ok
placebo_std,123,block_02,Gear,3,shifted,0,0,0,000,2000,1998,1998,0.999,0.999,42.16708755493164,86.5856704711914,1.1350078582763672,0.9923262596130371,37.15135955810547,87.2552490234375,ok,ok
placebo_std,2026,block_02,Gear,3,shifted,0,0,0,000,2000,1998,2000,0.999,1.0,43.5337028503418,80.13784790039062,1.2206096649169922,0.9491934776306152,35.6655387878418,84.42730712890625,ok,ok
placebo_std,3407,block_02,Gear,3,shifted,0,0,0,000,2000,1998,2000,0.999,1.0,39.938194274902344,74.5431900024414,1.3090081214904785,0.9938716888427734,30.510271072387695,75.0028305053711,ok,ok
real_ms,7,block_02,Gear,3,shifted,0,0,1,001,2000,43,449,0.0215,0.2245,5.276315689086914,5.422565937042236,1.3007607460021973,1.078542709350586,4.056331157684326,5.027678489685059,ok,ok
real_ms,42,block_02,Gear,3,shifted,0,0,1,001,2000,0,2,0.0,0.001,-2.164047956466675,-1.6126666069030762,1.6529512405395508,1.3246212005615234,-1.3092024326324463,-1.2174547910690308,ok,ok
real_ms,123,block_02,Gear,3,shifted,0,0,1,001,2000,0,19,0.0,0.0095,-0.505788266658783,1.192294716835022,0.9492621421813965,0.7362182140350342,-0.5328224897384644,1.6194854974746704,ok,ok
real_ms,2026,block_02,Gear,3,shifted,0,0,1,001,2000,0,25,0.0,0.0125,-1.2132192850112915,2.1018099784851074,1.2528009414672852,0.785686731338501,-0.9684054851531982,2.6751248836517334,ok,ok
real_ms,3407,block_02,Gear,3,shifted,0,0,1,001,2000,0,3,0.0,0.0015,-0.77580726146698,-0.8078033924102783,1.0351133346557617,0.9396266937255859,-0.7494901418685913,-0.859706699848175,ok,ok
rule_ms,7,block_02,Gear,3,shifted,0,0,1,001,2000,1998,1999,0.999,0.9995,29.50473976135254,49.83435821533203,1.0093250274658203,0.880279541015625,29.23215103149414,56.611968994140625,ok,ok
rule_ms,42,block_02,Gear,3,shifted,0,0,1,001,2000,1998,2000,0.999,1.0,33.221561431884766,63.75684356689453,1.0037384033203125,0.8322715759277344,33.09782791137695,76.6058120727539,ok,ok
rule_ms,123,block_02,Gear,3,shifted,0,0,1,001,2000,1998,2000,0.999,1.0,27.716787338256836,46.67764663696289,0.955744743347168,0.7030844688415527,29.000198364257812,66.38981628417969,ok,ok
rule_ms,2026,block_02,Gear,3,shifted,0,0,1,001,2000,1998,2000,0.999,1.0,38.58729553222656,71.84185028076172,1.1129045486450195,0.9166765213012695,34.67259979248047,78.37207794189453,ok,ok
rule_ms,3407,block_02,Gear,3,shifted,0,0,1,001,2000,1998,2000,0.999,1.0,37.89934158325195,59.037940979003906,1.2160930633544922,0.8446950912475586,31.164836883544922,69.89260864257812,ok,ok
placebo_ms,7,block_02,Gear,3,shifted,0,0,1,001,2000,1998,1999,0.999,0.9995,30.9843807220459,55.983795166015625,0.9572105407714844,0.9015884399414062,32.36945343017578,62.09462356567383,ok,ok
placebo_ms,42,block_02,Gear,3,shifted,0,0,1,001,2000,1998,2000,0.999,1.0,29.914628982543945,53.818172454833984,1.096771240234375,0.9426050186157227,27.275175094604492,57.095149993896484,ok,ok
placebo_ms,123,block_02,Gear,3,shifted,0,0,1,001,2000,1998,2000,0.999,1.0,30.166624069213867,50.010528564453125,0.8813776969909668,0.783416748046875,34.2266731262207,63.836429595947266,ok,ok
placebo_ms,2026,block_02,Gear,3,shifted,0,0,1,001,2000,1998,2000,0.999,1.0,28.021121978759766,52.06080627441406,0.9564328193664551,0.6715867519378662,29.29753303527832,77.51911163330078,ok,ok
placebo_ms,3407,block_02,Gear,3,shifted,0,0,1,001,2000,2000,2000,1.0,1.0,36.736873626708984,71.87535858154297,1.068547248840332,0.8411645889282227,34.38020706176758,85.44744110107422,ok,ok
real_std,7,block_02,Gear,3,shifted,0,0,1,001,2000,3,11,0.0015,0.0055,2.3104565143585205,1.8435403108596802,1.6373662948608398,1.2412467002868652,1.411081075668335,1.4852327108383179,ok,ok
real_std,42,block_02,Gear,3,shifted,0,0,1,001,2000,0,7,0.0,0.0035,-2.056411027908325,-0.6917433142662048,1.5257220268249512,1.080963373184204,-1.3478282690048218,-0.6399322748184204,ok,ok
real_std,123,block_02,Gear,3,shifted,0,0,1,001,2000,0,7,0.0,0.0035,-0.672639787197113,0.553156316280365,1.0262856483459473,0.8515138626098633,-0.6554118394851685,0.6496151685714722,ok,ok
real_std,2026,block_02,Gear,3,shifted,0,0,1,001,2000,0,2,0.0,0.001,-3.5495951175689697,1.480569839477539,1.9834418296813965,1.2508182525634766,-1.7896138429641724,1.1836808919906616,ok,ok
real_std,3407,block_02,Gear,3,shifted,0,0,1,001,2000,0,2,0.0,0.001,0.5201599597930908,-0.9691355228424072,1.4964051246643066,1.0478458404541016,0.3476063907146454,-0.9248836636543274,ok,ok
rule_std,7,block_02,Gear,3,shifted,0,0,1,001,2000,1998,2000,0.999,1.0,36.15589141845703,67.53295135498047,1.181675910949707,1.0359020233154297,30.59713363647461,65.19242095947266,ok,ok
rule_std,42,block_02,Gear,3,shifted,0,0,1,001,2000,1998,2000,0.999,1.0,31.459972381591797,55.81122589111328,1.1422834396362305,0.9765458106994629,27.541301727294922,57.15167236328125,ok,ok
rule_std,123,block_02,Gear,3,shifted,0,0,1,001,2000,1998,2000,0.999,1.0,34.84595489501953,67.21208953857422,1.2401223182678223,0.9976696968078613,28.098800659179688,67.36907958984375,ok,ok
rule_std,2026,block_02,Gear,3,shifted,0,0,1,001,2000,1998,2000,0.999,1.0,31.694486618041992,53.0013427734375,0.8580408096313477,0.7351598739624023,36.93820571899414,72.09500122070312,ok,ok
rule_std,3407,block_02,Gear,3,shifted,0,0,1,001,2000,1998,2000,0.999,1.0,42.58427429199219,67.75946807861328,1.325347900390625,1.1839475631713867,32.130638122558594,57.2318115234375,ok,ok
placebo_std,7,block_02,Gear,3,shifted,0,0,1,001,2000,1998,2000,0.999,1.0,32.315406799316406,55.559303283691406,1.078871250152588,0.9658546447753906,29.95297622680664,57.52346420288086,ok,ok
placebo_std,42,block_02,Gear,3,shifted,0,0,1,001,2000,1998,2000,0.999,1.0,33.8234977722168,62.610877990722656,1.1275620460510254,0.9466109275817871,29.99701499938965,66.14215087890625,ok,ok
placebo_std,123,block_02,Gear,3,shifted,0,0,1,001,2000,1998,1998,0.999,0.999,39.85007858276367,79.46699523925781,1.1350078582763672,0.9923262596130371,35.109962463378906,80.08151245117188,ok,ok
placebo_std,2026,block_02,Gear,3,shifted,0,0,1,001,2000,1998,2000,0.999,1.0,40.86034393310547,72.8440170288086,1.2206096649169922,0.9491934776306152,33.47535705566406,76.7430648803711,ok,ok
placebo_std,3407,block_02,Gear,3,shifted,0,0,1,001,2000,1998,2000,0.999,1.0,34.91354751586914,66.58343505859375,1.3090081214904785,0.9938716888427734,26.6717586517334,66.99400329589844,ok,ok
real_ms,7,block_02,Gear,3,shifted,0,1,0,010,2000,26,97,0.013,0.0485,4.535624027252197,3.491201162338257,1.3007607460021973,1.078542709350586,3.48690128326416,3.2369613647460938,ok,ok
real_ms,42,block_02,Gear,3,shifted,0,1,0,010,2000,0,2,0.0,0.001,-1.9857728481292725,-1.5360734462738037,1.6529512405395508,1.3246212005615234,-1.2013498544692993,-1.1596322059631348,ok,ok
real_ms,123,block_02,Gear,3,shifted,0,1,0,010,2000,0,3,0.0,0.0015,-1.1758860349655151,0.0935172438621521,0.9492621421813965,0.7362182140350342,-1.238736867904663,0.12702378630638123,ok,ok
real_ms,2026,block_02,Gear,3,shifted,0,1,0,010,2000,0,3,0.0,0.0015,-2.2782223224639893,0.701545774936676,1.2528009414672852,0.785686731338501,-1.8185029029846191,0.8929077386856079,ok,ok
real_ms,3407,block_02,Gear,3,shifted,0,1,0,010,2000,0,3,0.0,0.0015,-1.5720163583755493,-1.033599853515625,1.0351133346557617,0.9396266937255859,-1.5186902284622192,-1.1000109910964966,ok,ok
rule_ms,7,block_02,Gear,3,shifted,0,1,0,010,2000,1998,1999,0.999,0.9995,46.01445388793945,93.68832397460938,1.0093250274658203,0.880279541015625,45.58932876586914,106.43019104003906,ok,ok
rule_ms,42,block_02,Gear,3,shifted,0,1,0,010,2000,1998,2000,0.999,1.0,49.72271728515625,119.8830337524414,1.0037384033203125,0.8322715759277344,49.537532806396484,144.0431671142578,ok,ok
rule_ms,123,block_02,Gear,3,shifted,0,1,0,010,2000,1998,2000,0.999,1.0,47.0681037902832,92.07225036621094,0.955744743347168,0.7030844688415527,49.2475700378418,130.9547576904297,ok,ok
rule_ms,2026,block_02,Gear,3,shifted,0,1,0,010,2000,1998,2000,0.999,1.0,57.041236877441406,121.01289367675781,1.1129045486450195,0.9166765213012695,51.25438690185547,132.01263427734375,ok,ok
rule_ms,3407,block_02,Gear,3,shifted,0,1,0,010,2000,1998,2000,0.999,1.0,54.01743698120117,102.78229522705078,1.2160930633544922,0.8446950912475586,44.4188346862793,121.67977142333984,ok,ok
placebo_ms,7,block_02,Gear,3,shifted,0,1,0,010,2000,1998,1999,0.999,0.9995,46.67413330078125,102.08475494384766,0.9572105407714844,0.9015884399414062,48.76057434082031,113.2276611328125,ok,ok
placebo_ms,42,block_02,Gear,3,shifted,0,1,0,010,2000,1998,2000,0.999,1.0,48.75126647949219,107.17081451416016,1.096771240234375,0.9426050186157227,44.44980239868164,113.69641876220703,ok,ok
placebo_ms,123,block_02,Gear,3,shifted,0,1,0,010,2000,1998,2000,0.999,1.0,45.86360168457031,90.73007202148438,0.8813776969909668,0.783416748046875,52.0362663269043,115.81328582763672,ok,ok
placebo_ms,2026,block_02,Gear,3,shifted,0,1,0,010,2000,1998,2000,0.999,1.0,41.52635192871094,87.90559387207031,0.9564328193664551,0.6715867519378662,43.41794967651367,130.89239501953125,ok,ok
placebo_ms,3407,block_02,Gear,3,shifted,0,1,0,010,2000,2000,2000,1.0,1.0,57.926971435546875,118.85488891601562,1.068547248840332,0.8411645889282227,54.210960388183594,141.2980194091797,ok,ok
real_std,7,block_02,Gear,3,shifted,0,1,0,010,2000,28,36,0.014,0.018,5.445422172546387,3.303164005279541,1.6373662948608398,1.2412467002868652,3.3257203102111816,2.6611664295196533,ok,ok
real_std,42,block_02,Gear,3,shifted,0,1,0,010,2000,0,7,0.0,0.0035,-0.9433237314224243,-0.6425396800041199,1.5257220268249512,1.080963373184204,-0.6182801723480225,-0.5944138765335083,ok,ok
real_std,123,block_02,Gear,3,shifted,0,1,0,010,2000,0,3,0.0,0.0015,-1.463442087173462,-0.3551938533782959,1.0262856483459473,0.8515138626098633,-1.4259599447250366,-0.4171321988105774,ok,ok
real_std,2026,block_02,Gear,3,shifted,0,1,0,010,2000,0,4,0.0,0.002,-2.1469345092773438,2.0897414684295654,1.9834418296813965,1.2508182525634766,-1.0824289321899414,1.6706995964050293,ok,ok
real_std,3407,block_02,Gear,3,shifted,0,1,0,010,2000,0,2,0.0,0.001,1.1495599746704102,-0.3977111279964447,1.4964051246643066,1.0478458404541016,0.7682144641876221,-0.3795512020587921,ok,ok
rule_std,7,block_02,Gear,3,shifted,0,1,0,010,2000,1998,2000,0.999,1.0,57.48588180541992,117.40299987792969,1.181675910949707,1.0359020233154297,48.64775848388672,113.33406829833984,ok,ok
rule_std,42,block_02,Gear,3,shifted,0,1,0,010,2000,1998,2000,0.999,1.0,49.600799560546875,102.84136962890625,1.1422834396362305,0.9765458106994629,43.4224967956543,105.31135559082031,ok,ok
rule_std,123,block_02,Gear,3,shifted,0,1,0,010,2000,1998,2000,0.999,1.0,53.02296447753906,119.13628387451172,1.2401223182678223,0.9976696968078613,42.7562370300293,119.41454315185547,ok,ok
rule_std,2026,block_02,Gear,3,shifted,0,1,0,010,2000,1998,2000,0.999,1.0,50.84160232543945,104.9793930053711,0.8580408096313477,0.7351598739624023,59.25313186645508,142.79803466796875,ok,ok
rule_std,3407,block_02,Gear,3,shifted,0,1,0,010,2000,1998,2000,0.999,1.0,64.14508056640625,119.67882537841797,1.325347900390625,1.1839475631713867,48.3986701965332,101.0845718383789,ok,ok
placebo_std,7,block_02,Gear,3,shifted,0,1,0,010,2000,1998,2000,0.999,1.0,52.073204040527344,107.979736328125,1.078871250152588,0.9658546447753906,48.26637649536133,111.7970962524414,ok,ok
placebo_std,42,block_02,Gear,3,shifted,0,1,0,010,2000,1998,2000,0.999,1.0,49.1662483215332,112.76748657226562,1.1275620460510254,0.9466109275817871,43.604034423828125,119.12759399414062,ok,ok
placebo_std,123,block_02,Gear,3,shifted,0,1,0,010,2000,1998,1998,0.999,0.999,58.44758224487305,135.9766845703125,1.1350078582763672,0.9923262596130371,51.49530792236328,137.02821350097656,ok,ok
placebo_std,2026,block_02,Gear,3,shifted,0,1,0,010,2000,1998,2000,0.999,1.0,54.392982482910156,127.6267318725586,1.2206096649169922,0.9491934776306152,44.56214904785156,134.45809936523438,ok,ok
placebo_std,3407,block_02,Gear,3,shifted,0,1,0,010,2000,1998,2000,0.999,1.0,53.25093460083008,110.79706573486328,1.3090081214904785,0.9938716888427734,40.68036651611328,111.4802474975586,ok,ok
real_ms,7,block_02,Gear,3,shifted,0,1,1,011,2000,20,65,0.01,0.0325,4.288913249969482,3.1132211685180664,1.3007607460021973,1.078542709350586,3.297234296798706,2.8865067958831787,ok,ok
real_ms,42,block_02,Gear,3,shifted,0,1,1,011,2000,0,2,0.0,0.001,-2.106335401535034,-1.9541230201721191,1.6529512405395508,1.3246212005615234,-1.2742877006530762,-1.475231647491455,ok,ok
real_ms,123,block_02,Gear,3,shifted,0,1,1,011,2000,0,3,0.0,0.0015,-1.1937952041625977,-0.4387279748916626,0.9492621421813965,0.7362182140350342,-1.257603406906128,-0.5959211587905884,ok,ok
real_ms,2026,block_02,Gear,3,shifted,0,1,1,011,2000,0,2,0.0,0.001,-2.5478851795196533,0.3732999861240387,1.2528009414672852,0.785686731338501,-2.0337512493133545,0.4751257300376892,ok,ok
real_ms,3407,block_02,Gear,3,shifted,0,1,1,011,2000,0,4,0.0,0.002,-0.6063590049743652,-0.5088151097297668,1.0351133346557617,0.9396266937255859,-0.5857899785041809,-0.5415076613426208,ok,ok
rule_ms,7,block_02,Gear,3,shifted,0,1,1,011,2000,1998,1999,0.999,0.9995,41.79350280761719,83.66082000732422,1.0093250274658203,0.880279541015625,41.407379150390625,95.03892517089844,ok,ok
rule_ms,42,block_02,Gear,3,shifted,0,1,1,011,2000,1998,2000,0.999,1.0,45.508155822753906,108.11161804199219,1.0037384033203125,0.8322715759277344,45.33866500854492,129.89944458007812,ok,ok
rule_ms,123,block_02,Gear,3,shifted,0,1,1,011,2000,1998,2000,0.999,1.0,42.272483825683594,81.89515686035156,0.955744743347168,0.7030844688415527,44.229888916015625,116.47982788085938,ok,ok
rule_ms,2026,block_02,Gear,3,shifted,0,1,1,011,2000,1998,2000,0.999,1.0,51.635772705078125,108.37039184570312,1.1129045486450195,0.9166765213012695,46.397308349609375,118.22098541259766,ok,ok
rule_ms,3407,block_02,Gear,3,shifted,0,1,1,011,2000,1998,2000,0.999,1.0,48.10580825805664,93.47945404052734,1.2160930633544922,0.8446950912475586,39.55767059326172,110.66651153564453,ok,ok
placebo_ms,7,block_02,Gear,3,shifted,0,1,1,011,2000,1998,1999,0.999,0.9995,42.54265594482422,91.94696044921875,0.9572105407714844,0.9015884399414062,44.44440460205078,101.98329162597656,ok,ok
placebo_ms,42,block_02,Gear,3,shifted,0,1,1,011,2000,1998,2000,0.999,1.0,43.66864013671875,96.6506118774414,1.096771240234375,0.9426050186157227,39.81563186645508,102.53562927246094,ok,ok
placebo_ms,123,block_02,Gear,3,shifted,0,1,1,011,2000,1998,2000,0.999,1.0,40.85560989379883,78.83265686035156,0.8813776969909668,0.783416748046875,46.3542594909668,100.62671661376953,ok,ok
placebo_ms,2026,block_02,Gear,3,shifted,0,1,1,011,2000,1998,2000,0.999,1.0,37.036502838134766,77.77786254882812,0.9564328193664551,0.6715867519378662,38.72357940673828,115.81208038330078,ok,ok
placebo_ms,3407,block_02,Gear,3,shifted,0,1,1,011,2000,2000,2000,1.0,1.0,51.4385871887207,107.23212432861328,1.068547248840332,0.8411645889282227,48.138797760009766,127.48054504394531,ok,ok
real_std,7,block_02,Gear,3,shifted,0,1,1,011,2000,8,12,0.004,0.006,4.047826766967773,2.144949197769165,1.6373662948608398,1.2412467002868652,2.4721570014953613,1.7280604839324951,ok,ok
real_std,42,block_02,Gear,3,shifted,0,1,1,011,2000,0,4,0.0,0.002,-1.0295746326446533,-0.9647185802459717,1.5257220268249512,1.080963373184204,-0.6748114228248596,-0.8924617767333984,ok,ok
real_std,123,block_02,Gear,3,shifted,0,1,1,011,2000,0,3,0.0,0.0015,-1.5748050212860107,-0.9371256232261658,1.0262856483459473,0.8515138626098633,-1.5344704389572144,-1.1005405187606812,ok,ok
real_std,2026,block_02,Gear,3,shifted,0,1,1,011,2000,0,2,0.0,0.001,-2.5654404163360596,0.7029813528060913,1.9834418296813965,1.2508182525634766,-1.293428659439087,0.5620171427726746,ok,ok
real_std,3407,block_02,Gear,3,shifted,0,1,1,011,2000,0,2,0.0,0.001,1.2724905014038086,-0.5135743021965027,1.4964051246643066,1.0478458404541016,0.8503649830818176,-0.4901238977909088,ok,ok
rule_std,7,block_02,Gear,3,shifted,0,1,1,011,2000,1998,2000,0.999,1.0,51.02074432373047,105.8736572265625,1.181675910949707,1.0359020233154297,43.176597595214844,102.20431518554688,ok,ok
rule_std,42,block_02,Gear,3,shifted,0,1,1,011,2000,1998,2000,0.999,1.0,43.97026443481445,90.91156768798828,1.1422834396362305,0.9765458106994629,38.49330520629883,93.09503936767578,ok,ok
rule_std,123,block_02,Gear,3,shifted,0,1,1,011,2000,1998,2000,0.999,1.0,48.2901611328125,104.72420501708984,1.2401223182678223,0.9976696968078613,38.93983459472656,104.96881103515625,ok,ok
rule_std,2026,block_02,Gear,3,shifted,0,1,1,011,2000,1998,2000,0.999,1.0,45.5473518371582,92.54159545898438,0.8580408096313477,0.7351598739624023,53.082969665527344,125.87956237792969,ok,ok
rule_std,3407,block_02,Gear,3,shifted,0,1,1,011,2000,1998,2000,0.999,1.0,59.167110443115234,108.6583251953125,1.325347900390625,1.1839475631713867,44.642704010009766,91.77629852294922,ok,ok
placebo_std,7,block_02,Gear,3,shifted,0,1,1,011,2000,1998,2000,0.999,1.0,46.69227981567383,94.07957458496094,1.078871250152588,0.9658546447753906,43.27882385253906,97.40553283691406,ok,ok
placebo_std,42,block_02,Gear,3,shifted,0,1,1,011,2000,1998,2000,0.999,1.0,43.260501861572266,102.3917007446289,1.1275620460510254,0.9466109275817871,38.36640548706055,108.16661834716797,ok,ok
placebo_std,123,block_02,Gear,3,shifted,0,1,1,011,2000,1998,1998,0.999,0.999,54.26948547363281,122.76203155517578,1.1350078582763672,0.9923262596130371,47.81418991088867,123.71135711669922,ok,ok
placebo_std,2026,block_02,Gear,3,shifted,0,1,1,011,2000,1998,2000,0.999,1.0,49.0303840637207,111.43584442138672,1.2206096649169922,0.9491934776306152,40.16876220703125,117.40054321289062,ok,ok
placebo_std,3407,block_02,Gear,3,shifted,0,1,1,011,2000,1998,2000,0.999,1.0,47.440677642822266,100.9317626953125,1.3090081214904785,0.9938716888427734,36.241695404052734,101.55412292480469,ok,ok
real_ms,7,block_02,Gear,3,shifted,1,0,0,100,2000,15,1953,0.0075,0.9765,5.166923999786377,15.185632705688477,1.3007607460021973,1.078542709350586,3.9722325801849365,14.079769134521484,ok,ok
real_ms,42,block_02,Gear,3,shifted,1,0,0,100,2000,0,808,0.0,0.404,1.8310883045196533,9.706099510192871,1.6529512405395508,1.3246212005615234,1.1077690124511719,7.32745361328125,ok,ok
real_ms,123,block_02,Gear,3,shifted,1,0,0,100,2000,2,1958,0.001,0.979,2.3878426551818848,18.448387145996094,0.9492621421813965,0.7362182140350342,2.515472412109375,25.058313369750977,ok,ok
real_ms,2026,block_02,Gear,3,shifted,1,0,0,100,2000,0,1862,0.0,0.931,-0.38050058484077454,13.283591270446777,1.2528009414672852,0.785686731338501,-0.3037198781967163,16.906980514526367,ok,ok
real_ms,3407,block_02,Gear,3,shifted,1,0,0,100,2000,0,1946,0.0,0.973,1.3914361000061035,13.828780174255371,1.0351133346557617,0.9396266937255859,1.3442354202270508,14.717312812805176,ok,ok
rule_ms,7,block_02,Gear,3,shifted,1,0,0,100,2000,1,1999,0.0005,0.9995,-1.6943144798278809,38.768585205078125,1.0093250274658203,0.880279541015625,-1.6786609888076782,44.04122543334961,ok,ok
rule_ms,42,block_02,Gear,3,shifted,1,0,0,100,2000,87,1985,0.0435,0.9925,6.7475433349609375,20.94504737854004,1.0037384033203125,0.8322715759277344,6.722412586212158,25.166120529174805,ok,ok
rule_ms,123,block_02,Gear,3,shifted,1,0,0,100,2000,27,2000,0.0135,1.0,1.8042398691177368,37.293304443359375,0.955744743347168,0.7030844688415527,1.887784481048584,53.04242706298828,ok,ok
rule_ms,2026,block_02,Gear,3,shifted,1,0,0,100,2000,106,2000,0.053,1.0,5.866445541381836,39.55528259277344,1.1129045486450195,0.9166765213012695,5.271292209625244,43.150753021240234,ok,ok
rule_ms,3407,block_02,Gear,3,shifted,1,0,0,100,2000,1570,2000,0.785,1.0,14.500696182250977,29.822004318237305,1.2160930633544922,0.8446950912475586,11.924001693725586,35.305049896240234,ok,ok
placebo_ms,7,block_02,Gear,3,shifted,1,0,0,100,2000,36,1997,0.018,0.9985,3.6022274494171143,26.517518997192383,0.9572105407714844,0.9015884399414062,3.7632548809051514,29.412002563476562,ok,ok
placebo_ms,42,block_02,Gear,3,shifted,1,0,0,100,2000,28,1995,0.014,0.9975,4.168664455413818,21.165592193603516,1.096771240234375,0.9426050186157227,3.800851583480835,22.45435905456543,ok,ok
placebo_ms,123,block_02,Gear,3,shifted,1,0,0,100,2000,27,2000,0.0135,1.0,0.8418585062026978,42.20713424682617,0.8813776969909668,0.783416748046875,0.955161988735199,53.87570571899414,ok,ok
placebo_ms,2026,block_02,Gear,3,shifted,1,0,0,100,2000,63,2000,0.0315,1.0,4.22442102432251,34.32288360595703,0.9564328193664551,0.6715867519378662,4.416850566864014,51.107139587402344,ok,ok
placebo_ms,3407,block_02,Gear,3,shifted,1,0,0,100,2000,546,2000,0.273,1.0,10.072790145874023,35.17729187011719,1.068547248840332,0.8411645889282227,9.426621437072754,41.81975173950195,ok,ok
real_std,7,block_02,Gear,3,shifted,1,0,0,100,2000,0,1737,0.0,0.8685,3.876938581466675,16.38530921936035,1.6373662948608398,1.2412467002868652,2.3677895069122314,13.200687408447266,ok,ok
real_std,42,block_02,Gear,3,shifted,1,0,0,100,2000,0,1861,0.0,0.9305,-0.6220909357070923,15.098824501037598,1.5257220268249512,1.080963373184204,-0.4077354371547699,13.967931747436523,ok,ok
real_std,123,block_02,Gear,3,shifted,1,0,0,100,2000,1,1893,0.0005,0.9465,3.2136130332946777,17.244829177856445,1.0262856483459473,0.8515138626098633,3.1313045024871826,20.251964569091797,ok,ok
real_std,2026,block_02,Gear,3,shifted,1,0,0,100,2000,0,589,0.0,0.2945,-4.485934734344482,7.04189920425415,1.9834418296813965,1.2508182525634766,-2.2616918087005615,5.6298346519470215,ok,ok
real_std,3407,block_02,Gear,3,shifted,1,0,0,100,2000,0,1633,0.0,0.8165,3.464824676513672,12.948880195617676,1.4964051246643066,1.0478458404541016,2.315432071685791,12.357619285583496,ok,ok
rule_std,7,block_02,Gear,3,shifted,1,0,0,100,2000,70,2000,0.035,1.0,5.764310359954834,38.954280853271484,1.181675910949707,1.0359020233154297,4.87808084487915,37.604209899902344,ok,ok
rule_std,42,block_02,Gear,3,shifted,1,0,0,100,2000,8,1922,0.004,0.961,1.8076711893081665,18.29651641845703,1.1422834396362305,0.9765458106994629,1.582506537437439,18.735952377319336,ok,ok
rule_std,123,block_02,Gear,3,shifted,1,0,0,100,2000,76,2000,0.038,1.0,5.1817731857299805,52.90684127807617,1.2401223182678223,0.9976696968078613,4.178437232971191,53.030418395996094,ok,ok
rule_std,2026,block_02,Gear,3,shifted,1,0,0,100,2000,310,2000,0.155,1.0,8.863970756530762,25.056425094604492,0.8580408096313477,0.7351598739624023,10.330476760864258,34.08296203613281,ok,ok
rule_std,3407,block_02,Gear,3,shifted,1,0,0,100,2000,405,1990,0.2025,0.995,11.02550983428955,24.54595375061035,1.325347900390625,1.1839475631713867,8.318955421447754,20.732295989990234,ok,ok
placebo_std,7,block_02,Gear,3,shifted,1,0,0,100,2000,3,2000,0.0015,1.0,2.431337356567383,34.644100189208984,1.078871250152588,0.9658546447753906,2.253593683242798,35.868858337402344,ok,ok
placebo_std,42,block_02,Gear,3,shifted,1,0,0,100,2000,65,1996,0.0325,0.998,3.9093384742736816,24.8425235748291,1.1275620460510254,0.9466109275817871,3.467071771621704,26.243648529052734,ok,ok
placebo_std,123,block_02,Gear,3,shifted,1,0,0,100,2000,38,1998,0.019,0.999,1.112039566040039,60.39155578613281,1.1350078582763672,0.9923262596130371,0.9797636866569519,60.85856628417969,ok,ok
placebo_std,2026,block_02,Gear,3,shifted,1,0,0,100,2000,999,1999,0.4995,0.9995,12.522537231445312,37.009422302246094,1.2206096649169922,0.9491934776306152,10.259247779846191,38.990386962890625,ok,ok
placebo_std,3407,block_02,Gear,3,shifted,1,0,0,100,2000,130,2000,0.065,1.0,3.9830853939056396,31.054479598999023,1.3090081214904785,0.9938716888427734,3.0428271293640137,31.24596405029297,ok,ok
real_ms,7,block_02,Gear,3,shifted,1,0,1,101,2000,9,1995,0.0045,0.9975,4.297318935394287,17.306182861328125,1.3007607460021973,1.078542709350586,3.303696870803833,16.045896530151367,ok,ok
real_ms,42,block_02,Gear,3,shifted,1,0,1,101,2000,0,1191,0.0,0.5955,2.5955464839935303,12.212066650390625,1.6529512405395508,1.3246212005615234,1.5702497959136963,9.21928882598877,ok,ok
real_ms,123,block_02,Gear,3,shifted,1,0,1,101,2000,2,1965,0.001,0.9825,2.0575363636016846,18.441875457763672,0.9492621421813965,0.7362182140350342,2.167511224746704,25.049468994140625,ok,ok
real_ms,2026,block_02,Gear,3,shifted,1,0,1,101,2000,0,1946,0.0,0.973,-0.8783503174781799,14.211734771728516,1.2528009414672852,0.785686731338501,-0.7011092305183411,18.088294982910156,ok,ok
real_ms,3407,block_02,Gear,3,shifted,1,0,1,101,2000,0,1978,0.0,0.989,1.2450249195098877,15.205450057983398,1.0351133346557617,0.9396266937255859,1.2027909755706787,16.182437896728516,ok,ok
rule_ms,7,block_02,Gear,3,shifted,1,0,1,101,2000,0,1999,0.0,0.9995,-3.2521896362304688,41.12533187866211,1.0093250274658203,0.880279541015625,-3.2221431732177734,46.71849060058594,ok,ok
rule_ms,42,block_02,Gear,3,shifted,1,0,1,101,2000,10,1998,0.005,0.999,5.5694990158081055,22.157554626464844,1.0037384033203125,0.8322715759277344,5.548755645751953,26.62298583984375,ok,ok
rule_ms,123,block_02,Gear,3,shifted,1,0,1,101,2000,9,2000,0.0045,1.0,1.3989752531051636,36.58809280395508,0.955744743347168,0.7030844688415527,1.4637540578842163,52.039398193359375,ok,ok
rule_ms,2026,block_02,Gear,3,shifted,1,0,1,101,2000,16,2000,0.008,1.0,3.9584872722625732,40.95977020263672,1.1129045486450195,0.9166765213012695,3.5568974018096924,44.68290710449219,ok,ok
rule_ms,3407,block_02,Gear,3,shifted,1,0,1,101,2000,909,2000,0.4545,1.0,11.28193473815918,28.702491760253906,1.2160930633544922,0.8446950912475586,9.277196884155273,33.97970199584961,ok,ok
placebo_ms,7,block_02,Gear,3,shifted,1,0,1,101,2000,7,1999,0.0035,0.9995,2.0782439708709717,29.602134704589844,0.9572105407714844,0.9015884399414062,2.1711459159851074,32.83331298828125,ok,ok
placebo_ms,42,block_02,Gear,3,shifted,1,0,1,101,2000,3,1999,0.0015,0.9995,3.3394739627838135,21.492652893066406,1.096771240234375,0.9426050186157227,3.0448226928710938,22.801332473754883,ok,ok
placebo_ms,123,block_02,Gear,3,shifted,1,0,1,101,2000,1,2000,0.0005,1.0,-0.9060815572738647,44.21842575073242,0.8813776969909668,0.783416748046875,-1.0280286073684692,56.44304275512695,ok,ok
placebo_ms,2026,block_02,Gear,3,shifted,1,0,1,101,2000,2,2000,0.001,1.0,2.6679630279541016,36.21891403198242,0.9564328193664551,0.6715867519378662,2.7894930839538574,53.93035888671875,ok,ok
placebo_ms,3407,block_02,Gear,3,shifted,1,0,1,101,2000,130,2000,0.065,1.0,7.673119068145752,35.520328521728516,1.068547248840332,0.8411645889282227,7.180889129638672,42.22755813598633,ok,ok
real_std,7,block_02,Gear,3,shifted,1,0,1,101,2000,0,1902,0.0,0.951,3.184760808944702,18.93678855895996,1.6373662948608398,1.2412467002868652,1.945050835609436,15.256265640258789,ok,ok
real_std,42,block_02,Gear,3,shifted,1,0,1,101,2000,0,1849,0.0,0.9245,-0.12822756171226501,14.659552574157715,1.5257220268249512,1.080963373184204,-0.08404384553432465,13.561563491821289,ok,ok
real_std,123,block_02,Gear,3,shifted,1,0,1,101,2000,2,1896,0.001,0.948,3.048994541168213,17.257610321044922,1.0262856483459473,0.8515138626098633,2.970902442932129,20.26697540283203,ok,ok
real_std,2026,block_02,Gear,3,shifted,1,0,1,101,2000,0,974,0.0,0.487,-4.975638389587402,8.579357147216797,1.9834418296813965,1.2508182525634766,-2.5085878372192383,6.8589959144592285,ok,ok
real_std,3407,block_02,Gear,3,shifted,1,0,1,101,2000,0,1877,0.0,0.9385,3.801994562149048,16.055063247680664,1.4964051246643066,1.0478458404541016,2.540752410888672,15.321969032287598,ok,ok
rule_std,7,block_02,Gear,3,shifted,1,0,1,101,2000,13,2000,0.0065,1.0,4.389647483825684,40.68055725097656,1.181675910949707,1.0359020233154297,3.7147645950317383,39.27066421508789,ok,ok
rule_std,42,block_02,Gear,3,shifted,1,0,1,101,2000,1,1990,0.0005,0.995,0.44380122423171997,21.27359962463379,1.1422834396362305,0.9765458106994629,0.38852110505104065,21.78453826904297,ok,ok
rule_std,123,block_02,Gear,3,shifted,1,0,1,101,2000,24,2000,0.012,1.0,3.682074785232544,52.45914840698242,1.2401223182678223,0.9976696968078613,2.9691221714019775,52.58168029785156,ok,ok
rule_std,2026,block_02,Gear,3,shifted,1,0,1,101,2000,78,2000,0.039,1.0,7.315221786499023,25.876140594482422,0.8580408096313477,0.7351598739624023,8.525494575500488,35.197975158691406,ok,ok
rule_std,3407,block_02,Gear,3,shifted,1,0,1,101,2000,155,1990,0.0775,0.995,9.351973533630371,25.438114166259766,1.325347900390625,1.1839475631713867,7.056240081787109,21.485843658447266,ok,ok
placebo_std,7,block_02,Gear,3,shifted,1,0,1,101,2000,0,2000,0.0,1.0,1.2584874629974365,35.84946823120117,1.078871250152588,0.9658546447753906,1.1664851903915405,37.11683654785156,ok,ok
placebo_std,42,block_02,Gear,3,shifted,1,0,1,101,2000,3,2000,0.0015,1.0,1.8702912330627441,26.819852828979492,1.1275620460510254,0.9466109275817871,1.6587034463882446,28.332500457763672,ok,ok
placebo_std,123,block_02,Gear,3,shifted,1,0,1,101,2000,2,1998,0.001,0.999,-1.4964841604232788,64.82364654541016,1.1350078582763672,0.9923262596130371,-1.3184791803359985,65.32493591308594,ok,ok
placebo_std,2026,block_02,Gear,3,shifted,1,0,1,101,2000,589,2000,0.2945,1.0,10.565591812133789,37.72270202636719,1.2206096649169922,0.9491934776306152,8.65599536895752,39.741844177246094,ok,ok
placebo_std,3407,block_02,Gear,3,shifted,1,0,1,101,2000,23,2000,0.0115,1.0,2.436661958694458,30.68883514404297,1.3090081214904785,0.9938716888427734,1.8614565134048462,30.878067016601562,ok,ok
real_ms,7,block_02,Gear,3,shifted,1,1,0,110,2000,2,1715,0.001,0.8575,5.314419746398926,11.291437149047852,1.3007607460021973,1.078542709350586,4.0856242179870605,10.469161033630371,ok,ok
real_ms,42,block_02,Gear,3,shifted,1,1,0,110,2000,0,53,0.0,0.0265,-2.402663469314575,3.0592103004455566,1.6529512405395508,1.3246212005615234,-1.4535597562789917,2.3094983100891113,ok,ok
real_ms,123,block_02,Gear,3,shifted,1,1,0,110,2000,0,1952,0.0,0.976,1.0995954275131226,15.98584270477295,0.9492621421813965,0.7362182140350342,1.158368706703186,21.713457107543945,ok,ok
real_ms,2026,block_02,Gear,3,shifted,1,1,0,110,2000,0,871,0.0,0.4355,-0.6695556640625,7.140975475311279,1.2528009414672852,0.785686731338501,-0.5344469547271729,9.088833808898926,ok,ok
real_ms,3407,block_02,Gear,3,shifted,1,1,0,110,2000,0,1841,0.0,0.9205,1.0011435747146606,11.359856605529785,1.0351133346557617,0.9396266937255859,0.9671826362609863,12.08975601196289,ok,ok
rule_ms,7,block_02,Gear,3,shifted,1,1,0,110,2000,14,1999,0.007,0.9995,1.9901293516159058,38.97915267944336,1.0093250274658203,0.880279541015625,1.971742868423462,44.280426025390625,ok,ok
rule_ms,42,block_02,Gear,3,shifted,1,1,0,110,2000,357,1981,0.1785,0.9905,9.139898300170898,26.762582778930664,1.0037384033203125,0.8322715759277344,9.105857849121094,32.156070709228516,ok,ok
rule_ms,123,block_02,Gear,3,shifted,1,1,0,110,2000,540,2000,0.27,1.0,7.367337703704834,40.717594146728516,0.955744743347168,0.7030844688415527,7.70847749710083,57.912803649902344,ok,ok
rule_ms,2026,block_02,Gear,3,shifted,1,1,0,110,2000,72,2000,0.036,1.0,6.199065208435059,37.34810256958008,1.1129045486450195,0.9166765213012695,5.5701680183410645,40.74294662475586,ok,ok
rule_ms,3407,block_02,Gear,3,shifted,1,1,0,110,2000,1948,2000,0.974,1.0,18.932790756225586,29.131851196289062,1.2160930633544922,0.8446950912475586,15.568536758422852,34.488006591796875,ok,ok
placebo_ms,7,block_02,Gear,3,shifted,1,1,0,110,2000,203,1997,0.1015,0.9985,6.214925289154053,30.60408592224121,0.9572105407714844,0.9015884399414062,6.492745876312256,33.94462966918945,ok,ok
placebo_ms,42,block_02,Gear,3,shifted,1,1,0,110,2000,55,1996,0.0275,0.998,4.551781177520752,28.659194946289062,1.096771240234375,0.9426050186157227,4.1501641273498535,30.404245376586914,ok,ok
placebo_ms,123,block_02,Gear,3,shifted,1,1,0,110,2000,108,2000,0.054,1.0,3.5526180267333984,44.774234771728516,0.8813776969909668,0.783416748046875,4.030755519866943,57.15250778198242,ok,ok
placebo_ms,2026,block_02,Gear,3,shifted,1,1,0,110,2000,146,2000,0.073,1.0,6.014132022857666,35.40985107421875,0.9564328193664551,0.6715867519378662,6.2880859375,52.72565841674805,ok,ok
placebo_ms,3407,block_02,Gear,3,shifted,1,1,0,110,2000,1592,1996,0.796,0.998,15.73255443572998,33.37171936035156,1.068547248840332,0.8411645889282227,14.723312377929688,39.6732292175293,ok,ok
real_std,7,block_02,Gear,3,shifted,1,1,0,110,2000,0,864,0.0,0.432,3.3328096866607666,9.69129753112793,1.6373662948608398,1.2412467002868652,2.0354697704315186,7.807713031768799,ok,ok
real_std,42,block_02,Gear,3,shifted,1,1,0,110,2000,0,1787,0.0,0.8935,-1.5205110311508179,12.261539459228516,1.5257220268249512,1.080963373184204,-0.9965845942497253,11.343160629272461,ok,ok
real_std,123,block_02,Gear,3,shifted,1,1,0,110,2000,0,1885,0.0,0.9425,2.0908217430114746,14.920269966125488,1.0262856483459473,0.8515138626098633,2.0372707843780518,17.522050857543945,ok,ok
real_std,2026,block_02,Gear,3,shifted,1,1,0,110,2000,0,256,0.0,0.128,-3.769761085510254,4.767561912536621,1.9834418296813965,1.2508182525634766,-1.9006158113479614,3.8115546703338623,ok,ok
real_std,3407,block_02,Gear,3,shifted,1,1,0,110,2000,0,1495,0.0,0.7475,2.985445737838745,12.219132423400879,1.4964051246643066,1.0478458404541016,1.995078444480896,11.661192893981934,ok,ok
rule_std,7,block_02,Gear,3,shifted,1,1,0,110,2000,762,2000,0.381,1.0,11.505663871765137,41.57451629638672,1.181675910949707,1.0359020233154297,9.736733436584473,40.13364028930664,ok,ok
rule_std,42,block_02,Gear,3,shifted,1,1,0,110,2000,18,1951,0.009,0.9755,2.1886978149414062,23.894184112548828,1.1422834396362305,0.9765458106994629,1.9160723686218262,24.468063354492188,ok,ok
rule_std,123,block_02,Gear,3,shifted,1,1,0,110,2000,637,2000,0.3185,1.0,10.095440864562988,56.63064956665039,1.2401223182678223,0.9976696968078613,8.140681266784668,56.76292037963867,ok,ok
rule_std,2026,block_02,Gear,3,shifted,1,1,0,110,2000,196,1999,0.098,0.9995,8.082268714904785,28.209415435791016,0.8580408096313477,0.7351598739624023,9.419445037841797,38.37181091308594,ok,ok
rule_std,3407,block_02,Gear,3,shifted,1,1,0,110,2000,1508,1997,0.754,0.9985,16.84606170654297,30.94410514831543,1.325347900390625,1.1839475631713867,12.710671424865723,26.136381149291992,ok,ok
placebo_std,7,block_02,Gear,3,shifted,1,1,0,110,2000,414,2000,0.207,1.0,8.574789047241211,39.7139892578125,1.078871250152588,0.9658546447753906,7.947925567626953,41.117977142333984,ok,ok
placebo_std,42,block_02,Gear,3,shifted,1,1,0,110,2000,13,1998,0.0065,0.999,1.0812145471572876,35.14231491088867,1.1275620460510254,0.9466109275817871,0.9588959813117981,37.12434768676758,ok,ok
placebo_std,123,block_02,Gear,3,shifted,1,1,0,110,2000,569,1998,0.2845,0.999,9.275313377380371,70.88632202148438,1.1350078582763672,0.9923262596130371,8.172025680541992,71.43449401855469,ok,ok
placebo_std,2026,block_02,Gear,3,shifted,1,1,0,110,2000,1653,1999,0.8265,0.9995,16.266258239746094,39.25481033325195,1.2206096649169922,0.9491934776306152,13.326338768005371,41.35596466064453,ok,ok
placebo_std,3407,block_02,Gear,3,shifted,1,1,0,110,2000,1287,2000,0.6435,1.0,11.517849922180176,30.89106559753418,1.3090081214904785,0.9938716888427734,8.798913955688477,31.08154296875,ok,ok
real_ms,7,block_02,Gear,3,shifted,1,1,1,111,2000,2,1666,0.001,0.833,5.566949844360352,10.77401351928711,1.3007607460021973,1.078542709350586,4.279764652252197,9.989418029785156,ok,ok
real_ms,42,block_02,Gear,3,shifted,1,1,1,111,2000,0,74,0.0,0.037,-1.0458793640136719,4.099678993225098,1.6529512405395508,1.3246212005615234,-0.632734477519989,3.094982385635376,ok,ok
real_ms,123,block_02,Gear,3,shifted,1,1,1,111,2000,0,1898,0.0,0.949,1.367828607559204,14.130328178405762,0.9492621421813965,0.7362182140350342,1.4409387111663818,19.193124771118164,ok,ok
real_ms,2026,block_02,Gear,3,shifted,1,1,1,111,2000,0,1032,0.0,0.516,-0.7483881711959839,7.805141448974609,1.2528009414672852,0.785686731338501,-0.5973719358444214,9.934165000915527,ok,ok
real_ms,3407,block_02,Gear,3,shifted,1,1,1,111,2000,0,1781,0.0,0.8905,1.5416231155395508,10.641769409179688,1.0351133346557617,0.9396266937255859,1.4893280267715454,11.325528144836426,ok,ok
rule_ms,7,block_02,Gear,3,shifted,1,1,1,111,2000,4,1999,0.002,0.9995,0.999212384223938,39.443389892578125,1.0093250274658203,0.880279541015625,0.9899807572364807,44.807796478271484,ok,ok
rule_ms,42,block_02,Gear,3,shifted,1,1,1,111,2000,199,1988,0.0995,0.994,8.104510307312012,27.62397575378418,1.0037384033203125,0.8322715759277344,8.074325561523438,33.191062927246094,ok,ok
rule_ms,123,block_02,Gear,3,shifted,1,1,1,111,2000,107,2000,0.0535,1.0,4.489137649536133,43.2744140625,0.955744743347168,0.7030844688415527,4.697004795074463,61.549381256103516,ok,ok
rule_ms,2026,block_02,Gear,3,shifted,1,1,1,111,2000,20,2000,0.01,1.0,4.617245197296143,38.23016357421875,1.1129045486450195,0.9166765213012695,4.148824214935303,41.7051887512207,ok,ok
rule_ms,3407,block_02,Gear,3,shifted,1,1,1,111,2000,1817,1999,0.9085,0.9995,16.22772216796875,28.48138999938965,1.2160930633544922,0.8446950912475586,13.344145774841309,33.717952728271484,ok,ok
placebo_ms,7,block_02,Gear,3,shifted,1,1,1,111,2000,126,1996,0.063,0.998,5.66890811920166,29.47658920288086,0.9572105407714844,0.9015884399414062,5.92232084274292,32.69406509399414,ok,ok
placebo_ms,42,block_02,Gear,3,shifted,1,1,1,111,2000,19,1999,0.0095,0.9995,3.5571229457855225,29.58188247680664,1.096771240234375,0.9426050186157227,3.2432680130004883,31.383115768432617,ok,ok
placebo_ms,123,block_02,Gear,3,shifted,1,1,1,111,2000,3,2000,0.0015,1.0,0.09804879873991013,48.96363830566406,0.8813776969909668,0.783416748046875,0.11124492436647415,62.5001220703125,ok,ok
placebo_ms,2026,block_02,Gear,3,shifted,1,1,1,111,2000,31,2000,0.0155,1.0,4.424011707305908,36.19841766357422,0.9564328193664551,0.6715867519378662,4.625533103942871,53.899837493896484,ok,ok
placebo_ms,3407,block_02,Gear,3,shifted,1,1,1,111,2000,1081,1999,0.5405,0.9995,12.915472984313965,34.26991271972656,1.068547248840332,0.8411645889282227,12.086945533752441,40.74103546142578,ok,ok
real_std,7,block_02,Gear,3,shifted,1,1,1,111,2000,0,637,0.0,0.3185,3.365196704864502,8.208727836608887,1.6373662948608398,1.2412467002868652,2.0552496910095215,6.613292217254639,ok,ok
real_std,42,block_02,Gear,3,shifted,1,1,1,111,2000,0,1734,0.0,0.867,-1.0981522798538208,11.58752727508545,1.5257220268249512,1.080963373184204,-0.7197591066360474,10.719629287719727,ok,ok
real_std,123,block_02,Gear,3,shifted,1,1,1,111,2000,0,1829,0.0,0.9145,2.263068199157715,13.88265609741211,1.0262856483459473,0.8515138626098633,2.2051055431365967,16.303499221801758,ok,ok
real_std,2026,block_02,Gear,3,shifted,1,1,1,111,2000,0,220,0.0,0.11,-4.138198375701904,4.917511940002441,1.9834418296813965,1.2508182525634766,-2.0863723754882812,3.931436061859131,ok,ok
real_std,3407,block_02,Gear,3,shifted,1,1,1,111,2000,0,1537,0.0,0.7685,3.7189362049102783,12.412521362304688,1.4964051246643066,1.0478458404541016,2.4852471351623535,11.84575080871582,ok,ok
rule_std,7,block_02,Gear,3,shifted,1,1,1,111,2000,393,2000,0.1965,1.0,9.640910148620605,39.795875549316406,1.181675910949707,1.0359020233154297,8.158676147460938,38.41664123535156,ok,ok
rule_std,42,block_02,Gear,3,shifted,1,1,1,111,2000,1,1978,0.0005,0.989,0.9578407406806946,26.22721290588379,1.1422834396362305,0.9765458106994629,0.8385316133499146,26.85712432861328,ok,ok
rule_std,123,block_02,Gear,3,shifted,1,1,1,111,2000,79,2000,0.0395,1.0,5.744001865386963,59.39572525024414,1.2401223182678223,0.9976696968078613,4.631802082061768,59.534461975097656,ok,ok
rule_std,2026,block_02,Gear,3,shifted,1,1,1,111,2000,84,2000,0.042,1.0,6.85764741897583,29.1413516998291,0.8580408096313477,0.7351598739624023,7.99221658706665,39.63947677612305,ok,ok
rule_std,3407,block_02,Gear,3,shifted,1,1,1,111,2000,1050,1997,0.525,0.9985,14.314550399780273,30.756153106689453,1.325347900390625,1.1839475631713867,10.800600051879883,25.977630615234375,ok,ok
placebo_std,7,block_02,Gear,3,shifted,1,1,1,111,2000,153,2000,0.0765,1.0,6.9041748046875,39.433555603027344,1.078871250152588,0.9658546447753906,6.399442195892334,40.82762908935547,ok,ok
placebo_std,42,block_02,Gear,3,shifted,1,1,1,111,2000,1,2000,0.0005,1.0,-0.48127123713493347,36.84586715698242,1.1275620460510254,0.9466109275817871,-0.4268246591091156,38.92398452758789,ok,ok
placebo_std,123,block_02,Gear,3,shifted,1,1,1,111,2000,126,1998,0.063,0.999,5.200157165527344,70.96824645996094,1.1350078582763672,0.9923262596130371,4.581604480743408,71.51705169677734,ok,ok
placebo_std,2026,block_02,Gear,3,shifted,1,1,1,111,2000,1344,2000,0.672,1.0,14.25156307220459,39.175411224365234,1.2206096649169922,0.9491934776306152,11.675774574279785,41.27231216430664,ok,ok
placebo_std,3407,block_02,Gear,3,shifted,1,1,1,111,2000,650,1999,0.325,0.9995,8.613587379455566,31.310707092285156,1.3090081214904785,0.9938716888427734,6.580239295959473,31.503772735595703,ok,ok
real_ms,7,block_02,RPM,4,canonical,0,0,0,000,2000,0,250,0.0,0.125,1.873563289642334,4.033113956451416,1.3121037483215332,1.078542709350586,1.427907943725586,3.739410638809204,ok,ok
real_ms,42,block_02,RPM,4,canonical,0,0,0,000,2000,2,2,0.001,0.001,-3.22529935836792,-0.6293904781341553,1.5370111465454102,1.3246212005615234,-2.0984227657318115,-0.4751475155353546,ok,ok
real_ms,123,block_02,RPM,4,canonical,0,0,0,000,2000,1,5,0.0005,0.0025,-1.3666391372680664,0.4431629478931427,0.8871946334838867,0.7362182140350342,-1.5404051542282104,0.6019450426101685,ok,ok
real_ms,2026,block_02,RPM,4,canonical,0,0,0,000,2000,0,4,0.0,0.002,-1.895291805267334,0.7577406764030457,1.271684169769287,0.785686731338501,-1.4903792142868042,0.9644310474395752,ok,ok
real_ms,3407,block_02,RPM,4,canonical,0,0,0,000,2000,0,3,0.0,0.0015,-3.026059627532959,-1.0086344480514526,0.8923029899597168,0.9396266937255859,-3.391291618347168,-1.0734416246414185,ok,ok
rule_ms,7,block_02,RPM,4,canonical,0,0,0,000,2000,1999,1999,0.9995,0.9995,36.865047454833984,64.59530639648438,0.7962632179260254,0.880279541015625,46.29756164550781,73.38043975830078,ok,ok
rule_ms,42,block_02,RPM,4,canonical,0,0,0,000,2000,1998,2000,0.999,1.0,35.12644577026367,70.02770233154297,0.8306293487548828,0.8322715759277344,42.28894805908203,84.14043426513672,ok,ok
rule_ms,123,block_02,RPM,4,canonical,0,0,0,000,2000,2000,2000,1.0,1.0,34.33537292480469,57.86095428466797,0.8253235816955566,0.7030844688415527,41.60231399536133,82.2958755493164,ok,ok
rule_ms,2026,block_02,RPM,4,canonical,0,0,0,000,2000,1998,2000,0.999,1.0,35.83055877685547,66.94755554199219,0.9418606758117676,0.9166765213012695,38.04231262207031,73.03292083740234,ok,ok
rule_ms,3407,block_02,RPM,4,canonical,0,0,0,000,2000,1998,2000,0.999,1.0,43.379478454589844,72.1170654296875,0.830599308013916,0.8446950912475586,52.226715087890625,85.37643432617188,ok,ok
placebo_ms,7,block_02,RPM,4,canonical,0,0,0,000,2000,1998,1999,0.999,0.9995,34.769351959228516,64.3517837524414,0.8460574150085449,0.9015884399414062,41.095733642578125,71.37600708007812,ok,ok
placebo_ms,42,block_02,RPM,4,canonical,0,0,0,000,2000,1999,2000,0.9995,1.0,31.521089553833008,58.979427337646484,0.9879622459411621,0.9426050186157227,31.9051570892334,62.57067108154297,ok,ok
placebo_ms,123,block_02,RPM,4,canonical,0,0,0,000,2000,1998,2000,0.999,1.0,34.5460090637207,58.30794143676758,0.8863840103149414,0.783416748046875,38.974090576171875,74.42774963378906,ok,ok
placebo_ms,2026,block_02,RPM,4,canonical,0,0,0,000,2000,1998,2000,0.999,1.0,33.78024673461914,58.13529586791992,0.8695893287658691,0.6715867519378662,38.84620666503906,86.5640869140625,ok,ok
placebo_ms,3407,block_02,RPM,4,canonical,0,0,0,000,2000,1998,2000,0.999,1.0,40.99692916870117,79.20281219482422,0.9436793327331543,0.8411645889282227,43.443702697753906,94.15853118896484,ok,ok
real_std,7,block_02,RPM,4,canonical,0,0,0,000,2000,0,15,0.0,0.0075,-2.4546284675598145,1.7450755834579468,1.6713500022888184,1.2412467002868652,-1.4686501026153564,1.4059054851531982,ok,ok
real_std,42,block_02,RPM,4,canonical,0,0,0,000,2000,1,7,0.0005,0.0035,-3.5995655059814453,-0.24416415393352509,1.5301647186279297,1.080963373184204,-2.3524038791656494,-0.22587643563747406,ok,ok
real_std,123,block_02,RPM,4,canonical,0,0,0,000,2000,2,2,0.001,0.001,-1.3859946727752686,-0.04062751680612564,0.9335503578186035,0.8515138626098633,-1.4846491813659668,-0.04771210625767708,ok,ok
real_std,2026,block_02,RPM,4,canonical,0,0,0,000,2000,0,3,0.0,0.0015,-4.212550163269043,0.6878818869590759,1.7724595069885254,1.2508182525634766,-2.37666916847229,0.5499455332756042,ok,ok
real_std,3407,block_02,RPM,4,canonical,0,0,0,000,2000,0,2,0.0,0.001,-2.680314540863037,-0.8115677237510681,1.170154094696045,1.0478458404541016,-2.2905654907226562,-0.7745106220245361,ok,ok
rule_std,7,block_02,RPM,4,canonical,0,0,0,000,2000,2000,2000,1.0,1.0,39.615848541259766,79.18448638916016,0.9363298416137695,1.0359020233154297,42.30971145629883,76.44012451171875,ok,ok
rule_std,42,block_02,RPM,4,canonical,0,0,0,000,2000,1998,2000,0.999,1.0,35.6661491394043,68.0334701538086,1.0167431831359863,0.9765458106994629,35.07881546020508,69.66746520996094,ok,ok
rule_std,123,block_02,RPM,4,canonical,0,0,0,000,2000,2000,2000,1.0,1.0,40.269718170166016,74.77537536621094,1.0347681045532227,0.9976696968078613,38.91666030883789,74.95002746582031,ok,ok
rule_std,2026,block_02,RPM,4,canonical,0,0,0,000,2000,1998,2000,0.999,1.0,38.107540130615234,62.42001724243164,0.7564268112182617,0.7351598739624023,50.378360748291016,84.9067153930664,ok,ok
rule_std,3407,block_02,RPM,4,canonical,0,0,0,000,2000,1998,2000,0.999,1.0,40.21623229980469,74.65826416015625,0.9960947036743164,1.1839475631713867,40.373897552490234,63.05875778198242,ok,ok
placebo_std,7,block_02,RPM,4,canonical,0,0,0,000,2000,2000,2000,1.0,1.0,37.76887512207031,67.35968780517578,0.9542317390441895,0.9658546447753906,39.58039855957031,69.74101257324219,ok,ok
placebo_std,42,block_02,RPM,4,canonical,0,0,0,000,2000,1998,2000,0.999,1.0,39.18949508666992,75.53579711914062,0.9161858558654785,0.9466109275817871,42.77461242675781,79.79602813720703,ok,ok
placebo_std,123,block_02,RPM,4,canonical,0,0,0,000,2000,1998,1998,0.999,0.999,37.723289489746094,77.53804016113281,1.123764991760254,0.9923262596130371,33.56866455078125,78.13764953613281,ok,ok
placebo_std,2026,block_02,RPM,4,canonical,0,0,0,000,2000,2000,2000,1.0,1.0,38.7972526550293,74.31845092773438,0.9965219497680664,0.9491934776306152,38.93266296386719,78.29642486572266,ok,ok
placebo_std,3407,block_02,RPM,4,canonical,0,0,0,000,2000,1999,2000,0.9995,1.0,40.688987731933594,76.4413833618164,1.0763425827026367,0.9938716888427734,37.80301284790039,76.91273498535156,ok,ok
real_ms,7,block_02,RPM,4,canonical,0,0,1,001,2000,22,1271,0.011,0.6355,4.798793315887451,9.110766410827637,1.3121037483215332,1.078542709350586,3.6573281288146973,8.447293281555176,ok,ok
real_ms,42,block_02,RPM,4,canonical,0,0,1,001,2000,2,6,0.001,0.003,-1.779186487197876,1.9600812196731567,1.5370111465454102,1.3246212005615234,-1.157562494277954,1.4797296524047852,ok,ok
real_ms,123,block_02,RPM,4,canonical,0,0,1,001,2000,1,18,0.0005,0.009,-0.4258739650249481,1.0742071866989136,0.8871946334838867,0.7362182140350342,-0.4800231456756592,1.4590879678726196,ok,ok
real_ms,2026,block_02,RPM,4,canonical,0,0,1,001,2000,0,197,0.0,0.0985,-0.7725343704223633,4.302436351776123,1.271684169769287,0.785686731338501,-0.6074891686439514,5.476020336151123,ok,ok
real_ms,3407,block_02,RPM,4,canonical,0,0,1,001,2000,0,21,0.0,0.0105,-2.4407289028167725,-0.29034459590911865,0.8923029899597168,0.9396266937255859,-2.73531436920166,-0.3089999556541443,ok,ok
rule_ms,7,block_02,RPM,4,canonical,0,0,1,001,2000,1999,1999,0.9995,0.9995,28.03546142578125,43.32866287231445,0.7962632179260254,0.880279541015625,35.20878982543945,49.22148513793945,ok,ok
rule_ms,42,block_02,RPM,4,canonical,0,0,1,001,2000,1998,2000,0.999,1.0,29.290054321289062,52.89664077758789,0.8306293487548828,0.8322715759277344,35.26248550415039,63.55694580078125,ok,ok
rule_ms,123,block_02,RPM,4,canonical,0,0,1,001,2000,2000,2000,1.0,1.0,28.19832992553711,43.678993225097656,0.8253235816955566,0.7030844688415527,34.1663932800293,62.124820709228516,ok,ok
rule_ms,2026,block_02,RPM,4,canonical,0,0,1,001,2000,1998,2000,0.999,1.0,27.976730346679688,47.100467681884766,0.9418606758117676,0.9166765213012695,29.703683853149414,51.38178253173828,ok,ok
rule_ms,3407,block_02,RPM,4,canonical,0,0,1,001,2000,1998,2000,0.999,1.0,33.03420639038086,61.530670166015625,0.830599308013916,0.8446950912475586,39.77153015136719,72.84365844726562,ok,ok
placebo_ms,7,block_02,RPM,4,canonical,0,0,1,001,2000,1998,1999,0.999,0.9995,26.41065216064453,46.50215530395508,0.8460574150085449,0.9015884399414062,31.216144561767578,51.57802963256836,ok,ok
placebo_ms,42,block_02,RPM,4,canonical,0,0,1,001,2000,1999,2000,0.9995,1.0,26.372535705566406,48.10686111450195,0.9879622459411621,0.9426050186157227,26.693866729736328,51.03607177734375,ok,ok
placebo_ms,123,block_02,RPM,4,canonical,0,0,1,001,2000,1998,2000,0.999,1.0,25.20526885986328,42.88296890258789,0.8863840103149414,0.783416748046875,28.436058044433594,54.73838424682617,ok,ok
placebo_ms,2026,block_02,RPM,4,canonical,0,0,1,001,2000,1998,2000,0.999,1.0,24.261995315551758,44.35548400878906,0.8695893287658691,0.6715867519378662,27.900522232055664,66.0457992553711,ok,ok
placebo_ms,3407,block_02,RPM,4,canonical,0,0,1,001,2000,1998,2000,0.999,1.0,29.462793350219727,54.00782775878906,0.9436793327331543,0.8411645889282227,31.221193313598633,64.20601654052734,ok,ok
real_std,7,block_02,RPM,4,canonical,0,0,1,001,2000,0,78,0.0,0.039,-0.7295805811882019,3.6515963077545166,1.6713500022888184,1.2412467002868652,-0.4365217089653015,2.941877841949463,ok,ok
real_std,42,block_02,RPM,4,canonical,0,0,1,001,2000,1,139,0.0005,0.0695,-2.3648157119750977,2.4910507202148438,1.5301647186279297,1.080963373184204,-1.5454648733139038,2.3044731616973877,ok,ok
real_std,123,block_02,RPM,4,canonical,0,0,1,001,2000,3,8,0.0015,0.004,-0.2916146218776703,0.9905142784118652,0.9335503578186035,0.8515138626098633,-0.3123715817928314,1.1632391214370728,ok,ok
real_std,2026,block_02,RPM,4,canonical,0,0,1,001,2000,0,33,0.0,0.0165,-5.673330307006836,1.920046329498291,1.7724595069885254,1.2508182525634766,-3.2008237838745117,1.5350322723388672,ok,ok
real_std,3407,block_02,RPM,4,canonical,0,0,1,001,2000,0,17,0.0,0.0085,-2.7150678634643555,0.031641293317079544,1.170154094696045,1.0478458404541016,-2.320265054702759,0.03019651025533676,ok,ok
rule_std,7,block_02,RPM,4,canonical,0,0,1,001,2000,2000,2000,1.0,1.0,32.01869201660156,55.051055908203125,0.9363298416137695,1.0359020233154297,34.195953369140625,53.14310836791992,ok,ok
rule_std,42,block_02,RPM,4,canonical,0,0,1,001,2000,1998,2000,0.999,1.0,27.68950843811035,47.03109359741211,1.0167431831359863,0.9765458106994629,27.233531951904297,48.16065979003906,ok,ok
rule_std,123,block_02,RPM,4,canonical,0,0,1,001,2000,2000,2000,1.0,1.0,28.0644588470459,52.50139236450195,1.0347681045532227,0.9976696968078613,27.121496200561523,52.624019622802734,ok,ok
rule_std,2026,block_02,RPM,4,canonical,0,0,1,001,2000,1998,2000,0.999,1.0,28.637683868408203,51.73134231567383,0.7564268112182617,0.7351598739624023,37.859161376953125,70.36746978759766,ok,ok
rule_std,3407,block_02,RPM,4,canonical,0,0,1,001,2000,1998,2000,0.999,1.0,31.68998908996582,53.716461181640625,0.9960947036743164,1.1839475631713867,31.81422996520996,45.370643615722656,ok,ok
placebo_std,7,block_02,RPM,4,canonical,0,0,1,001,2000,2000,2000,1.0,1.0,26.887460708618164,47.073219299316406,0.9542317390441895,0.9658546447753906,28.177078247070312,48.73737335205078,ok,ok
placebo_std,42,block_02,RPM,4,canonical,0,0,1,001,2000,1998,2000,0.999,1.0,31.760801315307617,54.63153076171875,0.9161858558654785,0.9466109275817871,34.66632843017578,57.712764739990234,ok,ok
placebo_std,123,block_02,RPM,4,canonical,0,0,1,001,2000,1998,1998,0.999,0.999,28.99996566772461,71.23512268066406,1.123764991760254,0.9923262596130371,25.806074142456055,71.78600311279297,ok,ok
placebo_std,2026,block_02,RPM,4,canonical,0,0,1,001,2000,2000,2000,1.0,1.0,31.37786865234375,60.27307891845703,0.9965219497680664,0.9491934776306152,31.48738670349121,63.49925231933594,ok,ok
placebo_std,3407,block_02,RPM,4,canonical,0,0,1,001,2000,1999,2000,0.9995,1.0,33.335079193115234,57.865196228027344,1.0763425827026367,0.9938716888427734,30.97069549560547,58.22200012207031,ok,ok
real_ms,7,block_02,RPM,4,canonical,0,1,0,010,2000,7,142,0.0035,0.071,3.0193278789520264,3.366044044494629,1.3121037483215332,1.078542709350586,2.301135301589966,3.1209185123443604,ok,ok
real_ms,42,block_02,RPM,4,canonical,0,1,0,010,2000,2,2,0.001,0.001,-2.201449155807495,-0.6590927839279175,1.5370111465454102,1.3246212005615234,-1.4322922229766846,-0.4975707530975342,ok,ok
real_ms,123,block_02,RPM,4,canonical,0,1,0,010,2000,0,3,0.0,0.0015,-1.122107982635498,0.12407324463129044,0.8871946334838867,0.7362182140350342,-1.264782190322876,0.16852779686450958,ok,ok
real_ms,2026,block_02,RPM,4,canonical,0,1,0,010,2000,0,2,0.0,0.001,-1.5416662693023682,0.16327480971813202,1.271684169769287,0.785686731338501,-1.2123026847839355,0.20781157910823822,ok,ok
real_ms,3407,block_02,RPM,4,canonical,0,1,0,010,2000,0,2,0.0,0.001,-2.243096113204956,-0.6319206953048706,0.8923029899597168,0.9396266937255859,-2.5138278007507324,-0.6725231409072876,ok,ok
rule_ms,7,block_02,RPM,4,canonical,0,1,0,010,2000,1999,1999,0.9995,0.9995,42.83918762207031,78.41009521484375,0.7962632179260254,0.880279541015625,53.8002815246582,89.07408142089844,ok,ok
rule_ms,42,block_02,RPM,4,canonical,0,1,0,010,2000,1998,2000,0.999,1.0,40.6048583984375,90.35384368896484,0.8306293487548828,0.8322715759277344,48.88445281982422,108.56292724609375,ok,ok
rule_ms,123,block_02,RPM,4,canonical,0,1,0,010,2000,2000,2000,1.0,1.0,39.84782409667969,74.78662872314453,0.8253235816955566,0.7030844688415527,48.28145217895508,106.36933135986328,ok,ok
rule_ms,2026,block_02,RPM,4,canonical,0,1,0,010,2000,1998,2000,0.999,1.0,39.27379608154297,79.7542953491211,0.9418606758117676,0.9166765213012695,41.69809341430664,87.0037612915039,ok,ok
rule_ms,3407,block_02,RPM,4,canonical,0,1,0,010,2000,1998,2000,0.999,1.0,49.65813446044922,89.56707000732422,0.830599308013916,0.8446950912475586,59.78590774536133,106.03479766845703,ok,ok
placebo_ms,7,block_02,RPM,4,canonical,0,1,0,010,2000,1998,1999,0.999,0.9995,40.265995025634766,77.70616149902344,0.8460574150085449,0.9015884399414062,47.59251022338867,86.18807220458984,ok,ok
placebo_ms,42,block_02,RPM,4,canonical,0,1,0,010,2000,1999,2000,0.9995,1.0,38.30720520019531,79.15746307373047,0.9879622459411621,0.9426050186157227,38.773956298828125,83.97733306884766,ok,ok
placebo_ms,123,block_02,RPM,4,canonical,0,1,0,010,2000,1998,2000,0.999,1.0,40.77798080444336,73.47046661376953,0.8863840103149414,0.783416748046875,46.0048713684082,93.7821044921875,ok,ok
placebo_ms,2026,block_02,RPM,4,canonical,0,1,0,010,2000,1998,2000,0.999,1.0,39.12407684326172,73.20623779296875,0.8695893287658691,0.6715867519378662,44.9914436340332,109.00487518310547,ok,ok
placebo_ms,3407,block_02,RPM,4,canonical,0,1,0,010,2000,1998,2000,0.999,1.0,44.63657760620117,94.69559478759766,0.9436793327331543,0.8411645889282227,47.30057907104492,112.5767822265625,ok,ok
real_std,7,block_02,RPM,4,canonical,0,1,0,010,2000,0,41,0.0,0.0205,0.0966549962759018,2.7244577407836914,1.6713500022888184,1.2412467002868652,0.057830508798360825,2.194936513900757,ok,ok
real_std,42,block_02,RPM,4,canonical,0,1,0,010,2000,1,5,0.0005,0.0025,-3.127866268157959,-0.46568918228149414,1.5301647186279297,1.080963373184204,-2.0441370010375977,-0.4308093786239624,ok,ok
real_std,123,block_02,RPM,4,canonical,0,1,0,010,2000,2,3,0.001,0.0015,-1.035652995109558,-0.15568502247333527,0.9335503578186035,0.8515138626098633,-1.1093701124191284,-0.1828332096338272,ok,ok
real_std,2026,block_02,RPM,4,canonical,0,1,0,010,2000,0,3,0.0,0.0015,-3.4011924266815186,0.5209261178970337,1.7724595069885254,1.2508182525634766,-1.918911337852478,0.4164683222770691,ok,ok
real_std,3407,block_02,RPM,4,canonical,0,1,0,010,2000,0,4,0.0,0.002,-1.1587004661560059,-0.13908664882183075,1.170154094696045,1.0478458404541016,-0.9902119040489197,-0.13273577392101288,ok,ok
rule_std,7,block_02,RPM,4,canonical,0,1,0,010,2000,2000,2000,1.0,1.0,45.5236701965332,94.00212860107422,0.9363298416137695,1.0359020233154297,48.61927032470703,90.74422454833984,ok,ok
rule_std,42,block_02,RPM,4,canonical,0,1,0,010,2000,1998,2000,0.999,1.0,40.78063201904297,82.61373138427734,1.0167431831359863,0.9765458106994629,40.10907745361328,84.59790802001953,ok,ok
rule_std,123,block_02,RPM,4,canonical,0,1,0,010,2000,2000,2000,1.0,1.0,47.79695129394531,94.82076263427734,1.0347681045532227,0.9976696968078613,46.190975189208984,95.042236328125,ok,ok
rule_std,2026,block_02,RPM,4,canonical,0,1,0,010,2000,1998,2000,0.999,1.0,41.97410202026367,75.33885955810547,0.7564268112182617,0.7351598739624023,55.489967346191406,102.47956085205078,ok,ok
rule_std,3407,block_02,RPM,4,canonical,0,1,0,010,2000,1998,2000,0.999,1.0,46.915836334228516,93.48898315429688,0.9960947036743164,1.1839475631713867,47.09977340698242,78.96378326416016,ok,ok
placebo_std,7,block_02,RPM,4,canonical,0,1,0,010,2000,2000,2000,1.0,1.0,45.60624313354492,86.12042236328125,0.9542317390441895,0.9658546447753906,47.79367446899414,89.16499328613281,ok,ok
placebo_std,42,block_02,RPM,4,canonical,0,1,0,010,2000,1998,2000,0.999,1.0,46.630226135253906,92.92417907714844,0.9161858558654785,0.9466109275817871,50.896034240722656,98.16512298583984,ok,ok
placebo_std,123,block_02,RPM,4,canonical,0,1,0,010,2000,1998,1998,0.999,0.999,45.03509521484375,99.20356750488281,1.123764991760254,0.9923262596130371,40.07518768310547,99.97071838378906,ok,ok
placebo_std,2026,block_02,RPM,4,canonical,0,1,0,010,2000,2000,2000,1.0,1.0,47.62525939941406,96.42276000976562,0.9965219497680664,0.9491934776306152,47.791481018066406,101.5838851928711,ok,ok
placebo_std,3407,block_02,RPM,4,canonical,0,1,0,010,2000,1999,2000,0.9995,1.0,46.7612419128418,95.8445053100586,1.0763425827026367,0.9938716888427734,43.44457244873047,96.43548583984375,ok,ok
real_ms,7,block_02,RPM,4,canonical,0,1,1,011,2000,6,637,0.003,0.3185,4.5624308586120605,6.347628116607666,1.3121037483215332,1.078542709350586,3.477187156677246,5.885375022888184,ok,ok
real_ms,42,block_02,RPM,4,canonical,0,1,1,011,2000,2,4,0.001,0.002,-2.6395764350891113,1.0932258367538452,1.5370111465454102,1.3246212005615234,-1.7173434495925903,0.8253119587898254,ok,ok
real_ms,123,block_02,RPM,4,canonical,0,1,1,011,2000,5,30,0.0025,0.015,-0.01908259093761444,1.49224054813385,0.8871946334838867,0.7362182140350342,-0.021508920937776566,2.026899814605713,ok,ok
real_ms,2026,block_02,RPM,4,canonical,0,1,1,011,2000,0,12,0.0,0.006,-4.288389682769775,1.0864194631576538,1.271684169769287,0.785686731338501,-3.3722128868103027,1.3827641010284424,ok,ok
real_ms,3407,block_02,RPM,4,canonical,0,1,1,011,2000,0,65,0.0,0.0325,-0.8480138778686523,1.1911519765853882,0.8923029899597168,0.9396266937255859,-0.9503653645515442,1.2676862478256226,ok,ok
rule_ms,7,block_02,RPM,4,canonical,0,1,1,011,2000,1999,1999,0.9995,0.9995,38.04524230957031,69.8890609741211,0.7962632179260254,0.880279541015625,47.77973556518555,79.39417266845703,ok,ok
rule_ms,42,block_02,RPM,4,canonical,0,1,1,011,2000,1998,2000,0.999,1.0,38.8078727722168,92.93440246582031,0.8306293487548828,0.8322715759277344,46.721046447753906,111.66355895996094,ok,ok
rule_ms,123,block_02,RPM,4,canonical,0,1,1,011,2000,2000,2000,1.0,1.0,37.14558410644531,73.95494079589844,0.8253235816955566,0.7030844688415527,45.007301330566406,105.1864242553711,ok,ok
rule_ms,2026,block_02,RPM,4,canonical,0,1,1,011,2000,1998,2000,0.999,1.0,34.48649978637695,71.92076873779297,0.9418606758117676,0.9166765213012695,36.61528778076172,78.45817565917969,ok,ok
rule_ms,3407,block_02,RPM,4,canonical,0,1,1,011,2000,1998,2000,0.999,1.0,46.1662483215332,89.5829849243164,0.830599308013916,0.8446950912475586,55.58185577392578,106.05364227294922,ok,ok
placebo_ms,7,block_02,RPM,4,canonical,0,1,1,011,2000,1998,1999,0.999,0.9995,36.816123962402344,75.22222137451172,0.8460574150085449,0.9015884399414062,43.514923095703125,83.4329833984375,ok,ok
placebo_ms,42,block_02,RPM,4,canonical,0,1,1,011,2000,1999,2000,0.9995,1.0,36.98698043823242,81.85199737548828,0.9879622459411621,0.9426050186157227,37.43764114379883,86.83594512939453,ok,ok
placebo_ms,123,block_02,RPM,4,canonical,0,1,1,011,2000,1998,2000,0.999,1.0,32.95321273803711,66.927001953125,0.8863840103149414,0.783416748046875,37.1771240234375,85.42962646484375,ok,ok
placebo_ms,2026,block_02,RPM,4,canonical,0,1,1,011,2000,1998,2000,0.999,1.0,32.9741325378418,69.80226135253906,0.8695893287658691,0.6715867519378662,37.9192008972168,103.93632507324219,ok,ok
placebo_ms,3407,block_02,RPM,4,canonical,0,1,1,011,2000,1998,2000,0.999,1.0,37.20847702026367,84.71456146240234,0.9436793327331543,0.8411645889282227,39.42915725708008,100.71104431152344,ok,ok
real_std,7,block_02,RPM,4,canonical,0,1,1,011,2000,0,146,0.0,0.073,0.485902339220047,4.6197190284729,1.6713500022888184,1.2412467002868652,0.2907244861125946,3.7218384742736816,ok,ok
real_std,42,block_02,RPM,4,canonical,0,1,1,011,2000,1,11,0.0005,0.0055,-5.125570774078369,-0.6519657969474792,1.5301647186279297,1.080963373184204,-3.3496854305267334,-0.603134036064148,ok,ok
real_std,123,block_02,RPM,4,canonical,0,1,1,011,2000,5,27,0.0025,0.0135,0.4765291213989258,1.5922085046768188,0.9335503578186035,0.8515138626098633,0.5104482173919678,1.8698562383651733,ok,ok
real_std,2026,block_02,RPM,4,canonical,0,1,1,011,2000,0,34,0.0,0.017,-5.588200569152832,1.7736756801605225,1.7724595069885254,1.2508182525634766,-3.152794361114502,1.418012261390686,ok,ok
real_std,3407,block_02,RPM,4,canonical,0,1,1,011,2000,3,81,0.0015,0.0405,-0.4556907117366791,2.1868228912353516,1.170154094696045,1.0478458404541016,-0.38942795991897583,2.086970329284668,ok,ok
rule_std,7,block_02,RPM,4,canonical,0,1,1,011,2000,2000,2000,1.0,1.0,42.41679000854492,86.1108627319336,0.9363298416137695,1.0359020233154297,45.301116943359375,83.12644958496094,ok,ok
rule_std,42,block_02,RPM,4,canonical,0,1,1,011,2000,1998,2000,0.999,1.0,37.73648452758789,79.28642272949219,1.0167431831359863,0.9765458106994629,37.11506271362305,81.19068908691406,ok,ok
rule_std,123,block_02,RPM,4,canonical,0,1,1,011,2000,2000,2000,1.0,1.0,40.40515899658203,82.27758026123047,1.0347681045532227,0.9976696968078613,39.047550201416016,82.46976470947266,ok,ok
rule_std,2026,block_02,RPM,4,canonical,0,1,1,011,2000,1998,2000,0.999,1.0,38.22215270996094,75.95457458496094,0.7564268112182617,0.7351598739624023,50.529876708984375,103.31708526611328,ok,ok
rule_std,3407,block_02,RPM,4,canonical,0,1,1,011,2000,1998,2000,0.999,1.0,41.07689666748047,92.2061996459961,0.9960947036743164,1.1839475631713867,41.237945556640625,77.88031005859375,ok,ok
placebo_std,7,block_02,RPM,4,canonical,0,1,1,011,2000,2000,2000,1.0,1.0,40.11835861206055,84.19966888427734,0.9542317390441895,0.9658546447753906,42.042579650878906,87.17634582519531,ok,ok
placebo_std,42,block_02,RPM,4,canonical,0,1,1,011,2000,1998,2000,0.999,1.0,44.30182647705078,87.2386703491211,0.9161858558654785,0.9466109275817871,48.35463333129883,92.15895080566406,ok,ok
placebo_std,123,block_02,RPM,4,canonical,0,1,1,011,2000,1998,1998,0.999,0.999,39.83135223388672,103.06510925292969,1.123764991760254,0.9923262596130371,35.44455337524414,103.86212158203125,ok,ok
placebo_std,2026,block_02,RPM,4,canonical,0,1,1,011,2000,2000,2000,1.0,1.0,46.98904037475586,96.51873779296875,0.9965219497680664,0.9491934776306152,47.153038024902344,101.68498992919922,ok,ok
placebo_std,3407,block_02,RPM,4,canonical,0,1,1,011,2000,1999,2000,0.9995,1.0,40.969913482666016,90.17191314697266,1.0763425827026367,0.9938716888427734,38.06400680541992,90.72792053222656,ok,ok
real_ms,7,block_02,RPM,4,canonical,1,0,0,100,2000,127,1757,0.0635,0.8785,7.38529109954834,13.68325424194336,1.3121037483215332,1.078542709350586,5.62858772277832,12.686799049377441,ok,ok
real_ms,42,block_02,RPM,4,canonical,1,0,0,100,2000,47,355,0.0235,0.1775,6.796199321746826,6.214052677154541,1.5370111465454102,1.3246212005615234,4.421697616577148,4.691192150115967,ok,ok
real_ms,123,block_02,RPM,4,canonical,1,0,0,100,2000,27,1890,0.0135,0.945,3.9456045627593994,16.00996208190918,0.8871946334838867,0.7362182140350342,4.447281837463379,21.746219635009766,ok,ok
real_ms,2026,block_02,RPM,4,canonical,1,0,0,100,2000,0,180,0.0,0.09,3.042483329772949,3.764786958694458,1.271684169769287,0.785686731338501,2.3924834728240967,4.791714668273926,ok,ok
real_ms,3407,block_02,RPM,4,canonical,1,0,0,100,2000,79,1312,0.0395,0.656,5.350198268890381,8.516823768615723,0.8923029899597168,0.9396266937255859,5.995943546295166,9.064050674438477,ok,ok
rule_ms,7,block_02,RPM,4,canonical,1,0,0,100,2000,48,1996,0.024,0.998,2.6832568645477295,31.821125030517578,0.7962632179260254,0.880279541015625,3.369811534881592,36.148887634277344,ok,ok
rule_ms,42,block_02,RPM,4,canonical,1,0,0,100,2000,104,892,0.052,0.446,7.526584148406982,9.735858917236328,0.8306293487548828,0.8322715759277344,9.06130313873291,11.697935104370117,ok,ok
rule_ms,123,block_02,RPM,4,canonical,1,0,0,100,2000,881,1949,0.4405,0.9745,9.106050491333008,18.573259353637695,0.8253235816955566,0.7030844688415527,11.033309936523438,26.416824340820312,ok,ok
rule_ms,2026,block_02,RPM,4,canonical,1,0,0,100,2000,79,1311,0.0395,0.6555,7.6581315994262695,13.27666187286377,0.9418606758117676,0.9166765213012695,8.130854606628418,14.483474731445312,ok,ok
rule_ms,3407,block_02,RPM,4,canonical,1,0,0,100,2000,585,1727,0.2925,0.8635,9.944048881530762,16.66278076171875,0.830599308013916,0.8446950912475586,11.972138404846191,19.726388931274414,ok,ok
placebo_ms,7,block_02,RPM,4,canonical,1,0,0,100,2000,155,1984,0.0775,0.992,7.132564544677734,24.452417373657227,0.8460574150085449,0.9015884399414062,8.430355072021484,27.121484756469727,ok,ok
placebo_ms,42,block_02,RPM,4,canonical,1,0,0,100,2000,117,1314,0.0585,0.657,5.417336463928223,11.02414608001709,0.9879622459411621,0.9426050186157227,5.483343124389648,11.695404052734375,ok,ok
placebo_ms,123,block_02,RPM,4,canonical,1,0,0,100,2000,121,1946,0.0605,0.973,4.991841793060303,21.58870506286621,0.8863840103149414,0.783416748046875,5.631692409515381,27.557113647460938,ok,ok
placebo_ms,2026,block_02,RPM,4,canonical,1,0,0,100,2000,237,1933,0.1185,0.9665,6.861408233642578,18.708227157592773,0.8695893287658691,0.6715867519378662,7.890400409698486,27.85675621032715,ok,ok
placebo_ms,3407,block_02,RPM,4,canonical,1,0,0,100,2000,77,1883,0.0385,0.9415,5.210297107696533,22.023365020751953,0.9436793327331543,0.8411645889282227,5.5212578773498535,26.181991577148438,ok,ok
real_std,7,block_02,RPM,4,canonical,1,0,0,100,2000,79,1069,0.0395,0.5345,8.509627342224121,11.47364330291748,1.6713500022888184,1.2412467002868652,5.0914692878723145,9.243644714355469,ok,ok
real_std,42,block_02,RPM,4,canonical,1,0,0,100,2000,29,428,0.0145,0.214,4.2307515144348145,4.05082368850708,1.5301647186279297,1.080963373184204,2.764899492263794,3.7474193572998047,ok,ok
real_std,123,block_02,RPM,4,canonical,1,0,0,100,2000,113,1802,0.0565,0.901,6.017784118652344,15.099658012390137,0.9335503578186035,0.8515138626098633,6.446126937866211,17.732723236083984,ok,ok
real_std,2026,block_02,RPM,4,canonical,1,0,0,100,2000,0,190,0.0,0.095,0.0243720393627882,4.325903415679932,1.7724595069885254,1.2508182525634766,0.0137504106387496,3.458458423614502,ok,ok
real_std,3407,block_02,RPM,4,canonical,1,0,0,100,2000,167,1227,0.0835,0.6135,8.094742774963379,10.783982276916504,1.170154094696045,1.0478458404541016,6.917672634124756,10.291574478149414,ok,ok
rule_std,7,block_02,RPM,4,canonical,1,0,0,100,2000,168,1878,0.084,0.939,7.158019065856934,24.771780014038086,0.9363298416137695,1.0359020233154297,7.6447625160217285,23.91324234008789,ok,ok
rule_std,42,block_02,RPM,4,canonical,1,0,0,100,2000,195,1496,0.0975,0.748,6.088951110839844,13.432906150817871,1.0167431831359863,0.9765458106994629,5.988681793212891,13.755531311035156,ok,ok
rule_std,123,block_02,RPM,4,canonical,1,0,0,100,2000,534,1878,0.267,0.939,9.1434907913208,21.290245056152344,1.0347681045532227,0.9976696968078613,8.836270332336426,21.3399715423584,ok,ok
rule_std,2026,block_02,RPM,4,canonical,1,0,0,100,2000,314,1285,0.157,0.6425,8.943010330200195,11.823206901550293,0.7564268112182617,0.7351598739624023,11.822705268859863,16.082496643066406,ok,ok
rule_std,3407,block_02,RPM,4,canonical,1,0,0,100,2000,251,1815,0.1255,0.9075,9.393206596374512,21.55912971496582,0.9960947036743164,1.1839475631713867,9.430035591125488,18.209529876708984,ok,ok
placebo_std,7,block_02,RPM,4,canonical,1,0,0,100,2000,260,1960,0.13,0.98,8.307870864868164,24.112279891967773,0.9542317390441895,0.9658546447753906,8.70634651184082,24.964706420898438,ok,ok
placebo_std,42,block_02,RPM,4,canonical,1,0,0,100,2000,101,1355,0.0505,0.6775,5.309360980987549,12.323267936706543,0.9161858558654785,0.9466109275817871,5.795069217681885,13.018302917480469,ok,ok
placebo_std,123,block_02,RPM,4,canonical,1,0,0,100,2000,38,1996,0.019,0.998,1.3034111261367798,39.129817962646484,1.123764991760254,0.9923262596130371,1.1598608493804932,39.432411193847656,ok,ok
placebo_std,2026,block_02,RPM,4,canonical,1,0,0,100,2000,405,1694,0.2025,0.847,9.19542407989502,17.599550247192383,0.9965219497680664,0.9491934776306152,9.227517127990723,18.54158592224121,ok,ok
placebo_std,3407,block_02,RPM,4,canonical,1,0,0,100,2000,463,1772,0.2315,0.886,9.111248016357422,16.42179298400879,1.0763425827026367,0.9938716888427734,8.465006828308105,16.523052215576172,ok,ok
real_ms,7,block_02,RPM,4,canonical,1,0,1,101,2000,56,2000,0.028,1.0,5.808119773864746,23.904970169067383,1.3121037483215332,1.078542709350586,4.426570415496826,22.164138793945312,ok,ok
real_ms,42,block_02,RPM,4,canonical,1,0,1,101,2000,104,1884,0.052,0.942,9.116710662841797,19.976959228515625,1.5370111465454102,1.3246212005615234,5.931454181671143,15.08126163482666,ok,ok
real_ms,123,block_02,RPM,4,canonical,1,0,1,101,2000,16,1998,0.008,0.999,4.2808661460876465,23.198657989501953,0.8871946334838867,0.7362182140350342,4.825170993804932,31.510574340820312,ok,ok
real_ms,2026,block_02,RPM,4,canonical,1,0,1,101,2000,10,1839,0.005,0.9195,4.870753288269043,11.539036750793457,1.271684169769287,0.785686731338501,3.8301596641540527,14.686562538146973,ok,ok
real_ms,3407,block_02,RPM,4,canonical,1,0,1,101,2000,25,2000,0.0125,1.0,3.855480670928955,22.586557388305664,0.8923029899597168,0.9396266937255859,4.320820331573486,24.037796020507812,ok,ok
rule_ms,7,block_02,RPM,4,canonical,1,0,1,101,2000,1,1999,0.0005,0.9995,-3.7672626972198486,40.73657989501953,0.7962632179260254,0.880279541015625,-4.731177806854248,46.2768669128418,ok,ok
rule_ms,42,block_02,RPM,4,canonical,1,0,1,101,2000,4,1985,0.002,0.9925,5.0100202560424805,19.9198055267334,0.8306293487548828,0.8322715759277344,6.031595706939697,23.93425941467285,ok,ok
rule_ms,123,block_02,RPM,4,canonical,1,0,1,101,2000,62,2000,0.031,1.0,4.3285088539123535,29.760303497314453,0.8253235816955566,0.7030844688415527,5.244620323181152,42.32820129394531,ok,ok
rule_ms,2026,block_02,RPM,4,canonical,1,0,1,101,2000,1,2000,0.0005,1.0,3.5647757053375244,33.77182388305664,0.9418606758117676,0.9166765213012695,3.784822463989258,36.84159469604492,ok,ok
rule_ms,3407,block_02,RPM,4,canonical,1,0,1,101,2000,37,1999,0.0185,0.9995,6.585516452789307,27.394807815551758,0.830599308013916,0.8446950912475586,7.9286322593688965,32.43159484863281,ok,ok
placebo_ms,7,block_02,RPM,4,canonical,1,0,1,101,2000,3,1999,0.0015,0.9995,3.688819408416748,27.70648193359375,0.8460574150085449,0.9015884399414062,4.360010623931885,30.730741500854492,ok,ok
placebo_ms,42,block_02,RPM,4,canonical,1,0,1,101,2000,9,1993,0.0045,0.9965,2.8550477027893066,21.644817352294922,0.9879622459411621,0.9426050186157227,2.8898348808288574,22.962764739990234,ok,ok
placebo_ms,123,block_02,RPM,4,canonical,1,0,1,101,2000,0,2000,0.0,1.0,-2.7299232482910156,44.30956268310547,0.8863840103149414,0.783416748046875,-3.0798423290252686,56.55937576293945,ok,ok
placebo_ms,2026,block_02,RPM,4,canonical,1,0,1,101,2000,0,2000,0.0,1.0,2.036480188369751,33.27650833129883,0.8695893287658691,0.6715867519378662,2.3418872356414795,49.5490837097168,ok,ok
placebo_ms,3407,block_02,RPM,4,canonical,1,0,1,101,2000,0,2000,0.0,1.0,1.1290769577026367,35.78327178955078,0.9436793327331543,0.8411645889282227,1.1964623928070068,42.540157318115234,ok,ok
real_std,7,block_02,RPM,4,canonical,1,0,1,101,2000,114,1989,0.057,0.9945,8.567996978759766,28.815418243408203,1.6713500022888184,1.2412467002868652,5.126392841339111,23.214900970458984,ok,ok
real_std,42,block_02,RPM,4,canonical,1,0,1,101,2000,92,1981,0.046,0.9905,5.280037879943848,19.863914489746094,1.5301647186279297,1.080963373184204,3.4506337642669678,18.37611961364746,ok,ok
real_std,123,block_02,RPM,4,canonical,1,0,1,101,2000,75,1988,0.0375,0.994,5.978717803955078,21.535051345825195,0.9335503578186035,0.8515138626098633,6.404280185699463,25.290311813354492,ok,ok
real_std,2026,block_02,RPM,4,canonical,1,0,1,101,2000,0,558,0.0,0.279,-0.17067569494247437,6.848967552185059,1.7724595069885254,1.2508182525634766,-0.0962931364774704,5.475589752197266,ok,ok
real_std,3407,block_02,RPM,4,canonical,1,0,1,101,2000,32,1999,0.016,0.9995,5.521188259124756,26.68873405456543,1.170154094696045,1.0478458404541016,4.718343257904053,25.470094680786133,ok,ok
rule_std,7,block_02,RPM,4,canonical,1,0,1,101,2000,2,2000,0.001,1.0,1.8735675811767578,41.36296463012695,0.9363298416137695,1.0359020233154297,2.000969648361206,39.92941665649414,ok,ok
rule_std,42,block_02,RPM,4,canonical,1,0,1,101,2000,6,1999,0.003,0.9995,2.1815457344055176,26.114871978759766,1.0167431831359863,0.9765458106994629,2.1456210613250732,26.74208641052246,ok,ok
rule_std,123,block_02,RPM,4,canonical,1,0,1,101,2000,3,2000,0.0015,1.0,2.3386855125427246,40.48649978637695,1.0347681045532227,0.9976696968078613,2.260105848312378,40.58106231689453,ok,ok
rule_std,2026,block_02,RPM,4,canonical,1,0,1,101,2000,40,1997,0.02,0.9985,6.813370227813721,22.277769088745117,0.7564268112182617,0.7351598739624023,9.007308959960938,30.303300857543945,ok,ok
rule_std,3407,block_02,RPM,4,canonical,1,0,1,101,2000,9,2000,0.0045,1.0,5.8042988777160645,34.10450744628906,0.9960947036743164,1.1839475631713867,5.827054977416992,28.805755615234375,ok,ok
placebo_std,7,block_02,RPM,4,canonical,1,0,1,101,2000,2,2000,0.001,1.0,1.7746365070343018,31.439163208007812,0.9542317390441895,0.9658546447753906,1.859754204750061,32.55061340332031,ok,ok
placebo_std,42,block_02,RPM,4,canonical,1,0,1,101,2000,3,2000,0.0015,1.0,1.5914167165756226,26.207290649414062,0.9161858558654785,0.9466109275817871,1.737001895904541,27.685388565063477,ok,ok
placebo_std,123,block_02,RPM,4,canonical,1,0,1,101,2000,0,1998,0.0,0.999,-9.252644538879395,65.0241928100586,1.123764991760254,0.9923262596130371,-8.233611106872559,65.52703094482422,ok,ok
placebo_std,2026,block_02,RPM,4,canonical,1,0,1,101,2000,30,1997,0.015,0.9985,4.852072238922119,33.88449478149414,0.9965219497680664,0.9491934776306152,4.869006633758545,35.69819641113281,ok,ok
placebo_std,3407,block_02,RPM,4,canonical,1,0,1,101,2000,33,2000,0.0165,1.0,5.3463945388793945,30.106231689453125,1.0763425827026367,0.9938716888427734,4.967186450958252,30.291872024536133,ok,ok
real_ms,7,block_02,RPM,4,canonical,1,1,0,110,2000,183,1365,0.0915,0.6825,9.083128929138184,9.909871101379395,1.3121037483215332,1.078542709350586,6.922569274902344,9.188203811645508,ok,ok
real_ms,42,block_02,RPM,4,canonical,1,1,0,110,2000,41,139,0.0205,0.0695,6.5231099128723145,4.662992000579834,1.5370111465454102,1.3246212005615234,4.244022369384766,3.5202460289001465,ok,ok
real_ms,123,block_02,RPM,4,canonical,1,1,0,110,2000,47,1729,0.0235,0.8645,4.282793045043945,12.450254440307617,0.8871946334838867,0.7362182140350342,4.827342987060547,16.911094665527344,ok,ok
real_ms,2026,block_02,RPM,4,canonical,1,1,0,110,2000,1,77,0.0005,0.0385,2.346625804901123,2.8841092586517334,1.271684169769287,0.785686731338501,1.845289707183838,3.670813798904419,ok,ok
real_ms,3407,block_02,RPM,4,canonical,1,1,0,110,2000,61,899,0.0305,0.4495,4.654017448425293,5.791707992553711,0.8923029899597168,0.9396266937255859,5.2157368659973145,6.163838863372803,ok,ok
rule_ms,7,block_02,RPM,4,canonical,1,1,0,110,2000,101,1959,0.0505,0.9795,5.213251113891602,24.775922775268555,0.7962632179260254,0.880279541015625,6.547145366668701,28.14551544189453,ok,ok
rule_ms,42,block_02,RPM,4,canonical,1,1,0,110,2000,196,1069,0.098,0.5345,8.399215698242188,11.236706733703613,0.8306293487548828,0.8322715759277344,10.111870765686035,13.501251220703125,ok,ok
rule_ms,123,block_02,RPM,4,canonical,1,1,0,110,2000,394,1891,0.197,0.9455,6.819433689117432,19.419570922851562,0.8253235816955566,0.7030844688415527,8.262739181518555,27.62053871154785,ok,ok
rule_ms,2026,block_02,RPM,4,canonical,1,1,0,110,2000,142,1261,0.071,0.6305,8.417729377746582,13.03115463256836,0.9418606758117676,0.9166765213012695,8.93734073638916,14.215652465820312,ok,ok
rule_ms,3407,block_02,RPM,4,canonical,1,1,0,110,2000,550,1465,0.275,0.7325,9.735383033752441,14.675806045532227,0.830599308013916,0.8446950912475586,11.72091293334961,17.374086380004883,ok,ok
placebo_ms,7,block_02,RPM,4,canonical,1,1,0,110,2000,370,1854,0.185,0.927,9.146211624145508,18.720027923583984,0.8460574150085449,0.9015884399414062,10.810391426086426,20.763385772705078,ok,ok
placebo_ms,42,block_02,RPM,4,canonical,1,1,0,110,2000,160,1362,0.08,0.681,5.772001266479492,11.773762702941895,0.9879622459411621,0.9426050186157227,5.842329978942871,12.4906644821167,ok,ok
placebo_ms,123,block_02,RPM,4,canonical,1,1,0,110,2000,16,1915,0.008,0.9575,2.02836537361145,23.965299606323242,0.8863840103149414,0.783416748046875,2.2883596420288086,30.590742111206055,ok,ok
placebo_ms,2026,block_02,RPM,4,canonical,1,1,0,110,2000,229,1863,0.1145,0.9315,6.959353446960449,18.689422607421875,0.8695893287658691,0.6715867519378662,8.003034591674805,27.828754425048828,ok,ok
placebo_ms,3407,block_02,RPM,4,canonical,1,1,0,110,2000,174,1723,0.087,0.8615,6.9162421226501465,19.366592407226562,0.9436793327331543,0.8411645889282227,7.329017639160156,23.02354621887207,ok,ok
real_std,7,block_02,RPM,4,canonical,1,1,0,110,2000,67,599,0.0335,0.2995,8.685257911682129,7.753115653991699,1.6713500022888184,1.2412467002868652,5.1965532302856445,6.246232509613037,ok,ok
real_std,42,block_02,RPM,4,canonical,1,1,0,110,2000,26,398,0.013,0.199,4.331884860992432,3.9774084091186523,1.5301647186279297,1.080963373184204,2.8309926986694336,3.6795034408569336,ok,ok
real_std,123,block_02,RPM,4,canonical,1,1,0,110,2000,127,1634,0.0635,0.817,6.288133144378662,12.427809715270996,0.9335503578186035,0.8515138626098633,6.735718727111816,14.594958305358887,ok,ok
real_std,2026,block_02,RPM,4,canonical,1,1,0,110,2000,0,47,0.0,0.0235,-1.1412373781204224,2.5999512672424316,1.7724595069885254,1.2508182525634766,-0.6438722014427185,2.0786001682281494,ok,ok
real_std,3407,block_02,RPM,4,canonical,1,1,0,110,2000,145,990,0.0725,0.495,7.7465691566467285,8.902996063232422,1.170154094696045,1.0478458404541016,6.620126724243164,8.496474266052246,ok,ok
rule_std,7,block_02,RPM,4,canonical,1,1,0,110,2000,277,1513,0.1385,0.7565,8.866255760192871,16.699922561645508,0.9363298416137695,1.0359020233154297,9.469158172607422,16.121139526367188,ok,ok
rule_std,42,block_02,RPM,4,canonical,1,1,0,110,2000,129,1253,0.0645,0.6265,5.472846508026123,11.656192779541016,1.0167431831359863,0.9765458106994629,5.382722854614258,11.936144828796387,ok,ok
rule_std,123,block_02,RPM,4,canonical,1,1,0,110,2000,147,1880,0.0735,0.94,5.85823917388916,24.771520614624023,1.0347681045532227,0.9976696968078613,5.661403179168701,24.829381942749023,ok,ok
rule_std,2026,block_02,RPM,4,canonical,1,1,0,110,2000,294,1276,0.147,0.638,8.836613655090332,12.320296287536621,0.7564268112182617,0.7351598739624023,11.682047843933105,16.7586612701416,ok,ok
rule_std,3407,block_02,RPM,4,canonical,1,1,0,110,2000,368,1534,0.184,0.767,10.470291137695312,18.015819549560547,0.9960947036743164,1.1839475631713867,10.511341094970703,15.2167387008667,ok,ok
placebo_std,7,block_02,RPM,4,canonical,1,1,0,110,2000,406,1890,0.203,0.945,9.516666412353516,22.280168533325195,0.9542317390441895,0.9658546447753906,9.97311782836914,23.067827224731445,ok,ok
placebo_std,42,block_02,RPM,4,canonical,1,1,0,110,2000,224,1140,0.112,0.57,6.557035446166992,11.058554649353027,0.9161858558654785,0.9466109275817871,7.156883716583252,11.682259559631348,ok,ok
placebo_std,123,block_02,RPM,4,canonical,1,1,0,110,2000,28,1979,0.014,0.9895,1.170179009437561,35.83043670654297,1.123764991760254,0.9923262596130371,1.04130220413208,36.10751724243164,ok,ok
placebo_std,2026,block_02,RPM,4,canonical,1,1,0,110,2000,427,1600,0.2135,0.8,9.579585075378418,17.593027114868164,0.9965219497680664,0.9491934776306152,9.613019943237305,18.534711837768555,ok,ok
placebo_std,3407,block_02,RPM,4,canonical,1,1,0,110,2000,790,1720,0.395,0.86,10.878240585327148,17.070159912109375,1.0763425827026367,0.9938716888427734,10.106670379638672,17.175418853759766,ok,ok
real_ms,7,block_02,RPM,4,canonical,1,1,1,111,2000,307,1982,0.1535,0.991,9.83415412902832,16.676557540893555,1.3121037483215332,1.078542709350586,7.494951248168945,15.462119102478027,ok,ok
real_ms,42,block_02,RPM,4,canonical,1,1,1,111,2000,292,1473,0.146,0.7365,11.587892532348633,13.804840087890625,1.5370111465454102,1.3246212005615234,7.539238452911377,10.42172622680664,ok,ok
real_ms,123,block_02,RPM,4,canonical,1,1,1,111,2000,23,2000,0.0115,1.0,4.071005821228027,25.875383377075195,0.8871946334838867,0.7362182140350342,4.588627815246582,35.1463508605957,ok,ok
real_ms,2026,block_02,RPM,4,canonical,1,1,1,111,2000,29,1628,0.0145,0.814,5.735507965087891,10.254042625427246,1.271684169769287,0.785686731338501,4.510167121887207,13.051058769226074,ok,ok
real_ms,3407,block_02,RPM,4,canonical,1,1,1,111,2000,27,2000,0.0135,1.0,4.013932228088379,21.017696380615234,0.8923029899597168,0.9396266937255859,4.498396396636963,22.36813735961914,ok,ok
rule_ms,7,block_02,RPM,4,canonical,1,1,1,111,2000,1,1999,0.0005,0.9995,-1.2642987966537476,41.234371185302734,0.7962632179260254,0.880279541015625,-1.58778977394104,46.84235763549805,ok,ok
rule_ms,42,block_02,RPM,4,canonical,1,1,1,111,2000,25,1996,0.0125,0.998,5.763247966766357,24.12361717224121,0.8306293487548828,0.8322715759277344,6.938411235809326,28.985271453857422,ok,ok
rule_ms,123,block_02,RPM,4,canonical,1,1,1,111,2000,13,2000,0.0065,1.0,1.4117674827575684,40.156944274902344,0.8253235816955566,0.7030844688415527,1.7105623483657837,57.11539077758789,ok,ok
rule_ms,2026,block_02,RPM,4,canonical,1,1,1,111,2000,12,1996,0.006,0.998,5.570552825927734,29.849191665649414,0.9418606758117676,0.9166765213012695,5.914412021636963,32.56240463256836,ok,ok
rule_ms,3407,block_02,RPM,4,canonical,1,1,1,111,2000,27,2000,0.0135,1.0,5.7763543128967285,29.192481994628906,0.830599308013916,0.8446950912475586,6.954442024230957,34.55978775024414,ok,ok
placebo_ms,7,block_02,RPM,4,canonical,1,1,1,111,2000,44,1998,0.022,0.999,6.429457187652588,27.961042404174805,0.8460574150085449,0.9015884399414062,7.599315643310547,31.013090133666992,ok,ok
placebo_ms,42,block_02,RPM,4,canonical,1,1,1,111,2000,4,2000,0.002,1.0,0.7421535849571228,26.980566024780273,0.9879622459411621,0.9426050186157227,0.7511962652206421,28.62340545654297,ok,ok
placebo_ms,123,block_02,RPM,4,canonical,1,1,1,111,2000,0,2000,0.0,1.0,-6.872302532196045,57.0380859375,0.8863840103149414,0.783416748046875,-7.7531890869140625,72.80683135986328,ok,ok
placebo_ms,2026,block_02,RPM,4,canonical,1,1,1,111,2000,21,2000,0.0105,1.0,4.7322587966918945,30.169355392456055,0.8695893287658691,0.6715867519378662,5.441946983337402,44.92250061035156,ok,ok
placebo_ms,3407,block_02,RPM,4,canonical,1,1,1,111,2000,0,2000,0.0,1.0,0.15958291292190552,40.44295883178711,0.9436793327331543,0.8411645889282227,0.16910715401172638,48.07971954345703,ok,ok
real_std,7,block_02,RPM,4,canonical,1,1,1,111,2000,234,1887,0.117,0.9435,11.439838409423828,20.735750198364258,1.6713500022888184,1.2412467002868652,6.844669818878174,16.705581665039062,ok,ok
real_std,42,block_02,RPM,4,canonical,1,1,1,111,2000,94,1993,0.047,0.9965,4.911504745483398,17.63645362854004,1.5301647186279297,1.080963373184204,3.2097880840301514,16.31549644470215,ok,ok
real_std,123,block_02,RPM,4,canonical,1,1,1,111,2000,100,2000,0.05,1.0,6.32954216003418,25.126285552978516,0.9335503578186035,0.8515138626098633,6.7800750732421875,29.507780075073242,ok,ok
real_std,2026,block_02,RPM,4,canonical,1,1,1,111,2000,0,339,0.0,0.1695,1.7054624557495117,5.451348781585693,1.7724595069885254,1.2508182525634766,0.9622011184692383,4.358226299285889,ok,ok
real_std,3407,block_02,RPM,4,canonical,1,1,1,111,2000,63,1998,0.0315,0.999,6.362148284912109,25.72443389892578,1.170154094696045,1.0478458404541016,5.437017917633057,24.54982566833496,ok,ok
rule_std,7,block_02,RPM,4,canonical,1,1,1,111,2000,70,1998,0.035,0.999,6.877307415008545,32.58022689819336,0.9363298416137695,1.0359020233154297,7.3449625968933105,31.45107078552246,ok,ok
rule_std,42,block_02,RPM,4,canonical,1,1,1,111,2000,5,2000,0.0025,1.0,0.7992736101150513,29.72576332092285,1.0167431831359863,0.9765458106994629,0.78611159324646,30.4397029876709,ok,ok
rule_std,123,block_02,RPM,4,canonical,1,1,1,111,2000,5,2000,0.0025,1.0,-2.0227160453796387,54.932884216308594,1.0347681045532227,0.9976696968078613,-1.9547529220581055,55.061195373535156,ok,ok
rule_std,2026,block_02,RPM,4,canonical,1,1,1,111,2000,52,1989,0.026,0.9945,7.004581928253174,22.79492950439453,0.7564268112182617,0.7351598739624023,9.260092735290527,31.00676155090332,ok,ok
rule_std,3407,block_02,RPM,4,canonical,1,1,1,111,2000,28,1999,0.014,0.9995,6.5593061447143555,36.04230499267578,0.9960947036743164,1.1839475631713867,6.585022449493408,30.442480087280273,ok,ok
placebo_std,7,block_02,RPM,4,canonical,1,1,1,111,2000,10,2000,0.005,1.0,3.584160089492798,38.95353698730469,0.9542317390441895,0.9658546447753906,3.7560691833496094,40.33063888549805,ok,ok
placebo_std,42,block_02,RPM,4,canonical,1,1,1,111,2000,34,2000,0.017,1.0,3.1550698280334473,28.416706085205078,0.9161858558654785,0.9466109275817871,3.4437007904052734,30.0194149017334,ok,ok
placebo_std,123,block_02,RPM,4,canonical,1,1,1,111,2000,0,1998,0.0,0.999,-11.063698768615723,73.01587677001953,1.123764991760254,0.9923262596130371,-9.845207214355469,73.58051300048828,ok,ok
placebo_std,2026,block_02,RPM,4,canonical,1,1,1,111,2000,110,1987,0.055,0.9935,7.316240310668945,31.10834312438965,0.9965219497680664,0.9491934776306152,7.341775417327881,32.77344512939453,ok,ok
placebo_std,3407,block_02,RPM,4,canonical,1,1,1,111,2000,138,2000,0.069,1.0,7.295411109924316,34.24393081665039,1.0763425827026367,0.9938716888427734,6.777963638305664,34.455078125,ok,ok
real_ms,7,block_02,RPM,4,shifted,0,0,0,000,2000,1,258,0.0005,0.129,2.066650390625,4.150556564331055,1.3121037483215332,1.078542709350586,1.5750664472579956,3.8483004570007324,ok,ok
real_ms,42,block_02,RPM,4,shifted,0,0,0,000,2000,2,2,0.001,0.001,-3.327436685562134,-0.6601212024688721,1.5370111465454102,1.3246212005615234,-2.164875030517578,-0.4983471632003784,ok,ok
real_ms,123,block_02,RPM,4,shifted,0,0,0,000,2000,1,5,0.0005,0.0025,-1.3375837802886963,0.500423014163971,0.8871946334838867,0.7362182140350342,-1.507655382156372,0.6797210574150085,ok,ok
real_ms,2026,block_02,RPM,4,shifted,0,0,0,000,2000,0,6,0.0,0.003,-1.8199554681777954,0.820743203163147,1.271684169769287,0.785686731338501,-1.4311379194259644,1.044618844985962,ok,ok
real_ms,3407,block_02,RPM,4,shifted,0,0,0,000,2000,0,3,0.0,0.0015,-3.0389926433563232,-1.0170882940292358,0.8923029899597168,0.9396266937255859,-3.40578556060791,-1.0824387073516846,ok,ok
rule_ms,7,block_02,RPM,4,shifted,0,0,0,000,2000,1999,1999,0.9995,0.9995,35.615299224853516,63.430843353271484,0.7962632179260254,0.880279541015625,44.72804641723633,72.05760955810547,ok,ok
rule_ms,42,block_02,RPM,4,shifted,0,0,0,000,2000,1998,2000,0.999,1.0,33.42326354980469,68.95855712890625,0.8306293487548828,0.8322715759277344,40.23847579956055,82.85582733154297,ok,ok
rule_ms,123,block_02,RPM,4,shifted,0,0,0,000,2000,2000,2000,1.0,1.0,33.03769302368164,56.84326934814453,0.8253235816955566,0.7030844688415527,40.02998352050781,80.84841918945312,ok,ok
rule_ms,2026,block_02,RPM,4,shifted,0,0,0,000,2000,1998,2000,0.999,1.0,33.465885162353516,65.22075653076172,0.9418606758117676,0.9166765213012695,35.53167724609375,71.14915466308594,ok,ok
rule_ms,3407,block_02,RPM,4,shifted,0,0,0,000,2000,1998,2000,0.999,1.0,41.87950897216797,70.56011962890625,0.830599308013916,0.8446950912475586,50.420833587646484,83.53323364257812,ok,ok
placebo_ms,7,block_02,RPM,4,shifted,0,0,0,000,2000,1998,1999,0.999,0.9995,33.37830352783203,63.43400955200195,0.8460574150085449,0.9015884399414062,39.45158386230469,70.35806274414062,ok,ok
placebo_ms,42,block_02,RPM,4,shifted,0,0,0,000,2000,1999,2000,0.9995,1.0,30.083309173583984,58.06692886352539,0.9879622459411621,0.9426050186157227,30.44985580444336,61.60260772705078,ok,ok
placebo_ms,123,block_02,RPM,4,shifted,0,0,0,000,2000,1998,2000,0.999,1.0,32.86832046508789,57.163272857666016,0.8863840103149414,0.783416748046875,37.081356048583984,72.96661376953125,ok,ok
placebo_ms,2026,block_02,RPM,4,shifted,0,0,0,000,2000,1998,2000,0.999,1.0,32.510032653808594,57.12973403930664,0.8695893287658691,0.6715867519378662,37.38550567626953,85.0667953491211,ok,ok
placebo_ms,3407,block_02,RPM,4,shifted,0,0,0,000,2000,1998,2000,0.999,1.0,39.29878616333008,78.31426239013672,0.9436793327331543,0.8411645889282227,41.64421844482422,93.10218811035156,ok,ok
real_std,7,block_02,RPM,4,shifted,0,0,0,000,2000,0,18,0.0,0.009,-2.3368282318115234,1.8326008319854736,1.6713500022888184,1.2412467002868652,-1.3981679677963257,1.476419448852539,ok,ok
real_std,42,block_02,RPM,4,shifted,0,0,0,000,2000,1,8,0.0005,0.004,-3.736875534057617,-0.24298156797885895,1.5301647186279297,1.080963373184204,-2.4421393871307373,-0.22478243708610535,ok,ok
real_std,123,block_02,RPM,4,shifted,0,0,0,000,2000,2,2,0.001,0.001,-1.343483567237854,0.014289730228483677,0.9335503578186035,0.8515138626098633,-1.4391120672225952,0.016781555488705635,ok,ok
real_std,2026,block_02,RPM,4,shifted,0,0,0,000,2000,0,4,0.0,0.002,-4.223837852478027,0.7961673736572266,1.7724595069885254,1.2508182525634766,-2.383037567138672,0.636517345905304,ok,ok
real_std,3407,block_02,RPM,4,shifted,0,0,0,000,2000,0,2,0.0,0.001,-2.6893434524536133,-0.8301656246185303,1.170154094696045,1.0478458404541016,-2.29828143119812,-0.7922592759132385,ok,ok
rule_std,7,block_02,RPM,4,shifted,0,0,0,000,2000,2000,2000,1.0,1.0,38.371768951416016,78.31465911865234,0.9363298416137695,1.0359020233154297,40.981040954589844,75.60045623779297,ok,ok
rule_std,42,block_02,RPM,4,shifted,0,0,0,000,2000,1998,2000,0.999,1.0,34.15143966674805,66.49503326416016,1.0167431831359863,0.9765458106994629,33.589054107666016,68.09207916259766,ok,ok
rule_std,123,block_02,RPM,4,shifted,0,0,0,000,2000,2000,2000,1.0,1.0,38.545894622802734,73.5381851196289,1.0347681045532227,0.9976696968078613,37.25075912475586,73.70995330810547,ok,ok
rule_std,2026,block_02,RPM,4,shifted,0,0,0,000,2000,1998,2000,0.999,1.0,36.987552642822266,61.207672119140625,0.7564268112182617,0.7351598739624023,48.897727966308594,83.25763702392578,ok,ok
rule_std,3407,block_02,RPM,4,shifted,0,0,0,000,2000,1998,2000,0.999,1.0,37.909217834472656,72.65474700927734,0.9960947036743164,1.1839475631713867,38.05784225463867,61.36653137207031,ok,ok
placebo_std,7,block_02,RPM,4,shifted,0,0,0,000,2000,2000,2000,1.0,1.0,35.97739791870117,65.88248443603516,0.9542317390441895,0.9658546447753906,37.702999114990234,68.21159362792969,ok,ok
placebo_std,42,block_02,RPM,4,shifted,0,0,0,000,2000,1998,2000,0.999,1.0,37.463844299316406,74.05345153808594,0.9161858558654785,0.9466109275817871,40.89109802246094,78.23008728027344,ok,ok
placebo_std,123,block_02,RPM,4,shifted,0,0,0,000,2000,1998,1998,0.999,0.999,35.797576904296875,76.69197082519531,1.123764991760254,0.9923262596130371,31.85504150390625,77.2850341796875,ok,ok
placebo_std,2026,block_02,RPM,4,shifted,0,0,0,000,2000,2000,2000,1.0,1.0,36.892784118652344,72.76648712158203,0.9965219497680664,0.9491934776306152,37.02154541015625,76.66138458251953,ok,ok
placebo_std,3407,block_02,RPM,4,shifted,0,0,0,000,2000,1999,2000,0.9995,1.0,38.68545913696289,75.03312683105469,1.0763425827026367,0.9938716888427734,35.941585540771484,75.49578857421875,ok,ok
real_ms,7,block_02,RPM,4,shifted,0,0,1,001,2000,22,1268,0.011,0.634,4.8678741455078125,9.106834411621094,1.3121037483215332,1.078542709350586,3.7099759578704834,8.443647384643555,ok,ok
real_ms,42,block_02,RPM,4,shifted,0,0,1,001,2000,2,6,0.001,0.003,-1.8294358253479004,1.9522603750228882,1.5370111465454102,1.3246212005615234,-1.1902554035186768,1.473825454711914,ok,ok
real_ms,123,block_02,RPM,4,shifted,0,0,1,001,2000,1,18,0.0005,0.009,-0.3817620873451233,1.1367976665496826,0.8871946334838867,0.7362182140350342,-0.4303025007247925,1.5441040992736816,ok,ok
real_ms,2026,block_02,RPM,4,shifted,0,0,1,001,2000,0,209,0.0,0.1045,-0.6933116316795349,4.417248249053955,1.271684169769287,0.785686731338501,-0.5451917052268982,5.6221489906311035,ok,ok
real_ms,3407,block_02,RPM,4,shifted,0,0,1,001,2000,0,16,0.0,0.008,-2.529207468032837,-0.4078792631626129,0.8923029899597168,0.9396266937255859,-2.8344717025756836,-0.43408656120300293,ok,ok
rule_ms,7,block_02,RPM,4,shifted,0,0,1,001,2000,1999,1999,0.9995,0.9995,27.562265396118164,42.50314712524414,0.7962632179260254,0.880279541015625,34.6145133972168,48.283695220947266,ok,ok
rule_ms,42,block_02,RPM,4,shifted,0,0,1,001,2000,1998,2000,0.999,1.0,28.306884765625,52.3599853515625,0.8306293487548828,0.8322715759277344,34.07883834838867,62.91213607788086,ok,ok
rule_ms,123,block_02,RPM,4,shifted,0,0,1,001,2000,2000,2000,1.0,1.0,27.355199813842773,42.71166229248047,0.8253235816955566,0.7030844688415527,33.144813537597656,60.74898147583008,ok,ok
rule_ms,2026,block_02,RPM,4,shifted,0,0,1,001,2000,1998,2000,0.999,1.0,27.208444595336914,46.32033920288086,0.9418606758117676,0.9166765213012695,28.88797378540039,50.53073501586914,ok,ok
rule_ms,3407,block_02,RPM,4,shifted,0,0,1,001,2000,1998,2000,0.999,1.0,32.59938049316406,60.48353958129883,0.830599308013916,0.8446950912475586,39.248023986816406,71.60398864746094,ok,ok
placebo_ms,7,block_02,RPM,4,shifted,0,0,1,001,2000,1998,1999,0.999,0.9995,26.159698486328125,46.177703857421875,0.8460574150085449,0.9015884399414062,30.919530868530273,51.218162536621094,ok,ok
placebo_ms,42,block_02,RPM,4,shifted,0,0,1,001,2000,1999,2000,0.9995,1.0,25.599803924560547,47.61026382446289,0.9879622459411621,0.9426050186157227,25.911724090576172,50.509239196777344,ok,ok
placebo_ms,123,block_02,RPM,4,shifted,0,0,1,001,2000,1998,2000,0.999,1.0,24.334012985229492,41.94094467163086,0.8863840103149414,0.783416748046875,27.453128814697266,53.53593063354492,ok,ok
placebo_ms,2026,block_02,RPM,4,shifted,0,0,1,001,2000,1998,2000,0.999,1.0,23.81985092163086,44.06148910522461,0.8695893287658691,0.6715867519378662,27.392070770263672,65.60804748535156,ok,ok
placebo_ms,3407,block_02,RPM,4,shifted,0,0,1,001,2000,1998,2000,0.999,1.0,29.126583099365234,53.610023498535156,0.9436793327331543,0.8411645889282227,30.864917755126953,63.73309326171875,ok,ok
real_std,7,block_02,RPM,4,shifted,0,0,1,001,2000,0,79,0.0,0.0395,-0.697993278503418,3.6482129096984863,1.6713500022888184,1.2412467002868652,-0.41762247681617737,2.9391517639160156,ok,ok
real_std,42,block_02,RPM,4,shifted,0,0,1,001,2000,1,147,0.0005,0.0735,-2.474062442779541,2.51704740524292,1.5301647186279297,1.080963373184204,-1.6168601512908936,2.3285224437713623,ok,ok
real_std,123,block_02,RPM,4,shifted,0,0,1,001,2000,3,9,0.0015,0.0045,-0.22950011491775513,1.0634474754333496,0.9335503578186035,0.8515138626098633,-0.2458358108997345,1.2488903999328613,ok,ok
real_std,2026,block_02,RPM,4,shifted,0,0,1,001,2000,0,37,0.0,0.0185,-5.6240315437316895,2.0653817653656006,1.7724595069885254,1.2508182525634766,-3.1730103492736816,1.6512246131896973,ok,ok
real_std,3407,block_02,RPM,4,shifted,0,0,1,001,2000,0,14,0.0,0.007,-2.838606357574463,-0.1207704171538353,1.170154094696045,1.0478458404541016,-2.425839900970459,-0.11525590717792511,ok,ok
rule_std,7,block_02,RPM,4,shifted,0,0,1,001,2000,2000,2000,1.0,1.0,31.63617515563965,54.68592071533203,0.9363298416137695,1.0359020233154297,33.78742218017578,52.79063034057617,ok,ok
rule_std,42,block_02,RPM,4,shifted,0,0,1,001,2000,1998,2000,0.999,1.0,26.46872329711914,45.76677322387695,1.0167431831359863,0.9765458106994629,26.03285026550293,46.8659782409668,ok,ok
rule_std,123,block_02,RPM,4,shifted,0,0,1,001,2000,2000,2000,1.0,1.0,27.11983871459961,51.5466423034668,1.0347681045532227,0.9976696968078613,26.2086124420166,51.66703796386719,ok,ok
rule_std,2026,block_02,RPM,4,shifted,0,0,1,001,2000,1998,2000,0.999,1.0,28.361562728881836,51.37446975708008,0.7564268112182617,0.7351598739624023,37.49412536621094,69.88204193115234,ok,ok
rule_std,3407,block_02,RPM,4,shifted,0,0,1,001,2000,1998,2000,0.999,1.0,30.683469772338867,52.345703125,0.9960947036743164,1.1839475631713867,30.803770065307617,44.212860107421875,ok,ok
placebo_std,7,block_02,RPM,4,shifted,0,0,1,001,2000,2000,2000,1.0,1.0,26.102540969848633,46.199153900146484,0.9542317390441895,0.9658546447753906,27.354509353637695,47.83240509033203,ok,ok
placebo_std,42,block_02,RPM,4,shifted,0,0,1,001,2000,1998,2000,0.999,1.0,30.796558380126953,53.80763244628906,0.9161858558654785,0.9466109275817871,33.6138801574707,56.84239959716797,ok,ok
placebo_std,123,block_02,RPM,4,shifted,0,0,1,001,2000,1998,1998,0.999,0.999,28.187076568603516,70.62041473388672,1.123764991760254,0.9923262596130371,25.082714080810547,71.16653442382812,ok,ok
placebo_std,2026,block_02,RPM,4,shifted,0,0,1,001,2000,2000,2000,1.0,1.0,30.088590621948242,59.03982925415039,0.9965219497680664,0.9491934776306152,30.193603515625,62.19999313354492,ok,ok
placebo_std,3407,block_02,RPM,4,shifted,0,0,1,001,2000,1999,2000,0.9995,1.0,32.575164794921875,57.08697509765625,1.0763425827026367,0.9938716888427734,30.264680862426758,57.4389762878418,ok,ok
real_ms,7,block_02,RPM,4,shifted,0,1,0,010,2000,7,150,0.0035,0.075,3.188243865966797,3.4427127838134766,1.3121037483215332,1.078542709350586,2.4298717975616455,3.192004442214966,ok,ok
real_ms,42,block_02,RPM,4,shifted,0,1,0,010,2000,2,2,0.001,0.001,-2.251188278198242,-0.6855455040931702,1.5370111465454102,1.3246212005615234,-1.4646531343460083,-0.5175408720970154,ok,ok
real_ms,123,block_02,RPM,4,shifted,0,1,0,010,2000,0,3,0.0,0.0015,-1.1057634353637695,0.13300542533397675,0.8871946334838867,0.7362182140350342,-1.2463594675064087,0.18066033720970154,ok,ok
real_ms,2026,block_02,RPM,4,shifted,0,1,0,010,2000,0,2,0.0,0.001,-1.4619439840316772,0.18826138973236084,1.271684169769287,0.785686731338501,-1.1496124267578125,0.23961380124092102,ok,ok
real_ms,3407,block_02,RPM,4,shifted,0,1,0,010,2000,0,2,0.0,0.001,-2.2831172943115234,-0.6561381816864014,0.8923029899597168,0.9396266937255859,-2.5586788654327393,-0.6982966661453247,ok,ok
rule_ms,7,block_02,RPM,4,shifted,0,1,0,010,2000,1999,1999,0.9995,0.9995,41.59959411621094,78.25526428222656,0.7962632179260254,0.880279541015625,52.24352264404297,88.89820098876953,ok,ok
rule_ms,42,block_02,RPM,4,shifted,0,1,0,010,2000,1998,2000,0.999,1.0,38.85307693481445,90.85140991210938,0.8306293487548828,0.8322715759277344,46.77547836303711,109.1607666015625,ok,ok
rule_ms,123,block_02,RPM,4,shifted,0,1,0,010,2000,2000,2000,1.0,1.0,38.226924896240234,74.55316925048828,0.8253235816955566,0.7030844688415527,46.317501068115234,106.03730010986328,ok,ok
rule_ms,2026,block_02,RPM,4,shifted,0,1,0,010,2000,1998,2000,0.999,1.0,36.60493087768555,78.87644958496094,0.9418606758117676,0.9166765213012695,38.86448287963867,86.04611206054688,ok,ok
rule_ms,3407,block_02,RPM,4,shifted,0,1,0,010,2000,1998,2000,0.999,1.0,48.0973014831543,89.27918243408203,0.830599308013916,0.8446950912475586,57.906742095947266,105.6939697265625,ok,ok
placebo_ms,7,block_02,RPM,4,shifted,0,1,0,010,2000,1998,1999,0.999,0.9995,39.08689880371094,77.96975708007812,0.8460574150085449,0.9015884399414062,46.19886779785156,86.48043823242188,ok,ok
placebo_ms,42,block_02,RPM,4,shifted,0,1,0,010,2000,1999,2000,0.9995,1.0,36.75255584716797,79.4925765991211,0.9879622459411621,0.9426050186157227,37.20036697387695,84.33287048339844,ok,ok
placebo_ms,123,block_02,RPM,4,shifted,0,1,0,010,2000,1998,2000,0.999,1.0,39.127803802490234,73.29032135009766,0.8863840103149414,0.783416748046875,44.1431770324707,93.5521469116211,ok,ok
placebo_ms,2026,block_02,RPM,4,shifted,0,1,0,010,2000,1998,2000,0.999,1.0,37.5883903503418,72.87155151367188,0.8695893287658691,0.6715867519378662,43.22544860839844,108.50653076171875,ok,ok
placebo_ms,3407,block_02,RPM,4,shifted,0,1,0,010,2000,1998,2000,0.999,1.0,42.593223571777344,94.52910614013672,0.9436793327331543,0.8411645889282227,45.13527297973633,112.37884521484375,ok,ok
real_std,7,block_02,RPM,4,shifted,0,1,0,010,2000,1,42,0.0005,0.021,0.1803649663925171,2.796004295349121,1.6713500022888184,1.2412467002868652,0.10791574418544769,2.252577304840088,ok,ok
real_std,42,block_02,RPM,4,shifted,0,1,0,010,2000,1,5,0.0005,0.0025,-3.1956961154937744,-0.4738372564315796,1.5301647186279297,1.080963373184204,-2.0884652137756348,-0.4383471608161926,ok,ok
real_std,123,block_02,RPM,4,shifted,0,1,0,010,2000,2,3,0.001,0.0015,-1.0104639530181885,-0.14548936486244202,0.9335503578186035,0.8515138626098633,-1.0823884010314941,-0.17085964977741241,ok,ok
real_std,2026,block_02,RPM,4,shifted,0,1,0,010,2000,0,3,0.0,0.0015,-3.426065444946289,0.594273567199707,1.7724595069885254,1.2508182525634766,-1.9329442977905273,0.4751078486442566,ok,ok
real_std,3407,block_02,RPM,4,shifted,0,1,0,010,2000,0,4,0.0,0.002,-1.147152304649353,-0.1469811648130417,1.170154094696045,1.0478458404541016,-0.9803429841995239,-0.14026984572410583,ok,ok
rule_std,7,block_02,RPM,4,shifted,0,1,0,010,2000,2000,2000,1.0,1.0,44.30366516113281,94.18509674072266,0.9363298416137695,1.0359020233154297,47.31629943847656,90.92085266113281,ok,ok
rule_std,42,block_02,RPM,4,shifted,0,1,0,010,2000,1998,2000,0.999,1.0,39.44623565673828,82.44548034667969,1.0167431831359863,0.9765458106994629,38.79665756225586,84.42560577392578,ok,ok
rule_std,123,block_02,RPM,4,shifted,0,1,0,010,2000,2000,2000,1.0,1.0,46.01906967163086,94.67032623291016,1.0347681045532227,0.9976696968078613,44.472835540771484,94.8914566040039,ok,ok
rule_std,2026,block_02,RPM,4,shifted,0,1,0,010,2000,1998,2000,0.999,1.0,40.4301643371582,74.99819946289062,0.7564268112182617,0.7351598739624023,53.448875427246094,102.01617431640625,ok,ok
rule_std,3407,block_02,RPM,4,shifted,0,1,0,010,2000,1998,2000,0.999,1.0,44.60844802856445,92.59093475341797,0.9960947036743164,1.1839475631713867,44.78334426879883,78.20527648925781,ok,ok
placebo_std,7,block_02,RPM,4,shifted,0,1,0,010,2000,2000,2000,1.0,1.0,43.827423095703125,85.61321258544922,0.9542317390441895,0.9658546447753906,45.92953872680664,88.63986206054688,ok,ok
placebo_std,42,block_02,RPM,4,shifted,0,1,0,010,2000,1998,2000,0.999,1.0,45.32592010498047,93.17548370361328,0.9161858558654785,0.9466109275817871,49.47240447998047,98.43059539794922,ok,ok
placebo_std,123,block_02,RPM,4,shifted,0,1,0,010,2000,1998,1998,0.999,0.999,43.00751495361328,99.40245056152344,1.123764991760254,0.9923262596130371,38.270912170410156,100.171142578125,ok,ok
placebo_std,2026,block_02,RPM,4,shifted,0,1,0,010,2000,2000,2000,1.0,1.0,46.12539291381836,96.41442108154297,0.9965219497680664,0.9491934776306152,46.286380767822266,101.57510375976562,ok,ok
placebo_std,3407,block_02,RPM,4,shifted,0,1,0,010,2000,1999,2000,0.9995,1.0,44.67936706542969,95.40763854980469,1.0763425827026367,0.9938716888427734,41.51036071777344,95.99594116210938,ok,ok
real_ms,7,block_02,RPM,4,shifted,0,1,1,011,2000,6,655,0.003,0.3275,4.668924331665039,6.435093879699707,1.3121037483215332,1.078542709350586,3.558349847793579,5.966470718383789,ok,ok
real_ms,42,block_02,RPM,4,shifted,0,1,1,011,2000,2,5,0.001,0.0025,-2.6403098106384277,1.1109777688980103,1.5370111465454102,1.3246212005615234,-1.7178210020065308,0.8387136459350586,ok,ok
real_ms,123,block_02,RPM,4,shifted,0,1,1,011,2000,4,30,0.002,0.015,-0.015772774815559387,1.4926197528839111,0.8871946334838867,0.7362182140350342,-0.017778266221284866,2.0274150371551514,ok,ok
real_ms,2026,block_02,RPM,4,shifted,0,1,1,011,2000,0,14,0.0,0.007,-4.218970775604248,1.1549153327941895,1.271684169769287,0.785686731338501,-3.317624568939209,1.4699437618255615,ok,ok
real_ms,3407,block_02,RPM,4,shifted,0,1,1,011,2000,0,61,0.0,0.0305,-0.9058825969696045,1.1108379364013672,0.8923029899597168,0.9396266937255859,-1.0152186155319214,1.1822118759155273,ok,ok
rule_ms,7,block_02,RPM,4,shifted,0,1,1,011,2000,1999,1999,0.9995,0.9995,37.072784423828125,69.44631958007812,0.7962632179260254,0.880279541015625,46.55845260620117,78.89120483398438,ok,ok
rule_ms,42,block_02,RPM,4,shifted,0,1,1,011,2000,1998,2000,0.999,1.0,36.94557571411133,93.25164794921875,0.8306293487548828,0.8322715759277344,44.4790153503418,112.04473114013672,ok,ok
rule_ms,123,block_02,RPM,4,shifted,0,1,1,011,2000,2000,2000,1.0,1.0,35.154720306396484,73.02981567382812,0.8253235816955566,0.7030844688415527,42.59507369995117,103.87061309814453,ok,ok
rule_ms,2026,block_02,RPM,4,shifted,0,1,1,011,2000,1998,2000,0.999,1.0,31.916507720947266,70.74417114257812,0.9418606758117676,0.9166765213012695,33.88665771484375,77.17462158203125,ok,ok
rule_ms,3407,block_02,RPM,4,shifted,0,1,1,011,2000,1998,2000,0.999,1.0,44.655391693115234,88.869873046875,0.830599308013916,0.8446950912475586,53.76285171508789,105.20941925048828,ok,ok
placebo_ms,7,block_02,RPM,4,shifted,0,1,1,011,2000,1998,1999,0.999,0.9995,36.004703521728516,75.26471710205078,0.8460574150085449,0.9015884399414062,42.55585861206055,83.48014068603516,ok,ok
placebo_ms,42,block_02,RPM,4,shifted,0,1,1,011,2000,1999,2000,0.9995,1.0,35.40711975097656,82.30683135986328,0.9879622459411621,0.9426050186157227,35.83853530883789,87.31846618652344,ok,ok
placebo_ms,123,block_02,RPM,4,shifted,0,1,1,011,2000,1998,2000,0.999,1.0,31.04281997680664,66.33936309814453,0.8863840103149414,0.783416748046875,35.02186584472656,84.67953491210938,ok,ok
placebo_ms,2026,block_02,RPM,4,shifted,0,1,1,011,2000,1998,2000,0.999,1.0,32.09562683105469,69.44685363769531,0.8695893287658691,0.6715867519378662,36.9089469909668,103.40711975097656,ok,ok
placebo_ms,3407,block_02,RPM,4,shifted,0,1,1,011,2000,1998,2000,0.999,1.0,34.88657760620117,83.97271728515625,0.9436793327331543,0.8411645889282227,36.96868133544922,99.8291244506836,ok,ok
real_std,7,block_02,RPM,4,shifted,0,1,1,011,2000,0,148,0.0,0.074,0.5356292128562927,4.705514907836914,1.6713500022888184,1.2412467002868652,0.3204769790172577,3.7909584045410156,ok,ok
real_std,42,block_02,RPM,4,shifted,0,1,1,011,2000,1,12,0.0005,0.006,-5.171202182769775,-0.6441736817359924,1.5301647186279297,1.080963373184204,-3.379507064819336,-0.595925509929657,ok,ok
real_std,123,block_02,RPM,4,shifted,0,1,1,011,2000,5,28,0.0025,0.014,0.4887753427028656,1.6003968715667725,0.9335503578186035,0.8515138626098633,0.5235661864280701,1.8794723749160767,ok,ok
real_std,2026,block_02,RPM,4,shifted,0,1,1,011,2000,0,35,0.0,0.0175,-5.595256328582764,1.9050078392028809,1.7724595069885254,1.2508182525634766,-3.15677547454834,1.5230094194412231,ok,ok
real_std,3407,block_02,RPM,4,shifted,0,1,1,011,2000,3,76,0.0015,0.038,-0.4818771183490753,2.12058687210083,1.170154094696045,1.0478458404541016,-0.411806583404541,2.02375864982605,ok,ok
rule_std,7,block_02,RPM,4,shifted,0,1,1,011,2000,2000,2000,1.0,1.0,41.43962478637695,86.554931640625,0.9363298416137695,1.0359020233154297,44.25750732421875,83.55512237548828,ok,ok
rule_std,42,block_02,RPM,4,shifted,0,1,1,011,2000,1998,2000,0.999,1.0,36.10322189331055,79.02395629882812,1.0167431831359863,0.9765458106994629,35.50869369506836,80.92190551757812,ok,ok
rule_std,123,block_02,RPM,4,shifted,0,1,1,011,2000,2000,2000,1.0,1.0,38.75285339355469,81.78736114501953,1.0347681045532227,0.9976696968078613,37.45075607299805,81.9783935546875,ok,ok
rule_std,2026,block_02,RPM,4,shifted,0,1,1,011,2000,1998,2000,0.999,1.0,37.437461853027344,75.5849609375,0.7564268112182617,0.7351598739624023,49.49250793457031,102.81431579589844,ok,ok
rule_std,3407,block_02,RPM,4,shifted,0,1,1,011,2000,1998,2000,0.999,1.0,38.17770767211914,90.99537658691406,0.9960947036743164,1.1839475631713867,38.32738494873047,76.85760498046875,ok,ok
placebo_std,7,block_02,RPM,4,shifted,0,1,1,011,2000,2000,2000,1.0,1.0,38.496952056884766,83.6059341430664,0.9542317390441895,0.9658546447753906,40.34340286254883,86.56160736083984,ok,ok
placebo_std,42,block_02,RPM,4,shifted,0,1,1,011,2000,1998,2000,0.999,1.0,43.080413818359375,87.65238952636719,0.9161858558654785,0.9466109275817871,47.02147674560547,92.59601593017578,ok,ok
placebo_std,123,block_02,RPM,4,shifted,0,1,1,011,2000,1998,1998,0.999,0.999,38.511695861816406,103.09249114990234,1.123764991760254,0.9923262596130371,34.270240783691406,103.88971710205078,ok,ok
placebo_std,2026,block_02,RPM,4,shifted,0,1,1,011,2000,2000,2000,1.0,1.0,45.77117156982422,95.93682861328125,0.9965219497680664,0.9491934776306152,45.93092727661133,101.07193756103516,ok,ok
placebo_std,3407,block_02,RPM,4,shifted,0,1,1,011,2000,1999,2000,0.9995,1.0,38.61229705810547,89.421875,1.0763425827026367,0.9938716888427734,35.87360763549805,89.97325134277344,ok,ok
real_ms,7,block_02,RPM,4,shifted,1,0,0,100,2000,128,1774,0.064,0.887,7.3695068359375,13.88990306854248,1.3121037483215332,1.078542709350586,5.616558074951172,12.878398895263672,ok,ok
real_ms,42,block_02,RPM,4,shifted,1,0,0,100,2000,50,377,0.025,0.1885,6.85003137588501,6.366412162780762,1.5370111465454102,1.3246212005615234,4.456721782684326,4.80621337890625,ok,ok
real_ms,123,block_02,RPM,4,shifted,1,0,0,100,2000,27,1896,0.0135,0.948,3.9674575328826904,16.18543243408203,0.8871946334838867,0.7362182140350342,4.471912860870361,21.98455810546875,ok,ok
real_ms,2026,block_02,RPM,4,shifted,1,0,0,100,2000,0,201,0.0,0.1005,3.1636688709259033,3.891355276107788,1.271684169769287,0.785686731338501,2.487778902053833,4.952807426452637,ok,ok
real_ms,3407,block_02,RPM,4,shifted,1,0,0,100,2000,75,1325,0.0375,0.6625,5.331341743469238,8.644990921020508,0.8923029899597168,0.9396266937255859,5.974811553955078,9.20045280456543,ok,ok
rule_ms,7,block_02,RPM,4,shifted,1,0,0,100,2000,51,1997,0.0255,0.9985,2.7989418506622314,32.50773620605469,0.7962632179260254,0.880279541015625,3.515096664428711,36.92887496948242,ok,ok
rule_ms,42,block_02,RPM,4,shifted,1,0,0,100,2000,152,1008,0.076,0.504,8.033600807189941,10.426952362060547,0.8306293487548828,0.8322715759277344,9.671703338623047,12.528305053710938,ok,ok
rule_ms,123,block_02,RPM,4,shifted,1,0,0,100,2000,985,1967,0.4925,0.9835,9.472346305847168,19.422931671142578,0.8253235816955566,0.7030844688415527,11.477130889892578,27.625316619873047,ok,ok
rule_ms,2026,block_02,RPM,4,shifted,1,0,0,100,2000,92,1400,0.046,0.7,7.8172736167907715,14.005318641662598,0.9418606758117676,0.9166765213012695,8.299818992614746,15.278365135192871,ok,ok
rule_ms,3407,block_02,RPM,4,shifted,1,0,0,100,2000,634,1757,0.317,0.8785,10.164583206176758,17.03053092956543,0.830599308013916,0.8446950912475586,12.237648010253906,20.16175079345703,ok,ok
placebo_ms,7,block_02,RPM,4,shifted,1,0,0,100,2000,160,1988,0.08,0.994,7.176450729370117,25.165483474731445,0.8460574150085449,0.9015884399414062,8.482226371765137,27.912385940551758,ok,ok
placebo_ms,42,block_02,RPM,4,shifted,1,0,0,100,2000,147,1396,0.0735,0.698,5.675848484039307,11.486909866333008,0.9879622459411621,0.9426050186157227,5.7450056076049805,12.186345100402832,ok,ok
placebo_ms,123,block_02,RPM,4,shifted,1,0,0,100,2000,150,1964,0.075,0.982,5.18143892288208,22.44435691833496,0.8863840103149414,0.783416748046875,5.845592021942139,28.649320602416992,ok,ok
placebo_ms,2026,block_02,RPM,4,shifted,1,0,0,100,2000,250,1951,0.125,0.9755,6.898841857910156,19.687374114990234,0.8695893287658691,0.6715867519378662,7.933448314666748,29.314716339111328,ok,ok
placebo_ms,3407,block_02,RPM,4,shifted,1,0,0,100,2000,87,1891,0.0435,0.9455,5.293180465698242,22.399642944335938,0.9436793327331543,0.8411645889282227,5.60908842086792,26.629322052001953,ok,ok
real_std,7,block_02,RPM,4,shifted,1,0,0,100,2000,78,1111,0.039,0.5555,8.469111442565918,11.761600494384766,1.6713500022888184,1.2412467002868652,5.067227840423584,9.475634574890137,ok,ok
real_std,42,block_02,RPM,4,shifted,1,0,0,100,2000,29,445,0.0145,0.2225,4.185932159423828,4.147672653198242,1.5301647186279297,1.080963373184204,2.7356083393096924,3.837015390396118,ok,ok
real_std,123,block_02,RPM,4,shifted,1,0,0,100,2000,114,1810,0.057,0.905,6.055094242095947,15.28691291809082,0.9335503578186035,0.8515138626098633,6.486092567443848,17.95262908935547,ok,ok
real_std,2026,block_02,RPM,4,shifted,1,0,0,100,2000,0,219,0.0,0.1095,0.026772454380989075,4.548548698425293,1.7724595069885254,1.2508182525634766,0.0151046859100461,3.636458396911621,ok,ok
real_std,3407,block_02,RPM,4,shifted,1,0,0,100,2000,168,1239,0.084,0.6195,8.148011207580566,10.893101692199707,1.170154094696045,1.0478458404541016,6.963195323944092,10.395709991455078,ok,ok
rule_std,7,block_02,RPM,4,shifted,1,0,0,100,2000,192,1902,0.096,0.951,7.427935600280762,25.554445266723633,0.9363298416137695,1.0359020233154297,7.933032512664795,24.66878890991211,ok,ok
rule_std,42,block_02,RPM,4,shifted,1,0,0,100,2000,238,1551,0.119,0.7755,6.348039627075195,13.90140438079834,1.0167431831359863,0.9765458106994629,6.243503570556641,14.235280990600586,ok,ok
rule_std,123,block_02,RPM,4,shifted,1,0,0,100,2000,611,1909,0.3055,0.9545,9.591958045959473,22.452978134155273,1.0347681045532227,0.9976696968078613,9.269668579101562,22.50542449951172,ok,ok
rule_std,2026,block_02,RPM,4,shifted,1,0,0,100,2000,355,1411,0.1775,0.7055,9.150853157043457,12.56065559387207,0.7564268112182617,0.7351598739624023,12.097472190856934,17.08561134338379,ok,ok
rule_std,3407,block_02,RPM,4,shifted,1,0,0,100,2000,295,1825,0.1475,0.9125,9.765690803527832,21.798717498779297,0.9960947036743164,1.1839475631713867,9.803977012634277,18.411893844604492,ok,ok
placebo_std,7,block_02,RPM,4,shifted,1,0,0,100,2000,284,1969,0.142,0.9845,8.430956840515137,24.595735549926758,0.9542317390441895,0.9658546447753906,8.835333824157715,25.46525764465332,ok,ok
placebo_std,42,block_02,RPM,4,shifted,1,0,0,100,2000,119,1431,0.0595,0.7155,5.524250030517578,12.898879051208496,0.9161858558654785,0.9466109275817871,6.0296173095703125,13.626379013061523,ok,ok
placebo_std,123,block_02,RPM,4,shifted,1,0,0,100,2000,39,1997,0.0195,0.9985,1.442887306213379,40.21268081665039,1.123764991760254,0.9923262596130371,1.2839760780334473,40.523643493652344,ok,ok
placebo_std,2026,block_02,RPM,4,shifted,1,0,0,100,2000,479,1748,0.2395,0.874,9.581621170043945,18.535593032836914,0.9965219497680664,0.9491934776306152,9.615062713623047,19.52773094177246,ok,ok
placebo_std,3407,block_02,RPM,4,shifted,1,0,0,100,2000,521,1811,0.2605,0.9055,9.440826416015625,16.93602180480957,1.0763425827026367,0.9938716888427734,8.771208763122559,17.040451049804688,ok,ok
real_ms,7,block_02,RPM,4,shifted,1,0,1,101,2000,55,2000,0.0275,1.0,5.796766757965088,24.02402687072754,1.3121037483215332,1.078542709350586,4.4179182052612305,22.27452278137207,ok,ok
real_ms,42,block_02,RPM,4,shifted,1,0,1,101,2000,103,1895,0.0515,0.9475,9.034093856811523,20.368640899658203,1.5370111465454102,1.3246212005615234,5.877702236175537,15.376955032348633,ok,ok
real_ms,123,block_02,RPM,4,shifted,1,0,1,101,2000,16,1998,0.008,0.999,4.296998500823975,23.332910537719727,0.8871946334838867,0.7362182140350342,4.843355655670166,31.692928314208984,ok,ok
real_ms,2026,block_02,RPM,4,shifted,1,0,1,101,2000,11,1860,0.0055,0.93,4.849109172821045,11.759900093078613,1.271684169769287,0.785686731338501,3.8131394386291504,14.967672348022461,ok,ok
real_ms,3407,block_02,RPM,4,shifted,1,0,1,101,2000,22,2000,0.011,1.0,3.815441846847534,22.700668334960938,0.8923029899597168,0.9396266937255859,4.275948524475098,24.15924072265625,ok,ok
rule_ms,7,block_02,RPM,4,shifted,1,0,1,101,2000,1,1999,0.0005,0.9995,-3.6836466789245605,41.279563903808594,0.7962632179260254,0.880279541015625,-4.626166820526123,46.893699645996094,ok,ok
rule_ms,42,block_02,RPM,4,shifted,1,0,1,101,2000,5,1989,0.0025,0.9945,5.171911239624023,20.448217391967773,0.8306293487548828,0.8322715759277344,6.226497173309326,24.569164276123047,ok,ok
rule_ms,123,block_02,RPM,4,shifted,1,0,1,101,2000,70,2000,0.035,1.0,4.506087779998779,30.277515411376953,0.8253235816955566,0.7030844688415527,5.459783554077148,43.06383514404297,ok,ok
rule_ms,2026,block_02,RPM,4,shifted,1,0,1,101,2000,1,2000,0.0005,1.0,3.364457130432129,34.47327423095703,0.9418606758117676,0.9166765213012695,3.572138786315918,37.6068000793457,ok,ok
rule_ms,3407,block_02,RPM,4,shifted,1,0,1,101,2000,38,1999,0.019,0.9995,6.583262920379639,27.799406051635742,0.830599308013916,0.8446950912475586,7.925919055938721,32.910579681396484,ok,ok
placebo_ms,7,block_02,RPM,4,shifted,1,0,1,101,2000,2,1999,0.001,0.9995,3.695643663406372,28.102285385131836,0.8460574150085449,0.9015884399414062,4.368076324462891,31.169750213623047,ok,ok
placebo_ms,42,block_02,RPM,4,shifted,1,0,1,101,2000,12,1997,0.006,0.9985,2.9817724227905273,21.97116470336914,0.9879622459411621,0.9426050186157227,3.018103837966919,23.30898094177246,ok,ok
placebo_ms,123,block_02,RPM,4,shifted,1,0,1,101,2000,0,2000,0.0,1.0,-2.592407703399658,44.82024383544922,0.8863840103149414,0.783416748046875,-2.9247004985809326,57.21123504638672,ok,ok
placebo_ms,2026,block_02,RPM,4,shifted,1,0,1,101,2000,0,2000,0.0,1.0,1.9595133066177368,34.036312103271484,0.8695893287658691,0.6715867519378662,2.253377676010132,50.680442810058594,ok,ok
placebo_ms,3407,block_02,RPM,4,shifted,1,0,1,101,2000,0,2000,0.0,1.0,1.1908482313156128,36.17525863647461,0.9436793327331543,0.8411645889282227,1.2619205713272095,43.00615692138672,ok,ok
real_std,7,block_02,RPM,4,shifted,1,0,1,101,2000,109,1989,0.0545,0.9945,8.475885391235352,28.854583740234375,1.6713500022888184,1.2412467002868652,5.071281433105469,23.24645233154297,ok,ok
real_std,42,block_02,RPM,4,shifted,1,0,1,101,2000,88,1985,0.044,0.9925,5.147693157196045,20.095396041870117,1.5301647186279297,1.080963373184204,3.364143133163452,18.59026527404785,ok,ok
real_std,123,block_02,RPM,4,shifted,1,0,1,101,2000,75,1989,0.0375,0.9945,6.000041961669922,21.665414810180664,0.9335503578186035,0.8515138626098633,6.427121639251709,25.44340705871582,ok,ok
real_std,2026,block_02,RPM,4,shifted,1,0,1,101,2000,0,600,0.0,0.3,-0.23432542383670807,7.088487148284912,1.7724595069885254,1.2508182525634766,-0.13220353424549103,5.667079925537109,ok,ok
real_std,3407,block_02,RPM,4,shifted,1,0,1,101,2000,32,2000,0.016,1.0,5.517008304595947,26.814268112182617,1.170154094696045,1.0478458404541016,4.714770793914795,25.58989715576172,ok,ok
rule_std,7,block_02,RPM,4,shifted,1,0,1,101,2000,2,2000,0.001,1.0,2.0116398334503174,41.915000915527344,0.9363298416137695,1.0359020233154297,2.148430585861206,40.46232604980469,ok,ok
rule_std,42,block_02,RPM,4,shifted,1,0,1,101,2000,7,1999,0.0035,0.9995,2.332813024520874,26.413612365722656,1.0167431831359863,0.9765458106994629,2.2943973541259766,27.048002243041992,ok,ok
rule_std,123,block_02,RPM,4,shifted,1,0,1,101,2000,3,2000,0.0015,1.0,2.4941375255584717,41.460426330566406,1.0347681045532227,0.9976696968078613,2.410335063934326,41.55726623535156,ok,ok
rule_std,2026,block_02,RPM,4,shifted,1,0,1,101,2000,33,1998,0.0165,0.999,6.633375644683838,22.838115692138672,0.7564268112182617,0.7351598739624023,8.769355773925781,31.065507888793945,ok,ok
rule_std,3407,block_02,RPM,4,shifted,1,0,1,101,2000,12,2000,0.006,1.0,6.034997940063477,34.33220291137695,0.9960947036743164,1.1839475631713867,6.058659553527832,28.998075485229492,ok,ok
placebo_std,7,block_02,RPM,4,shifted,1,0,1,101,2000,2,2000,0.001,1.0,1.7604683637619019,31.724687576293945,0.9542317390441895,0.9658546447753906,1.8449065685272217,32.84623336791992,ok,ok
placebo_std,42,block_02,RPM,4,shifted,1,0,1,101,2000,4,2000,0.002,1.0,1.6479830741882324,26.591949462890625,0.9161858558654785,0.9466109275817871,1.7987431287765503,28.091739654541016,ok,ok
placebo_std,123,block_02,RPM,4,shifted,1,0,1,101,2000,0,1998,0.0,0.999,-9.17806625366211,65.85617065429688,1.123764991760254,0.9923262596130371,-8.16724681854248,66.36544799804688,ok,ok
placebo_std,2026,block_02,RPM,4,shifted,1,0,1,101,2000,30,1999,0.015,0.9995,4.941417217254639,34.824790954589844,0.9965219497680664,0.9491934776306152,4.9586639404296875,36.688819885253906,ok,ok
placebo_std,3407,block_02,RPM,4,shifted,1,0,1,101,2000,39,2000,0.0195,1.0,5.498646259307861,30.76735496520996,1.0763425827026367,0.9938716888427734,5.108639717102051,30.957073211669922,ok,ok
real_ms,7,block_02,RPM,4,shifted,1,1,0,110,2000,190,1386,0.095,0.693,9.132230758666992,10.014649391174316,1.3121037483215332,1.078542709350586,6.959990978240967,9.285353660583496,ok,ok
real_ms,42,block_02,RPM,4,shifted,1,1,0,110,2000,42,148,0.021,0.074,6.556372165679932,4.746997833251953,1.5370111465454102,1.3246212005615234,4.2656636238098145,3.5836641788482666,ok,ok
real_ms,123,block_02,RPM,4,shifted,1,1,0,110,2000,49,1740,0.0245,0.87,4.313610553741455,12.539338111877441,0.8871946334838867,0.7362182140350342,4.86207914352417,17.032093048095703,ok,ok
real_ms,2026,block_02,RPM,4,shifted,1,1,0,110,2000,1,83,0.0005,0.0415,2.4328277111053467,2.9373421669006348,1.271684169769287,0.785686731338501,1.91307532787323,3.7385663986206055,ok,ok
real_ms,3407,block_02,RPM,4,shifted,1,1,0,110,2000,62,918,0.031,0.459,4.646829128265381,5.8734307289123535,0.8923029899597168,0.9396266937255859,5.207680702209473,6.250812530517578,ok,ok
rule_ms,7,block_02,RPM,4,shifted,1,1,0,110,2000,105,1966,0.0525,0.983,5.251018524169922,25.385555267333984,0.7962632179260254,0.880279541015625,6.594576835632324,28.83806037902832,ok,ok
rule_ms,42,block_02,RPM,4,shifted,1,1,0,110,2000,236,1133,0.118,0.5665,8.719541549682617,11.818488121032715,0.8306293487548828,0.8322715759277344,10.497511863708496,14.200279235839844,ok,ok
rule_ms,123,block_02,RPM,4,shifted,1,1,0,110,2000,433,1913,0.2165,0.9565,7.002968788146973,20.18700408935547,0.8253235816955566,0.7030844688415527,8.485118865966797,28.71206283569336,ok,ok
rule_ms,2026,block_02,RPM,4,shifted,1,1,0,110,2000,142,1305,0.071,0.6525,8.448807716369629,13.49074649810791,0.9418606758117676,0.9166765213012695,8.9703369140625,14.717019081115723,ok,ok
rule_ms,3407,block_02,RPM,4,shifted,1,1,0,110,2000,554,1479,0.277,0.7395,9.820527076721191,14.918899536132812,0.830599308013916,0.8446950912475586,11.823423385620117,17.661874771118164,ok,ok
placebo_ms,7,block_02,RPM,4,shifted,1,1,0,110,2000,393,1872,0.1965,0.936,9.242502212524414,19.31160545349121,0.8460574150085449,0.9015884399414062,10.924202919006348,21.41953468322754,ok,ok
placebo_ms,42,block_02,RPM,4,shifted,1,1,0,110,2000,174,1441,0.087,0.7205,5.840037822723389,12.313458442687988,0.9879622459411621,0.9426050186157227,5.911195278167725,13.063222885131836,ok,ok
placebo_ms,123,block_02,RPM,4,shifted,1,1,0,110,2000,17,1928,0.0085,0.964,1.9608134031295776,24.765583038330078,0.8863840103149414,0.783416748046875,2.212148904800415,31.612274169921875,ok,ok
placebo_ms,2026,block_02,RPM,4,shifted,1,1,0,110,2000,230,1877,0.115,0.9385,6.92888069152832,19.36151885986328,0.8695893287658691,0.6715867519378662,7.967992305755615,28.829511642456055,ok,ok
placebo_ms,3407,block_02,RPM,4,shifted,1,1,0,110,2000,168,1741,0.084,0.8705,6.8239216804504395,19.709718704223633,0.9436793327331543,0.8411645889282227,7.231187343597412,23.43146514892578,ok,ok
real_std,7,block_02,RPM,4,shifted,1,1,0,110,2000,61,608,0.0305,0.304,8.684979438781738,7.892583847045898,1.6713500022888184,1.2412467002868652,5.196385860443115,6.358593940734863,ok,ok
real_std,42,block_02,RPM,4,shifted,1,1,0,110,2000,27,421,0.0135,0.2105,4.2967209815979,4.095827102661133,1.5301647186279297,1.080963373184204,2.8080122470855713,3.7890522480010986,ok,ok
real_std,123,block_02,RPM,4,shifted,1,1,0,110,2000,129,1643,0.0645,0.8215,6.341470241546631,12.541927337646484,0.9335503578186035,0.8515138626098633,6.792852401733398,14.728976249694824,ok,ok
real_std,2026,block_02,RPM,4,shifted,1,1,0,110,2000,0,49,0.0,0.0245,-1.16265869140625,2.7253451347351074,1.7724595069885254,1.2508182525634766,-0.6559577584266663,2.178849935531616,ok,ok
real_std,3407,block_02,RPM,4,shifted,1,1,0,110,2000,150,1005,0.075,0.5025,7.806641578674316,9.003271102905273,1.170154094696045,1.0478458404541016,6.671464920043945,8.592171669006348,ok,ok
rule_std,7,block_02,RPM,4,shifted,1,1,0,110,2000,307,1561,0.1535,0.7805,9.072861671447754,17.367143630981445,0.9363298416137695,1.0359020233154297,9.689814567565918,16.76523780822754,ok,ok
rule_std,42,block_02,RPM,4,shifted,1,1,0,110,2000,139,1283,0.0695,0.6415,5.579174995422363,11.948652267456055,1.0167431831359863,0.9765458106994629,5.487299919128418,12.235629081726074,ok,ok
rule_std,123,block_02,RPM,4,shifted,1,1,0,110,2000,161,1897,0.0805,0.9485,6.012905597686768,25.55553436279297,1.0347681045532227,0.9976696968078613,5.810872554779053,25.615224838256836,ok,ok
rule_std,2026,block_02,RPM,4,shifted,1,1,0,110,2000,298,1341,0.149,0.6705,8.850796699523926,12.809460639953613,0.7564268112182617,0.7351598739624023,11.700797080993652,17.424049377441406,ok,ok
rule_std,3407,block_02,RPM,4,shifted,1,1,0,110,2000,374,1558,0.187,0.779,10.529297828674316,18.382484436035156,0.9960947036743164,1.1839475631713867,10.570579528808594,15.526435852050781,ok,ok
placebo_std,7,block_02,RPM,4,shifted,1,1,0,110,2000,418,1904,0.209,0.952,9.57624340057373,22.761981964111328,0.9542317390441895,0.9658546447753906,10.035552978515625,23.566675186157227,ok,ok
placebo_std,42,block_02,RPM,4,shifted,1,1,0,110,2000,235,1219,0.1175,0.6095,6.687752723693848,11.65534782409668,0.9161858558654785,0.9466109275817871,7.299559593200684,12.312710762023926,ok,ok
placebo_std,123,block_02,RPM,4,shifted,1,1,0,110,2000,29,1983,0.0145,0.9915,1.0234730243682861,36.80551528930664,1.123764991760254,0.9923262596130371,0.910753607749939,37.09013366699219,ok,ok
placebo_std,2026,block_02,RPM,4,shifted,1,1,0,110,2000,461,1624,0.2305,0.812,9.744239807128906,18.112070083618164,0.9965219497680664,0.9491934776306152,9.778249740600586,19.0815372467041,ok,ok
placebo_std,3407,block_02,RPM,4,shifted,1,1,0,110,2000,803,1751,0.4015,0.8755,10.92087459564209,17.551313400268555,1.0763425827026367,0.9938716888427734,10.146282196044922,17.659534454345703,ok,ok
real_ms,7,block_02,RPM,4,shifted,1,1,1,111,2000,309,1982,0.1545,0.991,9.86606216430664,16.695608139038086,1.3121037483215332,1.078542709350586,7.519270420074463,15.479781150817871,ok,ok
real_ms,42,block_02,RPM,4,shifted,1,1,1,111,2000,284,1495,0.142,0.7475,11.542048454284668,14.039557456970215,1.5370111465454102,1.3246212005615234,7.509411334991455,10.598921775817871,ok,ok
real_ms,123,block_02,RPM,4,shifted,1,1,1,111,2000,23,2000,0.0115,1.0,4.085690498352051,25.933948516845703,0.8871946334838867,0.7362182140350342,4.605179786682129,35.22589874267578,ok,ok
real_ms,2026,block_02,RPM,4,shifted,1,1,1,111,2000,29,1672,0.0145,0.836,5.736134052276611,10.443689346313477,1.271684169769287,0.785686731338501,4.510659217834473,13.292435646057129,ok,ok
real_ms,3407,block_02,RPM,4,shifted,1,1,1,111,2000,24,2000,0.012,1.0,3.967937469482422,21.0950984954834,0.8923029899597168,0.9396266937255859,4.446850299835205,22.45050811767578,ok,ok
rule_ms,7,block_02,RPM,4,shifted,1,1,1,111,2000,1,1999,0.0005,0.9995,-1.2635976076126099,41.76493835449219,0.7962632179260254,0.880279541015625,-1.586909532546997,47.44508361816406,ok,ok
rule_ms,42,block_02,RPM,4,shifted,1,1,1,111,2000,27,1997,0.0135,0.9985,5.902328014373779,24.681316375732422,0.8306293487548828,0.8322715759277344,7.105851173400879,29.655363082885742,ok,ok
rule_ms,123,block_02,RPM,4,shifted,1,1,1,111,2000,13,2000,0.0065,1.0,1.6089534759521484,40.802188873291016,0.8253235816955566,0.7030844688415527,1.9494820833206177,58.03312683105469,ok,ok
rule_ms,2026,block_02,RPM,4,shifted,1,1,1,111,2000,11,1996,0.0055,0.998,5.349298000335693,30.393882751464844,0.9418606758117676,0.9166765213012695,5.679500102996826,33.1566047668457,ok,ok
rule_ms,3407,block_02,RPM,4,shifted,1,1,1,111,2000,23,2000,0.0115,1.0,5.746871471405029,29.283906936645508,0.830599308013916,0.8446950912475586,6.918946266174316,34.66801834106445,ok,ok
placebo_ms,7,block_02,RPM,4,shifted,1,1,1,111,2000,43,1998,0.0215,0.999,6.430652618408203,28.467748641967773,0.8460574150085449,0.9015884399414062,7.600728511810303,31.575103759765625,ok,ok
placebo_ms,42,block_02,RPM,4,shifted,1,1,1,111,2000,4,2000,0.002,1.0,0.6917896866798401,27.47524642944336,0.9879622459411621,0.9426050186157227,0.7002187371253967,29.14820671081543,ok,ok
placebo_ms,123,block_02,RPM,4,shifted,1,1,1,111,2000,0,2000,0.0,1.0,-6.8922438621521,57.67413330078125,0.8863840103149414,0.783416748046875,-7.775686264038086,73.61872100830078,ok,ok
placebo_ms,2026,block_02,RPM,4,shifted,1,1,1,111,2000,17,2000,0.0085,1.0,4.579476356506348,30.704408645629883,0.8695893287658691,0.6715867519378662,5.266252040863037,45.71919631958008,ok,ok
placebo_ms,3407,block_02,RPM,4,shifted,1,1,1,111,2000,0,2000,0.0,1.0,0.0487406961619854,40.70036697387695,0.9436793327331543,0.8411645889282227,0.05164964124560356,48.38573455810547,ok,ok
real_std,7,block_02,RPM,4,shifted,1,1,1,111,2000,231,1888,0.1155,0.944,11.364832878112793,20.74138641357422,1.6713500022888184,1.2412467002868652,6.799792289733887,16.710124969482422,ok,ok
real_std,42,block_02,RPM,4,shifted,1,1,1,111,2000,87,1993,0.0435,0.9965,4.736447334289551,17.94685173034668,1.5301647186279297,1.080963373184204,3.095383882522583,16.602643966674805,ok,ok
real_std,123,block_02,RPM,4,shifted,1,1,1,111,2000,101,2000,0.0505,1.0,6.356312274932861,25.190258026123047,0.9335503578186035,0.8515138626098633,6.808751583099365,29.582908630371094,ok,ok
real_std,2026,block_02,RPM,4,shifted,1,1,1,111,2000,0,375,0.0,0.1875,1.6630151271820068,5.659691333770752,1.7724595069885254,1.2508182525634766,0.9382527470588684,4.524791240692139,ok,ok
real_std,3407,block_02,RPM,4,shifted,1,1,1,111,2000,60,1999,0.03,0.9995,6.359983921051025,25.886432647705078,1.170154094696045,1.0478458404541016,5.4351677894592285,24.704429626464844,ok,ok
rule_std,7,block_02,RPM,4,shifted,1,1,1,111,2000,64,1999,0.032,0.9995,6.867062568664551,33.168785095214844,0.9363298416137695,1.0359020233154297,7.334021091461182,32.019229888916016,ok,ok
rule_std,42,block_02,RPM,4,shifted,1,1,1,111,2000,5,2000,0.0025,1.0,0.8343234658241272,30.079994201660156,1.0167431831359863,0.9765458106994629,0.8205843567848206,30.802438735961914,ok,ok
rule_std,123,block_02,RPM,4,shifted,1,1,1,111,2000,5,2000,0.0025,1.0,-1.9343342781066895,55.68077850341797,1.0347681045532227,0.9976696968078613,-1.8693407773971558,55.81083679199219,ok,ok
rule_std,2026,block_02,RPM,4,shifted,1,1,1,111,2000,45,1990,0.0225,0.995,6.796416282653809,23.319091796875,0.7564268112182617,0.7351598739624023,8.984896659851074,31.719757080078125,ok,ok
rule_std,3407,block_02,RPM,4,shifted,1,1,1,111,2000,27,1999,0.0135,0.9995,6.509299278259277,36.30775833129883,0.9960947036743164,1.1839475631713867,6.534819602966309,30.666690826416016,ok,ok
placebo_std,7,block_02,RPM,4,shifted,1,1,1,111,2000,9,2000,0.0045,1.0,3.5413928031921387,39.39265441894531,0.9542317390441895,0.9658546447753906,3.7112505435943604,40.785282135009766,ok,ok
placebo_std,42,block_02,RPM,4,shifted,1,1,1,111,2000,31,2000,0.0155,1.0,3.0227577686309814,29.089813232421875,0.9161858558654785,0.9466109275817871,3.2992846965789795,30.730484008789062,ok,ok
placebo_std,123,block_02,RPM,4,shifted,1,1,1,111,2000,0,1998,0.0,0.999,-11.19582748413086,73.83164978027344,1.123764991760254,0.9923262596130371,-9.962782859802246,74.40259552001953,ok,ok
placebo_std,2026,block_02,RPM,4,shifted,1,1,1,111,2000,104,1988,0.052,0.994,7.18821382522583,31.721054077148438,0.9965219497680664,0.9491934776306152,7.213301658630371,33.41895294189453,ok,ok
placebo_std,3407,block_02,RPM,4,shifted,1,1,1,111,2000,128,2000,0.064,1.0,7.222450256347656,34.724063873291016,1.0763425827026367,0.9938716888427734,6.710177898406982,34.93817138671875,ok,ok
real_ms,7,block_03,Gear,3,canonical,0,0,0,000,2000,34,527,0.017,0.2635,5.119503974914551,5.766315460205078,1.3007607460021973,1.078542709350586,3.935776472091675,5.346395492553711,ok,ok
real_ms,42,block_03,Gear,3,canonical,0,0,0,000,2000,0,0,0.0,0.0,-2.4916491508483887,-0.9004183411598206,1.6529512405395508,1.3246212005615234,-1.5073943138122559,-0.6797553300857544,ok,ok
real_ms,123,block_03,Gear,3,canonical,0,0,0,000,2000,0,35,0.0,0.0175,-1.0176079273223877,1.776434063911438,0.9492621421813965,0.7362182140350342,-1.0719990730285645,2.4129178524017334,ok,ok
real_ms,2026,block_03,Gear,3,canonical,0,0,0,000,2000,0,34,0.0,0.017,-1.1547037363052368,2.67657470703125,1.2528009414672852,0.785686731338501,-0.9216976165771484,3.4066691398620605,ok,ok
real_ms,3407,block_03,Gear,3,canonical,0,0,0,000,2000,0,0,0.0,0.0,-1.9594179391860962,-1.4819802045822144,1.0351133346557617,0.9396266937255859,-1.892950177192688,-1.577201008796692,ok,ok
rule_ms,7,block_03,Gear,3,canonical,0,0,0,000,2000,2000,2000,1.0,1.0,31.9261531829834,55.58634948730469,1.0093250274658203,0.880279541015625,31.63119125366211,63.1462516784668,ok,ok
rule_ms,42,block_03,Gear,3,canonical,0,0,0,000,2000,2000,2000,1.0,1.0,35.28810119628906,68.4650650024414,1.0037384033203125,0.8322715759277344,35.156673431396484,82.26287841796875,ok,ok
rule_ms,123,block_03,Gear,3,canonical,0,0,0,000,2000,2000,2000,1.0,1.0,30.156505584716797,51.721458435058594,0.955744743347168,0.7030844688415527,31.552886962890625,73.56364440917969,ok,ok
rule_ms,2026,block_03,Gear,3,canonical,0,0,0,000,2000,2000,2000,1.0,1.0,41.414337158203125,78.13910675048828,1.1129045486450195,0.9166765213012695,37.21283721923828,85.24175262451172,ok,ok
rule_ms,3407,block_03,Gear,3,canonical,0,0,0,000,2000,2000,2000,1.0,1.0,41.449676513671875,66.55243682861328,1.2160930633544922,0.8446950912475586,34.08429718017578,78.78870391845703,ok,ok
placebo_ms,7,block_03,Gear,3,canonical,0,0,0,000,2000,2000,2000,1.0,1.0,33.57827377319336,63.00688552856445,0.9572105407714844,0.9015884399414062,35.07929611206055,69.88431549072266,ok,ok
placebo_ms,42,block_03,Gear,3,canonical,0,0,0,000,2000,2000,2000,1.0,1.0,32.64365768432617,57.79250717163086,1.096771240234375,0.9426050186157227,29.76341438293457,61.31147766113281,ok,ok
placebo_ms,123,block_03,Gear,3,canonical,0,0,0,000,2000,2000,2000,1.0,1.0,33.322811126708984,56.540714263916016,0.8813776969909668,0.783416748046875,37.807640075683594,72.17195129394531,ok,ok
placebo_ms,2026,block_03,Gear,3,canonical,0,0,0,000,2000,2000,2000,1.0,1.0,30.110340118408203,55.62156677246094,0.9564328193664551,0.6715867519378662,31.481922149658203,82.82112121582031,ok,ok
placebo_ms,3407,block_03,Gear,3,canonical,0,0,0,000,2000,2000,2000,1.0,1.0,40.350093841552734,81.68047332763672,1.068547248840332,0.8411645889282227,37.761634826660156,97.10403442382812,ok,ok
real_std,7,block_03,Gear,3,canonical,0,0,0,000,2000,6,16,0.003,0.008,3.1791489124298096,2.4217758178710938,1.6373662948608398,1.2412467002868652,1.941623568534851,1.9510833024978638,ok,ok
real_std,42,block_03,Gear,3,canonical,0,0,0,000,2000,0,19,0.0,0.0095,-1.8902363777160645,0.08948824554681778,1.5257220268249512,1.080963373184204,-1.238912582397461,0.08278564363718033,ok,ok
real_std,123,block_03,Gear,3,canonical,0,0,0,000,2000,0,10,0.0,0.005,-1.1532131433486938,1.0755434036254883,1.0262856483459473,0.8515138626098633,-1.1236766576766968,1.263095736503601,ok,ok
real_std,2026,block_03,Gear,3,canonical,0,0,0,000,2000,0,8,0.0,0.004,-2.945103406906128,2.791317939758301,1.9834418296813965,1.2508182525634766,-1.4848449230194092,2.2315938472747803,ok,ok
real_std,3407,block_03,Gear,3,canonical,0,0,0,000,2000,0,0,0.0,0.0,-0.10165339708328247,-1.1302063465118408,1.4964051246643066,1.0478458404541016,-0.06793173402547836,-1.0785996913909912,ok,ok
rule_std,7,block_03,Gear,3,canonical,0,0,0,000,2000,2000,2000,1.0,1.0,41.62596893310547,76.43994903564453,1.181675910949707,1.0359020233154297,35.22621536254883,73.79070281982422,ok,ok
rule_std,42,block_03,Gear,3,canonical,0,0,0,000,2000,2000,2000,1.0,1.0,34.414615631103516,61.59785842895508,1.1422834396362305,0.9765458106994629,30.127912521362305,63.07728958129883,ok,ok
rule_std,123,block_03,Gear,3,canonical,0,0,0,000,2000,2000,2000,1.0,1.0,37.254249572753906,75.13945007324219,1.2401223182678223,0.9976696968078613,30.040788650512695,75.3149642944336,ok,ok
rule_std,2026,block_03,Gear,3,canonical,0,0,0,000,2000,2000,2000,1.0,1.0,34.65422439575195,58.58681869506836,0.8580408096313477,0.7351598739624023,40.38761901855469,79.692626953125,ok,ok
rule_std,3407,block_03,Gear,3,canonical,0,0,0,000,2000,2000,2000,1.0,1.0,46.81954574584961,77.36483001708984,1.325347900390625,1.1839475631713867,35.326229095458984,65.34481048583984,ok,ok
placebo_std,7,block_03,Gear,3,canonical,0,0,0,000,2000,2000,2000,1.0,1.0,36.20789337158203,65.73945617675781,1.078871250152588,0.9658546447753906,33.56090545654297,68.0634994506836,ok,ok
placebo_std,42,block_03,Gear,3,canonical,0,0,0,000,2000,2000,2000,1.0,1.0,36.977596282958984,68.0375747680664,1.1275620460510254,0.9466109275817871,32.794288635253906,71.87491607666016,ok,ok
placebo_std,123,block_03,Gear,3,canonical,0,0,0,000,2000,2000,2000,1.0,1.0,41.829444885253906,85.97409057617188,1.1350078582763672,0.9923262596130371,36.85387420654297,86.63894653320312,ok,ok
placebo_std,2026,block_03,Gear,3,canonical,0,0,0,000,2000,2000,2000,1.0,1.0,43.06188201904297,79.51121520996094,1.2206096649169922,0.9491934776306152,35.278995513916016,83.76713562011719,ok,ok
placebo_std,3407,block_03,Gear,3,canonical,0,0,0,000,2000,2000,2000,1.0,1.0,39.42166519165039,74.05917358398438,1.3090081214904785,0.9938716888427734,30.115673065185547,74.51583862304688,ok,ok
real_ms,7,block_03,Gear,3,canonical,0,0,1,001,2000,34,453,0.017,0.2265,5.288915157318115,5.500245094299316,1.3007607460021973,1.078542709350586,4.066017150878906,5.099701404571533,ok,ok
real_ms,42,block_03,Gear,3,canonical,0,0,1,001,2000,0,0,0.0,0.0,-2.155524253845215,-1.5509240627288818,1.6529512405395508,1.3246212005615234,-1.3040459156036377,-1.170843482017517,ok,ok
real_ms,123,block_03,Gear,3,canonical,0,0,1,001,2000,0,19,0.0,0.0095,-0.5216252207756042,1.2210355997085571,0.9492621421813965,0.7362182140350342,-0.5495060682296753,1.6585241556167603,ok,ok
real_ms,2026,block_03,Gear,3,canonical,0,0,1,001,2000,0,19,0.0,0.0095,-1.163358211517334,2.211195707321167,1.2528009414672852,0.785686731338501,-0.9286056756973267,2.8143482208251953,ok,ok
real_ms,3407,block_03,Gear,3,canonical,0,0,1,001,2000,0,0,0.0,0.0,-0.7564700245857239,-0.7340361475944519,1.0351133346557617,0.9396266937255859,-0.7308088541030884,-0.7811996936798096,ok,ok
rule_ms,7,block_03,Gear,3,canonical,0,0,1,001,2000,2000,2000,1.0,1.0,29.310665130615234,49.741188049316406,1.0093250274658203,0.880279541015625,29.039867401123047,56.506126403808594,ok,ok
rule_ms,42,block_03,Gear,3,canonical,0,0,1,001,2000,2000,2000,1.0,1.0,33.008094787597656,63.68804931640625,1.0037384033203125,0.8322715759277344,32.885154724121094,76.52315521240234,ok,ok
rule_ms,123,block_03,Gear,3,canonical,0,0,1,001,2000,2000,2000,1.0,1.0,27.482990264892578,46.439945220947266,0.955744743347168,0.7030844688415527,28.755573272705078,66.05172729492188,ok,ok
rule_ms,2026,block_03,Gear,3,canonical,0,0,1,001,2000,2000,2000,1.0,1.0,38.403568267822266,71.6776123046875,1.1129045486450195,0.9166765213012695,34.507511138916016,78.19292449951172,ok,ok
rule_ms,3407,block_03,Gear,3,canonical,0,0,1,001,2000,2000,2000,1.0,1.0,37.679805755615234,58.87017822265625,1.2160930633544922,0.8446950912475586,30.984312057495117,69.69400024414062,ok,ok
placebo_ms,7,block_03,Gear,3,canonical,0,0,1,001,2000,2000,2000,1.0,1.0,30.758159637451172,55.95071792602539,0.9572105407714844,0.9015884399414062,32.133121490478516,62.05793762207031,ok,ok
placebo_ms,42,block_03,Gear,3,canonical,0,0,1,001,2000,2000,2000,1.0,1.0,29.763145446777344,53.708282470703125,1.096771240234375,0.9426050186157227,27.13705825805664,56.97856140136719,ok,ok
placebo_ms,123,block_03,Gear,3,canonical,0,0,1,001,2000,2000,2000,1.0,1.0,29.98460578918457,49.81153869628906,0.8813776969909668,0.783416748046875,34.02015686035156,63.582427978515625,ok,ok
placebo_ms,2026,block_03,Gear,3,canonical,0,0,1,001,2000,2000,2000,1.0,1.0,27.853866577148438,51.997859954833984,0.9564328193664551,0.6715867519378662,29.12265968322754,77.4253921508789,ok,ok
placebo_ms,3407,block_03,Gear,3,canonical,0,0,1,001,2000,2000,2000,1.0,1.0,36.348236083984375,71.51962280273438,1.068547248840332,0.8411645889282227,34.01649475097656,85.02452850341797,ok,ok
real_std,7,block_03,Gear,3,canonical,0,0,1,001,2000,5,15,0.0025,0.0075,2.3179495334625244,1.885648488998413,1.6373662948608398,1.2412467002868652,1.4156572818756104,1.5191569328308105,ok,ok
real_std,42,block_03,Gear,3,canonical,0,0,1,001,2000,0,10,0.0,0.005,-2.045459032058716,-0.5552191138267517,1.5257220268249512,1.080963373184204,-1.3406498432159424,-0.513633668422699,ok,ok
real_std,123,block_03,Gear,3,canonical,0,0,1,001,2000,0,4,0.0,0.002,-0.6969746351242065,0.5668154954910278,1.0262856483459473,0.8515138626098633,-0.6791233420372009,0.6656562685966492,ok,ok
real_std,2026,block_03,Gear,3,canonical,0,0,1,001,2000,0,1,0.0,0.0005,-3.5722649097442627,1.4912383556365967,1.9834418296813965,1.2508182525634766,-1.8010435104370117,1.19221031665802,ok,ok
real_std,3407,block_03,Gear,3,canonical,0,0,1,001,2000,0,0,0.0,0.0,0.5159820318222046,-0.8826756477355957,1.4964051246643066,1.0478458404541016,0.3448144197463989,-0.8423717021942139,ok,ok
rule_std,7,block_03,Gear,3,canonical,0,0,1,001,2000,2000,2000,1.0,1.0,35.85746765136719,67.51071166992188,1.181675910949707,1.0359020233154297,30.344585418701172,65.17094421386719,ok,ok
rule_std,42,block_03,Gear,3,canonical,0,0,1,001,2000,2000,2000,1.0,1.0,31.380094528198242,56.051979064941406,1.1422834396362305,0.9765458106994629,27.471372604370117,57.39821243286133,ok,ok
rule_std,123,block_03,Gear,3,canonical,0,0,1,001,2000,2000,2000,1.0,1.0,34.610679626464844,66.9971923828125,1.2401223182678223,0.9976696968078613,27.909086227416992,67.1536865234375,ok,ok
rule_std,2026,block_03,Gear,3,canonical,0,0,1,001,2000,2000,2000,1.0,1.0,31.472108840942383,52.78507995605469,0.8580408096313477,0.7351598739624023,36.67903137207031,71.80081939697266,ok,ok
rule_std,3407,block_03,Gear,3,canonical,0,0,1,001,2000,2000,2000,1.0,1.0,42.30198287963867,67.54950714111328,1.325347900390625,1.1839475631713867,31.917646408081055,57.05447769165039,ok,ok
placebo_std,7,block_03,Gear,3,canonical,0,0,1,001,2000,2000,2000,1.0,1.0,32.19157791137695,55.704498291015625,1.078871250152588,0.9658546447753906,29.83820152282715,57.673797607421875,ok,ok
placebo_std,42,block_03,Gear,3,canonical,0,0,1,001,2000,2000,2000,1.0,1.0,33.64735794067383,62.621437072753906,1.1275620460510254,0.9466109275817871,29.840805053710938,66.15330505371094,ok,ok
placebo_std,123,block_03,Gear,3,canonical,0,0,1,001,2000,2000,2000,1.0,1.0,39.547828674316406,79.05284118652344,1.1350078582763672,0.9923262596130371,34.84366226196289,79.66415405273438,ok,ok
placebo_std,2026,block_03,Gear,3,canonical,0,0,1,001,2000,2000,2000,1.0,1.0,40.555240631103516,72.5423355102539,1.2206096649169922,0.9491934776306152,33.225399017333984,76.42523193359375,ok,ok
placebo_std,3407,block_03,Gear,3,canonical,0,0,1,001,2000,2000,2000,1.0,1.0,34.53178787231445,66.38823699951172,1.3090081214904785,0.9938716888427734,26.38011932373047,66.79759216308594,ok,ok
real_ms,7,block_03,Gear,3,canonical,0,1,0,010,2000,18,87,0.009,0.0435,4.489121913909912,3.488171100616455,1.3007607460021973,1.078542709350586,3.4511513710021973,3.23415207862854,ok,ok
real_ms,42,block_03,Gear,3,canonical,0,1,0,010,2000,0,0,0.0,0.0,-1.9186195135116577,-1.4965356588363647,1.6529512405395508,1.3246212005615234,-1.1607236862182617,-1.1297838687896729,ok,ok
real_ms,123,block_03,Gear,3,canonical,0,1,0,010,2000,0,2,0.0,0.001,-1.2122880220413208,0.0802714079618454,0.9492621421813965,0.7362182140350342,-1.277084469795227,0.10903208702802658,ok,ok
real_ms,2026,block_03,Gear,3,canonical,0,1,0,010,2000,0,0,0.0,0.0,-2.262827157974243,0.7328762412071228,1.2528009414672852,0.785686731338501,-1.806214690208435,0.9327843189239502,ok,ok
real_ms,3407,block_03,Gear,3,canonical,0,1,0,010,2000,0,0,0.0,0.0,-1.5899436473846436,-1.06931471824646,1.0351133346557617,0.9396266937255859,-1.5360091924667358,-1.1380207538604736,ok,ok
rule_ms,7,block_03,Gear,3,canonical,0,1,0,010,2000,2000,2000,1.0,1.0,45.618587493896484,93.362548828125,1.0093250274658203,0.880279541015625,45.197120666503906,106.06011199951172,ok,ok
rule_ms,42,block_03,Gear,3,canonical,0,1,0,010,2000,2000,2000,1.0,1.0,49.46049880981445,119.98817443847656,1.0037384033203125,0.8322715759277344,49.276283264160156,144.16949462890625,ok,ok
rule_ms,123,block_03,Gear,3,canonical,0,1,0,010,2000,2000,2000,1.0,1.0,46.775535583496094,91.9077377319336,0.955744743347168,0.7030844688415527,48.94145202636719,130.7207489013672,ok,ok
rule_ms,2026,block_03,Gear,3,canonical,0,1,0,010,2000,2000,2000,1.0,1.0,56.827354431152344,120.50753021240234,1.1129045486450195,0.9166765213012695,51.06219482421875,131.4613494873047,ok,ok
rule_ms,3407,block_03,Gear,3,canonical,0,1,0,010,2000,2000,2000,1.0,1.0,53.62580871582031,102.8108139038086,1.2160930633544922,0.8446950912475586,44.096797943115234,121.71351623535156,ok,ok
placebo_ms,7,block_03,Gear,3,canonical,0,1,0,010,2000,2000,2000,1.0,1.0,46.295589447021484,101.72581481933594,0.9572105407714844,0.9015884399414062,48.365108489990234,112.82954406738281,ok,ok
placebo_ms,42,block_03,Gear,3,canonical,0,1,0,010,2000,2000,2000,1.0,1.0,48.549888610839844,107.04481506347656,1.096771240234375,0.9426050186157227,44.26618576049805,113.56275177001953,ok,ok
placebo_ms,123,block_03,Gear,3,canonical,0,1,0,010,2000,2000,2000,1.0,1.0,45.399986267089844,90.42017364501953,0.8813776969909668,0.783416748046875,51.510250091552734,115.41771697998047,ok,ok
placebo_ms,2026,block_03,Gear,3,canonical,0,1,0,010,2000,2000,2000,1.0,1.0,41.28139114379883,87.594970703125,0.9564328193664551,0.6715867519378662,43.161827087402344,130.4298553466797,ok,ok
placebo_ms,3407,block_03,Gear,3,canonical,0,1,0,010,2000,2000,2000,1.0,1.0,57.487709045410156,118.58833312988281,1.068547248840332,0.8411645889282227,53.79987335205078,140.9811248779297,ok,ok
real_std,7,block_03,Gear,3,canonical,0,1,0,010,2000,29,31,0.0145,0.0155,5.37888765335083,3.3300814628601074,1.6373662948608398,1.2412467002868652,3.2850849628448486,2.6828525066375732,ok,ok
real_std,42,block_03,Gear,3,canonical,0,1,0,010,2000,0,9,0.0,0.0045,-0.9413149356842041,-0.6477509140968323,1.5257220268249512,1.080963373184204,-0.6169636249542236,-0.5992347598075867,ok,ok
real_std,123,block_03,Gear,3,canonical,0,1,0,010,2000,0,1,0.0,0.0005,-1.4858286380767822,-0.36084502935409546,1.0262856483459473,0.8515138626098633,-1.4477729797363281,-0.4237688183784485,ok,ok
real_std,2026,block_03,Gear,3,canonical,0,1,0,010,2000,0,1,0.0,0.0005,-2.0860331058502197,2.072542428970337,1.9834418296813965,1.2508182525634766,-1.051723837852478,1.6569491624832153,ok,ok
real_std,3407,block_03,Gear,3,canonical,0,1,0,010,2000,2,2,0.001,0.001,1.1673462390899658,-0.3850794732570648,1.4964051246643066,1.0478458404541016,0.7801003456115723,-0.3674962818622589,ok,ok
rule_std,7,block_03,Gear,3,canonical,0,1,0,010,2000,2000,2000,1.0,1.0,56.91200256347656,117.16956329345703,1.181675910949707,1.0359020233154297,48.162109375,113.10872650146484,ok,ok
rule_std,42,block_03,Gear,3,canonical,0,1,0,010,2000,2000,2000,1.0,1.0,49.39125061035156,103.11270904541016,1.1422834396362305,0.9765458106994629,43.23904800415039,105.58921813964844,ok,ok
rule_std,123,block_03,Gear,3,canonical,0,1,0,010,2000,2000,2000,1.0,1.0,52.802974700927734,118.97015380859375,1.2401223182678223,0.9976696968078613,42.57884216308594,119.248046875,ok,ok
rule_std,2026,block_03,Gear,3,canonical,0,1,0,010,2000,2000,2000,1.0,1.0,50.54808044433594,104.56542205810547,0.8580408096313477,0.7351598739624023,58.91103744506836,142.2349395751953,ok,ok
rule_std,3407,block_03,Gear,3,canonical,0,1,0,010,2000,2000,2000,1.0,1.0,63.9256591796875,119.62993621826172,1.325347900390625,1.1839475631713867,48.233116149902344,101.04326629638672,ok,ok
placebo_std,7,block_03,Gear,3,canonical,0,1,0,010,2000,2000,2000,1.0,1.0,51.58967971801758,107.68080139160156,1.078871250152588,0.9658546447753906,47.818199157714844,111.48759460449219,ok,ok
placebo_std,42,block_03,Gear,3,canonical,0,1,0,010,2000,2000,2000,1.0,1.0,48.68739700317383,112.82274627685547,1.1275620460510254,0.9466109275817871,43.179351806640625,119.18598175048828,ok,ok
placebo_std,123,block_03,Gear,3,canonical,0,1,0,010,2000,2000,2000,1.0,1.0,58.156124114990234,135.72877502441406,1.1350078582763672,0.9923262596130371,51.238521575927734,136.7783966064453,ok,ok
placebo_std,2026,block_03,Gear,3,canonical,0,1,0,010,2000,2000,2000,1.0,1.0,53.817283630371094,126.91185760498047,1.2206096649169922,0.9491934776306152,44.090492248535156,133.70494079589844,ok,ok
placebo_std,3407,block_03,Gear,3,canonical,0,1,0,010,2000,2000,2000,1.0,1.0,52.8739128112793,110.63790130615234,1.3090081214904785,0.9938716888427734,40.39235305786133,111.32010650634766,ok,ok
real_ms,7,block_03,Gear,3,canonical,0,1,1,011,2000,17,61,0.0085,0.0305,4.189426422119141,3.071425199508667,1.3007607460021973,1.078542709350586,3.2207508087158203,2.847754955291748,ok,ok
real_ms,42,block_03,Gear,3,canonical,0,1,1,011,2000,0,0,0.0,0.0,-2.0964770317077637,-1.9709409475326538,1.6529512405395508,1.3246212005615234,-1.2683236598968506,-1.487928032875061,ok,ok
real_ms,123,block_03,Gear,3,canonical,0,1,1,011,2000,0,0,0.0,0.0,-1.2376295328140259,-0.4863240420818329,0.9492621421813965,0.7362182140350342,-1.3037805557250977,-0.6605705618858337,ok,ok
real_ms,2026,block_03,Gear,3,canonical,0,1,1,011,2000,0,0,0.0,0.0,-2.5341460704803467,0.39700525999069214,1.2528009414672852,0.785686731338501,-2.0227842330932617,0.5052971243858337,ok,ok
real_ms,3407,block_03,Gear,3,canonical,0,1,1,011,2000,0,2,0.0,0.001,-0.6436551809310913,-0.5353171229362488,1.0351133346557617,0.9396266937255859,-0.6218209862709045,-0.5697125196456909,ok,ok
rule_ms,7,block_03,Gear,3,canonical,0,1,1,011,2000,2000,2000,1.0,1.0,41.45989227294922,83.51215362548828,1.0093250274658203,0.880279541015625,41.07684326171875,94.87004089355469,ok,ok
rule_ms,42,block_03,Gear,3,canonical,0,1,1,011,2000,2000,2000,1.0,1.0,45.32566452026367,108.36445617675781,1.0037384033203125,0.8322715759277344,45.1568489074707,130.20323181152344,ok,ok
rule_ms,123,block_03,Gear,3,canonical,0,1,1,011,2000,2000,2000,1.0,1.0,42.07140350341797,82.00019836425781,0.955744743347168,0.7030844688415527,44.019500732421875,116.62922668457031,ok,ok
rule_ms,2026,block_03,Gear,3,canonical,0,1,1,011,2000,2000,2000,1.0,1.0,51.393001556396484,108.00943756103516,1.1129045486450195,0.9166765213012695,46.17916488647461,117.82720947265625,ok,ok
rule_ms,3407,block_03,Gear,3,canonical,0,1,1,011,2000,2000,2000,1.0,1.0,47.8568115234375,93.70079803466797,1.2160930633544922,0.8446950912475586,39.35291290283203,110.92853546142578,ok,ok
placebo_ms,7,block_03,Gear,3,canonical,0,1,1,011,2000,2000,2000,1.0,1.0,42.13555145263672,91.76679992675781,0.9572105407714844,0.9015884399414062,44.01910400390625,101.7834701538086,ok,ok
placebo_ms,42,block_03,Gear,3,canonical,0,1,1,011,2000,2000,2000,1.0,1.0,43.46394348144531,96.58396911621094,1.096771240234375,0.9426050186157227,39.628997802734375,102.46493530273438,ok,ok
placebo_ms,123,block_03,Gear,3,canonical,0,1,1,011,2000,2000,2000,1.0,1.0,40.5016975402832,78.6246337890625,0.8813776969909668,0.783416748046875,45.95271301269531,100.36119079589844,ok,ok
placebo_ms,2026,block_03,Gear,3,canonical,0,1,1,011,2000,2000,2000,1.0,1.0,36.81098556518555,77.60063934326172,0.9564328193664551,0.6715867519378662,38.487789154052734,115.54820251464844,ok,ok
placebo_ms,3407,block_03,Gear,3,canonical,0,1,1,011,2000,2000,2000,1.0,1.0,51.10011672973633,107.2157211303711,1.068547248840332,0.8411645889282227,47.82204818725586,127.46104431152344,ok,ok
real_std,7,block_03,Gear,3,canonical,0,1,1,011,2000,8,8,0.004,0.004,3.9787721633911133,2.161184549331665,1.6373662948608398,1.2412467002868652,2.429982900619507,1.7411401271820068,ok,ok
real_std,42,block_03,Gear,3,canonical,0,1,1,011,2000,0,4,0.0,0.002,-1.05080246925354,-0.9750845432281494,1.5257220268249512,1.080963373184204,-0.6887246966362,-0.9020514488220215,ok,ok
real_std,123,block_03,Gear,3,canonical,0,1,1,011,2000,0,0,0.0,0.0,-1.6050935983657837,-0.9599159955978394,1.0262856483459473,0.8515138626098633,-1.56398344039917,-1.1273051500320435,ok,ok
real_std,2026,block_03,Gear,3,canonical,0,1,1,011,2000,0,0,0.0,0.0,-2.5148091316223145,0.7185277938842773,1.9834418296813965,1.2508182525634766,-1.2679016590118408,0.5744461417198181,ok,ok
real_std,3407,block_03,Gear,3,canonical,0,1,1,011,2000,1,1,0.0005,0.0005,1.2618132829666138,-0.5226798057556152,1.4964051246643066,1.0478458404541016,0.8432295918464661,-0.49881359934806824,ok,ok
rule_std,7,block_03,Gear,3,canonical,0,1,1,011,2000,2000,2000,1.0,1.0,50.5566291809082,105.8844985961914,1.181675910949707,1.0359020233154297,42.783836364746094,102.21479034423828,ok,ok
rule_std,42,block_03,Gear,3,canonical,0,1,1,011,2000,2000,2000,1.0,1.0,43.85125732421875,91.32396697998047,1.1422834396362305,0.9765458106994629,38.389122009277344,93.517333984375,ok,ok
rule_std,123,block_03,Gear,3,canonical,0,1,1,011,2000,2000,2000,1.0,1.0,48.174163818359375,104.9138412475586,1.2401223182678223,0.9976696968078613,38.84630584716797,105.15889739990234,ok,ok
rule_std,2026,block_03,Gear,3,canonical,0,1,1,011,2000,2000,2000,1.0,1.0,45.24909973144531,92.1629409790039,0.8580408096313477,0.7351598739624023,52.73537063598633,125.36447143554688,ok,ok
rule_std,3407,block_03,Gear,3,canonical,0,1,1,011,2000,2000,2000,1.0,1.0,59.006080627441406,109.0239028930664,1.325347900390625,1.1839475631713867,44.521202087402344,92.08507537841797,ok,ok
placebo_std,7,block_03,Gear,3,canonical,0,1,1,011,2000,2000,2000,1.0,1.0,46.325130462646484,93.9727783203125,1.078871250152588,0.9658546447753906,42.938514709472656,97.29495239257812,ok,ok
placebo_std,42,block_03,Gear,3,canonical,0,1,1,011,2000,2000,2000,1.0,1.0,42.817779541015625,102.5447998046875,1.1275620460510254,0.9466109275817871,37.9737663269043,108.3283462524414,ok,ok
placebo_std,123,block_03,Gear,3,canonical,0,1,1,011,2000,2000,2000,1.0,1.0,54.11250305175781,122.77959442138672,1.1350078582763672,0.9923262596130371,47.67588424682617,123.72906494140625,ok,ok
placebo_std,2026,block_03,Gear,3,canonical,0,1,1,011,2000,2000,2000,1.0,1.0,48.417362213134766,110.83903503417969,1.2206096649169922,0.9491934776306152,39.66653823852539,116.77181243896484,ok,ok
placebo_std,3407,block_03,Gear,3,canonical,0,1,1,011,2000,2000,2000,1.0,1.0,47.11473846435547,101.09230041503906,1.3090081214904785,0.9938716888427734,35.99270248413086,101.71563720703125,ok,ok
real_ms,7,block_03,Gear,3,canonical,1,0,0,100,2000,8,1960,0.004,0.98,5.117629051208496,15.31643009185791,1.3007607460021973,1.078542709350586,3.934335708618164,14.201041221618652,ok,ok
real_ms,42,block_03,Gear,3,canonical,1,0,0,100,2000,0,850,0.0,0.425,1.7985103130340576,10.022826194763184,1.6529512405395508,1.3246212005615234,1.0880600214004517,7.5665602684021,ok,ok
real_ms,123,block_03,Gear,3,canonical,1,0,0,100,2000,0,1969,0.0,0.9845,2.3308701515197754,18.796977996826172,0.9492621421813965,0.7362182140350342,2.4554545879364014,25.53180503845215,ok,ok
real_ms,2026,block_03,Gear,3,canonical,1,0,0,100,2000,0,1894,0.0,0.947,-0.4706980586051941,13.569062232971191,1.2528009414672852,0.785686731338501,-0.37571656703948975,17.270322799682617,ok,ok
real_ms,3407,block_03,Gear,3,canonical,1,0,0,100,2000,0,1968,0.0,0.984,1.3095952272415161,14.133886337280273,1.0351133346557617,0.9396266937255859,1.265170693397522,15.042023658752441,ok,ok
rule_ms,7,block_03,Gear,3,canonical,1,0,0,100,2000,0,2000,0.0,1.0,-1.9017136096954346,39.09812545776367,1.0093250274658203,0.880279541015625,-1.8841439485549927,44.41557312011719,ok,ok
rule_ms,42,block_03,Gear,3,canonical,1,0,0,100,2000,80,1984,0.04,0.992,6.4933881759643555,21.169923782348633,1.0037384033203125,0.8322715759277344,6.469203472137451,25.436317443847656,ok,ok
rule_ms,123,block_03,Gear,3,canonical,1,0,0,100,2000,20,2000,0.01,1.0,1.4892245531082153,37.274723052978516,0.955744743347168,0.7030844688415527,1.5581823587417603,53.0159912109375,ok,ok
rule_ms,2026,block_03,Gear,3,canonical,1,0,0,100,2000,101,2000,0.0505,1.0,5.481151103973389,39.6209602355957,1.1129045486450195,0.9166765213012695,4.925086498260498,43.2224006652832,ok,ok
rule_ms,3407,block_03,Gear,3,canonical,1,0,0,100,2000,1510,2000,0.755,1.0,14.211355209350586,29.8558406829834,1.2160930633544922,0.8446950912475586,11.686076164245605,35.34510803222656,ok,ok
placebo_ms,7,block_03,Gear,3,canonical,1,0,0,100,2000,25,2000,0.0125,1.0,3.3552017211914062,26.785091400146484,0.9572105407714844,0.9015884399414062,3.5051867961883545,29.708778381347656,ok,ok
placebo_ms,42,block_03,Gear,3,canonical,1,0,0,100,2000,29,1993,0.0145,0.9965,4.0071892738342285,21.354036331176758,1.096771240234375,0.9426050186157227,3.653623580932617,22.654277801513672,ok,ok
placebo_ms,123,block_03,Gear,3,canonical,1,0,0,100,2000,18,2000,0.009,1.0,0.6014097332954407,42.242794036865234,0.8813776969909668,0.783416748046875,0.6823518872261047,53.92123031616211,ok,ok
placebo_ms,2026,block_03,Gear,3,canonical,1,0,0,100,2000,46,2000,0.023,1.0,3.978679895401001,34.41265869140625,0.9564328193664551,0.6715867519378662,4.159915924072266,51.24082565307617,ok,ok
placebo_ms,3407,block_03,Gear,3,canonical,1,0,0,100,2000,513,2000,0.2565,1.0,9.777240753173828,35.22163391113281,1.068547248840332,0.8411645889282227,9.150032043457031,41.872459411621094,ok,ok
real_std,7,block_03,Gear,3,canonical,1,0,0,100,2000,0,1765,0.0,0.8825,3.791624069213867,16.40225601196289,1.6373662948608398,1.2412467002868652,2.3156845569610596,13.214340209960938,ok,ok
real_std,42,block_03,Gear,3,canonical,1,0,0,100,2000,0,1876,0.0,0.938,-0.7404598593711853,15.328789710998535,1.5257220268249512,1.080963373184204,-0.4853176772594452,14.18067455291748,ok,ok
real_std,123,block_03,Gear,3,canonical,1,0,0,100,2000,0,1911,0.0,0.9555,3.195319652557373,17.574737548828125,1.0262856483459473,0.8515138626098633,3.1134793758392334,20.639404296875,ok,ok
real_std,2026,block_03,Gear,3,canonical,1,0,0,100,2000,0,650,0.0,0.325,-4.451063632965088,7.28134298324585,1.9834418296813965,1.2508182525634766,-2.2441110610961914,5.821263790130615,ok,ok
real_std,3407,block_03,Gear,3,canonical,1,0,0,100,2000,0,1672,0.0,0.836,3.390475273132324,13.32469367980957,1.4964051246643066,1.0478458404541016,2.2657470703125,12.71627140045166,ok,ok
rule_std,7,block_03,Gear,3,canonical,1,0,0,100,2000,51,2000,0.0255,1.0,5.450938701629639,39.215538024902344,1.181675910949707,1.0359020233154297,4.612887859344482,37.856414794921875,ok,ok
rule_std,42,block_03,Gear,3,canonical,1,0,0,100,2000,7,1927,0.0035,0.9635,1.5485645532608032,18.814722061157227,1.1422834396362305,0.9765458106994629,1.3556745052337646,19.266603469848633,ok,ok
rule_std,123,block_03,Gear,3,canonical,1,0,0,100,2000,70,2000,0.035,1.0,4.843891620635986,53.07957077026367,1.2401223182678223,0.9976696968078613,3.9059786796569824,53.203548431396484,ok,ok
rule_std,2026,block_03,Gear,3,canonical,1,0,0,100,2000,267,2000,0.1335,1.0,8.527990341186523,25.07033348083496,0.8580408096313477,0.7351598739624023,9.938910484313965,34.10188293457031,ok,ok
rule_std,3407,block_03,Gear,3,canonical,1,0,0,100,2000,393,1987,0.1965,0.9935,10.723541259765625,24.613256454467773,1.325347900390625,1.1839475631713867,8.091114044189453,20.789142608642578,ok,ok
placebo_std,7,block_03,Gear,3,canonical,1,0,0,100,2000,2,2000,0.001,1.0,2.2848446369171143,35.010955810546875,1.078871250152588,0.9658546447753906,2.117810010910034,36.248680114746094,ok,ok
placebo_std,42,block_03,Gear,3,canonical,1,0,0,100,2000,67,1997,0.0335,0.9985,3.6649975776672363,25.09143829345703,1.1275620460510254,0.9466109275817871,3.250373601913452,26.50659942626953,ok,ok
placebo_std,123,block_03,Gear,3,canonical,1,0,0,100,2000,27,2000,0.0135,1.0,0.7093110680580139,60.35957717895508,1.1350078582763672,0.9923262596130371,0.6249393820762634,60.82633972167969,ok,ok
placebo_std,2026,block_03,Gear,3,canonical,1,0,0,100,2000,962,2000,0.481,1.0,12.158220291137695,36.97878646850586,1.2206096649169922,0.9491934776306152,9.960776329040527,38.95811462402344,ok,ok
placebo_std,3407,block_03,Gear,3,canonical,1,0,0,100,2000,128,2000,0.064,1.0,3.610534191131592,31.08126449584961,1.3090081214904785,0.9938716888427734,2.75822114944458,31.27291488647461,ok,ok
real_ms,7,block_03,Gear,3,canonical,1,0,1,101,2000,2,1994,0.001,0.997,4.245096683502197,17.380714416503906,1.3007607460021973,1.078542709350586,3.263549327850342,16.11499786376953,ok,ok
real_ms,42,block_03,Gear,3,canonical,1,0,1,101,2000,0,1212,0.0,0.606,2.5240654945373535,12.443023681640625,1.6529512405395508,1.3246212005615234,1.5270051956176758,9.393646240234375,ok,ok
real_ms,123,block_03,Gear,3,canonical,1,0,1,101,2000,1,1975,0.0005,0.9875,1.97976553440094,18.857839584350586,0.9492621421813965,0.7362182140350342,2.085583448410034,25.614469528198242,ok,ok
real_ms,2026,block_03,Gear,3,canonical,1,0,1,101,2000,0,1962,0.0,0.981,-0.967414915561676,14.468941688537598,1.2528009414672852,0.785686731338501,-0.7722015380859375,18.415660858154297,ok,ok
real_ms,3407,block_03,Gear,3,canonical,1,0,1,101,2000,0,1984,0.0,0.992,1.1711740493774414,15.46409797668457,1.0351133346557617,0.9396266937255859,1.131445050239563,16.45770263671875,ok,ok
rule_ms,7,block_03,Gear,3,canonical,1,0,1,101,2000,0,2000,0.0,1.0,-3.435037612915039,41.44110870361328,1.0093250274658203,0.880279541015625,-3.40330171585083,47.077213287353516,ok,ok
rule_ms,42,block_03,Gear,3,canonical,1,0,1,101,2000,17,1990,0.0085,0.995,5.363759994506836,22.320247650146484,1.0037384033203125,0.8322715759277344,5.343782424926758,26.818466186523438,ok,ok
rule_ms,123,block_03,Gear,3,canonical,1,0,1,101,2000,3,2000,0.0015,1.0,1.1055114269256592,36.661582946777344,0.955744743347168,0.7030844688415527,1.1567014455795288,52.1439208984375,ok,ok
rule_ms,2026,block_03,Gear,3,canonical,1,0,1,101,2000,25,2000,0.0125,1.0,3.645914316177368,41.03366470336914,1.1129045486450195,0.9166765213012695,3.2760350704193115,44.76351547241211,ok,ok
rule_ms,3407,block_03,Gear,3,canonical,1,0,1,101,2000,864,2000,0.432,1.0,11.0374755859375,28.855403900146484,1.2160930633544922,0.8446950912475586,9.076177597045898,34.160736083984375,ok,ok
placebo_ms,7,block_03,Gear,3,canonical,1,0,1,101,2000,7,2000,0.0035,1.0,1.8380707502365112,29.744678497314453,0.9572105407714844,0.9015884399414062,1.920236587524414,32.99141311645508,ok,ok
placebo_ms,42,block_03,Gear,3,canonical,1,0,1,101,2000,2,1997,0.001,0.9985,3.1943881511688232,21.62939453125,1.096771240234375,0.9426050186157227,2.9125382900238037,22.946399688720703,ok,ok
placebo_ms,123,block_03,Gear,3,canonical,1,0,1,101,2000,0,2000,0.0,1.0,-1.084617018699646,44.2568359375,0.8813776969909668,0.783416748046875,-1.2305927276611328,56.4920768737793,ok,ok
placebo_ms,2026,block_03,Gear,3,canonical,1,0,1,101,2000,0,2000,0.0,1.0,2.481553792953491,36.28249740600586,0.9564328193664551,0.6715867519378662,2.594592809677124,54.02503204345703,ok,ok
placebo_ms,3407,block_03,Gear,3,canonical,1,0,1,101,2000,111,2000,0.0555,1.0,7.440145492553711,35.61814880371094,1.068547248840332,0.8411645889282227,6.962860584259033,42.34385681152344,ok,ok
real_std,7,block_03,Gear,3,canonical,1,0,1,101,2000,0,1891,0.0,0.9455,3.1084794998168945,18.927047729492188,1.6373662948608398,1.2412467002868652,1.898463249206543,15.248416900634766,ok,ok
real_std,42,block_03,Gear,3,canonical,1,0,1,101,2000,0,1879,0.0,0.9395,-0.24397003650665283,14.948135375976562,1.5257220268249512,1.080963373184204,-0.1599046289920807,13.828531265258789,ok,ok
real_std,123,block_03,Gear,3,canonical,1,0,1,101,2000,0,1926,0.0,0.963,3.001136302947998,17.639629364013672,1.0262856483459473,0.8515138626098633,2.924269437789917,20.715608596801758,ok,ok
real_std,2026,block_03,Gear,3,canonical,1,0,1,101,2000,0,1000,0.0,0.5,-5.021523475646973,8.732050895690918,1.9834418296813965,1.2508182525634766,-2.531722068786621,6.981070518493652,ok,ok
real_std,3407,block_03,Gear,3,canonical,1,0,1,101,2000,0,1892,0.0,0.946,3.7026288509368896,16.360122680664062,1.4964051246643066,1.0478458404541016,2.474349021911621,15.613100051879883,ok,ok
rule_std,7,block_03,Gear,3,canonical,1,0,1,101,2000,6,2000,0.003,1.0,4.077584743499756,41.21534729003906,1.181675910949707,1.0359020233154297,3.450679302215576,39.78691864013672,ok,ok
rule_std,42,block_03,Gear,3,canonical,1,0,1,101,2000,1,1982,0.0005,0.991,0.21159610152244568,21.666831970214844,1.1422834396362305,0.9765458106994629,0.18523959815502167,22.187213897705078,ok,ok
rule_std,123,block_03,Gear,3,canonical,1,0,1,101,2000,21,2000,0.0105,1.0,3.3908872604370117,52.645904541015625,1.2401223182678223,0.9976696968078613,2.734316825866699,52.76887512207031,ok,ok
rule_std,2026,block_03,Gear,3,canonical,1,0,1,101,2000,75,2000,0.0375,1.0,7.050933361053467,25.965909957885742,0.8580408096313477,0.7351598739624023,8.21748161315918,35.32008743286133,ok,ok
rule_std,3407,block_03,Gear,3,canonical,1,0,1,101,2000,144,1990,0.072,0.995,9.081747055053711,25.440946578979492,1.325347900390625,1.1839475631713867,6.852349281311035,21.488237380981445,ok,ok
placebo_std,7,block_03,Gear,3,canonical,1,0,1,101,2000,0,2000,0.0,1.0,1.1414713859558105,36.16753005981445,1.078871250152588,0.9658546447753906,1.0580236911773682,37.44614028930664,ok,ok
placebo_std,42,block_03,Gear,3,canonical,1,0,1,101,2000,4,1997,0.002,0.9985,1.7022807598114014,27.001949310302734,1.1275620460510254,0.9466109275817871,1.5097002983093262,28.52486801147461,ok,ok
placebo_std,123,block_03,Gear,3,canonical,1,0,1,101,2000,1,2000,0.0005,1.0,-1.850345253944397,64.76850891113281,1.1350078582763672,0.9923262596130371,-1.630248785018921,65.26936340332031,ok,ok
placebo_std,2026,block_03,Gear,3,canonical,1,0,1,101,2000,559,2000,0.2795,1.0,10.282211303710938,37.72985076904297,1.2206096649169922,0.9491934776306152,8.423831939697266,39.7493782043457,ok,ok
placebo_std,3407,block_03,Gear,3,canonical,1,0,1,101,2000,25,2000,0.0125,1.0,2.1438519954681396,30.688467025756836,1.3090081214904785,0.9938716888427734,1.6377683877944946,30.877695083618164,ok,ok
real_ms,7,block_03,Gear,3,canonical,1,1,0,110,2000,2,1691,0.001,0.8455,5.33901834487915,11.180594444274902,1.3007607460021973,1.078542709350586,4.104535102844238,10.366390228271484,ok,ok
real_ms,42,block_03,Gear,3,canonical,1,1,0,110,2000,0,46,0.0,0.023,-2.3255443572998047,3.123932123184204,1.6529512405395508,1.3246212005615234,-1.4069044589996338,2.35835862159729,ok,ok
real_ms,123,block_03,Gear,3,canonical,1,1,0,110,2000,0,1955,0.0,0.9775,1.1737734079360962,15.780623435974121,0.9492621421813965,0.7362182140350342,1.236511468887329,21.434709548950195,ok,ok
real_ms,2026,block_03,Gear,3,canonical,1,1,0,110,2000,0,814,0.0,0.407,-0.613791286945343,7.112457752227783,1.2528009414672852,0.785686731338501,-0.4899351894855499,9.052536964416504,ok,ok
real_ms,3407,block_03,Gear,3,canonical,1,1,0,110,2000,0,1834,0.0,0.917,1.0103873014450073,11.25605297088623,1.0351133346557617,0.9396266937255859,0.9761127829551697,11.979281425476074,ok,ok
rule_ms,7,block_03,Gear,3,canonical,1,1,0,110,2000,20,1999,0.01,0.9995,1.9351955652236938,38.31760025024414,1.0093250274658203,0.880279541015625,1.9173164367675781,43.528907775878906,ok,ok
rule_ms,42,block_03,Gear,3,canonical,1,1,0,110,2000,354,1982,0.177,0.991,9.053778648376465,26.388900756835938,1.0037384033203125,0.8322715759277344,9.020058631896973,31.70707893371582,ok,ok
rule_ms,123,block_03,Gear,3,canonical,1,1,0,110,2000,506,2000,0.253,1.0,7.16116189956665,40.08344268798828,0.955744743347168,0.7030844688415527,7.492755889892578,57.01084518432617,ok,ok
rule_ms,2026,block_03,Gear,3,canonical,1,1,0,110,2000,62,2000,0.031,1.0,6.003079414367676,36.570098876953125,1.1129045486450195,0.9166765213012695,5.394064903259277,39.894222259521484,ok,ok
rule_ms,3407,block_03,Gear,3,canonical,1,1,0,110,2000,1957,1998,0.9785,0.999,18.91636848449707,28.809066772460938,1.2160930633544922,0.8446950912475586,15.555032730102539,34.10588073730469,ok,ok
placebo_ms,7,block_03,Gear,3,canonical,1,1,0,110,2000,188,1998,0.094,0.999,6.051938056945801,29.960651397705078,0.9572105407714844,0.9015884399414062,6.322473526000977,33.23096466064453,ok,ok
placebo_ms,42,block_03,Gear,3,canonical,1,1,0,110,2000,54,1996,0.027,0.998,4.433384418487549,28.419755935668945,1.096771240234375,0.9426050186157227,4.0422139167785645,30.150226593017578,ok,ok
placebo_ms,123,block_03,Gear,3,canonical,1,1,0,110,2000,91,2000,0.0455,1.0,3.360067129135132,44.18729782104492,0.8813776969909668,0.783416748046875,3.8122894763946533,56.40330505371094,ok,ok
placebo_ms,2026,block_03,Gear,3,canonical,1,1,0,110,2000,135,2000,0.0675,1.0,5.837610244750977,35.06917190551758,0.9564328193664551,0.6715867519378662,6.1035237312316895,52.21837615966797,ok,ok
placebo_ms,3407,block_03,Gear,3,canonical,1,1,0,110,2000,1584,1998,0.792,0.999,15.589019775390625,32.885074615478516,1.068547248840332,0.8411645889282227,14.588985443115234,39.094696044921875,ok,ok
real_std,7,block_03,Gear,3,canonical,1,1,0,110,2000,0,777,0.0,0.3885,3.288548231124878,9.401946067810059,1.6373662948608398,1.2412467002868652,2.0084376335144043,7.574599742889404,ok,ok
real_std,42,block_03,Gear,3,canonical,1,1,0,110,2000,0,1785,0.0,0.8925,-1.4935117959976196,12.253320693969727,1.5257220268249512,1.080963373184204,-0.9788885712623596,11.335555076599121,ok,ok
real_std,123,block_03,Gear,3,canonical,1,1,0,110,2000,0,1869,0.0,0.9345,2.163135290145874,14.764052391052246,1.0262856483459473,0.8515138626098633,2.107731819152832,17.338594436645508,ok,ok
real_std,2026,block_03,Gear,3,canonical,1,1,0,110,2000,0,241,0.0,0.1205,-3.7150585651397705,4.668580055236816,1.9834418296813965,1.2508182525634766,-1.8730363845825195,3.7324204444885254,ok,ok
real_std,3407,block_03,Gear,3,canonical,1,1,0,110,2000,0,1492,0.0,0.746,2.946899175643921,12.112702369689941,1.4964051246643066,1.0478458404541016,1.9693191051483154,11.55962085723877,ok,ok
rule_std,7,block_03,Gear,3,canonical,1,1,0,110,2000,756,2000,0.378,1.0,11.309246063232422,40.895633697509766,1.181675910949707,1.0359020233154297,9.570513725280762,39.47828674316406,ok,ok
rule_std,42,block_03,Gear,3,canonical,1,1,0,110,2000,14,1963,0.007,0.9815,2.1587319374084473,23.666749954223633,1.1422834396362305,0.9765458106994629,1.8898390531539917,24.235166549682617,ok,ok
rule_std,123,block_03,Gear,3,canonical,1,1,0,110,2000,617,2000,0.3085,1.0,9.87777042388916,56.032386779785156,1.2401223182678223,0.9976696968078613,7.965158462524414,56.163265228271484,ok,ok
rule_std,2026,block_03,Gear,3,canonical,1,1,0,110,2000,188,1998,0.094,0.999,7.87956428527832,27.720815658569336,0.8580408096313477,0.7351598739624023,9.183204650878906,37.70719528198242,ok,ok
rule_std,3407,block_03,Gear,3,canonical,1,1,0,110,2000,1515,2000,0.7575,1.0,16.699766159057617,30.548460006713867,1.325347900390625,1.1839475631713867,12.600289344787598,25.802207946777344,ok,ok
placebo_std,7,block_03,Gear,3,canonical,1,1,0,110,2000,394,2000,0.197,1.0,8.487699508666992,39.07780838012695,1.078871250152588,0.9658546447753906,7.867204189300537,40.45930480957031,ok,ok
placebo_std,42,block_03,Gear,3,canonical,1,1,0,110,2000,9,1996,0.0045,0.998,0.8682433366775513,34.865020751953125,1.1275620460510254,0.9466109275817871,0.7700182199478149,36.83141326904297,ok,ok
placebo_std,123,block_03,Gear,3,canonical,1,1,0,110,2000,545,2000,0.2725,1.0,8.919008255004883,70.11117553710938,1.1350078582763672,0.9923262596130371,7.858102321624756,70.6533432006836,ok,ok
placebo_std,2026,block_03,Gear,3,canonical,1,1,0,110,2000,1634,1997,0.817,0.9985,16.0728702545166,38.154319763183594,1.2206096649169922,0.9491934776306152,13.167903900146484,40.196571350097656,ok,ok
placebo_std,3407,block_03,Gear,3,canonical,1,1,0,110,2000,1317,1999,0.6585,0.9995,11.299452781677246,30.567096710205078,1.3090081214904785,0.9938716888427734,8.632072448730469,30.755578994750977,ok,ok
real_ms,7,block_03,Gear,3,canonical,1,1,1,111,2000,1,1633,0.0005,0.8165,5.577176570892334,10.595392227172852,1.3007607460021973,1.078542709350586,4.28762674331665,9.82380485534668,ok,ok
real_ms,42,block_03,Gear,3,canonical,1,1,1,111,2000,0,69,0.0,0.0345,-1.0588229894638062,4.063425064086914,1.6529512405395508,1.3246212005615234,-0.6405650973320007,3.067612886428833,ok,ok
real_ms,123,block_03,Gear,3,canonical,1,1,1,111,2000,0,1906,0.0,0.953,1.4341830015182495,13.912673950195312,0.9492621421813965,0.7362182140350342,1.510839581489563,18.897485733032227,ok,ok
real_ms,2026,block_03,Gear,3,canonical,1,1,1,111,2000,0,969,0.0,0.4845,-0.6795566082000732,7.731289386749268,1.2528009414672852,0.785686731338501,-0.5424298048019409,9.840167999267578,ok,ok
real_ms,3407,block_03,Gear,3,canonical,1,1,1,111,2000,0,1770,0.0,0.885,1.5708491802215576,10.497725486755371,1.0351133346557617,0.9396266937255859,1.5175625085830688,11.17223072052002,ok,ok
rule_ms,7,block_03,Gear,3,canonical,1,1,1,111,2000,4,2000,0.002,1.0,1.0396608114242554,38.668601989746094,1.0093250274658203,0.880279541015625,1.0300554037094116,43.92763900756836,ok,ok
rule_ms,42,block_03,Gear,3,canonical,1,1,1,111,2000,195,1992,0.0975,0.996,8.073992729187012,27.2263240814209,1.0037384033203125,0.8322715759277344,8.04392147064209,32.7132682800293,ok,ok
rule_ms,123,block_03,Gear,3,canonical,1,1,1,111,2000,91,2000,0.0455,1.0,4.442910671234131,42.487335205078125,0.955744743347168,0.7030844688415527,4.648637771606445,60.42991638183594,ok,ok
rule_ms,2026,block_03,Gear,3,canonical,1,1,1,111,2000,23,2000,0.0115,1.0,4.53093957901001,37.441680908203125,1.1129045486450195,0.9166765213012695,4.071274280548096,40.84503173828125,ok,ok
rule_ms,3407,block_03,Gear,3,canonical,1,1,1,111,2000,1842,1999,0.921,0.9995,16.243934631347656,28.292621612548828,1.2160930633544922,0.8446950912475586,13.357476234436035,33.494476318359375,ok,ok
placebo_ms,7,block_03,Gear,3,canonical,1,1,1,111,2000,125,1999,0.0625,0.9995,5.55581521987915,28.87336540222168,0.9572105407714844,0.9015884399414062,5.804172992706299,32.024993896484375,ok,ok
placebo_ms,42,block_03,Gear,3,canonical,1,1,1,111,2000,16,1999,0.008,0.9995,3.516810417175293,29.31761360168457,1.096771240234375,0.9426050186157227,3.206512212753296,31.10275650024414,ok,ok
placebo_ms,123,block_03,Gear,3,canonical,1,1,1,111,2000,5,2000,0.0025,1.0,0.09329032897949219,48.25455856323242,0.8813776969909668,0.783416748046875,0.10584601014852524,61.59500503540039,ok,ok
placebo_ms,2026,block_03,Gear,3,canonical,1,1,1,111,2000,26,2000,0.013,1.0,4.318429470062256,35.94828414916992,0.9564328193664551,0.6715867519378662,4.515141010284424,53.52738952636719,ok,ok
placebo_ms,3407,block_03,Gear,3,canonical,1,1,1,111,2000,1120,2000,0.56,1.0,12.909771919250488,33.887046813964844,1.068547248840332,0.8411645889282227,12.081609725952148,40.28586959838867,ok,ok
real_std,7,block_03,Gear,3,canonical,1,1,1,111,2000,0,539,0.0,0.2695,3.287415027618408,7.964953899383545,1.6373662948608398,1.2412467002868652,2.0077457427978516,6.416898250579834,ok,ok
real_std,42,block_03,Gear,3,canonical,1,1,1,111,2000,0,1743,0.0,0.8715,-1.1163378953933716,11.540292739868164,1.5257220268249512,1.080963373184204,-0.7316784858703613,10.675933837890625,ok,ok
real_std,123,block_03,Gear,3,canonical,1,1,1,111,2000,0,1817,0.0,0.9085,2.3244810104370117,13.662187576293945,1.0262856483459473,0.8515138626098633,2.2649455070495605,16.044586181640625,ok,ok
real_std,2026,block_03,Gear,3,canonical,1,1,1,111,2000,0,182,0.0,0.091,-4.153919219970703,4.732560157775879,1.9834418296813965,1.2508182525634766,-2.094298839569092,3.783571243286133,ok,ok
real_std,3407,block_03,Gear,3,canonical,1,1,1,111,2000,1,1526,0.0005,0.763,3.684345245361328,12.20765209197998,1.4964051246643066,1.0478458404541016,2.4621307849884033,11.650237083435059,ok,ok
rule_std,7,block_03,Gear,3,canonical,1,1,1,111,2000,398,2000,0.199,1.0,9.586593627929688,39.16602325439453,1.181675910949707,1.0359020233154297,8.112709999084473,37.808616638183594,ok,ok
rule_std,42,block_03,Gear,3,canonical,1,1,1,111,2000,3,1987,0.0015,0.9935,1.0313611030578613,25.8842716217041,1.1422834396362305,0.9765458106994629,0.9028942584991455,26.505949020385742,ok,ok
rule_std,123,block_03,Gear,3,canonical,1,1,1,111,2000,63,2000,0.0315,1.0,5.705987930297852,58.66756820678711,1.2401223182678223,0.9976696968078613,4.601149559020996,58.804595947265625,ok,ok
rule_std,2026,block_03,Gear,3,canonical,1,1,1,111,2000,78,1999,0.039,0.9995,6.709409236907959,28.64689826965332,0.8580408096313477,0.7351598739624023,7.819452285766602,38.96689987182617,ok,ok
rule_std,3407,block_03,Gear,3,canonical,1,1,1,111,2000,1086,2000,0.543,1.0,14.249929428100586,30.422719955444336,1.325347900390625,1.1839475631713867,10.75184154510498,25.696001052856445,ok,ok
placebo_std,7,block_03,Gear,3,canonical,1,1,1,111,2000,147,2000,0.0735,1.0,6.907169818878174,38.85086441040039,1.078871250152588,0.9658546447753906,6.402219295501709,40.224334716796875,ok,ok
placebo_std,42,block_03,Gear,3,canonical,1,1,1,111,2000,3,1998,0.0015,0.999,-0.5383569598197937,36.45921325683594,1.1275620460510254,0.9466109275817871,-0.47745221853256226,38.51552200317383,ok,ok
placebo_std,123,block_03,Gear,3,canonical,1,1,1,111,2000,108,2000,0.054,1.0,5.0175251960754395,70.18696594238281,1.1350078582763672,0.9923262596130371,4.42069673538208,70.729736328125,ok,ok
placebo_std,2026,block_03,Gear,3,canonical,1,1,1,111,2000,1335,2000,0.6675,1.0,14.14316177368164,38.20964813232422,1.2206096649169922,0.9491934776306152,11.58696460723877,40.254859924316406,ok,ok
placebo_std,3407,block_03,Gear,3,canonical,1,1,1,111,2000,684,2000,0.342,1.0,8.503650665283203,31.009735107421875,1.3090081214904785,0.9938716888427734,6.496254920959473,31.200944900512695,ok,ok
real_ms,7,block_03,Gear,3,shifted,0,0,0,000,2000,34,528,0.017,0.264,5.13149356842041,5.776665687561035,1.3007607460021973,1.078542709350586,3.9449942111968994,5.355991363525391,ok,ok
real_ms,42,block_03,Gear,3,shifted,0,0,0,000,2000,0,0,0.0,0.0,-2.4909234046936035,-0.8981481790542603,1.6529512405395508,1.3246212005615234,-1.5069552659988403,-0.6780415177345276,ok,ok
real_ms,123,block_03,Gear,3,shifted,0,0,0,000,2000,0,36,0.0,0.018,-1.007523775100708,1.7876133918762207,0.9492621421813965,0.7362182140350342,-1.0613757371902466,2.428102731704712,ok,ok
real_ms,2026,block_03,Gear,3,shifted,0,0,0,000,2000,0,34,0.0,0.017,-1.1460692882537842,2.6897990703582764,1.2528009414672852,0.785686731338501,-0.9148056507110596,3.4235010147094727,ok,ok
real_ms,3407,block_03,Gear,3,shifted,0,0,0,000,2000,0,0,0.0,0.0,-1.9563531875610352,-1.4806376695632935,1.0351133346557617,0.9396266937255859,-1.8899893760681152,-1.5757721662521362,ok,ok
rule_ms,7,block_03,Gear,3,shifted,0,0,0,000,2000,2000,2000,1.0,1.0,31.98757553100586,55.66067886352539,1.0093250274658203,0.880279541015625,31.692047119140625,63.230682373046875,ok,ok
rule_ms,42,block_03,Gear,3,shifted,0,0,0,000,2000,2000,2000,1.0,1.0,35.336212158203125,68.51881408691406,1.0037384033203125,0.8322715759277344,35.2046012878418,82.32746887207031,ok,ok
rule_ms,123,block_03,Gear,3,shifted,0,0,0,000,2000,2000,2000,1.0,1.0,30.247926712036133,51.78033447265625,0.955744743347168,0.7030844688415527,31.64853858947754,73.64739227294922,ok,ok
rule_ms,2026,block_03,Gear,3,shifted,0,0,0,000,2000,2000,2000,1.0,1.0,41.458282470703125,78.25210571289062,1.1129045486450195,0.9166765213012695,37.25232696533203,85.3650131225586,ok,ok
rule_ms,3407,block_03,Gear,3,shifted,0,0,0,000,2000,2000,2000,1.0,1.0,41.54663848876953,66.66212463378906,1.2160930633544922,0.8446950912475586,34.16402816772461,78.9185562133789,ok,ok
placebo_ms,7,block_03,Gear,3,shifted,0,0,0,000,2000,2000,2000,1.0,1.0,33.634952545166016,63.07406997680664,0.9572105407714844,0.9015884399414062,35.138511657714844,69.95883178710938,ok,ok
placebo_ms,42,block_03,Gear,3,shifted,0,0,0,000,2000,2000,2000,1.0,1.0,32.72334671020508,57.85426712036133,1.096771240234375,0.9426050186157227,29.836074829101562,61.37699508666992,ok,ok
placebo_ms,123,block_03,Gear,3,shifted,0,0,0,000,2000,2000,2000,1.0,1.0,33.42191696166992,56.60783386230469,0.8813776969909668,0.783416748046875,37.92008590698242,72.25762176513672,ok,ok
placebo_ms,2026,block_03,Gear,3,shifted,0,0,0,000,2000,2000,2000,1.0,1.0,30.163745880126953,55.67869186401367,0.9564328193664551,0.6715867519378662,31.537757873535156,82.90618133544922,ok,ok
placebo_ms,3407,block_03,Gear,3,shifted,0,0,0,000,2000,2000,2000,1.0,1.0,40.53291702270508,81.76051330566406,1.068547248840332,0.8411645889282227,37.932735443115234,97.19918060302734,ok,ok
real_std,7,block_03,Gear,3,shifted,0,0,0,000,2000,6,16,0.003,0.008,3.1901655197143555,2.427755117416382,1.6373662948608398,1.2412467002868652,1.9483518600463867,1.9559004306793213,ok,ok
real_std,42,block_03,Gear,3,shifted,0,0,0,000,2000,0,19,0.0,0.0095,-1.8875432014465332,0.09520351886749268,1.5257220268249512,1.080963373184204,-1.2371474504470825,0.08807284384965897,ok,ok
real_std,123,block_03,Gear,3,shifted,0,0,0,000,2000,0,11,0.0,0.0055,-1.1425597667694092,1.0861308574676514,1.0262856483459473,0.8515138626098633,-1.1132961511611938,1.2755292654037476,ok,ok
real_std,2026,block_03,Gear,3,shifted,0,0,0,000,2000,0,8,0.0,0.004,-2.9430434703826904,2.8013830184936523,1.9834418296813965,1.2508182525634766,-1.4838063716888428,2.239640474319458,ok,ok
real_std,3407,block_03,Gear,3,shifted,0,0,0,000,2000,0,0,0.0,0.0,-0.09732858836650848,-1.1278830766677856,1.4964051246643066,1.0478458404541016,-0.06504160910844803,-1.0763826370239258,ok,ok
rule_std,7,block_03,Gear,3,shifted,0,0,0,000,2000,2000,2000,1.0,1.0,41.75175094604492,76.51512908935547,1.181675910949707,1.0359020233154297,35.33265686035156,73.86328887939453,ok,ok
rule_std,42,block_03,Gear,3,shifted,0,0,0,000,2000,2000,2000,1.0,1.0,34.45957946777344,61.6651725769043,1.1422834396362305,0.9765458106994629,30.167278289794922,63.14621353149414,ok,ok
rule_std,123,block_03,Gear,3,shifted,0,0,0,000,2000,2000,2000,1.0,1.0,37.30678176879883,75.22949981689453,1.2401223182678223,0.9976696968078613,30.083148956298828,75.40522003173828,ok,ok
rule_std,2026,block_03,Gear,3,shifted,0,0,0,000,2000,2000,2000,1.0,1.0,34.710540771484375,58.6812858581543,0.8580408096313477,0.7351598739624023,40.4532470703125,79.82112121582031,ok,ok
rule_std,3407,block_03,Gear,3,shifted,0,0,0,000,2000,2000,2000,1.0,1.0,46.87919616699219,77.46961212158203,1.325347900390625,1.1839475631713867,35.37123489379883,65.43331909179688,ok,ok
placebo_std,7,block_03,Gear,3,shifted,0,0,0,000,2000,2000,2000,1.0,1.0,36.29131317138672,65.81737518310547,1.078871250152588,0.9658546447753906,33.63822555541992,68.1441879272461,ok,ok
placebo_std,42,block_03,Gear,3,shifted,0,0,0,000,2000,2000,2000,1.0,1.0,37.05912399291992,68.09451293945312,1.1275620460510254,0.9466109275817871,32.86659622192383,71.93506622314453,ok,ok
placebo_std,123,block_03,Gear,3,shifted,0,0,0,000,2000,2000,2000,1.0,1.0,41.9048957824707,86.07451629638672,1.1350078582763672,0.9923262596130371,36.92035675048828,86.74012756347656,ok,ok
placebo_std,2026,block_03,Gear,3,shifted,0,0,0,000,2000,2000,2000,1.0,1.0,43.173500061035156,79.61931610107422,1.2206096649169922,0.9491934776306152,35.37043762207031,83.88102722167969,ok,ok
placebo_std,3407,block_03,Gear,3,shifted,0,0,0,000,2000,2000,2000,1.0,1.0,39.522438049316406,74.12281799316406,1.3090081214904785,0.9938716888427734,30.192659378051758,74.57987213134766,ok,ok
real_ms,7,block_03,Gear,3,shifted,0,0,1,001,2000,34,453,0.017,0.2265,5.3008270263671875,5.5109052658081055,1.3007607460021973,1.078542709350586,4.075174331665039,5.109583854675293,ok,ok
real_ms,42,block_03,Gear,3,shifted,0,0,1,001,2000,0,0,0.0,0.0,-2.1543617248535156,-1.5490319728851318,1.6529512405395508,1.3246212005615234,-1.3033428192138672,-1.16941499710083,ok,ok
real_ms,123,block_03,Gear,3,shifted,0,0,1,001,2000,0,19,0.0,0.0095,-0.5123427510261536,1.2313321828842163,0.9492621421813965,0.7362182140350342,-0.5397273302078247,1.672509789466858,ok,ok
real_ms,2026,block_03,Gear,3,shifted,0,0,1,001,2000,0,21,0.0,0.0105,-1.1550614833831787,2.2242255210876465,1.2528009414672852,0.785686731338501,-0.9219833016395569,2.830932140350342,ok,ok
real_ms,3407,block_03,Gear,3,shifted,0,0,1,001,2000,0,0,0.0,0.0,-0.7528928518295288,-0.7322638630867004,1.0351133346557617,0.9396266937255859,-0.727353036403656,-0.7793136239051819,ok,ok
rule_ms,7,block_03,Gear,3,shifted,0,0,1,001,2000,2000,2000,1.0,1.0,29.377443313598633,49.81621551513672,1.0093250274658203,0.880279541015625,29.10603141784668,56.59135818481445,ok,ok
rule_ms,42,block_03,Gear,3,shifted,0,0,1,001,2000,2000,2000,1.0,1.0,33.062950134277344,63.74399185180664,1.0037384033203125,0.8322715759277344,32.93980407714844,76.59037780761719,ok,ok
rule_ms,123,block_03,Gear,3,shifted,0,0,1,001,2000,2000,2000,1.0,1.0,27.587465286254883,46.50035095214844,0.955744743347168,0.7030844688415527,28.864891052246094,66.13764190673828,ok,ok
rule_ms,2026,block_03,Gear,3,shifted,0,0,1,001,2000,2000,2000,1.0,1.0,38.45100402832031,71.78724670410156,1.1129045486450195,0.9166765213012695,34.550132751464844,78.31251525878906,ok,ok
rule_ms,3407,block_03,Gear,3,shifted,0,0,1,001,2000,2000,2000,1.0,1.0,37.792579650878906,58.983177185058594,1.2160930633544922,0.8446950912475586,31.077045440673828,69.82777404785156,ok,ok
placebo_ms,7,block_03,Gear,3,shifted,0,0,1,001,2000,2000,2000,1.0,1.0,30.827360153198242,56.0189323425293,0.9572105407714844,0.9015884399414062,32.20541000366211,62.13359832763672,ok,ok
placebo_ms,42,block_03,Gear,3,shifted,0,0,1,001,2000,2000,2000,1.0,1.0,29.867033004760742,53.769989013671875,1.096771240234375,0.9426050186157227,27.231781005859375,57.04403305053711,ok,ok
placebo_ms,123,block_03,Gear,3,shifted,0,0,1,001,2000,2000,2000,1.0,1.0,30.097448348999023,49.87922286987305,0.8813776969909668,0.783416748046875,34.14818572998047,63.6688232421875,ok,ok
placebo_ms,2026,block_03,Gear,3,shifted,0,0,1,001,2000,2000,2000,1.0,1.0,27.91188621520996,52.05982208251953,0.9564328193664551,0.6715867519378662,29.183320999145508,77.51764678955078,ok,ok
placebo_ms,3407,block_03,Gear,3,shifted,0,0,1,001,2000,2000,2000,1.0,1.0,36.5184211730957,71.60836029052734,1.068547248840332,0.8411645889282227,34.17576599121094,85.13001251220703,ok,ok
real_std,7,block_03,Gear,3,shifted,0,0,1,001,2000,5,15,0.0025,0.0075,2.328857421875,1.8919216394424438,1.6373662948608398,1.2412467002868652,1.4223190546035767,1.5242109298706055,ok,ok
real_std,42,block_03,Gear,3,shifted,0,0,1,001,2000,0,10,0.0,0.005,-2.042268753051758,-0.5492780804634094,1.5257220268249512,1.080963373184204,-1.3385587930679321,-0.508137583732605,ok,ok
real_std,123,block_03,Gear,3,shifted,0,0,1,001,2000,0,4,0.0,0.002,-0.6871817708015442,0.5767757296562195,1.0262856483459473,0.8515138626098633,-0.6695813536643982,0.6773532629013062,ok,ok
real_std,2026,block_03,Gear,3,shifted,0,0,1,001,2000,0,1,0.0,0.0005,-3.570129871368408,1.501518726348877,1.9834418296813965,1.2508182525634766,-1.7999670505523682,1.200429081916809,ok,ok
real_std,3407,block_03,Gear,3,shifted,0,0,1,001,2000,0,0,0.0,0.0,0.5208519101142883,-0.8799598217010498,1.4964051246643066,1.0478458404541016,0.3480687737464905,-0.8397798538208008,ok,ok
rule_std,7,block_03,Gear,3,shifted,0,0,1,001,2000,2000,2000,1.0,1.0,35.99174880981445,67.58165740966797,1.181675910949707,1.0359020233154297,30.458223342895508,65.23943328857422,ok,ok
rule_std,42,block_03,Gear,3,shifted,0,0,1,001,2000,2000,2000,1.0,1.0,31.43829917907715,56.116092681884766,1.1422834396362305,0.9765458106994629,27.522327423095703,57.46385955810547,ok,ok
rule_std,123,block_03,Gear,3,shifted,0,0,1,001,2000,2000,2000,1.0,1.0,34.66337585449219,67.09021759033203,1.2401223182678223,0.9976696968078613,27.951576232910156,67.2469253540039,ok,ok
rule_std,2026,block_03,Gear,3,shifted,0,0,1,001,2000,2000,2000,1.0,1.0,31.53331184387207,52.877811431884766,0.8580408096313477,0.7351598739624023,36.7503662109375,71.92695617675781,ok,ok
rule_std,3407,block_03,Gear,3,shifted,0,0,1,001,2000,2000,2000,1.0,1.0,42.36741256713867,67.65190887451172,1.325347900390625,1.1839475631713867,31.96701431274414,57.140968322753906,ok,ok
placebo_std,7,block_03,Gear,3,shifted,0,0,1,001,2000,2000,2000,1.0,1.0,32.27885055541992,55.78062057495117,1.078871250152588,0.9658546447753906,29.91909408569336,57.75260925292969,ok,ok
placebo_std,42,block_03,Gear,3,shifted,0,0,1,001,2000,2000,2000,1.0,1.0,33.7445068359375,62.68189239501953,1.1275620460510254,0.9466109275817871,29.926965713500977,66.21715545654297,ok,ok
placebo_std,123,block_03,Gear,3,shifted,0,0,1,001,2000,2000,2000,1.0,1.0,39.62880325317383,79.15465545654297,1.1350078582763672,0.9923262596130371,34.915000915527344,79.76676940917969,ok,ok
placebo_std,2026,block_03,Gear,3,shifted,0,0,1,001,2000,2000,2000,1.0,1.0,40.64804458618164,72.65227508544922,1.2206096649169922,0.9491934776306152,33.301429748535156,76.54106140136719,ok,ok
placebo_std,3407,block_03,Gear,3,shifted,0,0,1,001,2000,2000,2000,1.0,1.0,34.64665222167969,66.45512390136719,1.3090081214904785,0.9938716888427734,26.467866897583008,66.86489868164062,ok,ok
real_ms,7,block_03,Gear,3,shifted,0,1,0,010,2000,18,87,0.009,0.0435,4.497061729431152,3.4933457374572754,1.3007607460021973,1.078542709350586,3.4572548866271973,3.238949775695801,ok,ok
real_ms,42,block_03,Gear,3,shifted,0,1,0,010,2000,0,0,0.0,0.0,-1.9175701141357422,-1.496029257774353,1.6529512405395508,1.3246212005615234,-1.1600886583328247,-1.1294015645980835,ok,ok
real_ms,123,block_03,Gear,3,shifted,0,1,0,010,2000,0,2,0.0,0.001,-1.2076225280761719,0.08410276472568512,0.9492621421813965,0.7362182140350342,-1.272169828414917,0.11423620581626892,ok,ok
real_ms,2026,block_03,Gear,3,shifted,0,1,0,010,2000,0,0,0.0,0.0,-2.2610034942626953,0.7379027009010315,1.2528009414672852,0.785686731338501,-1.8047585487365723,0.9391817450523376,ok,ok
real_ms,3407,block_03,Gear,3,shifted,0,1,0,010,2000,0,0,0.0,0.0,-1.5880844593048096,-1.0682018995285034,1.0351133346557617,0.9396266937255859,-1.5342131853103638,-1.1368364095687866,ok,ok
rule_ms,7,block_03,Gear,3,shifted,0,1,0,010,2000,2000,2000,1.0,1.0,45.74323654174805,93.50735473632812,1.0093250274658203,0.880279541015625,45.32062530517578,106.224609375,ok,ok
rule_ms,42,block_03,Gear,3,shifted,0,1,0,010,2000,2000,2000,1.0,1.0,49.56330871582031,120.12411499023438,1.0037384033203125,0.8322715759277344,49.37871170043945,144.3328399658203,ok,ok
rule_ms,123,block_03,Gear,3,shifted,0,1,0,010,2000,2000,2000,1.0,1.0,46.89707565307617,92.03951263427734,0.955744743347168,0.7030844688415527,49.06861877441406,130.90818786621094,ok,ok
rule_ms,2026,block_03,Gear,3,shifted,0,1,0,010,2000,2000,2000,1.0,1.0,56.907814025878906,120.71852111816406,1.1129045486450195,0.9166765213012695,51.134490966796875,131.69151306152344,ok,ok
rule_ms,3407,block_03,Gear,3,shifted,0,1,0,010,2000,2000,2000,1.0,1.0,53.88029861450195,102.97374725341797,1.2160930633544922,0.8446950912475586,44.306060791015625,121.90640258789062,ok,ok
placebo_ms,7,block_03,Gear,3,shifted,0,1,0,010,2000,2000,2000,1.0,1.0,46.446102142333984,101.87639617919922,0.9572105407714844,0.9015884399414062,48.5223503112793,112.9965591430664,ok,ok
placebo_ms,42,block_03,Gear,3,shifted,0,1,0,010,2000,2000,2000,1.0,1.0,48.71195983886719,107.20184326171875,1.096771240234375,0.9426050186157227,44.413963317871094,113.7293472290039,ok,ok
placebo_ms,123,block_03,Gear,3,shifted,0,1,0,010,2000,2000,2000,1.0,1.0,45.59601593017578,90.54934692382812,0.8813776969909668,0.783416748046875,51.732662200927734,115.58259582519531,ok,ok
placebo_ms,2026,block_03,Gear,3,shifted,0,1,0,010,2000,2000,2000,1.0,1.0,41.38619613647461,87.70089721679688,0.9564328193664551,0.6715867519378662,43.27140808105469,130.5876007080078,ok,ok
placebo_ms,3407,block_03,Gear,3,shifted,0,1,0,010,2000,2000,2000,1.0,1.0,57.73951721191406,118.73725128173828,1.068547248840332,0.8411645889282227,54.03553009033203,141.1581573486328,ok,ok
real_std,7,block_03,Gear,3,shifted,0,1,0,010,2000,29,31,0.0145,0.0155,5.386488914489746,3.3354456424713135,1.6373662948608398,1.2412467002868652,3.2897274494171143,2.68717360496521,ok,ok
real_std,42,block_03,Gear,3,shifted,0,1,0,010,2000,0,9,0.0,0.0045,-0.9355266094207764,-0.6438642740249634,1.5257220268249512,1.080963373184204,-0.61316978931427,-0.5956392288208008,ok,ok
real_std,123,block_03,Gear,3,shifted,0,1,0,010,2000,0,1,0.0,0.0005,-1.481769323348999,-0.35746362805366516,1.0262856483459473,0.8515138626098633,-1.4438176155090332,-0.41979771852493286,ok,ok
real_std,2026,block_03,Gear,3,shifted,0,1,0,010,2000,0,1,0.0,0.0005,-2.087289810180664,2.0788750648498535,1.9834418296813965,1.2508182525634766,-1.05235755443573,1.6620121002197266,ok,ok
real_std,3407,block_03,Gear,3,shifted,0,1,0,010,2000,2,2,0.001,0.001,1.1730759143829346,-0.38208404183387756,1.4964051246643066,1.0478458404541016,0.7839294672012329,-0.3646376430988312,ok,ok
rule_std,7,block_03,Gear,3,shifted,0,1,0,010,2000,2000,2000,1.0,1.0,57.09825897216797,117.34748840332031,1.181675910949707,1.0359020233154297,48.319725036621094,113.2804946899414,ok,ok
rule_std,42,block_03,Gear,3,shifted,0,1,0,010,2000,2000,2000,1.0,1.0,49.52683639526367,103.28048706054688,1.1422834396362305,0.9765458106994629,43.35774612426758,105.76102447509766,ok,ok
rule_std,123,block_03,Gear,3,shifted,0,1,0,010,2000,2000,2000,1.0,1.0,52.9106330871582,119.14059448242188,1.2401223182678223,0.9976696968078613,42.66565704345703,119.41888427734375,ok,ok
rule_std,2026,block_03,Gear,3,shifted,0,1,0,010,2000,2000,2000,1.0,1.0,50.64602279663086,104.75701904296875,0.8580408096313477,0.7351598739624023,59.02518844604492,142.4955596923828,ok,ok
rule_std,3407,block_03,Gear,3,shifted,0,1,0,010,2000,2000,2000,1.0,1.0,64.02955627441406,119.8270034790039,1.325347900390625,1.1839475631713867,48.31150817871094,101.209716796875,ok,ok
placebo_std,7,block_03,Gear,3,shifted,0,1,0,010,2000,2000,2000,1.0,1.0,51.806095123291016,107.8529052734375,1.078871250152588,0.9658546447753906,48.01879119873047,111.66576385498047,ok,ok
placebo_std,42,block_03,Gear,3,shifted,0,1,0,010,2000,2000,2000,1.0,1.0,48.9220085144043,112.98358154296875,1.1275620460510254,0.9466109275817871,43.387420654296875,119.35587310791016,ok,ok
placebo_std,123,block_03,Gear,3,shifted,0,1,0,010,2000,2000,2000,1.0,1.0,58.280635833740234,135.9281005859375,1.1350078582763672,0.9923262596130371,51.34822082519531,136.97923278808594,ok,ok
placebo_std,2026,block_03,Gear,3,shifted,0,1,0,010,2000,2000,2000,1.0,1.0,54.118247985839844,127.12256622314453,1.2206096649169922,0.9491934776306152,44.33706283569336,133.92694091796875,ok,ok
placebo_std,3407,block_03,Gear,3,shifted,0,1,0,010,2000,2000,2000,1.0,1.0,53.05680465698242,110.75936126708984,1.3090081214904785,0.9938716888427734,40.53206253051758,111.44231414794922,ok,ok
real_ms,7,block_03,Gear,3,shifted,0,1,1,011,2000,17,61,0.0085,0.0305,4.19705867767334,3.0764858722686768,1.3007607460021973,1.078542709350586,3.226619005203247,2.852447032928467,ok,ok
real_ms,42,block_03,Gear,3,shifted,0,1,1,011,2000,0,0,0.0,0.0,-2.0962743759155273,-1.9710042476654053,1.6529512405395508,1.3246212005615234,-1.2682011127471924,-1.487975835800171,ok,ok
real_ms,123,block_03,Gear,3,shifted,0,1,1,011,2000,0,0,0.0,0.0,-1.233517050743103,-0.48290178179740906,0.9492621421813965,0.7362182140350342,-1.2994482517242432,-0.6559221148490906,ok,ok
real_ms,2026,block_03,Gear,3,shifted,0,1,1,011,2000,0,0,0.0,0.0,-2.532571315765381,0.40225696563720703,1.2528009414672852,0.785686731338501,-2.021527051925659,0.5119813680648804,ok,ok
real_ms,3407,block_03,Gear,3,shifted,0,1,1,011,2000,0,2,0.0,0.001,-0.641404390335083,-0.5339462161064148,1.0351133346557617,0.9396266937255859,-0.6196465492248535,-0.5682535171508789,ok,ok
rule_ms,7,block_03,Gear,3,shifted,0,1,1,011,2000,2000,2000,1.0,1.0,41.59735870361328,83.65514373779297,1.0093250274658203,0.880279541015625,41.21304702758789,95.03248596191406,ok,ok
rule_ms,42,block_03,Gear,3,shifted,0,1,1,011,2000,2000,2000,1.0,1.0,45.431251525878906,108.50316619873047,1.0037384033203125,0.8322715759277344,45.26204299926758,130.36990356445312,ok,ok
rule_ms,123,block_03,Gear,3,shifted,0,1,1,011,2000,2000,2000,1.0,1.0,42.21192169189453,82.1287841796875,0.955744743347168,0.7030844688415527,44.16652297973633,116.81212615966797,ok,ok
rule_ms,2026,block_03,Gear,3,shifted,0,1,1,011,2000,2000,2000,1.0,1.0,51.4731330871582,108.20440673828125,1.1129045486450195,0.9166765213012695,46.251163482666016,118.03990936279297,ok,ok
rule_ms,3407,block_03,Gear,3,shifted,0,1,1,011,2000,2000,2000,1.0,1.0,48.10248565673828,93.86003112792969,1.2160930633544922,0.8446950912475586,39.55493927001953,111.11705780029297,ok,ok
placebo_ms,7,block_03,Gear,3,shifted,0,1,1,011,2000,2000,2000,1.0,1.0,42.30464172363281,91.91220092773438,0.9572105407714844,0.9015884399414062,44.19575881958008,101.94474792480469,ok,ok
placebo_ms,42,block_03,Gear,3,shifted,0,1,1,011,2000,2000,2000,1.0,1.0,43.65065002441406,96.73184204101562,1.096771240234375,0.9426050186157227,39.799224853515625,102.621826171875,ok,ok
placebo_ms,123,block_03,Gear,3,shifted,0,1,1,011,2000,2000,2000,1.0,1.0,40.69158172607422,78.75077819824219,0.8813776969909668,0.783416748046875,46.168155670166016,100.52220916748047,ok,ok
placebo_ms,2026,block_03,Gear,3,shifted,0,1,1,011,2000,2000,2000,1.0,1.0,36.921897888183594,77.70689392089844,0.9564328193664551,0.6715867519378662,38.6037483215332,115.70640563964844,ok,ok
placebo_ms,3407,block_03,Gear,3,shifted,0,1,1,011,2000,2000,2000,1.0,1.0,51.345436096191406,107.36851501464844,1.068547248840332,0.8411645889282227,48.051631927490234,127.6427001953125,ok,ok
real_std,7,block_03,Gear,3,shifted,0,1,1,011,2000,8,8,0.004,0.004,3.985304355621338,2.1655986309051514,1.6373662948608398,1.2412467002868652,2.4339725971221924,1.7446962594985962,ok,ok
real_std,42,block_03,Gear,3,shifted,0,1,1,011,2000,0,4,0.0,0.002,-1.0459930896759033,-0.9717865586280823,1.5257220268249512,1.080963373184204,-0.6855724453926086,-0.8990004658699036,ok,ok
real_std,123,block_03,Gear,3,shifted,0,1,1,011,2000,0,0,0.0,0.0,-1.6017181873321533,-0.9570273756980896,1.0262856483459473,0.8515138626098633,-1.5606940984725952,-1.1239128112792969,ok,ok
real_std,2026,block_03,Gear,3,shifted,0,1,1,011,2000,0,0,0.0,0.0,-2.5155444145202637,0.7248538732528687,1.9834418296813965,1.2508182525634766,-1.2682721614837646,0.5795037746429443,ok,ok
real_std,3407,block_03,Gear,3,shifted,0,1,1,011,2000,1,1,0.0005,0.0005,1.2675784826278687,-0.5195053815841675,1.4964051246643066,1.0478458404541016,0.8470823764801025,-0.4957841634750366,ok,ok
rule_std,7,block_03,Gear,3,shifted,0,1,1,011,2000,2000,2000,1.0,1.0,50.7559928894043,106.05511474609375,1.181675910949707,1.0359020233154297,42.952545166015625,102.37948608398438,ok,ok
rule_std,42,block_03,Gear,3,shifted,0,1,1,011,2000,2000,2000,1.0,1.0,44.008052825927734,91.47395324707031,1.1422834396362305,0.9765458106994629,38.526390075683594,93.6709213256836,ok,ok
rule_std,123,block_03,Gear,3,shifted,0,1,1,011,2000,2000,2000,1.0,1.0,48.283226013183594,105.08516693115234,1.2401223182678223,0.9976696968078613,38.93424606323242,105.33061981201172,ok,ok
rule_std,2026,block_03,Gear,3,shifted,0,1,1,011,2000,2000,2000,1.0,1.0,45.343292236328125,92.34346771240234,0.8580408096313477,0.7351598739624023,52.845149993896484,125.61004638671875,ok,ok
rule_std,3407,block_03,Gear,3,shifted,0,1,1,011,2000,2000,2000,1.0,1.0,59.125511169433594,109.21014404296875,1.325347900390625,1.1839475631713867,44.6113166809082,92.24237060546875,ok,ok
placebo_std,7,block_03,Gear,3,shifted,0,1,1,011,2000,2000,2000,1.0,1.0,46.52841567993164,94.13746643066406,1.078871250152588,0.9658546447753906,43.12693786621094,97.4654541015625,ok,ok
placebo_std,42,block_03,Gear,3,shifted,0,1,1,011,2000,2000,2000,1.0,1.0,43.06573486328125,102.69450378417969,1.1275620460510254,0.9466109275817871,38.19367218017578,108.48648071289062,ok,ok
placebo_std,123,block_03,Gear,3,shifted,0,1,1,011,2000,2000,2000,1.0,1.0,54.236000061035156,122.97576904296875,1.1350078582763672,0.9923262596130371,47.78469467163086,123.92675018310547,ok,ok
placebo_std,2026,block_03,Gear,3,shifted,0,1,1,011,2000,2000,2000,1.0,1.0,48.691856384277344,111.03962707519531,1.2206096649169922,0.9491934776306152,39.891422271728516,116.98313903808594,ok,ok
placebo_std,3407,block_03,Gear,3,shifted,0,1,1,011,2000,2000,2000,1.0,1.0,47.30556869506836,101.21700286865234,1.3090081214904785,0.9938716888427734,36.13848876953125,101.84111022949219,ok,ok
real_ms,7,block_03,Gear,3,shifted,1,0,0,100,2000,8,1960,0.004,0.98,5.118001937866211,15.321859359741211,1.3007607460021973,1.078542709350586,3.934622049331665,14.206075668334961,ok,ok
real_ms,42,block_03,Gear,3,shifted,1,0,0,100,2000,0,857,0.0,0.4285,1.8041507005691528,10.051483154296875,1.6529512405395508,1.3246212005615234,1.0914723873138428,7.588194847106934,ok,ok
real_ms,123,block_03,Gear,3,shifted,1,0,0,100,2000,0,1969,0.0,0.9845,2.330789566040039,18.813716888427734,0.9492621421813965,0.7362182140350342,2.455369710922241,25.55453872680664,ok,ok
real_ms,2026,block_03,Gear,3,shifted,1,0,0,100,2000,0,1894,0.0,0.947,-0.47709736227989197,13.592214584350586,1.2528009414672852,0.785686731338501,-0.38082459568977356,17.299789428710938,ok,ok
real_ms,3407,block_03,Gear,3,shifted,1,0,0,100,2000,0,1968,0.0,0.984,1.3088551759719849,14.142716407775879,1.0351133346557617,0.9396266937255859,1.2644559144973755,15.051422119140625,ok,ok
rule_ms,7,block_03,Gear,3,shifted,1,0,0,100,2000,1,2000,0.0005,1.0,-1.8807783126831055,39.11393356323242,1.0093250274658203,0.880279541015625,-1.863402009010315,44.433536529541016,ok,ok
rule_ms,42,block_03,Gear,3,shifted,1,0,0,100,2000,81,1984,0.0405,0.992,6.511821269989014,21.18600845336914,1.0037384033203125,0.8322715759277344,6.487567901611328,25.455644607543945,ok,ok
rule_ms,123,block_03,Gear,3,shifted,1,0,0,100,2000,21,2000,0.0105,1.0,1.5085217952728271,37.29033279418945,0.955744743347168,0.7030844688415527,1.5783730745315552,53.03820037841797,ok,ok
rule_ms,2026,block_03,Gear,3,shifted,1,0,0,100,2000,103,2000,0.0515,1.0,5.499986171722412,39.65639114379883,1.1129045486450195,0.9166765213012695,4.942010879516602,43.261051177978516,ok,ok
rule_ms,3407,block_03,Gear,3,shifted,1,0,0,100,2000,1517,2000,0.7585,1.0,14.248071670532227,29.916597366333008,1.2160930633544922,0.8446950912475586,11.716267585754395,35.41703796386719,ok,ok
placebo_ms,7,block_03,Gear,3,shifted,1,0,0,100,2000,26,2000,0.013,1.0,3.384247064590454,26.79762077331543,0.9572105407714844,0.9015884399414062,3.5355305671691895,29.72267723083496,ok,ok
placebo_ms,42,block_03,Gear,3,shifted,1,0,0,100,2000,30,1993,0.015,0.9965,4.022902965545654,21.353961944580078,1.096771240234375,0.9426050186157227,3.6679508686065674,22.654199600219727,ok,ok
placebo_ms,123,block_03,Gear,3,shifted,1,0,0,100,2000,18,2000,0.009,1.0,0.6314718723297119,42.24629592895508,0.8813776969909668,0.783416748046875,0.7164599895477295,53.925697326660156,ok,ok
placebo_ms,2026,block_03,Gear,3,shifted,1,0,0,100,2000,49,2000,0.0245,1.0,4.0007829666137695,34.420204162597656,0.9564328193664551,0.6715867519378662,4.18302583694458,51.2520637512207,ok,ok
placebo_ms,3407,block_03,Gear,3,shifted,1,0,0,100,2000,516,2000,0.258,1.0,9.80891227722168,35.25096893310547,1.068547248840332,0.8411645889282227,9.179672241210938,41.9073371887207,ok,ok
real_std,7,block_03,Gear,3,shifted,1,0,0,100,2000,0,1765,0.0,0.8825,3.794424295425415,16.4080867767334,1.6373662948608398,1.2412467002868652,2.317394971847534,13.219037055969238,ok,ok
real_std,42,block_03,Gear,3,shifted,1,0,0,100,2000,0,1878,0.0,0.939,-0.7467355728149414,15.351853370666504,1.5257220268249512,1.080963373184204,-0.4894309639930725,14.202011108398438,ok,ok
real_std,123,block_03,Gear,3,shifted,1,0,0,100,2000,0,1912,0.0,0.956,3.195936918258667,17.59157371520996,1.0262856483459473,0.8515138626098633,3.114081382751465,20.659175872802734,ok,ok
real_std,2026,block_03,Gear,3,shifted,1,0,0,100,2000,0,655,0.0,0.3275,-4.4514617919921875,7.295709609985352,1.9834418296813965,1.2508182525634766,-2.244311571121216,5.832748889923096,ok,ok
real_std,3407,block_03,Gear,3,shifted,1,0,0,100,2000,0,1672,0.0,0.836,3.3915317058563232,13.33691120147705,1.4964051246643066,1.0478458404541016,2.2664525508880615,12.727932929992676,ok,ok
rule_std,7,block_03,Gear,3,shifted,1,0,0,100,2000,51,2000,0.0255,1.0,5.482071876525879,39.24015808105469,1.181675910949707,1.0359020233154297,4.63923454284668,37.88018035888672,ok,ok
rule_std,42,block_03,Gear,3,shifted,1,0,0,100,2000,7,1928,0.0035,0.964,1.5554691553115845,18.822147369384766,1.1422834396362305,0.9765458106994629,1.3617191314697266,19.274206161499023,ok,ok
rule_std,123,block_03,Gear,3,shifted,1,0,0,100,2000,71,2000,0.0355,1.0,4.876317501068115,53.126365661621094,1.2401223182678223,0.9976696968078613,3.932126522064209,53.250457763671875,ok,ok
rule_std,2026,block_03,Gear,3,shifted,1,0,0,100,2000,273,2000,0.1365,1.0,8.567782402038574,25.08055305480957,0.8580408096313477,0.7351598739624023,9.985284805297852,34.11578369140625,ok,ok
rule_std,3407,block_03,Gear,3,shifted,1,0,0,100,2000,399,1987,0.1995,0.9935,10.751293182373047,24.623825073242188,1.325347900390625,1.1839475631713867,8.112052917480469,20.798070907592773,ok,ok
placebo_std,7,block_03,Gear,3,shifted,1,0,0,100,2000,2,2000,0.001,1.0,2.3103418350219727,35.03252029418945,1.078871250152588,0.9658546447753906,2.1414434909820557,36.27100372314453,ok,ok
placebo_std,42,block_03,Gear,3,shifted,1,0,0,100,2000,67,1997,0.0335,0.9985,3.6899943351745605,25.098264694213867,1.1275620460510254,0.9466109275817871,3.2725422382354736,26.513813018798828,ok,ok
placebo_std,123,block_03,Gear,3,shifted,1,0,0,100,2000,28,2000,0.014,1.0,0.7602953314781189,60.36207580566406,1.1350078582763672,0.9923262596130371,0.6698591113090515,60.828861236572266,ok,ok
placebo_std,2026,block_03,Gear,3,shifted,1,0,0,100,2000,968,2000,0.484,1.0,12.200079917907715,37.033302307128906,1.2206096649169922,0.9491934776306152,9.995070457458496,39.01554870605469,ok,ok
placebo_std,3407,block_03,Gear,3,shifted,1,0,0,100,2000,132,2000,0.066,1.0,3.6372334957122803,31.107402801513672,1.3090081214904785,0.9938716888427734,2.7786178588867188,31.299213409423828,ok,ok
real_ms,7,block_03,Gear,3,shifted,1,0,1,101,2000,2,1994,0.001,0.997,4.245283603668213,17.386510848999023,1.3007607460021973,1.078542709350586,3.263692855834961,16.12037467956543,ok,ok
real_ms,42,block_03,Gear,3,shifted,1,0,1,101,2000,0,1218,0.0,0.609,2.52557635307312,12.472678184509277,1.6529512405395508,1.3246212005615234,1.5279194116592407,9.416032791137695,ok,ok
real_ms,123,block_03,Gear,3,shifted,1,0,1,101,2000,1,1975,0.0005,0.9875,1.979980707168579,18.87352180480957,0.9492621421813965,0.7362182140350342,2.0858101844787598,25.63576889038086,ok,ok
real_ms,2026,block_03,Gear,3,shifted,1,0,1,101,2000,0,1964,0.0,0.982,-0.974734365940094,14.491753578186035,1.2528009414672852,0.785686731338501,-0.7780440449714661,18.4446964263916,ok,ok
real_ms,3407,block_03,Gear,3,shifted,1,0,1,101,2000,0,1984,0.0,0.992,1.1702128648757935,15.472466468811035,1.0351133346557617,0.9396266937255859,1.1305166482925415,16.466609954833984,ok,ok
rule_ms,7,block_03,Gear,3,shifted,1,0,1,101,2000,0,2000,0.0,1.0,-3.416095018386841,41.45351791381836,1.0093250274658203,0.880279541015625,-3.3845341205596924,47.09130859375,ok,ok
rule_ms,42,block_03,Gear,3,shifted,1,0,1,101,2000,17,1990,0.0085,0.995,5.379543781280518,22.3371639251709,1.0037384033203125,0.8322715759277344,5.359508514404297,26.83879280090332,ok,ok
rule_ms,123,block_03,Gear,3,shifted,1,0,1,101,2000,3,2000,0.0015,1.0,1.1236646175384521,36.67416000366211,0.955744743347168,0.7030844688415527,1.1756953001022339,52.16181182861328,ok,ok
rule_ms,2026,block_03,Gear,3,shifted,1,0,1,101,2000,26,2000,0.013,1.0,3.6599361896514893,41.06773376464844,1.1129045486450195,0.9166765213012695,3.2886345386505127,44.80067825317383,ok,ok
rule_ms,3407,block_03,Gear,3,shifted,1,0,1,101,2000,874,2000,0.437,1.0,11.069751739501953,28.900590896606445,1.2160930633544922,0.8446950912475586,9.102716445922852,34.214229583740234,ok,ok
placebo_ms,7,block_03,Gear,3,shifted,1,0,1,101,2000,8,2000,0.004,1.0,1.8664470911026,29.754291534423828,0.9572105407714844,0.9015884399414062,1.9498813152313232,33.002079010009766,ok,ok
placebo_ms,42,block_03,Gear,3,shifted,1,0,1,101,2000,2,1997,0.001,0.9985,3.2071306705474854,21.630395889282227,1.096771240234375,0.9426050186157227,2.924156427383423,22.947463989257812,ok,ok
placebo_ms,123,block_03,Gear,3,shifted,1,0,1,101,2000,0,2000,0.0,1.0,-1.0582356452941895,44.25991439819336,0.8813776969909668,0.783416748046875,-1.2006608247756958,56.49600601196289,ok,ok
placebo_ms,2026,block_03,Gear,3,shifted,1,0,1,101,2000,0,2000,0.0,1.0,2.4996607303619385,36.294334411621094,0.9564328193664551,0.6715867519378662,2.6135244369506836,54.04266357421875,ok,ok
placebo_ms,3407,block_03,Gear,3,shifted,1,0,1,101,2000,113,2000,0.0565,1.0,7.464783668518066,35.635398864746094,1.068547248840332,0.8411645889282227,6.9859185218811035,42.364356994628906,ok,ok
real_std,7,block_03,Gear,3,shifted,1,0,1,101,2000,0,1891,0.0,0.9455,3.1104836463928223,18.93268394470215,1.6373662948608398,1.2412467002868652,1.8996871709823608,15.252958297729492,ok,ok
real_std,42,block_03,Gear,3,shifted,1,0,1,101,2000,0,1880,0.0,0.94,-0.25006434321403503,14.969294548034668,1.5257220268249512,1.080963373184204,-0.1638990044593811,13.848105430603027,ok,ok
real_std,123,block_03,Gear,3,shifted,1,0,1,101,2000,0,1926,0.0,0.963,3.0017905235290527,17.65536880493164,1.0262856483459473,0.8515138626098633,2.9249072074890137,20.73409652709961,ok,ok
real_std,2026,block_03,Gear,3,shifted,1,0,1,101,2000,0,1003,0.0,0.5015,-5.024375915527344,8.746227264404297,1.9834418296813965,1.2508182525634766,-2.5331602096557617,6.992404460906982,ok,ok
real_std,3407,block_03,Gear,3,shifted,1,0,1,101,2000,0,1892,0.0,0.946,3.7025232315063477,16.371015548706055,1.4964051246643066,1.0478458404541016,2.474278450012207,15.623495101928711,ok,ok
rule_std,7,block_03,Gear,3,shifted,1,0,1,101,2000,6,2000,0.003,1.0,4.106313705444336,41.23385238647461,1.181675910949707,1.0359020233154297,3.4749915599823,39.80478286743164,ok,ok
rule_std,42,block_03,Gear,3,shifted,1,0,1,101,2000,1,1982,0.0005,0.991,0.21866799890995026,21.67315673828125,1.1422834396362305,0.9765458106994629,0.19143059849739075,22.193689346313477,ok,ok
rule_std,123,block_03,Gear,3,shifted,1,0,1,101,2000,21,2000,0.0105,1.0,3.422001361846924,52.69084548950195,1.2401223182678223,0.9976696968078613,2.759406328201294,52.81391525268555,ok,ok
rule_std,2026,block_03,Gear,3,shifted,1,0,1,101,2000,79,2000,0.0395,1.0,7.085431098937988,25.971054077148438,0.8580408096313477,0.7351598739624023,8.257685661315918,35.327083587646484,ok,ok
rule_std,3407,block_03,Gear,3,shifted,1,0,1,101,2000,146,1990,0.073,0.995,9.104552268981934,25.445356369018555,1.325347900390625,1.1839475631713867,6.869556427001953,21.491960525512695,ok,ok
placebo_std,7,block_03,Gear,3,shifted,1,0,1,101,2000,0,2000,0.0,1.0,1.165376901626587,36.18635940551758,1.078871250152588,0.9658546447753906,1.08018159866333,37.465641021728516,ok,ok
placebo_std,42,block_03,Gear,3,shifted,1,0,1,101,2000,4,1997,0.002,0.9985,1.7233818769454956,27.0045108795166,1.1275620460510254,0.9466109275817871,1.5284141302108765,28.52757453918457,ok,ok
placebo_std,123,block_03,Gear,3,shifted,1,0,1,101,2000,1,2000,0.0005,1.0,-1.8054152727127075,64.77080535888672,1.1350078582763672,0.9923262596130371,-1.5906633138656616,65.27167510986328,ok,ok
placebo_std,2026,block_03,Gear,3,shifted,1,0,1,101,2000,561,2000,0.2805,1.0,10.321390151977539,37.772064208984375,1.2206096649169922,0.9491934776306152,8.455930709838867,39.79384994506836,ok,ok
placebo_std,3407,block_03,Gear,3,shifted,1,0,1,101,2000,26,2000,0.013,1.0,2.1619956493377686,30.711647033691406,1.3090081214904785,0.9938716888427734,1.651628851890564,30.901018142700195,ok,ok
real_ms,7,block_03,Gear,3,shifted,1,1,0,110,2000,2,1692,0.001,0.846,5.340085983276367,11.183982849121094,1.3007607460021973,1.078542709350586,4.105355739593506,10.36953067779541,ok,ok
real_ms,42,block_03,Gear,3,shifted,1,1,0,110,2000,0,46,0.0,0.023,-2.3218860626220703,3.133894443511963,1.6529512405395508,1.3246212005615234,-1.404691219329834,2.365879535675049,ok,ok
real_ms,123,block_03,Gear,3,shifted,1,1,0,110,2000,0,1955,0.0,0.9775,1.1738672256469727,15.791199684143066,0.9492621421813965,0.7362182140350342,1.2366100549697876,21.449073791503906,ok,ok
real_ms,2026,block_03,Gear,3,shifted,1,1,0,110,2000,0,816,0.0,0.408,-0.6134228706359863,7.127176761627197,1.2528009414672852,0.785686731338501,-0.48964110016822815,9.071270942687988,ok,ok
real_ms,3407,block_03,Gear,3,shifted,1,1,0,110,2000,0,1835,0.0,0.9175,1.0088602304458618,11.265896797180176,1.0351133346557617,0.9396266937255859,0.9746374487876892,11.989757537841797,ok,ok
rule_ms,7,block_03,Gear,3,shifted,1,1,0,110,2000,22,1999,0.011,0.9995,1.9756733179092407,38.36021041870117,1.0093250274658203,0.880279541015625,1.9574204683303833,43.57730484008789,ok,ok
rule_ms,42,block_03,Gear,3,shifted,1,1,0,110,2000,358,1982,0.179,0.991,9.097906112670898,26.430421829223633,1.0037384033203125,0.8322715759277344,9.064021110534668,31.75697135925293,ok,ok
rule_ms,123,block_03,Gear,3,shifted,1,1,0,110,2000,519,2000,0.2595,1.0,7.212119102478027,40.15293502807617,0.955744743347168,0.7030844688415527,7.546072483062744,57.10968780517578,ok,ok
rule_ms,2026,block_03,Gear,3,shifted,1,1,0,110,2000,64,2000,0.032,1.0,6.0245890617370605,36.64878845214844,1.1129045486450195,0.9166765213012695,5.413392543792725,39.980072021484375,ok,ok
rule_ms,3407,block_03,Gear,3,shifted,1,1,0,110,2000,1957,1998,0.9785,0.999,18.97821807861328,28.91864013671875,1.2160930633544922,0.8446950912475586,15.605892181396484,34.235591888427734,ok,ok
placebo_ms,7,block_03,Gear,3,shifted,1,1,0,110,2000,195,1998,0.0975,0.999,6.104241371154785,29.995647430419922,0.9572105407714844,0.9015884399414062,6.377114295959473,33.269771575927734,ok,ok
placebo_ms,42,block_03,Gear,3,shifted,1,1,0,110,2000,54,1996,0.027,0.998,4.4665913581848145,28.442594528198242,1.096771240234375,0.9426050186157227,4.07249116897583,30.174457550048828,ok,ok
placebo_ms,123,block_03,Gear,3,shifted,1,1,0,110,2000,93,2000,0.0465,1.0,3.417617082595825,44.23334884643555,0.8813776969909668,0.783416748046875,3.877584934234619,56.46208572387695,ok,ok
placebo_ms,2026,block_03,Gear,3,shifted,1,1,0,110,2000,137,2000,0.0685,1.0,5.8701910972595215,35.111812591552734,0.9564328193664551,0.6715867519378662,6.137588977813721,52.28187561035156,ok,ok
placebo_ms,3407,block_03,Gear,3,shifted,1,1,0,110,2000,1592,1998,0.796,0.999,15.640443801879883,32.97072982788086,1.068547248840332,0.8411645889282227,14.637110710144043,39.1965217590332,ok,ok
real_std,7,block_03,Gear,3,shifted,1,1,0,110,2000,0,777,0.0,0.3885,3.2930233478546143,9.406289100646973,1.6373662948608398,1.2412467002868652,2.0111708641052246,7.578098297119141,ok,ok
real_std,42,block_03,Gear,3,shifted,1,1,0,110,2000,0,1787,0.0,0.8935,-1.501241683959961,12.279542922973633,1.5257220268249512,1.080963373184204,-0.9839549660682678,11.359813690185547,ok,ok
real_std,123,block_03,Gear,3,shifted,1,1,0,110,2000,0,1870,0.0,0.935,2.163729190826416,14.773506164550781,1.0262856483459473,0.8515138626098633,2.1083104610443115,17.349695205688477,ok,ok
real_std,2026,block_03,Gear,3,shifted,1,1,0,110,2000,0,241,0.0,0.1205,-3.711430311203003,4.683656215667725,1.9834418296813965,1.2508182525634766,-1.8712072372436523,3.744473695755005,ok,ok
real_std,3407,block_03,Gear,3,shifted,1,1,0,110,2000,0,1493,0.0,0.7465,2.949415922164917,12.128073692321777,1.4964051246643066,1.0478458404541016,1.9710012674331665,11.574292182922363,ok,ok
rule_std,7,block_03,Gear,3,shifted,1,1,0,110,2000,766,2000,0.383,1.0,11.365002632141113,40.983673095703125,1.181675910949707,1.0359020233154297,9.617698669433594,39.56327438354492,ok,ok
rule_std,42,block_03,Gear,3,shifted,1,1,0,110,2000,15,1964,0.0075,0.982,2.1782734394073486,23.697118759155273,1.1422834396362305,0.9765458106994629,1.9069465398788452,24.266265869140625,ok,ok
rule_std,123,block_03,Gear,3,shifted,1,1,0,110,2000,626,2000,0.313,1.0,9.949435234069824,56.14745330810547,1.2401223182678223,0.9976696968078613,8.02294635772705,56.278594970703125,ok,ok
rule_std,2026,block_03,Gear,3,shifted,1,1,0,110,2000,194,1998,0.097,0.999,7.923256874084473,27.780044555664062,0.8580408096313477,0.7351598739624023,9.234126091003418,37.787757873535156,ok,ok
rule_std,3407,block_03,Gear,3,shifted,1,1,0,110,2000,1525,2000,0.7625,1.0,16.758777618408203,30.64076805114746,1.325347900390625,1.1839475631713867,12.644814491271973,25.880172729492188,ok,ok
placebo_std,7,block_03,Gear,3,shifted,1,1,0,110,2000,402,2000,0.201,1.0,8.551663398742676,39.132354736328125,1.078871250152588,0.9658546447753906,7.9264912605285645,40.51578140258789,ok,ok
placebo_std,42,block_03,Gear,3,shifted,1,1,0,110,2000,9,1996,0.0045,0.998,0.9001166224479675,34.90571975708008,1.1275620460510254,0.9466109275817871,0.7982856631278992,36.87440872192383,ok,ok
placebo_std,123,block_03,Gear,3,shifted,1,1,0,110,2000,555,2000,0.2775,1.0,9.016290664672852,70.20159149169922,1.1350078582763672,0.9923262596130371,7.943813323974609,70.74446105957031,ok,ok
placebo_std,2026,block_03,Gear,3,shifted,1,1,0,110,2000,1638,1998,0.819,0.999,16.136127471923828,38.30698776245117,1.2206096649169922,0.9491934776306152,13.2197265625,40.35740661621094,ok,ok
placebo_std,3407,block_03,Gear,3,shifted,1,1,0,110,2000,1323,1999,0.6615,0.9995,11.360785484313965,30.65042495727539,1.3090081214904785,0.9938716888427734,8.678926467895508,30.839418411254883,ok,ok
real_ms,7,block_03,Gear,3,shifted,1,1,1,111,2000,1,1634,0.0005,0.817,5.578339099884033,10.598339080810547,1.3007607460021973,1.078542709350586,4.288519859313965,9.826536178588867,ok,ok
real_ms,42,block_03,Gear,3,shifted,1,1,1,111,2000,0,69,0.0,0.0345,-1.0554248094558716,4.073264122009277,1.6529512405395508,1.3246212005615234,-0.6385092735290527,3.075040817260742,ok,ok
real_ms,123,block_03,Gear,3,shifted,1,1,1,111,2000,0,1906,0.0,0.953,1.4345248937606812,13.922064781188965,0.9492621421813965,0.7362182140350342,1.511199951171875,18.910242080688477,ok,ok
real_ms,2026,block_03,Gear,3,shifted,1,1,1,111,2000,0,971,0.0,0.4855,-0.6806919574737549,7.745345115661621,1.2528009414672852,0.785686731338501,-0.5433360934257507,9.858057975769043,ok,ok
real_ms,3407,block_03,Gear,3,shifted,1,1,1,111,2000,0,1771,0.0,0.8855,1.5697261095046997,10.506386756896973,1.0351133346557617,0.9396266937255859,1.5164774656295776,11.18144702911377,ok,ok
rule_ms,7,block_03,Gear,3,shifted,1,1,1,111,2000,6,2000,0.003,1.0,1.0763779878616333,38.70471954345703,1.0093250274658203,0.880279541015625,1.066433310508728,43.96867370605469,ok,ok
rule_ms,42,block_03,Gear,3,shifted,1,1,1,111,2000,202,1993,0.101,0.9965,8.113853454589844,27.26156234741211,1.0037384033203125,0.8322715759277344,8.083632469177246,32.75560760498047,ok,ok
rule_ms,123,block_03,Gear,3,shifted,1,1,1,111,2000,92,2000,0.046,1.0,4.486827373504639,42.544281005859375,0.955744743347168,0.7030844688415527,4.694586753845215,60.51090621948242,ok,ok
rule_ms,2026,block_03,Gear,3,shifted,1,1,1,111,2000,24,2000,0.012,1.0,4.5493693351745605,37.51530456542969,1.1129045486450195,0.9166765213012695,4.087833881378174,40.925350189208984,ok,ok
rule_ms,3407,block_03,Gear,3,shifted,1,1,1,111,2000,1847,1999,0.9235,0.9995,16.30159568786621,28.389400482177734,1.2160930633544922,0.8446950912475586,13.404891967773438,33.60905075073242,ok,ok
placebo_ms,7,block_03,Gear,3,shifted,1,1,1,111,2000,127,1999,0.0635,0.9995,5.605388641357422,28.900035858154297,0.9572105407714844,0.9015884399414062,5.85596227645874,32.0545768737793,ok,ok
placebo_ms,42,block_03,Gear,3,shifted,1,1,1,111,2000,16,1999,0.008,0.9995,3.546773910522461,29.33713722229004,1.096771240234375,0.9426050186157227,3.2338318824768066,31.12346839904785,ok,ok
placebo_ms,123,block_03,Gear,3,shifted,1,1,1,111,2000,5,2000,0.0025,1.0,0.14242136478424072,48.30006790161133,0.8813776969909668,0.783416748046875,0.16158950328826904,61.65309524536133,ok,ok
placebo_ms,2026,block_03,Gear,3,shifted,1,1,1,111,2000,27,2000,0.0135,1.0,4.348545551300049,35.98583221435547,0.9564328193664551,0.6715867519378662,4.546628952026367,53.58329772949219,ok,ok
placebo_ms,3407,block_03,Gear,3,shifted,1,1,1,111,2000,1129,2000,0.5645,1.0,12.955875396728516,33.95323181152344,1.068547248840332,0.8411645889282227,12.124756813049316,40.36455535888672,ok,ok
real_std,7,block_03,Gear,3,shifted,1,1,1,111,2000,0,539,0.0,0.2695,3.292297840118408,7.96906042098999,1.6373662948608398,1.2412467002868652,2.010727882385254,6.420206546783447,ok,ok
real_std,42,block_03,Gear,3,shifted,1,1,1,111,2000,0,1744,0.0,0.872,-1.1234967708587646,11.564644813537598,1.5257220268249512,1.080963373184204,-0.7363706231117249,10.698460578918457,ok,ok
real_std,123,block_03,Gear,3,shifted,1,1,1,111,2000,0,1818,0.0,0.909,2.3252673149108887,13.670626640319824,1.0262856483459473,0.8515138626098633,2.265711784362793,16.05449867248535,ok,ok
real_std,2026,block_03,Gear,3,shifted,1,1,1,111,2000,0,183,0.0,0.0915,-4.150757789611816,4.74688196182251,1.9834418296813965,1.2508182525634766,-2.0927045345306396,3.7950210571289062,ok,ok
real_std,3407,block_03,Gear,3,shifted,1,1,1,111,2000,1,1527,0.0005,0.7635,3.6866893768310547,12.22162914276123,1.4964051246643066,1.0478458404541016,2.4636971950531006,11.663576126098633,ok,ok
rule_std,7,block_03,Gear,3,shifted,1,1,1,111,2000,407,2000,0.2035,1.0,9.635313987731934,39.23503875732422,1.181675910949707,1.0359020233154297,8.153939247131348,37.875247955322266,ok,ok
rule_std,42,block_03,Gear,3,shifted,1,1,1,111,2000,3,1987,0.0015,0.9935,1.049453616142273,25.910614013671875,1.1422834396362305,0.9765458106994629,0.9187330603599548,26.53292465209961,ok,ok
rule_std,123,block_03,Gear,3,shifted,1,1,1,111,2000,67,2000,0.0335,1.0,5.769131660461426,58.757415771484375,1.2401223182678223,0.9976696968078613,4.652066230773926,58.894657135009766,ok,ok
rule_std,2026,block_03,Gear,3,shifted,1,1,1,111,2000,82,1999,0.041,0.9995,6.751805782318115,28.697668075561523,0.8580408096313477,0.7351598739624023,7.868863105773926,39.03595733642578,ok,ok
rule_std,3407,block_03,Gear,3,shifted,1,1,1,111,2000,1094,2000,0.547,1.0,14.304524421691895,30.49319839477539,1.325347900390625,1.1839475631713867,10.793034553527832,25.75553321838379,ok,ok
placebo_std,7,block_03,Gear,3,shifted,1,1,1,111,2000,153,2000,0.0765,1.0,6.967554569244385,38.89085006713867,1.078871250152588,0.9658546447753906,6.458189487457275,40.265743255615234,ok,ok
placebo_std,42,block_03,Gear,3,shifted,1,1,1,111,2000,3,1998,0.0015,0.999,-0.5108959674835205,36.49583435058594,1.1275620460510254,0.9466109275817871,-0.4530979096889496,38.55420684814453,ok,ok
placebo_std,123,block_03,Gear,3,shifted,1,1,1,111,2000,111,2000,0.0555,1.0,5.105918884277344,70.2518539428711,1.1350078582763672,0.9923262596130371,4.4985761642456055,70.79511260986328,ok,ok
placebo_std,2026,block_03,Gear,3,shifted,1,1,1,111,2000,1349,2000,0.6745,1.0,14.202786445617676,38.343448638916016,1.2206096649169922,0.9491934776306152,11.63581371307373,40.39582061767578,ok,ok
placebo_std,3407,block_03,Gear,3,shifted,1,1,1,111,2000,691,2000,0.3455,1.0,8.557226181030273,31.065593719482422,1.3090081214904785,0.9938716888427734,6.53718376159668,31.25714683532715,ok,ok
real_ms,7,block_03,RPM,4,canonical,0,0,0,000,2000,1,260,0.0005,0.13,1.8173741102218628,4.021076679229736,1.3121037483215332,1.078542709350586,1.3850842714309692,3.728250026702881,ok,ok
real_ms,42,block_03,RPM,4,canonical,0,0,0,000,2000,0,0,0.0,0.0,-3.180706024169922,-0.5654230713844299,1.5370111465454102,1.3246212005615234,-2.0694096088409424,-0.4268564283847809,ok,ok
real_ms,123,block_03,RPM,4,canonical,0,0,0,000,2000,0,4,0.0,0.002,-1.3728513717651367,0.4699595272541046,0.8871946334838867,0.7362182140350342,-1.5474072694778442,0.6383427977561951,ok,ok
real_ms,2026,block_03,RPM,4,canonical,0,0,0,000,2000,0,3,0.0,0.0015,-1.8639580011367798,0.8131461143493652,1.271684169769287,0.785686731338501,-1.4657398462295532,1.0349494218826294,ok,ok
real_ms,3407,block_03,RPM,4,canonical,0,0,0,000,2000,0,0,0.0,0.0,-2.9950430393218994,-0.9612426161766052,0.8923029899597168,0.9396266937255859,-3.3565313816070557,-1.0230047702789307,ok,ok
rule_ms,7,block_03,RPM,4,canonical,0,0,0,000,2000,2000,2000,1.0,1.0,36.88789749145508,64.65036010742188,0.7962632179260254,0.880279541015625,46.32625961303711,73.44298553466797,ok,ok
rule_ms,42,block_03,RPM,4,canonical,0,0,0,000,2000,2000,2000,1.0,1.0,35.12766647338867,69.84198760986328,0.8306293487548828,0.8322715759277344,42.29042053222656,83.91729736328125,ok,ok
rule_ms,123,block_03,RPM,4,canonical,0,0,0,000,2000,2000,2000,1.0,1.0,34.29621505737305,57.742618560791016,0.8253235816955566,0.7030844688415527,41.554866790771484,82.12757110595703,ok,ok
rule_ms,2026,block_03,RPM,4,canonical,0,0,0,000,2000,2000,2000,1.0,1.0,35.76075744628906,66.71736907958984,0.9418606758117676,0.9166765213012695,37.96820068359375,72.78179931640625,ok,ok
rule_ms,3407,block_03,RPM,4,canonical,0,0,0,000,2000,2000,2000,1.0,1.0,43.166481018066406,71.81035614013672,0.830599308013916,0.8446950912475586,51.97027587890625,85.01335906982422,ok,ok
placebo_ms,7,block_03,RPM,4,canonical,0,0,0,000,2000,2000,2000,1.0,1.0,34.86837387084961,64.5402603149414,0.8460574150085449,0.9015884399414062,41.212772369384766,71.58504486083984,ok,ok
placebo_ms,42,block_03,RPM,4,canonical,0,0,0,000,2000,2000,2000,1.0,1.0,31.54546546936035,58.883304595947266,0.9879622459411621,0.9426050186157227,31.929828643798828,62.468692779541016,ok,ok
placebo_ms,123,block_03,RPM,4,canonical,0,0,0,000,2000,2000,2000,1.0,1.0,34.62529754638672,58.35832214355469,0.8863840103149414,0.783416748046875,39.06353759765625,74.49205017089844,ok,ok
placebo_ms,2026,block_03,RPM,4,canonical,0,0,0,000,2000,2000,2000,1.0,1.0,33.75587463378906,58.10910415649414,0.8695893287658691,0.6715867519378662,38.818180084228516,86.52509307861328,ok,ok
placebo_ms,3407,block_03,RPM,4,canonical,0,0,0,000,2000,2000,2000,1.0,1.0,40.89891815185547,78.95149230957031,0.9436793327331543,0.8411645889282227,43.339847564697266,93.85974884033203,ok,ok
real_std,7,block_03,RPM,4,canonical,0,0,0,000,2000,0,14,0.0,0.007,-2.4281091690063477,1.8227113485336304,1.6713500022888184,1.2412467002868652,-1.452783226966858,1.468451976776123,ok,ok
real_std,42,block_03,RPM,4,canonical,0,0,0,000,2000,0,9,0.0,0.0045,-3.6249096393585205,-0.2256384640932083,1.5301647186279297,1.080963373184204,-2.368967294692993,-0.208738312125206,ok,ok
real_std,123,block_03,RPM,4,canonical,0,0,0,000,2000,0,0,0.0,0.0,-1.3856890201568604,-0.01744038425385952,0.9335503578186035,0.8515138626098633,-1.4843217134475708,-0.020481619983911514,ok,ok
real_std,2026,block_03,RPM,4,canonical,0,0,0,000,2000,0,0,0.0,0.0,-4.180064678192139,0.6827822327613831,1.7724595069885254,1.2508182525634766,-2.3583414554595947,0.545868456363678,ok,ok
real_std,3407,block_03,RPM,4,canonical,0,0,0,000,2000,0,0,0.0,0.0,-2.712228536605835,-0.8633752465248108,1.170154094696045,1.0478458404541016,-2.3178389072418213,-0.8239526152610779,ok,ok
rule_std,7,block_03,RPM,4,canonical,0,0,0,000,2000,2000,2000,1.0,1.0,39.64274215698242,79.30854797363281,0.9363298416137695,1.0359020233154297,42.338436126708984,76.55989074707031,ok,ok
rule_std,42,block_03,RPM,4,canonical,0,0,0,000,2000,2000,2000,1.0,1.0,35.595829010009766,67.9535140991211,1.0167431831359863,0.9765458106994629,35.0096549987793,69.58558654785156,ok,ok
rule_std,123,block_03,RPM,4,canonical,0,0,0,000,2000,2000,2000,1.0,1.0,40.2647819519043,74.7223892211914,1.0347681045532227,0.9976696968078613,38.91189193725586,74.89691925048828,ok,ok
rule_std,2026,block_03,RPM,4,canonical,0,0,0,000,2000,2000,2000,1.0,1.0,38.02645492553711,62.3331413269043,0.7564268112182617,0.7351598739624023,50.27116012573242,84.78854370117188,ok,ok
rule_std,3407,block_03,RPM,4,canonical,0,0,0,000,2000,2000,2000,1.0,1.0,40.012908935546875,74.42796325683594,0.9960947036743164,1.1839475631713867,40.1697883605957,62.864234924316406,ok,ok
placebo_std,7,block_03,RPM,4,canonical,0,0,0,000,2000,2000,2000,1.0,1.0,37.97865295410156,67.60627746582031,0.9542317390441895,0.9658546447753906,39.80023956298828,69.99633026123047,ok,ok
placebo_std,42,block_03,RPM,4,canonical,0,0,0,000,2000,2000,2000,1.0,1.0,39.09081268310547,75.34452819824219,0.9161858558654785,0.9466109275817871,42.66689682006836,79.59398651123047,ok,ok
placebo_std,123,block_03,RPM,4,canonical,0,0,0,000,2000,2000,2000,1.0,1.0,37.733238220214844,77.46881103515625,1.123764991760254,0.9923262596130371,33.5775146484375,78.06788635253906,ok,ok
placebo_std,2026,block_03,RPM,4,canonical,0,0,0,000,2000,2000,2000,1.0,1.0,38.656883239746094,74.06838989257812,0.9965219497680664,0.9491934776306152,38.791805267333984,78.03297424316406,ok,ok
placebo_std,3407,block_03,RPM,4,canonical,0,0,0,000,2000,2000,2000,1.0,1.0,40.56907653808594,76.3655776977539,1.0763425827026367,0.9938716888427734,37.69160079956055,76.83645629882812,ok,ok
real_ms,7,block_03,RPM,4,canonical,0,0,1,001,2000,13,1278,0.0065,0.639,4.8113508224487305,9.201028823852539,1.3121037483215332,1.078542709350586,3.666898250579834,8.530982971191406,ok,ok
real_ms,42,block_03,RPM,4,canonical,0,0,1,001,2000,0,3,0.0,0.0015,-1.756052017211914,2.0206592082977295,1.5370111465454102,1.3246212005615234,-1.142511010169983,1.5254619121551514,ok,ok
real_ms,123,block_03,RPM,4,canonical,0,0,1,001,2000,2,13,0.001,0.0065,-0.390564888715744,1.1407355070114136,0.8871946334838867,0.7362182140350342,-0.44022461771965027,1.5494529008865356,ok,ok
real_ms,2026,block_03,RPM,4,canonical,0,0,1,001,2000,0,206,0.0,0.103,-0.7244120240211487,4.374525547027588,1.271684169769287,0.785686731338501,-0.5696477293968201,5.567773342132568,ok,ok
real_ms,3407,block_03,RPM,4,canonical,0,0,1,001,2000,0,22,0.0,0.011,-2.373415946960449,-0.2219170778989792,0.8923029899597168,0.9396266937255859,-2.659877061843872,-0.2361758053302765,ok,ok
rule_ms,7,block_03,RPM,4,canonical,0,0,1,001,2000,2000,2000,1.0,1.0,28.017444610595703,43.26413345336914,0.7962632179260254,0.880279541015625,35.186161041259766,49.148170471191406,ok,ok
rule_ms,42,block_03,RPM,4,canonical,0,0,1,001,2000,2000,2000,1.0,1.0,29.35448455810547,53.01637268066406,0.8306293487548828,0.8322715759277344,35.340049743652344,63.700809478759766,ok,ok
rule_ms,123,block_03,RPM,4,canonical,0,0,1,001,2000,2000,2000,1.0,1.0,28.17459487915039,43.679988861083984,0.8253235816955566,0.7030844688415527,34.137638092041016,62.12622833251953,ok,ok
rule_ms,2026,block_03,RPM,4,canonical,0,0,1,001,2000,2000,2000,1.0,1.0,27.921491622924805,47.054805755615234,0.9418606758117676,0.9166765213012695,29.645034790039062,51.331966400146484,ok,ok
rule_ms,3407,block_03,RPM,4,canonical,0,0,1,001,2000,2000,2000,1.0,1.0,32.937808990478516,61.53208541870117,0.830599308013916,0.8446950912475586,39.65547180175781,72.84532165527344,ok,ok
placebo_ms,7,block_03,RPM,4,canonical,0,0,1,001,2000,2000,2000,1.0,1.0,26.397655487060547,46.601139068603516,0.8460574150085449,0.9015884399414062,31.200786590576172,51.68782043457031,ok,ok
placebo_ms,42,block_03,RPM,4,canonical,0,0,1,001,2000,2000,2000,1.0,1.0,26.326202392578125,48.03432083129883,0.9879622459411621,0.9426050186157227,26.646974563598633,50.95912551879883,ok,ok
placebo_ms,123,block_03,RPM,4,canonical,0,0,1,001,2000,2000,2000,1.0,1.0,25.222068786621094,43.00017166137695,0.8863840103149414,0.783416748046875,28.455013275146484,54.88799285888672,ok,ok
placebo_ms,2026,block_03,RPM,4,canonical,0,0,1,001,2000,2000,2000,1.0,1.0,24.19247055053711,44.385643005371094,0.8695893287658691,0.6715867519378662,27.82056999206543,66.0907211303711,ok,ok
placebo_ms,3407,block_03,RPM,4,canonical,0,0,1,001,2000,2000,2000,1.0,1.0,29.405929565429688,54.083133697509766,0.9436793327331543,0.8411645889282227,31.160934448242188,64.29554748535156,ok,ok
real_std,7,block_03,RPM,4,canonical,0,0,1,001,2000,0,92,0.0,0.046,-0.6997972130775452,3.7436673641204834,1.6713500022888184,1.2412467002868652,-0.41870182752609253,3.016054153442383,ok,ok
real_std,42,block_03,RPM,4,canonical,0,0,1,001,2000,0,149,0.0,0.0745,-2.3720991611480713,2.538719654083252,1.5301647186279297,1.080963373184204,-1.5502249002456665,2.34857177734375,ok,ok
real_std,123,block_03,RPM,4,canonical,0,0,1,001,2000,0,2,0.0,0.001,-0.2701960504055023,1.0296868085861206,0.9335503578186035,0.8515138626098633,-0.2894284725189209,1.2092424631118774,ok,ok
real_std,2026,block_03,RPM,4,canonical,0,0,1,001,2000,0,20,0.0,0.01,-5.635744094848633,1.9671671390533447,1.7724595069885254,1.2508182525634766,-3.1796176433563232,1.5727040767669678,ok,ok
real_std,3407,block_03,RPM,4,canonical,0,0,1,001,2000,0,15,0.0,0.0075,-2.6968278884887695,0.07018212974071503,1.170154094696045,1.0478458404541016,-2.304677724838257,0.06697752326726913,ok,ok
rule_std,7,block_03,RPM,4,canonical,0,0,1,001,2000,2000,2000,1.0,1.0,32.05014419555664,55.20323944091797,0.9363298416137695,1.0359020233154297,34.22954559326172,53.29001998901367,ok,ok
rule_std,42,block_03,RPM,4,canonical,0,0,1,001,2000,2000,2000,1.0,1.0,27.686594009399414,47.230804443359375,1.0167431831359863,0.9765458106994629,27.230663299560547,48.36517333984375,ok,ok
rule_std,123,block_03,RPM,4,canonical,0,0,1,001,2000,2000,2000,1.0,1.0,28.069183349609375,52.64570236206055,1.0347681045532227,0.9976696968078613,27.126062393188477,52.76866912841797,ok,ok
rule_std,2026,block_03,RPM,4,canonical,0,0,1,001,2000,2000,2000,1.0,1.0,28.56676483154297,51.76178741455078,0.7564268112182617,0.7351598739624023,37.76540756225586,70.40888977050781,ok,ok
rule_std,3407,block_03,RPM,4,canonical,0,0,1,001,2000,2000,2000,1.0,1.0,31.50115966796875,53.68859100341797,0.9960947036743164,1.1839475631713867,31.624664306640625,45.347103118896484,ok,ok
placebo_std,7,block_03,RPM,4,canonical,0,0,1,001,2000,2000,2000,1.0,1.0,26.953235626220703,47.18332290649414,0.9542317390441895,0.9658546447753906,28.24600601196289,48.85136795043945,ok,ok
placebo_std,42,block_03,RPM,4,canonical,0,0,1,001,2000,2000,2000,1.0,1.0,31.693593978881836,54.570770263671875,0.9161858558654785,0.9466109275817871,34.59297180175781,57.6485710144043,ok,ok
placebo_std,123,block_03,RPM,4,canonical,0,0,1,001,2000,2000,2000,1.0,1.0,28.96360206604004,71.22074890136719,1.123764991760254,0.9923262596130371,25.773717880249023,71.77149963378906,ok,ok
placebo_std,2026,block_03,RPM,4,canonical,0,0,1,001,2000,2000,2000,1.0,1.0,31.321319580078125,60.4212760925293,0.9965219497680664,0.9491934776306152,31.43063735961914,63.65538787841797,ok,ok
placebo_std,3407,block_03,RPM,4,canonical,0,0,1,001,2000,2000,2000,1.0,1.0,33.286720275878906,58.03578186035156,1.0763425827026367,0.9938716888427734,30.92576789855957,58.39363098144531,ok,ok
real_ms,7,block_03,RPM,4,canonical,0,1,0,010,2000,1,146,0.0005,0.073,3.0668437480926514,3.4550440311431885,1.3121037483215332,1.078542709350586,2.337348699569702,3.203437328338623,ok,ok
real_ms,42,block_03,RPM,4,canonical,0,1,0,010,2000,0,0,0.0,0.0,-2.1975433826446533,-0.6475685834884644,1.5370111465454102,1.3246212005615234,-1.4297512769699097,-0.4888708293437958,ok,ok
real_ms,123,block_03,RPM,4,canonical,0,1,0,010,2000,0,2,0.0,0.001,-1.1468226909637451,0.09455259144306183,0.8871946334838867,0.7362182140350342,-1.2926393747329712,0.12843011319637299,ok,ok
real_ms,2026,block_03,RPM,4,canonical,0,1,0,010,2000,0,0,0.0,0.0,-1.5765527486801147,0.17719623446464539,1.271684169769287,0.785686731338501,-1.2397359609603882,0.22553037106990814,ok,ok
real_ms,3407,block_03,RPM,4,canonical,0,1,0,010,2000,0,6,0.0,0.003,-2.2200584411621094,-0.6172522902488708,0.8923029899597168,0.9396266937255859,-2.488009452819824,-0.6569122672080994,ok,ok
rule_ms,7,block_03,RPM,4,canonical,0,1,0,010,2000,2000,2000,1.0,1.0,42.754512786865234,78.48340606689453,0.7962632179260254,0.880279541015625,53.693946838378906,89.1573715209961,ok,ok
rule_ms,42,block_03,RPM,4,canonical,0,1,0,010,2000,2000,2000,1.0,1.0,40.52497482299805,90.36592102050781,0.8306293487548828,0.8322715759277344,48.78827667236328,108.57743835449219,ok,ok
rule_ms,123,block_03,RPM,4,canonical,0,1,0,010,2000,2000,2000,1.0,1.0,39.76331329345703,74.78694152832031,0.8253235816955566,0.7030844688415527,48.179054260253906,106.36978912353516,ok,ok
rule_ms,2026,block_03,RPM,4,canonical,0,1,0,010,2000,2000,2000,1.0,1.0,39.12416458129883,79.3945083618164,0.9418606758117676,0.9166765213012695,41.539222717285156,86.61125946044922,ok,ok
rule_ms,3407,block_03,RPM,4,canonical,0,1,0,010,2000,2000,2000,1.0,1.0,49.417747497558594,89.54682922363281,0.830599308013916,0.8446950912475586,59.496490478515625,106.01082611083984,ok,ok
placebo_ms,7,block_03,RPM,4,canonical,0,1,0,010,2000,2000,2000,1.0,1.0,40.1941032409668,77.87635803222656,0.8460574150085449,0.9015884399414062,47.507530212402344,86.37683868408203,ok,ok
placebo_ms,42,block_03,RPM,4,canonical,0,1,0,010,2000,2000,2000,1.0,1.0,38.2162971496582,79.26750183105469,0.9879622459411621,0.9426050186157227,38.68194580078125,84.09408569335938,ok,ok
placebo_ms,123,block_03,RPM,4,canonical,0,1,0,010,2000,2000,2000,1.0,1.0,40.79475402832031,73.6726303100586,0.8863840103149414,0.783416748046875,46.02379608154297,94.04015350341797,ok,ok
placebo_ms,2026,block_03,RPM,4,canonical,0,1,0,010,2000,2000,2000,1.0,1.0,38.99295425415039,73.1782455444336,0.8695893287658691,0.6715867519378662,44.84065246582031,108.96320343017578,ok,ok
placebo_ms,3407,block_03,RPM,4,canonical,0,1,0,010,2000,2000,2000,1.0,1.0,44.571807861328125,94.8434066772461,0.9436793327331543,0.8411645889282227,47.2319450378418,112.75250244140625,ok,ok
real_std,7,block_03,RPM,4,canonical,0,1,0,010,2000,0,48,0.0,0.024,0.10824026167392731,2.827577590942383,1.6713500022888184,1.2412467002868652,0.0647621676325798,2.2780141830444336,ok,ok
real_std,42,block_03,RPM,4,canonical,0,1,0,010,2000,0,3,0.0,0.0015,-3.112555742263794,-0.41230928897857666,1.5301647186279297,1.080963373184204,-2.0341310501098633,-0.3814276158809662,ok,ok
real_std,123,block_03,RPM,4,canonical,0,1,0,010,2000,0,0,0.0,0.0,-1.0341711044311523,-0.15845687687397003,0.9335503578186035,0.8515138626098633,-1.1077829599380493,-0.1860884428024292,ok,ok
real_std,2026,block_03,RPM,4,canonical,0,1,0,010,2000,0,0,0.0,0.0,-3.4628658294677734,0.4962571859359741,1.7724595069885254,1.2508182525634766,-1.9537065029144287,0.39674603939056396,ok,ok
real_std,3407,block_03,RPM,4,canonical,0,1,0,010,2000,0,3,0.0,0.0015,-1.1752958297729492,-0.18172338604927063,1.170154094696045,1.0478458404541016,-1.0043940544128418,-0.17342568933963776,ok,ok
rule_std,7,block_03,RPM,4,canonical,0,1,0,010,2000,2000,2000,1.0,1.0,45.46935272216797,94.1651840209961,0.9363298416137695,1.0359020233154297,48.561248779296875,90.90164184570312,ok,ok
rule_std,42,block_03,RPM,4,canonical,0,1,0,010,2000,2000,2000,1.0,1.0,40.67268753051758,82.79985046386719,1.0167431831359863,0.9765458106994629,40.00291442871094,84.78849792480469,ok,ok
rule_std,123,block_03,RPM,4,canonical,0,1,0,010,2000,2000,2000,1.0,1.0,47.76892852783203,95.12511444091797,1.0347681045532227,0.9976696968078613,46.16389846801758,95.3473129272461,ok,ok
rule_std,2026,block_03,RPM,4,canonical,0,1,0,010,2000,2000,2000,1.0,1.0,41.82876968383789,75.35893249511719,0.7564268112182617,0.7351598739624023,55.29784393310547,102.50685119628906,ok,ok
rule_std,3407,block_03,RPM,4,canonical,0,1,0,010,2000,2000,2000,1.0,1.0,46.776092529296875,93.86785125732422,0.9960947036743164,1.1839475631713867,46.9594841003418,79.28378295898438,ok,ok
placebo_std,7,block_03,RPM,4,canonical,0,1,0,010,2000,2000,2000,1.0,1.0,45.620906829833984,86.29177856445312,0.9542317390441895,0.9658546447753906,47.80904006958008,89.34241485595703,ok,ok
placebo_std,42,block_03,RPM,4,canonical,0,1,0,010,2000,2000,2000,1.0,1.0,46.53913879394531,93.1646499633789,0.9161858558654785,0.9466109275817871,50.79661560058594,98.41915893554688,ok,ok
placebo_std,123,block_03,RPM,4,canonical,0,1,0,010,2000,2000,2000,1.0,1.0,44.991241455078125,99.5216064453125,1.123764991760254,0.9923262596130371,40.03616714477539,100.29122161865234,ok,ok
placebo_std,2026,block_03,RPM,4,canonical,0,1,0,010,2000,2000,2000,1.0,1.0,47.60679626464844,96.4478530883789,0.9965219497680664,0.9491934776306152,47.772953033447266,101.61032104492188,ok,ok
placebo_std,3407,block_03,RPM,4,canonical,0,1,0,010,2000,2000,2000,1.0,1.0,46.54066467285156,95.87898254394531,1.0763425827026367,0.9938716888427734,43.23963928222656,96.47018432617188,ok,ok
real_ms,7,block_03,RPM,4,canonical,0,1,1,011,2000,1,669,0.0005,0.3345,4.602121353149414,6.487082004547119,1.3121037483215332,1.078542709350586,3.507437229156494,6.014672756195068,ok,ok
real_ms,42,block_03,RPM,4,canonical,0,1,1,011,2000,0,3,0.0,0.0015,-2.656461000442505,1.13129723072052,1.5370111465454102,1.3246212005615234,-1.728329062461853,0.8540534377098083,ok,ok
real_ms,123,block_03,RPM,4,canonical,0,1,1,011,2000,2,31,0.001,0.0155,0.007292545400559902,1.531795859336853,0.8871946334838867,0.7362182140350342,0.00821977574378252,2.080627679824829,ok,ok
real_ms,2026,block_03,RPM,4,canonical,0,1,1,011,2000,0,12,0.0,0.006,-4.301241397857666,1.1542437076568604,1.271684169769287,0.785686731338501,-3.3823182582855225,1.4690889120101929,ok,ok
real_ms,3407,block_03,RPM,4,canonical,0,1,1,011,2000,0,74,0.0,0.037,-0.8301499485969543,1.2418670654296875,0.8923029899597168,0.9396266937255859,-0.930345356464386,1.3216601610183716,ok,ok
rule_ms,7,block_03,RPM,4,canonical,0,1,1,011,2000,2000,2000,1.0,1.0,38.007232666015625,70.0321044921875,0.7962632179260254,0.880279541015625,47.731998443603516,79.5566635131836,ok,ok
rule_ms,42,block_03,RPM,4,canonical,0,1,1,011,2000,2000,2000,1.0,1.0,38.8182258605957,93.39888000488281,0.8306293487548828,0.8322715759277344,46.7335090637207,112.22164154052734,ok,ok
rule_ms,123,block_03,RPM,4,canonical,0,1,1,011,2000,2000,2000,1.0,1.0,37.177791595458984,74.28030395507812,0.8253235816955566,0.7030844688415527,45.04632568359375,105.64918518066406,ok,ok
rule_ms,2026,block_03,RPM,4,canonical,0,1,1,011,2000,2000,2000,1.0,1.0,34.377445220947266,71.9688720703125,0.9418606758117676,0.9166765213012695,36.4995002746582,78.51066589355469,ok,ok
rule_ms,3407,block_03,RPM,4,canonical,0,1,1,011,2000,2000,2000,1.0,1.0,46.06155776977539,89.809814453125,0.830599308013916,0.8446950912475586,55.455814361572266,106.32217407226562,ok,ok
placebo_ms,7,block_03,RPM,4,canonical,0,1,1,011,2000,2000,2000,1.0,1.0,36.76953125,75.55873107910156,0.8460574150085449,0.9015884399414062,43.4598503112793,83.80623626708984,ok,ok
placebo_ms,42,block_03,RPM,4,canonical,0,1,1,011,2000,2000,2000,1.0,1.0,37.00566101074219,82.29084014892578,0.9879622459411621,0.9426050186157227,37.4565544128418,87.301513671875,ok,ok
placebo_ms,123,block_03,RPM,4,canonical,0,1,1,011,2000,2000,2000,1.0,1.0,33.03184509277344,67.29888916015625,0.8863840103149414,0.783416748046875,37.26584243774414,85.90432739257812,ok,ok
placebo_ms,2026,block_03,RPM,4,canonical,0,1,1,011,2000,2000,2000,1.0,1.0,32.856788635253906,69.95425415039062,0.8695893287658691,0.6715867519378662,37.78426742553711,104.16265869140625,ok,ok
placebo_ms,3407,block_03,RPM,4,canonical,0,1,1,011,2000,2000,2000,1.0,1.0,37.22061538696289,85.07615661621094,0.9436793327331543,0.8411645889282227,39.4420166015625,101.14091491699219,ok,ok
real_std,7,block_03,RPM,4,canonical,0,1,1,011,2000,0,153,0.0,0.0765,0.5220198035240173,4.75445032119751,1.6713500022888184,1.2412467002868652,0.31233420968055725,3.830382823944092,ok,ok
real_std,42,block_03,RPM,4,canonical,0,1,1,011,2000,0,9,0.0,0.0045,-5.117786884307861,-0.5899446606636047,1.5301647186279297,1.080963373184204,-3.3445985317230225,-0.5457581877708435,ok,ok
real_std,123,block_03,RPM,4,canonical,0,1,1,011,2000,1,18,0.0005,0.009,0.5363926887512207,1.6657414436340332,0.9335503578186035,0.8515138626098633,0.5745728611946106,1.9562119245529175,ok,ok
real_std,2026,block_03,RPM,4,canonical,0,1,1,011,2000,0,26,0.0,0.013,-5.6019415855407715,1.7788249254226685,1.7724595069885254,1.2508182525634766,-3.1605465412139893,1.4221289157867432,ok,ok
real_std,3407,block_03,RPM,4,canonical,0,1,1,011,2000,1,69,0.0005,0.0345,-0.5074266791343689,2.189866304397583,1.170154094696045,1.0478458404541016,-0.4336409270763397,2.089874505996704,ok,ok
rule_std,7,block_03,RPM,4,canonical,0,1,1,011,2000,2000,2000,1.0,1.0,42.44456100463867,86.42190551757812,0.9363298416137695,1.0359020233154297,45.330780029296875,83.42671966552734,ok,ok
rule_std,42,block_03,RPM,4,canonical,0,1,1,011,2000,2000,2000,1.0,1.0,37.711265563964844,79.72642517089844,1.0167431831359863,0.9765458106994629,37.09025955200195,81.64125061035156,ok,ok
rule_std,123,block_03,RPM,4,canonical,0,1,1,011,2000,2000,2000,1.0,1.0,40.436981201171875,82.69984436035156,1.0347681045532227,0.9976696968078613,39.07830047607422,82.89299774169922,ok,ok
rule_std,2026,block_03,RPM,4,canonical,0,1,1,011,2000,2000,2000,1.0,1.0,38.219764709472656,76.24359130859375,0.7564268112182617,0.7351598739624023,50.52671813964844,103.71022033691406,ok,ok
rule_std,3407,block_03,RPM,4,canonical,0,1,1,011,2000,2000,2000,1.0,1.0,41.00653839111328,92.90991973876953,0.9960947036743164,1.1839475631713867,41.16730499267578,78.47469329833984,ok,ok
placebo_std,7,block_03,RPM,4,canonical,0,1,1,011,2000,2000,2000,1.0,1.0,40.13026428222656,84.42740631103516,0.9542317390441895,0.9658546447753906,42.055049896240234,87.412109375,ok,ok
placebo_std,42,block_03,RPM,4,canonical,0,1,1,011,2000,2000,2000,1.0,1.0,44.356414794921875,87.73129272460938,0.9161858558654785,0.9466109275817871,48.414207458496094,92.67935943603516,ok,ok
placebo_std,123,block_03,RPM,4,canonical,0,1,1,011,2000,2000,2000,1.0,1.0,39.8016357421875,103.6572494506836,1.123764991760254,0.9923262596130371,35.41811752319336,104.4588394165039,ok,ok
placebo_std,2026,block_03,RPM,4,canonical,0,1,1,011,2000,2000,2000,1.0,1.0,46.99901580810547,96.7660903930664,0.9965219497680664,0.9491934776306152,47.163055419921875,101.94559478759766,ok,ok
placebo_std,3407,block_03,RPM,4,canonical,0,1,1,011,2000,2000,2000,1.0,1.0,40.784759521484375,90.44634246826172,1.0763425827026367,0.9938716888427734,37.89198303222656,91.00404357910156,ok,ok
real_ms,7,block_03,RPM,4,canonical,1,0,0,100,2000,111,1750,0.0555,0.875,7.414614677429199,13.690418243408203,1.3121037483215332,1.078542709350586,5.650936603546143,12.693441390991211,ok,ok
real_ms,42,block_03,RPM,4,canonical,1,0,0,100,2000,49,364,0.0245,0.182,6.835573673248291,6.367558479309082,1.5370111465454102,1.3246212005615234,4.447315216064453,4.807079315185547,ok,ok
real_ms,123,block_03,RPM,4,canonical,1,0,0,100,2000,38,1879,0.019,0.9395,3.9722583293914795,16.147268295288086,0.8871946334838867,0.7362182140350342,4.477324485778809,21.93271827697754,ok,ok
real_ms,2026,block_03,RPM,4,canonical,1,0,0,100,2000,0,189,0.0,0.0945,3.0631444454193115,3.7783005237579346,1.271684169769287,0.785686731338501,2.4087305068969727,4.808915138244629,ok,ok
real_ms,3407,block_03,RPM,4,canonical,1,0,0,100,2000,65,1295,0.0325,0.6475,5.396590232849121,8.595876693725586,0.8923029899597168,0.9396266937255859,6.047934532165527,9.148183822631836,ok,ok
rule_ms,7,block_03,RPM,4,canonical,1,0,0,100,2000,30,1999,0.015,0.9995,2.676908254623413,31.850194931030273,0.7962632179260254,0.880279541015625,3.3618383407592773,36.181907653808594,ok,ok
rule_ms,42,block_03,RPM,4,canonical,1,0,0,100,2000,105,862,0.0525,0.431,7.48679780960083,9.672300338745117,0.8306293487548828,0.8322715759277344,9.01340389251709,11.621566772460938,ok,ok
rule_ms,123,block_03,RPM,4,canonical,1,0,0,100,2000,876,1916,0.438,0.958,9.06955623626709,18.44576644897461,0.8253235816955566,0.7030844688415527,10.989090919494629,26.235488891601562,ok,ok
rule_ms,2026,block_03,RPM,4,canonical,1,0,0,100,2000,81,1299,0.0405,0.6495,7.589353084564209,13.316058158874512,0.9418606758117676,0.9166765213012695,8.057829856872559,14.526453018188477,ok,ok
rule_ms,3407,block_03,RPM,4,canonical,1,0,0,100,2000,598,1713,0.299,0.8565,9.953848838806152,16.81420135498047,0.830599308013916,0.8446950912475586,11.983936309814453,19.9056453704834,ok,ok
placebo_ms,7,block_03,RPM,4,canonical,1,0,0,100,2000,166,1979,0.083,0.9895,7.132791996002197,24.499086380004883,0.8460574150085449,0.9015884399414062,8.430624008178711,27.173246383666992,ok,ok
placebo_ms,42,block_03,RPM,4,canonical,1,0,0,100,2000,110,1317,0.055,0.6585,5.3889479637146,11.127127647399902,0.9879622459411621,0.9426050186157227,5.454608917236328,11.804655075073242,ok,ok
placebo_ms,123,block_03,RPM,4,canonical,1,0,0,100,2000,120,1933,0.06,0.9665,5.042734146118164,21.456750869750977,0.8863840103149414,0.783416748046875,5.689107418060303,27.38867950439453,ok,ok
placebo_ms,2026,block_03,RPM,4,canonical,1,0,0,100,2000,238,1921,0.119,0.9605,6.859634876251221,18.720245361328125,0.8695893287658691,0.6715867519378662,7.88836145401001,27.874649047851562,ok,ok
placebo_ms,3407,block_03,RPM,4,canonical,1,0,0,100,2000,78,1873,0.039,0.9365,5.208780765533447,22.13042449951172,0.9436793327331543,0.8411645889282227,5.519651412963867,26.309267044067383,ok,ok
real_std,7,block_03,RPM,4,canonical,1,0,0,100,2000,66,1050,0.033,0.525,8.561442375183105,11.529204368591309,1.6713500022888184,1.2412467002868652,5.122471332550049,9.288406372070312,ok,ok
real_std,42,block_03,RPM,4,canonical,1,0,0,100,2000,28,491,0.014,0.2455,4.325179576873779,4.204896450042725,1.5301647186279297,1.080963373184204,2.8266103267669678,3.8899526596069336,ok,ok
real_std,123,block_03,RPM,4,canonical,1,0,0,100,2000,101,1796,0.0505,0.898,6.031625747680664,15.262805938720703,0.9335503578186035,0.8515138626098633,6.460954189300537,17.92431640625,ok,ok
real_std,2026,block_03,RPM,4,canonical,1,0,0,100,2000,0,199,0.0,0.0995,0.04509184882044792,4.334710121154785,1.7724595069885254,1.2508182525634766,0.025440271943807602,3.4654994010925293,ok,ok
real_std,3407,block_03,RPM,4,canonical,1,0,0,100,2000,160,1183,0.08,0.5915,8.101607322692871,10.854416847229004,1.170154094696045,1.0478458404541016,6.923538684844971,10.35879135131836,ok,ok
rule_std,7,block_03,RPM,4,canonical,1,0,0,100,2000,171,1879,0.0855,0.9395,7.210934638977051,24.99335479736328,0.9363298416137695,1.0359020233154297,7.701275825500488,24.12714195251465,ok,ok
rule_std,42,block_03,RPM,4,canonical,1,0,0,100,2000,224,1540,0.112,0.77,6.095757961273193,13.552648544311523,1.0167431831359863,0.9765458106994629,5.995376110076904,13.878148078918457,ok,ok
rule_std,123,block_03,RPM,4,canonical,1,0,0,100,2000,551,1863,0.2755,0.9315,9.166475296020508,21.332475662231445,1.0347681045532227,0.9976696968078613,8.858482360839844,21.382307052612305,ok,ok
rule_std,2026,block_03,RPM,4,canonical,1,0,0,100,2000,330,1285,0.165,0.6425,8.915026664733887,11.826048851013184,0.7564268112182617,0.7351598739624023,11.785709381103516,16.086362838745117,ok,ok
rule_std,3407,block_03,RPM,4,canonical,1,0,0,100,2000,256,1792,0.128,0.896,9.360029220581055,21.847551345825195,0.9960947036743164,1.1839475631713867,9.396726608276367,18.453140258789062,ok,ok
placebo_std,7,block_03,RPM,4,canonical,1,0,0,100,2000,270,1941,0.135,0.9705,8.391318321228027,24.173723220825195,0.9542317390441895,0.9658546447753906,8.793794631958008,25.028324127197266,ok,ok
placebo_std,42,block_03,RPM,4,canonical,1,0,0,100,2000,91,1358,0.0455,0.679,5.246826171875,12.355518341064453,0.9161858558654785,0.9466109275817871,5.726814270019531,13.052372932434082,ok,ok
placebo_std,123,block_03,RPM,4,canonical,1,0,0,100,2000,40,1997,0.02,0.9985,1.3211833238601685,39.02779769897461,1.123764991760254,0.9923262596130371,1.175675868988037,39.32960510253906,ok,ok
placebo_std,2026,block_03,RPM,4,canonical,1,0,0,100,2000,416,1678,0.208,0.839,9.2401704788208,17.585750579833984,0.9965219497680664,0.9491934776306152,9.272420883178711,18.527042388916016,ok,ok
placebo_std,3407,block_03,RPM,4,canonical,1,0,0,100,2000,482,1762,0.241,0.881,9.071917533874512,16.383407592773438,1.0763425827026367,0.9938716888427734,8.428466796875,16.48443031311035,ok,ok
real_ms,7,block_03,RPM,4,canonical,1,0,1,101,2000,53,1999,0.0265,0.9995,5.769702911376953,24.079530715942383,1.3121037483215332,1.078542709350586,4.397292137145996,22.32598876953125,ok,ok
real_ms,42,block_03,RPM,4,canonical,1,0,1,101,2000,94,1903,0.047,0.9515,9.066943168640137,20.32361602783203,1.5370111465454102,1.3246212005615234,5.899074554443359,15.342965126037598,ok,ok
real_ms,123,block_03,RPM,4,canonical,1,0,1,101,2000,18,1998,0.009,0.999,4.250593662261963,23.377742767333984,0.8871946334838867,0.7362182140350342,4.791049957275391,31.75381851196289,ok,ok
real_ms,2026,block_03,RPM,4,canonical,1,0,1,101,2000,10,1868,0.005,0.934,4.871051788330078,11.675889015197754,1.271684169769287,0.785686731338501,3.8303945064544678,14.860742568969727,ok,ok
real_ms,3407,block_03,RPM,4,canonical,1,0,1,101,2000,27,2000,0.0135,1.0,3.82255482673645,22.70331573486328,0.8923029899597168,0.9396266937255859,4.2839202880859375,24.162057876586914,ok,ok
rule_ms,7,block_03,RPM,4,canonical,1,0,1,101,2000,0,2000,0.0,1.0,-3.8529651165008545,41.04916763305664,0.7962632179260254,0.880279541015625,-4.838808059692383,46.6319694519043,ok,ok
rule_ms,42,block_03,RPM,4,canonical,1,0,1,101,2000,2,1983,0.001,0.9915,4.903174877166748,20.010082244873047,0.8306293487548828,0.8322715759277344,5.902963638305664,24.04273223876953,ok,ok
rule_ms,123,block_03,RPM,4,canonical,1,0,1,101,2000,47,2000,0.0235,1.0,4.237471580505371,29.813159942626953,0.8253235816955566,0.7030844688415527,5.134315490722656,42.40338134765625,ok,ok
rule_ms,2026,block_03,RPM,4,canonical,1,0,1,101,2000,0,2000,0.0,1.0,3.489454984664917,33.8348503112793,0.9418606758117676,0.9166765213012695,3.70485258102417,36.91034698486328,ok,ok
rule_ms,3407,block_03,RPM,4,canonical,1,0,1,101,2000,45,2000,0.0225,1.0,6.505115032196045,27.659883499145508,0.830599308013916,0.8446950912475586,7.831833362579346,32.74540328979492,ok,ok
placebo_ms,7,block_03,RPM,4,canonical,1,0,1,101,2000,3,1999,0.0015,0.9995,3.6052608489990234,27.959941864013672,0.8460574150085449,0.9015884399414062,4.261248588562012,31.01186752319336,ok,ok
placebo_ms,42,block_03,RPM,4,canonical,1,0,1,101,2000,4,1998,0.002,0.999,2.7286031246185303,21.92229461669922,0.9879622459411621,0.9426050186157227,2.7618494033813477,23.257139205932617,ok,ok
placebo_ms,123,block_03,RPM,4,canonical,1,0,1,101,2000,0,2000,0.0,1.0,-2.7571005821228027,44.31400680541992,0.8863840103149414,0.783416748046875,-3.1105034351348877,56.56504821777344,ok,ok
placebo_ms,2026,block_03,RPM,4,canonical,1,0,1,101,2000,1,2000,0.0005,1.0,2.0020246505737305,33.47393035888672,0.8695893287658691,0.6715867519378662,2.30226469039917,49.843048095703125,ok,ok
placebo_ms,3407,block_03,RPM,4,canonical,1,0,1,101,2000,0,2000,0.0,1.0,1.040230631828308,35.88756561279297,0.9436793327331543,0.8411645889282227,1.102313756942749,42.664146423339844,ok,ok
real_std,7,block_03,RPM,4,canonical,1,0,1,101,2000,103,1990,0.0515,0.995,8.53577995300293,28.825485229492188,1.6713500022888184,1.2412467002868652,5.107117176055908,23.223011016845703,ok,ok
real_std,42,block_03,RPM,4,canonical,1,0,1,101,2000,88,1988,0.044,0.994,5.21425199508667,20.18126106262207,1.5301647186279297,1.080963373184204,3.4076411724090576,18.66969871520996,ok,ok
real_std,123,block_03,RPM,4,canonical,1,0,1,101,2000,71,1991,0.0355,0.9955,5.939474582672119,21.74729347229004,0.9335503578186035,0.8515138626098633,6.362244129180908,25.539562225341797,ok,ok
real_std,2026,block_03,RPM,4,canonical,1,0,1,101,2000,0,534,0.0,0.267,-0.1777847856283188,6.89570951461792,1.7724595069885254,1.2508182525634766,-0.1003040075302124,5.512958526611328,ok,ok
real_std,3407,block_03,RPM,4,canonical,1,0,1,101,2000,32,2000,0.016,1.0,5.456521511077881,26.86223030090332,1.170154094696045,1.0478458404541016,4.663079738616943,25.63566780090332,ok,ok
rule_std,7,block_03,RPM,4,canonical,1,0,1,101,2000,0,2000,0.0,1.0,1.8371734619140625,41.779579162597656,0.9363298416137695,1.0359020233154297,1.9621007442474365,40.33159255981445,ok,ok
rule_std,42,block_03,RPM,4,canonical,1,0,1,101,2000,2,1999,0.001,0.9995,2.089385986328125,26.478235244750977,1.0167431831359863,0.9765458106994629,2.054979085922241,27.11417579650879,ok,ok
rule_std,123,block_03,RPM,4,canonical,1,0,1,101,2000,4,2000,0.002,1.0,2.234854221343994,40.559288024902344,1.0347681045532227,0.9976696968078613,2.1597633361816406,40.65402603149414,ok,ok
rule_std,2026,block_03,RPM,4,canonical,1,0,1,101,2000,39,1998,0.0195,0.999,6.723319053649902,22.39841079711914,0.7564268112182617,0.7351598739624023,8.888261795043945,30.46739959716797,ok,ok
rule_std,3407,block_03,RPM,4,canonical,1,0,1,101,2000,15,2000,0.0075,1.0,5.666160583496094,34.32435989379883,0.9960947036743164,1.1839475631713867,5.688375473022461,28.991451263427734,ok,ok
placebo_std,7,block_03,RPM,4,canonical,1,0,1,101,2000,0,2000,0.0,1.0,1.800168514251709,31.729633331298828,0.9542317390441895,0.9658546447753906,1.8865106105804443,32.851356506347656,ok,ok
placebo_std,42,block_03,RPM,4,canonical,1,0,1,101,2000,1,2000,0.0005,1.0,1.4816875457763672,26.421131134033203,0.9161858558654785,0.9466109275817871,1.617234706878662,27.91128921508789,ok,ok
placebo_std,123,block_03,RPM,4,canonical,1,0,1,101,2000,0,2000,0.0,1.0,-9.453105926513672,65.1737289428711,1.123764991760254,0.9923262596130371,-8.411995887756348,65.67771911621094,ok,ok
placebo_std,2026,block_03,RPM,4,canonical,1,0,1,101,2000,30,2000,0.015,1.0,4.805381774902344,34.07181930541992,0.9965219497680664,0.9491934776306152,4.8221540451049805,35.895545959472656,ok,ok
placebo_std,3407,block_03,RPM,4,canonical,1,0,1,101,2000,35,2000,0.0175,1.0,5.235597610473633,30.13980484008789,1.0763425827026367,0.9938716888427734,4.864248752593994,30.32564926147461,ok,ok
real_ms,7,block_03,RPM,4,canonical,1,1,0,110,2000,183,1338,0.0915,0.669,9.080584526062012,9.907676696777344,1.3121037483215332,1.078542709350586,6.920630931854248,9.186169624328613,ok,ok
real_ms,42,block_03,RPM,4,canonical,1,1,0,110,2000,37,147,0.0185,0.0735,6.488816261291504,4.624727725982666,1.5370111465454102,1.3246212005615234,4.221710681915283,3.491358757019043,ok,ok
real_ms,123,block_03,RPM,4,canonical,1,1,0,110,2000,42,1727,0.021,0.8635,4.338672161102295,12.448702812194824,0.8871946334838867,0.7362182140350342,4.8903279304504395,16.908985137939453,ok,ok
real_ms,2026,block_03,RPM,4,canonical,1,1,0,110,2000,0,64,0.0,0.032,2.400847911834717,2.9086787700653076,1.271684169769287,0.785686731338501,1.887927770614624,3.702084541320801,ok,ok
real_ms,3407,block_03,RPM,4,canonical,1,1,0,110,2000,51,895,0.0255,0.4475,4.675307750701904,5.868856906890869,0.8923029899597168,0.9396266937255859,5.239596843719482,6.245945453643799,ok,ok
rule_ms,7,block_03,RPM,4,canonical,1,1,0,110,2000,73,1953,0.0365,0.9765,5.305891513824463,24.561195373535156,0.7962632179260254,0.880279541015625,6.663489818572998,27.901586532592773,ok,ok
rule_ms,42,block_03,RPM,4,canonical,1,1,0,110,2000,199,1049,0.0995,0.5245,8.389122009277344,11.208136558532715,0.8306293487548828,0.8322715759277344,10.09971809387207,13.46692180633545,ok,ok
rule_ms,123,block_03,RPM,4,canonical,1,1,0,110,2000,395,1885,0.1975,0.9425,6.935921669006348,19.123266220092773,0.8253235816955566,0.7030844688415527,8.403882026672363,27.199100494384766,ok,ok
rule_ms,2026,block_03,RPM,4,canonical,1,1,0,110,2000,164,1223,0.082,0.6115,8.327078819274902,12.808571815490723,0.9418606758117676,0.9166765213012695,8.841094017028809,13.972837448120117,ok,ok
rule_ms,3407,block_03,RPM,4,canonical,1,1,0,110,2000,558,1451,0.279,0.7255,9.611567497253418,14.56788444519043,0.830599308013916,0.8446950912475586,11.571846961975098,17.24632453918457,ok,ok
placebo_ms,7,block_03,RPM,4,canonical,1,1,0,110,2000,359,1837,0.1795,0.9185,9.186771392822266,18.688745498657227,0.8460574150085449,0.9015884399414062,10.858329772949219,20.728689193725586,ok,ok
placebo_ms,42,block_03,RPM,4,canonical,1,1,0,110,2000,145,1340,0.0725,0.67,5.71776819229126,11.891814231872559,0.9879622459411621,0.9426050186157227,5.787435531616211,12.615903854370117,ok,ok
placebo_ms,123,block_03,RPM,4,canonical,1,1,0,110,2000,17,1909,0.0085,0.9545,2.1918349266052246,23.57440757751465,0.8863840103149414,0.783416748046875,2.4727823734283447,30.091785430908203,ok,ok
placebo_ms,2026,block_03,RPM,4,canonical,1,1,0,110,2000,250,1836,0.125,0.918,6.9673848152160645,18.542171478271484,0.8695893287658691,0.6715867519378662,8.0122709274292,27.609495162963867,ok,ok
placebo_ms,3407,block_03,RPM,4,canonical,1,1,0,110,2000,178,1679,0.089,0.8395,6.965535640716553,19.2257022857666,0.9436793327331543,0.8411645889282227,7.381252765655518,22.856054306030273,ok,ok
real_std,7,block_03,RPM,4,canonical,1,1,0,110,2000,62,603,0.031,0.3015,8.670708656311035,7.689193248748779,1.6713500022888184,1.2412467002868652,5.187846660614014,6.194734573364258,ok,ok
real_std,42,block_03,RPM,4,canonical,1,1,0,110,2000,24,371,0.012,0.1855,4.332311153411865,3.9960525035858154,1.5301647186279297,1.080963373184204,2.831270933151245,3.6967508792877197,ok,ok
real_std,123,block_03,RPM,4,canonical,1,1,0,110,2000,119,1657,0.0595,0.8285,6.350985527038574,12.479226112365723,0.9335503578186035,0.8515138626098633,6.80304479598999,14.655341148376465,ok,ok
real_std,2026,block_03,RPM,4,canonical,1,1,0,110,2000,0,44,0.0,0.022,-1.1202207803726196,2.522493600845337,1.7724595069885254,1.2508182525634766,-0.6320148706436157,2.016674757003784,ok,ok
real_std,3407,block_03,RPM,4,canonical,1,1,0,110,2000,142,944,0.071,0.472,7.696262836456299,8.845743179321289,1.170154094696045,1.0478458404541016,6.577136039733887,8.4418363571167,ok,ok
rule_std,7,block_03,RPM,4,canonical,1,1,0,110,2000,275,1508,0.1375,0.754,8.986019134521484,16.85199737548828,0.9363298416137695,1.0359020233154297,9.597066879272461,16.267946243286133,ok,ok
rule_std,42,block_03,RPM,4,canonical,1,1,0,110,2000,134,1234,0.067,0.617,5.427365779876709,11.694480895996094,1.0167431831359863,0.9765458106994629,5.337991237640381,11.97535228729248,ok,ok
rule_std,123,block_03,RPM,4,canonical,1,1,0,110,2000,154,1877,0.077,0.9385,5.934370040893555,24.437198638916016,1.0347681045532227,0.9976696968078613,5.734976291656494,24.494279861450195,ok,ok
rule_std,2026,block_03,RPM,4,canonical,1,1,0,110,2000,304,1282,0.152,0.641,8.79234790802002,12.184242248535156,0.7564268112182617,0.7351598739624023,11.623527526855469,16.573596954345703,ok,ok
rule_std,3407,block_03,RPM,4,canonical,1,1,0,110,2000,367,1516,0.1835,0.758,10.385130882263184,18.022926330566406,0.9960947036743164,1.1839475631713867,10.425848007202148,15.222738265991211,ok,ok
placebo_std,7,block_03,RPM,4,canonical,1,1,0,110,2000,425,1873,0.2125,0.9365,9.647554397583008,22.28708267211914,0.9542317390441895,0.9658546447753906,10.110284805297852,23.074983596801758,ok,ok
placebo_std,42,block_03,RPM,4,canonical,1,1,0,110,2000,218,1127,0.109,0.5635,6.492364406585693,11.095290184020996,0.9161858558654785,0.9466109275817871,7.086297035217285,11.72106647491455,ok,ok
placebo_std,123,block_03,RPM,4,canonical,1,1,0,110,2000,23,1976,0.0115,0.988,1.3192790746688843,35.44736099243164,1.123764991760254,0.9923262596130371,1.1739813089370728,35.72147750854492,ok,ok
placebo_std,2026,block_03,RPM,4,canonical,1,1,0,110,2000,467,1567,0.2335,0.7835,9.63753890991211,17.30442237854004,0.9965219497680664,0.9491934776306152,9.67117691040039,18.23065757751465,ok,ok
placebo_std,3407,block_03,RPM,4,canonical,1,1,0,110,2000,805,1705,0.4025,0.8525,10.911359786987305,16.965625762939453,1.0763425827026367,0.9938716888427734,10.137441635131836,17.070236206054688,ok,ok
real_ms,7,block_03,RPM,4,canonical,1,1,1,111,2000,289,1989,0.1445,0.9945,9.858001708984375,16.765613555908203,1.3121037483215332,1.078542709350586,7.51312780380249,15.544689178466797,ok,ok
real_ms,42,block_03,RPM,4,canonical,1,1,1,111,2000,270,1437,0.135,0.7185,11.555037498474121,13.66727352142334,1.5370111465454102,1.3246212005615234,7.517861843109131,10.31787395477295,ok,ok
real_ms,123,block_03,RPM,4,canonical,1,1,1,111,2000,27,2000,0.0135,1.0,4.108836650848389,26.050565719604492,0.8871946334838867,0.7362182140350342,4.631268501281738,35.38429641723633,ok,ok
real_ms,2026,block_03,RPM,4,canonical,1,1,1,111,2000,24,1626,0.012,0.813,5.782477378845215,10.370802879333496,1.271684169769287,0.785686731338501,4.547101974487305,13.199666023254395,ok,ok
real_ms,3407,block_03,RPM,4,canonical,1,1,1,111,2000,26,2000,0.013,1.0,4.0210747718811035,21.012733459472656,0.8923029899597168,0.9396266937255859,4.5064005851745605,22.362852096557617,ok,ok
rule_ms,7,block_03,RPM,4,canonical,1,1,1,111,2000,1,2000,0.0005,1.0,-1.283023715019226,41.2263069152832,0.7962632179260254,0.880279541015625,-1.6113061904907227,46.83320236206055,ok,ok
rule_ms,42,block_03,RPM,4,canonical,1,1,1,111,2000,18,1989,0.009,0.9945,5.77502965927124,23.99082374572754,0.8306293487548828,0.8322715759277344,6.9525957107543945,28.82571792602539,ok,ok
rule_ms,123,block_03,RPM,4,canonical,1,1,1,111,2000,13,2000,0.0065,1.0,1.4493838548660278,40.0050163269043,0.8253235816955566,0.7030844688415527,1.756140112876892,56.899295806884766,ok,ok
rule_ms,2026,block_03,RPM,4,canonical,1,1,1,111,2000,19,1999,0.0095,0.9995,5.532702922821045,29.7263126373291,0.9418606758117676,0.9166765213012695,5.8742265701293945,32.4283561706543,ok,ok
rule_ms,3407,block_03,RPM,4,canonical,1,1,1,111,2000,28,2000,0.014,1.0,5.736135959625244,29.246070861816406,0.830599308013916,0.8446950912475586,6.906020641326904,34.623226165771484,ok,ok
placebo_ms,7,block_03,RPM,4,canonical,1,1,1,111,2000,47,1998,0.0235,0.999,6.393702507019043,28.074508666992188,0.8460574150085449,0.9015884399414062,7.557055473327637,31.138938903808594,ok,ok
placebo_ms,42,block_03,RPM,4,canonical,1,1,1,111,2000,5,2000,0.0025,1.0,0.7316416501998901,27.07699203491211,0.9879622459411621,0.9426050186157227,0.7405562996864319,28.725704193115234,ok,ok
placebo_ms,123,block_03,RPM,4,canonical,1,1,1,111,2000,0,2000,0.0,1.0,-6.824501991271973,56.91069412231445,0.8863840103149414,0.783416748046875,-7.69926118850708,72.64421844482422,ok,ok
placebo_ms,2026,block_03,RPM,4,canonical,1,1,1,111,2000,26,2000,0.013,1.0,4.708958148956299,30.06521224975586,0.8695893287658691,0.6715867519378662,5.415151596069336,44.76742935180664,ok,ok
placebo_ms,3407,block_03,RPM,4,canonical,1,1,1,111,2000,0,2000,0.0,1.0,0.15052548050880432,40.43656921386719,0.9436793327331543,0.8411645889282227,0.15950915217399597,48.07212829589844,ok,ok
real_std,7,block_03,RPM,4,canonical,1,1,1,111,2000,215,1885,0.1075,0.9425,11.456047058105469,20.776750564575195,1.6713500022888184,1.2412467002868652,6.854367733001709,16.738616943359375,ok,ok
real_std,42,block_03,RPM,4,canonical,1,1,1,111,2000,93,1984,0.0465,0.992,4.9528727531433105,17.672046661376953,1.5301647186279297,1.080963373184204,3.236823320388794,16.34842300415039,ok,ok
real_std,123,block_03,RPM,4,canonical,1,1,1,111,2000,107,2000,0.0535,1.0,6.372819423675537,25.336441040039062,0.9335503578186035,0.8515138626098633,6.8264336585998535,29.75458335876465,ok,ok
real_std,2026,block_03,RPM,4,canonical,1,1,1,111,2000,1,328,0.0005,0.164,1.7585101127624512,5.387377738952637,1.7724595069885254,1.2508182525634766,0.9921299815177917,4.307082176208496,ok,ok
real_std,3407,block_03,RPM,4,canonical,1,1,1,111,2000,71,1998,0.0355,0.999,6.36964750289917,25.68332862854004,1.170154094696045,1.0478458404541016,5.443426132202148,24.510597229003906,ok,ok
rule_std,7,block_03,RPM,4,canonical,1,1,1,111,2000,69,1997,0.0345,0.9985,6.851980686187744,32.85932159423828,0.9363298416137695,1.0359020233154297,7.317913055419922,31.720491409301758,ok,ok
rule_std,42,block_03,RPM,4,canonical,1,1,1,111,2000,6,2000,0.003,1.0,0.7691081762313843,29.736148834228516,1.0167431831359863,0.9765458106994629,0.7564428448677063,30.450336456298828,ok,ok
rule_std,123,block_03,RPM,4,canonical,1,1,1,111,2000,0,2000,0.0,1.0,-2.0501928329467773,54.97044372558594,1.0347681045532227,0.9976696968078613,-1.9813064336776733,55.098838806152344,ok,ok
rule_std,2026,block_03,RPM,4,canonical,1,1,1,111,2000,66,1992,0.033,0.996,6.980843544006348,22.718406677246094,0.7564268112182617,0.7351598739624023,9.22870922088623,30.90267562866211,ok,ok
rule_std,3407,block_03,RPM,4,canonical,1,1,1,111,2000,34,2000,0.017,1.0,6.414037704467773,36.18034744262695,0.9960947036743164,1.1839475631713867,6.439184188842773,30.559078216552734,ok,ok
placebo_std,7,block_03,RPM,4,canonical,1,1,1,111,2000,10,2000,0.005,1.0,3.5876145362854004,39.06300354003906,0.9542317390441895,0.9658546447753906,3.7596888542175293,40.44397735595703,ok,ok
placebo_std,42,block_03,RPM,4,canonical,1,1,1,111,2000,28,1996,0.014,0.998,3.0914759635925293,28.470979690551758,0.9161858558654785,0.9466109275817871,3.3742892742156982,30.076749801635742,ok,ok
placebo_std,123,block_03,RPM,4,canonical,1,1,1,111,2000,0,2000,0.0,1.0,-11.106100082397461,72.9285888671875,1.123764991760254,0.9923262596130371,-9.88293743133545,73.49254608154297,ok,ok
placebo_std,2026,block_03,RPM,4,canonical,1,1,1,111,2000,132,1992,0.066,0.996,7.387249946594238,30.823434829711914,0.9965219497680664,0.9491934776306152,7.4130330085754395,32.473289489746094,ok,ok
placebo_std,3407,block_03,RPM,4,canonical,1,1,1,111,2000,165,2000,0.0825,1.0,7.222201824188232,34.193275451660156,1.0763425827026367,0.9938716888427734,6.709946632385254,34.404117584228516,ok,ok
real_ms,7,block_03,RPM,4,shifted,0,0,0,000,2000,1,273,0.0005,0.1365,2.008333444595337,4.1368303298950195,1.3121037483215332,1.078542709350586,1.5306209325790405,3.835574150085449,ok,ok
real_ms,42,block_03,RPM,4,shifted,0,0,0,000,2000,0,0,0.0,0.0,-3.2842698097229004,-0.5956472754478455,1.5370111465454102,1.3246212005615234,-2.1367897987365723,-0.4496736526489258,ok,ok
real_ms,123,block_03,RPM,4,shifted,0,0,0,000,2000,0,4,0.0,0.002,-1.3437329530715942,0.5270835161209106,0.8871946334838867,0.7362182140350342,-1.5145865678787231,0.7159337997436523,ok,ok
real_ms,2026,block_03,RPM,4,shifted,0,0,0,000,2000,0,3,0.0,0.0015,-1.7870891094207764,0.8774363994598389,1.271684169769287,0.785686731338501,-1.4052932262420654,1.1167763471603394,ok,ok
real_ms,3407,block_03,RPM,4,shifted,0,0,0,000,2000,0,0,0.0,0.0,-3.007732391357422,-0.9694626331329346,0.8923029899597168,0.9396266937255859,-3.3707523345947266,-1.0317529439926147,ok,ok
rule_ms,7,block_03,RPM,4,shifted,0,0,0,000,2000,2000,2000,1.0,1.0,35.66352462768555,63.5200080871582,0.7962632179260254,0.880279541015625,44.78860855102539,72.1589126586914,ok,ok
rule_ms,42,block_03,RPM,4,shifted,0,0,0,000,2000,2000,2000,1.0,1.0,33.45730209350586,68.80579376220703,0.8306293487548828,0.8322715759277344,40.279457092285156,82.67229461669922,ok,ok
rule_ms,123,block_03,RPM,4,shifted,0,0,0,000,2000,2000,2000,1.0,1.0,33.01839828491211,56.753353118896484,0.8253235816955566,0.7030844688415527,40.006614685058594,80.72053527832031,ok,ok
rule_ms,2026,block_03,RPM,4,shifted,0,0,0,000,2000,2000,2000,1.0,1.0,33.44023513793945,65.04144287109375,0.9418606758117676,0.9166765213012695,35.50443649291992,70.95354461669922,ok,ok
rule_ms,3407,block_03,RPM,4,shifted,0,0,0,000,2000,2000,2000,1.0,1.0,41.69793701171875,70.29412078857422,0.830599308013916,0.8446950912475586,50.20223617553711,83.21833038330078,ok,ok
placebo_ms,7,block_03,RPM,4,shifted,0,0,0,000,2000,2000,2000,1.0,1.0,33.50623321533203,63.64849853515625,0.8460574150085449,0.9015884399414062,39.60279083251953,70.59595489501953,ok,ok
placebo_ms,42,block_03,RPM,4,shifted,0,0,0,000,2000,2000,2000,1.0,1.0,30.134254455566406,57.99818420410156,0.9879622459411621,0.9426050186157227,30.501426696777344,61.52967834472656,ok,ok
placebo_ms,123,block_03,RPM,4,shifted,0,0,0,000,2000,2000,2000,1.0,1.0,32.97291564941406,57.247005462646484,0.8863840103149414,0.783416748046875,37.19935989379883,73.07350158691406,ok,ok
placebo_ms,2026,block_03,RPM,4,shifted,0,0,0,000,2000,2000,2000,1.0,1.0,32.51523208618164,57.139305114746094,0.8695893287658691,0.6715867519378662,37.3914794921875,85.0810546875,ok,ok
placebo_ms,3407,block_03,RPM,4,shifted,0,0,0,000,2000,2000,2000,1.0,1.0,39.23447799682617,78.0933609008789,0.9436793327331543,0.8411645889282227,41.57606887817383,92.83956146240234,ok,ok
real_std,7,block_03,RPM,4,shifted,0,0,0,000,2000,0,14,0.0,0.007,-2.3093454837799072,1.910779595375061,1.6713500022888184,1.2412467002868652,-1.3817245960235596,1.5394035577774048,ok,ok
real_std,42,block_03,RPM,4,shifted,0,0,0,000,2000,0,9,0.0,0.0045,-3.7639522552490234,-0.22380617260932922,1.5301647186279297,1.080963373184204,-2.4598348140716553,-0.20704324543476105,ok,ok
real_std,123,block_03,RPM,4,shifted,0,0,0,000,2000,0,0,0.0,0.0,-1.3432658910751343,0.03737294673919678,0.9335503578186035,0.8515138626098633,-1.4388788938522339,0.04388999193906784,ok,ok
real_std,2026,block_03,RPM,4,shifted,0,0,0,000,2000,0,1,0.0,0.0005,-4.19072961807251,0.7919753193855286,1.7724595069885254,1.2508182525634766,-2.364358425140381,0.6331657767295837,ok,ok
real_std,3407,block_03,RPM,4,shifted,0,0,0,000,2000,0,0,0.0,0.0,-2.721005439758301,-0.8820217251777649,1.170154094696045,1.0478458404541016,-2.3253393173217773,-0.8417476415634155,ok,ok
rule_std,7,block_03,RPM,4,shifted,0,0,0,000,2000,2000,2000,1.0,1.0,38.43158721923828,78.4764404296875,0.9363298416137695,1.0359020233154297,41.044921875,75.7566146850586,ok,ok
rule_std,42,block_03,RPM,4,shifted,0,0,0,000,2000,2000,2000,1.0,1.0,34.098323822021484,66.44551086425781,1.0167431831359863,0.9765458106994629,33.53681182861328,68.0413589477539,ok,ok
rule_std,123,block_03,RPM,4,shifted,0,0,0,000,2000,2000,2000,1.0,1.0,38.56920623779297,73.51470184326172,1.0347681045532227,0.9976696968078613,37.273284912109375,73.68641662597656,ok,ok
rule_std,2026,block_03,RPM,4,shifted,0,0,0,000,2000,2000,2000,1.0,1.0,36.93051528930664,61.15081024169922,0.7564268112182617,0.7351598739624023,48.82232666015625,83.18029022216797,ok,ok
rule_std,3407,block_03,RPM,4,shifted,0,0,0,000,2000,2000,2000,1.0,1.0,37.73993682861328,72.46453094482422,0.9960947036743164,1.1839475631713867,37.88789749145508,61.20586013793945,ok,ok
placebo_std,7,block_03,RPM,4,shifted,0,0,0,000,2000,2000,2000,1.0,1.0,36.227378845214844,66.16735076904297,0.9542317390441895,0.9658546447753906,37.964969635009766,68.50653839111328,ok,ok
placebo_std,42,block_03,RPM,4,shifted,0,0,0,000,2000,2000,2000,1.0,1.0,37.39188003540039,73.90162658691406,0.9161858558654785,0.9466109275817871,40.81254577636719,78.06968688964844,ok,ok
placebo_std,123,block_03,RPM,4,shifted,0,0,0,000,2000,2000,2000,1.0,1.0,35.85173416137695,76.65303039550781,1.123764991760254,0.9923262596130371,31.903230667114258,77.24579620361328,ok,ok
placebo_std,2026,block_03,RPM,4,shifted,0,0,0,000,2000,2000,2000,1.0,1.0,36.78657150268555,72.56626892089844,0.9965219497680664,0.9491934776306152,36.91496658325195,76.45044708251953,ok,ok
placebo_std,3407,block_03,RPM,4,shifted,0,0,0,000,2000,2000,2000,1.0,1.0,38.60335159301758,75.00736236572266,1.0763425827026367,0.9938716888427734,35.86530685424805,75.46986389160156,ok,ok
real_ms,7,block_03,RPM,4,shifted,0,0,1,001,2000,13,1286,0.0065,0.643,4.879551887512207,9.1969633102417,1.3121037483215332,1.078542709350586,3.718876361846924,8.527213096618652,ok,ok
real_ms,42,block_03,RPM,4,shifted,0,0,1,001,2000,0,3,0.0,0.0015,-1.8076391220092773,2.012075662612915,1.5370111465454102,1.3246212005615234,-1.1760742664337158,1.5189818143844604,ok,ok
real_ms,123,block_03,RPM,4,shifted,0,0,1,001,2000,2,13,0.001,0.0065,-0.34547990560531616,1.2040375471115112,0.8871946334838867,0.7362182140350342,-0.3894071578979492,1.635435700416565,ok,ok
real_ms,2026,block_03,RPM,4,shifted,0,0,1,001,2000,0,227,0.0,0.1135,-0.6459459066390991,4.489400386810303,1.271684169769287,0.785686731338501,-0.5079452991485596,5.713982582092285,ok,ok
real_ms,3407,block_03,RPM,4,shifted,0,0,1,001,2000,0,16,0.0,0.008,-2.463026523590088,-0.34184858202934265,0.8923029899597168,0.9396266937255859,-2.760302782058716,-0.3638131618499756,ok,ok
rule_ms,7,block_03,RPM,4,shifted,0,0,1,001,2000,2000,2000,1.0,1.0,27.554744720458984,42.458595275878906,0.7962632179260254,0.880279541015625,34.605072021484375,48.23308181762695,ok,ok
rule_ms,42,block_03,RPM,4,shifted,0,0,1,001,2000,2000,2000,1.0,1.0,28.387258529663086,52.4976921081543,0.8306293487548828,0.8322715759277344,34.175601959228516,63.077598571777344,ok,ok
rule_ms,123,block_03,RPM,4,shifted,0,0,1,001,2000,2000,2000,1.0,1.0,27.338781356811523,42.72449493408203,0.8253235816955566,0.7030844688415527,33.12492752075195,60.76722717285156,ok,ok
rule_ms,2026,block_03,RPM,4,shifted,0,0,1,001,2000,2000,2000,1.0,1.0,27.170764923095703,46.29438400268555,0.9418606758117676,0.9166765213012695,28.84796905517578,50.502418518066406,ok,ok
rule_ms,3407,block_03,RPM,4,shifted,0,0,1,001,2000,2000,2000,1.0,1.0,32.51314163208008,60.499305725097656,0.830599308013916,0.8446950912475586,39.14419174194336,71.6226577758789,ok,ok
placebo_ms,7,block_03,RPM,4,shifted,0,0,1,001,2000,2000,2000,1.0,1.0,26.15380859375,46.2885627746582,0.8460574150085449,0.9015884399414062,30.91257095336914,51.34112548828125,ok,ok
placebo_ms,42,block_03,RPM,4,shifted,0,0,1,001,2000,2000,2000,1.0,1.0,25.571311950683594,47.55289840698242,0.9879622459411621,0.9426050186157227,25.882884979248047,50.44838333129883,ok,ok
placebo_ms,123,block_03,RPM,4,shifted,0,0,1,001,2000,2000,2000,1.0,1.0,24.3605899810791,42.06489181518555,0.8863840103149414,0.783416748046875,27.483112335205078,53.69414520263672,ok,ok
placebo_ms,2026,block_03,RPM,4,shifted,0,0,1,001,2000,2000,2000,1.0,1.0,23.76112174987793,44.106929779052734,0.8695893287658691,0.6715867519378662,27.32453155517578,65.67570495605469,ok,ok
placebo_ms,3407,block_03,RPM,4,shifted,0,0,1,001,2000,2000,2000,1.0,1.0,29.08371353149414,53.6978645324707,0.9436793327331543,0.8411645889282227,30.819486618041992,63.8375244140625,ok,ok
real_std,7,block_03,RPM,4,shifted,0,0,1,001,2000,0,87,0.0,0.0435,-0.6690118908882141,3.7391655445098877,1.6713500022888184,1.2412467002868652,-0.4002823531627655,3.01242733001709,ok,ok
real_std,42,block_03,RPM,4,shifted,0,0,1,001,2000,0,148,0.0,0.074,-2.4825375080108643,2.563844680786133,1.5301647186279297,1.080963373184204,-1.6223992109298706,2.371814727783203,ok,ok
real_std,123,block_03,RPM,4,shifted,0,0,1,001,2000,0,6,0.0,0.003,-0.20801351964473724,1.1027441024780273,0.9335503578186035,0.8515138626098633,-0.22281980514526367,1.295039415359497,ok,ok
real_std,2026,block_03,RPM,4,shifted,0,0,1,001,2000,0,24,0.0,0.012,-5.586038112640381,2.112461566925049,1.7724595069885254,1.2508182525634766,-3.1515743732452393,1.688863754272461,ok,ok
real_std,3407,block_03,RPM,4,shifted,0,0,1,001,2000,0,14,0.0,0.007,-2.823336124420166,-0.08539613336324692,1.170154094696045,1.0478458404541016,-2.412790060043335,-0.08149685710668564,ok,ok
rule_std,7,block_03,RPM,4,shifted,0,0,1,001,2000,2000,2000,1.0,1.0,31.66936683654785,54.856319427490234,0.9363298416137695,1.0359020233154297,33.8228759765625,52.95512390136719,ok,ok
rule_std,42,block_03,RPM,4,shifted,0,0,1,001,2000,2000,2000,1.0,1.0,26.4685115814209,45.97673034667969,1.0167431831359863,0.9765458106994629,26.032644271850586,47.08098220825195,ok,ok
rule_std,123,block_03,RPM,4,shifted,0,0,1,001,2000,2000,2000,1.0,1.0,27.135377883911133,51.705081939697266,1.0347681045532227,0.9976696968078613,26.223628997802734,51.82585144042969,ok,ok
rule_std,2026,block_03,RPM,4,shifted,0,0,1,001,2000,2000,2000,1.0,1.0,28.30216407775879,51.42181396484375,0.7564268112182617,0.7351598739624023,37.41559982299805,69.9464340209961,ok,ok
rule_std,3407,block_03,RPM,4,shifted,0,0,1,001,2000,2000,2000,1.0,1.0,30.497350692749023,52.33314895629883,0.9960947036743164,1.1839475631713867,30.616918563842773,44.20225143432617,ok,ok
placebo_std,7,block_03,RPM,4,shifted,0,0,1,001,2000,2000,2000,1.0,1.0,26.17146110534668,46.331905364990234,0.9542317390441895,0.9658546447753906,27.426734924316406,47.9698600769043,ok,ok
placebo_std,42,block_03,RPM,4,shifted,0,0,1,001,2000,2000,2000,1.0,1.0,30.73851203918457,53.76264953613281,0.9161858558654785,0.9466109275817871,33.55051803588867,56.79487609863281,ok,ok
placebo_std,123,block_03,RPM,4,shifted,0,0,1,001,2000,2000,2000,1.0,1.0,28.154272079467773,70.61109161376953,1.123764991760254,0.9923262596130371,25.05352210998535,71.15714263916016,ok,ok
placebo_std,2026,block_03,RPM,4,shifted,0,0,1,001,2000,2000,2000,1.0,1.0,30.02912712097168,59.20550537109375,0.9965219497680664,0.9491934776306152,30.133934020996094,62.37453842163086,ok,ok
placebo_std,3407,block_03,RPM,4,shifted,0,0,1,001,2000,2000,2000,1.0,1.0,32.52888488769531,57.276954650878906,1.0763425827026367,0.9938716888427734,30.221683502197266,57.63013458251953,ok,ok
real_ms,7,block_03,RPM,4,shifted,0,1,0,010,2000,1,155,0.0005,0.0775,3.2368662357330322,3.5321104526519775,1.3121037483215332,1.078542709350586,2.466928482055664,3.2748913764953613,ok,ok
real_ms,42,block_03,RPM,4,shifted,0,1,0,010,2000,0,0,0.0,0.0,-2.247520923614502,-0.6743447184562683,1.5370111465454102,1.3246212005615234,-1.462267279624939,-0.5090849995613098,ok,ok
real_ms,123,block_03,RPM,4,shifted,0,1,0,010,2000,0,2,0.0,0.001,-1.1324288845062256,0.10152628272771835,0.8871946334838867,0.7362182140350342,-1.2764153480529785,0.1379024088382721,ok,ok
real_ms,2026,block_03,RPM,4,shifted,0,1,0,010,2000,0,0,0.0,0.0,-1.4969773292541504,0.2013479322195053,1.271684169769287,0.785686731338501,-1.1771610975265503,0.25626999139785767,ok,ok
real_ms,3407,block_03,RPM,4,shifted,0,1,0,010,2000,0,6,0.0,0.003,-2.261107921600342,-0.6418798565864563,0.8923029899597168,0.9396266937255859,-2.5340137481689453,-0.6831222176551819,ok,ok
rule_ms,7,block_03,RPM,4,shifted,0,1,0,010,2000,2000,2000,1.0,1.0,41.536869049072266,78.3401870727539,0.7962632179260254,0.880279541015625,52.16474533081055,88.99467468261719,ok,ok
rule_ms,42,block_03,RPM,4,shifted,0,1,0,010,2000,2000,2000,1.0,1.0,38.78365707397461,90.87773132324219,0.8306293487548828,0.8322715759277344,46.69188690185547,109.1924057006836,ok,ok
rule_ms,123,block_03,RPM,4,shifted,0,1,0,010,2000,2000,2000,1.0,1.0,38.14860153198242,74.56261444091797,0.8253235816955566,0.7030844688415527,46.22260284423828,106.05072784423828,ok,ok
rule_ms,2026,block_03,RPM,4,shifted,0,1,0,010,2000,2000,2000,1.0,1.0,36.47575759887695,78.5252685546875,0.9418606758117676,0.9166765213012695,38.72733688354492,85.66299438476562,ok,ok
rule_ms,3407,block_03,RPM,4,shifted,0,1,0,010,2000,2000,2000,1.0,1.0,47.85315704345703,89.25187683105469,0.830599308013916,0.8446950912475586,57.6128044128418,105.6616439819336,ok,ok
placebo_ms,7,block_03,RPM,4,shifted,0,1,0,010,2000,2000,2000,1.0,1.0,39.0369758605957,78.14708709716797,0.8460574150085449,0.9015884399414062,46.13986587524414,86.67711639404297,ok,ok
placebo_ms,42,block_03,RPM,4,shifted,0,1,0,010,2000,2000,2000,1.0,1.0,36.662132263183594,79.61997985839844,0.9879622459411621,0.9426050186157227,37.10884094238281,84.468017578125,ok,ok
placebo_ms,123,block_03,RPM,4,shifted,0,1,0,010,2000,2000,2000,1.0,1.0,39.148929595947266,73.49651336669922,0.8863840103149414,0.783416748046875,44.16700744628906,93.81535339355469,ok,ok
placebo_ms,2026,block_03,RPM,4,shifted,0,1,0,010,2000,2000,2000,1.0,1.0,37.48440933227539,72.85196685791016,0.8695893287658691,0.6715867519378662,43.105873107910156,108.47737121582031,ok,ok
placebo_ms,3407,block_03,RPM,4,shifted,0,1,0,010,2000,2000,2000,1.0,1.0,42.54590606689453,94.6777572631836,0.9436793327331543,0.8411645889282227,45.08513259887695,112.55557250976562,ok,ok
real_std,7,block_03,RPM,4,shifted,0,1,0,010,2000,0,49,0.0,0.0245,0.19287018477916718,2.8993704319000244,1.6713500022888184,1.2412467002868652,0.11539782583713531,2.3358538150787354,ok,ok
real_std,42,block_03,RPM,4,shifted,0,1,0,010,2000,0,4,0.0,0.002,-3.181028366088867,-0.4203513264656067,1.5301647186279297,1.080963373184204,-2.0788795948028564,-0.3888672888278961,ok,ok
real_std,123,block_03,RPM,4,shifted,0,1,0,010,2000,0,1,0.0,0.0005,-1.010794997215271,-0.14992763102054596,0.9335503578186035,0.8515138626098633,-1.0827429294586182,-0.1760718673467636,ok,ok
real_std,2026,block_03,RPM,4,shifted,0,1,0,010,2000,0,0,0.0,0.0,-3.487165689468384,0.5704866051673889,1.7724595069885254,1.2508182525634766,-1.9674162864685059,0.45609068870544434,ok,ok
real_std,3407,block_03,RPM,4,shifted,0,1,0,010,2000,0,3,0.0,0.0015,-1.16400146484375,-0.18991602957248688,1.170154094696045,1.0478458404541016,-0.9947419166564941,-0.18124425411224365,ok,ok
rule_std,7,block_03,RPM,4,shifted,0,1,0,010,2000,2000,2000,1.0,1.0,44.26839065551758,94.35875701904297,0.9363298416137695,1.0359020233154297,47.27862548828125,91.08849334716797,ok,ok
rule_std,42,block_03,RPM,4,shifted,0,1,0,010,2000,2000,2000,1.0,1.0,39.33846664428711,82.65603637695312,1.0167431831359863,0.9765458106994629,38.69065856933594,84.64122009277344,ok,ok
rule_std,123,block_03,RPM,4,shifted,0,1,0,010,2000,2000,2000,1.0,1.0,45.98851776123047,94.97779083251953,1.0347681045532227,0.9976696968078613,44.44330978393555,95.19963073730469,ok,ok
rule_std,2026,block_03,RPM,4,shifted,0,1,0,010,2000,2000,2000,1.0,1.0,40.306907653808594,75.02616882324219,0.7564268112182617,0.7351598739624023,53.28593063354492,102.05422973632812,ok,ok
rule_std,3407,block_03,RPM,4,shifted,0,1,0,010,2000,2000,2000,1.0,1.0,44.475093841552734,92.98080444335938,0.9960947036743164,1.1839475631713867,44.64945983886719,78.53456115722656,ok,ok
placebo_std,7,block_03,RPM,4,shifted,0,1,0,010,2000,2000,2000,1.0,1.0,43.85795974731445,85.78963470458984,0.9542317390441895,0.9658546447753906,45.96154022216797,88.82251739501953,ok,ok
placebo_std,42,block_03,RPM,4,shifted,0,1,0,010,2000,2000,2000,1.0,1.0,45.23613739013672,93.4310302734375,0.9161858558654785,0.9466109275817871,49.374412536621094,98.70055389404297,ok,ok
placebo_std,123,block_03,RPM,4,shifted,0,1,0,010,2000,2000,2000,1.0,1.0,42.961673736572266,99.7277603149414,1.123764991760254,0.9923262596130371,38.230125427246094,100.49897003173828,ok,ok
placebo_std,2026,block_03,RPM,4,shifted,0,1,0,010,2000,2000,2000,1.0,1.0,46.12934494018555,96.45449829101562,0.9965219497680664,0.9491934776306152,46.29034423828125,101.61732482910156,ok,ok
placebo_std,3407,block_03,RPM,4,shifted,0,1,0,010,2000,2000,2000,1.0,1.0,44.46160888671875,95.43860626220703,1.0763425827026367,0.9938716888427734,41.308048248291016,96.02709197998047,ok,ok
real_ms,7,block_03,RPM,4,shifted,0,1,1,011,2000,2,693,0.001,0.3465,4.708112716674805,6.575294494628906,1.3121037483215332,1.078542709350586,3.588216781616211,6.096461772918701,ok,ok
real_ms,42,block_03,RPM,4,shifted,0,1,1,011,2000,0,3,0.0,0.0015,-2.6572840213775635,1.1498695611953735,1.5370111465454102,1.3246212005615234,-1.7288645505905151,0.8680742383003235,ok,ok
real_ms,123,block_03,RPM,4,shifted,0,1,1,011,2000,2,30,0.001,0.015,0.009469962678849697,1.531656265258789,0.8871946334838867,0.7362182140350342,0.010674049146473408,2.0804378986358643,ok,ok
real_ms,2026,block_03,RPM,4,shifted,0,1,1,011,2000,0,12,0.0,0.006,-4.2327117919921875,1.2227823734283447,1.271684169769287,0.785686731338501,-3.32843017578125,1.5563230514526367,ok,ok
real_ms,3407,block_03,RPM,4,shifted,0,1,1,011,2000,0,63,0.0,0.0315,-0.8879283666610718,1.1617600917816162,0.8923029899597168,0.9396266937255859,-0.9950973391532898,1.2364059686660767,ok,ok
rule_ms,7,block_03,RPM,4,shifted,0,1,1,011,2000,2000,2000,1.0,1.0,37.05158615112305,69.59666442871094,0.7962632179260254,0.880279541015625,46.53183364868164,79.06199645996094,ok,ok
rule_ms,42,block_03,RPM,4,shifted,0,1,1,011,2000,2000,2000,1.0,1.0,36.95258712768555,93.72029113769531,0.8306293487548828,0.8322715759277344,44.48745346069336,112.60782623291016,ok,ok
rule_ms,123,block_03,RPM,4,shifted,0,1,1,011,2000,2000,2000,1.0,1.0,35.188499450683594,73.35462188720703,0.8253235816955566,0.7030844688415527,42.63600540161133,104.33258819580078,ok,ok
rule_ms,2026,block_03,RPM,4,shifted,0,1,1,011,2000,2000,2000,1.0,1.0,31.801870346069336,70.78373718261719,0.9418606758117676,0.9166765213012695,33.76494216918945,77.21778106689453,ok,ok
rule_ms,3407,block_03,RPM,4,shifted,0,1,1,011,2000,2000,2000,1.0,1.0,44.525203704833984,89.08936309814453,0.830599308013916,0.8446950912475586,53.606117248535156,105.46924591064453,ok,ok
placebo_ms,7,block_03,RPM,4,shifted,0,1,1,011,2000,2000,2000,1.0,1.0,35.96403884887695,75.60096740722656,0.8460574150085449,0.9015884399414062,42.50779724121094,83.85308074951172,ok,ok
placebo_ms,42,block_03,RPM,4,shifted,0,1,1,011,2000,2000,2000,1.0,1.0,35.42120361328125,82.76434326171875,0.9879622459411621,0.9426050186157227,35.85279083251953,87.80384063720703,ok,ok
placebo_ms,123,block_03,RPM,4,shifted,0,1,1,011,2000,2000,2000,1.0,1.0,31.116361618041992,66.70293426513672,0.8863840103149414,0.783416748046875,35.104827880859375,85.14360809326172,ok,ok
placebo_ms,2026,block_03,RPM,4,shifted,0,1,1,011,2000,2000,2000,1.0,1.0,31.96767807006836,69.59909057617188,0.8695893287658691,0.6715867519378662,36.761810302734375,103.6338119506836,ok,ok
placebo_ms,3407,block_03,RPM,4,shifted,0,1,1,011,2000,2000,2000,1.0,1.0,34.88496017456055,84.33015441894531,0.9436793327331543,0.8411645889282227,36.96696853637695,100.25404357910156,ok,ok
real_std,7,block_03,RPM,4,shifted,0,1,1,011,2000,0,160,0.0,0.08,0.5720961689949036,4.839605331420898,1.6713500022888184,1.2412467002868652,0.34229588508605957,3.8989877700805664,ok,ok
real_std,42,block_03,RPM,4,shifted,0,1,1,011,2000,0,9,0.0,0.0045,-5.164599895477295,-0.5815807580947876,1.5301647186279297,1.080963373184204,-3.375192403793335,-0.5380207300186157,ok,ok
real_std,123,block_03,RPM,4,shifted,0,1,1,011,2000,1,18,0.0005,0.009,0.5468709468841553,1.6742801666259766,0.9335503578186035,0.8515138626098633,0.5857970118522644,1.966239333152771,ok,ok
real_std,2026,block_03,RPM,4,shifted,0,1,1,011,2000,0,30,0.0,0.015,-5.608503818511963,1.9113107919692993,1.7724595069885254,1.2508182525634766,-3.1642494201660156,1.5280483961105347,ok,ok
real_std,3407,block_03,RPM,4,shifted,0,1,1,011,2000,1,66,0.0005,0.033,-0.5333278775215149,2.127274990081787,1.170154094696045,1.0478458404541016,-0.45577576756477356,2.0301411151885986,ok,ok
rule_std,7,block_03,RPM,4,shifted,0,1,1,011,2000,2000,2000,1.0,1.0,41.479164123535156,86.86355590820312,0.9363298416137695,1.0359020233154297,44.299739837646484,83.85306549072266,ok,ok
rule_std,42,block_03,RPM,4,shifted,0,1,1,011,2000,2000,2000,1.0,1.0,36.074649810791016,79.48477172851562,1.0167431831359863,0.9765458106994629,35.480594635009766,81.393798828125,ok,ok
rule_std,123,block_03,RPM,4,shifted,0,1,1,011,2000,2000,2000,1.0,1.0,38.80069351196289,82.20111846923828,1.0347681045532227,0.9976696968078613,37.49700164794922,82.39311218261719,ok,ok
rule_std,2026,block_03,RPM,4,shifted,0,1,1,011,2000,2000,2000,1.0,1.0,37.4362678527832,75.88518524169922,0.7564268112182617,0.7351598739624023,49.490936279296875,103.22270202636719,ok,ok
rule_std,3407,block_03,RPM,4,shifted,0,1,1,011,2000,2000,2000,1.0,1.0,38.09278869628906,91.69862365722656,0.9960947036743164,1.1839475631713867,38.24213409423828,77.45158386230469,ok,ok
placebo_std,7,block_03,RPM,4,shifted,0,1,1,011,2000,2000,2000,1.0,1.0,38.52040100097656,83.8426284790039,0.9542317390441895,0.9658546447753906,40.367977142333984,86.8066635131836,ok,ok
placebo_std,42,block_03,RPM,4,shifted,0,1,1,011,2000,2000,2000,1.0,1.0,43.134586334228516,88.15555572509766,0.9161858558654785,0.9466109275817871,47.08060836791992,93.12754821777344,ok,ok
placebo_std,123,block_03,RPM,4,shifted,0,1,1,011,2000,2000,2000,1.0,1.0,38.49238204956055,103.67400360107422,1.123764991760254,0.9923262596130371,34.253055572509766,104.47572326660156,ok,ok
placebo_std,2026,block_03,RPM,4,shifted,0,1,1,011,2000,2000,2000,1.0,1.0,45.79414749145508,96.19548797607422,0.9965219497680664,0.9491934776306152,45.953975677490234,101.34444427490234,ok,ok
placebo_std,3407,block_03,RPM,4,shifted,0,1,1,011,2000,2000,2000,1.0,1.0,38.4162712097168,89.69198608398438,1.0763425827026367,0.9938716888427734,35.691490173339844,90.24504089355469,ok,ok
real_ms,7,block_03,RPM,4,shifted,1,0,0,100,2000,114,1769,0.057,0.8845,7.397998809814453,13.896920204162598,1.3121037483215332,1.078542709350586,5.638273239135742,12.884904861450195,ok,ok
real_ms,42,block_03,RPM,4,shifted,1,0,0,100,2000,47,388,0.0235,0.194,6.888521194458008,6.519559383392334,1.5370111465454102,1.3246212005615234,4.481764316558838,4.921829700469971,ok,ok
real_ms,123,block_03,RPM,4,shifted,1,0,0,100,2000,39,1885,0.0195,0.9425,3.9948298931121826,16.322296142578125,0.8871946334838867,0.7362182140350342,4.502766132354736,22.170461654663086,ok,ok
real_ms,2026,block_03,RPM,4,shifted,1,0,0,100,2000,0,204,0.0,0.102,3.1819634437561035,3.9047586917877197,1.271684169769287,0.785686731338501,2.5021650791168213,4.969867706298828,ok,ok
real_ms,3407,block_03,RPM,4,shifted,1,0,0,100,2000,64,1315,0.032,0.6575,5.377384185791016,8.723276138305664,0.8923029899597168,0.9396266937255859,6.0264105796813965,9.283767700195312,ok,ok
rule_ms,7,block_03,RPM,4,shifted,1,0,0,100,2000,34,1999,0.017,0.9995,2.7943837642669678,32.54378890991211,0.7962632179260254,0.880279541015625,3.509371757507324,36.96983337402344,ok,ok
rule_ms,42,block_03,RPM,4,shifted,1,0,0,100,2000,146,987,0.073,0.4935,8.002863883972168,10.368870735168457,0.8306293487548828,0.8322715759277344,9.634698867797852,12.458518981933594,ok,ok
rule_ms,123,block_03,RPM,4,shifted,1,0,0,100,2000,968,1942,0.484,0.971,9.447558403015137,19.294775009155273,0.8253235816955566,0.7030844688415527,11.44709587097168,27.44304084777832,ok,ok
rule_ms,2026,block_03,RPM,4,shifted,1,0,0,100,2000,95,1390,0.0475,0.695,7.755479335784912,14.049047470092773,0.9418606758117676,0.9166765213012695,8.234210968017578,15.326068878173828,ok,ok
rule_ms,3407,block_03,RPM,4,shifted,1,0,0,100,2000,642,1746,0.321,0.873,10.186198234558105,17.176576614379883,0.830599308013916,0.8446950912475586,12.263671875,20.33464813232422,ok,ok
placebo_ms,7,block_03,RPM,4,shifted,1,0,0,100,2000,169,1984,0.0845,0.992,7.184004783630371,25.21507453918457,0.8460574150085449,0.9015884399414062,8.491154670715332,27.967390060424805,ok,ok
placebo_ms,42,block_03,RPM,4,shifted,1,0,0,100,2000,136,1399,0.068,0.6995,5.6505045890808105,11.590664863586426,0.9879622459411621,0.9426050186157227,5.719352722167969,12.296417236328125,ok,ok
placebo_ms,123,block_03,RPM,4,shifted,1,0,0,100,2000,141,1955,0.0705,0.9775,5.236441612243652,22.307832717895508,0.8863840103149414,0.783416748046875,5.907644748687744,28.47504997253418,ok,ok
placebo_ms,2026,block_03,RPM,4,shifted,1,0,0,100,2000,258,1941,0.129,0.9705,6.900611877441406,19.694049835205078,0.8695893287658691,0.6715867519378662,7.935483455657959,29.324657440185547,ok,ok
placebo_ms,3407,block_03,RPM,4,shifted,1,0,0,100,2000,84,1891,0.042,0.9455,5.295809745788574,22.50678062438965,0.9436793327331543,0.8411645889282227,5.611874103546143,26.756690979003906,ok,ok
real_std,7,block_03,RPM,4,shifted,1,0,0,100,2000,63,1073,0.0315,0.5365,8.522640228271484,11.817560195922852,1.6713500022888184,1.2412467002868652,5.0992560386657715,9.520718574523926,ok,ok
real_std,42,block_03,RPM,4,shifted,1,0,0,100,2000,27,509,0.0135,0.2545,4.275732517242432,4.302525997161865,1.5301647186279297,1.080963373184204,2.794295310974121,3.980269432067871,ok,ok
real_std,123,block_03,RPM,4,shifted,1,0,0,100,2000,103,1805,0.0515,0.9025,6.069540500640869,15.452844619750977,0.9335503578186035,0.8515138626098633,6.501567840576172,18.14749526977539,ok,ok
real_std,2026,block_03,RPM,4,shifted,1,0,0,100,2000,0,220,0.0,0.11,0.048278722912073135,4.5576605796813965,1.7724595069885254,1.2508182525634766,0.027238264679908752,3.6437435150146484,ok,ok
real_std,3407,block_03,RPM,4,shifted,1,0,0,100,2000,162,1206,0.081,0.603,8.156068801879883,10.962611198425293,1.170154094696045,1.0478458404541016,6.970080852508545,10.462045669555664,ok,ok
rule_std,7,block_03,RPM,4,shifted,1,0,0,100,2000,189,1899,0.0945,0.9495,7.485123157501221,25.784574508666992,0.9363298416137695,1.0359020233154297,7.994109153747559,24.890939712524414,ok,ok
rule_std,42,block_03,RPM,4,shifted,1,0,0,100,2000,264,1593,0.132,0.7965,6.353970527648926,14.021585464477539,1.0167431831359863,0.9765458106994629,6.249336242675781,14.358349800109863,ok,ok
rule_std,123,block_03,RPM,4,shifted,1,0,0,100,2000,627,1900,0.3135,0.95,9.626757621765137,22.49484634399414,1.0347681045532227,0.9976696968078613,9.303300857543945,22.547386169433594,ok,ok
rule_std,2026,block_03,RPM,4,shifted,1,0,0,100,2000,364,1390,0.182,0.695,9.125370025634766,12.556787490844727,0.7564268112182617,0.7351598739624023,12.063785552978516,17.080347061157227,ok,ok
rule_std,3407,block_03,RPM,4,shifted,1,0,0,100,2000,297,1805,0.1485,0.9025,9.737541198730469,22.08590316772461,0.9960947036743164,1.1839475631713867,9.775718688964844,18.65445899963379,ok,ok
placebo_std,7,block_03,RPM,4,shifted,1,0,0,100,2000,285,1949,0.1425,0.9745,8.5220308303833,24.664535522460938,0.9542317390441895,0.9658546447753906,8.930777549743652,25.536489486694336,ok,ok
placebo_std,42,block_03,RPM,4,shifted,1,0,0,100,2000,108,1423,0.054,0.7115,5.4668121337890625,12.92487621307373,0.9161858558654785,0.9466109275817871,5.966924667358398,13.653841972351074,ok,ok
placebo_std,123,block_03,RPM,4,shifted,1,0,0,100,2000,45,1997,0.0225,0.9985,1.4560229778289795,40.12200927734375,1.123764991760254,0.9923262596130371,1.29566490650177,40.432273864746094,ok,ok
placebo_std,2026,block_03,RPM,4,shifted,1,0,0,100,2000,498,1746,0.249,0.873,9.631258010864258,18.522228240966797,0.9965219497680664,0.9491934776306152,9.664872169494629,19.513648986816406,ok,ok
placebo_std,3407,block_03,RPM,4,shifted,1,0,0,100,2000,525,1790,0.2625,0.895,9.406205177307129,16.89658546447754,1.0763425827026367,0.9938716888427734,8.739043235778809,17.000774383544922,ok,ok
real_ms,7,block_03,RPM,4,shifted,1,0,1,101,2000,52,1999,0.026,0.9995,5.759263038635254,24.195125579833984,1.3121037483215332,1.078542709350586,4.3893351554870605,22.433164596557617,ok,ok
real_ms,42,block_03,RPM,4,shifted,1,0,1,101,2000,88,1917,0.044,0.9585,8.979656219482422,20.715003967285156,1.5370111465454102,1.3246212005615234,5.842284202575684,15.638434410095215,ok,ok
real_ms,123,block_03,RPM,4,shifted,1,0,1,101,2000,18,1998,0.009,0.999,4.265865325927734,23.511816024780273,0.8871946334838867,0.7362182140350342,4.808262825012207,31.93593406677246,ok,ok
real_ms,2026,block_03,RPM,4,shifted,1,0,1,101,2000,11,1894,0.0055,0.947,4.846278190612793,11.899056434631348,1.271684169769287,0.785686731338501,3.8109138011932373,15.144783973693848,ok,ok
real_ms,3407,block_03,RPM,4,shifted,1,0,1,101,2000,24,2000,0.012,1.0,3.782771587371826,22.81593894958496,0.8923029899597168,0.9396266937255859,4.239335060119629,24.281919479370117,ok,ok
rule_ms,7,block_03,RPM,4,shifted,1,0,1,101,2000,0,2000,0.0,1.0,-3.769768238067627,41.595184326171875,0.7962632179260254,0.880279541015625,-4.7343244552612305,47.25224304199219,ok,ok
rule_ms,42,block_03,RPM,4,shifted,1,0,1,101,2000,2,1988,0.001,0.994,5.0675458908081055,20.5410099029541,0.8306293487548828,0.8322715759277344,6.100851535797119,24.68065643310547,ok,ok
rule_ms,123,block_03,RPM,4,shifted,1,0,1,101,2000,57,2000,0.0285,1.0,4.415292739868164,30.32669448852539,0.8253235816955566,0.7030844688415527,5.3497724533081055,43.133785247802734,ok,ok
rule_ms,2026,block_03,RPM,4,shifted,1,0,1,101,2000,0,2000,0.0,1.0,3.2886786460876465,34.540157318115234,0.9418606758117676,0.9166765213012695,3.491682767868042,37.67976379394531,ok,ok
rule_ms,3407,block_03,RPM,4,shifted,1,0,1,101,2000,42,2000,0.021,1.0,6.500779628753662,28.05936050415039,0.830599308013916,0.8446950912475586,7.826613426208496,33.21833419799805,ok,ok
placebo_ms,7,block_03,RPM,4,shifted,1,0,1,101,2000,3,1999,0.0015,0.9995,3.6125433444976807,28.357772827148438,0.8460574150085449,0.9015884399414062,4.269855976104736,31.453126907348633,ok,ok
placebo_ms,42,block_03,RPM,4,shifted,1,0,1,101,2000,5,1998,0.0025,0.999,2.8565375804901123,22.25208854675293,0.9879622459411621,0.9426050186157227,2.891342878341675,23.607011795043945,ok,ok
placebo_ms,123,block_03,RPM,4,shifted,1,0,1,101,2000,0,2000,0.0,1.0,-2.618617296218872,44.82559585571289,0.8863840103149414,0.783416748046875,-2.9542696475982666,57.21807861328125,ok,ok
placebo_ms,2026,block_03,RPM,4,shifted,1,0,1,101,2000,0,2000,0.0,1.0,1.920201301574707,34.23622131347656,0.8695893287658691,0.6715867519378662,2.2081704139709473,50.978111267089844,ok,ok
placebo_ms,3407,block_03,RPM,4,shifted,1,0,1,101,2000,0,2000,0.0,1.0,1.103790044784546,36.281219482421875,0.9436793327331543,0.8411645889282227,1.1696664094924927,43.13212966918945,ok,ok
real_std,7,block_03,RPM,4,shifted,1,0,1,101,2000,101,1991,0.0505,0.9955,8.445158004760742,28.861526489257812,1.6713500022888184,1.2412467002868652,5.052896499633789,23.252046585083008,ok,ok
real_std,42,block_03,RPM,4,shifted,1,0,1,101,2000,84,1991,0.042,0.9955,5.079314231872559,20.411540985107422,1.5301647186279297,1.080963373184204,3.319456100463867,18.88273048400879,ok,ok
real_std,123,block_03,RPM,4,shifted,1,0,1,101,2000,69,1991,0.0345,0.9955,5.960632801055908,21.878496170043945,0.9335503578186035,0.8515138626098633,6.384908199310303,25.693647384643555,ok,ok
real_std,2026,block_03,RPM,4,shifted,1,0,1,101,2000,0,595,0.0,0.2975,-0.2389950007200241,7.135246276855469,1.7724595069885254,1.2508182525634766,-0.1348380595445633,5.70446252822876,ok,ok
real_std,3407,block_03,RPM,4,shifted,1,0,1,101,2000,32,2000,0.016,1.0,5.451936721801758,26.987136840820312,1.170154094696045,1.0478458404541016,4.65916109085083,25.754873275756836,ok,ok
rule_std,7,block_03,RPM,4,shifted,1,0,1,101,2000,0,2000,0.0,1.0,1.9747709035873413,42.331790924072266,0.9363298416137695,1.0359020233154297,2.1090548038482666,40.864662170410156,ok,ok
rule_std,42,block_03,RPM,4,shifted,1,0,1,101,2000,2,1999,0.001,0.9995,2.241745710372925,26.778459548950195,1.0167431831359863,0.9765458106994629,2.2048299312591553,27.42160987854004,ok,ok
rule_std,123,block_03,RPM,4,shifted,1,0,1,101,2000,5,2000,0.0025,1.0,2.3850514888763428,41.53453063964844,1.0347681045532227,0.9976696968078613,2.3049135208129883,41.63154602050781,ok,ok
rule_std,2026,block_03,RPM,4,shifted,1,0,1,101,2000,36,1999,0.018,0.9995,6.543829917907715,22.955774307250977,0.7564268112182617,0.7351598739624023,8.650976181030273,31.22555160522461,ok,ok
rule_std,3407,block_03,RPM,4,shifted,1,0,1,101,2000,16,2000,0.008,1.0,5.892265796661377,34.55504608154297,0.9960947036743164,1.1839475631713867,5.915367126464844,29.18630027770996,ok,ok
placebo_std,7,block_03,RPM,4,shifted,1,0,1,101,2000,0,2000,0.0,1.0,1.788397192955017,32.01675033569336,0.9542317390441895,0.9658546447753906,1.874174952507019,33.148624420166016,ok,ok
placebo_std,42,block_03,RPM,4,shifted,1,0,1,101,2000,1,2000,0.0005,1.0,1.5401101112365723,26.808658599853516,0.9161858558654785,0.9466109275817871,1.6810017824172974,28.32067108154297,ok,ok
placebo_std,123,block_03,RPM,4,shifted,1,0,1,101,2000,0,2000,0.0,1.0,-9.379548072814941,66.00891876220703,1.123764991760254,0.9923262596130371,-8.346539497375488,66.51937866210938,ok,ok
placebo_std,2026,block_03,RPM,4,shifted,1,0,1,101,2000,34,2000,0.017,1.0,4.894507884979248,35.01803970336914,0.9965219497680664,0.9491934776306152,4.911591053009033,36.892417907714844,ok,ok
placebo_std,3407,block_03,RPM,4,shifted,1,0,1,101,2000,38,2000,0.019,1.0,5.38452672958374,30.800500869750977,1.0763425827026367,0.9938716888427734,5.0026140213012695,30.990419387817383,ok,ok
real_ms,7,block_03,RPM,4,shifted,1,1,0,110,2000,186,1355,0.093,0.6775,9.131564140319824,10.012605667114258,1.3121037483215332,1.078542709350586,6.959482192993164,9.283456802368164,ok,ok
real_ms,42,block_03,RPM,4,shifted,1,1,0,110,2000,37,159,0.0185,0.0795,6.520407676696777,4.708498477935791,1.5370111465454102,1.3246212005615234,4.242264270782471,3.5546000003814697,ok,ok
real_ms,123,block_03,RPM,4,shifted,1,1,0,110,2000,43,1739,0.0215,0.8695,4.369688987731934,12.53767204284668,0.8871946334838867,0.7362182140350342,4.925288200378418,17.02983283996582,ok,ok
real_ms,2026,block_03,RPM,4,shifted,1,1,0,110,2000,1,70,0.0005,0.035,2.488694906234741,2.9620096683502197,1.271684169769287,0.785686731338501,1.9570069313049316,3.769962787628174,ok,ok
real_ms,3407,block_03,RPM,4,shifted,1,1,0,110,2000,50,910,0.025,0.455,4.66929817199707,5.950308799743652,0.8923029899597168,0.9396266937255859,5.23286247253418,6.332630634307861,ok,ok
rule_ms,7,block_03,RPM,4,shifted,1,1,0,110,2000,77,1962,0.0385,0.981,5.346027374267578,25.182735443115234,0.7962632179260254,0.880279541015625,6.713894367218018,28.60765838623047,ok,ok
rule_ms,42,block_03,RPM,4,shifted,1,1,0,110,2000,243,1133,0.1215,0.5665,8.716525077819824,11.799020767211914,0.8306293487548828,0.8322715759277344,10.493879318237305,14.176888465881348,ok,ok
rule_ms,123,block_03,RPM,4,shifted,1,1,0,110,2000,437,1907,0.2185,0.9535,7.121878147125244,19.893573760986328,0.8253235816955566,0.7030844688415527,8.629195213317871,28.29471206665039,ok,ok
rule_ms,2026,block_03,RPM,4,shifted,1,1,0,110,2000,162,1261,0.081,0.6305,8.367466926574707,13.267596244812012,0.9418606758117676,0.9166765213012695,8.883975982666016,14.473586082458496,ok,ok
rule_ms,3407,block_03,RPM,4,shifted,1,1,0,110,2000,573,1468,0.2865,0.734,9.697379112243652,14.815095901489258,0.830599308013916,0.8446950912475586,11.675158500671387,17.538986206054688,ok,ok
placebo_ms,7,block_03,RPM,4,shifted,1,1,0,110,2000,392,1869,0.196,0.9345,9.286761283874512,19.289457321166992,0.8460574150085449,0.9015884399414062,10.97651481628418,21.394968032836914,ok,ok
placebo_ms,42,block_03,RPM,4,shifted,1,1,0,110,2000,156,1414,0.078,0.707,5.788753986358643,12.436984062194824,0.9879622459411621,0.9426050186157227,5.859286308288574,13.194269180297852,ok,ok
placebo_ms,123,block_03,RPM,4,shifted,1,1,0,110,2000,19,1922,0.0095,0.961,2.1273770332336426,24.3758602142334,0.8863840103149414,0.783416748046875,2.4000625610351562,31.114805221557617,ok,ok
placebo_ms,2026,block_03,RPM,4,shifted,1,1,0,110,2000,254,1876,0.127,0.938,6.9370646476745605,19.217670440673828,0.8695893287658691,0.6715867519378662,7.977402210235596,28.61532211303711,ok,ok
placebo_ms,3407,block_03,RPM,4,shifted,1,1,0,110,2000,178,1701,0.089,0.8505,6.874763488769531,19.571596145629883,0.9436793327331543,0.8411645889282227,7.28506326675415,23.26725959777832,ok,ok
real_std,7,block_03,RPM,4,shifted,1,1,0,110,2000,59,616,0.0295,0.308,8.670392990112305,7.829838752746582,1.6713500022888184,1.2412467002868652,5.187658309936523,6.308043956756592,ok,ok
real_std,42,block_03,RPM,4,shifted,1,1,0,110,2000,24,391,0.012,0.1955,4.301107406616211,4.117458820343018,1.5301647186279297,1.080963373184204,2.8108785152435303,3.8090639114379883,ok,ok
real_std,123,block_03,RPM,4,shifted,1,1,0,110,2000,121,1667,0.0605,0.8335,6.403031349182129,12.592525482177734,0.9335503578186035,0.8515138626098633,6.858795642852783,14.788396835327148,ok,ok
real_std,2026,block_03,RPM,4,shifted,1,1,0,110,2000,0,47,0.0,0.0235,-1.1416847705841064,2.647873878479004,1.7724595069885254,1.2508182525634766,-0.6441246271133423,2.116913318634033,ok,ok
real_std,3407,block_03,RPM,4,shifted,1,1,0,110,2000,143,955,0.0715,0.4775,7.759769439697266,8.945972442626953,1.170154094696045,1.0478458404541016,6.631408214569092,8.53748893737793,ok,ok
rule_std,7,block_03,RPM,4,shifted,1,1,0,110,2000,301,1545,0.1505,0.7725,9.204259872436523,17.54088592529297,0.9363298416137695,1.0359020233154297,9.830146789550781,16.932960510253906,ok,ok
rule_std,42,block_03,RPM,4,shifted,1,1,0,110,2000,149,1272,0.0745,0.636,5.53912878036499,11.990312576293945,1.0167431831359863,0.9765458106994629,5.44791316986084,12.278290748596191,ok,ok
rule_std,123,block_03,RPM,4,shifted,1,1,0,110,2000,170,1892,0.085,0.946,6.088924884796143,25.222867965698242,1.0347681045532227,0.9976696968078613,5.884337425231934,25.281782150268555,ok,ok
rule_std,2026,block_03,RPM,4,shifted,1,1,0,110,2000,304,1338,0.152,0.669,8.813300132751465,12.673145294189453,0.7564268112182617,0.7351598739624023,11.651226997375488,17.238624572753906,ok,ok
rule_std,3407,block_03,RPM,4,shifted,1,1,0,110,2000,377,1540,0.1885,0.77,10.44631576538086,18.406038284301758,0.9960947036743164,1.1839475631713867,10.487271308898926,15.546330451965332,ok,ok
placebo_std,7,block_03,RPM,4,shifted,1,1,0,110,2000,431,1883,0.2155,0.9415,9.707253456115723,22.775096893310547,0.9542317390441895,0.9658546447753906,10.172847747802734,23.58025360107422,ok,ok
placebo_std,42,block_03,RPM,4,shifted,1,1,0,110,2000,243,1219,0.1215,0.6095,6.627800941467285,11.694194793701172,0.9161858558654785,0.9466109275817871,7.2341227531433105,12.35374927520752,ok,ok
placebo_std,123,block_03,RPM,4,shifted,1,1,0,110,2000,23,1981,0.0115,0.9905,1.1748603582382202,36.42559814453125,1.123764991760254,0.9923262596130371,1.0454679727554321,36.70728302001953,ok,ok
placebo_std,2026,block_03,RPM,4,shifted,1,1,0,110,2000,501,1602,0.2505,0.801,9.81728744506836,17.829261779785156,0.9965219497680664,0.9491934776306152,9.851551055908203,18.783592224121094,ok,ok
placebo_std,3407,block_03,RPM,4,shifted,1,1,0,110,2000,805,1725,0.4025,0.8625,10.956191062927246,17.45696449279785,1.0763425827026367,0.9938716888427734,10.179092407226562,17.564607620239258,ok,ok
real_ms,7,block_03,RPM,4,shifted,1,1,1,111,2000,291,1990,0.1455,0.995,9.889808654785156,16.7854061126709,1.3121037483215332,1.078542709350586,7.5373687744140625,15.563042640686035,ok,ok
real_ms,42,block_03,RPM,4,shifted,1,1,1,111,2000,263,1460,0.1315,0.73,11.51600456237793,13.903717041015625,1.5370111465454102,1.3246212005615234,7.492466926574707,10.49637222290039,ok,ok
real_ms,123,block_03,RPM,4,shifted,1,1,1,111,2000,27,2000,0.0135,1.0,4.123488426208496,26.110660552978516,0.8871946334838867,0.7362182140350342,4.647783279418945,35.4659309387207,ok,ok
real_ms,2026,block_03,RPM,4,shifted,1,1,1,111,2000,26,1662,0.013,0.831,5.784886837005615,10.562853813171387,1.271684169769287,0.785686731338501,4.5489959716796875,13.444101333618164,ok,ok
real_ms,3407,block_03,RPM,4,shifted,1,1,1,111,2000,26,2000,0.013,1.0,3.975109815597534,21.090476989746094,0.8923029899597168,0.9396266937255859,4.454888343811035,22.445592880249023,ok,ok
rule_ms,7,block_03,RPM,4,shifted,1,1,1,111,2000,1,2000,0.0005,1.0,-1.2830253839492798,41.767578125,0.7962632179260254,0.880279541015625,-1.611308217048645,47.448081970214844,ok,ok
rule_ms,42,block_03,RPM,4,shifted,1,1,1,111,2000,22,1992,0.011,0.996,5.915043830871582,24.55424690246582,0.8306293487548828,0.8322715759277344,7.121159076690674,29.502687454223633,ok,ok
rule_ms,123,block_03,RPM,4,shifted,1,1,1,111,2000,15,2000,0.0075,1.0,1.646023154258728,40.65010452270508,0.8253235816955566,0.7030844688415527,1.9943974018096924,57.81681823730469,ok,ok
rule_ms,2026,block_03,RPM,4,shifted,1,1,1,111,2000,11,1999,0.0055,0.9995,5.3102216720581055,30.280012130737305,0.9418606758117676,0.9166765213012695,5.638011932373047,33.03238296508789,ok,ok
rule_ms,3407,block_03,RPM,4,shifted,1,1,1,111,2000,26,2000,0.013,1.0,5.705916881561279,29.339340209960938,0.830599308013916,0.8446950912475586,6.869638442993164,34.73365020751953,ok,ok
placebo_ms,7,block_03,RPM,4,shifted,1,1,1,111,2000,49,1998,0.0245,0.999,6.3975043296813965,28.584957122802734,0.8460574150085449,0.9015884399414062,7.561548709869385,31.705108642578125,ok,ok
placebo_ms,42,block_03,RPM,4,shifted,1,1,1,111,2000,5,2000,0.0025,1.0,0.6775994896888733,27.580398559570312,0.9879622459411621,0.9426050186157227,0.6858556866645813,29.259761810302734,ok,ok
placebo_ms,123,block_03,RPM,4,shifted,1,1,1,111,2000,0,2000,0.0,1.0,-6.843897342681885,57.55000686645508,0.8863840103149414,0.783416748046875,-7.7211432456970215,73.46027374267578,ok,ok
placebo_ms,2026,block_03,RPM,4,shifted,1,1,1,111,2000,22,2000,0.011,1.0,4.554771900177002,30.605924606323242,0.8695893287658691,0.6715867519378662,5.237842559814453,45.57255554199219,ok,ok
placebo_ms,3407,block_03,RPM,4,shifted,1,1,1,111,2000,0,2000,0.0,1.0,0.042090822011232376,40.700538635253906,0.9436793327331543,0.8411645889282227,0.0446028932929039,48.38594055175781,ok,ok
real_std,7,block_03,RPM,4,shifted,1,1,1,111,2000,207,1888,0.1035,0.944,11.381707191467285,20.783979415893555,1.6713500022888184,1.2412467002868652,6.8098883628845215,16.74443817138672,ok,ok
real_std,42,block_03,RPM,4,shifted,1,1,1,111,2000,88,1987,0.044,0.9935,4.777424335479736,17.985496520996094,1.5301647186279297,1.080963373184204,3.1221632957458496,16.638395309448242,ok,ok
real_std,123,block_03,RPM,4,shifted,1,1,1,111,2000,108,2000,0.054,1.0,6.399083614349365,25.399982452392578,0.9335503578186035,0.8515138626098633,6.854567527770996,29.829206466674805,ok,ok
real_std,2026,block_03,RPM,4,shifted,1,1,1,111,2000,1,360,0.0005,0.18,1.7177194356918335,5.593708038330078,1.7724595069885254,1.2508182525634766,0.9691163301467896,4.472038745880127,ok,ok
real_std,3407,block_03,RPM,4,shifted,1,1,1,111,2000,71,1998,0.0355,0.999,6.366861343383789,25.845829010009766,1.170154094696045,1.0478458404541016,5.441044807434082,24.665679931640625,ok,ok
rule_std,7,block_03,RPM,4,shifted,1,1,1,111,2000,68,1997,0.034,0.9985,6.844768524169922,33.45808029174805,0.9363298416137695,1.0359020233154297,7.310211658477783,32.298500061035156,ok,ok
rule_std,42,block_03,RPM,4,shifted,1,1,1,111,2000,5,2000,0.0025,1.0,0.8022741675376892,30.096105575561523,1.0167431831359863,0.9765458106994629,0.7890627384185791,30.818937301635742,ok,ok
rule_std,123,block_03,RPM,4,shifted,1,1,1,111,2000,0,2000,0.0,1.0,-1.964679479598999,55.72317123413086,1.0347681045532227,0.9976696968078613,-1.8986663818359375,55.85332489013672,ok,ok
rule_std,2026,block_03,RPM,4,shifted,1,1,1,111,2000,56,1993,0.028,0.9965,6.772406578063965,23.251832962036133,0.7564268112182617,0.7351598739624023,8.953155517578125,31.628265380859375,ok,ok
rule_std,3407,block_03,RPM,4,shifted,1,1,1,111,2000,33,2000,0.0165,1.0,6.363033294677734,36.44957733154297,0.9960947036743164,1.1839475631713867,6.3879804611206055,30.78647804260254,ok,ok
placebo_std,7,block_03,RPM,4,shifted,1,1,1,111,2000,9,2000,0.0045,1.0,3.545552968978882,39.50757598876953,0.9542317390441895,0.9658546447753906,3.7156097888946533,40.904266357421875,ok,ok
placebo_std,42,block_03,RPM,4,shifted,1,1,1,111,2000,27,1996,0.0135,0.998,2.9604547023773193,29.14875602722168,0.9161858558654785,0.9466109275817871,3.2312817573547363,30.79275131225586,ok,ok
placebo_std,123,block_03,RPM,4,shifted,1,1,1,111,2000,0,2000,0.0,1.0,-11.239556312561035,73.74872589111328,1.123764991760254,0.9923262596130371,-10.00169563293457,74.31903076171875,ok,ok
placebo_std,2026,block_03,RPM,4,shifted,1,1,1,111,2000,121,1993,0.0605,0.9965,7.259764671325684,31.438627243041992,0.9965219497680664,0.9491934776306152,7.285102367401123,33.12141036987305,ok,ok
placebo_std,3407,block_03,RPM,4,shifted,1,1,1,111,2000,157,2000,0.0785,1.0,7.14700174331665,34.68632125854492,1.0763425827026367,0.9938716888427734,6.640080451965332,34.90019989013672,ok,ok
