contrast,numerator_arm,denominator_arm,seed,block_id,attack,attack_label,id_stratum,P,S,D,cell,n,value_semantics,exact_recall,binary_recall,exact_standardized_margin_shift,binary_standardized_margin_shift,exact_standardized_margin_status,binary_standardized_margin_status
rule_ms-real_ms,rule_ms,real_ms,7,block_01,Gear,3,canonical,0,0,0,000,2000,numerator_arm_minus_denominator_arm,0.9835,0.759,27.736828327178955,58.09804630279541,ok,ok
rule_ms-real_ms,rule_ms,real_ms,7,block_01,Gear,3,canonical,0,0,1,001,2000,numerator_arm_minus_denominator_arm,0.982,0.787,25.004247665405273,51.474117279052734,ok,ok
rule_ms-real_ms,rule_ms,real_ms,7,block_01,Gear,3,canonical,0,1,0,010,2000,numerator_arm_minus_denominator_arm,0.987,0.95,41.732526540756226,102.75945281982422,ok,ok
rule_ms-real_ms,rule_ms,real_ms,7,block_01,Gear,3,canonical,0,1,1,011,2000,numerator_arm_minus_denominator_arm,0.989,0.963,37.913177728652954,92.07674980163574,ok,ok
rule_ms-real_ms,rule_ms,real_ms,7,block_01,Gear,3,canonical,1,0,0,100,2000,numerator_arm_minus_denominator_arm,-0.0035,0.022499999999999964,-5.949921727180481,30.245990753173828,ok,ok
rule_ms-real_ms,rule_ms,real_ms,7,block_01,Gear,3,canonical,1,0,1,101,2000,numerator_arm_minus_denominator_arm,-0.0025,0.0040000000000000036,-6.770965576171875,30.892499923706055,ok,ok
rule_ms-real_ms,rule_ms,real_ms,7,block_01,Gear,3,canonical,1,1,0,110,2000,numerator_arm_minus_denominator_arm,0.01,0.15649999999999997,-2.2729769945144653,33.493510246276855,ok,ok
rule_ms-real_ms,rule_ms,real_ms,7,block_01,Gear,3,canonical,1,1,1,111,2000,numerator_arm_minus_denominator_arm,0.0015,0.18899999999999995,-3.295136332511902,34.39828968048096,ok,ok
rule_ms-real_ms,rule_ms,real_ms,7,block_01,Gear,3,shifted,0,0,0,000,2000,numerator_arm_minus_denominator_arm,0.9835,0.758,27.786531925201416,58.17299699783325,ok,ok
rule_ms-real_ms,rule_ms,real_ms,7,block_01,Gear,3,shifted,0,0,1,001,2000,numerator_arm_minus_denominator_arm,0.982,0.7865,25.059373378753662,51.55008411407471,ok,ok
rule_ms-real_ms,rule_ms,real_ms,7,block_01,Gear,3,shifted,0,1,0,010,2000,numerator_arm_minus_denominator_arm,0.987,0.95,41.84877562522888,102.91937899589539,ok,ok
rule_ms-real_ms,rule_ms,real_ms,7,block_01,Gear,3,shifted,0,1,1,011,2000,numerator_arm_minus_denominator_arm,0.989,0.9625,38.04131460189819,92.23465919494629,ok,ok
rule_ms-real_ms,rule_ms,real_ms,7,block_01,Gear,3,shifted,1,0,0,100,2000,numerator_arm_minus_denominator_arm,-0.0035,0.022499999999999964,-5.929543375968933,30.25918674468994,ok,ok
rule_ms-real_ms,rule_ms,real_ms,7,block_01,Gear,3,shifted,1,0,1,101,2000,numerator_arm_minus_denominator_arm,-0.0025,0.0040000000000000036,-6.752466917037964,30.901498794555664,ok,ok
rule_ms-real_ms,rule_ms,real_ms,7,block_01,Gear,3,shifted,1,1,0,110,2000,numerator_arm_minus_denominator_arm,0.01,0.15649999999999997,-2.2336816787719727,33.53841304779053,ok,ok
rule_ms-real_ms,rule_ms,real_ms,7,block_01,Gear,3,shifted,1,1,1,111,2000,numerator_arm_minus_denominator_arm,0.002,0.18899999999999995,-3.2592984437942505,34.4361515045166,ok,ok
rule_ms-real_ms,rule_ms,real_ms,7,block_01,RPM,4,canonical,0,0,0,000,2000,numerator_arm_minus_denominator_arm,0.9985,0.891,44.86656892299652,69.56391334533691,ok,ok
rule_ms-real_ms,rule_ms,real_ms,7,block_01,RPM,4,canonical,0,0,1,001,2000,numerator_arm_minus_denominator_arm,0.993,0.34199999999999997,31.43700647354126,40.36366367340088,ok,ok
rule_ms-real_ms,rule_ms,real_ms,7,block_01,RPM,4,canonical,0,1,0,010,2000,numerator_arm_minus_denominator_arm,0.9995,0.926,51.24345922470093,85.60236239433289,ok,ok
rule_ms-real_ms,rule_ms,real_ms,7,block_01,RPM,4,canonical,0,1,1,011,2000,numerator_arm_minus_denominator_arm,0.9995,0.6599999999999999,44.03682732582092,73.34205341339111,ok,ok
rule_ms-real_ms,rule_ms,real_ms,7,block_01,RPM,4,canonical,1,0,0,100,2000,numerator_arm_minus_denominator_arm,-0.036500000000000005,0.10850000000000004,-2.255654811859131,23.285792350769043,ok,ok
rule_ms-real_ms,rule_ms,real_ms,7,block_01,RPM,4,canonical,1,0,1,101,2000,numerator_arm_minus_denominator_arm,-0.0295,0.0,-9.184995174407959,23.98546028137207,ok,ok
rule_ms-real_ms,rule_ms,real_ms,7,block_01,RPM,4,canonical,1,1,0,110,2000,numerator_arm_minus_denominator_arm,-0.0405,0.31799999999999995,-0.34723901748657227,18.805946350097656,ok,ok
rule_ms-real_ms,rule_ms,real_ms,7,block_01,RPM,4,canonical,1,1,1,111,2000,numerator_arm_minus_denominator_arm,-0.1465,0.01200000000000001,-9.217349767684937,31.558767318725586,ok,ok
rule_ms-real_ms,rule_ms,real_ms,7,block_01,RPM,4,shifted,0,0,0,000,2000,numerator_arm_minus_denominator_arm,0.998,0.879,43.1701295375824,68.15062808990479,ok,ok
rule_ms-real_ms,rule_ms,real_ms,7,block_01,RPM,4,shifted,0,0,1,001,2000,numerator_arm_minus_denominator_arm,0.9925,0.34199999999999997,30.79634928703308,39.43187618255615,ok,ok
rule_ms-real_ms,rule_ms,real_ms,7,block_01,RPM,4,shifted,0,1,0,010,2000,numerator_arm_minus_denominator_arm,0.9995,0.923,49.56140899658203,85.36151456832886,ok,ok
rule_ms-real_ms,rule_ms,real_ms,7,block_01,RPM,4,shifted,0,1,1,011,2000,numerator_arm_minus_denominator_arm,0.9995,0.6505000000000001,42.7598135471344,72.76060628890991,ok,ok
rule_ms-real_ms,rule_ms,real_ms,7,block_01,RPM,4,shifted,1,0,0,100,2000,numerator_arm_minus_denominator_arm,-0.035500000000000004,0.09899999999999998,-2.0877106189727783,23.864349365234375,ok,ok
rule_ms-real_ms,rule_ms,real_ms,7,block_01,RPM,4,shifted,1,0,1,101,2000,numerator_arm_minus_denominator_arm,-0.0295,0.0,-9.069501399993896,24.490732192993164,ok,ok
rule_ms-real_ms,rule_ms,real_ms,7,block_01,RPM,4,shifted,1,1,0,110,2000,numerator_arm_minus_denominator_arm,-0.04,0.31500000000000006,-0.33652734756469727,19.407313346862793,ok,ok
rule_ms-real_ms,rule_ms,real_ms,7,block_01,RPM,4,shifted,1,1,1,111,2000,numerator_arm_minus_denominator_arm,-0.147,0.01100000000000001,-9.239344835281372,32.15424346923828,ok,ok
rule_ms-real_ms,rule_ms,real_ms,7,block_02,Gear,3,canonical,0,0,0,000,2000,numerator_arm_minus_denominator_arm,0.983,0.7505000000000001,27.8615620136261,58.0380539894104,ok,ok
rule_ms-real_ms,rule_ms,real_ms,7,block_02,Gear,3,canonical,0,0,1,001,2000,numerator_arm_minus_denominator_arm,0.9775,0.776,25.119007110595703,51.50890064239502,ok,ok
rule_ms-real_ms,rule_ms,real_ms,7,block_02,Gear,3,canonical,0,1,0,010,2000,numerator_arm_minus_denominator_arm,0.987,0.9515,41.98828315734863,103.03302097320557,ok,ok
rule_ms-real_ms,rule_ms,real_ms,7,block_02,Gear,3,canonical,0,1,1,011,2000,numerator_arm_minus_denominator_arm,0.989,0.9670000000000001,37.98200511932373,91.99451661109924,ok,ok
rule_ms-real_ms,rule_ms,real_ms,7,block_02,Gear,3,canonical,1,0,0,100,2000,numerator_arm_minus_denominator_arm,-0.006999999999999999,0.02300000000000002,-5.67141056060791,29.947599411010742,ok,ok
rule_ms-real_ms,rule_ms,real_ms,7,block_02,Gear,3,canonical,1,0,1,101,2000,numerator_arm_minus_denominator_arm,-0.0045,0.0020000000000000018,-6.544525146484375,30.66326141357422,ok,ok
rule_ms-real_ms,rule_ms,real_ms,7,block_02,Gear,3,canonical,1,1,0,110,2000,numerator_arm_minus_denominator_arm,0.006,0.14200000000000002,-2.1538071632385254,33.76667022705078,ok,ok
rule_ms-real_ms,rule_ms,real_ms,7,block_02,Gear,3,canonical,1,1,1,111,2000,numerator_arm_minus_denominator_arm,0.001,0.16800000000000004,-3.3258697986602783,34.78077030181885,ok,ok
rule_ms-real_ms,rule_ms,real_ms,7,block_02,Gear,3,shifted,0,0,0,000,2000,numerator_arm_minus_denominator_arm,0.983,0.7495,27.912526607513428,58.11308813095093,ok,ok
rule_ms-real_ms,rule_ms,real_ms,7,block_02,Gear,3,shifted,0,0,1,001,2000,numerator_arm_minus_denominator_arm,0.9775,0.775,25.175819873809814,51.584290504455566,ok,ok
rule_ms-real_ms,rule_ms,real_ms,7,block_02,Gear,3,shifted,0,1,0,010,2000,numerator_arm_minus_denominator_arm,0.986,0.9510000000000001,42.10242748260498,103.19322967529297,ok,ok
rule_ms-real_ms,rule_ms,real_ms,7,block_02,Gear,3,shifted,0,1,1,011,2000,numerator_arm_minus_denominator_arm,0.989,0.9670000000000001,38.11014485359192,92.15241837501526,ok,ok
rule_ms-real_ms,rule_ms,real_ms,7,block_02,Gear,3,shifted,1,0,0,100,2000,numerator_arm_minus_denominator_arm,-0.006999999999999999,0.02300000000000002,-5.650893568992615,29.961456298828125,ok,ok
rule_ms-real_ms,rule_ms,real_ms,7,block_02,Gear,3,shifted,1,0,1,101,2000,numerator_arm_minus_denominator_arm,-0.0045,0.0020000000000000018,-6.5258400440216064,30.67259407043457,ok,ok
rule_ms-real_ms,rule_ms,real_ms,7,block_02,Gear,3,shifted,1,1,0,110,2000,numerator_arm_minus_denominator_arm,0.006,0.14200000000000002,-2.1138813495635986,33.811264991760254,ok,ok
rule_ms-real_ms,rule_ms,real_ms,7,block_02,Gear,3,shifted,1,1,1,111,2000,numerator_arm_minus_denominator_arm,0.001,0.1665000000000001,-3.2897838950157166,34.81837844848633,ok,ok
rule_ms-real_ms,rule_ms,real_ms,7,block_02,RPM,4,canonical,0,0,0,000,2000,numerator_arm_minus_denominator_arm,0.9995,0.8745,44.86965370178223,69.64102911949158,ok,ok
rule_ms-real_ms,rule_ms,real_ms,7,block_02,RPM,4,canonical,0,0,1,001,2000,numerator_arm_minus_denominator_arm,0.9885,0.3640000000000001,31.551461696624756,40.77419185638428,ok,ok
rule_ms-real_ms,rule_ms,real_ms,7,block_02,RPM,4,canonical,0,1,0,010,2000,numerator_arm_minus_denominator_arm,0.9960000000000001,0.9285000000000001,51.49914622306824,85.95316290855408,ok,ok
rule_ms-real_ms,rule_ms,real_ms,7,block_02,RPM,4,canonical,0,1,1,011,2000,numerator_arm_minus_denominator_arm,0.9965,0.681,44.3025484085083,73.50879764556885,ok,ok
rule_ms-real_ms,rule_ms,real_ms,7,block_02,RPM,4,canonical,1,0,0,100,2000,numerator_arm_minus_denominator_arm,-0.0395,0.11950000000000005,-2.2587761878967285,23.462088584899902,ok,ok
rule_ms-real_ms,rule_ms,real_ms,7,block_02,RPM,4,canonical,1,0,1,101,2000,numerator_arm_minus_denominator_arm,-0.0275,-0.0004999999999999449,-9.157748222351074,24.112728118896484,ok,ok
rule_ms-real_ms,rule_ms,real_ms,7,block_02,RPM,4,canonical,1,1,0,110,2000,numerator_arm_minus_denominator_arm,-0.040999999999999995,0.29700000000000004,-0.3754239082336426,18.957311630249023,ok,ok
rule_ms-real_ms,rule_ms,real_ms,7,block_02,RPM,4,canonical,1,1,1,111,2000,numerator_arm_minus_denominator_arm,-0.153,0.008500000000000063,-9.082741022109985,31.38023853302002,ok,ok
rule_ms-real_ms,rule_ms,real_ms,7,block_02,RPM,4,shifted,0,0,0,000,2000,numerator_arm_minus_denominator_arm,0.9990000000000001,0.8705,43.15297996997833,68.20930910110474,ok,ok
rule_ms-real_ms,rule_ms,real_ms,7,block_02,RPM,4,shifted,0,0,1,001,2000,numerator_arm_minus_denominator_arm,0.9885,0.36550000000000005,30.904537439346313,39.84004783630371,ok,ok
rule_ms-real_ms,rule_ms,real_ms,7,block_02,RPM,4,shifted,0,1,0,010,2000,numerator_arm_minus_denominator_arm,0.9960000000000001,0.9245000000000001,49.81365084648132,85.70619654655457,ok,ok
rule_ms-real_ms,rule_ms,real_ms,7,block_02,RPM,4,shifted,0,1,1,011,2000,numerator_arm_minus_denominator_arm,0.9965,0.672,43.00010275840759,72.92473411560059,ok,ok
rule_ms-real_ms,rule_ms,real_ms,7,block_02,RPM,4,shifted,1,0,0,100,2000,numerator_arm_minus_denominator_arm,-0.038500000000000006,0.11150000000000004,-2.101461410522461,24.05047607421875,ok,ok
rule_ms-real_ms,rule_ms,real_ms,7,block_02,RPM,4,shifted,1,0,1,101,2000,numerator_arm_minus_denominator_arm,-0.027,-0.0004999999999999449,-9.044085025787354,24.619176864624023,ok,ok
rule_ms-real_ms,rule_ms,real_ms,7,block_02,RPM,4,shifted,1,1,0,110,2000,numerator_arm_minus_denominator_arm,-0.0425,0.29000000000000004,-0.3654141426086426,19.552706718444824,ok,ok
rule_ms-real_ms,rule_ms,real_ms,7,block_02,RPM,4,shifted,1,1,1,111,2000,numerator_arm_minus_denominator_arm,-0.154,0.008500000000000063,-9.10617995262146,31.96530246734619,ok,ok
rule_ms-real_ms,rule_ms,real_ms,7,block_03,Gear,3,canonical,0,0,0,000,2000,numerator_arm_minus_denominator_arm,0.983,0.7364999999999999,27.695414781570435,57.799856185913086,ok,ok
rule_ms-real_ms,rule_ms,real_ms,7,block_03,Gear,3,canonical,0,0,1,001,2000,numerator_arm_minus_denominator_arm,0.983,0.7735,24.97385025024414,51.40642499923706,ok,ok
rule_ms-real_ms,rule_ms,real_ms,7,block_03,Gear,3,canonical,0,1,0,010,2000,numerator_arm_minus_denominator_arm,0.991,0.9565,41.74596929550171,102.82595992088318,ok,ok
rule_ms-real_ms,rule_ms,real_ms,7,block_03,Gear,3,canonical,0,1,1,011,2000,numerator_arm_minus_denominator_arm,0.9915,0.9695,37.85609245300293,92.02228593826294,ok,ok
rule_ms-real_ms,rule_ms,real_ms,7,block_03,Gear,3,canonical,1,0,0,100,2000,numerator_arm_minus_denominator_arm,-0.004,0.020000000000000018,-5.818479657173157,30.214531898498535,ok,ok
rule_ms-real_ms,rule_ms,real_ms,7,block_03,Gear,3,canonical,1,0,1,101,2000,numerator_arm_minus_denominator_arm,-0.001,0.0030000000000000027,-6.666851043701172,30.962215423583984,ok,ok
rule_ms-real_ms,rule_ms,real_ms,7,block_03,Gear,3,canonical,1,1,0,110,2000,numerator_arm_minus_denominator_arm,0.009000000000000001,0.15400000000000003,-2.18721866607666,33.16251754760742,ok,ok
rule_ms-real_ms,rule_ms,real_ms,7,block_03,Gear,3,canonical,1,1,1,111,2000,numerator_arm_minus_denominator_arm,0.0015,0.1835,-3.2575713396072388,34.10383415222168,ok,ok
rule_ms-real_ms,rule_ms,real_ms,7,block_03,Gear,3,shifted,0,0,0,000,2000,numerator_arm_minus_denominator_arm,0.983,0.736,27.747052907943726,57.874691009521484,ok,ok
rule_ms-real_ms,rule_ms,real_ms,7,block_03,Gear,3,shifted,0,0,1,001,2000,numerator_arm_minus_denominator_arm,0.983,0.7735,25.03085708618164,51.48177433013916,ok,ok
rule_ms-real_ms,rule_ms,real_ms,7,block_03,Gear,3,shifted,0,1,0,010,2000,numerator_arm_minus_denominator_arm,0.991,0.9565,41.863370418548584,102.9856595993042,ok,ok
rule_ms-real_ms,rule_ms,real_ms,7,block_03,Gear,3,shifted,0,1,1,011,2000,numerator_arm_minus_denominator_arm,0.9915,0.9695,37.986428022384644,92.1800389289856,ok,ok
rule_ms-real_ms,rule_ms,real_ms,7,block_03,Gear,3,shifted,1,0,0,100,2000,numerator_arm_minus_denominator_arm,-0.0035,0.020000000000000018,-5.79802405834198,30.227460861206055,ok,ok
rule_ms-real_ms,rule_ms,real_ms,7,block_03,Gear,3,shifted,1,0,1,101,2000,numerator_arm_minus_denominator_arm,-0.001,0.0030000000000000027,-6.648226976394653,30.97093391418457,ok,ok
rule_ms-real_ms,rule_ms,real_ms,7,block_03,Gear,3,shifted,1,1,0,110,2000,numerator_arm_minus_denominator_arm,0.009999999999999998,0.15350000000000008,-2.1479352712631226,33.20777416229248,ok,ok
rule_ms-real_ms,rule_ms,real_ms,7,block_03,Gear,3,shifted,1,1,1,111,2000,numerator_arm_minus_denominator_arm,0.0025,0.18300000000000005,-3.222086548805237,34.14213752746582,ok,ok
rule_ms-real_ms,rule_ms,real_ms,7,block_03,RPM,4,canonical,0,0,0,000,2000,numerator_arm_minus_denominator_arm,0.9995,0.87,44.94117534160614,69.71473550796509,ok,ok
rule_ms-real_ms,rule_ms,real_ms,7,block_03,RPM,4,canonical,0,0,1,001,2000,numerator_arm_minus_denominator_arm,0.9935,0.361,31.51926279067993,40.6171875,ok,ok
rule_ms-real_ms,rule_ms,real_ms,7,block_03,RPM,4,canonical,0,1,0,010,2000,numerator_arm_minus_denominator_arm,0.9995,0.927,51.356598138809204,85.95393419265747,ok,ok
rule_ms-real_ms,rule_ms,real_ms,7,block_03,RPM,4,canonical,0,1,1,011,2000,numerator_arm_minus_denominator_arm,0.9995,0.6655,44.22456121444702,73.54199075698853,ok,ok
rule_ms-real_ms,rule_ms,real_ms,7,block_03,RPM,4,canonical,1,0,0,100,2000,numerator_arm_minus_denominator_arm,-0.0405,0.12450000000000006,-2.2890982627868652,23.488466262817383,ok,ok
rule_ms-real_ms,rule_ms,real_ms,7,block_03,RPM,4,canonical,1,0,1,101,2000,numerator_arm_minus_denominator_arm,-0.0265,0.0004999999999999449,-9.236100196838379,24.305980682373047,ok,ok
rule_ms-real_ms,rule_ms,real_ms,7,block_03,RPM,4,canonical,1,1,0,110,2000,numerator_arm_minus_denominator_arm,-0.055,0.3075,-0.25714111328125,18.71541690826416,ok,ok
rule_ms-real_ms,rule_ms,real_ms,7,block_03,RPM,4,canonical,1,1,1,111,2000,numerator_arm_minus_denominator_arm,-0.144,0.005499999999999949,-9.124433994293213,31.28851318359375,ok,ok
rule_ms-real_ms,rule_ms,real_ms,7,block_03,RPM,4,shifted,0,0,0,000,2000,numerator_arm_minus_denominator_arm,0.9995,0.8634999999999999,43.25798761844635,68.32333850860596,ok,ok
rule_ms-real_ms,rule_ms,real_ms,7,block_03,RPM,4,shifted,0,0,1,001,2000,numerator_arm_minus_denominator_arm,0.9935,0.357,30.88619565963745,39.7058687210083,ok,ok
rule_ms-real_ms,rule_ms,real_ms,7,block_03,RPM,4,shifted,0,1,0,010,2000,numerator_arm_minus_denominator_arm,0.9995,0.9225,49.69781684875488,85.71978330612183,ok,ok
rule_ms-real_ms,rule_ms,real_ms,7,block_03,RPM,4,shifted,0,1,1,011,2000,numerator_arm_minus_denominator_arm,0.999,0.6535,42.94361686706543,72.96553468704224,ok,ok
rule_ms-real_ms,rule_ms,real_ms,7,block_03,RPM,4,shifted,1,0,0,100,2000,numerator_arm_minus_denominator_arm,-0.04,0.1150000000000001,-2.128901481628418,24.084928512573242,ok,ok
rule_ms-real_ms,rule_ms,real_ms,7,block_03,RPM,4,shifted,1,0,1,101,2000,numerator_arm_minus_denominator_arm,-0.026,0.0004999999999999449,-9.123659610748291,24.81907844543457,ok,ok
rule_ms-real_ms,rule_ms,real_ms,7,block_03,RPM,4,shifted,1,1,0,110,2000,numerator_arm_minus_denominator_arm,-0.0545,0.3035,-0.24558782577514648,19.324201583862305,ok,ok
rule_ms-real_ms,rule_ms,real_ms,7,block_03,RPM,4,shifted,1,1,1,111,2000,numerator_arm_minus_denominator_arm,-0.145,0.0050000000000000044,-9.148676991462708,31.88503932952881,ok,ok
rule_ms-real_ms,rule_ms,real_ms,42,block_01,Gear,3,canonical,0,0,0,000,2000,numerator_arm_minus_denominator_arm,1.0,1.0,36.825491428375244,83.2364239692688,ok,ok
rule_ms-real_ms,rule_ms,real_ms,42,block_01,Gear,3,canonical,0,0,1,001,2000,numerator_arm_minus_denominator_arm,1.0,1.0,34.26865994930267,77.92117094993591,ok,ok
rule_ms-real_ms,rule_ms,real_ms,42,block_01,Gear,3,canonical,0,1,0,010,2000,numerator_arm_minus_denominator_arm,1.0,1.0,50.49274778366089,144.98645281791687,ok,ok
rule_ms-real_ms,rule_ms,real_ms,42,block_01,Gear,3,canonical,0,1,1,011,2000,numerator_arm_minus_denominator_arm,1.0,1.0,46.4941600561142,131.44557404518127,ok,ok
rule_ms-real_ms,rule_ms,real_ms,42,block_01,Gear,3,canonical,1,0,0,100,2000,numerator_arm_minus_denominator_arm,0.0355,0.5740000000000001,5.4562294483184814,17.851698875427246,ok,ok
rule_ms-real_ms,rule_ms,real_ms,42,block_01,Gear,3,canonical,1,0,1,101,2000,numerator_arm_minus_denominator_arm,0.009,0.40249999999999997,3.8888007402420044,17.422795295715332,ok,ok
rule_ms-real_ms,rule_ms,real_ms,42,block_01,Gear,3,canonical,1,1,0,110,2000,numerator_arm_minus_denominator_arm,0.1745,0.9605,10.443765044212341,29.447276830673218,ok,ok
rule_ms-real_ms,rule_ms,real_ms,42,block_01,Gear,3,canonical,1,1,1,111,2000,numerator_arm_minus_denominator_arm,0.086,0.9590000000000001,8.709168195724487,29.734915733337402,ok,ok
rule_ms-real_ms,rule_ms,real_ms,42,block_01,Gear,3,shifted,0,0,0,000,2000,numerator_arm_minus_denominator_arm,1.0,1.0,36.87325942516327,83.29963690042496,ok,ok
rule_ms-real_ms,rule_ms,real_ms,42,block_01,Gear,3,shifted,0,0,1,001,2000,numerator_arm_minus_denominator_arm,1.0,1.0,34.3224823474884,77.98780024051666,ok,ok
rule_ms-real_ms,rule_ms,real_ms,42,block_01,Gear,3,shifted,0,1,0,010,2000,numerator_arm_minus_denominator_arm,1.0,1.0,50.594067215919495,145.1488834619522,ok,ok
rule_ms-real_ms,rule_ms,real_ms,42,block_01,Gear,3,shifted,0,1,1,011,2000,numerator_arm_minus_denominator_arm,1.0,1.0,46.598694920539856,131.61123490333557,ok,ok
rule_ms-real_ms,rule_ms,real_ms,42,block_01,Gear,3,shifted,1,0,0,100,2000,numerator_arm_minus_denominator_arm,0.0355,0.5735,5.471001386642456,17.849204063415527,ok,ok
rule_ms-real_ms,rule_ms,real_ms,42,block_01,Gear,3,shifted,1,0,1,101,2000,numerator_arm_minus_denominator_arm,0.009,0.40049999999999997,3.9031121730804443,17.420944213867188,ok,ok
rule_ms-real_ms,rule_ms,real_ms,42,block_01,Gear,3,shifted,1,1,0,110,2000,numerator_arm_minus_denominator_arm,0.181,0.9600000000000001,10.485143065452576,29.48891806602478,ok,ok
rule_ms-real_ms,rule_ms,real_ms,42,block_01,Gear,3,shifted,1,1,1,111,2000,numerator_arm_minus_denominator_arm,0.088,0.9590000000000001,8.746689856052399,29.768575191497803,ok,ok
rule_ms-real_ms,rule_ms,real_ms,42,block_01,RPM,4,canonical,0,0,0,000,2000,numerator_arm_minus_denominator_arm,1.0,1.0,44.64469575881958,84.45204427838326,ok,ok
rule_ms-real_ms,rule_ms,real_ms,42,block_01,RPM,4,canonical,0,0,1,001,2000,numerator_arm_minus_denominator_arm,1.0,0.998,36.64714694023132,62.37468922138214,ok,ok
rule_ms-real_ms,rule_ms,real_ms,42,block_01,RPM,4,canonical,0,1,0,010,2000,numerator_arm_minus_denominator_arm,1.0,1.0,50.37667500972748,108.6295265853405,ok,ok
rule_ms-real_ms,rule_ms,real_ms,42,block_01,RPM,4,canonical,0,1,1,011,2000,numerator_arm_minus_denominator_arm,1.0,0.998,48.52985751628876,110.98402762413025,ok,ok
rule_ms-real_ms,rule_ms,real_ms,42,block_01,RPM,4,canonical,1,0,0,100,2000,numerator_arm_minus_denominator_arm,0.031,0.23299999999999998,4.648627758026123,6.7420454025268555,ok,ok
rule_ms-real_ms,rule_ms,real_ms,42,block_01,RPM,4,canonical,1,0,1,101,2000,numerator_arm_minus_denominator_arm,-0.045,0.04800000000000004,0.08234119415283203,8.743194580078125,ok,ok
rule_ms-real_ms,rule_ms,real_ms,42,block_01,RPM,4,canonical,1,1,0,110,2000,numerator_arm_minus_denominator_arm,0.0755,0.439,6.001071453094482,9.87307357788086,ok,ok
rule_ms-real_ms,rule_ms,real_ms,42,block_01,RPM,4,canonical,1,1,1,111,2000,numerator_arm_minus_denominator_arm,-0.1215,0.28049999999999997,-0.5863370895385742,18.639434814453125,ok,ok
rule_ms-real_ms,rule_ms,real_ms,42,block_01,RPM,4,shifted,0,0,0,000,2000,numerator_arm_minus_denominator_arm,1.0,1.0,42.70063924789429,83.23404723405838,ok,ok
rule_ms-real_ms,rule_ms,real_ms,42,block_01,RPM,4,shifted,0,0,1,001,2000,numerator_arm_minus_denominator_arm,1.0,0.9985,35.509318232536316,61.75602912902832,ok,ok
rule_ms-real_ms,rule_ms,real_ms,42,block_01,RPM,4,shifted,0,1,0,010,2000,numerator_arm_minus_denominator_arm,1.0,1.0,48.32897210121155,109.27999591827393,ok,ok
rule_ms-real_ms,rule_ms,real_ms,42,block_01,RPM,4,shifted,0,1,1,011,2000,numerator_arm_minus_denominator_arm,1.0,0.998,46.28280985355377,111.3509886264801,ok,ok
rule_ms-real_ms,rule_ms,real_ms,42,block_01,RPM,4,shifted,1,0,0,100,2000,numerator_arm_minus_denominator_arm,0.0515,0.294,5.248135566711426,7.455503463745117,ok,ok
rule_ms-real_ms,rule_ms,real_ms,42,block_01,RPM,4,shifted,1,0,1,101,2000,numerator_arm_minus_denominator_arm,-0.041499999999999995,0.04400000000000004,0.3338756561279297,9.078377723693848,ok,ok
rule_ms-real_ms,rule_ms,real_ms,42,block_01,RPM,4,shifted,1,1,0,110,2000,numerator_arm_minus_denominator_arm,0.1025,0.475,6.374220848083496,10.50579833984375,ok,ok
rule_ms-real_ms,rule_ms,real_ms,42,block_01,RPM,4,shifted,1,1,1,111,2000,numerator_arm_minus_denominator_arm,-0.11750000000000001,0.267,-0.38651084899902344,19.134065628051758,ok,ok
rule_ms-real_ms,rule_ms,real_ms,42,block_02,Gear,3,canonical,0,0,0,000,2000,numerator_arm_minus_denominator_arm,0.999,0.999,36.92336297035217,83.29624634981155,ok,ok
rule_ms-real_ms,rule_ms,real_ms,42,block_02,Gear,3,canonical,0,0,1,001,2000,numerator_arm_minus_denominator_arm,0.999,0.999,34.3538920879364,77.75750374794006,ok,ok
rule_ms-real_ms,rule_ms,real_ms,42,block_02,Gear,3,canonical,0,1,0,010,2000,numerator_arm_minus_denominator_arm,0.999,0.999,50.63733172416687,145.0399341583252,ok,ok
rule_ms-real_ms,rule_ms,real_ms,42,block_02,Gear,3,canonical,0,1,1,011,2000,numerator_arm_minus_denominator_arm,0.999,0.999,46.50856804847717,131.20872116088867,ok,ok
rule_ms-real_ms,rule_ms,real_ms,42,block_02,Gear,3,canonical,1,0,0,100,2000,numerator_arm_minus_denominator_arm,0.0425,0.5895,5.600012183189392,17.84015703201294,ok,ok
rule_ms-real_ms,rule_ms,real_ms,42,block_02,Gear,3,canonical,1,0,1,101,2000,numerator_arm_minus_denominator_arm,0.005,0.40549999999999997,3.9640300273895264,17.405210494995117,ok,ok
rule_ms-real_ms,rule_ms,real_ms,42,block_02,Gear,3,canonical,1,1,0,110,2000,numerator_arm_minus_denominator_arm,0.175,0.9640000000000001,10.517590761184692,29.80471968650818,ok,ok
rule_ms-real_ms,rule_ms,real_ms,42,block_02,Gear,3,canonical,1,1,1,111,2000,numerator_arm_minus_denominator_arm,0.097,0.9565,8.669630706310272,30.06198811531067,ok,ok
rule_ms-real_ms,rule_ms,real_ms,42,block_02,Gear,3,shifted,0,0,0,000,2000,numerator_arm_minus_denominator_arm,0.999,0.999,36.97058618068695,83.35937124490738,ok,ok
rule_ms-real_ms,rule_ms,real_ms,42,block_02,Gear,3,shifted,0,0,1,001,2000,numerator_arm_minus_denominator_arm,0.999,0.999,34.4070303440094,77.82326686382294,ok,ok
rule_ms-real_ms,rule_ms,real_ms,42,block_02,Gear,3,shifted,0,1,0,010,2000,numerator_arm_minus_denominator_arm,0.999,0.999,50.738882660865784,145.20279932022095,ok,ok
rule_ms-real_ms,rule_ms,real_ms,42,block_02,Gear,3,shifted,0,1,1,011,2000,numerator_arm_minus_denominator_arm,0.999,0.999,46.612952709198,131.37467622756958,ok,ok
rule_ms-real_ms,rule_ms,real_ms,42,block_02,Gear,3,shifted,1,0,0,100,2000,numerator_arm_minus_denominator_arm,0.0435,0.5885,5.614643573760986,17.838666915893555,ok,ok
rule_ms-real_ms,rule_ms,real_ms,42,block_02,Gear,3,shifted,1,0,1,101,2000,numerator_arm_minus_denominator_arm,0.005,0.40349999999999997,3.978505849838257,17.40369701385498,ok,ok
rule_ms-real_ms,rule_ms,real_ms,42,block_02,Gear,3,shifted,1,1,0,110,2000,numerator_arm_minus_denominator_arm,0.1785,0.9640000000000001,10.559417605400085,29.846572399139404,ok,ok
rule_ms-real_ms,rule_ms,real_ms,42,block_02,Gear,3,shifted,1,1,1,111,2000,numerator_arm_minus_denominator_arm,0.0995,0.957,8.707060039043427,30.096080541610718,ok,ok
rule_ms-real_ms,rule_ms,real_ms,42,block_02,RPM,4,canonical,0,0,0,000,2000,numerator_arm_minus_denominator_arm,0.998,0.999,44.38737082481384,84.61558178067207,ok,ok
rule_ms-real_ms,rule_ms,real_ms,42,block_02,RPM,4,canonical,0,0,1,001,2000,numerator_arm_minus_denominator_arm,0.998,0.997,36.420047998428345,62.077216148376465,ok,ok
rule_ms-real_ms,rule_ms,real_ms,42,block_02,RPM,4,canonical,0,1,0,010,2000,numerator_arm_minus_denominator_arm,0.998,0.999,50.3167450428009,109.06049799919128,ok,ok
rule_ms-real_ms,rule_ms,real_ms,42,block_02,RPM,4,canonical,0,1,1,011,2000,numerator_arm_minus_denominator_arm,0.998,0.998,48.4383898973465,110.83824700117111,ok,ok
rule_ms-real_ms,rule_ms,real_ms,42,block_02,RPM,4,canonical,1,0,0,100,2000,numerator_arm_minus_denominator_arm,0.028499999999999998,0.2685,4.639605522155762,7.00674295425415,ok,ok
rule_ms-real_ms,rule_ms,real_ms,42,block_02,RPM,4,canonical,1,0,1,101,2000,numerator_arm_minus_denominator_arm,-0.049999999999999996,0.0505000000000001,0.10014152526855469,8.852997779846191,ok,ok
rule_ms-real_ms,rule_ms,real_ms,42,block_02,RPM,4,canonical,1,1,0,110,2000,numerator_arm_minus_denominator_arm,0.0775,0.46499999999999997,5.8678483963012695,9.981005191802979,ok,ok
rule_ms-real_ms,rule_ms,real_ms,42,block_02,RPM,4,canonical,1,1,1,111,2000,numerator_arm_minus_denominator_arm,-0.13349999999999998,0.26149999999999995,-0.6008272171020508,18.56354522705078,ok,ok
rule_ms-real_ms,rule_ms,real_ms,42,block_02,RPM,4,shifted,0,0,0,000,2000,numerator_arm_minus_denominator_arm,0.998,0.999,42.403350830078125,83.35417449474335,ok,ok
rule_ms-real_ms,rule_ms,real_ms,42,block_02,RPM,4,shifted,0,0,1,001,2000,numerator_arm_minus_denominator_arm,0.998,0.997,35.26909375190735,61.438310623168945,ok,ok
rule_ms-real_ms,rule_ms,real_ms,42,block_02,RPM,4,shifted,0,1,0,010,2000,numerator_arm_minus_denominator_arm,0.998,0.999,48.24013149738312,109.67830747365952,ok,ok
rule_ms-real_ms,rule_ms,real_ms,42,block_02,RPM,4,shifted,0,1,1,011,2000,numerator_arm_minus_denominator_arm,0.998,0.9975,46.19683635234833,111.20601749420166,ok,ok
rule_ms-real_ms,rule_ms,real_ms,42,block_02,RPM,4,shifted,1,0,0,100,2000,numerator_arm_minus_denominator_arm,0.051,0.3155,5.214981555938721,7.7220916748046875,ok,ok
rule_ms-real_ms,rule_ms,real_ms,42,block_02,RPM,4,shifted,1,0,1,101,2000,numerator_arm_minus_denominator_arm,-0.048999999999999995,0.04700000000000004,0.34879493713378906,9.192209243774414,ok,ok
rule_ms-real_ms,rule_ms,real_ms,42,block_02,RPM,4,shifted,1,1,0,110,2000,numerator_arm_minus_denominator_arm,0.09699999999999999,0.4925,6.231848239898682,10.616615056991577,ok,ok
rule_ms-real_ms,rule_ms,real_ms,42,block_02,RPM,4,shifted,1,1,1,111,2000,numerator_arm_minus_denominator_arm,-0.12849999999999998,0.251,-0.40356016159057617,19.05644130706787,ok,ok
rule_ms-real_ms,rule_ms,real_ms,42,block_03,Gear,3,canonical,0,0,0,000,2000,numerator_arm_minus_denominator_arm,1.0,1.0,36.66406774520874,82.9426337480545,ok,ok
rule_ms-real_ms,rule_ms,real_ms,42,block_03,Gear,3,canonical,0,0,1,001,2000,numerator_arm_minus_denominator_arm,1.0,1.0,34.18920063972473,77.69399869441986,ok,ok
rule_ms-real_ms,rule_ms,real_ms,42,block_03,Gear,3,canonical,0,1,0,010,2000,numerator_arm_minus_denominator_arm,1.0,1.0,50.43700695037842,145.29927849769592,ok,ok
rule_ms-real_ms,rule_ms,real_ms,42,block_03,Gear,3,canonical,0,1,1,011,2000,numerator_arm_minus_denominator_arm,1.0,1.0,46.425172567367554,131.6911598443985,ok,ok
rule_ms-real_ms,rule_ms,real_ms,42,block_03,Gear,3,canonical,1,0,0,100,2000,numerator_arm_minus_denominator_arm,0.04,0.567,5.3811434507369995,17.869757175445557,ok,ok
rule_ms-real_ms,rule_ms,real_ms,42,block_03,Gear,3,canonical,1,0,1,101,2000,numerator_arm_minus_denominator_arm,0.0085,0.389,3.816777229309082,17.424819946289062,ok,ok
rule_ms-real_ms,rule_ms,real_ms,42,block_03,Gear,3,canonical,1,1,0,110,2000,numerator_arm_minus_denominator_arm,0.177,0.968,10.426963090896606,29.34872031211853,ok,ok
rule_ms-real_ms,rule_ms,real_ms,42,block_03,Gear,3,canonical,1,1,1,111,2000,numerator_arm_minus_denominator_arm,0.0975,0.9615,8.68448656797409,29.645655393600464,ok,ok
rule_ms-real_ms,rule_ms,real_ms,42,block_03,Gear,3,shifted,0,0,0,000,2000,numerator_arm_minus_denominator_arm,1.0,1.0,36.71155655384064,83.00551038980484,ok,ok
rule_ms-real_ms,rule_ms,real_ms,42,block_03,Gear,3,shifted,0,0,1,001,2000,numerator_arm_minus_denominator_arm,1.0,1.0,34.243146896362305,77.75979280471802,ok,ok
rule_ms-real_ms,rule_ms,real_ms,42,block_03,Gear,3,shifted,0,1,0,010,2000,numerator_arm_minus_denominator_arm,1.0,1.0,50.53880035877228,145.4622415304184,ok,ok
rule_ms-real_ms,rule_ms,real_ms,42,block_03,Gear,3,shifted,0,1,1,011,2000,numerator_arm_minus_denominator_arm,1.0,1.0,46.53024411201477,131.8578794002533,ok,ok
rule_ms-real_ms,rule_ms,real_ms,42,block_03,Gear,3,shifted,1,0,0,100,2000,numerator_arm_minus_denominator_arm,0.0405,0.5635,5.396095514297485,17.86744976043701,ok,ok
rule_ms-real_ms,rule_ms,real_ms,42,block_03,Gear,3,shifted,1,0,1,101,2000,numerator_arm_minus_denominator_arm,0.0085,0.386,3.831589102745056,17.422760009765625,ok,ok
rule_ms-real_ms,rule_ms,real_ms,42,block_03,Gear,3,shifted,1,1,0,110,2000,numerator_arm_minus_denominator_arm,0.179,0.968,10.468712329864502,29.39109182357788,ok,ok
rule_ms-real_ms,rule_ms,real_ms,42,block_03,Gear,3,shifted,1,1,1,111,2000,numerator_arm_minus_denominator_arm,0.101,0.9620000000000001,8.722141742706299,29.680566787719727,ok,ok
rule_ms-real_ms,rule_ms,real_ms,42,block_03,RPM,4,canonical,0,0,0,000,2000,numerator_arm_minus_denominator_arm,1.0,1.0,44.359830141067505,84.34415379166603,ok,ok
rule_ms-real_ms,rule_ms,real_ms,42,block_03,RPM,4,canonical,0,0,1,001,2000,numerator_arm_minus_denominator_arm,1.0,0.9985,36.48256075382233,62.175347566604614,ok,ok
rule_ms-real_ms,rule_ms,real_ms,42,block_03,RPM,4,canonical,0,1,0,010,2000,numerator_arm_minus_denominator_arm,1.0,1.0,50.21802794933319,109.06630918383598,ok,ok
rule_ms-real_ms,rule_ms,real_ms,42,block_03,RPM,4,canonical,0,1,1,011,2000,numerator_arm_minus_denominator_arm,1.0,0.9985,48.461838126182556,111.36758810281754,ok,ok
rule_ms-real_ms,rule_ms,real_ms,42,block_03,RPM,4,canonical,1,0,0,100,2000,numerator_arm_minus_denominator_arm,0.027999999999999997,0.249,4.566088676452637,6.814487457275391,ok,ok
rule_ms-real_ms,rule_ms,real_ms,42,block_03,RPM,4,canonical,1,0,1,101,2000,numerator_arm_minus_denominator_arm,-0.046,0.040000000000000036,0.0038890838623046875,8.699767112731934,ok,ok
rule_ms-real_ms,rule_ms,real_ms,42,block_03,RPM,4,canonical,1,1,0,110,2000,numerator_arm_minus_denominator_arm,0.081,0.45099999999999996,5.878007411956787,9.975563049316406,ok,ok
rule_ms-real_ms,rule_ms,real_ms,42,block_03,RPM,4,canonical,1,1,1,111,2000,numerator_arm_minus_denominator_arm,-0.126,0.276,-0.5652661323547363,18.50784397125244,ok,ok
rule_ms-real_ms,rule_ms,real_ms,42,block_03,RPM,4,shifted,0,0,0,000,2000,numerator_arm_minus_denominator_arm,1.0,1.0,42.41624689102173,83.12196826934814,ok,ok
rule_ms-real_ms,rule_ms,real_ms,42,block_03,RPM,4,shifted,0,0,1,001,2000,numerator_arm_minus_denominator_arm,1.0,0.9985,35.35167622566223,61.55861675739288,ok,ok
rule_ms-real_ms,rule_ms,real_ms,42,block_03,RPM,4,shifted,0,1,0,010,2000,numerator_arm_minus_denominator_arm,1.0,1.0,48.15415418148041,109.7014907002449,ok,ok
rule_ms-real_ms,rule_ms,real_ms,42,block_03,RPM,4,shifted,0,1,1,011,2000,numerator_arm_minus_denominator_arm,1.0,0.9985,46.216318011283875,111.73975199460983,ok,ok
rule_ms-real_ms,rule_ms,real_ms,42,block_03,RPM,4,shifted,1,0,0,100,2000,numerator_arm_minus_denominator_arm,0.049499999999999995,0.2995,5.152934551239014,7.536689281463623,ok,ok
rule_ms-real_ms,rule_ms,real_ms,42,block_03,RPM,4,shifted,1,0,1,101,2000,numerator_arm_minus_denominator_arm,-0.043,0.035499999999999976,0.25856733322143555,9.042222023010254,ok,ok
rule_ms-real_ms,rule_ms,real_ms,42,block_03,RPM,4,shifted,1,1,0,110,2000,numerator_arm_minus_denominator_arm,0.103,0.487,6.251615047454834,10.622288465499878,ok,ok
rule_ms-real_ms,rule_ms,real_ms,42,block_03,RPM,4,shifted,1,1,1,111,2000,numerator_arm_minus_denominator_arm,-0.12050000000000001,0.266,-0.3713078498840332,19.006315231323242,ok,ok
rule_ms-real_ms,rule_ms,real_ms,123,block_01,Gear,3,canonical,0,0,0,000,2000,numerator_arm_minus_denominator_arm,1.0,0.981,32.72273921966553,71.56296515464783,ok,ok
rule_ms-real_ms,rule_ms,real_ms,123,block_01,Gear,3,canonical,0,0,1,001,2000,numerator_arm_minus_denominator_arm,1.0,0.9875,29.4099982380867,64.70111310482025,ok,ok
rule_ms-real_ms,rule_ms,real_ms,123,block_01,Gear,3,canonical,0,1,0,010,2000,numerator_arm_minus_denominator_arm,1.0,0.998,50.10317015647888,130.42179542779922,ok,ok
rule_ms-real_ms,rule_ms,real_ms,123,block_01,Gear,3,canonical,0,1,1,011,2000,numerator_arm_minus_denominator_arm,1.0,0.9985,45.30483257770538,117.27289289236069,ok,ok
rule_ms-real_ms,rule_ms,real_ms,123,block_01,Gear,3,canonical,1,0,0,100,2000,numerator_arm_minus_denominator_arm,0.011,0.016000000000000014,-0.8902014493942261,27.815176010131836,ok,ok
rule_ms-real_ms,rule_ms,real_ms,123,block_01,Gear,3,canonical,1,0,1,101,2000,numerator_arm_minus_denominator_arm,0.0025,0.014000000000000012,-0.9310792684555054,26.790367126464844,ok,ok
rule_ms-real_ms,rule_ms,real_ms,123,block_01,Gear,3,canonical,1,1,0,110,2000,numerator_arm_minus_denominator_arm,0.2495,0.025000000000000022,6.218618988990784,35.58355712890625,ok,ok
rule_ms-real_ms,rule_ms,real_ms,123,block_01,Gear,3,canonical,1,1,1,111,2000,numerator_arm_minus_denominator_arm,0.0475,0.041000000000000036,3.0940085649490356,41.516727447509766,ok,ok
rule_ms-real_ms,rule_ms,real_ms,123,block_01,Gear,3,shifted,0,0,0,000,2000,numerator_arm_minus_denominator_arm,1.0,0.9805,32.80861461162567,71.63153219223022,ok,ok
rule_ms-real_ms,rule_ms,real_ms,123,block_01,Gear,3,shifted,0,0,1,001,2000,numerator_arm_minus_denominator_arm,1.0,0.987,29.507316529750824,64.77368533611298,ok,ok
rule_ms-real_ms,rule_ms,real_ms,123,block_01,Gear,3,shifted,0,1,0,010,2000,numerator_arm_minus_denominator_arm,1.0,0.998,50.22462558746338,130.6035793721676,ok,ok
rule_ms-real_ms,rule_ms,real_ms,123,block_01,Gear,3,shifted,0,1,1,011,2000,numerator_arm_minus_denominator_arm,1.0,0.9985,45.443493247032166,117.44976538419724,ok,ok
rule_ms-real_ms,rule_ms,real_ms,123,block_01,Gear,3,shifted,1,0,0,100,2000,numerator_arm_minus_denominator_arm,0.011,0.015499999999999958,-0.8696340322494507,27.814048767089844,ok,ok
rule_ms-real_ms,rule_ms,real_ms,123,block_01,Gear,3,shifted,1,0,1,101,2000,numerator_arm_minus_denominator_arm,0.0025,0.014000000000000012,-0.9122135639190674,26.786846160888672,ok,ok
rule_ms-real_ms,rule_ms,real_ms,123,block_01,Gear,3,shifted,1,1,0,110,2000,numerator_arm_minus_denominator_arm,0.258,0.025000000000000022,6.271602988243103,35.66732406616211,ok,ok
rule_ms-real_ms,rule_ms,real_ms,123,block_01,Gear,3,shifted,1,1,1,111,2000,numerator_arm_minus_denominator_arm,0.0485,0.041000000000000036,3.139777660369873,41.58431434631348,ok,ok
rule_ms-real_ms,rule_ms,real_ms,123,block_01,RPM,4,canonical,0,0,0,000,2000,numerator_arm_minus_denominator_arm,1.0,0.9975,43.218814730644226,81.75277876853943,ok,ok
rule_ms-real_ms,rule_ms,real_ms,123,block_01,RPM,4,canonical,0,0,1,001,2000,numerator_arm_minus_denominator_arm,1.0,0.994,34.70072704553604,60.883172273635864,ok,ok
rule_ms-real_ms,rule_ms,real_ms,123,block_01,RPM,4,canonical,0,1,0,010,2000,numerator_arm_minus_denominator_arm,0.9995,0.9985,49.63822865486145,105.9962470382452,ok,ok
rule_ms-real_ms,rule_ms,real_ms,123,block_01,RPM,4,canonical,0,1,1,011,2000,numerator_arm_minus_denominator_arm,0.999,0.9835,45.05068318545818,103.24614119529724,ok,ok
rule_ms-real_ms,rule_ms,real_ms,123,block_01,RPM,4,canonical,1,0,0,100,2000,numerator_arm_minus_denominator_arm,0.424,0.020000000000000018,6.471400737762451,4.363742828369141,ok,ok
rule_ms-real_ms,rule_ms,real_ms,123,block_01,RPM,4,canonical,1,0,1,101,2000,numerator_arm_minus_denominator_arm,0.013999999999999999,0.0,0.2749185562133789,10.609018325805664,ok,ok
rule_ms-real_ms,rule_ms,real_ms,123,block_01,RPM,4,canonical,1,1,0,110,2000,numerator_arm_minus_denominator_arm,0.1655,0.0804999999999999,3.252483367919922,10.509096145629883,ok,ok
rule_ms-real_ms,rule_ms,real_ms,123,block_01,RPM,4,canonical,1,1,1,111,2000,numerator_arm_minus_denominator_arm,-0.0115,0.0,-3.034584164619446,21.91836166381836,ok,ok
rule_ms-real_ms,rule_ms,real_ms,123,block_01,RPM,4,shifted,0,0,0,000,2000,numerator_arm_minus_denominator_arm,1.0,0.9975,41.628241419792175,80.25159430503845,ok,ok
rule_ms-real_ms,rule_ms,real_ms,123,block_01,RPM,4,shifted,0,0,1,001,2000,numerator_arm_minus_denominator_arm,1.0,0.994,33.63081759214401,59.41750466823578,ok,ok
rule_ms-real_ms,rule_ms,real_ms,123,block_01,RPM,4,shifted,0,1,0,010,2000,numerator_arm_minus_denominator_arm,0.9995,0.9985,47.68814790248871,105.69004338979721,ok,ok
rule_ms-real_ms,rule_ms,real_ms,123,block_01,RPM,4,shifted,0,1,1,011,2000,numerator_arm_minus_denominator_arm,0.999,0.984,42.637506045401096,101.92689156532288,ok,ok
rule_ms-real_ms,rule_ms,real_ms,123,block_01,RPM,4,shifted,1,0,0,100,2000,numerator_arm_minus_denominator_arm,0.472,0.030000000000000027,6.902387619018555,5.339933395385742,ok,ok
rule_ms-real_ms,rule_ms,real_ms,123,block_01,RPM,4,shifted,1,0,1,101,2000,numerator_arm_minus_denominator_arm,0.017499999999999998,0.0,0.48153257369995117,11.160148620605469,ok,ok
rule_ms-real_ms,rule_ms,real_ms,123,block_01,RPM,4,shifted,1,1,0,110,2000,numerator_arm_minus_denominator_arm,0.1815,0.08849999999999991,3.439520835876465,11.48153305053711,ok,ok
rule_ms-real_ms,rule_ms,real_ms,123,block_01,RPM,4,shifted,1,1,1,111,2000,numerator_arm_minus_denominator_arm,-0.0105,0.0,-2.8067054748535156,22.754703521728516,ok,ok
rule_ms-real_ms,rule_ms,real_ms,123,block_02,Gear,3,canonical,0,0,0,000,2000,numerator_arm_minus_denominator_arm,0.999,0.981,32.863765001297,71.73806023597717,ok,ok
rule_ms-real_ms,rule_ms,real_ms,123,block_02,Gear,3,canonical,0,0,1,001,2000,numerator_arm_minus_denominator_arm,0.999,0.9905,29.43479883670807,64.698455452919,ok,ok
rule_ms-real_ms,rule_ms,real_ms,123,block_02,Gear,3,canonical,0,1,0,010,2000,numerator_arm_minus_denominator_arm,0.999,0.9985,50.3666797876358,130.64562858641148,ok,ok
rule_ms-real_ms,rule_ms,real_ms,123,block_02,Gear,3,canonical,0,1,1,011,2000,numerator_arm_minus_denominator_arm,0.999,0.9985,45.34706521034241,116.89831709861755,ok,ok
rule_ms-real_ms,rule_ms,real_ms,123,block_02,Gear,3,canonical,1,0,0,100,2000,numerator_arm_minus_denominator_arm,0.0125,0.02100000000000002,-0.6482466459274292,27.984548568725586,ok,ok
rule_ms-real_ms,rule_ms,real_ms,123,block_02,Gear,3,canonical,1,0,1,101,2000,numerator_arm_minus_denominator_arm,0.0034999999999999996,0.01749999999999996,-0.7225689888000488,26.992908477783203,ok,ok
rule_ms-real_ms,rule_ms,real_ms,123,block_02,Gear,3,canonical,1,1,0,110,2000,numerator_arm_minus_denominator_arm,0.264,0.02400000000000002,6.496255874633789,36.115278244018555,ok,ok
rule_ms-real_ms,rule_ms,real_ms,123,block_02,Gear,3,canonical,1,1,1,111,2000,numerator_arm_minus_denominator_arm,0.0525,0.05149999999999999,3.209926128387451,42.288442611694336,ok,ok
rule_ms-real_ms,rule_ms,real_ms,123,block_02,Gear,3,shifted,0,0,0,000,2000,numerator_arm_minus_denominator_arm,0.999,0.981,32.948782086372375,71.80578947067261,ok,ok
rule_ms-real_ms,rule_ms,real_ms,123,block_02,Gear,3,shifted,0,0,1,001,2000,numerator_arm_minus_denominator_arm,0.999,0.9905,29.533020853996277,64.77033078670502,ok,ok
rule_ms-real_ms,rule_ms,real_ms,123,block_02,Gear,3,shifted,0,1,0,010,2000,numerator_arm_minus_denominator_arm,0.999,0.9985,50.48630690574646,130.8277339041233,ok,ok
rule_ms-real_ms,rule_ms,real_ms,123,block_02,Gear,3,shifted,0,1,1,011,2000,numerator_arm_minus_denominator_arm,0.999,0.9985,45.48749232292175,117.07574903964996,ok,ok
rule_ms-real_ms,rule_ms,real_ms,123,block_02,Gear,3,shifted,1,0,0,100,2000,numerator_arm_minus_denominator_arm,0.0125,0.02100000000000002,-0.627687931060791,27.984113693237305,ok,ok
rule_ms-real_ms,rule_ms,real_ms,123,block_02,Gear,3,shifted,1,0,1,101,2000,numerator_arm_minus_denominator_arm,0.0034999999999999996,0.01749999999999996,-0.7037571668624878,26.98992919921875,ok,ok
rule_ms-real_ms,rule_ms,real_ms,123,block_02,Gear,3,shifted,1,1,0,110,2000,numerator_arm_minus_denominator_arm,0.27,0.02400000000000002,6.550108790397644,36.1993465423584,ok,ok
rule_ms-real_ms,rule_ms,real_ms,123,block_02,Gear,3,shifted,1,1,1,111,2000,numerator_arm_minus_denominator_arm,0.0535,0.051000000000000045,3.256066083908081,42.35625648498535,ok,ok
rule_ms-real_ms,rule_ms,real_ms,123,block_02,RPM,4,canonical,0,0,0,000,2000,numerator_arm_minus_denominator_arm,0.9995,0.9975,43.14271914958954,81.69393050670624,ok,ok
rule_ms-real_ms,rule_ms,real_ms,123,block_02,RPM,4,canonical,0,0,1,001,2000,numerator_arm_minus_denominator_arm,0.9995,0.991,34.646416425704956,60.665732741355896,ok,ok
rule_ms-real_ms,rule_ms,real_ms,123,block_02,RPM,4,canonical,0,1,0,010,2000,numerator_arm_minus_denominator_arm,1.0,0.9985,49.546234369277954,106.20080356299877,ok,ok
rule_ms-real_ms,rule_ms,real_ms,123,block_02,RPM,4,canonical,0,1,1,011,2000,numerator_arm_minus_denominator_arm,0.9975,0.985,45.02881025150418,103.15952444076538,ok,ok
rule_ms-real_ms,rule_ms,real_ms,123,block_02,RPM,4,canonical,1,0,0,100,2000,numerator_arm_minus_denominator_arm,0.427,0.02950000000000008,6.586028099060059,4.670604705810547,ok,ok
rule_ms-real_ms,rule_ms,real_ms,123,block_02,RPM,4,canonical,1,0,1,101,2000,numerator_arm_minus_denominator_arm,0.023,0.0010000000000000009,0.4194493293762207,10.817626953125,ok,ok
rule_ms-real_ms,rule_ms,real_ms,123,block_02,RPM,4,canonical,1,1,0,110,2000,numerator_arm_minus_denominator_arm,0.17350000000000002,0.08099999999999996,3.435396194458008,10.709444046020508,ok,ok
rule_ms-real_ms,rule_ms,real_ms,123,block_02,RPM,4,canonical,1,1,1,111,2000,numerator_arm_minus_denominator_arm,-0.005,0.0,-2.8780654668807983,21.969039916992188,ok,ok
rule_ms-real_ms,rule_ms,real_ms,123,block_02,RPM,4,shifted,0,0,0,000,2000,numerator_arm_minus_denominator_arm,0.9995,0.9975,41.537638902664185,80.16869813203812,ok,ok
rule_ms-real_ms,rule_ms,real_ms,123,block_02,RPM,4,shifted,0,0,1,001,2000,numerator_arm_minus_denominator_arm,0.9995,0.991,33.57511603832245,59.2048773765564,ok,ok
rule_ms-real_ms,rule_ms,real_ms,123,block_02,RPM,4,shifted,0,1,0,010,2000,numerator_arm_minus_denominator_arm,1.0,0.9985,47.56386053562164,105.85663977265358,ok,ok
rule_ms-real_ms,rule_ms,real_ms,123,block_02,RPM,4,shifted,0,1,1,011,2000,numerator_arm_minus_denominator_arm,0.998,0.985,42.61285196617246,101.84319806098938,ok,ok
rule_ms-real_ms,rule_ms,real_ms,123,block_02,RPM,4,shifted,1,0,0,100,2000,numerator_arm_minus_denominator_arm,0.479,0.03550000000000009,7.005218029022217,5.640758514404297,ok,ok
rule_ms-real_ms,rule_ms,real_ms,123,block_02,RPM,4,shifted,1,0,1,101,2000,numerator_arm_minus_denominator_arm,0.027000000000000003,0.0010000000000000009,0.6164278984069824,11.370906829833984,ok,ok
rule_ms-real_ms,rule_ms,real_ms,123,block_02,RPM,4,shifted,1,1,0,110,2000,numerator_arm_minus_denominator_arm,0.192,0.08650000000000002,3.623039722442627,11.679969787597656,ok,ok
rule_ms-real_ms,rule_ms,real_ms,123,block_02,RPM,4,shifted,1,1,1,111,2000,numerator_arm_minus_denominator_arm,-0.005,0.0,-2.6556977033615112,22.807228088378906,ok,ok
rule_ms-real_ms,rule_ms,real_ms,123,block_03,Gear,3,canonical,0,0,0,000,2000,numerator_arm_minus_denominator_arm,1.0,0.9825,32.62488603591919,71.15072655677795,ok,ok
rule_ms-real_ms,rule_ms,real_ms,123,block_03,Gear,3,canonical,0,0,1,001,2000,numerator_arm_minus_denominator_arm,1.0,0.9905,29.305079340934753,64.39320313930511,ok,ok
rule_ms-real_ms,rule_ms,real_ms,123,block_03,Gear,3,canonical,0,1,0,010,2000,numerator_arm_minus_denominator_arm,1.0,0.999,50.218536496162415,130.61171681433916,ok,ok
rule_ms-real_ms,rule_ms,real_ms,123,block_03,Gear,3,canonical,0,1,1,011,2000,numerator_arm_minus_denominator_arm,1.0,1.0,45.32328128814697,117.28979724645615,ok,ok
rule_ms-real_ms,rule_ms,real_ms,123,block_03,Gear,3,canonical,1,0,0,100,2000,numerator_arm_minus_denominator_arm,0.01,0.015499999999999958,-0.8972722291946411,27.48418617248535,ok,ok
rule_ms-real_ms,rule_ms,real_ms,123,block_03,Gear,3,canonical,1,0,1,101,2000,numerator_arm_minus_denominator_arm,0.001,0.012499999999999956,-0.9288820028305054,26.529451370239258,ok,ok
rule_ms-real_ms,rule_ms,real_ms,123,block_03,Gear,3,canonical,1,1,0,110,2000,numerator_arm_minus_denominator_arm,0.253,0.022499999999999964,6.256244421005249,35.57613563537598,ok,ok
rule_ms-real_ms,rule_ms,real_ms,123,block_03,Gear,3,canonical,1,1,1,111,2000,numerator_arm_minus_denominator_arm,0.0455,0.04700000000000004,3.1377981901168823,41.53243064880371,ok,ok
rule_ms-real_ms,rule_ms,real_ms,123,block_03,Gear,3,shifted,0,0,0,000,2000,numerator_arm_minus_denominator_arm,1.0,0.982,32.709914326667786,71.2192895412445,ok,ok
rule_ms-real_ms,rule_ms,real_ms,123,block_03,Gear,3,shifted,0,0,1,001,2000,numerator_arm_minus_denominator_arm,1.0,0.9905,29.40461838245392,64.46513211727142,ok,ok
rule_ms-real_ms,rule_ms,real_ms,123,block_03,Gear,3,shifted,0,1,0,010,2000,numerator_arm_minus_denominator_arm,1.0,0.999,50.34078860282898,130.79395166039467,ok,ok
rule_ms-real_ms,rule_ms,real_ms,123,block_03,Gear,3,shifted,0,1,1,011,2000,numerator_arm_minus_denominator_arm,1.0,1.0,45.46597123146057,117.46804827451706,ok,ok
rule_ms-real_ms,rule_ms,real_ms,123,block_03,Gear,3,shifted,1,0,0,100,2000,numerator_arm_minus_denominator_arm,0.0105,0.015499999999999958,-0.876996636390686,27.483661651611328,ok,ok
rule_ms-real_ms,rule_ms,real_ms,123,block_03,Gear,3,shifted,1,0,1,101,2000,numerator_arm_minus_denominator_arm,0.001,0.012499999999999956,-0.9101148843765259,26.526042938232422,ok,ok
rule_ms-real_ms,rule_ms,real_ms,123,block_03,Gear,3,shifted,1,1,0,110,2000,numerator_arm_minus_denominator_arm,0.2595,0.022499999999999964,6.3094624280929565,35.660614013671875,ok,ok
rule_ms-real_ms,rule_ms,real_ms,123,block_03,Gear,3,shifted,1,1,1,111,2000,numerator_arm_minus_denominator_arm,0.046,0.04700000000000004,3.18338680267334,41.600664138793945,ok,ok
rule_ms-real_ms,rule_ms,real_ms,123,block_03,RPM,4,canonical,0,0,0,000,2000,numerator_arm_minus_denominator_arm,1.0,0.998,43.10227406024933,81.48922830820084,ok,ok
rule_ms-real_ms,rule_ms,real_ms,123,block_03,RPM,4,canonical,0,0,1,001,2000,numerator_arm_minus_denominator_arm,0.999,0.9935,34.577862709760666,60.576775431632996,ok,ok
rule_ms-real_ms,rule_ms,real_ms,123,block_03,RPM,4,canonical,0,1,0,010,2000,numerator_arm_minus_denominator_arm,1.0,0.999,49.47169363498688,106.24135901033878,ok,ok
rule_ms-real_ms,rule_ms,real_ms,123,block_03,RPM,4,canonical,0,1,1,011,2000,numerator_arm_minus_denominator_arm,0.999,0.9845,45.03810590784997,103.56855750083923,ok,ok
rule_ms-real_ms,rule_ms,real_ms,123,block_03,RPM,4,canonical,1,0,0,100,2000,numerator_arm_minus_denominator_arm,0.419,0.01849999999999996,6.51176643371582,4.302770614624023,ok,ok
rule_ms-real_ms,rule_ms,real_ms,123,block_03,RPM,4,canonical,1,0,1,101,2000,numerator_arm_minus_denominator_arm,0.0145,0.0010000000000000009,0.3432655334472656,10.64956283569336,ok,ok
rule_ms-real_ms,rule_ms,real_ms,123,block_03,RPM,4,canonical,1,1,0,110,2000,numerator_arm_minus_denominator_arm,0.17650000000000002,0.07899999999999996,3.513554096221924,10.290115356445312,ok,ok
rule_ms-real_ms,rule_ms,real_ms,123,block_03,RPM,4,canonical,1,1,1,111,2000,numerator_arm_minus_denominator_arm,-0.007,0.0,-2.875128388404846,21.514999389648438,ok,ok
rule_ms-real_ms,rule_ms,real_ms,123,block_03,RPM,4,shifted,0,0,0,000,2000,numerator_arm_minus_denominator_arm,1.0,0.998,41.52120125293732,80.00460147857666,ok,ok
rule_ms-real_ms,rule_ms,real_ms,123,block_03,RPM,4,shifted,0,0,1,001,2000,numerator_arm_minus_denominator_arm,0.999,0.9935,33.5143346786499,59.131791472435,ok,ok
rule_ms-real_ms,rule_ms,real_ms,123,block_03,RPM,4,shifted,0,1,0,010,2000,numerator_arm_minus_denominator_arm,1.0,0.999,47.49901819229126,105.91282543540001,ok,ok
rule_ms-real_ms,rule_ms,real_ms,123,block_03,RPM,4,shifted,0,1,1,011,2000,numerator_arm_minus_denominator_arm,0.999,0.985,42.625331352464855,102.25215029716492,ok,ok
rule_ms-real_ms,rule_ms,real_ms,123,block_03,RPM,4,shifted,1,0,0,100,2000,numerator_arm_minus_denominator_arm,0.46449999999999997,0.02849999999999997,6.944329738616943,5.272579193115234,ok,ok
rule_ms-real_ms,rule_ms,real_ms,123,block_03,RPM,4,shifted,1,0,1,101,2000,numerator_arm_minus_denominator_arm,0.019500000000000003,0.0010000000000000009,0.5415096282958984,11.197851181030273,ok,ok
rule_ms-real_ms,rule_ms,real_ms,123,block_03,RPM,4,shifted,1,1,0,110,2000,numerator_arm_minus_denominator_arm,0.197,0.08399999999999996,3.703907012939453,11.26487922668457,ok,ok
rule_ms-real_ms,rule_ms,real_ms,123,block_03,RPM,4,shifted,1,1,1,111,2000,numerator_arm_minus_denominator_arm,-0.006,0.0,-2.653385877609253,22.350887298583984,ok,ok
rule_ms-real_ms,rule_ms,real_ms,2026,block_01,Gear,3,canonical,0,0,0,000,2000,numerator_arm_minus_denominator_arm,1.0,0.985,38.14869076013565,82.01560187339783,ok,ok
rule_ms-real_ms,rule_ms,real_ms,2026,block_01,Gear,3,canonical,0,0,1,001,2000,numerator_arm_minus_denominator_arm,1.0,0.9885,35.44650137424469,75.52271318435669,ok,ok
rule_ms-real_ms,rule_ms,real_ms,2026,block_01,Gear,3,canonical,0,1,0,010,2000,numerator_arm_minus_denominator_arm,1.0,1.0,52.76576244831085,130.35298520326614,ok,ok
rule_ms-real_ms,rule_ms,real_ms,2026,block_01,Gear,3,canonical,0,1,1,011,2000,numerator_arm_minus_denominator_arm,1.0,1.0,48.187469124794006,117.40378552675247,ok,ok
rule_ms-real_ms,rule_ms,real_ms,2026,block_01,Gear,3,canonical,1,0,0,100,2000,numerator_arm_minus_denominator_arm,0.0535,0.05300000000000005,5.299519628286362,26.174795150756836,ok,ok
rule_ms-real_ms,rule_ms,real_ms,2026,block_01,Gear,3,canonical,1,0,1,101,2000,numerator_arm_minus_denominator_arm,0.0075,0.022499999999999964,4.0450955629348755,26.55437469482422,ok,ok
rule_ms-real_ms,rule_ms,real_ms,2026,block_01,Gear,3,canonical,1,1,0,110,2000,numerator_arm_minus_denominator_arm,0.0255,0.5710000000000001,5.878775537014008,30.864068031311035,ok,ok
rule_ms-real_ms,rule_ms,real_ms,2026,block_01,Gear,3,canonical,1,1,1,111,2000,numerator_arm_minus_denominator_arm,0.0045,0.49650000000000005,4.592989087104797,31.09148406982422,ok,ok
rule_ms-real_ms,rule_ms,real_ms,2026,block_01,Gear,3,shifted,0,0,0,000,2000,numerator_arm_minus_denominator_arm,1.0,0.985,38.181229054927826,82.12195229530334,ok,ok
rule_ms-real_ms,rule_ms,real_ms,2026,block_01,Gear,3,shifted,0,0,1,001,2000,numerator_arm_minus_denominator_arm,1.0,0.9885,35.48265874385834,75.62585663795471,ok,ok
rule_ms-real_ms,rule_ms,real_ms,2026,block_01,Gear,3,shifted,0,1,0,010,2000,numerator_arm_minus_denominator_arm,1.0,1.0,52.83649694919586,130.57684421539307,ok,ok
rule_ms-real_ms,rule_ms,real_ms,2026,block_01,Gear,3,shifted,0,1,1,011,2000,numerator_arm_minus_denominator_arm,1.0,1.0,48.25795924663544,117.60982918739319,ok,ok
rule_ms-real_ms,rule_ms,real_ms,2026,block_01,Gear,3,shifted,1,0,0,100,2000,numerator_arm_minus_denominator_arm,0.0545,0.05049999999999999,5.321737110614777,26.1837215423584,ok,ok
rule_ms-real_ms,rule_ms,real_ms,2026,block_01,Gear,3,shifted,1,0,1,101,2000,numerator_arm_minus_denominator_arm,0.0075,0.022499999999999964,4.06338894367218,26.562328338623047,ok,ok
rule_ms-real_ms,rule_ms,real_ms,2026,block_01,Gear,3,shifted,1,1,0,110,2000,numerator_arm_minus_denominator_arm,0.026,0.5700000000000001,5.898260444402695,30.930550575256348,ok,ok
rule_ms-real_ms,rule_ms,real_ms,2026,block_01,Gear,3,shifted,1,1,1,111,2000,numerator_arm_minus_denominator_arm,0.0045,0.49550000000000005,4.6106632351875305,31.153034210205078,ok,ok
rule_ms-real_ms,rule_ms,real_ms,2026,block_01,RPM,4,canonical,0,0,0,000,2000,numerator_arm_minus_denominator_arm,1.0,1.0,39.51364839076996,71.92538440227509,ok,ok
rule_ms-real_ms,rule_ms,real_ms,2026,block_01,RPM,4,canonical,0,0,1,001,2000,numerator_arm_minus_denominator_arm,1.0,0.9055,30.169973969459534,45.78788471221924,ok,ok
rule_ms-real_ms,rule_ms,real_ms,2026,block_01,RPM,4,canonical,0,1,0,010,2000,numerator_arm_minus_denominator_arm,1.0,1.0,42.86661398410797,86.32956603169441,ok,ok
rule_ms-real_ms,rule_ms,real_ms,2026,block_01,RPM,4,canonical,0,1,1,011,2000,numerator_arm_minus_denominator_arm,1.0,0.9945,39.79876708984375,76.84679615497589,ok,ok
rule_ms-real_ms,rule_ms,real_ms,2026,block_01,RPM,4,canonical,1,0,0,100,2000,numerator_arm_minus_denominator_arm,0.041,0.5655,5.756058692932129,9.504583358764648,ok,ok
rule_ms-real_ms,rule_ms,real_ms,2026,block_01,RPM,4,canonical,1,0,1,101,2000,numerator_arm_minus_denominator_arm,-0.004,0.062000000000000055,-0.09119129180908203,21.986942291259766,ok,ok
rule_ms-real_ms,rule_ms,real_ms,2026,block_01,RPM,4,canonical,1,1,0,110,2000,numerator_arm_minus_denominator_arm,0.0795,0.5755,7.098486542701721,10.26577615737915,ok,ok
rule_ms-real_ms,rule_ms,real_ms,2026,block_01,RPM,4,canonical,1,1,1,111,2000,numerator_arm_minus_denominator_arm,-0.0045000000000000005,0.17500000000000004,1.4034738540649414,19.292180061340332,ok,ok
rule_ms-real_ms,rule_ms,real_ms,2026,block_01,RPM,4,shifted,0,0,0,000,2000,numerator_arm_minus_denominator_arm,1.0,1.0,36.97747480869293,70.00443005561829,ok,ok
rule_ms-real_ms,rule_ms,real_ms,2026,block_01,RPM,4,shifted,0,0,1,001,2000,numerator_arm_minus_denominator_arm,1.0,0.8975,29.301486670970917,44.806506633758545,ok,ok
rule_ms-real_ms,rule_ms,real_ms,2026,block_01,RPM,4,shifted,0,1,0,010,2000,numerator_arm_minus_denominator_arm,1.0,1.0,40.000057339668274,85.36809954047203,ok,ok
rule_ms-real_ms,rule_ms,real_ms,2026,block_01,RPM,4,shifted,0,1,1,011,2000,numerator_arm_minus_denominator_arm,1.0,0.9935,37.02390265464783,75.4707065820694,ok,ok
rule_ms-real_ms,rule_ms,real_ms,2026,block_01,RPM,4,shifted,1,0,0,100,2000,numerator_arm_minus_denominator_arm,0.0445,0.598,5.836103677749634,10.140049934387207,ok,ok
rule_ms-real_ms,rule_ms,real_ms,2026,block_01,RPM,4,shifted,1,0,1,101,2000,numerator_arm_minus_denominator_arm,-0.004,0.057499999999999996,-0.28248023986816406,22.466181755065918,ok,ok
rule_ms-real_ms,rule_ms,real_ms,2026,block_01,RPM,4,shifted,1,1,0,110,2000,numerator_arm_minus_denominator_arm,0.08,0.5984999999999999,7.072452187538147,10.697890281677246,ok,ok
rule_ms-real_ms,rule_ms,real_ms,2026,block_01,RPM,4,shifted,1,1,1,111,2000,numerator_arm_minus_denominator_arm,-0.0045000000000000005,0.16000000000000003,1.1703381538391113,19.651681900024414,ok,ok
rule_ms-real_ms,rule_ms,real_ms,2026,block_02,Gear,3,canonical,0,0,0,000,2000,numerator_arm_minus_denominator_arm,0.999,0.9835,38.40877950191498,82.43159174919128,ok,ok
rule_ms-real_ms,rule_ms,real_ms,2026,block_02,Gear,3,canonical,0,0,1,001,2000,numerator_arm_minus_denominator_arm,0.999,0.9875,35.60500395298004,75.59381103515625,ok,ok
rule_ms-real_ms,rule_ms,real_ms,2026,block_02,Gear,3,canonical,0,1,0,010,2000,numerator_arm_minus_denominator_arm,0.999,0.9985,53.001991391181946,130.8951514363289,ok,ok
rule_ms-real_ms,rule_ms,real_ms,2026,block_02,Gear,3,canonical,0,1,1,011,2000,numerator_arm_minus_denominator_arm,0.999,0.999,48.36042046546936,117.5391543507576,ok,ok
rule_ms-real_ms,rule_ms,real_ms,2026,block_02,Gear,3,canonical,1,0,0,100,2000,numerator_arm_minus_denominator_arm,0.053,0.07099999999999995,5.55312716960907,26.2340030670166,ok,ok
rule_ms-real_ms,rule_ms,real_ms,2026,block_02,Gear,3,canonical,1,0,1,101,2000,numerator_arm_minus_denominator_arm,0.008,0.02749999999999997,4.239648401737213,26.5864315032959,ok,ok
rule_ms-real_ms,rule_ms,real_ms,2026,block_02,Gear,3,canonical,1,1,0,110,2000,numerator_arm_minus_denominator_arm,0.0355,0.5680000000000001,6.084559679031372,31.5870418548584,ok,ok
rule_ms-real_ms,rule_ms,real_ms,2026,block_02,Gear,3,canonical,1,1,1,111,2000,numerator_arm_minus_denominator_arm,0.0095,0.487,4.727955222129822,31.709277153015137,ok,ok
rule_ms-real_ms,rule_ms,real_ms,2026,block_02,Gear,3,shifted,0,0,0,000,2000,numerator_arm_minus_denominator_arm,0.999,0.9835,38.44132035970688,82.53804731369019,ok,ok
rule_ms-real_ms,rule_ms,real_ms,2026,block_02,Gear,3,shifted,0,0,1,001,2000,numerator_arm_minus_denominator_arm,0.999,0.9875,35.64100527763367,75.6969530582428,ok,ok
rule_ms-real_ms,rule_ms,real_ms,2026,block_02,Gear,3,shifted,0,1,0,010,2000,numerator_arm_minus_denominator_arm,0.999,0.9985,53.07288980484009,131.11972653865814,ok,ok
rule_ms-real_ms,rule_ms,real_ms,2026,block_02,Gear,3,shifted,0,1,1,011,2000,numerator_arm_minus_denominator_arm,0.999,0.999,48.43105959892273,117.74585968255997,ok,ok
rule_ms-real_ms,rule_ms,real_ms,2026,block_02,Gear,3,shifted,1,0,0,100,2000,numerator_arm_minus_denominator_arm,0.053,0.06899999999999995,5.5750120878219604,26.243772506713867,ok,ok
rule_ms-real_ms,rule_ms,real_ms,2026,block_02,Gear,3,shifted,1,0,1,101,2000,numerator_arm_minus_denominator_arm,0.008,0.027000000000000024,4.2580066323280334,26.59461212158203,ok,ok
rule_ms-real_ms,rule_ms,real_ms,2026,block_02,Gear,3,shifted,1,1,0,110,2000,numerator_arm_minus_denominator_arm,0.036,0.5645,6.104614973068237,31.654112815856934,ok,ok
rule_ms-real_ms,rule_ms,real_ms,2026,block_02,Gear,3,shifted,1,1,1,111,2000,numerator_arm_minus_denominator_arm,0.01,0.484,4.746196150779724,31.771023750305176,ok,ok
rule_ms-real_ms,rule_ms,real_ms,2026,block_02,RPM,4,canonical,0,0,0,000,2000,numerator_arm_minus_denominator_arm,0.999,0.998,39.53269183635712,72.06848978996277,ok,ok
rule_ms-real_ms,rule_ms,real_ms,2026,block_02,RPM,4,canonical,0,0,1,001,2000,numerator_arm_minus_denominator_arm,0.999,0.9015,30.311173021793365,45.90576219558716,ok,ok
rule_ms-real_ms,rule_ms,real_ms,2026,block_02,RPM,4,canonical,0,1,0,010,2000,numerator_arm_minus_denominator_arm,0.999,0.999,42.910396099090576,86.79594971239567,ok,ok
rule_ms-real_ms,rule_ms,real_ms,2026,block_02,RPM,4,canonical,0,1,1,011,2000,numerator_arm_minus_denominator_arm,0.999,0.994,39.98750066757202,77.07541155815125,ok,ok
rule_ms-real_ms,rule_ms,real_ms,2026,block_02,RPM,4,canonical,1,0,0,100,2000,numerator_arm_minus_denominator_arm,0.0395,0.5655,5.738371133804321,9.691760063171387,ok,ok
rule_ms-real_ms,rule_ms,real_ms,2026,block_02,RPM,4,canonical,1,0,1,101,2000,numerator_arm_minus_denominator_arm,-0.0045000000000000005,0.08050000000000002,-0.04533720016479492,22.15503215789795,ok,ok
rule_ms-real_ms,rule_ms,real_ms,2026,block_02,RPM,4,canonical,1,1,0,110,2000,numerator_arm_minus_denominator_arm,0.0705,0.592,7.092051029205322,10.544838666915894,ok,ok
rule_ms-real_ms,rule_ms,real_ms,2026,block_02,RPM,4,canonical,1,1,1,111,2000,numerator_arm_minus_denominator_arm,-0.0085,0.18400000000000005,1.4042448997497559,19.511345863342285,ok,ok
rule_ms-real_ms,rule_ms,real_ms,2026,block_02,RPM,4,shifted,0,0,0,000,2000,numerator_arm_minus_denominator_arm,0.999,0.997,36.962815165519714,70.10453581809998,ok,ok
rule_ms-real_ms,rule_ms,real_ms,2026,block_02,RPM,4,shifted,0,0,1,001,2000,numerator_arm_minus_denominator_arm,0.999,0.8955,29.43316549062729,44.90858602523804,ok,ok
rule_ms-real_ms,rule_ms,real_ms,2026,block_02,RPM,4,shifted,0,1,0,010,2000,numerator_arm_minus_denominator_arm,0.999,0.999,40.014095306396484,85.80649825930595,ok,ok
rule_ms-real_ms,rule_ms,real_ms,2026,block_02,RPM,4,shifted,0,1,1,011,2000,numerator_arm_minus_denominator_arm,0.999,0.993,37.20428228378296,75.70467782020569,ok,ok
rule_ms-real_ms,rule_ms,real_ms,2026,block_02,RPM,4,shifted,1,0,0,100,2000,numerator_arm_minus_denominator_arm,0.046,0.5994999999999999,5.812040090560913,10.325557708740234,ok,ok
rule_ms-real_ms,rule_ms,real_ms,2026,block_02,RPM,4,shifted,1,0,1,101,2000,numerator_arm_minus_denominator_arm,-0.004999999999999999,0.06999999999999995,-0.24100065231323242,22.639127731323242,ok,ok
rule_ms-real_ms,rule_ms,real_ms,2026,block_02,RPM,4,shifted,1,1,0,110,2000,numerator_arm_minus_denominator_arm,0.0705,0.611,7.05726158618927,10.978452682495117,ok,ok
rule_ms-real_ms,rule_ms,real_ms,2026,block_02,RPM,4,shifted,1,1,1,111,2000,numerator_arm_minus_denominator_arm,-0.009000000000000001,0.16200000000000003,1.1688408851623535,19.864169120788574,ok,ok
rule_ms-real_ms,rule_ms,real_ms,2026,block_03,Gear,3,canonical,0,0,0,000,2000,numerator_arm_minus_denominator_arm,1.0,0.983,38.13453483581543,81.83508348464966,ok,ok
rule_ms-real_ms,rule_ms,real_ms,2026,block_03,Gear,3,canonical,0,0,1,001,2000,numerator_arm_minus_denominator_arm,1.0,0.9905,35.43611681461334,75.37857627868652,ok,ok
rule_ms-real_ms,rule_ms,real_ms,2026,block_03,Gear,3,canonical,0,1,0,010,2000,numerator_arm_minus_denominator_arm,1.0,1.0,52.868409514427185,130.52856516838074,ok,ok
rule_ms-real_ms,rule_ms,real_ms,2026,block_03,Gear,3,canonical,0,1,1,011,2000,numerator_arm_minus_denominator_arm,1.0,1.0,48.20194911956787,117.32191234827042,ok,ok
rule_ms-real_ms,rule_ms,real_ms,2026,block_03,Gear,3,canonical,1,0,0,100,2000,numerator_arm_minus_denominator_arm,0.0505,0.05300000000000005,5.300803065299988,25.952077865600586,ok,ok
rule_ms-real_ms,rule_ms,real_ms,2026,block_03,Gear,3,canonical,1,0,1,101,2000,numerator_arm_minus_denominator_arm,0.0125,0.019000000000000017,4.048236608505249,26.347854614257812,ok,ok
rule_ms-real_ms,rule_ms,real_ms,2026,block_03,Gear,3,canonical,1,1,0,110,2000,numerator_arm_minus_denominator_arm,0.031,0.593,5.884000092744827,30.84168529510498,ok,ok
rule_ms-real_ms,rule_ms,real_ms,2026,block_03,Gear,3,canonical,1,1,1,111,2000,numerator_arm_minus_denominator_arm,0.0115,0.5155000000000001,4.613704085350037,31.004863739013672,ok,ok
rule_ms-real_ms,rule_ms,real_ms,2026,block_03,Gear,3,shifted,0,0,0,000,2000,numerator_arm_minus_denominator_arm,1.0,0.983,38.16713261604309,81.94151210784912,ok,ok
rule_ms-real_ms,rule_ms,real_ms,2026,block_03,Gear,3,shifted,0,0,1,001,2000,numerator_arm_minus_denominator_arm,1.0,0.9895,35.4721160531044,75.48158311843872,ok,ok
rule_ms-real_ms,rule_ms,real_ms,2026,block_03,Gear,3,shifted,0,1,0,010,2000,numerator_arm_minus_denominator_arm,1.0,1.0,52.93924951553345,130.7523313164711,ok,ok
rule_ms-real_ms,rule_ms,real_ms,2026,block_03,Gear,3,shifted,0,1,1,011,2000,numerator_arm_minus_denominator_arm,1.0,1.0,48.272690534591675,117.52792799472809,ok,ok
rule_ms-real_ms,rule_ms,real_ms,2026,block_03,Gear,3,shifted,1,0,0,100,2000,numerator_arm_minus_denominator_arm,0.0515,0.05300000000000005,5.322835475206375,25.961261749267578,ok,ok
rule_ms-real_ms,rule_ms,real_ms,2026,block_03,Gear,3,shifted,1,0,1,101,2000,numerator_arm_minus_denominator_arm,0.013,0.018000000000000016,4.066678583621979,26.355981826782227,ok,ok
rule_ms-real_ms,rule_ms,real_ms,2026,block_03,Gear,3,shifted,1,1,0,110,2000,numerator_arm_minus_denominator_arm,0.032,0.5920000000000001,5.903033643960953,30.908801078796387,ok,ok
rule_ms-real_ms,rule_ms,real_ms,2026,block_03,Gear,3,shifted,1,1,1,111,2000,numerator_arm_minus_denominator_arm,0.012,0.5145,4.631169974803925,31.06729221343994,ok,ok
rule_ms-real_ms,rule_ms,real_ms,2026,block_03,RPM,4,canonical,0,0,0,000,2000,numerator_arm_minus_denominator_arm,1.0,0.9985,39.4339405298233,71.74684989452362,ok,ok
rule_ms-real_ms,rule_ms,real_ms,2026,block_03,RPM,4,canonical,0,0,1,001,2000,numerator_arm_minus_denominator_arm,1.0,0.897,30.214682519435883,45.764193058013916,ok,ok
rule_ms-real_ms,rule_ms,real_ms,2026,block_03,RPM,4,canonical,0,1,0,010,2000,numerator_arm_minus_denominator_arm,1.0,1.0,42.778958678245544,86.38572908937931,ok,ok
rule_ms-real_ms,rule_ms,real_ms,2026,block_03,RPM,4,canonical,0,1,1,011,2000,numerator_arm_minus_denominator_arm,1.0,0.994,39.881818532943726,77.0415769815445,ok,ok
rule_ms-real_ms,rule_ms,real_ms,2026,block_03,RPM,4,canonical,1,0,0,100,2000,numerator_arm_minus_denominator_arm,0.0405,0.5549999999999999,5.649099349975586,9.717537879943848,ok,ok
rule_ms-real_ms,rule_ms,real_ms,2026,block_03,RPM,4,canonical,1,0,1,101,2000,numerator_arm_minus_denominator_arm,-0.005,0.06599999999999995,-0.12554192543029785,22.049604415893555,ok,ok
rule_ms-real_ms,rule_ms,real_ms,2026,block_03,RPM,4,canonical,1,1,0,110,2000,numerator_arm_minus_denominator_arm,0.082,0.5795,6.953166246414185,10.270752906799316,ok,ok
rule_ms-real_ms,rule_ms,real_ms,2026,block_03,RPM,4,canonical,1,1,1,111,2000,numerator_arm_minus_denominator_arm,-0.0025000000000000005,0.1865000000000001,1.3271245956420898,19.228690147399902,ok,ok
rule_ms-real_ms,rule_ms,real_ms,2026,block_03,RPM,4,shifted,0,0,0,000,2000,numerator_arm_minus_denominator_arm,1.0,0.9985,36.90972971916199,69.83676826953888,ok,ok
rule_ms-real_ms,rule_ms,real_ms,2026,block_03,RPM,4,shifted,0,0,1,001,2000,numerator_arm_minus_denominator_arm,1.0,0.8865,29.35591435432434,44.78843593597412,ok,ok
rule_ms-real_ms,rule_ms,real_ms,2026,block_03,RPM,4,shifted,0,1,0,010,2000,numerator_arm_minus_denominator_arm,1.0,1.0,39.90449798107147,85.40672439336777,ok,ok
rule_ms-real_ms,rule_ms,real_ms,2026,block_03,RPM,4,shifted,0,1,1,011,2000,numerator_arm_minus_denominator_arm,1.0,0.994,37.0933723449707,75.6614580154419,ok,ok
rule_ms-real_ms,rule_ms,real_ms,2026,block_03,RPM,4,shifted,1,0,0,100,2000,numerator_arm_minus_denominator_arm,0.0475,0.593,5.732045888900757,10.356201171875,ok,ok
rule_ms-real_ms,rule_ms,real_ms,2026,block_03,RPM,4,shifted,1,0,1,101,2000,numerator_arm_minus_denominator_arm,-0.0055,0.05300000000000005,-0.3192310333251953,22.534979820251465,ok,ok
rule_ms-real_ms,rule_ms,real_ms,2026,block_03,RPM,4,shifted,1,1,0,110,2000,numerator_arm_minus_denominator_arm,0.0805,0.5954999999999999,6.926969051361084,10.703623294830322,ok,ok
rule_ms-real_ms,rule_ms,real_ms,2026,block_03,RPM,4,shifted,1,1,1,111,2000,numerator_arm_minus_denominator_arm,-0.0075,0.1685000000000001,1.0890159606933594,19.588281631469727,ok,ok
rule_ms-real_ms,rule_ms,real_ms,3407,block_01,Gear,3,canonical,0,0,0,000,2000,numerator_arm_minus_denominator_arm,1.0,1.0,36.113603949546814,80.70323860645294,ok,ok
rule_ms-real_ms,rule_ms,real_ms,3407,block_01,Gear,3,canonical,0,0,1,001,2000,numerator_arm_minus_denominator_arm,1.0,0.999,31.806960344314575,70.66160947084427,ok,ok
rule_ms-real_ms,rule_ms,real_ms,3407,block_01,Gear,3,canonical,0,1,0,010,2000,numerator_arm_minus_denominator_arm,1.0,1.0,45.60465133190155,122.71497893333435,ok,ok
rule_ms-real_ms,rule_ms,real_ms,3407,block_01,Gear,3,canonical,0,1,1,011,2000,numerator_arm_minus_denominator_arm,1.0,1.0,39.92318665981293,111.41409438848495,ok,ok
rule_ms-real_ms,rule_ms,real_ms,3407,block_01,Gear,3,canonical,1,0,0,100,2000,numerator_arm_minus_denominator_arm,0.754,0.020000000000000018,10.378003716468811,20.48392105102539,ok,ok
rule_ms-real_ms,rule_ms,real_ms,3407,block_01,Gear,3,canonical,1,0,1,101,2000,numerator_arm_minus_denominator_arm,0.4405,0.009499999999999953,7.889364838600159,17.772903442382812,ok,ok
rule_ms-real_ms,rule_ms,real_ms,3407,block_01,Gear,3,canonical,1,1,0,110,2000,numerator_arm_minus_denominator_arm,0.967,0.08550000000000002,14.4425790309906,21.991137504577637,ok,ok
rule_ms-real_ms,rule_ms,real_ms,3407,block_01,Gear,3,canonical,1,1,1,111,2000,numerator_arm_minus_denominator_arm,0.9185,0.121,11.75852346420288,22.2369327545166,ok,ok
rule_ms-real_ms,rule_ms,real_ms,3407,block_01,Gear,3,shifted,0,0,0,000,2000,numerator_arm_minus_denominator_arm,1.0,1.0,36.1911484003067,80.8318350315094,ok,ok
rule_ms-real_ms,rule_ms,real_ms,3407,block_01,Gear,3,shifted,0,0,1,001,2000,numerator_arm_minus_denominator_arm,1.0,0.999,31.89716523885727,70.79494404792786,ok,ok
rule_ms-real_ms,rule_ms,real_ms,3407,block_01,Gear,3,shifted,0,1,0,010,2000,numerator_arm_minus_denominator_arm,1.0,1.0,45.81266367435455,122.90678310394287,ok,ok
rule_ms-real_ms,rule_ms,real_ms,3407,block_01,Gear,3,shifted,0,1,1,011,2000,numerator_arm_minus_denominator_arm,1.0,1.0,40.123503386974335,111.6009224653244,ok,ok
rule_ms-real_ms,rule_ms,real_ms,3407,block_01,Gear,3,shifted,1,0,0,100,2000,numerator_arm_minus_denominator_arm,0.7575,0.019499999999999962,10.409098744392395,20.546884536743164,ok,ok
rule_ms-real_ms,rule_ms,real_ms,3407,block_01,Gear,3,shifted,1,0,1,101,2000,numerator_arm_minus_denominator_arm,0.4425,0.009499999999999953,7.9169921875,17.81808090209961,ok,ok
rule_ms-real_ms,rule_ms,real_ms,3407,block_01,Gear,3,shifted,1,1,0,110,2000,numerator_arm_minus_denominator_arm,0.968,0.08500000000000008,14.49474835395813,22.109521865844727,ok,ok
rule_ms-real_ms,rule_ms,real_ms,3407,block_01,Gear,3,shifted,1,1,1,111,2000,numerator_arm_minus_denominator_arm,0.9215,0.12050000000000005,11.80682921409607,22.342487335205078,ok,ok
rule_ms-real_ms,rule_ms,real_ms,3407,block_01,RPM,4,canonical,0,0,0,000,2000,numerator_arm_minus_denominator_arm,1.0,1.0,55.58429551124573,86.26798295974731,ok,ok
rule_ms-real_ms,rule_ms,real_ms,3407,block_01,RPM,4,canonical,0,0,1,001,2000,numerator_arm_minus_denominator_arm,1.0,0.989,42.49520802497864,73.00481493771076,ok,ok
rule_ms-real_ms,rule_ms,real_ms,3407,block_01,RPM,4,canonical,0,1,0,010,2000,numerator_arm_minus_denominator_arm,1.0,1.0,62.18255662918091,106.51561015844345,ok,ok
rule_ms-real_ms,rule_ms,real_ms,3407,block_01,RPM,4,canonical,0,1,1,011,2000,numerator_arm_minus_denominator_arm,1.0,0.974,56.38190573453903,104.72260534763336,ok,ok
rule_ms-real_ms,rule_ms,real_ms,3407,block_01,RPM,4,canonical,1,0,0,100,2000,numerator_arm_minus_denominator_arm,0.24,0.22100000000000009,5.9513630867004395,10.558004379272461,ok,ok
rule_ms-real_ms,rule_ms,real_ms,3407,block_01,RPM,4,canonical,1,0,1,101,2000,numerator_arm_minus_denominator_arm,0.006999999999999999,0.0,3.602786064147949,8.453336715698242,ok,ok
rule_ms-real_ms,rule_ms,real_ms,3407,block_01,RPM,4,canonical,1,1,0,110,2000,numerator_arm_minus_denominator_arm,0.234,0.28,6.4280900955200195,10.997867584228516,ok,ok
rule_ms-real_ms,rule_ms,real_ms,3407,block_01,RPM,4,canonical,1,1,1,111,2000,numerator_arm_minus_denominator_arm,-0.005000000000000001,0.0,2.3855996131896973,12.37382698059082,ok,ok
rule_ms-real_ms,rule_ms,real_ms,3407,block_01,RPM,4,shifted,0,0,0,000,2000,numerator_arm_minus_denominator_arm,1.0,1.0,53.83278965950012,84.46460366249084,ok,ok
rule_ms-real_ms,rule_ms,real_ms,3407,block_01,RPM,4,shifted,0,0,1,001,2000,numerator_arm_minus_denominator_arm,1.0,0.99,42.07995939254761,71.9023252427578,ok,ok
rule_ms-real_ms,rule_ms,real_ms,3407,block_01,RPM,4,shifted,0,1,0,010,2000,numerator_arm_minus_denominator_arm,1.0,1.0,60.357359170913696,106.21242946386337,ok,ok
rule_ms-real_ms,rule_ms,real_ms,3407,block_01,RPM,4,shifted,0,1,1,011,2000,numerator_arm_minus_denominator_arm,1.0,0.976,54.61899155378342,103.97838711738586,ok,ok
rule_ms-real_ms,rule_ms,real_ms,3407,block_01,RPM,4,shifted,1,0,0,100,2000,numerator_arm_minus_denominator_arm,0.2655,0.22299999999999998,6.245627403259277,10.856703758239746,ok,ok
rule_ms-real_ms,rule_ms,real_ms,3407,block_01,RPM,4,shifted,1,0,1,101,2000,numerator_arm_minus_denominator_arm,0.007499999999999998,0.0,3.6523661613464355,8.803638458251953,ok,ok
rule_ms-real_ms,rule_ms,real_ms,3407,block_01,RPM,4,shifted,1,1,0,110,2000,numerator_arm_minus_denominator_arm,0.24550000000000002,0.28400000000000003,6.548614501953125,11.206406593322754,ok,ok
rule_ms-real_ms,rule_ms,real_ms,3407,block_01,RPM,4,shifted,1,1,1,111,2000,numerator_arm_minus_denominator_arm,-0.0035000000000000014,0.0,2.410099506378174,12.405988693237305,ok,ok
rule_ms-real_ms,rule_ms,real_ms,3407,block_02,Gear,3,canonical,0,0,0,000,2000,numerator_arm_minus_denominator_arm,0.999,0.999,36.17557895183563,80.67836678028107,ok,ok
rule_ms-real_ms,rule_ms,real_ms,3407,block_02,Gear,3,canonical,0,0,1,001,2000,numerator_arm_minus_denominator_arm,0.999,0.9985,31.823065221309662,70.61927527189255,ok,ok
rule_ms-real_ms,rule_ms,real_ms,3407,block_02,Gear,3,canonical,0,1,0,010,2000,numerator_arm_minus_denominator_arm,0.999,0.9985,45.73011064529419,122.58755946159363,ok,ok
rule_ms-real_ms,rule_ms,real_ms,3407,block_02,Gear,3,canonical,0,1,1,011,2000,numerator_arm_minus_denominator_arm,0.999,0.998,39.94390910863876,111.02089363336563,ok,ok
rule_ms-real_ms,rule_ms,real_ms,3407,block_02,Gear,3,canonical,1,0,0,100,2000,numerator_arm_minus_denominator_arm,0.7825,0.027000000000000024,10.548827648162842,20.523104667663574,ok,ok
rule_ms-real_ms,rule_ms,real_ms,3407,block_02,Gear,3,canonical,1,0,1,101,2000,numerator_arm_minus_denominator_arm,0.4505,0.01100000000000001,8.046847820281982,17.75115203857422,ok,ok
rule_ms-real_ms,rule_ms,real_ms,3407,block_02,Gear,3,canonical,1,1,0,110,2000,numerator_arm_minus_denominator_arm,0.974,0.07950000000000002,14.548926413059235,22.2797908782959,ok,ok
rule_ms-real_ms,rule_ms,real_ms,3407,block_02,Gear,3,canonical,1,1,1,111,2000,numerator_arm_minus_denominator_arm,0.9065,0.1090000000000001,11.805918455123901,22.287689208984375,ok,ok
rule_ms-real_ms,rule_ms,real_ms,3407,block_02,Gear,3,shifted,0,0,0,000,2000,numerator_arm_minus_denominator_arm,0.999,0.999,36.25319957733154,80.80740773677826,ok,ok
rule_ms-real_ms,rule_ms,real_ms,3407,block_02,Gear,3,shifted,0,0,1,001,2000,numerator_arm_minus_denominator_arm,0.999,0.9985,31.914327025413513,70.7523153424263,ok,ok
rule_ms-real_ms,rule_ms,real_ms,3407,block_02,Gear,3,shifted,0,1,0,010,2000,numerator_arm_minus_denominator_arm,0.999,0.9985,45.937524914741516,122.77978241443634,ok,ok
rule_ms-real_ms,rule_ms,real_ms,3407,block_02,Gear,3,shifted,0,1,1,011,2000,numerator_arm_minus_denominator_arm,0.999,0.998,40.1434605717659,111.20801919698715,ok,ok
rule_ms-real_ms,rule_ms,real_ms,3407,block_02,Gear,3,shifted,1,0,0,100,2000,numerator_arm_minus_denominator_arm,0.785,0.027000000000000024,10.579766273498535,20.58773708343506,ok,ok
rule_ms-real_ms,rule_ms,real_ms,3407,block_02,Gear,3,shifted,1,0,1,101,2000,numerator_arm_minus_denominator_arm,0.4545,0.01100000000000001,8.074405908584595,17.797264099121094,ok,ok
rule_ms-real_ms,rule_ms,real_ms,3407,block_02,Gear,3,shifted,1,1,0,110,2000,numerator_arm_minus_denominator_arm,0.974,0.07950000000000002,14.601354122161865,22.398250579833984,ok,ok
rule_ms-real_ms,rule_ms,real_ms,3407,block_02,Gear,3,shifted,1,1,1,111,2000,numerator_arm_minus_denominator_arm,0.9085,0.1090000000000001,11.854817748069763,22.39242458343506,ok,ok
rule_ms-real_ms,rule_ms,real_ms,3407,block_02,RPM,4,canonical,0,0,0,000,2000,numerator_arm_minus_denominator_arm,0.999,0.9985,55.61800670623779,86.4498759508133,ok,ok
rule_ms-real_ms,rule_ms,real_ms,3407,block_02,RPM,4,canonical,0,0,1,001,2000,numerator_arm_minus_denominator_arm,0.999,0.9895,42.50684452056885,73.15265840291977,ok,ok
rule_ms-real_ms,rule_ms,real_ms,3407,block_02,RPM,4,canonical,0,1,0,010,2000,numerator_arm_minus_denominator_arm,0.999,0.999,62.29973554611206,106.70732080936432,ok,ok
rule_ms-real_ms,rule_ms,real_ms,3407,block_02,RPM,4,canonical,0,1,1,011,2000,numerator_arm_minus_denominator_arm,0.999,0.9675,56.532221138477325,104.7859560251236,ok,ok
rule_ms-real_ms,rule_ms,real_ms,3407,block_02,RPM,4,canonical,1,0,0,100,2000,numerator_arm_minus_denominator_arm,0.253,0.20750000000000002,5.976194858551025,10.662338256835938,ok,ok
rule_ms-real_ms,rule_ms,real_ms,3407,block_02,RPM,4,canonical,1,0,1,101,2000,numerator_arm_minus_denominator_arm,0.005999999999999998,-0.0004999999999999449,3.60781192779541,8.393798828125,ok,ok
rule_ms-real_ms,rule_ms,real_ms,3407,block_02,RPM,4,canonical,1,1,0,110,2000,numerator_arm_minus_denominator_arm,0.24450000000000002,0.28300000000000003,6.505176067352295,11.21024751663208,ok,ok
rule_ms-real_ms,rule_ms,real_ms,3407,block_02,RPM,4,canonical,1,1,1,111,2000,numerator_arm_minus_denominator_arm,0.0,0.0,2.456045627593994,12.191650390625,ok,ok
rule_ms-real_ms,rule_ms,real_ms,3407,block_02,RPM,4,shifted,0,0,0,000,2000,numerator_arm_minus_denominator_arm,0.999,0.9985,53.826619148254395,84.61567234992981,ok,ok
rule_ms-real_ms,rule_ms,real_ms,3407,block_02,RPM,4,shifted,0,0,1,001,2000,numerator_arm_minus_denominator_arm,0.999,0.992,42.08249568939209,72.03807520866394,ok,ok
rule_ms-real_ms,rule_ms,real_ms,3407,block_02,RPM,4,shifted,0,1,0,010,2000,numerator_arm_minus_denominator_arm,0.999,0.999,60.465420961380005,106.39226639270782,ok,ok
rule_ms-real_ms,rule_ms,real_ms,3407,block_02,RPM,4,shifted,0,1,1,011,2000,numerator_arm_minus_denominator_arm,0.999,0.9695,54.77807033061981,104.02720737457275,ok,ok
rule_ms-real_ms,rule_ms,real_ms,3407,block_02,RPM,4,shifted,1,0,0,100,2000,numerator_arm_minus_denominator_arm,0.2795,0.21599999999999997,6.262836456298828,10.961297988891602,ok,ok
rule_ms-real_ms,rule_ms,real_ms,3407,block_02,RPM,4,shifted,1,0,1,101,2000,numerator_arm_minus_denominator_arm,0.008,-0.0004999999999999449,3.649970531463623,8.751338958740234,ok,ok
rule_ms-real_ms,rule_ms,real_ms,3407,block_02,RPM,4,shifted,1,1,0,110,2000,numerator_arm_minus_denominator_arm,0.24600000000000002,0.2805,6.6157426834106445,11.411062240600586,ok,ok
rule_ms-real_ms,rule_ms,real_ms,3407,block_02,RPM,4,shifted,1,1,1,111,2000,numerator_arm_minus_denominator_arm,-0.0005000000000000004,0.0,2.4720959663391113,12.217510223388672,ok,ok
rule_ms-real_ms,rule_ms,real_ms,3407,block_03,Gear,3,canonical,0,0,0,000,2000,numerator_arm_minus_denominator_arm,1.0,1.0,35.97724735736847,80.36590492725372,ok,ok
rule_ms-real_ms,rule_ms,real_ms,3407,block_03,Gear,3,canonical,0,0,1,001,2000,numerator_arm_minus_denominator_arm,1.0,1.0,31.715120911598206,70.47519993782043,ok,ok
rule_ms-real_ms,rule_ms,real_ms,3407,block_03,Gear,3,canonical,0,1,0,010,2000,numerator_arm_minus_denominator_arm,1.0,1.0,45.63280713558197,122.85153698921204,ok,ok
rule_ms-real_ms,rule_ms,real_ms,3407,block_03,Gear,3,canonical,0,1,1,011,2000,numerator_arm_minus_denominator_arm,1.0,0.999,39.974733889102936,111.49824798107147,ok,ok
rule_ms-real_ms,rule_ms,real_ms,3407,block_03,Gear,3,canonical,1,0,0,100,2000,numerator_arm_minus_denominator_arm,0.755,0.016000000000000014,10.420905470848083,20.30308437347412,ok,ok
rule_ms-real_ms,rule_ms,real_ms,3407,block_03,Gear,3,canonical,1,0,1,101,2000,numerator_arm_minus_denominator_arm,0.432,0.008000000000000007,7.9447325468063354,17.703033447265625,ok,ok
rule_ms-real_ms,rule_ms,real_ms,3407,block_03,Gear,3,canonical,1,1,0,110,2000,numerator_arm_minus_denominator_arm,0.9785,0.08199999999999996,14.57891994714737,22.126599311828613,ok,ok
rule_ms-real_ms,rule_ms,real_ms,3407,block_03,Gear,3,canonical,1,1,1,111,2000,numerator_arm_minus_denominator_arm,0.921,0.11450000000000005,11.839913725852966,22.322245597839355,ok,ok
rule_ms-real_ms,rule_ms,real_ms,3407,block_03,Gear,3,shifted,0,0,0,000,2000,numerator_arm_minus_denominator_arm,1.0,1.0,36.054017543792725,80.49432837963104,ok,ok
rule_ms-real_ms,rule_ms,real_ms,3407,block_03,Gear,3,shifted,0,0,1,001,2000,numerator_arm_minus_denominator_arm,1.0,1.0,31.804398477077484,70.60708767175674,ok,ok
rule_ms-real_ms,rule_ms,real_ms,3407,block_03,Gear,3,shifted,0,1,0,010,2000,numerator_arm_minus_denominator_arm,1.0,1.0,45.84027397632599,123.04323899745941,ok,ok
rule_ms-real_ms,rule_ms,real_ms,3407,block_03,Gear,3,shifted,0,1,1,011,2000,numerator_arm_minus_denominator_arm,1.0,0.999,40.174585819244385,111.68531131744385,ok,ok
rule_ms-real_ms,rule_ms,real_ms,3407,block_03,Gear,3,shifted,1,0,0,100,2000,numerator_arm_minus_denominator_arm,0.7585,0.016000000000000014,10.451811671257019,20.365615844726562,ok,ok
rule_ms-real_ms,rule_ms,real_ms,3407,block_03,Gear,3,shifted,1,0,1,101,2000,numerator_arm_minus_denominator_arm,0.437,0.008000000000000007,7.97219979763031,17.74761962890625,ok,ok
rule_ms-real_ms,rule_ms,real_ms,3407,block_03,Gear,3,shifted,1,1,0,110,2000,numerator_arm_minus_denominator_arm,0.9785,0.08150000000000002,14.631254732608795,22.245834350585938,ok,ok
rule_ms-real_ms,rule_ms,real_ms,3407,block_03,Gear,3,shifted,1,1,1,111,2000,numerator_arm_minus_denominator_arm,0.9235,0.1140000000000001,11.88841450214386,22.427603721618652,ok,ok
rule_ms-real_ms,rule_ms,real_ms,3407,block_03,RPM,4,canonical,0,0,0,000,2000,numerator_arm_minus_denominator_arm,1.0,1.0,55.326807260513306,86.03636384010315,ok,ok
rule_ms-real_ms,rule_ms,real_ms,3407,block_03,RPM,4,canonical,0,0,1,001,2000,numerator_arm_minus_denominator_arm,1.0,0.989,42.315348863601685,73.08149746060371,ok,ok
rule_ms-real_ms,rule_ms,real_ms,3407,block_03,RPM,4,canonical,0,1,0,010,2000,numerator_arm_minus_denominator_arm,1.0,0.997,61.98449993133545,106.66773837804794,ok,ok
rule_ms-real_ms,rule_ms,real_ms,3407,block_03,RPM,4,canonical,0,1,1,011,2000,numerator_arm_minus_denominator_arm,1.0,0.963,56.38615971803665,105.00051391124725,ok,ok
rule_ms-real_ms,rule_ms,real_ms,3407,block_03,RPM,4,canonical,1,0,0,100,2000,numerator_arm_minus_denominator_arm,0.26649999999999996,0.20900000000000007,5.936001777648926,10.757461547851562,ok,ok
rule_ms-real_ms,rule_ms,real_ms,3407,block_03,RPM,4,canonical,1,0,1,101,2000,numerator_arm_minus_denominator_arm,0.009,0.0,3.547913074493408,8.583345413208008,ok,ok
rule_ms-real_ms,rule_ms,real_ms,3407,block_03,RPM,4,canonical,1,1,0,110,2000,numerator_arm_minus_denominator_arm,0.2535,0.278,6.332250118255615,11.000379085540771,ok,ok
rule_ms-real_ms,rule_ms,real_ms,3407,block_03,RPM,4,canonical,1,1,1,111,2000,numerator_arm_minus_denominator_arm,0.0010000000000000009,0.0,2.3996200561523438,12.260374069213867,ok,ok
rule_ms-real_ms,rule_ms,real_ms,3407,block_03,RPM,4,shifted,0,0,0,000,2000,numerator_arm_minus_denominator_arm,1.0,1.0,53.572988510131836,84.2500833272934,ok,ok
rule_ms-real_ms,rule_ms,real_ms,3407,block_03,RPM,4,shifted,0,0,1,001,2000,numerator_arm_minus_denominator_arm,1.0,0.992,41.904494524002075,71.98647093772888,ok,ok
rule_ms-real_ms,rule_ms,real_ms,3407,block_03,RPM,4,shifted,0,1,0,010,2000,numerator_arm_minus_denominator_arm,1.0,0.997,60.14681816101074,106.34476619958878,ok,ok
rule_ms-real_ms,rule_ms,real_ms,3407,block_03,RPM,4,shifted,0,1,1,011,2000,numerator_arm_minus_denominator_arm,1.0,0.9685,54.601214587688446,104.23283994197845,ok,ok
rule_ms-real_ms,rule_ms,real_ms,3407,block_03,RPM,4,shifted,1,0,0,100,2000,numerator_arm_minus_denominator_arm,0.28900000000000003,0.21550000000000002,6.2372612953186035,11.050880432128906,ok,ok
rule_ms-real_ms,rule_ms,real_ms,3407,block_03,RPM,4,shifted,1,0,1,101,2000,numerator_arm_minus_denominator_arm,0.009000000000000001,0.0,3.587278366088867,8.93641471862793,ok,ok
rule_ms-real_ms,rule_ms,real_ms,3407,block_03,RPM,4,shifted,1,1,0,110,2000,numerator_arm_minus_denominator_arm,0.26149999999999995,0.27899999999999997,6.442296028137207,11.206355571746826,ok,ok
rule_ms-real_ms,rule_ms,real_ms,3407,block_03,RPM,4,shifted,1,1,1,111,2000,numerator_arm_minus_denominator_arm,0.0,0.0,2.414750099182129,12.288057327270508,ok,ok
placebo_ms-real_ms,placebo_ms,real_ms,7,block_01,Gear,3,canonical,0,0,0,000,2000,numerator_arm_minus_denominator_arm,0.9835,0.759,31.23481798171997,64.8085527420044,ok,ok
placebo_ms-real_ms,placebo_ms,real_ms,7,block_01,Gear,3,canonical,0,0,1,001,2000,numerator_arm_minus_denominator_arm,0.982,0.787,28.12875747680664,56.947818756103516,ok,ok
placebo_ms-real_ms,placebo_ms,real_ms,7,block_01,Gear,3,canonical,0,1,0,010,2000,numerator_arm_minus_denominator_arm,0.987,0.95,44.912458181381226,109.52873992919922,ok,ok
placebo_ms-real_ms,placebo_ms,real_ms,7,block_01,Gear,3,canonical,0,1,1,011,2000,numerator_arm_minus_denominator_arm,0.989,0.963,40.91349816322327,99.07643699645996,ok,ok
placebo_ms-real_ms,placebo_ms,real_ms,7,block_01,Gear,3,canonical,1,0,0,100,2000,numerator_arm_minus_denominator_arm,0.01,0.022499999999999964,-0.5423648357391357,15.655550003051758,ok,ok
placebo_ms-real_ms,placebo_ms,real_ms,7,block_01,Gear,3,canonical,1,0,1,101,2000,numerator_arm_minus_denominator_arm,-0.0015,0.0040000000000000036,-1.4212437868118286,16.92218589782715,ok,ok
placebo_ms-real_ms,placebo_ms,real_ms,7,block_01,Gear,3,canonical,1,1,0,110,2000,numerator_arm_minus_denominator_arm,0.091,0.15349999999999997,2.1371259689331055,23.106471061706543,ok,ok
placebo_ms-real_ms,placebo_ms,real_ms,7,block_01,Gear,3,canonical,1,1,1,111,2000,numerator_arm_minus_denominator_arm,0.053,0.18499999999999994,1.492973804473877,22.36266803741455,ok,ok
placebo_ms-real_ms,placebo_ms,real_ms,7,block_01,Gear,3,shifted,0,0,0,000,2000,numerator_arm_minus_denominator_arm,0.9835,0.758,31.284800052642822,64.87376070022583,ok,ok
placebo_ms-real_ms,placebo_ms,real_ms,7,block_01,Gear,3,shifted,0,0,1,001,2000,numerator_arm_minus_denominator_arm,0.982,0.7865,28.19027090072632,57.014431953430176,ok,ok
placebo_ms-real_ms,placebo_ms,real_ms,7,block_01,Gear,3,shifted,0,1,0,010,2000,numerator_arm_minus_denominator_arm,0.987,0.95,45.06323027610779,109.69132876396179,ok,ok
placebo_ms-real_ms,placebo_ms,real_ms,7,block_01,Gear,3,shifted,0,1,1,011,2000,numerator_arm_minus_denominator_arm,0.989,0.9625,41.08009481430054,99.23303413391113,ok,ok
placebo_ms-real_ms,placebo_ms,real_ms,7,block_01,Gear,3,shifted,1,0,0,100,2000,numerator_arm_minus_denominator_arm,0.01,0.022499999999999964,-0.5123412609100342,15.664444923400879,ok,ok
placebo_ms-real_ms,placebo_ms,real_ms,7,block_01,Gear,3,shifted,1,0,1,101,2000,numerator_arm_minus_denominator_arm,-0.0015,0.0040000000000000036,-1.3917094469070435,16.927587509155273,ok,ok
placebo_ms-real_ms,placebo_ms,real_ms,7,block_01,Gear,3,shifted,1,1,0,110,2000,numerator_arm_minus_denominator_arm,0.093,0.15349999999999997,2.1910667419433594,23.14203929901123,ok,ok
placebo_ms-real_ms,placebo_ms,real_ms,7,block_01,Gear,3,shifted,1,1,1,111,2000,numerator_arm_minus_denominator_arm,0.0555,0.1855,1.5441322326660156,22.38922691345215,ok,ok
placebo_ms-real_ms,placebo_ms,real_ms,7,block_01,RPM,4,canonical,0,0,0,000,2000,numerator_arm_minus_denominator_arm,0.9985,0.891,39.781909346580505,67.63913154602051,ok,ok
placebo_ms-real_ms,placebo_ms,real_ms,7,block_01,RPM,4,canonical,0,0,1,001,2000,numerator_arm_minus_denominator_arm,0.993,0.34199999999999997,27.492146015167236,42.83883762359619,ok,ok
placebo_ms-real_ms,placebo_ms,real_ms,7,block_01,RPM,4,canonical,0,1,0,010,2000,numerator_arm_minus_denominator_arm,0.9995,0.926,45.17767095565796,82.92605471611023,ok,ok
placebo_ms-real_ms,placebo_ms,real_ms,7,block_01,RPM,4,canonical,0,1,1,011,2000,numerator_arm_minus_denominator_arm,0.9995,0.6599999999999999,39.848358392715454,77.6244707107544,ok,ok
placebo_ms-real_ms,placebo_ms,real_ms,7,block_01,RPM,4,canonical,1,0,0,100,2000,numerator_arm_minus_denominator_arm,0.015499999999999993,0.10250000000000004,2.7167582511901855,14.374993324279785,ok,ok
placebo_ms-real_ms,placebo_ms,real_ms,7,block_01,RPM,4,canonical,1,0,1,101,2000,numerator_arm_minus_denominator_arm,-0.028999999999999998,0.0,-0.14711761474609375,8.462564468383789,ok,ok
placebo_ms-real_ms,placebo_ms,real_ms,7,block_01,RPM,4,canonical,1,1,0,110,2000,numerator_arm_minus_denominator_arm,0.12349999999999998,0.259,3.9485607147216797,11.458091735839844,ok,ok
placebo_ms-real_ms,placebo_ms,real_ms,7,block_01,RPM,4,canonical,1,1,1,111,2000,numerator_arm_minus_denominator_arm,-0.118,0.01200000000000001,-0.012398242950439453,15.729345321655273,ok,ok
placebo_ms-real_ms,placebo_ms,real_ms,7,block_01,RPM,4,shifted,0,0,0,000,2000,numerator_arm_minus_denominator_arm,0.998,0.879,38.01601195335388,66.52941989898682,ok,ok
placebo_ms-real_ms,placebo_ms,real_ms,7,block_01,RPM,4,shifted,0,0,1,001,2000,numerator_arm_minus_denominator_arm,0.9925,0.34199999999999997,27.153151273727417,42.490729331970215,ok,ok
placebo_ms-real_ms,placebo_ms,real_ms,7,block_01,RPM,4,shifted,0,1,0,010,2000,numerator_arm_minus_denominator_arm,0.9995,0.923,43.66490936279297,83.15214109420776,ok,ok
placebo_ms-real_ms,placebo_ms,real_ms,7,block_01,RPM,4,shifted,0,1,1,011,2000,numerator_arm_minus_denominator_arm,0.9995,0.6505000000000001,38.810476541519165,77.58737325668335,ok,ok
placebo_ms-real_ms,placebo_ms,real_ms,7,block_01,RPM,4,shifted,1,0,0,100,2000,numerator_arm_minus_denominator_arm,0.015999999999999993,0.09450000000000003,2.7919883728027344,14.970382690429688,ok,ok
placebo_ms-real_ms,placebo_ms,real_ms,7,block_01,RPM,4,shifted,1,0,1,101,2000,numerator_arm_minus_denominator_arm,-0.028999999999999998,0.0,-0.12656402587890625,8.79513168334961,ok,ok
placebo_ms-real_ms,placebo_ms,real_ms,7,block_01,RPM,4,shifted,1,1,0,110,2000,numerator_arm_minus_denominator_arm,0.1355,0.264,4.034032821655273,12.021254539489746,ok,ok
placebo_ms-real_ms,placebo_ms,real_ms,7,block_01,RPM,4,shifted,1,1,1,111,2000,numerator_arm_minus_denominator_arm,-0.119,0.01100000000000001,-0.033620357513427734,16.28041648864746,ok,ok
placebo_ms-real_ms,placebo_ms,real_ms,7,block_02,Gear,3,canonical,0,0,0,000,2000,numerator_arm_minus_denominator_arm,0.983,0.7505000000000001,31.342347383499146,64.81794214248657,ok,ok
placebo_ms-real_ms,placebo_ms,real_ms,7,block_02,Gear,3,canonical,0,0,1,001,2000,numerator_arm_minus_denominator_arm,0.9775,0.776,28.251014709472656,57.00089359283447,ok,ok
placebo_ms-real_ms,placebo_ms,real_ms,7,block_02,Gear,3,canonical,0,1,0,010,2000,numerator_arm_minus_denominator_arm,0.987,0.9515,45.12890434265137,109.82818698883057,ok,ok
placebo_ms-real_ms,placebo_ms,real_ms,7,block_02,Gear,3,canonical,0,1,1,011,2000,numerator_arm_minus_denominator_arm,0.989,0.9670000000000001,40.98152828216553,98.94015717506409,ok,ok
placebo_ms-real_ms,placebo_ms,real_ms,7,block_02,Gear,3,canonical,1,0,0,100,2000,numerator_arm_minus_denominator_arm,0.009500000000000001,0.02200000000000002,-0.23920106887817383,15.32254409790039,ok,ok
placebo_ms-real_ms,placebo_ms,real_ms,7,block_02,Gear,3,canonical,1,0,1,101,2000,numerator_arm_minus_denominator_arm,-0.0014999999999999996,0.0020000000000000018,-1.1622002124786377,16.781681060791016,ok,ok
placebo_ms-real_ms,placebo_ms,real_ms,7,block_02,Gear,3,canonical,1,1,0,110,2000,numerator_arm_minus_denominator_arm,0.097,0.14100000000000001,2.352248191833496,23.439319610595703,ok,ok
placebo_ms-real_ms,placebo_ms,real_ms,7,block_02,Gear,3,canonical,1,1,1,111,2000,numerator_arm_minus_denominator_arm,0.0615,0.16649999999999998,1.5908994674682617,22.67793369293213,ok,ok
placebo_ms-real_ms,placebo_ms,real_ms,7,block_02,Gear,3,shifted,0,0,0,000,2000,numerator_arm_minus_denominator_arm,0.983,0.7495,31.392798900604248,64.88292455673218,ok,ok
placebo_ms-real_ms,placebo_ms,real_ms,7,block_02,Gear,3,shifted,0,0,1,001,2000,numerator_arm_minus_denominator_arm,0.9775,0.775,28.313122272491455,57.06694507598877,ok,ok
placebo_ms-real_ms,placebo_ms,real_ms,7,block_02,Gear,3,shifted,0,1,0,010,2000,numerator_arm_minus_denominator_arm,0.986,0.9510000000000001,45.27367305755615,109.9906997680664,ok,ok
placebo_ms-real_ms,placebo_ms,real_ms,7,block_02,Gear,3,shifted,0,1,1,011,2000,numerator_arm_minus_denominator_arm,0.989,0.9670000000000001,41.147170305252075,99.09678483009338,ok,ok
placebo_ms-real_ms,placebo_ms,real_ms,7,block_02,Gear,3,shifted,1,0,0,100,2000,numerator_arm_minus_denominator_arm,0.010499999999999999,0.02200000000000002,-0.20897769927978516,15.332233428955078,ok,ok
placebo_ms-real_ms,placebo_ms,real_ms,7,block_02,Gear,3,shifted,1,0,1,101,2000,numerator_arm_minus_denominator_arm,-0.0009999999999999996,0.0020000000000000018,-1.1325509548187256,16.787416458129883,ok,ok
placebo_ms-real_ms,placebo_ms,real_ms,7,block_02,Gear,3,shifted,1,1,0,110,2000,numerator_arm_minus_denominator_arm,0.1005,0.14100000000000001,2.4071216583251953,23.475468635559082,ok,ok
placebo_ms-real_ms,placebo_ms,real_ms,7,block_02,Gear,3,shifted,1,1,1,111,2000,numerator_arm_minus_denominator_arm,0.062,0.16500000000000004,1.6425561904907227,22.704647064208984,ok,ok
placebo_ms-real_ms,placebo_ms,real_ms,7,block_02,RPM,4,canonical,0,0,0,000,2000,numerator_arm_minus_denominator_arm,0.999,0.8745,39.66782569885254,67.63659644126892,ok,ok
placebo_ms-real_ms,placebo_ms,real_ms,7,block_02,RPM,4,canonical,0,0,1,001,2000,numerator_arm_minus_denominator_arm,0.988,0.3640000000000001,27.55881643295288,43.130736351013184,ok,ok
placebo_ms-real_ms,placebo_ms,real_ms,7,block_02,RPM,4,canonical,0,1,0,010,2000,numerator_arm_minus_denominator_arm,0.9955,0.9285000000000001,45.291374921798706,83.06715369224548,ok,ok
placebo_ms-real_ms,placebo_ms,real_ms,7,block_02,RPM,4,canonical,0,1,1,011,2000,numerator_arm_minus_denominator_arm,0.996,0.681,40.03773593902588,77.54760837554932,ok,ok
placebo_ms-real_ms,placebo_ms,real_ms,7,block_02,RPM,4,canonical,1,0,0,100,2000,numerator_arm_minus_denominator_arm,0.013999999999999999,0.11350000000000005,2.801767349243164,14.434685707092285,ok,ok
placebo_ms-real_ms,placebo_ms,real_ms,7,block_02,RPM,4,canonical,1,0,1,101,2000,numerator_arm_minus_denominator_arm,-0.0265,-0.0004999999999999449,-0.0665597915649414,8.56660270690918,ok,ok
placebo_ms-real_ms,placebo_ms,real_ms,7,block_02,RPM,4,canonical,1,1,0,110,2000,numerator_arm_minus_denominator_arm,0.0935,0.24450000000000005,3.887822151184082,11.57518196105957,ok,ok
placebo_ms-real_ms,placebo_ms,real_ms,7,block_02,RPM,4,canonical,1,1,1,111,2000,numerator_arm_minus_denominator_arm,-0.1315,0.008000000000000007,0.10436439514160156,15.550971031188965,ok,ok
placebo_ms-real_ms,placebo_ms,real_ms,7,block_02,RPM,4,shifted,0,0,0,000,2000,numerator_arm_minus_denominator_arm,0.9985,0.8705,37.87651741504669,66.50976228713989,ok,ok
placebo_ms-real_ms,placebo_ms,real_ms,7,block_02,RPM,4,shifted,0,0,1,001,2000,numerator_arm_minus_denominator_arm,0.988,0.36550000000000005,27.20955491065979,42.77451515197754,ok,ok
placebo_ms-real_ms,placebo_ms,real_ms,7,block_02,RPM,4,shifted,0,1,0,010,2000,numerator_arm_minus_denominator_arm,0.9955,0.9245000000000001,43.76899600028992,83.28843379020691,ok,ok
placebo_ms-real_ms,placebo_ms,real_ms,7,block_02,RPM,4,shifted,0,1,1,011,2000,numerator_arm_minus_denominator_arm,0.996,0.672,38.99750876426697,77.51366996765137,ok,ok
placebo_ms-real_ms,placebo_ms,real_ms,7,block_02,RPM,4,shifted,1,0,0,100,2000,numerator_arm_minus_denominator_arm,0.016,0.10699999999999998,2.865668296813965,15.033987045288086,ok,ok
placebo_ms-real_ms,placebo_ms,real_ms,7,block_02,RPM,4,shifted,1,0,1,101,2000,numerator_arm_minus_denominator_arm,-0.0265,-0.0004999999999999449,-0.049841880798339844,8.895227432250977,ok,ok
placebo_ms-real_ms,placebo_ms,real_ms,7,block_02,RPM,4,shifted,1,1,0,110,2000,numerator_arm_minus_denominator_arm,0.1015,0.2430000000000001,3.964211940765381,12.134181022644043,ok,ok
placebo_ms-real_ms,placebo_ms,real_ms,7,block_02,RPM,4,shifted,1,1,1,111,2000,numerator_arm_minus_denominator_arm,-0.133,0.008000000000000007,0.08145809173583984,16.095322608947754,ok,ok
placebo_ms-real_ms,placebo_ms,real_ms,7,block_03,Gear,3,canonical,0,0,0,000,2000,numerator_arm_minus_denominator_arm,0.983,0.7364999999999999,31.143519639968872,64.53791999816895,ok,ok
placebo_ms-real_ms,placebo_ms,real_ms,7,block_03,Gear,3,canonical,0,0,1,001,2000,numerator_arm_minus_denominator_arm,0.983,0.7735,28.06710433959961,56.95823621749878,ok,ok
placebo_ms-real_ms,placebo_ms,real_ms,7,block_03,Gear,3,canonical,0,1,0,010,2000,numerator_arm_minus_denominator_arm,0.991,0.9565,44.91395711898804,109.59539198875427,ok,ok
placebo_ms-real_ms,placebo_ms,real_ms,7,block_03,Gear,3,canonical,0,1,1,011,2000,numerator_arm_minus_denominator_arm,0.9915,0.9695,40.79835319519043,98.93571519851685,ok,ok
placebo_ms-real_ms,placebo_ms,real_ms,7,block_03,Gear,3,canonical,1,0,0,100,2000,numerator_arm_minus_denominator_arm,0.0085,0.020000000000000018,-0.42914891242980957,15.507737159729004,ok,ok
placebo_ms-real_ms,placebo_ms,real_ms,7,block_03,Gear,3,canonical,1,0,1,101,2000,numerator_arm_minus_denominator_arm,0.0025,0.0030000000000000027,-1.3433127403259277,16.876415252685547,ok,ok
placebo_ms-real_ms,placebo_ms,real_ms,7,block_03,Gear,3,canonical,1,1,0,110,2000,numerator_arm_minus_denominator_arm,0.093,0.15349999999999997,2.2179384231567383,22.864574432373047,ok,ok
placebo_ms-real_ms,placebo_ms,real_ms,7,block_03,Gear,3,canonical,1,1,1,111,2000,numerator_arm_minus_denominator_arm,0.062,0.18300000000000005,1.5165462493896484,22.201189041137695,ok,ok
placebo_ms-real_ms,placebo_ms,real_ms,7,block_03,Gear,3,shifted,0,0,0,000,2000,numerator_arm_minus_denominator_arm,0.983,0.736,31.193517446517944,64.60284042358398,ok,ok
placebo_ms-real_ms,placebo_ms,real_ms,7,block_03,Gear,3,shifted,0,0,1,001,2000,numerator_arm_minus_denominator_arm,0.983,0.7735,28.13023567199707,57.024014472961426,ok,ok
placebo_ms-real_ms,placebo_ms,real_ms,7,block_03,Gear,3,shifted,0,1,0,010,2000,numerator_arm_minus_denominator_arm,0.991,0.9565,45.0650954246521,109.7576093673706,ok,ok
placebo_ms-real_ms,placebo_ms,real_ms,7,block_03,Gear,3,shifted,0,1,1,011,2000,numerator_arm_minus_denominator_arm,0.9915,0.9695,40.96913981437683,99.09230089187622,ok,ok
placebo_ms-real_ms,placebo_ms,real_ms,7,block_03,Gear,3,shifted,1,0,0,100,2000,numerator_arm_minus_denominator_arm,0.009,0.020000000000000018,-0.3990914821624756,15.5166015625,ok,ok
placebo_ms-real_ms,placebo_ms,real_ms,7,block_03,Gear,3,shifted,1,0,1,101,2000,numerator_arm_minus_denominator_arm,0.003,0.0030000000000000027,-1.3138115406036377,16.881704330444336,ok,ok
placebo_ms-real_ms,placebo_ms,real_ms,7,block_03,Gear,3,shifted,1,1,0,110,2000,numerator_arm_minus_denominator_arm,0.0965,0.15300000000000002,2.271758556365967,22.900240898132324,ok,ok
placebo_ms-real_ms,placebo_ms,real_ms,7,block_03,Gear,3,shifted,1,1,1,111,2000,numerator_arm_minus_denominator_arm,0.063,0.1825000000000001,1.5674424171447754,22.22804069519043,ok,ok
placebo_ms-real_ms,placebo_ms,real_ms,7,block_03,RPM,4,canonical,0,0,0,000,2000,numerator_arm_minus_denominator_arm,0.9995,0.87,39.827688097953796,67.85679483413696,ok,ok
placebo_ms-real_ms,placebo_ms,real_ms,7,block_03,RPM,4,canonical,0,0,1,001,2000,numerator_arm_minus_denominator_arm,0.9935,0.361,27.533888339996338,43.156837463378906,ok,ok
placebo_ms-real_ms,placebo_ms,real_ms,7,block_03,RPM,4,canonical,0,1,0,010,2000,numerator_arm_minus_denominator_arm,0.9995,0.927,45.17018151283264,83.17340135574341,ok,ok
placebo_ms-real_ms,placebo_ms,real_ms,7,block_03,RPM,4,canonical,0,1,1,011,2000,numerator_arm_minus_denominator_arm,0.9995,0.6655,39.9524130821228,77.79156351089478,ok,ok
placebo_ms-real_ms,placebo_ms,real_ms,7,block_03,RPM,4,canonical,1,0,0,100,2000,numerator_arm_minus_denominator_arm,0.027500000000000004,0.11450000000000005,2.7796874046325684,14.479804992675781,ok,ok
placebo_ms-real_ms,placebo_ms,real_ms,7,block_03,RPM,4,canonical,1,0,1,101,2000,numerator_arm_minus_denominator_arm,-0.024999999999999998,0.0,-0.13604354858398438,8.68587875366211,ok,ok
placebo_ms-real_ms,placebo_ms,real_ms,7,block_03,RPM,4,canonical,1,1,0,110,2000,numerator_arm_minus_denominator_arm,0.088,0.24949999999999994,3.9376988410949707,11.542519569396973,ok,ok
placebo_ms-real_ms,placebo_ms,real_ms,7,block_03,RPM,4,canonical,1,1,1,111,2000,numerator_arm_minus_denominator_arm,-0.121,0.0044999999999999485,0.043927669525146484,15.594249725341797,ok,ok
placebo_ms-real_ms,placebo_ms,real_ms,7,block_03,RPM,4,shifted,0,0,0,000,2000,numerator_arm_minus_denominator_arm,0.9995,0.8634999999999999,38.07216989994049,66.76038074493408,ok,ok
placebo_ms-real_ms,placebo_ms,real_ms,7,block_03,RPM,4,shifted,0,0,1,001,2000,numerator_arm_minus_denominator_arm,0.9935,0.357,27.193694591522217,42.8139123916626,ok,ok
placebo_ms-real_ms,placebo_ms,real_ms,7,block_03,RPM,4,shifted,0,1,0,010,2000,numerator_arm_minus_denominator_arm,0.9995,0.9225,43.67293739318848,83.40222501754761,ok,ok
placebo_ms-real_ms,placebo_ms,real_ms,7,block_03,RPM,4,shifted,0,1,1,011,2000,numerator_arm_minus_denominator_arm,0.999,0.6535,38.91958045959473,77.75661897659302,ok,ok
placebo_ms-real_ms,placebo_ms,real_ms,7,block_03,RPM,4,shifted,1,0,0,100,2000,numerator_arm_minus_denominator_arm,0.027500000000000004,0.10750000000000004,2.85288143157959,15.08248519897461,ok,ok
placebo_ms-real_ms,placebo_ms,real_ms,7,block_03,RPM,4,shifted,1,0,1,101,2000,numerator_arm_minus_denominator_arm,-0.024499999999999997,0.0,-0.11947917938232422,9.019962310791016,ok,ok
placebo_ms-real_ms,placebo_ms,real_ms,7,block_03,RPM,4,shifted,1,1,0,110,2000,numerator_arm_minus_denominator_arm,0.10300000000000001,0.257,4.017032623291016,12.11151123046875,ok,ok
placebo_ms-real_ms,placebo_ms,real_ms,7,block_03,RPM,4,shifted,1,1,1,111,2000,numerator_arm_minus_denominator_arm,-0.121,0.0040000000000000036,0.024179935455322266,16.14206600189209,ok,ok
placebo_ms-real_ms,placebo_ms,real_ms,42,block_01,Gear,3,canonical,0,0,0,000,2000,numerator_arm_minus_denominator_arm,1.0,1.0,31.444925785064697,62.186447620391846,ok,ok
placebo_ms-real_ms,placebo_ms,real_ms,42,block_01,Gear,3,canonical,0,0,1,001,2000,numerator_arm_minus_denominator_arm,1.0,1.0,28.53096616268158,58.255449056625366,ok,ok
placebo_ms-real_ms,placebo_ms,real_ms,42,block_01,Gear,3,canonical,0,1,0,010,2000,numerator_arm_minus_denominator_arm,1.0,1.0,45.428794384002686,114.4621913433075,ok,ok
placebo_ms-real_ms,placebo_ms,real_ms,42,block_01,Gear,3,canonical,0,1,1,011,2000,numerator_arm_minus_denominator_arm,1.0,1.0,40.968788504600525,103.85782837867737,ok,ok
placebo_ms-real_ms,placebo_ms,real_ms,42,block_01,Gear,3,canonical,1,0,0,100,2000,numerator_arm_minus_denominator_arm,0.011,0.577,2.5462000370025635,15.101622581481934,ok,ok
placebo_ms-real_ms,placebo_ms,real_ms,42,block_01,Gear,3,canonical,1,0,1,101,2000,numerator_arm_minus_denominator_arm,0.0025,0.404,1.3977693319320679,13.577275276184082,ok,ok
placebo_ms-real_ms,placebo_ms,real_ms,42,block_01,Gear,3,canonical,1,1,0,110,2000,numerator_arm_minus_denominator_arm,0.03,0.971,5.449146628379822,27.7130868434906,ok,ok
placebo_ms-real_ms,placebo_ms,real_ms,42,block_01,Gear,3,canonical,1,1,1,111,2000,numerator_arm_minus_denominator_arm,0.0055,0.9645,3.884854793548584,27.974928855895996,ok,ok
placebo_ms-real_ms,placebo_ms,real_ms,42,block_01,Gear,3,shifted,0,0,0,000,2000,numerator_arm_minus_denominator_arm,1.0,1.0,31.51770293712616,62.25038534402847,ok,ok
placebo_ms-real_ms,placebo_ms,real_ms,42,block_01,Gear,3,shifted,0,0,1,001,2000,numerator_arm_minus_denominator_arm,1.0,1.0,28.627429246902466,58.31961405277252,ok,ok
placebo_ms-real_ms,placebo_ms,real_ms,42,block_01,Gear,3,shifted,0,1,0,010,2000,numerator_arm_minus_denominator_arm,1.0,1.0,45.57420027256012,114.62811625003815,ok,ok
placebo_ms-real_ms,placebo_ms,real_ms,42,block_01,Gear,3,shifted,0,1,1,011,2000,numerator_arm_minus_denominator_arm,1.0,1.0,41.13644897937775,104.01426529884338,ok,ok
placebo_ms-real_ms,placebo_ms,real_ms,42,block_01,Gear,3,shifted,1,0,0,100,2000,numerator_arm_minus_denominator_arm,0.011,0.5765,2.5567784309387207,15.079739570617676,ok,ok
placebo_ms-real_ms,placebo_ms,real_ms,42,block_01,Gear,3,shifted,1,0,1,101,2000,numerator_arm_minus_denominator_arm,0.0025,0.402,1.4080650806427002,13.556121826171875,ok,ok
placebo_ms-real_ms,placebo_ms,real_ms,42,block_01,Gear,3,shifted,1,1,0,110,2000,numerator_arm_minus_denominator_arm,0.03,0.9705,5.477251887321472,27.729556798934937,ok,ok
placebo_ms-real_ms,placebo_ms,real_ms,42,block_01,Gear,3,shifted,1,1,1,111,2000,numerator_arm_minus_denominator_arm,0.0055,0.9645,3.910128653049469,27.987708568572998,ok,ok
placebo_ms-real_ms,placebo_ms,real_ms,42,block_01,RPM,4,canonical,0,0,0,000,2000,numerator_arm_minus_denominator_arm,1.0,1.0,34.292492389678955,63.08038595318794,ok,ok
placebo_ms-real_ms,placebo_ms,real_ms,42,block_01,RPM,4,canonical,0,0,1,001,2000,numerator_arm_minus_denominator_arm,1.0,0.998,27.916861295700073,49.47955143451691,ok,ok
placebo_ms-real_ms,placebo_ms,real_ms,42,block_01,RPM,4,canonical,0,1,0,010,2000,numerator_arm_minus_denominator_arm,1.0,1.0,40.34088170528412,84.26066061854362,ok,ok
placebo_ms-real_ms,placebo_ms,real_ms,42,block_01,RPM,4,canonical,0,1,1,011,2000,numerator_arm_minus_denominator_arm,1.0,0.998,39.3020361661911,86.14637351036072,ok,ok
placebo_ms-real_ms,placebo_ms,real_ms,42,block_01,RPM,4,canonical,1,0,0,100,2000,numerator_arm_minus_denominator_arm,0.032,0.466,1.1039376258850098,6.810434341430664,ok,ok
placebo_ms-real_ms,placebo_ms,real_ms,42,block_01,RPM,4,canonical,1,0,1,101,2000,numerator_arm_minus_denominator_arm,-0.042499999999999996,0.0535000000000001,-3.091822624206543,7.943017959594727,ok,ok
placebo_ms-real_ms,placebo_ms,real_ms,42,block_01,RPM,4,canonical,1,1,0,110,2000,numerator_arm_minus_denominator_arm,0.057999999999999996,0.6045,1.7511711120605469,8.975652694702148,ok,ok
placebo_ms-real_ms,placebo_ms,real_ms,42,block_01,RPM,4,canonical,1,1,1,111,2000,numerator_arm_minus_denominator_arm,-0.1285,0.28300000000000003,-6.799785375595093,18.405200958251953,ok,ok
placebo_ms-real_ms,placebo_ms,real_ms,42,block_01,RPM,4,shifted,0,0,0,000,2000,numerator_arm_minus_denominator_arm,1.0,1.0,32.9272723197937,62.15762358903885,ok,ok
placebo_ms-real_ms,placebo_ms,real_ms,42,block_01,RPM,4,shifted,0,0,1,001,2000,numerator_arm_minus_denominator_arm,1.0,0.9985,27.180359721183777,48.97148323059082,ok,ok
placebo_ms-real_ms,placebo_ms,real_ms,42,block_01,RPM,4,shifted,0,1,0,010,2000,numerator_arm_minus_denominator_arm,1.0,1.0,38.8193895816803,84.6643419265747,ok,ok
placebo_ms-real_ms,placebo_ms,real_ms,42,block_01,RPM,4,shifted,0,1,1,011,2000,numerator_arm_minus_denominator_arm,1.0,0.998,37.7000652551651,86.63135361671448,ok,ok
placebo_ms-real_ms,placebo_ms,real_ms,42,block_01,RPM,4,shifted,1,0,0,100,2000,numerator_arm_minus_denominator_arm,0.043500000000000004,0.49700000000000005,1.3373160362243652,7.178072929382324,ok,ok
placebo_ms-real_ms,placebo_ms,real_ms,42,block_01,RPM,4,shifted,1,0,1,101,2000,numerator_arm_minus_denominator_arm,-0.03949999999999999,0.04700000000000004,-2.9066178798675537,7.993166923522949,ok,ok
placebo_ms-real_ms,placebo_ms,real_ms,42,block_01,RPM,4,shifted,1,1,0,110,2000,numerator_arm_minus_denominator_arm,0.0645,0.6305,1.8018560409545898,9.484431266784668,ok,ok
placebo_ms-real_ms,placebo_ms,real_ms,42,block_01,RPM,4,shifted,1,1,1,111,2000,numerator_arm_minus_denominator_arm,-0.1255,0.26949999999999996,-6.824160993099213,18.756378173828125,ok,ok
placebo_ms-real_ms,placebo_ms,real_ms,42,block_02,Gear,3,canonical,0,0,0,000,2000,numerator_arm_minus_denominator_arm,0.999,0.999,31.42858338356018,62.25057679414749,ok,ok
placebo_ms-real_ms,placebo_ms,real_ms,42,block_02,Gear,3,canonical,0,0,1,001,2000,numerator_arm_minus_denominator_arm,0.999,0.999,28.487385511398315,58.24894738197327,ok,ok
placebo_ms-real_ms,placebo_ms,real_ms,42,block_02,Gear,3,canonical,0,1,0,010,2000,numerator_arm_minus_denominator_arm,0.999,0.999,45.50609469413757,114.68999671936035,ok,ok
placebo_ms-real_ms,placebo_ms,real_ms,42,block_02,Gear,3,canonical,0,1,1,011,2000,numerator_arm_minus_denominator_arm,0.999,0.999,40.919952630996704,103.85457229614258,ok,ok
placebo_ms-real_ms,placebo_ms,real_ms,42,block_02,Gear,3,canonical,1,0,0,100,2000,numerator_arm_minus_denominator_arm,0.014,0.5945,2.6828209161758423,15.148367404937744,ok,ok
placebo_ms-real_ms,placebo_ms,real_ms,42,block_02,Gear,3,canonical,1,0,1,101,2000,numerator_arm_minus_denominator_arm,0.0015,0.406,1.4642388820648193,13.60293197631836,ok,ok
placebo_ms-real_ms,placebo_ms,real_ms,42,block_02,Gear,3,canonical,1,1,0,110,2000,numerator_arm_minus_denominator_arm,0.0265,0.9715,5.575202226638794,28.07867407798767,ok,ok
placebo_ms-real_ms,placebo_ms,real_ms,42,block_02,Gear,3,canonical,1,1,1,111,2000,numerator_arm_minus_denominator_arm,0.0095,0.9625,3.850493848323822,28.2752583026886,ok,ok
placebo_ms-real_ms,placebo_ms,real_ms,42,block_02,Gear,3,shifted,0,0,0,000,2000,numerator_arm_minus_denominator_arm,0.999,0.999,31.500890135765076,62.31401830911636,ok,ok
placebo_ms-real_ms,placebo_ms,real_ms,42,block_02,Gear,3,shifted,0,0,1,001,2000,numerator_arm_minus_denominator_arm,0.999,0.999,28.58437752723694,58.312604784965515,ok,ok
placebo_ms-real_ms,placebo_ms,real_ms,42,block_02,Gear,3,shifted,0,1,0,010,2000,numerator_arm_minus_denominator_arm,0.999,0.999,45.65115225315094,114.85605096817017,ok,ok
placebo_ms-real_ms,placebo_ms,real_ms,42,block_02,Gear,3,shifted,0,1,1,011,2000,numerator_arm_minus_denominator_arm,0.999,0.999,41.089919567108154,104.01086091995239,ok,ok
placebo_ms-real_ms,placebo_ms,real_ms,42,block_02,Gear,3,shifted,1,0,0,100,2000,numerator_arm_minus_denominator_arm,0.014,0.5935,2.693082571029663,15.12690544128418,ok,ok
placebo_ms-real_ms,placebo_ms,real_ms,42,block_02,Gear,3,shifted,1,0,1,101,2000,numerator_arm_minus_denominator_arm,0.0015,0.404,1.4745728969573975,13.582043647766113,ok,ok
placebo_ms-real_ms,placebo_ms,real_ms,42,block_02,Gear,3,shifted,1,1,0,110,2000,numerator_arm_minus_denominator_arm,0.0275,0.9715,5.603723883628845,28.094747066497803,ok,ok
placebo_ms-real_ms,placebo_ms,real_ms,42,block_02,Gear,3,shifted,1,1,1,111,2000,numerator_arm_minus_denominator_arm,0.0095,0.9625,3.8760024905204773,28.28813338279724,ok,ok
placebo_ms-real_ms,placebo_ms,real_ms,42,block_02,RPM,4,canonical,0,0,0,000,2000,numerator_arm_minus_denominator_arm,0.9985,0.999,34.00357985496521,63.04581859707832,ok,ok
placebo_ms-real_ms,placebo_ms,real_ms,42,block_02,RPM,4,canonical,0,0,1,001,2000,numerator_arm_minus_denominator_arm,0.9985,0.997,27.851429224014282,49.556342124938965,ok,ok
placebo_ms-real_ms,placebo_ms,real_ms,42,block_02,RPM,4,canonical,0,1,0,010,2000,numerator_arm_minus_denominator_arm,0.9985,0.999,40.20624852180481,84.47490382194519,ok,ok
placebo_ms-real_ms,placebo_ms,real_ms,42,block_02,RPM,4,canonical,0,1,1,011,2000,numerator_arm_minus_denominator_arm,0.9985,0.998,39.15498459339142,86.0106331706047,ok,ok
placebo_ms-real_ms,placebo_ms,real_ms,42,block_02,RPM,4,canonical,1,0,0,100,2000,numerator_arm_minus_denominator_arm,0.035,0.47950000000000004,1.0616455078125,7.004211902618408,ok,ok
placebo_ms-real_ms,placebo_ms,real_ms,42,block_02,RPM,4,canonical,1,0,1,101,2000,numerator_arm_minus_denominator_arm,-0.0475,0.054500000000000104,-3.041619300842285,7.881503105163574,ok,ok
placebo_ms-real_ms,placebo_ms,real_ms,42,block_02,RPM,4,canonical,1,1,0,110,2000,numerator_arm_minus_denominator_arm,0.0595,0.6115,1.5983076095581055,8.970418453216553,ok,ok
placebo_ms-real_ms,placebo_ms,real_ms,42,block_02,RPM,4,canonical,1,1,1,111,2000,numerator_arm_minus_denominator_arm,-0.144,0.26349999999999996,-6.788042187690735,18.201679229736328,ok,ok
placebo_ms-real_ms,placebo_ms,real_ms,42,block_02,RPM,4,shifted,0,0,0,000,2000,numerator_arm_minus_denominator_arm,0.9985,0.999,32.61473083496094,62.10095489025116,ok,ok
placebo_ms-real_ms,placebo_ms,real_ms,42,block_02,RPM,4,shifted,0,0,1,001,2000,numerator_arm_minus_denominator_arm,0.9985,0.997,27.10197949409485,49.03541374206543,ok,ok
placebo_ms-real_ms,placebo_ms,real_ms,42,block_02,RPM,4,shifted,0,1,0,010,2000,numerator_arm_minus_denominator_arm,0.9985,0.999,38.66502010822296,84.85041135549545,ok,ok
placebo_ms-real_ms,placebo_ms,real_ms,42,block_02,RPM,4,shifted,0,1,1,011,2000,numerator_arm_minus_denominator_arm,0.9985,0.9975,37.55635631084442,86.47975254058838,ok,ok
placebo_ms-real_ms,placebo_ms,real_ms,42,block_02,RPM,4,shifted,1,0,0,100,2000,numerator_arm_minus_denominator_arm,0.048499999999999995,0.5095,1.2882838249206543,7.380131721496582,ok,ok
placebo_ms-real_ms,placebo_ms,real_ms,42,block_02,RPM,4,shifted,1,0,1,101,2000,numerator_arm_minus_denominator_arm,-0.0455,0.051000000000000045,-2.859598398208618,7.932025909423828,ok,ok
placebo_ms-real_ms,placebo_ms,real_ms,42,block_02,RPM,4,shifted,1,1,0,110,2000,numerator_arm_minus_denominator_arm,0.06599999999999999,0.6465000000000001,1.6455316543579102,9.47955870628357,ok,ok
placebo_ms-real_ms,placebo_ms,real_ms,42,block_02,RPM,4,shifted,1,1,1,111,2000,numerator_arm_minus_denominator_arm,-0.13999999999999999,0.25249999999999995,-6.809192597866058,18.54928493499756,ok,ok
placebo_ms-real_ms,placebo_ms,real_ms,42,block_03,Gear,3,canonical,0,0,0,000,2000,numerator_arm_minus_denominator_arm,1.0,1.0,31.270808696746826,61.99123299121857,ok,ok
placebo_ms-real_ms,placebo_ms,real_ms,42,block_03,Gear,3,canonical,0,0,1,001,2000,numerator_arm_minus_denominator_arm,1.0,1.0,28.44110417366028,58.149404883384705,ok,ok
placebo_ms-real_ms,placebo_ms,real_ms,42,block_03,Gear,3,canonical,0,1,0,010,2000,numerator_arm_minus_denominator_arm,1.0,1.0,45.42690944671631,114.6925356388092,ok,ok
placebo_ms-real_ms,placebo_ms,real_ms,42,block_03,Gear,3,canonical,0,1,1,011,2000,numerator_arm_minus_denominator_arm,1.0,1.0,40.897321462631226,103.95286333560944,ok,ok
placebo_ms-real_ms,placebo_ms,real_ms,42,block_03,Gear,3,canonical,1,0,0,100,2000,numerator_arm_minus_denominator_arm,0.0145,0.5715000000000001,2.5655635595321655,15.087717533111572,ok,ok
placebo_ms-real_ms,placebo_ms,real_ms,42,block_03,Gear,3,canonical,1,0,1,101,2000,numerator_arm_minus_denominator_arm,0.001,0.39250000000000007,1.385533094406128,13.552753448486328,ok,ok
placebo_ms-real_ms,placebo_ms,real_ms,42,block_03,Gear,3,canonical,1,1,0,110,2000,numerator_arm_minus_denominator_arm,0.027,0.975,5.449118375778198,27.791867971420288,ok,ok
placebo_ms-real_ms,placebo_ms,real_ms,42,block_03,Gear,3,canonical,1,1,1,111,2000,numerator_arm_minus_denominator_arm,0.008,0.9650000000000001,3.8470773100852966,28.035143613815308,ok,ok
placebo_ms-real_ms,placebo_ms,real_ms,42,block_03,Gear,3,shifted,0,0,0,000,2000,numerator_arm_minus_denominator_arm,1.0,1.0,31.343030095100403,62.05503660440445,ok,ok
placebo_ms-real_ms,placebo_ms,real_ms,42,block_03,Gear,3,shifted,0,0,1,001,2000,numerator_arm_minus_denominator_arm,1.0,1.0,28.535123825073242,58.21344804763794,ok,ok
placebo_ms-real_ms,placebo_ms,real_ms,42,block_03,Gear,3,shifted,0,1,0,010,2000,numerator_arm_minus_denominator_arm,1.0,1.0,45.57405197620392,114.85874879360199,ok,ok
placebo_ms-real_ms,placebo_ms,real_ms,42,block_03,Gear,3,shifted,0,1,1,011,2000,numerator_arm_minus_denominator_arm,1.0,1.0,41.06742596626282,104.10980200767517,ok,ok
placebo_ms-real_ms,placebo_ms,real_ms,42,block_03,Gear,3,shifted,1,0,0,100,2000,numerator_arm_minus_denominator_arm,0.015,0.5680000000000001,2.5764784812927246,15.066004753112793,ok,ok
placebo_ms-real_ms,placebo_ms,real_ms,42,block_03,Gear,3,shifted,1,0,1,101,2000,numerator_arm_minus_denominator_arm,0.001,0.38950000000000007,1.3962370157241821,13.531431198120117,ok,ok
placebo_ms-real_ms,placebo_ms,real_ms,42,block_03,Gear,3,shifted,1,1,0,110,2000,numerator_arm_minus_denominator_arm,0.027,0.975,5.477182388305664,27.80857801437378,ok,ok
placebo_ms-real_ms,placebo_ms,real_ms,42,block_03,Gear,3,shifted,1,1,1,111,2000,numerator_arm_minus_denominator_arm,0.008,0.9650000000000001,3.8723411560058594,28.04842758178711,ok,ok
placebo_ms-real_ms,placebo_ms,real_ms,42,block_03,RPM,4,canonical,0,0,0,000,2000,numerator_arm_minus_denominator_arm,1.0,1.0,33.99923825263977,62.8955492079258,ok,ok
placebo_ms-real_ms,placebo_ms,real_ms,42,block_03,RPM,4,canonical,0,0,1,001,2000,numerator_arm_minus_denominator_arm,1.0,0.9985,27.789485573768616,49.43366360664368,ok,ok
placebo_ms-real_ms,placebo_ms,real_ms,42,block_03,RPM,4,canonical,0,1,0,010,2000,numerator_arm_minus_denominator_arm,1.0,1.0,40.11169707775116,84.58295652270317,ok,ok
placebo_ms-real_ms,placebo_ms,real_ms,42,block_03,RPM,4,canonical,0,1,1,011,2000,numerator_arm_minus_denominator_arm,1.0,0.9985,39.18488347530365,86.44746023416519,ok,ok
placebo_ms-real_ms,placebo_ms,real_ms,42,block_03,RPM,4,canonical,1,0,0,100,2000,numerator_arm_minus_denominator_arm,0.0305,0.4765,1.007293701171875,6.997575759887695,ok,ok
placebo_ms-real_ms,placebo_ms,real_ms,42,block_03,RPM,4,canonical,1,0,1,101,2000,numerator_arm_minus_denominator_arm,-0.045,0.04749999999999999,-3.1372251510620117,7.9141740798950195,ok,ok
placebo_ms-real_ms,placebo_ms,real_ms,42,block_03,RPM,4,canonical,1,1,0,110,2000,numerator_arm_minus_denominator_arm,0.05399999999999999,0.5965,1.5657248497009277,9.124545097351074,ok,ok
placebo_ms-real_ms,placebo_ms,real_ms,42,block_03,RPM,4,canonical,1,1,1,111,2000,numerator_arm_minus_denominator_arm,-0.1325,0.2815,-6.777305543422699,18.407830238342285,ok,ok
placebo_ms-real_ms,placebo_ms,real_ms,42,block_03,RPM,4,shifted,0,0,0,000,2000,numerator_arm_minus_denominator_arm,1.0,1.0,32.638216495513916,61.97935199737549,ok,ok
placebo_ms-real_ms,placebo_ms,real_ms,42,block_03,RPM,4,shifted,0,0,1,001,2000,numerator_arm_minus_denominator_arm,1.0,0.9985,27.058959245681763,48.92940151691437,ok,ok
placebo_ms-real_ms,placebo_ms,real_ms,42,block_03,RPM,4,shifted,0,1,0,010,2000,numerator_arm_minus_denominator_arm,1.0,1.0,38.57110822200775,84.97710257768631,ok,ok
placebo_ms-real_ms,placebo_ms,real_ms,42,block_03,RPM,4,shifted,0,1,1,011,2000,numerator_arm_minus_denominator_arm,1.0,0.9985,37.581655383110046,86.93576639890671,ok,ok
placebo_ms-real_ms,placebo_ms,real_ms,42,block_03,RPM,4,shifted,1,0,0,100,2000,numerator_arm_minus_denominator_arm,0.044500000000000005,0.5055000000000001,1.2375884056091309,7.374587535858154,ok,ok
placebo_ms-real_ms,placebo_ms,real_ms,42,block_03,RPM,4,shifted,1,0,1,101,2000,numerator_arm_minus_denominator_arm,-0.041499999999999995,0.04049999999999998,-2.950941324234009,7.9685773849487305,ok,ok
placebo_ms-real_ms,placebo_ms,real_ms,42,block_03,RPM,4,shifted,1,1,0,110,2000,numerator_arm_minus_denominator_arm,0.0595,0.6275,1.6170220375061035,9.639669179916382,ok,ok
placebo_ms-real_ms,placebo_ms,real_ms,42,block_03,RPM,4,shifted,1,1,1,111,2000,numerator_arm_minus_denominator_arm,-0.129,0.27,-6.806611239910126,18.763389587402344,ok,ok
placebo_ms-real_ms,placebo_ms,real_ms,123,block_01,Gear,3,canonical,0,0,0,000,2000,numerator_arm_minus_denominator_arm,1.0,0.981,38.98087978363037,69.96174597740173,ok,ok
placebo_ms-real_ms,placebo_ms,real_ms,123,block_01,Gear,3,canonical,0,0,1,001,2000,numerator_arm_minus_denominator_arm,1.0,0.9875,34.69189101457596,61.99933850765228,ok,ok
placebo_ms-real_ms,placebo_ms,real_ms,123,block_01,Gear,3,canonical,0,1,0,010,2000,numerator_arm_minus_denominator_arm,1.0,0.998,52.861730337142944,115.22990852594376,ok,ok
placebo_ms-real_ms,placebo_ms,real_ms,123,block_01,Gear,3,canonical,0,1,1,011,2000,numerator_arm_minus_denominator_arm,1.0,0.9985,47.44981396198273,101.21217054128647,ok,ok
placebo_ms-real_ms,placebo_ms,real_ms,123,block_01,Gear,3,canonical,1,0,0,100,2000,numerator_arm_minus_denominator_arm,0.01,0.016000000000000014,-1.8922699689865112,28.558298110961914,ok,ok
placebo_ms-real_ms,placebo_ms,real_ms,123,block_01,Gear,3,canonical,1,0,1,101,2000,numerator_arm_minus_denominator_arm,0.0,0.014000000000000012,-3.4231789112091064,30.947288513183594,ok,ok
placebo_ms-real_ms,placebo_ms,real_ms,123,block_01,Gear,3,canonical,1,1,0,110,2000,numerator_arm_minus_denominator_arm,0.04,0.025000000000000022,2.5131386518478394,34.94761657714844,ok,ok
placebo_ms-real_ms,placebo_ms,real_ms,123,block_01,Gear,3,canonical,1,1,1,111,2000,numerator_arm_minus_denominator_arm,0.002,0.041000000000000036,-1.4833028316497803,42.500919342041016,ok,ok
placebo_ms-real_ms,placebo_ms,real_ms,123,block_01,Gear,3,shifted,0,0,0,000,2000,numerator_arm_minus_denominator_arm,1.0,0.9805,39.08298099040985,70.03231954574585,ok,ok
placebo_ms-real_ms,placebo_ms,real_ms,123,block_01,Gear,3,shifted,0,0,1,001,2000,numerator_arm_minus_denominator_arm,1.0,0.987,34.80909913778305,62.07221591472626,ok,ok
placebo_ms-real_ms,placebo_ms,real_ms,123,block_01,Gear,3,shifted,0,1,0,010,2000,numerator_arm_minus_denominator_arm,1.0,0.998,53.074517250061035,115.38943752646446,ok,ok
placebo_ms-real_ms,placebo_ms,real_ms,123,block_01,Gear,3,shifted,0,1,1,011,2000,numerator_arm_minus_denominator_arm,1.0,0.9985,47.65584218502045,101.36774176359177,ok,ok
placebo_ms-real_ms,placebo_ms,real_ms,123,block_01,Gear,3,shifted,1,0,0,100,2000,numerator_arm_minus_denominator_arm,0.01,0.015499999999999958,-1.8581159114837646,28.54027557373047,ok,ok
placebo_ms-real_ms,placebo_ms,real_ms,123,block_01,Gear,3,shifted,1,0,1,101,2000,numerator_arm_minus_denominator_arm,0.0,0.014000000000000012,-3.3935883045196533,30.93018341064453,ok,ok
placebo_ms-real_ms,placebo_ms,real_ms,123,block_01,Gear,3,shifted,1,1,0,110,2000,numerator_arm_minus_denominator_arm,0.042,0.025000000000000022,2.5782517194747925,34.99094009399414,ok,ok
placebo_ms-real_ms,placebo_ms,real_ms,123,block_01,Gear,3,shifted,1,1,1,111,2000,numerator_arm_minus_denominator_arm,0.002,0.041000000000000036,-1.4277170598506927,42.54526329040527,ok,ok
placebo_ms-real_ms,placebo_ms,real_ms,123,block_01,RPM,4,canonical,0,0,0,000,2000,numerator_arm_minus_denominator_arm,1.0,0.9975,40.65351855754852,73.84526228904724,ok,ok
placebo_ms-real_ms,placebo_ms,real_ms,123,block_01,RPM,4,canonical,0,0,1,001,2000,numerator_arm_minus_denominator_arm,1.0,0.994,28.92330127954483,53.433797121047974,ok,ok
placebo_ms-real_ms,placebo_ms,real_ms,123,block_01,RPM,4,canonical,0,1,0,010,2000,numerator_arm_minus_denominator_arm,0.9995,0.9985,47.34302067756653,93.36478494107723,ok,ok
placebo_ms-real_ms,placebo_ms,real_ms,123,block_01,RPM,4,canonical,0,1,1,011,2000,numerator_arm_minus_denominator_arm,0.999,0.9835,37.1530429571867,83.21696639060974,ok,ok
placebo_ms-real_ms,placebo_ms,real_ms,123,block_01,RPM,4,canonical,1,0,0,100,2000,numerator_arm_minus_denominator_arm,0.039,0.02400000000000002,1.1499814987182617,5.259031295776367,ok,ok
placebo_ms-real_ms,placebo_ms,real_ms,123,block_01,RPM,4,canonical,1,0,1,101,2000,numerator_arm_minus_denominator_arm,-0.0125,0.0,-8.055322647094727,24.750646591186523,ok,ok
placebo_ms-real_ms,placebo_ms,real_ms,123,block_01,RPM,4,canonical,1,1,0,110,2000,numerator_arm_minus_denominator_arm,-0.018,0.09649999999999992,-2.6547975540161133,13.34365463256836,ok,ok
placebo_ms-real_ms,placebo_ms,real_ms,123,block_01,RPM,4,canonical,1,1,1,111,2000,numerator_arm_minus_denominator_arm,-0.016,0.0,-12.517126560211182,37.30970001220703,ok,ok
placebo_ms-real_ms,placebo_ms,real_ms,123,block_01,RPM,4,shifted,0,0,0,000,2000,numerator_arm_minus_denominator_arm,1.0,0.9975,38.744269251823425,72.32316565513611,ok,ok
placebo_ms-real_ms,placebo_ms,real_ms,123,block_01,RPM,4,shifted,0,0,1,001,2000,numerator_arm_minus_denominator_arm,1.0,0.994,27.8989240527153,52.146600127220154,ok,ok
placebo_ms-real_ms,placebo_ms,real_ms,123,block_01,RPM,4,shifted,0,1,0,010,2000,numerator_arm_minus_denominator_arm,0.9995,0.9985,45.47300660610199,93.12117284536362,ok,ok
placebo_ms-real_ms,placebo_ms,real_ms,123,block_01,RPM,4,shifted,0,1,1,011,2000,numerator_arm_minus_denominator_arm,0.999,0.984,35.003457583487034,82.456463098526,ok,ok
placebo_ms-real_ms,placebo_ms,real_ms,123,block_01,RPM,4,shifted,1,0,0,100,2000,numerator_arm_minus_denominator_arm,0.047,0.031500000000000083,1.3404226303100586,6.100103378295898,ok,ok
placebo_ms-real_ms,placebo_ms,real_ms,123,block_01,RPM,4,shifted,1,0,1,101,2000,numerator_arm_minus_denominator_arm,-0.0125,0.0,-7.916036605834961,25.22216796875,ok,ok
placebo_ms-real_ms,placebo_ms,real_ms,123,block_01,RPM,4,shifted,1,1,0,110,2000,numerator_arm_minus_denominator_arm,-0.018,0.10099999999999998,-2.76511287689209,14.240386962890625,ok,ok
placebo_ms-real_ms,placebo_ms,real_ms,123,block_01,RPM,4,shifted,1,1,1,111,2000,numerator_arm_minus_denominator_arm,-0.016,0.0,-12.553410530090332,38.047218322753906,ok,ok
placebo_ms-real_ms,placebo_ms,real_ms,123,block_02,Gear,3,canonical,0,0,0,000,2000,numerator_arm_minus_denominator_arm,0.999,0.981,39.09068036079407,70.22101616859436,ok,ok
placebo_ms-real_ms,placebo_ms,real_ms,123,block_02,Gear,3,canonical,0,0,1,001,2000,numerator_arm_minus_denominator_arm,0.999,0.9905,34.640809655189514,62.14444696903229,ok,ok
placebo_ms-real_ms,placebo_ms,real_ms,123,block_02,Gear,3,canonical,0,1,0,010,2000,numerator_arm_minus_denominator_arm,0.999,0.9985,53.0585972070694,115.5262972265482,ok,ok
placebo_ms-real_ms,placebo_ms,real_ms,123,block_02,Gear,3,canonical,0,1,1,011,2000,numerator_arm_minus_denominator_arm,0.999,0.9985,47.40250039100647,101.06678938865662,ok,ok
placebo_ms-real_ms,placebo_ms,real_ms,123,block_02,Gear,3,canonical,1,0,0,100,2000,numerator_arm_minus_denominator_arm,0.0115,0.02100000000000002,-1.5945184826850891,28.834753036499023,ok,ok
placebo_ms-real_ms,placebo_ms,real_ms,123,block_02,Gear,3,canonical,1,0,1,101,2000,numerator_arm_minus_denominator_arm,-0.0005,0.01749999999999996,-3.2251497507095337,31.41020965576172,ok,ok
placebo_ms-real_ms,placebo_ms,real_ms,123,block_02,Gear,3,canonical,1,1,0,110,2000,numerator_arm_minus_denominator_arm,0.0525,0.02400000000000002,2.806739568710327,35.39548301696777,ok,ok
placebo_ms-real_ms,placebo_ms,real_ms,123,block_02,Gear,3,canonical,1,1,1,111,2000,numerator_arm_minus_denominator_arm,0.0015,0.05149999999999999,-1.3855770602822304,43.262704849243164,ok,ok
placebo_ms-real_ms,placebo_ms,real_ms,123,block_02,Gear,3,shifted,0,0,0,000,2000,numerator_arm_minus_denominator_arm,0.999,0.981,39.19329845905304,70.29101133346558,ok,ok
placebo_ms-real_ms,placebo_ms,real_ms,123,block_02,Gear,3,shifted,0,0,1,001,2000,numerator_arm_minus_denominator_arm,0.999,0.9905,34.75949561595917,62.216944098472595,ok,ok
placebo_ms-real_ms,placebo_ms,real_ms,123,block_02,Gear,3,shifted,0,1,0,010,2000,numerator_arm_minus_denominator_arm,0.999,0.9985,53.27500319480896,115.68626204133034,ok,ok
placebo_ms-real_ms,placebo_ms,real_ms,123,block_02,Gear,3,shifted,0,1,1,011,2000,numerator_arm_minus_denominator_arm,0.999,0.9985,47.611862897872925,101.22263777256012,ok,ok
placebo_ms-real_ms,placebo_ms,real_ms,123,block_02,Gear,3,shifted,1,0,0,100,2000,numerator_arm_minus_denominator_arm,0.0125,0.02100000000000002,-1.560310423374176,28.817392349243164,ok,ok
placebo_ms-real_ms,placebo_ms,real_ms,123,block_02,Gear,3,shifted,1,0,1,101,2000,numerator_arm_minus_denominator_arm,-0.0005,0.01749999999999996,-3.1955398321151733,31.393573760986328,ok,ok
placebo_ms-real_ms,placebo_ms,real_ms,123,block_02,Gear,3,shifted,1,1,0,110,2000,numerator_arm_minus_denominator_arm,0.054,0.02400000000000002,2.8723868131637573,35.43905067443848,ok,ok
placebo_ms-real_ms,placebo_ms,real_ms,123,block_02,Gear,3,shifted,1,1,1,111,2000,numerator_arm_minus_denominator_arm,0.0015,0.051000000000000045,-1.3296937867999077,43.306997299194336,ok,ok
placebo_ms-real_ms,placebo_ms,real_ms,123,block_02,RPM,4,canonical,0,0,0,000,2000,numerator_arm_minus_denominator_arm,0.9985,0.9975,40.514495730400085,73.8258045911789,ok,ok
placebo_ms-real_ms,placebo_ms,real_ms,123,block_02,RPM,4,canonical,0,0,1,001,2000,numerator_arm_minus_denominator_arm,0.9985,0.991,28.916081190109253,53.27929627895355,ok,ok
placebo_ms-real_ms,placebo_ms,real_ms,123,block_02,RPM,4,canonical,0,1,0,010,2000,numerator_arm_minus_denominator_arm,0.999,0.9985,47.26965355873108,93.61357669532299,ok,ok
placebo_ms-real_ms,placebo_ms,real_ms,123,block_02,RPM,4,canonical,0,1,1,011,2000,numerator_arm_minus_denominator_arm,0.9965,0.985,37.19863294437528,83.40272665023804,ok,ok
placebo_ms-real_ms,placebo_ms,real_ms,123,block_02,RPM,4,canonical,1,0,0,100,2000,numerator_arm_minus_denominator_arm,0.047,0.028000000000000025,1.184410572052002,5.810894012451172,ok,ok
placebo_ms-real_ms,placebo_ms,real_ms,123,block_02,RPM,4,canonical,1,0,1,101,2000,numerator_arm_minus_denominator_arm,-0.008,0.0010000000000000009,-7.9050133228302,25.04880142211914,ok,ok
placebo_ms-real_ms,placebo_ms,real_ms,123,block_02,RPM,4,canonical,1,1,0,110,2000,numerator_arm_minus_denominator_arm,-0.0155,0.09299999999999997,-2.5389833450317383,13.679647445678711,ok,ok
placebo_ms-real_ms,placebo_ms,real_ms,123,block_02,RPM,4,canonical,1,1,1,111,2000,numerator_arm_minus_denominator_arm,-0.0115,0.0,-12.341816902160645,37.66048049926758,ok,ok
placebo_ms-real_ms,placebo_ms,real_ms,123,block_02,RPM,4,shifted,0,0,0,000,2000,numerator_arm_minus_denominator_arm,0.9985,0.9975,38.589011430740356,72.28689271211624,ok,ok
placebo_ms-real_ms,placebo_ms,real_ms,123,block_02,RPM,4,shifted,0,0,1,001,2000,numerator_arm_minus_denominator_arm,0.9985,0.991,27.883431315422058,51.99182653427124,ok,ok
placebo_ms-real_ms,placebo_ms,real_ms,123,block_02,RPM,4,shifted,0,1,0,010,2000,numerator_arm_minus_denominator_arm,0.999,0.9985,45.38953649997711,93.37148657441139,ok,ok
placebo_ms-real_ms,placebo_ms,real_ms,123,block_02,RPM,4,shifted,0,1,1,011,2000,numerator_arm_minus_denominator_arm,0.997,0.985,35.03964411094785,82.65211987495422,ok,ok
placebo_ms-real_ms,placebo_ms,real_ms,123,block_02,RPM,4,shifted,1,0,0,100,2000,numerator_arm_minus_denominator_arm,0.0615,0.03400000000000003,1.3736791610717773,6.664762496948242,ok,ok
placebo_ms-real_ms,placebo_ms,real_ms,123,block_02,RPM,4,shifted,1,0,1,101,2000,numerator_arm_minus_denominator_arm,-0.008,0.0010000000000000009,-7.768056154251099,25.518306732177734,ok,ok
placebo_ms-real_ms,placebo_ms,real_ms,123,block_02,RPM,4,shifted,1,1,0,110,2000,numerator_arm_minus_denominator_arm,-0.016,0.09399999999999997,-2.649930238723755,14.580181121826172,ok,ok
placebo_ms-real_ms,placebo_ms,real_ms,123,block_02,RPM,4,shifted,1,1,1,111,2000,numerator_arm_minus_denominator_arm,-0.0115,0.0,-12.380866050720215,38.392822265625,ok,ok
placebo_ms-real_ms,placebo_ms,real_ms,123,block_03,Gear,3,canonical,0,0,0,000,2000,numerator_arm_minus_denominator_arm,1.0,0.9825,38.87963914871216,69.75903344154358,ok,ok
placebo_ms-real_ms,placebo_ms,real_ms,123,block_03,Gear,3,canonical,0,0,1,001,2000,numerator_arm_minus_denominator_arm,1.0,0.9905,34.56966292858124,61.923903822898865,ok,ok
placebo_ms-real_ms,placebo_ms,real_ms,123,block_03,Gear,3,canonical,0,1,0,010,2000,numerator_arm_minus_denominator_arm,1.0,0.999,52.78733456134796,115.30868489295244,ok,ok
placebo_ms-real_ms,placebo_ms,real_ms,123,block_03,Gear,3,canonical,0,1,1,011,2000,numerator_arm_minus_denominator_arm,1.0,1.0,47.25649356842041,101.02176135778427,ok,ok
placebo_ms-real_ms,placebo_ms,real_ms,123,block_03,Gear,3,canonical,1,0,0,100,2000,numerator_arm_minus_denominator_arm,0.009,0.015499999999999958,-1.7731027007102966,28.38942527770996,ok,ok
placebo_ms-real_ms,placebo_ms,real_ms,123,block_03,Gear,3,canonical,1,0,1,101,2000,numerator_arm_minus_denominator_arm,-0.0005,0.012499999999999956,-3.316176176071167,30.877607345581055,ok,ok
placebo_ms-real_ms,placebo_ms,real_ms,123,block_03,Gear,3,canonical,1,1,0,110,2000,numerator_arm_minus_denominator_arm,0.0455,0.022499999999999964,2.575778007507324,34.96859550476074,ok,ok
placebo_ms-real_ms,placebo_ms,real_ms,123,block_03,Gear,3,canonical,1,1,1,111,2000,numerator_arm_minus_denominator_arm,0.0025,0.04700000000000004,-1.4049935713410378,42.697519302368164,ok,ok
placebo_ms-real_ms,placebo_ms,real_ms,123,block_03,Gear,3,shifted,0,0,0,000,2000,numerator_arm_minus_denominator_arm,1.0,0.982,38.98146164417267,69.829519033432,ok,ok
placebo_ms-real_ms,placebo_ms,real_ms,123,block_03,Gear,3,shifted,0,0,1,001,2000,numerator_arm_minus_denominator_arm,1.0,0.9905,34.68791306018829,61.99631345272064,ok,ok
placebo_ms-real_ms,placebo_ms,real_ms,123,block_03,Gear,3,shifted,0,1,0,010,2000,numerator_arm_minus_denominator_arm,1.0,0.999,53.00483202934265,115.46835961937904,ok,ok
placebo_ms-real_ms,placebo_ms,real_ms,123,block_03,Gear,3,shifted,0,1,1,011,2000,numerator_arm_minus_denominator_arm,1.0,1.0,47.46760392189026,101.17813128232956,ok,ok
placebo_ms-real_ms,placebo_ms,real_ms,123,block_03,Gear,3,shifted,1,0,0,100,2000,numerator_arm_minus_denominator_arm,0.009,0.015499999999999958,-1.7389097213745117,28.371158599853516,ok,ok
placebo_ms-real_ms,placebo_ms,real_ms,123,block_03,Gear,3,shifted,1,0,1,101,2000,numerator_arm_minus_denominator_arm,-0.0005,0.012499999999999956,-3.2864710092544556,30.86023712158203,ok,ok
placebo_ms-real_ms,placebo_ms,real_ms,123,block_03,Gear,3,shifted,1,1,0,110,2000,numerator_arm_minus_denominator_arm,0.0465,0.022499999999999964,2.6409748792648315,35.01301193237305,ok,ok
placebo_ms-real_ms,placebo_ms,real_ms,123,block_03,Gear,3,shifted,1,1,1,111,2000,numerator_arm_minus_denominator_arm,0.0025,0.04700000000000004,-1.349610447883606,42.74285316467285,ok,ok
placebo_ms-real_ms,placebo_ms,real_ms,123,block_03,RPM,4,canonical,0,0,0,000,2000,numerator_arm_minus_denominator_arm,1.0,0.998,40.610944867134094,73.85370737314224,ok,ok
placebo_ms-real_ms,placebo_ms,real_ms,123,block_03,RPM,4,canonical,0,0,1,001,2000,numerator_arm_minus_denominator_arm,0.999,0.9935,28.895237892866135,53.33853995800018,ok,ok
placebo_ms-real_ms,placebo_ms,real_ms,123,block_03,RPM,4,canonical,0,1,0,010,2000,numerator_arm_minus_denominator_arm,1.0,0.999,47.31643545627594,93.9117233902216,ok,ok
placebo_ms-real_ms,placebo_ms,real_ms,123,block_03,RPM,4,canonical,0,1,1,011,2000,numerator_arm_minus_denominator_arm,0.999,0.9845,37.25762266200036,83.8236997127533,ok,ok
placebo_ms-real_ms,placebo_ms,real_ms,123,block_03,RPM,4,canonical,1,0,0,100,2000,numerator_arm_minus_denominator_arm,0.040999999999999995,0.027000000000000024,1.2117829322814941,5.455961227416992,ok,ok
placebo_ms-real_ms,placebo_ms,real_ms,123,block_03,RPM,4,canonical,1,0,1,101,2000,numerator_arm_minus_denominator_arm,-0.009,0.0010000000000000009,-7.901553392410278,24.811229705810547,ok,ok
placebo_ms-real_ms,placebo_ms,real_ms,123,block_03,RPM,4,canonical,1,1,0,110,2000,numerator_arm_minus_denominator_arm,-0.0125,0.09099999999999997,-2.4175455570220947,13.18280029296875,ok,ok
placebo_ms-real_ms,placebo_ms,real_ms,123,block_03,RPM,4,canonical,1,1,1,111,2000,numerator_arm_minus_denominator_arm,-0.0135,0.0,-12.330529689788818,37.25992202758789,ok,ok
placebo_ms-real_ms,placebo_ms,real_ms,123,block_03,RPM,4,shifted,0,0,0,000,2000,numerator_arm_minus_denominator_arm,1.0,0.998,38.71394646167755,72.35756778717041,ok,ok
placebo_ms-real_ms,placebo_ms,real_ms,123,block_03,RPM,4,shifted,0,0,1,001,2000,numerator_arm_minus_denominator_arm,0.999,0.9935,27.872519493103027,52.058709502220154,ok,ok
placebo_ms-real_ms,placebo_ms,real_ms,123,block_03,RPM,4,shifted,0,1,0,010,2000,numerator_arm_minus_denominator_arm,1.0,0.999,45.44342279434204,93.67745098471642,ok,ok
placebo_ms-real_ms,placebo_ms,real_ms,123,block_03,RPM,4,shifted,0,1,1,011,2000,numerator_arm_minus_denominator_arm,0.999,0.985,35.0941538317129,83.06317019462585,ok,ok
placebo_ms-real_ms,placebo_ms,real_ms,123,block_03,RPM,4,shifted,1,0,0,100,2000,numerator_arm_minus_denominator_arm,0.05099999999999999,0.03500000000000003,1.4048786163330078,6.304588317871094,ok,ok
placebo_ms-real_ms,placebo_ms,real_ms,123,block_03,RPM,4,shifted,1,0,1,101,2000,numerator_arm_minus_denominator_arm,-0.009,0.0010000000000000009,-7.762532472610474,25.28214454650879,ok,ok
placebo_ms-real_ms,placebo_ms,real_ms,123,block_03,RPM,4,shifted,1,1,0,110,2000,numerator_arm_minus_denominator_arm,-0.011999999999999999,0.09149999999999991,-2.5252256393432617,14.084972381591797,ok,ok
placebo_ms-real_ms,placebo_ms,real_ms,123,block_03,RPM,4,shifted,1,1,1,111,2000,numerator_arm_minus_denominator_arm,-0.0135,0.0,-12.368926525115967,37.99434280395508,ok,ok
placebo_ms-real_ms,placebo_ms,real_ms,2026,block_01,Gear,3,canonical,0,0,0,000,2000,numerator_arm_minus_denominator_arm,1.0,0.985,32.40604358911514,79.37590765953064,ok,ok
placebo_ms-real_ms,placebo_ms,real_ms,2026,block_01,Gear,3,canonical,0,0,1,001,2000,numerator_arm_minus_denominator_arm,1.0,0.9885,30.0629163980484,74.52335405349731,ok,ok
placebo_ms-real_ms,placebo_ms,real_ms,2026,block_01,Gear,3,canonical,0,1,0,010,2000,numerator_arm_minus_denominator_arm,1.0,1.0,44.919647336006165,129.2944067120552,ok,ok
placebo_ms-real_ms,placebo_ms,real_ms,2026,block_01,Gear,3,canonical,0,1,1,011,2000,numerator_arm_minus_denominator_arm,1.0,1.0,40.51905024051666,114.86490613222122,ok,ok
placebo_ms-real_ms,placebo_ms,real_ms,2026,block_01,Gear,3,canonical,1,0,0,100,2000,numerator_arm_minus_denominator_arm,0.0245,0.05300000000000005,4.462700933218002,34.29424858093262,ok,ok
placebo_ms-real_ms,placebo_ms,real_ms,2026,block_01,Gear,3,canonical,1,0,1,101,2000,numerator_arm_minus_denominator_arm,0.001,0.022499999999999964,3.308123469352722,35.81657409667969,ok,ok
placebo_ms-real_ms,placebo_ms,real_ms,2026,block_01,Gear,3,canonical,1,1,0,110,2000,numerator_arm_minus_denominator_arm,0.0655,0.5715,6.555756032466888,42.82783222198486,ok,ok
placebo_ms-real_ms,placebo_ms,real_ms,2026,block_01,Gear,3,canonical,1,1,1,111,2000,numerator_arm_minus_denominator_arm,0.0095,0.497,5.051907181739807,43.42619705200195,ok,ok
placebo_ms-real_ms,placebo_ms,real_ms,2026,block_01,Gear,3,shifted,0,0,0,000,2000,numerator_arm_minus_denominator_arm,1.0,0.985,32.45302623510361,79.44468331336975,ok,ok
placebo_ms-real_ms,placebo_ms,real_ms,2026,block_01,Gear,3,shifted,0,0,1,001,2000,numerator_arm_minus_denominator_arm,1.0,0.9885,30.115301489830017,74.60025238990784,ok,ok
placebo_ms-real_ms,placebo_ms,real_ms,2026,block_01,Gear,3,shifted,0,1,0,010,2000,numerator_arm_minus_denominator_arm,1.0,1.0,45.02591574192047,129.44546604156494,ok,ok
placebo_ms-real_ms,placebo_ms,real_ms,2026,block_01,Gear,3,shifted,0,1,1,011,2000,numerator_arm_minus_denominator_arm,1.0,1.0,40.63310420513153,115.01610970497131,ok,ok
placebo_ms-real_ms,placebo_ms,real_ms,2026,block_01,Gear,3,shifted,1,0,0,100,2000,numerator_arm_minus_denominator_arm,0.025,0.05049999999999999,4.49098140001297,34.27597999572754,ok,ok
placebo_ms-real_ms,placebo_ms,real_ms,2026,block_01,Gear,3,shifted,1,0,1,101,2000,numerator_arm_minus_denominator_arm,0.001,0.022499999999999964,3.332844376564026,35.80544662475586,ok,ok
placebo_ms-real_ms,placebo_ms,real_ms,2026,block_01,Gear,3,shifted,1,1,0,110,2000,numerator_arm_minus_denominator_arm,0.066,0.5705,6.589834541082382,42.87180042266846,ok,ok
placebo_ms-real_ms,placebo_ms,real_ms,2026,block_01,Gear,3,shifted,1,1,1,111,2000,numerator_arm_minus_denominator_arm,0.01,0.496,5.084523499011993,43.46345138549805,ok,ok
placebo_ms-real_ms,placebo_ms,real_ms,2026,block_01,RPM,4,canonical,0,0,0,000,2000,numerator_arm_minus_denominator_arm,1.0,1.0,40.30900514125824,85.37378680706024,ok,ok
placebo_ms-real_ms,placebo_ms,real_ms,2026,block_01,RPM,4,canonical,0,0,1,001,2000,numerator_arm_minus_denominator_arm,1.0,0.9055,28.471930146217346,60.46510028839111,ok,ok
placebo_ms-real_ms,placebo_ms,real_ms,2026,block_01,RPM,4,canonical,0,1,0,010,2000,numerator_arm_minus_denominator_arm,1.0,1.0,46.2046457529068,108.6376180946827,ok,ok
placebo_ms-real_ms,placebo_ms,real_ms,2026,block_01,RPM,4,canonical,0,1,1,011,2000,numerator_arm_minus_denominator_arm,1.0,0.9945,41.10055923461914,102.22002613544464,ok,ok
placebo_ms-real_ms,placebo_ms,real_ms,2026,block_01,RPM,4,canonical,1,0,0,100,2000,numerator_arm_minus_denominator_arm,0.1185,0.876,5.5210137367248535,22.761688232421875,ok,ok
placebo_ms-real_ms,placebo_ms,real_ms,2026,block_01,RPM,4,canonical,1,0,1,101,2000,numerator_arm_minus_denominator_arm,-0.004,0.062000000000000055,-1.557340145111084,34.738216400146484,ok,ok
placebo_ms-real_ms,placebo_ms,real_ms,2026,block_01,RPM,4,canonical,1,1,0,110,2000,numerator_arm_minus_denominator_arm,0.123,0.889,6.262950539588928,23.68629789352417,ok,ok
placebo_ms-real_ms,placebo_ms,real_ms,2026,block_01,RPM,4,canonical,1,1,1,111,2000,numerator_arm_minus_denominator_arm,0.0005000000000000004,0.17600000000000005,0.9641609191894531,31.640305519104004,ok,ok
placebo_ms-real_ms,placebo_ms,real_ms,2026,block_01,RPM,4,shifted,0,0,0,000,2000,numerator_arm_minus_denominator_arm,1.0,1.0,38.82076323032379,83.83420300483704,ok,ok
placebo_ms-real_ms,placebo_ms,real_ms,2026,block_01,RPM,4,shifted,0,0,1,001,2000,numerator_arm_minus_denominator_arm,1.0,0.8975,27.907521903514862,59.897658824920654,ok,ok
placebo_ms-real_ms,placebo_ms,real_ms,2026,block_01,RPM,4,shifted,0,1,0,010,2000,numerator_arm_minus_denominator_arm,1.0,1.0,44.4143944978714,108.12974199652672,ok,ok
placebo_ms-real_ms,placebo_ms,real_ms,2026,block_01,RPM,4,shifted,0,1,1,011,2000,numerator_arm_minus_denominator_arm,1.0,0.9935,40.032062292099,101.59682047367096,ok,ok
placebo_ms-real_ms,placebo_ms,real_ms,2026,block_01,RPM,4,shifted,1,0,0,100,2000,numerator_arm_minus_denominator_arm,0.123,0.877,5.476013422012329,24.04403781890869,ok,ok
placebo_ms-real_ms,placebo_ms,real_ms,2026,block_01,RPM,4,shifted,1,0,1,101,2000,numerator_arm_minus_denominator_arm,-0.004,0.057499999999999996,-1.6276562213897705,35.58354473114014,ok,ok
placebo_ms-real_ms,placebo_ms,real_ms,2026,block_01,RPM,4,shifted,1,1,0,110,2000,numerator_arm_minus_denominator_arm,0.123,0.8999999999999999,6.163996338844299,24.617107391357422,ok,ok
placebo_ms-real_ms,placebo_ms,real_ms,2026,block_01,RPM,4,shifted,1,1,1,111,2000,numerator_arm_minus_denominator_arm,-0.0009999999999999992,0.16100000000000003,0.7913475036621094,32.20074272155762,ok,ok
placebo_ms-real_ms,placebo_ms,real_ms,2026,block_02,Gear,3,canonical,0,0,0,000,2000,numerator_arm_minus_denominator_arm,0.999,0.9835,32.62759816646576,79.75645136833191,ok,ok
placebo_ms-real_ms,placebo_ms,real_ms,2026,block_02,Gear,3,canonical,0,0,1,001,2000,numerator_arm_minus_denominator_arm,0.999,0.9875,30.21237814426422,74.7673568725586,ok,ok
placebo_ms-real_ms,placebo_ms,real_ms,2026,block_02,Gear,3,canonical,0,1,0,010,2000,numerator_arm_minus_denominator_arm,0.999,0.9985,45.128902554512024,129.84816962480545,ok,ok
placebo_ms-real_ms,placebo_ms,real_ms,2026,block_02,Gear,3,canonical,0,1,1,011,2000,numerator_arm_minus_denominator_arm,0.999,0.999,40.642120599746704,115.18571501970291,ok,ok
placebo_ms-real_ms,placebo_ms,real_ms,2026,block_02,Gear,3,canonical,1,0,0,100,2000,numerator_arm_minus_denominator_arm,0.03,0.07099999999999995,4.692545771598816,34.2176570892334,ok,ok
placebo_ms-real_ms,placebo_ms,real_ms,2026,block_02,Gear,3,canonical,1,0,1,101,2000,numerator_arm_minus_denominator_arm,0.001,0.02749999999999997,3.465839684009552,35.85305213928223,ok,ok
placebo_ms-real_ms,placebo_ms,real_ms,2026,block_02,Gear,3,canonical,1,1,0,110,2000,numerator_arm_minus_denominator_arm,0.072,0.5680000000000001,6.787972688674927,43.59246635437012,ok,ok
placebo_ms-real_ms,placebo_ms,real_ms,2026,block_02,Gear,3,canonical,1,1,1,111,2000,numerator_arm_minus_denominator_arm,0.015,0.487,5.189864993095398,43.92821788787842,ok,ok
placebo_ms-real_ms,placebo_ms,real_ms,2026,block_02,Gear,3,shifted,0,0,0,000,2000,numerator_arm_minus_denominator_arm,0.999,0.9835,32.67502397298813,79.82510328292847,ok,ok
placebo_ms-real_ms,placebo_ms,real_ms,2026,block_02,Gear,3,shifted,0,0,1,001,2000,numerator_arm_minus_denominator_arm,0.999,0.9875,30.26593852043152,74.84398674964905,ok,ok
placebo_ms-real_ms,placebo_ms,real_ms,2026,block_02,Gear,3,shifted,0,1,0,010,2000,numerator_arm_minus_denominator_arm,0.999,0.9985,45.23645257949829,129.99948728084564,ok,ok
placebo_ms-real_ms,placebo_ms,real_ms,2026,block_02,Gear,3,shifted,0,1,1,011,2000,numerator_arm_minus_denominator_arm,0.999,0.999,40.757330656051636,115.33695465326309,ok,ok
placebo_ms-real_ms,placebo_ms,real_ms,2026,block_02,Gear,3,shifted,1,0,0,100,2000,numerator_arm_minus_denominator_arm,0.0315,0.06899999999999995,4.72057044506073,34.20015907287598,ok,ok
placebo_ms-real_ms,placebo_ms,real_ms,2026,block_02,Gear,3,shifted,1,0,1,101,2000,numerator_arm_minus_denominator_arm,0.001,0.027000000000000024,3.4906023144721985,35.842063903808594,ok,ok
placebo_ms-real_ms,placebo_ms,real_ms,2026,block_02,Gear,3,shifted,1,1,0,110,2000,numerator_arm_minus_denominator_arm,0.073,0.5645,6.822532892227173,43.63682460784912,ok,ok
placebo_ms-real_ms,placebo_ms,real_ms,2026,block_02,Gear,3,shifted,1,1,1,111,2000,numerator_arm_minus_denominator_arm,0.0155,0.484,5.2229050397872925,43.96567249298096,ok,ok
placebo_ms-real_ms,placebo_ms,real_ms,2026,block_02,RPM,4,canonical,0,0,0,000,2000,numerator_arm_minus_denominator_arm,0.999,0.998,40.33658587932587,85.59965586662292,ok,ok
placebo_ms-real_ms,placebo_ms,real_ms,2026,block_02,RPM,4,canonical,0,0,1,001,2000,numerator_arm_minus_denominator_arm,0.999,0.9015,28.508011400699615,60.56977891921997,ok,ok
placebo_ms-real_ms,placebo_ms,real_ms,2026,block_02,RPM,4,canonical,0,1,0,010,2000,numerator_arm_minus_denominator_arm,0.999,0.999,46.20374631881714,108.79706360399723,ok,ok
placebo_ms-real_ms,placebo_ms,real_ms,2026,block_02,RPM,4,canonical,0,1,1,011,2000,numerator_arm_minus_denominator_arm,0.999,0.994,41.2914137840271,102.55356097221375,ok,ok
placebo_ms-real_ms,placebo_ms,real_ms,2026,block_02,RPM,4,canonical,1,0,0,100,2000,numerator_arm_minus_denominator_arm,0.1185,0.8765000000000001,5.49791693687439,23.065041542053223,ok,ok
placebo_ms-real_ms,placebo_ms,real_ms,2026,block_02,RPM,4,canonical,1,0,1,101,2000,numerator_arm_minus_denominator_arm,-0.005,0.08050000000000002,-1.4882724285125732,34.862521171569824,ok,ok
placebo_ms-real_ms,placebo_ms,real_ms,2026,block_02,RPM,4,canonical,1,1,0,110,2000,numerator_arm_minus_denominator_arm,0.114,0.893,6.157744884490967,24.15794062614441,ok,ok
placebo_ms-real_ms,placebo_ms,real_ms,2026,block_02,RPM,4,canonical,1,1,1,111,2000,numerator_arm_minus_denominator_arm,-0.004,0.18600000000000005,0.9317798614501953,31.87144184112549,ok,ok
placebo_ms-real_ms,placebo_ms,real_ms,2026,block_02,RPM,4,shifted,0,0,0,000,2000,numerator_arm_minus_denominator_arm,0.999,0.997,38.816643595695496,84.02217650413513,ok,ok
placebo_ms-real_ms,placebo_ms,real_ms,2026,block_02,RPM,4,shifted,0,0,1,001,2000,numerator_arm_minus_denominator_arm,0.999,0.8955,27.93726247549057,59.98589849472046,ok,ok
placebo_ms-real_ms,placebo_ms,real_ms,2026,block_02,RPM,4,shifted,0,1,0,010,2000,numerator_arm_minus_denominator_arm,0.999,0.999,44.37506103515625,108.26691696047783,ok,ok
placebo_ms-real_ms,placebo_ms,real_ms,2026,block_02,RPM,4,shifted,0,1,1,011,2000,numerator_arm_minus_denominator_arm,0.999,0.993,40.226571559906006,101.937175989151,ok,ok
placebo_ms-real_ms,placebo_ms,real_ms,2026,block_02,RPM,4,shifted,1,0,0,100,2000,numerator_arm_minus_denominator_arm,0.125,0.875,5.445669412612915,24.36190891265869,ok,ok
placebo_ms-real_ms,placebo_ms,real_ms,2026,block_02,RPM,4,shifted,1,0,1,101,2000,numerator_arm_minus_denominator_arm,-0.0055,0.06999999999999995,-1.5597617626190186,35.71277046203613,ok,ok
placebo_ms-real_ms,placebo_ms,real_ms,2026,block_02,RPM,4,shifted,1,1,0,110,2000,numerator_arm_minus_denominator_arm,0.1145,0.897,6.054916977882385,25.09094524383545,ok,ok
placebo_ms-real_ms,placebo_ms,real_ms,2026,block_02,RPM,4,shifted,1,1,1,111,2000,numerator_arm_minus_denominator_arm,-0.006,0.16400000000000003,0.7555928230285645,32.42676067352295,ok,ok
placebo_ms-real_ms,placebo_ms,real_ms,2026,block_03,Gear,3,canonical,0,0,0,000,2000,numerator_arm_minus_denominator_arm,1.0,0.983,32.40361976623535,79.41445207595825,ok,ok
placebo_ms-real_ms,placebo_ms,real_ms,2026,block_03,Gear,3,canonical,0,0,1,001,2000,numerator_arm_minus_denominator_arm,1.0,0.9905,30.051265358924866,74.61104393005371,ok,ok
placebo_ms-real_ms,placebo_ms,real_ms,2026,block_03,Gear,3,canonical,0,1,0,010,2000,numerator_arm_minus_denominator_arm,1.0,1.0,44.96804177761078,129.49707102775574,ok,ok
placebo_ms-real_ms,placebo_ms,real_ms,2026,block_03,Gear,3,canonical,0,1,1,011,2000,numerator_arm_minus_denominator_arm,1.0,1.0,40.510573387145996,115.0429053902626,ok,ok
placebo_ms-real_ms,placebo_ms,real_ms,2026,block_03,Gear,3,canonical,1,0,0,100,2000,numerator_arm_minus_denominator_arm,0.023,0.05300000000000005,4.535632491111755,33.970502853393555,ok,ok
placebo_ms-real_ms,placebo_ms,real_ms,2026,block_03,Gear,3,canonical,1,0,1,101,2000,numerator_arm_minus_denominator_arm,0.0,0.019000000000000017,3.3667943477630615,35.609371185302734,ok,ok
placebo_ms-real_ms,placebo_ms,real_ms,2026,block_03,Gear,3,canonical,1,1,0,110,2000,numerator_arm_minus_denominator_arm,0.0675,0.593,6.593458920717239,43.165839195251465,ok,ok
placebo_ms-real_ms,placebo_ms,real_ms,2026,block_03,Gear,3,canonical,1,1,1,111,2000,numerator_arm_minus_denominator_arm,0.013,0.5155000000000001,5.057570815086365,43.68722152709961,ok,ok
placebo_ms-real_ms,placebo_ms,real_ms,2026,block_03,Gear,3,shifted,0,0,0,000,2000,numerator_arm_minus_denominator_arm,1.0,0.983,32.452563524246216,79.48268032073975,ok,ok
placebo_ms-real_ms,placebo_ms,real_ms,2026,block_03,Gear,3,shifted,0,0,1,001,2000,numerator_arm_minus_denominator_arm,1.0,0.9895,30.105304300785065,74.68671464920044,ok,ok
placebo_ms-real_ms,placebo_ms,real_ms,2026,block_03,Gear,3,shifted,0,1,0,010,2000,numerator_arm_minus_denominator_arm,1.0,1.0,45.07616662979126,129.64841896295547,ok,ok
placebo_ms-real_ms,placebo_ms,real_ms,2026,block_03,Gear,3,shifted,0,1,1,011,2000,numerator_arm_minus_denominator_arm,1.0,1.0,40.62527537345886,115.19442427158356,ok,ok
placebo_ms-real_ms,placebo_ms,real_ms,2026,block_03,Gear,3,shifted,1,0,0,100,2000,numerator_arm_minus_denominator_arm,0.0245,0.05300000000000005,4.563850432634354,33.952274322509766,ok,ok
placebo_ms-real_ms,placebo_ms,real_ms,2026,block_03,Gear,3,shifted,1,0,1,101,2000,numerator_arm_minus_denominator_arm,0.0,0.018000000000000016,3.3915684819221497,35.59796714782715,ok,ok
placebo_ms-real_ms,placebo_ms,real_ms,2026,block_03,Gear,3,shifted,1,1,0,110,2000,numerator_arm_minus_denominator_arm,0.0685,0.5920000000000001,6.627230077981949,43.210604667663574,ok,ok
placebo_ms-real_ms,placebo_ms,real_ms,2026,block_03,Gear,3,shifted,1,1,1,111,2000,numerator_arm_minus_denominator_arm,0.0135,0.5145,5.089965045452118,43.725239753723145,ok,ok
placebo_ms-real_ms,placebo_ms,real_ms,2026,block_03,RPM,4,canonical,0,0,0,000,2000,numerator_arm_minus_denominator_arm,1.0,0.9985,40.28391993045807,85.49014365673065,ok,ok
placebo_ms-real_ms,placebo_ms,real_ms,2026,block_03,RPM,4,canonical,0,0,1,001,2000,numerator_arm_minus_denominator_arm,1.0,0.897,28.39021772146225,60.522947788238525,ok,ok
placebo_ms-real_ms,placebo_ms,real_ms,2026,block_03,RPM,4,canonical,0,1,0,010,2000,numerator_arm_minus_denominator_arm,1.0,1.0,46.0803884267807,108.73767305910587,ok,ok
placebo_ms-real_ms,placebo_ms,real_ms,2026,block_03,RPM,4,canonical,0,1,1,011,2000,numerator_arm_minus_denominator_arm,1.0,0.994,41.16658568382263,102.69356977939606,ok,ok
placebo_ms-real_ms,placebo_ms,real_ms,2026,block_03,RPM,4,canonical,1,0,0,100,2000,numerator_arm_minus_denominator_arm,0.119,0.866,5.479630947113037,23.065733909606934,ok,ok
placebo_ms-real_ms,placebo_ms,real_ms,2026,block_03,RPM,4,canonical,1,0,1,101,2000,numerator_arm_minus_denominator_arm,-0.0045000000000000005,0.06599999999999995,-1.5281298160552979,34.9823055267334,ok,ok
placebo_ms-real_ms,placebo_ms,real_ms,2026,block_03,RPM,4,canonical,1,1,0,110,2000,numerator_arm_minus_denominator_arm,0.125,0.886,6.124343156814575,23.907410621643066,ok,ok
placebo_ms-real_ms,placebo_ms,real_ms,2026,block_03,RPM,4,canonical,1,1,1,111,2000,numerator_arm_minus_denominator_arm,0.0009999999999999992,0.18700000000000006,0.8680496215820312,31.567763328552246,ok,ok
placebo_ms-real_ms,placebo_ms,real_ms,2026,block_03,RPM,4,shifted,0,0,0,000,2000,numerator_arm_minus_denominator_arm,1.0,0.9985,38.796772718429565,83.96427834033966,ok,ok
placebo_ms-real_ms,placebo_ms,real_ms,2026,block_03,RPM,4,shifted,0,0,1,001,2000,numerator_arm_minus_denominator_arm,1.0,0.8865,27.83247685432434,59.9617223739624,ok,ok
placebo_ms-real_ms,placebo_ms,real_ms,2026,block_03,RPM,4,shifted,0,1,0,010,2000,numerator_arm_minus_denominator_arm,1.0,1.0,44.28303420543671,108.22110122442245,ok,ok
placebo_ms-real_ms,placebo_ms,real_ms,2026,block_03,RPM,4,shifted,0,1,1,011,2000,numerator_arm_minus_denominator_arm,1.0,0.994,40.090240478515625,102.07748889923096,ok,ok
placebo_ms-real_ms,placebo_ms,real_ms,2026,block_03,RPM,4,shifted,1,0,0,100,2000,numerator_arm_minus_denominator_arm,0.129,0.8685,5.433318376541138,24.35478973388672,ok,ok
placebo_ms-real_ms,placebo_ms,real_ms,2026,block_03,RPM,4,shifted,1,0,1,101,2000,numerator_arm_minus_denominator_arm,-0.0055,0.05300000000000005,-1.60274338722229,35.833327293395996,ok,ok
placebo_ms-real_ms,placebo_ms,real_ms,2026,block_03,RPM,4,shifted,1,1,0,110,2000,numerator_arm_minus_denominator_arm,0.1265,0.9029999999999999,6.020395278930664,24.845359325408936,ok,ok
placebo_ms-real_ms,placebo_ms,real_ms,2026,block_03,RPM,4,shifted,1,1,1,111,2000,numerator_arm_minus_denominator_arm,-0.002,0.16900000000000004,0.6888465881347656,32.12845420837402,ok,ok
placebo_ms-real_ms,placebo_ms,real_ms,3407,block_01,Gear,3,canonical,0,0,0,000,2000,numerator_arm_minus_denominator_arm,1.0,1.0,39.84064328670502,98.98579323291779,ok,ok
placebo_ms-real_ms,placebo_ms,real_ms,3407,block_01,Gear,3,canonical,0,0,1,001,2000,numerator_arm_minus_denominator_arm,1.0,0.999,34.85584759712219,85.93643552064896,ok,ok
placebo_ms-real_ms,placebo_ms,real_ms,3407,block_01,Gear,3,canonical,0,1,0,010,2000,numerator_arm_minus_denominator_arm,1.0,1.0,55.27925002574921,141.99768614768982,ok,ok
placebo_ms-real_ms,placebo_ms,real_ms,3407,block_01,Gear,3,canonical,0,1,1,011,2000,numerator_arm_minus_denominator_arm,1.0,1.0,48.48497712612152,128.04546493291855,ok,ok
placebo_ms-real_ms,placebo_ms,real_ms,3407,block_01,Gear,3,canonical,1,0,0,100,2000,numerator_arm_minus_denominator_arm,0.2535,0.020000000000000018,7.809204697608948,27.22635269165039,ok,ok
placebo_ms-real_ms,placebo_ms,real_ms,3407,block_01,Gear,3,canonical,1,0,1,101,2000,numerator_arm_minus_denominator_arm,0.0525,0.009499999999999953,5.756273865699768,26.131080627441406,ok,ok
placebo_ms-real_ms,placebo_ms,real_ms,3407,block_01,Gear,3,canonical,1,1,0,110,2000,numerator_arm_minus_denominator_arm,0.774,0.08399999999999996,13.502882719039917,27.19419002532959,ok,ok
placebo_ms-real_ms,placebo_ms,real_ms,3407,block_01,Gear,3,canonical,1,1,1,111,2000,numerator_arm_minus_denominator_arm,0.5755,0.12,10.470184803009033,29.16908836364746,ok,ok
placebo_ms-real_ms,placebo_ms,real_ms,3407,block_01,Gear,3,shifted,0,0,0,000,2000,numerator_arm_minus_denominator_arm,1.0,1.0,40.00782930850983,99.07985138893127,ok,ok
placebo_ms-real_ms,placebo_ms,real_ms,3407,block_01,Gear,3,shifted,0,0,1,001,2000,numerator_arm_minus_denominator_arm,1.0,0.999,35.01051324605942,86.04067158699036,ok,ok
placebo_ms-real_ms,placebo_ms,real_ms,3407,block_01,Gear,3,shifted,0,1,0,010,2000,numerator_arm_minus_denominator_arm,1.0,1.0,55.51319468021393,142.1730718612671,ok,ok
placebo_ms-real_ms,placebo_ms,real_ms,3407,block_01,Gear,3,shifted,0,1,1,011,2000,numerator_arm_minus_denominator_arm,1.0,1.0,48.71160000562668,128.22510612010956,ok,ok
placebo_ms-real_ms,placebo_ms,real_ms,3407,block_01,Gear,3,shifted,1,0,0,100,2000,numerator_arm_minus_denominator_arm,0.2555,0.019499999999999962,7.839514851570129,27.251665115356445,ok,ok
placebo_ms-real_ms,placebo_ms,real_ms,3407,block_01,Gear,3,shifted,1,0,1,101,2000,numerator_arm_minus_denominator_arm,0.053,0.009499999999999953,5.780246257781982,26.14226531982422,ok,ok
placebo_ms-real_ms,placebo_ms,real_ms,3407,block_01,Gear,3,shifted,1,1,0,110,2000,numerator_arm_minus_denominator_arm,0.7775,0.08350000000000002,13.552198648452759,27.28413963317871,ok,ok
placebo_ms-real_ms,placebo_ms,real_ms,3407,block_01,Gear,3,shifted,1,1,1,111,2000,numerator_arm_minus_denominator_arm,0.5765,0.11950000000000005,10.5143563747406,29.239437103271484,ok,ok
placebo_ms-real_ms,placebo_ms,real_ms,3407,block_01,RPM,4,canonical,0,0,0,000,2000,numerator_arm_minus_denominator_arm,1.0,1.0,46.91434693336487,95.14200639724731,ok,ok
placebo_ms-real_ms,placebo_ms,real_ms,3407,block_01,RPM,4,canonical,0,0,1,001,2000,numerator_arm_minus_denominator_arm,1.0,0.989,33.98290753364563,64.56675799190998,ok,ok
placebo_ms-real_ms,placebo_ms,real_ms,3407,block_01,RPM,4,canonical,0,1,0,010,2000,numerator_arm_minus_denominator_arm,1.0,1.0,49.781776905059814,113.12941020727158,ok,ok
placebo_ms-real_ms,placebo_ms,real_ms,3407,block_01,RPM,4,canonical,0,1,1,011,2000,numerator_arm_minus_denominator_arm,1.0,0.974,40.356740176677704,99.57777655124664,ok,ok
placebo_ms-real_ms,placebo_ms,real_ms,3407,block_01,RPM,4,canonical,1,0,0,100,2000,numerator_arm_minus_denominator_arm,-0.009500000000000001,0.2985,-0.5480718612670898,17.057016372680664,ok,ok
placebo_ms-real_ms,placebo_ms,real_ms,3407,block_01,RPM,4,canonical,1,0,1,101,2000,numerator_arm_minus_denominator_arm,-0.0115,0.0,-3.2271881103515625,18.706270217895508,ok,ok
placebo_ms-real_ms,placebo_ms,real_ms,3407,block_01,RPM,4,canonical,1,1,0,110,2000,numerator_arm_minus_denominator_arm,0.0475,0.42400000000000004,2.0618138313293457,16.79877281188965,ok,ok
placebo_ms-real_ms,placebo_ms,real_ms,3407,block_01,RPM,4,canonical,1,1,1,111,2000,numerator_arm_minus_denominator_arm,-0.016,0.0,-4.433795988559723,25.9025936126709,ok,ok
placebo_ms-real_ms,placebo_ms,real_ms,3407,block_01,RPM,4,shifted,0,0,0,000,2000,numerator_arm_minus_denominator_arm,1.0,1.0,45.16053318977356,94.1177408695221,ok,ok
placebo_ms-real_ms,placebo_ms,real_ms,3407,block_01,RPM,4,shifted,0,0,1,001,2000,numerator_arm_minus_denominator_arm,1.0,0.99,33.740771770477295,64.2353101670742,ok,ok
placebo_ms-real_ms,placebo_ms,real_ms,3407,block_01,RPM,4,shifted,0,1,0,010,2000,numerator_arm_minus_denominator_arm,1.0,1.0,47.68215775489807,112.96867793798447,ok,ok
placebo_ms-real_ms,placebo_ms,real_ms,3407,block_01,RPM,4,shifted,0,1,1,011,2000,numerator_arm_minus_denominator_arm,1.0,0.976,37.94117325544357,98.77961850166321,ok,ok
placebo_ms-real_ms,placebo_ms,real_ms,3407,block_01,RPM,4,shifted,1,0,0,100,2000,numerator_arm_minus_denominator_arm,-0.006999999999999999,0.2935,-0.43747854232788086,17.363940238952637,ok,ok
placebo_ms-real_ms,placebo_ms,real_ms,3407,block_01,RPM,4,shifted,1,0,1,101,2000,numerator_arm_minus_denominator_arm,-0.0105,0.0,-3.111494541168213,19.048511505126953,ok,ok
placebo_ms-real_ms,placebo_ms,real_ms,3407,block_01,RPM,4,shifted,1,1,0,110,2000,numerator_arm_minus_denominator_arm,0.045,0.42500000000000004,1.9672722816467285,17.122496604919434,ok,ok
placebo_ms-real_ms,placebo_ms,real_ms,3407,block_01,RPM,4,shifted,1,1,1,111,2000,numerator_arm_minus_denominator_arm,-0.0145,0.0,-4.495167728513479,26.13286018371582,ok,ok
placebo_ms-real_ms,placebo_ms,real_ms,3407,block_02,Gear,3,canonical,0,0,0,000,2000,numerator_arm_minus_denominator_arm,1.0,0.999,40.01967227458954,99.23290169239044,ok,ok
placebo_ms-real_ms,placebo_ms,real_ms,3407,block_02,Gear,3,canonical,0,0,1,001,2000,numerator_arm_minus_denominator_arm,1.0,0.9985,34.973858296871185,86.20304602384567,ok,ok
placebo_ms-real_ms,placebo_ms,real_ms,3407,block_02,Gear,3,canonical,0,1,0,010,2000,numerator_arm_minus_denominator_arm,1.0,0.9985,55.496994495391846,142.22201228141785,ok,ok
placebo_ms-real_ms,placebo_ms,real_ms,3407,block_02,Gear,3,canonical,0,1,1,011,2000,numerator_arm_minus_denominator_arm,1.0,0.998,48.49792140722275,127.8423963189125,ok,ok
placebo_ms-real_ms,placebo_ms,real_ms,3407,block_02,Gear,3,canonical,1,0,0,100,2000,numerator_arm_minus_denominator_arm,0.269,0.027000000000000024,8.051905155181885,27.075861930847168,ok,ok
placebo_ms-real_ms,placebo_ms,real_ms,3407,block_02,Gear,3,canonical,1,0,1,101,2000,numerator_arm_minus_denominator_arm,0.065,0.01100000000000001,5.9540300369262695,26.032852172851562,ok,ok
placebo_ms-real_ms,placebo_ms,real_ms,3407,block_02,Gear,3,canonical,1,1,0,110,2000,numerator_arm_minus_denominator_arm,0.794,0.07750000000000001,13.706189215183258,27.491830825805664,ok,ok
placebo_ms-real_ms,placebo_ms,real_ms,3407,block_02,Gear,3,canonical,1,1,1,111,2000,numerator_arm_minus_denominator_arm,0.5335,0.1090000000000001,10.552940130233765,29.347572326660156,ok,ok
placebo_ms-real_ms,placebo_ms,real_ms,3407,block_02,Gear,3,shifted,0,0,0,000,2000,numerator_arm_minus_denominator_arm,1.0,0.999,40.18726634979248,99.32721364498138,ok,ok
placebo_ms-real_ms,placebo_ms,real_ms,3407,block_02,Gear,3,shifted,0,0,1,001,2000,numerator_arm_minus_denominator_arm,1.0,0.9985,35.12969720363617,86.3071478009224,ok,ok
placebo_ms-real_ms,placebo_ms,real_ms,3407,block_02,Gear,3,shifted,0,1,0,010,2000,numerator_arm_minus_denominator_arm,1.0,0.9985,55.72965061664581,142.39803040027618,ok,ok
placebo_ms-real_ms,placebo_ms,real_ms,3407,block_02,Gear,3,shifted,0,1,1,011,2000,numerator_arm_minus_denominator_arm,1.0,0.998,48.72458773851395,128.02205270528793,ok,ok
placebo_ms-real_ms,placebo_ms,real_ms,3407,block_02,Gear,3,shifted,1,0,0,100,2000,numerator_arm_minus_denominator_arm,0.273,0.027000000000000024,8.082386016845703,27.102438926696777,ok,ok
placebo_ms-real_ms,placebo_ms,real_ms,3407,block_02,Gear,3,shifted,1,0,1,101,2000,numerator_arm_minus_denominator_arm,0.065,0.01100000000000001,5.978098154067993,26.045120239257812,ok,ok
placebo_ms-real_ms,placebo_ms,real_ms,3407,block_02,Gear,3,shifted,1,1,0,110,2000,numerator_arm_minus_denominator_arm,0.796,0.07750000000000001,13.756129741668701,27.583473205566406,ok,ok
placebo_ms-real_ms,placebo_ms,real_ms,3407,block_02,Gear,3,shifted,1,1,1,111,2000,numerator_arm_minus_denominator_arm,0.5405,0.1090000000000001,10.597617506980896,29.415507316589355,ok,ok
placebo_ms-real_ms,placebo_ms,real_ms,3407,block_02,RPM,4,canonical,0,0,0,000,2000,numerator_arm_minus_denominator_arm,0.999,0.9985,46.834994316101074,95.23197281360626,ok,ok
placebo_ms-real_ms,placebo_ms,real_ms,3407,block_02,RPM,4,canonical,0,0,1,001,2000,numerator_arm_minus_denominator_arm,0.999,0.9895,33.95650768280029,64.51501649618149,ok,ok
placebo_ms-real_ms,placebo_ms,real_ms,3407,block_02,RPM,4,canonical,0,1,0,010,2000,numerator_arm_minus_denominator_arm,0.999,0.999,49.814406871795654,113.24930536746979,ok,ok
placebo_ms-real_ms,placebo_ms,real_ms,3407,block_02,RPM,4,canonical,0,1,1,011,2000,numerator_arm_minus_denominator_arm,0.999,0.9675,40.37952262163162,99.44335806369781,ok,ok
placebo_ms-real_ms,placebo_ms,real_ms,3407,block_02,RPM,4,canonical,1,0,0,100,2000,numerator_arm_minus_denominator_arm,-0.0010000000000000009,0.2855,-0.4746856689453125,17.11794090270996,ok,ok
placebo_ms-real_ms,placebo_ms,real_ms,3407,block_02,RPM,4,canonical,1,0,1,101,2000,numerator_arm_minus_denominator_arm,-0.0125,0.0,-3.1243579387664795,18.502361297607422,ok,ok
placebo_ms-real_ms,placebo_ms,real_ms,3407,block_02,RPM,4,canonical,1,1,0,110,2000,numerator_arm_minus_denominator_arm,0.056499999999999995,0.41200000000000003,2.113280773162842,16.859707355499268,ok,ok
placebo_ms-real_ms,placebo_ms,real_ms,3407,block_02,RPM,4,canonical,1,1,1,111,2000,numerator_arm_minus_denominator_arm,-0.0135,0.0,-4.3292892426252365,25.71158218383789,ok,ok
placebo_ms-real_ms,placebo_ms,real_ms,3407,block_02,RPM,4,shifted,0,0,0,000,2000,numerator_arm_minus_denominator_arm,0.999,0.9985,45.05000400543213,94.18462681770325,ok,ok
placebo_ms-real_ms,placebo_ms,real_ms,3407,block_02,RPM,4,shifted,0,0,1,001,2000,numerator_arm_minus_denominator_arm,0.999,0.992,33.69938945770264,64.16717982292175,ok,ok
placebo_ms-real_ms,placebo_ms,real_ms,3407,block_02,RPM,4,shifted,0,1,0,010,2000,numerator_arm_minus_denominator_arm,0.999,0.999,47.69395184516907,113.07714188098907,ok,ok
placebo_ms-real_ms,placebo_ms,real_ms,3407,block_02,RPM,4,shifted,0,1,1,011,2000,numerator_arm_minus_denominator_arm,0.999,0.9695,37.98389995098114,98.64691257476807,ok,ok
placebo_ms-real_ms,placebo_ms,real_ms,3407,block_02,RPM,4,shifted,1,0,0,100,2000,numerator_arm_minus_denominator_arm,0.005999999999999998,0.28300000000000003,-0.3657231330871582,17.428869247436523,ok,ok
placebo_ms-real_ms,placebo_ms,real_ms,3407,block_02,RPM,4,shifted,1,0,1,101,2000,numerator_arm_minus_denominator_arm,-0.011,0.0,-3.014027953147888,18.84691619873047,ok,ok
placebo_ms-real_ms,placebo_ms,real_ms,3407,block_02,RPM,4,shifted,1,1,0,110,2000,numerator_arm_minus_denominator_arm,0.053000000000000005,0.41150000000000003,2.0235066413879395,17.180652618408203,ok,ok
placebo_ms-real_ms,placebo_ms,real_ms,3407,block_02,RPM,4,shifted,1,1,1,111,2000,numerator_arm_minus_denominator_arm,-0.012,0.0,-4.3952006585896015,25.935226440429688,ok,ok
placebo_ms-real_ms,placebo_ms,real_ms,3407,block_03,Gear,3,canonical,0,0,0,000,2000,numerator_arm_minus_denominator_arm,1.0,1.0,39.654585003852844,98.68123543262482,ok,ok
placebo_ms-real_ms,placebo_ms,real_ms,3407,block_03,Gear,3,canonical,0,0,1,001,2000,numerator_arm_minus_denominator_arm,1.0,1.0,34.74730360507965,85.80572819709778,ok,ok
placebo_ms-real_ms,placebo_ms,real_ms,3407,block_03,Gear,3,canonical,0,1,0,010,2000,numerator_arm_minus_denominator_arm,1.0,1.0,55.33588254451752,142.11914563179016,ok,ok
placebo_ms-real_ms,placebo_ms,real_ms,3407,block_03,Gear,3,canonical,0,1,1,011,2000,numerator_arm_minus_denominator_arm,1.0,0.999,48.443869173526764,128.03075683116913,ok,ok
placebo_ms-real_ms,placebo_ms,real_ms,3407,block_03,Gear,3,canonical,1,0,0,100,2000,numerator_arm_minus_denominator_arm,0.2565,0.016000000000000014,7.884861350059509,26.830435752868652,ok,ok
placebo_ms-real_ms,placebo_ms,real_ms,3407,block_03,Gear,3,canonical,1,0,1,101,2000,numerator_arm_minus_denominator_arm,0.0555,0.008000000000000007,5.83141553401947,25.886154174804688,ok,ok
placebo_ms-real_ms,placebo_ms,real_ms,3407,block_03,Gear,3,canonical,1,1,0,110,2000,numerator_arm_minus_denominator_arm,0.792,0.08199999999999996,13.612872660160065,27.1154146194458,ok,ok
placebo_ms-real_ms,placebo_ms,real_ms,3407,block_03,Gear,3,canonical,1,1,1,111,2000,numerator_arm_minus_denominator_arm,0.56,0.11499999999999999,10.56404721736908,29.113638877868652,ok,ok
placebo_ms-real_ms,placebo_ms,real_ms,3407,block_03,Gear,3,shifted,0,0,0,000,2000,numerator_arm_minus_denominator_arm,1.0,1.0,39.82272481918335,98.77495276927948,ok,ok
placebo_ms-real_ms,placebo_ms,real_ms,3407,block_03,Gear,3,shifted,0,0,1,001,2000,numerator_arm_minus_denominator_arm,1.0,1.0,34.90311902761459,85.90932613611221,ok,ok
placebo_ms-real_ms,placebo_ms,real_ms,3407,block_03,Gear,3,shifted,0,1,0,010,2000,numerator_arm_minus_denominator_arm,1.0,1.0,55.569743275642395,142.2949937582016,ok,ok
placebo_ms-real_ms,placebo_ms,real_ms,3407,block_03,Gear,3,shifted,0,1,1,011,2000,numerator_arm_minus_denominator_arm,1.0,0.999,48.67127847671509,128.21095371246338,ok,ok
placebo_ms-real_ms,placebo_ms,real_ms,3407,block_03,Gear,3,shifted,1,0,0,100,2000,numerator_arm_minus_denominator_arm,0.258,0.016000000000000014,7.915216326713562,26.855915069580078,ok,ok
placebo_ms-real_ms,placebo_ms,real_ms,3407,block_03,Gear,3,shifted,1,0,1,101,2000,numerator_arm_minus_denominator_arm,0.0565,0.008000000000000007,5.855401873588562,25.897747039794922,ok,ok
placebo_ms-real_ms,placebo_ms,real_ms,3407,block_03,Gear,3,shifted,1,1,0,110,2000,numerator_arm_minus_denominator_arm,0.796,0.08150000000000002,13.662473261356354,27.206764221191406,ok,ok
placebo_ms-real_ms,placebo_ms,real_ms,3407,block_03,Gear,3,shifted,1,1,1,111,2000,numerator_arm_minus_denominator_arm,0.5645,0.11450000000000005,10.608279347419739,29.18310832977295,ok,ok
placebo_ms-real_ms,placebo_ms,real_ms,3407,block_03,RPM,4,canonical,0,0,0,000,2000,numerator_arm_minus_denominator_arm,1.0,1.0,46.69637894630432,94.88275361061096,ok,ok
placebo_ms-real_ms,placebo_ms,real_ms,3407,block_03,RPM,4,canonical,0,0,1,001,2000,numerator_arm_minus_denominator_arm,1.0,0.989,33.82081151008606,64.53172329068184,ok,ok
placebo_ms-real_ms,placebo_ms,real_ms,3407,block_03,RPM,4,canonical,0,1,0,010,2000,numerator_arm_minus_denominator_arm,1.0,0.997,49.71995449066162,113.40941470861435,ok,ok
placebo_ms-real_ms,placebo_ms,real_ms,3407,block_03,RPM,4,canonical,0,1,1,011,2000,numerator_arm_minus_denominator_arm,1.0,0.963,40.372361958026886,99.81925475597382,ok,ok
placebo_ms-real_ms,placebo_ms,real_ms,3407,block_03,RPM,4,canonical,1,0,0,100,2000,numerator_arm_minus_denominator_arm,0.006499999999999999,0.28900000000000003,-0.5282831192016602,17.161083221435547,ok,ok
placebo_ms-real_ms,placebo_ms,real_ms,3407,block_03,RPM,4,canonical,1,0,1,101,2000,numerator_arm_minus_denominator_arm,-0.0135,0.0,-3.1816065311431885,18.50208854675293,ok,ok
placebo_ms-real_ms,placebo_ms,real_ms,3407,block_03,RPM,4,canonical,1,1,0,110,2000,numerator_arm_minus_denominator_arm,0.0635,0.392,2.141655921936035,16.610108852386475,ok,ok
placebo_ms-real_ms,placebo_ms,real_ms,3407,block_03,RPM,4,canonical,1,1,1,111,2000,numerator_arm_minus_denominator_arm,-0.013,0.0,-4.346891433000565,25.70927619934082,ok,ok
placebo_ms-real_ms,placebo_ms,real_ms,3407,block_03,RPM,4,shifted,0,0,0,000,2000,numerator_arm_minus_denominator_arm,1.0,1.0,44.946821212768555,93.87131440639496,ok,ok
placebo_ms-real_ms,placebo_ms,real_ms,3407,block_03,RPM,4,shifted,0,0,1,001,2000,numerator_arm_minus_denominator_arm,1.0,0.992,33.57978940010071,64.20133757591248,ok,ok
placebo_ms-real_ms,placebo_ms,real_ms,3407,block_03,RPM,4,shifted,0,1,0,010,2000,numerator_arm_minus_denominator_arm,1.0,0.997,47.6191463470459,113.2386947274208,ok,ok
placebo_ms-real_ms,placebo_ms,real_ms,3407,block_03,RPM,4,shifted,0,1,1,011,2000,numerator_arm_minus_denominator_arm,1.0,0.9685,37.96206587553024,99.01763761043549,ok,ok
placebo_ms-real_ms,placebo_ms,real_ms,3407,block_03,RPM,4,shifted,1,0,0,100,2000,numerator_arm_minus_denominator_arm,0.010000000000000002,0.28800000000000003,-0.4145364761352539,17.472923278808594,ok,ok
placebo_ms-real_ms,placebo_ms,real_ms,3407,block_03,RPM,4,shifted,1,0,1,101,2000,numerator_arm_minus_denominator_arm,-0.012,0.0,-3.0696686506271362,18.850210189819336,ok,ok
placebo_ms-real_ms,placebo_ms,real_ms,3407,block_03,RPM,4,shifted,1,1,0,110,2000,numerator_arm_minus_denominator_arm,0.064,0.3955,2.0522007942199707,16.93462896347046,ok,ok
placebo_ms-real_ms,placebo_ms,real_ms,3407,block_03,RPM,4,shifted,1,1,1,111,2000,numerator_arm_minus_denominator_arm,-0.013,0.0,-4.410285450518131,25.94034767150879,ok,ok
rule_ms-placebo_ms,rule_ms,placebo_ms,7,block_01,Gear,3,canonical,0,0,0,000,2000,numerator_arm_minus_denominator_arm,0.0,0.0,-3.4979896545410156,-6.710506439208984,ok,ok
rule_ms-placebo_ms,rule_ms,placebo_ms,7,block_01,Gear,3,canonical,0,0,1,001,2000,numerator_arm_minus_denominator_arm,0.0,0.0,-3.124509811401367,-5.473701477050781,ok,ok
rule_ms-placebo_ms,rule_ms,placebo_ms,7,block_01,Gear,3,canonical,0,1,0,010,2000,numerator_arm_minus_denominator_arm,0.0,0.0,-3.179931640625,-6.769287109375,ok,ok
rule_ms-placebo_ms,rule_ms,placebo_ms,7,block_01,Gear,3,canonical,0,1,1,011,2000,numerator_arm_minus_denominator_arm,0.0,0.0,-3.0003204345703125,-6.999687194824219,ok,ok
rule_ms-placebo_ms,rule_ms,placebo_ms,7,block_01,Gear,3,canonical,1,0,0,100,2000,numerator_arm_minus_denominator_arm,-0.0135,0.0,-5.407556891441345,14.59044075012207,ok,ok
rule_ms-placebo_ms,rule_ms,placebo_ms,7,block_01,Gear,3,canonical,1,0,1,101,2000,numerator_arm_minus_denominator_arm,-0.001,0.0,-5.349721789360046,13.970314025878906,ok,ok
rule_ms-placebo_ms,rule_ms,placebo_ms,7,block_01,Gear,3,canonical,1,1,0,110,2000,numerator_arm_minus_denominator_arm,-0.081,0.0030000000000000027,-4.410102963447571,10.387039184570312,ok,ok
rule_ms-placebo_ms,rule_ms,placebo_ms,7,block_01,Gear,3,canonical,1,1,1,111,2000,numerator_arm_minus_denominator_arm,-0.0515,0.0040000000000000036,-4.788110136985779,12.035621643066406,ok,ok
rule_ms-placebo_ms,rule_ms,placebo_ms,7,block_01,Gear,3,shifted,0,0,0,000,2000,numerator_arm_minus_denominator_arm,0.0,0.0,-3.4982681274414062,-6.700763702392578,ok,ok
rule_ms-placebo_ms,rule_ms,placebo_ms,7,block_01,Gear,3,shifted,0,0,1,001,2000,numerator_arm_minus_denominator_arm,0.0,0.0,-3.1308975219726562,-5.464347839355469,ok,ok
rule_ms-placebo_ms,rule_ms,placebo_ms,7,block_01,Gear,3,shifted,0,1,0,010,2000,numerator_arm_minus_denominator_arm,0.0,0.0,-3.2144546508789062,-6.771949768066406,ok,ok
rule_ms-placebo_ms,rule_ms,placebo_ms,7,block_01,Gear,3,shifted,0,1,1,011,2000,numerator_arm_minus_denominator_arm,0.0,0.0,-3.0387802124023438,-6.998374938964844,ok,ok
rule_ms-placebo_ms,rule_ms,placebo_ms,7,block_01,Gear,3,shifted,1,0,0,100,2000,numerator_arm_minus_denominator_arm,-0.0135,0.0,-5.417202115058899,14.594741821289062,ok,ok
rule_ms-placebo_ms,rule_ms,placebo_ms,7,block_01,Gear,3,shifted,1,0,1,101,2000,numerator_arm_minus_denominator_arm,-0.001,0.0,-5.36075747013092,13.97391128540039,ok,ok
rule_ms-placebo_ms,rule_ms,placebo_ms,7,block_01,Gear,3,shifted,1,1,0,110,2000,numerator_arm_minus_denominator_arm,-0.083,0.0030000000000000027,-4.424748420715332,10.396373748779297,ok,ok
rule_ms-placebo_ms,rule_ms,placebo_ms,7,block_01,Gear,3,shifted,1,1,1,111,2000,numerator_arm_minus_denominator_arm,-0.0535,0.0034999999999999476,-4.803430676460266,12.046924591064453,ok,ok
rule_ms-placebo_ms,rule_ms,placebo_ms,7,block_01,RPM,4,canonical,0,0,0,000,2000,numerator_arm_minus_denominator_arm,0.0,0.0,5.084659576416016,1.9247817993164062,ok,ok
rule_ms-placebo_ms,rule_ms,placebo_ms,7,block_01,RPM,4,canonical,0,0,1,001,2000,numerator_arm_minus_denominator_arm,0.0,0.0,3.9448604583740234,-2.4751739501953125,ok,ok
rule_ms-placebo_ms,rule_ms,placebo_ms,7,block_01,RPM,4,canonical,0,1,0,010,2000,numerator_arm_minus_denominator_arm,0.0,0.0,6.065788269042969,2.6763076782226562,ok,ok
rule_ms-placebo_ms,rule_ms,placebo_ms,7,block_01,RPM,4,canonical,0,1,1,011,2000,numerator_arm_minus_denominator_arm,0.0,0.0,4.188468933105469,-4.282417297363281,ok,ok
rule_ms-placebo_ms,rule_ms,placebo_ms,7,block_01,RPM,4,canonical,1,0,0,100,2000,numerator_arm_minus_denominator_arm,-0.05199999999999999,0.006000000000000005,-4.972413063049316,8.910799026489258,ok,ok
rule_ms-placebo_ms,rule_ms,placebo_ms,7,block_01,RPM,4,canonical,1,0,1,101,2000,numerator_arm_minus_denominator_arm,-0.0005,0.0,-9.037877559661865,15.522895812988281,ok,ok
rule_ms-placebo_ms,rule_ms,placebo_ms,7,block_01,RPM,4,canonical,1,1,0,110,2000,numerator_arm_minus_denominator_arm,-0.16399999999999998,0.05899999999999994,-4.295799732208252,7.3478546142578125,ok,ok
rule_ms-placebo_ms,rule_ms,placebo_ms,7,block_01,RPM,4,canonical,1,1,1,111,2000,numerator_arm_minus_denominator_arm,-0.0285,0.0,-9.204951524734497,15.829421997070312,ok,ok
rule_ms-placebo_ms,rule_ms,placebo_ms,7,block_01,RPM,4,shifted,0,0,0,000,2000,numerator_arm_minus_denominator_arm,0.0,0.0,5.154117584228516,1.6212081909179688,ok,ok
rule_ms-placebo_ms,rule_ms,placebo_ms,7,block_01,RPM,4,shifted,0,0,1,001,2000,numerator_arm_minus_denominator_arm,0.0,0.0,3.643198013305664,-3.0588531494140625,ok,ok
rule_ms-placebo_ms,rule_ms,placebo_ms,7,block_01,RPM,4,shifted,0,1,0,010,2000,numerator_arm_minus_denominator_arm,0.0,0.0,5.8964996337890625,2.2093734741210938,ok,ok
rule_ms-placebo_ms,rule_ms,placebo_ms,7,block_01,RPM,4,shifted,0,1,1,011,2000,numerator_arm_minus_denominator_arm,0.0,0.0,3.9493370056152344,-4.8267669677734375,ok,ok
rule_ms-placebo_ms,rule_ms,placebo_ms,7,block_01,RPM,4,shifted,1,0,0,100,2000,numerator_arm_minus_denominator_arm,-0.0515,0.0044999999999999485,-4.879698991775513,8.893966674804688,ok,ok
rule_ms-placebo_ms,rule_ms,placebo_ms,7,block_01,RPM,4,shifted,1,0,1,101,2000,numerator_arm_minus_denominator_arm,-0.0005,0.0,-8.94293737411499,15.695600509643555,ok,ok
rule_ms-placebo_ms,rule_ms,placebo_ms,7,block_01,RPM,4,shifted,1,1,0,110,2000,numerator_arm_minus_denominator_arm,-0.1755,0.051000000000000045,-4.370560169219971,7.386058807373047,ok,ok
rule_ms-placebo_ms,rule_ms,placebo_ms,7,block_01,RPM,4,shifted,1,1,1,111,2000,numerator_arm_minus_denominator_arm,-0.028,0.0,-9.205724477767944,15.87382698059082,ok,ok
rule_ms-placebo_ms,rule_ms,placebo_ms,7,block_02,Gear,3,canonical,0,0,0,000,2000,numerator_arm_minus_denominator_arm,0.0,0.0,-3.480785369873047,-6.779888153076172,ok,ok
rule_ms-placebo_ms,rule_ms,placebo_ms,7,block_02,Gear,3,canonical,0,0,1,001,2000,numerator_arm_minus_denominator_arm,0.0,0.0,-3.132007598876953,-5.491992950439453,ok,ok
rule_ms-placebo_ms,rule_ms,placebo_ms,7,block_02,Gear,3,canonical,0,1,0,010,2000,numerator_arm_minus_denominator_arm,0.0,0.0,-3.1406211853027344,-6.795166015625,ok,ok
rule_ms-placebo_ms,rule_ms,placebo_ms,7,block_02,Gear,3,canonical,0,1,1,011,2000,numerator_arm_minus_denominator_arm,0.0,0.0,-2.999523162841797,-6.945640563964844,ok,ok
rule_ms-placebo_ms,rule_ms,placebo_ms,7,block_02,Gear,3,canonical,1,0,0,100,2000,numerator_arm_minus_denominator_arm,-0.0165,0.0010000000000000009,-5.432209491729736,14.625055313110352,ok,ok
rule_ms-placebo_ms,rule_ms,placebo_ms,7,block_02,Gear,3,canonical,1,0,1,101,2000,numerator_arm_minus_denominator_arm,-0.003,0.0,-5.382324934005737,13.881580352783203,ok,ok
rule_ms-placebo_ms,rule_ms,placebo_ms,7,block_02,Gear,3,canonical,1,1,0,110,2000,numerator_arm_minus_denominator_arm,-0.091,0.0010000000000000009,-4.5060553550720215,10.327350616455078,ok,ok
rule_ms-placebo_ms,rule_ms,placebo_ms,7,block_02,Gear,3,canonical,1,1,1,111,2000,numerator_arm_minus_denominator_arm,-0.0605,0.0015000000000000568,-4.91676926612854,12.102836608886719,ok,ok
rule_ms-placebo_ms,rule_ms,placebo_ms,7,block_02,Gear,3,shifted,0,0,0,000,2000,numerator_arm_minus_denominator_arm,0.0,0.0,-3.4802722930908203,-6.76983642578125,ok,ok
rule_ms-placebo_ms,rule_ms,placebo_ms,7,block_02,Gear,3,shifted,0,0,1,001,2000,numerator_arm_minus_denominator_arm,0.0,0.0,-3.1373023986816406,-5.482654571533203,ok,ok
rule_ms-placebo_ms,rule_ms,placebo_ms,7,block_02,Gear,3,shifted,0,1,0,010,2000,numerator_arm_minus_denominator_arm,0.0,0.0,-3.171245574951172,-6.7974700927734375,ok,ok
rule_ms-placebo_ms,rule_ms,placebo_ms,7,block_02,Gear,3,shifted,0,1,1,011,2000,numerator_arm_minus_denominator_arm,0.0,0.0,-3.0370254516601562,-6.944366455078125,ok,ok
rule_ms-placebo_ms,rule_ms,placebo_ms,7,block_02,Gear,3,shifted,1,0,0,100,2000,numerator_arm_minus_denominator_arm,-0.017499999999999998,0.0010000000000000009,-5.44191586971283,14.629222869873047,ok,ok
rule_ms-placebo_ms,rule_ms,placebo_ms,7,block_02,Gear,3,shifted,1,0,1,101,2000,numerator_arm_minus_denominator_arm,-0.0035,0.0,-5.393289089202881,13.885177612304688,ok,ok
rule_ms-placebo_ms,rule_ms,placebo_ms,7,block_02,Gear,3,shifted,1,1,0,110,2000,numerator_arm_minus_denominator_arm,-0.0945,0.0010000000000000009,-4.521003007888794,10.335796356201172,ok,ok
rule_ms-placebo_ms,rule_ms,placebo_ms,7,block_02,Gear,3,shifted,1,1,1,111,2000,numerator_arm_minus_denominator_arm,-0.061,0.0015000000000000568,-4.932340085506439,12.113731384277344,ok,ok
rule_ms-placebo_ms,rule_ms,placebo_ms,7,block_02,RPM,4,canonical,0,0,0,000,2000,numerator_arm_minus_denominator_arm,0.000500000000000056,0.0,5.2018280029296875,2.0044326782226562,ok,ok
rule_ms-placebo_ms,rule_ms,placebo_ms,7,block_02,RPM,4,canonical,0,0,1,001,2000,numerator_arm_minus_denominator_arm,0.000500000000000056,0.0,3.992645263671875,-2.3565444946289062,ok,ok
rule_ms-placebo_ms,rule_ms,placebo_ms,7,block_02,RPM,4,canonical,0,1,0,010,2000,numerator_arm_minus_denominator_arm,0.000500000000000056,0.0,6.207771301269531,2.8860092163085938,ok,ok
rule_ms-placebo_ms,rule_ms,placebo_ms,7,block_02,RPM,4,canonical,0,1,1,011,2000,numerator_arm_minus_denominator_arm,0.000500000000000056,0.0,4.264812469482422,-4.038810729980469,ok,ok
rule_ms-placebo_ms,rule_ms,placebo_ms,7,block_02,RPM,4,canonical,1,0,0,100,2000,numerator_arm_minus_denominator_arm,-0.0535,0.006000000000000005,-5.060543537139893,9.027402877807617,ok,ok
rule_ms-placebo_ms,rule_ms,placebo_ms,7,block_02,RPM,4,canonical,1,0,1,101,2000,numerator_arm_minus_denominator_arm,-0.001,0.0,-9.091188430786133,15.546125411987305,ok,ok
rule_ms-placebo_ms,rule_ms,placebo_ms,7,block_02,RPM,4,canonical,1,1,0,110,2000,numerator_arm_minus_denominator_arm,-0.1345,0.05249999999999999,-4.263246059417725,7.382129669189453,ok,ok
rule_ms-placebo_ms,rule_ms,placebo_ms,7,block_02,RPM,4,canonical,1,1,1,111,2000,numerator_arm_minus_denominator_arm,-0.0215,0.000500000000000056,-9.187105417251587,15.829267501831055,ok,ok
rule_ms-placebo_ms,rule_ms,placebo_ms,7,block_02,RPM,4,shifted,0,0,0,000,2000,numerator_arm_minus_denominator_arm,0.000500000000000056,0.0,5.276462554931641,1.6995468139648438,ok,ok
rule_ms-placebo_ms,rule_ms,placebo_ms,7,block_02,RPM,4,shifted,0,0,1,001,2000,numerator_arm_minus_denominator_arm,0.000500000000000056,0.0,3.6949825286865234,-2.934467315673828,ok,ok
rule_ms-placebo_ms,rule_ms,placebo_ms,7,block_02,RPM,4,shifted,0,1,0,010,2000,numerator_arm_minus_denominator_arm,0.000500000000000056,0.0,6.044654846191406,2.4177627563476562,ok,ok
rule_ms-placebo_ms,rule_ms,placebo_ms,7,block_02,RPM,4,shifted,0,1,1,011,2000,numerator_arm_minus_denominator_arm,0.000500000000000056,0.0,4.002593994140625,-4.588935852050781,ok,ok
rule_ms-placebo_ms,rule_ms,placebo_ms,7,block_02,RPM,4,shifted,1,0,0,100,2000,numerator_arm_minus_denominator_arm,-0.05450000000000001,0.0045000000000000595,-4.967129707336426,9.016489028930664,ok,ok
rule_ms-placebo_ms,rule_ms,placebo_ms,7,block_02,RPM,4,shifted,1,0,1,101,2000,numerator_arm_minus_denominator_arm,-0.0005,0.0,-8.994243144989014,15.723949432373047,ok,ok
rule_ms-placebo_ms,rule_ms,placebo_ms,7,block_02,RPM,4,shifted,1,1,0,110,2000,numerator_arm_minus_denominator_arm,-0.14400000000000002,0.04699999999999993,-4.329626083374023,7.418525695800781,ok,ok
rule_ms-placebo_ms,rule_ms,placebo_ms,7,block_02,RPM,4,shifted,1,1,1,111,2000,numerator_arm_minus_denominator_arm,-0.020999999999999998,0.000500000000000056,-9.1876380443573,15.869979858398438,ok,ok
rule_ms-placebo_ms,rule_ms,placebo_ms,7,block_03,Gear,3,canonical,0,0,0,000,2000,numerator_arm_minus_denominator_arm,0.0,0.0,-3.4481048583984375,-6.738063812255859,ok,ok
rule_ms-placebo_ms,rule_ms,placebo_ms,7,block_03,Gear,3,canonical,0,0,1,001,2000,numerator_arm_minus_denominator_arm,0.0,0.0,-3.0932540893554688,-5.551811218261719,ok,ok
rule_ms-placebo_ms,rule_ms,placebo_ms,7,block_03,Gear,3,canonical,0,1,0,010,2000,numerator_arm_minus_denominator_arm,0.0,0.0,-3.167987823486328,-6.769432067871094,ok,ok
rule_ms-placebo_ms,rule_ms,placebo_ms,7,block_03,Gear,3,canonical,0,1,1,011,2000,numerator_arm_minus_denominator_arm,0.0,0.0,-2.9422607421875,-6.913429260253906,ok,ok
rule_ms-placebo_ms,rule_ms,placebo_ms,7,block_03,Gear,3,canonical,1,0,0,100,2000,numerator_arm_minus_denominator_arm,-0.0125,0.0,-5.389330744743347,14.706794738769531,ok,ok
rule_ms-placebo_ms,rule_ms,placebo_ms,7,block_03,Gear,3,canonical,1,0,1,101,2000,numerator_arm_minus_denominator_arm,-0.0035,0.0,-5.323538303375244,14.085800170898438,ok,ok
rule_ms-placebo_ms,rule_ms,placebo_ms,7,block_03,Gear,3,canonical,1,1,0,110,2000,numerator_arm_minus_denominator_arm,-0.084,0.000500000000000056,-4.405157089233398,10.297943115234375,ok,ok
rule_ms-placebo_ms,rule_ms,placebo_ms,7,block_03,Gear,3,canonical,1,1,1,111,2000,numerator_arm_minus_denominator_arm,-0.0605,0.0004999999999999449,-4.774117588996887,11.902645111083984,ok,ok
rule_ms-placebo_ms,rule_ms,placebo_ms,7,block_03,Gear,3,shifted,0,0,0,000,2000,numerator_arm_minus_denominator_arm,0.0,0.0,-3.4464645385742188,-6.7281494140625,ok,ok
rule_ms-placebo_ms,rule_ms,placebo_ms,7,block_03,Gear,3,shifted,0,0,1,001,2000,numerator_arm_minus_denominator_arm,0.0,0.0,-3.0993785858154297,-5.542240142822266,ok,ok
rule_ms-placebo_ms,rule_ms,placebo_ms,7,block_03,Gear,3,shifted,0,1,0,010,2000,numerator_arm_minus_denominator_arm,0.0,0.0,-3.2017250061035156,-6.771949768066406,ok,ok
rule_ms-placebo_ms,rule_ms,placebo_ms,7,block_03,Gear,3,shifted,0,1,1,011,2000,numerator_arm_minus_denominator_arm,0.0,0.0,-2.9827117919921875,-6.912261962890625,ok,ok
rule_ms-placebo_ms,rule_ms,placebo_ms,7,block_03,Gear,3,shifted,1,0,0,100,2000,numerator_arm_minus_denominator_arm,-0.012499999999999999,0.0,-5.398932576179504,14.710859298706055,ok,ok
rule_ms-placebo_ms,rule_ms,placebo_ms,7,block_03,Gear,3,shifted,1,0,1,101,2000,numerator_arm_minus_denominator_arm,-0.004,0.0,-5.334415435791016,14.089229583740234,ok,ok
rule_ms-placebo_ms,rule_ms,placebo_ms,7,block_03,Gear,3,shifted,1,1,0,110,2000,numerator_arm_minus_denominator_arm,-0.08650000000000001,0.000500000000000056,-4.419693827629089,10.307533264160156,ok,ok
rule_ms-placebo_ms,rule_ms,placebo_ms,7,block_03,Gear,3,shifted,1,1,1,111,2000,numerator_arm_minus_denominator_arm,-0.0605,0.0004999999999999449,-4.789528965950012,11.91409683227539,ok,ok
rule_ms-placebo_ms,rule_ms,placebo_ms,7,block_03,RPM,4,canonical,0,0,0,000,2000,numerator_arm_minus_denominator_arm,0.0,0.0,5.113487243652344,1.857940673828125,ok,ok
rule_ms-placebo_ms,rule_ms,placebo_ms,7,block_03,RPM,4,canonical,0,0,1,001,2000,numerator_arm_minus_denominator_arm,0.0,0.0,3.9853744506835938,-2.5396499633789062,ok,ok
rule_ms-placebo_ms,rule_ms,placebo_ms,7,block_03,RPM,4,canonical,0,1,0,010,2000,numerator_arm_minus_denominator_arm,0.0,0.0,6.1864166259765625,2.7805328369140625,ok,ok
rule_ms-placebo_ms,rule_ms,placebo_ms,7,block_03,RPM,4,canonical,0,1,1,011,2000,numerator_arm_minus_denominator_arm,0.0,0.0,4.272148132324219,-4.24957275390625,ok,ok
rule_ms-placebo_ms,rule_ms,placebo_ms,7,block_03,RPM,4,canonical,1,0,0,100,2000,numerator_arm_minus_denominator_arm,-0.068,0.010000000000000009,-5.068785667419434,9.008661270141602,ok,ok
rule_ms-placebo_ms,rule_ms,placebo_ms,7,block_03,RPM,4,canonical,1,0,1,101,2000,numerator_arm_minus_denominator_arm,-0.0015,0.0004999999999999449,-9.100056648254395,15.620101928710938,ok,ok
rule_ms-placebo_ms,rule_ms,placebo_ms,7,block_03,RPM,4,canonical,1,1,0,110,2000,numerator_arm_minus_denominator_arm,-0.143,0.05800000000000005,-4.194839954376221,7.1728973388671875,ok,ok
rule_ms-placebo_ms,rule_ms,placebo_ms,7,block_03,RPM,4,canonical,1,1,1,111,2000,numerator_arm_minus_denominator_arm,-0.023,0.0010000000000000009,-9.16836166381836,15.694263458251953,ok,ok
rule_ms-placebo_ms,rule_ms,placebo_ms,7,block_03,RPM,4,shifted,0,0,0,000,2000,numerator_arm_minus_denominator_arm,0.0,0.0,5.185817718505859,1.562957763671875,ok,ok
rule_ms-placebo_ms,rule_ms,placebo_ms,7,block_03,RPM,4,shifted,0,0,1,001,2000,numerator_arm_minus_denominator_arm,0.0,0.0,3.6925010681152344,-3.108043670654297,ok,ok
rule_ms-placebo_ms,rule_ms,placebo_ms,7,block_03,RPM,4,shifted,0,1,0,010,2000,numerator_arm_minus_denominator_arm,0.0,0.0,6.024879455566406,2.3175582885742188,ok,ok
rule_ms-placebo_ms,rule_ms,placebo_ms,7,block_03,RPM,4,shifted,0,1,1,011,2000,numerator_arm_minus_denominator_arm,0.0,0.0,4.024036407470703,-4.791084289550781,ok,ok
rule_ms-placebo_ms,rule_ms,placebo_ms,7,block_03,RPM,4,shifted,1,0,0,100,2000,numerator_arm_minus_denominator_arm,-0.0675,0.007500000000000062,-4.981782913208008,9.002443313598633,ok,ok
rule_ms-placebo_ms,rule_ms,placebo_ms,7,block_03,RPM,4,shifted,1,0,1,101,2000,numerator_arm_minus_denominator_arm,-0.0015,0.0004999999999999449,-9.004180431365967,15.799116134643555,ok,ok
rule_ms-placebo_ms,rule_ms,placebo_ms,7,block_03,RPM,4,shifted,1,1,0,110,2000,numerator_arm_minus_denominator_arm,-0.1575,0.046499999999999986,-4.262620449066162,7.212690353393555,ok,ok
rule_ms-placebo_ms,rule_ms,placebo_ms,7,block_03,RPM,4,shifted,1,1,1,111,2000,numerator_arm_minus_denominator_arm,-0.024,0.0010000000000000009,-9.17285692691803,15.742973327636719,ok,ok
rule_ms-placebo_ms,rule_ms,placebo_ms,42,block_01,Gear,3,canonical,0,0,0,000,2000,numerator_arm_minus_denominator_arm,0.0,0.0,5.380565643310547,21.049976348876953,ok,ok
rule_ms-placebo_ms,rule_ms,placebo_ms,42,block_01,Gear,3,canonical,0,0,1,001,2000,numerator_arm_minus_denominator_arm,0.0,0.0,5.737693786621094,19.665721893310547,ok,ok
rule_ms-placebo_ms,rule_ms,placebo_ms,42,block_01,Gear,3,canonical,0,1,0,010,2000,numerator_arm_minus_denominator_arm,0.0,0.0,5.063953399658203,30.524261474609375,ok,ok
rule_ms-placebo_ms,rule_ms,placebo_ms,42,block_01,Gear,3,canonical,0,1,1,011,2000,numerator_arm_minus_denominator_arm,0.0,0.0,5.525371551513672,27.587745666503906,ok,ok
rule_ms-placebo_ms,rule_ms,placebo_ms,42,block_01,Gear,3,canonical,1,0,0,100,2000,numerator_arm_minus_denominator_arm,0.024499999999999997,-0.0030000000000000027,2.910029411315918,2.7500762939453125,ok,ok
rule_ms-placebo_ms,rule_ms,placebo_ms,42,block_01,Gear,3,canonical,1,0,1,101,2000,numerator_arm_minus_denominator_arm,0.006499999999999999,-0.0015000000000000568,2.4910314083099365,3.84552001953125,ok,ok
rule_ms-placebo_ms,rule_ms,placebo_ms,42,block_01,Gear,3,canonical,1,1,0,110,2000,numerator_arm_minus_denominator_arm,0.1445,-0.010499999999999954,4.9946184158325195,1.7341899871826172,ok,ok
rule_ms-placebo_ms,rule_ms,placebo_ms,42,block_01,Gear,3,canonical,1,1,1,111,2000,numerator_arm_minus_denominator_arm,0.08049999999999999,-0.005499999999999949,4.824313402175903,1.7599868774414062,ok,ok
rule_ms-placebo_ms,rule_ms,placebo_ms,42,block_01,Gear,3,shifted,0,0,0,000,2000,numerator_arm_minus_denominator_arm,0.0,0.0,5.355556488037109,21.049251556396484,ok,ok
rule_ms-placebo_ms,rule_ms,placebo_ms,42,block_01,Gear,3,shifted,0,0,1,001,2000,numerator_arm_minus_denominator_arm,0.0,0.0,5.6950531005859375,19.66818618774414,ok,ok
rule_ms-placebo_ms,rule_ms,placebo_ms,42,block_01,Gear,3,shifted,0,1,0,010,2000,numerator_arm_minus_denominator_arm,0.0,0.0,5.019866943359375,30.520767211914062,ok,ok
rule_ms-placebo_ms,rule_ms,placebo_ms,42,block_01,Gear,3,shifted,0,1,1,011,2000,numerator_arm_minus_denominator_arm,0.0,0.0,5.462245941162109,27.596969604492188,ok,ok
rule_ms-placebo_ms,rule_ms,placebo_ms,42,block_01,Gear,3,shifted,1,0,0,100,2000,numerator_arm_minus_denominator_arm,0.024499999999999997,-0.0030000000000000027,2.9142229557037354,2.7694644927978516,ok,ok
rule_ms-placebo_ms,rule_ms,placebo_ms,42,block_01,Gear,3,shifted,1,0,1,101,2000,numerator_arm_minus_denominator_arm,0.006499999999999999,-0.0015000000000000568,2.495047092437744,3.8648223876953125,ok,ok
rule_ms-placebo_ms,rule_ms,placebo_ms,42,block_01,Gear,3,shifted,1,1,0,110,2000,numerator_arm_minus_denominator_arm,0.151,-0.010499999999999954,5.0078911781311035,1.7593612670898438,ok,ok
rule_ms-placebo_ms,rule_ms,placebo_ms,42,block_01,Gear,3,shifted,1,1,1,111,2000,numerator_arm_minus_denominator_arm,0.08249999999999999,-0.005499999999999949,4.83656120300293,1.7808666229248047,ok,ok
rule_ms-placebo_ms,rule_ms,placebo_ms,42,block_01,RPM,4,canonical,0,0,0,000,2000,numerator_arm_minus_denominator_arm,0.0,0.0,10.352203369140625,21.371658325195312,ok,ok
rule_ms-placebo_ms,rule_ms,placebo_ms,42,block_01,RPM,4,canonical,0,0,1,001,2000,numerator_arm_minus_denominator_arm,0.0,0.0,8.73028564453125,12.895137786865234,ok,ok
rule_ms-placebo_ms,rule_ms,placebo_ms,42,block_01,RPM,4,canonical,0,1,0,010,2000,numerator_arm_minus_denominator_arm,0.0,0.0,10.03579330444336,24.368865966796875,ok,ok
rule_ms-placebo_ms,rule_ms,placebo_ms,42,block_01,RPM,4,canonical,0,1,1,011,2000,numerator_arm_minus_denominator_arm,0.0,0.0,9.227821350097656,24.83765411376953,ok,ok
rule_ms-placebo_ms,rule_ms,placebo_ms,42,block_01,RPM,4,canonical,1,0,0,100,2000,numerator_arm_minus_denominator_arm,-0.0010000000000000009,-0.23300000000000004,3.5446901321411133,-0.0683889389038086,ok,ok
rule_ms-placebo_ms,rule_ms,placebo_ms,42,block_01,RPM,4,canonical,1,0,1,101,2000,numerator_arm_minus_denominator_arm,-0.0025,-0.00550000000000006,3.174163818359375,0.8001766204833984,ok,ok
rule_ms-placebo_ms,rule_ms,placebo_ms,42,block_01,RPM,4,canonical,1,1,0,110,2000,numerator_arm_minus_denominator_arm,0.0175,-0.16549999999999998,4.2499003410339355,0.8974208831787109,ok,ok
rule_ms-placebo_ms,rule_ms,placebo_ms,42,block_01,RPM,4,canonical,1,1,1,111,2000,numerator_arm_minus_denominator_arm,0.007,-0.0025000000000000577,6.2134482860565186,0.23423385620117188,ok,ok
rule_ms-placebo_ms,rule_ms,placebo_ms,42,block_01,RPM,4,shifted,0,0,0,000,2000,numerator_arm_minus_denominator_arm,0.0,0.0,9.773366928100586,21.07642364501953,ok,ok
rule_ms-placebo_ms,rule_ms,placebo_ms,42,block_01,RPM,4,shifted,0,0,1,001,2000,numerator_arm_minus_denominator_arm,0.0,0.0,8.328958511352539,12.7845458984375,ok,ok
rule_ms-placebo_ms,rule_ms,placebo_ms,42,block_01,RPM,4,shifted,0,1,0,010,2000,numerator_arm_minus_denominator_arm,0.0,0.0,9.50958251953125,24.61565399169922,ok,ok
rule_ms-placebo_ms,rule_ms,placebo_ms,42,block_01,RPM,4,shifted,0,1,1,011,2000,numerator_arm_minus_denominator_arm,0.0,0.0,8.582744598388672,24.719635009765625,ok,ok
rule_ms-placebo_ms,rule_ms,placebo_ms,42,block_01,RPM,4,shifted,1,0,0,100,2000,numerator_arm_minus_denominator_arm,0.007999999999999993,-0.20300000000000007,3.9108195304870605,0.27743053436279297,ok,ok
rule_ms-placebo_ms,rule_ms,placebo_ms,42,block_01,RPM,4,shifted,1,0,1,101,2000,numerator_arm_minus_denominator_arm,-0.002,-0.0030000000000000027,3.2404935359954834,1.0852108001708984,ok,ok
rule_ms-placebo_ms,rule_ms,placebo_ms,42,block_01,RPM,4,shifted,1,1,0,110,2000,numerator_arm_minus_denominator_arm,0.03799999999999999,-0.15549999999999997,4.572364807128906,1.021367073059082,ok,ok
rule_ms-placebo_ms,rule_ms,placebo_ms,42,block_01,RPM,4,shifted,1,1,1,111,2000,numerator_arm_minus_denominator_arm,0.008,-0.0024999999999999467,6.437650144100189,0.3776874542236328,ok,ok
rule_ms-placebo_ms,rule_ms,placebo_ms,42,block_02,Gear,3,canonical,0,0,0,000,2000,numerator_arm_minus_denominator_arm,0.0,0.0,5.494779586791992,21.045669555664062,ok,ok
rule_ms-placebo_ms,rule_ms,placebo_ms,42,block_02,Gear,3,canonical,0,0,1,001,2000,numerator_arm_minus_denominator_arm,0.0,0.0,5.866506576538086,19.508556365966797,ok,ok
rule_ms-placebo_ms,rule_ms,placebo_ms,42,block_02,Gear,3,canonical,0,1,0,010,2000,numerator_arm_minus_denominator_arm,0.0,0.0,5.131237030029297,30.349937438964844,ok,ok
rule_ms-placebo_ms,rule_ms,placebo_ms,42,block_02,Gear,3,canonical,0,1,1,011,2000,numerator_arm_minus_denominator_arm,0.0,0.0,5.588615417480469,27.354148864746094,ok,ok
rule_ms-placebo_ms,rule_ms,placebo_ms,42,block_02,Gear,3,canonical,1,0,0,100,2000,numerator_arm_minus_denominator_arm,0.028500000000000004,-0.0050000000000000044,2.91719126701355,2.6917896270751953,ok,ok
rule_ms-placebo_ms,rule_ms,placebo_ms,42,block_02,Gear,3,canonical,1,0,1,101,2000,numerator_arm_minus_denominator_arm,0.0035,-0.000500000000000056,2.499791145324707,3.802278518676758,ok,ok
rule_ms-placebo_ms,rule_ms,placebo_ms,42,block_02,Gear,3,canonical,1,1,0,110,2000,numerator_arm_minus_denominator_arm,0.1485,-0.007499999999999951,4.942388534545898,1.7260456085205078,ok,ok
rule_ms-placebo_ms,rule_ms,placebo_ms,42,block_02,Gear,3,canonical,1,1,1,111,2000,numerator_arm_minus_denominator_arm,0.08750000000000001,-0.006000000000000005,4.81913685798645,1.7867298126220703,ok,ok
rule_ms-placebo_ms,rule_ms,placebo_ms,42,block_02,Gear,3,shifted,0,0,0,000,2000,numerator_arm_minus_denominator_arm,0.0,0.0,5.469696044921875,21.045352935791016,ok,ok
rule_ms-placebo_ms,rule_ms,placebo_ms,42,block_02,Gear,3,shifted,0,0,1,001,2000,numerator_arm_minus_denominator_arm,0.0,0.0,5.822652816772461,19.510662078857422,ok,ok
rule_ms-placebo_ms,rule_ms,placebo_ms,42,block_02,Gear,3,shifted,0,1,0,010,2000,numerator_arm_minus_denominator_arm,0.0,0.0,5.087730407714844,30.34674835205078,ok,ok
rule_ms-placebo_ms,rule_ms,placebo_ms,42,block_02,Gear,3,shifted,0,1,1,011,2000,numerator_arm_minus_denominator_arm,0.0,0.0,5.523033142089844,27.363815307617188,ok,ok
rule_ms-placebo_ms,rule_ms,placebo_ms,42,block_02,Gear,3,shifted,1,0,0,100,2000,numerator_arm_minus_denominator_arm,0.0295,-0.0050000000000000044,2.9215610027313232,2.711761474609375,ok,ok
rule_ms-placebo_ms,rule_ms,placebo_ms,42,block_02,Gear,3,shifted,1,0,1,101,2000,numerator_arm_minus_denominator_arm,0.0035,-0.000500000000000056,2.5039329528808594,3.821653366088867,ok,ok
rule_ms-placebo_ms,rule_ms,placebo_ms,42,block_02,Gear,3,shifted,1,1,0,110,2000,numerator_arm_minus_denominator_arm,0.151,-0.007499999999999951,4.95569372177124,1.7518253326416016,ok,ok
rule_ms-placebo_ms,rule_ms,placebo_ms,42,block_02,Gear,3,shifted,1,1,1,111,2000,numerator_arm_minus_denominator_arm,0.09000000000000001,-0.00550000000000006,4.831057548522949,1.8079471588134766,ok,ok
rule_ms-placebo_ms,rule_ms,placebo_ms,42,block_02,RPM,4,canonical,0,0,0,000,2000,numerator_arm_minus_denominator_arm,-0.000500000000000056,0.0,10.383790969848633,21.56976318359375,ok,ok
rule_ms-placebo_ms,rule_ms,placebo_ms,42,block_02,RPM,4,canonical,0,0,1,001,2000,numerator_arm_minus_denominator_arm,-0.000500000000000056,0.0,8.568618774414062,12.5208740234375,ok,ok
rule_ms-placebo_ms,rule_ms,placebo_ms,42,block_02,RPM,4,canonical,0,1,0,010,2000,numerator_arm_minus_denominator_arm,-0.000500000000000056,0.0,10.110496520996094,24.585594177246094,ok,ok
rule_ms-placebo_ms,rule_ms,placebo_ms,42,block_02,RPM,4,canonical,0,1,1,011,2000,numerator_arm_minus_denominator_arm,-0.000500000000000056,0.0,9.283405303955078,24.827613830566406,ok,ok
rule_ms-placebo_ms,rule_ms,placebo_ms,42,block_02,RPM,4,canonical,1,0,0,100,2000,numerator_arm_minus_denominator_arm,-0.006500000000000006,-0.21100000000000002,3.5779600143432617,0.0025310516357421875,ok,ok
rule_ms-placebo_ms,rule_ms,placebo_ms,42,block_02,RPM,4,canonical,1,0,1,101,2000,numerator_arm_minus_denominator_arm,-0.0024999999999999996,-0.0040000000000000036,3.14176082611084,0.9714946746826172,ok,ok
rule_ms-placebo_ms,rule_ms,placebo_ms,42,block_02,RPM,4,canonical,1,1,0,110,2000,numerator_arm_minus_denominator_arm,0.018000000000000002,-0.14650000000000007,4.269540786743164,1.0105867385864258,ok,ok
rule_ms-placebo_ms,rule_ms,placebo_ms,42,block_02,RPM,4,canonical,1,1,1,111,2000,numerator_arm_minus_denominator_arm,0.0105,-0.0020000000000000018,6.187214970588684,0.3618659973144531,ok,ok
rule_ms-placebo_ms,rule_ms,placebo_ms,42,block_02,RPM,4,shifted,0,0,0,000,2000,numerator_arm_minus_denominator_arm,-0.000500000000000056,0.0,9.788619995117188,21.253219604492188,ok,ok
rule_ms-placebo_ms,rule_ms,placebo_ms,42,block_02,RPM,4,shifted,0,0,1,001,2000,numerator_arm_minus_denominator_arm,-0.000500000000000056,0.0,8.1671142578125,12.402896881103516,ok,ok
rule_ms-placebo_ms,rule_ms,placebo_ms,42,block_02,RPM,4,shifted,0,1,0,010,2000,numerator_arm_minus_denominator_arm,-0.000500000000000056,0.0,9.575111389160156,24.827896118164062,ok,ok
rule_ms-placebo_ms,rule_ms,placebo_ms,42,block_02,RPM,4,shifted,0,1,1,011,2000,numerator_arm_minus_denominator_arm,-0.000500000000000056,0.0,8.640480041503906,24.72626495361328,ok,ok
rule_ms-placebo_ms,rule_ms,placebo_ms,42,block_02,RPM,4,shifted,1,0,0,100,2000,numerator_arm_minus_denominator_arm,0.0025000000000000022,-0.19399999999999995,3.9266977310180664,0.34195995330810547,ok,ok
rule_ms-placebo_ms,rule_ms,placebo_ms,42,block_02,RPM,4,shifted,1,0,1,101,2000,numerator_arm_minus_denominator_arm,-0.0035,-0.0040000000000000036,3.2083933353424072,1.260183334350586,ok,ok
rule_ms-placebo_ms,rule_ms,placebo_ms,42,block_02,RPM,4,shifted,1,1,0,110,2000,numerator_arm_minus_denominator_arm,0.031,-0.15400000000000003,4.5863165855407715,1.1370563507080078,ok,ok
rule_ms-placebo_ms,rule_ms,placebo_ms,42,block_02,RPM,4,shifted,1,1,1,111,2000,numerator_arm_minus_denominator_arm,0.0115,-0.0014999999999999458,6.405632436275482,0.5071563720703125,ok,ok
rule_ms-placebo_ms,rule_ms,placebo_ms,42,block_03,Gear,3,canonical,0,0,0,000,2000,numerator_arm_minus_denominator_arm,0.0,0.0,5.393259048461914,20.951400756835938,ok,ok
rule_ms-placebo_ms,rule_ms,placebo_ms,42,block_03,Gear,3,canonical,0,0,1,001,2000,numerator_arm_minus_denominator_arm,0.0,0.0,5.748096466064453,19.544593811035156,ok,ok
rule_ms-placebo_ms,rule_ms,placebo_ms,42,block_03,Gear,3,canonical,0,1,0,010,2000,numerator_arm_minus_denominator_arm,0.0,0.0,5.010097503662109,30.60674285888672,ok,ok
rule_ms-placebo_ms,rule_ms,placebo_ms,42,block_03,Gear,3,canonical,0,1,1,011,2000,numerator_arm_minus_denominator_arm,0.0,0.0,5.527851104736328,27.738296508789062,ok,ok
rule_ms-placebo_ms,rule_ms,placebo_ms,42,block_03,Gear,3,canonical,1,0,0,100,2000,numerator_arm_minus_denominator_arm,0.025500000000000002,-0.0045000000000000595,2.815579891204834,2.7820396423339844,ok,ok
rule_ms-placebo_ms,rule_ms,placebo_ms,42,block_03,Gear,3,canonical,1,0,1,101,2000,numerator_arm_minus_denominator_arm,0.007500000000000001,-0.0035000000000000586,2.431244134902954,3.8720664978027344,ok,ok
rule_ms-placebo_ms,rule_ms,placebo_ms,42,block_03,Gear,3,canonical,1,1,0,110,2000,numerator_arm_minus_denominator_arm,0.15,-0.007000000000000006,4.977844715118408,1.5568523406982422,ok,ok
rule_ms-placebo_ms,rule_ms,placebo_ms,42,block_03,Gear,3,canonical,1,1,1,111,2000,numerator_arm_minus_denominator_arm,0.0895,-0.0035000000000000586,4.837409257888794,1.6105117797851562,ok,ok
rule_ms-placebo_ms,rule_ms,placebo_ms,42,block_03,Gear,3,shifted,0,0,0,000,2000,numerator_arm_minus_denominator_arm,0.0,0.0,5.368526458740234,20.95047378540039,ok,ok
rule_ms-placebo_ms,rule_ms,placebo_ms,42,block_03,Gear,3,shifted,0,0,1,001,2000,numerator_arm_minus_denominator_arm,0.0,0.0,5.7080230712890625,19.546344757080078,ok,ok
rule_ms-placebo_ms,rule_ms,placebo_ms,42,block_03,Gear,3,shifted,0,1,0,010,2000,numerator_arm_minus_denominator_arm,0.0,0.0,4.964748382568359,30.603492736816406,ok,ok
rule_ms-placebo_ms,rule_ms,placebo_ms,42,block_03,Gear,3,shifted,0,1,1,011,2000,numerator_arm_minus_denominator_arm,0.0,0.0,5.462818145751953,27.748077392578125,ok,ok
rule_ms-placebo_ms,rule_ms,placebo_ms,42,block_03,Gear,3,shifted,1,0,0,100,2000,numerator_arm_minus_denominator_arm,0.025500000000000002,-0.0045000000000000595,2.8196170330047607,2.8014450073242188,ok,ok
rule_ms-placebo_ms,rule_ms,placebo_ms,42,block_03,Gear,3,shifted,1,0,1,101,2000,numerator_arm_minus_denominator_arm,0.007500000000000001,-0.0035000000000000586,2.435352087020874,3.891328811645508,ok,ok
rule_ms-placebo_ms,rule_ms,placebo_ms,42,block_03,Gear,3,shifted,1,1,0,110,2000,numerator_arm_minus_denominator_arm,0.152,-0.007000000000000006,4.991529941558838,1.5825138092041016,ok,ok
rule_ms-placebo_ms,rule_ms,placebo_ms,42,block_03,Gear,3,shifted,1,1,1,111,2000,numerator_arm_minus_denominator_arm,0.093,-0.0030000000000000027,4.8498005867004395,1.6321392059326172,ok,ok
rule_ms-placebo_ms,rule_ms,placebo_ms,42,block_03,RPM,4,canonical,0,0,0,000,2000,numerator_arm_minus_denominator_arm,0.0,0.0,10.360591888427734,21.448604583740234,ok,ok
rule_ms-placebo_ms,rule_ms,placebo_ms,42,block_03,RPM,4,canonical,0,0,1,001,2000,numerator_arm_minus_denominator_arm,0.0,0.0,8.693075180053711,12.741683959960938,ok,ok
rule_ms-placebo_ms,rule_ms,placebo_ms,42,block_03,RPM,4,canonical,0,1,0,010,2000,numerator_arm_minus_denominator_arm,0.0,0.0,10.106330871582031,24.483352661132812,ok,ok
rule_ms-placebo_ms,rule_ms,placebo_ms,42,block_03,RPM,4,canonical,0,1,1,011,2000,numerator_arm_minus_denominator_arm,0.0,0.0,9.276954650878906,24.920127868652344,ok,ok
rule_ms-placebo_ms,rule_ms,placebo_ms,42,block_03,RPM,4,canonical,1,0,0,100,2000,numerator_arm_minus_denominator_arm,-0.0025000000000000022,-0.22749999999999998,3.5587949752807617,-0.1830883026123047,ok,ok
rule_ms-placebo_ms,rule_ms,placebo_ms,42,block_03,RPM,4,canonical,1,0,1,101,2000,numerator_arm_minus_denominator_arm,-0.001,-0.007499999999999951,3.1411142349243164,0.7855930328369141,ok,ok
rule_ms-placebo_ms,rule_ms,placebo_ms,42,block_03,RPM,4,canonical,1,1,0,110,2000,numerator_arm_minus_denominator_arm,0.02700000000000001,-0.14550000000000007,4.312282562255859,0.851017951965332,ok,ok
rule_ms-placebo_ms,rule_ms,placebo_ms,42,block_03,RPM,4,canonical,1,1,1,111,2000,numerator_arm_minus_denominator_arm,0.006499999999999999,-0.005499999999999949,6.212039411067963,0.10001373291015625,ok,ok
rule_ms-placebo_ms,rule_ms,placebo_ms,42,block_03,RPM,4,shifted,0,0,0,000,2000,numerator_arm_minus_denominator_arm,0.0,0.0,9.778030395507812,21.142616271972656,ok,ok
rule_ms-placebo_ms,rule_ms,placebo_ms,42,block_03,RPM,4,shifted,0,0,1,001,2000,numerator_arm_minus_denominator_arm,0.0,0.0,8.292716979980469,12.629215240478516,ok,ok
rule_ms-placebo_ms,rule_ms,placebo_ms,42,block_03,RPM,4,shifted,0,1,0,010,2000,numerator_arm_minus_denominator_arm,0.0,0.0,9.583045959472656,24.724388122558594,ok,ok
rule_ms-placebo_ms,rule_ms,placebo_ms,42,block_03,RPM,4,shifted,0,1,1,011,2000,numerator_arm_minus_denominator_arm,0.0,0.0,8.634662628173828,24.803985595703125,ok,ok
rule_ms-placebo_ms,rule_ms,placebo_ms,42,block_03,RPM,4,shifted,1,0,0,100,2000,numerator_arm_minus_denominator_arm,0.0049999999999999906,-0.20600000000000002,3.915346145629883,0.16210174560546875,ok,ok
rule_ms-placebo_ms,rule_ms,placebo_ms,42,block_03,RPM,4,shifted,1,0,1,101,2000,numerator_arm_minus_denominator_arm,-0.0015,-0.0050000000000000044,3.2095086574554443,1.0736446380615234,ok,ok
rule_ms-placebo_ms,rule_ms,placebo_ms,42,block_03,RPM,4,shifted,1,1,0,110,2000,numerator_arm_minus_denominator_arm,0.0435,-0.14049999999999996,4.6345930099487305,0.9826192855834961,ok,ok
rule_ms-placebo_ms,rule_ms,placebo_ms,42,block_03,RPM,4,shifted,1,1,1,111,2000,numerator_arm_minus_denominator_arm,0.008499999999999999,-0.0040000000000000036,6.4353033900260925,0.24292564392089844,ok,ok
rule_ms-placebo_ms,rule_ms,placebo_ms,123,block_01,Gear,3,canonical,0,0,0,000,2000,numerator_arm_minus_denominator_arm,0.0,0.0,-6.258140563964844,1.6012191772460938,ok,ok
rule_ms-placebo_ms,rule_ms,placebo_ms,123,block_01,Gear,3,canonical,0,0,1,001,2000,numerator_arm_minus_denominator_arm,0.0,0.0,-5.281892776489258,2.7017745971679688,ok,ok
rule_ms-placebo_ms,rule_ms,placebo_ms,123,block_01,Gear,3,canonical,0,1,0,010,2000,numerator_arm_minus_denominator_arm,0.0,0.0,-2.7585601806640625,15.191886901855469,ok,ok
rule_ms-placebo_ms,rule_ms,placebo_ms,123,block_01,Gear,3,canonical,0,1,1,011,2000,numerator_arm_minus_denominator_arm,0.0,0.0,-2.1449813842773438,16.06072235107422,ok,ok
rule_ms-placebo_ms,rule_ms,placebo_ms,123,block_01,Gear,3,canonical,1,0,0,100,2000,numerator_arm_minus_denominator_arm,0.0009999999999999992,0.0,1.0020685195922852,-0.7431221008300781,ok,ok
rule_ms-placebo_ms,rule_ms,placebo_ms,123,block_01,Gear,3,canonical,1,0,1,101,2000,numerator_arm_minus_denominator_arm,0.0025,0.0,2.492099642753601,-4.15692138671875,ok,ok
rule_ms-placebo_ms,rule_ms,placebo_ms,123,block_01,Gear,3,canonical,1,1,0,110,2000,numerator_arm_minus_denominator_arm,0.2095,0.0,3.7054803371429443,0.6359405517578125,ok,ok
rule_ms-placebo_ms,rule_ms,placebo_ms,123,block_01,Gear,3,canonical,1,1,1,111,2000,numerator_arm_minus_denominator_arm,0.0455,0.0,4.577311396598816,-0.98419189453125,ok,ok
rule_ms-placebo_ms,rule_ms,placebo_ms,123,block_01,Gear,3,shifted,0,0,0,000,2000,numerator_arm_minus_denominator_arm,0.0,0.0,-6.27436637878418,1.599212646484375,ok,ok
rule_ms-placebo_ms,rule_ms,placebo_ms,123,block_01,Gear,3,shifted,0,0,1,001,2000,numerator_arm_minus_denominator_arm,0.0,0.0,-5.301782608032227,2.7014694213867188,ok,ok
rule_ms-placebo_ms,rule_ms,placebo_ms,123,block_01,Gear,3,shifted,0,1,0,010,2000,numerator_arm_minus_denominator_arm,0.0,0.0,-2.8498916625976562,15.214141845703125,ok,ok
rule_ms-placebo_ms,rule_ms,placebo_ms,123,block_01,Gear,3,shifted,0,1,1,011,2000,numerator_arm_minus_denominator_arm,0.0,0.0,-2.2123489379882812,16.08202362060547,ok,ok
rule_ms-placebo_ms,rule_ms,placebo_ms,123,block_01,Gear,3,shifted,1,0,0,100,2000,numerator_arm_minus_denominator_arm,0.0009999999999999992,0.0,0.988481879234314,-0.726226806640625,ok,ok
rule_ms-placebo_ms,rule_ms,placebo_ms,123,block_01,Gear,3,shifted,1,0,1,101,2000,numerator_arm_minus_denominator_arm,0.0025,0.0,2.481374740600586,-4.143337249755859,ok,ok
rule_ms-placebo_ms,rule_ms,placebo_ms,123,block_01,Gear,3,shifted,1,1,0,110,2000,numerator_arm_minus_denominator_arm,0.216,0.0,3.6933512687683105,0.6763839721679688,ok,ok
rule_ms-placebo_ms,rule_ms,placebo_ms,123,block_01,Gear,3,shifted,1,1,1,111,2000,numerator_arm_minus_denominator_arm,0.0465,0.0,4.567494720220566,-0.9609489440917969,ok,ok
rule_ms-placebo_ms,rule_ms,placebo_ms,123,block_01,RPM,4,canonical,0,0,0,000,2000,numerator_arm_minus_denominator_arm,0.0,0.0,2.565296173095703,7.9075164794921875,ok,ok
rule_ms-placebo_ms,rule_ms,placebo_ms,123,block_01,RPM,4,canonical,0,0,1,001,2000,numerator_arm_minus_denominator_arm,0.0,0.0,5.777425765991211,7.449375152587891,ok,ok
rule_ms-placebo_ms,rule_ms,placebo_ms,123,block_01,RPM,4,canonical,0,1,0,010,2000,numerator_arm_minus_denominator_arm,0.0,0.0,2.295207977294922,12.631462097167969,ok,ok
rule_ms-placebo_ms,rule_ms,placebo_ms,123,block_01,RPM,4,canonical,0,1,1,011,2000,numerator_arm_minus_denominator_arm,0.0,0.0,7.897640228271484,20.0291748046875,ok,ok
rule_ms-placebo_ms,rule_ms,placebo_ms,123,block_01,RPM,4,canonical,1,0,0,100,2000,numerator_arm_minus_denominator_arm,0.385,-0.0040000000000000036,5.3214192390441895,-0.8952884674072266,ok,ok
rule_ms-placebo_ms,rule_ms,placebo_ms,123,block_01,RPM,4,canonical,1,0,1,101,2000,numerator_arm_minus_denominator_arm,0.0265,0.0,8.330241203308105,-14.14162826538086,ok,ok
rule_ms-placebo_ms,rule_ms,placebo_ms,123,block_01,RPM,4,canonical,1,1,0,110,2000,numerator_arm_minus_denominator_arm,0.1835,-0.016000000000000014,5.907280921936035,-2.8345584869384766,ok,ok
rule_ms-placebo_ms,rule_ms,placebo_ms,123,block_01,RPM,4,canonical,1,1,1,111,2000,numerator_arm_minus_denominator_arm,0.0045,0.0,9.482542395591736,-15.391338348388672,ok,ok
rule_ms-placebo_ms,rule_ms,placebo_ms,123,block_01,RPM,4,shifted,0,0,0,000,2000,numerator_arm_minus_denominator_arm,0.0,0.0,2.88397216796875,7.928428649902344,ok,ok
rule_ms-placebo_ms,rule_ms,placebo_ms,123,block_01,RPM,4,shifted,0,0,1,001,2000,numerator_arm_minus_denominator_arm,0.0,0.0,5.731893539428711,7.270904541015625,ok,ok
rule_ms-placebo_ms,rule_ms,placebo_ms,123,block_01,RPM,4,shifted,0,1,0,010,2000,numerator_arm_minus_denominator_arm,0.0,0.0,2.2151412963867188,12.568870544433594,ok,ok
rule_ms-placebo_ms,rule_ms,placebo_ms,123,block_01,RPM,4,shifted,0,1,1,011,2000,numerator_arm_minus_denominator_arm,0.0,0.0,7.6340484619140625,19.470428466796875,ok,ok
rule_ms-placebo_ms,rule_ms,placebo_ms,123,block_01,RPM,4,shifted,1,0,0,100,2000,numerator_arm_minus_denominator_arm,0.425,-0.0015000000000000568,5.561964988708496,-0.7601699829101562,ok,ok
rule_ms-placebo_ms,rule_ms,placebo_ms,123,block_01,RPM,4,shifted,1,0,1,101,2000,numerator_arm_minus_denominator_arm,0.03,0.0,8.397569179534912,-14.062019348144531,ok,ok
rule_ms-placebo_ms,rule_ms,placebo_ms,123,block_01,RPM,4,shifted,1,1,0,110,2000,numerator_arm_minus_denominator_arm,0.19949999999999998,-0.012500000000000067,6.204633712768555,-2.7588539123535156,ok,ok
rule_ms-placebo_ms,rule_ms,placebo_ms,123,block_01,RPM,4,shifted,1,1,1,111,2000,numerator_arm_minus_denominator_arm,0.0055,0.0,9.746705055236816,-15.29251480102539,ok,ok
rule_ms-placebo_ms,rule_ms,placebo_ms,123,block_02,Gear,3,canonical,0,0,0,000,2000,numerator_arm_minus_denominator_arm,0.0,0.0,-6.22691535949707,1.5170440673828125,ok,ok
rule_ms-placebo_ms,rule_ms,placebo_ms,123,block_02,Gear,3,canonical,0,0,1,001,2000,numerator_arm_minus_denominator_arm,0.0,0.0,-5.206010818481445,2.5540084838867188,ok,ok
rule_ms-placebo_ms,rule_ms,placebo_ms,123,block_02,Gear,3,canonical,0,1,0,010,2000,numerator_arm_minus_denominator_arm,0.0,0.0,-2.6919174194335938,15.119331359863281,ok,ok
rule_ms-placebo_ms,rule_ms,placebo_ms,123,block_02,Gear,3,canonical,0,1,1,011,2000,numerator_arm_minus_denominator_arm,0.0,0.0,-2.0554351806640625,15.831527709960938,ok,ok
rule_ms-placebo_ms,rule_ms,placebo_ms,123,block_02,Gear,3,canonical,1,0,0,100,2000,numerator_arm_minus_denominator_arm,0.0009999999999999992,0.0,0.9462718367576599,-0.8502044677734375,ok,ok
rule_ms-placebo_ms,rule_ms,placebo_ms,123,block_02,Gear,3,canonical,1,0,1,101,2000,numerator_arm_minus_denominator_arm,0.004,0.0,2.502580761909485,-4.417301177978516,ok,ok
rule_ms-placebo_ms,rule_ms,placebo_ms,123,block_02,Gear,3,canonical,1,1,0,110,2000,numerator_arm_minus_denominator_arm,0.21150000000000002,0.0,3.689516305923462,0.7197952270507812,ok,ok
rule_ms-placebo_ms,rule_ms,placebo_ms,123,block_02,Gear,3,canonical,1,1,1,111,2000,numerator_arm_minus_denominator_arm,0.051,0.0,4.5955031886696815,-0.9742622375488281,ok,ok
rule_ms-placebo_ms,rule_ms,placebo_ms,123,block_02,Gear,3,shifted,0,0,0,000,2000,numerator_arm_minus_denominator_arm,0.0,0.0,-6.244516372680664,1.5147781372070312,ok,ok
rule_ms-placebo_ms,rule_ms,placebo_ms,123,block_02,Gear,3,shifted,0,0,1,001,2000,numerator_arm_minus_denominator_arm,0.0,0.0,-5.226474761962891,2.553386688232422,ok,ok
rule_ms-placebo_ms,rule_ms,placebo_ms,123,block_02,Gear,3,shifted,0,1,0,010,2000,numerator_arm_minus_denominator_arm,0.0,0.0,-2.7886962890625,15.141471862792969,ok,ok
rule_ms-placebo_ms,rule_ms,placebo_ms,123,block_02,Gear,3,shifted,0,1,1,011,2000,numerator_arm_minus_denominator_arm,0.0,0.0,-2.124370574951172,15.853111267089844,ok,ok
rule_ms-placebo_ms,rule_ms,placebo_ms,123,block_02,Gear,3,shifted,1,0,0,100,2000,numerator_arm_minus_denominator_arm,0.0,0.0,0.932622492313385,-0.8332786560058594,ok,ok
rule_ms-placebo_ms,rule_ms,placebo_ms,123,block_02,Gear,3,shifted,1,0,1,101,2000,numerator_arm_minus_denominator_arm,0.004,0.0,2.4917826652526855,-4.403644561767578,ok,ok
rule_ms-placebo_ms,rule_ms,placebo_ms,123,block_02,Gear,3,shifted,1,1,0,110,2000,numerator_arm_minus_denominator_arm,0.21600000000000003,0.0,3.6777219772338867,0.7602958679199219,ok,ok
rule_ms-placebo_ms,rule_ms,placebo_ms,123,block_02,Gear,3,shifted,1,1,1,111,2000,numerator_arm_minus_denominator_arm,0.052,0.0,4.585759870707989,-0.9507408142089844,ok,ok
rule_ms-placebo_ms,rule_ms,placebo_ms,123,block_02,RPM,4,canonical,0,0,0,000,2000,numerator_arm_minus_denominator_arm,0.0010000000000000009,0.0,2.628223419189453,7.868125915527344,ok,ok
rule_ms-placebo_ms,rule_ms,placebo_ms,123,block_02,RPM,4,canonical,0,0,1,001,2000,numerator_arm_minus_denominator_arm,0.0010000000000000009,0.0,5.730335235595703,7.386436462402344,ok,ok
rule_ms-placebo_ms,rule_ms,placebo_ms,123,block_02,RPM,4,canonical,0,1,0,010,2000,numerator_arm_minus_denominator_arm,0.0010000000000000009,0.0,2.276580810546875,12.587226867675781,ok,ok
rule_ms-placebo_ms,rule_ms,placebo_ms,123,block_02,RPM,4,canonical,0,1,1,011,2000,numerator_arm_minus_denominator_arm,0.0010000000000000009,0.0,7.830177307128906,19.756797790527344,ok,ok
rule_ms-placebo_ms,rule_ms,placebo_ms,123,block_02,RPM,4,canonical,1,0,0,100,2000,numerator_arm_minus_denominator_arm,0.38,0.0015000000000000568,5.401617527008057,-1.140289306640625,ok,ok
rule_ms-placebo_ms,rule_ms,placebo_ms,123,block_02,RPM,4,canonical,1,0,1,101,2000,numerator_arm_minus_denominator_arm,0.031,0.0,8.324462652206421,-14.23117446899414,ok,ok
rule_ms-placebo_ms,rule_ms,placebo_ms,123,block_02,RPM,4,canonical,1,1,0,110,2000,numerator_arm_minus_denominator_arm,0.189,-0.01200000000000001,5.974379539489746,-2.970203399658203,ok,ok
rule_ms-placebo_ms,rule_ms,placebo_ms,123,block_02,RPM,4,canonical,1,1,1,111,2000,numerator_arm_minus_denominator_arm,0.0065,0.0,9.463751435279846,-15.69144058227539,ok,ok
rule_ms-placebo_ms,rule_ms,placebo_ms,123,block_02,RPM,4,shifted,0,0,0,000,2000,numerator_arm_minus_denominator_arm,0.0010000000000000009,0.0,2.948627471923828,7.881805419921875,ok,ok
rule_ms-placebo_ms,rule_ms,placebo_ms,123,block_02,RPM,4,shifted,0,0,1,001,2000,numerator_arm_minus_denominator_arm,0.0010000000000000009,0.0,5.691684722900391,7.213050842285156,ok,ok
rule_ms-placebo_ms,rule_ms,placebo_ms,123,block_02,RPM,4,shifted,0,1,0,010,2000,numerator_arm_minus_denominator_arm,0.0010000000000000009,0.0,2.1743240356445312,12.485153198242188,ok,ok
rule_ms-placebo_ms,rule_ms,placebo_ms,123,block_02,RPM,4,shifted,0,1,1,011,2000,numerator_arm_minus_denominator_arm,0.0010000000000000009,0.0,7.573207855224609,19.191078186035156,ok,ok
rule_ms-placebo_ms,rule_ms,placebo_ms,123,block_02,RPM,4,shifted,1,0,0,100,2000,numerator_arm_minus_denominator_arm,0.4175,0.0015000000000000568,5.6315388679504395,-1.0240039825439453,ok,ok
rule_ms-placebo_ms,rule_ms,placebo_ms,123,block_02,RPM,4,shifted,1,0,1,101,2000,numerator_arm_minus_denominator_arm,0.035,0.0,8.384484052658081,-14.14739990234375,ok,ok
rule_ms-placebo_ms,rule_ms,placebo_ms,123,block_02,RPM,4,shifted,1,1,0,110,2000,numerator_arm_minus_denominator_arm,0.208,-0.007499999999999951,6.272969961166382,-2.9002113342285156,ok,ok
rule_ms-placebo_ms,rule_ms,placebo_ms,123,block_02,RPM,4,shifted,1,1,1,111,2000,numerator_arm_minus_denominator_arm,0.0065,0.0,9.725168347358704,-15.585594177246094,ok,ok
rule_ms-placebo_ms,rule_ms,placebo_ms,123,block_03,Gear,3,canonical,0,0,0,000,2000,numerator_arm_minus_denominator_arm,0.0,0.0,-6.254753112792969,1.391693115234375,ok,ok
rule_ms-placebo_ms,rule_ms,placebo_ms,123,block_03,Gear,3,canonical,0,0,1,001,2000,numerator_arm_minus_denominator_arm,0.0,0.0,-5.264583587646484,2.46929931640625,ok,ok
rule_ms-placebo_ms,rule_ms,placebo_ms,123,block_03,Gear,3,canonical,0,1,0,010,2000,numerator_arm_minus_denominator_arm,0.0,0.0,-2.568798065185547,15.303031921386719,ok,ok
rule_ms-placebo_ms,rule_ms,placebo_ms,123,block_03,Gear,3,canonical,0,1,1,011,2000,numerator_arm_minus_denominator_arm,0.0,0.0,-1.9332122802734375,16.268035888671875,ok,ok
rule_ms-placebo_ms,rule_ms,placebo_ms,123,block_03,Gear,3,canonical,1,0,0,100,2000,numerator_arm_minus_denominator_arm,0.0010000000000000009,0.0,0.8758304715156555,-0.9052391052246094,ok,ok
rule_ms-placebo_ms,rule_ms,placebo_ms,123,block_03,Gear,3,canonical,1,0,1,101,2000,numerator_arm_minus_denominator_arm,0.0015,0.0,2.3872941732406616,-4.348155975341797,ok,ok
rule_ms-placebo_ms,rule_ms,placebo_ms,123,block_03,Gear,3,canonical,1,1,0,110,2000,numerator_arm_minus_denominator_arm,0.20750000000000002,0.0,3.680466413497925,0.6075401306152344,ok,ok
rule_ms-placebo_ms,rule_ms,placebo_ms,123,block_03,Gear,3,canonical,1,1,1,111,2000,numerator_arm_minus_denominator_arm,0.043,0.0,4.54279176145792,-1.1650886535644531,ok,ok
rule_ms-placebo_ms,rule_ms,placebo_ms,123,block_03,Gear,3,shifted,0,0,0,000,2000,numerator_arm_minus_denominator_arm,0.0,0.0,-6.271547317504883,1.3897705078125,ok,ok
rule_ms-placebo_ms,rule_ms,placebo_ms,123,block_03,Gear,3,shifted,0,0,1,001,2000,numerator_arm_minus_denominator_arm,0.0,0.0,-5.283294677734375,2.4688186645507812,ok,ok
rule_ms-placebo_ms,rule_ms,placebo_ms,123,block_03,Gear,3,shifted,0,1,0,010,2000,numerator_arm_minus_denominator_arm,0.0,0.0,-2.664043426513672,15.325592041015625,ok,ok
rule_ms-placebo_ms,rule_ms,placebo_ms,123,block_03,Gear,3,shifted,0,1,1,011,2000,numerator_arm_minus_denominator_arm,0.0,0.0,-2.0016326904296875,16.2899169921875,ok,ok
rule_ms-placebo_ms,rule_ms,placebo_ms,123,block_03,Gear,3,shifted,1,0,0,100,2000,numerator_arm_minus_denominator_arm,0.0015000000000000013,0.0,0.8619130849838257,-0.8874969482421875,ok,ok
rule_ms-placebo_ms,rule_ms,placebo_ms,123,block_03,Gear,3,shifted,1,0,1,101,2000,numerator_arm_minus_denominator_arm,0.0015,0.0,2.3763561248779297,-4.334194183349609,ok,ok
rule_ms-placebo_ms,rule_ms,placebo_ms,123,block_03,Gear,3,shifted,1,1,0,110,2000,numerator_arm_minus_denominator_arm,0.21300000000000002,0.0,3.668487548828125,0.6476020812988281,ok,ok
rule_ms-placebo_ms,rule_ms,placebo_ms,123,block_03,Gear,3,shifted,1,1,1,111,2000,numerator_arm_minus_denominator_arm,0.0435,0.0,4.532997250556946,-1.1421890258789062,ok,ok
rule_ms-placebo_ms,rule_ms,placebo_ms,123,block_03,RPM,4,canonical,0,0,0,000,2000,numerator_arm_minus_denominator_arm,0.0,0.0,2.4913291931152344,7.635520935058594,ok,ok
rule_ms-placebo_ms,rule_ms,placebo_ms,123,block_03,RPM,4,canonical,0,0,1,001,2000,numerator_arm_minus_denominator_arm,0.0,0.0,5.682624816894531,7.2382354736328125,ok,ok
rule_ms-placebo_ms,rule_ms,placebo_ms,123,block_03,RPM,4,canonical,0,1,0,010,2000,numerator_arm_minus_denominator_arm,0.0,0.0,2.1552581787109375,12.329635620117188,ok,ok
rule_ms-placebo_ms,rule_ms,placebo_ms,123,block_03,RPM,4,canonical,0,1,1,011,2000,numerator_arm_minus_denominator_arm,0.0,0.0,7.780483245849609,19.744857788085938,ok,ok
rule_ms-placebo_ms,rule_ms,placebo_ms,123,block_03,RPM,4,canonical,1,0,0,100,2000,numerator_arm_minus_denominator_arm,0.378,-0.008500000000000063,5.299983501434326,-1.1531906127929688,ok,ok
rule_ms-placebo_ms,rule_ms,placebo_ms,123,block_03,RPM,4,canonical,1,0,1,101,2000,numerator_arm_minus_denominator_arm,0.0235,0.0,8.244818925857544,-14.161666870117188,ok,ok
rule_ms-placebo_ms,rule_ms,placebo_ms,123,block_03,RPM,4,canonical,1,1,0,110,2000,numerator_arm_minus_denominator_arm,0.189,-0.01200000000000001,5.9310996532440186,-2.8926849365234375,ok,ok
rule_ms-placebo_ms,rule_ms,placebo_ms,123,block_03,RPM,4,canonical,1,1,1,111,2000,numerator_arm_minus_denominator_arm,0.0065,0.0,9.455401301383972,-15.744922637939453,ok,ok
rule_ms-placebo_ms,rule_ms,placebo_ms,123,block_03,RPM,4,shifted,0,0,0,000,2000,numerator_arm_minus_denominator_arm,0.0,0.0,2.8072547912597656,7.64703369140625,ok,ok
rule_ms-placebo_ms,rule_ms,placebo_ms,123,block_03,RPM,4,shifted,0,0,1,001,2000,numerator_arm_minus_denominator_arm,0.0,0.0,5.641815185546875,7.073081970214844,ok,ok
rule_ms-placebo_ms,rule_ms,placebo_ms,123,block_03,RPM,4,shifted,0,1,0,010,2000,numerator_arm_minus_denominator_arm,0.0,0.0,2.0555953979492188,12.235374450683594,ok,ok
rule_ms-placebo_ms,rule_ms,placebo_ms,123,block_03,RPM,4,shifted,0,1,1,011,2000,numerator_arm_minus_denominator_arm,0.0,0.0,7.531177520751953,19.188980102539062,ok,ok
rule_ms-placebo_ms,rule_ms,placebo_ms,123,block_03,RPM,4,shifted,1,0,0,100,2000,numerator_arm_minus_denominator_arm,0.4135,-0.006500000000000061,5.5394511222839355,-1.0320091247558594,ok,ok
rule_ms-placebo_ms,rule_ms,placebo_ms,123,block_03,RPM,4,shifted,1,0,1,101,2000,numerator_arm_minus_denominator_arm,0.0285,0.0,8.304042100906372,-14.084293365478516,ok,ok
rule_ms-placebo_ms,rule_ms,placebo_ms,123,block_03,RPM,4,shifted,1,1,0,110,2000,numerator_arm_minus_denominator_arm,0.209,-0.007499999999999951,6.229132652282715,-2.8200931549072266,ok,ok
rule_ms-placebo_ms,rule_ms,placebo_ms,123,block_03,RPM,4,shifted,1,1,1,111,2000,numerator_arm_minus_denominator_arm,0.0075,0.0,9.715540647506714,-15.643455505371094,ok,ok
rule_ms-placebo_ms,rule_ms,placebo_ms,2026,block_01,Gear,3,canonical,0,0,0,000,2000,numerator_arm_minus_denominator_arm,0.0,0.0,5.742647171020508,2.6396942138671875,ok,ok
rule_ms-placebo_ms,rule_ms,placebo_ms,2026,block_01,Gear,3,canonical,0,0,1,001,2000,numerator_arm_minus_denominator_arm,0.0,0.0,5.383584976196289,0.999359130859375,ok,ok
rule_ms-placebo_ms,rule_ms,placebo_ms,2026,block_01,Gear,3,canonical,0,1,0,010,2000,numerator_arm_minus_denominator_arm,0.0,0.0,7.8461151123046875,1.0585784912109375,ok,ok
rule_ms-placebo_ms,rule_ms,placebo_ms,2026,block_01,Gear,3,canonical,0,1,1,011,2000,numerator_arm_minus_denominator_arm,0.0,0.0,7.668418884277344,2.53887939453125,ok,ok
rule_ms-placebo_ms,rule_ms,placebo_ms,2026,block_01,Gear,3,canonical,1,0,0,100,2000,numerator_arm_minus_denominator_arm,0.028999999999999998,0.0,0.8368186950683594,-8.119453430175781,ok,ok
rule_ms-placebo_ms,rule_ms,placebo_ms,2026,block_01,Gear,3,canonical,1,0,1,101,2000,numerator_arm_minus_denominator_arm,0.0065,0.0,0.7369720935821533,-9.262199401855469,ok,ok
rule_ms-placebo_ms,rule_ms,placebo_ms,2026,block_01,Gear,3,canonical,1,1,0,110,2000,numerator_arm_minus_denominator_arm,-0.04000000000000001,-0.0004999999999999449,-0.6769804954528809,-11.963764190673828,ok,ok
rule_ms-placebo_ms,rule_ms,placebo_ms,2026,block_01,Gear,3,canonical,1,1,1,111,2000,numerator_arm_minus_denominator_arm,-0.005,-0.0004999999999999449,-0.45891809463500977,-12.334712982177734,ok,ok
rule_ms-placebo_ms,rule_ms,placebo_ms,2026,block_01,Gear,3,shifted,0,0,0,000,2000,numerator_arm_minus_denominator_arm,0.0,0.0,5.728202819824219,2.6772689819335938,ok,ok
rule_ms-placebo_ms,rule_ms,placebo_ms,2026,block_01,Gear,3,shifted,0,0,1,001,2000,numerator_arm_minus_denominator_arm,0.0,0.0,5.36735725402832,1.025604248046875,ok,ok
rule_ms-placebo_ms,rule_ms,placebo_ms,2026,block_01,Gear,3,shifted,0,1,0,010,2000,numerator_arm_minus_denominator_arm,0.0,0.0,7.810581207275391,1.131378173828125,ok,ok
rule_ms-placebo_ms,rule_ms,placebo_ms,2026,block_01,Gear,3,shifted,0,1,1,011,2000,numerator_arm_minus_denominator_arm,0.0,0.0,7.624855041503906,2.593719482421875,ok,ok
rule_ms-placebo_ms,rule_ms,placebo_ms,2026,block_01,Gear,3,shifted,1,0,0,100,2000,numerator_arm_minus_denominator_arm,0.0295,0.0,0.8307557106018066,-8.09225845336914,ok,ok
rule_ms-placebo_ms,rule_ms,placebo_ms,2026,block_01,Gear,3,shifted,1,0,1,101,2000,numerator_arm_minus_denominator_arm,0.0065,0.0,0.7305445671081543,-9.243118286132812,ok,ok
rule_ms-placebo_ms,rule_ms,placebo_ms,2026,block_01,Gear,3,shifted,1,1,0,110,2000,numerator_arm_minus_denominator_arm,-0.04000000000000001,-0.0004999999999999449,-0.6915740966796875,-11.94124984741211,ok,ok
rule_ms-placebo_ms,rule_ms,placebo_ms,2026,block_01,Gear,3,shifted,1,1,1,111,2000,numerator_arm_minus_denominator_arm,-0.0055000000000000005,-0.0004999999999999449,-0.4738602638244629,-12.310417175292969,ok,ok
rule_ms-placebo_ms,rule_ms,placebo_ms,2026,block_01,RPM,4,canonical,0,0,0,000,2000,numerator_arm_minus_denominator_arm,0.0,0.0,-0.7953567504882812,-13.448402404785156,ok,ok
rule_ms-placebo_ms,rule_ms,placebo_ms,2026,block_01,RPM,4,canonical,0,0,1,001,2000,numerator_arm_minus_denominator_arm,0.0,0.0,1.6980438232421875,-14.677215576171875,ok,ok
rule_ms-placebo_ms,rule_ms,placebo_ms,2026,block_01,RPM,4,canonical,0,1,0,010,2000,numerator_arm_minus_denominator_arm,0.0,0.0,-3.338031768798828,-22.30805206298828,ok,ok
rule_ms-placebo_ms,rule_ms,placebo_ms,2026,block_01,RPM,4,canonical,0,1,1,011,2000,numerator_arm_minus_denominator_arm,0.0,0.0,-1.3017921447753906,-25.37322998046875,ok,ok
rule_ms-placebo_ms,rule_ms,placebo_ms,2026,block_01,RPM,4,canonical,1,0,0,100,2000,numerator_arm_minus_denominator_arm,-0.07749999999999999,-0.3105,0.2350449562072754,-13.257104873657227,ok,ok
rule_ms-placebo_ms,rule_ms,placebo_ms,2026,block_01,RPM,4,canonical,1,0,1,101,2000,numerator_arm_minus_denominator_arm,0.0,0.0,1.466148853302002,-12.751274108886719,ok,ok
rule_ms-placebo_ms,rule_ms,placebo_ms,2026,block_01,RPM,4,canonical,1,1,0,110,2000,numerator_arm_minus_denominator_arm,-0.0435,-0.3135,0.835536003112793,-13.42052173614502,ok,ok
rule_ms-placebo_ms,rule_ms,placebo_ms,2026,block_01,RPM,4,canonical,1,1,1,111,2000,numerator_arm_minus_denominator_arm,-0.005000000000000001,-0.0010000000000000009,0.4393129348754883,-12.348125457763672,ok,ok
rule_ms-placebo_ms,rule_ms,placebo_ms,2026,block_01,RPM,4,shifted,0,0,0,000,2000,numerator_arm_minus_denominator_arm,0.0,0.0,-1.8432884216308594,-13.82977294921875,ok,ok
rule_ms-placebo_ms,rule_ms,placebo_ms,2026,block_01,RPM,4,shifted,0,0,1,001,2000,numerator_arm_minus_denominator_arm,0.0,0.0,1.3939647674560547,-15.09115219116211,ok,ok
rule_ms-placebo_ms,rule_ms,placebo_ms,2026,block_01,RPM,4,shifted,0,1,0,010,2000,numerator_arm_minus_denominator_arm,0.0,0.0,-4.414337158203125,-22.761642456054688,ok,ok
rule_ms-placebo_ms,rule_ms,placebo_ms,2026,block_01,RPM,4,shifted,0,1,1,011,2000,numerator_arm_minus_denominator_arm,0.0,0.0,-3.008159637451172,-26.126113891601562,ok,ok
rule_ms-placebo_ms,rule_ms,placebo_ms,2026,block_01,RPM,4,shifted,1,0,0,100,2000,numerator_arm_minus_denominator_arm,-0.0785,-0.279,0.3600902557373047,-13.903987884521484,ok,ok
rule_ms-placebo_ms,rule_ms,placebo_ms,2026,block_01,RPM,4,shifted,1,0,1,101,2000,numerator_arm_minus_denominator_arm,0.0,0.0,1.3451759815216064,-13.117362976074219,ok,ok
rule_ms-placebo_ms,rule_ms,placebo_ms,2026,block_01,RPM,4,shifted,1,1,0,110,2000,numerator_arm_minus_denominator_arm,-0.043,-0.3015,0.9084558486938477,-13.919217109680176,ok,ok
rule_ms-placebo_ms,rule_ms,placebo_ms,2026,block_01,RPM,4,shifted,1,1,1,111,2000,numerator_arm_minus_denominator_arm,-0.0035000000000000014,-0.0010000000000000009,0.37899065017700195,-12.549060821533203,ok,ok
rule_ms-placebo_ms,rule_ms,placebo_ms,2026,block_02,Gear,3,canonical,0,0,0,000,2000,numerator_arm_minus_denominator_arm,0.0,0.0,5.781181335449219,2.675140380859375,ok,ok
rule_ms-placebo_ms,rule_ms,placebo_ms,2026,block_02,Gear,3,canonical,0,0,1,001,2000,numerator_arm_minus_denominator_arm,0.0,0.0,5.39262580871582,0.8264541625976562,ok,ok
rule_ms-placebo_ms,rule_ms,placebo_ms,2026,block_02,Gear,3,canonical,0,1,0,010,2000,numerator_arm_minus_denominator_arm,0.0,0.0,7.873088836669922,1.0469818115234375,ok,ok
rule_ms-placebo_ms,rule_ms,placebo_ms,2026,block_02,Gear,3,canonical,0,1,1,011,2000,numerator_arm_minus_denominator_arm,0.0,0.0,7.718299865722656,2.3534393310546875,ok,ok
rule_ms-placebo_ms,rule_ms,placebo_ms,2026,block_02,Gear,3,canonical,1,0,0,100,2000,numerator_arm_minus_denominator_arm,0.023,0.0,0.8605813980102539,-7.983654022216797,ok,ok
rule_ms-placebo_ms,rule_ms,placebo_ms,2026,block_02,Gear,3,canonical,1,0,1,101,2000,numerator_arm_minus_denominator_arm,0.007,0.0,0.7738087177276611,-9.266620635986328,ok,ok
rule_ms-placebo_ms,rule_ms,placebo_ms,2026,block_02,Gear,3,canonical,1,1,0,110,2000,numerator_arm_minus_denominator_arm,-0.0365,0.0,-0.7034130096435547,-12.005424499511719,ok,ok
rule_ms-placebo_ms,rule_ms,placebo_ms,2026,block_02,Gear,3,canonical,1,1,1,111,2000,numerator_arm_minus_denominator_arm,-0.0055,0.0,-0.46190977096557617,-12.218940734863281,ok,ok
rule_ms-placebo_ms,rule_ms,placebo_ms,2026,block_02,Gear,3,shifted,0,0,0,000,2000,numerator_arm_minus_denominator_arm,0.0,0.0,5.76629638671875,2.7129440307617188,ok,ok
rule_ms-placebo_ms,rule_ms,placebo_ms,2026,block_02,Gear,3,shifted,0,0,1,001,2000,numerator_arm_minus_denominator_arm,0.0,0.0,5.375066757202148,0.85296630859375,ok,ok
rule_ms-placebo_ms,rule_ms,placebo_ms,2026,block_02,Gear,3,shifted,0,1,0,010,2000,numerator_arm_minus_denominator_arm,0.0,0.0,7.836437225341797,1.1202392578125,ok,ok
rule_ms-placebo_ms,rule_ms,placebo_ms,2026,block_02,Gear,3,shifted,0,1,1,011,2000,numerator_arm_minus_denominator_arm,0.0,0.0,7.673728942871094,2.408905029296875,ok,ok
rule_ms-placebo_ms,rule_ms,placebo_ms,2026,block_02,Gear,3,shifted,1,0,0,100,2000,numerator_arm_minus_denominator_arm,0.0215,0.0,0.8544416427612305,-7.956386566162109,ok,ok
rule_ms-placebo_ms,rule_ms,placebo_ms,2026,block_02,Gear,3,shifted,1,0,1,101,2000,numerator_arm_minus_denominator_arm,0.007,0.0,0.767404317855835,-9.247451782226562,ok,ok
rule_ms-placebo_ms,rule_ms,placebo_ms,2026,block_02,Gear,3,shifted,1,1,0,110,2000,numerator_arm_minus_denominator_arm,-0.037,0.0,-0.7179179191589355,-11.982711791992188,ok,ok
rule_ms-placebo_ms,rule_ms,placebo_ms,2026,block_02,Gear,3,shifted,1,1,1,111,2000,numerator_arm_minus_denominator_arm,-0.0055,0.0,-0.47670888900756836,-12.194648742675781,ok,ok
rule_ms-placebo_ms,rule_ms,placebo_ms,2026,block_02,RPM,4,canonical,0,0,0,000,2000,numerator_arm_minus_denominator_arm,0.0,0.0,-0.80389404296875,-13.531166076660156,ok,ok
rule_ms-placebo_ms,rule_ms,placebo_ms,2026,block_02,RPM,4,canonical,0,0,1,001,2000,numerator_arm_minus_denominator_arm,0.0,0.0,1.80316162109375,-14.664016723632812,ok,ok
rule_ms-placebo_ms,rule_ms,placebo_ms,2026,block_02,RPM,4,canonical,0,1,0,010,2000,numerator_arm_minus_denominator_arm,0.0,0.0,-3.2933502197265625,-22.001113891601562,ok,ok
rule_ms-placebo_ms,rule_ms,placebo_ms,2026,block_02,RPM,4,canonical,0,1,1,011,2000,numerator_arm_minus_denominator_arm,0.0,0.0,-1.3039131164550781,-25.4781494140625,ok,ok
rule_ms-placebo_ms,rule_ms,placebo_ms,2026,block_02,RPM,4,canonical,1,0,0,100,2000,numerator_arm_minus_denominator_arm,-0.07899999999999999,-0.31100000000000005,0.24045419692993164,-13.373281478881836,ok,ok
rule_ms-placebo_ms,rule_ms,placebo_ms,2026,block_02,RPM,4,canonical,1,0,1,101,2000,numerator_arm_minus_denominator_arm,0.0005,0.0,1.4429352283477783,-12.707489013671875,ok,ok
rule_ms-placebo_ms,rule_ms,placebo_ms,2026,block_02,RPM,4,canonical,1,1,0,110,2000,numerator_arm_minus_denominator_arm,-0.04350000000000001,-0.30100000000000005,0.9343061447143555,-13.613101959228516,ok,ok
rule_ms-placebo_ms,rule_ms,placebo_ms,2026,block_02,RPM,4,canonical,1,1,1,111,2000,numerator_arm_minus_denominator_arm,-0.0045000000000000005,-0.0020000000000000018,0.47246503829956055,-12.360095977783203,ok,ok
rule_ms-placebo_ms,rule_ms,placebo_ms,2026,block_02,RPM,4,shifted,0,0,0,000,2000,numerator_arm_minus_denominator_arm,0.0,0.0,-1.8538284301757812,-13.917640686035156,ok,ok
rule_ms-placebo_ms,rule_ms,placebo_ms,2026,block_02,RPM,4,shifted,0,0,1,001,2000,numerator_arm_minus_denominator_arm,0.0,0.0,1.4959030151367188,-15.077312469482422,ok,ok
rule_ms-placebo_ms,rule_ms,placebo_ms,2026,block_02,RPM,4,shifted,0,1,0,010,2000,numerator_arm_minus_denominator_arm,0.0,0.0,-4.360965728759766,-22.460418701171875,ok,ok
rule_ms-placebo_ms,rule_ms,placebo_ms,2026,block_02,RPM,4,shifted,0,1,1,011,2000,numerator_arm_minus_denominator_arm,0.0,0.0,-3.022289276123047,-26.232498168945312,ok,ok
rule_ms-placebo_ms,rule_ms,placebo_ms,2026,block_02,RPM,4,shifted,1,0,0,100,2000,numerator_arm_minus_denominator_arm,-0.079,-0.2755000000000001,0.36637067794799805,-14.036351203918457,ok,ok
rule_ms-placebo_ms,rule_ms,placebo_ms,2026,block_02,RPM,4,shifted,1,0,1,101,2000,numerator_arm_minus_denominator_arm,0.0005,0.0,1.3187611103057861,-13.07364273071289,ok,ok
rule_ms-placebo_ms,rule_ms,placebo_ms,2026,block_02,RPM,4,shifted,1,1,0,110,2000,numerator_arm_minus_denominator_arm,-0.04400000000000001,-0.28600000000000003,1.0023446083068848,-14.112492561340332,ok,ok
rule_ms-placebo_ms,rule_ms,placebo_ms,2026,block_02,RPM,4,shifted,1,1,1,111,2000,numerator_arm_minus_denominator_arm,-0.003000000000000001,-0.0020000000000000018,0.41324806213378906,-12.562591552734375,ok,ok
rule_ms-placebo_ms,rule_ms,placebo_ms,2026,block_03,Gear,3,canonical,0,0,0,000,2000,numerator_arm_minus_denominator_arm,0.0,0.0,5.730915069580078,2.4206314086914062,ok,ok
rule_ms-placebo_ms,rule_ms,placebo_ms,2026,block_03,Gear,3,canonical,0,0,1,001,2000,numerator_arm_minus_denominator_arm,0.0,0.0,5.384851455688477,0.7675323486328125,ok,ok
rule_ms-placebo_ms,rule_ms,placebo_ms,2026,block_03,Gear,3,canonical,0,1,0,010,2000,numerator_arm_minus_denominator_arm,0.0,0.0,7.900367736816406,1.031494140625,ok,ok
rule_ms-placebo_ms,rule_ms,placebo_ms,2026,block_03,Gear,3,canonical,0,1,1,011,2000,numerator_arm_minus_denominator_arm,0.0,0.0,7.691375732421875,2.2790069580078125,ok,ok
rule_ms-placebo_ms,rule_ms,placebo_ms,2026,block_03,Gear,3,canonical,1,0,0,100,2000,numerator_arm_minus_denominator_arm,0.027500000000000004,0.0,0.7651705741882324,-8.018424987792969,ok,ok
rule_ms-placebo_ms,rule_ms,placebo_ms,2026,block_03,Gear,3,canonical,1,0,1,101,2000,numerator_arm_minus_denominator_arm,0.0125,0.0,0.6814422607421875,-9.261516571044922,ok,ok
rule_ms-placebo_ms,rule_ms,placebo_ms,2026,block_03,Gear,3,canonical,1,1,0,110,2000,numerator_arm_minus_denominator_arm,-0.036500000000000005,0.0,-0.7094588279724121,-12.324153900146484,ok,ok
rule_ms-placebo_ms,rule_ms,placebo_ms,2026,block_03,Gear,3,canonical,1,1,1,111,2000,numerator_arm_minus_denominator_arm,-0.0014999999999999996,0.0,-0.4438667297363281,-12.682357788085938,ok,ok
rule_ms-placebo_ms,rule_ms,placebo_ms,2026,block_03,Gear,3,shifted,0,0,0,000,2000,numerator_arm_minus_denominator_arm,0.0,0.0,5.714569091796875,2.458831787109375,ok,ok
rule_ms-placebo_ms,rule_ms,placebo_ms,2026,block_03,Gear,3,shifted,0,0,1,001,2000,numerator_arm_minus_denominator_arm,0.0,0.0,5.366811752319336,0.7948684692382812,ok,ok
rule_ms-placebo_ms,rule_ms,placebo_ms,2026,block_03,Gear,3,shifted,0,1,0,010,2000,numerator_arm_minus_denominator_arm,0.0,0.0,7.8630828857421875,1.103912353515625,ok,ok
rule_ms-placebo_ms,rule_ms,placebo_ms,2026,block_03,Gear,3,shifted,0,1,1,011,2000,numerator_arm_minus_denominator_arm,0.0,0.0,7.6474151611328125,2.3335037231445312,ok,ok
rule_ms-placebo_ms,rule_ms,placebo_ms,2026,block_03,Gear,3,shifted,1,0,0,100,2000,numerator_arm_minus_denominator_arm,0.026999999999999996,0.0,0.7589850425720215,-7.9910125732421875,ok,ok
rule_ms-placebo_ms,rule_ms,placebo_ms,2026,block_03,Gear,3,shifted,1,0,1,101,2000,numerator_arm_minus_denominator_arm,0.013,0.0,0.6751101016998291,-9.241985321044922,ok,ok
rule_ms-placebo_ms,rule_ms,placebo_ms,2026,block_03,Gear,3,shifted,1,1,0,110,2000,numerator_arm_minus_denominator_arm,-0.036500000000000005,0.0,-0.7241964340209961,-12.301803588867188,ok,ok
rule_ms-placebo_ms,rule_ms,placebo_ms,2026,block_03,Gear,3,shifted,1,1,1,111,2000,numerator_arm_minus_denominator_arm,-0.0014999999999999996,0.0,-0.45879507064819336,-12.657947540283203,ok,ok
rule_ms-placebo_ms,rule_ms,placebo_ms,2026,block_03,RPM,4,canonical,0,0,0,000,2000,numerator_arm_minus_denominator_arm,0.0,0.0,-0.8499794006347656,-13.743293762207031,ok,ok
rule_ms-placebo_ms,rule_ms,placebo_ms,2026,block_03,RPM,4,canonical,0,0,1,001,2000,numerator_arm_minus_denominator_arm,0.0,0.0,1.8244647979736328,-14.75875473022461,ok,ok
rule_ms-placebo_ms,rule_ms,placebo_ms,2026,block_03,RPM,4,canonical,0,1,0,010,2000,numerator_arm_minus_denominator_arm,0.0,0.0,-3.3014297485351562,-22.351943969726562,ok,ok
rule_ms-placebo_ms,rule_ms,placebo_ms,2026,block_03,RPM,4,canonical,0,1,1,011,2000,numerator_arm_minus_denominator_arm,0.0,0.0,-1.2847671508789062,-25.651992797851562,ok,ok
rule_ms-placebo_ms,rule_ms,placebo_ms,2026,block_03,RPM,4,canonical,1,0,0,100,2000,numerator_arm_minus_denominator_arm,-0.07849999999999999,-0.31100000000000005,0.16946840286254883,-13.348196029663086,ok,ok
rule_ms-placebo_ms,rule_ms,placebo_ms,2026,block_03,RPM,4,canonical,1,0,1,101,2000,numerator_arm_minus_denominator_arm,-0.0005,0.0,1.402587890625,-12.932701110839844,ok,ok
rule_ms-placebo_ms,rule_ms,placebo_ms,2026,block_03,RPM,4,canonical,1,1,0,110,2000,numerator_arm_minus_denominator_arm,-0.043,-0.3065,0.8288230895996094,-13.63665771484375,ok,ok
rule_ms-placebo_ms,rule_ms,placebo_ms,2026,block_03,RPM,4,canonical,1,1,1,111,2000,numerator_arm_minus_denominator_arm,-0.0034999999999999996,-0.0004999999999999449,0.4590749740600586,-12.339073181152344,ok,ok
rule_ms-placebo_ms,rule_ms,placebo_ms,2026,block_03,RPM,4,shifted,0,0,0,000,2000,numerator_arm_minus_denominator_arm,0.0,0.0,-1.8870429992675781,-14.127510070800781,ok,ok
rule_ms-placebo_ms,rule_ms,placebo_ms,2026,block_03,RPM,4,shifted,0,0,1,001,2000,numerator_arm_minus_denominator_arm,0.0,0.0,1.5234375,-15.173286437988281,ok,ok
rule_ms-placebo_ms,rule_ms,placebo_ms,2026,block_03,RPM,4,shifted,0,1,0,010,2000,numerator_arm_minus_denominator_arm,0.0,0.0,-4.378536224365234,-22.814376831054688,ok,ok
rule_ms-placebo_ms,rule_ms,placebo_ms,2026,block_03,RPM,4,shifted,0,1,1,011,2000,numerator_arm_minus_denominator_arm,0.0,0.0,-2.996868133544922,-26.416030883789062,ok,ok
rule_ms-placebo_ms,rule_ms,placebo_ms,2026,block_03,RPM,4,shifted,1,0,0,100,2000,numerator_arm_minus_denominator_arm,-0.0815,-0.2755000000000001,0.29872751235961914,-13.998588562011719,ok,ok
rule_ms-placebo_ms,rule_ms,placebo_ms,2026,block_03,RPM,4,shifted,1,0,1,101,2000,numerator_arm_minus_denominator_arm,0.0,0.0,1.2835123538970947,-13.298347473144531,ok,ok
rule_ms-placebo_ms,rule_ms,placebo_ms,2026,block_03,RPM,4,shifted,1,1,0,110,2000,numerator_arm_minus_denominator_arm,-0.046,-0.3075,0.9065737724304199,-14.141736030578613,ok,ok
rule_ms-placebo_ms,rule_ms,placebo_ms,2026,block_03,RPM,4,shifted,1,1,1,111,2000,numerator_arm_minus_denominator_arm,-0.0055,-0.0004999999999999449,0.40016937255859375,-12.540172576904297,ok,ok
rule_ms-placebo_ms,rule_ms,placebo_ms,3407,block_01,Gear,3,canonical,0,0,0,000,2000,numerator_arm_minus_denominator_arm,0.0,0.0,-3.727039337158203,-18.282554626464844,ok,ok
rule_ms-placebo_ms,rule_ms,placebo_ms,3407,block_01,Gear,3,canonical,0,0,1,001,2000,numerator_arm_minus_denominator_arm,0.0,0.0,-3.048887252807617,-15.274826049804688,ok,ok
rule_ms-placebo_ms,rule_ms,placebo_ms,3407,block_01,Gear,3,canonical,0,1,0,010,2000,numerator_arm_minus_denominator_arm,0.0,0.0,-9.674598693847656,-19.28270721435547,ok,ok
rule_ms-placebo_ms,rule_ms,placebo_ms,3407,block_01,Gear,3,canonical,0,1,1,011,2000,numerator_arm_minus_denominator_arm,0.0,0.0,-8.561790466308594,-16.631370544433594,ok,ok
rule_ms-placebo_ms,rule_ms,placebo_ms,3407,block_01,Gear,3,canonical,1,0,0,100,2000,numerator_arm_minus_denominator_arm,0.5005,0.0,2.5687990188598633,-6.742431640625,ok,ok
rule_ms-placebo_ms,rule_ms,placebo_ms,3407,block_01,Gear,3,canonical,1,0,1,101,2000,numerator_arm_minus_denominator_arm,0.388,0.0,2.1330909729003906,-8.358177185058594,ok,ok
rule_ms-placebo_ms,rule_ms,placebo_ms,3407,block_01,Gear,3,canonical,1,1,0,110,2000,numerator_arm_minus_denominator_arm,0.19299999999999995,0.0015000000000000568,0.9396963119506836,-5.203052520751953,ok,ok
rule_ms-placebo_ms,rule_ms,placebo_ms,3407,block_01,Gear,3,canonical,1,1,1,111,2000,numerator_arm_minus_denominator_arm,0.34299999999999997,0.0010000000000000009,1.2883386611938477,-6.932155609130859,ok,ok
rule_ms-placebo_ms,rule_ms,placebo_ms,3407,block_01,Gear,3,shifted,0,0,0,000,2000,numerator_arm_minus_denominator_arm,0.0,0.0,-3.816680908203125,-18.248016357421875,ok,ok
rule_ms-placebo_ms,rule_ms,placebo_ms,3407,block_01,Gear,3,shifted,0,0,1,001,2000,numerator_arm_minus_denominator_arm,0.0,0.0,-3.1133480072021484,-15.2457275390625,ok,ok
rule_ms-placebo_ms,rule_ms,placebo_ms,3407,block_01,Gear,3,shifted,0,1,0,010,2000,numerator_arm_minus_denominator_arm,0.0,0.0,-9.700531005859375,-19.26628875732422,ok,ok
rule_ms-placebo_ms,rule_ms,placebo_ms,3407,block_01,Gear,3,shifted,0,1,1,011,2000,numerator_arm_minus_denominator_arm,0.0,0.0,-8.588096618652344,-16.624183654785156,ok,ok
rule_ms-placebo_ms,rule_ms,placebo_ms,3407,block_01,Gear,3,shifted,1,0,0,100,2000,numerator_arm_minus_denominator_arm,0.502,0.0,2.5695838928222656,-6.704780578613281,ok,ok
rule_ms-placebo_ms,rule_ms,placebo_ms,3407,block_01,Gear,3,shifted,1,0,1,101,2000,numerator_arm_minus_denominator_arm,0.3895,0.0,2.1367459297180176,-8.32418441772461,ok,ok
rule_ms-placebo_ms,rule_ms,placebo_ms,3407,block_01,Gear,3,shifted,1,1,0,110,2000,numerator_arm_minus_denominator_arm,0.1905,0.0015000000000000568,0.9425497055053711,-5.174617767333984,ok,ok
rule_ms-placebo_ms,rule_ms,placebo_ms,3407,block_01,Gear,3,shifted,1,1,1,111,2000,numerator_arm_minus_denominator_arm,0.345,0.0010000000000000009,1.2924728393554688,-6.896949768066406,ok,ok
rule_ms-placebo_ms,rule_ms,placebo_ms,3407,block_01,RPM,4,canonical,0,0,0,000,2000,numerator_arm_minus_denominator_arm,0.0,0.0,8.66994857788086,-8.8740234375,ok,ok
rule_ms-placebo_ms,rule_ms,placebo_ms,3407,block_01,RPM,4,canonical,0,0,1,001,2000,numerator_arm_minus_denominator_arm,0.0,0.0,8.512300491333008,8.438056945800781,ok,ok
rule_ms-placebo_ms,rule_ms,placebo_ms,3407,block_01,RPM,4,canonical,0,1,0,010,2000,numerator_arm_minus_denominator_arm,0.0,0.0,12.400779724121094,-6.613800048828125,ok,ok
rule_ms-placebo_ms,rule_ms,placebo_ms,3407,block_01,RPM,4,canonical,0,1,1,011,2000,numerator_arm_minus_denominator_arm,0.0,0.0,16.025165557861328,5.144828796386719,ok,ok
rule_ms-placebo_ms,rule_ms,placebo_ms,3407,block_01,RPM,4,canonical,1,0,0,100,2000,numerator_arm_minus_denominator_arm,0.24949999999999997,-0.0774999999999999,6.499434947967529,-6.499011993408203,ok,ok
rule_ms-placebo_ms,rule_ms,placebo_ms,3407,block_01,RPM,4,canonical,1,0,1,101,2000,numerator_arm_minus_denominator_arm,0.0185,0.0,6.829974174499512,-10.252933502197266,ok,ok
rule_ms-placebo_ms,rule_ms,placebo_ms,3407,block_01,RPM,4,canonical,1,1,0,110,2000,numerator_arm_minus_denominator_arm,0.1865,-0.14400000000000002,4.366276264190674,-5.800905227661133,ok,ok
rule_ms-placebo_ms,rule_ms,placebo_ms,3407,block_01,RPM,4,canonical,1,1,1,111,2000,numerator_arm_minus_denominator_arm,0.011,0.0,6.81939560174942,-13.528766632080078,ok,ok
rule_ms-placebo_ms,rule_ms,placebo_ms,3407,block_01,RPM,4,shifted,0,0,0,000,2000,numerator_arm_minus_denominator_arm,0.0,0.0,8.672256469726562,-9.65313720703125,ok,ok
rule_ms-placebo_ms,rule_ms,placebo_ms,3407,block_01,RPM,4,shifted,0,0,1,001,2000,numerator_arm_minus_denominator_arm,0.0,0.0,8.339187622070312,7.667015075683594,ok,ok
rule_ms-placebo_ms,rule_ms,placebo_ms,3407,block_01,RPM,4,shifted,0,1,0,010,2000,numerator_arm_minus_denominator_arm,0.0,0.0,12.675201416015625,-6.756248474121094,ok,ok
rule_ms-placebo_ms,rule_ms,placebo_ms,3407,block_01,RPM,4,shifted,0,1,1,011,2000,numerator_arm_minus_denominator_arm,0.0,0.0,16.677818298339844,5.198768615722656,ok,ok
rule_ms-placebo_ms,rule_ms,placebo_ms,3407,block_01,RPM,4,shifted,1,0,0,100,2000,numerator_arm_minus_denominator_arm,0.2725,-0.07050000000000001,6.683105945587158,-6.507236480712891,ok,ok
rule_ms-placebo_ms,rule_ms,placebo_ms,3407,block_01,RPM,4,shifted,1,0,1,101,2000,numerator_arm_minus_denominator_arm,0.018,0.0,6.763860702514648,-10.244873046875,ok,ok
rule_ms-placebo_ms,rule_ms,placebo_ms,3407,block_01,RPM,4,shifted,1,1,0,110,2000,numerator_arm_minus_denominator_arm,0.2005,-0.14100000000000001,4.5813422203063965,-5.91609001159668,ok,ok
rule_ms-placebo_ms,rule_ms,placebo_ms,3407,block_01,RPM,4,shifted,1,1,1,111,2000,numerator_arm_minus_denominator_arm,0.011,0.0,6.905267234891653,-13.726871490478516,ok,ok
rule_ms-placebo_ms,rule_ms,placebo_ms,3407,block_02,Gear,3,canonical,0,0,0,000,2000,numerator_arm_minus_denominator_arm,-0.0010000000000000009,0.0,-3.8440933227539062,-18.554534912109375,ok,ok
rule_ms-placebo_ms,rule_ms,placebo_ms,3407,block_02,Gear,3,canonical,0,0,1,001,2000,numerator_arm_minus_denominator_arm,-0.0010000000000000009,0.0,-3.1507930755615234,-15.583770751953125,ok,ok
rule_ms-placebo_ms,rule_ms,placebo_ms,3407,block_02,Gear,3,canonical,0,1,0,010,2000,numerator_arm_minus_denominator_arm,-0.0010000000000000009,0.0,-9.766883850097656,-19.63445281982422,ok,ok
rule_ms-placebo_ms,rule_ms,placebo_ms,3407,block_02,Gear,3,canonical,0,1,1,011,2000,numerator_arm_minus_denominator_arm,-0.0010000000000000009,0.0,-8.554012298583984,-16.821502685546875,ok,ok
rule_ms-placebo_ms,rule_ms,placebo_ms,3407,block_02,Gear,3,canonical,1,0,0,100,2000,numerator_arm_minus_denominator_arm,0.5135,0.0,2.496922492980957,-6.552757263183594,ok,ok
rule_ms-placebo_ms,rule_ms,placebo_ms,3407,block_02,Gear,3,canonical,1,0,1,101,2000,numerator_arm_minus_denominator_arm,0.3855,0.0,2.092817783355713,-8.281700134277344,ok,ok
rule_ms-placebo_ms,rule_ms,placebo_ms,3407,block_02,Gear,3,canonical,1,1,0,110,2000,numerator_arm_minus_denominator_arm,0.17999999999999994,0.0020000000000000018,0.8427371978759766,-5.212039947509766,ok,ok
rule_ms-placebo_ms,rule_ms,placebo_ms,3407,block_02,Gear,3,canonical,1,1,1,111,2000,numerator_arm_minus_denominator_arm,0.373,0.0,1.2529783248901367,-7.059883117675781,ok,ok
rule_ms-placebo_ms,rule_ms,placebo_ms,3407,block_02,Gear,3,shifted,0,0,0,000,2000,numerator_arm_minus_denominator_arm,-0.0010000000000000009,0.0,-3.9340667724609375,-18.519805908203125,ok,ok
rule_ms-placebo_ms,rule_ms,placebo_ms,3407,block_02,Gear,3,shifted,0,0,1,001,2000,numerator_arm_minus_denominator_arm,-0.0010000000000000009,0.0,-3.2153701782226562,-15.554832458496094,ok,ok
rule_ms-placebo_ms,rule_ms,placebo_ms,3407,block_02,Gear,3,shifted,0,1,0,010,2000,numerator_arm_minus_denominator_arm,-0.0010000000000000009,0.0,-9.792125701904297,-19.618247985839844,ok,ok
rule_ms-placebo_ms,rule_ms,placebo_ms,3407,block_02,Gear,3,shifted,0,1,1,011,2000,numerator_arm_minus_denominator_arm,-0.0010000000000000009,0.0,-8.581127166748047,-16.81403350830078,ok,ok
rule_ms-placebo_ms,rule_ms,placebo_ms,3407,block_02,Gear,3,shifted,1,0,0,100,2000,numerator_arm_minus_denominator_arm,0.512,0.0,2.497380256652832,-6.514701843261719,ok,ok
rule_ms-placebo_ms,rule_ms,placebo_ms,3407,block_02,Gear,3,shifted,1,0,1,101,2000,numerator_arm_minus_denominator_arm,0.3895,0.0,2.0963077545166016,-8.247856140136719,ok,ok
rule_ms-placebo_ms,rule_ms,placebo_ms,3407,block_02,Gear,3,shifted,1,1,0,110,2000,numerator_arm_minus_denominator_arm,0.17799999999999994,0.0020000000000000018,0.8452243804931641,-5.185222625732422,ok,ok
rule_ms-placebo_ms,rule_ms,placebo_ms,3407,block_02,Gear,3,shifted,1,1,1,111,2000,numerator_arm_minus_denominator_arm,0.368,0.0,1.2572002410888672,-7.023082733154297,ok,ok
rule_ms-placebo_ms,rule_ms,placebo_ms,3407,block_02,RPM,4,canonical,0,0,0,000,2000,numerator_arm_minus_denominator_arm,0.0,0.0,8.783012390136719,-8.782096862792969,ok,ok
rule_ms-placebo_ms,rule_ms,placebo_ms,3407,block_02,RPM,4,canonical,0,0,1,001,2000,numerator_arm_minus_denominator_arm,0.0,0.0,8.550336837768555,8.637641906738281,ok,ok
rule_ms-placebo_ms,rule_ms,placebo_ms,3407,block_02,RPM,4,canonical,0,1,0,010,2000,numerator_arm_minus_denominator_arm,0.0,0.0,12.485328674316406,-6.541984558105469,ok,ok
rule_ms-placebo_ms,rule_ms,placebo_ms,3407,block_02,RPM,4,canonical,0,1,1,011,2000,numerator_arm_minus_denominator_arm,0.0,0.0,16.152698516845703,5.342597961425781,ok,ok
rule_ms-placebo_ms,rule_ms,placebo_ms,3407,block_02,RPM,4,canonical,1,0,0,100,2000,numerator_arm_minus_denominator_arm,0.254,-0.07799999999999996,6.450880527496338,-6.455602645874023,ok,ok
rule_ms-placebo_ms,rule_ms,placebo_ms,3407,block_02,RPM,4,canonical,1,0,1,101,2000,numerator_arm_minus_denominator_arm,0.0185,-0.0004999999999999449,6.73216986656189,-10.108562469482422,ok,ok
rule_ms-placebo_ms,rule_ms,placebo_ms,3407,block_02,RPM,4,canonical,1,1,0,110,2000,numerator_arm_minus_denominator_arm,0.18800000000000003,-0.129,4.391895294189453,-5.6494598388671875,ok,ok
rule_ms-placebo_ms,rule_ms,placebo_ms,3407,block_02,RPM,4,canonical,1,1,1,111,2000,numerator_arm_minus_denominator_arm,0.0135,0.0,6.785334870219231,-13.51993179321289,ok,ok
rule_ms-placebo_ms,rule_ms,placebo_ms,3407,block_02,RPM,4,shifted,0,0,0,000,2000,numerator_arm_minus_denominator_arm,0.0,0.0,8.776615142822266,-9.568954467773438,ok,ok
rule_ms-placebo_ms,rule_ms,placebo_ms,3407,block_02,RPM,4,shifted,0,0,1,001,2000,numerator_arm_minus_denominator_arm,0.0,0.0,8.383106231689453,7.8708953857421875,ok,ok
rule_ms-placebo_ms,rule_ms,placebo_ms,3407,block_02,RPM,4,shifted,0,1,0,010,2000,numerator_arm_minus_denominator_arm,0.0,0.0,12.771469116210938,-6.68487548828125,ok,ok
rule_ms-placebo_ms,rule_ms,placebo_ms,3407,block_02,RPM,4,shifted,0,1,1,011,2000,numerator_arm_minus_denominator_arm,0.0,0.0,16.794170379638672,5.3802947998046875,ok,ok
rule_ms-placebo_ms,rule_ms,placebo_ms,3407,block_02,RPM,4,shifted,1,0,0,100,2000,numerator_arm_minus_denominator_arm,0.2735,-0.06700000000000006,6.628559589385986,-6.467571258544922,ok,ok
rule_ms-placebo_ms,rule_ms,placebo_ms,3407,block_02,RPM,4,shifted,1,0,1,101,2000,numerator_arm_minus_denominator_arm,0.019,-0.0004999999999999449,6.663998484611511,-10.095577239990234,ok,ok
rule_ms-placebo_ms,rule_ms,placebo_ms,3407,block_02,RPM,4,shifted,1,1,0,110,2000,numerator_arm_minus_denominator_arm,0.193,-0.131,4.592236042022705,-5.769590377807617,ok,ok
rule_ms-placebo_ms,rule_ms,placebo_ms,3407,block_02,RPM,4,shifted,1,1,1,111,2000,numerator_arm_minus_denominator_arm,0.0115,0.0,6.867296624928713,-13.717716217041016,ok,ok
rule_ms-placebo_ms,rule_ms,placebo_ms,3407,block_03,Gear,3,canonical,0,0,0,000,2000,numerator_arm_minus_denominator_arm,0.0,0.0,-3.677337646484375,-18.315330505371094,ok,ok
rule_ms-placebo_ms,rule_ms,placebo_ms,3407,block_03,Gear,3,canonical,0,0,1,001,2000,numerator_arm_minus_denominator_arm,0.0,0.0,-3.0321826934814453,-15.330528259277344,ok,ok
rule_ms-placebo_ms,rule_ms,placebo_ms,3407,block_03,Gear,3,canonical,0,1,0,010,2000,numerator_arm_minus_denominator_arm,0.0,0.0,-9.703075408935547,-19.267608642578125,ok,ok
rule_ms-placebo_ms,rule_ms,placebo_ms,3407,block_03,Gear,3,canonical,0,1,1,011,2000,numerator_arm_minus_denominator_arm,0.0,0.0,-8.469135284423828,-16.532508850097656,ok,ok
rule_ms-placebo_ms,rule_ms,placebo_ms,3407,block_03,Gear,3,canonical,1,0,0,100,2000,numerator_arm_minus_denominator_arm,0.4985,0.0,2.536044120788574,-6.527351379394531,ok,ok
rule_ms-placebo_ms,rule_ms,placebo_ms,3407,block_03,Gear,3,canonical,1,0,1,101,2000,numerator_arm_minus_denominator_arm,0.3765,0.0,2.1133170127868652,-8.183120727539062,ok,ok
rule_ms-placebo_ms,rule_ms,placebo_ms,3407,block_03,Gear,3,canonical,1,1,0,110,2000,numerator_arm_minus_denominator_arm,0.1865,0.0,0.9660472869873047,-4.9888153076171875,ok,ok
rule_ms-placebo_ms,rule_ms,placebo_ms,3407,block_03,Gear,3,canonical,1,1,1,111,2000,numerator_arm_minus_denominator_arm,0.361,-0.0004999999999999449,1.2758665084838867,-6.791393280029297,ok,ok
rule_ms-placebo_ms,rule_ms,placebo_ms,3407,block_03,Gear,3,shifted,0,0,0,000,2000,numerator_arm_minus_denominator_arm,0.0,0.0,-3.768707275390625,-18.280624389648438,ok,ok
rule_ms-placebo_ms,rule_ms,placebo_ms,3407,block_03,Gear,3,shifted,0,0,1,001,2000,numerator_arm_minus_denominator_arm,0.0,0.0,-3.0987205505371094,-15.302238464355469,ok,ok
rule_ms-placebo_ms,rule_ms,placebo_ms,3407,block_03,Gear,3,shifted,0,1,0,010,2000,numerator_arm_minus_denominator_arm,0.0,0.0,-9.729469299316406,-19.251754760742188,ok,ok
rule_ms-placebo_ms,rule_ms,placebo_ms,3407,block_03,Gear,3,shifted,0,1,1,011,2000,numerator_arm_minus_denominator_arm,0.0,0.0,-8.496692657470703,-16.52564239501953,ok,ok
rule_ms-placebo_ms,rule_ms,placebo_ms,3407,block_03,Gear,3,shifted,1,0,0,100,2000,numerator_arm_minus_denominator_arm,0.5005,0.0,2.536595344543457,-6.490299224853516,ok,ok
rule_ms-placebo_ms,rule_ms,placebo_ms,3407,block_03,Gear,3,shifted,1,0,1,101,2000,numerator_arm_minus_denominator_arm,0.3805,0.0,2.116797924041748,-8.150127410888672,ok,ok
rule_ms-placebo_ms,rule_ms,placebo_ms,3407,block_03,Gear,3,shifted,1,1,0,110,2000,numerator_arm_minus_denominator_arm,0.1825,0.0,0.9687814712524414,-4.960929870605469,ok,ok
rule_ms-placebo_ms,rule_ms,placebo_ms,3407,block_03,Gear,3,shifted,1,1,1,111,2000,numerator_arm_minus_denominator_arm,0.359,-0.0004999999999999449,1.280135154724121,-6.755504608154297,ok,ok
rule_ms-placebo_ms,rule_ms,placebo_ms,3407,block_03,RPM,4,canonical,0,0,0,000,2000,numerator_arm_minus_denominator_arm,0.0,0.0,8.630428314208984,-8.846389770507812,ok,ok
rule_ms-placebo_ms,rule_ms,placebo_ms,3407,block_03,RPM,4,canonical,0,0,1,001,2000,numerator_arm_minus_denominator_arm,0.0,0.0,8.494537353515625,8.549774169921875,ok,ok
rule_ms-placebo_ms,rule_ms,placebo_ms,3407,block_03,RPM,4,canonical,0,1,0,010,2000,numerator_arm_minus_denominator_arm,0.0,0.0,12.264545440673828,-6.741676330566406,ok,ok
rule_ms-placebo_ms,rule_ms,placebo_ms,3407,block_03,RPM,4,canonical,0,1,1,011,2000,numerator_arm_minus_denominator_arm,0.0,0.0,16.013797760009766,5.1812591552734375,ok,ok
rule_ms-placebo_ms,rule_ms,placebo_ms,3407,block_03,RPM,4,canonical,1,0,0,100,2000,numerator_arm_minus_denominator_arm,0.26,-0.07999999999999996,6.464284896850586,-6.403621673583984,ok,ok
rule_ms-placebo_ms,rule_ms,placebo_ms,3407,block_03,RPM,4,canonical,1,0,1,101,2000,numerator_arm_minus_denominator_arm,0.0225,0.0,6.729519605636597,-9.918743133544922,ok,ok
rule_ms-placebo_ms,rule_ms,placebo_ms,3407,block_03,RPM,4,canonical,1,1,0,110,2000,numerator_arm_minus_denominator_arm,0.19000000000000003,-0.11399999999999999,4.19059419631958,-5.609729766845703,ok,ok
rule_ms-placebo_ms,rule_ms,placebo_ms,3407,block_03,RPM,4,canonical,1,1,1,111,2000,numerator_arm_minus_denominator_arm,0.014,0.0,6.746511489152908,-13.448902130126953,ok,ok
rule_ms-placebo_ms,rule_ms,placebo_ms,3407,block_03,RPM,4,shifted,0,0,0,000,2000,numerator_arm_minus_denominator_arm,0.0,0.0,8.626167297363281,-9.621231079101562,ok,ok
rule_ms-placebo_ms,rule_ms,placebo_ms,3407,block_03,RPM,4,shifted,0,0,1,001,2000,numerator_arm_minus_denominator_arm,0.0,0.0,8.324705123901367,7.785133361816406,ok,ok
rule_ms-placebo_ms,rule_ms,placebo_ms,3407,block_03,RPM,4,shifted,0,1,0,010,2000,numerator_arm_minus_denominator_arm,0.0,0.0,12.527671813964844,-6.893928527832031,ok,ok
rule_ms-placebo_ms,rule_ms,placebo_ms,3407,block_03,RPM,4,shifted,0,1,1,011,2000,numerator_arm_minus_denominator_arm,0.0,0.0,16.639148712158203,5.215202331542969,ok,ok
rule_ms-placebo_ms,rule_ms,placebo_ms,3407,block_03,RPM,4,shifted,1,0,0,100,2000,numerator_arm_minus_denominator_arm,0.279,-0.07250000000000001,6.651797771453857,-6.4220428466796875,ok,ok
rule_ms-placebo_ms,rule_ms,placebo_ms,3407,block_03,RPM,4,shifted,1,0,1,101,2000,numerator_arm_minus_denominator_arm,0.021,0.0,6.656947016716003,-9.913795471191406,ok,ok
rule_ms-placebo_ms,rule_ms,placebo_ms,3407,block_03,RPM,4,shifted,1,1,0,110,2000,numerator_arm_minus_denominator_arm,0.19749999999999998,-0.11650000000000005,4.390095233917236,-5.728273391723633,ok,ok
rule_ms-placebo_ms,rule_ms,placebo_ms,3407,block_03,RPM,4,shifted,1,1,1,111,2000,numerator_arm_minus_denominator_arm,0.013,0.0,6.82503554970026,-13.652290344238281,ok,ok
rule_std-real_std,rule_std,real_std,7,block_01,Gear,3,canonical,0,0,0,000,2000,numerator_arm_minus_denominator_arm,0.9965,0.9935,33.42176675796509,71.91765403747559,ok,ok
rule_std-real_std,rule_std,real_std,7,block_01,Gear,3,canonical,0,0,1,001,2000,numerator_arm_minus_denominator_arm,0.999,0.9935,29.066232442855835,63.61354374885559,ok,ok
rule_std-real_std,rule_std,real_std,7,block_01,Gear,3,canonical,0,1,0,010,2000,numerator_arm_minus_denominator_arm,0.982,0.98,44.902803897857666,110.2970769405365,ok,ok
rule_std-real_std,rule_std,real_std,7,block_01,Gear,3,canonical,0,1,1,011,2000,numerator_arm_minus_denominator_arm,0.994,0.9935,40.48563003540039,100.61023414134979,ok,ok
rule_std-real_std,rule_std,real_std,7,block_01,Gear,3,canonical,1,0,0,100,2000,numerator_arm_minus_denominator_arm,0.0275,0.122,2.160384178161621,24.63673496246338,ok,ok
rule_std-real_std,rule_std,real_std,7,block_01,Gear,3,canonical,1,0,1,101,2000,numerator_arm_minus_denominator_arm,0.0035,0.05500000000000005,1.4299452304840088,24.235214233398438,ok,ok
rule_std-real_std,rule_std,real_std,7,block_01,Gear,3,canonical,1,1,0,110,2000,numerator_arm_minus_denominator_arm,0.378,0.6020000000000001,7.501757621765137,31.890034675598145,ok,ok
rule_std-real_std,rule_std,real_std,7,block_01,Gear,3,canonical,1,1,1,111,2000,numerator_arm_minus_denominator_arm,0.1965,0.6950000000000001,6.049924373626709,31.337708473205566,ok,ok
rule_std-real_std,rule_std,real_std,7,block_01,Gear,3,shifted,0,0,0,000,2000,numerator_arm_minus_denominator_arm,0.9965,0.9935,33.519471883773804,71.98582088947296,ok,ok
rule_std-real_std,rule_std,real_std,7,block_01,Gear,3,shifted,0,0,1,001,2000,numerator_arm_minus_denominator_arm,0.999,0.9935,29.173744440078735,63.677761912345886,ok,ok
rule_std-real_std,rule_std,real_std,7,block_01,Gear,3,shifted,0,1,0,010,2000,numerator_arm_minus_denominator_arm,0.982,0.98,45.05205821990967,110.4646646976471,ok,ok
rule_std-real_std,rule_std,real_std,7,block_01,Gear,3,shifted,0,1,1,011,2000,numerator_arm_minus_denominator_arm,0.994,0.9935,40.64418816566467,100.7717432975769,ok,ok
rule_std-real_std,rule_std,real_std,7,block_01,Gear,3,shifted,1,0,0,100,2000,numerator_arm_minus_denominator_arm,0.0275,0.121,2.1849353313446045,24.655617713928223,ok,ok
rule_std-real_std,rule_std,real_std,7,block_01,Gear,3,shifted,1,0,1,101,2000,numerator_arm_minus_denominator_arm,0.0035,0.05500000000000005,1.4527697563171387,24.24891185760498,ok,ok
rule_std-real_std,rule_std,real_std,7,block_01,Gear,3,shifted,1,1,0,110,2000,numerator_arm_minus_denominator_arm,0.385,0.6020000000000001,7.54621148109436,31.971976280212402,ok,ok
rule_std-real_std,rule_std,real_std,7,block_01,Gear,3,shifted,1,1,1,111,2000,numerator_arm_minus_denominator_arm,0.2035,0.6950000000000001,6.088130712509155,31.401387214660645,ok,ok
rule_std-real_std,rule_std,real_std,7,block_01,RPM,4,canonical,0,0,0,000,2000,numerator_arm_minus_denominator_arm,1.0,0.9925,43.7660756111145,74.83926403522491,ok,ok
rule_std-real_std,rule_std,real_std,7,block_01,RPM,4,canonical,0,0,1,001,2000,numerator_arm_minus_denominator_arm,1.0,0.9555,34.45553579926491,49.800596952438354,ok,ok
rule_std-real_std,rule_std,real_std,7,block_01,RPM,4,canonical,0,1,0,010,2000,numerator_arm_minus_denominator_arm,1.0,0.9795,48.41320188343525,88.35681819915771,ok,ok
rule_std-real_std,rule_std,real_std,7,block_01,RPM,4,canonical,0,1,1,011,2000,numerator_arm_minus_denominator_arm,1.0,0.9205,44.898465633392334,79.3430187702179,ok,ok
rule_std-real_std,rule_std,real_std,7,block_01,RPM,4,canonical,1,0,0,100,2000,numerator_arm_minus_denominator_arm,0.027000000000000003,0.4069999999999999,2.439329147338867,14.559243202209473,ok,ok
rule_std-real_std,rule_std,real_std,7,block_01,RPM,4,canonical,1,0,1,101,2000,numerator_arm_minus_denominator_arm,-0.049,0.0020000000000000018,-3.2037349939346313,16.79314613342285,ok,ok
rule_std-real_std,rule_std,real_std,7,block_01,RPM,4,canonical,1,1,0,110,2000,numerator_arm_minus_denominator_arm,0.11350000000000002,0.4565000000000001,4.293636322021484,9.700554370880127,ok,ok
rule_std-real_std,rule_std,real_std,7,block_01,RPM,4,canonical,1,1,1,111,2000,numerator_arm_minus_denominator_arm,-0.0625,0.05850000000000011,0.3359079360961914,14.802591323852539,ok,ok
rule_std-real_std,rule_std,real_std,7,block_01,RPM,4,shifted,0,0,0,000,2000,numerator_arm_minus_denominator_arm,1.0,0.992,42.396400809288025,73.95509874820709,ok,ok
rule_std-real_std,rule_std,real_std,7,block_01,RPM,4,shifted,0,0,1,001,2000,numerator_arm_minus_denominator_arm,1.0,0.958,34.03939211368561,49.461427211761475,ok,ok
rule_std-real_std,rule_std,real_std,7,block_01,RPM,4,shifted,0,1,0,010,2000,numerator_arm_minus_denominator_arm,1.0,0.9795,47.06734649837017,88.48070526123047,ok,ok
rule_std-real_std,rule_std,real_std,7,block_01,RPM,4,shifted,0,1,1,011,2000,numerator_arm_minus_denominator_arm,1.0,0.919,43.836296766996384,79.70338988304138,ok,ok
rule_std-real_std,rule_std,real_std,7,block_01,RPM,4,shifted,1,0,0,100,2000,numerator_arm_minus_denominator_arm,0.037,0.40349999999999997,2.757063388824463,15.065837860107422,ok,ok
rule_std-real_std,rule_std,real_std,7,block_01,RPM,4,shifted,1,0,1,101,2000,numerator_arm_minus_denominator_arm,-0.049,0.0010000000000000009,-2.999227285385132,17.289636611938477,ok,ok
rule_std-real_std,rule_std,real_std,7,block_01,RPM,4,shifted,1,1,0,110,2000,numerator_arm_minus_denominator_arm,0.126,0.47150000000000003,4.520921230316162,10.22822380065918,ok,ok
rule_std-real_std,rule_std,real_std,7,block_01,RPM,4,shifted,1,1,1,111,2000,numerator_arm_minus_denominator_arm,-0.0585,0.057499999999999996,0.37084388732910156,15.365266799926758,ok,ok
rule_std-real_std,rule_std,real_std,7,block_02,Gear,3,canonical,0,0,0,000,2000,numerator_arm_minus_denominator_arm,0.997,0.993,33.54613173007965,72.13002240657806,ok,ok
rule_std-real_std,rule_std,real_std,7,block_02,Gear,3,canonical,0,0,1,001,2000,numerator_arm_minus_denominator_arm,0.9975,0.9945,29.07913362979889,63.64405679702759,ok,ok
rule_std-real_std,rule_std,real_std,7,block_02,Gear,3,canonical,0,1,0,010,2000,numerator_arm_minus_denominator_arm,0.985,0.982,45.17529010772705,110.50503706932068,ok,ok
rule_std-real_std,rule_std,real_std,7,block_02,Gear,3,canonical,0,1,1,011,2000,numerator_arm_minus_denominator_arm,0.995,0.994,40.544053077697754,100.31455707550049,ok,ok
rule_std-real_std,rule_std,real_std,7,block_02,Gear,3,canonical,1,0,0,100,2000,numerator_arm_minus_denominator_arm,0.0345,0.13149999999999995,2.4854931831359863,24.383546829223633,ok,ok
rule_std-real_std,rule_std,real_std,7,block_02,Gear,3,canonical,1,0,1,101,2000,numerator_arm_minus_denominator_arm,0.0065,0.050000000000000044,1.7467530965805054,24.000276565551758,ok,ok
rule_std-real_std,rule_std,real_std,7,block_02,Gear,3,canonical,1,1,0,110,2000,numerator_arm_minus_denominator_arm,0.3765,0.5680000000000001,7.656338214874268,32.2441725730896,ok,ok
rule_std-real_std,rule_std,real_std,7,block_02,Gear,3,canonical,1,1,1,111,2000,numerator_arm_minus_denominator_arm,0.1925,0.6815,6.0649755001068115,31.740296840667725,ok,ok
rule_std-real_std,rule_std,real_std,7,block_02,Gear,3,shifted,0,0,0,000,2000,numerator_arm_minus_denominator_arm,0.997,0.9925,33.64518702030182,72.19774878025055,ok,ok
rule_std-real_std,rule_std,real_std,7,block_02,Gear,3,shifted,0,0,1,001,2000,numerator_arm_minus_denominator_arm,0.9975,0.9945,29.186052560806274,63.70718824863434,ok,ok
rule_std-real_std,rule_std,real_std,7,block_02,Gear,3,shifted,0,1,0,010,2000,numerator_arm_minus_denominator_arm,0.985,0.982,45.32203817367554,110.67290186882019,ok,ok
rule_std-real_std,rule_std,real_std,7,block_02,Gear,3,shifted,0,1,1,011,2000,numerator_arm_minus_denominator_arm,0.995,0.994,40.70444059371948,100.47625470161438,ok,ok
rule_std-real_std,rule_std,real_std,7,block_02,Gear,3,shifted,1,0,0,100,2000,numerator_arm_minus_denominator_arm,0.035,0.13149999999999995,2.510291337966919,24.403522491455078,ok,ok
rule_std-real_std,rule_std,real_std,7,block_02,Gear,3,shifted,1,0,1,101,2000,numerator_arm_minus_denominator_arm,0.0065,0.049000000000000044,1.7697137594223022,24.0143985748291,ok,ok
rule_std-real_std,rule_std,real_std,7,block_02,Gear,3,shifted,1,1,0,110,2000,numerator_arm_minus_denominator_arm,0.381,0.5680000000000001,7.701263666152954,32.32592725753784,ok,ok
rule_std-real_std,rule_std,real_std,7,block_02,Gear,3,shifted,1,1,1,111,2000,numerator_arm_minus_denominator_arm,0.1965,0.6815,6.103426456451416,31.803349018096924,ok,ok
rule_std-real_std,rule_std,real_std,7,block_02,RPM,4,canonical,0,0,0,000,2000,numerator_arm_minus_denominator_arm,1.0,0.9925,43.778361558914185,75.03421902656555,ok,ok
rule_std-real_std,rule_std,real_std,7,block_02,RPM,4,canonical,0,0,1,001,2000,numerator_arm_minus_denominator_arm,1.0,0.961,34.63247507810593,50.20123052597046,ok,ok
rule_std-real_std,rule_std,real_std,7,block_02,RPM,4,canonical,0,1,0,010,2000,numerator_arm_minus_denominator_arm,1.0,0.9795,48.56143981590867,88.54928803443909,ok,ok
rule_std-real_std,rule_std,real_std,7,block_02,RPM,4,canonical,0,1,1,011,2000,numerator_arm_minus_denominator_arm,1.0,0.927,45.01039245724678,79.40461111068726,ok,ok
rule_std-real_std,rule_std,real_std,7,block_02,RPM,4,canonical,1,0,0,100,2000,numerator_arm_minus_denominator_arm,0.044500000000000005,0.40449999999999997,2.553293228149414,14.669597625732422,ok,ok
rule_std-real_std,rule_std,real_std,7,block_02,RPM,4,canonical,1,0,1,101,2000,numerator_arm_minus_denominator_arm,-0.056,0.005499999999999949,-3.1254231929779053,16.714515686035156,ok,ok
rule_std-real_std,rule_std,real_std,7,block_02,RPM,4,canonical,1,1,0,110,2000,numerator_arm_minus_denominator_arm,0.10500000000000001,0.45699999999999996,4.272604942321777,9.87490701675415,ok,ok
rule_std-real_std,rule_std,real_std,7,block_02,RPM,4,canonical,1,1,1,111,2000,numerator_arm_minus_denominator_arm,-0.082,0.055499999999999994,0.5002927780151367,14.745489120483398,ok,ok
rule_std-real_std,rule_std,real_std,7,block_02,RPM,4,shifted,0,0,0,000,2000,numerator_arm_minus_denominator_arm,1.0,0.991,42.37920892238617,74.12403678894043,ok,ok
rule_std-real_std,rule_std,real_std,7,block_02,RPM,4,shifted,0,0,1,001,2000,numerator_arm_minus_denominator_arm,1.0,0.9605,34.20504465699196,49.851478576660156,ok,ok
rule_std-real_std,rule_std,real_std,7,block_02,RPM,4,shifted,0,1,0,010,2000,numerator_arm_minus_denominator_arm,0.9995,0.979,47.208383694291115,88.66827535629272,ok,ok
rule_std-real_std,rule_std,real_std,7,block_02,RPM,4,shifted,0,1,1,011,2000,numerator_arm_minus_denominator_arm,1.0,0.926,43.93703034520149,79.76416397094727,ok,ok
rule_std-real_std,rule_std,real_std,7,block_02,RPM,4,shifted,1,0,0,100,2000,numerator_arm_minus_denominator_arm,0.057,0.39549999999999996,2.865804672241211,15.193154335021973,ok,ok
rule_std-real_std,rule_std,real_std,7,block_02,RPM,4,shifted,1,0,1,101,2000,numerator_arm_minus_denominator_arm,-0.0535,0.005499999999999949,-2.9228508472442627,17.21587371826172,ok,ok
rule_std-real_std,rule_std,real_std,7,block_02,RPM,4,shifted,1,1,0,110,2000,numerator_arm_minus_denominator_arm,0.123,0.4765,4.493428707122803,10.406643867492676,ok,ok
rule_std-real_std,rule_std,real_std,7,block_02,RPM,4,shifted,1,1,1,111,2000,numerator_arm_minus_denominator_arm,-0.0835,0.055500000000000105,0.5342288017272949,15.309104919433594,ok,ok
rule_std-real_std,rule_std,real_std,7,block_03,Gear,3,canonical,0,0,0,000,2000,numerator_arm_minus_denominator_arm,0.997,0.992,33.28459179401398,71.83961951732635,ok,ok
rule_std-real_std,rule_std,real_std,7,block_03,Gear,3,canonical,0,0,1,001,2000,numerator_arm_minus_denominator_arm,0.9975,0.9925,28.92892813682556,63.65178728103638,ok,ok
rule_std-real_std,rule_std,real_std,7,block_03,Gear,3,canonical,0,1,0,010,2000,numerator_arm_minus_denominator_arm,0.9855,0.9845,44.87702441215515,110.42587399482727,ok,ok
rule_std-real_std,rule_std,real_std,7,block_03,Gear,3,canonical,0,1,1,011,2000,numerator_arm_minus_denominator_arm,0.996,0.996,40.35385346412659,100.47365021705627,ok,ok
rule_std-real_std,rule_std,real_std,7,block_03,Gear,3,canonical,1,0,0,100,2000,numerator_arm_minus_denominator_arm,0.0255,0.11750000000000005,2.297203302383423,24.642074584960938,ok,ok
rule_std-real_std,rule_std,real_std,7,block_03,Gear,3,canonical,1,0,1,101,2000,numerator_arm_minus_denominator_arm,0.003,0.05449999999999999,1.5522160530090332,24.538501739501953,ok,ok
rule_std-real_std,rule_std,real_std,7,block_03,Gear,3,canonical,1,1,0,110,2000,numerator_arm_minus_denominator_arm,0.378,0.6114999999999999,7.562076091766357,31.903687000274658,ok,ok
rule_std-real_std,rule_std,real_std,7,block_03,Gear,3,canonical,1,1,1,111,2000,numerator_arm_minus_denominator_arm,0.199,0.7304999999999999,6.104964256286621,31.39171838760376,ok,ok
rule_std-real_std,rule_std,real_std,7,block_03,Gear,3,shifted,0,0,0,000,2000,numerator_arm_minus_denominator_arm,0.997,0.992,33.384305000305176,71.90738844871521,ok,ok
rule_std-real_std,rule_std,real_std,7,block_03,Gear,3,shifted,0,0,1,001,2000,numerator_arm_minus_denominator_arm,0.9975,0.9925,29.03590428829193,63.71522235870361,ok,ok
rule_std-real_std,rule_std,real_std,7,block_03,Gear,3,shifted,0,1,0,010,2000,numerator_arm_minus_denominator_arm,0.9855,0.9845,45.02999758720398,110.5933210849762,ok,ok
rule_std-real_std,rule_std,real_std,7,block_03,Gear,3,shifted,0,1,1,011,2000,numerator_arm_minus_denominator_arm,0.996,0.996,40.51857256889343,100.63478982448578,ok,ok
rule_std-real_std,rule_std,real_std,7,block_03,Gear,3,shifted,1,0,0,100,2000,numerator_arm_minus_denominator_arm,0.0255,0.11750000000000005,2.3218395709991455,24.66114330291748,ok,ok
rule_std-real_std,rule_std,real_std,7,block_03,Gear,3,shifted,1,0,1,101,2000,numerator_arm_minus_denominator_arm,0.003,0.05449999999999999,1.575304388999939,24.55182456970215,ok,ok
rule_std-real_std,rule_std,real_std,7,block_03,Gear,3,shifted,1,1,0,110,2000,numerator_arm_minus_denominator_arm,0.383,0.6114999999999999,7.606527805328369,31.98517608642578,ok,ok
rule_std-real_std,rule_std,real_std,7,block_03,Gear,3,shifted,1,1,1,111,2000,numerator_arm_minus_denominator_arm,0.2035,0.7304999999999999,6.143211364746094,31.45504140853882,ok,ok
rule_std-real_std,rule_std,real_std,7,block_03,RPM,4,canonical,0,0,0,000,2000,numerator_arm_minus_denominator_arm,1.0,0.993,43.79121935367584,75.09143877029419,ok,ok
rule_std-real_std,rule_std,real_std,7,block_03,RPM,4,canonical,0,0,1,001,2000,numerator_arm_minus_denominator_arm,1.0,0.954,34.64824742078781,50.27396583557129,ok,ok
rule_std-real_std,rule_std,real_std,7,block_03,RPM,4,canonical,0,1,0,010,2000,numerator_arm_minus_denominator_arm,1.0,0.976,48.496486611664295,88.62362766265869,ok,ok
rule_std-real_std,rule_std,real_std,7,block_03,RPM,4,canonical,0,1,1,011,2000,numerator_arm_minus_denominator_arm,1.0,0.9235,45.01844581961632,79.59633684158325,ok,ok
rule_std-real_std,rule_std,real_std,7,block_03,RPM,4,canonical,1,0,0,100,2000,numerator_arm_minus_denominator_arm,0.052500000000000005,0.4145,2.5788044929504395,14.838735580444336,ok,ok
rule_std-real_std,rule_std,real_std,7,block_03,RPM,4,canonical,1,0,1,101,2000,numerator_arm_minus_denominator_arm,-0.0515,0.0050000000000000044,-3.1450164318084717,17.10858154296875,ok,ok
rule_std-real_std,rule_std,real_std,7,block_03,RPM,4,canonical,1,1,0,110,2000,numerator_arm_minus_denominator_arm,0.10650000000000001,0.4525,4.409220218658447,10.073211669921875,ok,ok
rule_std-real_std,rule_std,real_std,7,block_03,RPM,4,canonical,1,1,1,111,2000,numerator_arm_minus_denominator_arm,-0.073,0.05600000000000005,0.4635453224182129,14.981874465942383,ok,ok
rule_std-real_std,rule_std,real_std,7,block_03,RPM,4,shifted,0,0,0,000,2000,numerator_arm_minus_denominator_arm,1.0,0.993,42.42664647102356,74.21721112728119,ok,ok
rule_std-real_std,rule_std,real_std,7,block_03,RPM,4,shifted,0,0,1,001,2000,numerator_arm_minus_denominator_arm,1.0,0.9565,34.223158329725266,49.9426965713501,ok,ok
rule_std-real_std,rule_std,real_std,7,block_03,RPM,4,shifted,0,1,0,010,2000,numerator_arm_minus_denominator_arm,1.0,0.9755,47.163227662444115,88.75263953208923,ok,ok
rule_std-real_std,rule_std,real_std,7,block_03,RPM,4,shifted,0,1,1,011,2000,numerator_arm_minus_denominator_arm,1.0,0.92,43.957443952560425,79.95407772064209,ok,ok
rule_std-real_std,rule_std,real_std,7,block_03,RPM,4,shifted,1,0,0,100,2000,numerator_arm_minus_denominator_arm,0.063,0.41300000000000003,2.894853115081787,15.370221138000488,ok,ok
rule_std-real_std,rule_std,real_std,7,block_03,RPM,4,shifted,1,0,1,101,2000,numerator_arm_minus_denominator_arm,-0.0505,0.0044999999999999485,-2.9438416957855225,17.61261558532715,ok,ok
rule_std-real_std,rule_std,real_std,7,block_03,RPM,4,shifted,1,1,0,110,2000,numerator_arm_minus_denominator_arm,0.121,0.46449999999999997,4.642488479614258,10.624916553497314,ok,ok
rule_std-real_std,rule_std,real_std,7,block_03,RPM,4,shifted,1,1,1,111,2000,numerator_arm_minus_denominator_arm,-0.06949999999999999,0.054500000000000104,0.5003232955932617,15.554061889648438,ok,ok
rule_std-real_std,rule_std,real_std,42,block_01,Gear,3,canonical,0,0,0,000,2000,numerator_arm_minus_denominator_arm,1.0,0.9905,31.512879729270935,63.2310835365206,ok,ok
rule_std-real_std,rule_std,real_std,42,block_01,Gear,3,canonical,0,0,1,001,2000,numerator_arm_minus_denominator_arm,1.0,0.9955,28.90489363670349,58.03028702735901,ok,ok
rule_std-real_std,rule_std,real_std,42,block_01,Gear,3,canonical,0,1,0,010,2000,numerator_arm_minus_denominator_arm,1.0,0.9985,43.803861021995544,105.71171313524246,ok,ok
rule_std-real_std,rule_std,real_std,42,block_01,Gear,3,canonical,0,1,1,011,2000,numerator_arm_minus_denominator_arm,1.0,0.9985,39.074194490909576,94.13752830028534,ok,ok
rule_std-real_std,rule_std,real_std,42,block_01,Gear,3,canonical,1,0,0,100,2000,numerator_arm_minus_denominator_arm,0.0045,0.03649999999999998,1.8578492105007172,5.146063804626465,ok,ok
rule_std-real_std,rule_std,real_std,42,block_01,Gear,3,canonical,1,0,1,101,2000,numerator_arm_minus_denominator_arm,0.0,0.06500000000000006,0.3375062569975853,8.517521858215332,ok,ok
rule_std-real_std,rule_std,real_std,42,block_01,Gear,3,canonical,1,1,0,110,2000,numerator_arm_minus_denominator_arm,0.0075,0.08099999999999996,2.7995386719703674,13.039875030517578,ok,ok
rule_std-real_std,rule_std,real_std,42,block_01,Gear,3,canonical,1,1,1,111,2000,numerator_arm_minus_denominator_arm,0.0025,0.10050000000000003,1.5277891755104065,15.950106620788574,ok,ok
rule_std-real_std,rule_std,real_std,42,block_01,Gear,3,shifted,0,0,0,000,2000,numerator_arm_minus_denominator_arm,1.0,0.9905,31.550231456756592,63.29510576929897,ok,ok
rule_std-real_std,rule_std,real_std,42,block_01,Gear,3,shifted,0,0,1,001,2000,numerator_arm_minus_denominator_arm,1.0,0.9955,28.95387065410614,58.090909004211426,ok,ok
rule_std-real_std,rule_std,real_std,42,block_01,Gear,3,shifted,0,1,0,010,2000,numerator_arm_minus_denominator_arm,1.0,0.9985,43.918777763843536,105.8798503279686,ok,ok
rule_std-real_std,rule_std,real_std,42,block_01,Gear,3,shifted,0,1,1,011,2000,numerator_arm_minus_denominator_arm,1.0,0.9985,39.206571996212006,94.28761744499207,ok,ok
rule_std-real_std,rule_std,real_std,42,block_01,Gear,3,shifted,1,0,0,100,2000,numerator_arm_minus_denominator_arm,0.0045,0.03649999999999998,1.8677356839179993,5.133143424987793,ok,ok
rule_std-real_std,rule_std,real_std,42,block_01,Gear,3,shifted,1,0,1,101,2000,numerator_arm_minus_denominator_arm,0.0,0.06499999999999995,0.3474583327770233,8.504809379577637,ok,ok
rule_std-real_std,rule_std,real_std,42,block_01,Gear,3,shifted,1,1,0,110,2000,numerator_arm_minus_denominator_arm,0.0075,0.07850000000000001,2.8217893242836,13.046736717224121,ok,ok
rule_std-real_std,rule_std,real_std,42,block_01,Gear,3,shifted,1,1,1,111,2000,numerator_arm_minus_denominator_arm,0.0025,0.09900000000000009,1.54855078458786,15.954381942749023,ok,ok
rule_std-real_std,rule_std,real_std,42,block_01,RPM,4,canonical,0,0,0,000,2000,numerator_arm_minus_denominator_arm,1.0,0.997,37.62801742553711,69.89185255765915,ok,ok
rule_std-real_std,rule_std,real_std,42,block_01,RPM,4,canonical,0,0,1,001,2000,numerator_arm_minus_denominator_arm,1.0,0.9185,29.002556204795837,46.14148831367493,ok,ok
rule_std-real_std,rule_std,real_std,42,block_01,RPM,4,canonical,0,1,0,010,2000,numerator_arm_minus_denominator_arm,1.0,0.998,42.15613389015198,84.7621386051178,ok,ok
rule_std-real_std,rule_std,real_std,42,block_01,RPM,4,canonical,0,1,1,011,2000,numerator_arm_minus_denominator_arm,1.0,0.997,40.49506759643555,81.78374427556992,ok,ok
rule_std-real_std,rule_std,real_std,42,block_01,RPM,4,canonical,1,0,0,100,2000,numerator_arm_minus_denominator_arm,0.0825,0.5549999999999999,3.202571392059326,9.886458396911621,ok,ok
rule_std-real_std,rule_std,real_std,42,block_01,RPM,4,canonical,1,0,1,101,2000,numerator_arm_minus_denominator_arm,-0.042499999999999996,0.0050000000000000044,-1.3782930374145508,8.343259811401367,ok,ok
rule_std-real_std,rule_std,real_std,42,block_01,RPM,4,canonical,1,1,0,110,2000,numerator_arm_minus_denominator_arm,0.0515,0.438,2.6168065071105957,8.121869564056396,ok,ok
rule_std-real_std,rule_std,real_std,42,block_01,RPM,4,canonical,1,1,1,111,2000,numerator_arm_minus_denominator_arm,-0.0405,0.011499999999999955,-2.471575915813446,14.18195915222168,ok,ok
rule_std-real_std,rule_std,real_std,42,block_01,RPM,4,shifted,0,0,0,000,2000,numerator_arm_minus_denominator_arm,1.0,0.997,36.24909687042236,68.35393604636192,ok,ok
rule_std-real_std,rule_std,real_std,42,block_01,RPM,4,shifted,0,0,1,001,2000,numerator_arm_minus_denominator_arm,1.0,0.917,27.87685215473175,44.84279417991638,ok,ok
rule_std-real_std,rule_std,real_std,42,block_01,RPM,4,shifted,0,1,0,010,2000,numerator_arm_minus_denominator_arm,1.0,0.9975,40.89648485183716,84.62753283977509,ok,ok
rule_std-real_std,rule_std,real_std,42,block_01,RPM,4,shifted,0,1,1,011,2000,numerator_arm_minus_denominator_arm,1.0,0.997,38.91592359542847,81.51671183109283,ok,ok
rule_std-real_std,rule_std,real_std,42,block_01,RPM,4,shifted,1,0,0,100,2000,numerator_arm_minus_denominator_arm,0.1015,0.565,3.482187032699585,10.26801061630249,ok,ok
rule_std-real_std,rule_std,real_std,42,block_01,RPM,4,shifted,1,0,1,101,2000,numerator_arm_minus_denominator_arm,-0.038,0.0050000000000000044,-1.1405863761901855,8.436893463134766,ok,ok
rule_std-real_std,rule_std,real_std,42,block_01,RPM,4,shifted,1,1,0,110,2000,numerator_arm_minus_denominator_arm,0.05500000000000001,0.44399999999999995,2.7458393573760986,8.30632996559143,ok,ok
rule_std-real_std,rule_std,real_std,42,block_01,RPM,4,shifted,1,1,1,111,2000,numerator_arm_minus_denominator_arm,-0.0375,0.010499999999999954,-2.3215233087539673,14.25904655456543,ok,ok
rule_std-real_std,rule_std,real_std,42,block_02,Gear,3,canonical,0,0,0,000,2000,numerator_arm_minus_denominator_arm,0.999,0.9905,31.508745789527893,63.204250045120716,ok,ok
rule_std-real_std,rule_std,real_std,42,block_02,Gear,3,canonical,0,0,1,001,2000,numerator_arm_minus_denominator_arm,0.999,0.9965,28.841238617897034,57.731676399707794,ok,ok
rule_std-real_std,rule_std,real_std,42,block_02,Gear,3,canonical,0,1,0,010,2000,numerator_arm_minus_denominator_arm,0.999,0.9965,43.92871934175491,105.73733627796173,ok,ok
rule_std-real_std,rule_std,real_std,42,block_02,Gear,3,canonical,0,1,1,011,2000,numerator_arm_minus_denominator_arm,0.999,0.998,39.033096730709076,93.83723556995392,ok,ok
rule_std-real_std,rule_std,real_std,42,block_02,Gear,3,canonical,1,0,0,100,2000,numerator_arm_minus_denominator_arm,0.004,0.03249999999999997,1.9802115559577942,4.781304359436035,ok,ok
rule_std-real_std,rule_std,real_std,42,block_02,Gear,3,canonical,1,0,1,101,2000,numerator_arm_minus_denominator_arm,0.0005,0.07050000000000001,0.4627094566822052,8.235549926757812,ok,ok
rule_std-real_std,rule_std,real_std,42,block_02,Gear,3,canonical,1,1,0,110,2000,numerator_arm_minus_denominator_arm,0.009,0.08100000000000007,2.890164613723755,13.118566513061523,ok,ok
rule_std-real_std,rule_std,real_std,42,block_02,Gear,3,canonical,1,1,1,111,2000,numerator_arm_minus_denominator_arm,0.0005,0.122,1.5377588868141174,16.133967399597168,ok,ok
rule_std-real_std,rule_std,real_std,42,block_02,Gear,3,shifted,0,0,0,000,2000,numerator_arm_minus_denominator_arm,0.999,0.9905,31.546079874038696,63.26772040128708,ok,ok
rule_std-real_std,rule_std,real_std,42,block_02,Gear,3,shifted,0,0,1,001,2000,numerator_arm_minus_denominator_arm,0.999,0.9965,28.889129996299744,57.79160463809967,ok,ok
rule_std-real_std,rule_std,real_std,42,block_02,Gear,3,shifted,0,1,0,010,2000,numerator_arm_minus_denominator_arm,0.999,0.9965,44.04077696800232,105.90576946735382,ok,ok
rule_std-real_std,rule_std,real_std,42,block_02,Gear,3,shifted,0,1,1,011,2000,numerator_arm_minus_denominator_arm,0.999,0.998,39.16811662912369,93.98750114440918,ok,ok
rule_std-real_std,rule_std,real_std,42,block_02,Gear,3,shifted,1,0,0,100,2000,numerator_arm_minus_denominator_arm,0.004,0.03049999999999997,1.9902419745922089,4.7680206298828125,ok,ok
rule_std-real_std,rule_std,real_std,42,block_02,Gear,3,shifted,1,0,1,101,2000,numerator_arm_minus_denominator_arm,0.0005,0.07050000000000001,0.4725649505853653,8.22297477722168,ok,ok
rule_std-real_std,rule_std,real_std,42,block_02,Gear,3,shifted,1,1,0,110,2000,numerator_arm_minus_denominator_arm,0.009,0.08200000000000007,2.9126569628715515,13.124902725219727,ok,ok
rule_std-real_std,rule_std,real_std,42,block_02,Gear,3,shifted,1,1,1,111,2000,numerator_arm_minus_denominator_arm,0.0005,0.122,1.558290719985962,16.137495040893555,ok,ok
rule_std-real_std,rule_std,real_std,42,block_02,RPM,4,canonical,0,0,0,000,2000,numerator_arm_minus_denominator_arm,0.9985,0.9965,37.43121933937073,69.89334164559841,ok,ok
rule_std-real_std,rule_std,real_std,42,block_02,RPM,4,canonical,0,0,1,001,2000,numerator_arm_minus_denominator_arm,0.9985,0.9305,28.7789968252182,45.856186628341675,ok,ok
rule_std-real_std,rule_std,real_std,42,block_02,RPM,4,canonical,0,1,0,010,2000,numerator_arm_minus_denominator_arm,0.9985,0.9975,42.15321445465088,85.0287173986435,ok,ok
rule_std-real_std,rule_std,real_std,42,block_02,RPM,4,canonical,0,1,1,011,2000,numerator_arm_minus_denominator_arm,0.9985,0.9945,40.46474814414978,81.79382312297821,ok,ok
rule_std-real_std,rule_std,real_std,42,block_02,RPM,4,canonical,1,0,0,100,2000,numerator_arm_minus_denominator_arm,0.083,0.534,3.2237823009490967,10.008111953735352,ok,ok
rule_std-real_std,rule_std,real_std,42,block_02,RPM,4,canonical,1,0,1,101,2000,numerator_arm_minus_denominator_arm,-0.043,0.009000000000000008,-1.3050127029418945,8.365966796875,ok,ok
rule_std-real_std,rule_std,real_std,42,block_02,RPM,4,canonical,1,1,0,110,2000,numerator_arm_minus_denominator_arm,0.051500000000000004,0.42749999999999994,2.551730155944824,8.256641387939453,ok,ok
rule_std-real_std,rule_std,real_std,42,block_02,RPM,4,canonical,1,1,1,111,2000,numerator_arm_minus_denominator_arm,-0.0445,0.0034999999999999476,-2.4236764907836914,14.12420654296875,ok,ok
rule_std-real_std,rule_std,real_std,42,block_02,RPM,4,shifted,0,0,0,000,2000,numerator_arm_minus_denominator_arm,0.9985,0.996,36.03119349479675,68.31686159968376,ok,ok
rule_std-real_std,rule_std,real_std,42,block_02,RPM,4,shifted,0,0,1,001,2000,numerator_arm_minus_denominator_arm,0.9985,0.9265,27.649710416793823,44.537455797195435,ok,ok
rule_std-real_std,rule_std,real_std,42,block_02,RPM,4,shifted,0,1,0,010,2000,numerator_arm_minus_denominator_arm,0.9985,0.9975,40.885122776031494,84.86395293474197,ok,ok
rule_std-real_std,rule_std,real_std,42,block_02,RPM,4,shifted,0,1,1,011,2000,numerator_arm_minus_denominator_arm,0.9985,0.994,38.888200759887695,81.51783102750778,ok,ok
rule_std-real_std,rule_std,real_std,42,block_02,RPM,4,shifted,1,0,0,100,2000,numerator_arm_minus_denominator_arm,0.1045,0.5529999999999999,3.5078952312469482,10.398265600204468,ok,ok
rule_std-real_std,rule_std,real_std,42,block_02,RPM,4,shifted,1,0,1,101,2000,numerator_arm_minus_denominator_arm,-0.040499999999999994,0.007000000000000006,-1.0697457790374756,8.45773696899414,ok,ok
rule_std-real_std,rule_std,real_std,42,block_02,RPM,4,shifted,1,1,0,110,2000,numerator_arm_minus_denominator_arm,0.05600000000000001,0.43099999999999994,2.6792876720428467,8.446576833724976,ok,ok
rule_std-real_std,rule_std,real_std,42,block_02,RPM,4,shifted,1,1,1,111,2000,numerator_arm_minus_denominator_arm,-0.040999999999999995,0.0034999999999999476,-2.2747995257377625,14.19979476928711,ok,ok
rule_std-real_std,rule_std,real_std,42,block_03,Gear,3,canonical,0,0,0,000,2000,numerator_arm_minus_denominator_arm,1.0,0.9905,31.366825103759766,62.99450393766165,ok,ok
rule_std-real_std,rule_std,real_std,42,block_03,Gear,3,canonical,0,0,1,001,2000,numerator_arm_minus_denominator_arm,1.0,0.995,28.81202244758606,57.91184610128403,ok,ok
rule_std-real_std,rule_std,real_std,42,block_03,Gear,3,canonical,0,1,0,010,2000,numerator_arm_minus_denominator_arm,1.0,0.9955,43.856011629104614,106.18845289945602,ok,ok
rule_std-real_std,rule_std,real_std,42,block_03,Gear,3,canonical,0,1,1,011,2000,numerator_arm_minus_denominator_arm,1.0,0.998,39.077846705913544,94.41938543319702,ok,ok
rule_std-real_std,rule_std,real_std,42,block_03,Gear,3,canonical,1,0,0,100,2000,numerator_arm_minus_denominator_arm,0.0035,0.025500000000000078,1.8409921824932098,5.085928916931152,ok,ok
rule_std-real_std,rule_std,real_std,42,block_03,Gear,3,canonical,1,0,1,101,2000,numerator_arm_minus_denominator_arm,0.0005,0.05149999999999999,0.34514422714710236,8.358682632446289,ok,ok
rule_std-real_std,rule_std,real_std,42,block_03,Gear,3,canonical,1,1,0,110,2000,numerator_arm_minus_denominator_arm,0.007,0.08900000000000008,2.8687276244163513,12.899611473083496,ok,ok
rule_std-real_std,rule_std,real_std,42,block_03,Gear,3,canonical,1,1,1,111,2000,numerator_arm_minus_denominator_arm,0.0015,0.122,1.6345727443695068,15.830015182495117,ok,ok
rule_std-real_std,rule_std,real_std,42,block_03,Gear,3,shifted,0,0,0,000,2000,numerator_arm_minus_denominator_arm,1.0,0.9905,31.404425740242004,63.05814068764448,ok,ok
rule_std-real_std,rule_std,real_std,42,block_03,Gear,3,shifted,0,0,1,001,2000,numerator_arm_minus_denominator_arm,1.0,0.995,28.860886216163635,57.971997141838074,ok,ok
rule_std-real_std,rule_std,real_std,42,block_03,Gear,3,shifted,0,1,0,010,2000,numerator_arm_minus_denominator_arm,1.0,0.9955,43.97091591358185,106.35666370391846,ok,ok
rule_std-real_std,rule_std,real_std,42,block_03,Gear,3,shifted,0,1,1,011,2000,numerator_arm_minus_denominator_arm,1.0,0.998,39.2119625210762,94.5699217915535,ok,ok
rule_std-real_std,rule_std,real_std,42,block_03,Gear,3,shifted,1,0,0,100,2000,numerator_arm_minus_denominator_arm,0.0035,0.025000000000000022,1.851150095462799,5.072195053100586,ok,ok
rule_std-real_std,rule_std,real_std,42,block_03,Gear,3,shifted,1,0,1,101,2000,numerator_arm_minus_denominator_arm,0.0005,0.051000000000000045,0.35532960295677185,8.34558391571045,ok,ok
rule_std-real_std,rule_std,real_std,42,block_03,Gear,3,shifted,1,1,0,110,2000,numerator_arm_minus_denominator_arm,0.0075,0.08850000000000002,2.890901505947113,12.906452178955078,ok,ok
rule_std-real_std,rule_std,real_std,42,block_03,Gear,3,shifted,1,1,1,111,2000,numerator_arm_minus_denominator_arm,0.0015,0.12150000000000005,1.6551036834716797,15.834464073181152,ok,ok
rule_std-real_std,rule_std,real_std,42,block_03,RPM,4,canonical,0,0,0,000,2000,numerator_arm_minus_denominator_arm,1.0,0.9955,37.37862229347229,69.79432485997677,ok,ok
rule_std-real_std,rule_std,real_std,42,block_03,RPM,4,canonical,0,0,1,001,2000,numerator_arm_minus_denominator_arm,1.0,0.9255,28.780888199806213,46.0166015625,ok,ok
rule_std-real_std,rule_std,real_std,42,block_03,RPM,4,canonical,0,1,0,010,2000,numerator_arm_minus_denominator_arm,1.0,0.9985,42.0370454788208,85.16992554068565,ok,ok
rule_std-real_std,rule_std,real_std,42,block_03,RPM,4,canonical,0,1,1,011,2000,numerator_arm_minus_denominator_arm,1.0,0.9955,40.434858083724976,82.1870087981224,ok,ok
rule_std-real_std,rule_std,real_std,42,block_03,RPM,4,canonical,1,0,0,100,2000,numerator_arm_minus_denominator_arm,0.098,0.5245,3.1687657833099365,9.988195419311523,ok,ok
rule_std-real_std,rule_std,real_std,42,block_03,RPM,4,canonical,1,0,1,101,2000,numerator_arm_minus_denominator_arm,-0.043,0.00550000000000006,-1.3526620864868164,8.444477081298828,ok,ok
rule_std-real_std,rule_std,real_std,42,block_03,RPM,4,canonical,1,1,0,110,2000,numerator_arm_minus_denominator_arm,0.05500000000000001,0.4315,2.5067203044891357,8.27860140800476,ok,ok
rule_std-real_std,rule_std,real_std,42,block_03,RPM,4,canonical,1,1,1,111,2000,numerator_arm_minus_denominator_arm,-0.0435,0.008000000000000007,-2.4803804755210876,14.101913452148438,ok,ok
rule_std-real_std,rule_std,real_std,42,block_03,RPM,4,shifted,0,0,0,000,2000,numerator_arm_minus_denominator_arm,1.0,0.9955,35.99664664268494,68.24840219318867,ok,ok
rule_std-real_std,rule_std,real_std,42,block_03,RPM,4,shifted,0,0,1,001,2000,numerator_arm_minus_denominator_arm,1.0,0.926,27.655043482780457,44.70916748046875,ok,ok
rule_std-real_std,rule_std,real_std,42,block_03,RPM,4,shifted,0,1,0,010,2000,numerator_arm_minus_denominator_arm,1.0,0.998,40.769538164138794,85.03008738160133,ok,ok
rule_std-real_std,rule_std,real_std,42,block_03,RPM,4,shifted,0,1,1,011,2000,numerator_arm_minus_denominator_arm,1.0,0.9955,38.8557870388031,81.93181955814362,ok,ok
rule_std-real_std,rule_std,real_std,42,block_03,RPM,4,shifted,1,0,0,100,2000,numerator_arm_minus_denominator_arm,0.11850000000000001,0.542,3.45504093170166,10.378080368041992,ok,ok
rule_std-real_std,rule_std,real_std,42,block_03,RPM,4,shifted,1,0,1,101,2000,numerator_arm_minus_denominator_arm,-0.041,0.0040000000000000036,-1.114626169204712,8.53887939453125,ok,ok
rule_std-real_std,rule_std,real_std,42,block_03,RPM,4,shifted,1,1,0,110,2000,numerator_arm_minus_denominator_arm,0.0625,0.4405,2.6370346546173096,8.469226837158203,ok,ok
rule_std-real_std,rule_std,real_std,42,block_03,RPM,4,shifted,1,1,1,111,2000,numerator_arm_minus_denominator_arm,-0.041499999999999995,0.00649999999999995,-2.3331005573272705,14.1805419921875,ok,ok
rule_std-real_std,rule_std,real_std,123,block_01,Gear,3,canonical,0,0,0,000,2000,numerator_arm_minus_denominator_arm,1.0,0.998,31.273890376091003,74.32279419898987,ok,ok
rule_std-real_std,rule_std,real_std,123,block_01,Gear,3,canonical,0,0,1,001,2000,numerator_arm_minus_denominator_arm,1.0,0.9975,28.66079169511795,66.70692735910416,ok,ok
rule_std-real_std,rule_std,real_std,123,block_01,Gear,3,canonical,0,1,0,010,2000,numerator_arm_minus_denominator_arm,1.0,0.999,43.91200256347656,119.4891163110733,ok,ok
rule_std-real_std,rule_std,real_std,123,block_01,Gear,3,canonical,0,1,1,011,2000,numerator_arm_minus_denominator_arm,1.0,1.0,40.38735234737396,106.26457297801971,ok,ok
rule_std-real_std,rule_std,real_std,123,block_01,Gear,3,canonical,1,0,0,100,2000,numerator_arm_minus_denominator_arm,0.0355,0.044499999999999984,0.810598611831665,32.71628761291504,ok,ok
rule_std-real_std,rule_std,real_std,123,block_01,Gear,3,canonical,1,0,1,101,2000,numerator_arm_minus_denominator_arm,0.0065,0.04049999999999998,-0.21260285377502441,32.28654861450195,ok,ok
rule_std-real_std,rule_std,real_std,123,block_01,Gear,3,canonical,1,1,0,110,2000,numerator_arm_minus_denominator_arm,0.3125,0.07050000000000001,5.7739691734313965,38.56316375732422,ok,ok
rule_std-real_std,rule_std,real_std,123,block_01,Gear,3,canonical,1,1,1,111,2000,numerator_arm_minus_denominator_arm,0.036,0.08299999999999996,2.3149020671844482,42.42255210876465,ok,ok
rule_std-real_std,rule_std,real_std,123,block_01,Gear,3,shifted,0,0,0,000,2000,numerator_arm_minus_denominator_arm,1.0,0.998,31.30626618862152,74.40034019947052,ok,ok
rule_std-real_std,rule_std,real_std,123,block_01,Gear,3,shifted,0,0,1,001,2000,numerator_arm_minus_denominator_arm,1.0,0.9975,28.69538515806198,66.7887202501297,ok,ok
rule_std-real_std,rule_std,real_std,123,block_01,Gear,3,shifted,0,1,0,010,2000,numerator_arm_minus_denominator_arm,1.0,0.999,43.99421143531799,119.6558021903038,ok,ok
rule_std-real_std,rule_std,real_std,123,block_01,Gear,3,shifted,0,1,1,011,2000,numerator_arm_minus_denominator_arm,1.0,1.0,40.4692165851593,106.43181538581848,ok,ok
rule_std-real_std,rule_std,real_std,123,block_01,Gear,3,shifted,1,0,0,100,2000,numerator_arm_minus_denominator_arm,0.0365,0.044499999999999984,0.8363215923309326,32.74311447143555,ok,ok
rule_std-real_std,rule_std,real_std,123,block_01,Gear,3,shifted,1,0,1,101,2000,numerator_arm_minus_denominator_arm,0.0065,0.04049999999999998,-0.18821430206298828,32.31264877319336,ok,ok
rule_std-real_std,rule_std,real_std,123,block_01,Gear,3,shifted,1,1,0,110,2000,numerator_arm_minus_denominator_arm,0.3185,0.06999999999999995,5.831119060516357,38.667579650878906,ok,ok
rule_std-real_std,rule_std,real_std,123,block_01,Gear,3,shifted,1,1,1,111,2000,numerator_arm_minus_denominator_arm,0.037,0.08199999999999996,2.3652734756469727,42.50241470336914,ok,ok
rule_std-real_std,rule_std,real_std,123,block_01,RPM,4,canonical,0,0,0,000,2000,numerator_arm_minus_denominator_arm,1.0,1.0,40.511224150657654,74.9893192872405,ok,ok
rule_std-real_std,rule_std,real_std,123,block_01,RPM,4,canonical,0,0,1,001,2000,numerator_arm_minus_denominator_arm,1.0,0.999,27.5212305188179,51.57752025127411,ok,ok
rule_std-real_std,rule_std,real_std,123,block_01,RPM,4,canonical,0,1,0,010,2000,numerator_arm_minus_denominator_arm,0.9995,0.999,47.39408886432648,95.2193994820118,ok,ok
rule_std-real_std,rule_std,real_std,123,block_01,RPM,4,canonical,0,1,1,011,2000,numerator_arm_minus_denominator_arm,0.998,0.992,38.52395886182785,80.53783130645752,ok,ok
rule_std-real_std,rule_std,real_std,123,block_01,RPM,4,canonical,1,0,0,100,2000,numerator_arm_minus_denominator_arm,0.22050000000000003,0.03749999999999998,2.332571029663086,3.3679637908935547,ok,ok
rule_std-real_std,rule_std,real_std,123,block_01,RPM,4,canonical,1,0,1,101,2000,numerator_arm_minus_denominator_arm,-0.0325,0.0044999999999999485,-4.2636919021606445,15.046648025512695,ok,ok
rule_std-real_std,rule_std,real_std,123,block_01,RPM,4,canonical,1,1,0,110,2000,numerator_arm_minus_denominator_arm,-0.0005000000000000004,0.11850000000000005,-1.2165231704711914,9.88446044921875,ok,ok
rule_std-real_std,rule_std,real_std,123,block_01,RPM,4,canonical,1,1,1,111,2000,numerator_arm_minus_denominator_arm,-0.0525,0.0,-8.899557113647461,25.2780704498291,ok,ok
rule_std-real_std,rule_std,real_std,123,block_01,RPM,4,shifted,0,0,0,000,2000,numerator_arm_minus_denominator_arm,1.0,1.0,38.82267606258392,73.70515898987651,ok,ok
rule_std-real_std,rule_std,real_std,123,block_01,RPM,4,shifted,0,0,1,001,2000,numerator_arm_minus_denominator_arm,1.0,0.999,26.554681286215782,50.53793168067932,ok,ok
rule_std-real_std,rule_std,real_std,123,block_01,RPM,4,shifted,0,1,0,010,2000,numerator_arm_minus_denominator_arm,0.9995,0.999,45.6602178812027,95.06874212622643,ok,ok
rule_std-real_std,rule_std,real_std,123,block_01,RPM,4,shifted,0,1,1,011,2000,numerator_arm_minus_denominator_arm,0.999,0.9925,36.930999636650085,80.02733159065247,ok,ok
rule_std-real_std,rule_std,real_std,123,block_01,RPM,4,shifted,1,0,0,100,2000,numerator_arm_minus_denominator_arm,0.261,0.05149999999999999,2.7391462326049805,4.31230354309082,ok,ok
rule_std-real_std,rule_std,real_std,123,block_01,RPM,4,shifted,1,0,1,101,2000,numerator_arm_minus_denominator_arm,-0.032,0.0034999999999999476,-4.1320226192474365,15.872642517089844,ok,ok
rule_std-real_std,rule_std,real_std,123,block_01,RPM,4,shifted,1,1,0,110,2000,numerator_arm_minus_denominator_arm,0.006500000000000006,0.12150000000000005,-1.124239444732666,10.53606128692627,ok,ok
rule_std-real_std,rule_std,real_std,123,block_01,RPM,4,shifted,1,1,1,111,2000,numerator_arm_minus_denominator_arm,-0.0525,0.0,-8.839619755744934,25.957366943359375,ok,ok
rule_std-real_std,rule_std,real_std,123,block_02,Gear,3,canonical,0,0,0,000,2000,numerator_arm_minus_denominator_arm,0.999,0.9975,31.3125901222229,74.35805869102478,ok,ok
rule_std-real_std,rule_std,real_std,123,block_02,Gear,3,canonical,0,0,1,001,2000,numerator_arm_minus_denominator_arm,0.999,0.9965,28.720960676670074,66.63838946819305,ok,ok
rule_std-real_std,rule_std,real_std,123,block_02,Gear,3,canonical,0,1,0,010,2000,numerator_arm_minus_denominator_arm,0.999,0.9985,44.099101066589355,119.66455480456352,ok,ok
rule_std-real_std,rule_std,real_std,123,block_02,Gear,3,canonical,0,1,1,011,2000,numerator_arm_minus_denominator_arm,0.999,0.9985,40.39057099819183,105.9013444185257,ok,ok
rule_std-real_std,rule_std,real_std,123,block_02,Gear,3,canonical,1,0,0,100,2000,numerator_arm_minus_denominator_arm,0.036,0.05349999999999999,1.0215263366699219,32.75099182128906,ok,ok
rule_std-real_std,rule_std,real_std,123,block_02,Gear,3,canonical,1,0,1,101,2000,numerator_arm_minus_denominator_arm,0.011,0.052000000000000046,-0.02598404884338379,32.287750244140625,ok,ok
rule_std-real_std,rule_std,real_std,123,block_02,Gear,3,canonical,1,1,0,110,2000,numerator_arm_minus_denominator_arm,0.312,0.057499999999999996,6.045668125152588,39.13703536987305,ok,ok
rule_std-real_std,rule_std,real_std,123,block_02,Gear,3,canonical,1,1,1,111,2000,numerator_arm_minus_denominator_arm,0.0385,0.08550000000000002,2.376096248626709,43.15117073059082,ok,ok
rule_std-real_std,rule_std,real_std,123,block_02,Gear,3,shifted,0,0,0,000,2000,numerator_arm_minus_denominator_arm,0.999,0.997,31.34423005580902,74.43512117862701,ok,ok
rule_std-real_std,rule_std,real_std,123,block_02,Gear,3,shifted,0,0,1,001,2000,numerator_arm_minus_denominator_arm,0.999,0.9965,28.754212498664856,66.71946442127228,ok,ok
rule_std-real_std,rule_std,real_std,123,block_02,Gear,3,shifted,0,1,0,010,2000,numerator_arm_minus_denominator_arm,0.999,0.9985,44.18219697475433,119.83167535066605,ok,ok
rule_std-real_std,rule_std,real_std,123,block_02,Gear,3,shifted,0,1,1,011,2000,numerator_arm_minus_denominator_arm,0.999,0.9985,40.47430503368378,106.06935155391693,ok,ok
rule_std-real_std,rule_std,real_std,123,block_02,Gear,3,shifted,1,0,0,100,2000,numerator_arm_minus_denominator_arm,0.0375,0.05349999999999999,1.0471327304840088,32.7784538269043,ok,ok
rule_std-real_std,rule_std,real_std,123,block_02,Gear,3,shifted,1,0,1,101,2000,numerator_arm_minus_denominator_arm,0.011,0.052000000000000046,-0.0017802715301513672,32.31470489501953,ok,ok
rule_std-real_std,rule_std,real_std,123,block_02,Gear,3,shifted,1,1,0,110,2000,numerator_arm_minus_denominator_arm,0.3185,0.057499999999999996,6.103410482406616,39.24086952209473,ok,ok
rule_std-real_std,rule_std,real_std,123,block_02,Gear,3,shifted,1,1,1,111,2000,numerator_arm_minus_denominator_arm,0.0395,0.08550000000000002,2.426696538925171,43.2309627532959,ok,ok
rule_std-real_std,rule_std,real_std,123,block_02,RPM,4,canonical,0,0,0,000,2000,numerator_arm_minus_denominator_arm,0.999,0.999,40.40130949020386,74.99773957207799,ok,ok
rule_std-real_std,rule_std,real_std,123,block_02,RPM,4,canonical,0,0,1,001,2000,numerator_arm_minus_denominator_arm,0.9985,0.996,27.433867782354355,51.46078050136566,ok,ok
rule_std-real_std,rule_std,real_std,123,block_02,RPM,4,canonical,0,1,0,010,2000,numerator_arm_minus_denominator_arm,0.999,0.9985,47.30034530162811,95.22506953775883,ok,ok
rule_std-real_std,rule_std,real_std,123,block_02,RPM,4,canonical,0,1,1,011,2000,numerator_arm_minus_denominator_arm,0.9975,0.9865,38.53710198402405,80.59990847110748,ok,ok
rule_std-real_std,rule_std,real_std,123,block_02,RPM,4,canonical,1,0,0,100,2000,numerator_arm_minus_denominator_arm,0.21050000000000002,0.03799999999999992,2.390143394470215,3.607248306274414,ok,ok
rule_std-real_std,rule_std,real_std,123,block_02,RPM,4,canonical,1,0,1,101,2000,numerator_arm_minus_denominator_arm,-0.036,0.006000000000000005,-4.144174337387085,15.290750503540039,ok,ok
rule_std-real_std,rule_std,real_std,123,block_02,RPM,4,canonical,1,1,0,110,2000,numerator_arm_minus_denominator_arm,0.009999999999999995,0.123,-1.0743155479431152,10.234423637390137,ok,ok
rule_std-real_std,rule_std,real_std,123,block_02,RPM,4,canonical,1,1,1,111,2000,numerator_arm_minus_denominator_arm,-0.0475,0.0,-8.734827995300293,25.553415298461914,ok,ok
rule_std-real_std,rule_std,real_std,123,block_02,RPM,4,shifted,0,0,0,000,2000,numerator_arm_minus_denominator_arm,0.999,0.999,38.689871191978455,73.69317175261676,ok,ok
rule_std-real_std,rule_std,real_std,123,block_02,RPM,4,shifted,0,0,1,001,2000,numerator_arm_minus_denominator_arm,0.9985,0.9955,26.454448252916336,50.418147563934326,ok,ok
rule_std-real_std,rule_std,real_std,123,block_02,RPM,4,shifted,0,1,0,010,2000,numerator_arm_minus_denominator_arm,0.999,0.9985,45.55522394180298,95.06231625378132,ok,ok
rule_std-real_std,rule_std,real_std,123,block_02,RPM,4,shifted,0,1,1,011,2000,numerator_arm_minus_denominator_arm,0.9975,0.986,36.92718988656998,80.09892117977142,ok,ok
rule_std-real_std,rule_std,real_std,123,block_02,RPM,4,shifted,1,0,0,100,2000,numerator_arm_minus_denominator_arm,0.2485,0.04949999999999999,2.783576011657715,4.55279541015625,ok,ok
rule_std-real_std,rule_std,real_std,123,block_02,RPM,4,shifted,1,0,1,101,2000,numerator_arm_minus_denominator_arm,-0.036,0.005499999999999949,-4.016786575317383,16.113859176635742,ok,ok
rule_std-real_std,rule_std,real_std,123,block_02,RPM,4,shifted,1,1,0,110,2000,numerator_arm_minus_denominator_arm,0.016,0.127,-0.9819798469543457,10.886248588562012,ok,ok
rule_std-real_std,rule_std,real_std,123,block_02,RPM,4,shifted,1,1,1,111,2000,numerator_arm_minus_denominator_arm,-0.048,0.0,-8.678092360496521,26.227928161621094,ok,ok
rule_std-real_std,rule_std,real_std,123,block_03,Gear,3,canonical,0,0,0,000,2000,numerator_arm_minus_denominator_arm,1.0,0.995,31.164465308189392,74.05186855792999,ok,ok
rule_std-real_std,rule_std,real_std,123,block_03,Gear,3,canonical,0,0,1,001,2000,numerator_arm_minus_denominator_arm,1.0,0.998,28.588209569454193,66.48803025484085,ok,ok
rule_std-real_std,rule_std,real_std,123,block_03,Gear,3,canonical,0,1,0,010,2000,numerator_arm_minus_denominator_arm,1.0,0.9995,44.026615142822266,119.67181569337845,ok,ok
rule_std-real_std,rule_std,real_std,123,block_03,Gear,3,canonical,0,1,1,011,2000,numerator_arm_minus_denominator_arm,1.0,1.0,40.41028928756714,106.28620254993439,ok,ok
rule_std-real_std,rule_std,real_std,123,block_03,Gear,3,canonical,1,0,0,100,2000,numerator_arm_minus_denominator_arm,0.035,0.044499999999999984,0.792499303817749,32.564144134521484,ok,ok
rule_std-real_std,rule_std,real_std,123,block_03,Gear,3,canonical,1,0,1,101,2000,numerator_arm_minus_denominator_arm,0.0105,0.03700000000000003,-0.18995261192321777,32.053266525268555,ok,ok
rule_std-real_std,rule_std,real_std,123,block_03,Gear,3,canonical,1,1,0,110,2000,numerator_arm_minus_denominator_arm,0.3085,0.0655,5.857426643371582,38.82467079162598,ok,ok
rule_std-real_std,rule_std,real_std,123,block_03,Gear,3,canonical,1,1,1,111,2000,numerator_arm_minus_denominator_arm,0.0315,0.09150000000000003,2.3362040519714355,42.760009765625,ok,ok
rule_std-real_std,rule_std,real_std,123,block_03,Gear,3,shifted,0,0,0,000,2000,numerator_arm_minus_denominator_arm,1.0,0.9945,31.196445107460022,74.12969076633453,ok,ok
rule_std-real_std,rule_std,real_std,123,block_03,Gear,3,shifted,0,0,1,001,2000,numerator_arm_minus_denominator_arm,1.0,0.998,28.621157586574554,66.5695720911026,ok,ok
rule_std-real_std,rule_std,real_std,123,block_03,Gear,3,shifted,0,1,0,010,2000,numerator_arm_minus_denominator_arm,1.0,0.9995,44.109474658966064,119.83868199586868,ok,ok
rule_std-real_std,rule_std,real_std,123,block_03,Gear,3,shifted,0,1,1,011,2000,numerator_arm_minus_denominator_arm,1.0,1.0,40.49494016170502,106.45453262329102,ok,ok
rule_std-real_std,rule_std,real_std,123,block_03,Gear,3,shifted,1,0,0,100,2000,numerator_arm_minus_denominator_arm,0.0355,0.04400000000000004,0.8180451393127441,32.59128189086914,ok,ok
rule_std-real_std,rule_std,real_std,123,block_03,Gear,3,shifted,1,0,1,101,2000,numerator_arm_minus_denominator_arm,0.0105,0.03700000000000003,-0.16550087928771973,32.07981872558594,ok,ok
rule_std-real_std,rule_std,real_std,123,block_03,Gear,3,shifted,1,1,0,110,2000,numerator_arm_minus_denominator_arm,0.313,0.06499999999999995,5.914635896682739,38.92889976501465,ok,ok
rule_std-real_std,rule_std,real_std,123,block_03,Gear,3,shifted,1,1,1,111,2000,numerator_arm_minus_denominator_arm,0.0335,0.09099999999999997,2.386354446411133,42.840158462524414,ok,ok
rule_std-real_std,rule_std,real_std,123,block_03,RPM,4,canonical,0,0,0,000,2000,numerator_arm_minus_denominator_arm,1.0,1.0,40.39621365070343,74.91740087047219,ok,ok
rule_std-real_std,rule_std,real_std,123,block_03,RPM,4,canonical,0,0,1,001,2000,numerator_arm_minus_denominator_arm,1.0,0.999,27.415490865707397,51.55942666530609,ok,ok
rule_std-real_std,rule_std,real_std,123,block_03,RPM,4,canonical,0,1,0,010,2000,numerator_arm_minus_denominator_arm,1.0,1.0,47.27168142795563,95.53340137004852,ok,ok
rule_std-real_std,rule_std,real_std,123,block_03,RPM,4,canonical,0,1,1,011,2000,numerator_arm_minus_denominator_arm,0.9995,0.991,38.50372761487961,80.9367858171463,ok,ok
rule_std-real_std,rule_std,real_std,123,block_03,RPM,4,canonical,1,0,0,100,2000,numerator_arm_minus_denominator_arm,0.22500000000000003,0.033499999999999974,2.3975281715393066,3.4579906463623047,ok,ok
rule_std-real_std,rule_std,real_std,123,block_03,RPM,4,canonical,1,0,1,101,2000,numerator_arm_minus_denominator_arm,-0.033499999999999995,0.0044999999999999485,-4.202480792999268,15.114463806152344,ok,ok
rule_std-real_std,rule_std,real_std,123,block_03,RPM,4,canonical,1,1,0,110,2000,numerator_arm_minus_denominator_arm,0.0175,0.10999999999999999,-1.068068504333496,9.83893871307373,ok,ok
rule_std-real_std,rule_std,real_std,123,block_03,RPM,4,canonical,1,1,1,111,2000,numerator_arm_minus_denominator_arm,-0.0535,0.0,-8.807740092277527,25.344255447387695,ok,ok
rule_std-real_std,rule_std,real_std,123,block_03,RPM,4,shifted,0,0,0,000,2000,numerator_arm_minus_denominator_arm,1.0,1.0,38.71216380596161,73.6425266340375,ok,ok
rule_std-real_std,rule_std,real_std,123,block_03,RPM,4,shifted,0,0,1,001,2000,numerator_arm_minus_denominator_arm,1.0,0.997,26.446448802947998,50.53081202507019,ok,ok
rule_std-real_std,rule_std,real_std,123,block_03,RPM,4,shifted,0,1,0,010,2000,numerator_arm_minus_denominator_arm,1.0,0.9995,45.526052713394165,95.37570260465145,ok,ok
rule_std-real_std,rule_std,real_std,123,block_03,RPM,4,shifted,0,1,1,011,2000,numerator_arm_minus_denominator_arm,0.9995,0.991,36.911204636096954,80.42687284946442,ok,ok
rule_std-real_std,rule_std,real_std,123,block_03,RPM,4,shifted,1,0,0,100,2000,numerator_arm_minus_denominator_arm,0.262,0.04749999999999999,2.8017330169677734,4.399890899658203,ok,ok
rule_std-real_std,rule_std,real_std,123,block_03,RPM,4,shifted,1,0,1,101,2000,numerator_arm_minus_denominator_arm,-0.032,0.0044999999999999485,-4.0799946784973145,15.937898635864258,ok,ok
rule_std-real_std,rule_std,real_std,123,block_03,RPM,4,shifted,1,1,0,110,2000,numerator_arm_minus_denominator_arm,0.024500000000000008,0.11249999999999993,-0.9744582176208496,10.493385314941406,ok,ok
rule_std-real_std,rule_std,real_std,123,block_03,RPM,4,shifted,1,1,1,111,2000,numerator_arm_minus_denominator_arm,-0.054,0.0,-8.753233909606934,26.024118423461914,ok,ok
rule_std-real_std,rule_std,real_std,2026,block_01,Gear,3,canonical,0,0,0,000,2000,numerator_arm_minus_denominator_arm,1.0,0.997,41.910889863967896,77.63215017318726,ok,ok
rule_std-real_std,rule_std,real_std,2026,block_01,Gear,3,canonical,0,0,1,001,2000,numerator_arm_minus_denominator_arm,1.0,1.0,38.5263307094574,70.69656908512115,ok,ok
rule_std-real_std,rule_std,real_std,2026,block_01,Gear,3,canonical,0,1,0,010,2000,numerator_arm_minus_denominator_arm,1.0,0.9995,59.92377185821533,140.53178560733795,ok,ok
rule_std-real_std,rule_std,real_std,2026,block_01,Gear,3,canonical,0,1,1,011,2000,numerator_arm_minus_denominator_arm,1.0,1.0,54.08103895187378,124.99814832210541,ok,ok
rule_std-real_std,rule_std,real_std,2026,block_01,Gear,3,canonical,1,0,0,100,2000,numerator_arm_minus_denominator_arm,0.14,0.6975,12.260969877243042,28.589025497436523,ok,ok
rule_std-real_std,rule_std,real_std,2026,block_01,Gear,3,canonical,1,0,1,101,2000,numerator_arm_minus_denominator_arm,0.037,0.5265,10.818645477294922,28.464913368225098,ok,ok
rule_std-real_std,rule_std,real_std,2026,block_01,Gear,3,canonical,1,1,0,110,2000,numerator_arm_minus_denominator_arm,0.0895,0.8745,11.068899035453796,34.1021933555603,ok,ok
rule_std-real_std,rule_std,real_std,2026,block_01,Gear,3,canonical,1,1,1,111,2000,numerator_arm_minus_denominator_arm,0.03,0.9,9.898382902145386,35.37964177131653,ok,ok
rule_std-real_std,rule_std,real_std,2026,block_01,Gear,3,shifted,0,0,0,000,2000,numerator_arm_minus_denominator_arm,1.0,0.997,41.97472155094147,77.75275039672852,ok,ok
rule_std-real_std,rule_std,real_std,2026,block_01,Gear,3,shifted,0,0,1,001,2000,numerator_arm_minus_denominator_arm,1.0,1.0,38.59593665599823,70.81496524810791,ok,ok
rule_std-real_std,rule_std,real_std,2026,block_01,Gear,3,shifted,0,1,0,010,2000,numerator_arm_minus_denominator_arm,1.0,0.9995,60.0386528968811,140.78669381141663,ok,ok
rule_std-real_std,rule_std,real_std,2026,block_01,Gear,3,shifted,0,1,1,011,2000,numerator_arm_minus_denominator_arm,1.0,1.0,54.190974712371826,125.23848158121109,ok,ok
rule_std-real_std,rule_std,real_std,2026,block_01,Gear,3,shifted,1,0,0,100,2000,numerator_arm_minus_denominator_arm,0.143,0.696,12.307509183883667,28.59119176864624,ok,ok
rule_std-real_std,rule_std,real_std,2026,block_01,Gear,3,shifted,1,0,1,101,2000,numerator_arm_minus_denominator_arm,0.039,0.5245,10.859936237335205,28.460303783416748,ok,ok
rule_std-real_std,rule_std,real_std,2026,block_01,Gear,3,shifted,1,1,0,110,2000,numerator_arm_minus_denominator_arm,0.092,0.8745,11.11816132068634,34.17025804519653,ok,ok
rule_std-real_std,rule_std,real_std,2026,block_01,Gear,3,shifted,1,1,1,111,2000,numerator_arm_minus_denominator_arm,0.0325,0.9,9.946566104888916,35.436240434646606,ok,ok
rule_std-real_std,rule_std,real_std,2026,block_01,RPM,4,canonical,0,0,0,000,2000,numerator_arm_minus_denominator_arm,1.0,1.0,52.664923667907715,84.15833234786987,ok,ok
rule_std-real_std,rule_std,real_std,2026,block_01,RPM,4,canonical,0,0,1,001,2000,numerator_arm_minus_denominator_arm,1.0,0.985,40.95212960243225,68.7016783952713,ok,ok
rule_std-real_std,rule_std,real_std,2026,block_01,RPM,4,canonical,0,1,0,010,2000,numerator_arm_minus_denominator_arm,1.0,1.0,57.33883452415466,101.78374323248863,ok,ok
rule_std-real_std,rule_std,real_std,2026,block_01,RPM,4,canonical,0,1,1,011,2000,numerator_arm_minus_denominator_arm,1.0,0.9825,53.53567099571228,101.79377782344818,ok,ok
rule_std-real_std,rule_std,real_std,2026,block_01,RPM,4,canonical,1,0,0,100,2000,numerator_arm_minus_denominator_arm,0.151,0.5399999999999999,11.864923706278205,12.529288291931152,ok,ok
rule_std-real_std,rule_std,real_std,2026,block_01,RPM,4,canonical,1,0,1,101,2000,numerator_arm_minus_denominator_arm,0.0165,0.7264999999999999,9.062415078282356,24.97600746154785,ok,ok
rule_std-real_std,rule_std,real_std,2026,block_01,RPM,4,canonical,1,1,0,110,2000,numerator_arm_minus_denominator_arm,0.1635,0.599,12.507163941860199,14.477271556854248,ok,ok
rule_std-real_std,rule_std,real_std,2026,block_01,RPM,4,canonical,1,1,1,111,2000,numerator_arm_minus_denominator_arm,0.0325,0.8295,8.3498455286026,26.708696365356445,ok,ok
rule_std-real_std,rule_std,real_std,2026,block_01,RPM,4,shifted,0,0,0,000,2000,numerator_arm_minus_denominator_arm,1.0,1.0,51.2339141368866,82.46858406066895,ok,ok
rule_std-real_std,rule_std,real_std,2026,block_01,RPM,4,shifted,0,0,1,001,2000,numerator_arm_minus_denominator_arm,1.0,0.9835,40.57299184799194,68.12209856510162,ok,ok
rule_std-real_std,rule_std,real_std,2026,block_01,RPM,4,shifted,0,1,0,010,2000,numerator_arm_minus_denominator_arm,1.0,1.0,55.339914441108704,101.29031819105148,ok,ok
rule_std-real_std,rule_std,real_std,2026,block_01,RPM,4,shifted,0,1,1,011,2000,numerator_arm_minus_denominator_arm,1.0,0.981,52.48984622955322,101.1904125213623,ok,ok
rule_std-real_std,rule_std,real_std,2026,block_01,RPM,4,shifted,1,0,0,100,2000,numerator_arm_minus_denominator_arm,0.163,0.5665,12.160201833350584,13.350452423095703,ok,ok
rule_std-real_std,rule_std,real_std,2026,block_01,RPM,4,shifted,1,0,1,101,2000,numerator_arm_minus_denominator_arm,0.012,0.7010000000000001,8.864943630993366,25.54633903503418,ok,ok
rule_std-real_std,rule_std,real_std,2026,block_01,RPM,4,shifted,1,1,0,110,2000,numerator_arm_minus_denominator_arm,0.165,0.6295000000000001,12.555685102939606,15.032732486724854,ok,ok
rule_std-real_std,rule_std,real_std,2026,block_01,RPM,4,shifted,1,1,1,111,2000,numerator_arm_minus_denominator_arm,0.026,0.815,8.10077977180481,27.263224124908447,ok,ok
rule_std-real_std,rule_std,real_std,2026,block_02,Gear,3,canonical,0,0,0,000,2000,numerator_arm_minus_denominator_arm,0.999,0.996,42.222397565841675,78.03795075416565,ok,ok
rule_std-real_std,rule_std,real_std,2026,block_02,Gear,3,canonical,0,0,1,001,2000,numerator_arm_minus_denominator_arm,0.999,0.999,38.65911614894867,70.79283964633942,ok,ok
rule_std-real_std,rule_std,real_std,2026,block_02,Gear,3,canonical,0,1,0,010,2000,numerator_arm_minus_denominator_arm,0.999,0.998,60.221245765686035,140.87154400348663,ok,ok
rule_std-real_std,rule_std,real_std,2026,block_02,Gear,3,canonical,0,1,1,011,2000,numerator_arm_minus_denominator_arm,0.999,0.999,54.26712691783905,125.07677632570267,ok,ok
rule_std-real_std,rule_std,real_std,2026,block_02,Gear,3,canonical,1,0,0,100,2000,numerator_arm_minus_denominator_arm,0.153,0.7065,12.545680046081543,28.44906711578369,ok,ok
rule_std-real_std,rule_std,real_std,2026,block_02,Gear,3,canonical,1,0,1,101,2000,numerator_arm_minus_denominator_arm,0.038,0.5145,10.992599964141846,28.342906951904297,ok,ok
rule_std-real_std,rule_std,real_std,2026,block_02,Gear,3,canonical,1,1,0,110,2000,numerator_arm_minus_denominator_arm,0.093,0.8720000000000001,11.270090937614441,34.49181246757507,ok,ok
rule_std-real_std,rule_std,real_std,2026,block_02,Gear,3,canonical,1,1,1,111,2000,numerator_arm_minus_denominator_arm,0.041,0.8905,10.029874086380005,35.650899171829224,ok,ok
rule_std-real_std,rule_std,real_std,2026,block_02,Gear,3,shifted,0,0,0,000,2000,numerator_arm_minus_denominator_arm,0.999,0.996,42.2857426404953,78.1585156917572,ok,ok
rule_std-real_std,rule_std,real_std,2026,block_02,Gear,3,shifted,0,0,1,001,2000,numerator_arm_minus_denominator_arm,0.999,0.999,38.72781956195831,70.91132032871246,ok,ok
rule_std-real_std,rule_std,real_std,2026,block_02,Gear,3,shifted,0,1,0,010,2000,numerator_arm_minus_denominator_arm,0.999,0.998,60.33556079864502,141.12733507156372,ok,ok
rule_std-real_std,rule_std,real_std,2026,block_02,Gear,3,shifted,0,1,1,011,2000,numerator_arm_minus_denominator_arm,0.999,0.999,54.37639832496643,125.31754523515701,ok,ok
rule_std-real_std,rule_std,real_std,2026,block_02,Gear,3,shifted,1,0,0,100,2000,numerator_arm_minus_denominator_arm,0.155,0.7055,12.59216856956482,28.45312738418579,ok,ok
rule_std-real_std,rule_std,real_std,2026,block_02,Gear,3,shifted,1,0,1,101,2000,numerator_arm_minus_denominator_arm,0.039,0.513,11.034082412719727,28.338979244232178,ok,ok
rule_std-real_std,rule_std,real_std,2026,block_02,Gear,3,shifted,1,1,0,110,2000,numerator_arm_minus_denominator_arm,0.098,0.8715,11.320060849189758,34.560256242752075,ok,ok
rule_std-real_std,rule_std,real_std,2026,block_02,Gear,3,shifted,1,1,1,111,2000,numerator_arm_minus_denominator_arm,0.042,0.89,10.078588962554932,35.708040714263916,ok,ok
rule_std-real_std,rule_std,real_std,2026,block_02,RPM,4,canonical,0,0,0,000,2000,numerator_arm_minus_denominator_arm,0.999,0.9985,52.755029916763306,84.3567698597908,ok,ok
rule_std-real_std,rule_std,real_std,2026,block_02,RPM,4,canonical,0,0,1,001,2000,numerator_arm_minus_denominator_arm,0.999,0.9835,41.05998516082764,68.83243751525879,ok,ok
rule_std-real_std,rule_std,real_std,2026,block_02,RPM,4,canonical,0,1,0,010,2000,numerator_arm_minus_denominator_arm,0.999,0.9985,57.408878684043884,102.06309252977371,ok,ok
rule_std-real_std,rule_std,real_std,2026,block_02,RPM,4,canonical,0,1,1,011,2000,numerator_arm_minus_denominator_arm,0.999,0.983,53.68267107009888,101.8990730047226,ok,ok
rule_std-real_std,rule_std,real_std,2026,block_02,RPM,4,canonical,1,0,0,100,2000,numerator_arm_minus_denominator_arm,0.157,0.5475,11.808954858221114,12.624038219451904,ok,ok
rule_std-real_std,rule_std,real_std,2026,block_02,RPM,4,canonical,1,0,1,101,2000,numerator_arm_minus_denominator_arm,0.02,0.7195,9.103602096438408,24.82771110534668,ok,ok
rule_std-real_std,rule_std,real_std,2026,block_02,RPM,4,canonical,1,1,0,110,2000,numerator_arm_minus_denominator_arm,0.147,0.6145,12.325920045375824,14.680061101913452,ok,ok
rule_std-real_std,rule_std,real_std,2026,block_02,RPM,4,canonical,1,1,1,111,2000,numerator_arm_minus_denominator_arm,0.026,0.8250000000000001,8.297891616821289,26.64853525161743,ok,ok
rule_std-real_std,rule_std,real_std,2026,block_02,RPM,4,shifted,0,0,0,000,2000,numerator_arm_minus_denominator_arm,0.999,0.998,51.280765533447266,82.62111967802048,ok,ok
rule_std-real_std,rule_std,real_std,2026,block_02,RPM,4,shifted,0,0,1,001,2000,numerator_arm_minus_denominator_arm,0.999,0.9815,40.66713571548462,68.23081731796265,ok,ok
rule_std-real_std,rule_std,real_std,2026,block_02,RPM,4,shifted,0,1,0,010,2000,numerator_arm_minus_denominator_arm,0.999,0.9985,55.38181972503662,101.541066467762,ok,ok
rule_std-real_std,rule_std,real_std,2026,block_02,RPM,4,shifted,0,1,1,011,2000,numerator_arm_minus_denominator_arm,0.999,0.9825,52.64928340911865,101.29130637645721,ok,ok
rule_std-real_std,rule_std,real_std,2026,block_02,RPM,4,shifted,1,0,0,100,2000,numerator_arm_minus_denominator_arm,0.1775,0.596,12.082367504946887,13.449152946472168,ok,ok
rule_std-real_std,rule_std,real_std,2026,block_02,RPM,4,shifted,1,0,1,101,2000,numerator_arm_minus_denominator_arm,0.0165,0.6990000000000001,8.901559308171272,25.398427963256836,ok,ok
rule_std-real_std,rule_std,real_std,2026,block_02,RPM,4,shifted,1,1,0,110,2000,numerator_arm_minus_denominator_arm,0.149,0.646,12.356754839420319,15.24519944190979,ok,ok
rule_std-real_std,rule_std,real_std,2026,block_02,RPM,4,shifted,1,1,1,111,2000,numerator_arm_minus_denominator_arm,0.0225,0.8075,8.046643912792206,27.194965839385986,ok,ok
rule_std-real_std,rule_std,real_std,2026,block_03,Gear,3,canonical,0,0,0,000,2000,numerator_arm_minus_denominator_arm,1.0,0.996,41.8724639415741,77.46103310585022,ok,ok
rule_std-real_std,rule_std,real_std,2026,block_03,Gear,3,canonical,0,0,1,001,2000,numerator_arm_minus_denominator_arm,1.0,0.9995,38.480074882507324,70.60860908031464,ok,ok
rule_std-real_std,rule_std,real_std,2026,block_03,Gear,3,canonical,0,1,0,010,2000,numerator_arm_minus_denominator_arm,1.0,0.9995,59.96276128292084,140.5779904127121,ok,ok
rule_std-real_std,rule_std,real_std,2026,block_03,Gear,3,canonical,0,1,1,011,2000,numerator_arm_minus_denominator_arm,1.0,1.0,54.00327229499817,124.79002529382706,ok,ok
rule_std-real_std,rule_std,real_std,2026,block_03,Gear,3,canonical,1,0,0,100,2000,numerator_arm_minus_denominator_arm,0.1335,0.675,12.183021545410156,28.280619144439697,ok,ok
rule_std-real_std,rule_std,real_std,2026,block_03,Gear,3,canonical,1,0,1,101,2000,numerator_arm_minus_denominator_arm,0.0375,0.5,10.7492036819458,28.339016914367676,ok,ok
rule_std-real_std,rule_std,real_std,2026,block_03,Gear,3,canonical,1,1,0,110,2000,numerator_arm_minus_denominator_arm,0.094,0.8785000000000001,11.056241035461426,33.9747748374939,ok,ok
rule_std-real_std,rule_std,real_std,2026,block_03,Gear,3,canonical,1,1,1,111,2000,numerator_arm_minus_denominator_arm,0.039,0.9085000000000001,9.913751125335693,35.18332862854004,ok,ok
rule_std-real_std,rule_std,real_std,2026,block_03,Gear,3,shifted,0,0,0,000,2000,numerator_arm_minus_denominator_arm,1.0,0.996,41.93705344200134,77.58148074150085,ok,ok
rule_std-real_std,rule_std,real_std,2026,block_03,Gear,3,shifted,0,0,1,001,2000,numerator_arm_minus_denominator_arm,1.0,0.9995,38.55033326148987,70.726527094841,ok,ok
rule_std-real_std,rule_std,real_std,2026,block_03,Gear,3,shifted,0,1,0,010,2000,numerator_arm_minus_denominator_arm,1.0,0.9995,60.07754600048065,140.8335475921631,ok,ok
rule_std-real_std,rule_std,real_std,2026,block_03,Gear,3,shifted,0,1,1,011,2000,numerator_arm_minus_denominator_arm,1.0,1.0,54.11342215538025,125.0305426120758,ok,ok
rule_std-real_std,rule_std,real_std,2026,block_03,Gear,3,shifted,1,0,0,100,2000,numerator_arm_minus_denominator_arm,0.1365,0.6725,12.229596376419067,28.283034801483154,ok,ok
rule_std-real_std,rule_std,real_std,2026,block_03,Gear,3,shifted,1,0,1,101,2000,numerator_arm_minus_denominator_arm,0.0395,0.49850000000000005,10.79084587097168,28.334679126739502,ok,ok
rule_std-real_std,rule_std,real_std,2026,block_03,Gear,3,shifted,1,1,0,110,2000,numerator_arm_minus_denominator_arm,0.097,0.8785000000000001,11.10533332824707,34.04328417778015,ok,ok
rule_std-real_std,rule_std,real_std,2026,block_03,Gear,3,shifted,1,1,1,111,2000,numerator_arm_minus_denominator_arm,0.041,0.908,9.961567640304565,35.240936279296875,ok,ok
rule_std-real_std,rule_std,real_std,2026,block_03,RPM,4,canonical,0,0,0,000,2000,numerator_arm_minus_denominator_arm,1.0,1.0,52.62950158119202,84.2426752448082,ok,ok
rule_std-real_std,rule_std,real_std,2026,block_03,RPM,4,canonical,0,0,1,001,2000,numerator_arm_minus_denominator_arm,1.0,0.99,40.94502520561218,68.83618569374084,ok,ok
rule_std-real_std,rule_std,real_std,2026,block_03,RPM,4,canonical,0,1,0,010,2000,numerator_arm_minus_denominator_arm,1.0,1.0,57.2515504360199,102.1101051568985,ok,ok
rule_std-real_std,rule_std,real_std,2026,block_03,RPM,4,canonical,0,1,1,011,2000,numerator_arm_minus_denominator_arm,1.0,0.987,53.68726468086243,102.28809142112732,ok,ok
rule_std-real_std,rule_std,real_std,2026,block_03,RPM,4,canonical,1,0,0,100,2000,numerator_arm_minus_denominator_arm,0.165,0.5429999999999999,11.760269109159708,12.620863437652588,ok,ok
rule_std-real_std,rule_std,real_std,2026,block_03,RPM,4,canonical,1,0,1,101,2000,numerator_arm_minus_denominator_arm,0.0195,0.732,8.988565802574158,24.95444107055664,ok,ok
rule_std-real_std,rule_std,real_std,2026,block_03,RPM,4,canonical,1,1,0,110,2000,numerator_arm_minus_denominator_arm,0.152,0.619,12.255542397499084,14.556922197341919,ok,ok
rule_std-real_std,rule_std,real_std,2026,block_03,RPM,4,canonical,1,1,1,111,2000,numerator_arm_minus_denominator_arm,0.0325,0.832,8.236579239368439,26.595593452453613,ok,ok
rule_std-real_std,rule_std,real_std,2026,block_03,RPM,4,shifted,0,0,0,000,2000,numerator_arm_minus_denominator_arm,1.0,0.9995,51.18668508529663,82.54712444543839,ok,ok
rule_std-real_std,rule_std,real_std,2026,block_03,RPM,4,shifted,0,0,1,001,2000,numerator_arm_minus_denominator_arm,1.0,0.988,40.567174196243286,68.25757026672363,ok,ok
rule_std-real_std,rule_std,real_std,2026,block_03,RPM,4,shifted,0,1,0,010,2000,numerator_arm_minus_denominator_arm,1.0,1.0,55.25334692001343,101.59813904762268,ok,ok
rule_std-real_std,rule_std,real_std,2026,block_03,RPM,4,shifted,0,1,1,011,2000,numerator_arm_minus_denominator_arm,1.0,0.985,52.65518569946289,101.69465363025665,ok,ok
rule_std-real_std,rule_std,real_std,2026,block_03,RPM,4,shifted,1,0,0,100,2000,numerator_arm_minus_denominator_arm,0.182,0.585,12.036547288298607,13.436603546142578,ok,ok
rule_std-real_std,rule_std,real_std,2026,block_03,RPM,4,shifted,1,0,1,101,2000,numerator_arm_minus_denominator_arm,0.018,0.7020000000000001,8.785814240574837,25.52108907699585,ok,ok
rule_std-real_std,rule_std,real_std,2026,block_03,RPM,4,shifted,1,1,0,110,2000,numerator_arm_minus_denominator_arm,0.152,0.6455000000000001,12.29535162448883,15.121711254119873,ok,ok
rule_std-real_std,rule_std,real_std,2026,block_03,RPM,4,shifted,1,1,1,111,2000,numerator_arm_minus_denominator_arm,0.0275,0.8165,7.9840391874313354,27.156226634979248,ok,ok
rule_std-real_std,rule_std,real_std,3407,block_01,Gear,3,canonical,0,0,0,000,2000,numerator_arm_minus_denominator_arm,1.0,1.0,35.5799346268177,66.62205481529236,ok,ok
rule_std-real_std,rule_std,real_std,3407,block_01,Gear,3,canonical,0,0,1,001,2000,numerator_arm_minus_denominator_arm,1.0,1.0,31.691400676965714,58.01607543230057,ok,ok
rule_std-real_std,rule_std,real_std,3407,block_01,Gear,3,canonical,0,1,0,010,2000,numerator_arm_minus_denominator_arm,1.0,1.0,47.46885859966278,101.25270116329193,ok,ok
rule_std-real_std,rule_std,real_std,3407,block_01,Gear,3,canonical,0,1,1,011,2000,numerator_arm_minus_denominator_arm,1.0,1.0,43.7171071767807,92.45416748523712,ok,ok
rule_std-real_std,rule_std,real_std,3407,block_01,Gear,3,canonical,1,0,0,100,2000,numerator_arm_minus_denominator_arm,0.19,0.15900000000000003,5.8295228481292725,8.392979621887207,ok,ok
rule_std-real_std,rule_std,real_std,3407,block_01,Gear,3,canonical,1,0,1,101,2000,numerator_arm_minus_denominator_arm,0.064,0.054500000000000104,4.3786301612854,6.087909698486328,ok,ok
rule_std-real_std,rule_std,real_std,3407,block_01,Gear,3,canonical,1,1,0,110,2000,numerator_arm_minus_denominator_arm,0.7425,0.25749999999999995,10.5762038230896,14.364677429199219,ok,ok
rule_std-real_std,rule_std,real_std,3407,block_01,Gear,3,canonical,1,1,1,111,2000,numerator_arm_minus_denominator_arm,0.544,0.2300000000000001,8.260157585144043,14.10128116607666,ok,ok
rule_std-real_std,rule_std,real_std,3407,block_01,Gear,3,shifted,0,0,0,000,2000,numerator_arm_minus_denominator_arm,1.0,1.0,35.622162610292435,66.7084573507309,ok,ok
rule_std-real_std,rule_std,real_std,3407,block_01,Gear,3,shifted,0,0,1,001,2000,numerator_arm_minus_denominator_arm,1.0,1.0,31.737588822841644,58.10041803121567,ok,ok
rule_std-real_std,rule_std,real_std,3407,block_01,Gear,3,shifted,0,1,0,010,2000,numerator_arm_minus_denominator_arm,1.0,1.0,47.542593479156494,101.41643419861794,ok,ok
rule_std-real_std,rule_std,real_std,3407,block_01,Gear,3,shifted,0,1,1,011,2000,numerator_arm_minus_denominator_arm,1.0,1.0,43.80156743526459,92.60830262303352,ok,ok
rule_std-real_std,rule_std,real_std,3407,block_01,Gear,3,shifted,1,0,0,100,2000,numerator_arm_minus_denominator_arm,0.1915,0.15850000000000009,5.849986791610718,8.389314651489258,ok,ok
rule_std-real_std,rule_std,real_std,3407,block_01,Gear,3,shifted,1,0,1,101,2000,numerator_arm_minus_denominator_arm,0.0645,0.05300000000000005,4.396029472351074,6.080788612365723,ok,ok
rule_std-real_std,rule_std,real_std,3407,block_01,Gear,3,shifted,1,1,0,110,2000,numerator_arm_minus_denominator_arm,0.747,0.257,10.618781805038452,14.42704963684082,ok,ok
rule_std-real_std,rule_std,real_std,3407,block_01,Gear,3,shifted,1,1,1,111,2000,numerator_arm_minus_denominator_arm,0.55,0.22950000000000004,8.299670457839966,14.14743709564209,ok,ok
rule_std-real_std,rule_std,real_std,3407,block_01,RPM,4,canonical,0,0,0,000,2000,numerator_arm_minus_denominator_arm,1.0,1.0,42.739342212677,63.865941882133484,ok,ok
rule_std-real_std,rule_std,real_std,3407,block_01,RPM,4,canonical,0,0,1,001,2000,numerator_arm_minus_denominator_arm,1.0,0.993,34.11596441268921,45.27094046026468,ok,ok
rule_std-real_std,rule_std,real_std,3407,block_01,RPM,4,canonical,0,1,0,010,2000,numerator_arm_minus_denominator_arm,0.9995,0.999,48.12776958942413,79.20189546048641,ok,ok
rule_std-real_std,rule_std,real_std,3407,block_01,RPM,4,canonical,0,1,1,011,2000,numerator_arm_minus_denominator_arm,0.9995,0.9725,41.52766063809395,75.96463060379028,ok,ok
rule_std-real_std,rule_std,real_std,3407,block_01,RPM,4,canonical,1,0,0,100,2000,numerator_arm_minus_denominator_arm,0.038500000000000006,0.30499999999999994,2.4830803871154785,7.930336952209473,ok,ok
rule_std-real_std,rule_std,real_std,3407,block_01,RPM,4,canonical,1,0,1,101,2000,numerator_arm_minus_denominator_arm,-0.015,0.0,1.093146800994873,3.357851028442383,ok,ok
rule_std-real_std,rule_std,real_std,3407,block_01,RPM,4,canonical,1,1,0,110,2000,numerator_arm_minus_denominator_arm,0.1225,0.29750000000000004,3.8366446495056152,6.822948455810547,ok,ok
rule_std-real_std,rule_std,real_std,3407,block_01,RPM,4,canonical,1,1,1,111,2000,numerator_arm_minus_denominator_arm,-0.022,0.0004999999999999449,1.0095429420471191,5.931642532348633,ok,ok
rule_std-real_std,rule_std,real_std,3407,block_01,RPM,4,shifted,0,0,0,000,2000,numerator_arm_minus_denominator_arm,1.0,1.0,40.438883781433105,62.20708405971527,ok,ok
rule_std-real_std,rule_std,real_std,3407,block_01,RPM,4,shifted,0,0,1,001,2000,numerator_arm_minus_denominator_arm,1.0,0.993,33.20477843284607,44.26990161836147,ok,ok
rule_std-real_std,rule_std,real_std,3407,block_01,RPM,4,shifted,0,1,0,010,2000,numerator_arm_minus_denominator_arm,0.9995,0.999,45.809892892837524,78.47268851101398,ok,ok
rule_std-real_std,rule_std,real_std,3407,block_01,RPM,4,shifted,0,1,1,011,2000,numerator_arm_minus_denominator_arm,0.9995,0.973,38.612861692905426,75.0130774974823,ok,ok
rule_std-real_std,rule_std,real_std,3407,block_01,RPM,4,shifted,1,0,0,100,2000,numerator_arm_minus_denominator_arm,0.05800000000000001,0.3045,2.8158979415893555,8.033689498901367,ok,ok
rule_std-real_std,rule_std,real_std,3407,block_01,RPM,4,shifted,1,0,1,101,2000,numerator_arm_minus_denominator_arm,-0.013,0.0,1.3311080932617188,3.4303131103515625,ok,ok
rule_std-real_std,rule_std,real_std,3407,block_01,RPM,4,shifted,1,1,0,110,2000,numerator_arm_minus_denominator_arm,0.126,0.30300000000000005,3.845653533935547,7.042182922363281,ok,ok
rule_std-real_std,rule_std,real_std,3407,block_01,RPM,4,shifted,1,1,1,111,2000,numerator_arm_minus_denominator_arm,-0.022,0.0,0.9635729789733887,6.010683059692383,ok,ok
rule_std-real_std,rule_std,real_std,3407,block_02,Gear,3,canonical,0,0,0,000,2000,numerator_arm_minus_denominator_arm,0.999,0.999,35.680988140404224,66.79465985298157,ok,ok
rule_std-real_std,rule_std,real_std,3407,block_02,Gear,3,canonical,0,0,1,001,2000,numerator_arm_minus_denominator_arm,0.999,0.999,31.736985564231873,58.07231366634369,ok,ok
rule_std-real_std,rule_std,real_std,3407,block_02,Gear,3,canonical,0,1,0,010,2000,numerator_arm_minus_denominator_arm,0.999,0.999,47.55652505159378,101.30013984441757,ok,ok
rule_std-real_std,rule_std,real_std,3407,block_02,Gear,3,canonical,0,1,1,011,2000,numerator_arm_minus_denominator_arm,0.999,0.999,43.70675313472748,92.11181896924973,ok,ok
rule_std-real_std,rule_std,real_std,3407,block_02,Gear,3,canonical,1,0,0,100,2000,numerator_arm_minus_denominator_arm,0.1985,0.17900000000000005,5.9832963943481445,8.37742805480957,ok,ok
rule_std-real_std,rule_std,real_std,3407,block_02,Gear,3,canonical,1,0,1,101,2000,numerator_arm_minus_denominator_arm,0.076,0.057499999999999996,4.498143434524536,6.170483589172363,ok,ok
rule_std-real_std,rule_std,real_std,3407,block_02,Gear,3,canonical,1,1,0,110,2000,numerator_arm_minus_denominator_arm,0.751,0.251,10.672930479049683,14.412415504455566,ok,ok
rule_std-real_std,rule_std,real_std,3407,block_02,Gear,3,canonical,1,1,1,111,2000,numerator_arm_minus_denominator_arm,0.52,0.2310000000000001,8.275583982467651,14.08676815032959,ok,ok
rule_std-real_std,rule_std,real_std,3407,block_02,Gear,3,shifted,0,0,0,000,2000,numerator_arm_minus_denominator_arm,0.999,0.999,35.72324639558792,66.8814685344696,ok,ok
rule_std-real_std,rule_std,real_std,3407,block_02,Gear,3,shifted,0,0,1,001,2000,numerator_arm_minus_denominator_arm,0.999,0.999,31.78303173184395,58.15669518709183,ok,ok
rule_std-real_std,rule_std,real_std,3407,block_02,Gear,3,shifted,0,1,0,010,2000,numerator_arm_minus_denominator_arm,0.999,0.999,47.63045573234558,101.4641230404377,ok,ok
rule_std-real_std,rule_std,real_std,3407,block_02,Gear,3,shifted,0,1,1,011,2000,numerator_arm_minus_denominator_arm,0.999,0.999,43.79233902692795,92.26642242074013,ok,ok
rule_std-real_std,rule_std,real_std,3407,block_02,Gear,3,shifted,1,0,0,100,2000,numerator_arm_minus_denominator_arm,0.2025,0.1785,6.003523349761963,8.374676704406738,ok,ok
rule_std-real_std,rule_std,real_std,3407,block_02,Gear,3,shifted,1,0,1,101,2000,numerator_arm_minus_denominator_arm,0.0775,0.056499999999999995,4.5154876708984375,6.163874626159668,ok,ok
rule_std-real_std,rule_std,real_std,3407,block_02,Gear,3,shifted,1,1,0,110,2000,numerator_arm_minus_denominator_arm,0.754,0.251,10.715592980384827,14.475188255310059,ok,ok
rule_std-real_std,rule_std,real_std,3407,block_02,Gear,3,shifted,1,1,1,111,2000,numerator_arm_minus_denominator_arm,0.525,0.2300000000000001,8.31535291671753,14.131879806518555,ok,ok
rule_std-real_std,rule_std,real_std,3407,block_02,RPM,4,canonical,0,0,0,000,2000,numerator_arm_minus_denominator_arm,0.999,0.999,42.66446304321289,63.83326840400696,ok,ok
rule_std-real_std,rule_std,real_std,3407,block_02,RPM,4,canonical,0,0,1,001,2000,numerator_arm_minus_denominator_arm,0.999,0.9915,34.13449501991272,45.34044710546732,ok,ok
rule_std-real_std,rule_std,real_std,3407,block_02,RPM,4,canonical,0,1,0,010,2000,numerator_arm_minus_denominator_arm,0.999,0.998,48.08998531103134,79.09651903808117,ok,ok
rule_std-real_std,rule_std,real_std,3407,block_02,RPM,4,canonical,0,1,1,011,2000,numerator_arm_minus_denominator_arm,0.9975,0.9595,41.6273735165596,75.79333972930908,ok,ok
rule_std-real_std,rule_std,real_std,3407,block_02,RPM,4,canonical,1,0,0,100,2000,numerator_arm_minus_denominator_arm,0.041999999999999996,0.29399999999999993,2.5123629570007324,7.91795539855957,ok,ok
rule_std-real_std,rule_std,real_std,3407,block_02,RPM,4,canonical,1,0,1,101,2000,numerator_arm_minus_denominator_arm,-0.0115,0.0004999999999999449,1.1087117195129395,3.335660934448242,ok,ok
rule_std-real_std,rule_std,real_std,3407,block_02,RPM,4,canonical,1,1,0,110,2000,numerator_arm_minus_denominator_arm,0.1115,0.272,3.891214370727539,6.720264434814453,ok,ok
rule_std-real_std,rule_std,real_std,3407,block_02,RPM,4,canonical,1,1,1,111,2000,numerator_arm_minus_denominator_arm,-0.0175,0.000500000000000056,1.1480045318603516,5.8926544189453125,ok,ok
rule_std-real_std,rule_std,real_std,3407,block_02,RPM,4,shifted,0,0,0,000,2000,numerator_arm_minus_denominator_arm,0.999,0.999,40.35612368583679,62.15879064798355,ok,ok
rule_std-real_std,rule_std,real_std,3407,block_02,RPM,4,shifted,0,0,1,001,2000,numerator_arm_minus_denominator_arm,0.999,0.993,33.229609966278076,44.3281160145998,ok,ok
rule_std-real_std,rule_std,real_std,3407,block_02,RPM,4,shifted,0,1,0,010,2000,numerator_arm_minus_denominator_arm,0.999,0.998,45.76368725299835,78.34554633498192,ok,ok
rule_std-real_std,rule_std,real_std,3407,block_02,RPM,4,shifted,0,1,1,011,2000,numerator_arm_minus_denominator_arm,0.9975,0.962,38.73919153213501,74.8338463306427,ok,ok
rule_std-real_std,rule_std,real_std,3407,block_02,RPM,4,shifted,1,0,0,100,2000,numerator_arm_minus_denominator_arm,0.06349999999999999,0.2929999999999999,2.8407816886901855,8.016183853149414,ok,ok
rule_std-real_std,rule_std,real_std,3407,block_02,RPM,4,shifted,1,0,1,101,2000,numerator_arm_minus_denominator_arm,-0.01,0.0,1.343888759613037,3.4081783294677734,ok,ok
rule_std-real_std,rule_std,real_std,3407,block_02,RPM,4,shifted,1,1,0,110,2000,numerator_arm_minus_denominator_arm,0.112,0.2765000000000001,3.8991146087646484,6.934264183044434,ok,ok
rule_std-real_std,rule_std,real_std,3407,block_02,RPM,4,shifted,1,1,1,111,2000,numerator_arm_minus_denominator_arm,-0.0165,0.0,1.09965181350708,5.962261199951172,ok,ok
rule_std-real_std,rule_std,real_std,3407,block_03,Gear,3,canonical,0,0,0,000,2000,numerator_arm_minus_denominator_arm,1.0,1.0,35.39416082948446,66.42341017723083,ok,ok
rule_std-real_std,rule_std,real_std,3407,block_03,Gear,3,canonical,0,0,1,001,2000,numerator_arm_minus_denominator_arm,1.0,1.0,31.572831988334656,57.896849393844604,ok,ok
rule_std-real_std,rule_std,real_std,3407,block_03,Gear,3,canonical,0,1,0,010,2000,numerator_arm_minus_denominator_arm,0.999,0.999,47.45301580429077,101.41076257824898,ok,ok
rule_std-real_std,rule_std,real_std,3407,block_03,Gear,3,canonical,0,1,1,011,2000,numerator_arm_minus_denominator_arm,0.9995,0.9995,43.67797249555588,92.58388897776604,ok,ok
rule_std-real_std,rule_std,real_std,3407,block_03,Gear,3,canonical,1,0,0,100,2000,numerator_arm_minus_denominator_arm,0.1965,0.15750000000000008,5.825366973876953,8.072871208190918,ok,ok
rule_std-real_std,rule_std,real_std,3407,block_03,Gear,3,canonical,1,0,1,101,2000,numerator_arm_minus_denominator_arm,0.072,0.049000000000000044,4.378000259399414,5.8751373291015625,ok,ok
rule_std-real_std,rule_std,real_std,3407,block_03,Gear,3,canonical,1,1,0,110,2000,numerator_arm_minus_denominator_arm,0.7575,0.254,10.630970239639282,14.242587089538574,ok,ok
rule_std-real_std,rule_std,real_std,3407,block_03,Gear,3,canonical,1,1,1,111,2000,numerator_arm_minus_denominator_arm,0.5425000000000001,0.237,8.289710760116577,14.045763969421387,ok,ok
rule_std-real_std,rule_std,real_std,3407,block_03,Gear,3,shifted,0,0,0,000,2000,numerator_arm_minus_denominator_arm,1.0,1.0,35.436276502907276,66.5097017288208,ok,ok
rule_std-real_std,rule_std,real_std,3407,block_03,Gear,3,shifted,0,0,1,001,2000,numerator_arm_minus_denominator_arm,1.0,1.0,31.61894553899765,57.98074817657471,ok,ok
rule_std-real_std,rule_std,real_std,3407,block_03,Gear,3,shifted,0,1,0,010,2000,numerator_arm_minus_denominator_arm,0.999,0.999,47.527578711509705,101.57435443997383,ok,ok
rule_std-real_std,rule_std,real_std,3407,block_03,Gear,3,shifted,0,1,1,011,2000,numerator_arm_minus_denominator_arm,0.9995,0.9995,43.7642343044281,92.73815476894379,ok,ok
rule_std-real_std,rule_std,real_std,3407,block_03,Gear,3,shifted,1,0,0,100,2000,numerator_arm_minus_denominator_arm,0.1995,0.15750000000000008,5.845600366592407,8.070137977600098,ok,ok
rule_std-real_std,rule_std,real_std,3407,block_03,Gear,3,shifted,1,0,1,101,2000,numerator_arm_minus_denominator_arm,0.073,0.049000000000000044,4.395277976989746,5.868465423583984,ok,ok
rule_std-real_std,rule_std,real_std,3407,block_03,Gear,3,shifted,1,1,0,110,2000,numerator_arm_minus_denominator_arm,0.7625,0.25349999999999995,10.673813223838806,14.305880546569824,ok,ok
rule_std-real_std,rule_std,real_std,3407,block_03,Gear,3,shifted,1,1,1,111,2000,numerator_arm_minus_denominator_arm,0.5465000000000001,0.23650000000000004,8.329337358474731,14.091957092285156,ok,ok
rule_std-real_std,rule_std,real_std,3407,block_03,RPM,4,canonical,0,0,0,000,2000,numerator_arm_minus_denominator_arm,1.0,1.0,42.487627267837524,63.688187539577484,ok,ok
rule_std-real_std,rule_std,real_std,3407,block_03,RPM,4,canonical,0,0,1,001,2000,numerator_arm_minus_denominator_arm,1.0,0.9925,33.92934203147888,45.280125595629215,ok,ok
rule_std-real_std,rule_std,real_std,3407,block_03,RPM,4,canonical,0,1,0,010,2000,numerator_arm_minus_denominator_arm,1.0,0.9985,47.96387815475464,79.45720864832401,ok,ok
rule_std-real_std,rule_std,real_std,3407,block_03,RPM,4,canonical,0,1,1,011,2000,numerator_arm_minus_denominator_arm,0.9995,0.9655,41.60094591975212,76.38481879234314,ok,ok
rule_std-real_std,rule_std,real_std,3407,block_03,RPM,4,canonical,1,0,0,100,2000,numerator_arm_minus_denominator_arm,0.048,0.3045,2.4731879234313965,8.094348907470703,ok,ok
rule_std-real_std,rule_std,real_std,3407,block_03,RPM,4,canonical,1,0,1,101,2000,numerator_arm_minus_denominator_arm,-0.0085,0.0,1.0252957344055176,3.355783462524414,ok,ok
rule_std-real_std,rule_std,real_std,3407,block_03,RPM,4,canonical,1,1,0,110,2000,numerator_arm_minus_denominator_arm,0.1125,0.28600000000000003,3.8487119674682617,6.780901908874512,ok,ok
rule_std-real_std,rule_std,real_std,3407,block_03,RPM,4,canonical,1,1,1,111,2000,numerator_arm_minus_denominator_arm,-0.018499999999999996,0.0010000000000000009,0.995758056640625,6.048480987548828,ok,ok
rule_std-real_std,rule_std,real_std,3407,block_03,RPM,4,shifted,0,0,0,000,2000,numerator_arm_minus_denominator_arm,1.0,1.0,40.213236808776855,62.04760777950287,ok,ok
rule_std-real_std,rule_std,real_std,3407,block_03,RPM,4,shifted,0,0,1,001,2000,numerator_arm_minus_denominator_arm,1.0,0.993,33.02970862388611,44.28374829143286,ok,ok
rule_std-real_std,rule_std,real_std,3407,block_03,RPM,4,shifted,0,1,0,010,2000,numerator_arm_minus_denominator_arm,1.0,0.9985,45.64420175552368,78.7158054113388,ok,ok
rule_std-real_std,rule_std,real_std,3407,block_03,RPM,4,shifted,0,1,1,011,2000,numerator_arm_minus_denominator_arm,0.9995,0.967,38.697909861803055,75.42144274711609,ok,ok
rule_std-real_std,rule_std,real_std,3407,block_03,RPM,4,shifted,1,0,0,100,2000,numerator_arm_minus_denominator_arm,0.06749999999999999,0.2995,2.805637836456299,8.192413330078125,ok,ok
rule_std-real_std,rule_std,real_std,3407,block_03,RPM,4,shifted,1,0,1,101,2000,numerator_arm_minus_denominator_arm,-0.008,0.0,1.2562060356140137,3.431427001953125,ok,ok
rule_std-real_std,rule_std,real_std,3407,block_03,RPM,4,shifted,1,1,0,110,2000,numerator_arm_minus_denominator_arm,0.117,0.29250000000000004,3.855863094329834,7.008841514587402,ok,ok
rule_std-real_std,rule_std,real_std,3407,block_03,RPM,4,shifted,1,1,1,111,2000,numerator_arm_minus_denominator_arm,-0.018999999999999996,0.0010000000000000009,0.9469356536865234,6.120798110961914,ok,ok
placebo_std-real_std,placebo_std,real_std,7,block_01,Gear,3,canonical,0,0,0,000,2000,numerator_arm_minus_denominator_arm,0.9965,0.9935,31.6971116065979,66.23483848571777,ok,ok
placebo_std-real_std,placebo_std,real_std,7,block_01,Gear,3,canonical,0,0,1,001,2000,numerator_arm_minus_denominator_arm,0.999,0.9935,28.48362708091736,56.1204559803009,ok,ok
placebo_std-real_std,placebo_std,real_std,7,block_01,Gear,3,canonical,0,1,0,010,2000,numerator_arm_minus_denominator_arm,0.982,0.98,44.58104181289673,108.74886679649353,ok,ok
placebo_std-real_std,placebo_std,real_std,7,block_01,Gear,3,canonical,0,1,1,011,2000,numerator_arm_minus_denominator_arm,0.994,0.9935,40.66864776611328,95.73090827465057,ok,ok
placebo_std-real_std,placebo_std,real_std,7,block_01,Gear,3,canonical,1,0,0,100,2000,numerator_arm_minus_denominator_arm,0.002,0.122,-0.29737401008605957,23.047585487365723,ok,ok
placebo_std-real_std,placebo_std,real_std,7,block_01,Gear,3,canonical,1,0,1,101,2000,numerator_arm_minus_denominator_arm,0.0,0.05500000000000005,-0.940284252166748,22.031322479248047,ok,ok
placebo_std-real_std,placebo_std,real_std,7,block_01,Gear,3,canonical,1,1,0,110,2000,numerator_arm_minus_denominator_arm,0.206,0.6025,5.792476177215576,32.97297763824463,ok,ok
placebo_std-real_std,placebo_std,real_std,7,block_01,Gear,3,canonical,1,1,1,111,2000,numerator_arm_minus_denominator_arm,0.075,0.6950000000000001,4.376592636108398,33.80246829986572,ok,ok
placebo_std-real_std,placebo_std,real_std,7,block_01,Gear,3,shifted,0,0,0,000,2000,numerator_arm_minus_denominator_arm,0.9965,0.9935,31.765985250473022,66.3108559846878,ok,ok
placebo_std-real_std,placebo_std,real_std,7,block_01,Gear,3,shifted,0,0,1,001,2000,numerator_arm_minus_denominator_arm,0.999,0.9935,28.556402444839478,56.19506919384003,ok,ok
placebo_std-real_std,placebo_std,real_std,7,block_01,Gear,3,shifted,0,1,0,010,2000,numerator_arm_minus_denominator_arm,0.982,0.98,44.775309562683105,108.92245888710022,ok,ok
placebo_std-real_std,placebo_std,real_std,7,block_01,Gear,3,shifted,0,1,1,011,2000,numerator_arm_minus_denominator_arm,0.994,0.9935,40.850284814834595,95.89726209640503,ok,ok
placebo_std-real_std,placebo_std,real_std,7,block_01,Gear,3,shifted,1,0,0,100,2000,numerator_arm_minus_denominator_arm,0.002,0.121,-0.27536916732788086,23.0651216506958,ok,ok
placebo_std-real_std,placebo_std,real_std,7,block_01,Gear,3,shifted,1,0,1,101,2000,numerator_arm_minus_denominator_arm,0.0,0.05500000000000005,-0.9194736480712891,22.046568870544434,ok,ok
placebo_std-real_std,placebo_std,real_std,7,block_01,Gear,3,shifted,1,1,0,110,2000,numerator_arm_minus_denominator_arm,0.2105,0.6025,5.849120378494263,33.02654552459717,ok,ok
placebo_std-real_std,placebo_std,real_std,7,block_01,Gear,3,shifted,1,1,1,111,2000,numerator_arm_minus_denominator_arm,0.078,0.6950000000000001,4.429593324661255,33.84064197540283,ok,ok
placebo_std-real_std,placebo_std,real_std,7,block_01,RPM,4,canonical,0,0,0,000,2000,numerator_arm_minus_denominator_arm,1.0,0.9925,41.23534440994263,68.41214001178741,ok,ok
placebo_std-real_std,placebo_std,real_std,7,block_01,RPM,4,canonical,0,0,1,001,2000,numerator_arm_minus_denominator_arm,1.0,0.9555,28.636964708566666,45.5975558757782,ok,ok
placebo_std-real_std,placebo_std,real_std,7,block_01,RPM,4,canonical,0,1,0,010,2000,numerator_arm_minus_denominator_arm,1.0,0.9795,47.719941690564156,86.89013576507568,ok,ok
placebo_std-real_std,placebo_std,real_std,7,block_01,RPM,4,canonical,0,1,1,011,2000,numerator_arm_minus_denominator_arm,1.0,0.9205,41.70454549789429,83.54915738105774,ok,ok
placebo_std-real_std,placebo_std,real_std,7,block_01,RPM,4,canonical,1,0,0,100,2000,numerator_arm_minus_denominator_arm,0.08449999999999999,0.4445,3.6338295936584473,15.482745170593262,ok,ok
placebo_std-real_std,placebo_std,real_std,7,block_01,RPM,4,canonical,1,0,1,101,2000,numerator_arm_minus_denominator_arm,-0.049,0.0020000000000000018,-3.2697558403015137,9.297590255737305,ok,ok
placebo_std-real_std,placebo_std,real_std,7,block_01,RPM,4,canonical,1,1,0,110,2000,numerator_arm_minus_denominator_arm,0.1965,0.6615,4.923051834106445,16.650208950042725,ok,ok
placebo_std-real_std,placebo_std,real_std,7,block_01,RPM,4,canonical,1,1,1,111,2000,numerator_arm_minus_denominator_arm,-0.0975,0.05900000000000005,-3.0680525302886963,23.542495727539062,ok,ok
placebo_std-real_std,placebo_std,real_std,7,block_01,RPM,4,shifted,0,0,0,000,2000,numerator_arm_minus_denominator_arm,1.0,0.992,39.32194936275482,66.83595812320709,ok,ok
placebo_std-real_std,placebo_std,real_std,7,block_01,RPM,4,shifted,0,0,1,001,2000,numerator_arm_minus_denominator_arm,1.0,0.958,27.803996682167053,44.70705556869507,ok,ok
placebo_std-real_std,placebo_std,real_std,7,block_01,RPM,4,shifted,0,1,0,010,2000,numerator_arm_minus_denominator_arm,1.0,0.9795,45.80041305720806,86.32576751708984,ok,ok
placebo_std-real_std,placebo_std,real_std,7,block_01,RPM,4,shifted,0,1,1,011,2000,numerator_arm_minus_denominator_arm,1.0,0.919,39.99123069643974,82.8709237575531,ok,ok
placebo_std-real_std,placebo_std,real_std,7,block_01,RPM,4,shifted,1,0,0,100,2000,numerator_arm_minus_denominator_arm,0.0915,0.4295,3.790982723236084,15.74699592590332,ok,ok
placebo_std-real_std,placebo_std,real_std,7,block_01,RPM,4,shifted,1,0,1,101,2000,numerator_arm_minus_denominator_arm,-0.049,0.0010000000000000009,-3.2246017456054688,9.559770584106445,ok,ok
placebo_std-real_std,placebo_std,real_std,7,block_01,RPM,4,shifted,1,1,0,110,2000,numerator_arm_minus_denominator_arm,0.20350000000000001,0.659,4.983188152313232,17.039688110351562,ok,ok
placebo_std-real_std,placebo_std,real_std,7,block_01,RPM,4,shifted,1,1,1,111,2000,numerator_arm_minus_denominator_arm,-0.0935,0.057499999999999996,-3.0652570724487305,23.994966506958008,ok,ok
placebo_std-real_std,placebo_std,real_std,7,block_02,Gear,3,canonical,0,0,0,000,2000,numerator_arm_minus_denominator_arm,0.997,0.993,31.70323622226715,66.20398938655853,ok,ok
placebo_std-real_std,placebo_std,real_std,7,block_02,Gear,3,canonical,0,0,1,001,2000,numerator_arm_minus_denominator_arm,0.9975,0.9945,28.4687420129776,55.96458292007446,ok,ok
placebo_std-real_std,placebo_std,real_std,7,block_02,Gear,3,canonical,0,1,0,010,2000,numerator_arm_minus_denominator_arm,0.985,0.982,44.74918842315674,108.96257948875427,ok,ok
placebo_std-real_std,placebo_std,real_std,7,block_02,Gear,3,canonical,0,1,1,011,2000,numerator_arm_minus_denominator_arm,0.995,0.994,40.62454319000244,95.51121234893799,ok,ok
placebo_std-real_std,placebo_std,real_std,7,block_02,Gear,3,canonical,1,0,0,100,2000,numerator_arm_minus_denominator_arm,0.0015,0.13149999999999995,-0.1360635757446289,22.65003776550293,ok,ok
placebo_std-real_std,placebo_std,real_std,7,block_02,Gear,3,canonical,1,0,1,101,2000,numerator_arm_minus_denominator_arm,0.0,0.050000000000000044,-0.7993762493133545,21.84507942199707,ok,ok
placebo_std-real_std,placebo_std,real_std,7,block_02,Gear,3,canonical,1,1,0,110,2000,numerator_arm_minus_denominator_arm,0.2035,0.5680000000000001,5.855193614959717,33.25682210922241,ok,ok
placebo_std-real_std,placebo_std,real_std,7,block_02,Gear,3,canonical,1,1,1,111,2000,numerator_arm_minus_denominator_arm,0.075,0.6815,4.290838003158569,34.1765341758728,ok,ok
placebo_std-real_std,placebo_std,real_std,7,block_02,Gear,3,shifted,0,0,0,000,2000,numerator_arm_minus_denominator_arm,0.997,0.9925,31.774585366249084,66.27982580661774,ok,ok
placebo_std-real_std,placebo_std,real_std,7,block_02,Gear,3,shifted,0,0,1,001,2000,numerator_arm_minus_denominator_arm,0.9975,0.9945,28.541895151138306,56.03823149204254,ok,ok
placebo_std-real_std,placebo_std,real_std,7,block_02,Gear,3,shifted,0,1,0,010,2000,numerator_arm_minus_denominator_arm,0.985,0.982,44.94065618515015,109.13592982292175,ok,ok
placebo_std-real_std,placebo_std,real_std,7,block_02,Gear,3,shifted,0,1,1,011,2000,numerator_arm_minus_denominator_arm,0.995,0.994,40.8066668510437,95.67747235298157,ok,ok
placebo_std-real_std,placebo_std,real_std,7,block_02,Gear,3,shifted,1,0,0,100,2000,numerator_arm_minus_denominator_arm,0.0015,0.13149999999999995,-0.1141958236694336,22.668170928955078,ok,ok
placebo_std-real_std,placebo_std,real_std,7,block_02,Gear,3,shifted,1,0,1,101,2000,numerator_arm_minus_denominator_arm,0.0,0.049000000000000044,-0.7785656452178955,21.860570907592773,ok,ok
placebo_std-real_std,placebo_std,real_std,7,block_02,Gear,3,shifted,1,1,0,110,2000,numerator_arm_minus_denominator_arm,0.207,0.5680000000000001,5.912455797195435,33.310264110565186,ok,ok
placebo_std-real_std,placebo_std,real_std,7,block_02,Gear,3,shifted,1,1,1,111,2000,numerator_arm_minus_denominator_arm,0.0765,0.6815,4.3441925048828125,34.21433687210083,ok,ok
placebo_std-real_std,placebo_std,real_std,7,block_02,RPM,4,canonical,0,0,0,000,2000,numerator_arm_minus_denominator_arm,1.0,0.9925,41.04904866218567,68.33510708808899,ok,ok
placebo_std-real_std,placebo_std,real_std,7,block_02,RPM,4,canonical,0,0,1,001,2000,numerator_arm_minus_denominator_arm,1.0,0.961,28.613599956035614,45.79549551010132,ok,ok
placebo_std-real_std,placebo_std,real_std,7,block_02,RPM,4,canonical,0,1,0,010,2000,numerator_arm_minus_denominator_arm,1.0,0.9795,47.73584396019578,86.97005677223206,ok,ok
placebo_std-real_std,placebo_std,real_std,7,block_02,RPM,4,canonical,0,1,1,011,2000,numerator_arm_minus_denominator_arm,1.0,0.927,41.75185516476631,83.45450735092163,ok,ok
placebo_std-real_std,placebo_std,real_std,7,block_02,RPM,4,canonical,1,0,0,100,2000,numerator_arm_minus_denominator_arm,0.0905,0.4455,3.614877223968506,15.721061706542969,ok,ok
placebo_std-real_std,placebo_std,real_std,7,block_02,RPM,4,canonical,1,0,1,101,2000,numerator_arm_minus_denominator_arm,-0.056,0.005499999999999949,-3.2666386365890503,9.335712432861328,ok,ok
placebo_std-real_std,placebo_std,real_std,7,block_02,RPM,4,canonical,1,1,0,110,2000,numerator_arm_minus_denominator_arm,0.1695,0.6455,4.776564598083496,16.821594715118408,ok,ok
placebo_std-real_std,placebo_std,real_std,7,block_02,RPM,4,canonical,1,1,1,111,2000,numerator_arm_minus_denominator_arm,-0.112,0.056499999999999995,-3.0886006355285645,23.625057220458984,ok,ok
placebo_std-real_std,placebo_std,real_std,7,block_02,RPM,4,shifted,0,0,0,000,2000,numerator_arm_minus_denominator_arm,1.0,0.991,39.10116708278656,66.73517417907715,ok,ok
placebo_std-real_std,placebo_std,real_std,7,block_02,RPM,4,shifted,0,0,1,001,2000,numerator_arm_minus_denominator_arm,1.0,0.9605,27.772131830453873,44.893253326416016,ok,ok
placebo_std-real_std,placebo_std,real_std,7,block_02,RPM,4,shifted,0,1,0,010,2000,numerator_arm_minus_denominator_arm,0.9995,0.979,45.82162298262119,86.38728475570679,ok,ok
placebo_std-real_std,placebo_std,real_std,7,block_02,RPM,4,shifted,0,1,1,011,2000,numerator_arm_minus_denominator_arm,1.0,0.926,40.02292588353157,82.77064895629883,ok,ok
placebo_std-real_std,placebo_std,real_std,7,block_02,RPM,4,shifted,1,0,0,100,2000,numerator_arm_minus_denominator_arm,0.10299999999999998,0.42900000000000005,3.768105983734131,15.989623069763184,ok,ok
placebo_std-real_std,placebo_std,real_std,7,block_02,RPM,4,shifted,1,0,1,101,2000,numerator_arm_minus_denominator_arm,-0.0535,0.005499999999999949,-3.226374864578247,9.599781036376953,ok,ok
placebo_std-real_std,placebo_std,real_std,7,block_02,RPM,4,shifted,1,1,0,110,2000,numerator_arm_minus_denominator_arm,0.1785,0.6479999999999999,4.83916711807251,17.208081245422363,ok,ok
placebo_std-real_std,placebo_std,real_std,7,block_02,RPM,4,shifted,1,1,1,111,2000,numerator_arm_minus_denominator_arm,-0.111,0.05600000000000005,-3.0885417461395264,24.075157165527344,ok,ok
placebo_std-real_std,placebo_std,real_std,7,block_03,Gear,3,canonical,0,0,0,000,2000,numerator_arm_minus_denominator_arm,0.997,0.992,31.619281888008118,66.11241614818573,ok,ok
placebo_std-real_std,placebo_std,real_std,7,block_03,Gear,3,canonical,0,0,1,001,2000,numerator_arm_minus_denominator_arm,0.9975,0.9925,28.422544240951538,56.154640674591064,ok,ok
placebo_std-real_std,placebo_std,real_std,7,block_03,Gear,3,canonical,0,1,0,010,2000,numerator_arm_minus_denominator_arm,0.9855,0.9845,44.533114194869995,108.80474209785461,ok,ok
placebo_std-real_std,placebo_std,real_std,7,block_03,Gear,3,canonical,0,1,1,011,2000,numerator_arm_minus_denominator_arm,0.996,0.996,40.50853180885315,95.55381226539612,ok,ok
placebo_std-real_std,placebo_std,real_std,7,block_03,Gear,3,canonical,1,0,0,100,2000,numerator_arm_minus_denominator_arm,0.001,0.11750000000000005,-0.1978745460510254,23.034339904785156,ok,ok
placebo_std-real_std,placebo_std,real_std,7,block_03,Gear,3,canonical,1,0,1,101,2000,numerator_arm_minus_denominator_arm,0.0,0.05449999999999999,-0.8404395580291748,22.197723388671875,ok,ok
placebo_std-real_std,placebo_std,real_std,7,block_03,Gear,3,canonical,1,1,0,110,2000,numerator_arm_minus_denominator_arm,0.197,0.6114999999999999,5.858766555786133,32.88470506668091,ok,ok
placebo_std-real_std,placebo_std,real_std,7,block_03,Gear,3,canonical,1,1,1,111,2000,numerator_arm_minus_denominator_arm,0.0735,0.7304999999999999,4.394473552703857,33.80743646621704,ok,ok
placebo_std-real_std,placebo_std,real_std,7,block_03,Gear,3,shifted,0,0,0,000,2000,numerator_arm_minus_denominator_arm,0.997,0.992,31.689873695373535,66.18828749656677,ok,ok
placebo_std-real_std,placebo_std,real_std,7,block_03,Gear,3,shifted,0,0,1,001,2000,numerator_arm_minus_denominator_arm,0.9975,0.9925,28.496775031089783,56.22839832305908,ok,ok
placebo_std-real_std,placebo_std,real_std,7,block_03,Gear,3,shifted,0,1,0,010,2000,numerator_arm_minus_denominator_arm,0.9855,0.9845,44.729063749313354,108.97859025001526,ok,ok
placebo_std-real_std,placebo_std,real_std,7,block_03,Gear,3,shifted,0,1,1,011,2000,numerator_arm_minus_denominator_arm,0.996,0.996,40.692965269088745,95.7207578420639,ok,ok
placebo_std-real_std,placebo_std,real_std,7,block_03,Gear,3,shifted,1,0,0,100,2000,numerator_arm_minus_denominator_arm,0.001,0.11750000000000005,-0.17595148086547852,23.051966667175293,ok,ok
placebo_std-real_std,placebo_std,real_std,7,block_03,Gear,3,shifted,1,0,1,101,2000,numerator_arm_minus_denominator_arm,0.0,0.05449999999999999,-0.8195055723190308,22.212682723999023,ok,ok
placebo_std-real_std,placebo_std,real_std,7,block_03,Gear,3,shifted,1,1,0,110,2000,numerator_arm_minus_denominator_arm,0.201,0.6114999999999999,5.91532039642334,32.93768310546875,ok,ok
placebo_std-real_std,placebo_std,real_std,7,block_03,Gear,3,shifted,1,1,1,111,2000,numerator_arm_minus_denominator_arm,0.0765,0.7304999999999999,4.4474616050720215,33.84553670883179,ok,ok
placebo_std-real_std,placebo_std,real_std,7,block_03,RPM,4,canonical,0,0,0,000,2000,numerator_arm_minus_denominator_arm,1.0,0.993,41.25302278995514,68.52787828445435,ok,ok
placebo_std-real_std,placebo_std,real_std,7,block_03,RPM,4,canonical,0,0,1,001,2000,numerator_arm_minus_denominator_arm,1.0,0.954,28.664707839488983,45.83531379699707,ok,ok
placebo_std-real_std,placebo_std,real_std,7,block_03,RPM,4,canonical,0,1,0,010,2000,numerator_arm_minus_denominator_arm,1.0,0.976,47.7442779019475,87.0644006729126,ok,ok
placebo_std-real_std,placebo_std,real_std,7,block_03,RPM,4,canonical,0,1,1,011,2000,numerator_arm_minus_denominator_arm,1.0,0.9235,41.74271568655968,83.58172655105591,ok,ok
placebo_std-real_std,placebo_std,real_std,7,block_03,RPM,4,canonical,1,0,0,100,2000,numerator_arm_minus_denominator_arm,0.10200000000000001,0.4455,3.671323299407959,15.739917755126953,ok,ok
placebo_std-real_std,placebo_std,real_std,7,block_03,RPM,4,canonical,1,0,1,101,2000,numerator_arm_minus_denominator_arm,-0.0515,0.0050000000000000044,-3.220606565475464,9.628345489501953,ok,ok
placebo_std-real_std,placebo_std,real_std,7,block_03,RPM,4,canonical,1,1,0,110,2000,numerator_arm_minus_denominator_arm,0.1815,0.635,4.922438144683838,16.8802490234375,ok,ok
placebo_std-real_std,placebo_std,real_std,7,block_03,RPM,4,canonical,1,1,1,111,2000,numerator_arm_minus_denominator_arm,-0.1025,0.057499999999999996,-3.0946788787841797,23.705360412597656,ok,ok
placebo_std-real_std,placebo_std,real_std,7,block_03,RPM,4,shifted,0,0,0,000,2000,numerator_arm_minus_denominator_arm,1.0,0.993,39.346694231033325,66.96713483333588,ok,ok
placebo_std-real_std,placebo_std,real_std,7,block_03,RPM,4,shifted,0,0,1,001,2000,numerator_arm_minus_denominator_arm,1.0,0.9565,27.82701727747917,44.95743274688721,ok,ok
placebo_std-real_std,placebo_std,real_std,7,block_03,RPM,4,shifted,0,1,0,010,2000,numerator_arm_minus_denominator_arm,1.0,0.9755,45.84614239633083,86.4866635799408,ok,ok
placebo_std-real_std,placebo_std,real_std,7,block_03,RPM,4,shifted,0,1,1,011,2000,numerator_arm_minus_denominator_arm,1.0,0.92,40.025681257247925,82.90767574310303,ok,ok
placebo_std-real_std,placebo_std,real_std,7,block_03,RPM,4,shifted,1,0,0,100,2000,numerator_arm_minus_denominator_arm,0.11099999999999999,0.43800000000000006,3.831521511077881,16.01577091217041,ok,ok
placebo_std-real_std,placebo_std,real_std,7,block_03,RPM,4,shifted,1,0,1,101,2000,numerator_arm_minus_denominator_arm,-0.0505,0.0044999999999999485,-3.17872154712677,9.896577835083008,ok,ok
placebo_std-real_std,placebo_std,real_std,7,block_03,RPM,4,shifted,1,1,0,110,2000,numerator_arm_minus_denominator_arm,0.186,0.6335,4.985189437866211,17.272209644317627,ok,ok
placebo_std-real_std,placebo_std,real_std,7,block_03,RPM,4,shifted,1,1,1,111,2000,numerator_arm_minus_denominator_arm,-0.09899999999999999,0.05600000000000005,-3.094278573989868,24.159828186035156,ok,ok
placebo_std-real_std,placebo_std,real_std,42,block_01,Gear,3,canonical,0,0,0,000,2000,numerator_arm_minus_denominator_arm,1.0,0.9905,34.18292558193207,72.10195984877646,ok,ok
placebo_std-real_std,placebo_std,real_std,42,block_01,Gear,3,canonical,0,0,1,001,2000,numerator_arm_minus_denominator_arm,1.0,0.9955,31.27114462852478,66.79448533058167,ok,ok
placebo_std-real_std,placebo_std,real_std,42,block_01,Gear,3,canonical,0,1,0,010,2000,numerator_arm_minus_denominator_arm,1.0,0.9985,43.77938973903656,119.52412158250809,ok,ok
placebo_std-real_std,placebo_std,real_std,42,block_01,Gear,3,canonical,0,1,1,011,2000,numerator_arm_minus_denominator_arm,1.0,0.9985,38.73684936761856,109.0437935590744,ok,ok
placebo_std-real_std,placebo_std,real_std,42,block_01,Gear,3,canonical,1,0,0,100,2000,numerator_arm_minus_denominator_arm,0.0325,0.0615,3.6880981624126434,12.442484855651855,ok,ok
placebo_std-real_std,placebo_std,real_std,42,block_01,Gear,3,canonical,1,0,1,101,2000,numerator_arm_minus_denominator_arm,0.0015,0.06800000000000006,1.6484463438391685,14.846571922302246,ok,ok
placebo_std-real_std,placebo_std,real_std,42,block_01,Gear,3,canonical,1,1,0,110,2000,numerator_arm_minus_denominator_arm,0.006,0.10599999999999998,1.7680315971374512,25.639240264892578,ok,ok
placebo_std-real_std,placebo_std,real_std,42,block_01,Gear,3,canonical,1,1,1,111,2000,numerator_arm_minus_denominator_arm,0.001,0.11499999999999999,0.25823459029197693,27.903794288635254,ok,ok
placebo_std-real_std,placebo_std,real_std,42,block_01,Gear,3,shifted,0,0,0,000,2000,numerator_arm_minus_denominator_arm,1.0,0.9905,34.2534556388855,72.15720827784389,ok,ok
placebo_std-real_std,placebo_std,real_std,42,block_01,Gear,3,shifted,0,0,1,001,2000,numerator_arm_minus_denominator_arm,1.0,0.9955,31.35522449016571,66.8535966873169,ok,ok
placebo_std-real_std,placebo_std,real_std,42,block_01,Gear,3,shifted,0,1,0,010,2000,numerator_arm_minus_denominator_arm,1.0,0.9985,43.979534447193146,119.69022935628891,ok,ok
placebo_std-real_std,placebo_std,real_std,42,block_01,Gear,3,shifted,0,1,1,011,2000,numerator_arm_minus_denominator_arm,1.0,0.9985,38.947748601436615,109.19887232780457,ok,ok
placebo_std-real_std,placebo_std,real_std,42,block_01,Gear,3,shifted,1,0,0,100,2000,numerator_arm_minus_denominator_arm,0.0325,0.0615,3.714264690876007,12.429472923278809,ok,ok
placebo_std-real_std,placebo_std,real_std,42,block_01,Gear,3,shifted,1,0,1,101,2000,numerator_arm_minus_denominator_arm,0.0015,0.0675,1.6709588468074799,14.830157279968262,ok,ok
placebo_std-real_std,placebo_std,real_std,42,block_01,Gear,3,shifted,1,1,0,110,2000,numerator_arm_minus_denominator_arm,0.006,0.10299999999999998,1.801293134689331,25.65750789642334,ok,ok
placebo_std-real_std,placebo_std,real_std,42,block_01,Gear,3,shifted,1,1,1,111,2000,numerator_arm_minus_denominator_arm,0.001,0.11350000000000005,0.2873174548149109,27.920114517211914,ok,ok
placebo_std-real_std,placebo_std,real_std,42,block_01,RPM,4,canonical,0,0,0,000,2000,numerator_arm_minus_denominator_arm,1.0,0.997,45.34577560424805,80.08077162504196,ok,ok
placebo_std-real_std,placebo_std,real_std,42,block_01,RPM,4,canonical,0,0,1,001,2000,numerator_arm_minus_denominator_arm,1.0,0.9185,36.33903348445892,55.50059628486633,ok,ok
placebo_std-real_std,placebo_std,real_std,42,block_01,RPM,4,canonical,0,1,0,010,2000,numerator_arm_minus_denominator_arm,1.0,0.998,52.97601914405823,98.49864983558655,ok,ok
placebo_std-real_std,placebo_std,real_std,42,block_01,RPM,4,canonical,0,1,1,011,2000,numerator_arm_minus_denominator_arm,1.0,0.997,51.843040466308594,93.08944648504257,ok,ok
placebo_std-real_std,placebo_std,real_std,42,block_01,RPM,4,canonical,1,0,0,100,2000,numerator_arm_minus_denominator_arm,0.033,0.46299999999999997,3.0333738327026367,9.07356071472168,ok,ok
placebo_std-real_std,placebo_std,real_std,42,block_01,RPM,4,canonical,1,0,1,101,2000,numerator_arm_minus_denominator_arm,-0.044,0.006000000000000005,-1.7830860614776611,9.182016372680664,ok,ok
placebo_std-real_std,placebo_std,real_std,42,block_01,RPM,4,canonical,1,1,0,110,2000,numerator_arm_minus_denominator_arm,0.099,0.38699999999999996,4.338468074798584,7.9627766609191895,ok,ok
placebo_std-real_std,placebo_std,real_std,42,block_01,RPM,4,canonical,1,1,1,111,2000,numerator_arm_minus_denominator_arm,-0.025500000000000002,0.010499999999999954,0.09531641006469727,13.822370529174805,ok,ok
placebo_std-real_std,placebo_std,real_std,42,block_01,RPM,4,shifted,0,0,0,000,2000,numerator_arm_minus_denominator_arm,1.0,0.997,43.590447425842285,78.55905994772911,ok,ok
placebo_std-real_std,placebo_std,real_std,42,block_01,RPM,4,shifted,0,0,1,001,2000,numerator_arm_minus_denominator_arm,1.0,0.917,35.369938015937805,54.62813353538513,ok,ok
placebo_std-real_std,placebo_std,real_std,42,block_01,RPM,4,shifted,0,1,0,010,2000,numerator_arm_minus_denominator_arm,1.0,0.9975,51.613422870635986,98.81394183635712,ok,ok
placebo_std-real_std,placebo_std,real_std,42,block_01,RPM,4,shifted,0,1,1,011,2000,numerator_arm_minus_denominator_arm,1.0,0.997,50.52694654464722,93.52344858646393,ok,ok
placebo_std-real_std,placebo_std,real_std,42,block_01,RPM,4,shifted,1,0,0,100,2000,numerator_arm_minus_denominator_arm,0.046,0.49449999999999994,3.3000519275665283,9.58445692062378,ok,ok
placebo_std-real_std,placebo_std,real_std,42,block_01,RPM,4,shifted,1,0,1,101,2000,numerator_arm_minus_denominator_arm,-0.0405,0.0050000000000000044,-1.6357066631317139,9.38052749633789,ok,ok
placebo_std-real_std,placebo_std,real_std,42,block_01,RPM,4,shifted,1,1,0,110,2000,numerator_arm_minus_denominator_arm,0.1105,0.4115,4.504580736160278,8.482424020767212,ok,ok
placebo_std-real_std,placebo_std,real_std,42,block_01,RPM,4,shifted,1,1,1,111,2000,numerator_arm_minus_denominator_arm,-0.0245,0.010000000000000009,0.06565237045288086,14.253946304321289,ok,ok
placebo_std-real_std,placebo_std,real_std,42,block_02,Gear,3,canonical,0,0,0,000,2000,numerator_arm_minus_denominator_arm,0.999,0.9905,34.19936811923981,72.06595963984728,ok,ok
placebo_std-real_std,placebo_std,real_std,42,block_02,Gear,3,canonical,0,0,1,001,2000,numerator_arm_minus_denominator_arm,0.999,0.9965,31.260597825050354,66.7237303853035,ok,ok
placebo_std-real_std,placebo_std,real_std,42,block_02,Gear,3,canonical,0,1,0,010,2000,numerator_arm_minus_denominator_arm,0.999,0.9965,44.02380067110062,119.55629074573517,ok,ok
placebo_std-real_std,placebo_std,real_std,42,block_02,Gear,3,canonical,0,1,1,011,2000,numerator_arm_minus_denominator_arm,0.999,0.998,38.8291592001915,108.90390121936798,ok,ok
placebo_std-real_std,placebo_std,real_std,42,block_02,Gear,3,canonical,1,0,0,100,2000,numerator_arm_minus_denominator_arm,0.0315,0.0695,3.848735749721527,12.28870677947998,ok,ok
placebo_std-real_std,placebo_std,real_std,42,block_02,Gear,3,canonical,1,0,1,101,2000,numerator_arm_minus_denominator_arm,0.0015,0.07550000000000001,1.7204628586769104,14.787164688110352,ok,ok
placebo_std-real_std,placebo_std,real_std,42,block_02,Gear,3,canonical,1,1,0,110,2000,numerator_arm_minus_denominator_arm,0.006,0.10550000000000004,1.9215453267097473,25.76328468322754,ok,ok
placebo_std-real_std,placebo_std,real_std,42,block_02,Gear,3,canonical,1,1,1,111,2000,numerator_arm_minus_denominator_arm,0.0005,0.133,0.26376157999038696,28.18869113922119,ok,ok
placebo_std-real_std,placebo_std,real_std,42,block_02,Gear,3,shifted,0,0,0,000,2000,numerator_arm_minus_denominator_arm,0.999,0.9905,34.26844048500061,72.12049978971481,ok,ok
placebo_std-real_std,placebo_std,real_std,42,block_02,Gear,3,shifted,0,0,1,001,2000,numerator_arm_minus_denominator_arm,0.999,0.9965,31.34484326839447,66.78208315372467,ok,ok
placebo_std-real_std,placebo_std,real_std,42,block_02,Gear,3,shifted,0,1,0,010,2000,numerator_arm_minus_denominator_arm,0.999,0.9965,44.22231459617615,119.72200787067413,ok,ok
placebo_std-real_std,placebo_std,real_std,42,block_02,Gear,3,shifted,0,1,1,011,2000,numerator_arm_minus_denominator_arm,0.999,0.998,39.04121690988541,109.05908012390137,ok,ok
placebo_std-real_std,placebo_std,real_std,42,block_02,Gear,3,shifted,1,0,0,100,2000,numerator_arm_minus_denominator_arm,0.0325,0.0675,3.874807208776474,12.275716781616211,ok,ok
placebo_std-real_std,placebo_std,real_std,42,block_02,Gear,3,shifted,1,0,1,101,2000,numerator_arm_minus_denominator_arm,0.0015,0.07550000000000001,1.7427472919225693,14.770936965942383,ok,ok
placebo_std-real_std,placebo_std,real_std,42,block_02,Gear,3,shifted,1,1,0,110,2000,numerator_arm_minus_denominator_arm,0.0065,0.10550000000000004,1.9554805755615234,25.781187057495117,ok,ok
placebo_std-real_std,placebo_std,real_std,42,block_02,Gear,3,shifted,1,1,1,111,2000,numerator_arm_minus_denominator_arm,0.0005,0.133,0.29293444752693176,28.204355239868164,ok,ok
placebo_std-real_std,placebo_std,real_std,42,block_02,RPM,4,canonical,0,0,0,000,2000,numerator_arm_minus_denominator_arm,0.9985,0.9965,45.12701630592346,80.0219045728445,ok,ok
placebo_std-real_std,placebo_std,real_std,42,block_02,RPM,4,canonical,0,0,1,001,2000,numerator_arm_minus_denominator_arm,0.9985,0.9305,36.211793303489685,55.40829157829285,ok,ok
placebo_std-real_std,placebo_std,real_std,42,block_02,RPM,4,canonical,0,1,0,010,2000,numerator_arm_minus_denominator_arm,0.9985,0.9975,52.940171241760254,98.5959323644638,ok,ok
placebo_std-real_std,placebo_std,real_std,42,block_02,RPM,4,canonical,0,1,1,011,2000,numerator_arm_minus_denominator_arm,0.9985,0.9945,51.70431876182556,92.76208484172821,ok,ok
placebo_std-real_std,placebo_std,real_std,42,block_02,RPM,4,canonical,1,0,0,100,2000,numerator_arm_minus_denominator_arm,0.036000000000000004,0.4635,3.030169725418091,9.270883560180664,ok,ok
placebo_std-real_std,placebo_std,real_std,42,block_02,RPM,4,canonical,1,0,1,101,2000,numerator_arm_minus_denominator_arm,-0.0445,0.009499999999999953,-1.7136318683624268,9.309268951416016,ok,ok
placebo_std-real_std,placebo_std,real_std,42,block_02,RPM,4,canonical,1,1,0,110,2000,numerator_arm_minus_denominator_arm,0.099,0.37099999999999994,4.325891017913818,8.002756118774414,ok,ok
placebo_std-real_std,placebo_std,real_std,42,block_02,RPM,4,canonical,1,1,1,111,2000,numerator_arm_minus_denominator_arm,-0.03,0.0034999999999999476,0.23391270637512207,13.70391845703125,ok,ok
placebo_std-real_std,placebo_std,real_std,42,block_02,RPM,4,shifted,0,0,0,000,2000,numerator_arm_minus_denominator_arm,0.9985,0.996,43.333237409591675,78.45486971735954,ok,ok
placebo_std-real_std,placebo_std,real_std,42,block_02,RPM,4,shifted,0,0,1,001,2000,numerator_arm_minus_denominator_arm,0.9985,0.9265,35.2307403087616,54.513877153396606,ok,ok
placebo_std-real_std,placebo_std,real_std,42,block_02,RPM,4,shifted,0,1,0,010,2000,numerator_arm_minus_denominator_arm,0.9985,0.9975,51.5608696937561,98.86894255876541,ok,ok
placebo_std-real_std,placebo_std,real_std,42,block_02,RPM,4,shifted,0,1,1,011,2000,numerator_arm_minus_denominator_arm,0.9985,0.994,50.400983810424805,93.19194144010544,ok,ok
placebo_std-real_std,placebo_std,real_std,42,block_02,RPM,4,shifted,1,0,0,100,2000,numerator_arm_minus_denominator_arm,0.045,0.493,3.29400897026062,9.789363622665405,ok,ok
placebo_std-real_std,placebo_std,real_std,42,block_02,RPM,4,shifted,1,0,1,101,2000,numerator_arm_minus_denominator_arm,-0.041999999999999996,0.007499999999999951,-1.5654000043869019,9.501474380493164,ok,ok
placebo_std-real_std,placebo_std,real_std,42,block_02,RPM,4,shifted,1,1,0,110,2000,numerator_arm_minus_denominator_arm,0.104,0.399,4.491547346115112,8.523658514022827,ok,ok
placebo_std-real_std,placebo_std,real_std,42,block_02,RPM,4,shifted,1,1,1,111,2000,numerator_arm_minus_denominator_arm,-0.027999999999999997,0.0034999999999999476,0.20390081405639648,14.127840042114258,ok,ok
placebo_std-real_std,placebo_std,real_std,42,block_03,Gear,3,canonical,0,0,0,000,2000,numerator_arm_minus_denominator_arm,1.0,0.9905,34.03320121765137,71.79213043302298,ok,ok
placebo_std-real_std,placebo_std,real_std,42,block_03,Gear,3,canonical,0,0,1,001,2000,numerator_arm_minus_denominator_arm,1.0,0.995,31.18145489692688,66.66693872213364,ok,ok
placebo_std-real_std,placebo_std,real_std,42,block_03,Gear,3,canonical,0,1,0,010,2000,numerator_arm_minus_denominator_arm,1.0,0.9955,43.79631543159485,119.78521651029587,ok,ok
placebo_std-real_std,placebo_std,real_std,42,block_03,Gear,3,canonical,0,1,1,011,2000,numerator_arm_minus_denominator_arm,1.0,0.998,38.6624910235405,109.23039770126343,ok,ok
placebo_std-real_std,placebo_std,real_std,42,block_03,Gear,3,canonical,1,0,0,100,2000,numerator_arm_minus_denominator_arm,0.0335,0.06050000000000011,3.7356912791728973,12.32592487335205,ok,ok
placebo_std-real_std,placebo_std,real_std,42,block_03,Gear,3,canonical,1,0,1,101,2000,numerator_arm_minus_denominator_arm,0.002,0.05900000000000005,1.6696049273014069,14.69633674621582,ok,ok
placebo_std-real_std,placebo_std,real_std,42,block_03,Gear,3,canonical,1,1,0,110,2000,numerator_arm_minus_denominator_arm,0.0045,0.10550000000000004,1.7489067912101746,25.495858192443848,ok,ok
placebo_std-real_std,placebo_std,real_std,42,block_03,Gear,3,canonical,1,1,1,111,2000,numerator_arm_minus_denominator_arm,0.0015,0.12749999999999995,0.2542262673377991,27.839588165283203,ok,ok
placebo_std-real_std,placebo_std,real_std,42,block_03,Gear,3,shifted,0,0,0,000,2000,numerator_arm_minus_denominator_arm,1.0,0.9905,34.10374367237091,71.84699337929487,ok,ok
placebo_std-real_std,placebo_std,real_std,42,block_03,Gear,3,shifted,0,0,1,001,2000,numerator_arm_minus_denominator_arm,1.0,0.995,31.26552450656891,66.72529304027557,ok,ok
placebo_std-real_std,placebo_std,real_std,42,block_03,Gear,3,shifted,0,1,0,010,2000,numerator_arm_minus_denominator_arm,1.0,0.9955,44.000590443611145,119.95151233673096,ok,ok
placebo_std-real_std,placebo_std,real_std,42,block_03,Gear,3,shifted,0,1,1,011,2000,numerator_arm_minus_denominator_arm,1.0,0.998,38.87924462556839,109.38548117876053,ok,ok
placebo_std-real_std,placebo_std,real_std,42,block_03,Gear,3,shifted,1,0,0,100,2000,numerator_arm_minus_denominator_arm,0.0335,0.05950000000000011,3.761973202228546,12.31180191040039,ok,ok
placebo_std-real_std,placebo_std,real_std,42,block_03,Gear,3,shifted,1,0,1,101,2000,numerator_arm_minus_denominator_arm,0.002,0.05850000000000011,1.6923131346702576,14.679469108581543,ok,ok
placebo_std-real_std,placebo_std,real_std,42,block_03,Gear,3,shifted,1,1,0,110,2000,numerator_arm_minus_denominator_arm,0.0045,0.10450000000000004,1.782240629196167,25.51459503173828,ok,ok
placebo_std-real_std,placebo_std,real_std,42,block_03,Gear,3,shifted,1,1,1,111,2000,numerator_arm_minus_denominator_arm,0.0015,0.127,0.28327271342277527,27.855746269226074,ok,ok
placebo_std-real_std,placebo_std,real_std,42,block_03,RPM,4,canonical,0,0,0,000,2000,numerator_arm_minus_denominator_arm,1.0,0.9955,45.03586411476135,79.80272482335567,ok,ok
placebo_std-real_std,placebo_std,real_std,42,block_03,RPM,4,canonical,0,0,1,001,2000,numerator_arm_minus_denominator_arm,1.0,0.9255,36.14319670200348,55.29999923706055,ok,ok
placebo_std-real_std,placebo_std,real_std,42,block_03,RPM,4,canonical,0,1,0,010,2000,numerator_arm_minus_denominator_arm,1.0,0.9985,52.8307466506958,98.80058655142784,ok,ok
placebo_std-real_std,placebo_std,real_std,42,block_03,RPM,4,canonical,0,1,1,011,2000,numerator_arm_minus_denominator_arm,1.0,0.9955,51.758805990219116,93.225117623806,ok,ok
placebo_std-real_std,placebo_std,real_std,42,block_03,RPM,4,canonical,1,0,0,100,2000,numerator_arm_minus_denominator_arm,0.0315,0.43350000000000005,2.9002039432525635,9.162420272827148,ok,ok
placebo_std-real_std,placebo_std,real_std,42,block_03,RPM,4,canonical,1,0,1,101,2000,numerator_arm_minus_denominator_arm,-0.0435,0.006000000000000005,-1.7904064655303955,9.24159049987793,ok,ok
placebo_std-real_std,placebo_std,real_std,42,block_03,RPM,4,canonical,1,1,0,110,2000,numerator_arm_minus_denominator_arm,0.097,0.378,4.25502610206604,8.024315595626831,ok,ok
placebo_std-real_std,placebo_std,real_std,42,block_03,RPM,4,canonical,1,1,1,111,2000,numerator_arm_minus_denominator_arm,-0.0325,0.006000000000000005,0.1374659538269043,13.728326797485352,ok,ok
placebo_std-real_std,placebo_std,real_std,42,block_03,RPM,4,shifted,0,0,0,000,2000,numerator_arm_minus_denominator_arm,1.0,0.9955,43.27238059043884,78.2767301350832,ok,ok
placebo_std-real_std,placebo_std,real_std,42,block_03,RPM,4,shifted,0,0,1,001,2000,numerator_arm_minus_denominator_arm,1.0,0.926,35.17291724681854,54.42306137084961,ok,ok
placebo_std-real_std,placebo_std,real_std,42,block_03,RPM,4,shifted,0,1,0,010,2000,numerator_arm_minus_denominator_arm,1.0,0.998,51.45329213142395,99.08942118287086,ok,ok
placebo_std-real_std,placebo_std,real_std,42,block_03,RPM,4,shifted,0,1,1,011,2000,numerator_arm_minus_denominator_arm,1.0,0.9955,50.45580077171326,93.66556894779205,ok,ok
placebo_std-real_std,placebo_std,real_std,42,block_03,RPM,4,shifted,1,0,0,100,2000,numerator_arm_minus_denominator_arm,0.0405,0.457,3.1726293563842773,9.673572540283203,ok,ok
placebo_std-real_std,placebo_std,real_std,42,block_03,RPM,4,shifted,1,0,1,101,2000,numerator_arm_minus_denominator_arm,-0.0415,0.0044999999999999485,-1.6384543180465698,9.43794059753418,ok,ok
placebo_std-real_std,placebo_std,real_std,42,block_03,RPM,4,shifted,1,1,0,110,2000,numerator_arm_minus_denominator_arm,0.1095,0.41400000000000003,4.42324423789978,8.544685363769531,ok,ok
placebo_std-real_std,placebo_std,real_std,42,block_03,RPM,4,shifted,1,1,1,111,2000,numerator_arm_minus_denominator_arm,-0.0305,0.0044999999999999485,0.10911846160888672,14.154356002807617,ok,ok
placebo_std-real_std,placebo_std,real_std,123,block_01,Gear,3,canonical,0,0,0,000,2000,numerator_arm_minus_denominator_arm,1.0,0.998,38.07949149608612,85.75003266334534,ok,ok
placebo_std-real_std,placebo_std,real_std,123,block_01,Gear,3,canonical,0,0,1,001,2000,numerator_arm_minus_denominator_arm,1.0,0.9975,35.61075431108475,79.2865782380104,ok,ok
placebo_std-real_std,placebo_std,real_std,123,block_01,Gear,3,canonical,0,1,0,010,2000,numerator_arm_minus_denominator_arm,1.0,0.999,52.57815933227539,137.02421915531158,ok,ok
placebo_std-real_std,placebo_std,real_std,123,block_01,Gear,3,canonical,0,1,1,011,2000,numerator_arm_minus_denominator_arm,1.0,1.0,49.1892055273056,124.73698508739471,ok,ok
placebo_std-real_std,placebo_std,real_std,123,block_01,Gear,3,canonical,1,0,0,100,2000,numerator_arm_minus_denominator_arm,0.017,0.044499999999999984,-2.528223216533661,40.47499656677246,ok,ok
placebo_std-real_std,placebo_std,real_std,123,block_01,Gear,3,canonical,1,0,1,101,2000,numerator_arm_minus_denominator_arm,0.0015,0.04049999999999998,-4.566550254821777,44.74055862426758,ok,ok
placebo_std-real_std,placebo_std,real_std,123,block_01,Gear,3,canonical,1,1,0,110,2000,numerator_arm_minus_denominator_arm,0.2805,0.07050000000000001,5.668794631958008,53.14004898071289,ok,ok
placebo_std-real_std,placebo_std,real_std,123,block_01,Gear,3,canonical,1,1,1,111,2000,numerator_arm_minus_denominator_arm,0.0605,0.08299999999999996,2.0971181392669678,54.564096450805664,ok,ok
placebo_std-real_std,placebo_std,real_std,123,block_01,Gear,3,shifted,0,0,0,000,2000,numerator_arm_minus_denominator_arm,1.0,0.998,38.13614213466644,85.83880913257599,ok,ok
placebo_std-real_std,placebo_std,real_std,123,block_01,Gear,3,shifted,0,0,1,001,2000,numerator_arm_minus_denominator_arm,1.0,0.9975,35.67174166440964,79.37806046009064,ok,ok
placebo_std-real_std,placebo_std,real_std,123,block_01,Gear,3,shifted,0,1,0,010,2000,numerator_arm_minus_denominator_arm,1.0,0.999,52.6842405796051,137.22087329626083,ok,ok
placebo_std-real_std,placebo_std,real_std,123,block_01,Gear,3,shifted,0,1,1,011,2000,numerator_arm_minus_denominator_arm,1.0,1.0,49.29359173774719,124.93028950691223,ok,ok
placebo_std-real_std,placebo_std,real_std,123,block_01,Gear,3,shifted,1,0,0,100,2000,numerator_arm_minus_denominator_arm,0.017,0.044499999999999984,-2.4835926294326782,40.457698822021484,ok,ok
placebo_std-real_std,placebo_std,real_std,123,block_01,Gear,3,shifted,1,0,1,101,2000,numerator_arm_minus_denominator_arm,0.0015,0.04049999999999998,-4.527503609657288,44.72462844848633,ok,ok
placebo_std-real_std,placebo_std,real_std,123,block_01,Gear,3,shifted,1,1,0,110,2000,numerator_arm_minus_denominator_arm,0.2845,0.06999999999999995,5.754125595092773,53.22023391723633,ok,ok
placebo_std-real_std,placebo_std,real_std,123,block_01,Gear,3,shifted,1,1,1,111,2000,numerator_arm_minus_denominator_arm,0.0635,0.08199999999999996,2.1748414039611816,54.62007141113281,ok,ok
placebo_std-real_std,placebo_std,real_std,123,block_01,RPM,4,canonical,0,0,0,000,2000,numerator_arm_minus_denominator_arm,1.0,1.0,35.06303536891937,78.14102216809988,ok,ok
placebo_std-real_std,placebo_std,real_std,123,block_01,RPM,4,canonical,0,0,1,001,2000,numerator_arm_minus_denominator_arm,1.0,0.999,26.09976178407669,70.69870555400848,ok,ok
placebo_std-real_std,placebo_std,real_std,123,block_01,RPM,4,canonical,0,1,0,010,2000,numerator_arm_minus_denominator_arm,0.9995,0.999,41.22321331501007,100.21782019734383,ok,ok
placebo_std-real_std,placebo_std,real_std,123,block_01,RPM,4,canonical,0,1,1,011,2000,numerator_arm_minus_denominator_arm,0.998,0.992,34.78727978467941,102.02451801300049,ok,ok
placebo_std-real_std,placebo_std,real_std,123,block_01,RPM,4,canonical,1,0,0,100,2000,numerator_arm_minus_denominator_arm,-0.0315,0.10350000000000004,-5.364168405532837,21.18744659423828,ok,ok
placebo_std-real_std,placebo_std,real_std,123,block_01,RPM,4,canonical,1,0,1,101,2000,numerator_arm_minus_denominator_arm,-0.034,0.0044999999999999485,-14.910303115844727,40.095354080200195,ok,ok
placebo_std-real_std,placebo_std,real_std,123,block_01,RPM,4,canonical,1,1,0,110,2000,numerator_arm_minus_denominator_arm,-0.05,0.16900000000000004,-5.84619927406311,21.225261688232422,ok,ok
placebo_std-real_std,placebo_std,real_std,123,block_01,RPM,4,canonical,1,1,1,111,2000,numerator_arm_minus_denominator_arm,-0.0525,0.0,-16.8744158744812,43.78135871887207,ok,ok
placebo_std-real_std,placebo_std,real_std,123,block_01,RPM,4,shifted,0,0,0,000,2000,numerator_arm_minus_denominator_arm,1.0,1.0,33.340944647789,77.25021819397807,ok,ok
placebo_std-real_std,placebo_std,real_std,123,block_01,RPM,4,shifted,0,0,1,001,2000,numerator_arm_minus_denominator_arm,1.0,0.999,25.311768993735313,69.99947953224182,ok,ok
placebo_std-real_std,placebo_std,real_std,123,block_01,RPM,4,shifted,0,1,0,010,2000,numerator_arm_minus_denominator_arm,0.9995,0.999,39.387863755226135,100.41864141821861,ok,ok
placebo_std-real_std,placebo_std,real_std,123,block_01,RPM,4,shifted,0,1,1,011,2000,numerator_arm_minus_denominator_arm,0.999,0.9925,33.60501849651337,102.03615880012512,ok,ok
placebo_std-real_std,placebo_std,real_std,123,block_01,RPM,4,shifted,1,0,0,100,2000,numerator_arm_minus_denominator_arm,-0.031000000000000003,0.09800000000000009,-5.281239151954651,22.063419342041016,ok,ok
placebo_std-real_std,placebo_std,real_std,123,block_01,RPM,4,shifted,1,0,1,101,2000,numerator_arm_minus_denominator_arm,-0.0345,0.0034999999999999476,-14.864682674407959,40.784664154052734,ok,ok
placebo_std-real_std,placebo_std,real_std,123,block_01,RPM,4,shifted,1,1,0,110,2000,numerator_arm_minus_denominator_arm,-0.0505,0.1635000000000001,-6.033472716808319,22.073826789855957,ok,ok
placebo_std-real_std,placebo_std,real_std,123,block_01,RPM,4,shifted,1,1,1,111,2000,numerator_arm_minus_denominator_arm,-0.0525,0.0,-17.019413948059082,44.53474044799805,ok,ok
placebo_std-real_std,placebo_std,real_std,123,block_02,Gear,3,canonical,0,0,0,000,2000,numerator_arm_minus_denominator_arm,0.999,0.9965,38.18120050430298,85.90314841270447,ok,ok
placebo_std-real_std,placebo_std,real_std,123,block_02,Gear,3,canonical,0,0,1,001,2000,numerator_arm_minus_denominator_arm,0.999,0.9955,35.70303922891617,79.34110248088837,ok,ok
placebo_std-real_std,placebo_std,real_std,123,block_02,Gear,3,canonical,0,1,0,010,2000,numerator_arm_minus_denominator_arm,0.999,0.9975,52.81540584564209,137.24825689196587,ok,ok
placebo_std-real_std,placebo_std,real_std,123,block_02,Gear,3,canonical,0,1,1,011,2000,numerator_arm_minus_denominator_arm,0.999,0.9975,49.24283158779144,124.61788952350616,ok,ok
placebo_std-real_std,placebo_std,real_std,123,block_02,Gear,3,canonical,1,0,0,100,2000,numerator_arm_minus_denominator_arm,0.018,0.05249999999999999,-2.1961269974708557,40.62321853637695,ok,ok
placebo_std-real_std,placebo_std,real_std,123,block_02,Gear,3,canonical,1,0,1,101,2000,numerator_arm_minus_denominator_arm,0.0,0.051000000000000045,-4.328235864639282,45.073734283447266,ok,ok
placebo_std-real_std,placebo_std,real_std,123,block_02,Gear,3,canonical,1,1,0,110,2000,numerator_arm_minus_denominator_arm,0.277,0.056499999999999995,6.048848628997803,53.83304977416992,ok,ok
placebo_std-real_std,placebo_std,real_std,123,block_02,Gear,3,canonical,1,1,1,111,2000,numerator_arm_minus_denominator_arm,0.062,0.08450000000000002,2.2986302375793457,55.1580867767334,ok,ok
placebo_std-real_std,placebo_std,real_std,123,block_02,Gear,3,shifted,0,0,0,000,2000,numerator_arm_minus_denominator_arm,0.999,0.996,38.23672425746918,85.99135744571686,ok,ok
placebo_std-real_std,placebo_std,real_std,123,block_02,Gear,3,shifted,0,0,1,001,2000,numerator_arm_minus_denominator_arm,0.999,0.9955,35.765374302864075,79.4318972826004,ok,ok
placebo_std-real_std,placebo_std,real_std,123,block_02,Gear,3,shifted,0,1,0,010,2000,numerator_arm_minus_denominator_arm,0.999,0.9975,52.92126786708832,137.44534569978714,ok,ok
placebo_std-real_std,placebo_std,real_std,123,block_02,Gear,3,shifted,0,1,1,011,2000,numerator_arm_minus_denominator_arm,0.999,0.9975,49.348660349845886,124.8118976354599,ok,ok
placebo_std-real_std,placebo_std,real_std,123,block_02,Gear,3,shifted,1,0,0,100,2000,numerator_arm_minus_denominator_arm,0.0185,0.05249999999999999,-2.1515408158302307,40.60660171508789,ok,ok
placebo_std-real_std,placebo_std,real_std,123,block_02,Gear,3,shifted,1,0,1,101,2000,numerator_arm_minus_denominator_arm,0.0,0.051000000000000045,-4.289381623268127,45.057960510253906,ok,ok
placebo_std-real_std,placebo_std,real_std,123,block_02,Gear,3,shifted,1,1,0,110,2000,numerator_arm_minus_denominator_arm,0.2845,0.056499999999999995,6.13475489616394,53.91244316101074,ok,ok
placebo_std-real_std,placebo_std,real_std,123,block_02,Gear,3,shifted,1,1,1,111,2000,numerator_arm_minus_denominator_arm,0.063,0.08450000000000002,2.3764989376068115,55.213552474975586,ok,ok
placebo_std-real_std,placebo_std,real_std,123,block_02,RPM,4,canonical,0,0,0,000,2000,numerator_arm_minus_denominator_arm,0.998,0.998,35.05331373214722,78.18536164239049,ok,ok
placebo_std-real_std,placebo_std,real_std,123,block_02,RPM,4,canonical,0,0,1,001,2000,numerator_arm_minus_denominator_arm,0.9975,0.995,26.118445724248886,70.6227639913559,ok,ok
placebo_std-real_std,placebo_std,real_std,123,block_02,RPM,4,canonical,0,1,0,010,2000,numerator_arm_minus_denominator_arm,0.998,0.9975,41.1845577955246,100.15355159342289,ok,ok
placebo_std-real_std,placebo_std,real_std,123,block_02,RPM,4,canonical,0,1,1,011,2000,numerator_arm_minus_denominator_arm,0.9965,0.9855,34.93410515785217,101.99226534366608,ok,ok
placebo_std-real_std,placebo_std,real_std,123,block_02,RPM,4,canonical,1,0,0,100,2000,numerator_arm_minus_denominator_arm,-0.037500000000000006,0.09699999999999998,-5.286266088485718,21.699687957763672,ok,ok
placebo_std-real_std,placebo_std,real_std,123,block_02,RPM,4,canonical,1,0,1,101,2000,numerator_arm_minus_denominator_arm,-0.0375,0.0050000000000000044,-14.637891292572021,40.23671913146973,ok,ok
placebo_std-real_std,placebo_std,real_std,123,block_02,RPM,4,canonical,1,1,0,110,2000,numerator_arm_minus_denominator_arm,-0.0495,0.1725000000000001,-5.694416522979736,21.512558937072754,ok,ok
placebo_std-real_std,placebo_std,real_std,123,block_02,RPM,4,canonical,1,1,1,111,2000,numerator_arm_minus_denominator_arm,-0.05,-0.0010000000000000009,-16.625282287597656,44.07273292541504,ok,ok
placebo_std-real_std,placebo_std,real_std,123,block_02,RPM,4,shifted,0,0,0,000,2000,numerator_arm_minus_denominator_arm,0.998,0.998,33.294153571128845,77.2682526241988,ok,ok
placebo_std-real_std,placebo_std,real_std,123,block_02,RPM,4,shifted,0,0,1,001,2000,numerator_arm_minus_denominator_arm,0.9975,0.9945,25.32854989171028,69.91764402389526,ok,ok
placebo_std-real_std,placebo_std,real_std,123,block_02,RPM,4,shifted,0,1,0,010,2000,numerator_arm_minus_denominator_arm,0.998,0.9975,39.35330057144165,100.34200222790241,ok,ok
placebo_std-real_std,placebo_std,real_std,123,block_02,RPM,4,shifted,0,1,1,011,2000,numerator_arm_minus_denominator_arm,0.9965,0.985,33.746674597263336,102.0102447271347,ok,ok
placebo_std-real_std,placebo_std,real_std,123,block_02,RPM,4,shifted,1,0,0,100,2000,numerator_arm_minus_denominator_arm,-0.037500000000000006,0.09350000000000003,-5.2021164894104,22.571014404296875,ok,ok
placebo_std-real_std,placebo_std,real_std,123,block_02,RPM,4,shifted,1,0,1,101,2000,numerator_arm_minus_denominator_arm,-0.0375,0.0044999999999999485,-14.59436845779419,40.922040939331055,ok,ok
placebo_std-real_std,placebo_std,real_std,123,block_02,RPM,4,shifted,1,1,0,110,2000,numerator_arm_minus_denominator_arm,-0.05,0.17000000000000004,-5.8820987939834595,22.361157417297363,ok,ok
placebo_std-real_std,placebo_std,real_std,123,block_02,RPM,4,shifted,1,1,1,111,2000,numerator_arm_minus_denominator_arm,-0.0505,-0.0010000000000000009,-16.77153444290161,44.81968688964844,ok,ok
placebo_std-real_std,placebo_std,real_std,123,block_03,Gear,3,canonical,0,0,0,000,2000,numerator_arm_minus_denominator_arm,1.0,0.995,37.977550864219666,85.37585079669952,ok,ok
placebo_std-real_std,placebo_std,real_std,123,block_03,Gear,3,canonical,0,0,1,001,2000,numerator_arm_minus_denominator_arm,1.0,0.998,35.52278560400009,78.99849778413773,ok,ok
placebo_std-real_std,placebo_std,real_std,123,block_03,Gear,3,canonical,0,1,0,010,2000,numerator_arm_minus_denominator_arm,1.0,0.9995,52.68629455566406,137.20216542482376,ok,ok
placebo_std-real_std,placebo_std,real_std,123,block_03,Gear,3,canonical,0,1,1,011,2000,numerator_arm_minus_denominator_arm,1.0,1.0,49.23986768722534,124.8563700914383,ok,ok
placebo_std-real_std,placebo_std,real_std,123,block_03,Gear,3,canonical,1,0,0,100,2000,numerator_arm_minus_denominator_arm,0.0135,0.044499999999999984,-2.48853999376297,40.18693542480469,ok,ok
placebo_std-real_std,placebo_std,real_std,123,block_03,Gear,3,canonical,1,0,1,101,2000,numerator_arm_minus_denominator_arm,0.0005,0.03700000000000003,-4.554518222808838,44.553754806518555,ok,ok
placebo_std-real_std,placebo_std,real_std,123,block_03,Gear,3,canonical,1,1,0,110,2000,numerator_arm_minus_denominator_arm,0.2725,0.0655,5.750370502471924,53.314748764038086,ok,ok
placebo_std-real_std,placebo_std,real_std,123,block_03,Gear,3,canonical,1,1,1,111,2000,numerator_arm_minus_denominator_arm,0.054,0.09150000000000003,2.1557512283325195,54.685150146484375,ok,ok
placebo_std-real_std,placebo_std,real_std,123,block_03,Gear,3,shifted,0,0,0,000,2000,numerator_arm_minus_denominator_arm,1.0,0.9945,38.033652901649475,85.46459829807281,ok,ok
placebo_std-real_std,placebo_std,real_std,123,block_03,Gear,3,shifted,0,0,1,001,2000,numerator_arm_minus_denominator_arm,1.0,0.998,35.58458226919174,79.08941614627838,ok,ok
placebo_std-real_std,placebo_std,real_std,123,block_03,Gear,3,shifted,0,1,0,010,2000,numerator_arm_minus_denominator_arm,1.0,0.9995,52.792038440704346,137.39903050661087,ok,ok
placebo_std-real_std,placebo_std,real_std,123,block_03,Gear,3,shifted,0,1,1,011,2000,numerator_arm_minus_denominator_arm,1.0,1.0,49.345388770103455,125.05066299438477,ok,ok
placebo_std-real_std,placebo_std,real_std,123,block_03,Gear,3,shifted,1,0,0,100,2000,numerator_arm_minus_denominator_arm,0.014,0.04400000000000004,-2.4442222714424133,40.16968536376953,ok,ok
placebo_std-real_std,placebo_std,real_std,123,block_03,Gear,3,shifted,1,0,1,101,2000,numerator_arm_minus_denominator_arm,0.0005,0.03700000000000003,-4.515570521354675,44.53757858276367,ok,ok
placebo_std-real_std,placebo_std,real_std,123,block_03,Gear,3,shifted,1,1,0,110,2000,numerator_arm_minus_denominator_arm,0.2775,0.06499999999999995,5.835502862930298,53.394765853881836,ok,ok
placebo_std-real_std,placebo_std,real_std,123,block_03,Gear,3,shifted,1,1,1,111,2000,numerator_arm_minus_denominator_arm,0.0555,0.09099999999999997,2.2328643798828125,54.74061393737793,ok,ok
placebo_std-real_std,placebo_std,real_std,123,block_03,RPM,4,canonical,0,0,0,000,2000,numerator_arm_minus_denominator_arm,1.0,1.0,35.06183636188507,78.08836797252297,ok,ok
placebo_std-real_std,placebo_std,real_std,123,block_03,RPM,4,canonical,0,0,1,001,2000,numerator_arm_minus_denominator_arm,1.0,0.999,26.063146352767944,70.56225717067719,ok,ok
placebo_std-real_std,placebo_std,real_std,123,block_03,RPM,4,canonical,0,1,0,010,2000,numerator_arm_minus_denominator_arm,1.0,1.0,41.14395010471344,100.47731006145477,ok,ok
placebo_std-real_std,placebo_std,real_std,123,block_03,RPM,4,canonical,0,1,1,011,2000,numerator_arm_minus_denominator_arm,0.9995,0.991,34.84354466199875,102.50262749195099,ok,ok
placebo_std-real_std,placebo_std,real_std,123,block_03,RPM,4,canonical,1,0,0,100,2000,numerator_arm_minus_denominator_arm,-0.030500000000000003,0.10050000000000003,-5.2852783203125,21.405288696289062,ok,ok
placebo_std-real_std,placebo_std,real_std,123,block_03,RPM,4,canonical,1,0,1,101,2000,numerator_arm_minus_denominator_arm,-0.0355,0.0044999999999999485,-14.774240016937256,40.13815689086914,ok,ok
placebo_std-real_std,placebo_std,real_std,123,block_03,RPM,4,canonical,1,1,0,110,2000,numerator_arm_minus_denominator_arm,-0.048,0.15949999999999998,-5.6290634870529175,21.066136360168457,ok,ok
placebo_std-real_std,placebo_std,real_std,123,block_03,RPM,4,canonical,1,1,1,111,2000,numerator_arm_minus_denominator_arm,-0.0535,0.0,-16.709371089935303,43.73796272277832,ok,ok
placebo_std-real_std,placebo_std,real_std,123,block_03,RPM,4,shifted,0,0,0,000,2000,numerator_arm_minus_denominator_arm,1.0,1.0,33.34210956096649,77.20190621167421,ok,ok
placebo_std-real_std,placebo_std,real_std,123,block_03,RPM,4,shifted,0,0,1,001,2000,numerator_arm_minus_denominator_arm,1.0,0.997,25.276341915130615,69.86210322380066,ok,ok
placebo_std-real_std,placebo_std,real_std,123,block_03,RPM,4,shifted,0,1,0,010,2000,numerator_arm_minus_denominator_arm,1.0,0.9995,39.31286835670471,100.67504189908504,ok,ok
placebo_std-real_std,placebo_std,real_std,123,block_03,RPM,4,shifted,0,1,1,011,2000,numerator_arm_minus_denominator_arm,0.9995,0.991,33.6672585606575,102.50948393344879,ok,ok
placebo_std-real_std,placebo_std,real_std,123,block_03,RPM,4,shifted,1,0,0,100,2000,numerator_arm_minus_denominator_arm,-0.028999999999999998,0.09600000000000009,-5.205902934074402,22.284778594970703,ok,ok
placebo_std-real_std,placebo_std,real_std,123,block_03,RPM,4,shifted,1,0,1,101,2000,numerator_arm_minus_denominator_arm,-0.0345,0.0044999999999999485,-14.731447696685791,40.82573127746582,ok,ok
placebo_std-real_std,placebo_std,real_std,123,block_03,RPM,4,shifted,1,1,0,110,2000,numerator_arm_minus_denominator_arm,-0.049,0.15700000000000003,-5.813327670097351,21.918886184692383,ok,ok
placebo_std-real_std,placebo_std,real_std,123,block_03,RPM,4,shifted,1,1,1,111,2000,numerator_arm_minus_denominator_arm,-0.054,0.0,-16.856263160705566,44.489824295043945,ok,ok
placebo_std-real_std,placebo_std,real_std,2026,block_01,Gear,3,canonical,0,0,0,000,2000,numerator_arm_minus_denominator_arm,1.0,0.997,36.90010190010071,81.60191488265991,ok,ok
placebo_std-real_std,placebo_std,real_std,2026,block_01,Gear,3,canonical,0,0,1,001,2000,numerator_arm_minus_denominator_arm,1.0,1.0,35.09524321556091,75.24952471256256,ok,ok
placebo_std-real_std,placebo_std,real_std,2026,block_01,Gear,3,canonical,0,1,0,010,2000,numerator_arm_minus_denominator_arm,1.0,0.9995,45.25669193267822,131.88649141788483,ok,ok
placebo_std-real_std,placebo_std,real_std,2026,block_01,Gear,3,canonical,0,1,1,011,2000,numerator_arm_minus_denominator_arm,1.0,1.0,41.171809673309326,116.28309094905853,ok,ok
placebo_std-real_std,placebo_std,real_std,2026,block_01,Gear,3,canonical,1,0,0,100,2000,numerator_arm_minus_denominator_arm,0.476,0.6970000000000001,12.28342890739441,33.385969161987305,ok,ok
placebo_std-real_std,placebo_std,real_std,2026,block_01,Gear,3,canonical,1,0,1,101,2000,numerator_arm_minus_denominator_arm,0.2835,0.5265,10.997814178466797,32.900898933410645,ok,ok
placebo_std-real_std,placebo_std,real_std,2026,block_01,Gear,3,canonical,1,1,0,110,2000,numerator_arm_minus_denominator_arm,0.817,0.8755000000000001,15.022506594657898,36.645143032073975,ok,ok
placebo_std-real_std,placebo_std,real_std,2026,block_01,Gear,3,canonical,1,1,1,111,2000,numerator_arm_minus_denominator_arm,0.663,0.8985000000000001,13.657789945602417,36.76614308357239,ok,ok
placebo_std-real_std,placebo_std,real_std,2026,block_01,Gear,3,shifted,0,0,0,000,2000,numerator_arm_minus_denominator_arm,1.0,0.997,36.988889336586,81.70805740356445,ok,ok
placebo_std-real_std,placebo_std,real_std,2026,block_01,Gear,3,shifted,0,0,1,001,2000,numerator_arm_minus_denominator_arm,1.0,1.0,35.16820228099823,75.35757541656494,ok,ok
placebo_std-real_std,placebo_std,real_std,2026,block_01,Gear,3,shifted,0,1,0,010,2000,numerator_arm_minus_denominator_arm,1.0,0.9995,45.5020318031311,132.1036341190338,ok,ok
placebo_std-real_std,placebo_std,real_std,2026,block_01,Gear,3,shifted,0,1,1,011,2000,numerator_arm_minus_denominator_arm,1.0,1.0,41.394954204559326,116.48924452066422,ok,ok
placebo_std-real_std,placebo_std,real_std,2026,block_01,Gear,3,shifted,1,0,0,100,2000,numerator_arm_minus_denominator_arm,0.4805,0.6955,12.317883253097534,33.43160009384155,ok,ok
placebo_std-real_std,placebo_std,real_std,2026,block_01,Gear,3,shifted,1,0,1,101,2000,numerator_arm_minus_denominator_arm,0.2885,0.5245,11.031248569488525,32.933887004852295,ok,ok
placebo_std-real_std,placebo_std,real_std,2026,block_01,Gear,3,shifted,1,1,0,110,2000,numerator_arm_minus_denominator_arm,0.821,0.8755000000000001,15.07235062122345,36.793320178985596,ok,ok
placebo_std-real_std,placebo_std,real_std,2026,block_01,Gear,3,shifted,1,1,1,111,2000,numerator_arm_minus_denominator_arm,0.6715,0.899,13.705391883850098,36.894580125808716,ok,ok
placebo_std-real_std,placebo_std,real_std,2026,block_01,RPM,4,canonical,0,0,0,000,2000,numerator_arm_minus_denominator_arm,1.0,1.0,41.380858421325684,77.60502576828003,ok,ok
placebo_std-real_std,placebo_std,real_std,2026,block_01,RPM,4,canonical,0,0,1,001,2000,numerator_arm_minus_denominator_arm,1.0,0.985,34.668848276138306,61.967597126960754,ok,ok
placebo_std-real_std,placebo_std,real_std,2026,block_01,RPM,4,canonical,0,1,0,010,2000,numerator_arm_minus_denominator_arm,1.0,1.0,49.72328734397888,100.87990412116051,ok,ok
placebo_std-real_std,placebo_std,real_std,2026,block_01,RPM,4,canonical,0,1,1,011,2000,numerator_arm_minus_denominator_arm,1.0,0.9825,50.17540717124939,100.08550298213959,ok,ok
placebo_std-real_std,placebo_std,real_std,2026,block_01,RPM,4,canonical,1,0,0,100,2000,numerator_arm_minus_denominator_arm,0.2015,0.74,9.375299682840705,14.854144096374512,ok,ok
placebo_std-real_std,placebo_std,real_std,2026,block_01,RPM,4,canonical,1,0,1,101,2000,numerator_arm_minus_denominator_arm,0.0115,0.7264999999999999,4.905794098973274,30.40421485900879,ok,ok
placebo_std-real_std,placebo_std,real_std,2026,block_01,RPM,4,canonical,1,1,0,110,2000,numerator_arm_minus_denominator_arm,0.221,0.76,10.346068322658539,16.121276378631592,ok,ok
placebo_std-real_std,placebo_std,real_std,2026,block_01,RPM,4,canonical,1,1,1,111,2000,numerator_arm_minus_denominator_arm,0.057,0.8275,6.431219220161438,28.40399742126465,ok,ok
placebo_std-real_std,placebo_std,real_std,2026,block_01,RPM,4,shifted,0,0,0,000,2000,numerator_arm_minus_denominator_arm,1.0,1.0,39.51520609855652,75.9257755279541,ok,ok
placebo_std-real_std,placebo_std,real_std,2026,block_01,RPM,4,shifted,0,0,1,001,2000,numerator_arm_minus_denominator_arm,1.0,0.9835,33.34749746322632,60.56856691837311,ok,ok
placebo_std-real_std,placebo_std,real_std,2026,block_01,RPM,4,shifted,0,1,0,010,2000,numerator_arm_minus_denominator_arm,1.0,1.0,48.242422223091125,100.82253712415695,ok,ok
placebo_std-real_std,placebo_std,real_std,2026,block_01,RPM,4,shifted,0,1,1,011,2000,numerator_arm_minus_denominator_arm,1.0,0.981,48.976731300354004,99.36701774597168,ok,ok
placebo_std-real_std,placebo_std,real_std,2026,block_01,RPM,4,shifted,1,0,0,100,2000,numerator_arm_minus_denominator_arm,0.2295,0.7545000000000001,9.769785688025877,15.651329040527344,ok,ok
placebo_std-real_std,placebo_std,real_std,2026,block_01,RPM,4,shifted,1,0,1,101,2000,numerator_arm_minus_denominator_arm,0.0135,0.7010000000000001,5.034964211285114,31.20601463317871,ok,ok
placebo_std-real_std,placebo_std,real_std,2026,block_01,RPM,4,shifted,1,1,0,110,2000,numerator_arm_minus_denominator_arm,0.238,0.7765000000000001,10.537565290927887,16.570444583892822,ok,ok
placebo_std-real_std,placebo_std,real_std,2026,block_01,RPM,4,shifted,1,1,1,111,2000,numerator_arm_minus_denominator_arm,0.0555,0.813,6.330009698867798,28.889151096343994,ok,ok
placebo_std-real_std,placebo_std,real_std,2026,block_02,Gear,3,canonical,0,0,0,000,2000,numerator_arm_minus_denominator_arm,0.999,0.996,37.06573939323425,82.0924551486969,ok,ok
placebo_std-real_std,placebo_std,real_std,2026,block_02,Gear,3,canonical,0,0,1,001,2000,numerator_arm_minus_denominator_arm,0.999,0.999,35.19056451320648,75.45163023471832,ok,ok
placebo_std-real_std,placebo_std,real_std,2026,block_02,Gear,3,canonical,0,1,0,010,2000,numerator_arm_minus_denominator_arm,0.999,0.998,45.39753437042236,132.57032024860382,ok,ok
placebo_std-real_std,placebo_std,real_std,2026,block_02,Gear,3,canonical,0,1,1,011,2000,numerator_arm_minus_denominator_arm,0.999,0.999,41.23919951915741,116.63247853517532,ok,ok
placebo_std-real_std,placebo_std,real_std,2026,block_02,Gear,3,canonical,1,0,0,100,2000,numerator_arm_minus_denominator_arm,0.496,0.7060000000000001,12.486238479614258,33.31363391876221,ok,ok
placebo_std-real_std,placebo_std,real_std,2026,block_02,Gear,3,canonical,1,0,1,101,2000,numerator_arm_minus_denominator_arm,0.2895,0.5145,11.130958080291748,32.84922790527344,ok,ok
placebo_std-real_std,placebo_std,real_std,2026,block_02,Gear,3,canonical,1,1,0,110,2000,numerator_arm_minus_denominator_arm,0.8225,0.8720000000000001,15.176706194877625,37.395628690719604,ok,ok
placebo_std-real_std,placebo_std,real_std,2026,block_02,Gear,3,canonical,1,1,1,111,2000,numerator_arm_minus_denominator_arm,0.666,0.8905,13.714335203170776,37.21273922920227,ok,ok
placebo_std-real_std,placebo_std,real_std,2026,block_02,Gear,3,shifted,0,0,0,000,2000,numerator_arm_minus_denominator_arm,0.999,0.996,37.15520751476288,82.1981885433197,ok,ok
placebo_std-real_std,placebo_std,real_std,2026,block_02,Gear,3,shifted,0,0,1,001,2000,numerator_arm_minus_denominator_arm,0.999,0.999,35.264970898628235,75.55938398838043,ok,ok
placebo_std-real_std,placebo_std,real_std,2026,block_02,Gear,3,shifted,0,1,0,010,2000,numerator_arm_minus_denominator_arm,0.999,0.998,45.644577980041504,132.78739976882935,ok,ok
placebo_std-real_std,placebo_std,real_std,2026,block_02,Gear,3,shifted,0,1,1,011,2000,numerator_arm_minus_denominator_arm,0.999,0.999,41.46219086647034,116.83852607011795,ok,ok
placebo_std-real_std,placebo_std,real_std,2026,block_02,Gear,3,shifted,1,0,0,100,2000,numerator_arm_minus_denominator_arm,0.4995,0.7050000000000001,12.520939588546753,33.3605523109436,ok,ok
placebo_std-real_std,placebo_std,real_std,2026,block_02,Gear,3,shifted,1,0,1,101,2000,numerator_arm_minus_denominator_arm,0.2945,0.513,11.164583206176758,32.882848262786865,ok,ok
placebo_std-real_std,placebo_std,real_std,2026,block_02,Gear,3,shifted,1,1,0,110,2000,numerator_arm_minus_denominator_arm,0.8265,0.8715,15.226954579353333,37.54440999031067,ok,ok
placebo_std-real_std,placebo_std,real_std,2026,block_02,Gear,3,shifted,1,1,1,111,2000,numerator_arm_minus_denominator_arm,0.672,0.89,13.762146949768066,37.34087610244751,ok,ok
placebo_std-real_std,placebo_std,real_std,2026,block_02,RPM,4,canonical,0,0,0,000,2000,numerator_arm_minus_denominator_arm,1.0,0.9985,41.30933213233948,77.74647933244705,ok,ok
placebo_std-real_std,placebo_std,real_std,2026,block_02,RPM,4,canonical,0,0,1,001,2000,numerator_arm_minus_denominator_arm,1.0,0.9835,34.68821048736572,61.96422004699707,ok,ok
placebo_std-real_std,placebo_std,real_std,2026,block_02,RPM,4,canonical,0,1,0,010,2000,numerator_arm_minus_denominator_arm,1.0,0.9985,49.710392355918884,101.16741687059402,ok,ok
placebo_std-real_std,placebo_std,real_std,2026,block_02,RPM,4,canonical,0,1,1,011,2000,numerator_arm_minus_denominator_arm,1.0,0.983,50.305832386016846,100.26697766780853,ok,ok
placebo_std-real_std,placebo_std,real_std,2026,block_02,RPM,4,canonical,1,0,0,100,2000,numerator_arm_minus_denominator_arm,0.2025,0.752,9.213766717351973,15.083127498626709,ok,ok
placebo_std-real_std,placebo_std,real_std,2026,block_02,RPM,4,canonical,1,0,1,101,2000,numerator_arm_minus_denominator_arm,0.015,0.7195,4.965299770236015,30.222606658935547,ok,ok
placebo_std-real_std,placebo_std,real_std,2026,block_02,RPM,4,canonical,1,1,0,110,2000,numerator_arm_minus_denominator_arm,0.2135,0.7765000000000001,10.256892144680023,16.456111669540405,ok,ok
placebo_std-real_std,placebo_std,real_std,2026,block_02,RPM,4,canonical,1,1,1,111,2000,numerator_arm_minus_denominator_arm,0.055,0.8240000000000001,6.379574298858643,28.415218830108643,ok,ok
placebo_std-real_std,placebo_std,real_std,2026,block_02,RPM,4,shifted,0,0,0,000,2000,numerator_arm_minus_denominator_arm,1.0,0.998,39.40458297729492,76.02486723661423,ok,ok
placebo_std-real_std,placebo_std,real_std,2026,block_02,RPM,4,shifted,0,0,1,001,2000,numerator_arm_minus_denominator_arm,1.0,0.9815,33.36661386489868,60.548768520355225,ok,ok
placebo_std-real_std,placebo_std,real_std,2026,block_02,RPM,4,shifted,0,1,0,010,2000,numerator_arm_minus_denominator_arm,1.0,0.9985,48.21932506561279,101.09999591112137,ok,ok
placebo_std-real_std,placebo_std,real_std,2026,block_02,RPM,4,shifted,0,1,1,011,2000,numerator_arm_minus_denominator_arm,1.0,0.9825,49.08770275115967,99.54892814159393,ok,ok
placebo_std-real_std,placebo_std,real_std,2026,block_02,RPM,4,shifted,1,0,0,100,2000,numerator_arm_minus_denominator_arm,0.2395,0.7645,9.599958027713,15.89127254486084,ok,ok
placebo_std-real_std,placebo_std,real_std,2026,block_02,RPM,4,shifted,1,0,1,101,2000,numerator_arm_minus_denominator_arm,0.015,0.6995,5.0908674746751785,31.021739959716797,ok,ok
placebo_std-real_std,placebo_std,real_std,2026,block_02,RPM,4,shifted,1,1,0,110,2000,numerator_arm_minus_denominator_arm,0.2305,0.7875000000000001,10.434207499027252,16.902687311172485,ok,ok
placebo_std-real_std,placebo_std,real_std,2026,block_02,RPM,4,shifted,1,1,1,111,2000,numerator_arm_minus_denominator_arm,0.052,0.8065,6.275048911571503,28.894161701202393,ok,ok
placebo_std-real_std,placebo_std,real_std,2026,block_03,Gear,3,canonical,0,0,0,000,2000,numerator_arm_minus_denominator_arm,1.0,0.996,36.763840436935425,81.53554177284241,ok,ok
placebo_std-real_std,placebo_std,real_std,2026,block_03,Gear,3,canonical,0,0,1,001,2000,numerator_arm_minus_denominator_arm,1.0,0.9995,35.026442527770996,75.23302161693573,ok,ok
placebo_std-real_std,placebo_std,real_std,2026,block_03,Gear,3,canonical,0,1,0,010,2000,numerator_arm_minus_denominator_arm,1.0,0.9995,45.142216086387634,132.04799163341522,ok,ok
placebo_std-real_std,placebo_std,real_std,2026,block_03,Gear,3,canonical,0,1,1,011,2000,numerator_arm_minus_denominator_arm,1.0,1.0,40.93443989753723,116.19736629724503,ok,ok
placebo_std-real_std,placebo_std,real_std,2026,block_03,Gear,3,canonical,1,0,0,100,2000,numerator_arm_minus_denominator_arm,0.481,0.675,12.204887390136719,33.13685083389282,ok,ok
placebo_std-real_std,placebo_std,real_std,2026,block_03,Gear,3,canonical,1,0,1,101,2000,numerator_arm_minus_denominator_arm,0.2795,0.5,10.955554008483887,32.76830768585205,ok,ok
placebo_std-real_std,placebo_std,real_std,2026,block_03,Gear,3,canonical,1,1,0,110,2000,numerator_arm_minus_denominator_arm,0.817,0.8780000000000001,15.040940284729004,36.46415090560913,ok,ok
placebo_std-real_std,placebo_std,real_std,2026,block_03,Gear,3,canonical,1,1,1,111,2000,numerator_arm_minus_denominator_arm,0.6675,0.909,13.681263446807861,36.47128868103027,ok,ok
placebo_std-real_std,placebo_std,real_std,2026,block_03,Gear,3,shifted,0,0,0,000,2000,numerator_arm_minus_denominator_arm,1.0,0.996,36.854243993759155,81.64138674736023,ok,ok
placebo_std-real_std,placebo_std,real_std,2026,block_03,Gear,3,shifted,0,0,1,001,2000,numerator_arm_minus_denominator_arm,1.0,0.9995,35.101396799087524,75.34063231945038,ok,ok
placebo_std-real_std,placebo_std,real_std,2026,block_03,Gear,3,shifted,0,1,0,010,2000,numerator_arm_minus_denominator_arm,1.0,0.9995,45.38942039012909,132.26492881774902,ok,ok
placebo_std-real_std,placebo_std,real_std,2026,block_03,Gear,3,shifted,0,1,1,011,2000,numerator_arm_minus_denominator_arm,1.0,1.0,41.15969443321228,116.403635263443,ok,ok
placebo_std-real_std,placebo_std,real_std,2026,block_03,Gear,3,shifted,1,0,0,100,2000,numerator_arm_minus_denominator_arm,0.484,0.6725,12.239382028579712,33.18279981613159,ok,ok
placebo_std-real_std,placebo_std,real_std,2026,block_03,Gear,3,shifted,1,0,1,101,2000,numerator_arm_minus_denominator_arm,0.2805,0.49850000000000005,10.989090919494629,32.80144548416138,ok,ok
placebo_std-real_std,placebo_std,real_std,2026,block_03,Gear,3,shifted,1,1,0,110,2000,numerator_arm_minus_denominator_arm,0.819,0.8785000000000001,15.090933799743652,36.61293292045593,ok,ok
placebo_std-real_std,placebo_std,real_std,2026,block_03,Gear,3,shifted,1,1,1,111,2000,numerator_arm_minus_denominator_arm,0.6745,0.9085,13.72851824760437,36.600799560546875,ok,ok
placebo_std-real_std,placebo_std,real_std,2026,block_03,RPM,4,canonical,0,0,0,000,2000,numerator_arm_minus_denominator_arm,1.0,1.0,41.15014672279358,77.48710578680038,ok,ok
placebo_std-real_std,placebo_std,real_std,2026,block_03,RPM,4,canonical,0,0,1,001,2000,numerator_arm_minus_denominator_arm,1.0,0.99,34.610255002975464,62.082683801651,ok,ok
placebo_std-real_std,placebo_std,real_std,2026,block_03,RPM,4,canonical,0,1,0,010,2000,numerator_arm_minus_denominator_arm,1.0,1.0,49.726659536361694,101.21357500553131,ok,ok
placebo_std-real_std,placebo_std,real_std,2026,block_03,RPM,4,canonical,0,1,1,011,2000,numerator_arm_minus_denominator_arm,1.0,0.987,50.323601961135864,100.52346587181091,ok,ok
placebo_std-real_std,placebo_std,real_std,2026,block_03,RPM,4,canonical,1,0,0,100,2000,numerator_arm_minus_denominator_arm,0.208,0.7394999999999999,9.246980611234903,15.061542987823486,ok,ok
placebo_std-real_std,placebo_std,real_std,2026,block_03,RPM,4,canonical,1,0,1,101,2000,numerator_arm_minus_denominator_arm,0.015,0.733,4.922458052635193,30.382587432861328,ok,ok
placebo_std-real_std,placebo_std,real_std,2026,block_03,RPM,4,canonical,1,1,0,110,2000,numerator_arm_minus_denominator_arm,0.2335,0.7615,10.303191781044006,16.213982820510864,ok,ok
placebo_std-real_std,placebo_std,real_std,2026,block_03,RPM,4,canonical,1,1,1,111,2000,numerator_arm_minus_denominator_arm,0.0655,0.832,6.420903027057648,28.166207313537598,ok,ok
placebo_std-real_std,placebo_std,real_std,2026,block_03,RPM,4,shifted,0,0,0,000,2000,numerator_arm_minus_denominator_arm,1.0,0.9995,39.279325008392334,75.81728130578995,ok,ok
placebo_std-real_std,placebo_std,real_std,2026,block_03,RPM,4,shifted,0,0,1,001,2000,numerator_arm_minus_denominator_arm,1.0,0.988,33.28550839424133,60.6856746673584,ok,ok
placebo_std-real_std,placebo_std,real_std,2026,block_03,RPM,4,shifted,0,1,0,010,2000,numerator_arm_minus_denominator_arm,1.0,1.0,48.257760524749756,101.16123414039612,ok,ok
placebo_std-real_std,placebo_std,real_std,2026,block_03,RPM,4,shifted,0,1,1,011,2000,numerator_arm_minus_denominator_arm,1.0,0.985,49.11822509765625,99.81639587879181,ok,ok
placebo_std-real_std,placebo_std,real_std,2026,block_03,RPM,4,shifted,1,0,0,100,2000,numerator_arm_minus_denominator_arm,0.249,0.763,9.63763390481472,15.869905471801758,ok,ok
placebo_std-real_std,placebo_std,real_std,2026,block_03,RPM,4,shifted,1,0,1,101,2000,numerator_arm_minus_denominator_arm,0.017,0.7025,5.0464291125535965,31.187955379486084,ok,ok
placebo_std-real_std,placebo_std,real_std,2026,block_03,RPM,4,shifted,1,1,0,110,2000,numerator_arm_minus_denominator_arm,0.2505,0.7775000000000001,10.495675683021545,16.66667890548706,ok,ok
placebo_std-real_std,placebo_std,real_std,2026,block_03,RPM,4,shifted,1,1,1,111,2000,numerator_arm_minus_denominator_arm,0.06,0.8165,6.3159860372543335,28.64937162399292,ok,ok
placebo_std-real_std,placebo_std,real_std,3407,block_01,Gear,3,canonical,0,0,0,000,2000,numerator_arm_minus_denominator_arm,1.0,1.0,30.347575694322586,75.86090064048767,ok,ok
placebo_std-real_std,placebo_std,real_std,3407,block_01,Gear,3,canonical,0,0,1,001,2000,numerator_arm_minus_denominator_arm,1.0,1.0,26.149139553308487,67.7298167347908,ok,ok
placebo_std-real_std,placebo_std,real_std,3407,block_01,Gear,3,canonical,0,1,0,010,2000,numerator_arm_minus_denominator_arm,1.0,1.0,39.691015124320984,111.558868765831,ok,ok
placebo_std-real_std,placebo_std,real_std,3407,block_01,Gear,3,canonical,0,1,1,011,2000,numerator_arm_minus_denominator_arm,1.0,1.0,35.31791055202484,102.18056213855743,ok,ok
placebo_std-real_std,placebo_std,real_std,3407,block_01,Gear,3,canonical,1,0,0,100,2000,numerator_arm_minus_denominator_arm,0.0585,0.16649999999999998,0.4662666320800781,18.884821891784668,ok,ok
placebo_std-real_std,placebo_std,real_std,3407,block_01,Gear,3,canonical,1,0,1,101,2000,numerator_arm_minus_denominator_arm,0.0095,0.05900000000000005,-0.8613193035125732,15.49528694152832,ok,ok
placebo_std-real_std,placebo_std,real_std,3407,block_01,Gear,3,canonical,1,1,0,110,2000,numerator_arm_minus_denominator_arm,0.622,0.25849999999999995,6.617739200592041,19.2029972076416,ok,ok
placebo_std-real_std,placebo_std,real_std,3407,block_01,Gear,3,canonical,1,1,1,111,2000,numerator_arm_minus_denominator_arm,0.3435,0.23150000000000004,4.014763832092285,19.513524055480957,ok,ok
placebo_std-real_std,placebo_std,real_std,3407,block_01,Gear,3,shifted,0,0,0,000,2000,numerator_arm_minus_denominator_arm,1.0,1.0,30.42138174176216,75.92272889614105,ok,ok
placebo_std-real_std,placebo_std,real_std,3407,block_01,Gear,3,shifted,0,0,1,001,2000,numerator_arm_minus_denominator_arm,1.0,1.0,26.23251336812973,67.79500192403793,ok,ok
placebo_std-real_std,placebo_std,real_std,3407,block_01,Gear,3,shifted,0,1,0,010,2000,numerator_arm_minus_denominator_arm,1.0,1.0,39.82585382461548,111.67772570252419,ok,ok
placebo_std-real_std,placebo_std,real_std,3407,block_01,Gear,3,shifted,0,1,1,011,2000,numerator_arm_minus_denominator_arm,1.0,1.0,35.45852315425873,102.3020968735218,ok,ok
placebo_std-real_std,placebo_std,real_std,3407,block_01,Gear,3,shifted,1,0,0,100,2000,numerator_arm_minus_denominator_arm,0.0595,0.16600000000000004,0.4862098693847656,18.898775100708008,ok,ok
placebo_std-real_std,placebo_std,real_std,3407,block_01,Gear,3,shifted,1,0,1,101,2000,numerator_arm_minus_denominator_arm,0.01,0.057499999999999996,-0.8473469018936157,15.508130073547363,ok,ok
placebo_std-real_std,placebo_std,real_std,3407,block_01,Gear,3,shifted,1,1,0,110,2000,numerator_arm_minus_denominator_arm,0.6305,0.258,6.661977529525757,19.26944923400879,ok,ok
placebo_std-real_std,placebo_std,real_std,3407,block_01,Gear,3,shifted,1,1,1,111,2000,numerator_arm_minus_denominator_arm,0.349,0.23099999999999998,4.053814172744751,19.557047843933105,ok,ok
placebo_std-real_std,placebo_std,real_std,3407,block_01,RPM,4,canonical,0,0,0,000,2000,numerator_arm_minus_denominator_arm,1.0,1.0,40.25219011306763,77.84430491924286,ok,ok
placebo_std-real_std,placebo_std,real_std,3407,block_01,RPM,4,canonical,0,0,1,001,2000,numerator_arm_minus_denominator_arm,1.0,0.993,33.38655233383179,58.30890432745218,ok,ok
placebo_std-real_std,placebo_std,real_std,3407,block_01,RPM,4,canonical,0,1,0,010,2000,numerator_arm_minus_denominator_arm,0.9995,0.999,44.50548183917999,96.5655658096075,ok,ok
placebo_std-real_std,placebo_std,real_std,3407,block_01,RPM,4,canonical,0,1,1,011,2000,numerator_arm_minus_denominator_arm,0.9995,0.9725,38.45901516079903,88.83620500564575,ok,ok
placebo_std-real_std,placebo_std,real_std,3407,block_01,RPM,4,canonical,1,0,0,100,2000,numerator_arm_minus_denominator_arm,0.14550000000000002,0.28200000000000003,1.5263361930847168,6.006125450134277,ok,ok
placebo_std-real_std,placebo_std,real_std,3407,block_01,RPM,4,canonical,1,0,1,101,2000,numerator_arm_minus_denominator_arm,-0.006,0.0,0.2158660888671875,4.783998489379883,ok,ok
placebo_std-real_std,placebo_std,real_std,3407,block_01,RPM,4,canonical,1,1,0,110,2000,numerator_arm_minus_denominator_arm,0.34149999999999997,0.3715,3.4884963035583496,8.575376510620117,ok,ok
placebo_std-real_std,placebo_std,real_std,3407,block_01,RPM,4,canonical,1,1,1,111,2000,numerator_arm_minus_denominator_arm,0.041999999999999996,0.0004999999999999449,1.2655596733093262,9.804101943969727,ok,ok
placebo_std-real_std,placebo_std,real_std,3407,block_01,RPM,4,shifted,0,0,0,000,2000,numerator_arm_minus_denominator_arm,1.0,1.0,38.42586803436279,76.4826272726059,ok,ok
placebo_std-real_std,placebo_std,real_std,3407,block_01,RPM,4,shifted,0,0,1,001,2000,numerator_arm_minus_denominator_arm,1.0,0.993,32.797839879989624,57.68663440644741,ok,ok
placebo_std-real_std,placebo_std,real_std,3407,block_01,RPM,4,shifted,0,1,0,010,2000,numerator_arm_minus_denominator_arm,0.9995,0.999,42.584863901138306,96.15030081570148,ok,ok
placebo_std-real_std,placebo_std,real_std,3407,block_01,RPM,4,shifted,0,1,1,011,2000,numerator_arm_minus_denominator_arm,0.9995,0.973,36.28691869974136,88.14756846427917,ok,ok
placebo_std-real_std,placebo_std,real_std,3407,block_01,RPM,4,shifted,1,0,0,100,2000,numerator_arm_minus_denominator_arm,0.1795,0.2899999999999999,1.793961524963379,6.412958145141602,ok,ok
placebo_std-real_std,placebo_std,real_std,3407,block_01,RPM,4,shifted,1,0,1,101,2000,numerator_arm_minus_denominator_arm,-0.0034999999999999996,0.0,0.3629460334777832,5.325014114379883,ok,ok
placebo_std-real_std,placebo_std,real_std,3407,block_01,RPM,4,shifted,1,1,0,110,2000,numerator_arm_minus_denominator_arm,0.34349999999999997,0.37950000000000006,3.4807233810424805,8.974525451660156,ok,ok
placebo_std-real_std,placebo_std,real_std,3407,block_01,RPM,4,shifted,1,1,1,111,2000,numerator_arm_minus_denominator_arm,0.03900000000000001,0.0,1.204207420349121,10.149850845336914,ok,ok
placebo_std-real_std,placebo_std,real_std,3407,block_02,Gear,3,canonical,0,0,0,000,2000,numerator_arm_minus_denominator_arm,0.999,0.999,30.516042537987232,76.10047650337219,ok,ok
placebo_std-real_std,placebo_std,real_std,3407,block_02,Gear,3,canonical,0,0,1,001,2000,numerator_arm_minus_denominator_arm,0.999,0.999,26.240281462669373,67.85355985164642,ok,ok
placebo_std-real_std,placebo_std,real_std,3407,block_02,Gear,3,canonical,0,1,0,010,2000,numerator_arm_minus_denominator_arm,0.999,0.999,39.77676659822464,111.74063819646835,ok,ok
placebo_std-real_std,placebo_std,real_std,3407,block_02,Gear,3,canonical,0,1,1,011,2000,numerator_arm_minus_denominator_arm,0.999,0.999,35.25038182735443,101.92203778028488,ok,ok
placebo_std-real_std,placebo_std,real_std,3407,block_02,Gear,3,canonical,1,0,0,100,2000,numerator_arm_minus_denominator_arm,0.0645,0.18400000000000005,0.7075252532958984,18.873472213745117,ok,ok
placebo_std-real_std,placebo_std,real_std,3407,block_02,Gear,3,canonical,1,0,1,101,2000,numerator_arm_minus_denominator_arm,0.011,0.0625,-0.6933013200759888,15.543086051940918,ok,ok
placebo_std-real_std,placebo_std,real_std,3407,block_02,Gear,3,canonical,1,1,0,110,2000,numerator_arm_minus_denominator_arm,0.639,0.25249999999999995,6.758860349655151,19.352192878723145,ok,ok
placebo_std-real_std,placebo_std,real_std,3407,block_02,Gear,3,canonical,1,1,1,111,2000,numerator_arm_minus_denominator_arm,0.319,0.2320000000000001,4.055584192276001,19.616148948669434,ok,ok
placebo_std-real_std,placebo_std,real_std,3407,block_02,Gear,3,shifted,0,0,0,000,2000,numerator_arm_minus_denominator_arm,0.999,0.999,30.589649975299835,76.16243624687195,ok,ok
placebo_std-real_std,placebo_std,real_std,3407,block_02,Gear,3,shifted,0,0,1,001,2000,numerator_arm_minus_denominator_arm,0.999,0.999,26.324152261018753,67.91888695955276,ok,ok
placebo_std-real_std,placebo_std,real_std,3407,block_02,Gear,3,shifted,0,1,0,010,2000,numerator_arm_minus_denominator_arm,0.999,0.999,39.91215205192566,111.85979869961739,ok,ok
placebo_std-real_std,placebo_std,real_std,3407,block_02,Gear,3,shifted,0,1,1,011,2000,numerator_arm_minus_denominator_arm,0.999,0.999,35.39133042097092,102.0442468225956,ok,ok
placebo_std-real_std,placebo_std,real_std,3407,block_02,Gear,3,shifted,1,0,0,100,2000,numerator_arm_minus_denominator_arm,0.065,0.1835,0.7273950576782227,18.888344764709473,ok,ok
placebo_std-real_std,placebo_std,real_std,3407,block_02,Gear,3,shifted,1,0,1,101,2000,numerator_arm_minus_denominator_arm,0.0115,0.0615,-0.6792958974838257,15.556097984313965,ok,ok
placebo_std-real_std,placebo_std,real_std,3407,block_02,Gear,3,shifted,1,1,0,110,2000,numerator_arm_minus_denominator_arm,0.6435,0.25249999999999995,6.803835511207581,19.420350074768066,ok,ok
placebo_std-real_std,placebo_std,real_std,3407,block_02,Gear,3,shifted,1,1,1,111,2000,numerator_arm_minus_denominator_arm,0.325,0.2310000000000001,4.094992160797119,19.658021926879883,ok,ok
placebo_std-real_std,placebo_std,real_std,3407,block_02,RPM,4,canonical,0,0,0,000,2000,numerator_arm_minus_denominator_arm,0.9995,0.999,40.09357833862305,77.6872456073761,ok,ok
placebo_std-real_std,placebo_std,real_std,3407,block_02,RPM,4,canonical,0,0,1,001,2000,numerator_arm_minus_denominator_arm,0.9995,0.9915,33.29096055030823,58.191803611814976,ok,ok
placebo_std-real_std,placebo_std,real_std,3407,block_02,RPM,4,canonical,0,1,0,010,2000,numerator_arm_minus_denominator_arm,0.9995,0.998,44.43478435277939,96.56822161376476,ok,ok
placebo_std-real_std,placebo_std,real_std,3407,block_02,RPM,4,canonical,0,1,1,011,2000,numerator_arm_minus_denominator_arm,0.9980000000000001,0.9595,38.4534347653389,88.6409502029419,ok,ok
placebo_std-real_std,placebo_std,real_std,3407,block_02,RPM,4,canonical,1,0,0,100,2000,numerator_arm_minus_denominator_arm,0.14800000000000002,0.27249999999999996,1.5473341941833496,6.231477737426758,ok,ok
placebo_std-real_std,placebo_std,real_std,3407,block_02,RPM,4,canonical,1,0,1,101,2000,numerator_arm_minus_denominator_arm,0.0005000000000000004,0.0004999999999999449,0.24884319305419922,4.82177734375,ok,ok
placebo_std-real_std,placebo_std,real_std,3407,block_02,RPM,4,canonical,1,1,0,110,2000,numerator_arm_minus_denominator_arm,0.3225,0.365,3.486543655395508,8.67894458770752,ok,ok
placebo_std-real_std,placebo_std,real_std,3407,block_02,RPM,4,canonical,1,1,1,111,2000,numerator_arm_minus_denominator_arm,0.037500000000000006,0.0010000000000000009,1.3409457206726074,9.905252456665039,ok,ok
placebo_std-real_std,placebo_std,real_std,3407,block_02,RPM,4,shifted,0,0,0,000,2000,numerator_arm_minus_denominator_arm,0.9995,0.999,38.239866971969604,76.28804785013199,ok,ok
placebo_std-real_std,placebo_std,real_std,3407,block_02,RPM,4,shifted,0,0,1,001,2000,numerator_arm_minus_denominator_arm,0.9995,0.993,32.69052076339722,57.55423219501972,ok,ok
placebo_std-real_std,placebo_std,real_std,3407,block_02,RPM,4,shifted,0,1,0,010,2000,numerator_arm_minus_denominator_arm,0.9995,0.998,42.49070370197296,96.13621100783348,ok,ok
placebo_std-real_std,placebo_std,real_std,3407,block_02,RPM,4,shifted,0,1,1,011,2000,numerator_arm_minus_denominator_arm,0.9980000000000001,0.962,36.28541421890259,87.94949269294739,ok,ok
placebo_std-real_std,placebo_std,real_std,3407,block_02,RPM,4,shifted,1,0,0,100,2000,numerator_arm_minus_denominator_arm,0.1765,0.2859999999999999,1.8080134391784668,6.644741058349609,ok,ok
placebo_std-real_std,placebo_std,real_std,3407,block_02,RPM,4,shifted,1,0,1,101,2000,numerator_arm_minus_denominator_arm,0.0034999999999999996,0.0,0.39386892318725586,5.367176055908203,ok,ok
placebo_std-real_std,placebo_std,real_std,3407,block_02,RPM,4,shifted,1,1,0,110,2000,numerator_arm_minus_denominator_arm,0.3265,0.373,3.4748172760009766,9.067362785339355,ok,ok
placebo_std-real_std,placebo_std,real_std,3407,block_02,RPM,4,shifted,1,1,1,111,2000,numerator_arm_minus_denominator_arm,0.034,0.0004999999999999449,1.275010108947754,10.233741760253906,ok,ok
placebo_std-real_std,placebo_std,real_std,3407,block_03,Gear,3,canonical,0,0,0,000,2000,numerator_arm_minus_denominator_arm,1.0,1.0,30.183604799211025,75.59443831443787,ok,ok
placebo_std-real_std,placebo_std,real_std,3407,block_03,Gear,3,canonical,0,0,1,001,2000,numerator_arm_minus_denominator_arm,1.0,1.0,26.03530490398407,67.63996386528015,ok,ok
placebo_std-real_std,placebo_std,real_std,3407,block_03,Gear,3,canonical,0,1,0,010,2000,numerator_arm_minus_denominator_arm,0.999,0.999,39.612252712249756,111.68760278820992,ok,ok
placebo_std-real_std,placebo_std,real_std,3407,block_03,Gear,3,canonical,0,1,1,011,2000,numerator_arm_minus_denominator_arm,0.9995,0.9995,35.14947289228439,102.21445080637932,ok,ok
placebo_std-real_std,placebo_std,real_std,3407,block_03,Gear,3,canonical,1,0,0,100,2000,numerator_arm_minus_denominator_arm,0.064,0.16400000000000003,0.4924740791320801,18.55664348602295,ok,ok
placebo_std-real_std,placebo_std,real_std,3407,block_03,Gear,3,canonical,1,0,1,101,2000,numerator_arm_minus_denominator_arm,0.0125,0.05400000000000005,-0.8365806341171265,15.264595031738281,ok,ok
placebo_std-real_std,placebo_std,real_std,3407,block_03,Gear,3,canonical,1,1,0,110,2000,numerator_arm_minus_denominator_arm,0.6585,0.25350000000000006,6.662753343582153,19.195958137512207,ok,ok
placebo_std-real_std,placebo_std,real_std,3407,block_03,Gear,3,canonical,1,1,1,111,2000,numerator_arm_minus_denominator_arm,0.3415,0.237,4.034124135971069,19.550707817077637,ok,ok
placebo_std-real_std,placebo_std,real_std,3407,block_03,Gear,3,shifted,0,0,0,000,2000,numerator_arm_minus_denominator_arm,1.0,1.0,30.257700987160206,75.65625476837158,ok,ok
placebo_std-real_std,placebo_std,real_std,3407,block_03,Gear,3,shifted,0,0,1,001,2000,numerator_arm_minus_denominator_arm,1.0,1.0,26.119798123836517,67.70467853546143,ok,ok
placebo_std-real_std,placebo_std,real_std,3407,block_03,Gear,3,shifted,0,1,0,010,2000,numerator_arm_minus_denominator_arm,0.999,0.999,39.748133063316345,111.80695179104805,ok,ok
placebo_std-real_std,placebo_std,real_std,3407,block_03,Gear,3,shifted,0,1,1,011,2000,numerator_arm_minus_denominator_arm,0.9995,0.9995,35.29140639305115,102.33689439296722,ok,ok
placebo_std-real_std,placebo_std,real_std,3407,block_03,Gear,3,shifted,1,0,0,100,2000,numerator_arm_minus_denominator_arm,0.066,0.16400000000000003,0.5121653079986572,18.571280479431152,ok,ok
placebo_std-real_std,placebo_std,real_std,3407,block_03,Gear,3,shifted,1,0,1,101,2000,numerator_arm_minus_denominator_arm,0.013,0.05400000000000005,-0.8226495981216431,15.277523040771484,ok,ok
placebo_std-real_std,placebo_std,real_std,3407,block_03,Gear,3,shifted,1,1,0,110,2000,numerator_arm_minus_denominator_arm,0.6615,0.253,6.707925200462341,19.26512622833252,ok,ok
placebo_std-real_std,placebo_std,real_std,3407,block_03,Gear,3,shifted,1,1,1,111,2000,numerator_arm_minus_denominator_arm,0.345,0.23650000000000004,4.073486566543579,19.593570709228516,ok,ok
placebo_std-real_std,placebo_std,real_std,3407,block_03,RPM,4,canonical,0,0,0,000,2000,numerator_arm_minus_denominator_arm,1.0,1.0,40.00943970680237,77.6604089140892,ok,ok
placebo_std-real_std,placebo_std,real_std,3407,block_03,RPM,4,canonical,0,0,1,001,2000,numerator_arm_minus_denominator_arm,1.0,0.9925,33.23044562339783,58.32665345817804,ok,ok
placebo_std-real_std,placebo_std,real_std,3407,block_03,RPM,4,canonical,0,1,0,010,2000,numerator_arm_minus_denominator_arm,1.0,0.9985,44.244033336639404,96.64361001551151,ok,ok
placebo_std-real_std,placebo_std,real_std,3407,block_03,RPM,4,canonical,0,1,1,011,2000,numerator_arm_minus_denominator_arm,0.9995,0.9655,38.3256239593029,88.91416907310486,ok,ok
placebo_std-real_std,placebo_std,real_std,3407,block_03,RPM,4,canonical,1,0,0,100,2000,numerator_arm_minus_denominator_arm,0.16099999999999998,0.2895,1.5049281120300293,6.125638961791992,ok,ok
placebo_std-real_std,placebo_std,real_std,3407,block_03,RPM,4,canonical,1,0,1,101,2000,numerator_arm_minus_denominator_arm,0.0015000000000000013,0.0,0.20116901397705078,4.689981460571289,ok,ok
placebo_std-real_std,placebo_std,real_std,3407,block_03,RPM,4,canonical,1,1,0,110,2000,numerator_arm_minus_denominator_arm,0.3315,0.38050000000000006,3.560305595397949,8.628399848937988,ok,ok
placebo_std-real_std,placebo_std,real_std,3407,block_03,RPM,4,canonical,1,1,1,111,2000,numerator_arm_minus_denominator_arm,0.04700000000000001,0.0010000000000000009,1.2665205001831055,9.89352035522461,ok,ok
placebo_std-real_std,placebo_std,real_std,3407,block_03,RPM,4,shifted,0,0,0,000,2000,numerator_arm_minus_denominator_arm,1.0,1.0,38.190646171569824,76.31161153316498,ok,ok
placebo_std-real_std,placebo_std,real_std,3407,block_03,RPM,4,shifted,0,0,1,001,2000,numerator_arm_minus_denominator_arm,1.0,0.993,32.6344735622406,57.71163143962622,ok,ok
placebo_std-real_std,placebo_std,real_std,3407,block_03,RPM,4,shifted,0,1,0,010,2000,numerator_arm_minus_denominator_arm,1.0,0.9985,42.30279016494751,96.20833623409271,ok,ok
placebo_std-real_std,placebo_std,real_std,3407,block_03,RPM,4,shifted,0,1,1,011,2000,numerator_arm_minus_denominator_arm,0.9995,0.967,36.14726594090462,88.21489977836609,ok,ok
placebo_std-real_std,placebo_std,real_std,3407,block_03,RPM,4,shifted,1,0,0,100,2000,numerator_arm_minus_denominator_arm,0.1815,0.29200000000000004,1.7689623832702637,6.538728713989258,ok,ok
placebo_std-real_std,placebo_std,real_std,3407,block_03,RPM,4,shifted,1,0,1,101,2000,numerator_arm_minus_denominator_arm,0.002999999999999999,0.0,0.34345293045043945,5.235546112060547,ok,ok
placebo_std-real_std,placebo_std,real_std,3407,block_03,RPM,4,shifted,1,1,0,110,2000,numerator_arm_minus_denominator_arm,0.331,0.38500000000000006,3.5476841926574707,9.027118682861328,ok,ok
placebo_std-real_std,placebo_std,real_std,3407,block_03,RPM,4,shifted,1,1,1,111,2000,numerator_arm_minus_denominator_arm,0.043000000000000003,0.0010000000000000009,1.19903564453125,10.234519958496094,ok,ok
rule_std-placebo_std,rule_std,placebo_std,7,block_01,Gear,3,canonical,0,0,0,000,2000,numerator_arm_minus_denominator_arm,0.0,0.0,1.7246551513671875,5.6828155517578125,ok,ok
rule_std-placebo_std,rule_std,placebo_std,7,block_01,Gear,3,canonical,0,0,1,001,2000,numerator_arm_minus_denominator_arm,0.0,0.0,0.5826053619384766,7.4930877685546875,ok,ok
rule_std-placebo_std,rule_std,placebo_std,7,block_01,Gear,3,canonical,0,1,0,010,2000,numerator_arm_minus_denominator_arm,0.0,0.0,0.3217620849609375,1.5482101440429688,ok,ok
rule_std-placebo_std,rule_std,placebo_std,7,block_01,Gear,3,canonical,0,1,1,011,2000,numerator_arm_minus_denominator_arm,0.0,0.0,-0.18301773071289062,4.879325866699219,ok,ok
rule_std-placebo_std,rule_std,placebo_std,7,block_01,Gear,3,canonical,1,0,0,100,2000,numerator_arm_minus_denominator_arm,0.025500000000000002,0.0,2.4577581882476807,1.5891494750976562,ok,ok
rule_std-placebo_std,rule_std,placebo_std,7,block_01,Gear,3,canonical,1,0,1,101,2000,numerator_arm_minus_denominator_arm,0.0035,0.0,2.370229482650757,2.2038917541503906,ok,ok
rule_std-placebo_std,rule_std,placebo_std,7,block_01,Gear,3,canonical,1,1,0,110,2000,numerator_arm_minus_denominator_arm,0.17200000000000001,-0.0004999999999999449,1.7092814445495605,-1.0829429626464844,ok,ok
rule_std-placebo_std,rule_std,placebo_std,7,block_01,Gear,3,canonical,1,1,1,111,2000,numerator_arm_minus_denominator_arm,0.12150000000000001,0.0,1.6733317375183105,-2.4647598266601562,ok,ok
rule_std-placebo_std,rule_std,placebo_std,7,block_01,Gear,3,shifted,0,0,0,000,2000,numerator_arm_minus_denominator_arm,0.0,0.0,1.7534866333007812,5.674964904785156,ok,ok
rule_std-placebo_std,rule_std,placebo_std,7,block_01,Gear,3,shifted,0,0,1,001,2000,numerator_arm_minus_denominator_arm,0.0,0.0,0.6173419952392578,7.482692718505859,ok,ok
rule_std-placebo_std,rule_std,placebo_std,7,block_01,Gear,3,shifted,0,1,0,010,2000,numerator_arm_minus_denominator_arm,0.0,0.0,0.2767486572265625,1.542205810546875,ok,ok
rule_std-placebo_std,rule_std,placebo_std,7,block_01,Gear,3,shifted,0,1,1,011,2000,numerator_arm_minus_denominator_arm,0.0,0.0,-0.20609664916992188,4.874481201171875,ok,ok
rule_std-placebo_std,rule_std,placebo_std,7,block_01,Gear,3,shifted,1,0,0,100,2000,numerator_arm_minus_denominator_arm,0.025500000000000002,0.0,2.4603044986724854,1.5904960632324219,ok,ok
rule_std-placebo_std,rule_std,placebo_std,7,block_01,Gear,3,shifted,1,0,1,101,2000,numerator_arm_minus_denominator_arm,0.0035,0.0,2.3722434043884277,2.202342987060547,ok,ok
rule_std-placebo_std,rule_std,placebo_std,7,block_01,Gear,3,shifted,1,1,0,110,2000,numerator_arm_minus_denominator_arm,0.17450000000000002,-0.0004999999999999449,1.6970911026000977,-1.0545692443847656,ok,ok
rule_std-placebo_std,rule_std,placebo_std,7,block_01,Gear,3,shifted,1,1,1,111,2000,numerator_arm_minus_denominator_arm,0.1255,0.0,1.6585373878479004,-2.4392547607421875,ok,ok
rule_std-placebo_std,rule_std,placebo_std,7,block_01,RPM,4,canonical,0,0,0,000,2000,numerator_arm_minus_denominator_arm,0.0,0.0,2.530731201171875,6.4271240234375,ok,ok
rule_std-placebo_std,rule_std,placebo_std,7,block_01,RPM,4,canonical,0,0,1,001,2000,numerator_arm_minus_denominator_arm,0.0,0.0,5.818571090698242,4.203041076660156,ok,ok
rule_std-placebo_std,rule_std,placebo_std,7,block_01,RPM,4,canonical,0,1,0,010,2000,numerator_arm_minus_denominator_arm,0.0,0.0,0.6932601928710938,1.4666824340820312,ok,ok
rule_std-placebo_std,rule_std,placebo_std,7,block_01,RPM,4,canonical,0,1,1,011,2000,numerator_arm_minus_denominator_arm,0.0,0.0,3.193920135498047,-4.206138610839844,ok,ok
rule_std-placebo_std,rule_std,placebo_std,7,block_01,RPM,4,canonical,1,0,0,100,2000,numerator_arm_minus_denominator_arm,-0.057499999999999996,-0.03750000000000009,-1.19450044631958,-0.9235019683837891,ok,ok
rule_std-placebo_std,rule_std,placebo_std,7,block_01,RPM,4,canonical,1,0,1,101,2000,numerator_arm_minus_denominator_arm,0.0,0.0,0.06602084636688232,7.495555877685547,ok,ok
rule_std-placebo_std,rule_std,placebo_std,7,block_01,RPM,4,canonical,1,1,0,110,2000,numerator_arm_minus_denominator_arm,-0.08299999999999999,-0.20499999999999996,-0.6294155120849609,-6.949654579162598,ok,ok
rule_std-placebo_std,rule_std,placebo_std,7,block_01,RPM,4,canonical,1,1,1,111,2000,numerator_arm_minus_denominator_arm,0.034999999999999996,-0.0004999999999999449,3.4039604663848877,-8.739904403686523,ok,ok
rule_std-placebo_std,rule_std,placebo_std,7,block_01,RPM,4,shifted,0,0,0,000,2000,numerator_arm_minus_denominator_arm,0.0,0.0,3.074451446533203,7.119140625,ok,ok
rule_std-placebo_std,rule_std,placebo_std,7,block_01,RPM,4,shifted,0,0,1,001,2000,numerator_arm_minus_denominator_arm,0.0,0.0,6.235395431518555,4.754371643066406,ok,ok
rule_std-placebo_std,rule_std,placebo_std,7,block_01,RPM,4,shifted,0,1,0,010,2000,numerator_arm_minus_denominator_arm,0.0,0.0,1.2669334411621094,2.154937744140625,ok,ok
rule_std-placebo_std,rule_std,placebo_std,7,block_01,RPM,4,shifted,0,1,1,011,2000,numerator_arm_minus_denominator_arm,0.0,0.0,3.8450660705566406,-3.1675338745117188,ok,ok
rule_std-placebo_std,rule_std,placebo_std,7,block_01,RPM,4,shifted,1,0,0,100,2000,numerator_arm_minus_denominator_arm,-0.05450000000000001,-0.026000000000000023,-1.033919334411621,-0.6811580657958984,ok,ok
rule_std-placebo_std,rule_std,placebo_std,7,block_01,RPM,4,shifted,1,0,1,101,2000,numerator_arm_minus_denominator_arm,0.0,0.0,0.22537446022033691,7.729866027832031,ok,ok
rule_std-placebo_std,rule_std,placebo_std,7,block_01,RPM,4,shifted,1,1,0,110,2000,numerator_arm_minus_denominator_arm,-0.07750000000000001,-0.1875,-0.4622669219970703,-6.811464309692383,ok,ok
rule_std-placebo_std,rule_std,placebo_std,7,block_01,RPM,4,shifted,1,1,1,111,2000,numerator_arm_minus_denominator_arm,0.034999999999999996,0.0,3.436100959777832,-8.62969970703125,ok,ok
rule_std-placebo_std,rule_std,placebo_std,7,block_02,Gear,3,canonical,0,0,0,000,2000,numerator_arm_minus_denominator_arm,0.0,0.0,1.8428955078125,5.926033020019531,ok,ok
rule_std-placebo_std,rule_std,placebo_std,7,block_02,Gear,3,canonical,0,0,1,001,2000,numerator_arm_minus_denominator_arm,0.0,0.0,0.6103916168212891,7.679473876953125,ok,ok
rule_std-placebo_std,rule_std,placebo_std,7,block_02,Gear,3,canonical,0,1,0,010,2000,numerator_arm_minus_denominator_arm,0.0,0.0,0.4261016845703125,1.5424575805664062,ok,ok
rule_std-placebo_std,rule_std,placebo_std,7,block_02,Gear,3,canonical,0,1,1,011,2000,numerator_arm_minus_denominator_arm,0.0,0.0,-0.0804901123046875,4.8033447265625,ok,ok
rule_std-placebo_std,rule_std,placebo_std,7,block_02,Gear,3,canonical,1,0,0,100,2000,numerator_arm_minus_denominator_arm,0.033,0.0,2.6215567588806152,1.7335090637207031,ok,ok
rule_std-placebo_std,rule_std,placebo_std,7,block_02,Gear,3,canonical,1,0,1,101,2000,numerator_arm_minus_denominator_arm,0.0065,0.0,2.54612934589386,2.1551971435546875,ok,ok
rule_std-placebo_std,rule_std,placebo_std,7,block_02,Gear,3,canonical,1,1,0,110,2000,numerator_arm_minus_denominator_arm,0.17300000000000001,0.0,1.8011445999145508,-1.0126495361328125,ok,ok
rule_std-placebo_std,rule_std,placebo_std,7,block_02,Gear,3,canonical,1,1,1,111,2000,numerator_arm_minus_denominator_arm,0.11750000000000001,0.0,1.7741374969482422,-2.436237335205078,ok,ok
rule_std-placebo_std,rule_std,placebo_std,7,block_02,Gear,3,shifted,0,0,0,000,2000,numerator_arm_minus_denominator_arm,0.0,0.0,1.8706016540527344,5.9179229736328125,ok,ok
rule_std-placebo_std,rule_std,placebo_std,7,block_02,Gear,3,shifted,0,0,1,001,2000,numerator_arm_minus_denominator_arm,0.0,0.0,0.6441574096679688,7.668956756591797,ok,ok
rule_std-placebo_std,rule_std,placebo_std,7,block_02,Gear,3,shifted,0,1,0,010,2000,numerator_arm_minus_denominator_arm,0.0,0.0,0.3813819885253906,1.5369720458984375,ok,ok
rule_std-placebo_std,rule_std,placebo_std,7,block_02,Gear,3,shifted,0,1,1,011,2000,numerator_arm_minus_denominator_arm,0.0,0.0,-0.10222625732421875,4.7987823486328125,ok,ok
rule_std-placebo_std,rule_std,placebo_std,7,block_02,Gear,3,shifted,1,0,0,100,2000,numerator_arm_minus_denominator_arm,0.0335,0.0,2.6244871616363525,1.7353515625,ok,ok
rule_std-placebo_std,rule_std,placebo_std,7,block_02,Gear,3,shifted,1,0,1,101,2000,numerator_arm_minus_denominator_arm,0.0065,0.0,2.5482794046401978,2.153827667236328,ok,ok
rule_std-placebo_std,rule_std,placebo_std,7,block_02,Gear,3,shifted,1,1,0,110,2000,numerator_arm_minus_denominator_arm,0.17400000000000002,0.0,1.7888078689575195,-0.9843368530273438,ok,ok
rule_std-placebo_std,rule_std,placebo_std,7,block_02,Gear,3,shifted,1,1,1,111,2000,numerator_arm_minus_denominator_arm,0.12000000000000001,0.0,1.7592339515686035,-2.4109878540039062,ok,ok
rule_std-placebo_std,rule_std,placebo_std,7,block_02,RPM,4,canonical,0,0,0,000,2000,numerator_arm_minus_denominator_arm,0.0,0.0,2.7293128967285156,6.6991119384765625,ok,ok
rule_std-placebo_std,rule_std,placebo_std,7,block_02,RPM,4,canonical,0,0,1,001,2000,numerator_arm_minus_denominator_arm,0.0,0.0,6.0188751220703125,4.405735015869141,ok,ok
rule_std-placebo_std,rule_std,placebo_std,7,block_02,RPM,4,canonical,0,1,0,010,2000,numerator_arm_minus_denominator_arm,0.0,0.0,0.8255958557128906,1.5792312622070312,ok,ok
rule_std-placebo_std,rule_std,placebo_std,7,block_02,RPM,4,canonical,0,1,1,011,2000,numerator_arm_minus_denominator_arm,0.0,0.0,3.2585372924804688,-4.049896240234375,ok,ok
rule_std-placebo_std,rule_std,placebo_std,7,block_02,RPM,4,canonical,1,0,0,100,2000,numerator_arm_minus_denominator_arm,-0.046,-0.041000000000000036,-1.0615839958190918,-1.0514640808105469,ok,ok
rule_std-placebo_std,rule_std,placebo_std,7,block_02,RPM,4,canonical,1,0,1,101,2000,numerator_arm_minus_denominator_arm,0.0,0.0,0.14121544361114502,7.378803253173828,ok,ok
rule_std-placebo_std,rule_std,placebo_std,7,block_02,RPM,4,canonical,1,1,0,110,2000,numerator_arm_minus_denominator_arm,-0.0645,-0.1885,-0.5039596557617188,-6.946687698364258,ok,ok
rule_std-placebo_std,rule_std,placebo_std,7,block_02,RPM,4,canonical,1,1,1,111,2000,numerator_arm_minus_denominator_arm,0.030000000000000002,-0.0010000000000000009,3.588893413543701,-8.879568099975586,ok,ok
rule_std-placebo_std,rule_std,placebo_std,7,block_02,RPM,4,shifted,0,0,0,000,2000,numerator_arm_minus_denominator_arm,0.0,0.0,3.2780418395996094,7.388862609863281,ok,ok
rule_std-placebo_std,rule_std,placebo_std,7,block_02,RPM,4,shifted,0,0,1,001,2000,numerator_arm_minus_denominator_arm,0.0,0.0,6.432912826538086,4.958225250244141,ok,ok
rule_std-placebo_std,rule_std,placebo_std,7,block_02,RPM,4,shifted,0,1,0,010,2000,numerator_arm_minus_denominator_arm,0.0,0.0,1.3867607116699219,2.2809906005859375,ok,ok
rule_std-placebo_std,rule_std,placebo_std,7,block_02,RPM,4,shifted,0,1,1,011,2000,numerator_arm_minus_denominator_arm,0.0,0.0,3.914104461669922,-3.0064849853515625,ok,ok
rule_std-placebo_std,rule_std,placebo_std,7,block_02,RPM,4,shifted,1,0,0,100,2000,numerator_arm_minus_denominator_arm,-0.045999999999999985,-0.033500000000000085,-0.9023013114929199,-0.7964687347412109,ok,ok
rule_std-placebo_std,rule_std,placebo_std,7,block_02,RPM,4,shifted,1,0,1,101,2000,numerator_arm_minus_denominator_arm,0.0,0.0,0.3035240173339844,7.616092681884766,ok,ok
rule_std-placebo_std,rule_std,placebo_std,7,block_02,RPM,4,shifted,1,1,0,110,2000,numerator_arm_minus_denominator_arm,-0.055499999999999994,-0.17149999999999999,-0.34573841094970703,-6.8014373779296875,ok,ok
rule_std-placebo_std,rule_std,placebo_std,7,block_02,RPM,4,shifted,1,1,1,111,2000,numerator_arm_minus_denominator_arm,0.0275,-0.0004999999999999449,3.6227705478668213,-8.76605224609375,ok,ok
rule_std-placebo_std,rule_std,placebo_std,7,block_03,Gear,3,canonical,0,0,0,000,2000,numerator_arm_minus_denominator_arm,0.0,0.0,1.6653099060058594,5.727203369140625,ok,ok
rule_std-placebo_std,rule_std,placebo_std,7,block_03,Gear,3,canonical,0,0,1,001,2000,numerator_arm_minus_denominator_arm,0.0,0.0,0.5063838958740234,7.4971466064453125,ok,ok
rule_std-placebo_std,rule_std,placebo_std,7,block_03,Gear,3,canonical,0,1,0,010,2000,numerator_arm_minus_denominator_arm,0.0,0.0,0.34391021728515625,1.6211318969726562,ok,ok
rule_std-placebo_std,rule_std,placebo_std,7,block_03,Gear,3,canonical,0,1,1,011,2000,numerator_arm_minus_denominator_arm,0.0,0.0,-0.1546783447265625,4.919837951660156,ok,ok
rule_std-placebo_std,rule_std,placebo_std,7,block_03,Gear,3,canonical,1,0,0,100,2000,numerator_arm_minus_denominator_arm,0.024499999999999997,0.0,2.4950778484344482,1.6077346801757812,ok,ok
rule_std-placebo_std,rule_std,placebo_std,7,block_03,Gear,3,canonical,1,0,1,101,2000,numerator_arm_minus_denominator_arm,0.003,0.0,2.392655611038208,2.340778350830078,ok,ok
rule_std-placebo_std,rule_std,placebo_std,7,block_03,Gear,3,canonical,1,1,0,110,2000,numerator_arm_minus_denominator_arm,0.181,0.0,1.7033095359802246,-0.98101806640625,ok,ok
rule_std-placebo_std,rule_std,placebo_std,7,block_03,Gear,3,canonical,1,1,1,111,2000,numerator_arm_minus_denominator_arm,0.1255,0.0,1.7104907035827637,-2.4157180786132812,ok,ok
rule_std-placebo_std,rule_std,placebo_std,7,block_03,Gear,3,shifted,0,0,0,000,2000,numerator_arm_minus_denominator_arm,0.0,0.0,1.6944313049316406,5.7191009521484375,ok,ok
rule_std-placebo_std,rule_std,placebo_std,7,block_03,Gear,3,shifted,0,0,1,001,2000,numerator_arm_minus_denominator_arm,0.0,0.0,0.5391292572021484,7.486824035644531,ok,ok
rule_std-placebo_std,rule_std,placebo_std,7,block_03,Gear,3,shifted,0,1,0,010,2000,numerator_arm_minus_denominator_arm,0.0,0.0,0.300933837890625,1.6147308349609375,ok,ok
rule_std-placebo_std,rule_std,placebo_std,7,block_03,Gear,3,shifted,0,1,1,011,2000,numerator_arm_minus_denominator_arm,0.0,0.0,-0.1743927001953125,4.914031982421875,ok,ok
rule_std-placebo_std,rule_std,placebo_std,7,block_03,Gear,3,shifted,1,0,0,100,2000,numerator_arm_minus_denominator_arm,0.024499999999999997,0.0,2.497791051864624,1.6091766357421875,ok,ok
rule_std-placebo_std,rule_std,placebo_std,7,block_03,Gear,3,shifted,1,0,1,101,2000,numerator_arm_minus_denominator_arm,0.003,0.0,2.3948099613189697,2.339141845703125,ok,ok
rule_std-placebo_std,rule_std,placebo_std,7,block_03,Gear,3,shifted,1,1,0,110,2000,numerator_arm_minus_denominator_arm,0.182,0.0,1.6912074089050293,-0.9525070190429688,ok,ok
rule_std-placebo_std,rule_std,placebo_std,7,block_03,Gear,3,shifted,1,1,1,111,2000,numerator_arm_minus_denominator_arm,0.127,0.0,1.6957497596740723,-2.3904953002929688,ok,ok
rule_std-placebo_std,rule_std,placebo_std,7,block_03,RPM,4,canonical,0,0,0,000,2000,numerator_arm_minus_denominator_arm,0.0,0.0,2.538196563720703,6.563560485839844,ok,ok
rule_std-placebo_std,rule_std,placebo_std,7,block_03,RPM,4,canonical,0,0,1,001,2000,numerator_arm_minus_denominator_arm,0.0,0.0,5.983539581298828,4.438652038574219,ok,ok
rule_std-placebo_std,rule_std,placebo_std,7,block_03,RPM,4,canonical,0,1,0,010,2000,numerator_arm_minus_denominator_arm,0.0,0.0,0.7522087097167969,1.5592269897460938,ok,ok
rule_std-placebo_std,rule_std,placebo_std,7,block_03,RPM,4,canonical,0,1,1,011,2000,numerator_arm_minus_denominator_arm,0.0,0.0,3.2757301330566406,-3.9853897094726562,ok,ok
rule_std-placebo_std,rule_std,placebo_std,7,block_03,RPM,4,canonical,1,0,0,100,2000,numerator_arm_minus_denominator_arm,-0.0495,-0.031000000000000028,-1.0925188064575195,-0.9011821746826172,ok,ok
rule_std-placebo_std,rule_std,placebo_std,7,block_03,RPM,4,canonical,1,0,1,101,2000,numerator_arm_minus_denominator_arm,0.0,0.0,0.07559013366699219,7.480236053466797,ok,ok
rule_std-placebo_std,rule_std,placebo_std,7,block_03,RPM,4,canonical,1,1,0,110,2000,numerator_arm_minus_denominator_arm,-0.07499999999999998,-0.1825,-0.5132179260253906,-6.807037353515625,ok,ok
rule_std-placebo_std,rule_std,placebo_std,7,block_03,RPM,4,canonical,1,1,1,111,2000,numerator_arm_minus_denominator_arm,0.029500000000000002,-0.0014999999999999458,3.5582242012023926,-8.723485946655273,ok,ok
rule_std-placebo_std,rule_std,placebo_std,7,block_03,RPM,4,shifted,0,0,0,000,2000,numerator_arm_minus_denominator_arm,0.0,0.0,3.0799522399902344,7.2500762939453125,ok,ok
rule_std-placebo_std,rule_std,placebo_std,7,block_03,RPM,4,shifted,0,0,1,001,2000,numerator_arm_minus_denominator_arm,0.0,0.0,6.396141052246094,4.985263824462891,ok,ok
rule_std-placebo_std,rule_std,placebo_std,7,block_03,RPM,4,shifted,0,1,0,010,2000,numerator_arm_minus_denominator_arm,0.0,0.0,1.3170852661132812,2.2659759521484375,ok,ok
rule_std-placebo_std,rule_std,placebo_std,7,block_03,RPM,4,shifted,0,1,1,011,2000,numerator_arm_minus_denominator_arm,0.0,0.0,3.9317626953125,-2.9535980224609375,ok,ok
rule_std-placebo_std,rule_std,placebo_std,7,block_03,RPM,4,shifted,1,0,0,100,2000,numerator_arm_minus_denominator_arm,-0.04799999999999999,-0.025000000000000022,-0.9366683959960938,-0.6455497741699219,ok,ok
rule_std-placebo_std,rule_std,placebo_std,7,block_03,RPM,4,shifted,1,0,1,101,2000,numerator_arm_minus_denominator_arm,0.0,0.0,0.23487985134124756,7.716037750244141,ok,ok
rule_std-placebo_std,rule_std,placebo_std,7,block_03,RPM,4,shifted,1,1,0,110,2000,numerator_arm_minus_denominator_arm,-0.065,-0.16900000000000004,-0.3427009582519531,-6.6472930908203125,ok,ok
rule_std-placebo_std,rule_std,placebo_std,7,block_03,RPM,4,shifted,1,1,1,111,2000,numerator_arm_minus_denominator_arm,0.029500000000000002,-0.0014999999999999458,3.59460186958313,-8.605766296386719,ok,ok
rule_std-placebo_std,rule_std,placebo_std,42,block_01,Gear,3,canonical,0,0,0,000,2000,numerator_arm_minus_denominator_arm,0.0,0.0,-2.670045852661133,-8.87087631225586,ok,ok
rule_std-placebo_std,rule_std,placebo_std,42,block_01,Gear,3,canonical,0,0,1,001,2000,numerator_arm_minus_denominator_arm,0.0,0.0,-2.366250991821289,-8.764198303222656,ok,ok
rule_std-placebo_std,rule_std,placebo_std,42,block_01,Gear,3,canonical,0,1,0,010,2000,numerator_arm_minus_denominator_arm,0.0,0.0,0.024471282958984375,-13.812408447265625,ok,ok
rule_std-placebo_std,rule_std,placebo_std,42,block_01,Gear,3,canonical,0,1,1,011,2000,numerator_arm_minus_denominator_arm,0.0,0.0,0.3373451232910156,-14.906265258789062,ok,ok
rule_std-placebo_std,rule_std,placebo_std,42,block_01,Gear,3,canonical,1,0,0,100,2000,numerator_arm_minus_denominator_arm,-0.028,-0.025000000000000022,-1.8302489519119263,-7.296421051025391,ok,ok
rule_std-placebo_std,rule_std,placebo_std,42,block_01,Gear,3,canonical,1,0,1,101,2000,numerator_arm_minus_denominator_arm,-0.0015,-0.0030000000000000027,-1.3109400868415833,-6.329050064086914,ok,ok
rule_std-placebo_std,rule_std,placebo_std,42,block_01,Gear,3,canonical,1,1,0,110,2000,numerator_arm_minus_denominator_arm,0.0014999999999999996,-0.025000000000000022,1.0315070748329163,-12.599365234375,ok,ok
rule_std-placebo_std,rule_std,placebo_std,42,block_01,Gear,3,canonical,1,1,1,111,2000,numerator_arm_minus_denominator_arm,0.0015,-0.014499999999999957,1.2695545852184296,-11.95368766784668,ok,ok
rule_std-placebo_std,rule_std,placebo_std,42,block_01,Gear,3,shifted,0,0,0,000,2000,numerator_arm_minus_denominator_arm,0.0,0.0,-2.7032241821289062,-8.862102508544922,ok,ok
rule_std-placebo_std,rule_std,placebo_std,42,block_01,Gear,3,shifted,0,0,1,001,2000,numerator_arm_minus_denominator_arm,0.0,0.0,-2.4013538360595703,-8.762687683105469,ok,ok
rule_std-placebo_std,rule_std,placebo_std,42,block_01,Gear,3,shifted,0,1,0,010,2000,numerator_arm_minus_denominator_arm,0.0,0.0,-0.060756683349609375,-13.810379028320312,ok,ok
rule_std-placebo_std,rule_std,placebo_std,42,block_01,Gear,3,shifted,0,1,1,011,2000,numerator_arm_minus_denominator_arm,0.0,0.0,0.2588233947753906,-14.9112548828125,ok,ok
rule_std-placebo_std,rule_std,placebo_std,42,block_01,Gear,3,shifted,1,0,0,100,2000,numerator_arm_minus_denominator_arm,-0.028,-0.025000000000000022,-1.8465290069580078,-7.296329498291016,ok,ok
rule_std-placebo_std,rule_std,placebo_std,42,block_01,Gear,3,shifted,1,0,1,101,2000,numerator_arm_minus_denominator_arm,-0.0015,-0.0025000000000000577,-1.3235005140304565,-6.325347900390625,ok,ok
rule_std-placebo_std,rule_std,placebo_std,42,block_01,Gear,3,shifted,1,1,0,110,2000,numerator_arm_minus_denominator_arm,0.0014999999999999996,-0.024499999999999966,1.0204961895942688,-12.610771179199219,ok,ok
rule_std-placebo_std,rule_std,placebo_std,42,block_01,Gear,3,shifted,1,1,1,111,2000,numerator_arm_minus_denominator_arm,0.0015,-0.014499999999999957,1.2612333297729492,-11.96573257446289,ok,ok
rule_std-placebo_std,rule_std,placebo_std,42,block_01,RPM,4,canonical,0,0,0,000,2000,numerator_arm_minus_denominator_arm,0.0,0.0,-7.7177581787109375,-10.188919067382812,ok,ok
rule_std-placebo_std,rule_std,placebo_std,42,block_01,RPM,4,canonical,0,0,1,001,2000,numerator_arm_minus_denominator_arm,0.0,0.0,-7.336477279663086,-9.359107971191406,ok,ok
rule_std-placebo_std,rule_std,placebo_std,42,block_01,RPM,4,canonical,0,1,0,010,2000,numerator_arm_minus_denominator_arm,0.0,0.0,-10.81988525390625,-13.73651123046875,ok,ok
rule_std-placebo_std,rule_std,placebo_std,42,block_01,RPM,4,canonical,0,1,1,011,2000,numerator_arm_minus_denominator_arm,0.0,0.0,-11.347972869873047,-11.305702209472656,ok,ok
rule_std-placebo_std,rule_std,placebo_std,42,block_01,RPM,4,canonical,1,0,0,100,2000,numerator_arm_minus_denominator_arm,0.0495,0.09199999999999997,0.16919755935668945,0.8128976821899414,ok,ok
rule_std-placebo_std,rule_std,placebo_std,42,block_01,RPM,4,canonical,1,0,1,101,2000,numerator_arm_minus_denominator_arm,0.0015,-0.0010000000000000009,0.40479302406311035,-0.8387565612792969,ok,ok
rule_std-placebo_std,rule_std,placebo_std,42,block_01,RPM,4,canonical,1,1,0,110,2000,numerator_arm_minus_denominator_arm,-0.0475,0.051000000000000045,-1.7216615676879883,0.15909290313720703,ok,ok
rule_std-placebo_std,rule_std,placebo_std,42,block_01,RPM,4,canonical,1,1,1,111,2000,numerator_arm_minus_denominator_arm,-0.015,0.0010000000000000009,-2.5668923258781433,0.359588623046875,ok,ok
rule_std-placebo_std,rule_std,placebo_std,42,block_01,RPM,4,shifted,0,0,0,000,2000,numerator_arm_minus_denominator_arm,0.0,0.0,-7.341350555419922,-10.205123901367188,ok,ok
rule_std-placebo_std,rule_std,placebo_std,42,block_01,RPM,4,shifted,0,0,1,001,2000,numerator_arm_minus_denominator_arm,0.0,0.0,-7.493085861206055,-9.78533935546875,ok,ok
rule_std-placebo_std,rule_std,placebo_std,42,block_01,RPM,4,shifted,0,1,0,010,2000,numerator_arm_minus_denominator_arm,0.0,0.0,-10.716938018798828,-14.186408996582031,ok,ok
rule_std-placebo_std,rule_std,placebo_std,42,block_01,RPM,4,shifted,0,1,1,011,2000,numerator_arm_minus_denominator_arm,0.0,0.0,-11.61102294921875,-12.006736755371094,ok,ok
rule_std-placebo_std,rule_std,placebo_std,42,block_01,RPM,4,shifted,1,0,0,100,2000,numerator_arm_minus_denominator_arm,0.05550000000000001,0.07050000000000001,0.18213510513305664,0.6835536956787109,ok,ok
rule_std-placebo_std,rule_std,placebo_std,42,block_01,RPM,4,shifted,1,0,1,101,2000,numerator_arm_minus_denominator_arm,0.0025,0.0,0.4951202869415283,-0.943634033203125,ok,ok
rule_std-placebo_std,rule_std,placebo_std,42,block_01,RPM,4,shifted,1,1,0,110,2000,numerator_arm_minus_denominator_arm,-0.055499999999999994,0.03249999999999997,-1.7587413787841797,-0.17609405517578125,ok,ok
rule_std-placebo_std,rule_std,placebo_std,42,block_01,RPM,4,shifted,1,1,1,111,2000,numerator_arm_minus_denominator_arm,-0.013,0.0004999999999999449,-2.387175679206848,0.005100250244140625,ok,ok
rule_std-placebo_std,rule_std,placebo_std,42,block_02,Gear,3,canonical,0,0,0,000,2000,numerator_arm_minus_denominator_arm,0.0,0.0,-2.690622329711914,-8.861709594726562,ok,ok
rule_std-placebo_std,rule_std,placebo_std,42,block_02,Gear,3,canonical,0,0,1,001,2000,numerator_arm_minus_denominator_arm,0.0,0.0,-2.4193592071533203,-8.992053985595703,ok,ok
rule_std-placebo_std,rule_std,placebo_std,42,block_02,Gear,3,canonical,0,1,0,010,2000,numerator_arm_minus_denominator_arm,0.0,0.0,-0.09508132934570312,-13.818954467773438,ok,ok
rule_std-placebo_std,rule_std,placebo_std,42,block_02,Gear,3,canonical,0,1,1,011,2000,numerator_arm_minus_denominator_arm,0.0,0.0,0.20393753051757812,-15.066665649414062,ok,ok
rule_std-placebo_std,rule_std,placebo_std,42,block_02,Gear,3,canonical,1,0,0,100,2000,numerator_arm_minus_denominator_arm,-0.0275,-0.03700000000000003,-1.868524193763733,-7.507402420043945,ok,ok
rule_std-placebo_std,rule_std,placebo_std,42,block_02,Gear,3,canonical,1,0,1,101,2000,numerator_arm_minus_denominator_arm,-0.001,-0.0050000000000000044,-1.2577534019947052,-6.551614761352539,ok,ok
rule_std-placebo_std,rule_std,placebo_std,42,block_02,Gear,3,canonical,1,1,0,110,2000,numerator_arm_minus_denominator_arm,0.002999999999999999,-0.024499999999999966,0.9686192870140076,-12.644718170166016,ok,ok
rule_std-placebo_std,rule_std,placebo_std,42,block_02,Gear,3,canonical,1,1,1,111,2000,numerator_arm_minus_denominator_arm,0.0,-0.01100000000000001,1.2739973068237305,-12.054723739624023,ok,ok
rule_std-placebo_std,rule_std,placebo_std,42,block_02,Gear,3,shifted,0,0,0,000,2000,numerator_arm_minus_denominator_arm,0.0,0.0,-2.722360610961914,-8.852779388427734,ok,ok
rule_std-placebo_std,rule_std,placebo_std,42,block_02,Gear,3,shifted,0,0,1,001,2000,numerator_arm_minus_denominator_arm,0.0,0.0,-2.4557132720947266,-8.990478515625,ok,ok
rule_std-placebo_std,rule_std,placebo_std,42,block_02,Gear,3,shifted,0,1,0,010,2000,numerator_arm_minus_denominator_arm,0.0,0.0,-0.18153762817382812,-13.816238403320312,ok,ok
rule_std-placebo_std,rule_std,placebo_std,42,block_02,Gear,3,shifted,0,1,1,011,2000,numerator_arm_minus_denominator_arm,0.0,0.0,0.12689971923828125,-15.071578979492188,ok,ok
rule_std-placebo_std,rule_std,placebo_std,42,block_02,Gear,3,shifted,1,0,0,100,2000,numerator_arm_minus_denominator_arm,-0.0285,-0.03700000000000003,-1.8845652341842651,-7.507696151733398,ok,ok
rule_std-placebo_std,rule_std,placebo_std,42,block_02,Gear,3,shifted,1,0,1,101,2000,numerator_arm_minus_denominator_arm,-0.001,-0.0050000000000000044,-1.270182341337204,-6.547962188720703,ok,ok
rule_std-placebo_std,rule_std,placebo_std,42,block_02,Gear,3,shifted,1,1,0,110,2000,numerator_arm_minus_denominator_arm,0.0024999999999999996,-0.023499999999999965,0.9571763873100281,-12.65628433227539,ok,ok
rule_std-placebo_std,rule_std,placebo_std,42,block_02,Gear,3,shifted,1,1,1,111,2000,numerator_arm_minus_denominator_arm,0.0,-0.01100000000000001,1.2653562724590302,-12.06686019897461,ok,ok
rule_std-placebo_std,rule_std,placebo_std,42,block_02,RPM,4,canonical,0,0,0,000,2000,numerator_arm_minus_denominator_arm,0.0,0.0,-7.695796966552734,-10.128562927246094,ok,ok
rule_std-placebo_std,rule_std,placebo_std,42,block_02,RPM,4,canonical,0,0,1,001,2000,numerator_arm_minus_denominator_arm,0.0,0.0,-7.432796478271484,-9.552104949951172,ok,ok
rule_std-placebo_std,rule_std,placebo_std,42,block_02,RPM,4,canonical,0,1,0,010,2000,numerator_arm_minus_denominator_arm,0.0,0.0,-10.786956787109375,-13.567214965820312,ok,ok
rule_std-placebo_std,rule_std,placebo_std,42,block_02,RPM,4,canonical,0,1,1,011,2000,numerator_arm_minus_denominator_arm,0.0,0.0,-11.239570617675781,-10.96826171875,ok,ok
rule_std-placebo_std,rule_std,placebo_std,42,block_02,RPM,4,canonical,1,0,0,100,2000,numerator_arm_minus_denominator_arm,0.047,0.07050000000000001,0.19361257553100586,0.7372283935546875,ok,ok
rule_std-placebo_std,rule_std,placebo_std,42,block_02,RPM,4,canonical,1,0,1,101,2000,numerator_arm_minus_denominator_arm,0.0015,-0.0004999999999999449,0.4086191654205322,-0.9433021545410156,ok,ok
rule_std-placebo_std,rule_std,placebo_std,42,block_02,RPM,4,canonical,1,1,0,110,2000,numerator_arm_minus_denominator_arm,-0.0475,0.056499999999999995,-1.7741608619689941,0.25388526916503906,ok,ok
rule_std-placebo_std,rule_std,placebo_std,42,block_02,RPM,4,canonical,1,1,1,111,2000,numerator_arm_minus_denominator_arm,-0.0145,0.0,-2.6575891971588135,0.4202880859375,ok,ok
rule_std-placebo_std,rule_std,placebo_std,42,block_02,RPM,4,shifted,0,0,0,000,2000,numerator_arm_minus_denominator_arm,0.0,0.0,-7.302043914794922,-10.138008117675781,ok,ok
rule_std-placebo_std,rule_std,placebo_std,42,block_02,RPM,4,shifted,0,0,1,001,2000,numerator_arm_minus_denominator_arm,0.0,0.0,-7.581029891967773,-9.976421356201172,ok,ok
rule_std-placebo_std,rule_std,placebo_std,42,block_02,RPM,4,shifted,0,1,0,010,2000,numerator_arm_minus_denominator_arm,0.0,0.0,-10.67574691772461,-14.004989624023438,ok,ok
rule_std-placebo_std,rule_std,placebo_std,42,block_02,RPM,4,shifted,0,1,1,011,2000,numerator_arm_minus_denominator_arm,0.0,0.0,-11.51278305053711,-11.674110412597656,ok,ok
rule_std-placebo_std,rule_std,placebo_std,42,block_02,RPM,4,shifted,1,0,0,100,2000,numerator_arm_minus_denominator_arm,0.0595,0.05999999999999994,0.21388626098632812,0.6089019775390625,ok,ok
rule_std-placebo_std,rule_std,placebo_std,42,block_02,RPM,4,shifted,1,0,1,101,2000,numerator_arm_minus_denominator_arm,0.0015,-0.0004999999999999449,0.49565422534942627,-1.0437374114990234,ok,ok
rule_std-placebo_std,rule_std,placebo_std,42,block_02,RPM,4,shifted,1,1,0,110,2000,numerator_arm_minus_denominator_arm,-0.04799999999999999,0.03199999999999992,-1.8122596740722656,-0.07708168029785156,ok,ok
rule_std-placebo_std,rule_std,placebo_std,42,block_02,RPM,4,shifted,1,1,1,111,2000,numerator_arm_minus_denominator_arm,-0.013,0.0,-2.478700339794159,0.07195472717285156,ok,ok
rule_std-placebo_std,rule_std,placebo_std,42,block_03,Gear,3,canonical,0,0,0,000,2000,numerator_arm_minus_denominator_arm,0.0,0.0,-2.6663761138916016,-8.797626495361328,ok,ok
rule_std-placebo_std,rule_std,placebo_std,42,block_03,Gear,3,canonical,0,0,1,001,2000,numerator_arm_minus_denominator_arm,0.0,0.0,-2.3694324493408203,-8.75509262084961,ok,ok
rule_std-placebo_std,rule_std,placebo_std,42,block_03,Gear,3,canonical,0,1,0,010,2000,numerator_arm_minus_denominator_arm,0.0,0.0,0.059696197509765625,-13.596763610839844,ok,ok
rule_std-placebo_std,rule_std,placebo_std,42,block_03,Gear,3,canonical,0,1,1,011,2000,numerator_arm_minus_denominator_arm,0.0,0.0,0.4153556823730469,-14.811012268066406,ok,ok
rule_std-placebo_std,rule_std,placebo_std,42,block_03,Gear,3,canonical,1,0,0,100,2000,numerator_arm_minus_denominator_arm,-0.030000000000000002,-0.03500000000000003,-1.8946990966796875,-7.239995956420898,ok,ok
rule_std-placebo_std,rule_std,placebo_std,42,block_03,Gear,3,canonical,1,0,1,101,2000,numerator_arm_minus_denominator_arm,-0.0015,-0.007500000000000062,-1.3244607001543045,-6.337654113769531,ok,ok
rule_std-placebo_std,rule_std,placebo_std,42,block_03,Gear,3,canonical,1,1,0,110,2000,numerator_arm_minus_denominator_arm,0.0025000000000000005,-0.01649999999999996,1.1198208332061768,-12.596246719360352,ok,ok
rule_std-placebo_std,rule_std,placebo_std,42,block_03,Gear,3,canonical,1,1,1,111,2000,numerator_arm_minus_denominator_arm,0.0,-0.005499999999999949,1.3803464770317078,-12.009572982788086,ok,ok
rule_std-placebo_std,rule_std,placebo_std,42,block_03,Gear,3,shifted,0,0,0,000,2000,numerator_arm_minus_denominator_arm,0.0,0.0,-2.6993179321289062,-8.78885269165039,ok,ok
rule_std-placebo_std,rule_std,placebo_std,42,block_03,Gear,3,shifted,0,0,1,001,2000,numerator_arm_minus_denominator_arm,0.0,0.0,-2.4046382904052734,-8.7532958984375,ok,ok
rule_std-placebo_std,rule_std,placebo_std,42,block_03,Gear,3,shifted,0,1,0,010,2000,numerator_arm_minus_denominator_arm,0.0,0.0,-0.029674530029296875,-13.5948486328125,ok,ok
rule_std-placebo_std,rule_std,placebo_std,42,block_03,Gear,3,shifted,0,1,1,011,2000,numerator_arm_minus_denominator_arm,0.0,0.0,0.3327178955078125,-14.815559387207031,ok,ok
rule_std-placebo_std,rule_std,placebo_std,42,block_03,Gear,3,shifted,1,0,0,100,2000,numerator_arm_minus_denominator_arm,-0.030000000000000002,-0.034500000000000086,-1.910823106765747,-7.239606857299805,ok,ok
rule_std-placebo_std,rule_std,placebo_std,42,block_03,Gear,3,shifted,1,0,1,101,2000,numerator_arm_minus_denominator_arm,-0.0015,-0.007500000000000062,-1.3369835317134857,-6.333885192871094,ok,ok
rule_std-placebo_std,rule_std,placebo_std,42,block_03,Gear,3,shifted,1,1,0,110,2000,numerator_arm_minus_denominator_arm,0.003,-0.016000000000000014,1.108660876750946,-12.608142852783203,ok,ok
rule_std-placebo_std,rule_std,placebo_std,42,block_03,Gear,3,shifted,1,1,1,111,2000,numerator_arm_minus_denominator_arm,0.0,-0.005499999999999949,1.3718309700489044,-12.021282196044922,ok,ok
rule_std-placebo_std,rule_std,placebo_std,42,block_03,RPM,4,canonical,0,0,0,000,2000,numerator_arm_minus_denominator_arm,0.0,0.0,-7.6572418212890625,-10.008399963378906,ok,ok
rule_std-placebo_std,rule_std,placebo_std,42,block_03,RPM,4,canonical,0,0,1,001,2000,numerator_arm_minus_denominator_arm,0.0,0.0,-7.362308502197266,-9.283397674560547,ok,ok
rule_std-placebo_std,rule_std,placebo_std,42,block_03,RPM,4,canonical,0,1,0,010,2000,numerator_arm_minus_denominator_arm,0.0,0.0,-10.793701171875,-13.630661010742188,ok,ok
rule_std-placebo_std,rule_std,placebo_std,42,block_03,RPM,4,canonical,0,1,1,011,2000,numerator_arm_minus_denominator_arm,0.0,0.0,-11.32394790649414,-11.038108825683594,ok,ok
rule_std-placebo_std,rule_std,placebo_std,42,block_03,RPM,4,canonical,1,0,0,100,2000,numerator_arm_minus_denominator_arm,0.0665,0.09099999999999997,0.26856184005737305,0.825775146484375,ok,ok
rule_std-placebo_std,rule_std,placebo_std,42,block_03,RPM,4,canonical,1,0,1,101,2000,numerator_arm_minus_denominator_arm,0.0005,-0.0004999999999999449,0.4377443790435791,-0.7971134185791016,ok,ok
rule_std-placebo_std,rule_std,placebo_std,42,block_03,RPM,4,canonical,1,1,0,110,2000,numerator_arm_minus_denominator_arm,-0.041999999999999996,0.05349999999999999,-1.7483057975769043,0.2542858123779297,ok,ok
rule_std-placebo_std,rule_std,placebo_std,42,block_03,RPM,4,canonical,1,1,1,111,2000,numerator_arm_minus_denominator_arm,-0.011,0.0020000000000000018,-2.617846429347992,0.37358665466308594,ok,ok
rule_std-placebo_std,rule_std,placebo_std,42,block_03,RPM,4,shifted,0,0,0,000,2000,numerator_arm_minus_denominator_arm,0.0,0.0,-7.275733947753906,-10.028327941894531,ok,ok
rule_std-placebo_std,rule_std,placebo_std,42,block_03,RPM,4,shifted,0,0,1,001,2000,numerator_arm_minus_denominator_arm,0.0,0.0,-7.517873764038086,-9.71389389038086,ok,ok
rule_std-placebo_std,rule_std,placebo_std,42,block_03,RPM,4,shifted,0,1,0,010,2000,numerator_arm_minus_denominator_arm,0.0,0.0,-10.683753967285156,-14.059333801269531,ok,ok
rule_std-placebo_std,rule_std,placebo_std,42,block_03,RPM,4,shifted,0,1,1,011,2000,numerator_arm_minus_denominator_arm,0.0,0.0,-11.600013732910156,-11.733749389648438,ok,ok
rule_std-placebo_std,rule_std,placebo_std,42,block_03,RPM,4,shifted,1,0,0,100,2000,numerator_arm_minus_denominator_arm,0.07800000000000001,0.08499999999999996,0.2824115753173828,0.7045078277587891,ok,ok
rule_std-placebo_std,rule_std,placebo_std,42,block_03,RPM,4,shifted,1,0,1,101,2000,numerator_arm_minus_denominator_arm,0.0005,-0.0004999999999999449,0.5238281488418579,-0.8990612030029297,ok,ok
rule_std-placebo_std,rule_std,placebo_std,42,block_03,RPM,4,shifted,1,1,0,110,2000,numerator_arm_minus_denominator_arm,-0.047,0.026499999999999968,-1.7862095832824707,-0.07545852661132812,ok,ok
rule_std-placebo_std,rule_std,placebo_std,42,block_03,RPM,4,shifted,1,1,1,111,2000,numerator_arm_minus_denominator_arm,-0.011,0.0020000000000000018,-2.4422190189361572,0.026185989379882812,ok,ok
rule_std-placebo_std,rule_std,placebo_std,123,block_01,Gear,3,canonical,0,0,0,000,2000,numerator_arm_minus_denominator_arm,0.0,0.0,-6.805601119995117,-11.427238464355469,ok,ok
rule_std-placebo_std,rule_std,placebo_std,123,block_01,Gear,3,canonical,0,0,1,001,2000,numerator_arm_minus_denominator_arm,0.0,0.0,-6.949962615966797,-12.57965087890625,ok,ok
rule_std-placebo_std,rule_std,placebo_std,123,block_01,Gear,3,canonical,0,1,0,010,2000,numerator_arm_minus_denominator_arm,0.0,0.0,-8.666156768798828,-17.53510284423828,ok,ok
rule_std-placebo_std,rule_std,placebo_std,123,block_01,Gear,3,canonical,0,1,1,011,2000,numerator_arm_minus_denominator_arm,0.0,0.0,-8.80185317993164,-18.472412109375,ok,ok
rule_std-placebo_std,rule_std,placebo_std,123,block_01,Gear,3,canonical,1,0,0,100,2000,numerator_arm_minus_denominator_arm,0.018499999999999996,0.0,3.338821828365326,-7.758708953857422,ok,ok
rule_std-placebo_std,rule_std,placebo_std,123,block_01,Gear,3,canonical,1,0,1,101,2000,numerator_arm_minus_denominator_arm,0.004999999999999999,0.0,4.353947401046753,-12.454010009765625,ok,ok
rule_std-placebo_std,rule_std,placebo_std,123,block_01,Gear,3,canonical,1,1,0,110,2000,numerator_arm_minus_denominator_arm,0.03199999999999997,0.0,0.10517454147338867,-14.576885223388672,ok,ok
rule_std-placebo_std,rule_std,placebo_std,123,block_01,Gear,3,canonical,1,1,1,111,2000,numerator_arm_minus_denominator_arm,-0.0245,0.0,0.21778392791748047,-12.141544342041016,ok,ok
rule_std-placebo_std,rule_std,placebo_std,123,block_01,Gear,3,shifted,0,0,0,000,2000,numerator_arm_minus_denominator_arm,0.0,0.0,-6.829875946044922,-11.438468933105469,ok,ok
rule_std-placebo_std,rule_std,placebo_std,123,block_01,Gear,3,shifted,0,0,1,001,2000,numerator_arm_minus_denominator_arm,0.0,0.0,-6.976356506347656,-12.589340209960938,ok,ok
rule_std-placebo_std,rule_std,placebo_std,123,block_01,Gear,3,shifted,0,1,0,010,2000,numerator_arm_minus_denominator_arm,0.0,0.0,-8.69002914428711,-17.56507110595703,ok,ok
rule_std-placebo_std,rule_std,placebo_std,123,block_01,Gear,3,shifted,0,1,1,011,2000,numerator_arm_minus_denominator_arm,0.0,0.0,-8.82437515258789,-18.49847412109375,ok,ok
rule_std-placebo_std,rule_std,placebo_std,123,block_01,Gear,3,shifted,1,0,0,100,2000,numerator_arm_minus_denominator_arm,0.019499999999999997,0.0,3.319914221763611,-7.7145843505859375,ok,ok
rule_std-placebo_std,rule_std,placebo_std,123,block_01,Gear,3,shifted,1,0,1,101,2000,numerator_arm_minus_denominator_arm,0.004999999999999999,0.0,4.339289307594299,-12.411979675292969,ok,ok
rule_std-placebo_std,rule_std,placebo_std,123,block_01,Gear,3,shifted,1,1,0,110,2000,numerator_arm_minus_denominator_arm,0.03400000000000003,0.0,0.07699346542358398,-14.552654266357422,ok,ok
rule_std-placebo_std,rule_std,placebo_std,123,block_01,Gear,3,shifted,1,1,1,111,2000,numerator_arm_minus_denominator_arm,-0.026500000000000003,0.0,0.19043207168579102,-12.117656707763672,ok,ok
rule_std-placebo_std,rule_std,placebo_std,123,block_01,RPM,4,canonical,0,0,0,000,2000,numerator_arm_minus_denominator_arm,0.0,0.0,5.448188781738281,-3.151702880859375,ok,ok
rule_std-placebo_std,rule_std,placebo_std,123,block_01,RPM,4,canonical,0,0,1,001,2000,numerator_arm_minus_denominator_arm,0.0,0.0,1.421468734741211,-19.121185302734375,ok,ok
rule_std-placebo_std,rule_std,placebo_std,123,block_01,RPM,4,canonical,0,1,0,010,2000,numerator_arm_minus_denominator_arm,0.0,0.0,6.170875549316406,-4.998420715332031,ok,ok
rule_std-placebo_std,rule_std,placebo_std,123,block_01,RPM,4,canonical,0,1,1,011,2000,numerator_arm_minus_denominator_arm,0.0,0.0,3.7366790771484375,-21.48668670654297,ok,ok
rule_std-placebo_std,rule_std,placebo_std,123,block_01,RPM,4,canonical,1,0,0,100,2000,numerator_arm_minus_denominator_arm,0.252,-0.06600000000000006,7.696739435195923,-17.819482803344727,ok,ok
rule_std-placebo_std,rule_std,placebo_std,123,block_01,RPM,4,canonical,1,0,1,101,2000,numerator_arm_minus_denominator_arm,0.0015,0.0,10.646611213684082,-25.0487060546875,ok,ok
rule_std-placebo_std,rule_std,placebo_std,123,block_01,RPM,4,canonical,1,1,0,110,2000,numerator_arm_minus_denominator_arm,0.0495,-0.05049999999999999,4.629676103591919,-11.340801239013672,ok,ok
rule_std-placebo_std,rule_std,placebo_std,123,block_01,RPM,4,canonical,1,1,1,111,2000,numerator_arm_minus_denominator_arm,0.0,0.0,7.97485876083374,-18.50328826904297,ok,ok
rule_std-placebo_std,rule_std,placebo_std,123,block_01,RPM,4,shifted,0,0,0,000,2000,numerator_arm_minus_denominator_arm,0.0,0.0,5.481731414794922,-3.5450592041015625,ok,ok
rule_std-placebo_std,rule_std,placebo_std,123,block_01,RPM,4,shifted,0,0,1,001,2000,numerator_arm_minus_denominator_arm,0.0,0.0,1.2429122924804688,-19.4615478515625,ok,ok
rule_std-placebo_std,rule_std,placebo_std,123,block_01,RPM,4,shifted,0,1,0,010,2000,numerator_arm_minus_denominator_arm,0.0,0.0,6.2723541259765625,-5.3498992919921875,ok,ok
rule_std-placebo_std,rule_std,placebo_std,123,block_01,RPM,4,shifted,0,1,1,011,2000,numerator_arm_minus_denominator_arm,0.0,0.0,3.3259811401367188,-22.008827209472656,ok,ok
rule_std-placebo_std,rule_std,placebo_std,123,block_01,RPM,4,shifted,1,0,0,100,2000,numerator_arm_minus_denominator_arm,0.292,-0.0465000000000001,8.020385384559631,-17.751115798950195,ok,ok
rule_std-placebo_std,rule_std,placebo_std,123,block_01,RPM,4,shifted,1,0,1,101,2000,numerator_arm_minus_denominator_arm,0.0025,0.0,10.732660055160522,-24.91202163696289,ok,ok
rule_std-placebo_std,rule_std,placebo_std,123,block_01,RPM,4,shifted,1,1,0,110,2000,numerator_arm_minus_denominator_arm,0.05700000000000001,-0.04200000000000004,4.909233272075653,-11.537765502929688,ok,ok
rule_std-placebo_std,rule_std,placebo_std,123,block_01,RPM,4,shifted,1,1,1,111,2000,numerator_arm_minus_denominator_arm,0.0,0.0,8.179794192314148,-18.577373504638672,ok,ok
rule_std-placebo_std,rule_std,placebo_std,123,block_02,Gear,3,canonical,0,0,0,000,2000,numerator_arm_minus_denominator_arm,0.0,0.0010000000000000009,-6.868610382080078,-11.545089721679688,ok,ok
rule_std-placebo_std,rule_std,placebo_std,123,block_02,Gear,3,canonical,0,0,1,001,2000,numerator_arm_minus_denominator_arm,0.0,0.0010000000000000009,-6.982078552246094,-12.702713012695312,ok,ok
rule_std-placebo_std,rule_std,placebo_std,123,block_02,Gear,3,canonical,0,1,0,010,2000,numerator_arm_minus_denominator_arm,0.0,0.0010000000000000009,-8.716304779052734,-17.583702087402344,ok,ok
rule_std-placebo_std,rule_std,placebo_std,123,block_02,Gear,3,canonical,0,1,1,011,2000,numerator_arm_minus_denominator_arm,0.0,0.0010000000000000009,-8.85226058959961,-18.71654510498047,ok,ok
rule_std-placebo_std,rule_std,placebo_std,123,block_02,Gear,3,canonical,1,0,0,100,2000,numerator_arm_minus_denominator_arm,0.018,0.0010000000000000009,3.2176533341407776,-7.872226715087891,ok,ok
rule_std-placebo_std,rule_std,placebo_std,123,block_02,Gear,3,canonical,1,0,1,101,2000,numerator_arm_minus_denominator_arm,0.011,0.0010000000000000009,4.302251815795898,-12.78598403930664,ok,ok
rule_std-placebo_std,rule_std,placebo_std,123,block_02,Gear,3,canonical,1,1,0,110,2000,numerator_arm_minus_denominator_arm,0.034999999999999976,0.0010000000000000009,-0.0031805038452148438,-14.696014404296875,ok,ok
rule_std-placebo_std,rule_std,placebo_std,123,block_02,Gear,3,canonical,1,1,1,111,2000,numerator_arm_minus_denominator_arm,-0.0235,0.0010000000000000009,0.07746601104736328,-12.006916046142578,ok,ok
rule_std-placebo_std,rule_std,placebo_std,123,block_02,Gear,3,shifted,0,0,0,000,2000,numerator_arm_minus_denominator_arm,0.0,0.0010000000000000009,-6.892494201660156,-11.556236267089844,ok,ok
rule_std-placebo_std,rule_std,placebo_std,123,block_02,Gear,3,shifted,0,0,1,001,2000,numerator_arm_minus_denominator_arm,0.0,0.0010000000000000009,-7.011161804199219,-12.712432861328125,ok,ok
rule_std-placebo_std,rule_std,placebo_std,123,block_02,Gear,3,shifted,0,1,0,010,2000,numerator_arm_minus_denominator_arm,0.0,0.0010000000000000009,-8.739070892333984,-17.613670349121094,ok,ok
rule_std-placebo_std,rule_std,placebo_std,123,block_02,Gear,3,shifted,0,1,1,011,2000,numerator_arm_minus_denominator_arm,0.0,0.0010000000000000009,-8.87435531616211,-18.74254608154297,ok,ok
rule_std-placebo_std,rule_std,placebo_std,123,block_02,Gear,3,shifted,1,0,0,100,2000,numerator_arm_minus_denominator_arm,0.019,0.0010000000000000009,3.1986735463142395,-7.828147888183594,ok,ok
rule_std-placebo_std,rule_std,placebo_std,123,block_02,Gear,3,shifted,1,0,1,101,2000,numerator_arm_minus_denominator_arm,0.011,0.0010000000000000009,4.287601351737976,-12.743255615234375,ok,ok
rule_std-placebo_std,rule_std,placebo_std,123,block_02,Gear,3,shifted,1,1,0,110,2000,numerator_arm_minus_denominator_arm,0.03400000000000003,0.0010000000000000009,-0.03134441375732422,-14.671573638916016,ok,ok
rule_std-placebo_std,rule_std,placebo_std,123,block_02,Gear,3,shifted,1,1,1,111,2000,numerator_arm_minus_denominator_arm,-0.0235,0.0010000000000000009,0.050197601318359375,-11.982589721679688,ok,ok
rule_std-placebo_std,rule_std,placebo_std,123,block_02,RPM,4,canonical,0,0,0,000,2000,numerator_arm_minus_denominator_arm,0.0010000000000000009,0.0010000000000000009,5.347995758056641,-3.1876220703125,ok,ok
rule_std-placebo_std,rule_std,placebo_std,123,block_02,RPM,4,canonical,0,0,1,001,2000,numerator_arm_minus_denominator_arm,0.0010000000000000009,0.0010000000000000009,1.3154220581054688,-19.161983489990234,ok,ok
rule_std-placebo_std,rule_std,placebo_std,123,block_02,RPM,4,canonical,0,1,0,010,2000,numerator_arm_minus_denominator_arm,0.0010000000000000009,0.0010000000000000009,6.115787506103516,-4.9284820556640625,ok,ok
rule_std-placebo_std,rule_std,placebo_std,123,block_02,RPM,4,canonical,0,1,1,011,2000,numerator_arm_minus_denominator_arm,0.0010000000000000009,0.0010000000000000009,3.602996826171875,-21.392356872558594,ok,ok
rule_std-placebo_std,rule_std,placebo_std,123,block_02,RPM,4,canonical,1,0,0,100,2000,numerator_arm_minus_denominator_arm,0.24800000000000003,-0.05900000000000005,7.676409482955933,-18.092439651489258,ok,ok
rule_std-placebo_std,rule_std,placebo_std,123,block_02,RPM,4,canonical,1,0,1,101,2000,numerator_arm_minus_denominator_arm,0.0015,0.0010000000000000009,10.493716955184937,-24.945968627929688,ok,ok
rule_std-placebo_std,rule_std,placebo_std,123,block_02,RPM,4,canonical,1,1,0,110,2000,numerator_arm_minus_denominator_arm,0.0595,-0.0495000000000001,4.620100975036621,-11.278135299682617,ok,ok
rule_std-placebo_std,rule_std,placebo_std,123,block_02,RPM,4,canonical,1,1,1,111,2000,numerator_arm_minus_denominator_arm,0.0025,0.0010000000000000009,7.890454292297363,-18.519317626953125,ok,ok
rule_std-placebo_std,rule_std,placebo_std,123,block_02,RPM,4,shifted,0,0,0,000,2000,numerator_arm_minus_denominator_arm,0.0010000000000000009,0.0010000000000000009,5.395717620849609,-3.5750808715820312,ok,ok
rule_std-placebo_std,rule_std,placebo_std,123,block_02,RPM,4,shifted,0,0,1,001,2000,numerator_arm_minus_denominator_arm,0.0010000000000000009,0.0010000000000000009,1.1258983612060547,-19.499496459960938,ok,ok
rule_std-placebo_std,rule_std,placebo_std,123,block_02,RPM,4,shifted,0,1,0,010,2000,numerator_arm_minus_denominator_arm,0.0010000000000000009,0.0010000000000000009,6.201923370361328,-5.279685974121094,ok,ok
rule_std-placebo_std,rule_std,placebo_std,123,block_02,RPM,4,shifted,0,1,1,011,2000,numerator_arm_minus_denominator_arm,0.0010000000000000009,0.0010000000000000009,3.1805152893066406,-21.91132354736328,ok,ok
rule_std-placebo_std,rule_std,placebo_std,123,block_02,RPM,4,shifted,1,0,0,100,2000,numerator_arm_minus_denominator_arm,0.286,-0.04400000000000004,7.985692501068115,-18.018218994140625,ok,ok
rule_std-placebo_std,rule_std,placebo_std,123,block_02,RPM,4,shifted,1,0,1,101,2000,numerator_arm_minus_denominator_arm,0.0015,0.0010000000000000009,10.577581882476807,-24.808181762695312,ok,ok
rule_std-placebo_std,rule_std,placebo_std,123,block_02,RPM,4,shifted,1,1,0,110,2000,numerator_arm_minus_denominator_arm,0.066,-0.04300000000000004,4.900118947029114,-11.474908828735352,ok,ok
rule_std-placebo_std,rule_std,placebo_std,123,block_02,RPM,4,shifted,1,1,1,111,2000,numerator_arm_minus_denominator_arm,0.0025,0.0010000000000000009,8.09344208240509,-18.591758728027344,ok,ok
rule_std-placebo_std,rule_std,placebo_std,123,block_03,Gear,3,canonical,0,0,0,000,2000,numerator_arm_minus_denominator_arm,0.0,0.0,-6.813085556030273,-11.323982238769531,ok,ok
rule_std-placebo_std,rule_std,placebo_std,123,block_03,Gear,3,canonical,0,0,1,001,2000,numerator_arm_minus_denominator_arm,0.0,0.0,-6.934576034545898,-12.510467529296875,ok,ok
rule_std-placebo_std,rule_std,placebo_std,123,block_03,Gear,3,canonical,0,1,0,010,2000,numerator_arm_minus_denominator_arm,0.0,0.0,-8.659679412841797,-17.530349731445312,ok,ok
rule_std-placebo_std,rule_std,placebo_std,123,block_03,Gear,3,canonical,0,1,1,011,2000,numerator_arm_minus_denominator_arm,0.0,0.0,-8.829578399658203,-18.570167541503906,ok,ok
rule_std-placebo_std,rule_std,placebo_std,123,block_03,Gear,3,canonical,1,0,0,100,2000,numerator_arm_minus_denominator_arm,0.021500000000000005,0.0,3.281039297580719,-7.622791290283203,ok,ok
rule_std-placebo_std,rule_std,placebo_std,123,block_03,Gear,3,canonical,1,0,1,101,2000,numerator_arm_minus_denominator_arm,0.01,0.0,4.36456561088562,-12.50048828125,ok,ok
rule_std-placebo_std,rule_std,placebo_std,123,block_03,Gear,3,canonical,1,1,0,110,2000,numerator_arm_minus_denominator_arm,0.035999999999999976,0.0,0.1070561408996582,-14.49007797241211,ok,ok
rule_std-placebo_std,rule_std,placebo_std,123,block_03,Gear,3,canonical,1,1,1,111,2000,numerator_arm_minus_denominator_arm,-0.0225,0.0,0.18045282363891602,-11.925140380859375,ok,ok
rule_std-placebo_std,rule_std,placebo_std,123,block_03,Gear,3,shifted,0,0,0,000,2000,numerator_arm_minus_denominator_arm,0.0,0.0,-6.837207794189453,-11.334907531738281,ok,ok
rule_std-placebo_std,rule_std,placebo_std,123,block_03,Gear,3,shifted,0,0,1,001,2000,numerator_arm_minus_denominator_arm,0.0,0.0,-6.9634246826171875,-12.519844055175781,ok,ok
rule_std-placebo_std,rule_std,placebo_std,123,block_03,Gear,3,shifted,0,1,0,010,2000,numerator_arm_minus_denominator_arm,0.0,0.0,-8.682563781738281,-17.560348510742188,ok,ok
rule_std-placebo_std,rule_std,placebo_std,123,block_03,Gear,3,shifted,0,1,1,011,2000,numerator_arm_minus_denominator_arm,0.0,0.0,-8.850448608398438,-18.59613037109375,ok,ok
rule_std-placebo_std,rule_std,placebo_std,123,block_03,Gear,3,shifted,1,0,0,100,2000,numerator_arm_minus_denominator_arm,0.0215,0.0,3.2622674107551575,-7.578403472900391,ok,ok
rule_std-placebo_std,rule_std,placebo_std,123,block_03,Gear,3,shifted,1,0,1,101,2000,numerator_arm_minus_denominator_arm,0.01,0.0,4.350069642066956,-12.457759857177734,ok,ok
rule_std-placebo_std,rule_std,placebo_std,123,block_03,Gear,3,shifted,1,1,0,110,2000,numerator_arm_minus_denominator_arm,0.035499999999999976,0.0,0.0791330337524414,-14.465866088867188,ok,ok
rule_std-placebo_std,rule_std,placebo_std,123,block_03,Gear,3,shifted,1,1,1,111,2000,numerator_arm_minus_denominator_arm,-0.022,0.0,0.1534900665283203,-11.900455474853516,ok,ok
rule_std-placebo_std,rule_std,placebo_std,123,block_03,RPM,4,canonical,0,0,0,000,2000,numerator_arm_minus_denominator_arm,0.0,0.0,5.334377288818359,-3.1709671020507812,ok,ok
rule_std-placebo_std,rule_std,placebo_std,123,block_03,RPM,4,canonical,0,0,1,001,2000,numerator_arm_minus_denominator_arm,0.0,0.0,1.3523445129394531,-19.002830505371094,ok,ok
rule_std-placebo_std,rule_std,placebo_std,123,block_03,RPM,4,canonical,0,1,0,010,2000,numerator_arm_minus_denominator_arm,0.0,0.0,6.1277313232421875,-4.94390869140625,ok,ok
rule_std-placebo_std,rule_std,placebo_std,123,block_03,RPM,4,canonical,0,1,1,011,2000,numerator_arm_minus_denominator_arm,0.0,0.0,3.6601829528808594,-21.565841674804688,ok,ok
rule_std-placebo_std,rule_std,placebo_std,123,block_03,RPM,4,canonical,1,0,0,100,2000,numerator_arm_minus_denominator_arm,0.2555,-0.06700000000000006,7.682806491851807,-17.947298049926758,ok,ok
rule_std-placebo_std,rule_std,placebo_std,123,block_03,RPM,4,canonical,1,0,1,101,2000,numerator_arm_minus_denominator_arm,0.002,0.0,10.571759223937988,-25.023693084716797,ok,ok
rule_std-placebo_std,rule_std,placebo_std,123,block_03,RPM,4,canonical,1,1,0,110,2000,numerator_arm_minus_denominator_arm,0.0655,-0.04949999999999999,4.560994982719421,-11.227197647094727,ok,ok
rule_std-placebo_std,rule_std,placebo_std,123,block_03,RPM,4,canonical,1,1,1,111,2000,numerator_arm_minus_denominator_arm,0.0,0.0,7.901630997657776,-18.393707275390625,ok,ok
rule_std-placebo_std,rule_std,placebo_std,123,block_03,RPM,4,shifted,0,0,0,000,2000,numerator_arm_minus_denominator_arm,0.0,0.0,5.370054244995117,-3.5593795776367188,ok,ok
rule_std-placebo_std,rule_std,placebo_std,123,block_03,RPM,4,shifted,0,0,1,001,2000,numerator_arm_minus_denominator_arm,0.0,0.0,1.1701068878173828,-19.33129119873047,ok,ok
rule_std-placebo_std,rule_std,placebo_std,123,block_03,RPM,4,shifted,0,1,0,010,2000,numerator_arm_minus_denominator_arm,0.0,0.0,6.213184356689453,-5.299339294433594,ok,ok
rule_std-placebo_std,rule_std,placebo_std,123,block_03,RPM,4,shifted,0,1,1,011,2000,numerator_arm_minus_denominator_arm,0.0,0.0,3.243946075439453,-22.082611083984375,ok,ok
rule_std-placebo_std,rule_std,placebo_std,123,block_03,RPM,4,shifted,1,0,0,100,2000,numerator_arm_minus_denominator_arm,0.291,-0.0485000000000001,8.007635951042175,-17.8848876953125,ok,ok
rule_std-placebo_std,rule_std,placebo_std,123,block_03,RPM,4,shifted,1,0,1,101,2000,numerator_arm_minus_denominator_arm,0.0025,0.0,10.651453018188477,-24.887832641601562,ok,ok
rule_std-placebo_std,rule_std,placebo_std,123,block_03,RPM,4,shifted,1,1,0,110,2000,numerator_arm_minus_denominator_arm,0.07350000000000001,-0.044500000000000095,4.8388694524765015,-11.425500869750977,ok,ok
rule_std-placebo_std,rule_std,placebo_std,123,block_03,RPM,4,shifted,1,1,1,111,2000,numerator_arm_minus_denominator_arm,0.0,0.0,8.103029251098633,-18.46570587158203,ok,ok
rule_std-placebo_std,rule_std,placebo_std,2026,block_01,Gear,3,canonical,0,0,0,000,2000,numerator_arm_minus_denominator_arm,0.0,0.0,5.0107879638671875,-3.9697647094726562,ok,ok
rule_std-placebo_std,rule_std,placebo_std,2026,block_01,Gear,3,canonical,0,0,1,001,2000,numerator_arm_minus_denominator_arm,0.0,0.0,3.4310874938964844,-4.552955627441406,ok,ok
rule_std-placebo_std,rule_std,placebo_std,2026,block_01,Gear,3,canonical,0,1,0,010,2000,numerator_arm_minus_denominator_arm,0.0,0.0,14.66707992553711,8.645294189453125,ok,ok
rule_std-placebo_std,rule_std,placebo_std,2026,block_01,Gear,3,canonical,0,1,1,011,2000,numerator_arm_minus_denominator_arm,0.0,0.0,12.909229278564453,8.715057373046875,ok,ok
rule_std-placebo_std,rule_std,placebo_std,2026,block_01,Gear,3,canonical,1,0,0,100,2000,numerator_arm_minus_denominator_arm,-0.33599999999999997,0.0004999999999999449,-0.022459030151367188,-4.796943664550781,ok,ok
rule_std-placebo_std,rule_std,placebo_std,2026,block_01,Gear,3,canonical,1,0,1,101,2000,numerator_arm_minus_denominator_arm,-0.24649999999999997,0.0,-0.179168701171875,-4.435985565185547,ok,ok
rule_std-placebo_std,rule_std,placebo_std,2026,block_01,Gear,3,canonical,1,1,0,110,2000,numerator_arm_minus_denominator_arm,-0.7274999999999999,-0.0010000000000000009,-3.9536075592041016,-2.542949676513672,ok,ok
rule_std-placebo_std,rule_std,placebo_std,2026,block_01,Gear,3,canonical,1,1,1,111,2000,numerator_arm_minus_denominator_arm,-0.633,0.0014999999999999458,-3.7594070434570312,-1.3865013122558594,ok,ok
rule_std-placebo_std,rule_std,placebo_std,2026,block_01,Gear,3,shifted,0,0,0,000,2000,numerator_arm_minus_denominator_arm,0.0,0.0,4.985832214355469,-3.9553070068359375,ok,ok
rule_std-placebo_std,rule_std,placebo_std,2026,block_01,Gear,3,shifted,0,0,1,001,2000,numerator_arm_minus_denominator_arm,0.0,0.0,3.427734375,-4.542610168457031,ok,ok
rule_std-placebo_std,rule_std,placebo_std,2026,block_01,Gear,3,shifted,0,1,0,010,2000,numerator_arm_minus_denominator_arm,0.0,0.0,14.53662109375,8.683059692382812,ok,ok
rule_std-placebo_std,rule_std,placebo_std,2026,block_01,Gear,3,shifted,0,1,1,011,2000,numerator_arm_minus_denominator_arm,0.0,0.0,12.7960205078125,8.749237060546875,ok,ok
rule_std-placebo_std,rule_std,placebo_std,2026,block_01,Gear,3,shifted,1,0,0,100,2000,numerator_arm_minus_denominator_arm,-0.3375,0.0004999999999999449,-0.010374069213867188,-4.8404083251953125,ok,ok
rule_std-placebo_std,rule_std,placebo_std,2026,block_01,Gear,3,shifted,1,0,1,101,2000,numerator_arm_minus_denominator_arm,-0.24949999999999997,0.0,-0.1713123321533203,-4.473583221435547,ok,ok
rule_std-placebo_std,rule_std,placebo_std,2026,block_01,Gear,3,shifted,1,1,0,110,2000,numerator_arm_minus_denominator_arm,-0.729,-0.0010000000000000009,-3.9541893005371094,-2.6230621337890625,ok,ok
rule_std-placebo_std,rule_std,placebo_std,2026,block_01,Gear,3,shifted,1,1,1,111,2000,numerator_arm_minus_denominator_arm,-0.639,0.0010000000000000009,-3.7588257789611816,-1.4583396911621094,ok,ok
rule_std-placebo_std,rule_std,placebo_std,2026,block_01,RPM,4,canonical,0,0,0,000,2000,numerator_arm_minus_denominator_arm,0.0,0.0,11.284065246582031,6.553306579589844,ok,ok
rule_std-placebo_std,rule_std,placebo_std,2026,block_01,RPM,4,canonical,0,0,1,001,2000,numerator_arm_minus_denominator_arm,0.0,0.0,6.283281326293945,6.734081268310547,ok,ok
rule_std-placebo_std,rule_std,placebo_std,2026,block_01,RPM,4,canonical,0,1,0,010,2000,numerator_arm_minus_denominator_arm,0.0,0.0,7.615547180175781,0.903839111328125,ok,ok
rule_std-placebo_std,rule_std,placebo_std,2026,block_01,RPM,4,canonical,0,1,1,011,2000,numerator_arm_minus_denominator_arm,0.0,0.0,3.3602638244628906,1.7082748413085938,ok,ok
rule_std-placebo_std,rule_std,placebo_std,2026,block_01,RPM,4,canonical,1,0,0,100,2000,numerator_arm_minus_denominator_arm,-0.05050000000000002,-0.20000000000000007,2.4896240234375,-2.3248558044433594,ok,ok
rule_std-placebo_std,rule_std,placebo_std,2026,block_01,RPM,4,canonical,1,0,1,101,2000,numerator_arm_minus_denominator_arm,0.005000000000000001,0.0,4.156620979309082,-5.4282073974609375,ok,ok
rule_std-placebo_std,rule_std,placebo_std,2026,block_01,RPM,4,canonical,1,1,0,110,2000,numerator_arm_minus_denominator_arm,-0.057499999999999996,-0.16100000000000003,2.16109561920166,-1.6440048217773438,ok,ok
rule_std-placebo_std,rule_std,placebo_std,2026,block_01,RPM,4,canonical,1,1,1,111,2000,numerator_arm_minus_denominator_arm,-0.0245,0.0020000000000000018,1.918626308441162,-1.6953010559082031,ok,ok
rule_std-placebo_std,rule_std,placebo_std,2026,block_01,RPM,4,shifted,0,0,0,000,2000,numerator_arm_minus_denominator_arm,0.0,0.0,11.718708038330078,6.542808532714844,ok,ok
rule_std-placebo_std,rule_std,placebo_std,2026,block_01,RPM,4,shifted,0,0,1,001,2000,numerator_arm_minus_denominator_arm,0.0,0.0,7.225494384765625,7.553531646728516,ok,ok
rule_std-placebo_std,rule_std,placebo_std,2026,block_01,RPM,4,shifted,0,1,0,010,2000,numerator_arm_minus_denominator_arm,0.0,0.0,7.097492218017578,0.46778106689453125,ok,ok
rule_std-placebo_std,rule_std,placebo_std,2026,block_01,RPM,4,shifted,0,1,1,011,2000,numerator_arm_minus_denominator_arm,0.0,0.0,3.5131149291992188,1.823394775390625,ok,ok
rule_std-placebo_std,rule_std,placebo_std,2026,block_01,RPM,4,shifted,1,0,0,100,2000,numerator_arm_minus_denominator_arm,-0.0665,-0.18800000000000006,2.390416145324707,-2.3008766174316406,ok,ok
rule_std-placebo_std,rule_std,placebo_std,2026,block_01,RPM,4,shifted,1,0,1,101,2000,numerator_arm_minus_denominator_arm,-0.0014999999999999996,0.0,3.829979419708252,-5.659675598144531,ok,ok
rule_std-placebo_std,rule_std,placebo_std,2026,block_01,RPM,4,shifted,1,1,0,110,2000,numerator_arm_minus_denominator_arm,-0.07299999999999998,-0.14700000000000002,2.0181198120117188,-1.5377120971679688,ok,ok
rule_std-placebo_std,rule_std,placebo_std,2026,block_01,RPM,4,shifted,1,1,1,111,2000,numerator_arm_minus_denominator_arm,-0.029500000000000002,0.0020000000000000018,1.7707700729370117,-1.6259269714355469,ok,ok
rule_std-placebo_std,rule_std,placebo_std,2026,block_02,Gear,3,canonical,0,0,0,000,2000,numerator_arm_minus_denominator_arm,0.0,0.0,5.156658172607422,-4.05450439453125,ok,ok
rule_std-placebo_std,rule_std,placebo_std,2026,block_02,Gear,3,canonical,0,0,1,001,2000,numerator_arm_minus_denominator_arm,0.0,0.0,3.4685516357421875,-4.658790588378906,ok,ok
rule_std-placebo_std,rule_std,placebo_std,2026,block_02,Gear,3,canonical,0,1,0,010,2000,numerator_arm_minus_denominator_arm,0.0,0.0,14.823711395263672,8.301223754882812,ok,ok
rule_std-placebo_std,rule_std,placebo_std,2026,block_02,Gear,3,canonical,0,1,1,011,2000,numerator_arm_minus_denominator_arm,0.0,0.0,13.02792739868164,8.444297790527344,ok,ok
rule_std-placebo_std,rule_std,placebo_std,2026,block_02,Gear,3,canonical,1,0,0,100,2000,numerator_arm_minus_denominator_arm,-0.34299999999999997,0.0004999999999999449,0.059441566467285156,-4.864566802978516,ok,ok
rule_std-placebo_std,rule_std,placebo_std,2026,block_02,Gear,3,canonical,1,0,1,101,2000,numerator_arm_minus_denominator_arm,-0.2515,0.0,-0.13835811614990234,-4.506320953369141,ok,ok
rule_std-placebo_std,rule_std,placebo_std,2026,block_02,Gear,3,canonical,1,1,0,110,2000,numerator_arm_minus_denominator_arm,-0.7295,0.0,-3.9066152572631836,-2.9038162231445312,ok,ok
rule_std-placebo_std,rule_std,placebo_std,2026,block_02,Gear,3,canonical,1,1,1,111,2000,numerator_arm_minus_denominator_arm,-0.625,0.0,-3.6844611167907715,-1.5618400573730469,ok,ok
rule_std-placebo_std,rule_std,placebo_std,2026,block_02,Gear,3,shifted,0,0,0,000,2000,numerator_arm_minus_denominator_arm,0.0,0.0,5.130535125732422,-4.0396728515625,ok,ok
rule_std-placebo_std,rule_std,placebo_std,2026,block_02,Gear,3,shifted,0,0,1,001,2000,numerator_arm_minus_denominator_arm,0.0,0.0,3.462848663330078,-4.648063659667969,ok,ok
rule_std-placebo_std,rule_std,placebo_std,2026,block_02,Gear,3,shifted,0,1,0,010,2000,numerator_arm_minus_denominator_arm,0.0,0.0,14.690982818603516,8.339935302734375,ok,ok
rule_std-placebo_std,rule_std,placebo_std,2026,block_02,Gear,3,shifted,0,1,1,011,2000,numerator_arm_minus_denominator_arm,0.0,0.0,12.914207458496094,8.479019165039062,ok,ok
rule_std-placebo_std,rule_std,placebo_std,2026,block_02,Gear,3,shifted,1,0,0,100,2000,numerator_arm_minus_denominator_arm,-0.34450000000000003,0.0004999999999999449,0.0712289810180664,-4.9074249267578125,ok,ok
rule_std-placebo_std,rule_std,placebo_std,2026,block_02,Gear,3,shifted,1,0,1,101,2000,numerator_arm_minus_denominator_arm,-0.2555,0.0,-0.13050079345703125,-4.5438690185546875,ok,ok
rule_std-placebo_std,rule_std,placebo_std,2026,block_02,Gear,3,shifted,1,1,0,110,2000,numerator_arm_minus_denominator_arm,-0.7285,0.0,-3.906893730163574,-2.9841537475585938,ok,ok
rule_std-placebo_std,rule_std,placebo_std,2026,block_02,Gear,3,shifted,1,1,1,111,2000,numerator_arm_minus_denominator_arm,-0.63,0.0,-3.6835579872131348,-1.6328353881835938,ok,ok
rule_std-placebo_std,rule_std,placebo_std,2026,block_02,RPM,4,canonical,0,0,0,000,2000,numerator_arm_minus_denominator_arm,-0.0010000000000000009,0.0,11.445697784423828,6.61029052734375,ok,ok
rule_std-placebo_std,rule_std,placebo_std,2026,block_02,RPM,4,canonical,0,0,1,001,2000,numerator_arm_minus_denominator_arm,-0.0010000000000000009,0.0,6.371774673461914,6.868217468261719,ok,ok
rule_std-placebo_std,rule_std,placebo_std,2026,block_02,RPM,4,canonical,0,1,0,010,2000,numerator_arm_minus_denominator_arm,-0.0010000000000000009,0.0,7.698486328125,0.8956756591796875,ok,ok
rule_std-placebo_std,rule_std,placebo_std,2026,block_02,RPM,4,canonical,0,1,1,011,2000,numerator_arm_minus_denominator_arm,-0.0010000000000000009,0.0,3.3768386840820312,1.6320953369140625,ok,ok
rule_std-placebo_std,rule_std,placebo_std,2026,block_02,RPM,4,canonical,1,0,0,100,2000,numerator_arm_minus_denominator_arm,-0.04550000000000001,-0.20450000000000002,2.5951881408691406,-2.4590892791748047,ok,ok
rule_std-placebo_std,rule_std,placebo_std,2026,block_02,RPM,4,canonical,1,0,1,101,2000,numerator_arm_minus_denominator_arm,0.005000000000000001,0.0,4.138302326202393,-5.394895553588867,ok,ok
rule_std-placebo_std,rule_std,placebo_std,2026,block_02,RPM,4,canonical,1,1,0,110,2000,numerator_arm_minus_denominator_arm,-0.0665,-0.16200000000000003,2.069027900695801,-1.7760505676269531,ok,ok
rule_std-placebo_std,rule_std,placebo_std,2026,block_02,RPM,4,canonical,1,1,1,111,2000,numerator_arm_minus_denominator_arm,-0.029,0.0010000000000000009,1.9183173179626465,-1.766683578491211,ok,ok
rule_std-placebo_std,rule_std,placebo_std,2026,block_02,RPM,4,shifted,0,0,0,000,2000,numerator_arm_minus_denominator_arm,-0.0010000000000000009,0.0,11.876182556152344,6.59625244140625,ok,ok
rule_std-placebo_std,rule_std,placebo_std,2026,block_02,RPM,4,shifted,0,0,1,001,2000,numerator_arm_minus_denominator_arm,-0.0010000000000000009,0.0,7.3005218505859375,7.682048797607422,ok,ok
rule_std-placebo_std,rule_std,placebo_std,2026,block_02,RPM,4,shifted,0,1,0,010,2000,numerator_arm_minus_denominator_arm,-0.0010000000000000009,0.0,7.162494659423828,0.441070556640625,ok,ok
rule_std-placebo_std,rule_std,placebo_std,2026,block_02,RPM,4,shifted,0,1,1,011,2000,numerator_arm_minus_denominator_arm,-0.0010000000000000009,0.0,3.5615806579589844,1.7423782348632812,ok,ok
rule_std-placebo_std,rule_std,placebo_std,2026,block_02,RPM,4,shifted,1,0,0,100,2000,numerator_arm_minus_denominator_arm,-0.062,-0.16849999999999998,2.4824094772338867,-2.442119598388672,ok,ok
rule_std-placebo_std,rule_std,placebo_std,2026,block_02,RPM,4,shifted,1,0,1,101,2000,numerator_arm_minus_denominator_arm,0.0015000000000000013,-0.000500000000000056,3.8106918334960938,-5.623311996459961,ok,ok
rule_std-placebo_std,rule_std,placebo_std,2026,block_02,RPM,4,shifted,1,1,0,110,2000,numerator_arm_minus_denominator_arm,-0.08150000000000002,-0.14150000000000007,1.9225473403930664,-1.6574878692626953,ok,ok
rule_std-placebo_std,rule_std,placebo_std,2026,block_02,RPM,4,shifted,1,1,1,111,2000,numerator_arm_minus_denominator_arm,-0.0295,0.0010000000000000009,1.7715950012207031,-1.6991958618164062,ok,ok
rule_std-placebo_std,rule_std,placebo_std,2026,block_03,Gear,3,canonical,0,0,0,000,2000,numerator_arm_minus_denominator_arm,0.0,0.0,5.108623504638672,-4.0745086669921875,ok,ok
rule_std-placebo_std,rule_std,placebo_std,2026,block_03,Gear,3,canonical,0,0,1,001,2000,numerator_arm_minus_denominator_arm,0.0,0.0,3.453632354736328,-4.624412536621094,ok,ok
rule_std-placebo_std,rule_std,placebo_std,2026,block_03,Gear,3,canonical,0,1,0,010,2000,numerator_arm_minus_denominator_arm,0.0,0.0,14.820545196533203,8.529998779296875,ok,ok
rule_std-placebo_std,rule_std,placebo_std,2026,block_03,Gear,3,canonical,0,1,1,011,2000,numerator_arm_minus_denominator_arm,0.0,0.0,13.068832397460938,8.592658996582031,ok,ok
rule_std-placebo_std,rule_std,placebo_std,2026,block_03,Gear,3,canonical,1,0,0,100,2000,numerator_arm_minus_denominator_arm,-0.3475,0.0,-0.0218658447265625,-4.856231689453125,ok,ok
rule_std-placebo_std,rule_std,placebo_std,2026,block_03,Gear,3,canonical,1,0,1,101,2000,numerator_arm_minus_denominator_arm,-0.24200000000000002,0.0,-0.20635032653808594,-4.429290771484375,ok,ok
rule_std-placebo_std,rule_std,placebo_std,2026,block_03,Gear,3,canonical,1,1,0,110,2000,numerator_arm_minus_denominator_arm,-0.723,0.0004999999999999449,-3.984699249267578,-2.4893760681152344,ok,ok
rule_std-placebo_std,rule_std,placebo_std,2026,block_03,Gear,3,canonical,1,1,1,111,2000,numerator_arm_minus_denominator_arm,-0.6285,-0.0004999999999999449,-3.767512321472168,-1.2879600524902344,ok,ok
rule_std-placebo_std,rule_std,placebo_std,2026,block_03,Gear,3,shifted,0,0,0,000,2000,numerator_arm_minus_denominator_arm,0.0,0.0,5.0828094482421875,-4.059906005859375,ok,ok
rule_std-placebo_std,rule_std,placebo_std,2026,block_03,Gear,3,shifted,0,0,1,001,2000,numerator_arm_minus_denominator_arm,0.0,0.0,3.4489364624023438,-4.614105224609375,ok,ok
rule_std-placebo_std,rule_std,placebo_std,2026,block_03,Gear,3,shifted,0,1,0,010,2000,numerator_arm_minus_denominator_arm,0.0,0.0,14.688125610351562,8.568618774414062,ok,ok
rule_std-placebo_std,rule_std,placebo_std,2026,block_03,Gear,3,shifted,0,1,1,011,2000,numerator_arm_minus_denominator_arm,0.0,0.0,12.953727722167969,8.626907348632812,ok,ok
rule_std-placebo_std,rule_std,placebo_std,2026,block_03,Gear,3,shifted,1,0,0,100,2000,numerator_arm_minus_denominator_arm,-0.3475,0.0,-0.009785652160644531,-4.8997650146484375,ok,ok
rule_std-placebo_std,rule_std,placebo_std,2026,block_03,Gear,3,shifted,1,0,1,101,2000,numerator_arm_minus_denominator_arm,-0.24100000000000002,0.0,-0.19824504852294922,-4.466766357421875,ok,ok
rule_std-placebo_std,rule_std,placebo_std,2026,block_03,Gear,3,shifted,1,1,0,110,2000,numerator_arm_minus_denominator_arm,-0.722,0.0,-3.985600471496582,-2.5696487426757812,ok,ok
rule_std-placebo_std,rule_std,placebo_std,2026,block_03,Gear,3,shifted,1,1,1,111,2000,numerator_arm_minus_denominator_arm,-0.6335,-0.0004999999999999449,-3.7669506072998047,-1.35986328125,ok,ok
rule_std-placebo_std,rule_std,placebo_std,2026,block_03,RPM,4,canonical,0,0,0,000,2000,numerator_arm_minus_denominator_arm,0.0,0.0,11.479354858398438,6.7555694580078125,ok,ok
rule_std-placebo_std,rule_std,placebo_std,2026,block_03,RPM,4,canonical,0,0,1,001,2000,numerator_arm_minus_denominator_arm,0.0,0.0,6.334770202636719,6.753501892089844,ok,ok
rule_std-placebo_std,rule_std,placebo_std,2026,block_03,RPM,4,canonical,0,1,0,010,2000,numerator_arm_minus_denominator_arm,0.0,0.0,7.524890899658203,0.8965301513671875,ok,ok
rule_std-placebo_std,rule_std,placebo_std,2026,block_03,RPM,4,canonical,0,1,1,011,2000,numerator_arm_minus_denominator_arm,0.0,0.0,3.3636627197265625,1.7646255493164062,ok,ok
rule_std-placebo_std,rule_std,placebo_std,2026,block_03,RPM,4,canonical,1,0,0,100,2000,numerator_arm_minus_denominator_arm,-0.04299999999999998,-0.1965,2.5132884979248047,-2.4406795501708984,ok,ok
rule_std-placebo_std,rule_std,placebo_std,2026,block_03,RPM,4,canonical,1,0,1,101,2000,numerator_arm_minus_denominator_arm,0.0045000000000000005,-0.0010000000000000009,4.066107749938965,-5.4281463623046875,ok,ok
rule_std-placebo_std,rule_std,placebo_std,2026,block_03,RPM,4,canonical,1,1,0,110,2000,numerator_arm_minus_denominator_arm,-0.08150000000000002,-0.14249999999999996,1.9523506164550781,-1.6570606231689453,ok,ok
rule_std-placebo_std,rule_std,placebo_std,2026,block_03,RPM,4,canonical,1,1,1,111,2000,numerator_arm_minus_denominator_arm,-0.033,0.0,1.815676212310791,-1.5706138610839844,ok,ok
rule_std-placebo_std,rule_std,placebo_std,2026,block_03,RPM,4,shifted,0,0,0,000,2000,numerator_arm_minus_denominator_arm,0.0,0.0,11.907360076904297,6.7298431396484375,ok,ok
rule_std-placebo_std,rule_std,placebo_std,2026,block_03,RPM,4,shifted,0,0,1,001,2000,numerator_arm_minus_denominator_arm,0.0,0.0,7.281665802001953,7.571895599365234,ok,ok
rule_std-placebo_std,rule_std,placebo_std,2026,block_03,RPM,4,shifted,0,1,0,010,2000,numerator_arm_minus_denominator_arm,0.0,0.0,6.995586395263672,0.4369049072265625,ok,ok
rule_std-placebo_std,rule_std,placebo_std,2026,block_03,RPM,4,shifted,0,1,1,011,2000,numerator_arm_minus_denominator_arm,0.0,0.0,3.5369606018066406,1.8782577514648438,ok,ok
rule_std-placebo_std,rule_std,placebo_std,2026,block_03,RPM,4,shifted,1,0,0,100,2000,numerator_arm_minus_denominator_arm,-0.067,-0.17800000000000005,2.3989133834838867,-2.4333019256591797,ok,ok
rule_std-placebo_std,rule_std,placebo_std,2026,block_03,RPM,4,shifted,1,0,1,101,2000,numerator_arm_minus_denominator_arm,0.0009999999999999974,-0.0004999999999999449,3.7393851280212402,-5.666866302490234,ok,ok
rule_std-placebo_std,rule_std,placebo_std,2026,block_03,RPM,4,shifted,1,1,0,110,2000,numerator_arm_minus_denominator_arm,-0.0985,-0.132,1.7996759414672852,-1.5449676513671875,ok,ok
rule_std-placebo_std,rule_std,placebo_std,2026,block_03,RPM,4,shifted,1,1,1,111,2000,numerator_arm_minus_denominator_arm,-0.0325,0.0,1.668053150177002,-1.4931449890136719,ok,ok
rule_std-placebo_std,rule_std,placebo_std,3407,block_01,Gear,3,canonical,0,0,0,000,2000,numerator_arm_minus_denominator_arm,0.0,0.0,5.232358932495117,-9.238845825195312,ok,ok
rule_std-placebo_std,rule_std,placebo_std,3407,block_01,Gear,3,canonical,0,0,1,001,2000,numerator_arm_minus_denominator_arm,0.0,0.0,5.542261123657227,-9.713741302490234,ok,ok
rule_std-placebo_std,rule_std,placebo_std,3407,block_01,Gear,3,canonical,0,1,0,010,2000,numerator_arm_minus_denominator_arm,0.0,0.0,7.777843475341797,-10.306167602539062,ok,ok
rule_std-placebo_std,rule_std,placebo_std,3407,block_01,Gear,3,canonical,0,1,1,011,2000,numerator_arm_minus_denominator_arm,0.0,0.0,8.39919662475586,-9.726394653320312,ok,ok
rule_std-placebo_std,rule_std,placebo_std,3407,block_01,Gear,3,canonical,1,0,0,100,2000,numerator_arm_minus_denominator_arm,0.1315,-0.007499999999999951,5.363256216049194,-10.491842269897461,ok,ok
rule_std-placebo_std,rule_std,placebo_std,3407,block_01,Gear,3,canonical,1,0,1,101,2000,numerator_arm_minus_denominator_arm,0.0545,-0.0044999999999999485,5.239949464797974,-9.407377243041992,ok,ok
rule_std-placebo_std,rule_std,placebo_std,3407,block_01,Gear,3,canonical,1,1,0,110,2000,numerator_arm_minus_denominator_arm,0.12050000000000005,-0.0010000000000000009,3.9584646224975586,-4.838319778442383,ok,ok
rule_std-placebo_std,rule_std,placebo_std,3407,block_01,Gear,3,canonical,1,1,1,111,2000,numerator_arm_minus_denominator_arm,0.2005,-0.0014999999999999458,4.245393753051758,-5.412242889404297,ok,ok
rule_std-placebo_std,rule_std,placebo_std,3407,block_01,Gear,3,shifted,0,0,0,000,2000,numerator_arm_minus_denominator_arm,0.0,0.0,5.200780868530273,-9.214271545410156,ok,ok
rule_std-placebo_std,rule_std,placebo_std,3407,block_01,Gear,3,shifted,0,0,1,001,2000,numerator_arm_minus_denominator_arm,0.0,0.0,5.505075454711914,-9.694583892822266,ok,ok
rule_std-placebo_std,rule_std,placebo_std,3407,block_01,Gear,3,shifted,0,1,0,010,2000,numerator_arm_minus_denominator_arm,0.0,0.0,7.716739654541016,-10.26129150390625,ok,ok
rule_std-placebo_std,rule_std,placebo_std,3407,block_01,Gear,3,shifted,0,1,1,011,2000,numerator_arm_minus_denominator_arm,0.0,0.0,8.34304428100586,-9.693794250488281,ok,ok
rule_std-placebo_std,rule_std,placebo_std,3407,block_01,Gear,3,shifted,1,0,0,100,2000,numerator_arm_minus_denominator_arm,0.132,-0.007499999999999951,5.363776922225952,-10.50946044921875,ok,ok
rule_std-placebo_std,rule_std,placebo_std,3407,block_01,Gear,3,shifted,1,0,1,101,2000,numerator_arm_minus_denominator_arm,0.0545,-0.0044999999999999485,5.24337637424469,-9.42734146118164,ok,ok
rule_std-placebo_std,rule_std,placebo_std,3407,block_01,Gear,3,shifted,1,1,0,110,2000,numerator_arm_minus_denominator_arm,0.11650000000000005,-0.0010000000000000009,3.9568042755126953,-4.842399597167969,ok,ok
rule_std-placebo_std,rule_std,placebo_std,3407,block_01,Gear,3,shifted,1,1,1,111,2000,numerator_arm_minus_denominator_arm,0.20100000000000007,-0.0014999999999999458,4.245856285095215,-5.409610748291016,ok,ok
rule_std-placebo_std,rule_std,placebo_std,3407,block_01,RPM,4,canonical,0,0,0,000,2000,numerator_arm_minus_denominator_arm,0.0,0.0,2.487152099609375,-13.978363037109375,ok,ok
rule_std-placebo_std,rule_std,placebo_std,3407,block_01,RPM,4,canonical,0,0,1,001,2000,numerator_arm_minus_denominator_arm,0.0,0.0,0.7294120788574219,-13.0379638671875,ok,ok
rule_std-placebo_std,rule_std,placebo_std,3407,block_01,RPM,4,canonical,0,1,0,010,2000,numerator_arm_minus_denominator_arm,0.0,0.0,3.6222877502441406,-17.363670349121094,ok,ok
rule_std-placebo_std,rule_std,placebo_std,3407,block_01,RPM,4,canonical,0,1,1,011,2000,numerator_arm_minus_denominator_arm,0.0,0.0,3.068645477294922,-12.871574401855469,ok,ok
rule_std-placebo_std,rule_std,placebo_std,3407,block_01,RPM,4,canonical,1,0,0,100,2000,numerator_arm_minus_denominator_arm,-0.107,0.02299999999999991,0.9567441940307617,1.9242115020751953,ok,ok
rule_std-placebo_std,rule_std,placebo_std,3407,block_01,RPM,4,canonical,1,0,1,101,2000,numerator_arm_minus_denominator_arm,-0.009000000000000001,0.0,0.8772807121276855,-1.4261474609375,ok,ok
rule_std-placebo_std,rule_std,placebo_std,3407,block_01,RPM,4,canonical,1,1,0,110,2000,numerator_arm_minus_denominator_arm,-0.21899999999999997,-0.07399999999999995,0.3481483459472656,-1.7524280548095703,ok,ok
rule_std-placebo_std,rule_std,placebo_std,3407,block_01,RPM,4,canonical,1,1,1,111,2000,numerator_arm_minus_denominator_arm,-0.064,0.0,-0.25601673126220703,-3.8724594116210938,ok,ok
rule_std-placebo_std,rule_std,placebo_std,3407,block_01,RPM,4,shifted,0,0,0,000,2000,numerator_arm_minus_denominator_arm,0.0,0.0,2.0130157470703125,-14.275543212890625,ok,ok
rule_std-placebo_std,rule_std,placebo_std,3407,block_01,RPM,4,shifted,0,0,1,001,2000,numerator_arm_minus_denominator_arm,0.0,0.0,0.4069385528564453,-13.416732788085938,ok,ok
rule_std-placebo_std,rule_std,placebo_std,3407,block_01,RPM,4,shifted,0,1,0,010,2000,numerator_arm_minus_denominator_arm,0.0,0.0,3.2250289916992188,-17.6776123046875,ok,ok
rule_std-placebo_std,rule_std,placebo_std,3407,block_01,RPM,4,shifted,0,1,1,011,2000,numerator_arm_minus_denominator_arm,0.0,0.0,2.3259429931640625,-13.134490966796875,ok,ok
rule_std-placebo_std,rule_std,placebo_std,3407,block_01,RPM,4,shifted,1,0,0,100,2000,numerator_arm_minus_denominator_arm,-0.1215,0.014500000000000068,1.0219364166259766,1.6207313537597656,ok,ok
rule_std-placebo_std,rule_std,placebo_std,3407,block_01,RPM,4,shifted,1,0,1,101,2000,numerator_arm_minus_denominator_arm,-0.0095,0.0,0.9681620597839355,-1.8947010040283203,ok,ok
rule_std-placebo_std,rule_std,placebo_std,3407,block_01,RPM,4,shifted,1,1,0,110,2000,numerator_arm_minus_denominator_arm,-0.21749999999999997,-0.07650000000000001,0.3649301528930664,-1.932342529296875,ok,ok
rule_std-placebo_std,rule_std,placebo_std,3407,block_01,RPM,4,shifted,1,1,1,111,2000,numerator_arm_minus_denominator_arm,-0.061000000000000006,0.0,-0.24063444137573242,-4.139167785644531,ok,ok
rule_std-placebo_std,rule_std,placebo_std,3407,block_02,Gear,3,canonical,0,0,0,000,2000,numerator_arm_minus_denominator_arm,0.0,0.0,5.164945602416992,-9.305816650390625,ok,ok
rule_std-placebo_std,rule_std,placebo_std,3407,block_02,Gear,3,canonical,0,0,1,001,2000,numerator_arm_minus_denominator_arm,0.0,0.0,5.4967041015625,-9.781246185302734,ok,ok
rule_std-placebo_std,rule_std,placebo_std,3407,block_02,Gear,3,canonical,0,1,0,010,2000,numerator_arm_minus_denominator_arm,0.0,0.0,7.779758453369141,-10.440498352050781,ok,ok
rule_std-placebo_std,rule_std,placebo_std,3407,block_02,Gear,3,canonical,0,1,1,011,2000,numerator_arm_minus_denominator_arm,0.0,0.0,8.456371307373047,-9.810218811035156,ok,ok
rule_std-placebo_std,rule_std,placebo_std,3407,block_02,Gear,3,canonical,1,0,0,100,2000,numerator_arm_minus_denominator_arm,0.134,-0.0050000000000000044,5.275771141052246,-10.496044158935547,ok,ok
rule_std-placebo_std,rule_std,placebo_std,3407,block_02,Gear,3,canonical,1,0,1,101,2000,numerator_arm_minus_denominator_arm,0.065,-0.0050000000000000044,5.191444754600525,-9.372602462768555,ok,ok
rule_std-placebo_std,rule_std,placebo_std,3407,block_02,Gear,3,canonical,1,1,0,110,2000,numerator_arm_minus_denominator_arm,0.11199999999999999,-0.0014999999999999458,3.9140701293945312,-4.939777374267578,ok,ok
rule_std-placebo_std,rule_std,placebo_std,3407,block_02,Gear,3,canonical,1,1,1,111,2000,numerator_arm_minus_denominator_arm,0.201,-0.0010000000000000009,4.21999979019165,-5.529380798339844,ok,ok
rule_std-placebo_std,rule_std,placebo_std,3407,block_02,Gear,3,shifted,0,0,0,000,2000,numerator_arm_minus_denominator_arm,0.0,0.0,5.133596420288086,-9.280967712402344,ok,ok
rule_std-placebo_std,rule_std,placebo_std,3407,block_02,Gear,3,shifted,0,0,1,001,2000,numerator_arm_minus_denominator_arm,0.0,0.0,5.458879470825195,-9.762191772460938,ok,ok
rule_std-placebo_std,rule_std,placebo_std,3407,block_02,Gear,3,shifted,0,1,0,010,2000,numerator_arm_minus_denominator_arm,0.0,0.0,7.718303680419922,-10.395675659179688,ok,ok
rule_std-placebo_std,rule_std,placebo_std,3407,block_02,Gear,3,shifted,0,1,1,011,2000,numerator_arm_minus_denominator_arm,0.0,0.0,8.401008605957031,-9.777824401855469,ok,ok
rule_std-placebo_std,rule_std,placebo_std,3407,block_02,Gear,3,shifted,1,0,0,100,2000,numerator_arm_minus_denominator_arm,0.1375,-0.0050000000000000044,5.27612829208374,-10.513668060302734,ok,ok
rule_std-placebo_std,rule_std,placebo_std,3407,block_02,Gear,3,shifted,1,0,1,101,2000,numerator_arm_minus_denominator_arm,0.066,-0.0050000000000000044,5.194783568382263,-9.392223358154297,ok,ok
rule_std-placebo_std,rule_std,placebo_std,3407,block_02,Gear,3,shifted,1,1,0,110,2000,numerator_arm_minus_denominator_arm,0.11050000000000004,-0.0014999999999999458,3.911757469177246,-4.945161819458008,ok,ok
rule_std-placebo_std,rule_std,placebo_std,3407,block_02,Gear,3,shifted,1,1,1,111,2000,numerator_arm_minus_denominator_arm,0.2,-0.0010000000000000009,4.22036075592041,-5.526142120361328,ok,ok
rule_std-placebo_std,rule_std,placebo_std,3407,block_02,RPM,4,canonical,0,0,0,000,2000,numerator_arm_minus_denominator_arm,-0.000500000000000056,0.0,2.5708847045898438,-13.85397720336914,ok,ok
rule_std-placebo_std,rule_std,placebo_std,3407,block_02,RPM,4,canonical,0,0,1,001,2000,numerator_arm_minus_denominator_arm,-0.000500000000000056,0.0,0.8435344696044922,-12.851356506347656,ok,ok
rule_std-placebo_std,rule_std,placebo_std,3407,block_02,RPM,4,canonical,0,1,0,010,2000,numerator_arm_minus_denominator_arm,-0.000500000000000056,0.0,3.655200958251953,-17.471702575683594,ok,ok
rule_std-placebo_std,rule_std,placebo_std,3407,block_02,RPM,4,canonical,0,1,1,011,2000,numerator_arm_minus_denominator_arm,-0.000500000000000056,0.0,3.173938751220703,-12.847610473632812,ok,ok
rule_std-placebo_std,rule_std,placebo_std,3407,block_02,RPM,4,canonical,1,0,0,100,2000,numerator_arm_minus_denominator_arm,-0.10600000000000001,0.021499999999999964,0.9650287628173828,1.6864776611328125,ok,ok
rule_std-placebo_std,rule_std,placebo_std,3407,block_02,RPM,4,canonical,1,0,1,101,2000,numerator_arm_minus_denominator_arm,-0.012,0.0,0.8598685264587402,-1.4861164093017578,ok,ok
rule_std-placebo_std,rule_std,placebo_std,3407,block_02,RPM,4,canonical,1,1,0,110,2000,numerator_arm_minus_denominator_arm,-0.21100000000000002,-0.09299999999999997,0.40467071533203125,-1.9586801528930664,ok,ok
rule_std-placebo_std,rule_std,placebo_std,3407,block_02,RPM,4,canonical,1,1,1,111,2000,numerator_arm_minus_denominator_arm,-0.05500000000000001,-0.0004999999999999449,-0.19294118881225586,-4.012598037719727,ok,ok
rule_std-placebo_std,rule_std,placebo_std,3407,block_02,RPM,4,shifted,0,0,0,000,2000,numerator_arm_minus_denominator_arm,-0.000500000000000056,0.0,2.1162567138671875,-14.129257202148438,ok,ok
rule_std-placebo_std,rule_std,placebo_std,3407,block_02,RPM,4,shifted,0,0,1,001,2000,numerator_arm_minus_denominator_arm,-0.000500000000000056,0.0,0.5390892028808594,-13.226116180419922,ok,ok
rule_std-placebo_std,rule_std,placebo_std,3407,block_02,RPM,4,shifted,0,1,0,010,2000,numerator_arm_minus_denominator_arm,-0.000500000000000056,0.0,3.2729835510253906,-17.790664672851562,ok,ok
rule_std-placebo_std,rule_std,placebo_std,3407,block_02,RPM,4,shifted,0,1,1,011,2000,numerator_arm_minus_denominator_arm,-0.000500000000000056,0.0,2.453777313232422,-13.115646362304688,ok,ok
rule_std-placebo_std,rule_std,placebo_std,3407,block_02,RPM,4,shifted,1,0,0,100,2000,numerator_arm_minus_denominator_arm,-0.11300000000000002,0.007000000000000006,1.0327682495117188,1.3714427947998047,ok,ok
rule_std-placebo_std,rule_std,placebo_std,3407,block_02,RPM,4,shifted,1,0,1,101,2000,numerator_arm_minus_denominator_arm,-0.0135,0.0,0.9500198364257812,-1.9589977264404297,ok,ok
rule_std-placebo_std,rule_std,placebo_std,3407,block_02,RPM,4,shifted,1,1,0,110,2000,numerator_arm_minus_denominator_arm,-0.21450000000000002,-0.09649999999999992,0.4242973327636719,-2.133098602294922,ok,ok
rule_std-placebo_std,rule_std,placebo_std,3407,block_02,RPM,4,shifted,1,1,1,111,2000,numerator_arm_minus_denominator_arm,-0.0505,-0.0004999999999999449,-0.17535829544067383,-4.271480560302734,ok,ok
rule_std-placebo_std,rule_std,placebo_std,3407,block_03,Gear,3,canonical,0,0,0,000,2000,numerator_arm_minus_denominator_arm,0.0,0.0,5.2105560302734375,-9.171028137207031,ok,ok
rule_std-placebo_std,rule_std,placebo_std,3407,block_03,Gear,3,canonical,0,0,1,001,2000,numerator_arm_minus_denominator_arm,0.0,0.0,5.537527084350586,-9.743114471435547,ok,ok
rule_std-placebo_std,rule_std,placebo_std,3407,block_03,Gear,3,canonical,0,1,0,010,2000,numerator_arm_minus_denominator_arm,0.0,0.0,7.840763092041016,-10.276840209960938,ok,ok
rule_std-placebo_std,rule_std,placebo_std,3407,block_03,Gear,3,canonical,0,1,1,011,2000,numerator_arm_minus_denominator_arm,0.0,0.0,8.528499603271484,-9.630561828613281,ok,ok
rule_std-placebo_std,rule_std,placebo_std,3407,block_03,Gear,3,canonical,1,0,0,100,2000,numerator_arm_minus_denominator_arm,0.1325,-0.00649999999999995,5.332892894744873,-10.483772277832031,ok,ok
rule_std-placebo_std,rule_std,placebo_std,3407,block_03,Gear,3,canonical,1,0,1,101,2000,numerator_arm_minus_denominator_arm,0.0595,-0.0050000000000000044,5.2145808935165405,-9.389457702636719,ok,ok
rule_std-placebo_std,rule_std,placebo_std,3407,block_03,Gear,3,canonical,1,1,0,110,2000,numerator_arm_minus_denominator_arm,0.09899999999999998,0.0004999999999999449,3.968216896057129,-4.953371047973633,ok,ok
rule_std-placebo_std,rule_std,placebo_std,3407,block_03,Gear,3,canonical,1,1,1,111,2000,numerator_arm_minus_denominator_arm,0.201,0.0,4.255586624145508,-5.50494384765625,ok,ok
rule_std-placebo_std,rule_std,placebo_std,3407,block_03,Gear,3,shifted,0,0,0,000,2000,numerator_arm_minus_denominator_arm,0.0,0.0,5.17857551574707,-9.146553039550781,ok,ok
rule_std-placebo_std,rule_std,placebo_std,3407,block_03,Gear,3,shifted,0,0,1,001,2000,numerator_arm_minus_denominator_arm,0.0,0.0,5.499147415161133,-9.723930358886719,ok,ok
rule_std-placebo_std,rule_std,placebo_std,3407,block_03,Gear,3,shifted,0,1,0,010,2000,numerator_arm_minus_denominator_arm,0.0,0.0,7.779445648193359,-10.232597351074219,ok,ok
rule_std-placebo_std,rule_std,placebo_std,3407,block_03,Gear,3,shifted,0,1,1,011,2000,numerator_arm_minus_denominator_arm,0.0,0.0,8.472827911376953,-9.598739624023438,ok,ok
rule_std-placebo_std,rule_std,placebo_std,3407,block_03,Gear,3,shifted,1,0,0,100,2000,numerator_arm_minus_denominator_arm,0.1335,-0.00649999999999995,5.33343505859375,-10.501142501831055,ok,ok
rule_std-placebo_std,rule_std,placebo_std,3407,block_03,Gear,3,shifted,1,0,1,101,2000,numerator_arm_minus_denominator_arm,0.06,-0.0050000000000000044,5.217927575111389,-9.4090576171875,ok,ok
rule_std-placebo_std,rule_std,placebo_std,3407,block_03,Gear,3,shifted,1,1,0,110,2000,numerator_arm_minus_denominator_arm,0.10099999999999998,0.0004999999999999449,3.965888023376465,-4.959245681762695,ok,ok
rule_std-placebo_std,rule_std,placebo_std,3407,block_03,Gear,3,shifted,1,1,1,111,2000,numerator_arm_minus_denominator_arm,0.20150000000000007,0.0,4.255850791931152,-5.501613616943359,ok,ok
rule_std-placebo_std,rule_std,placebo_std,3407,block_03,RPM,4,canonical,0,0,0,000,2000,numerator_arm_minus_denominator_arm,0.0,0.0,2.4781875610351562,-13.972221374511719,ok,ok
rule_std-placebo_std,rule_std,placebo_std,3407,block_03,RPM,4,canonical,0,0,1,001,2000,numerator_arm_minus_denominator_arm,0.0,0.0,0.6988964080810547,-13.046527862548828,ok,ok
rule_std-placebo_std,rule_std,placebo_std,3407,block_03,RPM,4,canonical,0,1,0,010,2000,numerator_arm_minus_denominator_arm,0.0,0.0,3.7198448181152344,-17.1864013671875,ok,ok
rule_std-placebo_std,rule_std,placebo_std,3407,block_03,RPM,4,canonical,0,1,1,011,2000,numerator_arm_minus_denominator_arm,0.0,0.0,3.2753219604492188,-12.529350280761719,ok,ok
rule_std-placebo_std,rule_std,placebo_std,3407,block_03,RPM,4,canonical,1,0,0,100,2000,numerator_arm_minus_denominator_arm,-0.11299999999999999,0.015000000000000013,0.9682598114013672,1.968709945678711,ok,ok
rule_std-placebo_std,rule_std,placebo_std,3407,block_03,RPM,4,canonical,1,0,1,101,2000,numerator_arm_minus_denominator_arm,-0.010000000000000002,0.0,0.8241267204284668,-1.334197998046875,ok,ok
rule_std-placebo_std,rule_std,placebo_std,3407,block_03,RPM,4,canonical,1,1,0,110,2000,numerator_arm_minus_denominator_arm,-0.21900000000000003,-0.09450000000000003,0.2884063720703125,-1.8474979400634766,ok,ok
rule_std-placebo_std,rule_std,placebo_std,3407,block_03,RPM,4,canonical,1,1,1,111,2000,numerator_arm_minus_denominator_arm,-0.0655,0.0,-0.27076244354248047,-3.8450393676757812,ok,ok
rule_std-placebo_std,rule_std,placebo_std,3407,block_03,RPM,4,shifted,0,0,0,000,2000,numerator_arm_minus_denominator_arm,0.0,0.0,2.0225906372070312,-14.26400375366211,ok,ok
rule_std-placebo_std,rule_std,placebo_std,3407,block_03,RPM,4,shifted,0,0,1,001,2000,numerator_arm_minus_denominator_arm,0.0,0.0,0.3952350616455078,-13.42788314819336,ok,ok
rule_std-placebo_std,rule_std,placebo_std,3407,block_03,RPM,4,shifted,0,1,0,010,2000,numerator_arm_minus_denominator_arm,0.0,0.0,3.341411590576172,-17.492530822753906,ok,ok
rule_std-placebo_std,rule_std,placebo_std,3407,block_03,RPM,4,shifted,0,1,1,011,2000,numerator_arm_minus_denominator_arm,0.0,0.0,2.5506439208984375,-12.79345703125,ok,ok
rule_std-placebo_std,rule_std,placebo_std,3407,block_03,RPM,4,shifted,1,0,0,100,2000,numerator_arm_minus_denominator_arm,-0.11400000000000002,0.007499999999999951,1.0366754531860352,1.6536846160888672,ok,ok
rule_std-placebo_std,rule_std,placebo_std,3407,block_03,RPM,4,shifted,1,0,1,101,2000,numerator_arm_minus_denominator_arm,-0.011,0.0,0.9127531051635742,-1.8041191101074219,ok,ok
rule_std-placebo_std,rule_std,placebo_std,3407,block_03,RPM,4,shifted,1,1,0,110,2000,numerator_arm_minus_denominator_arm,-0.21400000000000002,-0.09250000000000003,0.3081789016723633,-2.018277168273926,ok,ok
rule_std-placebo_std,rule_std,placebo_std,3407,block_03,RPM,4,shifted,1,1,1,111,2000,numerator_arm_minus_denominator_arm,-0.062,0.0,-0.25209999084472656,-4.11372184753418,ok,ok
