contrast,construction_seed,pipeline_seed,block_id,attack,id_stratum,P,S,D,cell,n,exact_correct_rule,binary_correct_rule,exact_recall_rule,binary_recall_rule,exact_correct_real,binary_correct_real,exact_recall_real,binary_recall_real,exact_recall,binary_recall,shared_real_reference_reused_once
rule_minus_shared_real,314159,7,block_01,Gear,canonical,0,0,0,000,2000,2000,2000,1.0,1.0,33,482,0.0165,0.241,0.9835,0.759,True
rule_minus_shared_real,314159,42,block_01,Gear,canonical,0,0,0,000,2000,2000,2000,1.0,1.0,0,0,0.0,0.0,1.0,1.0,True
rule_minus_shared_real,314159,123,block_01,Gear,canonical,0,0,0,000,2000,2000,2000,1.0,1.0,0,38,0.0,0.019,1.0,0.981,True
rule_minus_shared_real,314159,2026,block_01,Gear,canonical,0,0,0,000,2000,2000,2000,1.0,1.0,0,30,0.0,0.015,1.0,0.985,True
rule_minus_shared_real,314159,3407,block_01,Gear,canonical,0,0,0,000,2000,2000,2000,1.0,1.0,0,0,0.0,0.0,1.0,1.0,True
rule_minus_shared_real,271828,7,block_01,Gear,canonical,0,0,0,000,2000,2000,2000,1.0,1.0,33,482,0.0165,0.241,0.9835,0.759,True
rule_minus_shared_real,271828,42,block_01,Gear,canonical,0,0,0,000,2000,2000,2000,1.0,1.0,0,0,0.0,0.0,1.0,1.0,True
rule_minus_shared_real,271828,123,block_01,Gear,canonical,0,0,0,000,2000,2000,2000,1.0,1.0,0,38,0.0,0.019,1.0,0.981,True
rule_minus_shared_real,271828,2026,block_01,Gear,canonical,0,0,0,000,2000,2000,2000,1.0,1.0,0,30,0.0,0.015,1.0,0.985,True
rule_minus_shared_real,271828,3407,block_01,Gear,canonical,0,0,0,000,2000,2000,2000,1.0,1.0,0,0,0.0,0.0,1.0,1.0,True
rule_minus_shared_real,161803,7,block_01,Gear,canonical,0,0,0,000,2000,2000,2000,1.0,1.0,33,482,0.0165,0.241,0.9835,0.759,True
rule_minus_shared_real,161803,42,block_01,Gear,canonical,0,0,0,000,2000,2000,2000,1.0,1.0,0,0,0.0,0.0,1.0,1.0,True
rule_minus_shared_real,161803,123,block_01,Gear,canonical,0,0,0,000,2000,2000,2000,1.0,1.0,0,38,0.0,0.019,1.0,0.981,True
rule_minus_shared_real,161803,2026,block_01,Gear,canonical,0,0,0,000,2000,2000,2000,1.0,1.0,0,30,0.0,0.015,1.0,0.985,True
rule_minus_shared_real,161803,3407,block_01,Gear,canonical,0,0,0,000,2000,2000,2000,1.0,1.0,0,0,0.0,0.0,1.0,1.0,True
rule_minus_shared_real,141421,7,block_01,Gear,canonical,0,0,0,000,2000,2000,2000,1.0,1.0,33,482,0.0165,0.241,0.9835,0.759,True
rule_minus_shared_real,141421,42,block_01,Gear,canonical,0,0,0,000,2000,2000,2000,1.0,1.0,0,0,0.0,0.0,1.0,1.0,True
rule_minus_shared_real,141421,123,block_01,Gear,canonical,0,0,0,000,2000,2000,2000,1.0,1.0,0,38,0.0,0.019,1.0,0.981,True
rule_minus_shared_real,141421,2026,block_01,Gear,canonical,0,0,0,000,2000,2000,2000,1.0,1.0,0,30,0.0,0.015,1.0,0.985,True
rule_minus_shared_real,141421,3407,block_01,Gear,canonical,0,0,0,000,2000,2000,2000,1.0,1.0,0,0,0.0,0.0,1.0,1.0,True
rule_minus_shared_real,173205,7,block_01,Gear,canonical,0,0,0,000,2000,2000,2000,1.0,1.0,33,482,0.0165,0.241,0.9835,0.759,True
rule_minus_shared_real,173205,42,block_01,Gear,canonical,0,0,0,000,2000,2000,2000,1.0,1.0,0,0,0.0,0.0,1.0,1.0,True
rule_minus_shared_real,173205,123,block_01,Gear,canonical,0,0,0,000,2000,2000,2000,1.0,1.0,0,38,0.0,0.019,1.0,0.981,True
rule_minus_shared_real,173205,2026,block_01,Gear,canonical,0,0,0,000,2000,2000,2000,1.0,1.0,0,30,0.0,0.015,1.0,0.985,True
rule_minus_shared_real,173205,3407,block_01,Gear,canonical,0,0,0,000,2000,2000,2000,1.0,1.0,0,0,0.0,0.0,1.0,1.0,True
rule_minus_shared_real,314159,7,block_01,Gear,canonical,0,0,1,001,2000,2000,2000,1.0,1.0,36,426,0.018,0.213,0.982,0.787,True
rule_minus_shared_real,314159,42,block_01,Gear,canonical,0,0,1,001,2000,2000,2000,1.0,1.0,0,0,0.0,0.0,1.0,1.0,True
rule_minus_shared_real,314159,123,block_01,Gear,canonical,0,0,1,001,2000,2000,2000,1.0,1.0,0,25,0.0,0.0125,1.0,0.9875,True
rule_minus_shared_real,314159,2026,block_01,Gear,canonical,0,0,1,001,2000,2000,2000,1.0,1.0,0,23,0.0,0.0115,1.0,0.9885,True
rule_minus_shared_real,314159,3407,block_01,Gear,canonical,0,0,1,001,2000,2000,2000,1.0,1.0,0,2,0.0,0.001,1.0,0.999,True
rule_minus_shared_real,271828,7,block_01,Gear,canonical,0,0,1,001,2000,2000,2000,1.0,1.0,36,426,0.018,0.213,0.982,0.787,True
rule_minus_shared_real,271828,42,block_01,Gear,canonical,0,0,1,001,2000,2000,2000,1.0,1.0,0,0,0.0,0.0,1.0,1.0,True
rule_minus_shared_real,271828,123,block_01,Gear,canonical,0,0,1,001,2000,2000,2000,1.0,1.0,0,25,0.0,0.0125,1.0,0.9875,True
rule_minus_shared_real,271828,2026,block_01,Gear,canonical,0,0,1,001,2000,2000,2000,1.0,1.0,0,23,0.0,0.0115,1.0,0.9885,True
rule_minus_shared_real,271828,3407,block_01,Gear,canonical,0,0,1,001,2000,2000,2000,1.0,1.0,0,2,0.0,0.001,1.0,0.999,True
rule_minus_shared_real,161803,7,block_01,Gear,canonical,0,0,1,001,2000,2000,2000,1.0,1.0,36,426,0.018,0.213,0.982,0.787,True
rule_minus_shared_real,161803,42,block_01,Gear,canonical,0,0,1,001,2000,2000,2000,1.0,1.0,0,0,0.0,0.0,1.0,1.0,True
rule_minus_shared_real,161803,123,block_01,Gear,canonical,0,0,1,001,2000,2000,2000,1.0,1.0,0,25,0.0,0.0125,1.0,0.9875,True
rule_minus_shared_real,161803,2026,block_01,Gear,canonical,0,0,1,001,2000,2000,2000,1.0,1.0,0,23,0.0,0.0115,1.0,0.9885,True
rule_minus_shared_real,161803,3407,block_01,Gear,canonical,0,0,1,001,2000,2000,2000,1.0,1.0,0,2,0.0,0.001,1.0,0.999,True
rule_minus_shared_real,141421,7,block_01,Gear,canonical,0,0,1,001,2000,2000,2000,1.0,1.0,36,426,0.018,0.213,0.982,0.787,True
rule_minus_shared_real,141421,42,block_01,Gear,canonical,0,0,1,001,2000,2000,2000,1.0,1.0,0,0,0.0,0.0,1.0,1.0,True
rule_minus_shared_real,141421,123,block_01,Gear,canonical,0,0,1,001,2000,2000,2000,1.0,1.0,0,25,0.0,0.0125,1.0,0.9875,True
rule_minus_shared_real,141421,2026,block_01,Gear,canonical,0,0,1,001,2000,2000,2000,1.0,1.0,0,23,0.0,0.0115,1.0,0.9885,True
rule_minus_shared_real,141421,3407,block_01,Gear,canonical,0,0,1,001,2000,2000,2000,1.0,1.0,0,2,0.0,0.001,1.0,0.999,True
rule_minus_shared_real,173205,7,block_01,Gear,canonical,0,0,1,001,2000,2000,2000,1.0,1.0,36,426,0.018,0.213,0.982,0.787,True
rule_minus_shared_real,173205,42,block_01,Gear,canonical,0,0,1,001,2000,2000,2000,1.0,1.0,0,0,0.0,0.0,1.0,1.0,True
rule_minus_shared_real,173205,123,block_01,Gear,canonical,0,0,1,001,2000,2000,2000,1.0,1.0,0,25,0.0,0.0125,1.0,0.9875,True
rule_minus_shared_real,173205,2026,block_01,Gear,canonical,0,0,1,001,2000,2000,2000,1.0,1.0,0,23,0.0,0.0115,1.0,0.9885,True
rule_minus_shared_real,173205,3407,block_01,Gear,canonical,0,0,1,001,2000,2000,2000,1.0,1.0,0,2,0.0,0.001,1.0,0.999,True
rule_minus_shared_real,314159,7,block_01,Gear,canonical,0,1,0,010,2000,2000,2000,1.0,1.0,26,100,0.013,0.05,0.987,0.95,True
rule_minus_shared_real,314159,42,block_01,Gear,canonical,0,1,0,010,2000,2000,2000,1.0,1.0,0,0,0.0,0.0,1.0,1.0,True
rule_minus_shared_real,314159,123,block_01,Gear,canonical,0,1,0,010,2000,2000,2000,1.0,1.0,0,4,0.0,0.002,1.0,0.998,True
rule_minus_shared_real,314159,2026,block_01,Gear,canonical,0,1,0,010,2000,2000,2000,1.0,1.0,0,0,0.0,0.0,1.0,1.0,True
rule_minus_shared_real,314159,3407,block_01,Gear,canonical,0,1,0,010,2000,2000,2000,1.0,1.0,0,0,0.0,0.0,1.0,1.0,True
rule_minus_shared_real,271828,7,block_01,Gear,canonical,0,1,0,010,2000,2000,2000,1.0,1.0,26,100,0.013,0.05,0.987,0.95,True
rule_minus_shared_real,271828,42,block_01,Gear,canonical,0,1,0,010,2000,2000,2000,1.0,1.0,0,0,0.0,0.0,1.0,1.0,True
rule_minus_shared_real,271828,123,block_01,Gear,canonical,0,1,0,010,2000,2000,2000,1.0,1.0,0,4,0.0,0.002,1.0,0.998,True
rule_minus_shared_real,271828,2026,block_01,Gear,canonical,0,1,0,010,2000,2000,2000,1.0,1.0,0,0,0.0,0.0,1.0,1.0,True
rule_minus_shared_real,271828,3407,block_01,Gear,canonical,0,1,0,010,2000,2000,2000,1.0,1.0,0,0,0.0,0.0,1.0,1.0,True
rule_minus_shared_real,161803,7,block_01,Gear,canonical,0,1,0,010,2000,2000,2000,1.0,1.0,26,100,0.013,0.05,0.987,0.95,True
rule_minus_shared_real,161803,42,block_01,Gear,canonical,0,1,0,010,2000,2000,2000,1.0,1.0,0,0,0.0,0.0,1.0,1.0,True
rule_minus_shared_real,161803,123,block_01,Gear,canonical,0,1,0,010,2000,2000,2000,1.0,1.0,0,4,0.0,0.002,1.0,0.998,True
rule_minus_shared_real,161803,2026,block_01,Gear,canonical,0,1,0,010,2000,2000,2000,1.0,1.0,0,0,0.0,0.0,1.0,1.0,True
rule_minus_shared_real,161803,3407,block_01,Gear,canonical,0,1,0,010,2000,2000,2000,1.0,1.0,0,0,0.0,0.0,1.0,1.0,True
rule_minus_shared_real,141421,7,block_01,Gear,canonical,0,1,0,010,2000,2000,2000,1.0,1.0,26,100,0.013,0.05,0.987,0.95,True
rule_minus_shared_real,141421,42,block_01,Gear,canonical,0,1,0,010,2000,2000,2000,1.0,1.0,0,0,0.0,0.0,1.0,1.0,True
rule_minus_shared_real,141421,123,block_01,Gear,canonical,0,1,0,010,2000,2000,2000,1.0,1.0,0,4,0.0,0.002,1.0,0.998,True
rule_minus_shared_real,141421,2026,block_01,Gear,canonical,0,1,0,010,2000,2000,2000,1.0,1.0,0,0,0.0,0.0,1.0,1.0,True
rule_minus_shared_real,141421,3407,block_01,Gear,canonical,0,1,0,010,2000,2000,2000,1.0,1.0,0,0,0.0,0.0,1.0,1.0,True
rule_minus_shared_real,173205,7,block_01,Gear,canonical,0,1,0,010,2000,2000,2000,1.0,1.0,26,100,0.013,0.05,0.987,0.95,True
rule_minus_shared_real,173205,42,block_01,Gear,canonical,0,1,0,010,2000,2000,2000,1.0,1.0,0,0,0.0,0.0,1.0,1.0,True
rule_minus_shared_real,173205,123,block_01,Gear,canonical,0,1,0,010,2000,2000,2000,1.0,1.0,0,4,0.0,0.002,1.0,0.998,True
rule_minus_shared_real,173205,2026,block_01,Gear,canonical,0,1,0,010,2000,2000,2000,1.0,1.0,0,0,0.0,0.0,1.0,1.0,True
rule_minus_shared_real,173205,3407,block_01,Gear,canonical,0,1,0,010,2000,2000,2000,1.0,1.0,0,0,0.0,0.0,1.0,1.0,True
rule_minus_shared_real,314159,7,block_01,Gear,canonical,0,1,1,011,2000,2000,2000,1.0,1.0,22,74,0.011,0.037,0.989,0.963,True
rule_minus_shared_real,314159,42,block_01,Gear,canonical,0,1,1,011,2000,2000,2000,1.0,1.0,0,0,0.0,0.0,1.0,1.0,True
rule_minus_shared_real,314159,123,block_01,Gear,canonical,0,1,1,011,2000,2000,2000,1.0,1.0,0,3,0.0,0.0015,1.0,0.9985,True
rule_minus_shared_real,314159,2026,block_01,Gear,canonical,0,1,1,011,2000,2000,2000,1.0,1.0,0,0,0.0,0.0,1.0,1.0,True
rule_minus_shared_real,314159,3407,block_01,Gear,canonical,0,1,1,011,2000,2000,2000,1.0,1.0,0,0,0.0,0.0,1.0,1.0,True
rule_minus_shared_real,271828,7,block_01,Gear,canonical,0,1,1,011,2000,2000,2000,1.0,1.0,22,74,0.011,0.037,0.989,0.963,True
rule_minus_shared_real,271828,42,block_01,Gear,canonical,0,1,1,011,2000,2000,2000,1.0,1.0,0,0,0.0,0.0,1.0,1.0,True
rule_minus_shared_real,271828,123,block_01,Gear,canonical,0,1,1,011,2000,2000,2000,1.0,1.0,0,3,0.0,0.0015,1.0,0.9985,True
rule_minus_shared_real,271828,2026,block_01,Gear,canonical,0,1,1,011,2000,2000,2000,1.0,1.0,0,0,0.0,0.0,1.0,1.0,True
rule_minus_shared_real,271828,3407,block_01,Gear,canonical,0,1,1,011,2000,2000,2000,1.0,1.0,0,0,0.0,0.0,1.0,1.0,True
rule_minus_shared_real,161803,7,block_01,Gear,canonical,0,1,1,011,2000,2000,2000,1.0,1.0,22,74,0.011,0.037,0.989,0.963,True
rule_minus_shared_real,161803,42,block_01,Gear,canonical,0,1,1,011,2000,2000,2000,1.0,1.0,0,0,0.0,0.0,1.0,1.0,True
rule_minus_shared_real,161803,123,block_01,Gear,canonical,0,1,1,011,2000,2000,2000,1.0,1.0,0,3,0.0,0.0015,1.0,0.9985,True
rule_minus_shared_real,161803,2026,block_01,Gear,canonical,0,1,1,011,2000,2000,2000,1.0,1.0,0,0,0.0,0.0,1.0,1.0,True
rule_minus_shared_real,161803,3407,block_01,Gear,canonical,0,1,1,011,2000,2000,2000,1.0,1.0,0,0,0.0,0.0,1.0,1.0,True
rule_minus_shared_real,141421,7,block_01,Gear,canonical,0,1,1,011,2000,2000,2000,1.0,1.0,22,74,0.011,0.037,0.989,0.963,True
rule_minus_shared_real,141421,42,block_01,Gear,canonical,0,1,1,011,2000,2000,2000,1.0,1.0,0,0,0.0,0.0,1.0,1.0,True
rule_minus_shared_real,141421,123,block_01,Gear,canonical,0,1,1,011,2000,2000,2000,1.0,1.0,0,3,0.0,0.0015,1.0,0.9985,True
rule_minus_shared_real,141421,2026,block_01,Gear,canonical,0,1,1,011,2000,2000,2000,1.0,1.0,0,0,0.0,0.0,1.0,1.0,True
rule_minus_shared_real,141421,3407,block_01,Gear,canonical,0,1,1,011,2000,2000,2000,1.0,1.0,0,0,0.0,0.0,1.0,1.0,True
rule_minus_shared_real,173205,7,block_01,Gear,canonical,0,1,1,011,2000,2000,2000,1.0,1.0,22,74,0.011,0.037,0.989,0.963,True
rule_minus_shared_real,173205,42,block_01,Gear,canonical,0,1,1,011,2000,2000,2000,1.0,1.0,0,0,0.0,0.0,1.0,1.0,True
rule_minus_shared_real,173205,123,block_01,Gear,canonical,0,1,1,011,2000,2000,2000,1.0,1.0,0,3,0.0,0.0015,1.0,0.9985,True
rule_minus_shared_real,173205,2026,block_01,Gear,canonical,0,1,1,011,2000,2000,2000,1.0,1.0,0,0,0.0,0.0,1.0,1.0,True
rule_minus_shared_real,173205,3407,block_01,Gear,canonical,0,1,1,011,2000,2000,2000,1.0,1.0,0,0,0.0,0.0,1.0,1.0,True
rule_minus_shared_real,314159,7,block_01,Gear,canonical,1,0,0,100,2000,77,1982,0.0385,0.991,7,1955,0.0035,0.9775,0.034999999999999996,0.013499999999999956,True
rule_minus_shared_real,314159,42,block_01,Gear,canonical,1,0,0,100,2000,0,1970,0.0,0.985,0,836,0.0,0.418,0.0,0.567,True
rule_minus_shared_real,314159,123,block_01,Gear,canonical,1,0,0,100,2000,45,2000,0.0225,1.0,0,1968,0.0,0.984,0.0225,0.016000000000000014,True
rule_minus_shared_real,314159,2026,block_01,Gear,canonical,1,0,0,100,2000,42,2000,0.021,1.0,0,1894,0.0,0.947,0.021,0.05300000000000005,True
rule_minus_shared_real,314159,3407,block_01,Gear,canonical,1,0,0,100,2000,713,2000,0.3565,1.0,0,1960,0.0,0.98,0.3565,0.020000000000000018,True
rule_minus_shared_real,271828,7,block_01,Gear,canonical,1,0,0,100,2000,447,2000,0.2235,1.0,7,1955,0.0035,0.9775,0.22,0.022499999999999964,True
rule_minus_shared_real,271828,42,block_01,Gear,canonical,1,0,0,100,2000,113,1874,0.0565,0.937,0,836,0.0,0.418,0.0565,0.5190000000000001,True
rule_minus_shared_real,271828,123,block_01,Gear,canonical,1,0,0,100,2000,164,2000,0.082,1.0,0,1968,0.0,0.984,0.082,0.016000000000000014,True
rule_minus_shared_real,271828,2026,block_01,Gear,canonical,1,0,0,100,2000,1,2000,0.0005,1.0,0,1894,0.0,0.947,0.0005,0.05300000000000005,True
rule_minus_shared_real,271828,3407,block_01,Gear,canonical,1,0,0,100,2000,807,1986,0.4035,0.993,0,1960,0.0,0.98,0.4035,0.013000000000000012,True
rule_minus_shared_real,161803,7,block_01,Gear,canonical,1,0,0,100,2000,84,1985,0.042,0.9925,7,1955,0.0035,0.9775,0.0385,0.015000000000000013,True
rule_minus_shared_real,161803,42,block_01,Gear,canonical,1,0,0,100,2000,5,1999,0.0025,0.9995,0,836,0.0,0.418,0.0025,0.5815000000000001,True
rule_minus_shared_real,161803,123,block_01,Gear,canonical,1,0,0,100,2000,76,2000,0.038,1.0,0,1968,0.0,0.984,0.038,0.016000000000000014,True
rule_minus_shared_real,161803,2026,block_01,Gear,canonical,1,0,0,100,2000,4,2000,0.002,1.0,0,1894,0.0,0.947,0.002,0.05300000000000005,True
rule_minus_shared_real,161803,3407,block_01,Gear,canonical,1,0,0,100,2000,66,2000,0.033,1.0,0,1960,0.0,0.98,0.033,0.020000000000000018,True
rule_minus_shared_real,141421,7,block_01,Gear,canonical,1,0,0,100,2000,51,1986,0.0255,0.993,7,1955,0.0035,0.9775,0.022,0.015499999999999958,True
rule_minus_shared_real,141421,42,block_01,Gear,canonical,1,0,0,100,2000,5,1700,0.0025,0.85,0,836,0.0,0.418,0.0025,0.432,True
rule_minus_shared_real,141421,123,block_01,Gear,canonical,1,0,0,100,2000,50,2000,0.025,1.0,0,1968,0.0,0.984,0.025,0.016000000000000014,True
rule_minus_shared_real,141421,2026,block_01,Gear,canonical,1,0,0,100,2000,1,1996,0.0005,0.998,0,1894,0.0,0.947,0.0005,0.051000000000000045,True
rule_minus_shared_real,141421,3407,block_01,Gear,canonical,1,0,0,100,2000,105,1999,0.0525,0.9995,0,1960,0.0,0.98,0.0525,0.019500000000000073,True
rule_minus_shared_real,173205,7,block_01,Gear,canonical,1,0,0,100,2000,6,2000,0.003,1.0,7,1955,0.0035,0.9775,-0.0005,0.022499999999999964,True
rule_minus_shared_real,173205,42,block_01,Gear,canonical,1,0,0,100,2000,5,1998,0.0025,0.999,0,836,0.0,0.418,0.0025,0.581,True
rule_minus_shared_real,173205,123,block_01,Gear,canonical,1,0,0,100,2000,116,2000,0.058,1.0,0,1968,0.0,0.984,0.058,0.016000000000000014,True
rule_minus_shared_real,173205,2026,block_01,Gear,canonical,1,0,0,100,2000,19,1998,0.0095,0.999,0,1894,0.0,0.947,0.0095,0.052000000000000046,True
rule_minus_shared_real,173205,3407,block_01,Gear,canonical,1,0,0,100,2000,156,2000,0.078,1.0,0,1960,0.0,0.98,0.078,0.020000000000000018,True
rule_minus_shared_real,314159,7,block_01,Gear,canonical,1,0,1,101,2000,7,1998,0.0035,0.999,5,1992,0.0025,0.996,0.001,0.0030000000000000027,True
rule_minus_shared_real,314159,42,block_01,Gear,canonical,1,0,1,101,2000,0,1996,0.0,0.998,0,1189,0.0,0.5945,0.0,0.40349999999999997,True
rule_minus_shared_real,314159,123,block_01,Gear,canonical,1,0,1,101,2000,24,2000,0.012,1.0,0,1972,0.0,0.986,0.012,0.014000000000000012,True
rule_minus_shared_real,314159,2026,block_01,Gear,canonical,1,0,1,101,2000,2,2000,0.001,1.0,0,1955,0.0,0.9775,0.001,0.022499999999999964,True
rule_minus_shared_real,314159,3407,block_01,Gear,canonical,1,0,1,101,2000,383,2000,0.1915,1.0,0,1981,0.0,0.9905,0.1915,0.009499999999999953,True
rule_minus_shared_real,271828,7,block_01,Gear,canonical,1,0,1,101,2000,185,2000,0.0925,1.0,5,1992,0.0025,0.996,0.09,0.0040000000000000036,True
rule_minus_shared_real,271828,42,block_01,Gear,canonical,1,0,1,101,2000,37,1882,0.0185,0.941,0,1189,0.0,0.5945,0.0185,0.3464999999999999,True
rule_minus_shared_real,271828,123,block_01,Gear,canonical,1,0,1,101,2000,24,2000,0.012,1.0,0,1972,0.0,0.986,0.012,0.014000000000000012,True
rule_minus_shared_real,271828,2026,block_01,Gear,canonical,1,0,1,101,2000,0,2000,0.0,1.0,0,1955,0.0,0.9775,0.0,0.022499999999999964,True
rule_minus_shared_real,271828,3407,block_01,Gear,canonical,1,0,1,101,2000,307,1997,0.1535,0.9985,0,1981,0.0,0.9905,0.1535,0.008000000000000007,True
rule_minus_shared_real,161803,7,block_01,Gear,canonical,1,0,1,101,2000,7,1998,0.0035,0.999,5,1992,0.0025,0.996,0.001,0.0030000000000000027,True
rule_minus_shared_real,161803,42,block_01,Gear,canonical,1,0,1,101,2000,0,2000,0.0,1.0,0,1189,0.0,0.5945,0.0,0.40549999999999997,True
rule_minus_shared_real,161803,123,block_01,Gear,canonical,1,0,1,101,2000,27,2000,0.0135,1.0,0,1972,0.0,0.986,0.0135,0.014000000000000012,True
rule_minus_shared_real,161803,2026,block_01,Gear,canonical,1,0,1,101,2000,0,2000,0.0,1.0,0,1955,0.0,0.9775,0.0,0.022499999999999964,True
rule_minus_shared_real,161803,3407,block_01,Gear,canonical,1,0,1,101,2000,16,2000,0.008,1.0,0,1981,0.0,0.9905,0.008,0.009499999999999953,True
rule_minus_shared_real,141421,7,block_01,Gear,canonical,1,0,1,101,2000,5,1999,0.0025,0.9995,5,1992,0.0025,0.996,0.0,0.0035000000000000586,True
rule_minus_shared_real,141421,42,block_01,Gear,canonical,1,0,1,101,2000,1,1884,0.0005,0.942,0,1189,0.0,0.5945,0.0005,0.3474999999999999,True
rule_minus_shared_real,141421,123,block_01,Gear,canonical,1,0,1,101,2000,5,2000,0.0025,1.0,0,1972,0.0,0.986,0.0025,0.014000000000000012,True
rule_minus_shared_real,141421,2026,block_01,Gear,canonical,1,0,1,101,2000,0,2000,0.0,1.0,0,1955,0.0,0.9775,0.0,0.022499999999999964,True
rule_minus_shared_real,141421,3407,block_01,Gear,canonical,1,0,1,101,2000,18,2000,0.009,1.0,0,1981,0.0,0.9905,0.009,0.009499999999999953,True
rule_minus_shared_real,173205,7,block_01,Gear,canonical,1,0,1,101,2000,1,2000,0.0005,1.0,5,1992,0.0025,0.996,-0.002,0.0040000000000000036,True
rule_minus_shared_real,173205,42,block_01,Gear,canonical,1,0,1,101,2000,0,2000,0.0,1.0,0,1189,0.0,0.5945,0.0,0.40549999999999997,True
rule_minus_shared_real,173205,123,block_01,Gear,canonical,1,0,1,101,2000,27,2000,0.0135,1.0,0,1972,0.0,0.986,0.0135,0.014000000000000012,True
rule_minus_shared_real,173205,2026,block_01,Gear,canonical,1,0,1,101,2000,1,2000,0.0005,1.0,0,1955,0.0,0.9775,0.0005,0.022499999999999964,True
rule_minus_shared_real,173205,3407,block_01,Gear,canonical,1,0,1,101,2000,34,2000,0.017,1.0,0,1981,0.0,0.9905,0.017,0.009499999999999953,True
rule_minus_shared_real,314159,7,block_01,Gear,canonical,1,1,0,110,2000,674,1987,0.337,0.9935,0,1687,0.0,0.8435,0.337,0.15000000000000002,True
rule_minus_shared_real,314159,42,block_01,Gear,canonical,1,1,0,110,2000,3,1942,0.0015,0.971,0,52,0.0,0.026,0.0015,0.945,True
rule_minus_shared_real,314159,123,block_01,Gear,canonical,1,1,0,110,2000,719,2000,0.3595,1.0,0,1950,0.0,0.975,0.3595,0.025000000000000022,True
rule_minus_shared_real,314159,2026,block_01,Gear,canonical,1,1,0,110,2000,41,2000,0.0205,1.0,0,857,0.0,0.4285,0.0205,0.5715,True
rule_minus_shared_real,314159,3407,block_01,Gear,canonical,1,1,0,110,2000,1694,1995,0.847,0.9975,0,1828,0.0,0.914,0.847,0.08350000000000002,True
rule_minus_shared_real,271828,7,block_01,Gear,canonical,1,1,0,110,2000,1100,2000,0.55,1.0,0,1687,0.0,0.8435,0.55,0.15649999999999997,True
rule_minus_shared_real,271828,42,block_01,Gear,canonical,1,1,0,110,2000,34,1975,0.017,0.9875,0,52,0.0,0.026,0.017,0.9615,True
rule_minus_shared_real,271828,123,block_01,Gear,canonical,1,1,0,110,2000,632,2000,0.316,1.0,0,1950,0.0,0.975,0.316,0.025000000000000022,True
rule_minus_shared_real,271828,2026,block_01,Gear,canonical,1,1,0,110,2000,174,2000,0.087,1.0,0,857,0.0,0.4285,0.087,0.5715,True
rule_minus_shared_real,271828,3407,block_01,Gear,canonical,1,1,0,110,2000,1824,1976,0.912,0.988,0,1828,0.0,0.914,0.912,0.07399999999999995,True
rule_minus_shared_real,161803,7,block_01,Gear,canonical,1,1,0,110,2000,536,1991,0.268,0.9955,0,1687,0.0,0.8435,0.268,0.15200000000000002,True
rule_minus_shared_real,161803,42,block_01,Gear,canonical,1,1,0,110,2000,8,1989,0.004,0.9945,0,52,0.0,0.026,0.004,0.9685,True
rule_minus_shared_real,161803,123,block_01,Gear,canonical,1,1,0,110,2000,556,2000,0.278,1.0,0,1950,0.0,0.975,0.278,0.025000000000000022,True
rule_minus_shared_real,161803,2026,block_01,Gear,canonical,1,1,0,110,2000,13,1997,0.0065,0.9985,0,857,0.0,0.4285,0.0065,0.5700000000000001,True
rule_minus_shared_real,161803,3407,block_01,Gear,canonical,1,1,0,110,2000,1251,1999,0.6255,0.9995,0,1828,0.0,0.914,0.6255,0.08550000000000002,True
rule_minus_shared_real,141421,7,block_01,Gear,canonical,1,1,0,110,2000,778,1978,0.389,0.989,0,1687,0.0,0.8435,0.389,0.14549999999999996,True
rule_minus_shared_real,141421,42,block_01,Gear,canonical,1,1,0,110,2000,20,1922,0.01,0.961,0,52,0.0,0.026,0.01,0.9349999999999999,True
rule_minus_shared_real,141421,123,block_01,Gear,canonical,1,1,0,110,2000,244,2000,0.122,1.0,0,1950,0.0,0.975,0.122,0.025000000000000022,True
rule_minus_shared_real,141421,2026,block_01,Gear,canonical,1,1,0,110,2000,15,1967,0.0075,0.9835,0,857,0.0,0.4285,0.0075,0.555,True
rule_minus_shared_real,141421,3407,block_01,Gear,canonical,1,1,0,110,2000,1441,1997,0.7205,0.9985,0,1828,0.0,0.914,0.7205,0.08450000000000002,True
rule_minus_shared_real,173205,7,block_01,Gear,canonical,1,1,0,110,2000,369,2000,0.1845,1.0,0,1687,0.0,0.8435,0.1845,0.15649999999999997,True
rule_minus_shared_real,173205,42,block_01,Gear,canonical,1,1,0,110,2000,35,1986,0.0175,0.993,0,52,0.0,0.026,0.0175,0.967,True
rule_minus_shared_real,173205,123,block_01,Gear,canonical,1,1,0,110,2000,1329,2000,0.6645,1.0,0,1950,0.0,0.975,0.6645,0.025000000000000022,True
rule_minus_shared_real,173205,2026,block_01,Gear,canonical,1,1,0,110,2000,52,1986,0.026,0.993,0,857,0.0,0.4285,0.026,0.5645,True
rule_minus_shared_real,173205,3407,block_01,Gear,canonical,1,1,0,110,2000,1360,1998,0.68,0.999,0,1828,0.0,0.914,0.68,0.08499999999999996,True
rule_minus_shared_real,314159,7,block_01,Gear,canonical,1,1,1,111,2000,469,1986,0.2345,0.993,1,1622,0.0005,0.811,0.23399999999999999,0.18199999999999994,True
rule_minus_shared_real,314159,42,block_01,Gear,canonical,1,1,1,111,2000,0,1972,0.0,0.986,0,67,0.0,0.0335,0.0,0.9525,True
rule_minus_shared_real,314159,123,block_01,Gear,canonical,1,1,1,111,2000,247,2000,0.1235,1.0,0,1918,0.0,0.959,0.1235,0.041000000000000036,True
rule_minus_shared_real,314159,2026,block_01,Gear,canonical,1,1,1,111,2000,5,2000,0.0025,1.0,0,1006,0.0,0.503,0.0025,0.497,True
rule_minus_shared_real,314159,3407,block_01,Gear,canonical,1,1,1,111,2000,1366,1998,0.683,0.999,0,1758,0.0,0.879,0.683,0.12,True
rule_minus_shared_real,271828,7,block_01,Gear,canonical,1,1,1,111,2000,920,1999,0.46,0.9995,1,1622,0.0005,0.811,0.4595,0.1885,True
rule_minus_shared_real,271828,42,block_01,Gear,canonical,1,1,1,111,2000,11,1972,0.0055,0.986,0,67,0.0,0.0335,0.0055,0.9525,True
rule_minus_shared_real,271828,123,block_01,Gear,canonical,1,1,1,111,2000,121,2000,0.0605,1.0,0,1918,0.0,0.959,0.0605,0.041000000000000036,True
rule_minus_shared_real,271828,2026,block_01,Gear,canonical,1,1,1,111,2000,74,2000,0.037,1.0,0,1006,0.0,0.503,0.037,0.497,True
rule_minus_shared_real,271828,3407,block_01,Gear,canonical,1,1,1,111,2000,1669,1982,0.8345,0.991,0,1758,0.0,0.879,0.8345,0.11199999999999999,True
rule_minus_shared_real,161803,7,block_01,Gear,canonical,1,1,1,111,2000,352,1989,0.176,0.9945,1,1622,0.0005,0.811,0.1755,0.1835,True
rule_minus_shared_real,161803,42,block_01,Gear,canonical,1,1,1,111,2000,4,1995,0.002,0.9975,0,67,0.0,0.0335,0.002,0.9640000000000001,True
rule_minus_shared_real,161803,123,block_01,Gear,canonical,1,1,1,111,2000,148,2000,0.074,1.0,0,1918,0.0,0.959,0.074,0.041000000000000036,True
rule_minus_shared_real,161803,2026,block_01,Gear,canonical,1,1,1,111,2000,2,1999,0.001,0.9995,0,1006,0.0,0.503,0.001,0.49650000000000005,True
rule_minus_shared_real,161803,3407,block_01,Gear,canonical,1,1,1,111,2000,777,2000,0.3885,1.0,0,1758,0.0,0.879,0.3885,0.121,True
rule_minus_shared_real,141421,7,block_01,Gear,canonical,1,1,1,111,2000,585,1976,0.2925,0.988,1,1622,0.0005,0.811,0.292,0.17699999999999994,True
rule_minus_shared_real,141421,42,block_01,Gear,canonical,1,1,1,111,2000,2,1965,0.001,0.9825,0,67,0.0,0.0335,0.001,0.9490000000000001,True
rule_minus_shared_real,141421,123,block_01,Gear,canonical,1,1,1,111,2000,17,2000,0.0085,1.0,0,1918,0.0,0.959,0.0085,0.041000000000000036,True
rule_minus_shared_real,141421,2026,block_01,Gear,canonical,1,1,1,111,2000,5,1981,0.0025,0.9905,0,1006,0.0,0.503,0.0025,0.48750000000000004,True
rule_minus_shared_real,141421,3407,block_01,Gear,canonical,1,1,1,111,2000,1088,1999,0.544,0.9995,0,1758,0.0,0.879,0.544,0.12050000000000005,True
rule_minus_shared_real,173205,7,block_01,Gear,canonical,1,1,1,111,2000,255,2000,0.1275,1.0,1,1622,0.0005,0.811,0.127,0.18899999999999995,True
rule_minus_shared_real,173205,42,block_01,Gear,canonical,1,1,1,111,2000,10,1991,0.005,0.9955,0,67,0.0,0.0335,0.005,0.9620000000000001,True
rule_minus_shared_real,173205,123,block_01,Gear,canonical,1,1,1,111,2000,798,2000,0.399,1.0,0,1918,0.0,0.959,0.399,0.041000000000000036,True
rule_minus_shared_real,173205,2026,block_01,Gear,canonical,1,1,1,111,2000,4,1993,0.002,0.9965,0,1006,0.0,0.503,0.002,0.49350000000000005,True
rule_minus_shared_real,173205,3407,block_01,Gear,canonical,1,1,1,111,2000,863,2000,0.4315,1.0,0,1758,0.0,0.879,0.4315,0.121,True
rule_minus_shared_real,314159,7,block_01,Gear,shifted,0,0,0,000,2000,2000,2000,1.0,1.0,33,484,0.0165,0.242,0.9835,0.758,True
rule_minus_shared_real,314159,42,block_01,Gear,shifted,0,0,0,000,2000,2000,2000,1.0,1.0,0,0,0.0,0.0,1.0,1.0,True
rule_minus_shared_real,314159,123,block_01,Gear,shifted,0,0,0,000,2000,2000,2000,1.0,1.0,0,39,0.0,0.0195,1.0,0.9805,True
rule_minus_shared_real,314159,2026,block_01,Gear,shifted,0,0,0,000,2000,2000,2000,1.0,1.0,0,30,0.0,0.015,1.0,0.985,True
rule_minus_shared_real,314159,3407,block_01,Gear,shifted,0,0,0,000,2000,2000,2000,1.0,1.0,0,0,0.0,0.0,1.0,1.0,True
rule_minus_shared_real,271828,7,block_01,Gear,shifted,0,0,0,000,2000,2000,2000,1.0,1.0,33,484,0.0165,0.242,0.9835,0.758,True
rule_minus_shared_real,271828,42,block_01,Gear,shifted,0,0,0,000,2000,2000,2000,1.0,1.0,0,0,0.0,0.0,1.0,1.0,True
rule_minus_shared_real,271828,123,block_01,Gear,shifted,0,0,0,000,2000,2000,2000,1.0,1.0,0,39,0.0,0.0195,1.0,0.9805,True
rule_minus_shared_real,271828,2026,block_01,Gear,shifted,0,0,0,000,2000,2000,2000,1.0,1.0,0,30,0.0,0.015,1.0,0.985,True
rule_minus_shared_real,271828,3407,block_01,Gear,shifted,0,0,0,000,2000,2000,2000,1.0,1.0,0,0,0.0,0.0,1.0,1.0,True
rule_minus_shared_real,161803,7,block_01,Gear,shifted,0,0,0,000,2000,2000,2000,1.0,1.0,33,484,0.0165,0.242,0.9835,0.758,True
rule_minus_shared_real,161803,42,block_01,Gear,shifted,0,0,0,000,2000,2000,2000,1.0,1.0,0,0,0.0,0.0,1.0,1.0,True
rule_minus_shared_real,161803,123,block_01,Gear,shifted,0,0,0,000,2000,2000,2000,1.0,1.0,0,39,0.0,0.0195,1.0,0.9805,True
rule_minus_shared_real,161803,2026,block_01,Gear,shifted,0,0,0,000,2000,2000,2000,1.0,1.0,0,30,0.0,0.015,1.0,0.985,True
rule_minus_shared_real,161803,3407,block_01,Gear,shifted,0,0,0,000,2000,2000,2000,1.0,1.0,0,0,0.0,0.0,1.0,1.0,True
rule_minus_shared_real,141421,7,block_01,Gear,shifted,0,0,0,000,2000,2000,2000,1.0,1.0,33,484,0.0165,0.242,0.9835,0.758,True
rule_minus_shared_real,141421,42,block_01,Gear,shifted,0,0,0,000,2000,2000,2000,1.0,1.0,0,0,0.0,0.0,1.0,1.0,True
rule_minus_shared_real,141421,123,block_01,Gear,shifted,0,0,0,000,2000,2000,2000,1.0,1.0,0,39,0.0,0.0195,1.0,0.9805,True
rule_minus_shared_real,141421,2026,block_01,Gear,shifted,0,0,0,000,2000,2000,2000,1.0,1.0,0,30,0.0,0.015,1.0,0.985,True
rule_minus_shared_real,141421,3407,block_01,Gear,shifted,0,0,0,000,2000,2000,2000,1.0,1.0,0,0,0.0,0.0,1.0,1.0,True
rule_minus_shared_real,173205,7,block_01,Gear,shifted,0,0,0,000,2000,2000,2000,1.0,1.0,33,484,0.0165,0.242,0.9835,0.758,True
rule_minus_shared_real,173205,42,block_01,Gear,shifted,0,0,0,000,2000,2000,2000,1.0,1.0,0,0,0.0,0.0,1.0,1.0,True
rule_minus_shared_real,173205,123,block_01,Gear,shifted,0,0,0,000,2000,2000,2000,1.0,1.0,0,39,0.0,0.0195,1.0,0.9805,True
rule_minus_shared_real,173205,2026,block_01,Gear,shifted,0,0,0,000,2000,2000,2000,1.0,1.0,0,30,0.0,0.015,1.0,0.985,True
rule_minus_shared_real,173205,3407,block_01,Gear,shifted,0,0,0,000,2000,2000,2000,1.0,1.0,0,0,0.0,0.0,1.0,1.0,True
rule_minus_shared_real,314159,7,block_01,Gear,shifted,0,0,1,001,2000,2000,2000,1.0,1.0,36,427,0.018,0.2135,0.982,0.7865,True
rule_minus_shared_real,314159,42,block_01,Gear,shifted,0,0,1,001,2000,2000,2000,1.0,1.0,0,0,0.0,0.0,1.0,1.0,True
rule_minus_shared_real,314159,123,block_01,Gear,shifted,0,0,1,001,2000,2000,2000,1.0,1.0,0,26,0.0,0.013,1.0,0.987,True
rule_minus_shared_real,314159,2026,block_01,Gear,shifted,0,0,1,001,2000,2000,2000,1.0,1.0,0,23,0.0,0.0115,1.0,0.9885,True
rule_minus_shared_real,314159,3407,block_01,Gear,shifted,0,0,1,001,2000,2000,2000,1.0,1.0,0,2,0.0,0.001,1.0,0.999,True
rule_minus_shared_real,271828,7,block_01,Gear,shifted,0,0,1,001,2000,2000,2000,1.0,1.0,36,427,0.018,0.2135,0.982,0.7865,True
rule_minus_shared_real,271828,42,block_01,Gear,shifted,0,0,1,001,2000,2000,2000,1.0,1.0,0,0,0.0,0.0,1.0,1.0,True
rule_minus_shared_real,271828,123,block_01,Gear,shifted,0,0,1,001,2000,2000,2000,1.0,1.0,0,26,0.0,0.013,1.0,0.987,True
rule_minus_shared_real,271828,2026,block_01,Gear,shifted,0,0,1,001,2000,2000,2000,1.0,1.0,0,23,0.0,0.0115,1.0,0.9885,True
rule_minus_shared_real,271828,3407,block_01,Gear,shifted,0,0,1,001,2000,2000,2000,1.0,1.0,0,2,0.0,0.001,1.0,0.999,True
rule_minus_shared_real,161803,7,block_01,Gear,shifted,0,0,1,001,2000,2000,2000,1.0,1.0,36,427,0.018,0.2135,0.982,0.7865,True
rule_minus_shared_real,161803,42,block_01,Gear,shifted,0,0,1,001,2000,2000,2000,1.0,1.0,0,0,0.0,0.0,1.0,1.0,True
rule_minus_shared_real,161803,123,block_01,Gear,shifted,0,0,1,001,2000,2000,2000,1.0,1.0,0,26,0.0,0.013,1.0,0.987,True
rule_minus_shared_real,161803,2026,block_01,Gear,shifted,0,0,1,001,2000,2000,2000,1.0,1.0,0,23,0.0,0.0115,1.0,0.9885,True
rule_minus_shared_real,161803,3407,block_01,Gear,shifted,0,0,1,001,2000,2000,2000,1.0,1.0,0,2,0.0,0.001,1.0,0.999,True
rule_minus_shared_real,141421,7,block_01,Gear,shifted,0,0,1,001,2000,2000,2000,1.0,1.0,36,427,0.018,0.2135,0.982,0.7865,True
rule_minus_shared_real,141421,42,block_01,Gear,shifted,0,0,1,001,2000,2000,2000,1.0,1.0,0,0,0.0,0.0,1.0,1.0,True
rule_minus_shared_real,141421,123,block_01,Gear,shifted,0,0,1,001,2000,2000,2000,1.0,1.0,0,26,0.0,0.013,1.0,0.987,True
rule_minus_shared_real,141421,2026,block_01,Gear,shifted,0,0,1,001,2000,2000,2000,1.0,1.0,0,23,0.0,0.0115,1.0,0.9885,True
rule_minus_shared_real,141421,3407,block_01,Gear,shifted,0,0,1,001,2000,2000,2000,1.0,1.0,0,2,0.0,0.001,1.0,0.999,True
rule_minus_shared_real,173205,7,block_01,Gear,shifted,0,0,1,001,2000,2000,2000,1.0,1.0,36,427,0.018,0.2135,0.982,0.7865,True
rule_minus_shared_real,173205,42,block_01,Gear,shifted,0,0,1,001,2000,2000,2000,1.0,1.0,0,0,0.0,0.0,1.0,1.0,True
rule_minus_shared_real,173205,123,block_01,Gear,shifted,0,0,1,001,2000,2000,2000,1.0,1.0,0,26,0.0,0.013,1.0,0.987,True
rule_minus_shared_real,173205,2026,block_01,Gear,shifted,0,0,1,001,2000,2000,2000,1.0,1.0,0,23,0.0,0.0115,1.0,0.9885,True
rule_minus_shared_real,173205,3407,block_01,Gear,shifted,0,0,1,001,2000,2000,2000,1.0,1.0,0,2,0.0,0.001,1.0,0.999,True
rule_minus_shared_real,314159,7,block_01,Gear,shifted,0,1,0,010,2000,2000,2000,1.0,1.0,26,100,0.013,0.05,0.987,0.95,True
rule_minus_shared_real,314159,42,block_01,Gear,shifted,0,1,0,010,2000,2000,2000,1.0,1.0,0,0,0.0,0.0,1.0,1.0,True
rule_minus_shared_real,314159,123,block_01,Gear,shifted,0,1,0,010,2000,2000,2000,1.0,1.0,0,4,0.0,0.002,1.0,0.998,True
rule_minus_shared_real,314159,2026,block_01,Gear,shifted,0,1,0,010,2000,2000,2000,1.0,1.0,0,0,0.0,0.0,1.0,1.0,True
rule_minus_shared_real,314159,3407,block_01,Gear,shifted,0,1,0,010,2000,2000,2000,1.0,1.0,0,0,0.0,0.0,1.0,1.0,True
rule_minus_shared_real,271828,7,block_01,Gear,shifted,0,1,0,010,2000,2000,2000,1.0,1.0,26,100,0.013,0.05,0.987,0.95,True
rule_minus_shared_real,271828,42,block_01,Gear,shifted,0,1,0,010,2000,2000,2000,1.0,1.0,0,0,0.0,0.0,1.0,1.0,True
rule_minus_shared_real,271828,123,block_01,Gear,shifted,0,1,0,010,2000,2000,2000,1.0,1.0,0,4,0.0,0.002,1.0,0.998,True
rule_minus_shared_real,271828,2026,block_01,Gear,shifted,0,1,0,010,2000,2000,2000,1.0,1.0,0,0,0.0,0.0,1.0,1.0,True
rule_minus_shared_real,271828,3407,block_01,Gear,shifted,0,1,0,010,2000,2000,2000,1.0,1.0,0,0,0.0,0.0,1.0,1.0,True
rule_minus_shared_real,161803,7,block_01,Gear,shifted,0,1,0,010,2000,2000,2000,1.0,1.0,26,100,0.013,0.05,0.987,0.95,True
rule_minus_shared_real,161803,42,block_01,Gear,shifted,0,1,0,010,2000,2000,2000,1.0,1.0,0,0,0.0,0.0,1.0,1.0,True
rule_minus_shared_real,161803,123,block_01,Gear,shifted,0,1,0,010,2000,2000,2000,1.0,1.0,0,4,0.0,0.002,1.0,0.998,True
rule_minus_shared_real,161803,2026,block_01,Gear,shifted,0,1,0,010,2000,2000,2000,1.0,1.0,0,0,0.0,0.0,1.0,1.0,True
rule_minus_shared_real,161803,3407,block_01,Gear,shifted,0,1,0,010,2000,2000,2000,1.0,1.0,0,0,0.0,0.0,1.0,1.0,True
rule_minus_shared_real,141421,7,block_01,Gear,shifted,0,1,0,010,2000,2000,2000,1.0,1.0,26,100,0.013,0.05,0.987,0.95,True
rule_minus_shared_real,141421,42,block_01,Gear,shifted,0,1,0,010,2000,2000,2000,1.0,1.0,0,0,0.0,0.0,1.0,1.0,True
rule_minus_shared_real,141421,123,block_01,Gear,shifted,0,1,0,010,2000,2000,2000,1.0,1.0,0,4,0.0,0.002,1.0,0.998,True
rule_minus_shared_real,141421,2026,block_01,Gear,shifted,0,1,0,010,2000,2000,2000,1.0,1.0,0,0,0.0,0.0,1.0,1.0,True
rule_minus_shared_real,141421,3407,block_01,Gear,shifted,0,1,0,010,2000,2000,2000,1.0,1.0,0,0,0.0,0.0,1.0,1.0,True
rule_minus_shared_real,173205,7,block_01,Gear,shifted,0,1,0,010,2000,2000,2000,1.0,1.0,26,100,0.013,0.05,0.987,0.95,True
rule_minus_shared_real,173205,42,block_01,Gear,shifted,0,1,0,010,2000,2000,2000,1.0,1.0,0,0,0.0,0.0,1.0,1.0,True
rule_minus_shared_real,173205,123,block_01,Gear,shifted,0,1,0,010,2000,2000,2000,1.0,1.0,0,4,0.0,0.002,1.0,0.998,True
rule_minus_shared_real,173205,2026,block_01,Gear,shifted,0,1,0,010,2000,2000,2000,1.0,1.0,0,0,0.0,0.0,1.0,1.0,True
rule_minus_shared_real,173205,3407,block_01,Gear,shifted,0,1,0,010,2000,2000,2000,1.0,1.0,0,0,0.0,0.0,1.0,1.0,True
rule_minus_shared_real,314159,7,block_01,Gear,shifted,0,1,1,011,2000,2000,2000,1.0,1.0,22,75,0.011,0.0375,0.989,0.9625,True
rule_minus_shared_real,314159,42,block_01,Gear,shifted,0,1,1,011,2000,2000,2000,1.0,1.0,0,0,0.0,0.0,1.0,1.0,True
rule_minus_shared_real,314159,123,block_01,Gear,shifted,0,1,1,011,2000,2000,2000,1.0,1.0,0,3,0.0,0.0015,1.0,0.9985,True
rule_minus_shared_real,314159,2026,block_01,Gear,shifted,0,1,1,011,2000,2000,2000,1.0,1.0,0,0,0.0,0.0,1.0,1.0,True
rule_minus_shared_real,314159,3407,block_01,Gear,shifted,0,1,1,011,2000,2000,2000,1.0,1.0,0,0,0.0,0.0,1.0,1.0,True
rule_minus_shared_real,271828,7,block_01,Gear,shifted,0,1,1,011,2000,2000,2000,1.0,1.0,22,75,0.011,0.0375,0.989,0.9625,True
rule_minus_shared_real,271828,42,block_01,Gear,shifted,0,1,1,011,2000,2000,2000,1.0,1.0,0,0,0.0,0.0,1.0,1.0,True
rule_minus_shared_real,271828,123,block_01,Gear,shifted,0,1,1,011,2000,2000,2000,1.0,1.0,0,3,0.0,0.0015,1.0,0.9985,True
rule_minus_shared_real,271828,2026,block_01,Gear,shifted,0,1,1,011,2000,2000,2000,1.0,1.0,0,0,0.0,0.0,1.0,1.0,True
rule_minus_shared_real,271828,3407,block_01,Gear,shifted,0,1,1,011,2000,2000,2000,1.0,1.0,0,0,0.0,0.0,1.0,1.0,True
rule_minus_shared_real,161803,7,block_01,Gear,shifted,0,1,1,011,2000,2000,2000,1.0,1.0,22,75,0.011,0.0375,0.989,0.9625,True
rule_minus_shared_real,161803,42,block_01,Gear,shifted,0,1,1,011,2000,2000,2000,1.0,1.0,0,0,0.0,0.0,1.0,1.0,True
rule_minus_shared_real,161803,123,block_01,Gear,shifted,0,1,1,011,2000,2000,2000,1.0,1.0,0,3,0.0,0.0015,1.0,0.9985,True
rule_minus_shared_real,161803,2026,block_01,Gear,shifted,0,1,1,011,2000,2000,2000,1.0,1.0,0,0,0.0,0.0,1.0,1.0,True
rule_minus_shared_real,161803,3407,block_01,Gear,shifted,0,1,1,011,2000,2000,2000,1.0,1.0,0,0,0.0,0.0,1.0,1.0,True
rule_minus_shared_real,141421,7,block_01,Gear,shifted,0,1,1,011,2000,2000,2000,1.0,1.0,22,75,0.011,0.0375,0.989,0.9625,True
rule_minus_shared_real,141421,42,block_01,Gear,shifted,0,1,1,011,2000,2000,2000,1.0,1.0,0,0,0.0,0.0,1.0,1.0,True
rule_minus_shared_real,141421,123,block_01,Gear,shifted,0,1,1,011,2000,2000,2000,1.0,1.0,0,3,0.0,0.0015,1.0,0.9985,True
rule_minus_shared_real,141421,2026,block_01,Gear,shifted,0,1,1,011,2000,2000,2000,1.0,1.0,0,0,0.0,0.0,1.0,1.0,True
rule_minus_shared_real,141421,3407,block_01,Gear,shifted,0,1,1,011,2000,2000,2000,1.0,1.0,0,0,0.0,0.0,1.0,1.0,True
rule_minus_shared_real,173205,7,block_01,Gear,shifted,0,1,1,011,2000,2000,2000,1.0,1.0,22,75,0.011,0.0375,0.989,0.9625,True
rule_minus_shared_real,173205,42,block_01,Gear,shifted,0,1,1,011,2000,2000,2000,1.0,1.0,0,0,0.0,0.0,1.0,1.0,True
rule_minus_shared_real,173205,123,block_01,Gear,shifted,0,1,1,011,2000,2000,2000,1.0,1.0,0,3,0.0,0.0015,1.0,0.9985,True
rule_minus_shared_real,173205,2026,block_01,Gear,shifted,0,1,1,011,2000,2000,2000,1.0,1.0,0,0,0.0,0.0,1.0,1.0,True
rule_minus_shared_real,173205,3407,block_01,Gear,shifted,0,1,1,011,2000,2000,2000,1.0,1.0,0,0,0.0,0.0,1.0,1.0,True
rule_minus_shared_real,314159,7,block_01,Gear,shifted,1,0,0,100,2000,78,1982,0.039,0.991,7,1955,0.0035,0.9775,0.0355,0.013499999999999956,True
rule_minus_shared_real,314159,42,block_01,Gear,shifted,1,0,0,100,2000,0,1969,0.0,0.9845,0,837,0.0,0.4185,0.0,0.5660000000000001,True
rule_minus_shared_real,314159,123,block_01,Gear,shifted,1,0,0,100,2000,49,2000,0.0245,1.0,0,1969,0.0,0.9845,0.0245,0.015499999999999958,True
rule_minus_shared_real,314159,2026,block_01,Gear,shifted,1,0,0,100,2000,44,2000,0.022,1.0,0,1899,0.0,0.9495,0.022,0.05049999999999999,True
rule_minus_shared_real,314159,3407,block_01,Gear,shifted,1,0,0,100,2000,716,2000,0.358,1.0,0,1961,0.0,0.9805,0.358,0.019499999999999962,True
rule_minus_shared_real,271828,7,block_01,Gear,shifted,1,0,0,100,2000,451,2000,0.2255,1.0,7,1955,0.0035,0.9775,0.222,0.022499999999999964,True
rule_minus_shared_real,271828,42,block_01,Gear,shifted,1,0,0,100,2000,115,1874,0.0575,0.937,0,837,0.0,0.4185,0.0575,0.5185000000000001,True
rule_minus_shared_real,271828,123,block_01,Gear,shifted,1,0,0,100,2000,167,2000,0.0835,1.0,0,1969,0.0,0.9845,0.0835,0.015499999999999958,True
rule_minus_shared_real,271828,2026,block_01,Gear,shifted,1,0,0,100,2000,1,2000,0.0005,1.0,0,1899,0.0,0.9495,0.0005,0.05049999999999999,True
rule_minus_shared_real,271828,3407,block_01,Gear,shifted,1,0,0,100,2000,812,1986,0.406,0.993,0,1961,0.0,0.9805,0.406,0.012499999999999956,True
rule_minus_shared_real,161803,7,block_01,Gear,shifted,1,0,0,100,2000,84,1985,0.042,0.9925,7,1955,0.0035,0.9775,0.0385,0.015000000000000013,True
rule_minus_shared_real,161803,42,block_01,Gear,shifted,1,0,0,100,2000,5,1999,0.0025,0.9995,0,837,0.0,0.4185,0.0025,0.5810000000000001,True
rule_minus_shared_real,161803,123,block_01,Gear,shifted,1,0,0,100,2000,79,2000,0.0395,1.0,0,1969,0.0,0.9845,0.0395,0.015499999999999958,True
rule_minus_shared_real,161803,2026,block_01,Gear,shifted,1,0,0,100,2000,4,2000,0.002,1.0,0,1899,0.0,0.9495,0.002,0.05049999999999999,True
rule_minus_shared_real,161803,3407,block_01,Gear,shifted,1,0,0,100,2000,66,2000,0.033,1.0,0,1961,0.0,0.9805,0.033,0.019499999999999962,True
rule_minus_shared_real,141421,7,block_01,Gear,shifted,1,0,0,100,2000,51,1987,0.0255,0.9935,7,1955,0.0035,0.9775,0.022,0.016000000000000014,True
rule_minus_shared_real,141421,42,block_01,Gear,shifted,1,0,0,100,2000,5,1698,0.0025,0.849,0,837,0.0,0.4185,0.0025,0.4305,True
rule_minus_shared_real,141421,123,block_01,Gear,shifted,1,0,0,100,2000,51,2000,0.0255,1.0,0,1969,0.0,0.9845,0.0255,0.015499999999999958,True
rule_minus_shared_real,141421,2026,block_01,Gear,shifted,1,0,0,100,2000,1,1996,0.0005,0.998,0,1899,0.0,0.9495,0.0005,0.04849999999999999,True
rule_minus_shared_real,141421,3407,block_01,Gear,shifted,1,0,0,100,2000,107,1999,0.0535,0.9995,0,1961,0.0,0.9805,0.0535,0.019000000000000017,True
rule_minus_shared_real,173205,7,block_01,Gear,shifted,1,0,0,100,2000,6,2000,0.003,1.0,7,1955,0.0035,0.9775,-0.0005,0.022499999999999964,True
rule_minus_shared_real,173205,42,block_01,Gear,shifted,1,0,0,100,2000,5,1998,0.0025,0.999,0,837,0.0,0.4185,0.0025,0.5805,True
rule_minus_shared_real,173205,123,block_01,Gear,shifted,1,0,0,100,2000,120,2000,0.06,1.0,0,1969,0.0,0.9845,0.06,0.015499999999999958,True
rule_minus_shared_real,173205,2026,block_01,Gear,shifted,1,0,0,100,2000,19,1998,0.0095,0.999,0,1899,0.0,0.9495,0.0095,0.04949999999999999,True
rule_minus_shared_real,173205,3407,block_01,Gear,shifted,1,0,0,100,2000,156,2000,0.078,1.0,0,1961,0.0,0.9805,0.078,0.019499999999999962,True
rule_minus_shared_real,314159,7,block_01,Gear,shifted,1,0,1,101,2000,7,1998,0.0035,0.999,5,1992,0.0025,0.996,0.001,0.0030000000000000027,True
rule_minus_shared_real,314159,42,block_01,Gear,shifted,1,0,1,101,2000,0,1996,0.0,0.998,0,1193,0.0,0.5965,0.0,0.40149999999999997,True
rule_minus_shared_real,314159,123,block_01,Gear,shifted,1,0,1,101,2000,24,2000,0.012,1.0,0,1972,0.0,0.986,0.012,0.014000000000000012,True
rule_minus_shared_real,314159,2026,block_01,Gear,shifted,1,0,1,101,2000,2,2000,0.001,1.0,0,1955,0.0,0.9775,0.001,0.022499999999999964,True
rule_minus_shared_real,314159,3407,block_01,Gear,shifted,1,0,1,101,2000,388,2000,0.194,1.0,0,1981,0.0,0.9905,0.194,0.009499999999999953,True
rule_minus_shared_real,271828,7,block_01,Gear,shifted,1,0,1,101,2000,189,2000,0.0945,1.0,5,1992,0.0025,0.996,0.092,0.0040000000000000036,True
rule_minus_shared_real,271828,42,block_01,Gear,shifted,1,0,1,101,2000,37,1884,0.0185,0.942,0,1193,0.0,0.5965,0.0185,0.3454999999999999,True
rule_minus_shared_real,271828,123,block_01,Gear,shifted,1,0,1,101,2000,24,2000,0.012,1.0,0,1972,0.0,0.986,0.012,0.014000000000000012,True
rule_minus_shared_real,271828,2026,block_01,Gear,shifted,1,0,1,101,2000,0,2000,0.0,1.0,0,1955,0.0,0.9775,0.0,0.022499999999999964,True
rule_minus_shared_real,271828,3407,block_01,Gear,shifted,1,0,1,101,2000,312,1997,0.156,0.9985,0,1981,0.0,0.9905,0.156,0.008000000000000007,True
rule_minus_shared_real,161803,7,block_01,Gear,shifted,1,0,1,101,2000,7,1998,0.0035,0.999,5,1992,0.0025,0.996,0.001,0.0030000000000000027,True
rule_minus_shared_real,161803,42,block_01,Gear,shifted,1,0,1,101,2000,0,2000,0.0,1.0,0,1193,0.0,0.5965,0.0,0.40349999999999997,True
rule_minus_shared_real,161803,123,block_01,Gear,shifted,1,0,1,101,2000,28,2000,0.014,1.0,0,1972,0.0,0.986,0.014,0.014000000000000012,True
rule_minus_shared_real,161803,2026,block_01,Gear,shifted,1,0,1,101,2000,0,2000,0.0,1.0,0,1955,0.0,0.9775,0.0,0.022499999999999964,True
rule_minus_shared_real,161803,3407,block_01,Gear,shifted,1,0,1,101,2000,16,2000,0.008,1.0,0,1981,0.0,0.9905,0.008,0.009499999999999953,True
rule_minus_shared_real,141421,7,block_01,Gear,shifted,1,0,1,101,2000,5,1999,0.0025,0.9995,5,1992,0.0025,0.996,0.0,0.0035000000000000586,True
rule_minus_shared_real,141421,42,block_01,Gear,shifted,1,0,1,101,2000,1,1883,0.0005,0.9415,0,1193,0.0,0.5965,0.0005,0.345,True
rule_minus_shared_real,141421,123,block_01,Gear,shifted,1,0,1,101,2000,5,2000,0.0025,1.0,0,1972,0.0,0.986,0.0025,0.014000000000000012,True
rule_minus_shared_real,141421,2026,block_01,Gear,shifted,1,0,1,101,2000,0,2000,0.0,1.0,0,1955,0.0,0.9775,0.0,0.022499999999999964,True
rule_minus_shared_real,141421,3407,block_01,Gear,shifted,1,0,1,101,2000,18,2000,0.009,1.0,0,1981,0.0,0.9905,0.009,0.009499999999999953,True
rule_minus_shared_real,173205,7,block_01,Gear,shifted,1,0,1,101,2000,1,2000,0.0005,1.0,5,1992,0.0025,0.996,-0.002,0.0040000000000000036,True
rule_minus_shared_real,173205,42,block_01,Gear,shifted,1,0,1,101,2000,0,2000,0.0,1.0,0,1193,0.0,0.5965,0.0,0.40349999999999997,True
rule_minus_shared_real,173205,123,block_01,Gear,shifted,1,0,1,101,2000,29,2000,0.0145,1.0,0,1972,0.0,0.986,0.0145,0.014000000000000012,True
rule_minus_shared_real,173205,2026,block_01,Gear,shifted,1,0,1,101,2000,1,2000,0.0005,1.0,0,1955,0.0,0.9775,0.0005,0.022499999999999964,True
rule_minus_shared_real,173205,3407,block_01,Gear,shifted,1,0,1,101,2000,34,2000,0.017,1.0,0,1981,0.0,0.9905,0.017,0.009499999999999953,True
rule_minus_shared_real,314159,7,block_01,Gear,shifted,1,1,0,110,2000,700,1987,0.35,0.9935,0,1687,0.0,0.8435,0.35,0.15000000000000002,True
rule_minus_shared_real,314159,42,block_01,Gear,shifted,1,1,0,110,2000,3,1942,0.0015,0.971,0,53,0.0,0.0265,0.0015,0.9445,True
rule_minus_shared_real,314159,123,block_01,Gear,shifted,1,1,0,110,2000,734,2000,0.367,1.0,0,1950,0.0,0.975,0.367,0.025000000000000022,True
rule_minus_shared_real,314159,2026,block_01,Gear,shifted,1,1,0,110,2000,41,2000,0.0205,1.0,0,859,0.0,0.4295,0.0205,0.5705,True
rule_minus_shared_real,314159,3407,block_01,Gear,shifted,1,1,0,110,2000,1700,1995,0.85,0.9975,0,1829,0.0,0.9145,0.85,0.08300000000000007,True
rule_minus_shared_real,271828,7,block_01,Gear,shifted,1,1,0,110,2000,1117,2000,0.5585,1.0,0,1687,0.0,0.8435,0.5585,0.15649999999999997,True
rule_minus_shared_real,271828,42,block_01,Gear,shifted,1,1,0,110,2000,36,1975,0.018,0.9875,0,53,0.0,0.0265,0.018,0.9610000000000001,True
rule_minus_shared_real,271828,123,block_01,Gear,shifted,1,1,0,110,2000,642,2000,0.321,1.0,0,1950,0.0,0.975,0.321,0.025000000000000022,True
rule_minus_shared_real,271828,2026,block_01,Gear,shifted,1,1,0,110,2000,179,2000,0.0895,1.0,0,859,0.0,0.4295,0.0895,0.5705,True
rule_minus_shared_real,271828,3407,block_01,Gear,shifted,1,1,0,110,2000,1829,1976,0.9145,0.988,0,1829,0.0,0.9145,0.9145,0.07350000000000001,True
rule_minus_shared_real,161803,7,block_01,Gear,shifted,1,1,0,110,2000,545,1991,0.2725,0.9955,0,1687,0.0,0.8435,0.2725,0.15200000000000002,True
rule_minus_shared_real,161803,42,block_01,Gear,shifted,1,1,0,110,2000,8,1989,0.004,0.9945,0,53,0.0,0.0265,0.004,0.9680000000000001,True
rule_minus_shared_real,161803,123,block_01,Gear,shifted,1,1,0,110,2000,565,2000,0.2825,1.0,0,1950,0.0,0.975,0.2825,0.025000000000000022,True
rule_minus_shared_real,161803,2026,block_01,Gear,shifted,1,1,0,110,2000,14,1997,0.007,0.9985,0,859,0.0,0.4295,0.007,0.5690000000000001,True
rule_minus_shared_real,161803,3407,block_01,Gear,shifted,1,1,0,110,2000,1258,1999,0.629,0.9995,0,1829,0.0,0.9145,0.629,0.08500000000000008,True
rule_minus_shared_real,141421,7,block_01,Gear,shifted,1,1,0,110,2000,790,1978,0.395,0.989,0,1687,0.0,0.8435,0.395,0.14549999999999996,True
rule_minus_shared_real,141421,42,block_01,Gear,shifted,1,1,0,110,2000,22,1922,0.011,0.961,0,53,0.0,0.0265,0.011,0.9345,True
rule_minus_shared_real,141421,123,block_01,Gear,shifted,1,1,0,110,2000,249,2000,0.1245,1.0,0,1950,0.0,0.975,0.1245,0.025000000000000022,True
rule_minus_shared_real,141421,2026,block_01,Gear,shifted,1,1,0,110,2000,15,1969,0.0075,0.9845,0,859,0.0,0.4295,0.0075,0.555,True
rule_minus_shared_real,141421,3407,block_01,Gear,shifted,1,1,0,110,2000,1445,1997,0.7225,0.9985,0,1829,0.0,0.9145,0.7225,0.08400000000000007,True
rule_minus_shared_real,173205,7,block_01,Gear,shifted,1,1,0,110,2000,372,2000,0.186,1.0,0,1687,0.0,0.8435,0.186,0.15649999999999997,True
rule_minus_shared_real,173205,42,block_01,Gear,shifted,1,1,0,110,2000,36,1986,0.018,0.993,0,53,0.0,0.0265,0.018,0.9665,True
rule_minus_shared_real,173205,123,block_01,Gear,shifted,1,1,0,110,2000,1352,2000,0.676,1.0,0,1950,0.0,0.975,0.676,0.025000000000000022,True
rule_minus_shared_real,173205,2026,block_01,Gear,shifted,1,1,0,110,2000,52,1986,0.026,0.993,0,859,0.0,0.4295,0.026,0.5635,True
rule_minus_shared_real,173205,3407,block_01,Gear,shifted,1,1,0,110,2000,1366,1998,0.683,0.999,0,1829,0.0,0.9145,0.683,0.08450000000000002,True
rule_minus_shared_real,314159,7,block_01,Gear,shifted,1,1,1,111,2000,482,1986,0.241,0.993,1,1622,0.0005,0.811,0.2405,0.18199999999999994,True
rule_minus_shared_real,314159,42,block_01,Gear,shifted,1,1,1,111,2000,0,1972,0.0,0.986,0,67,0.0,0.0335,0.0,0.9525,True
rule_minus_shared_real,314159,123,block_01,Gear,shifted,1,1,1,111,2000,253,2000,0.1265,1.0,0,1918,0.0,0.959,0.1265,0.041000000000000036,True
rule_minus_shared_real,314159,2026,block_01,Gear,shifted,1,1,1,111,2000,5,2000,0.0025,1.0,0,1008,0.0,0.504,0.0025,0.496,True
rule_minus_shared_real,314159,3407,block_01,Gear,shifted,1,1,1,111,2000,1377,1998,0.6885,0.999,0,1759,0.0,0.8795,0.6885,0.11950000000000005,True
rule_minus_shared_real,271828,7,block_01,Gear,shifted,1,1,1,111,2000,933,1999,0.4665,0.9995,1,1622,0.0005,0.811,0.466,0.1885,True
rule_minus_shared_real,271828,42,block_01,Gear,shifted,1,1,1,111,2000,12,1972,0.006,0.986,0,67,0.0,0.0335,0.006,0.9525,True
rule_minus_shared_real,271828,123,block_01,Gear,shifted,1,1,1,111,2000,123,2000,0.0615,1.0,0,1918,0.0,0.959,0.0615,0.041000000000000036,True
rule_minus_shared_real,271828,2026,block_01,Gear,shifted,1,1,1,111,2000,75,2000,0.0375,1.0,0,1008,0.0,0.504,0.0375,0.496,True
rule_minus_shared_real,271828,3407,block_01,Gear,shifted,1,1,1,111,2000,1679,1983,0.8395,0.9915,0,1759,0.0,0.8795,0.8395,0.1120000000000001,True
rule_minus_shared_real,161803,7,block_01,Gear,shifted,1,1,1,111,2000,357,1989,0.1785,0.9945,1,1622,0.0005,0.811,0.178,0.1835,True
rule_minus_shared_real,161803,42,block_01,Gear,shifted,1,1,1,111,2000,4,1995,0.002,0.9975,0,67,0.0,0.0335,0.002,0.9640000000000001,True
rule_minus_shared_real,161803,123,block_01,Gear,shifted,1,1,1,111,2000,153,2000,0.0765,1.0,0,1918,0.0,0.959,0.0765,0.041000000000000036,True
rule_minus_shared_real,161803,2026,block_01,Gear,shifted,1,1,1,111,2000,2,1999,0.001,0.9995,0,1008,0.0,0.504,0.001,0.49550000000000005,True
rule_minus_shared_real,161803,3407,block_01,Gear,shifted,1,1,1,111,2000,786,2000,0.393,1.0,0,1759,0.0,0.8795,0.393,0.12050000000000005,True
rule_minus_shared_real,141421,7,block_01,Gear,shifted,1,1,1,111,2000,590,1977,0.295,0.9885,1,1622,0.0005,0.811,0.2945,0.1775,True
rule_minus_shared_real,141421,42,block_01,Gear,shifted,1,1,1,111,2000,2,1966,0.001,0.983,0,67,0.0,0.0335,0.001,0.9495,True
rule_minus_shared_real,141421,123,block_01,Gear,shifted,1,1,1,111,2000,19,2000,0.0095,1.0,0,1918,0.0,0.959,0.0095,0.041000000000000036,True
rule_minus_shared_real,141421,2026,block_01,Gear,shifted,1,1,1,111,2000,5,1981,0.0025,0.9905,0,1008,0.0,0.504,0.0025,0.48650000000000004,True
rule_minus_shared_real,141421,3407,block_01,Gear,shifted,1,1,1,111,2000,1098,1999,0.549,0.9995,0,1759,0.0,0.8795,0.549,0.1200000000000001,True
rule_minus_shared_real,173205,7,block_01,Gear,shifted,1,1,1,111,2000,261,2000,0.1305,1.0,1,1622,0.0005,0.811,0.13,0.18899999999999995,True
rule_minus_shared_real,173205,42,block_01,Gear,shifted,1,1,1,111,2000,10,1991,0.005,0.9955,0,67,0.0,0.0335,0.005,0.9620000000000001,True
rule_minus_shared_real,173205,123,block_01,Gear,shifted,1,1,1,111,2000,811,2000,0.4055,1.0,0,1918,0.0,0.959,0.4055,0.041000000000000036,True
rule_minus_shared_real,173205,2026,block_01,Gear,shifted,1,1,1,111,2000,4,1993,0.002,0.9965,0,1008,0.0,0.504,0.002,0.49250000000000005,True
rule_minus_shared_real,173205,3407,block_01,Gear,shifted,1,1,1,111,2000,874,2000,0.437,1.0,0,1759,0.0,0.8795,0.437,0.12050000000000005,True
rule_minus_shared_real,314159,7,block_01,RPM,canonical,0,0,0,000,2000,2000,2000,1.0,1.0,3,218,0.0015,0.109,0.9985,0.891,True
rule_minus_shared_real,314159,42,block_01,RPM,canonical,0,0,0,000,2000,2000,2000,1.0,1.0,0,0,0.0,0.0,1.0,1.0,True
rule_minus_shared_real,314159,123,block_01,RPM,canonical,0,0,0,000,2000,2000,2000,1.0,1.0,0,5,0.0,0.0025,1.0,0.9975,True
rule_minus_shared_real,314159,2026,block_01,RPM,canonical,0,0,0,000,2000,2000,2000,1.0,1.0,0,0,0.0,0.0,1.0,1.0,True
rule_minus_shared_real,314159,3407,block_01,RPM,canonical,0,0,0,000,2000,2000,2000,1.0,1.0,0,0,0.0,0.0,1.0,1.0,True
rule_minus_shared_real,271828,7,block_01,RPM,canonical,0,0,0,000,2000,2000,2000,1.0,1.0,3,218,0.0015,0.109,0.9985,0.891,True
rule_minus_shared_real,271828,42,block_01,RPM,canonical,0,0,0,000,2000,2000,2000,1.0,1.0,0,0,0.0,0.0,1.0,1.0,True
rule_minus_shared_real,271828,123,block_01,RPM,canonical,0,0,0,000,2000,2000,2000,1.0,1.0,0,5,0.0,0.0025,1.0,0.9975,True
rule_minus_shared_real,271828,2026,block_01,RPM,canonical,0,0,0,000,2000,2000,2000,1.0,1.0,0,0,0.0,0.0,1.0,1.0,True
rule_minus_shared_real,271828,3407,block_01,RPM,canonical,0,0,0,000,2000,2000,2000,1.0,1.0,0,0,0.0,0.0,1.0,1.0,True
rule_minus_shared_real,161803,7,block_01,RPM,canonical,0,0,0,000,2000,2000,2000,1.0,1.0,3,218,0.0015,0.109,0.9985,0.891,True
rule_minus_shared_real,161803,42,block_01,RPM,canonical,0,0,0,000,2000,2000,2000,1.0,1.0,0,0,0.0,0.0,1.0,1.0,True
rule_minus_shared_real,161803,123,block_01,RPM,canonical,0,0,0,000,2000,2000,2000,1.0,1.0,0,5,0.0,0.0025,1.0,0.9975,True
rule_minus_shared_real,161803,2026,block_01,RPM,canonical,0,0,0,000,2000,2000,2000,1.0,1.0,0,0,0.0,0.0,1.0,1.0,True
rule_minus_shared_real,161803,3407,block_01,RPM,canonical,0,0,0,000,2000,2000,2000,1.0,1.0,0,0,0.0,0.0,1.0,1.0,True
rule_minus_shared_real,141421,7,block_01,RPM,canonical,0,0,0,000,2000,2000,2000,1.0,1.0,3,218,0.0015,0.109,0.9985,0.891,True
rule_minus_shared_real,141421,42,block_01,RPM,canonical,0,0,0,000,2000,2000,2000,1.0,1.0,0,0,0.0,0.0,1.0,1.0,True
rule_minus_shared_real,141421,123,block_01,RPM,canonical,0,0,0,000,2000,2000,2000,1.0,1.0,0,5,0.0,0.0025,1.0,0.9975,True
rule_minus_shared_real,141421,2026,block_01,RPM,canonical,0,0,0,000,2000,2000,2000,1.0,1.0,0,0,0.0,0.0,1.0,1.0,True
rule_minus_shared_real,141421,3407,block_01,RPM,canonical,0,0,0,000,2000,2000,2000,1.0,1.0,0,0,0.0,0.0,1.0,1.0,True
rule_minus_shared_real,173205,7,block_01,RPM,canonical,0,0,0,000,2000,2000,2000,1.0,1.0,3,218,0.0015,0.109,0.9985,0.891,True
rule_minus_shared_real,173205,42,block_01,RPM,canonical,0,0,0,000,2000,2000,2000,1.0,1.0,0,0,0.0,0.0,1.0,1.0,True
rule_minus_shared_real,173205,123,block_01,RPM,canonical,0,0,0,000,2000,2000,2000,1.0,1.0,0,5,0.0,0.0025,1.0,0.9975,True
rule_minus_shared_real,173205,2026,block_01,RPM,canonical,0,0,0,000,2000,2000,2000,1.0,1.0,0,0,0.0,0.0,1.0,1.0,True
rule_minus_shared_real,173205,3407,block_01,RPM,canonical,0,0,0,000,2000,2000,2000,1.0,1.0,0,0,0.0,0.0,1.0,1.0,True
rule_minus_shared_real,314159,7,block_01,RPM,canonical,0,0,1,001,2000,2000,2000,1.0,1.0,14,1316,0.007,0.658,0.993,0.34199999999999997,True
rule_minus_shared_real,314159,42,block_01,RPM,canonical,0,0,1,001,2000,2000,2000,1.0,1.0,0,4,0.0,0.002,1.0,0.998,True
rule_minus_shared_real,314159,123,block_01,RPM,canonical,0,0,1,001,2000,2000,2000,1.0,1.0,0,12,0.0,0.006,1.0,0.994,True
rule_minus_shared_real,314159,2026,block_01,RPM,canonical,0,0,1,001,2000,2000,2000,1.0,1.0,0,189,0.0,0.0945,1.0,0.9055,True
rule_minus_shared_real,314159,3407,block_01,RPM,canonical,0,0,1,001,2000,2000,2000,1.0,1.0,0,22,0.0,0.011,1.0,0.989,True
rule_minus_shared_real,271828,7,block_01,RPM,canonical,0,0,1,001,2000,2000,2000,1.0,1.0,14,1316,0.007,0.658,0.993,0.34199999999999997,True
rule_minus_shared_real,271828,42,block_01,RPM,canonical,0,0,1,001,2000,2000,2000,1.0,1.0,0,4,0.0,0.002,1.0,0.998,True
rule_minus_shared_real,271828,123,block_01,RPM,canonical,0,0,1,001,2000,2000,2000,1.0,1.0,0,12,0.0,0.006,1.0,0.994,True
rule_minus_shared_real,271828,2026,block_01,RPM,canonical,0,0,1,001,2000,2000,2000,1.0,1.0,0,189,0.0,0.0945,1.0,0.9055,True
rule_minus_shared_real,271828,3407,block_01,RPM,canonical,0,0,1,001,2000,2000,2000,1.0,1.0,0,22,0.0,0.011,1.0,0.989,True
rule_minus_shared_real,161803,7,block_01,RPM,canonical,0,0,1,001,2000,2000,2000,1.0,1.0,14,1316,0.007,0.658,0.993,0.34199999999999997,True
rule_minus_shared_real,161803,42,block_01,RPM,canonical,0,0,1,001,2000,2000,2000,1.0,1.0,0,4,0.0,0.002,1.0,0.998,True
rule_minus_shared_real,161803,123,block_01,RPM,canonical,0,0,1,001,2000,2000,2000,1.0,1.0,0,12,0.0,0.006,1.0,0.994,True
rule_minus_shared_real,161803,2026,block_01,RPM,canonical,0,0,1,001,2000,2000,2000,1.0,1.0,0,189,0.0,0.0945,1.0,0.9055,True
rule_minus_shared_real,161803,3407,block_01,RPM,canonical,0,0,1,001,2000,2000,2000,1.0,1.0,0,22,0.0,0.011,1.0,0.989,True
rule_minus_shared_real,141421,7,block_01,RPM,canonical,0,0,1,001,2000,2000,2000,1.0,1.0,14,1316,0.007,0.658,0.993,0.34199999999999997,True
rule_minus_shared_real,141421,42,block_01,RPM,canonical,0,0,1,001,2000,2000,2000,1.0,1.0,0,4,0.0,0.002,1.0,0.998,True
rule_minus_shared_real,141421,123,block_01,RPM,canonical,0,0,1,001,2000,2000,2000,1.0,1.0,0,12,0.0,0.006,1.0,0.994,True
rule_minus_shared_real,141421,2026,block_01,RPM,canonical,0,0,1,001,2000,2000,2000,1.0,1.0,0,189,0.0,0.0945,1.0,0.9055,True
rule_minus_shared_real,141421,3407,block_01,RPM,canonical,0,0,1,001,2000,2000,2000,1.0,1.0,0,22,0.0,0.011,1.0,0.989,True
rule_minus_shared_real,173205,7,block_01,RPM,canonical,0,0,1,001,2000,2000,2000,1.0,1.0,14,1316,0.007,0.658,0.993,0.34199999999999997,True
rule_minus_shared_real,173205,42,block_01,RPM,canonical,0,0,1,001,2000,2000,2000,1.0,1.0,0,4,0.0,0.002,1.0,0.998,True
rule_minus_shared_real,173205,123,block_01,RPM,canonical,0,0,1,001,2000,2000,2000,1.0,1.0,0,12,0.0,0.006,1.0,0.994,True
rule_minus_shared_real,173205,2026,block_01,RPM,canonical,0,0,1,001,2000,2000,2000,1.0,1.0,0,189,0.0,0.0945,1.0,0.9055,True
rule_minus_shared_real,173205,3407,block_01,RPM,canonical,0,0,1,001,2000,2000,2000,1.0,1.0,0,22,0.0,0.011,1.0,0.989,True
rule_minus_shared_real,314159,7,block_01,RPM,canonical,0,1,0,010,2000,2000,2000,1.0,1.0,1,148,0.0005,0.074,0.9995,0.926,True
rule_minus_shared_real,314159,42,block_01,RPM,canonical,0,1,0,010,2000,2000,2000,1.0,1.0,0,0,0.0,0.0,1.0,1.0,True
rule_minus_shared_real,314159,123,block_01,RPM,canonical,0,1,0,010,2000,2000,2000,1.0,1.0,1,3,0.0005,0.0015,0.9995,0.9985,True
rule_minus_shared_real,314159,2026,block_01,RPM,canonical,0,1,0,010,2000,2000,2000,1.0,1.0,0,0,0.0,0.0,1.0,1.0,True
rule_minus_shared_real,314159,3407,block_01,RPM,canonical,0,1,0,010,2000,2000,2000,1.0,1.0,0,0,0.0,0.0,1.0,1.0,True
rule_minus_shared_real,271828,7,block_01,RPM,canonical,0,1,0,010,2000,2000,2000,1.0,1.0,1,148,0.0005,0.074,0.9995,0.926,True
rule_minus_shared_real,271828,42,block_01,RPM,canonical,0,1,0,010,2000,2000,2000,1.0,1.0,0,0,0.0,0.0,1.0,1.0,True
rule_minus_shared_real,271828,123,block_01,RPM,canonical,0,1,0,010,2000,2000,2000,1.0,1.0,1,3,0.0005,0.0015,0.9995,0.9985,True
rule_minus_shared_real,271828,2026,block_01,RPM,canonical,0,1,0,010,2000,2000,2000,1.0,1.0,0,0,0.0,0.0,1.0,1.0,True
rule_minus_shared_real,271828,3407,block_01,RPM,canonical,0,1,0,010,2000,2000,2000,1.0,1.0,0,0,0.0,0.0,1.0,1.0,True
rule_minus_shared_real,161803,7,block_01,RPM,canonical,0,1,0,010,2000,2000,2000,1.0,1.0,1,148,0.0005,0.074,0.9995,0.926,True
rule_minus_shared_real,161803,42,block_01,RPM,canonical,0,1,0,010,2000,2000,2000,1.0,1.0,0,0,0.0,0.0,1.0,1.0,True
rule_minus_shared_real,161803,123,block_01,RPM,canonical,0,1,0,010,2000,2000,2000,1.0,1.0,1,3,0.0005,0.0015,0.9995,0.9985,True
rule_minus_shared_real,161803,2026,block_01,RPM,canonical,0,1,0,010,2000,2000,2000,1.0,1.0,0,0,0.0,0.0,1.0,1.0,True
rule_minus_shared_real,161803,3407,block_01,RPM,canonical,0,1,0,010,2000,2000,2000,1.0,1.0,0,0,0.0,0.0,1.0,1.0,True
rule_minus_shared_real,141421,7,block_01,RPM,canonical,0,1,0,010,2000,2000,2000,1.0,1.0,1,148,0.0005,0.074,0.9995,0.926,True
rule_minus_shared_real,141421,42,block_01,RPM,canonical,0,1,0,010,2000,2000,2000,1.0,1.0,0,0,0.0,0.0,1.0,1.0,True
rule_minus_shared_real,141421,123,block_01,RPM,canonical,0,1,0,010,2000,2000,2000,1.0,1.0,1,3,0.0005,0.0015,0.9995,0.9985,True
rule_minus_shared_real,141421,2026,block_01,RPM,canonical,0,1,0,010,2000,2000,2000,1.0,1.0,0,0,0.0,0.0,1.0,1.0,True
rule_minus_shared_real,141421,3407,block_01,RPM,canonical,0,1,0,010,2000,2000,2000,1.0,1.0,0,0,0.0,0.0,1.0,1.0,True
rule_minus_shared_real,173205,7,block_01,RPM,canonical,0,1,0,010,2000,2000,2000,1.0,1.0,1,148,0.0005,0.074,0.9995,0.926,True
rule_minus_shared_real,173205,42,block_01,RPM,canonical,0,1,0,010,2000,2000,2000,1.0,1.0,0,0,0.0,0.0,1.0,1.0,True
rule_minus_shared_real,173205,123,block_01,RPM,canonical,0,1,0,010,2000,2000,2000,1.0,1.0,1,3,0.0005,0.0015,0.9995,0.9985,True
rule_minus_shared_real,173205,2026,block_01,RPM,canonical,0,1,0,010,2000,2000,2000,1.0,1.0,0,0,0.0,0.0,1.0,1.0,True
rule_minus_shared_real,173205,3407,block_01,RPM,canonical,0,1,0,010,2000,2000,2000,1.0,1.0,0,0,0.0,0.0,1.0,1.0,True
rule_minus_shared_real,314159,7,block_01,RPM,canonical,0,1,1,011,2000,2000,2000,1.0,1.0,1,680,0.0005,0.34,0.9995,0.6599999999999999,True
rule_minus_shared_real,314159,42,block_01,RPM,canonical,0,1,1,011,2000,2000,2000,1.0,1.0,0,4,0.0,0.002,1.0,0.998,True
rule_minus_shared_real,314159,123,block_01,RPM,canonical,0,1,1,011,2000,2000,2000,1.0,1.0,2,33,0.001,0.0165,0.999,0.9835,True
rule_minus_shared_real,314159,2026,block_01,RPM,canonical,0,1,1,011,2000,2000,2000,1.0,1.0,0,11,0.0,0.0055,1.0,0.9945,True
rule_minus_shared_real,314159,3407,block_01,RPM,canonical,0,1,1,011,2000,2000,2000,1.0,1.0,0,52,0.0,0.026,1.0,0.974,True
rule_minus_shared_real,271828,7,block_01,RPM,canonical,0,1,1,011,2000,2000,2000,1.0,1.0,1,680,0.0005,0.34,0.9995,0.6599999999999999,True
rule_minus_shared_real,271828,42,block_01,RPM,canonical,0,1,1,011,2000,2000,2000,1.0,1.0,0,4,0.0,0.002,1.0,0.998,True
rule_minus_shared_real,271828,123,block_01,RPM,canonical,0,1,1,011,2000,2000,2000,1.0,1.0,2,33,0.001,0.0165,0.999,0.9835,True
rule_minus_shared_real,271828,2026,block_01,RPM,canonical,0,1,1,011,2000,2000,2000,1.0,1.0,0,11,0.0,0.0055,1.0,0.9945,True
rule_minus_shared_real,271828,3407,block_01,RPM,canonical,0,1,1,011,2000,2000,2000,1.0,1.0,0,52,0.0,0.026,1.0,0.974,True
rule_minus_shared_real,161803,7,block_01,RPM,canonical,0,1,1,011,2000,2000,2000,1.0,1.0,1,680,0.0005,0.34,0.9995,0.6599999999999999,True
rule_minus_shared_real,161803,42,block_01,RPM,canonical,0,1,1,011,2000,2000,2000,1.0,1.0,0,4,0.0,0.002,1.0,0.998,True
rule_minus_shared_real,161803,123,block_01,RPM,canonical,0,1,1,011,2000,2000,2000,1.0,1.0,2,33,0.001,0.0165,0.999,0.9835,True
rule_minus_shared_real,161803,2026,block_01,RPM,canonical,0,1,1,011,2000,2000,2000,1.0,1.0,0,11,0.0,0.0055,1.0,0.9945,True
rule_minus_shared_real,161803,3407,block_01,RPM,canonical,0,1,1,011,2000,2000,2000,1.0,1.0,0,52,0.0,0.026,1.0,0.974,True
rule_minus_shared_real,141421,7,block_01,RPM,canonical,0,1,1,011,2000,2000,2000,1.0,1.0,1,680,0.0005,0.34,0.9995,0.6599999999999999,True
rule_minus_shared_real,141421,42,block_01,RPM,canonical,0,1,1,011,2000,2000,2000,1.0,1.0,0,4,0.0,0.002,1.0,0.998,True
rule_minus_shared_real,141421,123,block_01,RPM,canonical,0,1,1,011,2000,2000,2000,1.0,1.0,2,33,0.001,0.0165,0.999,0.9835,True
rule_minus_shared_real,141421,2026,block_01,RPM,canonical,0,1,1,011,2000,2000,2000,1.0,1.0,0,11,0.0,0.0055,1.0,0.9945,True
rule_minus_shared_real,141421,3407,block_01,RPM,canonical,0,1,1,011,2000,2000,2000,1.0,1.0,0,52,0.0,0.026,1.0,0.974,True
rule_minus_shared_real,173205,7,block_01,RPM,canonical,0,1,1,011,2000,2000,2000,1.0,1.0,1,680,0.0005,0.34,0.9995,0.6599999999999999,True
rule_minus_shared_real,173205,42,block_01,RPM,canonical,0,1,1,011,2000,2000,2000,1.0,1.0,0,4,0.0,0.002,1.0,0.998,True
rule_minus_shared_real,173205,123,block_01,RPM,canonical,0,1,1,011,2000,2000,2000,1.0,1.0,2,33,0.001,0.0165,0.999,0.9835,True
rule_minus_shared_real,173205,2026,block_01,RPM,canonical,0,1,1,011,2000,2000,2000,1.0,1.0,0,11,0.0,0.0055,1.0,0.9945,True
rule_minus_shared_real,173205,3407,block_01,RPM,canonical,0,1,1,011,2000,2000,2000,1.0,1.0,0,52,0.0,0.026,1.0,0.974,True
rule_minus_shared_real,314159,7,block_01,RPM,canonical,1,0,0,100,2000,375,1943,0.1875,0.9715,114,1783,0.057,0.8915,0.1305,0.08000000000000007,True
rule_minus_shared_real,314159,42,block_01,RPM,canonical,1,0,0,100,2000,107,1978,0.0535,0.989,44,356,0.022,0.178,0.0315,0.8109999999999999,True
rule_minus_shared_real,314159,123,block_01,RPM,canonical,1,0,0,100,2000,834,1415,0.417,0.7075,32,1895,0.016,0.9475,0.40099999999999997,-0.24,True
rule_minus_shared_real,314159,2026,block_01,RPM,canonical,1,0,0,100,2000,409,1913,0.2045,0.9565,0,172,0.0,0.086,0.2045,0.8705,True
rule_minus_shared_real,314159,3407,block_01,RPM,canonical,1,0,0,100,2000,406,1864,0.203,0.932,91,1279,0.0455,0.6395,0.15750000000000003,0.2925000000000001,True
rule_minus_shared_real,271828,7,block_01,RPM,canonical,1,0,0,100,2000,443,1994,0.2215,0.997,114,1783,0.057,0.8915,0.1645,0.10550000000000004,True
rule_minus_shared_real,271828,42,block_01,RPM,canonical,1,0,0,100,2000,70,1195,0.035,0.5975,44,356,0.022,0.178,0.013000000000000005,0.41950000000000004,True
rule_minus_shared_real,271828,123,block_01,RPM,canonical,1,0,0,100,2000,610,1872,0.305,0.936,32,1895,0.016,0.9475,0.289,-0.011499999999999955,True
rule_minus_shared_real,271828,2026,block_01,RPM,canonical,1,0,0,100,2000,204,876,0.102,0.438,0,172,0.0,0.086,0.102,0.352,True
rule_minus_shared_real,271828,3407,block_01,RPM,canonical,1,0,0,100,2000,222,1767,0.111,0.8835,91,1279,0.0455,0.6395,0.0655,0.244,True
rule_minus_shared_real,161803,7,block_01,RPM,canonical,1,0,0,100,2000,151,1976,0.0755,0.988,114,1783,0.057,0.8915,0.018499999999999996,0.09650000000000003,True
rule_minus_shared_real,161803,42,block_01,RPM,canonical,1,0,0,100,2000,179,1647,0.0895,0.8235,44,356,0.022,0.178,0.0675,0.6455,True
rule_minus_shared_real,161803,123,block_01,RPM,canonical,1,0,0,100,2000,1127,1929,0.5635,0.9645,32,1895,0.016,0.9475,0.5475,0.017000000000000015,True
rule_minus_shared_real,161803,2026,block_01,RPM,canonical,1,0,0,100,2000,137,1439,0.0685,0.7195,0,172,0.0,0.086,0.0685,0.6335000000000001,True
rule_minus_shared_real,161803,3407,block_01,RPM,canonical,1,0,0,100,2000,88,1935,0.044,0.9675,91,1279,0.0455,0.6395,-0.0015000000000000013,0.32800000000000007,True
rule_minus_shared_real,141421,7,block_01,RPM,canonical,1,0,0,100,2000,363,1891,0.1815,0.9455,114,1783,0.057,0.8915,0.1245,0.05400000000000005,True
rule_minus_shared_real,141421,42,block_01,RPM,canonical,1,0,0,100,2000,239,1786,0.1195,0.893,44,356,0.022,0.178,0.0975,0.7150000000000001,True
rule_minus_shared_real,141421,123,block_01,RPM,canonical,1,0,0,100,2000,362,1614,0.181,0.807,32,1895,0.016,0.9475,0.16499999999999998,-0.14049999999999996,True
rule_minus_shared_real,141421,2026,block_01,RPM,canonical,1,0,0,100,2000,89,487,0.0445,0.2435,0,172,0.0,0.086,0.0445,0.1575,True
rule_minus_shared_real,141421,3407,block_01,RPM,canonical,1,0,0,100,2000,386,1984,0.193,0.992,91,1279,0.0455,0.6395,0.14750000000000002,0.35250000000000004,True
rule_minus_shared_real,173205,7,block_01,RPM,canonical,1,0,0,100,2000,213,1925,0.1065,0.9625,114,1783,0.057,0.8915,0.049499999999999995,0.07100000000000006,True
rule_minus_shared_real,173205,42,block_01,RPM,canonical,1,0,0,100,2000,72,1327,0.036,0.6635,44,356,0.022,0.178,0.013999999999999999,0.4855,True
rule_minus_shared_real,173205,123,block_01,RPM,canonical,1,0,0,100,2000,1203,1807,0.6015,0.9035,32,1895,0.016,0.9475,0.5855,-0.04400000000000004,True
rule_minus_shared_real,173205,2026,block_01,RPM,canonical,1,0,0,100,2000,246,580,0.123,0.29,0,172,0.0,0.086,0.123,0.204,True
rule_minus_shared_real,173205,3407,block_01,RPM,canonical,1,0,0,100,2000,634,1887,0.317,0.9435,91,1279,0.0455,0.6395,0.2715,0.30400000000000005,True
rule_minus_shared_real,314159,7,block_01,RPM,canonical,1,0,1,101,2000,2,2000,0.001,1.0,59,2000,0.0295,1.0,-0.028499999999999998,0.0,True
rule_minus_shared_real,314159,42,block_01,RPM,canonical,1,0,1,101,2000,0,2000,0.0,1.0,93,1892,0.0465,0.946,-0.0465,0.05400000000000005,True
rule_minus_shared_real,314159,123,block_01,RPM,canonical,1,0,1,101,2000,266,2000,0.133,1.0,25,2000,0.0125,1.0,0.12050000000000001,0.0,True
rule_minus_shared_real,314159,2026,block_01,RPM,canonical,1,0,1,101,2000,2,2000,0.001,1.0,9,1876,0.0045,0.938,-0.0034999999999999996,0.062000000000000055,True
rule_minus_shared_real,314159,3407,block_01,RPM,canonical,1,0,1,101,2000,20,2000,0.01,1.0,23,2000,0.0115,1.0,-0.0014999999999999996,0.0,True
rule_minus_shared_real,271828,7,block_01,RPM,canonical,1,0,1,101,2000,3,2000,0.0015,1.0,59,2000,0.0295,1.0,-0.027999999999999997,0.0,True
rule_minus_shared_real,271828,42,block_01,RPM,canonical,1,0,1,101,2000,19,1991,0.0095,0.9955,93,1892,0.0465,0.946,-0.037,0.0495000000000001,True
rule_minus_shared_real,271828,123,block_01,RPM,canonical,1,0,1,101,2000,36,2000,0.018,1.0,25,2000,0.0125,1.0,0.005499999999999998,0.0,True
rule_minus_shared_real,271828,2026,block_01,RPM,canonical,1,0,1,101,2000,27,1999,0.0135,0.9995,9,1876,0.0045,0.938,0.009000000000000001,0.06150000000000011,True
rule_minus_shared_real,271828,3407,block_01,RPM,canonical,1,0,1,101,2000,8,2000,0.004,1.0,23,2000,0.0115,1.0,-0.0075,0.0,True
rule_minus_shared_real,161803,7,block_01,RPM,canonical,1,0,1,101,2000,12,1999,0.006,0.9995,59,2000,0.0295,1.0,-0.0235,-0.0004999999999999449,True
rule_minus_shared_real,161803,42,block_01,RPM,canonical,1,0,1,101,2000,0,2000,0.0,1.0,93,1892,0.0465,0.946,-0.0465,0.05400000000000005,True
rule_minus_shared_real,161803,123,block_01,RPM,canonical,1,0,1,101,2000,151,2000,0.0755,1.0,25,2000,0.0125,1.0,0.063,0.0,True
rule_minus_shared_real,161803,2026,block_01,RPM,canonical,1,0,1,101,2000,0,2000,0.0,1.0,9,1876,0.0045,0.938,-0.0045,0.062000000000000055,True
rule_minus_shared_real,161803,3407,block_01,RPM,canonical,1,0,1,101,2000,0,2000,0.0,1.0,23,2000,0.0115,1.0,-0.0115,0.0,True
rule_minus_shared_real,141421,7,block_01,RPM,canonical,1,0,1,101,2000,4,1997,0.002,0.9985,59,2000,0.0295,1.0,-0.027499999999999997,-0.0014999999999999458,True
rule_minus_shared_real,141421,42,block_01,RPM,canonical,1,0,1,101,2000,5,2000,0.0025,1.0,93,1892,0.0465,0.946,-0.044,0.05400000000000005,True
rule_minus_shared_real,141421,123,block_01,RPM,canonical,1,0,1,101,2000,4,2000,0.002,1.0,25,2000,0.0125,1.0,-0.0105,0.0,True
rule_minus_shared_real,141421,2026,block_01,RPM,canonical,1,0,1,101,2000,5,1963,0.0025,0.9815,9,1876,0.0045,0.938,-0.0019999999999999996,0.043500000000000094,True
rule_minus_shared_real,141421,3407,block_01,RPM,canonical,1,0,1,101,2000,28,2000,0.014,1.0,23,2000,0.0115,1.0,0.0025000000000000005,0.0,True
rule_minus_shared_real,173205,7,block_01,RPM,canonical,1,0,1,101,2000,0,2000,0.0,1.0,59,2000,0.0295,1.0,-0.0295,0.0,True
rule_minus_shared_real,173205,42,block_01,RPM,canonical,1,0,1,101,2000,0,2000,0.0,1.0,93,1892,0.0465,0.946,-0.0465,0.05400000000000005,True
rule_minus_shared_real,173205,123,block_01,RPM,canonical,1,0,1,101,2000,457,2000,0.2285,1.0,25,2000,0.0125,1.0,0.216,0.0,True
rule_minus_shared_real,173205,2026,block_01,RPM,canonical,1,0,1,101,2000,24,1998,0.012,0.999,9,1876,0.0045,0.938,0.007500000000000001,0.061000000000000054,True
rule_minus_shared_real,173205,3407,block_01,RPM,canonical,1,0,1,101,2000,247,2000,0.1235,1.0,23,2000,0.0115,1.0,0.112,0.0,True
rule_minus_shared_real,314159,7,block_01,RPM,canonical,1,1,0,110,2000,465,1672,0.2325,0.836,165,1330,0.0825,0.665,0.15000000000000002,0.17099999999999993,True
rule_minus_shared_real,314159,42,block_01,RPM,canonical,1,1,0,110,2000,121,1913,0.0605,0.9565,38,152,0.019,0.076,0.041499999999999995,0.8805000000000001,True
rule_minus_shared_real,314159,123,block_01,RPM,canonical,1,1,0,110,2000,182,1592,0.091,0.796,46,1733,0.023,0.8665,0.068,-0.07050000000000001,True
rule_minus_shared_real,314159,2026,block_01,RPM,canonical,1,1,0,110,2000,485,1912,0.2425,0.956,0,73,0.0,0.0365,0.2425,0.9195,True
rule_minus_shared_real,314159,3407,block_01,RPM,canonical,1,1,0,110,2000,785,1686,0.3925,0.843,55,879,0.0275,0.4395,0.365,0.40349999999999997,True
rule_minus_shared_real,271828,7,block_01,RPM,canonical,1,1,0,110,2000,694,1953,0.347,0.9765,165,1330,0.0825,0.665,0.26449999999999996,0.3115,True
rule_minus_shared_real,271828,42,block_01,RPM,canonical,1,1,0,110,2000,172,1376,0.086,0.688,38,152,0.019,0.076,0.06699999999999999,0.612,True
rule_minus_shared_real,271828,123,block_01,RPM,canonical,1,1,0,110,2000,231,1746,0.1155,0.873,46,1733,0.023,0.8665,0.0925,0.00649999999999995,True
rule_minus_shared_real,271828,2026,block_01,RPM,canonical,1,1,0,110,2000,377,1214,0.1885,0.607,0,73,0.0,0.0365,0.1885,0.5705,True
rule_minus_shared_real,271828,3407,block_01,RPM,canonical,1,1,0,110,2000,422,1348,0.211,0.674,55,879,0.0275,0.4395,0.1835,0.23450000000000004,True
rule_minus_shared_real,161803,7,block_01,RPM,canonical,1,1,0,110,2000,363,1881,0.1815,0.9405,165,1330,0.0825,0.665,0.09899999999999999,0.27549999999999997,True
rule_minus_shared_real,161803,42,block_01,RPM,canonical,1,1,0,110,2000,250,1483,0.125,0.7415,38,152,0.019,0.076,0.106,0.6655000000000001,True
rule_minus_shared_real,161803,123,block_01,RPM,canonical,1,1,0,110,2000,460,1700,0.23,0.85,46,1733,0.023,0.8665,0.20700000000000002,-0.01650000000000007,True
rule_minus_shared_real,161803,2026,block_01,RPM,canonical,1,1,0,110,2000,153,1484,0.0765,0.742,0,73,0.0,0.0365,0.0765,0.7055,True
rule_minus_shared_real,161803,3407,block_01,RPM,canonical,1,1,0,110,2000,234,1888,0.117,0.944,55,879,0.0275,0.4395,0.08950000000000001,0.5045,True
rule_minus_shared_real,141421,7,block_01,RPM,canonical,1,1,0,110,2000,763,1728,0.3815,0.864,165,1330,0.0825,0.665,0.299,0.19899999999999995,True
rule_minus_shared_real,141421,42,block_01,RPM,canonical,1,1,0,110,2000,190,1770,0.095,0.885,38,152,0.019,0.076,0.076,0.809,True
rule_minus_shared_real,141421,123,block_01,RPM,canonical,1,1,0,110,2000,120,1394,0.06,0.697,46,1733,0.023,0.8665,0.037,-0.1695000000000001,True
rule_minus_shared_real,141421,2026,block_01,RPM,canonical,1,1,0,110,2000,176,609,0.088,0.3045,0,73,0.0,0.0365,0.088,0.268,True
rule_minus_shared_real,141421,3407,block_01,RPM,canonical,1,1,0,110,2000,531,1929,0.2655,0.9645,55,879,0.0275,0.4395,0.23800000000000002,0.525,True
rule_minus_shared_real,173205,7,block_01,RPM,canonical,1,1,0,110,2000,285,1666,0.1425,0.833,165,1330,0.0825,0.665,0.059999999999999984,0.16799999999999993,True
rule_minus_shared_real,173205,42,block_01,RPM,canonical,1,1,0,110,2000,115,1204,0.0575,0.602,38,152,0.019,0.076,0.038500000000000006,0.526,True
rule_minus_shared_real,173205,123,block_01,RPM,canonical,1,1,0,110,2000,753,1682,0.3765,0.841,46,1733,0.023,0.8665,0.3535,-0.025500000000000078,True
rule_minus_shared_real,173205,2026,block_01,RPM,canonical,1,1,0,110,2000,252,794,0.126,0.397,0,73,0.0,0.0365,0.126,0.36050000000000004,True
rule_minus_shared_real,173205,3407,block_01,RPM,canonical,1,1,0,110,2000,859,1726,0.4295,0.863,55,879,0.0275,0.4395,0.40199999999999997,0.4235,True
rule_minus_shared_real,314159,7,block_01,RPM,canonical,1,1,1,111,2000,49,1997,0.0245,0.9985,293,1976,0.1465,0.988,-0.122,0.010500000000000065,True
rule_minus_shared_real,314159,42,block_01,RPM,canonical,1,1,1,111,2000,3,2000,0.0015,1.0,259,1433,0.1295,0.7165,-0.128,0.2835,True
rule_minus_shared_real,314159,123,block_01,RPM,canonical,1,1,1,111,2000,7,2000,0.0035,1.0,32,2000,0.016,1.0,-0.0125,0.0,True
rule_minus_shared_real,314159,2026,block_01,RPM,canonical,1,1,1,111,2000,33,2000,0.0165,1.0,28,1648,0.014,0.824,0.0025000000000000005,0.17600000000000005,True
rule_minus_shared_real,314159,3407,block_01,RPM,canonical,1,1,1,111,2000,112,2000,0.056,1.0,32,2000,0.016,1.0,0.04,0.0,True
rule_minus_shared_real,271828,7,block_01,RPM,canonical,1,1,1,111,2000,57,2000,0.0285,1.0,293,1976,0.1465,0.988,-0.118,0.01200000000000001,True
rule_minus_shared_real,271828,42,block_01,RPM,canonical,1,1,1,111,2000,23,2000,0.0115,1.0,259,1433,0.1295,0.7165,-0.11800000000000001,0.2835,True
rule_minus_shared_real,271828,123,block_01,RPM,canonical,1,1,1,111,2000,10,2000,0.005,1.0,32,2000,0.016,1.0,-0.011,0.0,True
rule_minus_shared_real,271828,2026,block_01,RPM,canonical,1,1,1,111,2000,250,2000,0.125,1.0,28,1648,0.014,0.824,0.111,0.17600000000000005,True
rule_minus_shared_real,271828,3407,block_01,RPM,canonical,1,1,1,111,2000,48,1999,0.024,0.9995,32,2000,0.016,1.0,0.008,-0.0004999999999999449,True
rule_minus_shared_real,161803,7,block_01,RPM,canonical,1,1,1,111,2000,35,1995,0.0175,0.9975,293,1976,0.1465,0.988,-0.129,0.009500000000000064,True
rule_minus_shared_real,161803,42,block_01,RPM,canonical,1,1,1,111,2000,0,2000,0.0,1.0,259,1433,0.1295,0.7165,-0.1295,0.2835,True
rule_minus_shared_real,161803,123,block_01,RPM,canonical,1,1,1,111,2000,26,2000,0.013,1.0,32,2000,0.016,1.0,-0.003000000000000001,0.0,True
rule_minus_shared_real,161803,2026,block_01,RPM,canonical,1,1,1,111,2000,7,1996,0.0035,0.998,28,1648,0.014,0.824,-0.0105,0.17400000000000004,True
rule_minus_shared_real,161803,3407,block_01,RPM,canonical,1,1,1,111,2000,1,2000,0.0005,1.0,32,2000,0.016,1.0,-0.0155,0.0,True
rule_minus_shared_real,141421,7,block_01,RPM,canonical,1,1,1,111,2000,260,1995,0.13,0.9975,293,1976,0.1465,0.988,-0.016499999999999987,0.009500000000000064,True
rule_minus_shared_real,141421,42,block_01,RPM,canonical,1,1,1,111,2000,2,2000,0.001,1.0,259,1433,0.1295,0.7165,-0.1285,0.2835,True
rule_minus_shared_real,141421,123,block_01,RPM,canonical,1,1,1,111,2000,0,2000,0.0,1.0,32,2000,0.016,1.0,-0.016,0.0,True
rule_minus_shared_real,141421,2026,block_01,RPM,canonical,1,1,1,111,2000,48,1842,0.024,0.921,28,1648,0.014,0.824,0.01,0.09700000000000009,True
rule_minus_shared_real,141421,3407,block_01,RPM,canonical,1,1,1,111,2000,105,2000,0.0525,1.0,32,2000,0.016,1.0,0.0365,0.0,True
rule_minus_shared_real,173205,7,block_01,RPM,canonical,1,1,1,111,2000,16,2000,0.008,1.0,293,1976,0.1465,0.988,-0.13849999999999998,0.01200000000000001,True
rule_minus_shared_real,173205,42,block_01,RPM,canonical,1,1,1,111,2000,3,2000,0.0015,1.0,259,1433,0.1295,0.7165,-0.128,0.2835,True
rule_minus_shared_real,173205,123,block_01,RPM,canonical,1,1,1,111,2000,161,2000,0.0805,1.0,32,2000,0.016,1.0,0.0645,0.0,True
rule_minus_shared_real,173205,2026,block_01,RPM,canonical,1,1,1,111,2000,54,1986,0.027,0.993,28,1648,0.014,0.824,0.013,0.16900000000000004,True
rule_minus_shared_real,173205,3407,block_01,RPM,canonical,1,1,1,111,2000,260,2000,0.13,1.0,32,2000,0.016,1.0,0.114,0.0,True
rule_minus_shared_real,314159,7,block_01,RPM,shifted,0,0,0,000,2000,2000,2000,1.0,1.0,4,242,0.002,0.121,0.998,0.879,True
rule_minus_shared_real,314159,42,block_01,RPM,shifted,0,0,0,000,2000,2000,2000,1.0,1.0,0,0,0.0,0.0,1.0,1.0,True
rule_minus_shared_real,314159,123,block_01,RPM,shifted,0,0,0,000,2000,2000,2000,1.0,1.0,0,5,0.0,0.0025,1.0,0.9975,True
rule_minus_shared_real,314159,2026,block_01,RPM,shifted,0,0,0,000,2000,2000,2000,1.0,1.0,0,0,0.0,0.0,1.0,1.0,True
rule_minus_shared_real,314159,3407,block_01,RPM,shifted,0,0,0,000,2000,2000,2000,1.0,1.0,0,0,0.0,0.0,1.0,1.0,True
rule_minus_shared_real,271828,7,block_01,RPM,shifted,0,0,0,000,2000,2000,2000,1.0,1.0,4,242,0.002,0.121,0.998,0.879,True
rule_minus_shared_real,271828,42,block_01,RPM,shifted,0,0,0,000,2000,2000,2000,1.0,1.0,0,0,0.0,0.0,1.0,1.0,True
rule_minus_shared_real,271828,123,block_01,RPM,shifted,0,0,0,000,2000,2000,2000,1.0,1.0,0,5,0.0,0.0025,1.0,0.9975,True
rule_minus_shared_real,271828,2026,block_01,RPM,shifted,0,0,0,000,2000,2000,2000,1.0,1.0,0,0,0.0,0.0,1.0,1.0,True
rule_minus_shared_real,271828,3407,block_01,RPM,shifted,0,0,0,000,2000,2000,2000,1.0,1.0,0,0,0.0,0.0,1.0,1.0,True
rule_minus_shared_real,161803,7,block_01,RPM,shifted,0,0,0,000,2000,2000,2000,1.0,1.0,4,242,0.002,0.121,0.998,0.879,True
rule_minus_shared_real,161803,42,block_01,RPM,shifted,0,0,0,000,2000,2000,2000,1.0,1.0,0,0,0.0,0.0,1.0,1.0,True
rule_minus_shared_real,161803,123,block_01,RPM,shifted,0,0,0,000,2000,2000,2000,1.0,1.0,0,5,0.0,0.0025,1.0,0.9975,True
rule_minus_shared_real,161803,2026,block_01,RPM,shifted,0,0,0,000,2000,2000,2000,1.0,1.0,0,0,0.0,0.0,1.0,1.0,True
rule_minus_shared_real,161803,3407,block_01,RPM,shifted,0,0,0,000,2000,2000,2000,1.0,1.0,0,0,0.0,0.0,1.0,1.0,True
rule_minus_shared_real,141421,7,block_01,RPM,shifted,0,0,0,000,2000,2000,2000,1.0,1.0,4,242,0.002,0.121,0.998,0.879,True
rule_minus_shared_real,141421,42,block_01,RPM,shifted,0,0,0,000,2000,2000,2000,1.0,1.0,0,0,0.0,0.0,1.0,1.0,True
rule_minus_shared_real,141421,123,block_01,RPM,shifted,0,0,0,000,2000,2000,2000,1.0,1.0,0,5,0.0,0.0025,1.0,0.9975,True
rule_minus_shared_real,141421,2026,block_01,RPM,shifted,0,0,0,000,2000,2000,2000,1.0,1.0,0,0,0.0,0.0,1.0,1.0,True
rule_minus_shared_real,141421,3407,block_01,RPM,shifted,0,0,0,000,2000,2000,2000,1.0,1.0,0,0,0.0,0.0,1.0,1.0,True
rule_minus_shared_real,173205,7,block_01,RPM,shifted,0,0,0,000,2000,2000,2000,1.0,1.0,4,242,0.002,0.121,0.998,0.879,True
rule_minus_shared_real,173205,42,block_01,RPM,shifted,0,0,0,000,2000,2000,2000,1.0,1.0,0,0,0.0,0.0,1.0,1.0,True
rule_minus_shared_real,173205,123,block_01,RPM,shifted,0,0,0,000,2000,2000,2000,1.0,1.0,0,5,0.0,0.0025,1.0,0.9975,True
rule_minus_shared_real,173205,2026,block_01,RPM,shifted,0,0,0,000,2000,2000,2000,1.0,1.0,0,0,0.0,0.0,1.0,1.0,True
rule_minus_shared_real,173205,3407,block_01,RPM,shifted,0,0,0,000,2000,2000,2000,1.0,1.0,0,0,0.0,0.0,1.0,1.0,True
rule_minus_shared_real,314159,7,block_01,RPM,shifted,0,0,1,001,2000,2000,2000,1.0,1.0,15,1316,0.0075,0.658,0.9925,0.34199999999999997,True
rule_minus_shared_real,314159,42,block_01,RPM,shifted,0,0,1,001,2000,2000,2000,1.0,1.0,0,3,0.0,0.0015,1.0,0.9985,True
rule_minus_shared_real,314159,123,block_01,RPM,shifted,0,0,1,001,2000,2000,2000,1.0,1.0,0,12,0.0,0.006,1.0,0.994,True
rule_minus_shared_real,314159,2026,block_01,RPM,shifted,0,0,1,001,2000,2000,2000,1.0,1.0,0,205,0.0,0.1025,1.0,0.8975,True
rule_minus_shared_real,314159,3407,block_01,RPM,shifted,0,0,1,001,2000,2000,2000,1.0,1.0,0,20,0.0,0.01,1.0,0.99,True
rule_minus_shared_real,271828,7,block_01,RPM,shifted,0,0,1,001,2000,2000,2000,1.0,1.0,15,1316,0.0075,0.658,0.9925,0.34199999999999997,True
rule_minus_shared_real,271828,42,block_01,RPM,shifted,0,0,1,001,2000,2000,2000,1.0,1.0,0,3,0.0,0.0015,1.0,0.9985,True
rule_minus_shared_real,271828,123,block_01,RPM,shifted,0,0,1,001,2000,2000,2000,1.0,1.0,0,12,0.0,0.006,1.0,0.994,True
rule_minus_shared_real,271828,2026,block_01,RPM,shifted,0,0,1,001,2000,2000,2000,1.0,1.0,0,205,0.0,0.1025,1.0,0.8975,True
rule_minus_shared_real,271828,3407,block_01,RPM,shifted,0,0,1,001,2000,2000,2000,1.0,1.0,0,20,0.0,0.01,1.0,0.99,True
rule_minus_shared_real,161803,7,block_01,RPM,shifted,0,0,1,001,2000,2000,2000,1.0,1.0,15,1316,0.0075,0.658,0.9925,0.34199999999999997,True
rule_minus_shared_real,161803,42,block_01,RPM,shifted,0,0,1,001,2000,2000,2000,1.0,1.0,0,3,0.0,0.0015,1.0,0.9985,True
rule_minus_shared_real,161803,123,block_01,RPM,shifted,0,0,1,001,2000,2000,2000,1.0,1.0,0,12,0.0,0.006,1.0,0.994,True
rule_minus_shared_real,161803,2026,block_01,RPM,shifted,0,0,1,001,2000,2000,2000,1.0,1.0,0,205,0.0,0.1025,1.0,0.8975,True
rule_minus_shared_real,161803,3407,block_01,RPM,shifted,0,0,1,001,2000,2000,2000,1.0,1.0,0,20,0.0,0.01,1.0,0.99,True
rule_minus_shared_real,141421,7,block_01,RPM,shifted,0,0,1,001,2000,2000,2000,1.0,1.0,15,1316,0.0075,0.658,0.9925,0.34199999999999997,True
rule_minus_shared_real,141421,42,block_01,RPM,shifted,0,0,1,001,2000,2000,2000,1.0,1.0,0,3,0.0,0.0015,1.0,0.9985,True
rule_minus_shared_real,141421,123,block_01,RPM,shifted,0,0,1,001,2000,2000,2000,1.0,1.0,0,12,0.0,0.006,1.0,0.994,True
rule_minus_shared_real,141421,2026,block_01,RPM,shifted,0,0,1,001,2000,2000,2000,1.0,1.0,0,205,0.0,0.1025,1.0,0.8975,True
rule_minus_shared_real,141421,3407,block_01,RPM,shifted,0,0,1,001,2000,2000,2000,1.0,1.0,0,20,0.0,0.01,1.0,0.99,True
rule_minus_shared_real,173205,7,block_01,RPM,shifted,0,0,1,001,2000,2000,2000,1.0,1.0,15,1316,0.0075,0.658,0.9925,0.34199999999999997,True
rule_minus_shared_real,173205,42,block_01,RPM,shifted,0,0,1,001,2000,2000,2000,1.0,1.0,0,3,0.0,0.0015,1.0,0.9985,True
rule_minus_shared_real,173205,123,block_01,RPM,shifted,0,0,1,001,2000,2000,2000,1.0,1.0,0,12,0.0,0.006,1.0,0.994,True
rule_minus_shared_real,173205,2026,block_01,RPM,shifted,0,0,1,001,2000,2000,2000,1.0,1.0,0,205,0.0,0.1025,1.0,0.8975,True
rule_minus_shared_real,173205,3407,block_01,RPM,shifted,0,0,1,001,2000,2000,2000,1.0,1.0,0,20,0.0,0.01,1.0,0.99,True
rule_minus_shared_real,314159,7,block_01,RPM,shifted,0,1,0,010,2000,2000,2000,1.0,1.0,1,154,0.0005,0.077,0.9995,0.923,True
rule_minus_shared_real,314159,42,block_01,RPM,shifted,0,1,0,010,2000,2000,2000,1.0,1.0,0,0,0.0,0.0,1.0,1.0,True
rule_minus_shared_real,314159,123,block_01,RPM,shifted,0,1,0,010,2000,2000,2000,1.0,1.0,1,3,0.0005,0.0015,0.9995,0.9985,True
rule_minus_shared_real,314159,2026,block_01,RPM,shifted,0,1,0,010,2000,2000,2000,1.0,1.0,0,0,0.0,0.0,1.0,1.0,True
rule_minus_shared_real,314159,3407,block_01,RPM,shifted,0,1,0,010,2000,2000,2000,1.0,1.0,0,0,0.0,0.0,1.0,1.0,True
rule_minus_shared_real,271828,7,block_01,RPM,shifted,0,1,0,010,2000,2000,2000,1.0,1.0,1,154,0.0005,0.077,0.9995,0.923,True
rule_minus_shared_real,271828,42,block_01,RPM,shifted,0,1,0,010,2000,2000,2000,1.0,1.0,0,0,0.0,0.0,1.0,1.0,True
rule_minus_shared_real,271828,123,block_01,RPM,shifted,0,1,0,010,2000,2000,2000,1.0,1.0,1,3,0.0005,0.0015,0.9995,0.9985,True
rule_minus_shared_real,271828,2026,block_01,RPM,shifted,0,1,0,010,2000,2000,2000,1.0,1.0,0,0,0.0,0.0,1.0,1.0,True
rule_minus_shared_real,271828,3407,block_01,RPM,shifted,0,1,0,010,2000,2000,2000,1.0,1.0,0,0,0.0,0.0,1.0,1.0,True
rule_minus_shared_real,161803,7,block_01,RPM,shifted,0,1,0,010,2000,2000,2000,1.0,1.0,1,154,0.0005,0.077,0.9995,0.923,True
rule_minus_shared_real,161803,42,block_01,RPM,shifted,0,1,0,010,2000,2000,2000,1.0,1.0,0,0,0.0,0.0,1.0,1.0,True
rule_minus_shared_real,161803,123,block_01,RPM,shifted,0,1,0,010,2000,2000,2000,1.0,1.0,1,3,0.0005,0.0015,0.9995,0.9985,True
rule_minus_shared_real,161803,2026,block_01,RPM,shifted,0,1,0,010,2000,2000,2000,1.0,1.0,0,0,0.0,0.0,1.0,1.0,True
rule_minus_shared_real,161803,3407,block_01,RPM,shifted,0,1,0,010,2000,2000,2000,1.0,1.0,0,0,0.0,0.0,1.0,1.0,True
rule_minus_shared_real,141421,7,block_01,RPM,shifted,0,1,0,010,2000,2000,2000,1.0,1.0,1,154,0.0005,0.077,0.9995,0.923,True
rule_minus_shared_real,141421,42,block_01,RPM,shifted,0,1,0,010,2000,2000,2000,1.0,1.0,0,0,0.0,0.0,1.0,1.0,True
rule_minus_shared_real,141421,123,block_01,RPM,shifted,0,1,0,010,2000,2000,2000,1.0,1.0,1,3,0.0005,0.0015,0.9995,0.9985,True
rule_minus_shared_real,141421,2026,block_01,RPM,shifted,0,1,0,010,2000,2000,2000,1.0,1.0,0,0,0.0,0.0,1.0,1.0,True
rule_minus_shared_real,141421,3407,block_01,RPM,shifted,0,1,0,010,2000,2000,2000,1.0,1.0,0,0,0.0,0.0,1.0,1.0,True
rule_minus_shared_real,173205,7,block_01,RPM,shifted,0,1,0,010,2000,2000,2000,1.0,1.0,1,154,0.0005,0.077,0.9995,0.923,True
rule_minus_shared_real,173205,42,block_01,RPM,shifted,0,1,0,010,2000,2000,2000,1.0,1.0,0,0,0.0,0.0,1.0,1.0,True
rule_minus_shared_real,173205,123,block_01,RPM,shifted,0,1,0,010,2000,2000,2000,1.0,1.0,1,3,0.0005,0.0015,0.9995,0.9985,True
rule_minus_shared_real,173205,2026,block_01,RPM,shifted,0,1,0,010,2000,2000,2000,1.0,1.0,0,0,0.0,0.0,1.0,1.0,True
rule_minus_shared_real,173205,3407,block_01,RPM,shifted,0,1,0,010,2000,2000,2000,1.0,1.0,0,0,0.0,0.0,1.0,1.0,True
rule_minus_shared_real,314159,7,block_01,RPM,shifted,0,1,1,011,2000,2000,2000,1.0,1.0,1,699,0.0005,0.3495,0.9995,0.6505000000000001,True
rule_minus_shared_real,314159,42,block_01,RPM,shifted,0,1,1,011,2000,2000,2000,1.0,1.0,0,4,0.0,0.002,1.0,0.998,True
rule_minus_shared_real,314159,123,block_01,RPM,shifted,0,1,1,011,2000,2000,2000,1.0,1.0,2,32,0.001,0.016,0.999,0.984,True
rule_minus_shared_real,314159,2026,block_01,RPM,shifted,0,1,1,011,2000,2000,2000,1.0,1.0,0,13,0.0,0.0065,1.0,0.9935,True
rule_minus_shared_real,314159,3407,block_01,RPM,shifted,0,1,1,011,2000,2000,2000,1.0,1.0,0,48,0.0,0.024,1.0,0.976,True
rule_minus_shared_real,271828,7,block_01,RPM,shifted,0,1,1,011,2000,2000,2000,1.0,1.0,1,699,0.0005,0.3495,0.9995,0.6505000000000001,True
rule_minus_shared_real,271828,42,block_01,RPM,shifted,0,1,1,011,2000,2000,2000,1.0,1.0,0,4,0.0,0.002,1.0,0.998,True
rule_minus_shared_real,271828,123,block_01,RPM,shifted,0,1,1,011,2000,2000,2000,1.0,1.0,2,32,0.001,0.016,0.999,0.984,True
rule_minus_shared_real,271828,2026,block_01,RPM,shifted,0,1,1,011,2000,2000,2000,1.0,1.0,0,13,0.0,0.0065,1.0,0.9935,True
rule_minus_shared_real,271828,3407,block_01,RPM,shifted,0,1,1,011,2000,2000,2000,1.0,1.0,0,48,0.0,0.024,1.0,0.976,True
rule_minus_shared_real,161803,7,block_01,RPM,shifted,0,1,1,011,2000,2000,2000,1.0,1.0,1,699,0.0005,0.3495,0.9995,0.6505000000000001,True
rule_minus_shared_real,161803,42,block_01,RPM,shifted,0,1,1,011,2000,2000,2000,1.0,1.0,0,4,0.0,0.002,1.0,0.998,True
rule_minus_shared_real,161803,123,block_01,RPM,shifted,0,1,1,011,2000,2000,2000,1.0,1.0,2,32,0.001,0.016,0.999,0.984,True
rule_minus_shared_real,161803,2026,block_01,RPM,shifted,0,1,1,011,2000,2000,2000,1.0,1.0,0,13,0.0,0.0065,1.0,0.9935,True
rule_minus_shared_real,161803,3407,block_01,RPM,shifted,0,1,1,011,2000,2000,2000,1.0,1.0,0,48,0.0,0.024,1.0,0.976,True
rule_minus_shared_real,141421,7,block_01,RPM,shifted,0,1,1,011,2000,2000,2000,1.0,1.0,1,699,0.0005,0.3495,0.9995,0.6505000000000001,True
rule_minus_shared_real,141421,42,block_01,RPM,shifted,0,1,1,011,2000,2000,2000,1.0,1.0,0,4,0.0,0.002,1.0,0.998,True
rule_minus_shared_real,141421,123,block_01,RPM,shifted,0,1,1,011,2000,2000,2000,1.0,1.0,2,32,0.001,0.016,0.999,0.984,True
rule_minus_shared_real,141421,2026,block_01,RPM,shifted,0,1,1,011,2000,2000,2000,1.0,1.0,0,13,0.0,0.0065,1.0,0.9935,True
rule_minus_shared_real,141421,3407,block_01,RPM,shifted,0,1,1,011,2000,2000,2000,1.0,1.0,0,48,0.0,0.024,1.0,0.976,True
rule_minus_shared_real,173205,7,block_01,RPM,shifted,0,1,1,011,2000,2000,2000,1.0,1.0,1,699,0.0005,0.3495,0.9995,0.6505000000000001,True
rule_minus_shared_real,173205,42,block_01,RPM,shifted,0,1,1,011,2000,2000,2000,1.0,1.0,0,4,0.0,0.002,1.0,0.998,True
rule_minus_shared_real,173205,123,block_01,RPM,shifted,0,1,1,011,2000,2000,2000,1.0,1.0,2,32,0.001,0.016,0.999,0.984,True
rule_minus_shared_real,173205,2026,block_01,RPM,shifted,0,1,1,011,2000,2000,2000,1.0,1.0,0,13,0.0,0.0065,1.0,0.9935,True
rule_minus_shared_real,173205,3407,block_01,RPM,shifted,0,1,1,011,2000,2000,2000,1.0,1.0,0,48,0.0,0.024,1.0,0.976,True
rule_minus_shared_real,314159,7,block_01,RPM,shifted,1,0,0,100,2000,419,1954,0.2095,0.977,115,1802,0.0575,0.901,0.152,0.07599999999999996,True
rule_minus_shared_real,314159,42,block_01,RPM,shifted,1,0,0,100,2000,121,1985,0.0605,0.9925,44,370,0.022,0.185,0.0385,0.8075000000000001,True
rule_minus_shared_real,314159,123,block_01,RPM,shifted,1,0,0,100,2000,959,1537,0.4795,0.7685,33,1900,0.0165,0.95,0.46299999999999997,-0.1815,True
rule_minus_shared_real,314159,2026,block_01,RPM,shifted,1,0,0,100,2000,412,1943,0.206,0.9715,0,192,0.0,0.096,0.206,0.8755000000000001,True
rule_minus_shared_real,314159,3407,block_01,RPM,shifted,1,0,0,100,2000,468,1883,0.234,0.9415,92,1305,0.046,0.6525,0.188,0.28900000000000003,True
rule_minus_shared_real,271828,7,block_01,RPM,shifted,1,0,0,100,2000,463,1994,0.2315,0.997,115,1802,0.0575,0.901,0.17400000000000002,0.09599999999999997,True
rule_minus_shared_real,271828,42,block_01,RPM,shifted,1,0,0,100,2000,97,1243,0.0485,0.6215,44,370,0.022,0.185,0.026500000000000003,0.43650000000000005,True
rule_minus_shared_real,271828,123,block_01,RPM,shifted,1,0,0,100,2000,706,1910,0.353,0.955,33,1900,0.0165,0.95,0.33649999999999997,0.0050000000000000044,True
rule_minus_shared_real,271828,2026,block_01,RPM,shifted,1,0,0,100,2000,234,991,0.117,0.4955,0,192,0.0,0.096,0.117,0.39949999999999997,True
rule_minus_shared_real,271828,3407,block_01,RPM,shifted,1,0,0,100,2000,252,1790,0.126,0.895,92,1305,0.046,0.6525,0.08,0.24250000000000005,True
rule_minus_shared_real,161803,7,block_01,RPM,shifted,1,0,0,100,2000,167,1984,0.0835,0.992,115,1802,0.0575,0.901,0.026000000000000002,0.09099999999999997,True
rule_minus_shared_real,161803,42,block_01,RPM,shifted,1,0,0,100,2000,202,1706,0.101,0.853,44,370,0.022,0.185,0.07900000000000001,0.6679999999999999,True
rule_minus_shared_real,161803,123,block_01,RPM,shifted,1,0,0,100,2000,1245,1958,0.6225,0.979,33,1900,0.0165,0.95,0.6060000000000001,0.029000000000000026,True
rule_minus_shared_real,161803,2026,block_01,RPM,shifted,1,0,0,100,2000,153,1519,0.0765,0.7595,0,192,0.0,0.096,0.0765,0.6635,True
rule_minus_shared_real,161803,3407,block_01,RPM,shifted,1,0,0,100,2000,108,1943,0.054,0.9715,92,1305,0.046,0.6525,0.008,0.31900000000000006,True
rule_minus_shared_real,141421,7,block_01,RPM,shifted,1,0,0,100,2000,399,1907,0.1995,0.9535,115,1802,0.0575,0.901,0.14200000000000002,0.05249999999999999,True
rule_minus_shared_real,141421,42,block_01,RPM,shifted,1,0,0,100,2000,271,1801,0.1355,0.9005,44,370,0.022,0.185,0.11350000000000002,0.7155,True
rule_minus_shared_real,141421,123,block_01,RPM,shifted,1,0,0,100,2000,430,1693,0.215,0.8465,33,1900,0.0165,0.95,0.1985,-0.10349999999999993,True
rule_minus_shared_real,141421,2026,block_01,RPM,shifted,1,0,0,100,2000,110,590,0.055,0.295,0,192,0.0,0.096,0.055,0.19899999999999998,True
rule_minus_shared_real,141421,3407,block_01,RPM,shifted,1,0,0,100,2000,433,1985,0.2165,0.9925,92,1305,0.046,0.6525,0.17049999999999998,0.3400000000000001,True
rule_minus_shared_real,173205,7,block_01,RPM,shifted,1,0,0,100,2000,229,1948,0.1145,0.974,115,1802,0.0575,0.901,0.057,0.07299999999999995,True
rule_minus_shared_real,173205,42,block_01,RPM,shifted,1,0,0,100,2000,89,1386,0.0445,0.693,44,370,0.022,0.185,0.0225,0.508,True
rule_minus_shared_real,173205,123,block_01,RPM,shifted,1,0,0,100,2000,1314,1867,0.657,0.9335,33,1900,0.0165,0.95,0.6405000000000001,-0.01649999999999996,True
rule_minus_shared_real,173205,2026,block_01,RPM,shifted,1,0,0,100,2000,290,665,0.145,0.3325,0,192,0.0,0.096,0.145,0.23650000000000002,True
rule_minus_shared_real,173205,3407,block_01,RPM,shifted,1,0,0,100,2000,707,1910,0.3535,0.955,92,1305,0.046,0.6525,0.3075,0.3025,True
rule_minus_shared_real,314159,7,block_01,RPM,shifted,1,0,1,101,2000,3,2000,0.0015,1.0,59,2000,0.0295,1.0,-0.027999999999999997,0.0,True
rule_minus_shared_real,314159,42,block_01,RPM,shifted,1,0,1,101,2000,0,2000,0.0,1.0,87,1905,0.0435,0.9525,-0.0435,0.04749999999999999,True
rule_minus_shared_real,314159,123,block_01,RPM,shifted,1,0,1,101,2000,311,2000,0.1555,1.0,25,2000,0.0125,1.0,0.143,0.0,True
rule_minus_shared_real,314159,2026,block_01,RPM,shifted,1,0,1,101,2000,1,2000,0.0005,1.0,9,1885,0.0045,0.9425,-0.004,0.057499999999999996,True
rule_minus_shared_real,314159,3407,block_01,RPM,shifted,1,0,1,101,2000,25,2000,0.0125,1.0,21,2000,0.0105,1.0,0.002,0.0,True
rule_minus_shared_real,271828,7,block_01,RPM,shifted,1,0,1,101,2000,3,2000,0.0015,1.0,59,2000,0.0295,1.0,-0.027999999999999997,0.0,True
rule_minus_shared_real,271828,42,block_01,RPM,shifted,1,0,1,101,2000,27,1994,0.0135,0.997,87,1905,0.0435,0.9525,-0.03,0.044499999999999984,True
rule_minus_shared_real,271828,123,block_01,RPM,shifted,1,0,1,101,2000,41,2000,0.0205,1.0,25,2000,0.0125,1.0,0.008,0.0,True
rule_minus_shared_real,271828,2026,block_01,RPM,shifted,1,0,1,101,2000,23,2000,0.0115,1.0,9,1885,0.0045,0.9425,0.007,0.057499999999999996,True
rule_minus_shared_real,271828,3407,block_01,RPM,shifted,1,0,1,101,2000,9,2000,0.0045,1.0,21,2000,0.0105,1.0,-0.006000000000000001,0.0,True
rule_minus_shared_real,161803,7,block_01,RPM,shifted,1,0,1,101,2000,12,1999,0.006,0.9995,59,2000,0.0295,1.0,-0.0235,-0.0004999999999999449,True
rule_minus_shared_real,161803,42,block_01,RPM,shifted,1,0,1,101,2000,0,2000,0.0,1.0,87,1905,0.0435,0.9525,-0.0435,0.04749999999999999,True
rule_minus_shared_real,161803,123,block_01,RPM,shifted,1,0,1,101,2000,174,2000,0.087,1.0,25,2000,0.0125,1.0,0.0745,0.0,True
rule_minus_shared_real,161803,2026,block_01,RPM,shifted,1,0,1,101,2000,0,2000,0.0,1.0,9,1885,0.0045,0.9425,-0.0045,0.057499999999999996,True
rule_minus_shared_real,161803,3407,block_01,RPM,shifted,1,0,1,101,2000,0,2000,0.0,1.0,21,2000,0.0105,1.0,-0.0105,0.0,True
rule_minus_shared_real,141421,7,block_01,RPM,shifted,1,0,1,101,2000,5,1998,0.0025,0.999,59,2000,0.0295,1.0,-0.027,-0.0010000000000000009,True
rule_minus_shared_real,141421,42,block_01,RPM,shifted,1,0,1,101,2000,12,2000,0.006,1.0,87,1905,0.0435,0.9525,-0.0375,0.04749999999999999,True
rule_minus_shared_real,141421,123,block_01,RPM,shifted,1,0,1,101,2000,5,2000,0.0025,1.0,25,2000,0.0125,1.0,-0.01,0.0,True
rule_minus_shared_real,141421,2026,block_01,RPM,shifted,1,0,1,101,2000,5,1972,0.0025,0.986,9,1885,0.0045,0.9425,-0.0019999999999999996,0.04349999999999998,True
rule_minus_shared_real,141421,3407,block_01,RPM,shifted,1,0,1,101,2000,41,2000,0.0205,1.0,21,2000,0.0105,1.0,0.01,0.0,True
rule_minus_shared_real,173205,7,block_01,RPM,shifted,1,0,1,101,2000,0,2000,0.0,1.0,59,2000,0.0295,1.0,-0.0295,0.0,True
rule_minus_shared_real,173205,42,block_01,RPM,shifted,1,0,1,101,2000,0,2000,0.0,1.0,87,1905,0.0435,0.9525,-0.0435,0.04749999999999999,True
rule_minus_shared_real,173205,123,block_01,RPM,shifted,1,0,1,101,2000,516,2000,0.258,1.0,25,2000,0.0125,1.0,0.2455,0.0,True
rule_minus_shared_real,173205,2026,block_01,RPM,shifted,1,0,1,101,2000,22,1999,0.011,0.9995,9,1885,0.0045,0.9425,0.0065,0.05700000000000005,True
rule_minus_shared_real,173205,3407,block_01,RPM,shifted,1,0,1,101,2000,265,2000,0.1325,1.0,21,2000,0.0105,1.0,0.12200000000000001,0.0,True
rule_minus_shared_real,314159,7,block_01,RPM,shifted,1,1,0,110,2000,506,1721,0.253,0.8605,165,1343,0.0825,0.6715,0.17049999999999998,0.18900000000000006,True
rule_minus_shared_real,314159,42,block_01,RPM,shifted,1,1,0,110,2000,136,1926,0.068,0.963,38,159,0.019,0.0795,0.049,0.8835,True
rule_minus_shared_real,314159,123,block_01,RPM,shifted,1,1,0,110,2000,216,1662,0.108,0.831,46,1739,0.023,0.8695,0.08499999999999999,-0.03850000000000009,True
rule_minus_shared_real,314159,2026,block_01,RPM,shifted,1,1,0,110,2000,469,1922,0.2345,0.961,0,76,0.0,0.038,0.2345,0.9229999999999999,True
rule_minus_shared_real,314159,3407,block_01,RPM,shifted,1,1,0,110,2000,818,1709,0.409,0.8545,54,893,0.027,0.4465,0.38199999999999995,0.40800000000000003,True
rule_minus_shared_real,271828,7,block_01,RPM,shifted,1,1,0,110,2000,730,1960,0.365,0.98,165,1343,0.0825,0.6715,0.2825,0.3085,True
rule_minus_shared_real,271828,42,block_01,RPM,shifted,1,1,0,110,2000,198,1426,0.099,0.713,38,159,0.019,0.0795,0.08,0.6335,True
rule_minus_shared_real,271828,123,block_01,RPM,shifted,1,1,0,110,2000,246,1789,0.123,0.8945,46,1739,0.023,0.8695,0.1,0.02499999999999991,True
rule_minus_shared_real,271828,2026,block_01,RPM,shifted,1,1,0,110,2000,382,1282,0.191,0.641,0,76,0.0,0.038,0.191,0.603,True
rule_minus_shared_real,271828,3407,block_01,RPM,shifted,1,1,0,110,2000,449,1382,0.2245,0.691,54,893,0.027,0.4465,0.1975,0.24449999999999994,True
rule_minus_shared_real,161803,7,block_01,RPM,shifted,1,1,0,110,2000,405,1894,0.2025,0.947,165,1343,0.0825,0.6715,0.12000000000000001,0.27549999999999997,True
rule_minus_shared_real,161803,42,block_01,RPM,shifted,1,1,0,110,2000,277,1529,0.1385,0.7645,38,159,0.019,0.0795,0.11950000000000001,0.6849999999999999,True
rule_minus_shared_real,161803,123,block_01,RPM,shifted,1,1,0,110,2000,514,1752,0.257,0.876,46,1739,0.023,0.8695,0.234,0.00649999999999995,True
rule_minus_shared_real,161803,2026,block_01,RPM,shifted,1,1,0,110,2000,150,1525,0.075,0.7625,0,76,0.0,0.038,0.075,0.7244999999999999,True
rule_minus_shared_real,161803,3407,block_01,RPM,shifted,1,1,0,110,2000,236,1898,0.118,0.949,54,893,0.027,0.4465,0.091,0.5025,True
rule_minus_shared_real,141421,7,block_01,RPM,shifted,1,1,0,110,2000,812,1763,0.406,0.8815,165,1343,0.0825,0.6715,0.3235,0.20999999999999996,True
rule_minus_shared_real,141421,42,block_01,RPM,shifted,1,1,0,110,2000,211,1788,0.1055,0.894,38,159,0.019,0.0795,0.0865,0.8145,True
rule_minus_shared_real,141421,123,block_01,RPM,shifted,1,1,0,110,2000,126,1458,0.063,0.729,46,1739,0.023,0.8695,0.04,-0.14050000000000007,True
rule_minus_shared_real,141421,2026,block_01,RPM,shifted,1,1,0,110,2000,191,678,0.0955,0.339,0,76,0.0,0.038,0.0955,0.30100000000000005,True
rule_minus_shared_real,141421,3407,block_01,RPM,shifted,1,1,0,110,2000,522,1932,0.261,0.966,54,893,0.027,0.4465,0.234,0.5195,True
rule_minus_shared_real,173205,7,block_01,RPM,shifted,1,1,0,110,2000,312,1710,0.156,0.855,165,1343,0.0825,0.6715,0.0735,0.1835,True
rule_minus_shared_real,173205,42,block_01,RPM,shifted,1,1,0,110,2000,138,1263,0.069,0.6315,38,159,0.019,0.0795,0.05,0.5519999999999999,True
rule_minus_shared_real,173205,123,block_01,RPM,shifted,1,1,0,110,2000,813,1732,0.4065,0.866,46,1739,0.023,0.8695,0.38349999999999995,-0.0035000000000000586,True
rule_minus_shared_real,173205,2026,block_01,RPM,shifted,1,1,0,110,2000,251,854,0.1255,0.427,0,76,0.0,0.038,0.1255,0.389,True
rule_minus_shared_real,173205,3407,block_01,RPM,shifted,1,1,0,110,2000,861,1748,0.4305,0.874,54,893,0.027,0.4465,0.40349999999999997,0.4275,True
rule_minus_shared_real,314159,7,block_01,RPM,shifted,1,1,1,111,2000,50,1997,0.025,0.9985,294,1978,0.147,0.989,-0.122,0.009500000000000064,True
rule_minus_shared_real,314159,42,block_01,RPM,shifted,1,1,1,111,2000,4,2000,0.002,1.0,253,1461,0.1265,0.7305,-0.1245,0.26949999999999996,True
rule_minus_shared_real,314159,123,block_01,RPM,shifted,1,1,1,111,2000,9,2000,0.0045,1.0,32,2000,0.016,1.0,-0.0115,0.0,True
rule_minus_shared_real,314159,2026,block_01,RPM,shifted,1,1,1,111,2000,25,2000,0.0125,1.0,27,1678,0.0135,0.839,-0.0009999999999999992,0.16100000000000003,True
rule_minus_shared_real,314159,3407,block_01,RPM,shifted,1,1,1,111,2000,109,2000,0.0545,1.0,29,2000,0.0145,1.0,0.04,0.0,True
rule_minus_shared_real,271828,7,block_01,RPM,shifted,1,1,1,111,2000,58,2000,0.029,1.0,294,1978,0.147,0.989,-0.118,0.01100000000000001,True
rule_minus_shared_real,271828,42,block_01,RPM,shifted,1,1,1,111,2000,24,2000,0.012,1.0,253,1461,0.1265,0.7305,-0.1145,0.26949999999999996,True
rule_minus_shared_real,271828,123,block_01,RPM,shifted,1,1,1,111,2000,10,2000,0.005,1.0,32,2000,0.016,1.0,-0.011,0.0,True
rule_minus_shared_real,271828,2026,block_01,RPM,shifted,1,1,1,111,2000,223,2000,0.1115,1.0,27,1678,0.0135,0.839,0.098,0.16100000000000003,True
rule_minus_shared_real,271828,3407,block_01,RPM,shifted,1,1,1,111,2000,48,1999,0.024,0.9995,29,2000,0.0145,1.0,0.0095,-0.0004999999999999449,True
rule_minus_shared_real,161803,7,block_01,RPM,shifted,1,1,1,111,2000,41,1995,0.0205,0.9975,294,1978,0.147,0.989,-0.1265,0.008500000000000063,True
rule_minus_shared_real,161803,42,block_01,RPM,shifted,1,1,1,111,2000,0,2000,0.0,1.0,253,1461,0.1265,0.7305,-0.1265,0.26949999999999996,True
rule_minus_shared_real,161803,123,block_01,RPM,shifted,1,1,1,111,2000,28,2000,0.014,1.0,32,2000,0.016,1.0,-0.002,0.0,True
rule_minus_shared_real,161803,2026,block_01,RPM,shifted,1,1,1,111,2000,6,1997,0.003,0.9985,27,1678,0.0135,0.839,-0.010499999999999999,0.1595000000000001,True
rule_minus_shared_real,161803,3407,block_01,RPM,shifted,1,1,1,111,2000,1,2000,0.0005,1.0,29,2000,0.0145,1.0,-0.014,0.0,True
rule_minus_shared_real,141421,7,block_01,RPM,shifted,1,1,1,111,2000,288,1997,0.144,0.9985,294,1978,0.147,0.989,-0.0030000000000000027,0.009500000000000064,True
rule_minus_shared_real,141421,42,block_01,RPM,shifted,1,1,1,111,2000,2,2000,0.001,1.0,253,1461,0.1265,0.7305,-0.1255,0.26949999999999996,True
rule_minus_shared_real,141421,123,block_01,RPM,shifted,1,1,1,111,2000,0,2000,0.0,1.0,32,2000,0.016,1.0,-0.016,0.0,True
rule_minus_shared_real,141421,2026,block_01,RPM,shifted,1,1,1,111,2000,43,1868,0.0215,0.934,27,1678,0.0135,0.839,0.007999999999999998,0.09500000000000008,True
rule_minus_shared_real,141421,3407,block_01,RPM,shifted,1,1,1,111,2000,101,2000,0.0505,1.0,29,2000,0.0145,1.0,0.036000000000000004,0.0,True
rule_minus_shared_real,173205,7,block_01,RPM,shifted,1,1,1,111,2000,15,2000,0.0075,1.0,294,1978,0.147,0.989,-0.13949999999999999,0.01100000000000001,True
rule_minus_shared_real,173205,42,block_01,RPM,shifted,1,1,1,111,2000,3,2000,0.0015,1.0,253,1461,0.1265,0.7305,-0.125,0.26949999999999996,True
rule_minus_shared_real,173205,123,block_01,RPM,shifted,1,1,1,111,2000,180,2000,0.09,1.0,32,2000,0.016,1.0,0.074,0.0,True
rule_minus_shared_real,173205,2026,block_01,RPM,shifted,1,1,1,111,2000,44,1987,0.022,0.9935,27,1678,0.0135,0.839,0.008499999999999999,0.15450000000000008,True
rule_minus_shared_real,173205,3407,block_01,RPM,shifted,1,1,1,111,2000,262,2000,0.131,1.0,29,2000,0.0145,1.0,0.1165,0.0,True
rule_minus_shared_real,314159,7,block_02,Gear,canonical,0,0,0,000,2000,1998,2000,0.999,1.0,32,498,0.016,0.249,0.983,0.751,True
rule_minus_shared_real,314159,42,block_02,Gear,canonical,0,0,0,000,2000,1998,1999,0.999,0.9995,0,2,0.0,0.001,0.999,0.9985,True
rule_minus_shared_real,314159,123,block_02,Gear,canonical,0,0,0,000,2000,1998,2000,0.999,1.0,0,38,0.0,0.019,0.999,0.981,True
rule_minus_shared_real,314159,2026,block_02,Gear,canonical,0,0,0,000,2000,1998,2000,0.999,1.0,0,33,0.0,0.0165,0.999,0.9835,True
rule_minus_shared_real,314159,3407,block_02,Gear,canonical,0,0,0,000,2000,1998,2000,0.999,1.0,0,2,0.0,0.001,0.999,0.999,True
rule_minus_shared_real,271828,7,block_02,Gear,canonical,0,0,0,000,2000,1998,1999,0.999,0.9995,32,498,0.016,0.249,0.983,0.7505000000000001,True
rule_minus_shared_real,271828,42,block_02,Gear,canonical,0,0,0,000,2000,1998,2000,0.999,1.0,0,2,0.0,0.001,0.999,0.999,True
rule_minus_shared_real,271828,123,block_02,Gear,canonical,0,0,0,000,2000,1998,1998,0.999,0.999,0,38,0.0,0.019,0.999,0.98,True
rule_minus_shared_real,271828,2026,block_02,Gear,canonical,0,0,0,000,2000,1998,2000,0.999,1.0,0,33,0.0,0.0165,0.999,0.9835,True
rule_minus_shared_real,271828,3407,block_02,Gear,canonical,0,0,0,000,2000,1998,2000,0.999,1.0,0,2,0.0,0.001,0.999,0.999,True
rule_minus_shared_real,161803,7,block_02,Gear,canonical,0,0,0,000,2000,1998,2000,0.999,1.0,32,498,0.016,0.249,0.983,0.751,True
rule_minus_shared_real,161803,42,block_02,Gear,canonical,0,0,0,000,2000,1998,2000,0.999,1.0,0,2,0.0,0.001,0.999,0.999,True
rule_minus_shared_real,161803,123,block_02,Gear,canonical,0,0,0,000,2000,1998,1998,0.999,0.999,0,38,0.0,0.019,0.999,0.98,True
rule_minus_shared_real,161803,2026,block_02,Gear,canonical,0,0,0,000,2000,1998,2000,0.999,1.0,0,33,0.0,0.0165,0.999,0.9835,True
rule_minus_shared_real,161803,3407,block_02,Gear,canonical,0,0,0,000,2000,1998,2000,0.999,1.0,0,2,0.0,0.001,0.999,0.999,True
rule_minus_shared_real,141421,7,block_02,Gear,canonical,0,0,0,000,2000,1998,2000,0.999,1.0,32,498,0.016,0.249,0.983,0.751,True
rule_minus_shared_real,141421,42,block_02,Gear,canonical,0,0,0,000,2000,1998,2000,0.999,1.0,0,2,0.0,0.001,0.999,0.999,True
rule_minus_shared_real,141421,123,block_02,Gear,canonical,0,0,0,000,2000,1998,2000,0.999,1.0,0,38,0.0,0.019,0.999,0.981,True
rule_minus_shared_real,141421,2026,block_02,Gear,canonical,0,0,0,000,2000,1998,2000,0.999,1.0,0,33,0.0,0.0165,0.999,0.9835,True
rule_minus_shared_real,141421,3407,block_02,Gear,canonical,0,0,0,000,2000,1998,2000,0.999,1.0,0,2,0.0,0.001,0.999,0.999,True
rule_minus_shared_real,173205,7,block_02,Gear,canonical,0,0,0,000,2000,1998,2000,0.999,1.0,32,498,0.016,0.249,0.983,0.751,True
rule_minus_shared_real,173205,42,block_02,Gear,canonical,0,0,0,000,2000,1998,2000,0.999,1.0,0,2,0.0,0.001,0.999,0.999,True
rule_minus_shared_real,173205,123,block_02,Gear,canonical,0,0,0,000,2000,1998,2000,0.999,1.0,0,38,0.0,0.019,0.999,0.981,True
rule_minus_shared_real,173205,2026,block_02,Gear,canonical,0,0,0,000,2000,1998,2000,0.999,1.0,0,33,0.0,0.0165,0.999,0.9835,True
rule_minus_shared_real,173205,3407,block_02,Gear,canonical,0,0,0,000,2000,1998,2000,0.999,1.0,0,2,0.0,0.001,0.999,0.999,True
rule_minus_shared_real,314159,7,block_02,Gear,canonical,0,0,1,001,2000,1998,2000,0.999,1.0,43,447,0.0215,0.2235,0.9775,0.7765,True
rule_minus_shared_real,314159,42,block_02,Gear,canonical,0,0,1,001,2000,1998,1999,0.999,0.9995,0,2,0.0,0.001,0.999,0.9985,True
rule_minus_shared_real,314159,123,block_02,Gear,canonical,0,0,1,001,2000,1998,2000,0.999,1.0,0,19,0.0,0.0095,0.999,0.9905,True
rule_minus_shared_real,314159,2026,block_02,Gear,canonical,0,0,1,001,2000,1998,2000,0.999,1.0,0,25,0.0,0.0125,0.999,0.9875,True
rule_minus_shared_real,314159,3407,block_02,Gear,canonical,0,0,1,001,2000,1998,2000,0.999,1.0,0,3,0.0,0.0015,0.999,0.9985,True
rule_minus_shared_real,271828,7,block_02,Gear,canonical,0,0,1,001,2000,1998,1999,0.999,0.9995,43,447,0.0215,0.2235,0.9775,0.776,True
rule_minus_shared_real,271828,42,block_02,Gear,canonical,0,0,1,001,2000,1998,2000,0.999,1.0,0,2,0.0,0.001,0.999,0.999,True
rule_minus_shared_real,271828,123,block_02,Gear,canonical,0,0,1,001,2000,1998,1998,0.999,0.999,0,19,0.0,0.0095,0.999,0.9895,True
rule_minus_shared_real,271828,2026,block_02,Gear,canonical,0,0,1,001,2000,1998,2000,0.999,1.0,0,25,0.0,0.0125,0.999,0.9875,True
rule_minus_shared_real,271828,3407,block_02,Gear,canonical,0,0,1,001,2000,1998,2000,0.999,1.0,0,3,0.0,0.0015,0.999,0.9985,True
rule_minus_shared_real,161803,7,block_02,Gear,canonical,0,0,1,001,2000,1998,2000,0.999,1.0,43,447,0.0215,0.2235,0.9775,0.7765,True
rule_minus_shared_real,161803,42,block_02,Gear,canonical,0,0,1,001,2000,1998,2000,0.999,1.0,0,2,0.0,0.001,0.999,0.999,True
rule_minus_shared_real,161803,123,block_02,Gear,canonical,0,0,1,001,2000,1998,1998,0.999,0.999,0,19,0.0,0.0095,0.999,0.9895,True
rule_minus_shared_real,161803,2026,block_02,Gear,canonical,0,0,1,001,2000,1998,2000,0.999,1.0,0,25,0.0,0.0125,0.999,0.9875,True
rule_minus_shared_real,161803,3407,block_02,Gear,canonical,0,0,1,001,2000,1998,2000,0.999,1.0,0,3,0.0,0.0015,0.999,0.9985,True
rule_minus_shared_real,141421,7,block_02,Gear,canonical,0,0,1,001,2000,1998,2000,0.999,1.0,43,447,0.0215,0.2235,0.9775,0.7765,True
rule_minus_shared_real,141421,42,block_02,Gear,canonical,0,0,1,001,2000,1998,2000,0.999,1.0,0,2,0.0,0.001,0.999,0.999,True
rule_minus_shared_real,141421,123,block_02,Gear,canonical,0,0,1,001,2000,1998,2000,0.999,1.0,0,19,0.0,0.0095,0.999,0.9905,True
rule_minus_shared_real,141421,2026,block_02,Gear,canonical,0,0,1,001,2000,1998,2000,0.999,1.0,0,25,0.0,0.0125,0.999,0.9875,True
rule_minus_shared_real,141421,3407,block_02,Gear,canonical,0,0,1,001,2000,1998,2000,0.999,1.0,0,3,0.0,0.0015,0.999,0.9985,True
rule_minus_shared_real,173205,7,block_02,Gear,canonical,0,0,1,001,2000,1998,2000,0.999,1.0,43,447,0.0215,0.2235,0.9775,0.7765,True
rule_minus_shared_real,173205,42,block_02,Gear,canonical,0,0,1,001,2000,1998,2000,0.999,1.0,0,2,0.0,0.001,0.999,0.999,True
rule_minus_shared_real,173205,123,block_02,Gear,canonical,0,0,1,001,2000,1998,2000,0.999,1.0,0,19,0.0,0.0095,0.999,0.9905,True
rule_minus_shared_real,173205,2026,block_02,Gear,canonical,0,0,1,001,2000,1998,2000,0.999,1.0,0,25,0.0,0.0125,0.999,0.9875,True
rule_minus_shared_real,173205,3407,block_02,Gear,canonical,0,0,1,001,2000,1998,2000,0.999,1.0,0,3,0.0,0.0015,0.999,0.9985,True
rule_minus_shared_real,314159,7,block_02,Gear,canonical,0,1,0,010,2000,1998,2000,0.999,1.0,24,96,0.012,0.048,0.987,0.952,True
rule_minus_shared_real,314159,42,block_02,Gear,canonical,0,1,0,010,2000,1998,1999,0.999,0.9995,0,2,0.0,0.001,0.999,0.9985,True
rule_minus_shared_real,314159,123,block_02,Gear,canonical,0,1,0,010,2000,1998,2000,0.999,1.0,0,3,0.0,0.0015,0.999,0.9985,True
rule_minus_shared_real,314159,2026,block_02,Gear,canonical,0,1,0,010,2000,1998,2000,0.999,1.0,0,3,0.0,0.0015,0.999,0.9985,True
rule_minus_shared_real,314159,3407,block_02,Gear,canonical,0,1,0,010,2000,1998,2000,0.999,1.0,0,3,0.0,0.0015,0.999,0.9985,True
rule_minus_shared_real,271828,7,block_02,Gear,canonical,0,1,0,010,2000,1998,2000,0.999,1.0,24,96,0.012,0.048,0.987,0.952,True
rule_minus_shared_real,271828,42,block_02,Gear,canonical,0,1,0,010,2000,1998,2000,0.999,1.0,0,2,0.0,0.001,0.999,0.999,True
rule_minus_shared_real,271828,123,block_02,Gear,canonical,0,1,0,010,2000,1998,1998,0.999,0.999,0,3,0.0,0.0015,0.999,0.9975,True
rule_minus_shared_real,271828,2026,block_02,Gear,canonical,0,1,0,010,2000,1998,2000,0.999,1.0,0,3,0.0,0.0015,0.999,0.9985,True
rule_minus_shared_real,271828,3407,block_02,Gear,canonical,0,1,0,010,2000,1998,2000,0.999,1.0,0,3,0.0,0.0015,0.999,0.9985,True
rule_minus_shared_real,161803,7,block_02,Gear,canonical,0,1,0,010,2000,1998,2000,0.999,1.0,24,96,0.012,0.048,0.987,0.952,True
rule_minus_shared_real,161803,42,block_02,Gear,canonical,0,1,0,010,2000,1998,2000,0.999,1.0,0,2,0.0,0.001,0.999,0.999,True
rule_minus_shared_real,161803,123,block_02,Gear,canonical,0,1,0,010,2000,1998,1998,0.999,0.999,0,3,0.0,0.0015,0.999,0.9975,True
rule_minus_shared_real,161803,2026,block_02,Gear,canonical,0,1,0,010,2000,1998,2000,0.999,1.0,0,3,0.0,0.0015,0.999,0.9985,True
rule_minus_shared_real,161803,3407,block_02,Gear,canonical,0,1,0,010,2000,1998,2000,0.999,1.0,0,3,0.0,0.0015,0.999,0.9985,True
rule_minus_shared_real,141421,7,block_02,Gear,canonical,0,1,0,010,2000,1998,2000,0.999,1.0,24,96,0.012,0.048,0.987,0.952,True
rule_minus_shared_real,141421,42,block_02,Gear,canonical,0,1,0,010,2000,1998,2000,0.999,1.0,0,2,0.0,0.001,0.999,0.999,True
rule_minus_shared_real,141421,123,block_02,Gear,canonical,0,1,0,010,2000,1998,2000,0.999,1.0,0,3,0.0,0.0015,0.999,0.9985,True
rule_minus_shared_real,141421,2026,block_02,Gear,canonical,0,1,0,010,2000,1998,2000,0.999,1.0,0,3,0.0,0.0015,0.999,0.9985,True
rule_minus_shared_real,141421,3407,block_02,Gear,canonical,0,1,0,010,2000,1998,2000,0.999,1.0,0,3,0.0,0.0015,0.999,0.9985,True
rule_minus_shared_real,173205,7,block_02,Gear,canonical,0,1,0,010,2000,1998,2000,0.999,1.0,24,96,0.012,0.048,0.987,0.952,True
rule_minus_shared_real,173205,42,block_02,Gear,canonical,0,1,0,010,2000,1998,2000,0.999,1.0,0,2,0.0,0.001,0.999,0.999,True
rule_minus_shared_real,173205,123,block_02,Gear,canonical,0,1,0,010,2000,1998,2000,0.999,1.0,0,3,0.0,0.0015,0.999,0.9985,True
rule_minus_shared_real,173205,2026,block_02,Gear,canonical,0,1,0,010,2000,1998,2000,0.999,1.0,0,3,0.0,0.0015,0.999,0.9985,True
rule_minus_shared_real,173205,3407,block_02,Gear,canonical,0,1,0,010,2000,1998,2000,0.999,1.0,0,3,0.0,0.0015,0.999,0.9985,True
rule_minus_shared_real,314159,7,block_02,Gear,canonical,0,1,1,011,2000,1998,2000,0.999,1.0,20,65,0.01,0.0325,0.989,0.9675,True
rule_minus_shared_real,314159,42,block_02,Gear,canonical,0,1,1,011,2000,1998,1999,0.999,0.9995,0,2,0.0,0.001,0.999,0.9985,True
rule_minus_shared_real,314159,123,block_02,Gear,canonical,0,1,1,011,2000,1998,2000,0.999,1.0,0,3,0.0,0.0015,0.999,0.9985,True
rule_minus_shared_real,314159,2026,block_02,Gear,canonical,0,1,1,011,2000,1998,2000,0.999,1.0,0,2,0.0,0.001,0.999,0.999,True
rule_minus_shared_real,314159,3407,block_02,Gear,canonical,0,1,1,011,2000,1998,2000,0.999,1.0,0,4,0.0,0.002,0.999,0.998,True
rule_minus_shared_real,271828,7,block_02,Gear,canonical,0,1,1,011,2000,1998,2000,0.999,1.0,20,65,0.01,0.0325,0.989,0.9675,True
rule_minus_shared_real,271828,42,block_02,Gear,canonical,0,1,1,011,2000,1998,2000,0.999,1.0,0,2,0.0,0.001,0.999,0.999,True
rule_minus_shared_real,271828,123,block_02,Gear,canonical,0,1,1,011,2000,1998,1998,0.999,0.999,0,3,0.0,0.0015,0.999,0.9975,True
rule_minus_shared_real,271828,2026,block_02,Gear,canonical,0,1,1,011,2000,1998,2000,0.999,1.0,0,2,0.0,0.001,0.999,0.999,True
rule_minus_shared_real,271828,3407,block_02,Gear,canonical,0,1,1,011,2000,1998,2000,0.999,1.0,0,4,0.0,0.002,0.999,0.998,True
rule_minus_shared_real,161803,7,block_02,Gear,canonical,0,1,1,011,2000,1998,2000,0.999,1.0,20,65,0.01,0.0325,0.989,0.9675,True
rule_minus_shared_real,161803,42,block_02,Gear,canonical,0,1,1,011,2000,1998,2000,0.999,1.0,0,2,0.0,0.001,0.999,0.999,True
rule_minus_shared_real,161803,123,block_02,Gear,canonical,0,1,1,011,2000,1998,1998,0.999,0.999,0,3,0.0,0.0015,0.999,0.9975,True
rule_minus_shared_real,161803,2026,block_02,Gear,canonical,0,1,1,011,2000,1998,2000,0.999,1.0,0,2,0.0,0.001,0.999,0.999,True
rule_minus_shared_real,161803,3407,block_02,Gear,canonical,0,1,1,011,2000,1998,2000,0.999,1.0,0,4,0.0,0.002,0.999,0.998,True
rule_minus_shared_real,141421,7,block_02,Gear,canonical,0,1,1,011,2000,1998,2000,0.999,1.0,20,65,0.01,0.0325,0.989,0.9675,True
rule_minus_shared_real,141421,42,block_02,Gear,canonical,0,1,1,011,2000,1998,2000,0.999,1.0,0,2,0.0,0.001,0.999,0.999,True
rule_minus_shared_real,141421,123,block_02,Gear,canonical,0,1,1,011,2000,1998,2000,0.999,1.0,0,3,0.0,0.0015,0.999,0.9985,True
rule_minus_shared_real,141421,2026,block_02,Gear,canonical,0,1,1,011,2000,1998,2000,0.999,1.0,0,2,0.0,0.001,0.999,0.999,True
rule_minus_shared_real,141421,3407,block_02,Gear,canonical,0,1,1,011,2000,1998,2000,0.999,1.0,0,4,0.0,0.002,0.999,0.998,True
rule_minus_shared_real,173205,7,block_02,Gear,canonical,0,1,1,011,2000,1998,2000,0.999,1.0,20,65,0.01,0.0325,0.989,0.9675,True
rule_minus_shared_real,173205,42,block_02,Gear,canonical,0,1,1,011,2000,1998,2000,0.999,1.0,0,2,0.0,0.001,0.999,0.999,True
rule_minus_shared_real,173205,123,block_02,Gear,canonical,0,1,1,011,2000,1998,2000,0.999,1.0,0,3,0.0,0.0015,0.999,0.9985,True
rule_minus_shared_real,173205,2026,block_02,Gear,canonical,0,1,1,011,2000,1998,2000,0.999,1.0,0,2,0.0,0.001,0.999,0.999,True
rule_minus_shared_real,173205,3407,block_02,Gear,canonical,0,1,1,011,2000,1998,2000,0.999,1.0,0,4,0.0,0.002,0.999,0.998,True
rule_minus_shared_real,314159,7,block_02,Gear,canonical,1,0,0,100,2000,99,1982,0.0495,0.991,15,1953,0.0075,0.9765,0.042,0.014499999999999957,True
rule_minus_shared_real,314159,42,block_02,Gear,canonical,1,0,0,100,2000,0,1967,0.0,0.9835,0,806,0.0,0.403,0.0,0.5805,True
rule_minus_shared_real,314159,123,block_02,Gear,canonical,1,0,0,100,2000,42,2000,0.021,1.0,2,1958,0.001,0.979,0.02,0.02100000000000002,True
rule_minus_shared_real,314159,2026,block_02,Gear,canonical,1,0,0,100,2000,55,2000,0.0275,1.0,0,1858,0.0,0.929,0.0275,0.07099999999999995,True
rule_minus_shared_real,314159,3407,block_02,Gear,canonical,1,0,0,100,2000,743,2000,0.3715,1.0,0,1946,0.0,0.973,0.3715,0.027000000000000024,True
rule_minus_shared_real,271828,7,block_02,Gear,canonical,1,0,0,100,2000,463,1999,0.2315,0.9995,15,1953,0.0075,0.9765,0.224,0.02300000000000002,True
rule_minus_shared_real,271828,42,block_02,Gear,canonical,1,0,0,100,2000,127,1861,0.0635,0.9305,0,806,0.0,0.403,0.0635,0.5275,True
rule_minus_shared_real,271828,123,block_02,Gear,canonical,1,0,0,100,2000,165,1998,0.0825,0.999,2,1958,0.001,0.979,0.0815,0.020000000000000018,True
rule_minus_shared_real,271828,2026,block_02,Gear,canonical,1,0,0,100,2000,0,2000,0.0,1.0,0,1858,0.0,0.929,0.0,0.07099999999999995,True
rule_minus_shared_real,271828,3407,block_02,Gear,canonical,1,0,0,100,2000,853,1982,0.4265,0.991,0,1946,0.0,0.973,0.4265,0.018000000000000016,True
rule_minus_shared_real,161803,7,block_02,Gear,canonical,1,0,0,100,2000,89,1985,0.0445,0.9925,15,1953,0.0075,0.9765,0.037,0.016000000000000014,True
rule_minus_shared_real,161803,42,block_02,Gear,canonical,1,0,0,100,2000,10,1996,0.005,0.998,0,806,0.0,0.403,0.005,0.595,True
rule_minus_shared_real,161803,123,block_02,Gear,canonical,1,0,0,100,2000,69,1998,0.0345,0.999,2,1958,0.001,0.979,0.0335,0.020000000000000018,True
rule_minus_shared_real,161803,2026,block_02,Gear,canonical,1,0,0,100,2000,2,1999,0.001,0.9995,0,1858,0.0,0.929,0.001,0.07050000000000001,True
rule_minus_shared_real,161803,3407,block_02,Gear,canonical,1,0,0,100,2000,74,2000,0.037,1.0,0,1946,0.0,0.973,0.037,0.027000000000000024,True
rule_minus_shared_real,141421,7,block_02,Gear,canonical,1,0,0,100,2000,57,1982,0.0285,0.991,15,1953,0.0075,0.9765,0.021,0.014499999999999957,True
rule_minus_shared_real,141421,42,block_02,Gear,canonical,1,0,0,100,2000,4,1673,0.002,0.8365,0,806,0.0,0.403,0.002,0.4335,True
rule_minus_shared_real,141421,123,block_02,Gear,canonical,1,0,0,100,2000,60,2000,0.03,1.0,2,1958,0.001,0.979,0.028999999999999998,0.02100000000000002,True
rule_minus_shared_real,141421,2026,block_02,Gear,canonical,1,0,0,100,2000,0,1995,0.0,0.9975,0,1858,0.0,0.929,0.0,0.0685,True
rule_minus_shared_real,141421,3407,block_02,Gear,canonical,1,0,0,100,2000,104,2000,0.052,1.0,0,1946,0.0,0.973,0.052,0.027000000000000024,True
rule_minus_shared_real,173205,7,block_02,Gear,canonical,1,0,0,100,2000,8,2000,0.004,1.0,15,1953,0.0075,0.9765,-0.0034999999999999996,0.023499999999999965,True
rule_minus_shared_real,173205,42,block_02,Gear,canonical,1,0,0,100,2000,6,2000,0.003,1.0,0,806,0.0,0.403,0.003,0.597,True
rule_minus_shared_real,173205,123,block_02,Gear,canonical,1,0,0,100,2000,114,2000,0.057,1.0,2,1958,0.001,0.979,0.056,0.02100000000000002,True
rule_minus_shared_real,173205,2026,block_02,Gear,canonical,1,0,0,100,2000,17,1999,0.0085,0.9995,0,1858,0.0,0.929,0.0085,0.07050000000000001,True
rule_minus_shared_real,173205,3407,block_02,Gear,canonical,1,0,0,100,2000,152,2000,0.076,1.0,0,1946,0.0,0.973,0.076,0.027000000000000024,True
rule_minus_shared_real,314159,7,block_02,Gear,canonical,1,0,1,101,2000,20,1998,0.01,0.999,9,1995,0.0045,0.9975,0.0055000000000000005,0.0014999999999999458,True
rule_minus_shared_real,314159,42,block_02,Gear,canonical,1,0,1,101,2000,0,1999,0.0,0.9995,0,1187,0.0,0.5935,0.0,0.406,True
rule_minus_shared_real,314159,123,block_02,Gear,canonical,1,0,1,101,2000,21,2000,0.0105,1.0,2,1965,0.001,0.9825,0.009500000000000001,0.01749999999999996,True
rule_minus_shared_real,314159,2026,block_02,Gear,canonical,1,0,1,101,2000,3,2000,0.0015,1.0,0,1945,0.0,0.9725,0.0015,0.02749999999999997,True
rule_minus_shared_real,314159,3407,block_02,Gear,canonical,1,0,1,101,2000,392,2000,0.196,1.0,0,1978,0.0,0.989,0.196,0.01100000000000001,True
rule_minus_shared_real,271828,7,block_02,Gear,canonical,1,0,1,101,2000,183,1999,0.0915,0.9995,9,1995,0.0045,0.9975,0.087,0.0020000000000000018,True
rule_minus_shared_real,271828,42,block_02,Gear,canonical,1,0,1,101,2000,40,1861,0.02,0.9305,0,1187,0.0,0.5935,0.02,0.33699999999999997,True
rule_minus_shared_real,271828,123,block_02,Gear,canonical,1,0,1,101,2000,30,1998,0.015,0.999,2,1965,0.001,0.9825,0.013999999999999999,0.01649999999999996,True
rule_minus_shared_real,271828,2026,block_02,Gear,canonical,1,0,1,101,2000,0,2000,0.0,1.0,0,1945,0.0,0.9725,0.0,0.02749999999999997,True
rule_minus_shared_real,271828,3407,block_02,Gear,canonical,1,0,1,101,2000,337,1993,0.1685,0.9965,0,1978,0.0,0.989,0.1685,0.007500000000000062,True
rule_minus_shared_real,161803,7,block_02,Gear,canonical,1,0,1,101,2000,13,1998,0.0065,0.999,9,1995,0.0045,0.9975,0.002,0.0014999999999999458,True
rule_minus_shared_real,161803,42,block_02,Gear,canonical,1,0,1,101,2000,2,1998,0.001,0.999,0,1187,0.0,0.5935,0.001,0.40549999999999997,True
rule_minus_shared_real,161803,123,block_02,Gear,canonical,1,0,1,101,2000,28,1998,0.014,0.999,2,1965,0.001,0.9825,0.013000000000000001,0.01649999999999996,True
rule_minus_shared_real,161803,2026,block_02,Gear,canonical,1,0,1,101,2000,0,2000,0.0,1.0,0,1945,0.0,0.9725,0.0,0.02749999999999997,True
rule_minus_shared_real,161803,3407,block_02,Gear,canonical,1,0,1,101,2000,13,2000,0.0065,1.0,0,1978,0.0,0.989,0.0065,0.01100000000000001,True
rule_minus_shared_real,141421,7,block_02,Gear,canonical,1,0,1,101,2000,5,1995,0.0025,0.9975,9,1995,0.0045,0.9975,-0.0019999999999999996,0.0,True
rule_minus_shared_real,141421,42,block_02,Gear,canonical,1,0,1,101,2000,2,1861,0.001,0.9305,0,1187,0.0,0.5935,0.001,0.33699999999999997,True
rule_minus_shared_real,141421,123,block_02,Gear,canonical,1,0,1,101,2000,13,2000,0.0065,1.0,2,1965,0.001,0.9825,0.0055,0.01749999999999996,True
rule_minus_shared_real,141421,2026,block_02,Gear,canonical,1,0,1,101,2000,0,1999,0.0,0.9995,0,1945,0.0,0.9725,0.0,0.027000000000000024,True
rule_minus_shared_real,141421,3407,block_02,Gear,canonical,1,0,1,101,2000,26,2000,0.013,1.0,0,1978,0.0,0.989,0.013,0.01100000000000001,True
rule_minus_shared_real,173205,7,block_02,Gear,canonical,1,0,1,101,2000,0,2000,0.0,1.0,9,1995,0.0045,0.9975,-0.0045,0.0024999999999999467,True
rule_minus_shared_real,173205,42,block_02,Gear,canonical,1,0,1,101,2000,0,2000,0.0,1.0,0,1187,0.0,0.5935,0.0,0.4065,True
rule_minus_shared_real,173205,123,block_02,Gear,canonical,1,0,1,101,2000,21,2000,0.0105,1.0,2,1965,0.001,0.9825,0.009500000000000001,0.01749999999999996,True
rule_minus_shared_real,173205,2026,block_02,Gear,canonical,1,0,1,101,2000,0,2000,0.0,1.0,0,1945,0.0,0.9725,0.0,0.02749999999999997,True
rule_minus_shared_real,173205,3407,block_02,Gear,canonical,1,0,1,101,2000,39,2000,0.0195,1.0,0,1978,0.0,0.989,0.0195,0.01100000000000001,True
rule_minus_shared_real,314159,7,block_02,Gear,canonical,1,1,0,110,2000,702,1988,0.351,0.994,2,1715,0.001,0.8575,0.35,0.13649999999999995,True
rule_minus_shared_real,314159,42,block_02,Gear,canonical,1,1,0,110,2000,5,1970,0.0025,0.985,0,53,0.0,0.0265,0.0025,0.9585,True
rule_minus_shared_real,314159,123,block_02,Gear,canonical,1,1,0,110,2000,728,2000,0.364,1.0,0,1952,0.0,0.976,0.364,0.02400000000000002,True
rule_minus_shared_real,314159,2026,block_02,Gear,canonical,1,1,0,110,2000,48,2000,0.024,1.0,0,864,0.0,0.432,0.024,0.5680000000000001,True
rule_minus_shared_real,314159,3407,block_02,Gear,canonical,1,1,0,110,2000,1689,1997,0.8445,0.9985,0,1841,0.0,0.9205,0.8445,0.07800000000000007,True
rule_minus_shared_real,271828,7,block_02,Gear,canonical,1,1,0,110,2000,1078,1999,0.539,0.9995,2,1715,0.001,0.8575,0.538,0.14200000000000002,True
rule_minus_shared_real,271828,42,block_02,Gear,canonical,1,1,0,110,2000,33,1983,0.0165,0.9915,0,53,0.0,0.0265,0.0165,0.9650000000000001,True
rule_minus_shared_real,271828,123,block_02,Gear,canonical,1,1,0,110,2000,647,1998,0.3235,0.999,0,1952,0.0,0.976,0.3235,0.02300000000000002,True
rule_minus_shared_real,271828,2026,block_02,Gear,canonical,1,1,0,110,2000,193,2000,0.0965,1.0,0,864,0.0,0.432,0.0965,0.5680000000000001,True
rule_minus_shared_real,271828,3407,block_02,Gear,canonical,1,1,0,110,2000,1868,1983,0.934,0.9915,0,1841,0.0,0.9205,0.934,0.07100000000000006,True
rule_minus_shared_real,161803,7,block_02,Gear,canonical,1,1,0,110,2000,553,1995,0.2765,0.9975,2,1715,0.001,0.8575,0.2755,0.14,True
rule_minus_shared_real,161803,42,block_02,Gear,canonical,1,1,0,110,2000,8,1995,0.004,0.9975,0,53,0.0,0.0265,0.004,0.9710000000000001,True
rule_minus_shared_real,161803,123,block_02,Gear,canonical,1,1,0,110,2000,549,1998,0.2745,0.999,0,1952,0.0,0.976,0.2745,0.02300000000000002,True
rule_minus_shared_real,161803,2026,block_02,Gear,canonical,1,1,0,110,2000,18,1999,0.009,0.9995,0,864,0.0,0.432,0.009,0.5675000000000001,True
rule_minus_shared_real,161803,3407,block_02,Gear,canonical,1,1,0,110,2000,1234,2000,0.617,1.0,0,1841,0.0,0.9205,0.617,0.07950000000000002,True
rule_minus_shared_real,141421,7,block_02,Gear,canonical,1,1,0,110,2000,829,1985,0.4145,0.9925,2,1715,0.001,0.8575,0.4135,0.135,True
rule_minus_shared_real,141421,42,block_02,Gear,canonical,1,1,0,110,2000,31,1930,0.0155,0.965,0,53,0.0,0.0265,0.0155,0.9385,True
rule_minus_shared_real,141421,123,block_02,Gear,canonical,1,1,0,110,2000,239,2000,0.1195,1.0,0,1952,0.0,0.976,0.1195,0.02400000000000002,True
rule_minus_shared_real,141421,2026,block_02,Gear,canonical,1,1,0,110,2000,15,1988,0.0075,0.994,0,864,0.0,0.432,0.0075,0.562,True
rule_minus_shared_real,141421,3407,block_02,Gear,canonical,1,1,0,110,2000,1430,1997,0.715,0.9985,0,1841,0.0,0.9205,0.715,0.07800000000000007,True
rule_minus_shared_real,173205,7,block_02,Gear,canonical,1,1,0,110,2000,402,2000,0.201,1.0,2,1715,0.001,0.8575,0.2,0.14249999999999996,True
rule_minus_shared_real,173205,42,block_02,Gear,canonical,1,1,0,110,2000,35,1995,0.0175,0.9975,0,53,0.0,0.0265,0.0175,0.9710000000000001,True
rule_minus_shared_real,173205,123,block_02,Gear,canonical,1,1,0,110,2000,1359,2000,0.6795,1.0,0,1952,0.0,0.976,0.6795,0.02400000000000002,True
rule_minus_shared_real,173205,2026,block_02,Gear,canonical,1,1,0,110,2000,61,1996,0.0305,0.998,0,864,0.0,0.432,0.0305,0.5660000000000001,True
rule_minus_shared_real,173205,3407,block_02,Gear,canonical,1,1,0,110,2000,1364,1996,0.682,0.998,0,1841,0.0,0.9205,0.682,0.07750000000000001,True
rule_minus_shared_real,314159,7,block_02,Gear,canonical,1,1,1,111,2000,454,1989,0.227,0.9945,2,1663,0.001,0.8315,0.226,0.16300000000000003,True
rule_minus_shared_real,314159,42,block_02,Gear,canonical,1,1,1,111,2000,1,1987,0.0005,0.9935,0,74,0.0,0.037,0.0005,0.9565,True
rule_minus_shared_real,314159,123,block_02,Gear,canonical,1,1,1,111,2000,253,2000,0.1265,1.0,0,1897,0.0,0.9485,0.1265,0.05149999999999999,True
rule_minus_shared_real,314159,2026,block_02,Gear,canonical,1,1,1,111,2000,14,2000,0.007,1.0,0,1026,0.0,0.513,0.007,0.487,True
rule_minus_shared_real,314159,3407,block_02,Gear,canonical,1,1,1,111,2000,1308,1998,0.654,0.999,0,1781,0.0,0.8905,0.654,0.10850000000000004,True
rule_minus_shared_real,271828,7,block_02,Gear,canonical,1,1,1,111,2000,897,1999,0.4485,0.9995,2,1663,0.001,0.8315,0.4475,0.16800000000000004,True
rule_minus_shared_real,271828,42,block_02,Gear,canonical,1,1,1,111,2000,15,1980,0.0075,0.99,0,74,0.0,0.037,0.0075,0.953,True
rule_minus_shared_real,271828,123,block_02,Gear,canonical,1,1,1,111,2000,107,1998,0.0535,0.999,0,1897,0.0,0.9485,0.0535,0.05049999999999999,True
rule_minus_shared_real,271828,2026,block_02,Gear,canonical,1,1,1,111,2000,72,2000,0.036,1.0,0,1026,0.0,0.513,0.036,0.487,True
rule_minus_shared_real,271828,3407,block_02,Gear,canonical,1,1,1,111,2000,1680,1984,0.84,0.992,0,1781,0.0,0.8905,0.84,0.10150000000000003,True
rule_minus_shared_real,161803,7,block_02,Gear,canonical,1,1,1,111,2000,359,1996,0.1795,0.998,2,1663,0.001,0.8315,0.1785,0.16649999999999998,True
rule_minus_shared_real,161803,42,block_02,Gear,canonical,1,1,1,111,2000,2,1998,0.001,0.999,0,74,0.0,0.037,0.001,0.962,True
rule_minus_shared_real,161803,123,block_02,Gear,canonical,1,1,1,111,2000,141,1998,0.0705,0.999,0,1897,0.0,0.9485,0.0705,0.05049999999999999,True
rule_minus_shared_real,161803,2026,block_02,Gear,canonical,1,1,1,111,2000,5,2000,0.0025,1.0,0,1026,0.0,0.513,0.0025,0.487,True
rule_minus_shared_real,161803,3407,block_02,Gear,canonical,1,1,1,111,2000,736,2000,0.368,1.0,0,1781,0.0,0.8905,0.368,0.10950000000000004,True
rule_minus_shared_real,141421,7,block_02,Gear,canonical,1,1,1,111,2000,564,1981,0.282,0.9905,2,1663,0.001,0.8315,0.28099999999999997,0.15900000000000003,True
rule_minus_shared_real,141421,42,block_02,Gear,canonical,1,1,1,111,2000,5,1979,0.0025,0.9895,0,74,0.0,0.037,0.0025,0.9525,True
rule_minus_shared_real,141421,123,block_02,Gear,canonical,1,1,1,111,2000,26,2000,0.013,1.0,0,1897,0.0,0.9485,0.013,0.05149999999999999,True
rule_minus_shared_real,141421,2026,block_02,Gear,canonical,1,1,1,111,2000,4,1991,0.002,0.9955,0,1026,0.0,0.513,0.002,0.48250000000000004,True
rule_minus_shared_real,141421,3407,block_02,Gear,canonical,1,1,1,111,2000,1070,1999,0.535,0.9995,0,1781,0.0,0.8905,0.535,0.1090000000000001,True
rule_minus_shared_real,173205,7,block_02,Gear,canonical,1,1,1,111,2000,267,2000,0.1335,1.0,2,1663,0.001,0.8315,0.1325,0.16849999999999998,True
rule_minus_shared_real,173205,42,block_02,Gear,canonical,1,1,1,111,2000,15,1995,0.0075,0.9975,0,74,0.0,0.037,0.0075,0.9605,True
rule_minus_shared_real,173205,123,block_02,Gear,canonical,1,1,1,111,2000,741,2000,0.3705,1.0,0,1897,0.0,0.9485,0.3705,0.05149999999999999,True
rule_minus_shared_real,173205,2026,block_02,Gear,canonical,1,1,1,111,2000,8,1999,0.004,0.9995,0,1026,0.0,0.513,0.004,0.48650000000000004,True
rule_minus_shared_real,173205,3407,block_02,Gear,canonical,1,1,1,111,2000,805,1999,0.4025,0.9995,0,1781,0.0,0.8905,0.4025,0.1090000000000001,True
rule_minus_shared_real,314159,7,block_02,Gear,shifted,0,0,0,000,2000,1998,2000,0.999,1.0,32,500,0.016,0.25,0.983,0.75,True
rule_minus_shared_real,314159,42,block_02,Gear,shifted,0,0,0,000,2000,1998,1999,0.999,0.9995,0,2,0.0,0.001,0.999,0.9985,True
rule_minus_shared_real,314159,123,block_02,Gear,shifted,0,0,0,000,2000,1998,2000,0.999,1.0,0,38,0.0,0.019,0.999,0.981,True
rule_minus_shared_real,314159,2026,block_02,Gear,shifted,0,0,0,000,2000,1998,2000,0.999,1.0,0,33,0.0,0.0165,0.999,0.9835,True
rule_minus_shared_real,314159,3407,block_02,Gear,shifted,0,0,0,000,2000,1998,2000,0.999,1.0,0,2,0.0,0.001,0.999,0.999,True
rule_minus_shared_real,271828,7,block_02,Gear,shifted,0,0,0,000,2000,1998,1999,0.999,0.9995,32,500,0.016,0.25,0.983,0.7495,True
rule_minus_shared_real,271828,42,block_02,Gear,shifted,0,0,0,000,2000,1998,2000,0.999,1.0,0,2,0.0,0.001,0.999,0.999,True
rule_minus_shared_real,271828,123,block_02,Gear,shifted,0,0,0,000,2000,1998,1998,0.999,0.999,0,38,0.0,0.019,0.999,0.98,True
rule_minus_shared_real,271828,2026,block_02,Gear,shifted,0,0,0,000,2000,1998,2000,0.999,1.0,0,33,0.0,0.0165,0.999,0.9835,True
rule_minus_shared_real,271828,3407,block_02,Gear,shifted,0,0,0,000,2000,1998,2000,0.999,1.0,0,2,0.0,0.001,0.999,0.999,True
rule_minus_shared_real,161803,7,block_02,Gear,shifted,0,0,0,000,2000,1998,2000,0.999,1.0,32,500,0.016,0.25,0.983,0.75,True
rule_minus_shared_real,161803,42,block_02,Gear,shifted,0,0,0,000,2000,1998,2000,0.999,1.0,0,2,0.0,0.001,0.999,0.999,True
rule_minus_shared_real,161803,123,block_02,Gear,shifted,0,0,0,000,2000,1998,1998,0.999,0.999,0,38,0.0,0.019,0.999,0.98,True
rule_minus_shared_real,161803,2026,block_02,Gear,shifted,0,0,0,000,2000,1998,2000,0.999,1.0,0,33,0.0,0.0165,0.999,0.9835,True
rule_minus_shared_real,161803,3407,block_02,Gear,shifted,0,0,0,000,2000,1998,2000,0.999,1.0,0,2,0.0,0.001,0.999,0.999,True
rule_minus_shared_real,141421,7,block_02,Gear,shifted,0,0,0,000,2000,1998,2000,0.999,1.0,32,500,0.016,0.25,0.983,0.75,True
rule_minus_shared_real,141421,42,block_02,Gear,shifted,0,0,0,000,2000,1998,2000,0.999,1.0,0,2,0.0,0.001,0.999,0.999,True
rule_minus_shared_real,141421,123,block_02,Gear,shifted,0,0,0,000,2000,1998,2000,0.999,1.0,0,38,0.0,0.019,0.999,0.981,True
rule_minus_shared_real,141421,2026,block_02,Gear,shifted,0,0,0,000,2000,1998,2000,0.999,1.0,0,33,0.0,0.0165,0.999,0.9835,True
rule_minus_shared_real,141421,3407,block_02,Gear,shifted,0,0,0,000,2000,1998,2000,0.999,1.0,0,2,0.0,0.001,0.999,0.999,True
rule_minus_shared_real,173205,7,block_02,Gear,shifted,0,0,0,000,2000,1998,2000,0.999,1.0,32,500,0.016,0.25,0.983,0.75,True
rule_minus_shared_real,173205,42,block_02,Gear,shifted,0,0,0,000,2000,1998,2000,0.999,1.0,0,2,0.0,0.001,0.999,0.999,True
rule_minus_shared_real,173205,123,block_02,Gear,shifted,0,0,0,000,2000,1998,2000,0.999,1.0,0,38,0.0,0.019,0.999,0.981,True
rule_minus_shared_real,173205,2026,block_02,Gear,shifted,0,0,0,000,2000,1998,2000,0.999,1.0,0,33,0.0,0.0165,0.999,0.9835,True
rule_minus_shared_real,173205,3407,block_02,Gear,shifted,0,0,0,000,2000,1998,2000,0.999,1.0,0,2,0.0,0.001,0.999,0.999,True
rule_minus_shared_real,314159,7,block_02,Gear,shifted,0,0,1,001,2000,1998,2000,0.999,1.0,43,449,0.0215,0.2245,0.9775,0.7755,True
rule_minus_shared_real,314159,42,block_02,Gear,shifted,0,0,1,001,2000,1998,1999,0.999,0.9995,0,2,0.0,0.001,0.999,0.9985,True
rule_minus_shared_real,314159,123,block_02,Gear,shifted,0,0,1,001,2000,1998,2000,0.999,1.0,0,19,0.0,0.0095,0.999,0.9905,True
rule_minus_shared_real,314159,2026,block_02,Gear,shifted,0,0,1,001,2000,1998,2000,0.999,1.0,0,25,0.0,0.0125,0.999,0.9875,True
rule_minus_shared_real,314159,3407,block_02,Gear,shifted,0,0,1,001,2000,1998,2000,0.999,1.0,0,3,0.0,0.0015,0.999,0.9985,True
rule_minus_shared_real,271828,7,block_02,Gear,shifted,0,0,1,001,2000,1998,1999,0.999,0.9995,43,449,0.0215,0.2245,0.9775,0.775,True
rule_minus_shared_real,271828,42,block_02,Gear,shifted,0,0,1,001,2000,1998,2000,0.999,1.0,0,2,0.0,0.001,0.999,0.999,True
rule_minus_shared_real,271828,123,block_02,Gear,shifted,0,0,1,001,2000,1998,1998,0.999,0.999,0,19,0.0,0.0095,0.999,0.9895,True
rule_minus_shared_real,271828,2026,block_02,Gear,shifted,0,0,1,001,2000,1998,2000,0.999,1.0,0,25,0.0,0.0125,0.999,0.9875,True
rule_minus_shared_real,271828,3407,block_02,Gear,shifted,0,0,1,001,2000,1998,2000,0.999,1.0,0,3,0.0,0.0015,0.999,0.9985,True
rule_minus_shared_real,161803,7,block_02,Gear,shifted,0,0,1,001,2000,1998,2000,0.999,1.0,43,449,0.0215,0.2245,0.9775,0.7755,True
rule_minus_shared_real,161803,42,block_02,Gear,shifted,0,0,1,001,2000,1998,2000,0.999,1.0,0,2,0.0,0.001,0.999,0.999,True
rule_minus_shared_real,161803,123,block_02,Gear,shifted,0,0,1,001,2000,1998,1998,0.999,0.999,0,19,0.0,0.0095,0.999,0.9895,True
rule_minus_shared_real,161803,2026,block_02,Gear,shifted,0,0,1,001,2000,1998,2000,0.999,1.0,0,25,0.0,0.0125,0.999,0.9875,True
rule_minus_shared_real,161803,3407,block_02,Gear,shifted,0,0,1,001,2000,1998,2000,0.999,1.0,0,3,0.0,0.0015,0.999,0.9985,True
rule_minus_shared_real,141421,7,block_02,Gear,shifted,0,0,1,001,2000,1998,2000,0.999,1.0,43,449,0.0215,0.2245,0.9775,0.7755,True
rule_minus_shared_real,141421,42,block_02,Gear,shifted,0,0,1,001,2000,1998,2000,0.999,1.0,0,2,0.0,0.001,0.999,0.999,True
rule_minus_shared_real,141421,123,block_02,Gear,shifted,0,0,1,001,2000,1998,2000,0.999,1.0,0,19,0.0,0.0095,0.999,0.9905,True
rule_minus_shared_real,141421,2026,block_02,Gear,shifted,0,0,1,001,2000,1998,2000,0.999,1.0,0,25,0.0,0.0125,0.999,0.9875,True
rule_minus_shared_real,141421,3407,block_02,Gear,shifted,0,0,1,001,2000,1998,2000,0.999,1.0,0,3,0.0,0.0015,0.999,0.9985,True
rule_minus_shared_real,173205,7,block_02,Gear,shifted,0,0,1,001,2000,1998,2000,0.999,1.0,43,449,0.0215,0.2245,0.9775,0.7755,True
rule_minus_shared_real,173205,42,block_02,Gear,shifted,0,0,1,001,2000,1998,2000,0.999,1.0,0,2,0.0,0.001,0.999,0.999,True
rule_minus_shared_real,173205,123,block_02,Gear,shifted,0,0,1,001,2000,1998,2000,0.999,1.0,0,19,0.0,0.0095,0.999,0.9905,True
rule_minus_shared_real,173205,2026,block_02,Gear,shifted,0,0,1,001,2000,1998,2000,0.999,1.0,0,25,0.0,0.0125,0.999,0.9875,True
rule_minus_shared_real,173205,3407,block_02,Gear,shifted,0,0,1,001,2000,1998,2000,0.999,1.0,0,3,0.0,0.0015,0.999,0.9985,True
rule_minus_shared_real,314159,7,block_02,Gear,shifted,0,1,0,010,2000,1998,2000,0.999,1.0,26,97,0.013,0.0485,0.986,0.9515,True
rule_minus_shared_real,314159,42,block_02,Gear,shifted,0,1,0,010,2000,1998,1999,0.999,0.9995,0,2,0.0,0.001,0.999,0.9985,True
rule_minus_shared_real,314159,123,block_02,Gear,shifted,0,1,0,010,2000,1998,2000,0.999,1.0,0,3,0.0,0.0015,0.999,0.9985,True
rule_minus_shared_real,314159,2026,block_02,Gear,shifted,0,1,0,010,2000,1998,2000,0.999,1.0,0,3,0.0,0.0015,0.999,0.9985,True
rule_minus_shared_real,314159,3407,block_02,Gear,shifted,0,1,0,010,2000,1998,2000,0.999,1.0,0,3,0.0,0.0015,0.999,0.9985,True
rule_minus_shared_real,271828,7,block_02,Gear,shifted,0,1,0,010,2000,1998,2000,0.999,1.0,26,97,0.013,0.0485,0.986,0.9515,True
rule_minus_shared_real,271828,42,block_02,Gear,shifted,0,1,0,010,2000,1998,2000,0.999,1.0,0,2,0.0,0.001,0.999,0.999,True
rule_minus_shared_real,271828,123,block_02,Gear,shifted,0,1,0,010,2000,1998,1998,0.999,0.999,0,3,0.0,0.0015,0.999,0.9975,True
rule_minus_shared_real,271828,2026,block_02,Gear,shifted,0,1,0,010,2000,1998,2000,0.999,1.0,0,3,0.0,0.0015,0.999,0.9985,True
rule_minus_shared_real,271828,3407,block_02,Gear,shifted,0,1,0,010,2000,1998,2000,0.999,1.0,0,3,0.0,0.0015,0.999,0.9985,True
rule_minus_shared_real,161803,7,block_02,Gear,shifted,0,1,0,010,2000,1998,2000,0.999,1.0,26,97,0.013,0.0485,0.986,0.9515,True
rule_minus_shared_real,161803,42,block_02,Gear,shifted,0,1,0,010,2000,1998,2000,0.999,1.0,0,2,0.0,0.001,0.999,0.999,True
rule_minus_shared_real,161803,123,block_02,Gear,shifted,0,1,0,010,2000,1998,1998,0.999,0.999,0,3,0.0,0.0015,0.999,0.9975,True
rule_minus_shared_real,161803,2026,block_02,Gear,shifted,0,1,0,010,2000,1998,2000,0.999,1.0,0,3,0.0,0.0015,0.999,0.9985,True
rule_minus_shared_real,161803,3407,block_02,Gear,shifted,0,1,0,010,2000,1998,2000,0.999,1.0,0,3,0.0,0.0015,0.999,0.9985,True
rule_minus_shared_real,141421,7,block_02,Gear,shifted,0,1,0,010,2000,1998,2000,0.999,1.0,26,97,0.013,0.0485,0.986,0.9515,True
rule_minus_shared_real,141421,42,block_02,Gear,shifted,0,1,0,010,2000,1998,2000,0.999,1.0,0,2,0.0,0.001,0.999,0.999,True
rule_minus_shared_real,141421,123,block_02,Gear,shifted,0,1,0,010,2000,1998,2000,0.999,1.0,0,3,0.0,0.0015,0.999,0.9985,True
rule_minus_shared_real,141421,2026,block_02,Gear,shifted,0,1,0,010,2000,1998,2000,0.999,1.0,0,3,0.0,0.0015,0.999,0.9985,True
rule_minus_shared_real,141421,3407,block_02,Gear,shifted,0,1,0,010,2000,1998,2000,0.999,1.0,0,3,0.0,0.0015,0.999,0.9985,True
rule_minus_shared_real,173205,7,block_02,Gear,shifted,0,1,0,010,2000,1998,2000,0.999,1.0,26,97,0.013,0.0485,0.986,0.9515,True
rule_minus_shared_real,173205,42,block_02,Gear,shifted,0,1,0,010,2000,1998,2000,0.999,1.0,0,2,0.0,0.001,0.999,0.999,True
rule_minus_shared_real,173205,123,block_02,Gear,shifted,0,1,0,010,2000,1998,2000,0.999,1.0,0,3,0.0,0.0015,0.999,0.9985,True
rule_minus_shared_real,173205,2026,block_02,Gear,shifted,0,1,0,010,2000,1998,2000,0.999,1.0,0,3,0.0,0.0015,0.999,0.9985,True
rule_minus_shared_real,173205,3407,block_02,Gear,shifted,0,1,0,010,2000,1998,2000,0.999,1.0,0,3,0.0,0.0015,0.999,0.9985,True
rule_minus_shared_real,314159,7,block_02,Gear,shifted,0,1,1,011,2000,1998,2000,0.999,1.0,20,65,0.01,0.0325,0.989,0.9675,True
rule_minus_shared_real,314159,42,block_02,Gear,shifted,0,1,1,011,2000,1998,1999,0.999,0.9995,0,2,0.0,0.001,0.999,0.9985,True
rule_minus_shared_real,314159,123,block_02,Gear,shifted,0,1,1,011,2000,1998,2000,0.999,1.0,0,3,0.0,0.0015,0.999,0.9985,True
rule_minus_shared_real,314159,2026,block_02,Gear,shifted,0,1,1,011,2000,1998,2000,0.999,1.0,0,2,0.0,0.001,0.999,0.999,True
rule_minus_shared_real,314159,3407,block_02,Gear,shifted,0,1,1,011,2000,1998,2000,0.999,1.0,0,4,0.0,0.002,0.999,0.998,True
rule_minus_shared_real,271828,7,block_02,Gear,shifted,0,1,1,011,2000,1998,2000,0.999,1.0,20,65,0.01,0.0325,0.989,0.9675,True
rule_minus_shared_real,271828,42,block_02,Gear,shifted,0,1,1,011,2000,1998,2000,0.999,1.0,0,2,0.0,0.001,0.999,0.999,True
rule_minus_shared_real,271828,123,block_02,Gear,shifted,0,1,1,011,2000,1998,1998,0.999,0.999,0,3,0.0,0.0015,0.999,0.9975,True
rule_minus_shared_real,271828,2026,block_02,Gear,shifted,0,1,1,011,2000,1998,2000,0.999,1.0,0,2,0.0,0.001,0.999,0.999,True
rule_minus_shared_real,271828,3407,block_02,Gear,shifted,0,1,1,011,2000,1998,2000,0.999,1.0,0,4,0.0,0.002,0.999,0.998,True
rule_minus_shared_real,161803,7,block_02,Gear,shifted,0,1,1,011,2000,1998,2000,0.999,1.0,20,65,0.01,0.0325,0.989,0.9675,True
rule_minus_shared_real,161803,42,block_02,Gear,shifted,0,1,1,011,2000,1998,2000,0.999,1.0,0,2,0.0,0.001,0.999,0.999,True
rule_minus_shared_real,161803,123,block_02,Gear,shifted,0,1,1,011,2000,1998,1998,0.999,0.999,0,3,0.0,0.0015,0.999,0.9975,True
rule_minus_shared_real,161803,2026,block_02,Gear,shifted,0,1,1,011,2000,1998,2000,0.999,1.0,0,2,0.0,0.001,0.999,0.999,True
rule_minus_shared_real,161803,3407,block_02,Gear,shifted,0,1,1,011,2000,1998,2000,0.999,1.0,0,4,0.0,0.002,0.999,0.998,True
rule_minus_shared_real,141421,7,block_02,Gear,shifted,0,1,1,011,2000,1998,2000,0.999,1.0,20,65,0.01,0.0325,0.989,0.9675,True
rule_minus_shared_real,141421,42,block_02,Gear,shifted,0,1,1,011,2000,1998,2000,0.999,1.0,0,2,0.0,0.001,0.999,0.999,True
rule_minus_shared_real,141421,123,block_02,Gear,shifted,0,1,1,011,2000,1998,2000,0.999,1.0,0,3,0.0,0.0015,0.999,0.9985,True
rule_minus_shared_real,141421,2026,block_02,Gear,shifted,0,1,1,011,2000,1998,2000,0.999,1.0,0,2,0.0,0.001,0.999,0.999,True
rule_minus_shared_real,141421,3407,block_02,Gear,shifted,0,1,1,011,2000,1998,2000,0.999,1.0,0,4,0.0,0.002,0.999,0.998,True
rule_minus_shared_real,173205,7,block_02,Gear,shifted,0,1,1,011,2000,1998,2000,0.999,1.0,20,65,0.01,0.0325,0.989,0.9675,True
rule_minus_shared_real,173205,42,block_02,Gear,shifted,0,1,1,011,2000,1998,2000,0.999,1.0,0,2,0.0,0.001,0.999,0.999,True
rule_minus_shared_real,173205,123,block_02,Gear,shifted,0,1,1,011,2000,1998,2000,0.999,1.0,0,3,0.0,0.0015,0.999,0.9985,True
rule_minus_shared_real,173205,2026,block_02,Gear,shifted,0,1,1,011,2000,1998,2000,0.999,1.0,0,2,0.0,0.001,0.999,0.999,True
rule_minus_shared_real,173205,3407,block_02,Gear,shifted,0,1,1,011,2000,1998,2000,0.999,1.0,0,4,0.0,0.002,0.999,0.998,True
rule_minus_shared_real,314159,7,block_02,Gear,shifted,1,0,0,100,2000,100,1983,0.05,0.9915,15,1953,0.0075,0.9765,0.0425,0.015000000000000013,True
rule_minus_shared_real,314159,42,block_02,Gear,shifted,1,0,0,100,2000,0,1967,0.0,0.9835,0,808,0.0,0.404,0.0,0.5795,True
rule_minus_shared_real,314159,123,block_02,Gear,shifted,1,0,0,100,2000,42,2000,0.021,1.0,2,1958,0.001,0.979,0.02,0.02100000000000002,True
rule_minus_shared_real,314159,2026,block_02,Gear,shifted,1,0,0,100,2000,57,2000,0.0285,1.0,0,1862,0.0,0.931,0.0285,0.06899999999999995,True
rule_minus_shared_real,314159,3407,block_02,Gear,shifted,1,0,0,100,2000,745,2000,0.3725,1.0,0,1946,0.0,0.973,0.3725,0.027000000000000024,True
rule_minus_shared_real,271828,7,block_02,Gear,shifted,1,0,0,100,2000,472,1999,0.236,0.9995,15,1953,0.0075,0.9765,0.22849999999999998,0.02300000000000002,True
rule_minus_shared_real,271828,42,block_02,Gear,shifted,1,0,0,100,2000,131,1861,0.0655,0.9305,0,808,0.0,0.404,0.0655,0.5265,True
rule_minus_shared_real,271828,123,block_02,Gear,shifted,1,0,0,100,2000,166,1998,0.083,0.999,2,1958,0.001,0.979,0.082,0.020000000000000018,True
rule_minus_shared_real,271828,2026,block_02,Gear,shifted,1,0,0,100,2000,0,2000,0.0,1.0,0,1862,0.0,0.931,0.0,0.06899999999999995,True
rule_minus_shared_real,271828,3407,block_02,Gear,shifted,1,0,0,100,2000,861,1982,0.4305,0.991,0,1946,0.0,0.973,0.4305,0.018000000000000016,True
rule_minus_shared_real,161803,7,block_02,Gear,shifted,1,0,0,100,2000,91,1985,0.0455,0.9925,15,1953,0.0075,0.9765,0.038,0.016000000000000014,True
rule_minus_shared_real,161803,42,block_02,Gear,shifted,1,0,0,100,2000,10,1996,0.005,0.998,0,808,0.0,0.404,0.005,0.594,True
rule_minus_shared_real,161803,123,block_02,Gear,shifted,1,0,0,100,2000,71,1998,0.0355,0.999,2,1958,0.001,0.979,0.034499999999999996,0.020000000000000018,True
rule_minus_shared_real,161803,2026,block_02,Gear,shifted,1,0,0,100,2000,2,1999,0.001,0.9995,0,1862,0.0,0.931,0.001,0.0685,True
rule_minus_shared_real,161803,3407,block_02,Gear,shifted,1,0,0,100,2000,77,2000,0.0385,1.0,0,1946,0.0,0.973,0.0385,0.027000000000000024,True
rule_minus_shared_real,141421,7,block_02,Gear,shifted,1,0,0,100,2000,59,1982,0.0295,0.991,15,1953,0.0075,0.9765,0.022,0.014499999999999957,True
rule_minus_shared_real,141421,42,block_02,Gear,shifted,1,0,0,100,2000,5,1671,0.0025,0.8355,0,808,0.0,0.404,0.0025,0.4315,True
rule_minus_shared_real,141421,123,block_02,Gear,shifted,1,0,0,100,2000,61,2000,0.0305,1.0,2,1958,0.001,0.979,0.0295,0.02100000000000002,True
rule_minus_shared_real,141421,2026,block_02,Gear,shifted,1,0,0,100,2000,0,1995,0.0,0.9975,0,1862,0.0,0.931,0.0,0.0665,True
rule_minus_shared_real,141421,3407,block_02,Gear,shifted,1,0,0,100,2000,108,2000,0.054,1.0,0,1946,0.0,0.973,0.054,0.027000000000000024,True
rule_minus_shared_real,173205,7,block_02,Gear,shifted,1,0,0,100,2000,8,2000,0.004,1.0,15,1953,0.0075,0.9765,-0.0034999999999999996,0.023499999999999965,True
rule_minus_shared_real,173205,42,block_02,Gear,shifted,1,0,0,100,2000,7,2000,0.0035,1.0,0,808,0.0,0.404,0.0035,0.596,True
rule_minus_shared_real,173205,123,block_02,Gear,shifted,1,0,0,100,2000,122,2000,0.061,1.0,2,1958,0.001,0.979,0.06,0.02100000000000002,True
rule_minus_shared_real,173205,2026,block_02,Gear,shifted,1,0,0,100,2000,17,1999,0.0085,0.9995,0,1862,0.0,0.931,0.0085,0.0685,True
rule_minus_shared_real,173205,3407,block_02,Gear,shifted,1,0,0,100,2000,153,2000,0.0765,1.0,0,1946,0.0,0.973,0.0765,0.027000000000000024,True
rule_minus_shared_real,314159,7,block_02,Gear,shifted,1,0,1,101,2000,21,1998,0.0105,0.999,9,1995,0.0045,0.9975,0.006000000000000001,0.0014999999999999458,True
rule_minus_shared_real,314159,42,block_02,Gear,shifted,1,0,1,101,2000,0,1999,0.0,0.9995,0,1191,0.0,0.5955,0.0,0.404,True
rule_minus_shared_real,314159,123,block_02,Gear,shifted,1,0,1,101,2000,22,2000,0.011,1.0,2,1965,0.001,0.9825,0.009999999999999998,0.01749999999999996,True
rule_minus_shared_real,314159,2026,block_02,Gear,shifted,1,0,1,101,2000,3,2000,0.0015,1.0,0,1946,0.0,0.973,0.0015,0.027000000000000024,True
rule_minus_shared_real,314159,3407,block_02,Gear,shifted,1,0,1,101,2000,393,2000,0.1965,1.0,0,1978,0.0,0.989,0.1965,0.01100000000000001,True
rule_minus_shared_real,271828,7,block_02,Gear,shifted,1,0,1,101,2000,187,1999,0.0935,0.9995,9,1995,0.0045,0.9975,0.089,0.0020000000000000018,True
rule_minus_shared_real,271828,42,block_02,Gear,shifted,1,0,1,101,2000,41,1862,0.0205,0.931,0,1191,0.0,0.5955,0.0205,0.3355,True
rule_minus_shared_real,271828,123,block_02,Gear,shifted,1,0,1,101,2000,32,1998,0.016,0.999,2,1965,0.001,0.9825,0.015,0.01649999999999996,True
rule_minus_shared_real,271828,2026,block_02,Gear,shifted,1,0,1,101,2000,0,2000,0.0,1.0,0,1946,0.0,0.973,0.0,0.027000000000000024,True
rule_minus_shared_real,271828,3407,block_02,Gear,shifted,1,0,1,101,2000,345,1993,0.1725,0.9965,0,1978,0.0,0.989,0.1725,0.007500000000000062,True
rule_minus_shared_real,161803,7,block_02,Gear,shifted,1,0,1,101,2000,13,1998,0.0065,0.999,9,1995,0.0045,0.9975,0.002,0.0014999999999999458,True
rule_minus_shared_real,161803,42,block_02,Gear,shifted,1,0,1,101,2000,2,1998,0.001,0.999,0,1191,0.0,0.5955,0.001,0.40349999999999997,True
rule_minus_shared_real,161803,123,block_02,Gear,shifted,1,0,1,101,2000,28,1998,0.014,0.999,2,1965,0.001,0.9825,0.013000000000000001,0.01649999999999996,True
rule_minus_shared_real,161803,2026,block_02,Gear,shifted,1,0,1,101,2000,0,2000,0.0,1.0,0,1946,0.0,0.973,0.0,0.027000000000000024,True
rule_minus_shared_real,161803,3407,block_02,Gear,shifted,1,0,1,101,2000,13,2000,0.0065,1.0,0,1978,0.0,0.989,0.0065,0.01100000000000001,True
rule_minus_shared_real,141421,7,block_02,Gear,shifted,1,0,1,101,2000,5,1995,0.0025,0.9975,9,1995,0.0045,0.9975,-0.0019999999999999996,0.0,True
rule_minus_shared_real,141421,42,block_02,Gear,shifted,1,0,1,101,2000,2,1861,0.001,0.9305,0,1191,0.0,0.5955,0.001,0.33499999999999996,True
rule_minus_shared_real,141421,123,block_02,Gear,shifted,1,0,1,101,2000,13,2000,0.0065,1.0,2,1965,0.001,0.9825,0.0055,0.01749999999999996,True
rule_minus_shared_real,141421,2026,block_02,Gear,shifted,1,0,1,101,2000,0,1999,0.0,0.9995,0,1946,0.0,0.973,0.0,0.02650000000000008,True
rule_minus_shared_real,141421,3407,block_02,Gear,shifted,1,0,1,101,2000,26,2000,0.013,1.0,0,1978,0.0,0.989,0.013,0.01100000000000001,True
rule_minus_shared_real,173205,7,block_02,Gear,shifted,1,0,1,101,2000,0,2000,0.0,1.0,9,1995,0.0045,0.9975,-0.0045,0.0024999999999999467,True
rule_minus_shared_real,173205,42,block_02,Gear,shifted,1,0,1,101,2000,0,2000,0.0,1.0,0,1191,0.0,0.5955,0.0,0.40449999999999997,True
rule_minus_shared_real,173205,123,block_02,Gear,shifted,1,0,1,101,2000,22,2000,0.011,1.0,2,1965,0.001,0.9825,0.009999999999999998,0.01749999999999996,True
rule_minus_shared_real,173205,2026,block_02,Gear,shifted,1,0,1,101,2000,0,2000,0.0,1.0,0,1946,0.0,0.973,0.0,0.027000000000000024,True
rule_minus_shared_real,173205,3407,block_02,Gear,shifted,1,0,1,101,2000,39,2000,0.0195,1.0,0,1978,0.0,0.989,0.0195,0.01100000000000001,True
rule_minus_shared_real,314159,7,block_02,Gear,shifted,1,1,0,110,2000,711,1988,0.3555,0.994,2,1715,0.001,0.8575,0.3545,0.13649999999999995,True
rule_minus_shared_real,314159,42,block_02,Gear,shifted,1,1,0,110,2000,6,1970,0.003,0.985,0,53,0.0,0.0265,0.003,0.9585,True
rule_minus_shared_real,314159,123,block_02,Gear,shifted,1,1,0,110,2000,742,2000,0.371,1.0,0,1952,0.0,0.976,0.371,0.02400000000000002,True
rule_minus_shared_real,314159,2026,block_02,Gear,shifted,1,1,0,110,2000,51,2000,0.0255,1.0,0,871,0.0,0.4355,0.0255,0.5645,True
rule_minus_shared_real,314159,3407,block_02,Gear,shifted,1,1,0,110,2000,1697,1998,0.8485,0.999,0,1841,0.0,0.9205,0.8485,0.07850000000000001,True
rule_minus_shared_real,271828,7,block_02,Gear,shifted,1,1,0,110,2000,1088,1999,0.544,0.9995,2,1715,0.001,0.8575,0.543,0.14200000000000002,True
rule_minus_shared_real,271828,42,block_02,Gear,shifted,1,1,0,110,2000,34,1984,0.017,0.992,0,53,0.0,0.0265,0.017,0.9655,True
rule_minus_shared_real,271828,123,block_02,Gear,shifted,1,1,0,110,2000,654,1998,0.327,0.999,0,1952,0.0,0.976,0.327,0.02300000000000002,True
rule_minus_shared_real,271828,2026,block_02,Gear,shifted,1,1,0,110,2000,197,2000,0.0985,1.0,0,871,0.0,0.4355,0.0985,0.5645,True
rule_minus_shared_real,271828,3407,block_02,Gear,shifted,1,1,0,110,2000,1871,1983,0.9355,0.9915,0,1841,0.0,0.9205,0.9355,0.07100000000000006,True
rule_minus_shared_real,161803,7,block_02,Gear,shifted,1,1,0,110,2000,562,1995,0.281,0.9975,2,1715,0.001,0.8575,0.28,0.14,True
rule_minus_shared_real,161803,42,block_02,Gear,shifted,1,1,0,110,2000,8,1996,0.004,0.998,0,53,0.0,0.0265,0.004,0.9715,True
rule_minus_shared_real,161803,123,block_02,Gear,shifted,1,1,0,110,2000,563,1998,0.2815,0.999,0,1952,0.0,0.976,0.2815,0.02300000000000002,True
rule_minus_shared_real,161803,2026,block_02,Gear,shifted,1,1,0,110,2000,18,1999,0.009,0.9995,0,871,0.0,0.4355,0.009,0.5640000000000001,True
rule_minus_shared_real,161803,3407,block_02,Gear,shifted,1,1,0,110,2000,1246,2000,0.623,1.0,0,1841,0.0,0.9205,0.623,0.07950000000000002,True
rule_minus_shared_real,141421,7,block_02,Gear,shifted,1,1,0,110,2000,845,1985,0.4225,0.9925,2,1715,0.001,0.8575,0.4215,0.135,True
rule_minus_shared_real,141421,42,block_02,Gear,shifted,1,1,0,110,2000,31,1931,0.0155,0.9655,0,53,0.0,0.0265,0.0155,0.9390000000000001,True
rule_minus_shared_real,141421,123,block_02,Gear,shifted,1,1,0,110,2000,246,2000,0.123,1.0,0,1952,0.0,0.976,0.123,0.02400000000000002,True
rule_minus_shared_real,141421,2026,block_02,Gear,shifted,1,1,0,110,2000,16,1988,0.008,0.994,0,871,0.0,0.4355,0.008,0.5585,True
rule_minus_shared_real,141421,3407,block_02,Gear,shifted,1,1,0,110,2000,1441,1997,0.7205,0.9985,0,1841,0.0,0.9205,0.7205,0.07800000000000007,True
rule_minus_shared_real,173205,7,block_02,Gear,shifted,1,1,0,110,2000,411,2000,0.2055,1.0,2,1715,0.001,0.8575,0.2045,0.14249999999999996,True
rule_minus_shared_real,173205,42,block_02,Gear,shifted,1,1,0,110,2000,38,1995,0.019,0.9975,0,53,0.0,0.0265,0.019,0.9710000000000001,True
rule_minus_shared_real,173205,123,block_02,Gear,shifted,1,1,0,110,2000,1363,2000,0.6815,1.0,0,1952,0.0,0.976,0.6815,0.02400000000000002,True
rule_minus_shared_real,173205,2026,block_02,Gear,shifted,1,1,0,110,2000,62,1996,0.031,0.998,0,871,0.0,0.4355,0.031,0.5625,True
rule_minus_shared_real,173205,3407,block_02,Gear,shifted,1,1,0,110,2000,1375,1996,0.6875,0.998,0,1841,0.0,0.9205,0.6875,0.07750000000000001,True
rule_minus_shared_real,314159,7,block_02,Gear,shifted,1,1,1,111,2000,460,1989,0.23,0.9945,2,1666,0.001,0.833,0.229,0.1615000000000001,True
rule_minus_shared_real,314159,42,block_02,Gear,shifted,1,1,1,111,2000,1,1987,0.0005,0.9935,0,74,0.0,0.037,0.0005,0.9565,True
rule_minus_shared_real,314159,123,block_02,Gear,shifted,1,1,1,111,2000,258,2000,0.129,1.0,0,1898,0.0,0.949,0.129,0.051000000000000045,True
rule_minus_shared_real,314159,2026,block_02,Gear,shifted,1,1,1,111,2000,14,2000,0.007,1.0,0,1032,0.0,0.516,0.007,0.484,True
rule_minus_shared_real,314159,3407,block_02,Gear,shifted,1,1,1,111,2000,1319,1998,0.6595,0.999,0,1781,0.0,0.8905,0.6595,0.10850000000000004,True
rule_minus_shared_real,271828,7,block_02,Gear,shifted,1,1,1,111,2000,910,1999,0.455,0.9995,2,1666,0.001,0.833,0.454,0.1665000000000001,True
rule_minus_shared_real,271828,42,block_02,Gear,shifted,1,1,1,111,2000,16,1982,0.008,0.991,0,74,0.0,0.037,0.008,0.954,True
rule_minus_shared_real,271828,123,block_02,Gear,shifted,1,1,1,111,2000,109,1998,0.0545,0.999,0,1898,0.0,0.949,0.0545,0.050000000000000044,True
rule_minus_shared_real,271828,2026,block_02,Gear,shifted,1,1,1,111,2000,74,2000,0.037,1.0,0,1032,0.0,0.516,0.037,0.484,True
rule_minus_shared_real,271828,3407,block_02,Gear,shifted,1,1,1,111,2000,1688,1984,0.844,0.992,0,1781,0.0,0.8905,0.844,0.10150000000000003,True
rule_minus_shared_real,161803,7,block_02,Gear,shifted,1,1,1,111,2000,368,1996,0.184,0.998,2,1666,0.001,0.833,0.183,0.16500000000000004,True
rule_minus_shared_real,161803,42,block_02,Gear,shifted,1,1,1,111,2000,2,1998,0.001,0.999,0,74,0.0,0.037,0.001,0.962,True
rule_minus_shared_real,161803,123,block_02,Gear,shifted,1,1,1,111,2000,146,1998,0.073,0.999,0,1898,0.0,0.949,0.073,0.050000000000000044,True
rule_minus_shared_real,161803,2026,block_02,Gear,shifted,1,1,1,111,2000,5,2000,0.0025,1.0,0,1032,0.0,0.516,0.0025,0.484,True
rule_minus_shared_real,161803,3407,block_02,Gear,shifted,1,1,1,111,2000,748,2000,0.374,1.0,0,1781,0.0,0.8905,0.374,0.10950000000000004,True
rule_minus_shared_real,141421,7,block_02,Gear,shifted,1,1,1,111,2000,574,1982,0.287,0.991,2,1666,0.001,0.833,0.286,0.15800000000000003,True
rule_minus_shared_real,141421,42,block_02,Gear,shifted,1,1,1,111,2000,5,1979,0.0025,0.9895,0,74,0.0,0.037,0.0025,0.9525,True
rule_minus_shared_real,141421,123,block_02,Gear,shifted,1,1,1,111,2000,28,2000,0.014,1.0,0,1898,0.0,0.949,0.014,0.051000000000000045,True
rule_minus_shared_real,141421,2026,block_02,Gear,shifted,1,1,1,111,2000,4,1991,0.002,0.9955,0,1032,0.0,0.516,0.002,0.47950000000000004,True
rule_minus_shared_real,141421,3407,block_02,Gear,shifted,1,1,1,111,2000,1087,1999,0.5435,0.9995,0,1781,0.0,0.8905,0.5435,0.1090000000000001,True
rule_minus_shared_real,173205,7,block_02,Gear,shifted,1,1,1,111,2000,274,2000,0.137,1.0,2,1666,0.001,0.833,0.136,0.16700000000000004,True
rule_minus_shared_real,173205,42,block_02,Gear,shifted,1,1,1,111,2000,15,1995,0.0075,0.9975,0,74,0.0,0.037,0.0075,0.9605,True
rule_minus_shared_real,173205,123,block_02,Gear,shifted,1,1,1,111,2000,758,2000,0.379,1.0,0,1898,0.0,0.949,0.379,0.051000000000000045,True
rule_minus_shared_real,173205,2026,block_02,Gear,shifted,1,1,1,111,2000,8,1999,0.004,0.9995,0,1032,0.0,0.516,0.004,0.48350000000000004,True
rule_minus_shared_real,173205,3407,block_02,Gear,shifted,1,1,1,111,2000,813,1999,0.4065,0.9995,0,1781,0.0,0.8905,0.4065,0.1090000000000001,True
rule_minus_shared_real,314159,7,block_02,RPM,canonical,0,0,0,000,2000,1998,2000,0.999,1.0,0,250,0.0,0.125,0.999,0.875,True
rule_minus_shared_real,314159,42,block_02,RPM,canonical,0,0,0,000,2000,1998,1999,0.999,0.9995,2,2,0.001,0.001,0.998,0.9985,True
rule_minus_shared_real,314159,123,block_02,RPM,canonical,0,0,0,000,2000,1999,2000,0.9995,1.0,1,5,0.0005,0.0025,0.9990000000000001,0.9975,True
rule_minus_shared_real,314159,2026,block_02,RPM,canonical,0,0,0,000,2000,1998,2000,0.999,1.0,0,4,0.0,0.002,0.999,0.998,True
rule_minus_shared_real,314159,3407,block_02,RPM,canonical,0,0,0,000,2000,2000,2000,1.0,1.0,0,3,0.0,0.0015,1.0,0.9985,True
rule_minus_shared_real,271828,7,block_02,RPM,canonical,0,0,0,000,2000,1999,2000,0.9995,1.0,0,250,0.0,0.125,0.9995,0.875,True
rule_minus_shared_real,271828,42,block_02,RPM,canonical,0,0,0,000,2000,1998,2000,0.999,1.0,2,2,0.001,0.001,0.998,0.999,True
rule_minus_shared_real,271828,123,block_02,RPM,canonical,0,0,0,000,2000,1998,1998,0.999,0.999,1,5,0.0005,0.0025,0.9985,0.9965,True
rule_minus_shared_real,271828,2026,block_02,RPM,canonical,0,0,0,000,2000,1998,2000,0.999,1.0,0,4,0.0,0.002,0.999,0.998,True
rule_minus_shared_real,271828,3407,block_02,RPM,canonical,0,0,0,000,2000,1998,2000,0.999,1.0,0,3,0.0,0.0015,0.999,0.9985,True
rule_minus_shared_real,161803,7,block_02,RPM,canonical,0,0,0,000,2000,1998,2000,0.999,1.0,0,250,0.0,0.125,0.999,0.875,True
rule_minus_shared_real,161803,42,block_02,RPM,canonical,0,0,0,000,2000,1998,2000,0.999,1.0,2,2,0.001,0.001,0.998,0.999,True
rule_minus_shared_real,161803,123,block_02,RPM,canonical,0,0,0,000,2000,1998,1998,0.999,0.999,1,5,0.0005,0.0025,0.9985,0.9965,True
rule_minus_shared_real,161803,2026,block_02,RPM,canonical,0,0,0,000,2000,1998,2000,0.999,1.0,0,4,0.0,0.002,0.999,0.998,True
rule_minus_shared_real,161803,3407,block_02,RPM,canonical,0,0,0,000,2000,1998,2000,0.999,1.0,0,3,0.0,0.0015,0.999,0.9985,True
rule_minus_shared_real,141421,7,block_02,RPM,canonical,0,0,0,000,2000,1998,2000,0.999,1.0,0,250,0.0,0.125,0.999,0.875,True
rule_minus_shared_real,141421,42,block_02,RPM,canonical,0,0,0,000,2000,1999,2000,0.9995,1.0,2,2,0.001,0.001,0.9985,0.999,True
rule_minus_shared_real,141421,123,block_02,RPM,canonical,0,0,0,000,2000,2000,2000,1.0,1.0,1,5,0.0005,0.0025,0.9995,0.9975,True
rule_minus_shared_real,141421,2026,block_02,RPM,canonical,0,0,0,000,2000,1998,2000,0.999,1.0,0,4,0.0,0.002,0.999,0.998,True
rule_minus_shared_real,141421,3407,block_02,RPM,canonical,0,0,0,000,2000,1998,2000,0.999,1.0,0,3,0.0,0.0015,0.999,0.9985,True
rule_minus_shared_real,173205,7,block_02,RPM,canonical,0,0,0,000,2000,1998,2000,0.999,1.0,0,250,0.0,0.125,0.999,0.875,True
rule_minus_shared_real,173205,42,block_02,RPM,canonical,0,0,0,000,2000,1998,2000,0.999,1.0,2,2,0.001,0.001,0.998,0.999,True
rule_minus_shared_real,173205,123,block_02,RPM,canonical,0,0,0,000,2000,1998,2000,0.999,1.0,1,5,0.0005,0.0025,0.9985,0.9975,True
rule_minus_shared_real,173205,2026,block_02,RPM,canonical,0,0,0,000,2000,1998,2000,0.999,1.0,0,4,0.0,0.002,0.999,0.998,True
rule_minus_shared_real,173205,3407,block_02,RPM,canonical,0,0,0,000,2000,1998,2000,0.999,1.0,0,3,0.0,0.0015,0.999,0.9985,True
rule_minus_shared_real,314159,7,block_02,RPM,canonical,0,0,1,001,2000,1998,2000,0.999,1.0,22,1271,0.011,0.6355,0.988,0.36450000000000005,True
rule_minus_shared_real,314159,42,block_02,RPM,canonical,0,0,1,001,2000,1998,1999,0.999,0.9995,2,6,0.001,0.003,0.998,0.9965,True
rule_minus_shared_real,314159,123,block_02,RPM,canonical,0,0,1,001,2000,1999,2000,0.9995,1.0,1,18,0.0005,0.009,0.9990000000000001,0.991,True
rule_minus_shared_real,314159,2026,block_02,RPM,canonical,0,0,1,001,2000,1998,2000,0.999,1.0,0,197,0.0,0.0985,0.999,0.9015,True
rule_minus_shared_real,314159,3407,block_02,RPM,canonical,0,0,1,001,2000,2000,2000,1.0,1.0,0,21,0.0,0.0105,1.0,0.9895,True
rule_minus_shared_real,271828,7,block_02,RPM,canonical,0,0,1,001,2000,1999,2000,0.9995,1.0,22,1271,0.011,0.6355,0.9885,0.36450000000000005,True
rule_minus_shared_real,271828,42,block_02,RPM,canonical,0,0,1,001,2000,1998,2000,0.999,1.0,2,6,0.001,0.003,0.998,0.997,True
rule_minus_shared_real,271828,123,block_02,RPM,canonical,0,0,1,001,2000,1998,1998,0.999,0.999,1,18,0.0005,0.009,0.9985,0.99,True
rule_minus_shared_real,271828,2026,block_02,RPM,canonical,0,0,1,001,2000,1998,2000,0.999,1.0,0,197,0.0,0.0985,0.999,0.9015,True
rule_minus_shared_real,271828,3407,block_02,RPM,canonical,0,0,1,001,2000,1998,2000,0.999,1.0,0,21,0.0,0.0105,0.999,0.9895,True
rule_minus_shared_real,161803,7,block_02,RPM,canonical,0,0,1,001,2000,1998,2000,0.999,1.0,22,1271,0.011,0.6355,0.988,0.36450000000000005,True
rule_minus_shared_real,161803,42,block_02,RPM,canonical,0,0,1,001,2000,1998,2000,0.999,1.0,2,6,0.001,0.003,0.998,0.997,True
rule_minus_shared_real,161803,123,block_02,RPM,canonical,0,0,1,001,2000,1998,1998,0.999,0.999,1,18,0.0005,0.009,0.9985,0.99,True
rule_minus_shared_real,161803,2026,block_02,RPM,canonical,0,0,1,001,2000,1998,2000,0.999,1.0,0,197,0.0,0.0985,0.999,0.9015,True
rule_minus_shared_real,161803,3407,block_02,RPM,canonical,0,0,1,001,2000,1998,2000,0.999,1.0,0,21,0.0,0.0105,0.999,0.9895,True
rule_minus_shared_real,141421,7,block_02,RPM,canonical,0,0,1,001,2000,1998,2000,0.999,1.0,22,1271,0.011,0.6355,0.988,0.36450000000000005,True
rule_minus_shared_real,141421,42,block_02,RPM,canonical,0,0,1,001,2000,1999,2000,0.9995,1.0,2,6,0.001,0.003,0.9985,0.997,True
rule_minus_shared_real,141421,123,block_02,RPM,canonical,0,0,1,001,2000,2000,2000,1.0,1.0,1,18,0.0005,0.009,0.9995,0.991,True
rule_minus_shared_real,141421,2026,block_02,RPM,canonical,0,0,1,001,2000,1998,2000,0.999,1.0,0,197,0.0,0.0985,0.999,0.9015,True
rule_minus_shared_real,141421,3407,block_02,RPM,canonical,0,0,1,001,2000,1998,2000,0.999,1.0,0,21,0.0,0.0105,0.999,0.9895,True
rule_minus_shared_real,173205,7,block_02,RPM,canonical,0,0,1,001,2000,1998,2000,0.999,1.0,22,1271,0.011,0.6355,0.988,0.36450000000000005,True
rule_minus_shared_real,173205,42,block_02,RPM,canonical,0,0,1,001,2000,1998,2000,0.999,1.0,2,6,0.001,0.003,0.998,0.997,True
rule_minus_shared_real,173205,123,block_02,RPM,canonical,0,0,1,001,2000,1998,2000,0.999,1.0,1,18,0.0005,0.009,0.9985,0.991,True
rule_minus_shared_real,173205,2026,block_02,RPM,canonical,0,0,1,001,2000,1998,2000,0.999,1.0,0,197,0.0,0.0985,0.999,0.9015,True
rule_minus_shared_real,173205,3407,block_02,RPM,canonical,0,0,1,001,2000,1998,2000,0.999,1.0,0,21,0.0,0.0105,0.999,0.9895,True
rule_minus_shared_real,314159,7,block_02,RPM,canonical,0,1,0,010,2000,1998,2000,0.999,1.0,7,142,0.0035,0.071,0.9955,0.929,True
rule_minus_shared_real,314159,42,block_02,RPM,canonical,0,1,0,010,2000,1998,1999,0.999,0.9995,2,2,0.001,0.001,0.998,0.9985,True
rule_minus_shared_real,314159,123,block_02,RPM,canonical,0,1,0,010,2000,1999,2000,0.9995,1.0,0,3,0.0,0.0015,0.9995,0.9985,True
rule_minus_shared_real,314159,2026,block_02,RPM,canonical,0,1,0,010,2000,1998,2000,0.999,1.0,0,2,0.0,0.001,0.999,0.999,True
rule_minus_shared_real,314159,3407,block_02,RPM,canonical,0,1,0,010,2000,2000,2000,1.0,1.0,0,2,0.0,0.001,1.0,0.999,True
rule_minus_shared_real,271828,7,block_02,RPM,canonical,0,1,0,010,2000,1999,2000,0.9995,1.0,7,142,0.0035,0.071,0.9960000000000001,0.929,True
rule_minus_shared_real,271828,42,block_02,RPM,canonical,0,1,0,010,2000,1998,2000,0.999,1.0,2,2,0.001,0.001,0.998,0.999,True
rule_minus_shared_real,271828,123,block_02,RPM,canonical,0,1,0,010,2000,1998,1998,0.999,0.999,0,3,0.0,0.0015,0.999,0.9975,True
rule_minus_shared_real,271828,2026,block_02,RPM,canonical,0,1,0,010,2000,1998,2000,0.999,1.0,0,2,0.0,0.001,0.999,0.999,True
rule_minus_shared_real,271828,3407,block_02,RPM,canonical,0,1,0,010,2000,1998,2000,0.999,1.0,0,2,0.0,0.001,0.999,0.999,True
rule_minus_shared_real,161803,7,block_02,RPM,canonical,0,1,0,010,2000,1998,2000,0.999,1.0,7,142,0.0035,0.071,0.9955,0.929,True
rule_minus_shared_real,161803,42,block_02,RPM,canonical,0,1,0,010,2000,1998,2000,0.999,1.0,2,2,0.001,0.001,0.998,0.999,True
rule_minus_shared_real,161803,123,block_02,RPM,canonical,0,1,0,010,2000,1998,1998,0.999,0.999,0,3,0.0,0.0015,0.999,0.9975,True
rule_minus_shared_real,161803,2026,block_02,RPM,canonical,0,1,0,010,2000,1998,2000,0.999,1.0,0,2,0.0,0.001,0.999,0.999,True
rule_minus_shared_real,161803,3407,block_02,RPM,canonical,0,1,0,010,2000,1998,2000,0.999,1.0,0,2,0.0,0.001,0.999,0.999,True
rule_minus_shared_real,141421,7,block_02,RPM,canonical,0,1,0,010,2000,1998,2000,0.999,1.0,7,142,0.0035,0.071,0.9955,0.929,True
rule_minus_shared_real,141421,42,block_02,RPM,canonical,0,1,0,010,2000,1999,2000,0.9995,1.0,2,2,0.001,0.001,0.9985,0.999,True
rule_minus_shared_real,141421,123,block_02,RPM,canonical,0,1,0,010,2000,2000,2000,1.0,1.0,0,3,0.0,0.0015,1.0,0.9985,True
rule_minus_shared_real,141421,2026,block_02,RPM,canonical,0,1,0,010,2000,1998,2000,0.999,1.0,0,2,0.0,0.001,0.999,0.999,True
rule_minus_shared_real,141421,3407,block_02,RPM,canonical,0,1,0,010,2000,1998,2000,0.999,1.0,0,2,0.0,0.001,0.999,0.999,True
rule_minus_shared_real,173205,7,block_02,RPM,canonical,0,1,0,010,2000,1998,2000,0.999,1.0,7,142,0.0035,0.071,0.9955,0.929,True
rule_minus_shared_real,173205,42,block_02,RPM,canonical,0,1,0,010,2000,1998,2000,0.999,1.0,2,2,0.001,0.001,0.998,0.999,True
rule_minus_shared_real,173205,123,block_02,RPM,canonical,0,1,0,010,2000,1998,2000,0.999,1.0,0,3,0.0,0.0015,0.999,0.9985,True
rule_minus_shared_real,173205,2026,block_02,RPM,canonical,0,1,0,010,2000,1998,2000,0.999,1.0,0,2,0.0,0.001,0.999,0.999,True
rule_minus_shared_real,173205,3407,block_02,RPM,canonical,0,1,0,010,2000,1998,2000,0.999,1.0,0,2,0.0,0.001,0.999,0.999,True
rule_minus_shared_real,314159,7,block_02,RPM,canonical,0,1,1,011,2000,1998,2000,0.999,1.0,6,637,0.003,0.3185,0.996,0.6815,True
rule_minus_shared_real,314159,42,block_02,RPM,canonical,0,1,1,011,2000,1998,1999,0.999,0.9995,2,4,0.001,0.002,0.998,0.9975,True
rule_minus_shared_real,314159,123,block_02,RPM,canonical,0,1,1,011,2000,1999,2000,0.9995,1.0,5,30,0.0025,0.015,0.9970000000000001,0.985,True
rule_minus_shared_real,314159,2026,block_02,RPM,canonical,0,1,1,011,2000,1998,2000,0.999,1.0,0,12,0.0,0.006,0.999,0.994,True
rule_minus_shared_real,314159,3407,block_02,RPM,canonical,0,1,1,011,2000,2000,2000,1.0,1.0,0,65,0.0,0.0325,1.0,0.9675,True
rule_minus_shared_real,271828,7,block_02,RPM,canonical,0,1,1,011,2000,1999,2000,0.9995,1.0,6,637,0.003,0.3185,0.9965,0.6815,True
rule_minus_shared_real,271828,42,block_02,RPM,canonical,0,1,1,011,2000,1998,2000,0.999,1.0,2,4,0.001,0.002,0.998,0.998,True
rule_minus_shared_real,271828,123,block_02,RPM,canonical,0,1,1,011,2000,1998,1998,0.999,0.999,5,30,0.0025,0.015,0.9965,0.984,True
rule_minus_shared_real,271828,2026,block_02,RPM,canonical,0,1,1,011,2000,1998,2000,0.999,1.0,0,12,0.0,0.006,0.999,0.994,True
rule_minus_shared_real,271828,3407,block_02,RPM,canonical,0,1,1,011,2000,1998,2000,0.999,1.0,0,65,0.0,0.0325,0.999,0.9675,True
rule_minus_shared_real,161803,7,block_02,RPM,canonical,0,1,1,011,2000,1998,2000,0.999,1.0,6,637,0.003,0.3185,0.996,0.6815,True
rule_minus_shared_real,161803,42,block_02,RPM,canonical,0,1,1,011,2000,1998,2000,0.999,1.0,2,4,0.001,0.002,0.998,0.998,True
rule_minus_shared_real,161803,123,block_02,RPM,canonical,0,1,1,011,2000,1998,1998,0.999,0.999,5,30,0.0025,0.015,0.9965,0.984,True
rule_minus_shared_real,161803,2026,block_02,RPM,canonical,0,1,1,011,2000,1998,2000,0.999,1.0,0,12,0.0,0.006,0.999,0.994,True
rule_minus_shared_real,161803,3407,block_02,RPM,canonical,0,1,1,011,2000,1998,2000,0.999,1.0,0,65,0.0,0.0325,0.999,0.9675,True
rule_minus_shared_real,141421,7,block_02,RPM,canonical,0,1,1,011,2000,1998,2000,0.999,1.0,6,637,0.003,0.3185,0.996,0.6815,True
rule_minus_shared_real,141421,42,block_02,RPM,canonical,0,1,1,011,2000,1999,2000,0.9995,1.0,2,4,0.001,0.002,0.9985,0.998,True
rule_minus_shared_real,141421,123,block_02,RPM,canonical,0,1,1,011,2000,2000,2000,1.0,1.0,5,30,0.0025,0.015,0.9975,0.985,True
rule_minus_shared_real,141421,2026,block_02,RPM,canonical,0,1,1,011,2000,1998,2000,0.999,1.0,0,12,0.0,0.006,0.999,0.994,True
rule_minus_shared_real,141421,3407,block_02,RPM,canonical,0,1,1,011,2000,1998,2000,0.999,1.0,0,65,0.0,0.0325,0.999,0.9675,True
rule_minus_shared_real,173205,7,block_02,RPM,canonical,0,1,1,011,2000,1998,2000,0.999,1.0,6,637,0.003,0.3185,0.996,0.6815,True
rule_minus_shared_real,173205,42,block_02,RPM,canonical,0,1,1,011,2000,1998,2000,0.999,1.0,2,4,0.001,0.002,0.998,0.998,True
rule_minus_shared_real,173205,123,block_02,RPM,canonical,0,1,1,011,2000,1998,2000,0.999,1.0,5,30,0.0025,0.015,0.9965,0.985,True
rule_minus_shared_real,173205,2026,block_02,RPM,canonical,0,1,1,011,2000,1998,2000,0.999,1.0,0,12,0.0,0.006,0.999,0.994,True
rule_minus_shared_real,173205,3407,block_02,RPM,canonical,0,1,1,011,2000,1998,2000,0.999,1.0,0,65,0.0,0.0325,0.999,0.9675,True
rule_minus_shared_real,314159,7,block_02,RPM,canonical,1,0,0,100,2000,390,1948,0.195,0.974,127,1757,0.0635,0.8785,0.1315,0.09550000000000003,True
rule_minus_shared_real,314159,42,block_02,RPM,canonical,1,0,0,100,2000,125,1980,0.0625,0.99,47,355,0.0235,0.1775,0.039,0.8125,True
rule_minus_shared_real,314159,123,block_02,RPM,canonical,1,0,0,100,2000,849,1424,0.4245,0.712,27,1890,0.0135,0.945,0.411,-0.23299999999999998,True
rule_minus_shared_real,314159,2026,block_02,RPM,canonical,1,0,0,100,2000,389,1912,0.1945,0.956,0,180,0.0,0.09,0.1945,0.866,True
rule_minus_shared_real,314159,3407,block_02,RPM,canonical,1,0,0,100,2000,419,1868,0.2095,0.934,79,1312,0.0395,0.656,0.16999999999999998,0.278,True
rule_minus_shared_real,271828,7,block_02,RPM,canonical,1,0,0,100,2000,453,1994,0.2265,0.997,127,1757,0.0635,0.8785,0.163,0.11850000000000005,True
rule_minus_shared_real,271828,42,block_02,RPM,canonical,1,0,0,100,2000,64,1192,0.032,0.596,47,355,0.0235,0.1775,0.0085,0.4185,True
rule_minus_shared_real,271828,123,block_02,RPM,canonical,1,0,0,100,2000,577,1897,0.2885,0.9485,27,1890,0.0135,0.945,0.27499999999999997,0.0035000000000000586,True
rule_minus_shared_real,271828,2026,block_02,RPM,canonical,1,0,0,100,2000,219,908,0.1095,0.454,0,180,0.0,0.09,0.1095,0.364,True
rule_minus_shared_real,271828,3407,block_02,RPM,canonical,1,0,0,100,2000,232,1789,0.116,0.8945,79,1312,0.0395,0.656,0.07650000000000001,0.23849999999999993,True
rule_minus_shared_real,161803,7,block_02,RPM,canonical,1,0,0,100,2000,166,1972,0.083,0.986,127,1757,0.0635,0.8785,0.019500000000000003,0.10750000000000004,True
rule_minus_shared_real,161803,42,block_02,RPM,canonical,1,0,0,100,2000,196,1648,0.098,0.824,47,355,0.0235,0.1775,0.07450000000000001,0.6465,True
rule_minus_shared_real,161803,123,block_02,RPM,canonical,1,0,0,100,2000,1145,1941,0.5725,0.9705,27,1890,0.0135,0.945,0.559,0.025500000000000078,True
rule_minus_shared_real,161803,2026,block_02,RPM,canonical,1,0,0,100,2000,130,1471,0.065,0.7355,0,180,0.0,0.09,0.065,0.6455000000000001,True
rule_minus_shared_real,161803,3407,block_02,RPM,canonical,1,0,0,100,2000,88,1936,0.044,0.968,79,1312,0.0395,0.656,0.004499999999999997,0.31199999999999994,True
rule_minus_shared_real,141421,7,block_02,RPM,canonical,1,0,0,100,2000,381,1890,0.1905,0.945,127,1757,0.0635,0.8785,0.127,0.0665,True
rule_minus_shared_real,141421,42,block_02,RPM,canonical,1,0,0,100,2000,244,1796,0.122,0.898,47,355,0.0235,0.1775,0.0985,0.7205,True
rule_minus_shared_real,141421,123,block_02,RPM,canonical,1,0,0,100,2000,376,1640,0.188,0.82,27,1890,0.0135,0.945,0.1745,-0.125,True
rule_minus_shared_real,141421,2026,block_02,RPM,canonical,1,0,0,100,2000,79,497,0.0395,0.2485,0,180,0.0,0.09,0.0395,0.1585,True
rule_minus_shared_real,141421,3407,block_02,RPM,canonical,1,0,0,100,2000,403,1989,0.2015,0.9945,79,1312,0.0395,0.656,0.162,0.3385,True
rule_minus_shared_real,173205,7,block_02,RPM,canonical,1,0,0,100,2000,224,1936,0.112,0.968,127,1757,0.0635,0.8785,0.0485,0.08950000000000002,True
rule_minus_shared_real,173205,42,block_02,RPM,canonical,1,0,0,100,2000,88,1336,0.044,0.668,47,355,0.0235,0.1775,0.020499999999999997,0.49050000000000005,True
rule_minus_shared_real,173205,123,block_02,RPM,canonical,1,0,0,100,2000,1237,1828,0.6185,0.914,27,1890,0.0135,0.945,0.6050000000000001,-0.030999999999999917,True
rule_minus_shared_real,173205,2026,block_02,RPM,canonical,1,0,0,100,2000,233,554,0.1165,0.277,0,180,0.0,0.09,0.1165,0.18700000000000003,True
rule_minus_shared_real,173205,3407,block_02,RPM,canonical,1,0,0,100,2000,634,1902,0.317,0.951,79,1312,0.0395,0.656,0.2775,0.29499999999999993,True
rule_minus_shared_real,314159,7,block_02,RPM,canonical,1,0,1,101,2000,7,2000,0.0035,1.0,56,2000,0.028,1.0,-0.0245,0.0,True
rule_minus_shared_real,314159,42,block_02,RPM,canonical,1,0,1,101,2000,0,1999,0.0,0.9995,104,1884,0.052,0.942,-0.052,0.05750000000000011,True
rule_minus_shared_real,314159,123,block_02,RPM,canonical,1,0,1,101,2000,307,2000,0.1535,1.0,16,1998,0.008,0.999,0.1455,0.0010000000000000009,True
rule_minus_shared_real,314159,2026,block_02,RPM,canonical,1,0,1,101,2000,0,2000,0.0,1.0,10,1839,0.005,0.9195,-0.005,0.08050000000000002,True
rule_minus_shared_real,314159,3407,block_02,RPM,canonical,1,0,1,101,2000,25,2000,0.0125,1.0,25,2000,0.0125,1.0,0.0,0.0,True
rule_minus_shared_real,271828,7,block_02,RPM,canonical,1,0,1,101,2000,6,2000,0.003,1.0,56,2000,0.028,1.0,-0.025,0.0,True
rule_minus_shared_real,271828,42,block_02,RPM,canonical,1,0,1,101,2000,29,1991,0.0145,0.9955,104,1884,0.052,0.942,-0.0375,0.0535000000000001,True
rule_minus_shared_real,271828,123,block_02,RPM,canonical,1,0,1,101,2000,35,1998,0.0175,0.999,16,1998,0.008,0.999,0.009500000000000001,0.0,True
rule_minus_shared_real,271828,2026,block_02,RPM,canonical,1,0,1,101,2000,32,1997,0.016,0.9985,10,1839,0.005,0.9195,0.011,0.07900000000000007,True
rule_minus_shared_real,271828,3407,block_02,RPM,canonical,1,0,1,101,2000,15,2000,0.0075,1.0,25,2000,0.0125,1.0,-0.005000000000000001,0.0,True
rule_minus_shared_real,161803,7,block_02,RPM,canonical,1,0,1,101,2000,19,1999,0.0095,0.9995,56,2000,0.028,1.0,-0.018500000000000003,-0.0004999999999999449,True
rule_minus_shared_real,161803,42,block_02,RPM,canonical,1,0,1,101,2000,1,2000,0.0005,1.0,104,1884,0.052,0.942,-0.0515,0.05800000000000005,True
rule_minus_shared_real,161803,123,block_02,RPM,canonical,1,0,1,101,2000,152,1998,0.076,0.999,16,1998,0.008,0.999,0.068,0.0,True
rule_minus_shared_real,161803,2026,block_02,RPM,canonical,1,0,1,101,2000,1,1999,0.0005,0.9995,10,1839,0.005,0.9195,-0.0045000000000000005,0.08000000000000007,True
rule_minus_shared_real,161803,3407,block_02,RPM,canonical,1,0,1,101,2000,0,2000,0.0,1.0,25,2000,0.0125,1.0,-0.0125,0.0,True
rule_minus_shared_real,141421,7,block_02,RPM,canonical,1,0,1,101,2000,12,1999,0.006,0.9995,56,2000,0.028,1.0,-0.022,-0.0004999999999999449,True
rule_minus_shared_real,141421,42,block_02,RPM,canonical,1,0,1,101,2000,11,2000,0.0055,1.0,104,1884,0.052,0.942,-0.0465,0.05800000000000005,True
rule_minus_shared_real,141421,123,block_02,RPM,canonical,1,0,1,101,2000,6,2000,0.003,1.0,16,1998,0.008,0.999,-0.005,0.0010000000000000009,True
rule_minus_shared_real,141421,2026,block_02,RPM,canonical,1,0,1,101,2000,10,1959,0.005,0.9795,10,1839,0.005,0.9195,0.0,0.06000000000000005,True
rule_minus_shared_real,141421,3407,block_02,RPM,canonical,1,0,1,101,2000,39,2000,0.0195,1.0,25,2000,0.0125,1.0,0.006999999999999999,0.0,True
rule_minus_shared_real,173205,7,block_02,RPM,canonical,1,0,1,101,2000,0,2000,0.0,1.0,56,2000,0.028,1.0,-0.028,0.0,True
rule_minus_shared_real,173205,42,block_02,RPM,canonical,1,0,1,101,2000,0,2000,0.0,1.0,104,1884,0.052,0.942,-0.052,0.05800000000000005,True
rule_minus_shared_real,173205,123,block_02,RPM,canonical,1,0,1,101,2000,519,2000,0.2595,1.0,16,1998,0.008,0.999,0.2515,0.0010000000000000009,True
rule_minus_shared_real,173205,2026,block_02,RPM,canonical,1,0,1,101,2000,27,1991,0.0135,0.9955,10,1839,0.005,0.9195,0.0085,0.07600000000000007,True
rule_minus_shared_real,173205,3407,block_02,RPM,canonical,1,0,1,101,2000,254,2000,0.127,1.0,25,2000,0.0125,1.0,0.1145,0.0,True
rule_minus_shared_real,314159,7,block_02,RPM,canonical,1,1,0,110,2000,451,1706,0.2255,0.853,183,1365,0.0915,0.6825,0.134,0.17049999999999998,True
rule_minus_shared_real,314159,42,block_02,RPM,canonical,1,1,0,110,2000,132,1899,0.066,0.9495,41,139,0.0205,0.0695,0.0455,0.88,True
rule_minus_shared_real,314159,123,block_02,RPM,canonical,1,1,0,110,2000,193,1621,0.0965,0.8105,47,1729,0.0235,0.8645,0.07300000000000001,-0.05400000000000005,True
rule_minus_shared_real,314159,2026,block_02,RPM,canonical,1,1,0,110,2000,471,1905,0.2355,0.9525,1,77,0.0005,0.0385,0.235,0.914,True
rule_minus_shared_real,314159,3407,block_02,RPM,canonical,1,1,0,110,2000,792,1709,0.396,0.8545,61,899,0.0305,0.4495,0.36550000000000005,0.405,True
rule_minus_shared_real,271828,7,block_02,RPM,canonical,1,1,0,110,2000,685,1949,0.3425,0.9745,183,1365,0.0915,0.6825,0.251,0.29200000000000004,True
rule_minus_shared_real,271828,42,block_02,RPM,canonical,1,1,0,110,2000,172,1373,0.086,0.6865,41,139,0.0205,0.0695,0.06549999999999999,0.617,True
rule_minus_shared_real,271828,123,block_02,RPM,canonical,1,1,0,110,2000,220,1745,0.11,0.8725,47,1729,0.0235,0.8645,0.0865,0.008000000000000007,True
rule_minus_shared_real,271828,2026,block_02,RPM,canonical,1,1,0,110,2000,380,1265,0.19,0.6325,1,77,0.0005,0.0385,0.1895,0.594,True
rule_minus_shared_real,271828,3407,block_02,RPM,canonical,1,1,0,110,2000,398,1387,0.199,0.6935,61,899,0.0305,0.4495,0.1685,0.244,True
rule_minus_shared_real,161803,7,block_02,RPM,canonical,1,1,0,110,2000,361,1869,0.1805,0.9345,183,1365,0.0915,0.6825,0.089,0.252,True
rule_minus_shared_real,161803,42,block_02,RPM,canonical,1,1,0,110,2000,261,1499,0.1305,0.7495,41,139,0.0205,0.0695,0.11,0.68,True
rule_minus_shared_real,161803,123,block_02,RPM,canonical,1,1,0,110,2000,451,1712,0.2255,0.856,47,1729,0.0235,0.8645,0.202,-0.008500000000000063,True
rule_minus_shared_real,161803,2026,block_02,RPM,canonical,1,1,0,110,2000,123,1517,0.0615,0.7585,1,77,0.0005,0.0385,0.061,0.72,True
rule_minus_shared_real,161803,3407,block_02,RPM,canonical,1,1,0,110,2000,245,1903,0.1225,0.9515,61,899,0.0305,0.4495,0.092,0.502,True
rule_minus_shared_real,141421,7,block_02,RPM,canonical,1,1,0,110,2000,760,1748,0.38,0.874,183,1365,0.0915,0.6825,0.2885,0.1915,True
rule_minus_shared_real,141421,42,block_02,RPM,canonical,1,1,0,110,2000,190,1782,0.095,0.891,41,139,0.0205,0.0695,0.0745,0.8215,True
rule_minus_shared_real,141421,123,block_02,RPM,canonical,1,1,0,110,2000,127,1424,0.0635,0.712,47,1729,0.0235,0.8645,0.04,-0.15250000000000008,True
rule_minus_shared_real,141421,2026,block_02,RPM,canonical,1,1,0,110,2000,153,648,0.0765,0.324,1,77,0.0005,0.0385,0.076,0.28550000000000003,True
rule_minus_shared_real,141421,3407,block_02,RPM,canonical,1,1,0,110,2000,542,1931,0.271,0.9655,61,899,0.0305,0.4495,0.24050000000000002,0.516,True
rule_minus_shared_real,173205,7,block_02,RPM,canonical,1,1,0,110,2000,274,1677,0.137,0.8385,183,1365,0.0915,0.6825,0.04550000000000001,0.15600000000000003,True
rule_minus_shared_real,173205,42,block_02,RPM,canonical,1,1,0,110,2000,125,1266,0.0625,0.633,41,139,0.0205,0.0695,0.041999999999999996,0.5635,True
rule_minus_shared_real,173205,123,block_02,RPM,canonical,1,1,0,110,2000,765,1701,0.3825,0.8505,47,1729,0.0235,0.8645,0.359,-0.014000000000000012,True
rule_minus_shared_real,173205,2026,block_02,RPM,canonical,1,1,0,110,2000,249,847,0.1245,0.4235,1,77,0.0005,0.0385,0.124,0.385,True
rule_minus_shared_real,173205,3407,block_02,RPM,canonical,1,1,0,110,2000,853,1731,0.4265,0.8655,61,899,0.0305,0.4495,0.396,0.41600000000000004,True
rule_minus_shared_real,314159,7,block_02,RPM,canonical,1,1,1,111,2000,32,1997,0.016,0.9985,307,1982,0.1535,0.991,-0.1375,0.007500000000000062,True
rule_minus_shared_real,314159,42,block_02,RPM,canonical,1,1,1,111,2000,7,1999,0.0035,0.9995,292,1473,0.146,0.7365,-0.1425,0.263,True
rule_minus_shared_real,314159,123,block_02,RPM,canonical,1,1,1,111,2000,11,2000,0.0055,1.0,23,2000,0.0115,1.0,-0.006,0.0,True
rule_minus_shared_real,314159,2026,block_02,RPM,canonical,1,1,1,111,2000,18,2000,0.009,1.0,29,1628,0.0145,0.814,-0.005500000000000001,0.18600000000000005,True
rule_minus_shared_real,314159,3407,block_02,RPM,canonical,1,1,1,111,2000,129,2000,0.0645,1.0,27,2000,0.0135,1.0,0.051000000000000004,0.0,True
rule_minus_shared_real,271828,7,block_02,RPM,canonical,1,1,1,111,2000,45,1999,0.0225,0.9995,307,1982,0.1535,0.991,-0.131,0.008500000000000063,True
rule_minus_shared_real,271828,42,block_02,RPM,canonical,1,1,1,111,2000,27,1999,0.0135,0.9995,292,1473,0.146,0.7365,-0.13249999999999998,0.263,True
rule_minus_shared_real,271828,123,block_02,RPM,canonical,1,1,1,111,2000,19,1998,0.0095,0.999,23,2000,0.0115,1.0,-0.002,-0.0010000000000000009,True
rule_minus_shared_real,271828,2026,block_02,RPM,canonical,1,1,1,111,2000,254,1996,0.127,0.998,29,1628,0.0145,0.814,0.1125,0.18400000000000005,True
rule_minus_shared_real,271828,3407,block_02,RPM,canonical,1,1,1,111,2000,49,1999,0.0245,0.9995,27,2000,0.0135,1.0,0.011000000000000001,-0.0004999999999999449,True
rule_minus_shared_real,161803,7,block_02,RPM,canonical,1,1,1,111,2000,40,1998,0.02,0.999,307,1982,0.1535,0.991,-0.1335,0.008000000000000007,True
rule_minus_shared_real,161803,42,block_02,RPM,canonical,1,1,1,111,2000,1,2000,0.0005,1.0,292,1473,0.146,0.7365,-0.1455,0.26349999999999996,True
rule_minus_shared_real,161803,123,block_02,RPM,canonical,1,1,1,111,2000,29,1998,0.0145,0.999,23,2000,0.0115,1.0,0.003000000000000001,-0.0010000000000000009,True
rule_minus_shared_real,161803,2026,block_02,RPM,canonical,1,1,1,111,2000,6,1999,0.003,0.9995,29,1628,0.0145,0.814,-0.0115,0.1855000000000001,True
rule_minus_shared_real,161803,3407,block_02,RPM,canonical,1,1,1,111,2000,2,2000,0.001,1.0,27,2000,0.0135,1.0,-0.0125,0.0,True
rule_minus_shared_real,141421,7,block_02,RPM,canonical,1,1,1,111,2000,264,1995,0.132,0.9975,307,1982,0.1535,0.991,-0.02149999999999999,0.006500000000000061,True
rule_minus_shared_real,141421,42,block_02,RPM,canonical,1,1,1,111,2000,3,2000,0.0015,1.0,292,1473,0.146,0.7365,-0.1445,0.26349999999999996,True
rule_minus_shared_real,141421,123,block_02,RPM,canonical,1,1,1,111,2000,4,2000,0.002,1.0,23,2000,0.0115,1.0,-0.0095,0.0,True
rule_minus_shared_real,141421,2026,block_02,RPM,canonical,1,1,1,111,2000,42,1822,0.021,0.911,29,1628,0.0145,0.814,0.006500000000000001,0.09700000000000009,True
rule_minus_shared_real,141421,3407,block_02,RPM,canonical,1,1,1,111,2000,117,2000,0.0585,1.0,27,2000,0.0135,1.0,0.045000000000000005,0.0,True
rule_minus_shared_real,173205,7,block_02,RPM,canonical,1,1,1,111,2000,30,2000,0.015,1.0,307,1982,0.1535,0.991,-0.1385,0.009000000000000008,True
rule_minus_shared_real,173205,42,block_02,RPM,canonical,1,1,1,111,2000,7,2000,0.0035,1.0,292,1473,0.146,0.7365,-0.1425,0.26349999999999996,True
rule_minus_shared_real,173205,123,block_02,RPM,canonical,1,1,1,111,2000,156,2000,0.078,1.0,23,2000,0.0115,1.0,0.0665,0.0,True
rule_minus_shared_real,173205,2026,block_02,RPM,canonical,1,1,1,111,2000,41,1978,0.0205,0.989,29,1628,0.0145,0.814,0.006,0.17500000000000004,True
rule_minus_shared_real,173205,3407,block_02,RPM,canonical,1,1,1,111,2000,260,2000,0.13,1.0,27,2000,0.0135,1.0,0.1165,0.0,True
rule_minus_shared_real,314159,7,block_02,RPM,shifted,0,0,0,000,2000,1998,2000,0.999,1.0,1,258,0.0005,0.129,0.9985,0.871,True
rule_minus_shared_real,314159,42,block_02,RPM,shifted,0,0,0,000,2000,1998,1999,0.999,0.9995,2,2,0.001,0.001,0.998,0.9985,True
rule_minus_shared_real,314159,123,block_02,RPM,shifted,0,0,0,000,2000,1999,2000,0.9995,1.0,1,5,0.0005,0.0025,0.9990000000000001,0.9975,True
rule_minus_shared_real,314159,2026,block_02,RPM,shifted,0,0,0,000,2000,1998,2000,0.999,1.0,0,6,0.0,0.003,0.999,0.997,True
rule_minus_shared_real,314159,3407,block_02,RPM,shifted,0,0,0,000,2000,2000,2000,1.0,1.0,0,3,0.0,0.0015,1.0,0.9985,True
rule_minus_shared_real,271828,7,block_02,RPM,shifted,0,0,0,000,2000,1999,2000,0.9995,1.0,1,258,0.0005,0.129,0.9990000000000001,0.871,True
rule_minus_shared_real,271828,42,block_02,RPM,shifted,0,0,0,000,2000,1998,2000,0.999,1.0,2,2,0.001,0.001,0.998,0.999,True
rule_minus_shared_real,271828,123,block_02,RPM,shifted,0,0,0,000,2000,1998,1998,0.999,0.999,1,5,0.0005,0.0025,0.9985,0.9965,True
rule_minus_shared_real,271828,2026,block_02,RPM,shifted,0,0,0,000,2000,1998,2000,0.999,1.0,0,6,0.0,0.003,0.999,0.997,True
rule_minus_shared_real,271828,3407,block_02,RPM,shifted,0,0,0,000,2000,1998,2000,0.999,1.0,0,3,0.0,0.0015,0.999,0.9985,True
rule_minus_shared_real,161803,7,block_02,RPM,shifted,0,0,0,000,2000,1998,2000,0.999,1.0,1,258,0.0005,0.129,0.9985,0.871,True
rule_minus_shared_real,161803,42,block_02,RPM,shifted,0,0,0,000,2000,1998,2000,0.999,1.0,2,2,0.001,0.001,0.998,0.999,True
rule_minus_shared_real,161803,123,block_02,RPM,shifted,0,0,0,000,2000,1998,1998,0.999,0.999,1,5,0.0005,0.0025,0.9985,0.9965,True
rule_minus_shared_real,161803,2026,block_02,RPM,shifted,0,0,0,000,2000,1998,2000,0.999,1.0,0,6,0.0,0.003,0.999,0.997,True
rule_minus_shared_real,161803,3407,block_02,RPM,shifted,0,0,0,000,2000,1998,2000,0.999,1.0,0,3,0.0,0.0015,0.999,0.9985,True
rule_minus_shared_real,141421,7,block_02,RPM,shifted,0,0,0,000,2000,1998,2000,0.999,1.0,1,258,0.0005,0.129,0.9985,0.871,True
rule_minus_shared_real,141421,42,block_02,RPM,shifted,0,0,0,000,2000,1999,2000,0.9995,1.0,2,2,0.001,0.001,0.9985,0.999,True
rule_minus_shared_real,141421,123,block_02,RPM,shifted,0,0,0,000,2000,2000,2000,1.0,1.0,1,5,0.0005,0.0025,0.9995,0.9975,True
rule_minus_shared_real,141421,2026,block_02,RPM,shifted,0,0,0,000,2000,1998,2000,0.999,1.0,0,6,0.0,0.003,0.999,0.997,True
rule_minus_shared_real,141421,3407,block_02,RPM,shifted,0,0,0,000,2000,1998,2000,0.999,1.0,0,3,0.0,0.0015,0.999,0.9985,True
rule_minus_shared_real,173205,7,block_02,RPM,shifted,0,0,0,000,2000,1998,2000,0.999,1.0,1,258,0.0005,0.129,0.9985,0.871,True
rule_minus_shared_real,173205,42,block_02,RPM,shifted,0,0,0,000,2000,1998,2000,0.999,1.0,2,2,0.001,0.001,0.998,0.999,True
rule_minus_shared_real,173205,123,block_02,RPM,shifted,0,0,0,000,2000,1998,2000,0.999,1.0,1,5,0.0005,0.0025,0.9985,0.9975,True
rule_minus_shared_real,173205,2026,block_02,RPM,shifted,0,0,0,000,2000,1998,2000,0.999,1.0,0,6,0.0,0.003,0.999,0.997,True
rule_minus_shared_real,173205,3407,block_02,RPM,shifted,0,0,0,000,2000,1998,2000,0.999,1.0,0,3,0.0,0.0015,0.999,0.9985,True
rule_minus_shared_real,314159,7,block_02,RPM,shifted,0,0,1,001,2000,1998,2000,0.999,1.0,22,1268,0.011,0.634,0.988,0.366,True
rule_minus_shared_real,314159,42,block_02,RPM,shifted,0,0,1,001,2000,1998,1999,0.999,0.9995,2,6,0.001,0.003,0.998,0.9965,True
rule_minus_shared_real,314159,123,block_02,RPM,shifted,0,0,1,001,2000,1999,2000,0.9995,1.0,1,18,0.0005,0.009,0.9990000000000001,0.991,True
rule_minus_shared_real,314159,2026,block_02,RPM,shifted,0,0,1,001,2000,1998,2000,0.999,1.0,0,209,0.0,0.1045,0.999,0.8955,True
rule_minus_shared_real,314159,3407,block_02,RPM,shifted,0,0,1,001,2000,2000,2000,1.0,1.0,0,16,0.0,0.008,1.0,0.992,True
rule_minus_shared_real,271828,7,block_02,RPM,shifted,0,0,1,001,2000,1999,2000,0.9995,1.0,22,1268,0.011,0.634,0.9885,0.366,True
rule_minus_shared_real,271828,42,block_02,RPM,shifted,0,0,1,001,2000,1998,2000,0.999,1.0,2,6,0.001,0.003,0.998,0.997,True
rule_minus_shared_real,271828,123,block_02,RPM,shifted,0,0,1,001,2000,1998,1998,0.999,0.999,1,18,0.0005,0.009,0.9985,0.99,True
rule_minus_shared_real,271828,2026,block_02,RPM,shifted,0,0,1,001,2000,1998,2000,0.999,1.0,0,209,0.0,0.1045,0.999,0.8955,True
rule_minus_shared_real,271828,3407,block_02,RPM,shifted,0,0,1,001,2000,1998,2000,0.999,1.0,0,16,0.0,0.008,0.999,0.992,True
rule_minus_shared_real,161803,7,block_02,RPM,shifted,0,0,1,001,2000,1998,2000,0.999,1.0,22,1268,0.011,0.634,0.988,0.366,True
rule_minus_shared_real,161803,42,block_02,RPM,shifted,0,0,1,001,2000,1998,2000,0.999,1.0,2,6,0.001,0.003,0.998,0.997,True
rule_minus_shared_real,161803,123,block_02,RPM,shifted,0,0,1,001,2000,1998,1998,0.999,0.999,1,18,0.0005,0.009,0.9985,0.99,True
rule_minus_shared_real,161803,2026,block_02,RPM,shifted,0,0,1,001,2000,1998,2000,0.999,1.0,0,209,0.0,0.1045,0.999,0.8955,True
rule_minus_shared_real,161803,3407,block_02,RPM,shifted,0,0,1,001,2000,1998,2000,0.999,1.0,0,16,0.0,0.008,0.999,0.992,True
rule_minus_shared_real,141421,7,block_02,RPM,shifted,0,0,1,001,2000,1998,2000,0.999,1.0,22,1268,0.011,0.634,0.988,0.366,True
rule_minus_shared_real,141421,42,block_02,RPM,shifted,0,0,1,001,2000,1999,2000,0.9995,1.0,2,6,0.001,0.003,0.9985,0.997,True
rule_minus_shared_real,141421,123,block_02,RPM,shifted,0,0,1,001,2000,2000,2000,1.0,1.0,1,18,0.0005,0.009,0.9995,0.991,True
rule_minus_shared_real,141421,2026,block_02,RPM,shifted,0,0,1,001,2000,1998,2000,0.999,1.0,0,209,0.0,0.1045,0.999,0.8955,True
rule_minus_shared_real,141421,3407,block_02,RPM,shifted,0,0,1,001,2000,1998,2000,0.999,1.0,0,16,0.0,0.008,0.999,0.992,True
rule_minus_shared_real,173205,7,block_02,RPM,shifted,0,0,1,001,2000,1998,2000,0.999,1.0,22,1268,0.011,0.634,0.988,0.366,True
rule_minus_shared_real,173205,42,block_02,RPM,shifted,0,0,1,001,2000,1998,2000,0.999,1.0,2,6,0.001,0.003,0.998,0.997,True
rule_minus_shared_real,173205,123,block_02,RPM,shifted,0,0,1,001,2000,1998,2000,0.999,1.0,1,18,0.0005,0.009,0.9985,0.991,True
rule_minus_shared_real,173205,2026,block_02,RPM,shifted,0,0,1,001,2000,1998,2000,0.999,1.0,0,209,0.0,0.1045,0.999,0.8955,True
rule_minus_shared_real,173205,3407,block_02,RPM,shifted,0,0,1,001,2000,1998,2000,0.999,1.0,0,16,0.0,0.008,0.999,0.992,True
rule_minus_shared_real,314159,7,block_02,RPM,shifted,0,1,0,010,2000,1998,2000,0.999,1.0,7,150,0.0035,0.075,0.9955,0.925,True
rule_minus_shared_real,314159,42,block_02,RPM,shifted,0,1,0,010,2000,1998,1999,0.999,0.9995,2,2,0.001,0.001,0.998,0.9985,True
rule_minus_shared_real,314159,123,block_02,RPM,shifted,0,1,0,010,2000,1999,2000,0.9995,1.0,0,3,0.0,0.0015,0.9995,0.9985,True
rule_minus_shared_real,314159,2026,block_02,RPM,shifted,0,1,0,010,2000,1998,2000,0.999,1.0,0,2,0.0,0.001,0.999,0.999,True
rule_minus_shared_real,314159,3407,block_02,RPM,shifted,0,1,0,010,2000,2000,2000,1.0,1.0,0,2,0.0,0.001,1.0,0.999,True
rule_minus_shared_real,271828,7,block_02,RPM,shifted,0,1,0,010,2000,1999,2000,0.9995,1.0,7,150,0.0035,0.075,0.9960000000000001,0.925,True
rule_minus_shared_real,271828,42,block_02,RPM,shifted,0,1,0,010,2000,1998,2000,0.999,1.0,2,2,0.001,0.001,0.998,0.999,True
rule_minus_shared_real,271828,123,block_02,RPM,shifted,0,1,0,010,2000,1998,1998,0.999,0.999,0,3,0.0,0.0015,0.999,0.9975,True
rule_minus_shared_real,271828,2026,block_02,RPM,shifted,0,1,0,010,2000,1998,2000,0.999,1.0,0,2,0.0,0.001,0.999,0.999,True
rule_minus_shared_real,271828,3407,block_02,RPM,shifted,0,1,0,010,2000,1998,2000,0.999,1.0,0,2,0.0,0.001,0.999,0.999,True
rule_minus_shared_real,161803,7,block_02,RPM,shifted,0,1,0,010,2000,1998,2000,0.999,1.0,7,150,0.0035,0.075,0.9955,0.925,True
rule_minus_shared_real,161803,42,block_02,RPM,shifted,0,1,0,010,2000,1998,2000,0.999,1.0,2,2,0.001,0.001,0.998,0.999,True
rule_minus_shared_real,161803,123,block_02,RPM,shifted,0,1,0,010,2000,1998,1998,0.999,0.999,0,3,0.0,0.0015,0.999,0.9975,True
rule_minus_shared_real,161803,2026,block_02,RPM,shifted,0,1,0,010,2000,1998,2000,0.999,1.0,0,2,0.0,0.001,0.999,0.999,True
rule_minus_shared_real,161803,3407,block_02,RPM,shifted,0,1,0,010,2000,1998,2000,0.999,1.0,0,2,0.0,0.001,0.999,0.999,True
rule_minus_shared_real,141421,7,block_02,RPM,shifted,0,1,0,010,2000,1998,2000,0.999,1.0,7,150,0.0035,0.075,0.9955,0.925,True
rule_minus_shared_real,141421,42,block_02,RPM,shifted,0,1,0,010,2000,1999,2000,0.9995,1.0,2,2,0.001,0.001,0.9985,0.999,True
rule_minus_shared_real,141421,123,block_02,RPM,shifted,0,1,0,010,2000,2000,2000,1.0,1.0,0,3,0.0,0.0015,1.0,0.9985,True
rule_minus_shared_real,141421,2026,block_02,RPM,shifted,0,1,0,010,2000,1998,2000,0.999,1.0,0,2,0.0,0.001,0.999,0.999,True
rule_minus_shared_real,141421,3407,block_02,RPM,shifted,0,1,0,010,2000,1998,2000,0.999,1.0,0,2,0.0,0.001,0.999,0.999,True
rule_minus_shared_real,173205,7,block_02,RPM,shifted,0,1,0,010,2000,1998,2000,0.999,1.0,7,150,0.0035,0.075,0.9955,0.925,True
rule_minus_shared_real,173205,42,block_02,RPM,shifted,0,1,0,010,2000,1998,2000,0.999,1.0,2,2,0.001,0.001,0.998,0.999,True
rule_minus_shared_real,173205,123,block_02,RPM,shifted,0,1,0,010,2000,1998,2000,0.999,1.0,0,3,0.0,0.0015,0.999,0.9985,True
rule_minus_shared_real,173205,2026,block_02,RPM,shifted,0,1,0,010,2000,1998,2000,0.999,1.0,0,2,0.0,0.001,0.999,0.999,True
rule_minus_shared_real,173205,3407,block_02,RPM,shifted,0,1,0,010,2000,1998,2000,0.999,1.0,0,2,0.0,0.001,0.999,0.999,True
rule_minus_shared_real,314159,7,block_02,RPM,shifted,0,1,1,011,2000,1998,2000,0.999,1.0,6,655,0.003,0.3275,0.996,0.6725,True
rule_minus_shared_real,314159,42,block_02,RPM,shifted,0,1,1,011,2000,1998,1999,0.999,0.9995,2,5,0.001,0.0025,0.998,0.9970000000000001,True
rule_minus_shared_real,314159,123,block_02,RPM,shifted,0,1,1,011,2000,1999,2000,0.9995,1.0,4,30,0.002,0.015,0.9975,0.985,True
rule_minus_shared_real,314159,2026,block_02,RPM,shifted,0,1,1,011,2000,1998,2000,0.999,1.0,0,14,0.0,0.007,0.999,0.993,True
rule_minus_shared_real,314159,3407,block_02,RPM,shifted,0,1,1,011,2000,2000,2000,1.0,1.0,0,61,0.0,0.0305,1.0,0.9695,True
rule_minus_shared_real,271828,7,block_02,RPM,shifted,0,1,1,011,2000,1999,2000,0.9995,1.0,6,655,0.003,0.3275,0.9965,0.6725,True
rule_minus_shared_real,271828,42,block_02,RPM,shifted,0,1,1,011,2000,1998,2000,0.999,1.0,2,5,0.001,0.0025,0.998,0.9975,True
rule_minus_shared_real,271828,123,block_02,RPM,shifted,0,1,1,011,2000,1998,1998,0.999,0.999,4,30,0.002,0.015,0.997,0.984,True
rule_minus_shared_real,271828,2026,block_02,RPM,shifted,0,1,1,011,2000,1998,2000,0.999,1.0,0,14,0.0,0.007,0.999,0.993,True
rule_minus_shared_real,271828,3407,block_02,RPM,shifted,0,1,1,011,2000,1998,2000,0.999,1.0,0,61,0.0,0.0305,0.999,0.9695,True
rule_minus_shared_real,161803,7,block_02,RPM,shifted,0,1,1,011,2000,1998,2000,0.999,1.0,6,655,0.003,0.3275,0.996,0.6725,True
rule_minus_shared_real,161803,42,block_02,RPM,shifted,0,1,1,011,2000,1998,2000,0.999,1.0,2,5,0.001,0.0025,0.998,0.9975,True
rule_minus_shared_real,161803,123,block_02,RPM,shifted,0,1,1,011,2000,1998,1998,0.999,0.999,4,30,0.002,0.015,0.997,0.984,True
rule_minus_shared_real,161803,2026,block_02,RPM,shifted,0,1,1,011,2000,1998,2000,0.999,1.0,0,14,0.0,0.007,0.999,0.993,True
rule_minus_shared_real,161803,3407,block_02,RPM,shifted,0,1,1,011,2000,1998,2000,0.999,1.0,0,61,0.0,0.0305,0.999,0.9695,True
rule_minus_shared_real,141421,7,block_02,RPM,shifted,0,1,1,011,2000,1998,2000,0.999,1.0,6,655,0.003,0.3275,0.996,0.6725,True
rule_minus_shared_real,141421,42,block_02,RPM,shifted,0,1,1,011,2000,1999,2000,0.9995,1.0,2,5,0.001,0.0025,0.9985,0.9975,True
rule_minus_shared_real,141421,123,block_02,RPM,shifted,0,1,1,011,2000,2000,2000,1.0,1.0,4,30,0.002,0.015,0.998,0.985,True
rule_minus_shared_real,141421,2026,block_02,RPM,shifted,0,1,1,011,2000,1998,2000,0.999,1.0,0,14,0.0,0.007,0.999,0.993,True
rule_minus_shared_real,141421,3407,block_02,RPM,shifted,0,1,1,011,2000,1998,2000,0.999,1.0,0,61,0.0,0.0305,0.999,0.9695,True
rule_minus_shared_real,173205,7,block_02,RPM,shifted,0,1,1,011,2000,1998,2000,0.999,1.0,6,655,0.003,0.3275,0.996,0.6725,True
rule_minus_shared_real,173205,42,block_02,RPM,shifted,0,1,1,011,2000,1998,2000,0.999,1.0,2,5,0.001,0.0025,0.998,0.9975,True
rule_minus_shared_real,173205,123,block_02,RPM,shifted,0,1,1,011,2000,1998,2000,0.999,1.0,4,30,0.002,0.015,0.997,0.985,True
rule_minus_shared_real,173205,2026,block_02,RPM,shifted,0,1,1,011,2000,1998,2000,0.999,1.0,0,14,0.0,0.007,0.999,0.993,True
rule_minus_shared_real,173205,3407,block_02,RPM,shifted,0,1,1,011,2000,1998,2000,0.999,1.0,0,61,0.0,0.0305,0.999,0.9695,True
rule_minus_shared_real,314159,7,block_02,RPM,shifted,1,0,0,100,2000,429,1958,0.2145,0.979,128,1774,0.064,0.887,0.1505,0.09199999999999997,True
rule_minus_shared_real,314159,42,block_02,RPM,shifted,1,0,0,100,2000,137,1982,0.0685,0.991,50,377,0.025,0.1885,0.043500000000000004,0.8025,True
rule_minus_shared_real,314159,123,block_02,RPM,shifted,1,0,0,100,2000,986,1532,0.493,0.766,27,1896,0.0135,0.948,0.4795,-0.18199999999999994,True
rule_minus_shared_real,314159,2026,block_02,RPM,shifted,1,0,0,100,2000,394,1938,0.197,0.969,0,201,0.0,0.1005,0.197,0.8684999999999999,True
rule_minus_shared_real,314159,3407,block_02,RPM,shifted,1,0,0,100,2000,481,1889,0.2405,0.9445,75,1325,0.0375,0.6625,0.20299999999999999,0.28200000000000003,True
rule_minus_shared_real,271828,7,block_02,RPM,shifted,1,0,0,100,2000,462,1996,0.231,0.998,128,1774,0.064,0.887,0.167,0.11099999999999999,True
rule_minus_shared_real,271828,42,block_02,RPM,shifted,1,0,0,100,2000,90,1239,0.045,0.6195,50,377,0.025,0.1885,0.019999999999999997,0.43100000000000005,True
rule_minus_shared_real,271828,123,block_02,RPM,shifted,1,0,0,100,2000,669,1935,0.3345,0.9675,27,1896,0.0135,0.948,0.321,0.019500000000000073,True
rule_minus_shared_real,271828,2026,block_02,RPM,shifted,1,0,0,100,2000,247,1010,0.1235,0.505,0,201,0.0,0.1005,0.1235,0.40449999999999997,True
rule_minus_shared_real,271828,3407,block_02,RPM,shifted,1,0,0,100,2000,266,1809,0.133,0.9045,75,1325,0.0375,0.6625,0.0955,0.242,True
rule_minus_shared_real,161803,7,block_02,RPM,shifted,1,0,0,100,2000,180,1976,0.09,0.988,128,1774,0.064,0.887,0.025999999999999995,0.10099999999999998,True
rule_minus_shared_real,161803,42,block_02,RPM,shifted,1,0,0,100,2000,221,1703,0.1105,0.8515,50,377,0.025,0.1885,0.08549999999999999,0.663,True
rule_minus_shared_real,161803,123,block_02,RPM,shifted,1,0,0,100,2000,1251,1968,0.6255,0.984,27,1896,0.0135,0.948,0.612,0.03600000000000003,True
rule_minus_shared_real,161803,2026,block_02,RPM,shifted,1,0,0,100,2000,145,1557,0.0725,0.7785,0,201,0.0,0.1005,0.0725,0.6779999999999999,True
rule_minus_shared_real,161803,3407,block_02,RPM,shifted,1,0,0,100,2000,100,1945,0.05,0.9725,75,1325,0.0375,0.6625,0.012500000000000004,0.31000000000000005,True
rule_minus_shared_real,141421,7,block_02,RPM,shifted,1,0,0,100,2000,420,1905,0.21,0.9525,128,1774,0.064,0.887,0.146,0.0655,True
rule_minus_shared_real,141421,42,block_02,RPM,shifted,1,0,0,100,2000,297,1817,0.1485,0.9085,50,377,0.025,0.1885,0.1235,0.72,True
rule_minus_shared_real,141421,123,block_02,RPM,shifted,1,0,0,100,2000,432,1726,0.216,0.863,27,1896,0.0135,0.948,0.20249999999999999,-0.08499999999999996,True
rule_minus_shared_real,141421,2026,block_02,RPM,shifted,1,0,0,100,2000,105,604,0.0525,0.302,0,201,0.0,0.1005,0.0525,0.20149999999999998,True
rule_minus_shared_real,141421,3407,block_02,RPM,shifted,1,0,0,100,2000,442,1992,0.221,0.996,75,1325,0.0375,0.6625,0.1835,0.3335,True
rule_minus_shared_real,173205,7,block_02,RPM,shifted,1,0,0,100,2000,241,1953,0.1205,0.9765,128,1774,0.064,0.887,0.056499999999999995,0.08950000000000002,True
rule_minus_shared_real,173205,42,block_02,RPM,shifted,1,0,0,100,2000,113,1390,0.0565,0.695,50,377,0.025,0.1885,0.0315,0.5065,True
rule_minus_shared_real,173205,123,block_02,RPM,shifted,1,0,0,100,2000,1343,1883,0.6715,0.9415,27,1896,0.0135,0.948,0.658,-0.00649999999999995,True
rule_minus_shared_real,173205,2026,block_02,RPM,shifted,1,0,0,100,2000,281,646,0.1405,0.323,0,201,0.0,0.1005,0.1405,0.2225,True
rule_minus_shared_real,173205,3407,block_02,RPM,shifted,1,0,0,100,2000,712,1925,0.356,0.9625,75,1325,0.0375,0.6625,0.3185,0.30000000000000004,True
rule_minus_shared_real,314159,7,block_02,RPM,shifted,1,0,1,101,2000,7,2000,0.0035,1.0,55,2000,0.0275,1.0,-0.024,0.0,True
rule_minus_shared_real,314159,42,block_02,RPM,shifted,1,0,1,101,2000,0,1999,0.0,0.9995,103,1895,0.0515,0.9475,-0.0515,0.052000000000000046,True
rule_minus_shared_real,314159,123,block_02,RPM,shifted,1,0,1,101,2000,350,2000,0.175,1.0,16,1998,0.008,0.999,0.16699999999999998,0.0010000000000000009,True
rule_minus_shared_real,314159,2026,block_02,RPM,shifted,1,0,1,101,2000,0,2000,0.0,1.0,11,1860,0.0055,0.93,-0.0055,0.06999999999999995,True
rule_minus_shared_real,314159,3407,block_02,RPM,shifted,1,0,1,101,2000,25,2000,0.0125,1.0,22,2000,0.011,1.0,0.0015000000000000013,0.0,True
rule_minus_shared_real,271828,7,block_02,RPM,shifted,1,0,1,101,2000,7,2000,0.0035,1.0,55,2000,0.0275,1.0,-0.024,0.0,True
rule_minus_shared_real,271828,42,block_02,RPM,shifted,1,0,1,101,2000,30,1992,0.015,0.996,103,1895,0.0515,0.9475,-0.0365,0.04849999999999999,True
rule_minus_shared_real,271828,123,block_02,RPM,shifted,1,0,1,101,2000,39,1998,0.0195,0.999,16,1998,0.008,0.999,0.0115,0.0,True
rule_minus_shared_real,271828,2026,block_02,RPM,shifted,1,0,1,101,2000,29,1999,0.0145,0.9995,11,1860,0.0055,0.93,0.009000000000000001,0.0695,True
rule_minus_shared_real,271828,3407,block_02,RPM,shifted,1,0,1,101,2000,16,2000,0.008,1.0,22,2000,0.011,1.0,-0.002999999999999999,0.0,True
rule_minus_shared_real,161803,7,block_02,RPM,shifted,1,0,1,101,2000,19,1999,0.0095,0.9995,55,2000,0.0275,1.0,-0.018000000000000002,-0.0004999999999999449,True
rule_minus_shared_real,161803,42,block_02,RPM,shifted,1,0,1,101,2000,1,2000,0.0005,1.0,103,1895,0.0515,0.9475,-0.051,0.05249999999999999,True
rule_minus_shared_real,161803,123,block_02,RPM,shifted,1,0,1,101,2000,174,1998,0.087,0.999,16,1998,0.008,0.999,0.07899999999999999,0.0,True
rule_minus_shared_real,161803,2026,block_02,RPM,shifted,1,0,1,101,2000,0,1999,0.0,0.9995,11,1860,0.0055,0.93,-0.0055,0.0695,True
rule_minus_shared_real,161803,3407,block_02,RPM,shifted,1,0,1,101,2000,0,2000,0.0,1.0,22,2000,0.011,1.0,-0.011,0.0,True
rule_minus_shared_real,141421,7,block_02,RPM,shifted,1,0,1,101,2000,12,1999,0.006,0.9995,55,2000,0.0275,1.0,-0.0215,-0.0004999999999999449,True
rule_minus_shared_real,141421,42,block_02,RPM,shifted,1,0,1,101,2000,12,2000,0.006,1.0,103,1895,0.0515,0.9475,-0.0455,0.05249999999999999,True
rule_minus_shared_real,141421,123,block_02,RPM,shifted,1,0,1,101,2000,6,2000,0.003,1.0,16,1998,0.008,0.999,-0.005,0.0010000000000000009,True
rule_minus_shared_real,141421,2026,block_02,RPM,shifted,1,0,1,101,2000,8,1968,0.004,0.984,11,1860,0.0055,0.93,-0.0014999999999999996,0.05399999999999994,True
rule_minus_shared_real,141421,3407,block_02,RPM,shifted,1,0,1,101,2000,50,2000,0.025,1.0,22,2000,0.011,1.0,0.014000000000000002,0.0,True
rule_minus_shared_real,173205,7,block_02,RPM,shifted,1,0,1,101,2000,1,2000,0.0005,1.0,55,2000,0.0275,1.0,-0.027,0.0,True
rule_minus_shared_real,173205,42,block_02,RPM,shifted,1,0,1,101,2000,0,2000,0.0,1.0,103,1895,0.0515,0.9475,-0.0515,0.05249999999999999,True
rule_minus_shared_real,173205,123,block_02,RPM,shifted,1,0,1,101,2000,576,2000,0.288,1.0,16,1998,0.008,0.999,0.27999999999999997,0.0010000000000000009,True
rule_minus_shared_real,173205,2026,block_02,RPM,shifted,1,0,1,101,2000,20,1994,0.01,0.997,11,1860,0.0055,0.93,0.0045000000000000005,0.06699999999999995,True
rule_minus_shared_real,173205,3407,block_02,RPM,shifted,1,0,1,101,2000,290,2000,0.145,1.0,22,2000,0.011,1.0,0.13399999999999998,0.0,True
rule_minus_shared_real,314159,7,block_02,RPM,shifted,1,1,0,110,2000,498,1741,0.249,0.8705,190,1386,0.095,0.693,0.154,0.1775000000000001,True
rule_minus_shared_real,314159,42,block_02,RPM,shifted,1,1,0,110,2000,149,1916,0.0745,0.958,42,148,0.021,0.074,0.05349999999999999,0.884,True
rule_minus_shared_real,314159,123,block_02,RPM,shifted,1,1,0,110,2000,220,1668,0.11,0.834,49,1740,0.0245,0.87,0.08549999999999999,-0.03600000000000003,True
rule_minus_shared_real,314159,2026,block_02,RPM,shifted,1,1,0,110,2000,443,1917,0.2215,0.9585,1,83,0.0005,0.0415,0.221,0.917,True
rule_minus_shared_real,314159,3407,block_02,RPM,shifted,1,1,0,110,2000,830,1738,0.415,0.869,62,918,0.031,0.459,0.384,0.41,True
rule_minus_shared_real,271828,7,block_02,RPM,shifted,1,1,0,110,2000,720,1963,0.36,0.9815,190,1386,0.095,0.693,0.265,0.2885000000000001,True
rule_minus_shared_real,271828,42,block_02,RPM,shifted,1,1,0,110,2000,197,1426,0.0985,0.713,42,148,0.021,0.074,0.0775,0.639,True
rule_minus_shared_real,271828,123,block_02,RPM,shifted,1,1,0,110,2000,233,1778,0.1165,0.889,49,1740,0.0245,0.87,0.092,0.019000000000000017,True
rule_minus_shared_real,271828,2026,block_02,RPM,shifted,1,1,0,110,2000,389,1349,0.1945,0.6745,1,83,0.0005,0.0415,0.194,0.633,True
rule_minus_shared_real,271828,3407,block_02,RPM,shifted,1,1,0,110,2000,414,1425,0.207,0.7125,62,918,0.031,0.459,0.176,0.2535,True
rule_minus_shared_real,161803,7,block_02,RPM,shifted,1,1,0,110,2000,404,1886,0.202,0.943,190,1386,0.095,0.693,0.10700000000000001,0.25,True
rule_minus_shared_real,161803,42,block_02,RPM,shifted,1,1,0,110,2000,283,1540,0.1415,0.77,42,148,0.021,0.074,0.12049999999999998,0.6960000000000001,True
rule_minus_shared_real,161803,123,block_02,RPM,shifted,1,1,0,110,2000,499,1766,0.2495,0.883,49,1740,0.0245,0.87,0.225,0.013000000000000012,True
rule_minus_shared_real,161803,2026,block_02,RPM,shifted,1,1,0,110,2000,124,1558,0.062,0.779,1,83,0.0005,0.0415,0.0615,0.7375,True
rule_minus_shared_real,161803,3407,block_02,RPM,shifted,1,1,0,110,2000,253,1916,0.1265,0.958,62,918,0.031,0.459,0.0955,0.49899999999999994,True
rule_minus_shared_real,141421,7,block_02,RPM,shifted,1,1,0,110,2000,822,1786,0.411,0.893,190,1386,0.095,0.693,0.31599999999999995,0.20000000000000007,True
rule_minus_shared_real,141421,42,block_02,RPM,shifted,1,1,0,110,2000,215,1803,0.1075,0.9015,42,148,0.021,0.074,0.0865,0.8275,True
rule_minus_shared_real,141421,123,block_02,RPM,shifted,1,1,0,110,2000,131,1489,0.0655,0.7445,49,1740,0.0245,0.87,0.041,-0.12549999999999994,True
rule_minus_shared_real,141421,2026,block_02,RPM,shifted,1,1,0,110,2000,175,723,0.0875,0.3615,1,83,0.0005,0.0415,0.087,0.32,True
rule_minus_shared_real,141421,3407,block_02,RPM,shifted,1,1,0,110,2000,534,1936,0.267,0.968,62,918,0.031,0.459,0.23600000000000002,0.5089999999999999,True
rule_minus_shared_real,173205,7,block_02,RPM,shifted,1,1,0,110,2000,292,1713,0.146,0.8565,190,1386,0.095,0.693,0.05099999999999999,0.1635000000000001,True
rule_minus_shared_real,173205,42,block_02,RPM,shifted,1,1,0,110,2000,151,1323,0.0755,0.6615,42,148,0.021,0.074,0.05449999999999999,0.5875,True
rule_minus_shared_real,173205,123,block_02,RPM,shifted,1,1,0,110,2000,819,1749,0.4095,0.8745,49,1740,0.0245,0.87,0.38499999999999995,0.0045000000000000595,True
rule_minus_shared_real,173205,2026,block_02,RPM,shifted,1,1,0,110,2000,255,906,0.1275,0.453,1,83,0.0005,0.0415,0.127,0.41150000000000003,True
rule_minus_shared_real,173205,3407,block_02,RPM,shifted,1,1,0,110,2000,857,1754,0.4285,0.877,62,918,0.031,0.459,0.39749999999999996,0.418,True
rule_minus_shared_real,314159,7,block_02,RPM,shifted,1,1,1,111,2000,36,1997,0.018,0.9985,309,1982,0.1545,0.991,-0.1365,0.007500000000000062,True
rule_minus_shared_real,314159,42,block_02,RPM,shifted,1,1,1,111,2000,7,1999,0.0035,0.9995,284,1495,0.142,0.7475,-0.13849999999999998,0.252,True
rule_minus_shared_real,314159,123,block_02,RPM,shifted,1,1,1,111,2000,15,2000,0.0075,1.0,23,2000,0.0115,1.0,-0.004,0.0,True
rule_minus_shared_real,314159,2026,block_02,RPM,shifted,1,1,1,111,2000,14,2000,0.007,1.0,29,1672,0.0145,0.836,-0.007500000000000001,0.16400000000000003,True
rule_minus_shared_real,314159,3407,block_02,RPM,shifted,1,1,1,111,2000,128,2000,0.064,1.0,24,2000,0.012,1.0,0.052000000000000005,0.0,True
rule_minus_shared_real,271828,7,block_02,RPM,shifted,1,1,1,111,2000,47,1999,0.0235,0.9995,309,1982,0.1545,0.991,-0.131,0.008500000000000063,True
rule_minus_shared_real,271828,42,block_02,RPM,shifted,1,1,1,111,2000,30,2000,0.015,1.0,284,1495,0.142,0.7475,-0.127,0.25249999999999995,True
rule_minus_shared_real,271828,123,block_02,RPM,shifted,1,1,1,111,2000,19,1998,0.0095,0.999,23,2000,0.0115,1.0,-0.002,-0.0010000000000000009,True
rule_minus_shared_real,271828,2026,block_02,RPM,shifted,1,1,1,111,2000,216,1997,0.108,0.9985,29,1672,0.0145,0.836,0.0935,0.1625000000000001,True
rule_minus_shared_real,271828,3407,block_02,RPM,shifted,1,1,1,111,2000,51,1999,0.0255,0.9995,24,2000,0.012,1.0,0.013499999999999998,-0.0004999999999999449,True
rule_minus_shared_real,161803,7,block_02,RPM,shifted,1,1,1,111,2000,45,1998,0.0225,0.999,309,1982,0.1545,0.991,-0.132,0.008000000000000007,True
rule_minus_shared_real,161803,42,block_02,RPM,shifted,1,1,1,111,2000,1,2000,0.0005,1.0,284,1495,0.142,0.7475,-0.1415,0.25249999999999995,True
rule_minus_shared_real,161803,123,block_02,RPM,shifted,1,1,1,111,2000,37,1998,0.0185,0.999,23,2000,0.0115,1.0,0.006999999999999999,-0.0010000000000000009,True
rule_minus_shared_real,161803,2026,block_02,RPM,shifted,1,1,1,111,2000,6,1999,0.003,0.9995,29,1672,0.0145,0.836,-0.0115,0.1635000000000001,True
rule_minus_shared_real,161803,3407,block_02,RPM,shifted,1,1,1,111,2000,2,2000,0.001,1.0,24,2000,0.012,1.0,-0.011,0.0,True
rule_minus_shared_real,141421,7,block_02,RPM,shifted,1,1,1,111,2000,292,1996,0.146,0.998,309,1982,0.1545,0.991,-0.008500000000000008,0.007000000000000006,True
rule_minus_shared_real,141421,42,block_02,RPM,shifted,1,1,1,111,2000,3,2000,0.0015,1.0,284,1495,0.142,0.7475,-0.14049999999999999,0.25249999999999995,True
rule_minus_shared_real,141421,123,block_02,RPM,shifted,1,1,1,111,2000,4,2000,0.002,1.0,23,2000,0.0115,1.0,-0.0095,0.0,True
rule_minus_shared_real,141421,2026,block_02,RPM,shifted,1,1,1,111,2000,35,1855,0.0175,0.9275,29,1672,0.0145,0.836,0.003000000000000001,0.09150000000000003,True
rule_minus_shared_real,141421,3407,block_02,RPM,shifted,1,1,1,111,2000,105,2000,0.0525,1.0,24,2000,0.012,1.0,0.040499999999999994,0.0,True
rule_minus_shared_real,173205,7,block_02,RPM,shifted,1,1,1,111,2000,27,2000,0.0135,1.0,309,1982,0.1545,0.991,-0.141,0.009000000000000008,True
rule_minus_shared_real,173205,42,block_02,RPM,shifted,1,1,1,111,2000,7,2000,0.0035,1.0,284,1495,0.142,0.7475,-0.13849999999999998,0.25249999999999995,True
rule_minus_shared_real,173205,123,block_02,RPM,shifted,1,1,1,111,2000,172,2000,0.086,1.0,23,2000,0.0115,1.0,0.0745,0.0,True
rule_minus_shared_real,173205,2026,block_02,RPM,shifted,1,1,1,111,2000,37,1981,0.0185,0.9905,29,1672,0.0145,0.836,0.003999999999999998,0.15450000000000008,True
rule_minus_shared_real,173205,3407,block_02,RPM,shifted,1,1,1,111,2000,266,2000,0.133,1.0,24,2000,0.012,1.0,0.12100000000000001,0.0,True
rule_minus_shared_real,314159,7,block_03,Gear,canonical,0,0,0,000,2000,2000,2000,1.0,1.0,34,527,0.017,0.2635,0.983,0.7364999999999999,True
rule_minus_shared_real,314159,42,block_03,Gear,canonical,0,0,0,000,2000,2000,2000,1.0,1.0,0,0,0.0,0.0,1.0,1.0,True
rule_minus_shared_real,314159,123,block_03,Gear,canonical,0,0,0,000,2000,2000,2000,1.0,1.0,0,35,0.0,0.0175,1.0,0.9825,True
rule_minus_shared_real,314159,2026,block_03,Gear,canonical,0,0,0,000,2000,2000,2000,1.0,1.0,0,34,0.0,0.017,1.0,0.983,True
rule_minus_shared_real,314159,3407,block_03,Gear,canonical,0,0,0,000,2000,2000,2000,1.0,1.0,0,0,0.0,0.0,1.0,1.0,True
rule_minus_shared_real,271828,7,block_03,Gear,canonical,0,0,0,000,2000,2000,2000,1.0,1.0,34,527,0.017,0.2635,0.983,0.7364999999999999,True
rule_minus_shared_real,271828,42,block_03,Gear,canonical,0,0,0,000,2000,2000,2000,1.0,1.0,0,0,0.0,0.0,1.0,1.0,True
rule_minus_shared_real,271828,123,block_03,Gear,canonical,0,0,0,000,2000,2000,2000,1.0,1.0,0,35,0.0,0.0175,1.0,0.9825,True
rule_minus_shared_real,271828,2026,block_03,Gear,canonical,0,0,0,000,2000,2000,2000,1.0,1.0,0,34,0.0,0.017,1.0,0.983,True
rule_minus_shared_real,271828,3407,block_03,Gear,canonical,0,0,0,000,2000,2000,2000,1.0,1.0,0,0,0.0,0.0,1.0,1.0,True
rule_minus_shared_real,161803,7,block_03,Gear,canonical,0,0,0,000,2000,2000,2000,1.0,1.0,34,527,0.017,0.2635,0.983,0.7364999999999999,True
rule_minus_shared_real,161803,42,block_03,Gear,canonical,0,0,0,000,2000,2000,2000,1.0,1.0,0,0,0.0,0.0,1.0,1.0,True
rule_minus_shared_real,161803,123,block_03,Gear,canonical,0,0,0,000,2000,2000,2000,1.0,1.0,0,35,0.0,0.0175,1.0,0.9825,True
rule_minus_shared_real,161803,2026,block_03,Gear,canonical,0,0,0,000,2000,2000,2000,1.0,1.0,0,34,0.0,0.017,1.0,0.983,True
rule_minus_shared_real,161803,3407,block_03,Gear,canonical,0,0,0,000,2000,2000,2000,1.0,1.0,0,0,0.0,0.0,1.0,1.0,True
rule_minus_shared_real,141421,7,block_03,Gear,canonical,0,0,0,000,2000,2000,2000,1.0,1.0,34,527,0.017,0.2635,0.983,0.7364999999999999,True
rule_minus_shared_real,141421,42,block_03,Gear,canonical,0,0,0,000,2000,2000,2000,1.0,1.0,0,0,0.0,0.0,1.0,1.0,True
rule_minus_shared_real,141421,123,block_03,Gear,canonical,0,0,0,000,2000,2000,2000,1.0,1.0,0,35,0.0,0.0175,1.0,0.9825,True
rule_minus_shared_real,141421,2026,block_03,Gear,canonical,0,0,0,000,2000,2000,2000,1.0,1.0,0,34,0.0,0.017,1.0,0.983,True
rule_minus_shared_real,141421,3407,block_03,Gear,canonical,0,0,0,000,2000,2000,2000,1.0,1.0,0,0,0.0,0.0,1.0,1.0,True
rule_minus_shared_real,173205,7,block_03,Gear,canonical,0,0,0,000,2000,2000,2000,1.0,1.0,34,527,0.017,0.2635,0.983,0.7364999999999999,True
rule_minus_shared_real,173205,42,block_03,Gear,canonical,0,0,0,000,2000,2000,2000,1.0,1.0,0,0,0.0,0.0,1.0,1.0,True
rule_minus_shared_real,173205,123,block_03,Gear,canonical,0,0,0,000,2000,2000,2000,1.0,1.0,0,35,0.0,0.0175,1.0,0.9825,True
rule_minus_shared_real,173205,2026,block_03,Gear,canonical,0,0,0,000,2000,2000,2000,1.0,1.0,0,34,0.0,0.017,1.0,0.983,True
rule_minus_shared_real,173205,3407,block_03,Gear,canonical,0,0,0,000,2000,2000,2000,1.0,1.0,0,0,0.0,0.0,1.0,1.0,True
rule_minus_shared_real,314159,7,block_03,Gear,canonical,0,0,1,001,2000,2000,2000,1.0,1.0,34,453,0.017,0.2265,0.983,0.7735,True
rule_minus_shared_real,314159,42,block_03,Gear,canonical,0,0,1,001,2000,2000,2000,1.0,1.0,0,0,0.0,0.0,1.0,1.0,True
rule_minus_shared_real,314159,123,block_03,Gear,canonical,0,0,1,001,2000,2000,2000,1.0,1.0,0,19,0.0,0.0095,1.0,0.9905,True
rule_minus_shared_real,314159,2026,block_03,Gear,canonical,0,0,1,001,2000,2000,2000,1.0,1.0,0,19,0.0,0.0095,1.0,0.9905,True
rule_minus_shared_real,314159,3407,block_03,Gear,canonical,0,0,1,001,2000,2000,2000,1.0,1.0,0,0,0.0,0.0,1.0,1.0,True
rule_minus_shared_real,271828,7,block_03,Gear,canonical,0,0,1,001,2000,2000,2000,1.0,1.0,34,453,0.017,0.2265,0.983,0.7735,True
rule_minus_shared_real,271828,42,block_03,Gear,canonical,0,0,1,001,2000,2000,2000,1.0,1.0,0,0,0.0,0.0,1.0,1.0,True
rule_minus_shared_real,271828,123,block_03,Gear,canonical,0,0,1,001,2000,2000,2000,1.0,1.0,0,19,0.0,0.0095,1.0,0.9905,True
rule_minus_shared_real,271828,2026,block_03,Gear,canonical,0,0,1,001,2000,2000,2000,1.0,1.0,0,19,0.0,0.0095,1.0,0.9905,True
rule_minus_shared_real,271828,3407,block_03,Gear,canonical,0,0,1,001,2000,2000,2000,1.0,1.0,0,0,0.0,0.0,1.0,1.0,True
rule_minus_shared_real,161803,7,block_03,Gear,canonical,0,0,1,001,2000,2000,2000,1.0,1.0,34,453,0.017,0.2265,0.983,0.7735,True
rule_minus_shared_real,161803,42,block_03,Gear,canonical,0,0,1,001,2000,2000,2000,1.0,1.0,0,0,0.0,0.0,1.0,1.0,True
rule_minus_shared_real,161803,123,block_03,Gear,canonical,0,0,1,001,2000,2000,2000,1.0,1.0,0,19,0.0,0.0095,1.0,0.9905,True
rule_minus_shared_real,161803,2026,block_03,Gear,canonical,0,0,1,001,2000,2000,2000,1.0,1.0,0,19,0.0,0.0095,1.0,0.9905,True
rule_minus_shared_real,161803,3407,block_03,Gear,canonical,0,0,1,001,2000,2000,2000,1.0,1.0,0,0,0.0,0.0,1.0,1.0,True
rule_minus_shared_real,141421,7,block_03,Gear,canonical,0,0,1,001,2000,2000,2000,1.0,1.0,34,453,0.017,0.2265,0.983,0.7735,True
rule_minus_shared_real,141421,42,block_03,Gear,canonical,0,0,1,001,2000,2000,2000,1.0,1.0,0,0,0.0,0.0,1.0,1.0,True
rule_minus_shared_real,141421,123,block_03,Gear,canonical,0,0,1,001,2000,2000,2000,1.0,1.0,0,19,0.0,0.0095,1.0,0.9905,True
rule_minus_shared_real,141421,2026,block_03,Gear,canonical,0,0,1,001,2000,2000,2000,1.0,1.0,0,19,0.0,0.0095,1.0,0.9905,True
rule_minus_shared_real,141421,3407,block_03,Gear,canonical,0,0,1,001,2000,2000,2000,1.0,1.0,0,0,0.0,0.0,1.0,1.0,True
rule_minus_shared_real,173205,7,block_03,Gear,canonical,0,0,1,001,2000,2000,2000,1.0,1.0,34,453,0.017,0.2265,0.983,0.7735,True
rule_minus_shared_real,173205,42,block_03,Gear,canonical,0,0,1,001,2000,2000,2000,1.0,1.0,0,0,0.0,0.0,1.0,1.0,True
rule_minus_shared_real,173205,123,block_03,Gear,canonical,0,0,1,001,2000,2000,2000,1.0,1.0,0,19,0.0,0.0095,1.0,0.9905,True
rule_minus_shared_real,173205,2026,block_03,Gear,canonical,0,0,1,001,2000,2000,2000,1.0,1.0,0,19,0.0,0.0095,1.0,0.9905,True
rule_minus_shared_real,173205,3407,block_03,Gear,canonical,0,0,1,001,2000,2000,2000,1.0,1.0,0,0,0.0,0.0,1.0,1.0,True
rule_minus_shared_real,314159,7,block_03,Gear,canonical,0,1,0,010,2000,2000,2000,1.0,1.0,18,87,0.009,0.0435,0.991,0.9565,True
rule_minus_shared_real,314159,42,block_03,Gear,canonical,0,1,0,010,2000,2000,2000,1.0,1.0,0,0,0.0,0.0,1.0,1.0,True
rule_minus_shared_real,314159,123,block_03,Gear,canonical,0,1,0,010,2000,2000,2000,1.0,1.0,0,2,0.0,0.001,1.0,0.999,True
rule_minus_shared_real,314159,2026,block_03,Gear,canonical,0,1,0,010,2000,2000,2000,1.0,1.0,0,0,0.0,0.0,1.0,1.0,True
rule_minus_shared_real,314159,3407,block_03,Gear,canonical,0,1,0,010,2000,2000,2000,1.0,1.0,0,0,0.0,0.0,1.0,1.0,True
rule_minus_shared_real,271828,7,block_03,Gear,canonical,0,1,0,010,2000,2000,2000,1.0,1.0,18,87,0.009,0.0435,0.991,0.9565,True
rule_minus_shared_real,271828,42,block_03,Gear,canonical,0,1,0,010,2000,2000,2000,1.0,1.0,0,0,0.0,0.0,1.0,1.0,True
rule_minus_shared_real,271828,123,block_03,Gear,canonical,0,1,0,010,2000,2000,2000,1.0,1.0,0,2,0.0,0.001,1.0,0.999,True
rule_minus_shared_real,271828,2026,block_03,Gear,canonical,0,1,0,010,2000,2000,2000,1.0,1.0,0,0,0.0,0.0,1.0,1.0,True
rule_minus_shared_real,271828,3407,block_03,Gear,canonical,0,1,0,010,2000,2000,2000,1.0,1.0,0,0,0.0,0.0,1.0,1.0,True
rule_minus_shared_real,161803,7,block_03,Gear,canonical,0,1,0,010,2000,2000,2000,1.0,1.0,18,87,0.009,0.0435,0.991,0.9565,True
rule_minus_shared_real,161803,42,block_03,Gear,canonical,0,1,0,010,2000,2000,2000,1.0,1.0,0,0,0.0,0.0,1.0,1.0,True
rule_minus_shared_real,161803,123,block_03,Gear,canonical,0,1,0,010,2000,2000,2000,1.0,1.0,0,2,0.0,0.001,1.0,0.999,True
rule_minus_shared_real,161803,2026,block_03,Gear,canonical,0,1,0,010,2000,2000,2000,1.0,1.0,0,0,0.0,0.0,1.0,1.0,True
rule_minus_shared_real,161803,3407,block_03,Gear,canonical,0,1,0,010,2000,2000,2000,1.0,1.0,0,0,0.0,0.0,1.0,1.0,True
rule_minus_shared_real,141421,7,block_03,Gear,canonical,0,1,0,010,2000,2000,2000,1.0,1.0,18,87,0.009,0.0435,0.991,0.9565,True
rule_minus_shared_real,141421,42,block_03,Gear,canonical,0,1,0,010,2000,2000,2000,1.0,1.0,0,0,0.0,0.0,1.0,1.0,True
rule_minus_shared_real,141421,123,block_03,Gear,canonical,0,1,0,010,2000,2000,2000,1.0,1.0,0,2,0.0,0.001,1.0,0.999,True
rule_minus_shared_real,141421,2026,block_03,Gear,canonical,0,1,0,010,2000,2000,2000,1.0,1.0,0,0,0.0,0.0,1.0,1.0,True
rule_minus_shared_real,141421,3407,block_03,Gear,canonical,0,1,0,010,2000,2000,2000,1.0,1.0,0,0,0.0,0.0,1.0,1.0,True
rule_minus_shared_real,173205,7,block_03,Gear,canonical,0,1,0,010,2000,2000,2000,1.0,1.0,18,87,0.009,0.0435,0.991,0.9565,True
rule_minus_shared_real,173205,42,block_03,Gear,canonical,0,1,0,010,2000,2000,2000,1.0,1.0,0,0,0.0,0.0,1.0,1.0,True
rule_minus_shared_real,173205,123,block_03,Gear,canonical,0,1,0,010,2000,2000,2000,1.0,1.0,0,2,0.0,0.001,1.0,0.999,True
rule_minus_shared_real,173205,2026,block_03,Gear,canonical,0,1,0,010,2000,2000,2000,1.0,1.0,0,0,0.0,0.0,1.0,1.0,True
rule_minus_shared_real,173205,3407,block_03,Gear,canonical,0,1,0,010,2000,2000,2000,1.0,1.0,0,0,0.0,0.0,1.0,1.0,True
rule_minus_shared_real,314159,7,block_03,Gear,canonical,0,1,1,011,2000,2000,2000,1.0,1.0,17,61,0.0085,0.0305,0.9915,0.9695,True
rule_minus_shared_real,314159,42,block_03,Gear,canonical,0,1,1,011,2000,2000,2000,1.0,1.0,0,0,0.0,0.0,1.0,1.0,True
rule_minus_shared_real,314159,123,block_03,Gear,canonical,0,1,1,011,2000,2000,2000,1.0,1.0,0,0,0.0,0.0,1.0,1.0,True
rule_minus_shared_real,314159,2026,block_03,Gear,canonical,0,1,1,011,2000,2000,2000,1.0,1.0,0,0,0.0,0.0,1.0,1.0,True
rule_minus_shared_real,314159,3407,block_03,Gear,canonical,0,1,1,011,2000,2000,2000,1.0,1.0,0,2,0.0,0.001,1.0,0.999,True
rule_minus_shared_real,271828,7,block_03,Gear,canonical,0,1,1,011,2000,2000,2000,1.0,1.0,17,61,0.0085,0.0305,0.9915,0.9695,True
rule_minus_shared_real,271828,42,block_03,Gear,canonical,0,1,1,011,2000,2000,2000,1.0,1.0,0,0,0.0,0.0,1.0,1.0,True
rule_minus_shared_real,271828,123,block_03,Gear,canonical,0,1,1,011,2000,2000,2000,1.0,1.0,0,0,0.0,0.0,1.0,1.0,True
rule_minus_shared_real,271828,2026,block_03,Gear,canonical,0,1,1,011,2000,2000,2000,1.0,1.0,0,0,0.0,0.0,1.0,1.0,True
rule_minus_shared_real,271828,3407,block_03,Gear,canonical,0,1,1,011,2000,2000,2000,1.0,1.0,0,2,0.0,0.001,1.0,0.999,True
rule_minus_shared_real,161803,7,block_03,Gear,canonical,0,1,1,011,2000,2000,2000,1.0,1.0,17,61,0.0085,0.0305,0.9915,0.9695,True
rule_minus_shared_real,161803,42,block_03,Gear,canonical,0,1,1,011,2000,2000,2000,1.0,1.0,0,0,0.0,0.0,1.0,1.0,True
rule_minus_shared_real,161803,123,block_03,Gear,canonical,0,1,1,011,2000,2000,2000,1.0,1.0,0,0,0.0,0.0,1.0,1.0,True
rule_minus_shared_real,161803,2026,block_03,Gear,canonical,0,1,1,011,2000,2000,2000,1.0,1.0,0,0,0.0,0.0,1.0,1.0,True
rule_minus_shared_real,161803,3407,block_03,Gear,canonical,0,1,1,011,2000,2000,2000,1.0,1.0,0,2,0.0,0.001,1.0,0.999,True
rule_minus_shared_real,141421,7,block_03,Gear,canonical,0,1,1,011,2000,2000,2000,1.0,1.0,17,61,0.0085,0.0305,0.9915,0.9695,True
rule_minus_shared_real,141421,42,block_03,Gear,canonical,0,1,1,011,2000,2000,2000,1.0,1.0,0,0,0.0,0.0,1.0,1.0,True
rule_minus_shared_real,141421,123,block_03,Gear,canonical,0,1,1,011,2000,2000,2000,1.0,1.0,0,0,0.0,0.0,1.0,1.0,True
rule_minus_shared_real,141421,2026,block_03,Gear,canonical,0,1,1,011,2000,2000,2000,1.0,1.0,0,0,0.0,0.0,1.0,1.0,True
rule_minus_shared_real,141421,3407,block_03,Gear,canonical,0,1,1,011,2000,2000,2000,1.0,1.0,0,2,0.0,0.001,1.0,0.999,True
rule_minus_shared_real,173205,7,block_03,Gear,canonical,0,1,1,011,2000,2000,2000,1.0,1.0,17,61,0.0085,0.0305,0.9915,0.9695,True
rule_minus_shared_real,173205,42,block_03,Gear,canonical,0,1,1,011,2000,2000,2000,1.0,1.0,0,0,0.0,0.0,1.0,1.0,True
rule_minus_shared_real,173205,123,block_03,Gear,canonical,0,1,1,011,2000,2000,2000,1.0,1.0,0,0,0.0,0.0,1.0,1.0,True
rule_minus_shared_real,173205,2026,block_03,Gear,canonical,0,1,1,011,2000,2000,2000,1.0,1.0,0,0,0.0,0.0,1.0,1.0,True
rule_minus_shared_real,173205,3407,block_03,Gear,canonical,0,1,1,011,2000,2000,2000,1.0,1.0,0,2,0.0,0.001,1.0,0.999,True
rule_minus_shared_real,314159,7,block_03,Gear,canonical,1,0,0,100,2000,77,1988,0.0385,0.994,8,1960,0.004,0.98,0.0345,0.014000000000000012,True
rule_minus_shared_real,314159,42,block_03,Gear,canonical,1,0,0,100,2000,0,1975,0.0,0.9875,0,850,0.0,0.425,0.0,0.5625,True
rule_minus_shared_real,314159,123,block_03,Gear,canonical,1,0,0,100,2000,39,2000,0.0195,1.0,0,1969,0.0,0.9845,0.0195,0.015499999999999958,True
rule_minus_shared_real,314159,2026,block_03,Gear,canonical,1,0,0,100,2000,41,2000,0.0205,1.0,0,1894,0.0,0.947,0.0205,0.05300000000000005,True
rule_minus_shared_real,314159,3407,block_03,Gear,canonical,1,0,0,100,2000,715,2000,0.3575,1.0,0,1968,0.0,0.984,0.3575,0.016000000000000014,True
rule_minus_shared_real,271828,7,block_03,Gear,canonical,1,0,0,100,2000,453,2000,0.2265,1.0,8,1960,0.004,0.98,0.2225,0.020000000000000018,True
rule_minus_shared_real,271828,42,block_03,Gear,canonical,1,0,0,100,2000,122,1869,0.061,0.9345,0,850,0.0,0.425,0.061,0.5095000000000001,True
rule_minus_shared_real,271828,123,block_03,Gear,canonical,1,0,0,100,2000,151,2000,0.0755,1.0,0,1969,0.0,0.9845,0.0755,0.015499999999999958,True
rule_minus_shared_real,271828,2026,block_03,Gear,canonical,1,0,0,100,2000,0,2000,0.0,1.0,0,1894,0.0,0.947,0.0,0.05300000000000005,True
rule_minus_shared_real,271828,3407,block_03,Gear,canonical,1,0,0,100,2000,830,1977,0.415,0.9885,0,1968,0.0,0.984,0.415,0.0045000000000000595,True
rule_minus_shared_real,161803,7,block_03,Gear,canonical,1,0,0,100,2000,77,1987,0.0385,0.9935,8,1960,0.004,0.98,0.0345,0.013500000000000068,True
rule_minus_shared_real,161803,42,block_03,Gear,canonical,1,0,0,100,2000,9,1990,0.0045,0.995,0,850,0.0,0.425,0.0045,0.5700000000000001,True
rule_minus_shared_real,161803,123,block_03,Gear,canonical,1,0,0,100,2000,68,2000,0.034,1.0,0,1969,0.0,0.9845,0.034,0.015499999999999958,True
rule_minus_shared_real,161803,2026,block_03,Gear,canonical,1,0,0,100,2000,0,2000,0.0,1.0,0,1894,0.0,0.947,0.0,0.05300000000000005,True
rule_minus_shared_real,161803,3407,block_03,Gear,canonical,1,0,0,100,2000,67,2000,0.0335,1.0,0,1968,0.0,0.984,0.0335,0.016000000000000014,True
rule_minus_shared_real,141421,7,block_03,Gear,canonical,1,0,0,100,2000,47,1985,0.0235,0.9925,8,1960,0.004,0.98,0.0195,0.012500000000000067,True
rule_minus_shared_real,141421,42,block_03,Gear,canonical,1,0,0,100,2000,9,1702,0.0045,0.851,0,850,0.0,0.425,0.0045,0.426,True
rule_minus_shared_real,141421,123,block_03,Gear,canonical,1,0,0,100,2000,56,2000,0.028,1.0,0,1969,0.0,0.9845,0.028,0.015499999999999958,True
rule_minus_shared_real,141421,2026,block_03,Gear,canonical,1,0,0,100,2000,1,1993,0.0005,0.9965,0,1894,0.0,0.947,0.0005,0.0495000000000001,True
rule_minus_shared_real,141421,3407,block_03,Gear,canonical,1,0,0,100,2000,102,2000,0.051,1.0,0,1968,0.0,0.984,0.051,0.016000000000000014,True
rule_minus_shared_real,173205,7,block_03,Gear,canonical,1,0,0,100,2000,6,2000,0.003,1.0,8,1960,0.004,0.98,-0.001,0.020000000000000018,True
rule_minus_shared_real,173205,42,block_03,Gear,canonical,1,0,0,100,2000,8,1999,0.004,0.9995,0,850,0.0,0.425,0.004,0.5745,True
rule_minus_shared_real,173205,123,block_03,Gear,canonical,1,0,0,100,2000,125,2000,0.0625,1.0,0,1969,0.0,0.9845,0.0625,0.015499999999999958,True
rule_minus_shared_real,173205,2026,block_03,Gear,canonical,1,0,0,100,2000,7,2000,0.0035,1.0,0,1894,0.0,0.947,0.0035,0.05300000000000005,True
rule_minus_shared_real,173205,3407,block_03,Gear,canonical,1,0,0,100,2000,160,2000,0.08,1.0,0,1968,0.0,0.984,0.08,0.016000000000000014,True
rule_minus_shared_real,314159,7,block_03,Gear,canonical,1,0,1,101,2000,12,1998,0.006,0.999,2,1994,0.001,0.997,0.005,0.0020000000000000018,True
rule_minus_shared_real,314159,42,block_03,Gear,canonical,1,0,1,101,2000,0,1995,0.0,0.9975,0,1212,0.0,0.606,0.0,0.39150000000000007,True
rule_minus_shared_real,314159,123,block_03,Gear,canonical,1,0,1,101,2000,20,2000,0.01,1.0,1,1975,0.0005,0.9875,0.0095,0.012499999999999956,True
rule_minus_shared_real,314159,2026,block_03,Gear,canonical,1,0,1,101,2000,0,2000,0.0,1.0,0,1962,0.0,0.981,0.0,0.019000000000000017,True
rule_minus_shared_real,314159,3407,block_03,Gear,canonical,1,0,1,101,2000,363,2000,0.1815,1.0,0,1984,0.0,0.992,0.1815,0.008000000000000007,True
rule_minus_shared_real,271828,7,block_03,Gear,canonical,1,0,1,101,2000,169,2000,0.0845,1.0,2,1994,0.001,0.997,0.0835,0.0030000000000000027,True
rule_minus_shared_real,271828,42,block_03,Gear,canonical,1,0,1,101,2000,48,1886,0.024,0.943,0,1212,0.0,0.606,0.024,0.33699999999999997,True
rule_minus_shared_real,271828,123,block_03,Gear,canonical,1,0,1,101,2000,34,2000,0.017,1.0,1,1975,0.0005,0.9875,0.0165,0.012499999999999956,True
rule_minus_shared_real,271828,2026,block_03,Gear,canonical,1,0,1,101,2000,0,2000,0.0,1.0,0,1962,0.0,0.981,0.0,0.019000000000000017,True
rule_minus_shared_real,271828,3407,block_03,Gear,canonical,1,0,1,101,2000,335,1997,0.1675,0.9985,0,1984,0.0,0.992,0.1675,0.006500000000000061,True
rule_minus_shared_real,161803,7,block_03,Gear,canonical,1,0,1,101,2000,12,1995,0.006,0.9975,2,1994,0.001,0.997,0.005,0.000500000000000056,True
rule_minus_shared_real,161803,42,block_03,Gear,canonical,1,0,1,101,2000,0,1995,0.0,0.9975,0,1212,0.0,0.606,0.0,0.39150000000000007,True
rule_minus_shared_real,161803,123,block_03,Gear,canonical,1,0,1,101,2000,26,2000,0.013,1.0,1,1975,0.0005,0.9875,0.012499999999999999,0.012499999999999956,True
rule_minus_shared_real,161803,2026,block_03,Gear,canonical,1,0,1,101,2000,0,2000,0.0,1.0,0,1962,0.0,0.981,0.0,0.019000000000000017,True
rule_minus_shared_real,161803,3407,block_03,Gear,canonical,1,0,1,101,2000,17,2000,0.0085,1.0,0,1984,0.0,0.992,0.0085,0.008000000000000007,True
rule_minus_shared_real,141421,7,block_03,Gear,canonical,1,0,1,101,2000,4,1996,0.002,0.998,2,1994,0.001,0.997,0.001,0.0010000000000000009,True
rule_minus_shared_real,141421,42,block_03,Gear,canonical,1,0,1,101,2000,0,1869,0.0,0.9345,0,1212,0.0,0.606,0.0,0.3285,True
rule_minus_shared_real,141421,123,block_03,Gear,canonical,1,0,1,101,2000,5,2000,0.0025,1.0,1,1975,0.0005,0.9875,0.002,0.012499999999999956,True
rule_minus_shared_real,141421,2026,block_03,Gear,canonical,1,0,1,101,2000,0,1999,0.0,0.9995,0,1962,0.0,0.981,0.0,0.018500000000000072,True
rule_minus_shared_real,141421,3407,block_03,Gear,canonical,1,0,1,101,2000,20,2000,0.01,1.0,0,1984,0.0,0.992,0.01,0.008000000000000007,True
rule_minus_shared_real,173205,7,block_03,Gear,canonical,1,0,1,101,2000,1,2000,0.0005,1.0,2,1994,0.001,0.997,-0.0005,0.0030000000000000027,True
rule_minus_shared_real,173205,42,block_03,Gear,canonical,1,0,1,101,2000,1,2000,0.0005,1.0,0,1212,0.0,0.606,0.0005,0.394,True
rule_minus_shared_real,173205,123,block_03,Gear,canonical,1,0,1,101,2000,25,2000,0.0125,1.0,1,1975,0.0005,0.9875,0.012,0.012499999999999956,True
rule_minus_shared_real,173205,2026,block_03,Gear,canonical,1,0,1,101,2000,0,2000,0.0,1.0,0,1962,0.0,0.981,0.0,0.019000000000000017,True
rule_minus_shared_real,173205,3407,block_03,Gear,canonical,1,0,1,101,2000,30,2000,0.015,1.0,0,1984,0.0,0.992,0.015,0.008000000000000007,True
rule_minus_shared_real,314159,7,block_03,Gear,canonical,1,1,0,110,2000,669,1989,0.3345,0.9945,2,1691,0.001,0.8455,0.3335,0.14900000000000002,True
rule_minus_shared_real,314159,42,block_03,Gear,canonical,1,1,0,110,2000,4,1958,0.002,0.979,0,46,0.0,0.023,0.002,0.956,True
rule_minus_shared_real,314159,123,block_03,Gear,canonical,1,1,0,110,2000,733,2000,0.3665,1.0,0,1955,0.0,0.9775,0.3665,0.022499999999999964,True
rule_minus_shared_real,314159,2026,block_03,Gear,canonical,1,1,0,110,2000,48,2000,0.024,1.0,0,814,0.0,0.407,0.024,0.593,True
rule_minus_shared_real,314159,3407,block_03,Gear,canonical,1,1,0,110,2000,1721,1998,0.8605,0.999,0,1834,0.0,0.917,0.8605,0.08199999999999996,True
rule_minus_shared_real,271828,7,block_03,Gear,canonical,1,1,0,110,2000,1064,2000,0.532,1.0,2,1691,0.001,0.8455,0.531,0.15449999999999997,True
rule_minus_shared_real,271828,42,block_03,Gear,canonical,1,1,0,110,2000,26,1979,0.013,0.9895,0,46,0.0,0.023,0.013,0.9665,True
rule_minus_shared_real,271828,123,block_03,Gear,canonical,1,1,0,110,2000,633,2000,0.3165,1.0,0,1955,0.0,0.9775,0.3165,0.022499999999999964,True
rule_minus_shared_real,271828,2026,block_03,Gear,canonical,1,1,0,110,2000,183,2000,0.0915,1.0,0,814,0.0,0.407,0.0915,0.593,True
rule_minus_shared_real,271828,3407,block_03,Gear,canonical,1,1,0,110,2000,1891,1992,0.9455,0.996,0,1834,0.0,0.917,0.9455,0.07899999999999996,True
rule_minus_shared_real,161803,7,block_03,Gear,canonical,1,1,0,110,2000,515,1996,0.2575,0.998,2,1691,0.001,0.8455,0.2565,0.15249999999999997,True
rule_minus_shared_real,161803,42,block_03,Gear,canonical,1,1,0,110,2000,11,1995,0.0055,0.9975,0,46,0.0,0.023,0.0055,0.9745,True
rule_minus_shared_real,161803,123,block_03,Gear,canonical,1,1,0,110,2000,553,2000,0.2765,1.0,0,1955,0.0,0.9775,0.2765,0.022499999999999964,True
rule_minus_shared_real,161803,2026,block_03,Gear,canonical,1,1,0,110,2000,13,2000,0.0065,1.0,0,814,0.0,0.407,0.0065,0.593,True
rule_minus_shared_real,161803,3407,block_03,Gear,canonical,1,1,0,110,2000,1279,2000,0.6395,1.0,0,1834,0.0,0.917,0.6395,0.08299999999999996,True
rule_minus_shared_real,141421,7,block_03,Gear,canonical,1,1,0,110,2000,796,1985,0.398,0.9925,2,1691,0.001,0.8455,0.397,0.14700000000000002,True
rule_minus_shared_real,141421,42,block_03,Gear,canonical,1,1,0,110,2000,29,1937,0.0145,0.9685,0,46,0.0,0.023,0.0145,0.9455,True
rule_minus_shared_real,141421,123,block_03,Gear,canonical,1,1,0,110,2000,228,1998,0.114,0.999,0,1955,0.0,0.9775,0.114,0.021499999999999964,True
rule_minus_shared_real,141421,2026,block_03,Gear,canonical,1,1,0,110,2000,8,1984,0.004,0.992,0,814,0.0,0.407,0.004,0.585,True
rule_minus_shared_real,141421,3407,block_03,Gear,canonical,1,1,0,110,2000,1461,2000,0.7305,1.0,0,1834,0.0,0.917,0.7305,0.08299999999999996,True
rule_minus_shared_real,173205,7,block_03,Gear,canonical,1,1,0,110,2000,368,2000,0.184,1.0,2,1691,0.001,0.8455,0.183,0.15449999999999997,True
rule_minus_shared_real,173205,42,block_03,Gear,canonical,1,1,0,110,2000,41,1996,0.0205,0.998,0,46,0.0,0.023,0.0205,0.975,True
rule_minus_shared_real,173205,123,block_03,Gear,canonical,1,1,0,110,2000,1356,2000,0.678,1.0,0,1955,0.0,0.9775,0.678,0.022499999999999964,True
rule_minus_shared_real,173205,2026,block_03,Gear,canonical,1,1,0,110,2000,54,1996,0.027,0.998,0,814,0.0,0.407,0.027,0.591,True
rule_minus_shared_real,173205,3407,block_03,Gear,canonical,1,1,0,110,2000,1375,1999,0.6875,0.9995,0,1834,0.0,0.917,0.6875,0.08250000000000002,True
rule_minus_shared_real,314159,7,block_03,Gear,canonical,1,1,1,111,2000,454,1988,0.227,0.994,1,1633,0.0005,0.8165,0.2265,0.1775,True
rule_minus_shared_real,314159,42,block_03,Gear,canonical,1,1,1,111,2000,1,1986,0.0005,0.993,0,69,0.0,0.0345,0.0005,0.9585,True
rule_minus_shared_real,314159,123,block_03,Gear,canonical,1,1,1,111,2000,227,2000,0.1135,1.0,0,1906,0.0,0.953,0.1135,0.04700000000000004,True
rule_minus_shared_real,314159,2026,block_03,Gear,canonical,1,1,1,111,2000,15,2000,0.0075,1.0,0,969,0.0,0.4845,0.0075,0.5155000000000001,True
rule_minus_shared_real,314159,3407,block_03,Gear,canonical,1,1,1,111,2000,1384,2000,0.692,1.0,0,1770,0.0,0.885,0.692,0.11499999999999999,True
rule_minus_shared_real,271828,7,block_03,Gear,canonical,1,1,1,111,2000,894,2000,0.447,1.0,1,1633,0.0005,0.8165,0.4465,0.1835,True
rule_minus_shared_real,271828,42,block_03,Gear,canonical,1,1,1,111,2000,12,1983,0.006,0.9915,0,69,0.0,0.0345,0.006,0.9570000000000001,True
rule_minus_shared_real,271828,123,block_03,Gear,canonical,1,1,1,111,2000,124,2000,0.062,1.0,0,1906,0.0,0.953,0.062,0.04700000000000004,True
rule_minus_shared_real,271828,2026,block_03,Gear,canonical,1,1,1,111,2000,86,2000,0.043,1.0,0,969,0.0,0.4845,0.043,0.5155000000000001,True
rule_minus_shared_real,271828,3407,block_03,Gear,canonical,1,1,1,111,2000,1703,1991,0.8515,0.9955,0,1770,0.0,0.885,0.8515,0.11050000000000004,True
rule_minus_shared_real,161803,7,block_03,Gear,canonical,1,1,1,111,2000,326,1996,0.163,0.998,1,1633,0.0005,0.8165,0.1625,0.1815,True
rule_minus_shared_real,161803,42,block_03,Gear,canonical,1,1,1,111,2000,1,1999,0.0005,0.9995,0,69,0.0,0.0345,0.0005,0.9650000000000001,True
rule_minus_shared_real,161803,123,block_03,Gear,canonical,1,1,1,111,2000,156,2000,0.078,1.0,0,1906,0.0,0.953,0.078,0.04700000000000004,True
rule_minus_shared_real,161803,2026,block_03,Gear,canonical,1,1,1,111,2000,3,2000,0.0015,1.0,0,969,0.0,0.4845,0.0015,0.5155000000000001,True
rule_minus_shared_real,161803,3407,block_03,Gear,canonical,1,1,1,111,2000,765,2000,0.3825,1.0,0,1770,0.0,0.885,0.3825,0.11499999999999999,True
rule_minus_shared_real,141421,7,block_03,Gear,canonical,1,1,1,111,2000,561,1983,0.2805,0.9915,1,1633,0.0005,0.8165,0.28,0.17500000000000004,True
rule_minus_shared_real,141421,42,block_03,Gear,canonical,1,1,1,111,2000,5,1966,0.0025,0.983,0,69,0.0,0.0345,0.0025,0.9485,True
rule_minus_shared_real,141421,123,block_03,Gear,canonical,1,1,1,111,2000,23,1999,0.0115,0.9995,0,1906,0.0,0.953,0.0115,0.0465000000000001,True
rule_minus_shared_real,141421,2026,block_03,Gear,canonical,1,1,1,111,2000,4,1991,0.002,0.9955,0,969,0.0,0.4845,0.002,0.5110000000000001,True
rule_minus_shared_real,141421,3407,block_03,Gear,canonical,1,1,1,111,2000,1086,2000,0.543,1.0,0,1770,0.0,0.885,0.543,0.11499999999999999,True
rule_minus_shared_real,173205,7,block_03,Gear,canonical,1,1,1,111,2000,265,2000,0.1325,1.0,1,1633,0.0005,0.8165,0.132,0.1835,True
rule_minus_shared_real,173205,42,block_03,Gear,canonical,1,1,1,111,2000,15,1997,0.0075,0.9985,0,69,0.0,0.0345,0.0075,0.9640000000000001,True
rule_minus_shared_real,173205,123,block_03,Gear,canonical,1,1,1,111,2000,796,2000,0.398,1.0,0,1906,0.0,0.953,0.398,0.04700000000000004,True
rule_minus_shared_real,173205,2026,block_03,Gear,canonical,1,1,1,111,2000,9,1999,0.0045,0.9995,0,969,0.0,0.4845,0.0045,0.5150000000000001,True
rule_minus_shared_real,173205,3407,block_03,Gear,canonical,1,1,1,111,2000,859,2000,0.4295,1.0,0,1770,0.0,0.885,0.4295,0.11499999999999999,True
rule_minus_shared_real,314159,7,block_03,Gear,shifted,0,0,0,000,2000,2000,2000,1.0,1.0,34,528,0.017,0.264,0.983,0.736,True
rule_minus_shared_real,314159,42,block_03,Gear,shifted,0,0,0,000,2000,2000,2000,1.0,1.0,0,0,0.0,0.0,1.0,1.0,True
rule_minus_shared_real,314159,123,block_03,Gear,shifted,0,0,0,000,2000,2000,2000,1.0,1.0,0,36,0.0,0.018,1.0,0.982,True
rule_minus_shared_real,314159,2026,block_03,Gear,shifted,0,0,0,000,2000,2000,2000,1.0,1.0,0,34,0.0,0.017,1.0,0.983,True
rule_minus_shared_real,314159,3407,block_03,Gear,shifted,0,0,0,000,2000,2000,2000,1.0,1.0,0,0,0.0,0.0,1.0,1.0,True
rule_minus_shared_real,271828,7,block_03,Gear,shifted,0,0,0,000,2000,2000,2000,1.0,1.0,34,528,0.017,0.264,0.983,0.736,True
rule_minus_shared_real,271828,42,block_03,Gear,shifted,0,0,0,000,2000,2000,2000,1.0,1.0,0,0,0.0,0.0,1.0,1.0,True
rule_minus_shared_real,271828,123,block_03,Gear,shifted,0,0,0,000,2000,2000,2000,1.0,1.0,0,36,0.0,0.018,1.0,0.982,True
rule_minus_shared_real,271828,2026,block_03,Gear,shifted,0,0,0,000,2000,2000,2000,1.0,1.0,0,34,0.0,0.017,1.0,0.983,True
rule_minus_shared_real,271828,3407,block_03,Gear,shifted,0,0,0,000,2000,2000,2000,1.0,1.0,0,0,0.0,0.0,1.0,1.0,True
rule_minus_shared_real,161803,7,block_03,Gear,shifted,0,0,0,000,2000,2000,2000,1.0,1.0,34,528,0.017,0.264,0.983,0.736,True
rule_minus_shared_real,161803,42,block_03,Gear,shifted,0,0,0,000,2000,2000,2000,1.0,1.0,0,0,0.0,0.0,1.0,1.0,True
rule_minus_shared_real,161803,123,block_03,Gear,shifted,0,0,0,000,2000,2000,2000,1.0,1.0,0,36,0.0,0.018,1.0,0.982,True
rule_minus_shared_real,161803,2026,block_03,Gear,shifted,0,0,0,000,2000,2000,2000,1.0,1.0,0,34,0.0,0.017,1.0,0.983,True
rule_minus_shared_real,161803,3407,block_03,Gear,shifted,0,0,0,000,2000,2000,2000,1.0,1.0,0,0,0.0,0.0,1.0,1.0,True
rule_minus_shared_real,141421,7,block_03,Gear,shifted,0,0,0,000,2000,2000,2000,1.0,1.0,34,528,0.017,0.264,0.983,0.736,True
rule_minus_shared_real,141421,42,block_03,Gear,shifted,0,0,0,000,2000,2000,2000,1.0,1.0,0,0,0.0,0.0,1.0,1.0,True
rule_minus_shared_real,141421,123,block_03,Gear,shifted,0,0,0,000,2000,2000,2000,1.0,1.0,0,36,0.0,0.018,1.0,0.982,True
rule_minus_shared_real,141421,2026,block_03,Gear,shifted,0,0,0,000,2000,2000,2000,1.0,1.0,0,34,0.0,0.017,1.0,0.983,True
rule_minus_shared_real,141421,3407,block_03,Gear,shifted,0,0,0,000,2000,2000,2000,1.0,1.0,0,0,0.0,0.0,1.0,1.0,True
rule_minus_shared_real,173205,7,block_03,Gear,shifted,0,0,0,000,2000,2000,2000,1.0,1.0,34,528,0.017,0.264,0.983,0.736,True
rule_minus_shared_real,173205,42,block_03,Gear,shifted,0,0,0,000,2000,2000,2000,1.0,1.0,0,0,0.0,0.0,1.0,1.0,True
rule_minus_shared_real,173205,123,block_03,Gear,shifted,0,0,0,000,2000,2000,2000,1.0,1.0,0,36,0.0,0.018,1.0,0.982,True
rule_minus_shared_real,173205,2026,block_03,Gear,shifted,0,0,0,000,2000,2000,2000,1.0,1.0,0,34,0.0,0.017,1.0,0.983,True
rule_minus_shared_real,173205,3407,block_03,Gear,shifted,0,0,0,000,2000,2000,2000,1.0,1.0,0,0,0.0,0.0,1.0,1.0,True
rule_minus_shared_real,314159,7,block_03,Gear,shifted,0,0,1,001,2000,2000,2000,1.0,1.0,34,453,0.017,0.2265,0.983,0.7735,True
rule_minus_shared_real,314159,42,block_03,Gear,shifted,0,0,1,001,2000,2000,2000,1.0,1.0,0,0,0.0,0.0,1.0,1.0,True
rule_minus_shared_real,314159,123,block_03,Gear,shifted,0,0,1,001,2000,2000,2000,1.0,1.0,0,19,0.0,0.0095,1.0,0.9905,True
rule_minus_shared_real,314159,2026,block_03,Gear,shifted,0,0,1,001,2000,2000,2000,1.0,1.0,0,21,0.0,0.0105,1.0,0.9895,True
rule_minus_shared_real,314159,3407,block_03,Gear,shifted,0,0,1,001,2000,2000,2000,1.0,1.0,0,0,0.0,0.0,1.0,1.0,True
rule_minus_shared_real,271828,7,block_03,Gear,shifted,0,0,1,001,2000,2000,2000,1.0,1.0,34,453,0.017,0.2265,0.983,0.7735,True
rule_minus_shared_real,271828,42,block_03,Gear,shifted,0,0,1,001,2000,2000,2000,1.0,1.0,0,0,0.0,0.0,1.0,1.0,True
rule_minus_shared_real,271828,123,block_03,Gear,shifted,0,0,1,001,2000,2000,2000,1.0,1.0,0,19,0.0,0.0095,1.0,0.9905,True
rule_minus_shared_real,271828,2026,block_03,Gear,shifted,0,0,1,001,2000,2000,2000,1.0,1.0,0,21,0.0,0.0105,1.0,0.9895,True
rule_minus_shared_real,271828,3407,block_03,Gear,shifted,0,0,1,001,2000,2000,2000,1.0,1.0,0,0,0.0,0.0,1.0,1.0,True
rule_minus_shared_real,161803,7,block_03,Gear,shifted,0,0,1,001,2000,2000,2000,1.0,1.0,34,453,0.017,0.2265,0.983,0.7735,True
rule_minus_shared_real,161803,42,block_03,Gear,shifted,0,0,1,001,2000,2000,2000,1.0,1.0,0,0,0.0,0.0,1.0,1.0,True
rule_minus_shared_real,161803,123,block_03,Gear,shifted,0,0,1,001,2000,2000,2000,1.0,1.0,0,19,0.0,0.0095,1.0,0.9905,True
rule_minus_shared_real,161803,2026,block_03,Gear,shifted,0,0,1,001,2000,2000,2000,1.0,1.0,0,21,0.0,0.0105,1.0,0.9895,True
rule_minus_shared_real,161803,3407,block_03,Gear,shifted,0,0,1,001,2000,2000,2000,1.0,1.0,0,0,0.0,0.0,1.0,1.0,True
rule_minus_shared_real,141421,7,block_03,Gear,shifted,0,0,1,001,2000,2000,2000,1.0,1.0,34,453,0.017,0.2265,0.983,0.7735,True
rule_minus_shared_real,141421,42,block_03,Gear,shifted,0,0,1,001,2000,2000,2000,1.0,1.0,0,0,0.0,0.0,1.0,1.0,True
rule_minus_shared_real,141421,123,block_03,Gear,shifted,0,0,1,001,2000,2000,2000,1.0,1.0,0,19,0.0,0.0095,1.0,0.9905,True
rule_minus_shared_real,141421,2026,block_03,Gear,shifted,0,0,1,001,2000,2000,2000,1.0,1.0,0,21,0.0,0.0105,1.0,0.9895,True
rule_minus_shared_real,141421,3407,block_03,Gear,shifted,0,0,1,001,2000,2000,2000,1.0,1.0,0,0,0.0,0.0,1.0,1.0,True
rule_minus_shared_real,173205,7,block_03,Gear,shifted,0,0,1,001,2000,2000,2000,1.0,1.0,34,453,0.017,0.2265,0.983,0.7735,True
rule_minus_shared_real,173205,42,block_03,Gear,shifted,0,0,1,001,2000,2000,2000,1.0,1.0,0,0,0.0,0.0,1.0,1.0,True
rule_minus_shared_real,173205,123,block_03,Gear,shifted,0,0,1,001,2000,2000,2000,1.0,1.0,0,19,0.0,0.0095,1.0,0.9905,True
rule_minus_shared_real,173205,2026,block_03,Gear,shifted,0,0,1,001,2000,2000,2000,1.0,1.0,0,21,0.0,0.0105,1.0,0.9895,True
rule_minus_shared_real,173205,3407,block_03,Gear,shifted,0,0,1,001,2000,2000,2000,1.0,1.0,0,0,0.0,0.0,1.0,1.0,True
rule_minus_shared_real,314159,7,block_03,Gear,shifted,0,1,0,010,2000,2000,2000,1.0,1.0,18,87,0.009,0.0435,0.991,0.9565,True
rule_minus_shared_real,314159,42,block_03,Gear,shifted,0,1,0,010,2000,2000,2000,1.0,1.0,0,0,0.0,0.0,1.0,1.0,True
rule_minus_shared_real,314159,123,block_03,Gear,shifted,0,1,0,010,2000,2000,2000,1.0,1.0,0,2,0.0,0.001,1.0,0.999,True
rule_minus_shared_real,314159,2026,block_03,Gear,shifted,0,1,0,010,2000,2000,2000,1.0,1.0,0,0,0.0,0.0,1.0,1.0,True
rule_minus_shared_real,314159,3407,block_03,Gear,shifted,0,1,0,010,2000,2000,2000,1.0,1.0,0,0,0.0,0.0,1.0,1.0,True
rule_minus_shared_real,271828,7,block_03,Gear,shifted,0,1,0,010,2000,2000,2000,1.0,1.0,18,87,0.009,0.0435,0.991,0.9565,True
rule_minus_shared_real,271828,42,block_03,Gear,shifted,0,1,0,010,2000,2000,2000,1.0,1.0,0,0,0.0,0.0,1.0,1.0,True
rule_minus_shared_real,271828,123,block_03,Gear,shifted,0,1,0,010,2000,2000,2000,1.0,1.0,0,2,0.0,0.001,1.0,0.999,True
rule_minus_shared_real,271828,2026,block_03,Gear,shifted,0,1,0,010,2000,2000,2000,1.0,1.0,0,0,0.0,0.0,1.0,1.0,True
rule_minus_shared_real,271828,3407,block_03,Gear,shifted,0,1,0,010,2000,2000,2000,1.0,1.0,0,0,0.0,0.0,1.0,1.0,True
rule_minus_shared_real,161803,7,block_03,Gear,shifted,0,1,0,010,2000,2000,2000,1.0,1.0,18,87,0.009,0.0435,0.991,0.9565,True
rule_minus_shared_real,161803,42,block_03,Gear,shifted,0,1,0,010,2000,2000,2000,1.0,1.0,0,0,0.0,0.0,1.0,1.0,True
rule_minus_shared_real,161803,123,block_03,Gear,shifted,0,1,0,010,2000,2000,2000,1.0,1.0,0,2,0.0,0.001,1.0,0.999,True
rule_minus_shared_real,161803,2026,block_03,Gear,shifted,0,1,0,010,2000,2000,2000,1.0,1.0,0,0,0.0,0.0,1.0,1.0,True
rule_minus_shared_real,161803,3407,block_03,Gear,shifted,0,1,0,010,2000,2000,2000,1.0,1.0,0,0,0.0,0.0,1.0,1.0,True
rule_minus_shared_real,141421,7,block_03,Gear,shifted,0,1,0,010,2000,2000,2000,1.0,1.0,18,87,0.009,0.0435,0.991,0.9565,True
rule_minus_shared_real,141421,42,block_03,Gear,shifted,0,1,0,010,2000,2000,2000,1.0,1.0,0,0,0.0,0.0,1.0,1.0,True
rule_minus_shared_real,141421,123,block_03,Gear,shifted,0,1,0,010,2000,2000,2000,1.0,1.0,0,2,0.0,0.001,1.0,0.999,True
rule_minus_shared_real,141421,2026,block_03,Gear,shifted,0,1,0,010,2000,2000,2000,1.0,1.0,0,0,0.0,0.0,1.0,1.0,True
rule_minus_shared_real,141421,3407,block_03,Gear,shifted,0,1,0,010,2000,2000,2000,1.0,1.0,0,0,0.0,0.0,1.0,1.0,True
rule_minus_shared_real,173205,7,block_03,Gear,shifted,0,1,0,010,2000,2000,2000,1.0,1.0,18,87,0.009,0.0435,0.991,0.9565,True
rule_minus_shared_real,173205,42,block_03,Gear,shifted,0,1,0,010,2000,2000,2000,1.0,1.0,0,0,0.0,0.0,1.0,1.0,True
rule_minus_shared_real,173205,123,block_03,Gear,shifted,0,1,0,010,2000,2000,2000,1.0,1.0,0,2,0.0,0.001,1.0,0.999,True
rule_minus_shared_real,173205,2026,block_03,Gear,shifted,0,1,0,010,2000,2000,2000,1.0,1.0,0,0,0.0,0.0,1.0,1.0,True
rule_minus_shared_real,173205,3407,block_03,Gear,shifted,0,1,0,010,2000,2000,2000,1.0,1.0,0,0,0.0,0.0,1.0,1.0,True
rule_minus_shared_real,314159,7,block_03,Gear,shifted,0,1,1,011,2000,2000,2000,1.0,1.0,17,61,0.0085,0.0305,0.9915,0.9695,True
rule_minus_shared_real,314159,42,block_03,Gear,shifted,0,1,1,011,2000,2000,2000,1.0,1.0,0,0,0.0,0.0,1.0,1.0,True
rule_minus_shared_real,314159,123,block_03,Gear,shifted,0,1,1,011,2000,2000,2000,1.0,1.0,0,0,0.0,0.0,1.0,1.0,True
rule_minus_shared_real,314159,2026,block_03,Gear,shifted,0,1,1,011,2000,2000,2000,1.0,1.0,0,0,0.0,0.0,1.0,1.0,True
rule_minus_shared_real,314159,3407,block_03,Gear,shifted,0,1,1,011,2000,2000,2000,1.0,1.0,0,2,0.0,0.001,1.0,0.999,True
rule_minus_shared_real,271828,7,block_03,Gear,shifted,0,1,1,011,2000,2000,2000,1.0,1.0,17,61,0.0085,0.0305,0.9915,0.9695,True
rule_minus_shared_real,271828,42,block_03,Gear,shifted,0,1,1,011,2000,2000,2000,1.0,1.0,0,0,0.0,0.0,1.0,1.0,True
rule_minus_shared_real,271828,123,block_03,Gear,shifted,0,1,1,011,2000,2000,2000,1.0,1.0,0,0,0.0,0.0,1.0,1.0,True
rule_minus_shared_real,271828,2026,block_03,Gear,shifted,0,1,1,011,2000,2000,2000,1.0,1.0,0,0,0.0,0.0,1.0,1.0,True
rule_minus_shared_real,271828,3407,block_03,Gear,shifted,0,1,1,011,2000,2000,2000,1.0,1.0,0,2,0.0,0.001,1.0,0.999,True
rule_minus_shared_real,161803,7,block_03,Gear,shifted,0,1,1,011,2000,2000,2000,1.0,1.0,17,61,0.0085,0.0305,0.9915,0.9695,True
rule_minus_shared_real,161803,42,block_03,Gear,shifted,0,1,1,011,2000,2000,2000,1.0,1.0,0,0,0.0,0.0,1.0,1.0,True
rule_minus_shared_real,161803,123,block_03,Gear,shifted,0,1,1,011,2000,2000,2000,1.0,1.0,0,0,0.0,0.0,1.0,1.0,True
rule_minus_shared_real,161803,2026,block_03,Gear,shifted,0,1,1,011,2000,2000,2000,1.0,1.0,0,0,0.0,0.0,1.0,1.0,True
rule_minus_shared_real,161803,3407,block_03,Gear,shifted,0,1,1,011,2000,2000,2000,1.0,1.0,0,2,0.0,0.001,1.0,0.999,True
rule_minus_shared_real,141421,7,block_03,Gear,shifted,0,1,1,011,2000,2000,2000,1.0,1.0,17,61,0.0085,0.0305,0.9915,0.9695,True
rule_minus_shared_real,141421,42,block_03,Gear,shifted,0,1,1,011,2000,2000,2000,1.0,1.0,0,0,0.0,0.0,1.0,1.0,True
rule_minus_shared_real,141421,123,block_03,Gear,shifted,0,1,1,011,2000,2000,2000,1.0,1.0,0,0,0.0,0.0,1.0,1.0,True
rule_minus_shared_real,141421,2026,block_03,Gear,shifted,0,1,1,011,2000,2000,2000,1.0,1.0,0,0,0.0,0.0,1.0,1.0,True
rule_minus_shared_real,141421,3407,block_03,Gear,shifted,0,1,1,011,2000,2000,2000,1.0,1.0,0,2,0.0,0.001,1.0,0.999,True
rule_minus_shared_real,173205,7,block_03,Gear,shifted,0,1,1,011,2000,2000,2000,1.0,1.0,17,61,0.0085,0.0305,0.9915,0.9695,True
rule_minus_shared_real,173205,42,block_03,Gear,shifted,0,1,1,011,2000,2000,2000,1.0,1.0,0,0,0.0,0.0,1.0,1.0,True
rule_minus_shared_real,173205,123,block_03,Gear,shifted,0,1,1,011,2000,2000,2000,1.0,1.0,0,0,0.0,0.0,1.0,1.0,True
rule_minus_shared_real,173205,2026,block_03,Gear,shifted,0,1,1,011,2000,2000,2000,1.0,1.0,0,0,0.0,0.0,1.0,1.0,True
rule_minus_shared_real,173205,3407,block_03,Gear,shifted,0,1,1,011,2000,2000,2000,1.0,1.0,0,2,0.0,0.001,1.0,0.999,True
rule_minus_shared_real,314159,7,block_03,Gear,shifted,1,0,0,100,2000,78,1988,0.039,0.994,8,1960,0.004,0.98,0.035,0.014000000000000012,True
rule_minus_shared_real,314159,42,block_03,Gear,shifted,1,0,0,100,2000,0,1975,0.0,0.9875,0,857,0.0,0.4285,0.0,0.559,True
rule_minus_shared_real,314159,123,block_03,Gear,shifted,1,0,0,100,2000,41,2000,0.0205,1.0,0,1969,0.0,0.9845,0.0205,0.015499999999999958,True
rule_minus_shared_real,314159,2026,block_03,Gear,shifted,1,0,0,100,2000,41,2000,0.0205,1.0,0,1894,0.0,0.947,0.0205,0.05300000000000005,True
rule_minus_shared_real,314159,3407,block_03,Gear,shifted,1,0,0,100,2000,718,2000,0.359,1.0,0,1968,0.0,0.984,0.359,0.016000000000000014,True
rule_minus_shared_real,271828,7,block_03,Gear,shifted,1,0,0,100,2000,458,2000,0.229,1.0,8,1960,0.004,0.98,0.225,0.020000000000000018,True
rule_minus_shared_real,271828,42,block_03,Gear,shifted,1,0,0,100,2000,126,1870,0.063,0.935,0,857,0.0,0.4285,0.063,0.5065000000000001,True
rule_minus_shared_real,271828,123,block_03,Gear,shifted,1,0,0,100,2000,153,2000,0.0765,1.0,0,1969,0.0,0.9845,0.0765,0.015499999999999958,True
rule_minus_shared_real,271828,2026,block_03,Gear,shifted,1,0,0,100,2000,0,2000,0.0,1.0,0,1894,0.0,0.947,0.0,0.05300000000000005,True
rule_minus_shared_real,271828,3407,block_03,Gear,shifted,1,0,0,100,2000,838,1977,0.419,0.9885,0,1968,0.0,0.984,0.419,0.0045000000000000595,True
rule_minus_shared_real,161803,7,block_03,Gear,shifted,1,0,0,100,2000,79,1988,0.0395,0.994,8,1960,0.004,0.98,0.035500000000000004,0.014000000000000012,True
rule_minus_shared_real,161803,42,block_03,Gear,shifted,1,0,0,100,2000,9,1990,0.0045,0.995,0,857,0.0,0.4285,0.0045,0.5665,True
rule_minus_shared_real,161803,123,block_03,Gear,shifted,1,0,0,100,2000,69,2000,0.0345,1.0,0,1969,0.0,0.9845,0.0345,0.015499999999999958,True
rule_minus_shared_real,161803,2026,block_03,Gear,shifted,1,0,0,100,2000,0,2000,0.0,1.0,0,1894,0.0,0.947,0.0,0.05300000000000005,True
rule_minus_shared_real,161803,3407,block_03,Gear,shifted,1,0,0,100,2000,68,2000,0.034,1.0,0,1968,0.0,0.984,0.034,0.016000000000000014,True
rule_minus_shared_real,141421,7,block_03,Gear,shifted,1,0,0,100,2000,48,1985,0.024,0.9925,8,1960,0.004,0.98,0.02,0.012500000000000067,True
rule_minus_shared_real,141421,42,block_03,Gear,shifted,1,0,0,100,2000,9,1702,0.0045,0.851,0,857,0.0,0.4285,0.0045,0.4225,True
rule_minus_shared_real,141421,123,block_03,Gear,shifted,1,0,0,100,2000,57,2000,0.0285,1.0,0,1969,0.0,0.9845,0.0285,0.015499999999999958,True
rule_minus_shared_real,141421,2026,block_03,Gear,shifted,1,0,0,100,2000,1,1993,0.0005,0.9965,0,1894,0.0,0.947,0.0005,0.0495000000000001,True
rule_minus_shared_real,141421,3407,block_03,Gear,shifted,1,0,0,100,2000,104,2000,0.052,1.0,0,1968,0.0,0.984,0.052,0.016000000000000014,True
rule_minus_shared_real,173205,7,block_03,Gear,shifted,1,0,0,100,2000,6,2000,0.003,1.0,8,1960,0.004,0.98,-0.001,0.020000000000000018,True
rule_minus_shared_real,173205,42,block_03,Gear,shifted,1,0,0,100,2000,8,1999,0.004,0.9995,0,857,0.0,0.4285,0.004,0.5710000000000001,True
rule_minus_shared_real,173205,123,block_03,Gear,shifted,1,0,0,100,2000,129,2000,0.0645,1.0,0,1969,0.0,0.9845,0.0645,0.015499999999999958,True
rule_minus_shared_real,173205,2026,block_03,Gear,shifted,1,0,0,100,2000,7,2000,0.0035,1.0,0,1894,0.0,0.947,0.0035,0.05300000000000005,True
rule_minus_shared_real,173205,3407,block_03,Gear,shifted,1,0,0,100,2000,165,2000,0.0825,1.0,0,1968,0.0,0.984,0.0825,0.016000000000000014,True
rule_minus_shared_real,314159,7,block_03,Gear,shifted,1,0,1,101,2000,12,1998,0.006,0.999,2,1994,0.001,0.997,0.005,0.0020000000000000018,True
rule_minus_shared_real,314159,42,block_03,Gear,shifted,1,0,1,101,2000,0,1995,0.0,0.9975,0,1218,0.0,0.609,0.0,0.38850000000000007,True
rule_minus_shared_real,314159,123,block_03,Gear,shifted,1,0,1,101,2000,20,2000,0.01,1.0,1,1975,0.0005,0.9875,0.0095,0.012499999999999956,True
rule_minus_shared_real,314159,2026,block_03,Gear,shifted,1,0,1,101,2000,1,2000,0.0005,1.0,0,1964,0.0,0.982,0.0005,0.018000000000000016,True
rule_minus_shared_real,314159,3407,block_03,Gear,shifted,1,0,1,101,2000,367,2000,0.1835,1.0,0,1984,0.0,0.992,0.1835,0.008000000000000007,True
rule_minus_shared_real,271828,7,block_03,Gear,shifted,1,0,1,101,2000,171,2000,0.0855,1.0,2,1994,0.001,0.997,0.0845,0.0030000000000000027,True
rule_minus_shared_real,271828,42,block_03,Gear,shifted,1,0,1,101,2000,49,1887,0.0245,0.9435,0,1218,0.0,0.609,0.0245,0.3345,True
rule_minus_shared_real,271828,123,block_03,Gear,shifted,1,0,1,101,2000,36,2000,0.018,1.0,1,1975,0.0005,0.9875,0.017499999999999998,0.012499999999999956,True
rule_minus_shared_real,271828,2026,block_03,Gear,shifted,1,0,1,101,2000,0,2000,0.0,1.0,0,1964,0.0,0.982,0.0,0.018000000000000016,True
rule_minus_shared_real,271828,3407,block_03,Gear,shifted,1,0,1,101,2000,340,1997,0.17,0.9985,0,1984,0.0,0.992,0.17,0.006500000000000061,True
rule_minus_shared_real,161803,7,block_03,Gear,shifted,1,0,1,101,2000,12,1995,0.006,0.9975,2,1994,0.001,0.997,0.005,0.000500000000000056,True
rule_minus_shared_real,161803,42,block_03,Gear,shifted,1,0,1,101,2000,0,1996,0.0,0.998,0,1218,0.0,0.609,0.0,0.389,True
rule_minus_shared_real,161803,123,block_03,Gear,shifted,1,0,1,101,2000,27,2000,0.0135,1.0,1,1975,0.0005,0.9875,0.013,0.012499999999999956,True
rule_minus_shared_real,161803,2026,block_03,Gear,shifted,1,0,1,101,2000,0,2000,0.0,1.0,0,1964,0.0,0.982,0.0,0.018000000000000016,True
rule_minus_shared_real,161803,3407,block_03,Gear,shifted,1,0,1,101,2000,17,2000,0.0085,1.0,0,1984,0.0,0.992,0.0085,0.008000000000000007,True
rule_minus_shared_real,141421,7,block_03,Gear,shifted,1,0,1,101,2000,4,1996,0.002,0.998,2,1994,0.001,0.997,0.001,0.0010000000000000009,True
rule_minus_shared_real,141421,42,block_03,Gear,shifted,1,0,1,101,2000,0,1869,0.0,0.9345,0,1218,0.0,0.609,0.0,0.3255,True
rule_minus_shared_real,141421,123,block_03,Gear,shifted,1,0,1,101,2000,5,2000,0.0025,1.0,1,1975,0.0005,0.9875,0.002,0.012499999999999956,True
rule_minus_shared_real,141421,2026,block_03,Gear,shifted,1,0,1,101,2000,0,1999,0.0,0.9995,0,1964,0.0,0.982,0.0,0.01750000000000007,True
rule_minus_shared_real,141421,3407,block_03,Gear,shifted,1,0,1,101,2000,22,2000,0.011,1.0,0,1984,0.0,0.992,0.011,0.008000000000000007,True
rule_minus_shared_real,173205,7,block_03,Gear,shifted,1,0,1,101,2000,1,2000,0.0005,1.0,2,1994,0.001,0.997,-0.0005,0.0030000000000000027,True
rule_minus_shared_real,173205,42,block_03,Gear,shifted,1,0,1,101,2000,1,2000,0.0005,1.0,0,1218,0.0,0.609,0.0005,0.391,True
rule_minus_shared_real,173205,123,block_03,Gear,shifted,1,0,1,101,2000,26,2000,0.013,1.0,1,1975,0.0005,0.9875,0.012499999999999999,0.012499999999999956,True
rule_minus_shared_real,173205,2026,block_03,Gear,shifted,1,0,1,101,2000,0,2000,0.0,1.0,0,1964,0.0,0.982,0.0,0.018000000000000016,True
rule_minus_shared_real,173205,3407,block_03,Gear,shifted,1,0,1,101,2000,31,2000,0.0155,1.0,0,1984,0.0,0.992,0.0155,0.008000000000000007,True
rule_minus_shared_real,314159,7,block_03,Gear,shifted,1,1,0,110,2000,687,1989,0.3435,0.9945,2,1692,0.001,0.846,0.3425,0.14850000000000008,True
rule_minus_shared_real,314159,42,block_03,Gear,shifted,1,1,0,110,2000,5,1958,0.0025,0.979,0,46,0.0,0.023,0.0025,0.956,True
rule_minus_shared_real,314159,123,block_03,Gear,shifted,1,1,0,110,2000,747,2000,0.3735,1.0,0,1955,0.0,0.9775,0.3735,0.022499999999999964,True
rule_minus_shared_real,314159,2026,block_03,Gear,shifted,1,1,0,110,2000,50,2000,0.025,1.0,0,816,0.0,0.408,0.025,0.5920000000000001,True
rule_minus_shared_real,314159,3407,block_03,Gear,shifted,1,1,0,110,2000,1729,1998,0.8645,0.999,0,1835,0.0,0.9175,0.8645,0.08150000000000002,True
rule_minus_shared_real,271828,7,block_03,Gear,shifted,1,1,0,110,2000,1078,2000,0.539,1.0,2,1692,0.001,0.846,0.538,0.15400000000000003,True
rule_minus_shared_real,271828,42,block_03,Gear,shifted,1,1,0,110,2000,26,1979,0.013,0.9895,0,46,0.0,0.023,0.013,0.9665,True
rule_minus_shared_real,271828,123,block_03,Gear,shifted,1,1,0,110,2000,649,2000,0.3245,1.0,0,1955,0.0,0.9775,0.3245,0.022499999999999964,True
rule_minus_shared_real,271828,2026,block_03,Gear,shifted,1,1,0,110,2000,187,2000,0.0935,1.0,0,816,0.0,0.408,0.0935,0.5920000000000001,True
rule_minus_shared_real,271828,3407,block_03,Gear,shifted,1,1,0,110,2000,1894,1992,0.947,0.996,0,1835,0.0,0.9175,0.947,0.07850000000000001,True
rule_minus_shared_real,161803,7,block_03,Gear,shifted,1,1,0,110,2000,525,1996,0.2625,0.998,2,1692,0.001,0.846,0.2615,0.15200000000000002,True
rule_minus_shared_real,161803,42,block_03,Gear,shifted,1,1,0,110,2000,12,1995,0.006,0.9975,0,46,0.0,0.023,0.006,0.9745,True
rule_minus_shared_real,161803,123,block_03,Gear,shifted,1,1,0,110,2000,567,2000,0.2835,1.0,0,1955,0.0,0.9775,0.2835,0.022499999999999964,True
rule_minus_shared_real,161803,2026,block_03,Gear,shifted,1,1,0,110,2000,13,2000,0.0065,1.0,0,816,0.0,0.408,0.0065,0.5920000000000001,True
rule_minus_shared_real,161803,3407,block_03,Gear,shifted,1,1,0,110,2000,1289,2000,0.6445,1.0,0,1835,0.0,0.9175,0.6445,0.08250000000000002,True
rule_minus_shared_real,141421,7,block_03,Gear,shifted,1,1,0,110,2000,809,1986,0.4045,0.993,2,1692,0.001,0.846,0.4035,0.14700000000000002,True
rule_minus_shared_real,141421,42,block_03,Gear,shifted,1,1,0,110,2000,30,1937,0.015,0.9685,0,46,0.0,0.023,0.015,0.9455,True
rule_minus_shared_real,141421,123,block_03,Gear,shifted,1,1,0,110,2000,229,1998,0.1145,0.999,0,1955,0.0,0.9775,0.1145,0.021499999999999964,True
rule_minus_shared_real,141421,2026,block_03,Gear,shifted,1,1,0,110,2000,8,1985,0.004,0.9925,0,816,0.0,0.408,0.004,0.5845,True
rule_minus_shared_real,141421,3407,block_03,Gear,shifted,1,1,0,110,2000,1477,2000,0.7385,1.0,0,1835,0.0,0.9175,0.7385,0.08250000000000002,True
rule_minus_shared_real,173205,7,block_03,Gear,shifted,1,1,0,110,2000,378,2000,0.189,1.0,2,1692,0.001,0.846,0.188,0.15400000000000003,True
rule_minus_shared_real,173205,42,block_03,Gear,shifted,1,1,0,110,2000,42,1996,0.021,0.998,0,46,0.0,0.023,0.021,0.975,True
rule_minus_shared_real,173205,123,block_03,Gear,shifted,1,1,0,110,2000,1365,2000,0.6825,1.0,0,1955,0.0,0.9775,0.6825,0.022499999999999964,True
rule_minus_shared_real,173205,2026,block_03,Gear,shifted,1,1,0,110,2000,56,1996,0.028,0.998,0,816,0.0,0.408,0.028,0.5900000000000001,True
rule_minus_shared_real,173205,3407,block_03,Gear,shifted,1,1,0,110,2000,1387,1999,0.6935,0.9995,0,1835,0.0,0.9175,0.6935,0.08200000000000007,True
rule_minus_shared_real,314159,7,block_03,Gear,shifted,1,1,1,111,2000,461,1987,0.2305,0.9935,1,1634,0.0005,0.817,0.23,0.1765000000000001,True
rule_minus_shared_real,314159,42,block_03,Gear,shifted,1,1,1,111,2000,1,1986,0.0005,0.993,0,69,0.0,0.0345,0.0005,0.9585,True
rule_minus_shared_real,314159,123,block_03,Gear,shifted,1,1,1,111,2000,238,2000,0.119,1.0,0,1906,0.0,0.953,0.119,0.04700000000000004,True
rule_minus_shared_real,314159,2026,block_03,Gear,shifted,1,1,1,111,2000,15,2000,0.0075,1.0,0,971,0.0,0.4855,0.0075,0.5145,True
rule_minus_shared_real,314159,3407,block_03,Gear,shifted,1,1,1,111,2000,1393,2000,0.6965,1.0,0,1771,0.0,0.8855,0.6965,0.11450000000000005,True
rule_minus_shared_real,271828,7,block_03,Gear,shifted,1,1,1,111,2000,902,2000,0.451,1.0,1,1634,0.0005,0.817,0.4505,0.18300000000000005,True
rule_minus_shared_real,271828,42,block_03,Gear,shifted,1,1,1,111,2000,12,1984,0.006,0.992,0,69,0.0,0.0345,0.006,0.9575,True
rule_minus_shared_real,271828,123,block_03,Gear,shifted,1,1,1,111,2000,126,2000,0.063,1.0,0,1906,0.0,0.953,0.063,0.04700000000000004,True
rule_minus_shared_real,271828,2026,block_03,Gear,shifted,1,1,1,111,2000,88,2000,0.044,1.0,0,971,0.0,0.4855,0.044,0.5145,True
rule_minus_shared_real,271828,3407,block_03,Gear,shifted,1,1,1,111,2000,1719,1991,0.8595,0.9955,0,1771,0.0,0.8855,0.8595,0.1100000000000001,True
rule_minus_shared_real,161803,7,block_03,Gear,shifted,1,1,1,111,2000,333,1996,0.1665,0.998,1,1634,0.0005,0.817,0.166,0.18100000000000005,True
rule_minus_shared_real,161803,42,block_03,Gear,shifted,1,1,1,111,2000,1,1999,0.0005,0.9995,0,69,0.0,0.0345,0.0005,0.9650000000000001,True
rule_minus_shared_real,161803,123,block_03,Gear,shifted,1,1,1,111,2000,157,2000,0.0785,1.0,0,1906,0.0,0.953,0.0785,0.04700000000000004,True
rule_minus_shared_real,161803,2026,block_03,Gear,shifted,1,1,1,111,2000,3,2000,0.0015,1.0,0,971,0.0,0.4855,0.0015,0.5145,True
rule_minus_shared_real,161803,3407,block_03,Gear,shifted,1,1,1,111,2000,771,2000,0.3855,1.0,0,1771,0.0,0.8855,0.3855,0.11450000000000005,True
rule_minus_shared_real,141421,7,block_03,Gear,shifted,1,1,1,111,2000,573,1983,0.2865,0.9915,1,1634,0.0005,0.817,0.286,0.1745000000000001,True
rule_minus_shared_real,141421,42,block_03,Gear,shifted,1,1,1,111,2000,5,1966,0.0025,0.983,0,69,0.0,0.0345,0.0025,0.9485,True
rule_minus_shared_real,141421,123,block_03,Gear,shifted,1,1,1,111,2000,23,1999,0.0115,0.9995,0,1906,0.0,0.953,0.0115,0.0465000000000001,True
rule_minus_shared_real,141421,2026,block_03,Gear,shifted,1,1,1,111,2000,4,1991,0.002,0.9955,0,971,0.0,0.4855,0.002,0.51,True
rule_minus_shared_real,141421,3407,block_03,Gear,shifted,1,1,1,111,2000,1103,2000,0.5515,1.0,0,1771,0.0,0.8855,0.5515,0.11450000000000005,True
rule_minus_shared_real,173205,7,block_03,Gear,shifted,1,1,1,111,2000,270,2000,0.135,1.0,1,1634,0.0005,0.817,0.1345,0.18300000000000005,True
rule_minus_shared_real,173205,42,block_03,Gear,shifted,1,1,1,111,2000,16,1997,0.008,0.9985,0,69,0.0,0.0345,0.008,0.9640000000000001,True
rule_minus_shared_real,173205,123,block_03,Gear,shifted,1,1,1,111,2000,815,2000,0.4075,1.0,0,1906,0.0,0.953,0.4075,0.04700000000000004,True
rule_minus_shared_real,173205,2026,block_03,Gear,shifted,1,1,1,111,2000,9,1999,0.0045,0.9995,0,971,0.0,0.4855,0.0045,0.514,True
rule_minus_shared_real,173205,3407,block_03,Gear,shifted,1,1,1,111,2000,869,2000,0.4345,1.0,0,1771,0.0,0.8855,0.4345,0.11450000000000005,True
rule_minus_shared_real,314159,7,block_03,RPM,canonical,0,0,0,000,2000,2000,2000,1.0,1.0,1,260,0.0005,0.13,0.9995,0.87,True
rule_minus_shared_real,314159,42,block_03,RPM,canonical,0,0,0,000,2000,2000,2000,1.0,1.0,0,0,0.0,0.0,1.0,1.0,True
rule_minus_shared_real,314159,123,block_03,RPM,canonical,0,0,0,000,2000,2000,2000,1.0,1.0,0,4,0.0,0.002,1.0,0.998,True
rule_minus_shared_real,314159,2026,block_03,RPM,canonical,0,0,0,000,2000,2000,2000,1.0,1.0,0,3,0.0,0.0015,1.0,0.9985,True
rule_minus_shared_real,314159,3407,block_03,RPM,canonical,0,0,0,000,2000,2000,2000,1.0,1.0,0,0,0.0,0.0,1.0,1.0,True
rule_minus_shared_real,271828,7,block_03,RPM,canonical,0,0,0,000,2000,2000,2000,1.0,1.0,1,260,0.0005,0.13,0.9995,0.87,True
rule_minus_shared_real,271828,42,block_03,RPM,canonical,0,0,0,000,2000,2000,2000,1.0,1.0,0,0,0.0,0.0,1.0,1.0,True
rule_minus_shared_real,271828,123,block_03,RPM,canonical,0,0,0,000,2000,2000,2000,1.0,1.0,0,4,0.0,0.002,1.0,0.998,True
rule_minus_shared_real,271828,2026,block_03,RPM,canonical,0,0,0,000,2000,2000,2000,1.0,1.0,0,3,0.0,0.0015,1.0,0.9985,True
rule_minus_shared_real,271828,3407,block_03,RPM,canonical,0,0,0,000,2000,2000,2000,1.0,1.0,0,0,0.0,0.0,1.0,1.0,True
rule_minus_shared_real,161803,7,block_03,RPM,canonical,0,0,0,000,2000,2000,2000,1.0,1.0,1,260,0.0005,0.13,0.9995,0.87,True
rule_minus_shared_real,161803,42,block_03,RPM,canonical,0,0,0,000,2000,2000,2000,1.0,1.0,0,0,0.0,0.0,1.0,1.0,True
rule_minus_shared_real,161803,123,block_03,RPM,canonical,0,0,0,000,2000,2000,2000,1.0,1.0,0,4,0.0,0.002,1.0,0.998,True
rule_minus_shared_real,161803,2026,block_03,RPM,canonical,0,0,0,000,2000,2000,2000,1.0,1.0,0,3,0.0,0.0015,1.0,0.9985,True
rule_minus_shared_real,161803,3407,block_03,RPM,canonical,0,0,0,000,2000,2000,2000,1.0,1.0,0,0,0.0,0.0,1.0,1.0,True
rule_minus_shared_real,141421,7,block_03,RPM,canonical,0,0,0,000,2000,2000,2000,1.0,1.0,1,260,0.0005,0.13,0.9995,0.87,True
rule_minus_shared_real,141421,42,block_03,RPM,canonical,0,0,0,000,2000,2000,2000,1.0,1.0,0,0,0.0,0.0,1.0,1.0,True
rule_minus_shared_real,141421,123,block_03,RPM,canonical,0,0,0,000,2000,2000,2000,1.0,1.0,0,4,0.0,0.002,1.0,0.998,True
rule_minus_shared_real,141421,2026,block_03,RPM,canonical,0,0,0,000,2000,2000,2000,1.0,1.0,0,3,0.0,0.0015,1.0,0.9985,True
rule_minus_shared_real,141421,3407,block_03,RPM,canonical,0,0,0,000,2000,2000,2000,1.0,1.0,0,0,0.0,0.0,1.0,1.0,True
rule_minus_shared_real,173205,7,block_03,RPM,canonical,0,0,0,000,2000,2000,2000,1.0,1.0,1,260,0.0005,0.13,0.9995,0.87,True
rule_minus_shared_real,173205,42,block_03,RPM,canonical,0,0,0,000,2000,2000,2000,1.0,1.0,0,0,0.0,0.0,1.0,1.0,True
rule_minus_shared_real,173205,123,block_03,RPM,canonical,0,0,0,000,2000,2000,2000,1.0,1.0,0,4,0.0,0.002,1.0,0.998,True
rule_minus_shared_real,173205,2026,block_03,RPM,canonical,0,0,0,000,2000,2000,2000,1.0,1.0,0,3,0.0,0.0015,1.0,0.9985,True
rule_minus_shared_real,173205,3407,block_03,RPM,canonical,0,0,0,000,2000,2000,2000,1.0,1.0,0,0,0.0,0.0,1.0,1.0,True
rule_minus_shared_real,314159,7,block_03,RPM,canonical,0,0,1,001,2000,2000,2000,1.0,1.0,13,1278,0.0065,0.639,0.9935,0.361,True
rule_minus_shared_real,314159,42,block_03,RPM,canonical,0,0,1,001,2000,2000,2000,1.0,1.0,0,3,0.0,0.0015,1.0,0.9985,True
rule_minus_shared_real,314159,123,block_03,RPM,canonical,0,0,1,001,2000,2000,2000,1.0,1.0,2,13,0.001,0.0065,0.999,0.9935,True
rule_minus_shared_real,314159,2026,block_03,RPM,canonical,0,0,1,001,2000,2000,2000,1.0,1.0,0,206,0.0,0.103,1.0,0.897,True
rule_minus_shared_real,314159,3407,block_03,RPM,canonical,0,0,1,001,2000,2000,2000,1.0,1.0,0,22,0.0,0.011,1.0,0.989,True
rule_minus_shared_real,271828,7,block_03,RPM,canonical,0,0,1,001,2000,2000,2000,1.0,1.0,13,1278,0.0065,0.639,0.9935,0.361,True
rule_minus_shared_real,271828,42,block_03,RPM,canonical,0,0,1,001,2000,2000,2000,1.0,1.0,0,3,0.0,0.0015,1.0,0.9985,True
rule_minus_shared_real,271828,123,block_03,RPM,canonical,0,0,1,001,2000,2000,2000,1.0,1.0,2,13,0.001,0.0065,0.999,0.9935,True
rule_minus_shared_real,271828,2026,block_03,RPM,canonical,0,0,1,001,2000,2000,2000,1.0,1.0,0,206,0.0,0.103,1.0,0.897,True
rule_minus_shared_real,271828,3407,block_03,RPM,canonical,0,0,1,001,2000,2000,2000,1.0,1.0,0,22,0.0,0.011,1.0,0.989,True
rule_minus_shared_real,161803,7,block_03,RPM,canonical,0,0,1,001,2000,2000,2000,1.0,1.0,13,1278,0.0065,0.639,0.9935,0.361,True
rule_minus_shared_real,161803,42,block_03,RPM,canonical,0,0,1,001,2000,2000,2000,1.0,1.0,0,3,0.0,0.0015,1.0,0.9985,True
rule_minus_shared_real,161803,123,block_03,RPM,canonical,0,0,1,001,2000,2000,2000,1.0,1.0,2,13,0.001,0.0065,0.999,0.9935,True
rule_minus_shared_real,161803,2026,block_03,RPM,canonical,0,0,1,001,2000,2000,2000,1.0,1.0,0,206,0.0,0.103,1.0,0.897,True
rule_minus_shared_real,161803,3407,block_03,RPM,canonical,0,0,1,001,2000,2000,2000,1.0,1.0,0,22,0.0,0.011,1.0,0.989,True
rule_minus_shared_real,141421,7,block_03,RPM,canonical,0,0,1,001,2000,2000,2000,1.0,1.0,13,1278,0.0065,0.639,0.9935,0.361,True
rule_minus_shared_real,141421,42,block_03,RPM,canonical,0,0,1,001,2000,2000,2000,1.0,1.0,0,3,0.0,0.0015,1.0,0.9985,True
rule_minus_shared_real,141421,123,block_03,RPM,canonical,0,0,1,001,2000,2000,2000,1.0,1.0,2,13,0.001,0.0065,0.999,0.9935,True
rule_minus_shared_real,141421,2026,block_03,RPM,canonical,0,0,1,001,2000,2000,2000,1.0,1.0,0,206,0.0,0.103,1.0,0.897,True
rule_minus_shared_real,141421,3407,block_03,RPM,canonical,0,0,1,001,2000,2000,2000,1.0,1.0,0,22,0.0,0.011,1.0,0.989,True
rule_minus_shared_real,173205,7,block_03,RPM,canonical,0,0,1,001,2000,2000,2000,1.0,1.0,13,1278,0.0065,0.639,0.9935,0.361,True
rule_minus_shared_real,173205,42,block_03,RPM,canonical,0,0,1,001,2000,2000,2000,1.0,1.0,0,3,0.0,0.0015,1.0,0.9985,True
rule_minus_shared_real,173205,123,block_03,RPM,canonical,0,0,1,001,2000,2000,2000,1.0,1.0,2,13,0.001,0.0065,0.999,0.9935,True
rule_minus_shared_real,173205,2026,block_03,RPM,canonical,0,0,1,001,2000,2000,2000,1.0,1.0,0,206,0.0,0.103,1.0,0.897,True
rule_minus_shared_real,173205,3407,block_03,RPM,canonical,0,0,1,001,2000,2000,2000,1.0,1.0,0,22,0.0,0.011,1.0,0.989,True
rule_minus_shared_real,314159,7,block_03,RPM,canonical,0,1,0,010,2000,2000,2000,1.0,1.0,1,146,0.0005,0.073,0.9995,0.927,True
rule_minus_shared_real,314159,42,block_03,RPM,canonical,0,1,0,010,2000,2000,2000,1.0,1.0,0,0,0.0,0.0,1.0,1.0,True
rule_minus_shared_real,314159,123,block_03,RPM,canonical,0,1,0,010,2000,2000,2000,1.0,1.0,0,2,0.0,0.001,1.0,0.999,True
rule_minus_shared_real,314159,2026,block_03,RPM,canonical,0,1,0,010,2000,2000,2000,1.0,1.0,0,0,0.0,0.0,1.0,1.0,True
rule_minus_shared_real,314159,3407,block_03,RPM,canonical,0,1,0,010,2000,2000,2000,1.0,1.0,0,6,0.0,0.003,1.0,0.997,True
rule_minus_shared_real,271828,7,block_03,RPM,canonical,0,1,0,010,2000,2000,2000,1.0,1.0,1,146,0.0005,0.073,0.9995,0.927,True
rule_minus_shared_real,271828,42,block_03,RPM,canonical,0,1,0,010,2000,2000,2000,1.0,1.0,0,0,0.0,0.0,1.0,1.0,True
rule_minus_shared_real,271828,123,block_03,RPM,canonical,0,1,0,010,2000,2000,2000,1.0,1.0,0,2,0.0,0.001,1.0,0.999,True
rule_minus_shared_real,271828,2026,block_03,RPM,canonical,0,1,0,010,2000,2000,2000,1.0,1.0,0,0,0.0,0.0,1.0,1.0,True
rule_minus_shared_real,271828,3407,block_03,RPM,canonical,0,1,0,010,2000,2000,2000,1.0,1.0,0,6,0.0,0.003,1.0,0.997,True
rule_minus_shared_real,161803,7,block_03,RPM,canonical,0,1,0,010,2000,2000,2000,1.0,1.0,1,146,0.0005,0.073,0.9995,0.927,True
rule_minus_shared_real,161803,42,block_03,RPM,canonical,0,1,0,010,2000,2000,2000,1.0,1.0,0,0,0.0,0.0,1.0,1.0,True
rule_minus_shared_real,161803,123,block_03,RPM,canonical,0,1,0,010,2000,2000,2000,1.0,1.0,0,2,0.0,0.001,1.0,0.999,True
rule_minus_shared_real,161803,2026,block_03,RPM,canonical,0,1,0,010,2000,2000,2000,1.0,1.0,0,0,0.0,0.0,1.0,1.0,True
rule_minus_shared_real,161803,3407,block_03,RPM,canonical,0,1,0,010,2000,2000,2000,1.0,1.0,0,6,0.0,0.003,1.0,0.997,True
rule_minus_shared_real,141421,7,block_03,RPM,canonical,0,1,0,010,2000,2000,2000,1.0,1.0,1,146,0.0005,0.073,0.9995,0.927,True
rule_minus_shared_real,141421,42,block_03,RPM,canonical,0,1,0,010,2000,2000,2000,1.0,1.0,0,0,0.0,0.0,1.0,1.0,True
rule_minus_shared_real,141421,123,block_03,RPM,canonical,0,1,0,010,2000,2000,2000,1.0,1.0,0,2,0.0,0.001,1.0,0.999,True
rule_minus_shared_real,141421,2026,block_03,RPM,canonical,0,1,0,010,2000,2000,2000,1.0,1.0,0,0,0.0,0.0,1.0,1.0,True
rule_minus_shared_real,141421,3407,block_03,RPM,canonical,0,1,0,010,2000,2000,2000,1.0,1.0,0,6,0.0,0.003,1.0,0.997,True
rule_minus_shared_real,173205,7,block_03,RPM,canonical,0,1,0,010,2000,2000,2000,1.0,1.0,1,146,0.0005,0.073,0.9995,0.927,True
rule_minus_shared_real,173205,42,block_03,RPM,canonical,0,1,0,010,2000,2000,2000,1.0,1.0,0,0,0.0,0.0,1.0,1.0,True
rule_minus_shared_real,173205,123,block_03,RPM,canonical,0,1,0,010,2000,2000,2000,1.0,1.0,0,2,0.0,0.001,1.0,0.999,True
rule_minus_shared_real,173205,2026,block_03,RPM,canonical,0,1,0,010,2000,2000,2000,1.0,1.0,0,0,0.0,0.0,1.0,1.0,True
rule_minus_shared_real,173205,3407,block_03,RPM,canonical,0,1,0,010,2000,2000,2000,1.0,1.0,0,6,0.0,0.003,1.0,0.997,True
rule_minus_shared_real,314159,7,block_03,RPM,canonical,0,1,1,011,2000,2000,2000,1.0,1.0,1,669,0.0005,0.3345,0.9995,0.6655,True
rule_minus_shared_real,314159,42,block_03,RPM,canonical,0,1,1,011,2000,2000,2000,1.0,1.0,0,3,0.0,0.0015,1.0,0.9985,True
rule_minus_shared_real,314159,123,block_03,RPM,canonical,0,1,1,011,2000,2000,2000,1.0,1.0,2,31,0.001,0.0155,0.999,0.9845,True
rule_minus_shared_real,314159,2026,block_03,RPM,canonical,0,1,1,011,2000,2000,2000,1.0,1.0,0,12,0.0,0.006,1.0,0.994,True
rule_minus_shared_real,314159,3407,block_03,RPM,canonical,0,1,1,011,2000,2000,2000,1.0,1.0,0,74,0.0,0.037,1.0,0.963,True
rule_minus_shared_real,271828,7,block_03,RPM,canonical,0,1,1,011,2000,2000,2000,1.0,1.0,1,669,0.0005,0.3345,0.9995,0.6655,True
rule_minus_shared_real,271828,42,block_03,RPM,canonical,0,1,1,011,2000,2000,2000,1.0,1.0,0,3,0.0,0.0015,1.0,0.9985,True
rule_minus_shared_real,271828,123,block_03,RPM,canonical,0,1,1,011,2000,2000,2000,1.0,1.0,2,31,0.001,0.0155,0.999,0.9845,True
rule_minus_shared_real,271828,2026,block_03,RPM,canonical,0,1,1,011,2000,2000,2000,1.0,1.0,0,12,0.0,0.006,1.0,0.994,True
rule_minus_shared_real,271828,3407,block_03,RPM,canonical,0,1,1,011,2000,2000,2000,1.0,1.0,0,74,0.0,0.037,1.0,0.963,True
rule_minus_shared_real,161803,7,block_03,RPM,canonical,0,1,1,011,2000,2000,2000,1.0,1.0,1,669,0.0005,0.3345,0.9995,0.6655,True
rule_minus_shared_real,161803,42,block_03,RPM,canonical,0,1,1,011,2000,2000,2000,1.0,1.0,0,3,0.0,0.0015,1.0,0.9985,True
rule_minus_shared_real,161803,123,block_03,RPM,canonical,0,1,1,011,2000,2000,2000,1.0,1.0,2,31,0.001,0.0155,0.999,0.9845,True
rule_minus_shared_real,161803,2026,block_03,RPM,canonical,0,1,1,011,2000,2000,2000,1.0,1.0,0,12,0.0,0.006,1.0,0.994,True
rule_minus_shared_real,161803,3407,block_03,RPM,canonical,0,1,1,011,2000,2000,2000,1.0,1.0,0,74,0.0,0.037,1.0,0.963,True
rule_minus_shared_real,141421,7,block_03,RPM,canonical,0,1,1,011,2000,2000,2000,1.0,1.0,1,669,0.0005,0.3345,0.9995,0.6655,True
rule_minus_shared_real,141421,42,block_03,RPM,canonical,0,1,1,011,2000,2000,2000,1.0,1.0,0,3,0.0,0.0015,1.0,0.9985,True
rule_minus_shared_real,141421,123,block_03,RPM,canonical,0,1,1,011,2000,2000,2000,1.0,1.0,2,31,0.001,0.0155,0.999,0.9845,True
rule_minus_shared_real,141421,2026,block_03,RPM,canonical,0,1,1,011,2000,2000,2000,1.0,1.0,0,12,0.0,0.006,1.0,0.994,True
rule_minus_shared_real,141421,3407,block_03,RPM,canonical,0,1,1,011,2000,2000,2000,1.0,1.0,0,74,0.0,0.037,1.0,0.963,True
rule_minus_shared_real,173205,7,block_03,RPM,canonical,0,1,1,011,2000,2000,2000,1.0,1.0,1,669,0.0005,0.3345,0.9995,0.6655,True
rule_minus_shared_real,173205,42,block_03,RPM,canonical,0,1,1,011,2000,2000,2000,1.0,1.0,0,3,0.0,0.0015,1.0,0.9985,True
rule_minus_shared_real,173205,123,block_03,RPM,canonical,0,1,1,011,2000,2000,2000,1.0,1.0,2,31,0.001,0.0155,0.999,0.9845,True
rule_minus_shared_real,173205,2026,block_03,RPM,canonical,0,1,1,011,2000,2000,2000,1.0,1.0,0,12,0.0,0.006,1.0,0.994,True
rule_minus_shared_real,173205,3407,block_03,RPM,canonical,0,1,1,011,2000,2000,2000,1.0,1.0,0,74,0.0,0.037,1.0,0.963,True
rule_minus_shared_real,314159,7,block_03,RPM,canonical,1,0,0,100,2000,400,1936,0.2,0.968,111,1750,0.0555,0.875,0.14450000000000002,0.09299999999999997,True
rule_minus_shared_real,314159,42,block_03,RPM,canonical,1,0,0,100,2000,112,1980,0.056,0.99,49,364,0.0245,0.182,0.0315,0.808,True
rule_minus_shared_real,314159,123,block_03,RPM,canonical,1,0,0,100,2000,867,1433,0.4335,0.7165,38,1879,0.019,0.9395,0.4145,-0.22299999999999998,True
rule_minus_shared_real,314159,2026,block_03,RPM,canonical,1,0,0,100,2000,408,1919,0.204,0.9595,0,189,0.0,0.0945,0.204,0.865,True
rule_minus_shared_real,314159,3407,block_03,RPM,canonical,1,0,0,100,2000,433,1858,0.2165,0.929,65,1295,0.0325,0.6475,0.184,0.2815000000000001,True
rule_minus_shared_real,271828,7,block_03,RPM,canonical,1,0,0,100,2000,455,1992,0.2275,0.996,111,1750,0.0555,0.875,0.17200000000000001,0.121,True
rule_minus_shared_real,271828,42,block_03,RPM,canonical,1,0,0,100,2000,83,1232,0.0415,0.616,49,364,0.0245,0.182,0.017,0.434,True
rule_minus_shared_real,271828,123,block_03,RPM,canonical,1,0,0,100,2000,621,1869,0.3105,0.9345,38,1879,0.019,0.9395,0.2915,-0.0050000000000000044,True
rule_minus_shared_real,271828,2026,block_03,RPM,canonical,1,0,0,100,2000,214,947,0.107,0.4735,0,189,0.0,0.0945,0.107,0.379,True
rule_minus_shared_real,271828,3407,block_03,RPM,canonical,1,0,0,100,2000,228,1777,0.114,0.8885,65,1295,0.0325,0.6475,0.0815,0.241,True
rule_minus_shared_real,161803,7,block_03,RPM,canonical,1,0,0,100,2000,166,1954,0.083,0.977,111,1750,0.0555,0.875,0.027500000000000004,0.10199999999999998,True
rule_minus_shared_real,161803,42,block_03,RPM,canonical,1,0,0,100,2000,202,1634,0.101,0.817,49,364,0.0245,0.182,0.07650000000000001,0.635,True
rule_minus_shared_real,161803,123,block_03,RPM,canonical,1,0,0,100,2000,1142,1906,0.571,0.953,38,1879,0.019,0.9395,0.5519999999999999,0.013499999999999956,True
rule_minus_shared_real,161803,2026,block_03,RPM,canonical,1,0,0,100,2000,128,1458,0.064,0.729,0,189,0.0,0.0945,0.064,0.6345,True
rule_minus_shared_real,161803,3407,block_03,RPM,canonical,1,0,0,100,2000,89,1927,0.0445,0.9635,65,1295,0.0325,0.6475,0.011999999999999997,0.31600000000000006,True
rule_minus_shared_real,141421,7,block_03,RPM,canonical,1,0,0,100,2000,376,1863,0.188,0.9315,111,1750,0.0555,0.875,0.1325,0.056499999999999995,True
rule_minus_shared_real,141421,42,block_03,RPM,canonical,1,0,0,100,2000,248,1790,0.124,0.895,49,364,0.0245,0.182,0.0995,0.7130000000000001,True
rule_minus_shared_real,141421,123,block_03,RPM,canonical,1,0,0,100,2000,374,1629,0.187,0.8145,38,1879,0.019,0.9395,0.168,-0.125,True
rule_minus_shared_real,141421,2026,block_03,RPM,canonical,1,0,0,100,2000,94,488,0.047,0.244,0,189,0.0,0.0945,0.047,0.1495,True
rule_minus_shared_real,141421,3407,block_03,RPM,canonical,1,0,0,100,2000,404,1986,0.202,0.993,65,1295,0.0325,0.6475,0.1695,0.34550000000000003,True
rule_minus_shared_real,173205,7,block_03,RPM,canonical,1,0,0,100,2000,199,1910,0.0995,0.955,111,1750,0.0555,0.875,0.044000000000000004,0.07999999999999996,True
rule_minus_shared_real,173205,42,block_03,RPM,canonical,1,0,0,100,2000,86,1340,0.043,0.67,49,364,0.0245,0.182,0.018499999999999996,0.48800000000000004,True
rule_minus_shared_real,173205,123,block_03,RPM,canonical,1,0,0,100,2000,1232,1809,0.616,0.9045,38,1879,0.019,0.9395,0.597,-0.03500000000000003,True
rule_minus_shared_real,173205,2026,block_03,RPM,canonical,1,0,0,100,2000,275,592,0.1375,0.296,0,189,0.0,0.0945,0.1375,0.20149999999999998,True
rule_minus_shared_real,173205,3407,block_03,RPM,canonical,1,0,0,100,2000,641,1897,0.3205,0.9485,65,1295,0.0325,0.6475,0.28800000000000003,0.30100000000000005,True
rule_minus_shared_real,314159,7,block_03,RPM,canonical,1,0,1,101,2000,4,1997,0.002,0.9985,53,1999,0.0265,0.9995,-0.0245,-0.0010000000000000009,True
rule_minus_shared_real,314159,42,block_03,RPM,canonical,1,0,1,101,2000,0,2000,0.0,1.0,94,1903,0.047,0.9515,-0.047,0.04849999999999999,True
rule_minus_shared_real,314159,123,block_03,RPM,canonical,1,0,1,101,2000,307,1999,0.1535,0.9995,18,1998,0.009,0.999,0.1445,0.000500000000000056,True
rule_minus_shared_real,314159,2026,block_03,RPM,canonical,1,0,1,101,2000,2,2000,0.001,1.0,10,1868,0.005,0.934,-0.004,0.06599999999999995,True
rule_minus_shared_real,314159,3407,block_03,RPM,canonical,1,0,1,101,2000,22,2000,0.011,1.0,27,2000,0.0135,1.0,-0.0025000000000000005,0.0,True
rule_minus_shared_real,271828,7,block_03,RPM,canonical,1,0,1,101,2000,7,2000,0.0035,1.0,53,1999,0.0265,0.9995,-0.023,0.0004999999999999449,True
rule_minus_shared_real,271828,42,block_03,RPM,canonical,1,0,1,101,2000,11,1992,0.0055,0.996,94,1903,0.047,0.9515,-0.0415,0.044499999999999984,True
rule_minus_shared_real,271828,123,block_03,RPM,canonical,1,0,1,101,2000,39,2000,0.0195,1.0,18,1998,0.009,0.999,0.0105,0.0010000000000000009,True
rule_minus_shared_real,271828,2026,block_03,RPM,canonical,1,0,1,101,2000,36,1996,0.018,0.998,10,1868,0.005,0.934,0.012999999999999998,0.06399999999999995,True
rule_minus_shared_real,271828,3407,block_03,RPM,canonical,1,0,1,101,2000,12,2000,0.006,1.0,27,2000,0.0135,1.0,-0.0075,0.0,True
rule_minus_shared_real,161803,7,block_03,RPM,canonical,1,0,1,101,2000,18,1996,0.009,0.998,53,1999,0.0265,0.9995,-0.0175,-0.0015000000000000568,True
rule_minus_shared_real,161803,42,block_03,RPM,canonical,1,0,1,101,2000,0,2000,0.0,1.0,94,1903,0.047,0.9515,-0.047,0.04849999999999999,True
rule_minus_shared_real,161803,123,block_03,RPM,canonical,1,0,1,101,2000,148,2000,0.074,1.0,18,1998,0.009,0.999,0.065,0.0010000000000000009,True
rule_minus_shared_real,161803,2026,block_03,RPM,canonical,1,0,1,101,2000,1,2000,0.0005,1.0,10,1868,0.005,0.934,-0.0045000000000000005,0.06599999999999995,True
rule_minus_shared_real,161803,3407,block_03,RPM,canonical,1,0,1,101,2000,0,2000,0.0,1.0,27,2000,0.0135,1.0,-0.0135,0.0,True
rule_minus_shared_real,141421,7,block_03,RPM,canonical,1,0,1,101,2000,6,1991,0.003,0.9955,53,1999,0.0265,0.9995,-0.0235,-0.0040000000000000036,True
rule_minus_shared_real,141421,42,block_03,RPM,canonical,1,0,1,101,2000,5,2000,0.0025,1.0,94,1903,0.047,0.9515,-0.0445,0.04849999999999999,True
rule_minus_shared_real,141421,123,block_03,RPM,canonical,1,0,1,101,2000,4,2000,0.002,1.0,18,1998,0.009,0.999,-0.006999999999999999,0.0010000000000000009,True
rule_minus_shared_real,141421,2026,block_03,RPM,canonical,1,0,1,101,2000,10,1962,0.005,0.981,10,1868,0.005,0.934,0.0,0.04699999999999993,True
rule_minus_shared_real,141421,3407,block_03,RPM,canonical,1,0,1,101,2000,30,2000,0.015,1.0,27,2000,0.0135,1.0,0.0014999999999999996,0.0,True
rule_minus_shared_real,173205,7,block_03,RPM,canonical,1,0,1,101,2000,0,2000,0.0,1.0,53,1999,0.0265,0.9995,-0.0265,0.0004999999999999449,True
rule_minus_shared_real,173205,42,block_03,RPM,canonical,1,0,1,101,2000,0,2000,0.0,1.0,94,1903,0.047,0.9515,-0.047,0.04849999999999999,True
rule_minus_shared_real,173205,123,block_03,RPM,canonical,1,0,1,101,2000,499,2000,0.2495,1.0,18,1998,0.009,0.999,0.2405,0.0010000000000000009,True
rule_minus_shared_real,173205,2026,block_03,RPM,canonical,1,0,1,101,2000,33,1994,0.0165,0.997,10,1868,0.005,0.934,0.0115,0.06299999999999994,True
rule_minus_shared_real,173205,3407,block_03,RPM,canonical,1,0,1,101,2000,244,2000,0.122,1.0,27,2000,0.0135,1.0,0.1085,0.0,True
rule_minus_shared_real,314159,7,block_03,RPM,canonical,1,1,0,110,2000,489,1678,0.2445,0.839,183,1338,0.0915,0.669,0.153,0.16999999999999993,True
rule_minus_shared_real,314159,42,block_03,RPM,canonical,1,1,0,110,2000,126,1894,0.063,0.947,37,147,0.0185,0.0735,0.0445,0.8734999999999999,True
rule_minus_shared_real,314159,123,block_03,RPM,canonical,1,1,0,110,2000,212,1622,0.106,0.811,42,1727,0.021,0.8635,0.08499999999999999,-0.05249999999999999,True
rule_minus_shared_real,314159,2026,block_03,RPM,canonical,1,1,0,110,2000,483,1899,0.2415,0.9495,0,64,0.0,0.032,0.2415,0.9175,True
rule_minus_shared_real,314159,3407,block_03,RPM,canonical,1,1,0,110,2000,785,1674,0.3925,0.837,51,895,0.0255,0.4475,0.367,0.38949999999999996,True
rule_minus_shared_real,271828,7,block_03,RPM,canonical,1,1,0,110,2000,700,1952,0.35,0.976,183,1338,0.0915,0.669,0.25849999999999995,0.30699999999999994,True
rule_minus_shared_real,271828,42,block_03,RPM,canonical,1,1,0,110,2000,172,1391,0.086,0.6955,37,147,0.0185,0.0735,0.06749999999999999,0.622,True
rule_minus_shared_real,271828,123,block_03,RPM,canonical,1,1,0,110,2000,225,1716,0.1125,0.858,42,1727,0.021,0.8635,0.0915,-0.00550000000000006,True
rule_minus_shared_real,271828,2026,block_03,RPM,canonical,1,1,0,110,2000,410,1242,0.205,0.621,0,64,0.0,0.032,0.205,0.589,True
rule_minus_shared_real,271828,3407,block_03,RPM,canonical,1,1,0,110,2000,436,1388,0.218,0.694,51,895,0.0255,0.4475,0.1925,0.24649999999999994,True
rule_minus_shared_real,161803,7,block_03,RPM,canonical,1,1,0,110,2000,361,1861,0.1805,0.9305,183,1338,0.0915,0.669,0.089,0.26149999999999995,True
rule_minus_shared_real,161803,42,block_03,RPM,canonical,1,1,0,110,2000,265,1482,0.1325,0.741,37,147,0.0185,0.0735,0.114,0.6675,True
rule_minus_shared_real,161803,123,block_03,RPM,canonical,1,1,0,110,2000,499,1676,0.2495,0.838,42,1727,0.021,0.8635,0.2285,-0.025500000000000078,True
rule_minus_shared_real,161803,2026,block_03,RPM,canonical,1,1,0,110,2000,140,1469,0.07,0.7345,0,64,0.0,0.032,0.07,0.7025,True
rule_minus_shared_real,161803,3407,block_03,RPM,canonical,1,1,0,110,2000,239,1888,0.1195,0.944,51,895,0.0255,0.4475,0.094,0.49649999999999994,True
rule_minus_shared_real,141421,7,block_03,RPM,canonical,1,1,0,110,2000,763,1743,0.3815,0.8715,183,1338,0.0915,0.669,0.29000000000000004,0.2025,True
rule_minus_shared_real,141421,42,block_03,RPM,canonical,1,1,0,110,2000,219,1757,0.1095,0.8785,37,147,0.0185,0.0735,0.091,0.8049999999999999,True
rule_minus_shared_real,141421,123,block_03,RPM,canonical,1,1,0,110,2000,111,1364,0.0555,0.682,42,1727,0.021,0.8635,0.0345,-0.1815,True
rule_minus_shared_real,141421,2026,block_03,RPM,canonical,1,1,0,110,2000,160,649,0.08,0.3245,0,64,0.0,0.032,0.08,0.2925,True
rule_minus_shared_real,141421,3407,block_03,RPM,canonical,1,1,0,110,2000,559,1921,0.2795,0.9605,51,895,0.0255,0.4475,0.254,0.513,True
rule_minus_shared_real,173205,7,block_03,RPM,canonical,1,1,0,110,2000,248,1653,0.124,0.8265,183,1338,0.0915,0.669,0.0325,0.15749999999999997,True
rule_minus_shared_real,173205,42,block_03,RPM,canonical,1,1,0,110,2000,135,1245,0.0675,0.6225,37,147,0.0185,0.0735,0.049,0.549,True
rule_minus_shared_real,173205,123,block_03,RPM,canonical,1,1,0,110,2000,803,1678,0.4015,0.839,42,1727,0.021,0.8635,0.3805,-0.024500000000000077,True
rule_minus_shared_real,173205,2026,block_03,RPM,canonical,1,1,0,110,2000,285,857,0.1425,0.4285,0,64,0.0,0.032,0.1425,0.39649999999999996,True
rule_minus_shared_real,173205,3407,block_03,RPM,canonical,1,1,0,110,2000,886,1736,0.443,0.868,51,895,0.0255,0.4475,0.4175,0.4205,True
rule_minus_shared_real,314159,7,block_03,RPM,canonical,1,1,1,111,2000,44,1999,0.022,0.9995,289,1989,0.1445,0.9945,-0.1225,0.0050000000000000044,True
rule_minus_shared_real,314159,42,block_03,RPM,canonical,1,1,1,111,2000,7,2000,0.0035,1.0,270,1437,0.135,0.7185,-0.1315,0.2815,True
rule_minus_shared_real,314159,123,block_03,RPM,canonical,1,1,1,111,2000,12,2000,0.006,1.0,27,2000,0.0135,1.0,-0.0075,0.0,True
rule_minus_shared_real,314159,2026,block_03,RPM,canonical,1,1,1,111,2000,25,2000,0.0125,1.0,24,1626,0.012,0.813,0.0005000000000000004,0.18700000000000006,True
rule_minus_shared_real,314159,3407,block_03,RPM,canonical,1,1,1,111,2000,134,2000,0.067,1.0,26,2000,0.013,1.0,0.054000000000000006,0.0,True
rule_minus_shared_real,271828,7,block_03,RPM,canonical,1,1,1,111,2000,46,2000,0.023,1.0,289,1989,0.1445,0.9945,-0.1215,0.005499999999999949,True
rule_minus_shared_real,271828,42,block_03,RPM,canonical,1,1,1,111,2000,28,1999,0.014,0.9995,270,1437,0.135,0.7185,-0.12100000000000001,0.281,True
rule_minus_shared_real,271828,123,block_03,RPM,canonical,1,1,1,111,2000,15,2000,0.0075,1.0,27,2000,0.0135,1.0,-0.006,0.0,True
rule_minus_shared_real,271828,2026,block_03,RPM,canonical,1,1,1,111,2000,266,1997,0.133,0.9985,24,1626,0.012,0.813,0.12100000000000001,0.1855000000000001,True
rule_minus_shared_real,271828,3407,block_03,RPM,canonical,1,1,1,111,2000,53,2000,0.0265,1.0,26,2000,0.013,1.0,0.0135,0.0,True
rule_minus_shared_real,161803,7,block_03,RPM,canonical,1,1,1,111,2000,44,2000,0.022,1.0,289,1989,0.1445,0.9945,-0.1225,0.005499999999999949,True
rule_minus_shared_real,161803,42,block_03,RPM,canonical,1,1,1,111,2000,1,2000,0.0005,1.0,270,1437,0.135,0.7185,-0.1345,0.2815,True
rule_minus_shared_real,161803,123,block_03,RPM,canonical,1,1,1,111,2000,38,2000,0.019,1.0,27,2000,0.0135,1.0,0.0055,0.0,True
rule_minus_shared_real,161803,2026,block_03,RPM,canonical,1,1,1,111,2000,1,1999,0.0005,0.9995,24,1626,0.012,0.813,-0.0115,0.1865000000000001,True
rule_minus_shared_real,161803,3407,block_03,RPM,canonical,1,1,1,111,2000,3,2000,0.0015,1.0,26,2000,0.013,1.0,-0.0115,0.0,True
rule_minus_shared_real,141421,7,block_03,RPM,canonical,1,1,1,111,2000,249,1998,0.1245,0.999,289,1989,0.1445,0.9945,-0.01999999999999999,0.0044999999999999485,True
rule_minus_shared_real,141421,42,block_03,RPM,canonical,1,1,1,111,2000,4,2000,0.002,1.0,270,1437,0.135,0.7185,-0.133,0.2815,True
rule_minus_shared_real,141421,123,block_03,RPM,canonical,1,1,1,111,2000,2,2000,0.001,1.0,27,2000,0.0135,1.0,-0.0125,0.0,True
rule_minus_shared_real,141421,2026,block_03,RPM,canonical,1,1,1,111,2000,44,1810,0.022,0.905,24,1626,0.012,0.813,0.009999999999999998,0.09200000000000008,True
rule_minus_shared_real,141421,3407,block_03,RPM,canonical,1,1,1,111,2000,115,2000,0.0575,1.0,26,2000,0.013,1.0,0.044500000000000005,0.0,True
rule_minus_shared_real,173205,7,block_03,RPM,canonical,1,1,1,111,2000,24,2000,0.012,1.0,289,1989,0.1445,0.9945,-0.13249999999999998,0.005499999999999949,True
rule_minus_shared_real,173205,42,block_03,RPM,canonical,1,1,1,111,2000,9,1999,0.0045,0.9995,270,1437,0.135,0.7185,-0.1305,0.281,True
rule_minus_shared_real,173205,123,block_03,RPM,canonical,1,1,1,111,2000,145,2000,0.0725,1.0,27,2000,0.0135,1.0,0.059,0.0,True
rule_minus_shared_real,173205,2026,block_03,RPM,canonical,1,1,1,111,2000,58,1983,0.029,0.9915,24,1626,0.012,0.813,0.017,0.1785000000000001,True
rule_minus_shared_real,173205,3407,block_03,RPM,canonical,1,1,1,111,2000,281,2000,0.1405,1.0,26,2000,0.013,1.0,0.1275,0.0,True
rule_minus_shared_real,314159,7,block_03,RPM,shifted,0,0,0,000,2000,2000,2000,1.0,1.0,1,273,0.0005,0.1365,0.9995,0.8634999999999999,True
rule_minus_shared_real,314159,42,block_03,RPM,shifted,0,0,0,000,2000,2000,2000,1.0,1.0,0,0,0.0,0.0,1.0,1.0,True
rule_minus_shared_real,314159,123,block_03,RPM,shifted,0,0,0,000,2000,2000,2000,1.0,1.0,0,4,0.0,0.002,1.0,0.998,True
rule_minus_shared_real,314159,2026,block_03,RPM,shifted,0,0,0,000,2000,2000,2000,1.0,1.0,0,3,0.0,0.0015,1.0,0.9985,True
rule_minus_shared_real,314159,3407,block_03,RPM,shifted,0,0,0,000,2000,2000,2000,1.0,1.0,0,0,0.0,0.0,1.0,1.0,True
rule_minus_shared_real,271828,7,block_03,RPM,shifted,0,0,0,000,2000,2000,2000,1.0,1.0,1,273,0.0005,0.1365,0.9995,0.8634999999999999,True
rule_minus_shared_real,271828,42,block_03,RPM,shifted,0,0,0,000,2000,2000,2000,1.0,1.0,0,0,0.0,0.0,1.0,1.0,True
rule_minus_shared_real,271828,123,block_03,RPM,shifted,0,0,0,000,2000,2000,2000,1.0,1.0,0,4,0.0,0.002,1.0,0.998,True
rule_minus_shared_real,271828,2026,block_03,RPM,shifted,0,0,0,000,2000,2000,2000,1.0,1.0,0,3,0.0,0.0015,1.0,0.9985,True
rule_minus_shared_real,271828,3407,block_03,RPM,shifted,0,0,0,000,2000,2000,2000,1.0,1.0,0,0,0.0,0.0,1.0,1.0,True
rule_minus_shared_real,161803,7,block_03,RPM,shifted,0,0,0,000,2000,2000,2000,1.0,1.0,1,273,0.0005,0.1365,0.9995,0.8634999999999999,True
rule_minus_shared_real,161803,42,block_03,RPM,shifted,0,0,0,000,2000,2000,2000,1.0,1.0,0,0,0.0,0.0,1.0,1.0,True
rule_minus_shared_real,161803,123,block_03,RPM,shifted,0,0,0,000,2000,2000,2000,1.0,1.0,0,4,0.0,0.002,1.0,0.998,True
rule_minus_shared_real,161803,2026,block_03,RPM,shifted,0,0,0,000,2000,2000,2000,1.0,1.0,0,3,0.0,0.0015,1.0,0.9985,True
rule_minus_shared_real,161803,3407,block_03,RPM,shifted,0,0,0,000,2000,2000,2000,1.0,1.0,0,0,0.0,0.0,1.0,1.0,True
rule_minus_shared_real,141421,7,block_03,RPM,shifted,0,0,0,000,2000,2000,2000,1.0,1.0,1,273,0.0005,0.1365,0.9995,0.8634999999999999,True
rule_minus_shared_real,141421,42,block_03,RPM,shifted,0,0,0,000,2000,2000,2000,1.0,1.0,0,0,0.0,0.0,1.0,1.0,True
rule_minus_shared_real,141421,123,block_03,RPM,shifted,0,0,0,000,2000,2000,2000,1.0,1.0,0,4,0.0,0.002,1.0,0.998,True
rule_minus_shared_real,141421,2026,block_03,RPM,shifted,0,0,0,000,2000,2000,2000,1.0,1.0,0,3,0.0,0.0015,1.0,0.9985,True
rule_minus_shared_real,141421,3407,block_03,RPM,shifted,0,0,0,000,2000,2000,2000,1.0,1.0,0,0,0.0,0.0,1.0,1.0,True
rule_minus_shared_real,173205,7,block_03,RPM,shifted,0,0,0,000,2000,2000,2000,1.0,1.0,1,273,0.0005,0.1365,0.9995,0.8634999999999999,True
rule_minus_shared_real,173205,42,block_03,RPM,shifted,0,0,0,000,2000,2000,2000,1.0,1.0,0,0,0.0,0.0,1.0,1.0,True
rule_minus_shared_real,173205,123,block_03,RPM,shifted,0,0,0,000,2000,2000,2000,1.0,1.0,0,4,0.0,0.002,1.0,0.998,True
rule_minus_shared_real,173205,2026,block_03,RPM,shifted,0,0,0,000,2000,2000,2000,1.0,1.0,0,3,0.0,0.0015,1.0,0.9985,True
rule_minus_shared_real,173205,3407,block_03,RPM,shifted,0,0,0,000,2000,2000,2000,1.0,1.0,0,0,0.0,0.0,1.0,1.0,True
rule_minus_shared_real,314159,7,block_03,RPM,shifted,0,0,1,001,2000,2000,2000,1.0,1.0,13,1286,0.0065,0.643,0.9935,0.357,True
rule_minus_shared_real,314159,42,block_03,RPM,shifted,0,0,1,001,2000,2000,2000,1.0,1.0,0,3,0.0,0.0015,1.0,0.9985,True
rule_minus_shared_real,314159,123,block_03,RPM,shifted,0,0,1,001,2000,2000,2000,1.0,1.0,2,13,0.001,0.0065,0.999,0.9935,True
rule_minus_shared_real,314159,2026,block_03,RPM,shifted,0,0,1,001,2000,2000,2000,1.0,1.0,0,227,0.0,0.1135,1.0,0.8865,True
rule_minus_shared_real,314159,3407,block_03,RPM,shifted,0,0,1,001,2000,2000,2000,1.0,1.0,0,16,0.0,0.008,1.0,0.992,True
rule_minus_shared_real,271828,7,block_03,RPM,shifted,0,0,1,001,2000,2000,2000,1.0,1.0,13,1286,0.0065,0.643,0.9935,0.357,True
rule_minus_shared_real,271828,42,block_03,RPM,shifted,0,0,1,001,2000,2000,2000,1.0,1.0,0,3,0.0,0.0015,1.0,0.9985,True
rule_minus_shared_real,271828,123,block_03,RPM,shifted,0,0,1,001,2000,2000,2000,1.0,1.0,2,13,0.001,0.0065,0.999,0.9935,True
rule_minus_shared_real,271828,2026,block_03,RPM,shifted,0,0,1,001,2000,2000,2000,1.0,1.0,0,227,0.0,0.1135,1.0,0.8865,True
rule_minus_shared_real,271828,3407,block_03,RPM,shifted,0,0,1,001,2000,2000,2000,1.0,1.0,0,16,0.0,0.008,1.0,0.992,True
rule_minus_shared_real,161803,7,block_03,RPM,shifted,0,0,1,001,2000,2000,2000,1.0,1.0,13,1286,0.0065,0.643,0.9935,0.357,True
rule_minus_shared_real,161803,42,block_03,RPM,shifted,0,0,1,001,2000,2000,2000,1.0,1.0,0,3,0.0,0.0015,1.0,0.9985,True
rule_minus_shared_real,161803,123,block_03,RPM,shifted,0,0,1,001,2000,2000,2000,1.0,1.0,2,13,0.001,0.0065,0.999,0.9935,True
rule_minus_shared_real,161803,2026,block_03,RPM,shifted,0,0,1,001,2000,2000,2000,1.0,1.0,0,227,0.0,0.1135,1.0,0.8865,True
rule_minus_shared_real,161803,3407,block_03,RPM,shifted,0,0,1,001,2000,2000,2000,1.0,1.0,0,16,0.0,0.008,1.0,0.992,True
rule_minus_shared_real,141421,7,block_03,RPM,shifted,0,0,1,001,2000,2000,2000,1.0,1.0,13,1286,0.0065,0.643,0.9935,0.357,True
rule_minus_shared_real,141421,42,block_03,RPM,shifted,0,0,1,001,2000,2000,2000,1.0,1.0,0,3,0.0,0.0015,1.0,0.9985,True
rule_minus_shared_real,141421,123,block_03,RPM,shifted,0,0,1,001,2000,2000,2000,1.0,1.0,2,13,0.001,0.0065,0.999,0.9935,True
rule_minus_shared_real,141421,2026,block_03,RPM,shifted,0,0,1,001,2000,2000,2000,1.0,1.0,0,227,0.0,0.1135,1.0,0.8865,True
rule_minus_shared_real,141421,3407,block_03,RPM,shifted,0,0,1,001,2000,2000,2000,1.0,1.0,0,16,0.0,0.008,1.0,0.992,True
rule_minus_shared_real,173205,7,block_03,RPM,shifted,0,0,1,001,2000,2000,2000,1.0,1.0,13,1286,0.0065,0.643,0.9935,0.357,True
rule_minus_shared_real,173205,42,block_03,RPM,shifted,0,0,1,001,2000,2000,2000,1.0,1.0,0,3,0.0,0.0015,1.0,0.9985,True
rule_minus_shared_real,173205,123,block_03,RPM,shifted,0,0,1,001,2000,2000,2000,1.0,1.0,2,13,0.001,0.0065,0.999,0.9935,True
rule_minus_shared_real,173205,2026,block_03,RPM,shifted,0,0,1,001,2000,2000,2000,1.0,1.0,0,227,0.0,0.1135,1.0,0.8865,True
rule_minus_shared_real,173205,3407,block_03,RPM,shifted,0,0,1,001,2000,2000,2000,1.0,1.0,0,16,0.0,0.008,1.0,0.992,True
rule_minus_shared_real,314159,7,block_03,RPM,shifted,0,1,0,010,2000,2000,2000,1.0,1.0,1,155,0.0005,0.0775,0.9995,0.9225,True
rule_minus_shared_real,314159,42,block_03,RPM,shifted,0,1,0,010,2000,2000,2000,1.0,1.0,0,0,0.0,0.0,1.0,1.0,True
rule_minus_shared_real,314159,123,block_03,RPM,shifted,0,1,0,010,2000,2000,2000,1.0,1.0,0,2,0.0,0.001,1.0,0.999,True
rule_minus_shared_real,314159,2026,block_03,RPM,shifted,0,1,0,010,2000,2000,2000,1.0,1.0,0,0,0.0,0.0,1.0,1.0,True
rule_minus_shared_real,314159,3407,block_03,RPM,shifted,0,1,0,010,2000,2000,2000,1.0,1.0,0,6,0.0,0.003,1.0,0.997,True
rule_minus_shared_real,271828,7,block_03,RPM,shifted,0,1,0,010,2000,2000,2000,1.0,1.0,1,155,0.0005,0.0775,0.9995,0.9225,True
rule_minus_shared_real,271828,42,block_03,RPM,shifted,0,1,0,010,2000,2000,2000,1.0,1.0,0,0,0.0,0.0,1.0,1.0,True
rule_minus_shared_real,271828,123,block_03,RPM,shifted,0,1,0,010,2000,2000,2000,1.0,1.0,0,2,0.0,0.001,1.0,0.999,True
rule_minus_shared_real,271828,2026,block_03,RPM,shifted,0,1,0,010,2000,2000,2000,1.0,1.0,0,0,0.0,0.0,1.0,1.0,True
rule_minus_shared_real,271828,3407,block_03,RPM,shifted,0,1,0,010,2000,2000,2000,1.0,1.0,0,6,0.0,0.003,1.0,0.997,True
rule_minus_shared_real,161803,7,block_03,RPM,shifted,0,1,0,010,2000,2000,2000,1.0,1.0,1,155,0.0005,0.0775,0.9995,0.9225,True
rule_minus_shared_real,161803,42,block_03,RPM,shifted,0,1,0,010,2000,2000,2000,1.0,1.0,0,0,0.0,0.0,1.0,1.0,True
rule_minus_shared_real,161803,123,block_03,RPM,shifted,0,1,0,010,2000,2000,2000,1.0,1.0,0,2,0.0,0.001,1.0,0.999,True
rule_minus_shared_real,161803,2026,block_03,RPM,shifted,0,1,0,010,2000,2000,2000,1.0,1.0,0,0,0.0,0.0,1.0,1.0,True
rule_minus_shared_real,161803,3407,block_03,RPM,shifted,0,1,0,010,2000,2000,2000,1.0,1.0,0,6,0.0,0.003,1.0,0.997,True
rule_minus_shared_real,141421,7,block_03,RPM,shifted,0,1,0,010,2000,2000,2000,1.0,1.0,1,155,0.0005,0.0775,0.9995,0.9225,True
rule_minus_shared_real,141421,42,block_03,RPM,shifted,0,1,0,010,2000,2000,2000,1.0,1.0,0,0,0.0,0.0,1.0,1.0,True
rule_minus_shared_real,141421,123,block_03,RPM,shifted,0,1,0,010,2000,2000,2000,1.0,1.0,0,2,0.0,0.001,1.0,0.999,True
rule_minus_shared_real,141421,2026,block_03,RPM,shifted,0,1,0,010,2000,2000,2000,1.0,1.0,0,0,0.0,0.0,1.0,1.0,True
rule_minus_shared_real,141421,3407,block_03,RPM,shifted,0,1,0,010,2000,2000,2000,1.0,1.0,0,6,0.0,0.003,1.0,0.997,True
rule_minus_shared_real,173205,7,block_03,RPM,shifted,0,1,0,010,2000,2000,2000,1.0,1.0,1,155,0.0005,0.0775,0.9995,0.9225,True
rule_minus_shared_real,173205,42,block_03,RPM,shifted,0,1,0,010,2000,2000,2000,1.0,1.0,0,0,0.0,0.0,1.0,1.0,True
rule_minus_shared_real,173205,123,block_03,RPM,shifted,0,1,0,010,2000,2000,2000,1.0,1.0,0,2,0.0,0.001,1.0,0.999,True
rule_minus_shared_real,173205,2026,block_03,RPM,shifted,0,1,0,010,2000,2000,2000,1.0,1.0,0,0,0.0,0.0,1.0,1.0,True
rule_minus_shared_real,173205,3407,block_03,RPM,shifted,0,1,0,010,2000,2000,2000,1.0,1.0,0,6,0.0,0.003,1.0,0.997,True
rule_minus_shared_real,314159,7,block_03,RPM,shifted,0,1,1,011,2000,2000,2000,1.0,1.0,2,693,0.001,0.3465,0.999,0.6535,True
rule_minus_shared_real,314159,42,block_03,RPM,shifted,0,1,1,011,2000,2000,2000,1.0,1.0,0,3,0.0,0.0015,1.0,0.9985,True
rule_minus_shared_real,314159,123,block_03,RPM,shifted,0,1,1,011,2000,2000,2000,1.0,1.0,2,30,0.001,0.015,0.999,0.985,True
rule_minus_shared_real,314159,2026,block_03,RPM,shifted,0,1,1,011,2000,2000,2000,1.0,1.0,0,12,0.0,0.006,1.0,0.994,True
rule_minus_shared_real,314159,3407,block_03,RPM,shifted,0,1,1,011,2000,2000,2000,1.0,1.0,0,63,0.0,0.0315,1.0,0.9685,True
rule_minus_shared_real,271828,7,block_03,RPM,shifted,0,1,1,011,2000,2000,2000,1.0,1.0,2,693,0.001,0.3465,0.999,0.6535,True
rule_minus_shared_real,271828,42,block_03,RPM,shifted,0,1,1,011,2000,2000,2000,1.0,1.0,0,3,0.0,0.0015,1.0,0.9985,True
rule_minus_shared_real,271828,123,block_03,RPM,shifted,0,1,1,011,2000,2000,2000,1.0,1.0,2,30,0.001,0.015,0.999,0.985,True
rule_minus_shared_real,271828,2026,block_03,RPM,shifted,0,1,1,011,2000,2000,2000,1.0,1.0,0,12,0.0,0.006,1.0,0.994,True
rule_minus_shared_real,271828,3407,block_03,RPM,shifted,0,1,1,011,2000,2000,2000,1.0,1.0,0,63,0.0,0.0315,1.0,0.9685,True
rule_minus_shared_real,161803,7,block_03,RPM,shifted,0,1,1,011,2000,2000,2000,1.0,1.0,2,693,0.001,0.3465,0.999,0.6535,True
rule_minus_shared_real,161803,42,block_03,RPM,shifted,0,1,1,011,2000,2000,2000,1.0,1.0,0,3,0.0,0.0015,1.0,0.9985,True
rule_minus_shared_real,161803,123,block_03,RPM,shifted,0,1,1,011,2000,2000,2000,1.0,1.0,2,30,0.001,0.015,0.999,0.985,True
rule_minus_shared_real,161803,2026,block_03,RPM,shifted,0,1,1,011,2000,2000,2000,1.0,1.0,0,12,0.0,0.006,1.0,0.994,True
rule_minus_shared_real,161803,3407,block_03,RPM,shifted,0,1,1,011,2000,2000,2000,1.0,1.0,0,63,0.0,0.0315,1.0,0.9685,True
rule_minus_shared_real,141421,7,block_03,RPM,shifted,0,1,1,011,2000,2000,2000,1.0,1.0,2,693,0.001,0.3465,0.999,0.6535,True
rule_minus_shared_real,141421,42,block_03,RPM,shifted,0,1,1,011,2000,2000,2000,1.0,1.0,0,3,0.0,0.0015,1.0,0.9985,True
rule_minus_shared_real,141421,123,block_03,RPM,shifted,0,1,1,011,2000,2000,2000,1.0,1.0,2,30,0.001,0.015,0.999,0.985,True
rule_minus_shared_real,141421,2026,block_03,RPM,shifted,0,1,1,011,2000,2000,2000,1.0,1.0,0,12,0.0,0.006,1.0,0.994,True
rule_minus_shared_real,141421,3407,block_03,RPM,shifted,0,1,1,011,2000,2000,2000,1.0,1.0,0,63,0.0,0.0315,1.0,0.9685,True
rule_minus_shared_real,173205,7,block_03,RPM,shifted,0,1,1,011,2000,2000,2000,1.0,1.0,2,693,0.001,0.3465,0.999,0.6535,True
rule_minus_shared_real,173205,42,block_03,RPM,shifted,0,1,1,011,2000,2000,2000,1.0,1.0,0,3,0.0,0.0015,1.0,0.9985,True
rule_minus_shared_real,173205,123,block_03,RPM,shifted,0,1,1,011,2000,2000,2000,1.0,1.0,2,30,0.001,0.015,0.999,0.985,True
rule_minus_shared_real,173205,2026,block_03,RPM,shifted,0,1,1,011,2000,2000,2000,1.0,1.0,0,12,0.0,0.006,1.0,0.994,True
rule_minus_shared_real,173205,3407,block_03,RPM,shifted,0,1,1,011,2000,2000,2000,1.0,1.0,0,63,0.0,0.0315,1.0,0.9685,True
rule_minus_shared_real,314159,7,block_03,RPM,shifted,1,0,0,100,2000,432,1943,0.216,0.9715,114,1769,0.057,0.8845,0.159,0.08700000000000008,True
rule_minus_shared_real,314159,42,block_03,RPM,shifted,1,0,0,100,2000,135,1990,0.0675,0.995,47,388,0.0235,0.194,0.044000000000000004,0.8009999999999999,True
rule_minus_shared_real,314159,123,block_03,RPM,shifted,1,0,0,100,2000,973,1529,0.4865,0.7645,39,1885,0.0195,0.9425,0.46699999999999997,-0.17800000000000005,True
rule_minus_shared_real,314159,2026,block_03,RPM,shifted,1,0,0,100,2000,409,1948,0.2045,0.974,0,204,0.0,0.102,0.2045,0.872,True
rule_minus_shared_real,314159,3407,block_03,RPM,shifted,1,0,0,100,2000,507,1880,0.2535,0.94,64,1315,0.032,0.6575,0.2215,0.2825,True
rule_minus_shared_real,271828,7,block_03,RPM,shifted,1,0,0,100,2000,471,1995,0.2355,0.9975,114,1769,0.057,0.8845,0.1785,0.1130000000000001,True
rule_minus_shared_real,271828,42,block_03,RPM,shifted,1,0,0,100,2000,100,1261,0.05,0.6305,47,388,0.0235,0.194,0.026500000000000003,0.43649999999999994,True
rule_minus_shared_real,271828,123,block_03,RPM,shifted,1,0,0,100,2000,719,1918,0.3595,0.959,39,1885,0.0195,0.9425,0.33999999999999997,0.01649999999999996,True
rule_minus_shared_real,271828,2026,block_03,RPM,shifted,1,0,0,100,2000,246,1045,0.123,0.5225,0,204,0.0,0.102,0.123,0.4205,True
rule_minus_shared_real,271828,3407,block_03,RPM,shifted,1,0,0,100,2000,278,1807,0.139,0.9035,64,1315,0.032,0.6575,0.10700000000000001,0.246,True
rule_minus_shared_real,161803,7,block_03,RPM,shifted,1,0,0,100,2000,176,1958,0.088,0.979,114,1769,0.057,0.8845,0.030999999999999993,0.09450000000000003,True
rule_minus_shared_real,161803,42,block_03,RPM,shifted,1,0,0,100,2000,230,1708,0.115,0.854,47,388,0.0235,0.194,0.0915,0.6599999999999999,True
rule_minus_shared_real,161803,123,block_03,RPM,shifted,1,0,0,100,2000,1238,1941,0.619,0.9705,39,1885,0.0195,0.9425,0.5995,0.028000000000000025,True
rule_minus_shared_real,161803,2026,block_03,RPM,shifted,1,0,0,100,2000,144,1559,0.072,0.7795,0,204,0.0,0.102,0.072,0.6775,True
rule_minus_shared_real,161803,3407,block_03,RPM,shifted,1,0,0,100,2000,103,1943,0.0515,0.9715,64,1315,0.032,0.6575,0.019499999999999997,0.31400000000000006,True
rule_minus_shared_real,141421,7,block_03,RPM,shifted,1,0,0,100,2000,415,1884,0.2075,0.942,114,1769,0.057,0.8845,0.1505,0.057499999999999996,True
rule_minus_shared_real,141421,42,block_03,RPM,shifted,1,0,0,100,2000,302,1812,0.151,0.906,47,388,0.0235,0.194,0.1275,0.712,True
rule_minus_shared_real,141421,123,block_03,RPM,shifted,1,0,0,100,2000,442,1709,0.221,0.8545,39,1885,0.0195,0.9425,0.2015,-0.08799999999999997,True
rule_minus_shared_real,141421,2026,block_03,RPM,shifted,1,0,0,100,2000,113,605,0.0565,0.3025,0,204,0.0,0.102,0.0565,0.2005,True
rule_minus_shared_real,141421,3407,block_03,RPM,shifted,1,0,0,100,2000,451,1987,0.2255,0.9935,64,1315,0.032,0.6575,0.1935,0.3360000000000001,True
rule_minus_shared_real,173205,7,block_03,RPM,shifted,1,0,0,100,2000,210,1925,0.105,0.9625,114,1769,0.057,0.8845,0.047999999999999994,0.07800000000000007,True
rule_minus_shared_real,173205,42,block_03,RPM,shifted,1,0,0,100,2000,118,1409,0.059,0.7045,47,388,0.0235,0.194,0.0355,0.5105,True
rule_minus_shared_real,173205,123,block_03,RPM,shifted,1,0,0,100,2000,1358,1878,0.679,0.939,39,1885,0.0195,0.9425,0.6595000000000001,-0.0035000000000000586,True
rule_minus_shared_real,173205,2026,block_03,RPM,shifted,1,0,0,100,2000,314,687,0.157,0.3435,0,204,0.0,0.102,0.157,0.24150000000000005,True
rule_minus_shared_real,173205,3407,block_03,RPM,shifted,1,0,0,100,2000,711,1919,0.3555,0.9595,64,1315,0.032,0.6575,0.3235,0.30200000000000005,True
rule_minus_shared_real,314159,7,block_03,RPM,shifted,1,0,1,101,2000,5,1998,0.0025,0.999,52,1999,0.026,0.9995,-0.0235,-0.000500000000000056,True
rule_minus_shared_real,314159,42,block_03,RPM,shifted,1,0,1,101,2000,0,2000,0.0,1.0,88,1917,0.044,0.9585,-0.044,0.04149999999999998,True
rule_minus_shared_real,314159,123,block_03,RPM,shifted,1,0,1,101,2000,350,2000,0.175,1.0,18,1998,0.009,0.999,0.16599999999999998,0.0010000000000000009,True
rule_minus_shared_real,314159,2026,block_03,RPM,shifted,1,0,1,101,2000,1,2000,0.0005,1.0,11,1894,0.0055,0.947,-0.004999999999999999,0.05300000000000005,True
rule_minus_shared_real,314159,3407,block_03,RPM,shifted,1,0,1,101,2000,25,2000,0.0125,1.0,24,2000,0.012,1.0,0.0005000000000000004,0.0,True
rule_minus_shared_real,271828,7,block_03,RPM,shifted,1,0,1,101,2000,6,2000,0.003,1.0,52,1999,0.026,0.9995,-0.023,0.0004999999999999449,True
rule_minus_shared_real,271828,42,block_03,RPM,shifted,1,0,1,101,2000,13,1993,0.0065,0.9965,88,1917,0.044,0.9585,-0.0375,0.038000000000000034,True
rule_minus_shared_real,271828,123,block_03,RPM,shifted,1,0,1,101,2000,41,2000,0.0205,1.0,18,1998,0.009,0.999,0.011500000000000002,0.0010000000000000009,True
rule_minus_shared_real,271828,2026,block_03,RPM,shifted,1,0,1,101,2000,33,1997,0.0165,0.9985,11,1894,0.0055,0.947,0.011000000000000001,0.0515000000000001,True
rule_minus_shared_real,271828,3407,block_03,RPM,shifted,1,0,1,101,2000,12,2000,0.006,1.0,24,2000,0.012,1.0,-0.006,0.0,True
rule_minus_shared_real,161803,7,block_03,RPM,shifted,1,0,1,101,2000,21,1996,0.0105,0.998,52,1999,0.026,0.9995,-0.015499999999999998,-0.0015000000000000568,True
rule_minus_shared_real,161803,42,block_03,RPM,shifted,1,0,1,101,2000,0,2000,0.0,1.0,88,1917,0.044,0.9585,-0.044,0.04149999999999998,True
rule_minus_shared_real,161803,123,block_03,RPM,shifted,1,0,1,101,2000,178,2000,0.089,1.0,18,1998,0.009,0.999,0.08,0.0010000000000000009,True
rule_minus_shared_real,161803,2026,block_03,RPM,shifted,1,0,1,101,2000,1,2000,0.0005,1.0,11,1894,0.0055,0.947,-0.004999999999999999,0.05300000000000005,True
rule_minus_shared_real,161803,3407,block_03,RPM,shifted,1,0,1,101,2000,0,2000,0.0,1.0,24,2000,0.012,1.0,-0.012,0.0,True
rule_minus_shared_real,141421,7,block_03,RPM,shifted,1,0,1,101,2000,8,1992,0.004,0.996,52,1999,0.026,0.9995,-0.022,-0.0035000000000000586,True
rule_minus_shared_real,141421,42,block_03,RPM,shifted,1,0,1,101,2000,8,2000,0.004,1.0,88,1917,0.044,0.9585,-0.039999999999999994,0.04149999999999998,True
rule_minus_shared_real,141421,123,block_03,RPM,shifted,1,0,1,101,2000,5,2000,0.0025,1.0,18,1998,0.009,0.999,-0.006499999999999999,0.0010000000000000009,True
rule_minus_shared_real,141421,2026,block_03,RPM,shifted,1,0,1,101,2000,7,1973,0.0035,0.9865,11,1894,0.0055,0.947,-0.0019999999999999996,0.03950000000000009,True
rule_minus_shared_real,141421,3407,block_03,RPM,shifted,1,0,1,101,2000,43,2000,0.0215,1.0,24,2000,0.012,1.0,0.009499999999999998,0.0,True
rule_minus_shared_real,173205,7,block_03,RPM,shifted,1,0,1,101,2000,0,2000,0.0,1.0,52,1999,0.026,0.9995,-0.026,0.0004999999999999449,True
rule_minus_shared_real,173205,42,block_03,RPM,shifted,1,0,1,101,2000,0,2000,0.0,1.0,88,1917,0.044,0.9585,-0.044,0.04149999999999998,True
rule_minus_shared_real,173205,123,block_03,RPM,shifted,1,0,1,101,2000,566,2000,0.283,1.0,18,1998,0.009,0.999,0.27399999999999997,0.0010000000000000009,True
rule_minus_shared_real,173205,2026,block_03,RPM,shifted,1,0,1,101,2000,26,1996,0.013,0.998,11,1894,0.0055,0.947,0.0075,0.051000000000000045,True
rule_minus_shared_real,173205,3407,block_03,RPM,shifted,1,0,1,101,2000,269,2000,0.1345,1.0,24,2000,0.012,1.0,0.12250000000000001,0.0,True
rule_minus_shared_real,314159,7,block_03,RPM,shifted,1,1,0,110,2000,527,1713,0.2635,0.8565,186,1355,0.093,0.6775,0.1705,0.17900000000000005,True
rule_minus_shared_real,314159,42,block_03,RPM,shifted,1,1,0,110,2000,136,1907,0.068,0.9535,37,159,0.0185,0.0795,0.0495,0.874,True
rule_minus_shared_real,314159,123,block_03,RPM,shifted,1,1,0,110,2000,247,1677,0.1235,0.8385,43,1739,0.0215,0.8695,0.10200000000000001,-0.031000000000000028,True
rule_minus_shared_real,314159,2026,block_03,RPM,shifted,1,1,0,110,2000,446,1909,0.223,0.9545,1,70,0.0005,0.035,0.2225,0.9195,True
rule_minus_shared_real,314159,3407,block_03,RPM,shifted,1,1,0,110,2000,817,1695,0.4085,0.8475,50,910,0.025,0.455,0.38349999999999995,0.3925,True
rule_minus_shared_real,271828,7,block_03,RPM,shifted,1,1,0,110,2000,729,1961,0.3645,0.9805,186,1355,0.093,0.6775,0.27149999999999996,0.30300000000000005,True
rule_minus_shared_real,271828,42,block_03,RPM,shifted,1,1,0,110,2000,203,1440,0.1015,0.72,37,159,0.0185,0.0795,0.083,0.6405,True
rule_minus_shared_real,271828,123,block_03,RPM,shifted,1,1,0,110,2000,239,1752,0.1195,0.876,43,1739,0.0215,0.8695,0.098,0.00649999999999995,True
rule_minus_shared_real,271828,2026,block_03,RPM,shifted,1,1,0,110,2000,406,1326,0.203,0.663,1,70,0.0005,0.035,0.2025,0.628,True
rule_minus_shared_real,271828,3407,block_03,RPM,shifted,1,1,0,110,2000,445,1417,0.2225,0.7085,50,910,0.025,0.455,0.1975,0.2535,True
rule_minus_shared_real,161803,7,block_03,RPM,shifted,1,1,0,110,2000,399,1878,0.1995,0.939,186,1355,0.093,0.6775,0.10650000000000001,0.26149999999999995,True
rule_minus_shared_real,161803,42,block_03,RPM,shifted,1,1,0,110,2000,293,1536,0.1465,0.768,37,159,0.0185,0.0795,0.128,0.6885,True
rule_minus_shared_real,161803,123,block_03,RPM,shifted,1,1,0,110,2000,555,1736,0.2775,0.868,43,1739,0.0215,0.8695,0.256,-0.0015000000000000568,True
rule_minus_shared_real,161803,2026,block_03,RPM,shifted,1,1,0,110,2000,134,1505,0.067,0.7525,1,70,0.0005,0.035,0.0665,0.7174999999999999,True
rule_minus_shared_real,161803,3407,block_03,RPM,shifted,1,1,0,110,2000,249,1903,0.1245,0.9515,50,910,0.025,0.455,0.0995,0.4965,True
rule_minus_shared_real,141421,7,block_03,RPM,shifted,1,1,0,110,2000,819,1773,0.4095,0.8865,186,1355,0.093,0.6775,0.3165,0.20899999999999996,True
rule_minus_shared_real,141421,42,block_03,RPM,shifted,1,1,0,110,2000,239,1774,0.1195,0.887,37,159,0.0185,0.0795,0.10099999999999999,0.8075,True
rule_minus_shared_real,141421,123,block_03,RPM,shifted,1,1,0,110,2000,115,1434,0.0575,0.717,43,1739,0.0215,0.8695,0.036000000000000004,-0.15250000000000008,True
rule_minus_shared_real,141421,2026,block_03,RPM,shifted,1,1,0,110,2000,179,720,0.0895,0.36,1,70,0.0005,0.035,0.089,0.32499999999999996,True
rule_minus_shared_real,141421,3407,block_03,RPM,shifted,1,1,0,110,2000,552,1928,0.276,0.964,50,910,0.025,0.455,0.251,0.5089999999999999,True
rule_minus_shared_real,173205,7,block_03,RPM,shifted,1,1,0,110,2000,266,1698,0.133,0.849,186,1355,0.093,0.6775,0.04000000000000001,0.17149999999999999,True
rule_minus_shared_real,173205,42,block_03,RPM,shifted,1,1,0,110,2000,164,1306,0.082,0.653,37,159,0.0185,0.0795,0.0635,0.5735,True
rule_minus_shared_real,173205,123,block_03,RPM,shifted,1,1,0,110,2000,881,1736,0.4405,0.868,43,1739,0.0215,0.8695,0.419,-0.0015000000000000568,True
rule_minus_shared_real,173205,2026,block_03,RPM,shifted,1,1,0,110,2000,285,906,0.1425,0.453,1,70,0.0005,0.035,0.142,0.41800000000000004,True
rule_minus_shared_real,173205,3407,block_03,RPM,shifted,1,1,0,110,2000,889,1761,0.4445,0.8805,50,910,0.025,0.455,0.4195,0.42549999999999993,True
rule_minus_shared_real,314159,7,block_03,RPM,shifted,1,1,1,111,2000,48,1999,0.024,0.9995,291,1990,0.1455,0.995,-0.1215,0.0045000000000000595,True
rule_minus_shared_real,314159,42,block_03,RPM,shifted,1,1,1,111,2000,7,2000,0.0035,1.0,263,1460,0.1315,0.73,-0.128,0.27,True
rule_minus_shared_real,314159,123,block_03,RPM,shifted,1,1,1,111,2000,13,2000,0.0065,1.0,27,2000,0.0135,1.0,-0.007,0.0,True
rule_minus_shared_real,314159,2026,block_03,RPM,shifted,1,1,1,111,2000,19,2000,0.0095,1.0,26,1662,0.013,0.831,-0.0034999999999999996,0.16900000000000004,True
rule_minus_shared_real,314159,3407,block_03,RPM,shifted,1,1,1,111,2000,134,2000,0.067,1.0,26,2000,0.013,1.0,0.054000000000000006,0.0,True
rule_minus_shared_real,271828,7,block_03,RPM,shifted,1,1,1,111,2000,49,2000,0.0245,1.0,291,1990,0.1455,0.995,-0.121,0.0050000000000000044,True
rule_minus_shared_real,271828,42,block_03,RPM,shifted,1,1,1,111,2000,31,2000,0.0155,1.0,263,1460,0.1315,0.73,-0.116,0.27,True
rule_minus_shared_real,271828,123,block_03,RPM,shifted,1,1,1,111,2000,14,2000,0.007,1.0,27,2000,0.0135,1.0,-0.0065,0.0,True
rule_minus_shared_real,271828,2026,block_03,RPM,shifted,1,1,1,111,2000,234,1998,0.117,0.999,26,1662,0.013,0.831,0.10400000000000001,0.16800000000000004,True
rule_minus_shared_real,271828,3407,block_03,RPM,shifted,1,1,1,111,2000,52,2000,0.026,1.0,26,2000,0.013,1.0,0.013,0.0,True
rule_minus_shared_real,161803,7,block_03,RPM,shifted,1,1,1,111,2000,47,2000,0.0235,1.0,291,1990,0.1455,0.995,-0.122,0.0050000000000000044,True
rule_minus_shared_real,161803,42,block_03,RPM,shifted,1,1,1,111,2000,1,2000,0.0005,1.0,263,1460,0.1315,0.73,-0.131,0.27,True
rule_minus_shared_real,161803,123,block_03,RPM,shifted,1,1,1,111,2000,42,2000,0.021,1.0,27,2000,0.0135,1.0,0.0075000000000000015,0.0,True
rule_minus_shared_real,161803,2026,block_03,RPM,shifted,1,1,1,111,2000,1,1999,0.0005,0.9995,26,1662,0.013,0.831,-0.012499999999999999,0.1685000000000001,True
rule_minus_shared_real,161803,3407,block_03,RPM,shifted,1,1,1,111,2000,3,2000,0.0015,1.0,26,2000,0.013,1.0,-0.0115,0.0,True
rule_minus_shared_real,141421,7,block_03,RPM,shifted,1,1,1,111,2000,284,1998,0.142,0.999,291,1990,0.1455,0.995,-0.003500000000000003,0.0040000000000000036,True
rule_minus_shared_real,141421,42,block_03,RPM,shifted,1,1,1,111,2000,4,2000,0.002,1.0,263,1460,0.1315,0.73,-0.1295,0.27,True
rule_minus_shared_real,141421,123,block_03,RPM,shifted,1,1,1,111,2000,1,2000,0.0005,1.0,27,2000,0.0135,1.0,-0.013,0.0,True
rule_minus_shared_real,141421,2026,block_03,RPM,shifted,1,1,1,111,2000,39,1843,0.0195,0.9215,26,1662,0.013,0.831,0.006500000000000001,0.09050000000000002,True
rule_minus_shared_real,141421,3407,block_03,RPM,shifted,1,1,1,111,2000,110,2000,0.055,1.0,26,2000,0.013,1.0,0.042,0.0,True
rule_minus_shared_real,173205,7,block_03,RPM,shifted,1,1,1,111,2000,23,2000,0.0115,1.0,291,1990,0.1455,0.995,-0.13399999999999998,0.0050000000000000044,True
rule_minus_shared_real,173205,42,block_03,RPM,shifted,1,1,1,111,2000,9,1999,0.0045,0.9995,263,1460,0.1315,0.73,-0.127,0.2695000000000001,True
rule_minus_shared_real,173205,123,block_03,RPM,shifted,1,1,1,111,2000,161,2000,0.0805,1.0,27,2000,0.0135,1.0,0.067,0.0,True
rule_minus_shared_real,173205,2026,block_03,RPM,shifted,1,1,1,111,2000,46,1987,0.023,0.9935,26,1662,0.013,0.831,0.01,0.1625000000000001,True
rule_minus_shared_real,173205,3407,block_03,RPM,shifted,1,1,1,111,2000,275,2000,0.1375,1.0,26,2000,0.013,1.0,0.12450000000000001,0.0,True
