contrast,construction_seed,pipeline_seed,block_id,attack,setting,scenario_id,n,exact_correct_rule,binary_correct_rule,exact_recall_rule,binary_recall_rule,exact_correct_real,binary_correct_real,exact_recall_real,binary_recall_real,exact_recall,binary_recall,shared_real_reference_reused_once
rule_minus_shared_real,314159,7,block_01,DoS,low,DoS_low,500,296,301,0.592,0.602,84,97,0.168,0.194,0.42399999999999993,0.408,True
rule_minus_shared_real,314159,7,block_01,DoS,medium,DoS_medium,500,500,500,1.0,1.0,498,499,0.996,0.998,0.0040000000000000036,0.0020000000000000018,True
rule_minus_shared_real,314159,7,block_01,DoS,high,DoS_high,500,500,500,1.0,1.0,500,500,1.0,1.0,0.0,0.0,True
rule_minus_shared_real,314159,7,block_01,Fuzzy,low,Fuzzy_low,500,37,47,0.074,0.094,2,2,0.004,0.004,0.06999999999999999,0.09,True
rule_minus_shared_real,314159,7,block_01,Fuzzy,medium,Fuzzy_medium,500,475,499,0.95,0.998,188,216,0.376,0.432,0.574,0.5660000000000001,True
rule_minus_shared_real,314159,7,block_01,Fuzzy,high,Fuzzy_high,500,500,500,1.0,1.0,500,500,1.0,1.0,0.0,0.0,True
rule_minus_shared_real,314159,7,block_01,Gear,low,Gear_low,500,23,48,0.046,0.096,18,27,0.036,0.054,0.010000000000000002,0.042,True
rule_minus_shared_real,314159,7,block_01,Gear,medium,Gear_medium,500,404,457,0.808,0.914,473,498,0.946,0.996,-0.1379999999999999,-0.08199999999999996,True
rule_minus_shared_real,314159,7,block_01,Gear,high,Gear_high,500,486,493,0.972,0.986,500,500,1.0,1.0,-0.028000000000000025,-0.014000000000000012,True
rule_minus_shared_real,314159,7,block_01,RPM,low,RPM_low,500,2,2,0.004,0.004,0,0,0.0,0.0,0.004,0.004,True
rule_minus_shared_real,314159,7,block_01,RPM,medium,RPM_medium,500,294,301,0.588,0.602,3,24,0.006,0.048,0.582,0.5539999999999999,True
rule_minus_shared_real,314159,7,block_01,RPM,high,RPM_high,500,223,500,0.446,1.0,0,500,0.0,1.0,0.446,0.0,True
rule_minus_shared_real,314159,7,block_02,DoS,low,DoS_low,500,296,308,0.592,0.616,86,99,0.172,0.198,0.42,0.418,True
rule_minus_shared_real,314159,7,block_02,DoS,medium,DoS_medium,500,500,500,1.0,1.0,499,500,0.998,1.0,0.0020000000000000018,0.0,True
rule_minus_shared_real,314159,7,block_02,DoS,high,DoS_high,500,500,500,1.0,1.0,500,500,1.0,1.0,0.0,0.0,True
rule_minus_shared_real,314159,7,block_02,Fuzzy,low,Fuzzy_low,500,51,68,0.102,0.136,0,0,0.0,0.0,0.102,0.136,True
rule_minus_shared_real,314159,7,block_02,Fuzzy,medium,Fuzzy_medium,500,485,499,0.97,0.998,182,210,0.364,0.42,0.606,0.5780000000000001,True
rule_minus_shared_real,314159,7,block_02,Fuzzy,high,Fuzzy_high,500,500,500,1.0,1.0,500,500,1.0,1.0,0.0,0.0,True
rule_minus_shared_real,314159,7,block_02,Gear,low,Gear_low,500,26,61,0.052,0.122,8,13,0.016,0.026,0.036,0.096,True
rule_minus_shared_real,314159,7,block_02,Gear,medium,Gear_medium,500,408,456,0.816,0.912,476,497,0.952,0.994,-0.136,-0.08199999999999996,True
rule_minus_shared_real,314159,7,block_02,Gear,high,Gear_high,500,496,497,0.992,0.994,499,499,0.998,0.998,-0.006000000000000005,-0.0040000000000000036,True
rule_minus_shared_real,314159,7,block_02,RPM,low,RPM_low,500,1,1,0.002,0.002,0,0,0.0,0.0,0.002,0.002,True
rule_minus_shared_real,314159,7,block_02,RPM,medium,RPM_medium,500,304,323,0.608,0.646,0,25,0.0,0.05,0.608,0.596,True
rule_minus_shared_real,314159,7,block_02,RPM,high,RPM_high,500,241,500,0.482,1.0,0,500,0.0,1.0,0.482,0.0,True
rule_minus_shared_real,314159,7,block_03,DoS,low,DoS_low,500,295,305,0.59,0.61,79,86,0.158,0.172,0.43199999999999994,0.438,True
rule_minus_shared_real,314159,7,block_03,DoS,medium,DoS_medium,500,500,500,1.0,1.0,496,499,0.992,0.998,0.008000000000000007,0.0020000000000000018,True
rule_minus_shared_real,314159,7,block_03,DoS,high,DoS_high,500,500,500,1.0,1.0,500,500,1.0,1.0,0.0,0.0,True
rule_minus_shared_real,314159,7,block_03,Fuzzy,low,Fuzzy_low,500,47,60,0.094,0.12,0,1,0.0,0.002,0.094,0.118,True
rule_minus_shared_real,314159,7,block_03,Fuzzy,medium,Fuzzy_medium,500,479,499,0.958,0.998,176,211,0.352,0.422,0.606,0.5760000000000001,True
rule_minus_shared_real,314159,7,block_03,Fuzzy,high,Fuzzy_high,500,500,500,1.0,1.0,500,500,1.0,1.0,0.0,0.0,True
rule_minus_shared_real,314159,7,block_03,Gear,low,Gear_low,500,25,47,0.05,0.094,16,25,0.032,0.05,0.018000000000000002,0.044,True
rule_minus_shared_real,314159,7,block_03,Gear,medium,Gear_medium,500,426,466,0.852,0.932,480,498,0.96,0.996,-0.10799999999999998,-0.06399999999999995,True
rule_minus_shared_real,314159,7,block_03,Gear,high,Gear_high,500,492,495,0.984,0.99,500,500,1.0,1.0,-0.016000000000000014,-0.010000000000000009,True
rule_minus_shared_real,314159,7,block_03,RPM,low,RPM_low,500,1,1,0.002,0.002,0,0,0.0,0.0,0.002,0.002,True
rule_minus_shared_real,314159,7,block_03,RPM,medium,RPM_medium,500,311,317,0.622,0.634,0,25,0.0,0.05,0.622,0.584,True
rule_minus_shared_real,314159,7,block_03,RPM,high,RPM_high,500,205,500,0.41,1.0,0,500,0.0,1.0,0.41,0.0,True
rule_minus_shared_real,314159,42,block_01,DoS,low,DoS_low,500,277,277,0.554,0.554,53,54,0.106,0.108,0.44800000000000006,0.44600000000000006,True
rule_minus_shared_real,314159,42,block_01,DoS,medium,DoS_medium,500,500,500,1.0,1.0,500,500,1.0,1.0,0.0,0.0,True
rule_minus_shared_real,314159,42,block_01,DoS,high,DoS_high,500,500,500,1.0,1.0,500,500,1.0,1.0,0.0,0.0,True
rule_minus_shared_real,314159,42,block_01,Fuzzy,low,Fuzzy_low,500,57,62,0.114,0.124,0,0,0.0,0.0,0.114,0.124,True
rule_minus_shared_real,314159,42,block_01,Fuzzy,medium,Fuzzy_medium,500,492,500,0.984,1.0,2,4,0.004,0.008,0.98,0.992,True
rule_minus_shared_real,314159,42,block_01,Fuzzy,high,Fuzzy_high,500,500,500,1.0,1.0,500,500,1.0,1.0,0.0,0.0,True
rule_minus_shared_real,314159,42,block_01,Gear,low,Gear_low,500,3,90,0.006,0.18,8,16,0.016,0.032,-0.01,0.148,True
rule_minus_shared_real,314159,42,block_01,Gear,medium,Gear_medium,500,18,499,0.036,0.998,447,500,0.894,1.0,-0.858,-0.0020000000000000018,True
rule_minus_shared_real,314159,42,block_01,Gear,high,Gear_high,500,25,500,0.05,1.0,500,500,1.0,1.0,-0.95,0.0,True
rule_minus_shared_real,314159,42,block_01,RPM,low,RPM_low,500,1,1,0.002,0.002,0,0,0.0,0.0,0.002,0.002,True
rule_minus_shared_real,314159,42,block_01,RPM,medium,RPM_medium,500,338,342,0.676,0.684,0,1,0.0,0.002,0.676,0.682,True
rule_minus_shared_real,314159,42,block_01,RPM,high,RPM_high,500,500,500,1.0,1.0,0,500,0.0,1.0,1.0,0.0,True
rule_minus_shared_real,314159,42,block_02,DoS,low,DoS_low,500,283,283,0.566,0.566,43,44,0.086,0.088,0.48,0.478,True
rule_minus_shared_real,314159,42,block_02,DoS,medium,DoS_medium,500,500,500,1.0,1.0,500,500,1.0,1.0,0.0,0.0,True
rule_minus_shared_real,314159,42,block_02,DoS,high,DoS_high,500,500,500,1.0,1.0,500,500,1.0,1.0,0.0,0.0,True
rule_minus_shared_real,314159,42,block_02,Fuzzy,low,Fuzzy_low,500,62,74,0.124,0.148,0,0,0.0,0.0,0.124,0.148,True
rule_minus_shared_real,314159,42,block_02,Fuzzy,medium,Fuzzy_medium,500,495,500,0.99,1.0,6,9,0.012,0.018,0.978,0.982,True
rule_minus_shared_real,314159,42,block_02,Fuzzy,high,Fuzzy_high,500,500,500,1.0,1.0,500,500,1.0,1.0,0.0,0.0,True
rule_minus_shared_real,314159,42,block_02,Gear,low,Gear_low,500,6,84,0.012,0.168,15,21,0.03,0.042,-0.018,0.126,True
rule_minus_shared_real,314159,42,block_02,Gear,medium,Gear_medium,500,16,497,0.032,0.994,439,500,0.878,1.0,-0.846,-0.006000000000000005,True
rule_minus_shared_real,314159,42,block_02,Gear,high,Gear_high,500,38,499,0.076,0.998,499,500,0.998,1.0,-0.922,-0.0020000000000000018,True
rule_minus_shared_real,314159,42,block_02,RPM,low,RPM_low,500,0,0,0.0,0.0,0,0,0.0,0.0,0.0,0.0,True
rule_minus_shared_real,314159,42,block_02,RPM,medium,RPM_medium,500,348,350,0.696,0.7,1,5,0.002,0.01,0.694,0.69,True
rule_minus_shared_real,314159,42,block_02,RPM,high,RPM_high,500,500,500,1.0,1.0,0,500,0.0,1.0,1.0,0.0,True
rule_minus_shared_real,314159,42,block_03,DoS,low,DoS_low,500,263,264,0.526,0.528,55,56,0.11,0.112,0.41600000000000004,0.41600000000000004,True
rule_minus_shared_real,314159,42,block_03,DoS,medium,DoS_medium,500,500,500,1.0,1.0,500,500,1.0,1.0,0.0,0.0,True
rule_minus_shared_real,314159,42,block_03,DoS,high,DoS_high,500,500,500,1.0,1.0,500,500,1.0,1.0,0.0,0.0,True
rule_minus_shared_real,314159,42,block_03,Fuzzy,low,Fuzzy_low,500,64,66,0.128,0.132,0,0,0.0,0.0,0.128,0.132,True
rule_minus_shared_real,314159,42,block_03,Fuzzy,medium,Fuzzy_medium,500,493,500,0.986,1.0,0,1,0.0,0.002,0.986,0.998,True
rule_minus_shared_real,314159,42,block_03,Fuzzy,high,Fuzzy_high,500,500,500,1.0,1.0,500,500,1.0,1.0,0.0,0.0,True
rule_minus_shared_real,314159,42,block_03,Gear,low,Gear_low,500,5,87,0.01,0.174,9,16,0.018,0.032,-0.007999999999999998,0.142,True
rule_minus_shared_real,314159,42,block_03,Gear,medium,Gear_medium,500,13,500,0.026,1.0,451,500,0.902,1.0,-0.876,0.0,True
rule_minus_shared_real,314159,42,block_03,Gear,high,Gear_high,500,43,500,0.086,1.0,500,500,1.0,1.0,-0.914,0.0,True
rule_minus_shared_real,314159,42,block_03,RPM,low,RPM_low,500,0,0,0.0,0.0,0,0,0.0,0.0,0.0,0.0,True
rule_minus_shared_real,314159,42,block_03,RPM,medium,RPM_medium,500,331,332,0.662,0.664,1,5,0.002,0.01,0.66,0.654,True
rule_minus_shared_real,314159,42,block_03,RPM,high,RPM_high,500,500,500,1.0,1.0,0,500,0.0,1.0,1.0,0.0,True
rule_minus_shared_real,314159,123,block_01,DoS,low,DoS_low,500,148,149,0.296,0.298,69,84,0.138,0.168,0.15799999999999997,0.12999999999999998,True
rule_minus_shared_real,314159,123,block_01,DoS,medium,DoS_medium,500,500,500,1.0,1.0,487,493,0.974,0.986,0.026000000000000023,0.014000000000000012,True
rule_minus_shared_real,314159,123,block_01,DoS,high,DoS_high,500,500,500,1.0,1.0,500,500,1.0,1.0,0.0,0.0,True
rule_minus_shared_real,314159,123,block_01,Fuzzy,low,Fuzzy_low,500,87,123,0.174,0.246,0,1,0.0,0.002,0.174,0.244,True
rule_minus_shared_real,314159,123,block_01,Fuzzy,medium,Fuzzy_medium,500,483,500,0.966,1.0,200,238,0.4,0.476,0.566,0.524,True
rule_minus_shared_real,314159,123,block_01,Fuzzy,high,Fuzzy_high,500,500,500,1.0,1.0,500,500,1.0,1.0,0.0,0.0,True
rule_minus_shared_real,314159,123,block_01,Gear,low,Gear_low,500,105,142,0.21,0.284,37,66,0.074,0.132,0.136,0.15199999999999997,True
rule_minus_shared_real,314159,123,block_01,Gear,medium,Gear_medium,500,478,500,0.956,1.0,471,498,0.942,0.996,0.014000000000000012,0.0040000000000000036,True
rule_minus_shared_real,314159,123,block_01,Gear,high,Gear_high,500,497,500,0.994,1.0,500,500,1.0,1.0,-0.006000000000000005,0.0,True
rule_minus_shared_real,314159,123,block_01,RPM,low,RPM_low,500,1,1,0.002,0.002,0,0,0.0,0.0,0.002,0.002,True
rule_minus_shared_real,314159,123,block_01,RPM,medium,RPM_medium,500,362,398,0.724,0.796,9,24,0.018,0.048,0.706,0.748,True
rule_minus_shared_real,314159,123,block_01,RPM,high,RPM_high,500,36,500,0.072,1.0,0,500,0.0,1.0,0.072,0.0,True
rule_minus_shared_real,314159,123,block_02,DoS,low,DoS_low,500,157,157,0.314,0.314,60,73,0.12,0.146,0.194,0.168,True
rule_minus_shared_real,314159,123,block_02,DoS,medium,DoS_medium,500,500,500,1.0,1.0,489,491,0.978,0.982,0.02200000000000002,0.018000000000000016,True
rule_minus_shared_real,314159,123,block_02,DoS,high,DoS_high,500,500,500,1.0,1.0,500,500,1.0,1.0,0.0,0.0,True
rule_minus_shared_real,314159,123,block_02,Fuzzy,low,Fuzzy_low,500,79,121,0.158,0.242,1,10,0.002,0.02,0.156,0.222,True
rule_minus_shared_real,314159,123,block_02,Fuzzy,medium,Fuzzy_medium,500,492,500,0.984,1.0,180,217,0.36,0.434,0.624,0.5660000000000001,True
rule_minus_shared_real,314159,123,block_02,Fuzzy,high,Fuzzy_high,500,500,500,1.0,1.0,500,500,1.0,1.0,0.0,0.0,True
rule_minus_shared_real,314159,123,block_02,Gear,low,Gear_low,500,113,153,0.226,0.306,31,71,0.062,0.142,0.164,0.164,True
rule_minus_shared_real,314159,123,block_02,Gear,medium,Gear_medium,500,475,500,0.95,1.0,465,500,0.93,1.0,0.019999999999999907,0.0,True
rule_minus_shared_real,314159,123,block_02,Gear,high,Gear_high,500,495,500,0.99,1.0,499,500,0.998,1.0,-0.008000000000000007,0.0,True
rule_minus_shared_real,314159,123,block_02,RPM,low,RPM_low,500,2,2,0.004,0.004,0,0,0.0,0.0,0.004,0.004,True
rule_minus_shared_real,314159,123,block_02,RPM,medium,RPM_medium,500,361,400,0.722,0.8,5,24,0.01,0.048,0.712,0.752,True
rule_minus_shared_real,314159,123,block_02,RPM,high,RPM_high,500,58,500,0.116,1.0,0,500,0.0,1.0,0.116,0.0,True
rule_minus_shared_real,314159,123,block_03,DoS,low,DoS_low,500,152,152,0.304,0.304,63,78,0.126,0.156,0.178,0.148,True
rule_minus_shared_real,314159,123,block_03,DoS,medium,DoS_medium,500,500,500,1.0,1.0,490,495,0.98,0.99,0.020000000000000018,0.010000000000000009,True
rule_minus_shared_real,314159,123,block_03,DoS,high,DoS_high,500,500,500,1.0,1.0,500,500,1.0,1.0,0.0,0.0,True
rule_minus_shared_real,314159,123,block_03,Fuzzy,low,Fuzzy_low,500,97,136,0.194,0.272,1,3,0.002,0.006,0.192,0.266,True
rule_minus_shared_real,314159,123,block_03,Fuzzy,medium,Fuzzy_medium,500,487,500,0.974,1.0,187,228,0.374,0.456,0.6,0.544,True
rule_minus_shared_real,314159,123,block_03,Fuzzy,high,Fuzzy_high,500,500,500,1.0,1.0,500,500,1.0,1.0,0.0,0.0,True
rule_minus_shared_real,314159,123,block_03,Gear,low,Gear_low,500,113,149,0.226,0.298,39,69,0.078,0.138,0.14800000000000002,0.15999999999999998,True
rule_minus_shared_real,314159,123,block_03,Gear,medium,Gear_medium,500,485,500,0.97,1.0,470,498,0.94,0.996,0.030000000000000027,0.0040000000000000036,True
rule_minus_shared_real,314159,123,block_03,Gear,high,Gear_high,500,498,500,0.996,1.0,500,500,1.0,1.0,-0.0040000000000000036,0.0,True
rule_minus_shared_real,314159,123,block_03,RPM,low,RPM_low,500,0,0,0.0,0.0,0,0,0.0,0.0,0.0,0.0,True
rule_minus_shared_real,314159,123,block_03,RPM,medium,RPM_medium,500,346,383,0.692,0.766,5,16,0.01,0.032,0.6819999999999999,0.734,True
rule_minus_shared_real,314159,123,block_03,RPM,high,RPM_high,500,36,500,0.072,1.0,0,500,0.0,1.0,0.072,0.0,True
rule_minus_shared_real,314159,2026,block_01,DoS,low,DoS_low,500,53,53,0.106,0.106,67,67,0.134,0.134,-0.02800000000000001,-0.02800000000000001,True
rule_minus_shared_real,314159,2026,block_01,DoS,medium,DoS_medium,500,500,500,1.0,1.0,500,500,1.0,1.0,0.0,0.0,True
rule_minus_shared_real,314159,2026,block_01,DoS,high,DoS_high,500,500,500,1.0,1.0,500,500,1.0,1.0,0.0,0.0,True
rule_minus_shared_real,314159,2026,block_01,Fuzzy,low,Fuzzy_low,500,55,67,0.11,0.134,0,0,0.0,0.0,0.11,0.134,True
rule_minus_shared_real,314159,2026,block_01,Fuzzy,medium,Fuzzy_medium,500,498,499,0.996,0.998,48,48,0.096,0.096,0.9,0.902,True
rule_minus_shared_real,314159,2026,block_01,Fuzzy,high,Fuzzy_high,500,500,500,1.0,1.0,500,500,1.0,1.0,0.0,0.0,True
rule_minus_shared_real,314159,2026,block_01,Gear,low,Gear_low,500,67,208,0.134,0.416,7,11,0.014,0.022,0.12000000000000001,0.39399999999999996,True
rule_minus_shared_real,314159,2026,block_01,Gear,medium,Gear_medium,500,314,500,0.628,1.0,422,500,0.844,1.0,-0.21599999999999997,0.0,True
rule_minus_shared_real,314159,2026,block_01,Gear,high,Gear_high,500,290,500,0.58,1.0,494,500,0.988,1.0,-0.40800000000000003,0.0,True
rule_minus_shared_real,314159,2026,block_01,RPM,low,RPM_low,500,4,4,0.008,0.008,0,0,0.0,0.0,0.008,0.008,True
rule_minus_shared_real,314159,2026,block_01,RPM,medium,RPM_medium,500,461,463,0.922,0.926,0,1,0.0,0.002,0.922,0.924,True
rule_minus_shared_real,314159,2026,block_01,RPM,high,RPM_high,500,362,500,0.724,1.0,0,500,0.0,1.0,0.724,0.0,True
rule_minus_shared_real,314159,2026,block_02,DoS,low,DoS_low,500,53,53,0.106,0.106,75,75,0.15,0.15,-0.044,-0.044,True
rule_minus_shared_real,314159,2026,block_02,DoS,medium,DoS_medium,500,500,500,1.0,1.0,500,500,1.0,1.0,0.0,0.0,True
rule_minus_shared_real,314159,2026,block_02,DoS,high,DoS_high,500,500,500,1.0,1.0,500,500,1.0,1.0,0.0,0.0,True
rule_minus_shared_real,314159,2026,block_02,Fuzzy,low,Fuzzy_low,500,69,88,0.138,0.176,0,0,0.0,0.0,0.138,0.176,True
rule_minus_shared_real,314159,2026,block_02,Fuzzy,medium,Fuzzy_medium,500,500,500,1.0,1.0,50,50,0.1,0.1,0.9,0.9,True
rule_minus_shared_real,314159,2026,block_02,Fuzzy,high,Fuzzy_high,500,500,500,1.0,1.0,500,500,1.0,1.0,0.0,0.0,True
rule_minus_shared_real,314159,2026,block_02,Gear,low,Gear_low,500,89,233,0.178,0.466,7,10,0.014,0.02,0.16399999999999998,0.446,True
rule_minus_shared_real,314159,2026,block_02,Gear,medium,Gear_medium,500,298,500,0.596,1.0,410,500,0.82,1.0,-0.22399999999999998,0.0,True
rule_minus_shared_real,314159,2026,block_02,Gear,high,Gear_high,500,303,500,0.606,1.0,496,500,0.992,1.0,-0.386,0.0,True
rule_minus_shared_real,314159,2026,block_02,RPM,low,RPM_low,500,1,1,0.002,0.002,0,0,0.0,0.0,0.002,0.002,True
rule_minus_shared_real,314159,2026,block_02,RPM,medium,RPM_medium,500,458,464,0.916,0.928,0,0,0.0,0.0,0.916,0.928,True
rule_minus_shared_real,314159,2026,block_02,RPM,high,RPM_high,500,362,500,0.724,1.0,0,500,0.0,1.0,0.724,0.0,True
rule_minus_shared_real,314159,2026,block_03,DoS,low,DoS_low,500,55,55,0.11,0.11,84,85,0.168,0.17,-0.05800000000000001,-0.06000000000000001,True
rule_minus_shared_real,314159,2026,block_03,DoS,medium,DoS_medium,500,500,500,1.0,1.0,500,500,1.0,1.0,0.0,0.0,True
rule_minus_shared_real,314159,2026,block_03,DoS,high,DoS_high,500,500,500,1.0,1.0,500,500,1.0,1.0,0.0,0.0,True
rule_minus_shared_real,314159,2026,block_03,Fuzzy,low,Fuzzy_low,500,85,99,0.17,0.198,0,0,0.0,0.0,0.17,0.198,True
rule_minus_shared_real,314159,2026,block_03,Fuzzy,medium,Fuzzy_medium,500,497,500,0.994,1.0,43,43,0.086,0.086,0.908,0.914,True
rule_minus_shared_real,314159,2026,block_03,Fuzzy,high,Fuzzy_high,500,500,500,1.0,1.0,500,500,1.0,1.0,0.0,0.0,True
rule_minus_shared_real,314159,2026,block_03,Gear,low,Gear_low,500,85,216,0.17,0.432,2,7,0.004,0.014,0.166,0.418,True
rule_minus_shared_real,314159,2026,block_03,Gear,medium,Gear_medium,500,326,500,0.652,1.0,425,500,0.85,1.0,-0.19799999999999995,0.0,True
rule_minus_shared_real,314159,2026,block_03,Gear,high,Gear_high,500,280,500,0.56,1.0,496,500,0.992,1.0,-0.43199999999999994,0.0,True
rule_minus_shared_real,314159,2026,block_03,RPM,low,RPM_low,500,1,1,0.002,0.002,0,0,0.0,0.0,0.002,0.002,True
rule_minus_shared_real,314159,2026,block_03,RPM,medium,RPM_medium,500,470,475,0.94,0.95,0,0,0.0,0.0,0.94,0.95,True
rule_minus_shared_real,314159,2026,block_03,RPM,high,RPM_high,500,363,500,0.726,1.0,0,500,0.0,1.0,0.726,0.0,True
rule_minus_shared_real,314159,3407,block_01,DoS,low,DoS_low,500,208,208,0.416,0.416,319,327,0.638,0.654,-0.22200000000000003,-0.23800000000000004,True
rule_minus_shared_real,314159,3407,block_01,DoS,medium,DoS_medium,500,500,500,1.0,1.0,488,500,0.976,1.0,0.02400000000000002,0.0,True
rule_minus_shared_real,314159,3407,block_01,DoS,high,DoS_high,500,500,500,1.0,1.0,500,500,1.0,1.0,0.0,0.0,True
rule_minus_shared_real,314159,3407,block_01,Fuzzy,low,Fuzzy_low,500,13,34,0.026,0.068,0,0,0.0,0.0,0.026,0.068,True
rule_minus_shared_real,314159,3407,block_01,Fuzzy,medium,Fuzzy_medium,500,491,499,0.982,0.998,32,33,0.064,0.066,0.9179999999999999,0.9319999999999999,True
rule_minus_shared_real,314159,3407,block_01,Fuzzy,high,Fuzzy_high,500,500,500,1.0,1.0,500,500,1.0,1.0,0.0,0.0,True
rule_minus_shared_real,314159,3407,block_01,Gear,low,Gear_low,500,41,74,0.082,0.148,2,27,0.004,0.054,0.078,0.094,True
rule_minus_shared_real,314159,3407,block_01,Gear,medium,Gear_medium,500,416,496,0.832,0.992,449,497,0.898,0.994,-0.06600000000000006,-0.0020000000000000018,True
rule_minus_shared_real,314159,3407,block_01,Gear,high,Gear_high,500,483,500,0.966,1.0,500,500,1.0,1.0,-0.03400000000000003,0.0,True
rule_minus_shared_real,314159,3407,block_01,RPM,low,RPM_low,500,1,1,0.002,0.002,0,0,0.0,0.0,0.002,0.002,True
rule_minus_shared_real,314159,3407,block_01,RPM,medium,RPM_medium,500,348,362,0.696,0.724,3,12,0.006,0.024,0.69,0.7,True
rule_minus_shared_real,314159,3407,block_01,RPM,high,RPM_high,500,69,500,0.138,1.0,0,500,0.0,1.0,0.138,0.0,True
rule_minus_shared_real,314159,3407,block_02,DoS,low,DoS_low,500,197,197,0.394,0.394,323,330,0.646,0.66,-0.252,-0.266,True
rule_minus_shared_real,314159,3407,block_02,DoS,medium,DoS_medium,500,500,500,1.0,1.0,498,500,0.996,1.0,0.0040000000000000036,0.0,True
rule_minus_shared_real,314159,3407,block_02,DoS,high,DoS_high,500,500,500,1.0,1.0,500,500,1.0,1.0,0.0,0.0,True
rule_minus_shared_real,314159,3407,block_02,Fuzzy,low,Fuzzy_low,500,19,50,0.038,0.1,0,0,0.0,0.0,0.038,0.1,True
rule_minus_shared_real,314159,3407,block_02,Fuzzy,medium,Fuzzy_medium,500,498,500,0.996,1.0,41,46,0.082,0.092,0.914,0.908,True
rule_minus_shared_real,314159,3407,block_02,Fuzzy,high,Fuzzy_high,500,500,500,1.0,1.0,500,500,1.0,1.0,0.0,0.0,True
rule_minus_shared_real,314159,3407,block_02,Gear,low,Gear_low,500,51,82,0.102,0.164,1,27,0.002,0.054,0.09999999999999999,0.11000000000000001,True
rule_minus_shared_real,314159,3407,block_02,Gear,medium,Gear_medium,500,409,499,0.818,0.998,433,497,0.866,0.994,-0.04800000000000004,0.0040000000000000036,True
rule_minus_shared_real,314159,3407,block_02,Gear,high,Gear_high,500,483,500,0.966,1.0,499,500,0.998,1.0,-0.03200000000000003,0.0,True
rule_minus_shared_real,314159,3407,block_02,RPM,low,RPM_low,500,0,0,0.0,0.0,0,0,0.0,0.0,0.0,0.0,True
rule_minus_shared_real,314159,3407,block_02,RPM,medium,RPM_medium,500,356,366,0.712,0.732,4,10,0.008,0.02,0.704,0.712,True
rule_minus_shared_real,314159,3407,block_02,RPM,high,RPM_high,500,63,500,0.126,1.0,0,500,0.0,1.0,0.126,0.0,True
rule_minus_shared_real,314159,3407,block_03,DoS,low,DoS_low,500,199,199,0.398,0.398,320,329,0.64,0.658,-0.242,-0.26,True
rule_minus_shared_real,314159,3407,block_03,DoS,medium,DoS_medium,500,500,500,1.0,1.0,492,500,0.984,1.0,0.016000000000000014,0.0,True
rule_minus_shared_real,314159,3407,block_03,DoS,high,DoS_high,500,500,500,1.0,1.0,500,500,1.0,1.0,0.0,0.0,True
rule_minus_shared_real,314159,3407,block_03,Fuzzy,low,Fuzzy_low,500,25,49,0.05,0.098,0,0,0.0,0.0,0.05,0.098,True
rule_minus_shared_real,314159,3407,block_03,Fuzzy,medium,Fuzzy_medium,500,491,499,0.982,0.998,37,41,0.074,0.082,0.908,0.916,True
rule_minus_shared_real,314159,3407,block_03,Fuzzy,high,Fuzzy_high,500,500,500,1.0,1.0,500,500,1.0,1.0,0.0,0.0,True
rule_minus_shared_real,314159,3407,block_03,Gear,low,Gear_low,500,59,88,0.118,0.176,3,29,0.006,0.058,0.11199999999999999,0.118,True
rule_minus_shared_real,314159,3407,block_03,Gear,medium,Gear_medium,500,429,491,0.858,0.982,451,496,0.902,0.992,-0.04400000000000004,-0.010000000000000009,True
rule_minus_shared_real,314159,3407,block_03,Gear,high,Gear_high,500,484,500,0.968,1.0,500,500,1.0,1.0,-0.03200000000000003,0.0,True
rule_minus_shared_real,314159,3407,block_03,RPM,low,RPM_low,500,0,0,0.0,0.0,0,0,0.0,0.0,0.0,0.0,True
rule_minus_shared_real,314159,3407,block_03,RPM,medium,RPM_medium,500,323,335,0.646,0.67,1,17,0.002,0.034,0.644,0.636,True
rule_minus_shared_real,314159,3407,block_03,RPM,high,RPM_high,500,60,500,0.12,1.0,0,500,0.0,1.0,0.12,0.0,True
rule_minus_shared_real,271828,7,block_01,DoS,low,DoS_low,500,386,387,0.772,0.774,84,97,0.168,0.194,0.604,0.5800000000000001,True
rule_minus_shared_real,271828,7,block_01,DoS,medium,DoS_medium,500,500,500,1.0,1.0,498,499,0.996,0.998,0.0040000000000000036,0.0020000000000000018,True
rule_minus_shared_real,271828,7,block_01,DoS,high,DoS_high,500,500,500,1.0,1.0,500,500,1.0,1.0,0.0,0.0,True
rule_minus_shared_real,271828,7,block_01,Fuzzy,low,Fuzzy_low,500,41,56,0.082,0.112,2,2,0.004,0.004,0.078,0.108,True
rule_minus_shared_real,271828,7,block_01,Fuzzy,medium,Fuzzy_medium,500,490,500,0.98,1.0,188,216,0.376,0.432,0.604,0.5680000000000001,True
rule_minus_shared_real,271828,7,block_01,Fuzzy,high,Fuzzy_high,500,500,500,1.0,1.0,500,500,1.0,1.0,0.0,0.0,True
rule_minus_shared_real,271828,7,block_01,Gear,low,Gear_low,500,42,112,0.084,0.224,18,27,0.036,0.054,0.04800000000000001,0.17,True
rule_minus_shared_real,271828,7,block_01,Gear,medium,Gear_medium,500,399,499,0.798,0.998,473,498,0.946,0.996,-0.1479999999999999,0.0020000000000000018,True
rule_minus_shared_real,271828,7,block_01,Gear,high,Gear_high,500,494,500,0.988,1.0,500,500,1.0,1.0,-0.01200000000000001,0.0,True
rule_minus_shared_real,271828,7,block_01,RPM,low,RPM_low,500,2,2,0.004,0.004,0,0,0.0,0.0,0.004,0.004,True
rule_minus_shared_real,271828,7,block_01,RPM,medium,RPM_medium,500,398,405,0.796,0.81,3,24,0.006,0.048,0.79,0.762,True
rule_minus_shared_real,271828,7,block_01,RPM,high,RPM_high,500,24,500,0.048,1.0,0,500,0.0,1.0,0.048,0.0,True
rule_minus_shared_real,271828,7,block_02,DoS,low,DoS_low,500,391,391,0.782,0.782,86,99,0.172,0.198,0.6100000000000001,0.5840000000000001,True
rule_minus_shared_real,271828,7,block_02,DoS,medium,DoS_medium,500,500,500,1.0,1.0,499,500,0.998,1.0,0.0020000000000000018,0.0,True
rule_minus_shared_real,271828,7,block_02,DoS,high,DoS_high,500,500,500,1.0,1.0,500,500,1.0,1.0,0.0,0.0,True
rule_minus_shared_real,271828,7,block_02,Fuzzy,low,Fuzzy_low,500,39,60,0.078,0.12,0,0,0.0,0.0,0.078,0.12,True
rule_minus_shared_real,271828,7,block_02,Fuzzy,medium,Fuzzy_medium,500,492,499,0.984,0.998,182,210,0.364,0.42,0.62,0.5780000000000001,True
rule_minus_shared_real,271828,7,block_02,Fuzzy,high,Fuzzy_high,500,500,500,1.0,1.0,500,500,1.0,1.0,0.0,0.0,True
rule_minus_shared_real,271828,7,block_02,Gear,low,Gear_low,500,61,130,0.122,0.26,8,13,0.016,0.026,0.106,0.234,True
rule_minus_shared_real,271828,7,block_02,Gear,medium,Gear_medium,500,407,498,0.814,0.996,476,497,0.952,0.994,-0.138,0.0020000000000000018,True
rule_minus_shared_real,271828,7,block_02,Gear,high,Gear_high,500,493,499,0.986,0.998,499,499,0.998,0.998,-0.01200000000000001,0.0,True
rule_minus_shared_real,271828,7,block_02,RPM,low,RPM_low,500,1,1,0.002,0.002,0,0,0.0,0.0,0.002,0.002,True
rule_minus_shared_real,271828,7,block_02,RPM,medium,RPM_medium,500,393,408,0.786,0.816,0,25,0.0,0.05,0.786,0.7659999999999999,True
rule_minus_shared_real,271828,7,block_02,RPM,high,RPM_high,500,29,500,0.058,1.0,0,500,0.0,1.0,0.058,0.0,True
rule_minus_shared_real,271828,7,block_03,DoS,low,DoS_low,500,402,403,0.804,0.806,79,86,0.158,0.172,0.646,0.6340000000000001,True
rule_minus_shared_real,271828,7,block_03,DoS,medium,DoS_medium,500,500,500,1.0,1.0,496,499,0.992,0.998,0.008000000000000007,0.0020000000000000018,True
rule_minus_shared_real,271828,7,block_03,DoS,high,DoS_high,500,500,500,1.0,1.0,500,500,1.0,1.0,0.0,0.0,True
rule_minus_shared_real,271828,7,block_03,Fuzzy,low,Fuzzy_low,500,49,59,0.098,0.118,0,1,0.0,0.002,0.098,0.11599999999999999,True
rule_minus_shared_real,271828,7,block_03,Fuzzy,medium,Fuzzy_medium,500,492,500,0.984,1.0,176,211,0.352,0.422,0.632,0.5780000000000001,True
rule_minus_shared_real,271828,7,block_03,Fuzzy,high,Fuzzy_high,500,500,500,1.0,1.0,500,500,1.0,1.0,0.0,0.0,True
rule_minus_shared_real,271828,7,block_03,Gear,low,Gear_low,500,68,121,0.136,0.242,16,25,0.032,0.05,0.10400000000000001,0.192,True
rule_minus_shared_real,271828,7,block_03,Gear,medium,Gear_medium,500,431,500,0.862,1.0,480,498,0.96,0.996,-0.09799999999999998,0.0040000000000000036,True
rule_minus_shared_real,271828,7,block_03,Gear,high,Gear_high,500,497,500,0.994,1.0,500,500,1.0,1.0,-0.006000000000000005,0.0,True
rule_minus_shared_real,271828,7,block_03,RPM,low,RPM_low,500,3,3,0.006,0.006,0,0,0.0,0.0,0.006,0.006,True
rule_minus_shared_real,271828,7,block_03,RPM,medium,RPM_medium,500,408,418,0.816,0.836,0,25,0.0,0.05,0.816,0.7859999999999999,True
rule_minus_shared_real,271828,7,block_03,RPM,high,RPM_high,500,18,500,0.036,1.0,0,500,0.0,1.0,0.036,0.0,True
rule_minus_shared_real,271828,42,block_01,DoS,low,DoS_low,500,339,339,0.678,0.678,53,54,0.106,0.108,0.5720000000000001,0.5700000000000001,True
rule_minus_shared_real,271828,42,block_01,DoS,medium,DoS_medium,500,500,500,1.0,1.0,500,500,1.0,1.0,0.0,0.0,True
rule_minus_shared_real,271828,42,block_01,DoS,high,DoS_high,500,500,500,1.0,1.0,500,500,1.0,1.0,0.0,0.0,True
rule_minus_shared_real,271828,42,block_01,Fuzzy,low,Fuzzy_low,500,95,104,0.19,0.208,0,0,0.0,0.0,0.19,0.208,True
rule_minus_shared_real,271828,42,block_01,Fuzzy,medium,Fuzzy_medium,500,498,500,0.996,1.0,2,4,0.004,0.008,0.992,0.992,True
rule_minus_shared_real,271828,42,block_01,Fuzzy,high,Fuzzy_high,500,500,500,1.0,1.0,500,500,1.0,1.0,0.0,0.0,True
rule_minus_shared_real,271828,42,block_01,Gear,low,Gear_low,500,15,77,0.03,0.154,8,16,0.016,0.032,0.013999999999999999,0.122,True
rule_minus_shared_real,271828,42,block_01,Gear,medium,Gear_medium,500,116,497,0.232,0.994,447,500,0.894,1.0,-0.662,-0.006000000000000005,True
rule_minus_shared_real,271828,42,block_01,Gear,high,Gear_high,500,171,500,0.342,1.0,500,500,1.0,1.0,-0.6579999999999999,0.0,True
rule_minus_shared_real,271828,42,block_01,RPM,low,RPM_low,500,1,1,0.002,0.002,0,0,0.0,0.0,0.002,0.002,True
rule_minus_shared_real,271828,42,block_01,RPM,medium,RPM_medium,500,331,337,0.662,0.674,0,1,0.0,0.002,0.662,0.672,True
rule_minus_shared_real,271828,42,block_01,RPM,high,RPM_high,500,383,500,0.766,1.0,0,500,0.0,1.0,0.766,0.0,True
rule_minus_shared_real,271828,42,block_02,DoS,low,DoS_low,500,330,330,0.66,0.66,43,44,0.086,0.088,0.5740000000000001,0.5720000000000001,True
rule_minus_shared_real,271828,42,block_02,DoS,medium,DoS_medium,500,500,500,1.0,1.0,500,500,1.0,1.0,0.0,0.0,True
rule_minus_shared_real,271828,42,block_02,DoS,high,DoS_high,500,500,500,1.0,1.0,500,500,1.0,1.0,0.0,0.0,True
rule_minus_shared_real,271828,42,block_02,Fuzzy,low,Fuzzy_low,500,105,118,0.21,0.236,0,0,0.0,0.0,0.21,0.236,True
rule_minus_shared_real,271828,42,block_02,Fuzzy,medium,Fuzzy_medium,500,500,500,1.0,1.0,6,9,0.012,0.018,0.988,0.982,True
rule_minus_shared_real,271828,42,block_02,Fuzzy,high,Fuzzy_high,500,500,500,1.0,1.0,500,500,1.0,1.0,0.0,0.0,True
rule_minus_shared_real,271828,42,block_02,Gear,low,Gear_low,500,25,82,0.05,0.164,15,21,0.03,0.042,0.020000000000000004,0.122,True
rule_minus_shared_real,271828,42,block_02,Gear,medium,Gear_medium,500,121,494,0.242,0.988,439,500,0.878,1.0,-0.636,-0.01200000000000001,True
rule_minus_shared_real,271828,42,block_02,Gear,high,Gear_high,500,187,500,0.374,1.0,499,500,0.998,1.0,-0.624,0.0,True
rule_minus_shared_real,271828,42,block_02,RPM,low,RPM_low,500,0,0,0.0,0.0,0,0,0.0,0.0,0.0,0.0,True
rule_minus_shared_real,271828,42,block_02,RPM,medium,RPM_medium,500,344,350,0.688,0.7,1,5,0.002,0.01,0.6859999999999999,0.69,True
rule_minus_shared_real,271828,42,block_02,RPM,high,RPM_high,500,389,500,0.778,1.0,0,500,0.0,1.0,0.778,0.0,True
rule_minus_shared_real,271828,42,block_03,DoS,low,DoS_low,500,324,325,0.648,0.65,55,56,0.11,0.112,0.538,0.538,True
rule_minus_shared_real,271828,42,block_03,DoS,medium,DoS_medium,500,500,500,1.0,1.0,500,500,1.0,1.0,0.0,0.0,True
rule_minus_shared_real,271828,42,block_03,DoS,high,DoS_high,500,500,500,1.0,1.0,500,500,1.0,1.0,0.0,0.0,True
rule_minus_shared_real,271828,42,block_03,Fuzzy,low,Fuzzy_low,500,109,112,0.218,0.224,0,0,0.0,0.0,0.218,0.224,True
rule_minus_shared_real,271828,42,block_03,Fuzzy,medium,Fuzzy_medium,500,499,500,0.998,1.0,0,1,0.0,0.002,0.998,0.998,True
rule_minus_shared_real,271828,42,block_03,Fuzzy,high,Fuzzy_high,500,500,500,1.0,1.0,500,500,1.0,1.0,0.0,0.0,True
rule_minus_shared_real,271828,42,block_03,Gear,low,Gear_low,500,20,80,0.04,0.16,9,16,0.018,0.032,0.022000000000000002,0.128,True
rule_minus_shared_real,271828,42,block_03,Gear,medium,Gear_medium,500,129,500,0.258,1.0,451,500,0.902,1.0,-0.644,0.0,True
rule_minus_shared_real,271828,42,block_03,Gear,high,Gear_high,500,178,500,0.356,1.0,500,500,1.0,1.0,-0.644,0.0,True
rule_minus_shared_real,271828,42,block_03,RPM,low,RPM_low,500,0,0,0.0,0.0,0,0,0.0,0.0,0.0,0.0,True
rule_minus_shared_real,271828,42,block_03,RPM,medium,RPM_medium,500,324,331,0.648,0.662,1,5,0.002,0.01,0.646,0.652,True
rule_minus_shared_real,271828,42,block_03,RPM,high,RPM_high,500,378,500,0.756,1.0,0,500,0.0,1.0,0.756,0.0,True
rule_minus_shared_real,271828,123,block_01,DoS,low,DoS_low,500,190,190,0.38,0.38,69,84,0.138,0.168,0.242,0.212,True
rule_minus_shared_real,271828,123,block_01,DoS,medium,DoS_medium,500,500,500,1.0,1.0,487,493,0.974,0.986,0.026000000000000023,0.014000000000000012,True
rule_minus_shared_real,271828,123,block_01,DoS,high,DoS_high,500,500,500,1.0,1.0,500,500,1.0,1.0,0.0,0.0,True
rule_minus_shared_real,271828,123,block_01,Fuzzy,low,Fuzzy_low,500,58,75,0.116,0.15,0,1,0.0,0.002,0.116,0.148,True
rule_minus_shared_real,271828,123,block_01,Fuzzy,medium,Fuzzy_medium,500,495,500,0.99,1.0,200,238,0.4,0.476,0.59,0.524,True
rule_minus_shared_real,271828,123,block_01,Fuzzy,high,Fuzzy_high,500,500,500,1.0,1.0,500,500,1.0,1.0,0.0,0.0,True
rule_minus_shared_real,271828,123,block_01,Gear,low,Gear_low,500,49,97,0.098,0.194,37,66,0.074,0.132,0.024000000000000007,0.062,True
rule_minus_shared_real,271828,123,block_01,Gear,medium,Gear_medium,500,465,492,0.93,0.984,471,498,0.942,0.996,-0.0119999999999999,-0.01200000000000001,True
rule_minus_shared_real,271828,123,block_01,Gear,high,Gear_high,500,500,500,1.0,1.0,500,500,1.0,1.0,0.0,0.0,True
rule_minus_shared_real,271828,123,block_01,RPM,low,RPM_low,500,2,2,0.004,0.004,0,0,0.0,0.0,0.004,0.004,True
rule_minus_shared_real,271828,123,block_01,RPM,medium,RPM_medium,500,464,471,0.928,0.942,9,24,0.018,0.048,0.91,0.8939999999999999,True
rule_minus_shared_real,271828,123,block_01,RPM,high,RPM_high,500,403,500,0.806,1.0,0,500,0.0,1.0,0.806,0.0,True
rule_minus_shared_real,271828,123,block_02,DoS,low,DoS_low,500,176,177,0.352,0.354,60,73,0.12,0.146,0.23199999999999998,0.208,True
rule_minus_shared_real,271828,123,block_02,DoS,medium,DoS_medium,500,500,500,1.0,1.0,489,491,0.978,0.982,0.02200000000000002,0.018000000000000016,True
rule_minus_shared_real,271828,123,block_02,DoS,high,DoS_high,500,500,500,1.0,1.0,500,500,1.0,1.0,0.0,0.0,True
rule_minus_shared_real,271828,123,block_02,Fuzzy,low,Fuzzy_low,500,58,82,0.116,0.164,1,10,0.002,0.02,0.114,0.14400000000000002,True
rule_minus_shared_real,271828,123,block_02,Fuzzy,medium,Fuzzy_medium,500,498,500,0.996,1.0,180,217,0.36,0.434,0.636,0.5660000000000001,True
rule_minus_shared_real,271828,123,block_02,Fuzzy,high,Fuzzy_high,500,500,500,1.0,1.0,500,500,1.0,1.0,0.0,0.0,True
rule_minus_shared_real,271828,123,block_02,Gear,low,Gear_low,500,57,123,0.114,0.246,31,71,0.062,0.142,0.052000000000000005,0.10400000000000001,True
rule_minus_shared_real,271828,123,block_02,Gear,medium,Gear_medium,500,460,492,0.92,0.984,465,500,0.93,1.0,-0.010000000000000009,-0.016000000000000014,True
rule_minus_shared_real,271828,123,block_02,Gear,high,Gear_high,500,499,499,0.998,0.998,499,500,0.998,1.0,0.0,-0.0020000000000000018,True
rule_minus_shared_real,271828,123,block_02,RPM,low,RPM_low,500,2,2,0.004,0.004,0,0,0.0,0.0,0.004,0.004,True
rule_minus_shared_real,271828,123,block_02,RPM,medium,RPM_medium,500,444,457,0.888,0.914,5,24,0.01,0.048,0.878,0.866,True
rule_minus_shared_real,271828,123,block_02,RPM,high,RPM_high,500,386,500,0.772,1.0,0,500,0.0,1.0,0.772,0.0,True
rule_minus_shared_real,271828,123,block_03,DoS,low,DoS_low,500,178,179,0.356,0.358,63,78,0.126,0.156,0.22999999999999998,0.20199999999999999,True
rule_minus_shared_real,271828,123,block_03,DoS,medium,DoS_medium,500,500,500,1.0,1.0,490,495,0.98,0.99,0.020000000000000018,0.010000000000000009,True
rule_minus_shared_real,271828,123,block_03,DoS,high,DoS_high,500,500,500,1.0,1.0,500,500,1.0,1.0,0.0,0.0,True
rule_minus_shared_real,271828,123,block_03,Fuzzy,low,Fuzzy_low,500,81,98,0.162,0.196,1,3,0.002,0.006,0.16,0.19,True
rule_minus_shared_real,271828,123,block_03,Fuzzy,medium,Fuzzy_medium,500,496,500,0.992,1.0,187,228,0.374,0.456,0.618,0.544,True
rule_minus_shared_real,271828,123,block_03,Fuzzy,high,Fuzzy_high,500,500,500,1.0,1.0,500,500,1.0,1.0,0.0,0.0,True
rule_minus_shared_real,271828,123,block_03,Gear,low,Gear_low,500,61,113,0.122,0.226,39,69,0.078,0.138,0.044,0.088,True
rule_minus_shared_real,271828,123,block_03,Gear,medium,Gear_medium,500,471,495,0.942,0.99,470,498,0.94,0.996,0.0020000000000000018,-0.006000000000000005,True
rule_minus_shared_real,271828,123,block_03,Gear,high,Gear_high,500,500,500,1.0,1.0,500,500,1.0,1.0,0.0,0.0,True
rule_minus_shared_real,271828,123,block_03,RPM,low,RPM_low,500,1,1,0.002,0.002,0,0,0.0,0.0,0.002,0.002,True
rule_minus_shared_real,271828,123,block_03,RPM,medium,RPM_medium,500,455,461,0.91,0.922,5,16,0.01,0.032,0.9,0.89,True
rule_minus_shared_real,271828,123,block_03,RPM,high,RPM_high,500,408,500,0.816,1.0,0,500,0.0,1.0,0.816,0.0,True
rule_minus_shared_real,271828,2026,block_01,DoS,low,DoS_low,500,300,300,0.6,0.6,67,67,0.134,0.134,0.46599999999999997,0.46599999999999997,True
rule_minus_shared_real,271828,2026,block_01,DoS,medium,DoS_medium,500,500,500,1.0,1.0,500,500,1.0,1.0,0.0,0.0,True
rule_minus_shared_real,271828,2026,block_01,DoS,high,DoS_high,500,500,500,1.0,1.0,500,500,1.0,1.0,0.0,0.0,True
rule_minus_shared_real,271828,2026,block_01,Fuzzy,low,Fuzzy_low,500,81,84,0.162,0.168,0,0,0.0,0.0,0.162,0.168,True
rule_minus_shared_real,271828,2026,block_01,Fuzzy,medium,Fuzzy_medium,500,497,499,0.994,0.998,48,48,0.096,0.096,0.898,0.902,True
rule_minus_shared_real,271828,2026,block_01,Fuzzy,high,Fuzzy_high,500,500,500,1.0,1.0,500,500,1.0,1.0,0.0,0.0,True
rule_minus_shared_real,271828,2026,block_01,Gear,low,Gear_low,500,7,35,0.014,0.07,7,11,0.014,0.022,0.0,0.04800000000000001,True
rule_minus_shared_real,271828,2026,block_01,Gear,medium,Gear_medium,500,202,484,0.404,0.968,422,500,0.844,1.0,-0.43999999999999995,-0.03200000000000003,True
rule_minus_shared_real,271828,2026,block_01,Gear,high,Gear_high,500,41,497,0.082,0.994,494,500,0.988,1.0,-0.906,-0.006000000000000005,True
rule_minus_shared_real,271828,2026,block_01,RPM,low,RPM_low,500,0,0,0.0,0.0,0,0,0.0,0.0,0.0,0.0,True
rule_minus_shared_real,271828,2026,block_01,RPM,medium,RPM_medium,500,276,278,0.552,0.556,0,1,0.0,0.002,0.552,0.554,True
rule_minus_shared_real,271828,2026,block_01,RPM,high,RPM_high,500,408,500,0.816,1.0,0,500,0.0,1.0,0.816,0.0,True
rule_minus_shared_real,271828,2026,block_02,DoS,low,DoS_low,500,307,307,0.614,0.614,75,75,0.15,0.15,0.46399999999999997,0.46399999999999997,True
rule_minus_shared_real,271828,2026,block_02,DoS,medium,DoS_medium,500,500,500,1.0,1.0,500,500,1.0,1.0,0.0,0.0,True
rule_minus_shared_real,271828,2026,block_02,DoS,high,DoS_high,500,500,500,1.0,1.0,500,500,1.0,1.0,0.0,0.0,True
rule_minus_shared_real,271828,2026,block_02,Fuzzy,low,Fuzzy_low,500,87,94,0.174,0.188,0,0,0.0,0.0,0.174,0.188,True
rule_minus_shared_real,271828,2026,block_02,Fuzzy,medium,Fuzzy_medium,500,499,499,0.998,0.998,50,50,0.1,0.1,0.898,0.898,True
rule_minus_shared_real,271828,2026,block_02,Fuzzy,high,Fuzzy_high,500,500,500,1.0,1.0,500,500,1.0,1.0,0.0,0.0,True
rule_minus_shared_real,271828,2026,block_02,Gear,low,Gear_low,500,8,40,0.016,0.08,7,10,0.014,0.02,0.002,0.06,True
rule_minus_shared_real,271828,2026,block_02,Gear,medium,Gear_medium,500,201,482,0.402,0.964,410,500,0.82,1.0,-0.4179999999999999,-0.03600000000000003,True
rule_minus_shared_real,271828,2026,block_02,Gear,high,Gear_high,500,32,498,0.064,0.996,496,500,0.992,1.0,-0.9279999999999999,-0.0040000000000000036,True
rule_minus_shared_real,271828,2026,block_02,RPM,low,RPM_low,500,0,0,0.0,0.0,0,0,0.0,0.0,0.0,0.0,True
rule_minus_shared_real,271828,2026,block_02,RPM,medium,RPM_medium,500,258,265,0.516,0.53,0,0,0.0,0.0,0.516,0.53,True
rule_minus_shared_real,271828,2026,block_02,RPM,high,RPM_high,500,401,500,0.802,1.0,0,500,0.0,1.0,0.802,0.0,True
rule_minus_shared_real,271828,2026,block_03,DoS,low,DoS_low,500,293,293,0.586,0.586,84,85,0.168,0.17,0.4179999999999999,0.4159999999999999,True
rule_minus_shared_real,271828,2026,block_03,DoS,medium,DoS_medium,500,500,500,1.0,1.0,500,500,1.0,1.0,0.0,0.0,True
rule_minus_shared_real,271828,2026,block_03,DoS,high,DoS_high,500,500,500,1.0,1.0,500,500,1.0,1.0,0.0,0.0,True
rule_minus_shared_real,271828,2026,block_03,Fuzzy,low,Fuzzy_low,500,102,106,0.204,0.212,0,0,0.0,0.0,0.204,0.212,True
rule_minus_shared_real,271828,2026,block_03,Fuzzy,medium,Fuzzy_medium,500,497,499,0.994,0.998,43,43,0.086,0.086,0.908,0.912,True
rule_minus_shared_real,271828,2026,block_03,Fuzzy,high,Fuzzy_high,500,500,500,1.0,1.0,500,500,1.0,1.0,0.0,0.0,True
rule_minus_shared_real,271828,2026,block_03,Gear,low,Gear_low,500,13,35,0.026,0.07,2,7,0.004,0.014,0.022,0.05600000000000001,True
rule_minus_shared_real,271828,2026,block_03,Gear,medium,Gear_medium,500,213,486,0.426,0.972,425,500,0.85,1.0,-0.424,-0.028000000000000025,True
rule_minus_shared_real,271828,2026,block_03,Gear,high,Gear_high,500,36,496,0.072,0.992,496,500,0.992,1.0,-0.92,-0.008000000000000007,True
rule_minus_shared_real,271828,2026,block_03,RPM,low,RPM_low,500,0,0,0.0,0.0,0,0,0.0,0.0,0.0,0.0,True
rule_minus_shared_real,271828,2026,block_03,RPM,medium,RPM_medium,500,256,258,0.512,0.516,0,0,0.0,0.0,0.512,0.516,True
rule_minus_shared_real,271828,2026,block_03,RPM,high,RPM_high,500,412,500,0.824,1.0,0,500,0.0,1.0,0.824,0.0,True
rule_minus_shared_real,271828,3407,block_01,DoS,low,DoS_low,500,90,90,0.18,0.18,319,327,0.638,0.654,-0.458,-0.47400000000000003,True
rule_minus_shared_real,271828,3407,block_01,DoS,medium,DoS_medium,500,500,500,1.0,1.0,488,500,0.976,1.0,0.02400000000000002,0.0,True
rule_minus_shared_real,271828,3407,block_01,DoS,high,DoS_high,500,500,500,1.0,1.0,500,500,1.0,1.0,0.0,0.0,True
rule_minus_shared_real,271828,3407,block_01,Fuzzy,low,Fuzzy_low,500,7,22,0.014,0.044,0,0,0.0,0.0,0.014,0.044,True
rule_minus_shared_real,271828,3407,block_01,Fuzzy,medium,Fuzzy_medium,500,401,498,0.802,0.996,32,33,0.064,0.066,0.738,0.9299999999999999,True
rule_minus_shared_real,271828,3407,block_01,Fuzzy,high,Fuzzy_high,500,500,500,1.0,1.0,500,500,1.0,1.0,0.0,0.0,True
rule_minus_shared_real,271828,3407,block_01,Gear,low,Gear_low,500,4,11,0.008,0.022,2,27,0.004,0.054,0.004,-0.032,True
rule_minus_shared_real,271828,3407,block_01,Gear,medium,Gear_medium,500,372,474,0.744,0.948,449,497,0.898,0.994,-0.15400000000000003,-0.04600000000000004,True
rule_minus_shared_real,271828,3407,block_01,Gear,high,Gear_high,500,500,500,1.0,1.0,500,500,1.0,1.0,0.0,0.0,True
rule_minus_shared_real,271828,3407,block_01,RPM,low,RPM_low,500,0,0,0.0,0.0,0,0,0.0,0.0,0.0,0.0,True
rule_minus_shared_real,271828,3407,block_01,RPM,medium,RPM_medium,500,207,209,0.414,0.418,3,12,0.006,0.024,0.408,0.39399999999999996,True
rule_minus_shared_real,271828,3407,block_01,RPM,high,RPM_high,500,327,500,0.654,1.0,0,500,0.0,1.0,0.654,0.0,True
rule_minus_shared_real,271828,3407,block_02,DoS,low,DoS_low,500,87,87,0.174,0.174,323,330,0.646,0.66,-0.47200000000000003,-0.48600000000000004,True
rule_minus_shared_real,271828,3407,block_02,DoS,medium,DoS_medium,500,500,500,1.0,1.0,498,500,0.996,1.0,0.0040000000000000036,0.0,True
rule_minus_shared_real,271828,3407,block_02,DoS,high,DoS_high,500,500,500,1.0,1.0,500,500,1.0,1.0,0.0,0.0,True
rule_minus_shared_real,271828,3407,block_02,Fuzzy,low,Fuzzy_low,500,5,30,0.01,0.06,0,0,0.0,0.0,0.01,0.06,True
rule_minus_shared_real,271828,3407,block_02,Fuzzy,medium,Fuzzy_medium,500,416,498,0.832,0.996,41,46,0.082,0.092,0.75,0.904,True
rule_minus_shared_real,271828,3407,block_02,Fuzzy,high,Fuzzy_high,500,500,500,1.0,1.0,500,500,1.0,1.0,0.0,0.0,True
rule_minus_shared_real,271828,3407,block_02,Gear,low,Gear_low,500,14,22,0.028,0.044,1,27,0.002,0.054,0.026000000000000002,-0.010000000000000002,True
rule_minus_shared_real,271828,3407,block_02,Gear,medium,Gear_medium,500,369,473,0.738,0.946,433,497,0.866,0.994,-0.128,-0.04800000000000004,True
rule_minus_shared_real,271828,3407,block_02,Gear,high,Gear_high,500,499,500,0.998,1.0,499,500,0.998,1.0,0.0,0.0,True
rule_minus_shared_real,271828,3407,block_02,RPM,low,RPM_low,500,0,0,0.0,0.0,0,0,0.0,0.0,0.0,0.0,True
rule_minus_shared_real,271828,3407,block_02,RPM,medium,RPM_medium,500,192,197,0.384,0.394,4,10,0.008,0.02,0.376,0.374,True
rule_minus_shared_real,271828,3407,block_02,RPM,high,RPM_high,500,315,500,0.63,1.0,0,500,0.0,1.0,0.63,0.0,True
rule_minus_shared_real,271828,3407,block_03,DoS,low,DoS_low,500,89,89,0.178,0.178,320,329,0.64,0.658,-0.462,-0.48000000000000004,True
rule_minus_shared_real,271828,3407,block_03,DoS,medium,DoS_medium,500,500,500,1.0,1.0,492,500,0.984,1.0,0.016000000000000014,0.0,True
rule_minus_shared_real,271828,3407,block_03,DoS,high,DoS_high,500,500,500,1.0,1.0,500,500,1.0,1.0,0.0,0.0,True
rule_minus_shared_real,271828,3407,block_03,Fuzzy,low,Fuzzy_low,500,8,30,0.016,0.06,0,0,0.0,0.0,0.016,0.06,True
rule_minus_shared_real,271828,3407,block_03,Fuzzy,medium,Fuzzy_medium,500,414,498,0.828,0.996,37,41,0.074,0.082,0.754,0.914,True
rule_minus_shared_real,271828,3407,block_03,Fuzzy,high,Fuzzy_high,500,500,500,1.0,1.0,500,500,1.0,1.0,0.0,0.0,True
rule_minus_shared_real,271828,3407,block_03,Gear,low,Gear_low,500,8,19,0.016,0.038,3,29,0.006,0.058,0.01,-0.020000000000000004,True
rule_minus_shared_real,271828,3407,block_03,Gear,medium,Gear_medium,500,378,468,0.756,0.936,451,496,0.902,0.992,-0.14600000000000002,-0.05599999999999994,True
rule_minus_shared_real,271828,3407,block_03,Gear,high,Gear_high,500,500,500,1.0,1.0,500,500,1.0,1.0,0.0,0.0,True
rule_minus_shared_real,271828,3407,block_03,RPM,low,RPM_low,500,0,0,0.0,0.0,0,0,0.0,0.0,0.0,0.0,True
rule_minus_shared_real,271828,3407,block_03,RPM,medium,RPM_medium,500,190,193,0.38,0.386,1,17,0.002,0.034,0.378,0.352,True
rule_minus_shared_real,271828,3407,block_03,RPM,high,RPM_high,500,334,500,0.668,1.0,0,500,0.0,1.0,0.668,0.0,True
rule_minus_shared_real,161803,7,block_01,DoS,low,DoS_low,500,214,214,0.428,0.428,84,97,0.168,0.194,0.26,0.23399999999999999,True
rule_minus_shared_real,161803,7,block_01,DoS,medium,DoS_medium,500,500,500,1.0,1.0,498,499,0.996,0.998,0.0040000000000000036,0.0020000000000000018,True
rule_minus_shared_real,161803,7,block_01,DoS,high,DoS_high,500,500,500,1.0,1.0,500,500,1.0,1.0,0.0,0.0,True
rule_minus_shared_real,161803,7,block_01,Fuzzy,low,Fuzzy_low,500,101,118,0.202,0.236,2,2,0.004,0.004,0.198,0.23199999999999998,True
rule_minus_shared_real,161803,7,block_01,Fuzzy,medium,Fuzzy_medium,500,488,500,0.976,1.0,188,216,0.376,0.432,0.6,0.5680000000000001,True
rule_minus_shared_real,161803,7,block_01,Fuzzy,high,Fuzzy_high,500,500,500,1.0,1.0,500,500,1.0,1.0,0.0,0.0,True
rule_minus_shared_real,161803,7,block_01,Gear,low,Gear_low,500,19,69,0.038,0.138,18,27,0.036,0.054,0.0020000000000000018,0.08400000000000002,True
rule_minus_shared_real,161803,7,block_01,Gear,medium,Gear_medium,500,333,496,0.666,0.992,473,498,0.946,0.996,-0.2799999999999999,-0.0040000000000000036,True
rule_minus_shared_real,161803,7,block_01,Gear,high,Gear_high,500,84,500,0.168,1.0,500,500,1.0,1.0,-0.832,0.0,True
rule_minus_shared_real,161803,7,block_01,RPM,low,RPM_low,500,3,3,0.006,0.006,0,0,0.0,0.0,0.006,0.006,True
rule_minus_shared_real,161803,7,block_01,RPM,medium,RPM_medium,500,385,390,0.77,0.78,3,24,0.006,0.048,0.764,0.732,True
rule_minus_shared_real,161803,7,block_01,RPM,high,RPM_high,500,500,500,1.0,1.0,0,500,0.0,1.0,1.0,0.0,True
rule_minus_shared_real,161803,7,block_02,DoS,low,DoS_low,500,206,207,0.412,0.414,86,99,0.172,0.198,0.24,0.21599999999999997,True
rule_minus_shared_real,161803,7,block_02,DoS,medium,DoS_medium,500,500,500,1.0,1.0,499,500,0.998,1.0,0.0020000000000000018,0.0,True
rule_minus_shared_real,161803,7,block_02,DoS,high,DoS_high,500,500,500,1.0,1.0,500,500,1.0,1.0,0.0,0.0,True
rule_minus_shared_real,161803,7,block_02,Fuzzy,low,Fuzzy_low,500,98,125,0.196,0.25,0,0,0.0,0.0,0.196,0.25,True
rule_minus_shared_real,161803,7,block_02,Fuzzy,medium,Fuzzy_medium,500,494,500,0.988,1.0,182,210,0.364,0.42,0.624,0.5800000000000001,True
rule_minus_shared_real,161803,7,block_02,Fuzzy,high,Fuzzy_high,500,500,500,1.0,1.0,500,500,1.0,1.0,0.0,0.0,True
rule_minus_shared_real,161803,7,block_02,Gear,low,Gear_low,500,28,88,0.056,0.176,8,13,0.016,0.026,0.04,0.15,True
rule_minus_shared_real,161803,7,block_02,Gear,medium,Gear_medium,500,331,498,0.662,0.996,476,497,0.952,0.994,-0.2899999999999999,0.0020000000000000018,True
rule_minus_shared_real,161803,7,block_02,Gear,high,Gear_high,500,91,500,0.182,1.0,499,499,0.998,0.998,-0.8160000000000001,0.0020000000000000018,True
rule_minus_shared_real,161803,7,block_02,RPM,low,RPM_low,500,1,1,0.002,0.002,0,0,0.0,0.0,0.002,0.002,True
rule_minus_shared_real,161803,7,block_02,RPM,medium,RPM_medium,500,395,402,0.79,0.804,0,25,0.0,0.05,0.79,0.754,True
rule_minus_shared_real,161803,7,block_02,RPM,high,RPM_high,500,500,500,1.0,1.0,0,500,0.0,1.0,1.0,0.0,True
rule_minus_shared_real,161803,7,block_03,DoS,low,DoS_low,500,207,207,0.414,0.414,79,86,0.158,0.172,0.256,0.242,True
rule_minus_shared_real,161803,7,block_03,DoS,medium,DoS_medium,500,500,500,1.0,1.0,496,499,0.992,0.998,0.008000000000000007,0.0020000000000000018,True
rule_minus_shared_real,161803,7,block_03,DoS,high,DoS_high,500,500,500,1.0,1.0,500,500,1.0,1.0,0.0,0.0,True
rule_minus_shared_real,161803,7,block_03,Fuzzy,low,Fuzzy_low,500,122,139,0.244,0.278,0,1,0.0,0.002,0.244,0.276,True
rule_minus_shared_real,161803,7,block_03,Fuzzy,medium,Fuzzy_medium,500,490,500,0.98,1.0,176,211,0.352,0.422,0.628,0.5780000000000001,True
rule_minus_shared_real,161803,7,block_03,Fuzzy,high,Fuzzy_high,500,500,500,1.0,1.0,500,500,1.0,1.0,0.0,0.0,True
rule_minus_shared_real,161803,7,block_03,Gear,low,Gear_low,500,24,61,0.048,0.122,16,25,0.032,0.05,0.016,0.072,True
rule_minus_shared_real,161803,7,block_03,Gear,medium,Gear_medium,500,343,499,0.686,0.998,480,498,0.96,0.996,-0.2739999999999999,0.0020000000000000018,True
rule_minus_shared_real,161803,7,block_03,Gear,high,Gear_high,500,82,500,0.164,1.0,500,500,1.0,1.0,-0.836,0.0,True
rule_minus_shared_real,161803,7,block_03,RPM,low,RPM_low,500,0,0,0.0,0.0,0,0,0.0,0.0,0.0,0.0,True
rule_minus_shared_real,161803,7,block_03,RPM,medium,RPM_medium,500,400,403,0.8,0.806,0,25,0.0,0.05,0.8,0.756,True
rule_minus_shared_real,161803,7,block_03,RPM,high,RPM_high,500,500,500,1.0,1.0,0,500,0.0,1.0,1.0,0.0,True
rule_minus_shared_real,161803,42,block_01,DoS,low,DoS_low,500,355,355,0.71,0.71,53,54,0.106,0.108,0.604,0.602,True
rule_minus_shared_real,161803,42,block_01,DoS,medium,DoS_medium,500,500,500,1.0,1.0,500,500,1.0,1.0,0.0,0.0,True
rule_minus_shared_real,161803,42,block_01,DoS,high,DoS_high,500,500,500,1.0,1.0,500,500,1.0,1.0,0.0,0.0,True
rule_minus_shared_real,161803,42,block_01,Fuzzy,low,Fuzzy_low,500,26,35,0.052,0.07,0,0,0.0,0.0,0.052,0.07,True
rule_minus_shared_real,161803,42,block_01,Fuzzy,medium,Fuzzy_medium,500,484,498,0.968,0.996,2,4,0.004,0.008,0.964,0.988,True
rule_minus_shared_real,161803,42,block_01,Fuzzy,high,Fuzzy_high,500,500,500,1.0,1.0,500,500,1.0,1.0,0.0,0.0,True
rule_minus_shared_real,161803,42,block_01,Gear,low,Gear_low,500,27,49,0.054,0.098,8,16,0.016,0.032,0.038,0.066,True
rule_minus_shared_real,161803,42,block_01,Gear,medium,Gear_medium,500,475,500,0.95,1.0,447,500,0.894,1.0,0.05599999999999994,0.0,True
rule_minus_shared_real,161803,42,block_01,Gear,high,Gear_high,500,488,500,0.976,1.0,500,500,1.0,1.0,-0.02400000000000002,0.0,True
rule_minus_shared_real,161803,42,block_01,RPM,low,RPM_low,500,0,0,0.0,0.0,0,0,0.0,0.0,0.0,0.0,True
rule_minus_shared_real,161803,42,block_01,RPM,medium,RPM_medium,500,290,296,0.58,0.592,0,1,0.0,0.002,0.58,0.59,True
rule_minus_shared_real,161803,42,block_01,RPM,high,RPM_high,500,498,500,0.996,1.0,0,500,0.0,1.0,0.996,0.0,True
rule_minus_shared_real,161803,42,block_02,DoS,low,DoS_low,500,369,369,0.738,0.738,43,44,0.086,0.088,0.652,0.65,True
rule_minus_shared_real,161803,42,block_02,DoS,medium,DoS_medium,500,500,500,1.0,1.0,500,500,1.0,1.0,0.0,0.0,True
rule_minus_shared_real,161803,42,block_02,DoS,high,DoS_high,500,500,500,1.0,1.0,500,500,1.0,1.0,0.0,0.0,True
rule_minus_shared_real,161803,42,block_02,Fuzzy,low,Fuzzy_low,500,30,45,0.06,0.09,0,0,0.0,0.0,0.06,0.09,True
rule_minus_shared_real,161803,42,block_02,Fuzzy,medium,Fuzzy_medium,500,490,499,0.98,0.998,6,9,0.012,0.018,0.968,0.98,True
rule_minus_shared_real,161803,42,block_02,Fuzzy,high,Fuzzy_high,500,500,500,1.0,1.0,500,500,1.0,1.0,0.0,0.0,True
rule_minus_shared_real,161803,42,block_02,Gear,low,Gear_low,500,23,47,0.046,0.094,15,21,0.03,0.042,0.016,0.052,True
rule_minus_shared_real,161803,42,block_02,Gear,medium,Gear_medium,500,477,500,0.954,1.0,439,500,0.878,1.0,0.07599999999999996,0.0,True
rule_minus_shared_real,161803,42,block_02,Gear,high,Gear_high,500,491,500,0.982,1.0,499,500,0.998,1.0,-0.016000000000000014,0.0,True
rule_minus_shared_real,161803,42,block_02,RPM,low,RPM_low,500,0,0,0.0,0.0,0,0,0.0,0.0,0.0,0.0,True
rule_minus_shared_real,161803,42,block_02,RPM,medium,RPM_medium,500,299,303,0.598,0.606,1,5,0.002,0.01,0.596,0.596,True
rule_minus_shared_real,161803,42,block_02,RPM,high,RPM_high,500,498,500,0.996,1.0,0,500,0.0,1.0,0.996,0.0,True
rule_minus_shared_real,161803,42,block_03,DoS,low,DoS_low,500,352,353,0.704,0.706,55,56,0.11,0.112,0.594,0.594,True
rule_minus_shared_real,161803,42,block_03,DoS,medium,DoS_medium,500,500,500,1.0,1.0,500,500,1.0,1.0,0.0,0.0,True
rule_minus_shared_real,161803,42,block_03,DoS,high,DoS_high,500,500,500,1.0,1.0,500,500,1.0,1.0,0.0,0.0,True
rule_minus_shared_real,161803,42,block_03,Fuzzy,low,Fuzzy_low,500,34,43,0.068,0.086,0,0,0.0,0.0,0.068,0.086,True
rule_minus_shared_real,161803,42,block_03,Fuzzy,medium,Fuzzy_medium,500,485,498,0.97,0.996,0,1,0.0,0.002,0.97,0.994,True
rule_minus_shared_real,161803,42,block_03,Fuzzy,high,Fuzzy_high,500,500,500,1.0,1.0,500,500,1.0,1.0,0.0,0.0,True
rule_minus_shared_real,161803,42,block_03,Gear,low,Gear_low,500,38,65,0.076,0.13,9,16,0.018,0.032,0.057999999999999996,0.098,True
rule_minus_shared_real,161803,42,block_03,Gear,medium,Gear_medium,500,483,500,0.966,1.0,451,500,0.902,1.0,0.06399999999999995,0.0,True
rule_minus_shared_real,161803,42,block_03,Gear,high,Gear_high,500,490,500,0.98,1.0,500,500,1.0,1.0,-0.020000000000000018,0.0,True
rule_minus_shared_real,161803,42,block_03,RPM,low,RPM_low,500,0,0,0.0,0.0,0,0,0.0,0.0,0.0,0.0,True
rule_minus_shared_real,161803,42,block_03,RPM,medium,RPM_medium,500,283,285,0.566,0.57,1,5,0.002,0.01,0.564,0.5599999999999999,True
rule_minus_shared_real,161803,42,block_03,RPM,high,RPM_high,500,498,500,0.996,1.0,0,500,0.0,1.0,0.996,0.0,True
rule_minus_shared_real,161803,123,block_01,DoS,low,DoS_low,500,18,18,0.036,0.036,69,84,0.138,0.168,-0.10200000000000001,-0.132,True
rule_minus_shared_real,161803,123,block_01,DoS,medium,DoS_medium,500,500,500,1.0,1.0,487,493,0.974,0.986,0.026000000000000023,0.014000000000000012,True
rule_minus_shared_real,161803,123,block_01,DoS,high,DoS_high,500,500,500,1.0,1.0,500,500,1.0,1.0,0.0,0.0,True
rule_minus_shared_real,161803,123,block_01,Fuzzy,low,Fuzzy_low,500,107,125,0.214,0.25,0,1,0.0,0.002,0.214,0.248,True
rule_minus_shared_real,161803,123,block_01,Fuzzy,medium,Fuzzy_medium,500,499,500,0.998,1.0,200,238,0.4,0.476,0.598,0.524,True
rule_minus_shared_real,161803,123,block_01,Fuzzy,high,Fuzzy_high,500,500,500,1.0,1.0,500,500,1.0,1.0,0.0,0.0,True
rule_minus_shared_real,161803,123,block_01,Gear,low,Gear_low,500,46,112,0.092,0.224,37,66,0.074,0.132,0.018000000000000002,0.092,True
rule_minus_shared_real,161803,123,block_01,Gear,medium,Gear_medium,500,412,496,0.824,0.992,471,498,0.942,0.996,-0.118,-0.0040000000000000036,True
rule_minus_shared_real,161803,123,block_01,Gear,high,Gear_high,500,485,500,0.97,1.0,500,500,1.0,1.0,-0.030000000000000027,0.0,True
rule_minus_shared_real,161803,123,block_01,RPM,low,RPM_low,500,1,1,0.002,0.002,0,0,0.0,0.0,0.002,0.002,True
rule_minus_shared_real,161803,123,block_01,RPM,medium,RPM_medium,500,466,469,0.932,0.938,9,24,0.018,0.048,0.914,0.8899999999999999,True
rule_minus_shared_real,161803,123,block_01,RPM,high,RPM_high,500,492,500,0.984,1.0,0,500,0.0,1.0,0.984,0.0,True
rule_minus_shared_real,161803,123,block_02,DoS,low,DoS_low,500,16,16,0.032,0.032,60,73,0.12,0.146,-0.088,-0.11399999999999999,True
rule_minus_shared_real,161803,123,block_02,DoS,medium,DoS_medium,500,500,500,1.0,1.0,489,491,0.978,0.982,0.02200000000000002,0.018000000000000016,True
rule_minus_shared_real,161803,123,block_02,DoS,high,DoS_high,500,500,500,1.0,1.0,500,500,1.0,1.0,0.0,0.0,True
rule_minus_shared_real,161803,123,block_02,Fuzzy,low,Fuzzy_low,500,104,123,0.208,0.246,1,10,0.002,0.02,0.206,0.226,True
rule_minus_shared_real,161803,123,block_02,Fuzzy,medium,Fuzzy_medium,500,498,500,0.996,1.0,180,217,0.36,0.434,0.636,0.5660000000000001,True
rule_minus_shared_real,161803,123,block_02,Fuzzy,high,Fuzzy_high,500,500,500,1.0,1.0,500,500,1.0,1.0,0.0,0.0,True
rule_minus_shared_real,161803,123,block_02,Gear,low,Gear_low,500,46,122,0.092,0.244,31,71,0.062,0.142,0.03,0.10200000000000001,True
rule_minus_shared_real,161803,123,block_02,Gear,medium,Gear_medium,500,410,496,0.82,0.992,465,500,0.93,1.0,-0.1100000000000001,-0.008000000000000007,True
rule_minus_shared_real,161803,123,block_02,Gear,high,Gear_high,500,478,499,0.956,0.998,499,500,0.998,1.0,-0.04200000000000004,-0.0020000000000000018,True
rule_minus_shared_real,161803,123,block_02,RPM,low,RPM_low,500,1,1,0.002,0.002,0,0,0.0,0.0,0.002,0.002,True
rule_minus_shared_real,161803,123,block_02,RPM,medium,RPM_medium,500,461,465,0.922,0.93,5,24,0.01,0.048,0.912,0.882,True
rule_minus_shared_real,161803,123,block_02,RPM,high,RPM_high,500,495,500,0.99,1.0,0,500,0.0,1.0,0.99,0.0,True
rule_minus_shared_real,161803,123,block_03,DoS,low,DoS_low,500,24,24,0.048,0.048,63,78,0.126,0.156,-0.078,-0.108,True
rule_minus_shared_real,161803,123,block_03,DoS,medium,DoS_medium,500,500,500,1.0,1.0,490,495,0.98,0.99,0.020000000000000018,0.010000000000000009,True
rule_minus_shared_real,161803,123,block_03,DoS,high,DoS_high,500,500,500,1.0,1.0,500,500,1.0,1.0,0.0,0.0,True
rule_minus_shared_real,161803,123,block_03,Fuzzy,low,Fuzzy_low,500,123,134,0.246,0.268,1,3,0.002,0.006,0.244,0.262,True
rule_minus_shared_real,161803,123,block_03,Fuzzy,medium,Fuzzy_medium,500,498,500,0.996,1.0,187,228,0.374,0.456,0.622,0.544,True
rule_minus_shared_real,161803,123,block_03,Fuzzy,high,Fuzzy_high,500,500,500,1.0,1.0,500,500,1.0,1.0,0.0,0.0,True
rule_minus_shared_real,161803,123,block_03,Gear,low,Gear_low,500,43,112,0.086,0.224,39,69,0.078,0.138,0.007999999999999993,0.086,True
rule_minus_shared_real,161803,123,block_03,Gear,medium,Gear_medium,500,426,496,0.852,0.992,470,498,0.94,0.996,-0.08799999999999997,-0.0040000000000000036,True
rule_minus_shared_real,161803,123,block_03,Gear,high,Gear_high,500,483,500,0.966,1.0,500,500,1.0,1.0,-0.03400000000000003,0.0,True
rule_minus_shared_real,161803,123,block_03,RPM,low,RPM_low,500,0,0,0.0,0.0,0,0,0.0,0.0,0.0,0.0,True
rule_minus_shared_real,161803,123,block_03,RPM,medium,RPM_medium,500,465,467,0.93,0.934,5,16,0.01,0.032,0.92,0.902,True
rule_minus_shared_real,161803,123,block_03,RPM,high,RPM_high,500,489,500,0.978,1.0,0,500,0.0,1.0,0.978,0.0,True
rule_minus_shared_real,161803,2026,block_01,DoS,low,DoS_low,500,61,61,0.122,0.122,67,67,0.134,0.134,-0.01200000000000001,-0.01200000000000001,True
rule_minus_shared_real,161803,2026,block_01,DoS,medium,DoS_medium,500,500,500,1.0,1.0,500,500,1.0,1.0,0.0,0.0,True
rule_minus_shared_real,161803,2026,block_01,DoS,high,DoS_high,500,500,500,1.0,1.0,500,500,1.0,1.0,0.0,0.0,True
rule_minus_shared_real,161803,2026,block_01,Fuzzy,low,Fuzzy_low,500,15,16,0.03,0.032,0,0,0.0,0.0,0.03,0.032,True
rule_minus_shared_real,161803,2026,block_01,Fuzzy,medium,Fuzzy_medium,500,496,499,0.992,0.998,48,48,0.096,0.096,0.896,0.902,True
rule_minus_shared_real,161803,2026,block_01,Fuzzy,high,Fuzzy_high,500,500,500,1.0,1.0,500,500,1.0,1.0,0.0,0.0,True
rule_minus_shared_real,161803,2026,block_01,Gear,low,Gear_low,500,48,70,0.096,0.14,7,11,0.014,0.022,0.082,0.11800000000000002,True
rule_minus_shared_real,161803,2026,block_01,Gear,medium,Gear_medium,500,496,500,0.992,1.0,422,500,0.844,1.0,0.14800000000000002,0.0,True
rule_minus_shared_real,161803,2026,block_01,Gear,high,Gear_high,500,500,500,1.0,1.0,494,500,0.988,1.0,0.01200000000000001,0.0,True
rule_minus_shared_real,161803,2026,block_01,RPM,low,RPM_low,500,0,0,0.0,0.0,0,0,0.0,0.0,0.0,0.0,True
rule_minus_shared_real,161803,2026,block_01,RPM,medium,RPM_medium,500,389,401,0.778,0.802,0,1,0.0,0.002,0.778,0.8,True
rule_minus_shared_real,161803,2026,block_01,RPM,high,RPM_high,500,133,500,0.266,1.0,0,500,0.0,1.0,0.266,0.0,True
rule_minus_shared_real,161803,2026,block_02,DoS,low,DoS_low,500,53,53,0.106,0.106,75,75,0.15,0.15,-0.044,-0.044,True
rule_minus_shared_real,161803,2026,block_02,DoS,medium,DoS_medium,500,500,500,1.0,1.0,500,500,1.0,1.0,0.0,0.0,True
rule_minus_shared_real,161803,2026,block_02,DoS,high,DoS_high,500,500,500,1.0,1.0,500,500,1.0,1.0,0.0,0.0,True
rule_minus_shared_real,161803,2026,block_02,Fuzzy,low,Fuzzy_low,500,15,18,0.03,0.036,0,0,0.0,0.0,0.03,0.036,True
rule_minus_shared_real,161803,2026,block_02,Fuzzy,medium,Fuzzy_medium,500,500,500,1.0,1.0,50,50,0.1,0.1,0.9,0.9,True
rule_minus_shared_real,161803,2026,block_02,Fuzzy,high,Fuzzy_high,500,500,500,1.0,1.0,500,500,1.0,1.0,0.0,0.0,True
rule_minus_shared_real,161803,2026,block_02,Gear,low,Gear_low,500,56,80,0.112,0.16,7,10,0.014,0.02,0.098,0.14,True
rule_minus_shared_real,161803,2026,block_02,Gear,medium,Gear_medium,500,495,498,0.99,0.996,410,500,0.82,1.0,0.17000000000000004,-0.0040000000000000036,True
rule_minus_shared_real,161803,2026,block_02,Gear,high,Gear_high,500,499,500,0.998,1.0,496,500,0.992,1.0,0.006000000000000005,0.0,True
rule_minus_shared_real,161803,2026,block_02,RPM,low,RPM_low,500,0,0,0.0,0.0,0,0,0.0,0.0,0.0,0.0,True
rule_minus_shared_real,161803,2026,block_02,RPM,medium,RPM_medium,500,403,414,0.806,0.828,0,0,0.0,0.0,0.806,0.828,True
rule_minus_shared_real,161803,2026,block_02,RPM,high,RPM_high,500,136,500,0.272,1.0,0,500,0.0,1.0,0.272,0.0,True
rule_minus_shared_real,161803,2026,block_03,DoS,low,DoS_low,500,53,53,0.106,0.106,84,85,0.168,0.17,-0.06200000000000001,-0.06400000000000002,True
rule_minus_shared_real,161803,2026,block_03,DoS,medium,DoS_medium,500,500,500,1.0,1.0,500,500,1.0,1.0,0.0,0.0,True
rule_minus_shared_real,161803,2026,block_03,DoS,high,DoS_high,500,500,500,1.0,1.0,500,500,1.0,1.0,0.0,0.0,True
rule_minus_shared_real,161803,2026,block_03,Fuzzy,low,Fuzzy_low,500,22,23,0.044,0.046,0,0,0.0,0.0,0.044,0.046,True
rule_minus_shared_real,161803,2026,block_03,Fuzzy,medium,Fuzzy_medium,500,497,500,0.994,1.0,43,43,0.086,0.086,0.908,0.914,True
rule_minus_shared_real,161803,2026,block_03,Fuzzy,high,Fuzzy_high,500,500,500,1.0,1.0,500,500,1.0,1.0,0.0,0.0,True
rule_minus_shared_real,161803,2026,block_03,Gear,low,Gear_low,500,54,76,0.108,0.152,2,7,0.004,0.014,0.104,0.13799999999999998,True
rule_minus_shared_real,161803,2026,block_03,Gear,medium,Gear_medium,500,499,500,0.998,1.0,425,500,0.85,1.0,0.14800000000000002,0.0,True
rule_minus_shared_real,161803,2026,block_03,Gear,high,Gear_high,500,500,500,1.0,1.0,496,500,0.992,1.0,0.008000000000000007,0.0,True
rule_minus_shared_real,161803,2026,block_03,RPM,low,RPM_low,500,0,0,0.0,0.0,0,0,0.0,0.0,0.0,0.0,True
rule_minus_shared_real,161803,2026,block_03,RPM,medium,RPM_medium,500,387,392,0.774,0.784,0,0,0.0,0.0,0.774,0.784,True
rule_minus_shared_real,161803,2026,block_03,RPM,high,RPM_high,500,111,500,0.222,1.0,0,500,0.0,1.0,0.222,0.0,True
rule_minus_shared_real,161803,3407,block_01,DoS,low,DoS_low,500,197,199,0.394,0.398,319,327,0.638,0.654,-0.244,-0.256,True
rule_minus_shared_real,161803,3407,block_01,DoS,medium,DoS_medium,500,500,500,1.0,1.0,488,500,0.976,1.0,0.02400000000000002,0.0,True
rule_minus_shared_real,161803,3407,block_01,DoS,high,DoS_high,500,500,500,1.0,1.0,500,500,1.0,1.0,0.0,0.0,True
rule_minus_shared_real,161803,3407,block_01,Fuzzy,low,Fuzzy_low,500,72,120,0.144,0.24,0,0,0.0,0.0,0.144,0.24,True
rule_minus_shared_real,161803,3407,block_01,Fuzzy,medium,Fuzzy_medium,500,488,500,0.976,1.0,32,33,0.064,0.066,0.9119999999999999,0.9339999999999999,True
rule_minus_shared_real,161803,3407,block_01,Fuzzy,high,Fuzzy_high,500,500,500,1.0,1.0,500,500,1.0,1.0,0.0,0.0,True
rule_minus_shared_real,161803,3407,block_01,Gear,low,Gear_low,500,62,128,0.124,0.256,2,27,0.004,0.054,0.12,0.202,True
rule_minus_shared_real,161803,3407,block_01,Gear,medium,Gear_medium,500,378,498,0.756,0.996,449,497,0.898,0.994,-0.14200000000000002,0.0020000000000000018,True
rule_minus_shared_real,161803,3407,block_01,Gear,high,Gear_high,500,490,500,0.98,1.0,500,500,1.0,1.0,-0.020000000000000018,0.0,True
rule_minus_shared_real,161803,3407,block_01,RPM,low,RPM_low,500,1,2,0.002,0.004,0,0,0.0,0.0,0.002,0.004,True
rule_minus_shared_real,161803,3407,block_01,RPM,medium,RPM_medium,500,404,416,0.808,0.832,3,12,0.006,0.024,0.802,0.8079999999999999,True
rule_minus_shared_real,161803,3407,block_01,RPM,high,RPM_high,500,67,500,0.134,1.0,0,500,0.0,1.0,0.134,0.0,True
rule_minus_shared_real,161803,3407,block_02,DoS,low,DoS_low,500,188,188,0.376,0.376,323,330,0.646,0.66,-0.27,-0.28400000000000003,True
rule_minus_shared_real,161803,3407,block_02,DoS,medium,DoS_medium,500,500,500,1.0,1.0,498,500,0.996,1.0,0.0040000000000000036,0.0,True
rule_minus_shared_real,161803,3407,block_02,DoS,high,DoS_high,500,500,500,1.0,1.0,500,500,1.0,1.0,0.0,0.0,True
rule_minus_shared_real,161803,3407,block_02,Fuzzy,low,Fuzzy_low,500,66,138,0.132,0.276,0,0,0.0,0.0,0.132,0.276,True
rule_minus_shared_real,161803,3407,block_02,Fuzzy,medium,Fuzzy_medium,500,491,500,0.982,1.0,41,46,0.082,0.092,0.9,0.908,True
rule_minus_shared_real,161803,3407,block_02,Fuzzy,high,Fuzzy_high,500,500,500,1.0,1.0,500,500,1.0,1.0,0.0,0.0,True
rule_minus_shared_real,161803,3407,block_02,Gear,low,Gear_low,500,72,147,0.144,0.294,1,27,0.002,0.054,0.142,0.24,True
rule_minus_shared_real,161803,3407,block_02,Gear,medium,Gear_medium,500,376,499,0.752,0.998,433,497,0.866,0.994,-0.11399999999999999,0.0040000000000000036,True
rule_minus_shared_real,161803,3407,block_02,Gear,high,Gear_high,500,487,500,0.974,1.0,499,500,0.998,1.0,-0.02400000000000002,0.0,True
rule_minus_shared_real,161803,3407,block_02,RPM,low,RPM_low,500,1,1,0.002,0.002,0,0,0.0,0.0,0.002,0.002,True
rule_minus_shared_real,161803,3407,block_02,RPM,medium,RPM_medium,500,415,426,0.83,0.852,4,10,0.008,0.02,0.822,0.832,True
rule_minus_shared_real,161803,3407,block_02,RPM,high,RPM_high,500,72,500,0.144,1.0,0,500,0.0,1.0,0.144,0.0,True
rule_minus_shared_real,161803,3407,block_03,DoS,low,DoS_low,500,205,206,0.41,0.412,320,329,0.64,0.658,-0.23000000000000004,-0.24600000000000005,True
rule_minus_shared_real,161803,3407,block_03,DoS,medium,DoS_medium,500,500,500,1.0,1.0,492,500,0.984,1.0,0.016000000000000014,0.0,True
rule_minus_shared_real,161803,3407,block_03,DoS,high,DoS_high,500,500,500,1.0,1.0,500,500,1.0,1.0,0.0,0.0,True
rule_minus_shared_real,161803,3407,block_03,Fuzzy,low,Fuzzy_low,500,80,132,0.16,0.264,0,0,0.0,0.0,0.16,0.264,True
rule_minus_shared_real,161803,3407,block_03,Fuzzy,medium,Fuzzy_medium,500,485,500,0.97,1.0,37,41,0.074,0.082,0.896,0.918,True
rule_minus_shared_real,161803,3407,block_03,Fuzzy,high,Fuzzy_high,500,500,500,1.0,1.0,500,500,1.0,1.0,0.0,0.0,True
rule_minus_shared_real,161803,3407,block_03,Gear,low,Gear_low,500,79,139,0.158,0.278,3,29,0.006,0.058,0.152,0.22000000000000003,True
rule_minus_shared_real,161803,3407,block_03,Gear,medium,Gear_medium,500,405,500,0.81,1.0,451,496,0.902,0.992,-0.09199999999999997,0.008000000000000007,True
rule_minus_shared_real,161803,3407,block_03,Gear,high,Gear_high,500,491,500,0.982,1.0,500,500,1.0,1.0,-0.018000000000000016,0.0,True
rule_minus_shared_real,161803,3407,block_03,RPM,low,RPM_low,500,0,1,0.0,0.002,0,0,0.0,0.0,0.0,0.002,True
rule_minus_shared_real,161803,3407,block_03,RPM,medium,RPM_medium,500,398,406,0.796,0.812,1,17,0.002,0.034,0.794,0.778,True
rule_minus_shared_real,161803,3407,block_03,RPM,high,RPM_high,500,57,500,0.114,1.0,0,500,0.0,1.0,0.114,0.0,True
rule_minus_shared_real,141421,7,block_01,DoS,low,DoS_low,500,236,236,0.472,0.472,84,97,0.168,0.194,0.30399999999999994,0.27799999999999997,True
rule_minus_shared_real,141421,7,block_01,DoS,medium,DoS_medium,500,500,500,1.0,1.0,498,499,0.996,0.998,0.0040000000000000036,0.0020000000000000018,True
rule_minus_shared_real,141421,7,block_01,DoS,high,DoS_high,500,500,500,1.0,1.0,500,500,1.0,1.0,0.0,0.0,True
rule_minus_shared_real,141421,7,block_01,Fuzzy,low,Fuzzy_low,500,45,64,0.09,0.128,2,2,0.004,0.004,0.086,0.124,True
rule_minus_shared_real,141421,7,block_01,Fuzzy,medium,Fuzzy_medium,500,487,499,0.974,0.998,188,216,0.376,0.432,0.598,0.5660000000000001,True
rule_minus_shared_real,141421,7,block_01,Fuzzy,high,Fuzzy_high,500,500,500,1.0,1.0,500,500,1.0,1.0,0.0,0.0,True
rule_minus_shared_real,141421,7,block_01,Gear,low,Gear_low,500,26,113,0.052,0.226,18,27,0.036,0.054,0.016,0.17200000000000001,True
rule_minus_shared_real,141421,7,block_01,Gear,medium,Gear_medium,500,243,499,0.486,0.998,473,498,0.946,0.996,-0.45999999999999996,0.0020000000000000018,True
rule_minus_shared_real,141421,7,block_01,Gear,high,Gear_high,500,250,500,0.5,1.0,500,500,1.0,1.0,-0.5,0.0,True
rule_minus_shared_real,141421,7,block_01,RPM,low,RPM_low,500,2,2,0.004,0.004,0,0,0.0,0.0,0.004,0.004,True
rule_minus_shared_real,141421,7,block_01,RPM,medium,RPM_medium,500,446,448,0.892,0.896,3,24,0.006,0.048,0.886,0.848,True
rule_minus_shared_real,141421,7,block_01,RPM,high,RPM_high,500,467,500,0.934,1.0,0,500,0.0,1.0,0.934,0.0,True
rule_minus_shared_real,141421,7,block_02,DoS,low,DoS_low,500,237,237,0.474,0.474,86,99,0.172,0.198,0.302,0.27599999999999997,True
rule_minus_shared_real,141421,7,block_02,DoS,medium,DoS_medium,500,500,500,1.0,1.0,499,500,0.998,1.0,0.0020000000000000018,0.0,True
rule_minus_shared_real,141421,7,block_02,DoS,high,DoS_high,500,500,500,1.0,1.0,500,500,1.0,1.0,0.0,0.0,True
rule_minus_shared_real,141421,7,block_02,Fuzzy,low,Fuzzy_low,500,56,80,0.112,0.16,0,0,0.0,0.0,0.112,0.16,True
rule_minus_shared_real,141421,7,block_02,Fuzzy,medium,Fuzzy_medium,500,493,500,0.986,1.0,182,210,0.364,0.42,0.622,0.5800000000000001,True
rule_minus_shared_real,141421,7,block_02,Fuzzy,high,Fuzzy_high,500,500,500,1.0,1.0,500,500,1.0,1.0,0.0,0.0,True
rule_minus_shared_real,141421,7,block_02,Gear,low,Gear_low,500,42,144,0.084,0.288,8,13,0.016,0.026,0.068,0.26199999999999996,True
rule_minus_shared_real,141421,7,block_02,Gear,medium,Gear_medium,500,252,499,0.504,0.998,476,497,0.952,0.994,-0.44799999999999995,0.0040000000000000036,True
rule_minus_shared_real,141421,7,block_02,Gear,high,Gear_high,500,260,500,0.52,1.0,499,499,0.998,0.998,-0.478,0.0020000000000000018,True
rule_minus_shared_real,141421,7,block_02,RPM,low,RPM_low,500,1,1,0.002,0.002,0,0,0.0,0.0,0.002,0.002,True
rule_minus_shared_real,141421,7,block_02,RPM,medium,RPM_medium,500,443,451,0.886,0.902,0,25,0.0,0.05,0.886,0.852,True
rule_minus_shared_real,141421,7,block_02,RPM,high,RPM_high,500,457,500,0.914,1.0,0,500,0.0,1.0,0.914,0.0,True
rule_minus_shared_real,141421,7,block_03,DoS,low,DoS_low,500,226,226,0.452,0.452,79,86,0.158,0.172,0.29400000000000004,0.28,True
rule_minus_shared_real,141421,7,block_03,DoS,medium,DoS_medium,500,500,500,1.0,1.0,496,499,0.992,0.998,0.008000000000000007,0.0020000000000000018,True
rule_minus_shared_real,141421,7,block_03,DoS,high,DoS_high,500,500,500,1.0,1.0,500,500,1.0,1.0,0.0,0.0,True
rule_minus_shared_real,141421,7,block_03,Fuzzy,low,Fuzzy_low,500,68,88,0.136,0.176,0,1,0.0,0.002,0.136,0.174,True
rule_minus_shared_real,141421,7,block_03,Fuzzy,medium,Fuzzy_medium,500,488,500,0.976,1.0,176,211,0.352,0.422,0.624,0.5780000000000001,True
rule_minus_shared_real,141421,7,block_03,Fuzzy,high,Fuzzy_high,500,500,500,1.0,1.0,500,500,1.0,1.0,0.0,0.0,True
rule_minus_shared_real,141421,7,block_03,Gear,low,Gear_low,500,51,126,0.102,0.252,16,25,0.032,0.05,0.06999999999999999,0.202,True
rule_minus_shared_real,141421,7,block_03,Gear,medium,Gear_medium,500,259,497,0.518,0.994,480,498,0.96,0.996,-0.44199999999999995,-0.0020000000000000018,True
rule_minus_shared_real,141421,7,block_03,Gear,high,Gear_high,500,242,500,0.484,1.0,500,500,1.0,1.0,-0.516,0.0,True
rule_minus_shared_real,141421,7,block_03,RPM,low,RPM_low,500,3,3,0.006,0.006,0,0,0.0,0.0,0.006,0.006,True
rule_minus_shared_real,141421,7,block_03,RPM,medium,RPM_medium,500,440,443,0.88,0.886,0,25,0.0,0.05,0.88,0.836,True
rule_minus_shared_real,141421,7,block_03,RPM,high,RPM_high,500,468,500,0.936,1.0,0,500,0.0,1.0,0.936,0.0,True
rule_minus_shared_real,141421,42,block_01,DoS,low,DoS_low,500,403,403,0.806,0.806,53,54,0.106,0.108,0.7000000000000001,0.6980000000000001,True
rule_minus_shared_real,141421,42,block_01,DoS,medium,DoS_medium,500,500,500,1.0,1.0,500,500,1.0,1.0,0.0,0.0,True
rule_minus_shared_real,141421,42,block_01,DoS,high,DoS_high,500,500,500,1.0,1.0,500,500,1.0,1.0,0.0,0.0,True
rule_minus_shared_real,141421,42,block_01,Fuzzy,low,Fuzzy_low,500,39,48,0.078,0.096,0,0,0.0,0.0,0.078,0.096,True
rule_minus_shared_real,141421,42,block_01,Fuzzy,medium,Fuzzy_medium,500,492,500,0.984,1.0,2,4,0.004,0.008,0.98,0.992,True
rule_minus_shared_real,141421,42,block_01,Fuzzy,high,Fuzzy_high,500,500,500,1.0,1.0,500,500,1.0,1.0,0.0,0.0,True
rule_minus_shared_real,141421,42,block_01,Gear,low,Gear_low,500,10,52,0.02,0.104,8,16,0.016,0.032,0.004,0.072,True
rule_minus_shared_real,141421,42,block_01,Gear,medium,Gear_medium,500,199,497,0.398,0.994,447,500,0.894,1.0,-0.496,-0.006000000000000005,True
rule_minus_shared_real,141421,42,block_01,Gear,high,Gear_high,500,211,500,0.422,1.0,500,500,1.0,1.0,-0.5780000000000001,0.0,True
rule_minus_shared_real,141421,42,block_01,RPM,low,RPM_low,500,0,0,0.0,0.0,0,0,0.0,0.0,0.0,0.0,True
rule_minus_shared_real,141421,42,block_01,RPM,medium,RPM_medium,500,383,385,0.766,0.77,0,1,0.0,0.002,0.766,0.768,True
rule_minus_shared_real,141421,42,block_01,RPM,high,RPM_high,500,337,500,0.674,1.0,0,500,0.0,1.0,0.674,0.0,True
rule_minus_shared_real,141421,42,block_02,DoS,low,DoS_low,500,410,410,0.82,0.82,43,44,0.086,0.088,0.734,0.732,True
rule_minus_shared_real,141421,42,block_02,DoS,medium,DoS_medium,500,500,500,1.0,1.0,500,500,1.0,1.0,0.0,0.0,True
rule_minus_shared_real,141421,42,block_02,DoS,high,DoS_high,500,500,500,1.0,1.0,500,500,1.0,1.0,0.0,0.0,True
rule_minus_shared_real,141421,42,block_02,Fuzzy,low,Fuzzy_low,500,42,54,0.084,0.108,0,0,0.0,0.0,0.084,0.108,True
rule_minus_shared_real,141421,42,block_02,Fuzzy,medium,Fuzzy_medium,500,495,500,0.99,1.0,6,9,0.012,0.018,0.978,0.982,True
rule_minus_shared_real,141421,42,block_02,Fuzzy,high,Fuzzy_high,500,500,500,1.0,1.0,500,500,1.0,1.0,0.0,0.0,True
rule_minus_shared_real,141421,42,block_02,Gear,low,Gear_low,500,15,49,0.03,0.098,15,21,0.03,0.042,0.0,0.056,True
rule_minus_shared_real,141421,42,block_02,Gear,medium,Gear_medium,500,236,493,0.472,0.986,439,500,0.878,1.0,-0.406,-0.014000000000000012,True
rule_minus_shared_real,141421,42,block_02,Gear,high,Gear_high,500,233,500,0.466,1.0,499,500,0.998,1.0,-0.532,0.0,True
rule_minus_shared_real,141421,42,block_02,RPM,low,RPM_low,500,0,0,0.0,0.0,0,0,0.0,0.0,0.0,0.0,True
rule_minus_shared_real,141421,42,block_02,RPM,medium,RPM_medium,500,384,388,0.768,0.776,1,5,0.002,0.01,0.766,0.766,True
rule_minus_shared_real,141421,42,block_02,RPM,high,RPM_high,500,332,500,0.664,1.0,0,500,0.0,1.0,0.664,0.0,True
rule_minus_shared_real,141421,42,block_03,DoS,low,DoS_low,500,388,388,0.776,0.776,55,56,0.11,0.112,0.666,0.664,True
rule_minus_shared_real,141421,42,block_03,DoS,medium,DoS_medium,500,500,500,1.0,1.0,500,500,1.0,1.0,0.0,0.0,True
rule_minus_shared_real,141421,42,block_03,DoS,high,DoS_high,500,500,500,1.0,1.0,500,500,1.0,1.0,0.0,0.0,True
rule_minus_shared_real,141421,42,block_03,Fuzzy,low,Fuzzy_low,500,49,55,0.098,0.11,0,0,0.0,0.0,0.098,0.11,True
rule_minus_shared_real,141421,42,block_03,Fuzzy,medium,Fuzzy_medium,500,491,500,0.982,1.0,0,1,0.0,0.002,0.982,0.998,True
rule_minus_shared_real,141421,42,block_03,Fuzzy,high,Fuzzy_high,500,500,500,1.0,1.0,500,500,1.0,1.0,0.0,0.0,True
rule_minus_shared_real,141421,42,block_03,Gear,low,Gear_low,500,17,51,0.034,0.102,9,16,0.018,0.032,0.016000000000000004,0.06999999999999999,True
rule_minus_shared_real,141421,42,block_03,Gear,medium,Gear_medium,500,239,497,0.478,0.994,451,500,0.902,1.0,-0.42400000000000004,-0.006000000000000005,True
rule_minus_shared_real,141421,42,block_03,Gear,high,Gear_high,500,230,500,0.46,1.0,500,500,1.0,1.0,-0.54,0.0,True
rule_minus_shared_real,141421,42,block_03,RPM,low,RPM_low,500,0,0,0.0,0.0,0,0,0.0,0.0,0.0,0.0,True
rule_minus_shared_real,141421,42,block_03,RPM,medium,RPM_medium,500,345,347,0.69,0.694,1,5,0.002,0.01,0.688,0.6839999999999999,True
rule_minus_shared_real,141421,42,block_03,RPM,high,RPM_high,500,336,500,0.672,1.0,0,500,0.0,1.0,0.672,0.0,True
rule_minus_shared_real,141421,123,block_01,DoS,low,DoS_low,500,43,43,0.086,0.086,69,84,0.138,0.168,-0.05200000000000002,-0.08200000000000002,True
rule_minus_shared_real,141421,123,block_01,DoS,medium,DoS_medium,500,500,500,1.0,1.0,487,493,0.974,0.986,0.026000000000000023,0.014000000000000012,True
rule_minus_shared_real,141421,123,block_01,DoS,high,DoS_high,500,500,500,1.0,1.0,500,500,1.0,1.0,0.0,0.0,True
rule_minus_shared_real,141421,123,block_01,Fuzzy,low,Fuzzy_low,500,22,26,0.044,0.052,0,1,0.0,0.002,0.044,0.049999999999999996,True
rule_minus_shared_real,141421,123,block_01,Fuzzy,medium,Fuzzy_medium,500,497,498,0.994,0.996,200,238,0.4,0.476,0.594,0.52,True
rule_minus_shared_real,141421,123,block_01,Fuzzy,high,Fuzzy_high,500,500,500,1.0,1.0,500,500,1.0,1.0,0.0,0.0,True
rule_minus_shared_real,141421,123,block_01,Gear,low,Gear_low,500,9,22,0.018,0.044,37,66,0.074,0.132,-0.055999999999999994,-0.08800000000000001,True
rule_minus_shared_real,141421,123,block_01,Gear,medium,Gear_medium,500,470,492,0.94,0.984,471,498,0.942,0.996,-0.0020000000000000018,-0.01200000000000001,True
rule_minus_shared_real,141421,123,block_01,Gear,high,Gear_high,500,497,500,0.994,1.0,500,500,1.0,1.0,-0.006000000000000005,0.0,True
rule_minus_shared_real,141421,123,block_01,RPM,low,RPM_low,500,0,0,0.0,0.0,0,0,0.0,0.0,0.0,0.0,True
rule_minus_shared_real,141421,123,block_01,RPM,medium,RPM_medium,500,340,346,0.68,0.692,9,24,0.018,0.048,0.662,0.6439999999999999,True
rule_minus_shared_real,141421,123,block_01,RPM,high,RPM_high,500,500,500,1.0,1.0,0,500,0.0,1.0,1.0,0.0,True
rule_minus_shared_real,141421,123,block_02,DoS,low,DoS_low,500,38,38,0.076,0.076,60,73,0.12,0.146,-0.044,-0.06999999999999999,True
rule_minus_shared_real,141421,123,block_02,DoS,medium,DoS_medium,500,500,500,1.0,1.0,489,491,0.978,0.982,0.02200000000000002,0.018000000000000016,True
rule_minus_shared_real,141421,123,block_02,DoS,high,DoS_high,500,500,500,1.0,1.0,500,500,1.0,1.0,0.0,0.0,True
rule_minus_shared_real,141421,123,block_02,Fuzzy,low,Fuzzy_low,500,34,39,0.068,0.078,1,10,0.002,0.02,0.066,0.057999999999999996,True
rule_minus_shared_real,141421,123,block_02,Fuzzy,medium,Fuzzy_medium,500,499,500,0.998,1.0,180,217,0.36,0.434,0.638,0.5660000000000001,True
rule_minus_shared_real,141421,123,block_02,Fuzzy,high,Fuzzy_high,500,500,500,1.0,1.0,500,500,1.0,1.0,0.0,0.0,True
rule_minus_shared_real,141421,123,block_02,Gear,low,Gear_low,500,9,23,0.018,0.046,31,71,0.062,0.142,-0.044,-0.09599999999999999,True
rule_minus_shared_real,141421,123,block_02,Gear,medium,Gear_medium,500,472,495,0.944,0.99,465,500,0.93,1.0,0.013999999999999901,-0.010000000000000009,True
rule_minus_shared_real,141421,123,block_02,Gear,high,Gear_high,500,499,500,0.998,1.0,499,500,0.998,1.0,0.0,0.0,True
rule_minus_shared_real,141421,123,block_02,RPM,low,RPM_low,500,0,0,0.0,0.0,0,0,0.0,0.0,0.0,0.0,True
rule_minus_shared_real,141421,123,block_02,RPM,medium,RPM_medium,500,338,346,0.676,0.692,5,24,0.01,0.048,0.666,0.6439999999999999,True
rule_minus_shared_real,141421,123,block_02,RPM,high,RPM_high,500,500,500,1.0,1.0,0,500,0.0,1.0,1.0,0.0,True
rule_minus_shared_real,141421,123,block_03,DoS,low,DoS_low,500,45,45,0.09,0.09,63,78,0.126,0.156,-0.036000000000000004,-0.066,True
rule_minus_shared_real,141421,123,block_03,DoS,medium,DoS_medium,500,500,500,1.0,1.0,490,495,0.98,0.99,0.020000000000000018,0.010000000000000009,True
rule_minus_shared_real,141421,123,block_03,DoS,high,DoS_high,500,500,500,1.0,1.0,500,500,1.0,1.0,0.0,0.0,True
rule_minus_shared_real,141421,123,block_03,Fuzzy,low,Fuzzy_low,500,42,44,0.084,0.088,1,3,0.002,0.006,0.082,0.08199999999999999,True
rule_minus_shared_real,141421,123,block_03,Fuzzy,medium,Fuzzy_medium,500,498,499,0.996,0.998,187,228,0.374,0.456,0.622,0.542,True
rule_minus_shared_real,141421,123,block_03,Fuzzy,high,Fuzzy_high,500,500,500,1.0,1.0,500,500,1.0,1.0,0.0,0.0,True
rule_minus_shared_real,141421,123,block_03,Gear,low,Gear_low,500,21,36,0.042,0.072,39,69,0.078,0.138,-0.036,-0.06600000000000002,True
rule_minus_shared_real,141421,123,block_03,Gear,medium,Gear_medium,500,486,499,0.972,0.998,470,498,0.94,0.996,0.03200000000000003,0.0020000000000000018,True
rule_minus_shared_real,141421,123,block_03,Gear,high,Gear_high,500,498,500,0.996,1.0,500,500,1.0,1.0,-0.0040000000000000036,0.0,True
rule_minus_shared_real,141421,123,block_03,RPM,low,RPM_low,500,0,0,0.0,0.0,0,0,0.0,0.0,0.0,0.0,True
rule_minus_shared_real,141421,123,block_03,RPM,medium,RPM_medium,500,352,352,0.704,0.704,5,16,0.01,0.032,0.694,0.6719999999999999,True
rule_minus_shared_real,141421,123,block_03,RPM,high,RPM_high,500,498,500,0.996,1.0,0,500,0.0,1.0,0.996,0.0,True
rule_minus_shared_real,141421,2026,block_01,DoS,low,DoS_low,500,90,90,0.18,0.18,67,67,0.134,0.134,0.045999999999999985,0.045999999999999985,True
rule_minus_shared_real,141421,2026,block_01,DoS,medium,DoS_medium,500,500,500,1.0,1.0,500,500,1.0,1.0,0.0,0.0,True
rule_minus_shared_real,141421,2026,block_01,DoS,high,DoS_high,500,500,500,1.0,1.0,500,500,1.0,1.0,0.0,0.0,True
rule_minus_shared_real,141421,2026,block_01,Fuzzy,low,Fuzzy_low,500,51,54,0.102,0.108,0,0,0.0,0.0,0.102,0.108,True
rule_minus_shared_real,141421,2026,block_01,Fuzzy,medium,Fuzzy_medium,500,496,499,0.992,0.998,48,48,0.096,0.096,0.896,0.902,True
rule_minus_shared_real,141421,2026,block_01,Fuzzy,high,Fuzzy_high,500,500,500,1.0,1.0,500,500,1.0,1.0,0.0,0.0,True
rule_minus_shared_real,141421,2026,block_01,Gear,low,Gear_low,500,4,17,0.008,0.034,7,11,0.014,0.022,-0.006,0.012000000000000004,True
rule_minus_shared_real,141421,2026,block_01,Gear,medium,Gear_medium,500,373,464,0.746,0.928,422,500,0.844,1.0,-0.09799999999999998,-0.07199999999999995,True
rule_minus_shared_real,141421,2026,block_01,Gear,high,Gear_high,500,48,499,0.096,0.998,494,500,0.988,1.0,-0.892,-0.0020000000000000018,True
rule_minus_shared_real,141421,2026,block_01,RPM,low,RPM_low,500,0,0,0.0,0.0,0,0,0.0,0.0,0.0,0.0,True
rule_minus_shared_real,141421,2026,block_01,RPM,medium,RPM_medium,500,174,178,0.348,0.356,0,1,0.0,0.002,0.348,0.354,True
rule_minus_shared_real,141421,2026,block_01,RPM,high,RPM_high,500,44,500,0.088,1.0,0,500,0.0,1.0,0.088,0.0,True
rule_minus_shared_real,141421,2026,block_02,DoS,low,DoS_low,500,79,79,0.158,0.158,75,75,0.15,0.15,0.008000000000000007,0.008000000000000007,True
rule_minus_shared_real,141421,2026,block_02,DoS,medium,DoS_medium,500,500,500,1.0,1.0,500,500,1.0,1.0,0.0,0.0,True
rule_minus_shared_real,141421,2026,block_02,DoS,high,DoS_high,500,500,500,1.0,1.0,500,500,1.0,1.0,0.0,0.0,True
rule_minus_shared_real,141421,2026,block_02,Fuzzy,low,Fuzzy_low,500,52,55,0.104,0.11,0,0,0.0,0.0,0.104,0.11,True
rule_minus_shared_real,141421,2026,block_02,Fuzzy,medium,Fuzzy_medium,500,500,500,1.0,1.0,50,50,0.1,0.1,0.9,0.9,True
rule_minus_shared_real,141421,2026,block_02,Fuzzy,high,Fuzzy_high,500,500,500,1.0,1.0,500,500,1.0,1.0,0.0,0.0,True
rule_minus_shared_real,141421,2026,block_02,Gear,low,Gear_low,500,6,18,0.012,0.036,7,10,0.014,0.02,-0.002,0.015999999999999997,True
rule_minus_shared_real,141421,2026,block_02,Gear,medium,Gear_medium,500,369,470,0.738,0.94,410,500,0.82,1.0,-0.08199999999999996,-0.06000000000000005,True
rule_minus_shared_real,141421,2026,block_02,Gear,high,Gear_high,500,55,499,0.11,0.998,496,500,0.992,1.0,-0.882,-0.0020000000000000018,True
rule_minus_shared_real,141421,2026,block_02,RPM,low,RPM_low,500,0,0,0.0,0.0,0,0,0.0,0.0,0.0,0.0,True
rule_minus_shared_real,141421,2026,block_02,RPM,medium,RPM_medium,500,180,186,0.36,0.372,0,0,0.0,0.0,0.36,0.372,True
rule_minus_shared_real,141421,2026,block_02,RPM,high,RPM_high,500,58,500,0.116,1.0,0,500,0.0,1.0,0.116,0.0,True
rule_minus_shared_real,141421,2026,block_03,DoS,low,DoS_low,500,94,95,0.188,0.19,84,85,0.168,0.17,0.01999999999999999,0.01999999999999999,True
rule_minus_shared_real,141421,2026,block_03,DoS,medium,DoS_medium,500,500,500,1.0,1.0,500,500,1.0,1.0,0.0,0.0,True
rule_minus_shared_real,141421,2026,block_03,DoS,high,DoS_high,500,500,500,1.0,1.0,500,500,1.0,1.0,0.0,0.0,True
rule_minus_shared_real,141421,2026,block_03,Fuzzy,low,Fuzzy_low,500,55,57,0.11,0.114,0,0,0.0,0.0,0.11,0.114,True
rule_minus_shared_real,141421,2026,block_03,Fuzzy,medium,Fuzzy_medium,500,496,499,0.992,0.998,43,43,0.086,0.086,0.906,0.912,True
rule_minus_shared_real,141421,2026,block_03,Fuzzy,high,Fuzzy_high,500,500,500,1.0,1.0,500,500,1.0,1.0,0.0,0.0,True
rule_minus_shared_real,141421,2026,block_03,Gear,low,Gear_low,500,11,19,0.022,0.038,2,7,0.004,0.014,0.018,0.024,True
rule_minus_shared_real,141421,2026,block_03,Gear,medium,Gear_medium,500,374,465,0.748,0.93,425,500,0.85,1.0,-0.10199999999999998,-0.06999999999999995,True
rule_minus_shared_real,141421,2026,block_03,Gear,high,Gear_high,500,49,500,0.098,1.0,496,500,0.992,1.0,-0.894,0.0,True
rule_minus_shared_real,141421,2026,block_03,RPM,low,RPM_low,500,0,0,0.0,0.0,0,0,0.0,0.0,0.0,0.0,True
rule_minus_shared_real,141421,2026,block_03,RPM,medium,RPM_medium,500,169,173,0.338,0.346,0,0,0.0,0.0,0.338,0.346,True
rule_minus_shared_real,141421,2026,block_03,RPM,high,RPM_high,500,41,500,0.082,1.0,0,500,0.0,1.0,0.082,0.0,True
rule_minus_shared_real,141421,3407,block_01,DoS,low,DoS_low,500,227,230,0.454,0.46,319,327,0.638,0.654,-0.184,-0.194,True
rule_minus_shared_real,141421,3407,block_01,DoS,medium,DoS_medium,500,500,500,1.0,1.0,488,500,0.976,1.0,0.02400000000000002,0.0,True
rule_minus_shared_real,141421,3407,block_01,DoS,high,DoS_high,500,500,500,1.0,1.0,500,500,1.0,1.0,0.0,0.0,True
rule_minus_shared_real,141421,3407,block_01,Fuzzy,low,Fuzzy_low,500,16,35,0.032,0.07,0,0,0.0,0.0,0.032,0.07,True
rule_minus_shared_real,141421,3407,block_01,Fuzzy,medium,Fuzzy_medium,500,478,500,0.956,1.0,32,33,0.064,0.066,0.8919999999999999,0.9339999999999999,True
rule_minus_shared_real,141421,3407,block_01,Fuzzy,high,Fuzzy_high,500,500,500,1.0,1.0,500,500,1.0,1.0,0.0,0.0,True
rule_minus_shared_real,141421,3407,block_01,Gear,low,Gear_low,500,15,51,0.03,0.102,2,27,0.004,0.054,0.026,0.047999999999999994,True
rule_minus_shared_real,141421,3407,block_01,Gear,medium,Gear_medium,500,282,486,0.564,0.972,449,497,0.898,0.994,-0.3340000000000001,-0.02200000000000002,True
rule_minus_shared_real,141421,3407,block_01,Gear,high,Gear_high,500,189,500,0.378,1.0,500,500,1.0,1.0,-0.622,0.0,True
rule_minus_shared_real,141421,3407,block_01,RPM,low,RPM_low,500,1,1,0.002,0.002,0,0,0.0,0.0,0.002,0.002,True
rule_minus_shared_real,141421,3407,block_01,RPM,medium,RPM_medium,500,404,408,0.808,0.816,3,12,0.006,0.024,0.802,0.7919999999999999,True
rule_minus_shared_real,141421,3407,block_01,RPM,high,RPM_high,500,395,500,0.79,1.0,0,500,0.0,1.0,0.79,0.0,True
rule_minus_shared_real,141421,3407,block_02,DoS,low,DoS_low,500,212,213,0.424,0.426,323,330,0.646,0.66,-0.22200000000000003,-0.23400000000000004,True
rule_minus_shared_real,141421,3407,block_02,DoS,medium,DoS_medium,500,500,500,1.0,1.0,498,500,0.996,1.0,0.0040000000000000036,0.0,True
rule_minus_shared_real,141421,3407,block_02,DoS,high,DoS_high,500,500,500,1.0,1.0,500,500,1.0,1.0,0.0,0.0,True
rule_minus_shared_real,141421,3407,block_02,Fuzzy,low,Fuzzy_low,500,16,52,0.032,0.104,0,0,0.0,0.0,0.032,0.104,True
rule_minus_shared_real,141421,3407,block_02,Fuzzy,medium,Fuzzy_medium,500,484,500,0.968,1.0,41,46,0.082,0.092,0.886,0.908,True
rule_minus_shared_real,141421,3407,block_02,Fuzzy,high,Fuzzy_high,500,500,500,1.0,1.0,500,500,1.0,1.0,0.0,0.0,True
rule_minus_shared_real,141421,3407,block_02,Gear,low,Gear_low,500,26,61,0.052,0.122,1,27,0.002,0.054,0.049999999999999996,0.068,True
rule_minus_shared_real,141421,3407,block_02,Gear,medium,Gear_medium,500,272,480,0.544,0.96,433,497,0.866,0.994,-0.32199999999999995,-0.03400000000000003,True
rule_minus_shared_real,141421,3407,block_02,Gear,high,Gear_high,500,201,500,0.402,1.0,499,500,0.998,1.0,-0.596,0.0,True
rule_minus_shared_real,141421,3407,block_02,RPM,low,RPM_low,500,2,2,0.004,0.004,0,0,0.0,0.0,0.004,0.004,True
rule_minus_shared_real,141421,3407,block_02,RPM,medium,RPM_medium,500,407,413,0.814,0.826,4,10,0.008,0.02,0.8059999999999999,0.8059999999999999,True
rule_minus_shared_real,141421,3407,block_02,RPM,high,RPM_high,500,406,500,0.812,1.0,0,500,0.0,1.0,0.812,0.0,True
rule_minus_shared_real,141421,3407,block_03,DoS,low,DoS_low,500,215,215,0.43,0.43,320,329,0.64,0.658,-0.21000000000000002,-0.22800000000000004,True
rule_minus_shared_real,141421,3407,block_03,DoS,medium,DoS_medium,500,500,500,1.0,1.0,492,500,0.984,1.0,0.016000000000000014,0.0,True
rule_minus_shared_real,141421,3407,block_03,DoS,high,DoS_high,500,500,500,1.0,1.0,500,500,1.0,1.0,0.0,0.0,True
rule_minus_shared_real,141421,3407,block_03,Fuzzy,low,Fuzzy_low,500,24,49,0.048,0.098,0,0,0.0,0.0,0.048,0.098,True
rule_minus_shared_real,141421,3407,block_03,Fuzzy,medium,Fuzzy_medium,500,476,500,0.952,1.0,37,41,0.074,0.082,0.878,0.918,True
rule_minus_shared_real,141421,3407,block_03,Fuzzy,high,Fuzzy_high,500,500,500,1.0,1.0,500,500,1.0,1.0,0.0,0.0,True
rule_minus_shared_real,141421,3407,block_03,Gear,low,Gear_low,500,25,58,0.05,0.116,3,29,0.006,0.058,0.044000000000000004,0.058,True
rule_minus_shared_real,141421,3407,block_03,Gear,medium,Gear_medium,500,297,478,0.594,0.956,451,496,0.902,0.992,-0.30800000000000005,-0.03600000000000003,True
rule_minus_shared_real,141421,3407,block_03,Gear,high,Gear_high,500,192,500,0.384,1.0,500,500,1.0,1.0,-0.616,0.0,True
rule_minus_shared_real,141421,3407,block_03,RPM,low,RPM_low,500,0,0,0.0,0.0,0,0,0.0,0.0,0.0,0.0,True
rule_minus_shared_real,141421,3407,block_03,RPM,medium,RPM_medium,500,396,398,0.792,0.796,1,17,0.002,0.034,0.79,0.762,True
rule_minus_shared_real,141421,3407,block_03,RPM,high,RPM_high,500,417,500,0.834,1.0,0,500,0.0,1.0,0.834,0.0,True
rule_minus_shared_real,173205,7,block_01,DoS,low,DoS_low,500,417,417,0.834,0.834,84,97,0.168,0.194,0.6659999999999999,0.6399999999999999,True
rule_minus_shared_real,173205,7,block_01,DoS,medium,DoS_medium,500,500,500,1.0,1.0,498,499,0.996,0.998,0.0040000000000000036,0.0020000000000000018,True
rule_minus_shared_real,173205,7,block_01,DoS,high,DoS_high,500,500,500,1.0,1.0,500,500,1.0,1.0,0.0,0.0,True
rule_minus_shared_real,173205,7,block_01,Fuzzy,low,Fuzzy_low,500,118,127,0.236,0.254,2,2,0.004,0.004,0.23199999999999998,0.25,True
rule_minus_shared_real,173205,7,block_01,Fuzzy,medium,Fuzzy_medium,500,498,500,0.996,1.0,188,216,0.376,0.432,0.62,0.5680000000000001,True
rule_minus_shared_real,173205,7,block_01,Fuzzy,high,Fuzzy_high,500,500,500,1.0,1.0,500,500,1.0,1.0,0.0,0.0,True
rule_minus_shared_real,173205,7,block_01,Gear,low,Gear_low,500,22,43,0.044,0.086,18,27,0.036,0.054,0.008,0.031999999999999994,True
rule_minus_shared_real,173205,7,block_01,Gear,medium,Gear_medium,500,417,494,0.834,0.988,473,498,0.946,0.996,-0.11199999999999999,-0.008000000000000007,True
rule_minus_shared_real,173205,7,block_01,Gear,high,Gear_high,500,480,500,0.96,1.0,500,500,1.0,1.0,-0.040000000000000036,0.0,True
rule_minus_shared_real,173205,7,block_01,RPM,low,RPM_low,500,1,1,0.002,0.002,0,0,0.0,0.0,0.002,0.002,True
rule_minus_shared_real,173205,7,block_01,RPM,medium,RPM_medium,500,217,224,0.434,0.448,3,24,0.006,0.048,0.428,0.4,True
rule_minus_shared_real,173205,7,block_01,RPM,high,RPM_high,500,56,500,0.112,1.0,0,500,0.0,1.0,0.112,0.0,True
rule_minus_shared_real,173205,7,block_02,DoS,low,DoS_low,500,422,422,0.844,0.844,86,99,0.172,0.198,0.6719999999999999,0.6459999999999999,True
rule_minus_shared_real,173205,7,block_02,DoS,medium,DoS_medium,500,500,500,1.0,1.0,499,500,0.998,1.0,0.0020000000000000018,0.0,True
rule_minus_shared_real,173205,7,block_02,DoS,high,DoS_high,500,500,500,1.0,1.0,500,500,1.0,1.0,0.0,0.0,True
rule_minus_shared_real,173205,7,block_02,Fuzzy,low,Fuzzy_low,500,110,125,0.22,0.25,0,0,0.0,0.0,0.22,0.25,True
rule_minus_shared_real,173205,7,block_02,Fuzzy,medium,Fuzzy_medium,500,500,500,1.0,1.0,182,210,0.364,0.42,0.636,0.5800000000000001,True
rule_minus_shared_real,173205,7,block_02,Fuzzy,high,Fuzzy_high,500,500,500,1.0,1.0,500,500,1.0,1.0,0.0,0.0,True
rule_minus_shared_real,173205,7,block_02,Gear,low,Gear_low,500,31,54,0.062,0.108,8,13,0.016,0.026,0.046,0.082,True
rule_minus_shared_real,173205,7,block_02,Gear,medium,Gear_medium,500,416,484,0.832,0.968,476,497,0.952,0.994,-0.12,-0.026000000000000023,True
rule_minus_shared_real,173205,7,block_02,Gear,high,Gear_high,500,489,500,0.978,1.0,499,499,0.998,0.998,-0.020000000000000018,0.0020000000000000018,True
rule_minus_shared_real,173205,7,block_02,RPM,low,RPM_low,500,2,2,0.004,0.004,0,0,0.0,0.0,0.004,0.004,True
rule_minus_shared_real,173205,7,block_02,RPM,medium,RPM_medium,500,214,226,0.428,0.452,0,25,0.0,0.05,0.428,0.402,True
rule_minus_shared_real,173205,7,block_02,RPM,high,RPM_high,500,65,500,0.13,1.0,0,500,0.0,1.0,0.13,0.0,True
rule_minus_shared_real,173205,7,block_03,DoS,low,DoS_low,500,424,425,0.848,0.85,79,86,0.158,0.172,0.69,0.6779999999999999,True
rule_minus_shared_real,173205,7,block_03,DoS,medium,DoS_medium,500,500,500,1.0,1.0,496,499,0.992,0.998,0.008000000000000007,0.0020000000000000018,True
rule_minus_shared_real,173205,7,block_03,DoS,high,DoS_high,500,500,500,1.0,1.0,500,500,1.0,1.0,0.0,0.0,True
rule_minus_shared_real,173205,7,block_03,Fuzzy,low,Fuzzy_low,500,144,149,0.288,0.298,0,1,0.0,0.002,0.288,0.296,True
rule_minus_shared_real,173205,7,block_03,Fuzzy,medium,Fuzzy_medium,500,497,500,0.994,1.0,176,211,0.352,0.422,0.642,0.5780000000000001,True
rule_minus_shared_real,173205,7,block_03,Fuzzy,high,Fuzzy_high,500,500,500,1.0,1.0,500,500,1.0,1.0,0.0,0.0,True
rule_minus_shared_real,173205,7,block_03,Gear,low,Gear_low,500,19,34,0.038,0.068,16,25,0.032,0.05,0.005999999999999998,0.018000000000000002,True
rule_minus_shared_real,173205,7,block_03,Gear,medium,Gear_medium,500,439,487,0.878,0.974,480,498,0.96,0.996,-0.08199999999999996,-0.02200000000000002,True
rule_minus_shared_real,173205,7,block_03,Gear,high,Gear_high,500,485,500,0.97,1.0,500,500,1.0,1.0,-0.030000000000000027,0.0,True
rule_minus_shared_real,173205,7,block_03,RPM,low,RPM_low,500,0,0,0.0,0.0,0,0,0.0,0.0,0.0,0.0,True
rule_minus_shared_real,173205,7,block_03,RPM,medium,RPM_medium,500,205,219,0.41,0.438,0,25,0.0,0.05,0.41,0.388,True
rule_minus_shared_real,173205,7,block_03,RPM,high,RPM_high,500,62,500,0.124,1.0,0,500,0.0,1.0,0.124,0.0,True
rule_minus_shared_real,173205,42,block_01,DoS,low,DoS_low,500,406,406,0.812,0.812,53,54,0.106,0.108,0.7060000000000001,0.7040000000000001,True
rule_minus_shared_real,173205,42,block_01,DoS,medium,DoS_medium,500,500,500,1.0,1.0,500,500,1.0,1.0,0.0,0.0,True
rule_minus_shared_real,173205,42,block_01,DoS,high,DoS_high,500,500,500,1.0,1.0,500,500,1.0,1.0,0.0,0.0,True
rule_minus_shared_real,173205,42,block_01,Fuzzy,low,Fuzzy_low,500,25,44,0.05,0.088,0,0,0.0,0.0,0.05,0.088,True
rule_minus_shared_real,173205,42,block_01,Fuzzy,medium,Fuzzy_medium,500,478,499,0.956,0.998,2,4,0.004,0.008,0.952,0.99,True
rule_minus_shared_real,173205,42,block_01,Fuzzy,high,Fuzzy_high,500,500,500,1.0,1.0,500,500,1.0,1.0,0.0,0.0,True
rule_minus_shared_real,173205,42,block_01,Gear,low,Gear_low,500,40,52,0.08,0.104,8,16,0.016,0.032,0.064,0.072,True
rule_minus_shared_real,173205,42,block_01,Gear,medium,Gear_medium,500,479,500,0.958,1.0,447,500,0.894,1.0,0.06399999999999995,0.0,True
rule_minus_shared_real,173205,42,block_01,Gear,high,Gear_high,500,500,500,1.0,1.0,500,500,1.0,1.0,0.0,0.0,True
rule_minus_shared_real,173205,42,block_01,RPM,low,RPM_low,500,0,0,0.0,0.0,0,0,0.0,0.0,0.0,0.0,True
rule_minus_shared_real,173205,42,block_01,RPM,medium,RPM_medium,500,169,185,0.338,0.37,0,1,0.0,0.002,0.338,0.368,True
rule_minus_shared_real,173205,42,block_01,RPM,high,RPM_high,500,233,500,0.466,1.0,0,500,0.0,1.0,0.466,0.0,True
rule_minus_shared_real,173205,42,block_02,DoS,low,DoS_low,500,425,425,0.85,0.85,43,44,0.086,0.088,0.764,0.762,True
rule_minus_shared_real,173205,42,block_02,DoS,medium,DoS_medium,500,500,500,1.0,1.0,500,500,1.0,1.0,0.0,0.0,True
rule_minus_shared_real,173205,42,block_02,DoS,high,DoS_high,500,500,500,1.0,1.0,500,500,1.0,1.0,0.0,0.0,True
rule_minus_shared_real,173205,42,block_02,Fuzzy,low,Fuzzy_low,500,25,52,0.05,0.104,0,0,0.0,0.0,0.05,0.104,True
rule_minus_shared_real,173205,42,block_02,Fuzzy,medium,Fuzzy_medium,500,481,499,0.962,0.998,6,9,0.012,0.018,0.95,0.98,True
rule_minus_shared_real,173205,42,block_02,Fuzzy,high,Fuzzy_high,500,500,500,1.0,1.0,500,500,1.0,1.0,0.0,0.0,True
rule_minus_shared_real,173205,42,block_02,Gear,low,Gear_low,500,40,55,0.08,0.11,15,21,0.03,0.042,0.05,0.068,True
rule_minus_shared_real,173205,42,block_02,Gear,medium,Gear_medium,500,475,499,0.95,0.998,439,500,0.878,1.0,0.07199999999999995,-0.0020000000000000018,True
rule_minus_shared_real,173205,42,block_02,Gear,high,Gear_high,500,498,500,0.996,1.0,499,500,0.998,1.0,-0.0020000000000000018,0.0,True
rule_minus_shared_real,173205,42,block_02,RPM,low,RPM_low,500,0,0,0.0,0.0,0,0,0.0,0.0,0.0,0.0,True
rule_minus_shared_real,173205,42,block_02,RPM,medium,RPM_medium,500,178,195,0.356,0.39,1,5,0.002,0.01,0.354,0.38,True
rule_minus_shared_real,173205,42,block_02,RPM,high,RPM_high,500,228,500,0.456,1.0,0,500,0.0,1.0,0.456,0.0,True
rule_minus_shared_real,173205,42,block_03,DoS,low,DoS_low,500,411,412,0.822,0.824,55,56,0.11,0.112,0.712,0.712,True
rule_minus_shared_real,173205,42,block_03,DoS,medium,DoS_medium,500,500,500,1.0,1.0,500,500,1.0,1.0,0.0,0.0,True
rule_minus_shared_real,173205,42,block_03,DoS,high,DoS_high,500,500,500,1.0,1.0,500,500,1.0,1.0,0.0,0.0,True
rule_minus_shared_real,173205,42,block_03,Fuzzy,low,Fuzzy_low,500,40,51,0.08,0.102,0,0,0.0,0.0,0.08,0.102,True
rule_minus_shared_real,173205,42,block_03,Fuzzy,medium,Fuzzy_medium,500,478,500,0.956,1.0,0,1,0.0,0.002,0.956,0.998,True
rule_minus_shared_real,173205,42,block_03,Fuzzy,high,Fuzzy_high,500,500,500,1.0,1.0,500,500,1.0,1.0,0.0,0.0,True
rule_minus_shared_real,173205,42,block_03,Gear,low,Gear_low,500,52,67,0.104,0.134,9,16,0.018,0.032,0.086,0.10200000000000001,True
rule_minus_shared_real,173205,42,block_03,Gear,medium,Gear_medium,500,488,500,0.976,1.0,451,500,0.902,1.0,0.07399999999999995,0.0,True
rule_minus_shared_real,173205,42,block_03,Gear,high,Gear_high,500,500,500,1.0,1.0,500,500,1.0,1.0,0.0,0.0,True
rule_minus_shared_real,173205,42,block_03,RPM,low,RPM_low,500,0,0,0.0,0.0,0,0,0.0,0.0,0.0,0.0,True
rule_minus_shared_real,173205,42,block_03,RPM,medium,RPM_medium,500,146,164,0.292,0.328,1,5,0.002,0.01,0.29,0.318,True
rule_minus_shared_real,173205,42,block_03,RPM,high,RPM_high,500,219,500,0.438,1.0,0,500,0.0,1.0,0.438,0.0,True
rule_minus_shared_real,173205,123,block_01,DoS,low,DoS_low,500,178,178,0.356,0.356,69,84,0.138,0.168,0.21799999999999997,0.18799999999999997,True
rule_minus_shared_real,173205,123,block_01,DoS,medium,DoS_medium,500,500,500,1.0,1.0,487,493,0.974,0.986,0.026000000000000023,0.014000000000000012,True
rule_minus_shared_real,173205,123,block_01,DoS,high,DoS_high,500,500,500,1.0,1.0,500,500,1.0,1.0,0.0,0.0,True
rule_minus_shared_real,173205,123,block_01,Fuzzy,low,Fuzzy_low,500,54,72,0.108,0.144,0,1,0.0,0.002,0.108,0.142,True
rule_minus_shared_real,173205,123,block_01,Fuzzy,medium,Fuzzy_medium,500,494,499,0.988,0.998,200,238,0.4,0.476,0.588,0.522,True
rule_minus_shared_real,173205,123,block_01,Fuzzy,high,Fuzzy_high,500,500,500,1.0,1.0,500,500,1.0,1.0,0.0,0.0,True
rule_minus_shared_real,173205,123,block_01,Gear,low,Gear_low,500,52,149,0.104,0.298,37,66,0.074,0.132,0.03,0.16599999999999998,True
rule_minus_shared_real,173205,123,block_01,Gear,medium,Gear_medium,500,475,499,0.95,0.998,471,498,0.942,0.996,0.008000000000000007,0.0020000000000000018,True
rule_minus_shared_real,173205,123,block_01,Gear,high,Gear_high,500,500,500,1.0,1.0,500,500,1.0,1.0,0.0,0.0,True
rule_minus_shared_real,173205,123,block_01,RPM,low,RPM_low,500,1,1,0.002,0.002,0,0,0.0,0.0,0.002,0.002,True
rule_minus_shared_real,173205,123,block_01,RPM,medium,RPM_medium,500,437,444,0.874,0.888,9,24,0.018,0.048,0.856,0.84,True
rule_minus_shared_real,173205,123,block_01,RPM,high,RPM_high,500,272,500,0.544,1.0,0,500,0.0,1.0,0.544,0.0,True
rule_minus_shared_real,173205,123,block_02,DoS,low,DoS_low,500,164,166,0.328,0.332,60,73,0.12,0.146,0.20800000000000002,0.18600000000000003,True
rule_minus_shared_real,173205,123,block_02,DoS,medium,DoS_medium,500,500,500,1.0,1.0,489,491,0.978,0.982,0.02200000000000002,0.018000000000000016,True
rule_minus_shared_real,173205,123,block_02,DoS,high,DoS_high,500,500,500,1.0,1.0,500,500,1.0,1.0,0.0,0.0,True
rule_minus_shared_real,173205,123,block_02,Fuzzy,low,Fuzzy_low,500,63,77,0.126,0.154,1,10,0.002,0.02,0.124,0.134,True
rule_minus_shared_real,173205,123,block_02,Fuzzy,medium,Fuzzy_medium,500,497,500,0.994,1.0,180,217,0.36,0.434,0.634,0.5660000000000001,True
rule_minus_shared_real,173205,123,block_02,Fuzzy,high,Fuzzy_high,500,500,500,1.0,1.0,500,500,1.0,1.0,0.0,0.0,True
rule_minus_shared_real,173205,123,block_02,Gear,low,Gear_low,500,74,185,0.148,0.37,31,71,0.062,0.142,0.086,0.228,True
rule_minus_shared_real,173205,123,block_02,Gear,medium,Gear_medium,500,477,500,0.954,1.0,465,500,0.93,1.0,0.02399999999999991,0.0,True
rule_minus_shared_real,173205,123,block_02,Gear,high,Gear_high,500,499,500,0.998,1.0,499,500,0.998,1.0,0.0,0.0,True
rule_minus_shared_real,173205,123,block_02,RPM,low,RPM_low,500,2,2,0.004,0.004,0,0,0.0,0.0,0.004,0.004,True
rule_minus_shared_real,173205,123,block_02,RPM,medium,RPM_medium,500,435,451,0.87,0.902,5,24,0.01,0.048,0.86,0.854,True
rule_minus_shared_real,173205,123,block_02,RPM,high,RPM_high,500,254,500,0.508,1.0,0,500,0.0,1.0,0.508,0.0,True
rule_minus_shared_real,173205,123,block_03,DoS,low,DoS_low,500,152,152,0.304,0.304,63,78,0.126,0.156,0.178,0.148,True
rule_minus_shared_real,173205,123,block_03,DoS,medium,DoS_medium,500,500,500,1.0,1.0,490,495,0.98,0.99,0.020000000000000018,0.010000000000000009,True
rule_minus_shared_real,173205,123,block_03,DoS,high,DoS_high,500,500,500,1.0,1.0,500,500,1.0,1.0,0.0,0.0,True
rule_minus_shared_real,173205,123,block_03,Fuzzy,low,Fuzzy_low,500,84,87,0.168,0.174,1,3,0.002,0.006,0.166,0.16799999999999998,True
rule_minus_shared_real,173205,123,block_03,Fuzzy,medium,Fuzzy_medium,500,498,500,0.996,1.0,187,228,0.374,0.456,0.622,0.544,True
rule_minus_shared_real,173205,123,block_03,Fuzzy,high,Fuzzy_high,500,500,500,1.0,1.0,500,500,1.0,1.0,0.0,0.0,True
rule_minus_shared_real,173205,123,block_03,Gear,low,Gear_low,500,70,150,0.14,0.3,39,69,0.078,0.138,0.06200000000000001,0.16199999999999998,True
rule_minus_shared_real,173205,123,block_03,Gear,medium,Gear_medium,500,486,498,0.972,0.996,470,498,0.94,0.996,0.03200000000000003,0.0,True
rule_minus_shared_real,173205,123,block_03,Gear,high,Gear_high,500,500,500,1.0,1.0,500,500,1.0,1.0,0.0,0.0,True
rule_minus_shared_real,173205,123,block_03,RPM,low,RPM_low,500,1,1,0.002,0.002,0,0,0.0,0.0,0.002,0.002,True
rule_minus_shared_real,173205,123,block_03,RPM,medium,RPM_medium,500,440,447,0.88,0.894,5,16,0.01,0.032,0.87,0.862,True
rule_minus_shared_real,173205,123,block_03,RPM,high,RPM_high,500,264,500,0.528,1.0,0,500,0.0,1.0,0.528,0.0,True
rule_minus_shared_real,173205,2026,block_01,DoS,low,DoS_low,500,336,336,0.672,0.672,67,67,0.134,0.134,0.538,0.538,True
rule_minus_shared_real,173205,2026,block_01,DoS,medium,DoS_medium,500,500,500,1.0,1.0,500,500,1.0,1.0,0.0,0.0,True
rule_minus_shared_real,173205,2026,block_01,DoS,high,DoS_high,500,500,500,1.0,1.0,500,500,1.0,1.0,0.0,0.0,True
rule_minus_shared_real,173205,2026,block_01,Fuzzy,low,Fuzzy_low,500,23,25,0.046,0.05,0,0,0.0,0.0,0.046,0.05,True
rule_minus_shared_real,173205,2026,block_01,Fuzzy,medium,Fuzzy_medium,500,500,500,1.0,1.0,48,48,0.096,0.096,0.904,0.904,True
rule_minus_shared_real,173205,2026,block_01,Fuzzy,high,Fuzzy_high,500,500,500,1.0,1.0,500,500,1.0,1.0,0.0,0.0,True
rule_minus_shared_real,173205,2026,block_01,Gear,low,Gear_low,500,7,20,0.014,0.04,7,11,0.014,0.022,0.0,0.018000000000000002,True
rule_minus_shared_real,173205,2026,block_01,Gear,medium,Gear_medium,500,231,455,0.462,0.91,422,500,0.844,1.0,-0.38199999999999995,-0.08999999999999997,True
rule_minus_shared_real,173205,2026,block_01,Gear,high,Gear_high,500,2,458,0.004,0.916,494,500,0.988,1.0,-0.984,-0.08399999999999996,True
rule_minus_shared_real,173205,2026,block_01,RPM,low,RPM_low,500,1,1,0.002,0.002,0,0,0.0,0.0,0.002,0.002,True
rule_minus_shared_real,173205,2026,block_01,RPM,medium,RPM_medium,500,234,246,0.468,0.492,0,1,0.0,0.002,0.468,0.49,True
rule_minus_shared_real,173205,2026,block_01,RPM,high,RPM_high,500,9,500,0.018,1.0,0,500,0.0,1.0,0.018,0.0,True
rule_minus_shared_real,173205,2026,block_02,DoS,low,DoS_low,500,326,328,0.652,0.656,75,75,0.15,0.15,0.502,0.506,True
rule_minus_shared_real,173205,2026,block_02,DoS,medium,DoS_medium,500,500,500,1.0,1.0,500,500,1.0,1.0,0.0,0.0,True
rule_minus_shared_real,173205,2026,block_02,DoS,high,DoS_high,500,500,500,1.0,1.0,500,500,1.0,1.0,0.0,0.0,True
rule_minus_shared_real,173205,2026,block_02,Fuzzy,low,Fuzzy_low,500,36,40,0.072,0.08,0,0,0.0,0.0,0.072,0.08,True
rule_minus_shared_real,173205,2026,block_02,Fuzzy,medium,Fuzzy_medium,500,500,500,1.0,1.0,50,50,0.1,0.1,0.9,0.9,True
rule_minus_shared_real,173205,2026,block_02,Fuzzy,high,Fuzzy_high,500,500,500,1.0,1.0,500,500,1.0,1.0,0.0,0.0,True
rule_minus_shared_real,173205,2026,block_02,Gear,low,Gear_low,500,11,23,0.022,0.046,7,10,0.014,0.02,0.007999999999999998,0.026,True
rule_minus_shared_real,173205,2026,block_02,Gear,medium,Gear_medium,500,244,458,0.488,0.916,410,500,0.82,1.0,-0.33199999999999996,-0.08399999999999996,True
rule_minus_shared_real,173205,2026,block_02,Gear,high,Gear_high,500,4,443,0.008,0.886,496,500,0.992,1.0,-0.984,-0.11399999999999999,True
rule_minus_shared_real,173205,2026,block_02,RPM,low,RPM_low,500,0,0,0.0,0.0,0,0,0.0,0.0,0.0,0.0,True
rule_minus_shared_real,173205,2026,block_02,RPM,medium,RPM_medium,500,228,241,0.456,0.482,0,0,0.0,0.0,0.456,0.482,True
rule_minus_shared_real,173205,2026,block_02,RPM,high,RPM_high,500,18,500,0.036,1.0,0,500,0.0,1.0,0.036,0.0,True
rule_minus_shared_real,173205,2026,block_03,DoS,low,DoS_low,500,336,339,0.672,0.678,84,85,0.168,0.17,0.504,0.508,True
rule_minus_shared_real,173205,2026,block_03,DoS,medium,DoS_medium,500,500,500,1.0,1.0,500,500,1.0,1.0,0.0,0.0,True
rule_minus_shared_real,173205,2026,block_03,DoS,high,DoS_high,500,500,500,1.0,1.0,500,500,1.0,1.0,0.0,0.0,True
rule_minus_shared_real,173205,2026,block_03,Fuzzy,low,Fuzzy_low,500,48,53,0.096,0.106,0,0,0.0,0.0,0.096,0.106,True
rule_minus_shared_real,173205,2026,block_03,Fuzzy,medium,Fuzzy_medium,500,498,499,0.996,0.998,43,43,0.086,0.086,0.91,0.912,True
rule_minus_shared_real,173205,2026,block_03,Fuzzy,high,Fuzzy_high,500,500,500,1.0,1.0,500,500,1.0,1.0,0.0,0.0,True
rule_minus_shared_real,173205,2026,block_03,Gear,low,Gear_low,500,17,29,0.034,0.058,2,7,0.004,0.014,0.030000000000000002,0.044000000000000004,True
rule_minus_shared_real,173205,2026,block_03,Gear,medium,Gear_medium,500,225,441,0.45,0.882,425,500,0.85,1.0,-0.39999999999999997,-0.118,True
rule_minus_shared_real,173205,2026,block_03,Gear,high,Gear_high,500,6,458,0.012,0.916,496,500,0.992,1.0,-0.98,-0.08399999999999996,True
rule_minus_shared_real,173205,2026,block_03,RPM,low,RPM_low,500,0,0,0.0,0.0,0,0,0.0,0.0,0.0,0.0,True
rule_minus_shared_real,173205,2026,block_03,RPM,medium,RPM_medium,500,223,233,0.446,0.466,0,0,0.0,0.0,0.446,0.466,True
rule_minus_shared_real,173205,2026,block_03,RPM,high,RPM_high,500,9,500,0.018,1.0,0,500,0.0,1.0,0.018,0.0,True
rule_minus_shared_real,173205,3407,block_01,DoS,low,DoS_low,500,133,134,0.266,0.268,319,327,0.638,0.654,-0.372,-0.386,True
rule_minus_shared_real,173205,3407,block_01,DoS,medium,DoS_medium,500,500,500,1.0,1.0,488,500,0.976,1.0,0.02400000000000002,0.0,True
rule_minus_shared_real,173205,3407,block_01,DoS,high,DoS_high,500,500,500,1.0,1.0,500,500,1.0,1.0,0.0,0.0,True
rule_minus_shared_real,173205,3407,block_01,Fuzzy,low,Fuzzy_low,500,40,52,0.08,0.104,0,0,0.0,0.0,0.08,0.104,True
rule_minus_shared_real,173205,3407,block_01,Fuzzy,medium,Fuzzy_medium,500,488,499,0.976,0.998,32,33,0.064,0.066,0.9119999999999999,0.9319999999999999,True
rule_minus_shared_real,173205,3407,block_01,Fuzzy,high,Fuzzy_high,500,500,500,1.0,1.0,500,500,1.0,1.0,0.0,0.0,True
rule_minus_shared_real,173205,3407,block_01,Gear,low,Gear_low,500,38,127,0.076,0.254,2,27,0.004,0.054,0.072,0.2,True
rule_minus_shared_real,173205,3407,block_01,Gear,medium,Gear_medium,500,349,500,0.698,1.0,449,497,0.898,0.994,-0.20000000000000007,0.006000000000000005,True
rule_minus_shared_real,173205,3407,block_01,Gear,high,Gear_high,500,500,500,1.0,1.0,500,500,1.0,1.0,0.0,0.0,True
rule_minus_shared_real,173205,3407,block_01,RPM,low,RPM_low,500,0,0,0.0,0.0,0,0,0.0,0.0,0.0,0.0,True
rule_minus_shared_real,173205,3407,block_01,RPM,medium,RPM_medium,500,449,454,0.898,0.908,3,12,0.006,0.024,0.892,0.884,True
rule_minus_shared_real,173205,3407,block_01,RPM,high,RPM_high,500,498,500,0.996,1.0,0,500,0.0,1.0,0.996,0.0,True
rule_minus_shared_real,173205,3407,block_02,DoS,low,DoS_low,500,130,132,0.26,0.264,323,330,0.646,0.66,-0.386,-0.396,True
rule_minus_shared_real,173205,3407,block_02,DoS,medium,DoS_medium,500,500,500,1.0,1.0,498,500,0.996,1.0,0.0040000000000000036,0.0,True
rule_minus_shared_real,173205,3407,block_02,DoS,high,DoS_high,500,500,500,1.0,1.0,500,500,1.0,1.0,0.0,0.0,True
rule_minus_shared_real,173205,3407,block_02,Fuzzy,low,Fuzzy_low,500,34,60,0.068,0.12,0,0,0.0,0.0,0.068,0.12,True
rule_minus_shared_real,173205,3407,block_02,Fuzzy,medium,Fuzzy_medium,500,493,500,0.986,1.0,41,46,0.082,0.092,0.904,0.908,True
rule_minus_shared_real,173205,3407,block_02,Fuzzy,high,Fuzzy_high,500,500,500,1.0,1.0,500,500,1.0,1.0,0.0,0.0,True
rule_minus_shared_real,173205,3407,block_02,Gear,low,Gear_low,500,49,152,0.098,0.304,1,27,0.002,0.054,0.096,0.25,True
rule_minus_shared_real,173205,3407,block_02,Gear,medium,Gear_medium,500,351,500,0.702,1.0,433,497,0.866,0.994,-0.16400000000000003,0.006000000000000005,True
rule_minus_shared_real,173205,3407,block_02,Gear,high,Gear_high,500,499,500,0.998,1.0,499,500,0.998,1.0,0.0,0.0,True
rule_minus_shared_real,173205,3407,block_02,RPM,low,RPM_low,500,1,1,0.002,0.002,0,0,0.0,0.0,0.002,0.002,True
rule_minus_shared_real,173205,3407,block_02,RPM,medium,RPM_medium,500,438,445,0.876,0.89,4,10,0.008,0.02,0.868,0.87,True
rule_minus_shared_real,173205,3407,block_02,RPM,high,RPM_high,500,500,500,1.0,1.0,0,500,0.0,1.0,1.0,0.0,True
rule_minus_shared_real,173205,3407,block_03,DoS,low,DoS_low,500,125,126,0.25,0.252,320,329,0.64,0.658,-0.39,-0.406,True
rule_minus_shared_real,173205,3407,block_03,DoS,medium,DoS_medium,500,500,500,1.0,1.0,492,500,0.984,1.0,0.016000000000000014,0.0,True
rule_minus_shared_real,173205,3407,block_03,DoS,high,DoS_high,500,500,500,1.0,1.0,500,500,1.0,1.0,0.0,0.0,True
rule_minus_shared_real,173205,3407,block_03,Fuzzy,low,Fuzzy_low,500,43,52,0.086,0.104,0,0,0.0,0.0,0.086,0.104,True
rule_minus_shared_real,173205,3407,block_03,Fuzzy,medium,Fuzzy_medium,500,488,499,0.976,0.998,37,41,0.074,0.082,0.902,0.916,True
rule_minus_shared_real,173205,3407,block_03,Fuzzy,high,Fuzzy_high,500,500,500,1.0,1.0,500,500,1.0,1.0,0.0,0.0,True
rule_minus_shared_real,173205,3407,block_03,Gear,low,Gear_low,500,65,125,0.13,0.25,3,29,0.006,0.058,0.124,0.192,True
rule_minus_shared_real,173205,3407,block_03,Gear,medium,Gear_medium,500,382,499,0.764,0.998,451,496,0.902,0.992,-0.138,0.006000000000000005,True
rule_minus_shared_real,173205,3407,block_03,Gear,high,Gear_high,500,499,500,0.998,1.0,500,500,1.0,1.0,-0.0020000000000000018,0.0,True
rule_minus_shared_real,173205,3407,block_03,RPM,low,RPM_low,500,0,0,0.0,0.0,0,0,0.0,0.0,0.0,0.0,True
rule_minus_shared_real,173205,3407,block_03,RPM,medium,RPM_medium,500,443,444,0.886,0.888,1,17,0.002,0.034,0.884,0.854,True
rule_minus_shared_real,173205,3407,block_03,RPM,high,RPM_high,500,500,500,1.0,1.0,0,500,0.0,1.0,1.0,0.0,True
