arm,construction_seed,pipeline_seed,block_id,attack,attack_label,id_stratum,P,S,D,cell,n,exact_correct,binary_correct,exact_recall,binary_recall,checkpoint_sha256
rule,314159,7,block_01,Gear,3,canonical,0,0,0,000,2000,2000,2000,1.0,1.0,09b08194395debb2e4c30ea7fd1d27c8baf67e8d568a6f6cb1a842e038f346ed
rule,314159,42,block_01,Gear,3,canonical,0,0,0,000,2000,2000,2000,1.0,1.0,8a523faeac10844b457627c241d4ee4729a6bb6dd41ff79aaa640064767a8f13
rule,314159,123,block_01,Gear,3,canonical,0,0,0,000,2000,2000,2000,1.0,1.0,c81ec1fe7d3cf906172f8c9b79e4facaf3a711fb5cf31bf0f93b7f148c8f20b9
rule,314159,2026,block_01,Gear,3,canonical,0,0,0,000,2000,2000,2000,1.0,1.0,9f89d0fcf4c911b042d944313e1c99ff10ee1f483396e2cfd5227b6e4c3f7c8b
rule,314159,3407,block_01,Gear,3,canonical,0,0,0,000,2000,2000,2000,1.0,1.0,6c11d84632896e7e21097c35bc8949be0d6c8d1c57e6210d58494766ce9bba46
rule,271828,7,block_01,Gear,3,canonical,0,0,0,000,2000,2000,2000,1.0,1.0,babbe5055150e5e5d800452dc61dda1b3d211a60de7c37eadae846378658c255
rule,271828,42,block_01,Gear,3,canonical,0,0,0,000,2000,2000,2000,1.0,1.0,db3eb42f52a20b23f546ee24e20a211e1f434b1febd2dcdc33dee23aa860a806
rule,271828,123,block_01,Gear,3,canonical,0,0,0,000,2000,2000,2000,1.0,1.0,d8719c636c13ee805e95c787d18cdc4272d1f8d4d168166eb66e348abc6f2da7
rule,271828,2026,block_01,Gear,3,canonical,0,0,0,000,2000,2000,2000,1.0,1.0,c0156f2bf2d889f6af59d8cefedeb3b720e095546e5192bcda73900bc0c70af1
rule,271828,3407,block_01,Gear,3,canonical,0,0,0,000,2000,2000,2000,1.0,1.0,708b454de01da83e20da3b831489c68fce15a87d99e76e19fe6e0d8613876ccc
rule,161803,7,block_01,Gear,3,canonical,0,0,0,000,2000,2000,2000,1.0,1.0,d42b29e2f7bc00439efcb3141f0db55adf84ece88d5264bc066b756ef5def2c0
rule,161803,42,block_01,Gear,3,canonical,0,0,0,000,2000,2000,2000,1.0,1.0,1c1df00db55b563140e164259b4d26675eba3ab5c882fbbeb25d3ad65cc3f3bb
rule,161803,123,block_01,Gear,3,canonical,0,0,0,000,2000,2000,2000,1.0,1.0,baa06c1f9260379da7ba42fbea560af4e56fd486be655e7c4343f76b73e493b7
rule,161803,2026,block_01,Gear,3,canonical,0,0,0,000,2000,2000,2000,1.0,1.0,fbfc69d3a02d3c2318b2a14c83e0d6ab28b501ba94eb34db863b413dfe293374
rule,161803,3407,block_01,Gear,3,canonical,0,0,0,000,2000,2000,2000,1.0,1.0,00bc893a694e7e7ef1e576d93fdc8abb70d52de882880b4da13b3d74ba3110a9
rule,141421,7,block_01,Gear,3,canonical,0,0,0,000,2000,2000,2000,1.0,1.0,d07e9b83ad4dbbac6168146603dd1b2cba2ff523be063b036039f297548d284e
rule,141421,42,block_01,Gear,3,canonical,0,0,0,000,2000,2000,2000,1.0,1.0,c61407a2bc04d2ec05d79f0f6158e73bd558efe30521f2c56a0c191fbde59ba3
rule,141421,123,block_01,Gear,3,canonical,0,0,0,000,2000,2000,2000,1.0,1.0,8469470dbe93b813a1ff9f5ea9db24110c92450abae5f47552d3b243a3379a7a
rule,141421,2026,block_01,Gear,3,canonical,0,0,0,000,2000,2000,2000,1.0,1.0,a6ed20ef78457734c1398d2ea29846326b93a039808fa3b1d49c1ca02bc74a5d
rule,141421,3407,block_01,Gear,3,canonical,0,0,0,000,2000,2000,2000,1.0,1.0,7ced397f47396bc0049c98565747ae379ebf87783c5a7fbf1bba17d95eae7f6b
rule,173205,7,block_01,Gear,3,canonical,0,0,0,000,2000,2000,2000,1.0,1.0,7371d09cdd8e7188b8a3d1a4384594d197918351fe6d53d2c196969a5b8f4e1c
rule,173205,42,block_01,Gear,3,canonical,0,0,0,000,2000,2000,2000,1.0,1.0,f3b1373856aee675d70315264ef33dcac87e8a02cba7af7f166b2af5b2d59ff6
rule,173205,123,block_01,Gear,3,canonical,0,0,0,000,2000,2000,2000,1.0,1.0,f6819e9926d7f856c70ebf326ee7f2d8c140ea9b5af570c56ac3fe496a20ac06
rule,173205,2026,block_01,Gear,3,canonical,0,0,0,000,2000,2000,2000,1.0,1.0,af58ef89f7876138cb4cf1a1e371c69bd550d7feb4225849cf1f5e3675e87c1a
rule,173205,3407,block_01,Gear,3,canonical,0,0,0,000,2000,2000,2000,1.0,1.0,4996c12b6209eb45ae0dbdb1691250b245be0b6fecb46f30399571fc519b5c3c
rule,314159,7,block_01,Gear,3,canonical,0,0,1,001,2000,2000,2000,1.0,1.0,09b08194395debb2e4c30ea7fd1d27c8baf67e8d568a6f6cb1a842e038f346ed
rule,314159,42,block_01,Gear,3,canonical,0,0,1,001,2000,2000,2000,1.0,1.0,8a523faeac10844b457627c241d4ee4729a6bb6dd41ff79aaa640064767a8f13
rule,314159,123,block_01,Gear,3,canonical,0,0,1,001,2000,2000,2000,1.0,1.0,c81ec1fe7d3cf906172f8c9b79e4facaf3a711fb5cf31bf0f93b7f148c8f20b9
rule,314159,2026,block_01,Gear,3,canonical,0,0,1,001,2000,2000,2000,1.0,1.0,9f89d0fcf4c911b042d944313e1c99ff10ee1f483396e2cfd5227b6e4c3f7c8b
rule,314159,3407,block_01,Gear,3,canonical,0,0,1,001,2000,2000,2000,1.0,1.0,6c11d84632896e7e21097c35bc8949be0d6c8d1c57e6210d58494766ce9bba46
rule,271828,7,block_01,Gear,3,canonical,0,0,1,001,2000,2000,2000,1.0,1.0,babbe5055150e5e5d800452dc61dda1b3d211a60de7c37eadae846378658c255
rule,271828,42,block_01,Gear,3,canonical,0,0,1,001,2000,2000,2000,1.0,1.0,db3eb42f52a20b23f546ee24e20a211e1f434b1febd2dcdc33dee23aa860a806
rule,271828,123,block_01,Gear,3,canonical,0,0,1,001,2000,2000,2000,1.0,1.0,d8719c636c13ee805e95c787d18cdc4272d1f8d4d168166eb66e348abc6f2da7
rule,271828,2026,block_01,Gear,3,canonical,0,0,1,001,2000,2000,2000,1.0,1.0,c0156f2bf2d889f6af59d8cefedeb3b720e095546e5192bcda73900bc0c70af1
rule,271828,3407,block_01,Gear,3,canonical,0,0,1,001,2000,2000,2000,1.0,1.0,708b454de01da83e20da3b831489c68fce15a87d99e76e19fe6e0d8613876ccc
rule,161803,7,block_01,Gear,3,canonical,0,0,1,001,2000,2000,2000,1.0,1.0,d42b29e2f7bc00439efcb3141f0db55adf84ece88d5264bc066b756ef5def2c0
rule,161803,42,block_01,Gear,3,canonical,0,0,1,001,2000,2000,2000,1.0,1.0,1c1df00db55b563140e164259b4d26675eba3ab5c882fbbeb25d3ad65cc3f3bb
rule,161803,123,block_01,Gear,3,canonical,0,0,1,001,2000,2000,2000,1.0,1.0,baa06c1f9260379da7ba42fbea560af4e56fd486be655e7c4343f76b73e493b7
rule,161803,2026,block_01,Gear,3,canonical,0,0,1,001,2000,2000,2000,1.0,1.0,fbfc69d3a02d3c2318b2a14c83e0d6ab28b501ba94eb34db863b413dfe293374
rule,161803,3407,block_01,Gear,3,canonical,0,0,1,001,2000,2000,2000,1.0,1.0,00bc893a694e7e7ef1e576d93fdc8abb70d52de882880b4da13b3d74ba3110a9
rule,141421,7,block_01,Gear,3,canonical,0,0,1,001,2000,2000,2000,1.0,1.0,d07e9b83ad4dbbac6168146603dd1b2cba2ff523be063b036039f297548d284e
rule,141421,42,block_01,Gear,3,canonical,0,0,1,001,2000,2000,2000,1.0,1.0,c61407a2bc04d2ec05d79f0f6158e73bd558efe30521f2c56a0c191fbde59ba3
rule,141421,123,block_01,Gear,3,canonical,0,0,1,001,2000,2000,2000,1.0,1.0,8469470dbe93b813a1ff9f5ea9db24110c92450abae5f47552d3b243a3379a7a
rule,141421,2026,block_01,Gear,3,canonical,0,0,1,001,2000,2000,2000,1.0,1.0,a6ed20ef78457734c1398d2ea29846326b93a039808fa3b1d49c1ca02bc74a5d
rule,141421,3407,block_01,Gear,3,canonical,0,0,1,001,2000,2000,2000,1.0,1.0,7ced397f47396bc0049c98565747ae379ebf87783c5a7fbf1bba17d95eae7f6b
rule,173205,7,block_01,Gear,3,canonical,0,0,1,001,2000,2000,2000,1.0,1.0,7371d09cdd8e7188b8a3d1a4384594d197918351fe6d53d2c196969a5b8f4e1c
rule,173205,42,block_01,Gear,3,canonical,0,0,1,001,2000,2000,2000,1.0,1.0,f3b1373856aee675d70315264ef33dcac87e8a02cba7af7f166b2af5b2d59ff6
rule,173205,123,block_01,Gear,3,canonical,0,0,1,001,2000,2000,2000,1.0,1.0,f6819e9926d7f856c70ebf326ee7f2d8c140ea9b5af570c56ac3fe496a20ac06
rule,173205,2026,block_01,Gear,3,canonical,0,0,1,001,2000,2000,2000,1.0,1.0,af58ef89f7876138cb4cf1a1e371c69bd550d7feb4225849cf1f5e3675e87c1a
rule,173205,3407,block_01,Gear,3,canonical,0,0,1,001,2000,2000,2000,1.0,1.0,4996c12b6209eb45ae0dbdb1691250b245be0b6fecb46f30399571fc519b5c3c
rule,314159,7,block_01,Gear,3,canonical,0,1,0,010,2000,2000,2000,1.0,1.0,09b08194395debb2e4c30ea7fd1d27c8baf67e8d568a6f6cb1a842e038f346ed
rule,314159,42,block_01,Gear,3,canonical,0,1,0,010,2000,2000,2000,1.0,1.0,8a523faeac10844b457627c241d4ee4729a6bb6dd41ff79aaa640064767a8f13
rule,314159,123,block_01,Gear,3,canonical,0,1,0,010,2000,2000,2000,1.0,1.0,c81ec1fe7d3cf906172f8c9b79e4facaf3a711fb5cf31bf0f93b7f148c8f20b9
rule,314159,2026,block_01,Gear,3,canonical,0,1,0,010,2000,2000,2000,1.0,1.0,9f89d0fcf4c911b042d944313e1c99ff10ee1f483396e2cfd5227b6e4c3f7c8b
rule,314159,3407,block_01,Gear,3,canonical,0,1,0,010,2000,2000,2000,1.0,1.0,6c11d84632896e7e21097c35bc8949be0d6c8d1c57e6210d58494766ce9bba46
rule,271828,7,block_01,Gear,3,canonical,0,1,0,010,2000,2000,2000,1.0,1.0,babbe5055150e5e5d800452dc61dda1b3d211a60de7c37eadae846378658c255
rule,271828,42,block_01,Gear,3,canonical,0,1,0,010,2000,2000,2000,1.0,1.0,db3eb42f52a20b23f546ee24e20a211e1f434b1febd2dcdc33dee23aa860a806
rule,271828,123,block_01,Gear,3,canonical,0,1,0,010,2000,2000,2000,1.0,1.0,d8719c636c13ee805e95c787d18cdc4272d1f8d4d168166eb66e348abc6f2da7
rule,271828,2026,block_01,Gear,3,canonical,0,1,0,010,2000,2000,2000,1.0,1.0,c0156f2bf2d889f6af59d8cefedeb3b720e095546e5192bcda73900bc0c70af1
rule,271828,3407,block_01,Gear,3,canonical,0,1,0,010,2000,2000,2000,1.0,1.0,708b454de01da83e20da3b831489c68fce15a87d99e76e19fe6e0d8613876ccc
rule,161803,7,block_01,Gear,3,canonical,0,1,0,010,2000,2000,2000,1.0,1.0,d42b29e2f7bc00439efcb3141f0db55adf84ece88d5264bc066b756ef5def2c0
rule,161803,42,block_01,Gear,3,canonical,0,1,0,010,2000,2000,2000,1.0,1.0,1c1df00db55b563140e164259b4d26675eba3ab5c882fbbeb25d3ad65cc3f3bb
rule,161803,123,block_01,Gear,3,canonical,0,1,0,010,2000,2000,2000,1.0,1.0,baa06c1f9260379da7ba42fbea560af4e56fd486be655e7c4343f76b73e493b7
rule,161803,2026,block_01,Gear,3,canonical,0,1,0,010,2000,2000,2000,1.0,1.0,fbfc69d3a02d3c2318b2a14c83e0d6ab28b501ba94eb34db863b413dfe293374
rule,161803,3407,block_01,Gear,3,canonical,0,1,0,010,2000,2000,2000,1.0,1.0,00bc893a694e7e7ef1e576d93fdc8abb70d52de882880b4da13b3d74ba3110a9
rule,141421,7,block_01,Gear,3,canonical,0,1,0,010,2000,2000,2000,1.0,1.0,d07e9b83ad4dbbac6168146603dd1b2cba2ff523be063b036039f297548d284e
rule,141421,42,block_01,Gear,3,canonical,0,1,0,010,2000,2000,2000,1.0,1.0,c61407a2bc04d2ec05d79f0f6158e73bd558efe30521f2c56a0c191fbde59ba3
rule,141421,123,block_01,Gear,3,canonical,0,1,0,010,2000,2000,2000,1.0,1.0,8469470dbe93b813a1ff9f5ea9db24110c92450abae5f47552d3b243a3379a7a
rule,141421,2026,block_01,Gear,3,canonical,0,1,0,010,2000,2000,2000,1.0,1.0,a6ed20ef78457734c1398d2ea29846326b93a039808fa3b1d49c1ca02bc74a5d
rule,141421,3407,block_01,Gear,3,canonical,0,1,0,010,2000,2000,2000,1.0,1.0,7ced397f47396bc0049c98565747ae379ebf87783c5a7fbf1bba17d95eae7f6b
rule,173205,7,block_01,Gear,3,canonical,0,1,0,010,2000,2000,2000,1.0,1.0,7371d09cdd8e7188b8a3d1a4384594d197918351fe6d53d2c196969a5b8f4e1c
rule,173205,42,block_01,Gear,3,canonical,0,1,0,010,2000,2000,2000,1.0,1.0,f3b1373856aee675d70315264ef33dcac87e8a02cba7af7f166b2af5b2d59ff6
rule,173205,123,block_01,Gear,3,canonical,0,1,0,010,2000,2000,2000,1.0,1.0,f6819e9926d7f856c70ebf326ee7f2d8c140ea9b5af570c56ac3fe496a20ac06
rule,173205,2026,block_01,Gear,3,canonical,0,1,0,010,2000,2000,2000,1.0,1.0,af58ef89f7876138cb4cf1a1e371c69bd550d7feb4225849cf1f5e3675e87c1a
rule,173205,3407,block_01,Gear,3,canonical,0,1,0,010,2000,2000,2000,1.0,1.0,4996c12b6209eb45ae0dbdb1691250b245be0b6fecb46f30399571fc519b5c3c
rule,314159,7,block_01,Gear,3,canonical,0,1,1,011,2000,2000,2000,1.0,1.0,09b08194395debb2e4c30ea7fd1d27c8baf67e8d568a6f6cb1a842e038f346ed
rule,314159,42,block_01,Gear,3,canonical,0,1,1,011,2000,2000,2000,1.0,1.0,8a523faeac10844b457627c241d4ee4729a6bb6dd41ff79aaa640064767a8f13
rule,314159,123,block_01,Gear,3,canonical,0,1,1,011,2000,2000,2000,1.0,1.0,c81ec1fe7d3cf906172f8c9b79e4facaf3a711fb5cf31bf0f93b7f148c8f20b9
rule,314159,2026,block_01,Gear,3,canonical,0,1,1,011,2000,2000,2000,1.0,1.0,9f89d0fcf4c911b042d944313e1c99ff10ee1f483396e2cfd5227b6e4c3f7c8b
rule,314159,3407,block_01,Gear,3,canonical,0,1,1,011,2000,2000,2000,1.0,1.0,6c11d84632896e7e21097c35bc8949be0d6c8d1c57e6210d58494766ce9bba46
rule,271828,7,block_01,Gear,3,canonical,0,1,1,011,2000,2000,2000,1.0,1.0,babbe5055150e5e5d800452dc61dda1b3d211a60de7c37eadae846378658c255
rule,271828,42,block_01,Gear,3,canonical,0,1,1,011,2000,2000,2000,1.0,1.0,db3eb42f52a20b23f546ee24e20a211e1f434b1febd2dcdc33dee23aa860a806
rule,271828,123,block_01,Gear,3,canonical,0,1,1,011,2000,2000,2000,1.0,1.0,d8719c636c13ee805e95c787d18cdc4272d1f8d4d168166eb66e348abc6f2da7
rule,271828,2026,block_01,Gear,3,canonical,0,1,1,011,2000,2000,2000,1.0,1.0,c0156f2bf2d889f6af59d8cefedeb3b720e095546e5192bcda73900bc0c70af1
rule,271828,3407,block_01,Gear,3,canonical,0,1,1,011,2000,2000,2000,1.0,1.0,708b454de01da83e20da3b831489c68fce15a87d99e76e19fe6e0d8613876ccc
rule,161803,7,block_01,Gear,3,canonical,0,1,1,011,2000,2000,2000,1.0,1.0,d42b29e2f7bc00439efcb3141f0db55adf84ece88d5264bc066b756ef5def2c0
rule,161803,42,block_01,Gear,3,canonical,0,1,1,011,2000,2000,2000,1.0,1.0,1c1df00db55b563140e164259b4d26675eba3ab5c882fbbeb25d3ad65cc3f3bb
rule,161803,123,block_01,Gear,3,canonical,0,1,1,011,2000,2000,2000,1.0,1.0,baa06c1f9260379da7ba42fbea560af4e56fd486be655e7c4343f76b73e493b7
rule,161803,2026,block_01,Gear,3,canonical,0,1,1,011,2000,2000,2000,1.0,1.0,fbfc69d3a02d3c2318b2a14c83e0d6ab28b501ba94eb34db863b413dfe293374
rule,161803,3407,block_01,Gear,3,canonical,0,1,1,011,2000,2000,2000,1.0,1.0,00bc893a694e7e7ef1e576d93fdc8abb70d52de882880b4da13b3d74ba3110a9
rule,141421,7,block_01,Gear,3,canonical,0,1,1,011,2000,2000,2000,1.0,1.0,d07e9b83ad4dbbac6168146603dd1b2cba2ff523be063b036039f297548d284e
rule,141421,42,block_01,Gear,3,canonical,0,1,1,011,2000,2000,2000,1.0,1.0,c61407a2bc04d2ec05d79f0f6158e73bd558efe30521f2c56a0c191fbde59ba3
rule,141421,123,block_01,Gear,3,canonical,0,1,1,011,2000,2000,2000,1.0,1.0,8469470dbe93b813a1ff9f5ea9db24110c92450abae5f47552d3b243a3379a7a
rule,141421,2026,block_01,Gear,3,canonical,0,1,1,011,2000,2000,2000,1.0,1.0,a6ed20ef78457734c1398d2ea29846326b93a039808fa3b1d49c1ca02bc74a5d
rule,141421,3407,block_01,Gear,3,canonical,0,1,1,011,2000,2000,2000,1.0,1.0,7ced397f47396bc0049c98565747ae379ebf87783c5a7fbf1bba17d95eae7f6b
rule,173205,7,block_01,Gear,3,canonical,0,1,1,011,2000,2000,2000,1.0,1.0,7371d09cdd8e7188b8a3d1a4384594d197918351fe6d53d2c196969a5b8f4e1c
rule,173205,42,block_01,Gear,3,canonical,0,1,1,011,2000,2000,2000,1.0,1.0,f3b1373856aee675d70315264ef33dcac87e8a02cba7af7f166b2af5b2d59ff6
rule,173205,123,block_01,Gear,3,canonical,0,1,1,011,2000,2000,2000,1.0,1.0,f6819e9926d7f856c70ebf326ee7f2d8c140ea9b5af570c56ac3fe496a20ac06
rule,173205,2026,block_01,Gear,3,canonical,0,1,1,011,2000,2000,2000,1.0,1.0,af58ef89f7876138cb4cf1a1e371c69bd550d7feb4225849cf1f5e3675e87c1a
rule,173205,3407,block_01,Gear,3,canonical,0,1,1,011,2000,2000,2000,1.0,1.0,4996c12b6209eb45ae0dbdb1691250b245be0b6fecb46f30399571fc519b5c3c
rule,314159,7,block_01,Gear,3,canonical,1,0,0,100,2000,77,1982,0.0385,0.991,09b08194395debb2e4c30ea7fd1d27c8baf67e8d568a6f6cb1a842e038f346ed
rule,314159,42,block_01,Gear,3,canonical,1,0,0,100,2000,0,1970,0.0,0.985,8a523faeac10844b457627c241d4ee4729a6bb6dd41ff79aaa640064767a8f13
rule,314159,123,block_01,Gear,3,canonical,1,0,0,100,2000,45,2000,0.0225,1.0,c81ec1fe7d3cf906172f8c9b79e4facaf3a711fb5cf31bf0f93b7f148c8f20b9
rule,314159,2026,block_01,Gear,3,canonical,1,0,0,100,2000,42,2000,0.021,1.0,9f89d0fcf4c911b042d944313e1c99ff10ee1f483396e2cfd5227b6e4c3f7c8b
rule,314159,3407,block_01,Gear,3,canonical,1,0,0,100,2000,713,2000,0.3565,1.0,6c11d84632896e7e21097c35bc8949be0d6c8d1c57e6210d58494766ce9bba46
rule,271828,7,block_01,Gear,3,canonical,1,0,0,100,2000,447,2000,0.2235,1.0,babbe5055150e5e5d800452dc61dda1b3d211a60de7c37eadae846378658c255
rule,271828,42,block_01,Gear,3,canonical,1,0,0,100,2000,113,1874,0.0565,0.937,db3eb42f52a20b23f546ee24e20a211e1f434b1febd2dcdc33dee23aa860a806
rule,271828,123,block_01,Gear,3,canonical,1,0,0,100,2000,164,2000,0.082,1.0,d8719c636c13ee805e95c787d18cdc4272d1f8d4d168166eb66e348abc6f2da7
rule,271828,2026,block_01,Gear,3,canonical,1,0,0,100,2000,1,2000,0.0005,1.0,c0156f2bf2d889f6af59d8cefedeb3b720e095546e5192bcda73900bc0c70af1
rule,271828,3407,block_01,Gear,3,canonical,1,0,0,100,2000,807,1986,0.4035,0.993,708b454de01da83e20da3b831489c68fce15a87d99e76e19fe6e0d8613876ccc
rule,161803,7,block_01,Gear,3,canonical,1,0,0,100,2000,84,1985,0.042,0.9925,d42b29e2f7bc00439efcb3141f0db55adf84ece88d5264bc066b756ef5def2c0
rule,161803,42,block_01,Gear,3,canonical,1,0,0,100,2000,5,1999,0.0025,0.9995,1c1df00db55b563140e164259b4d26675eba3ab5c882fbbeb25d3ad65cc3f3bb
rule,161803,123,block_01,Gear,3,canonical,1,0,0,100,2000,76,2000,0.038,1.0,baa06c1f9260379da7ba42fbea560af4e56fd486be655e7c4343f76b73e493b7
rule,161803,2026,block_01,Gear,3,canonical,1,0,0,100,2000,4,2000,0.002,1.0,fbfc69d3a02d3c2318b2a14c83e0d6ab28b501ba94eb34db863b413dfe293374
rule,161803,3407,block_01,Gear,3,canonical,1,0,0,100,2000,66,2000,0.033,1.0,00bc893a694e7e7ef1e576d93fdc8abb70d52de882880b4da13b3d74ba3110a9
rule,141421,7,block_01,Gear,3,canonical,1,0,0,100,2000,51,1986,0.0255,0.993,d07e9b83ad4dbbac6168146603dd1b2cba2ff523be063b036039f297548d284e
rule,141421,42,block_01,Gear,3,canonical,1,0,0,100,2000,5,1700,0.0025,0.85,c61407a2bc04d2ec05d79f0f6158e73bd558efe30521f2c56a0c191fbde59ba3
rule,141421,123,block_01,Gear,3,canonical,1,0,0,100,2000,50,2000,0.025,1.0,8469470dbe93b813a1ff9f5ea9db24110c92450abae5f47552d3b243a3379a7a
rule,141421,2026,block_01,Gear,3,canonical,1,0,0,100,2000,1,1996,0.0005,0.998,a6ed20ef78457734c1398d2ea29846326b93a039808fa3b1d49c1ca02bc74a5d
rule,141421,3407,block_01,Gear,3,canonical,1,0,0,100,2000,105,1999,0.0525,0.9995,7ced397f47396bc0049c98565747ae379ebf87783c5a7fbf1bba17d95eae7f6b
rule,173205,7,block_01,Gear,3,canonical,1,0,0,100,2000,6,2000,0.003,1.0,7371d09cdd8e7188b8a3d1a4384594d197918351fe6d53d2c196969a5b8f4e1c
rule,173205,42,block_01,Gear,3,canonical,1,0,0,100,2000,5,1998,0.0025,0.999,f3b1373856aee675d70315264ef33dcac87e8a02cba7af7f166b2af5b2d59ff6
rule,173205,123,block_01,Gear,3,canonical,1,0,0,100,2000,116,2000,0.058,1.0,f6819e9926d7f856c70ebf326ee7f2d8c140ea9b5af570c56ac3fe496a20ac06
rule,173205,2026,block_01,Gear,3,canonical,1,0,0,100,2000,19,1998,0.0095,0.999,af58ef89f7876138cb4cf1a1e371c69bd550d7feb4225849cf1f5e3675e87c1a
rule,173205,3407,block_01,Gear,3,canonical,1,0,0,100,2000,156,2000,0.078,1.0,4996c12b6209eb45ae0dbdb1691250b245be0b6fecb46f30399571fc519b5c3c
rule,314159,7,block_01,Gear,3,canonical,1,0,1,101,2000,7,1998,0.0035,0.999,09b08194395debb2e4c30ea7fd1d27c8baf67e8d568a6f6cb1a842e038f346ed
rule,314159,42,block_01,Gear,3,canonical,1,0,1,101,2000,0,1996,0.0,0.998,8a523faeac10844b457627c241d4ee4729a6bb6dd41ff79aaa640064767a8f13
rule,314159,123,block_01,Gear,3,canonical,1,0,1,101,2000,24,2000,0.012,1.0,c81ec1fe7d3cf906172f8c9b79e4facaf3a711fb5cf31bf0f93b7f148c8f20b9
rule,314159,2026,block_01,Gear,3,canonical,1,0,1,101,2000,2,2000,0.001,1.0,9f89d0fcf4c911b042d944313e1c99ff10ee1f483396e2cfd5227b6e4c3f7c8b
rule,314159,3407,block_01,Gear,3,canonical,1,0,1,101,2000,383,2000,0.1915,1.0,6c11d84632896e7e21097c35bc8949be0d6c8d1c57e6210d58494766ce9bba46
rule,271828,7,block_01,Gear,3,canonical,1,0,1,101,2000,185,2000,0.0925,1.0,babbe5055150e5e5d800452dc61dda1b3d211a60de7c37eadae846378658c255
rule,271828,42,block_01,Gear,3,canonical,1,0,1,101,2000,37,1882,0.0185,0.941,db3eb42f52a20b23f546ee24e20a211e1f434b1febd2dcdc33dee23aa860a806
rule,271828,123,block_01,Gear,3,canonical,1,0,1,101,2000,24,2000,0.012,1.0,d8719c636c13ee805e95c787d18cdc4272d1f8d4d168166eb66e348abc6f2da7
rule,271828,2026,block_01,Gear,3,canonical,1,0,1,101,2000,0,2000,0.0,1.0,c0156f2bf2d889f6af59d8cefedeb3b720e095546e5192bcda73900bc0c70af1
rule,271828,3407,block_01,Gear,3,canonical,1,0,1,101,2000,307,1997,0.1535,0.9985,708b454de01da83e20da3b831489c68fce15a87d99e76e19fe6e0d8613876ccc
rule,161803,7,block_01,Gear,3,canonical,1,0,1,101,2000,7,1998,0.0035,0.999,d42b29e2f7bc00439efcb3141f0db55adf84ece88d5264bc066b756ef5def2c0
rule,161803,42,block_01,Gear,3,canonical,1,0,1,101,2000,0,2000,0.0,1.0,1c1df00db55b563140e164259b4d26675eba3ab5c882fbbeb25d3ad65cc3f3bb
rule,161803,123,block_01,Gear,3,canonical,1,0,1,101,2000,27,2000,0.0135,1.0,baa06c1f9260379da7ba42fbea560af4e56fd486be655e7c4343f76b73e493b7
rule,161803,2026,block_01,Gear,3,canonical,1,0,1,101,2000,0,2000,0.0,1.0,fbfc69d3a02d3c2318b2a14c83e0d6ab28b501ba94eb34db863b413dfe293374
rule,161803,3407,block_01,Gear,3,canonical,1,0,1,101,2000,16,2000,0.008,1.0,00bc893a694e7e7ef1e576d93fdc8abb70d52de882880b4da13b3d74ba3110a9
rule,141421,7,block_01,Gear,3,canonical,1,0,1,101,2000,5,1999,0.0025,0.9995,d07e9b83ad4dbbac6168146603dd1b2cba2ff523be063b036039f297548d284e
rule,141421,42,block_01,Gear,3,canonical,1,0,1,101,2000,1,1884,0.0005,0.942,c61407a2bc04d2ec05d79f0f6158e73bd558efe30521f2c56a0c191fbde59ba3
rule,141421,123,block_01,Gear,3,canonical,1,0,1,101,2000,5,2000,0.0025,1.0,8469470dbe93b813a1ff9f5ea9db24110c92450abae5f47552d3b243a3379a7a
rule,141421,2026,block_01,Gear,3,canonical,1,0,1,101,2000,0,2000,0.0,1.0,a6ed20ef78457734c1398d2ea29846326b93a039808fa3b1d49c1ca02bc74a5d
rule,141421,3407,block_01,Gear,3,canonical,1,0,1,101,2000,18,2000,0.009,1.0,7ced397f47396bc0049c98565747ae379ebf87783c5a7fbf1bba17d95eae7f6b
rule,173205,7,block_01,Gear,3,canonical,1,0,1,101,2000,1,2000,0.0005,1.0,7371d09cdd8e7188b8a3d1a4384594d197918351fe6d53d2c196969a5b8f4e1c
rule,173205,42,block_01,Gear,3,canonical,1,0,1,101,2000,0,2000,0.0,1.0,f3b1373856aee675d70315264ef33dcac87e8a02cba7af7f166b2af5b2d59ff6
rule,173205,123,block_01,Gear,3,canonical,1,0,1,101,2000,27,2000,0.0135,1.0,f6819e9926d7f856c70ebf326ee7f2d8c140ea9b5af570c56ac3fe496a20ac06
rule,173205,2026,block_01,Gear,3,canonical,1,0,1,101,2000,1,2000,0.0005,1.0,af58ef89f7876138cb4cf1a1e371c69bd550d7feb4225849cf1f5e3675e87c1a
rule,173205,3407,block_01,Gear,3,canonical,1,0,1,101,2000,34,2000,0.017,1.0,4996c12b6209eb45ae0dbdb1691250b245be0b6fecb46f30399571fc519b5c3c
rule,314159,7,block_01,Gear,3,canonical,1,1,0,110,2000,674,1987,0.337,0.9935,09b08194395debb2e4c30ea7fd1d27c8baf67e8d568a6f6cb1a842e038f346ed
rule,314159,42,block_01,Gear,3,canonical,1,1,0,110,2000,3,1942,0.0015,0.971,8a523faeac10844b457627c241d4ee4729a6bb6dd41ff79aaa640064767a8f13
rule,314159,123,block_01,Gear,3,canonical,1,1,0,110,2000,719,2000,0.3595,1.0,c81ec1fe7d3cf906172f8c9b79e4facaf3a711fb5cf31bf0f93b7f148c8f20b9
rule,314159,2026,block_01,Gear,3,canonical,1,1,0,110,2000,41,2000,0.0205,1.0,9f89d0fcf4c911b042d944313e1c99ff10ee1f483396e2cfd5227b6e4c3f7c8b
rule,314159,3407,block_01,Gear,3,canonical,1,1,0,110,2000,1694,1995,0.847,0.9975,6c11d84632896e7e21097c35bc8949be0d6c8d1c57e6210d58494766ce9bba46
rule,271828,7,block_01,Gear,3,canonical,1,1,0,110,2000,1100,2000,0.55,1.0,babbe5055150e5e5d800452dc61dda1b3d211a60de7c37eadae846378658c255
rule,271828,42,block_01,Gear,3,canonical,1,1,0,110,2000,34,1975,0.017,0.9875,db3eb42f52a20b23f546ee24e20a211e1f434b1febd2dcdc33dee23aa860a806
rule,271828,123,block_01,Gear,3,canonical,1,1,0,110,2000,632,2000,0.316,1.0,d8719c636c13ee805e95c787d18cdc4272d1f8d4d168166eb66e348abc6f2da7
rule,271828,2026,block_01,Gear,3,canonical,1,1,0,110,2000,174,2000,0.087,1.0,c0156f2bf2d889f6af59d8cefedeb3b720e095546e5192bcda73900bc0c70af1
rule,271828,3407,block_01,Gear,3,canonical,1,1,0,110,2000,1824,1976,0.912,0.988,708b454de01da83e20da3b831489c68fce15a87d99e76e19fe6e0d8613876ccc
rule,161803,7,block_01,Gear,3,canonical,1,1,0,110,2000,536,1991,0.268,0.9955,d42b29e2f7bc00439efcb3141f0db55adf84ece88d5264bc066b756ef5def2c0
rule,161803,42,block_01,Gear,3,canonical,1,1,0,110,2000,8,1989,0.004,0.9945,1c1df00db55b563140e164259b4d26675eba3ab5c882fbbeb25d3ad65cc3f3bb
rule,161803,123,block_01,Gear,3,canonical,1,1,0,110,2000,556,2000,0.278,1.0,baa06c1f9260379da7ba42fbea560af4e56fd486be655e7c4343f76b73e493b7
rule,161803,2026,block_01,Gear,3,canonical,1,1,0,110,2000,13,1997,0.0065,0.9985,fbfc69d3a02d3c2318b2a14c83e0d6ab28b501ba94eb34db863b413dfe293374
rule,161803,3407,block_01,Gear,3,canonical,1,1,0,110,2000,1251,1999,0.6255,0.9995,00bc893a694e7e7ef1e576d93fdc8abb70d52de882880b4da13b3d74ba3110a9
rule,141421,7,block_01,Gear,3,canonical,1,1,0,110,2000,778,1978,0.389,0.989,d07e9b83ad4dbbac6168146603dd1b2cba2ff523be063b036039f297548d284e
rule,141421,42,block_01,Gear,3,canonical,1,1,0,110,2000,20,1922,0.01,0.961,c61407a2bc04d2ec05d79f0f6158e73bd558efe30521f2c56a0c191fbde59ba3
rule,141421,123,block_01,Gear,3,canonical,1,1,0,110,2000,244,2000,0.122,1.0,8469470dbe93b813a1ff9f5ea9db24110c92450abae5f47552d3b243a3379a7a
rule,141421,2026,block_01,Gear,3,canonical,1,1,0,110,2000,15,1967,0.0075,0.9835,a6ed20ef78457734c1398d2ea29846326b93a039808fa3b1d49c1ca02bc74a5d
rule,141421,3407,block_01,Gear,3,canonical,1,1,0,110,2000,1441,1997,0.7205,0.9985,7ced397f47396bc0049c98565747ae379ebf87783c5a7fbf1bba17d95eae7f6b
rule,173205,7,block_01,Gear,3,canonical,1,1,0,110,2000,369,2000,0.1845,1.0,7371d09cdd8e7188b8a3d1a4384594d197918351fe6d53d2c196969a5b8f4e1c
rule,173205,42,block_01,Gear,3,canonical,1,1,0,110,2000,35,1986,0.0175,0.993,f3b1373856aee675d70315264ef33dcac87e8a02cba7af7f166b2af5b2d59ff6
rule,173205,123,block_01,Gear,3,canonical,1,1,0,110,2000,1329,2000,0.6645,1.0,f6819e9926d7f856c70ebf326ee7f2d8c140ea9b5af570c56ac3fe496a20ac06
rule,173205,2026,block_01,Gear,3,canonical,1,1,0,110,2000,52,1986,0.026,0.993,af58ef89f7876138cb4cf1a1e371c69bd550d7feb4225849cf1f5e3675e87c1a
rule,173205,3407,block_01,Gear,3,canonical,1,1,0,110,2000,1360,1998,0.68,0.999,4996c12b6209eb45ae0dbdb1691250b245be0b6fecb46f30399571fc519b5c3c
rule,314159,7,block_01,Gear,3,canonical,1,1,1,111,2000,469,1986,0.2345,0.993,09b08194395debb2e4c30ea7fd1d27c8baf67e8d568a6f6cb1a842e038f346ed
rule,314159,42,block_01,Gear,3,canonical,1,1,1,111,2000,0,1972,0.0,0.986,8a523faeac10844b457627c241d4ee4729a6bb6dd41ff79aaa640064767a8f13
rule,314159,123,block_01,Gear,3,canonical,1,1,1,111,2000,247,2000,0.1235,1.0,c81ec1fe7d3cf906172f8c9b79e4facaf3a711fb5cf31bf0f93b7f148c8f20b9
rule,314159,2026,block_01,Gear,3,canonical,1,1,1,111,2000,5,2000,0.0025,1.0,9f89d0fcf4c911b042d944313e1c99ff10ee1f483396e2cfd5227b6e4c3f7c8b
rule,314159,3407,block_01,Gear,3,canonical,1,1,1,111,2000,1366,1998,0.683,0.999,6c11d84632896e7e21097c35bc8949be0d6c8d1c57e6210d58494766ce9bba46
rule,271828,7,block_01,Gear,3,canonical,1,1,1,111,2000,920,1999,0.46,0.9995,babbe5055150e5e5d800452dc61dda1b3d211a60de7c37eadae846378658c255
rule,271828,42,block_01,Gear,3,canonical,1,1,1,111,2000,11,1972,0.0055,0.986,db3eb42f52a20b23f546ee24e20a211e1f434b1febd2dcdc33dee23aa860a806
rule,271828,123,block_01,Gear,3,canonical,1,1,1,111,2000,121,2000,0.0605,1.0,d8719c636c13ee805e95c787d18cdc4272d1f8d4d168166eb66e348abc6f2da7
rule,271828,2026,block_01,Gear,3,canonical,1,1,1,111,2000,74,2000,0.037,1.0,c0156f2bf2d889f6af59d8cefedeb3b720e095546e5192bcda73900bc0c70af1
rule,271828,3407,block_01,Gear,3,canonical,1,1,1,111,2000,1669,1982,0.8345,0.991,708b454de01da83e20da3b831489c68fce15a87d99e76e19fe6e0d8613876ccc
rule,161803,7,block_01,Gear,3,canonical,1,1,1,111,2000,352,1989,0.176,0.9945,d42b29e2f7bc00439efcb3141f0db55adf84ece88d5264bc066b756ef5def2c0
rule,161803,42,block_01,Gear,3,canonical,1,1,1,111,2000,4,1995,0.002,0.9975,1c1df00db55b563140e164259b4d26675eba3ab5c882fbbeb25d3ad65cc3f3bb
rule,161803,123,block_01,Gear,3,canonical,1,1,1,111,2000,148,2000,0.074,1.0,baa06c1f9260379da7ba42fbea560af4e56fd486be655e7c4343f76b73e493b7
rule,161803,2026,block_01,Gear,3,canonical,1,1,1,111,2000,2,1999,0.001,0.9995,fbfc69d3a02d3c2318b2a14c83e0d6ab28b501ba94eb34db863b413dfe293374
rule,161803,3407,block_01,Gear,3,canonical,1,1,1,111,2000,777,2000,0.3885,1.0,00bc893a694e7e7ef1e576d93fdc8abb70d52de882880b4da13b3d74ba3110a9
rule,141421,7,block_01,Gear,3,canonical,1,1,1,111,2000,585,1976,0.2925,0.988,d07e9b83ad4dbbac6168146603dd1b2cba2ff523be063b036039f297548d284e
rule,141421,42,block_01,Gear,3,canonical,1,1,1,111,2000,2,1965,0.001,0.9825,c61407a2bc04d2ec05d79f0f6158e73bd558efe30521f2c56a0c191fbde59ba3
rule,141421,123,block_01,Gear,3,canonical,1,1,1,111,2000,17,2000,0.0085,1.0,8469470dbe93b813a1ff9f5ea9db24110c92450abae5f47552d3b243a3379a7a
rule,141421,2026,block_01,Gear,3,canonical,1,1,1,111,2000,5,1981,0.0025,0.9905,a6ed20ef78457734c1398d2ea29846326b93a039808fa3b1d49c1ca02bc74a5d
rule,141421,3407,block_01,Gear,3,canonical,1,1,1,111,2000,1088,1999,0.544,0.9995,7ced397f47396bc0049c98565747ae379ebf87783c5a7fbf1bba17d95eae7f6b
rule,173205,7,block_01,Gear,3,canonical,1,1,1,111,2000,255,2000,0.1275,1.0,7371d09cdd8e7188b8a3d1a4384594d197918351fe6d53d2c196969a5b8f4e1c
rule,173205,42,block_01,Gear,3,canonical,1,1,1,111,2000,10,1991,0.005,0.9955,f3b1373856aee675d70315264ef33dcac87e8a02cba7af7f166b2af5b2d59ff6
rule,173205,123,block_01,Gear,3,canonical,1,1,1,111,2000,798,2000,0.399,1.0,f6819e9926d7f856c70ebf326ee7f2d8c140ea9b5af570c56ac3fe496a20ac06
rule,173205,2026,block_01,Gear,3,canonical,1,1,1,111,2000,4,1993,0.002,0.9965,af58ef89f7876138cb4cf1a1e371c69bd550d7feb4225849cf1f5e3675e87c1a
rule,173205,3407,block_01,Gear,3,canonical,1,1,1,111,2000,863,2000,0.4315,1.0,4996c12b6209eb45ae0dbdb1691250b245be0b6fecb46f30399571fc519b5c3c
rule,314159,7,block_01,Gear,3,shifted,0,0,0,000,2000,2000,2000,1.0,1.0,09b08194395debb2e4c30ea7fd1d27c8baf67e8d568a6f6cb1a842e038f346ed
rule,314159,42,block_01,Gear,3,shifted,0,0,0,000,2000,2000,2000,1.0,1.0,8a523faeac10844b457627c241d4ee4729a6bb6dd41ff79aaa640064767a8f13
rule,314159,123,block_01,Gear,3,shifted,0,0,0,000,2000,2000,2000,1.0,1.0,c81ec1fe7d3cf906172f8c9b79e4facaf3a711fb5cf31bf0f93b7f148c8f20b9
rule,314159,2026,block_01,Gear,3,shifted,0,0,0,000,2000,2000,2000,1.0,1.0,9f89d0fcf4c911b042d944313e1c99ff10ee1f483396e2cfd5227b6e4c3f7c8b
rule,314159,3407,block_01,Gear,3,shifted,0,0,0,000,2000,2000,2000,1.0,1.0,6c11d84632896e7e21097c35bc8949be0d6c8d1c57e6210d58494766ce9bba46
rule,271828,7,block_01,Gear,3,shifted,0,0,0,000,2000,2000,2000,1.0,1.0,babbe5055150e5e5d800452dc61dda1b3d211a60de7c37eadae846378658c255
rule,271828,42,block_01,Gear,3,shifted,0,0,0,000,2000,2000,2000,1.0,1.0,db3eb42f52a20b23f546ee24e20a211e1f434b1febd2dcdc33dee23aa860a806
rule,271828,123,block_01,Gear,3,shifted,0,0,0,000,2000,2000,2000,1.0,1.0,d8719c636c13ee805e95c787d18cdc4272d1f8d4d168166eb66e348abc6f2da7
rule,271828,2026,block_01,Gear,3,shifted,0,0,0,000,2000,2000,2000,1.0,1.0,c0156f2bf2d889f6af59d8cefedeb3b720e095546e5192bcda73900bc0c70af1
rule,271828,3407,block_01,Gear,3,shifted,0,0,0,000,2000,2000,2000,1.0,1.0,708b454de01da83e20da3b831489c68fce15a87d99e76e19fe6e0d8613876ccc
rule,161803,7,block_01,Gear,3,shifted,0,0,0,000,2000,2000,2000,1.0,1.0,d42b29e2f7bc00439efcb3141f0db55adf84ece88d5264bc066b756ef5def2c0
rule,161803,42,block_01,Gear,3,shifted,0,0,0,000,2000,2000,2000,1.0,1.0,1c1df00db55b563140e164259b4d26675eba3ab5c882fbbeb25d3ad65cc3f3bb
rule,161803,123,block_01,Gear,3,shifted,0,0,0,000,2000,2000,2000,1.0,1.0,baa06c1f9260379da7ba42fbea560af4e56fd486be655e7c4343f76b73e493b7
rule,161803,2026,block_01,Gear,3,shifted,0,0,0,000,2000,2000,2000,1.0,1.0,fbfc69d3a02d3c2318b2a14c83e0d6ab28b501ba94eb34db863b413dfe293374
rule,161803,3407,block_01,Gear,3,shifted,0,0,0,000,2000,2000,2000,1.0,1.0,00bc893a694e7e7ef1e576d93fdc8abb70d52de882880b4da13b3d74ba3110a9
rule,141421,7,block_01,Gear,3,shifted,0,0,0,000,2000,2000,2000,1.0,1.0,d07e9b83ad4dbbac6168146603dd1b2cba2ff523be063b036039f297548d284e
rule,141421,42,block_01,Gear,3,shifted,0,0,0,000,2000,2000,2000,1.0,1.0,c61407a2bc04d2ec05d79f0f6158e73bd558efe30521f2c56a0c191fbde59ba3
rule,141421,123,block_01,Gear,3,shifted,0,0,0,000,2000,2000,2000,1.0,1.0,8469470dbe93b813a1ff9f5ea9db24110c92450abae5f47552d3b243a3379a7a
rule,141421,2026,block_01,Gear,3,shifted,0,0,0,000,2000,2000,2000,1.0,1.0,a6ed20ef78457734c1398d2ea29846326b93a039808fa3b1d49c1ca02bc74a5d
rule,141421,3407,block_01,Gear,3,shifted,0,0,0,000,2000,2000,2000,1.0,1.0,7ced397f47396bc0049c98565747ae379ebf87783c5a7fbf1bba17d95eae7f6b
rule,173205,7,block_01,Gear,3,shifted,0,0,0,000,2000,2000,2000,1.0,1.0,7371d09cdd8e7188b8a3d1a4384594d197918351fe6d53d2c196969a5b8f4e1c
rule,173205,42,block_01,Gear,3,shifted,0,0,0,000,2000,2000,2000,1.0,1.0,f3b1373856aee675d70315264ef33dcac87e8a02cba7af7f166b2af5b2d59ff6
rule,173205,123,block_01,Gear,3,shifted,0,0,0,000,2000,2000,2000,1.0,1.0,f6819e9926d7f856c70ebf326ee7f2d8c140ea9b5af570c56ac3fe496a20ac06
rule,173205,2026,block_01,Gear,3,shifted,0,0,0,000,2000,2000,2000,1.0,1.0,af58ef89f7876138cb4cf1a1e371c69bd550d7feb4225849cf1f5e3675e87c1a
rule,173205,3407,block_01,Gear,3,shifted,0,0,0,000,2000,2000,2000,1.0,1.0,4996c12b6209eb45ae0dbdb1691250b245be0b6fecb46f30399571fc519b5c3c
rule,314159,7,block_01,Gear,3,shifted,0,0,1,001,2000,2000,2000,1.0,1.0,09b08194395debb2e4c30ea7fd1d27c8baf67e8d568a6f6cb1a842e038f346ed
rule,314159,42,block_01,Gear,3,shifted,0,0,1,001,2000,2000,2000,1.0,1.0,8a523faeac10844b457627c241d4ee4729a6bb6dd41ff79aaa640064767a8f13
rule,314159,123,block_01,Gear,3,shifted,0,0,1,001,2000,2000,2000,1.0,1.0,c81ec1fe7d3cf906172f8c9b79e4facaf3a711fb5cf31bf0f93b7f148c8f20b9
rule,314159,2026,block_01,Gear,3,shifted,0,0,1,001,2000,2000,2000,1.0,1.0,9f89d0fcf4c911b042d944313e1c99ff10ee1f483396e2cfd5227b6e4c3f7c8b
rule,314159,3407,block_01,Gear,3,shifted,0,0,1,001,2000,2000,2000,1.0,1.0,6c11d84632896e7e21097c35bc8949be0d6c8d1c57e6210d58494766ce9bba46
rule,271828,7,block_01,Gear,3,shifted,0,0,1,001,2000,2000,2000,1.0,1.0,babbe5055150e5e5d800452dc61dda1b3d211a60de7c37eadae846378658c255
rule,271828,42,block_01,Gear,3,shifted,0,0,1,001,2000,2000,2000,1.0,1.0,db3eb42f52a20b23f546ee24e20a211e1f434b1febd2dcdc33dee23aa860a806
rule,271828,123,block_01,Gear,3,shifted,0,0,1,001,2000,2000,2000,1.0,1.0,d8719c636c13ee805e95c787d18cdc4272d1f8d4d168166eb66e348abc6f2da7
rule,271828,2026,block_01,Gear,3,shifted,0,0,1,001,2000,2000,2000,1.0,1.0,c0156f2bf2d889f6af59d8cefedeb3b720e095546e5192bcda73900bc0c70af1
rule,271828,3407,block_01,Gear,3,shifted,0,0,1,001,2000,2000,2000,1.0,1.0,708b454de01da83e20da3b831489c68fce15a87d99e76e19fe6e0d8613876ccc
rule,161803,7,block_01,Gear,3,shifted,0,0,1,001,2000,2000,2000,1.0,1.0,d42b29e2f7bc00439efcb3141f0db55adf84ece88d5264bc066b756ef5def2c0
rule,161803,42,block_01,Gear,3,shifted,0,0,1,001,2000,2000,2000,1.0,1.0,1c1df00db55b563140e164259b4d26675eba3ab5c882fbbeb25d3ad65cc3f3bb
rule,161803,123,block_01,Gear,3,shifted,0,0,1,001,2000,2000,2000,1.0,1.0,baa06c1f9260379da7ba42fbea560af4e56fd486be655e7c4343f76b73e493b7
rule,161803,2026,block_01,Gear,3,shifted,0,0,1,001,2000,2000,2000,1.0,1.0,fbfc69d3a02d3c2318b2a14c83e0d6ab28b501ba94eb34db863b413dfe293374
rule,161803,3407,block_01,Gear,3,shifted,0,0,1,001,2000,2000,2000,1.0,1.0,00bc893a694e7e7ef1e576d93fdc8abb70d52de882880b4da13b3d74ba3110a9
rule,141421,7,block_01,Gear,3,shifted,0,0,1,001,2000,2000,2000,1.0,1.0,d07e9b83ad4dbbac6168146603dd1b2cba2ff523be063b036039f297548d284e
rule,141421,42,block_01,Gear,3,shifted,0,0,1,001,2000,2000,2000,1.0,1.0,c61407a2bc04d2ec05d79f0f6158e73bd558efe30521f2c56a0c191fbde59ba3
rule,141421,123,block_01,Gear,3,shifted,0,0,1,001,2000,2000,2000,1.0,1.0,8469470dbe93b813a1ff9f5ea9db24110c92450abae5f47552d3b243a3379a7a
rule,141421,2026,block_01,Gear,3,shifted,0,0,1,001,2000,2000,2000,1.0,1.0,a6ed20ef78457734c1398d2ea29846326b93a039808fa3b1d49c1ca02bc74a5d
rule,141421,3407,block_01,Gear,3,shifted,0,0,1,001,2000,2000,2000,1.0,1.0,7ced397f47396bc0049c98565747ae379ebf87783c5a7fbf1bba17d95eae7f6b
rule,173205,7,block_01,Gear,3,shifted,0,0,1,001,2000,2000,2000,1.0,1.0,7371d09cdd8e7188b8a3d1a4384594d197918351fe6d53d2c196969a5b8f4e1c
rule,173205,42,block_01,Gear,3,shifted,0,0,1,001,2000,2000,2000,1.0,1.0,f3b1373856aee675d70315264ef33dcac87e8a02cba7af7f166b2af5b2d59ff6
rule,173205,123,block_01,Gear,3,shifted,0,0,1,001,2000,2000,2000,1.0,1.0,f6819e9926d7f856c70ebf326ee7f2d8c140ea9b5af570c56ac3fe496a20ac06
rule,173205,2026,block_01,Gear,3,shifted,0,0,1,001,2000,2000,2000,1.0,1.0,af58ef89f7876138cb4cf1a1e371c69bd550d7feb4225849cf1f5e3675e87c1a
rule,173205,3407,block_01,Gear,3,shifted,0,0,1,001,2000,2000,2000,1.0,1.0,4996c12b6209eb45ae0dbdb1691250b245be0b6fecb46f30399571fc519b5c3c
rule,314159,7,block_01,Gear,3,shifted,0,1,0,010,2000,2000,2000,1.0,1.0,09b08194395debb2e4c30ea7fd1d27c8baf67e8d568a6f6cb1a842e038f346ed
rule,314159,42,block_01,Gear,3,shifted,0,1,0,010,2000,2000,2000,1.0,1.0,8a523faeac10844b457627c241d4ee4729a6bb6dd41ff79aaa640064767a8f13
rule,314159,123,block_01,Gear,3,shifted,0,1,0,010,2000,2000,2000,1.0,1.0,c81ec1fe7d3cf906172f8c9b79e4facaf3a711fb5cf31bf0f93b7f148c8f20b9
rule,314159,2026,block_01,Gear,3,shifted,0,1,0,010,2000,2000,2000,1.0,1.0,9f89d0fcf4c911b042d944313e1c99ff10ee1f483396e2cfd5227b6e4c3f7c8b
rule,314159,3407,block_01,Gear,3,shifted,0,1,0,010,2000,2000,2000,1.0,1.0,6c11d84632896e7e21097c35bc8949be0d6c8d1c57e6210d58494766ce9bba46
rule,271828,7,block_01,Gear,3,shifted,0,1,0,010,2000,2000,2000,1.0,1.0,babbe5055150e5e5d800452dc61dda1b3d211a60de7c37eadae846378658c255
rule,271828,42,block_01,Gear,3,shifted,0,1,0,010,2000,2000,2000,1.0,1.0,db3eb42f52a20b23f546ee24e20a211e1f434b1febd2dcdc33dee23aa860a806
rule,271828,123,block_01,Gear,3,shifted,0,1,0,010,2000,2000,2000,1.0,1.0,d8719c636c13ee805e95c787d18cdc4272d1f8d4d168166eb66e348abc6f2da7
rule,271828,2026,block_01,Gear,3,shifted,0,1,0,010,2000,2000,2000,1.0,1.0,c0156f2bf2d889f6af59d8cefedeb3b720e095546e5192bcda73900bc0c70af1
rule,271828,3407,block_01,Gear,3,shifted,0,1,0,010,2000,2000,2000,1.0,1.0,708b454de01da83e20da3b831489c68fce15a87d99e76e19fe6e0d8613876ccc
rule,161803,7,block_01,Gear,3,shifted,0,1,0,010,2000,2000,2000,1.0,1.0,d42b29e2f7bc00439efcb3141f0db55adf84ece88d5264bc066b756ef5def2c0
rule,161803,42,block_01,Gear,3,shifted,0,1,0,010,2000,2000,2000,1.0,1.0,1c1df00db55b563140e164259b4d26675eba3ab5c882fbbeb25d3ad65cc3f3bb
rule,161803,123,block_01,Gear,3,shifted,0,1,0,010,2000,2000,2000,1.0,1.0,baa06c1f9260379da7ba42fbea560af4e56fd486be655e7c4343f76b73e493b7
rule,161803,2026,block_01,Gear,3,shifted,0,1,0,010,2000,2000,2000,1.0,1.0,fbfc69d3a02d3c2318b2a14c83e0d6ab28b501ba94eb34db863b413dfe293374
rule,161803,3407,block_01,Gear,3,shifted,0,1,0,010,2000,2000,2000,1.0,1.0,00bc893a694e7e7ef1e576d93fdc8abb70d52de882880b4da13b3d74ba3110a9
rule,141421,7,block_01,Gear,3,shifted,0,1,0,010,2000,2000,2000,1.0,1.0,d07e9b83ad4dbbac6168146603dd1b2cba2ff523be063b036039f297548d284e
rule,141421,42,block_01,Gear,3,shifted,0,1,0,010,2000,2000,2000,1.0,1.0,c61407a2bc04d2ec05d79f0f6158e73bd558efe30521f2c56a0c191fbde59ba3
rule,141421,123,block_01,Gear,3,shifted,0,1,0,010,2000,2000,2000,1.0,1.0,8469470dbe93b813a1ff9f5ea9db24110c92450abae5f47552d3b243a3379a7a
rule,141421,2026,block_01,Gear,3,shifted,0,1,0,010,2000,2000,2000,1.0,1.0,a6ed20ef78457734c1398d2ea29846326b93a039808fa3b1d49c1ca02bc74a5d
rule,141421,3407,block_01,Gear,3,shifted,0,1,0,010,2000,2000,2000,1.0,1.0,7ced397f47396bc0049c98565747ae379ebf87783c5a7fbf1bba17d95eae7f6b
rule,173205,7,block_01,Gear,3,shifted,0,1,0,010,2000,2000,2000,1.0,1.0,7371d09cdd8e7188b8a3d1a4384594d197918351fe6d53d2c196969a5b8f4e1c
rule,173205,42,block_01,Gear,3,shifted,0,1,0,010,2000,2000,2000,1.0,1.0,f3b1373856aee675d70315264ef33dcac87e8a02cba7af7f166b2af5b2d59ff6
rule,173205,123,block_01,Gear,3,shifted,0,1,0,010,2000,2000,2000,1.0,1.0,f6819e9926d7f856c70ebf326ee7f2d8c140ea9b5af570c56ac3fe496a20ac06
rule,173205,2026,block_01,Gear,3,shifted,0,1,0,010,2000,2000,2000,1.0,1.0,af58ef89f7876138cb4cf1a1e371c69bd550d7feb4225849cf1f5e3675e87c1a
rule,173205,3407,block_01,Gear,3,shifted,0,1,0,010,2000,2000,2000,1.0,1.0,4996c12b6209eb45ae0dbdb1691250b245be0b6fecb46f30399571fc519b5c3c
rule,314159,7,block_01,Gear,3,shifted,0,1,1,011,2000,2000,2000,1.0,1.0,09b08194395debb2e4c30ea7fd1d27c8baf67e8d568a6f6cb1a842e038f346ed
rule,314159,42,block_01,Gear,3,shifted,0,1,1,011,2000,2000,2000,1.0,1.0,8a523faeac10844b457627c241d4ee4729a6bb6dd41ff79aaa640064767a8f13
rule,314159,123,block_01,Gear,3,shifted,0,1,1,011,2000,2000,2000,1.0,1.0,c81ec1fe7d3cf906172f8c9b79e4facaf3a711fb5cf31bf0f93b7f148c8f20b9
rule,314159,2026,block_01,Gear,3,shifted,0,1,1,011,2000,2000,2000,1.0,1.0,9f89d0fcf4c911b042d944313e1c99ff10ee1f483396e2cfd5227b6e4c3f7c8b
rule,314159,3407,block_01,Gear,3,shifted,0,1,1,011,2000,2000,2000,1.0,1.0,6c11d84632896e7e21097c35bc8949be0d6c8d1c57e6210d58494766ce9bba46
rule,271828,7,block_01,Gear,3,shifted,0,1,1,011,2000,2000,2000,1.0,1.0,babbe5055150e5e5d800452dc61dda1b3d211a60de7c37eadae846378658c255
rule,271828,42,block_01,Gear,3,shifted,0,1,1,011,2000,2000,2000,1.0,1.0,db3eb42f52a20b23f546ee24e20a211e1f434b1febd2dcdc33dee23aa860a806
rule,271828,123,block_01,Gear,3,shifted,0,1,1,011,2000,2000,2000,1.0,1.0,d8719c636c13ee805e95c787d18cdc4272d1f8d4d168166eb66e348abc6f2da7
rule,271828,2026,block_01,Gear,3,shifted,0,1,1,011,2000,2000,2000,1.0,1.0,c0156f2bf2d889f6af59d8cefedeb3b720e095546e5192bcda73900bc0c70af1
rule,271828,3407,block_01,Gear,3,shifted,0,1,1,011,2000,2000,2000,1.0,1.0,708b454de01da83e20da3b831489c68fce15a87d99e76e19fe6e0d8613876ccc
rule,161803,7,block_01,Gear,3,shifted,0,1,1,011,2000,2000,2000,1.0,1.0,d42b29e2f7bc00439efcb3141f0db55adf84ece88d5264bc066b756ef5def2c0
rule,161803,42,block_01,Gear,3,shifted,0,1,1,011,2000,2000,2000,1.0,1.0,1c1df00db55b563140e164259b4d26675eba3ab5c882fbbeb25d3ad65cc3f3bb
rule,161803,123,block_01,Gear,3,shifted,0,1,1,011,2000,2000,2000,1.0,1.0,baa06c1f9260379da7ba42fbea560af4e56fd486be655e7c4343f76b73e493b7
rule,161803,2026,block_01,Gear,3,shifted,0,1,1,011,2000,2000,2000,1.0,1.0,fbfc69d3a02d3c2318b2a14c83e0d6ab28b501ba94eb34db863b413dfe293374
rule,161803,3407,block_01,Gear,3,shifted,0,1,1,011,2000,2000,2000,1.0,1.0,00bc893a694e7e7ef1e576d93fdc8abb70d52de882880b4da13b3d74ba3110a9
rule,141421,7,block_01,Gear,3,shifted,0,1,1,011,2000,2000,2000,1.0,1.0,d07e9b83ad4dbbac6168146603dd1b2cba2ff523be063b036039f297548d284e
rule,141421,42,block_01,Gear,3,shifted,0,1,1,011,2000,2000,2000,1.0,1.0,c61407a2bc04d2ec05d79f0f6158e73bd558efe30521f2c56a0c191fbde59ba3
rule,141421,123,block_01,Gear,3,shifted,0,1,1,011,2000,2000,2000,1.0,1.0,8469470dbe93b813a1ff9f5ea9db24110c92450abae5f47552d3b243a3379a7a
rule,141421,2026,block_01,Gear,3,shifted,0,1,1,011,2000,2000,2000,1.0,1.0,a6ed20ef78457734c1398d2ea29846326b93a039808fa3b1d49c1ca02bc74a5d
rule,141421,3407,block_01,Gear,3,shifted,0,1,1,011,2000,2000,2000,1.0,1.0,7ced397f47396bc0049c98565747ae379ebf87783c5a7fbf1bba17d95eae7f6b
rule,173205,7,block_01,Gear,3,shifted,0,1,1,011,2000,2000,2000,1.0,1.0,7371d09cdd8e7188b8a3d1a4384594d197918351fe6d53d2c196969a5b8f4e1c
rule,173205,42,block_01,Gear,3,shifted,0,1,1,011,2000,2000,2000,1.0,1.0,f3b1373856aee675d70315264ef33dcac87e8a02cba7af7f166b2af5b2d59ff6
rule,173205,123,block_01,Gear,3,shifted,0,1,1,011,2000,2000,2000,1.0,1.0,f6819e9926d7f856c70ebf326ee7f2d8c140ea9b5af570c56ac3fe496a20ac06
rule,173205,2026,block_01,Gear,3,shifted,0,1,1,011,2000,2000,2000,1.0,1.0,af58ef89f7876138cb4cf1a1e371c69bd550d7feb4225849cf1f5e3675e87c1a
rule,173205,3407,block_01,Gear,3,shifted,0,1,1,011,2000,2000,2000,1.0,1.0,4996c12b6209eb45ae0dbdb1691250b245be0b6fecb46f30399571fc519b5c3c
rule,314159,7,block_01,Gear,3,shifted,1,0,0,100,2000,78,1982,0.039,0.991,09b08194395debb2e4c30ea7fd1d27c8baf67e8d568a6f6cb1a842e038f346ed
rule,314159,42,block_01,Gear,3,shifted,1,0,0,100,2000,0,1969,0.0,0.9845,8a523faeac10844b457627c241d4ee4729a6bb6dd41ff79aaa640064767a8f13
rule,314159,123,block_01,Gear,3,shifted,1,0,0,100,2000,49,2000,0.0245,1.0,c81ec1fe7d3cf906172f8c9b79e4facaf3a711fb5cf31bf0f93b7f148c8f20b9
rule,314159,2026,block_01,Gear,3,shifted,1,0,0,100,2000,44,2000,0.022,1.0,9f89d0fcf4c911b042d944313e1c99ff10ee1f483396e2cfd5227b6e4c3f7c8b
rule,314159,3407,block_01,Gear,3,shifted,1,0,0,100,2000,716,2000,0.358,1.0,6c11d84632896e7e21097c35bc8949be0d6c8d1c57e6210d58494766ce9bba46
rule,271828,7,block_01,Gear,3,shifted,1,0,0,100,2000,451,2000,0.2255,1.0,babbe5055150e5e5d800452dc61dda1b3d211a60de7c37eadae846378658c255
rule,271828,42,block_01,Gear,3,shifted,1,0,0,100,2000,115,1874,0.0575,0.937,db3eb42f52a20b23f546ee24e20a211e1f434b1febd2dcdc33dee23aa860a806
rule,271828,123,block_01,Gear,3,shifted,1,0,0,100,2000,167,2000,0.0835,1.0,d8719c636c13ee805e95c787d18cdc4272d1f8d4d168166eb66e348abc6f2da7
rule,271828,2026,block_01,Gear,3,shifted,1,0,0,100,2000,1,2000,0.0005,1.0,c0156f2bf2d889f6af59d8cefedeb3b720e095546e5192bcda73900bc0c70af1
rule,271828,3407,block_01,Gear,3,shifted,1,0,0,100,2000,812,1986,0.406,0.993,708b454de01da83e20da3b831489c68fce15a87d99e76e19fe6e0d8613876ccc
rule,161803,7,block_01,Gear,3,shifted,1,0,0,100,2000,84,1985,0.042,0.9925,d42b29e2f7bc00439efcb3141f0db55adf84ece88d5264bc066b756ef5def2c0
rule,161803,42,block_01,Gear,3,shifted,1,0,0,100,2000,5,1999,0.0025,0.9995,1c1df00db55b563140e164259b4d26675eba3ab5c882fbbeb25d3ad65cc3f3bb
rule,161803,123,block_01,Gear,3,shifted,1,0,0,100,2000,79,2000,0.0395,1.0,baa06c1f9260379da7ba42fbea560af4e56fd486be655e7c4343f76b73e493b7
rule,161803,2026,block_01,Gear,3,shifted,1,0,0,100,2000,4,2000,0.002,1.0,fbfc69d3a02d3c2318b2a14c83e0d6ab28b501ba94eb34db863b413dfe293374
rule,161803,3407,block_01,Gear,3,shifted,1,0,0,100,2000,66,2000,0.033,1.0,00bc893a694e7e7ef1e576d93fdc8abb70d52de882880b4da13b3d74ba3110a9
rule,141421,7,block_01,Gear,3,shifted,1,0,0,100,2000,51,1987,0.0255,0.9935,d07e9b83ad4dbbac6168146603dd1b2cba2ff523be063b036039f297548d284e
rule,141421,42,block_01,Gear,3,shifted,1,0,0,100,2000,5,1698,0.0025,0.849,c61407a2bc04d2ec05d79f0f6158e73bd558efe30521f2c56a0c191fbde59ba3
rule,141421,123,block_01,Gear,3,shifted,1,0,0,100,2000,51,2000,0.0255,1.0,8469470dbe93b813a1ff9f5ea9db24110c92450abae5f47552d3b243a3379a7a
rule,141421,2026,block_01,Gear,3,shifted,1,0,0,100,2000,1,1996,0.0005,0.998,a6ed20ef78457734c1398d2ea29846326b93a039808fa3b1d49c1ca02bc74a5d
rule,141421,3407,block_01,Gear,3,shifted,1,0,0,100,2000,107,1999,0.0535,0.9995,7ced397f47396bc0049c98565747ae379ebf87783c5a7fbf1bba17d95eae7f6b
rule,173205,7,block_01,Gear,3,shifted,1,0,0,100,2000,6,2000,0.003,1.0,7371d09cdd8e7188b8a3d1a4384594d197918351fe6d53d2c196969a5b8f4e1c
rule,173205,42,block_01,Gear,3,shifted,1,0,0,100,2000,5,1998,0.0025,0.999,f3b1373856aee675d70315264ef33dcac87e8a02cba7af7f166b2af5b2d59ff6
rule,173205,123,block_01,Gear,3,shifted,1,0,0,100,2000,120,2000,0.06,1.0,f6819e9926d7f856c70ebf326ee7f2d8c140ea9b5af570c56ac3fe496a20ac06
rule,173205,2026,block_01,Gear,3,shifted,1,0,0,100,2000,19,1998,0.0095,0.999,af58ef89f7876138cb4cf1a1e371c69bd550d7feb4225849cf1f5e3675e87c1a
rule,173205,3407,block_01,Gear,3,shifted,1,0,0,100,2000,156,2000,0.078,1.0,4996c12b6209eb45ae0dbdb1691250b245be0b6fecb46f30399571fc519b5c3c
rule,314159,7,block_01,Gear,3,shifted,1,0,1,101,2000,7,1998,0.0035,0.999,09b08194395debb2e4c30ea7fd1d27c8baf67e8d568a6f6cb1a842e038f346ed
rule,314159,42,block_01,Gear,3,shifted,1,0,1,101,2000,0,1996,0.0,0.998,8a523faeac10844b457627c241d4ee4729a6bb6dd41ff79aaa640064767a8f13
rule,314159,123,block_01,Gear,3,shifted,1,0,1,101,2000,24,2000,0.012,1.0,c81ec1fe7d3cf906172f8c9b79e4facaf3a711fb5cf31bf0f93b7f148c8f20b9
rule,314159,2026,block_01,Gear,3,shifted,1,0,1,101,2000,2,2000,0.001,1.0,9f89d0fcf4c911b042d944313e1c99ff10ee1f483396e2cfd5227b6e4c3f7c8b
rule,314159,3407,block_01,Gear,3,shifted,1,0,1,101,2000,388,2000,0.194,1.0,6c11d84632896e7e21097c35bc8949be0d6c8d1c57e6210d58494766ce9bba46
rule,271828,7,block_01,Gear,3,shifted,1,0,1,101,2000,189,2000,0.0945,1.0,babbe5055150e5e5d800452dc61dda1b3d211a60de7c37eadae846378658c255
rule,271828,42,block_01,Gear,3,shifted,1,0,1,101,2000,37,1884,0.0185,0.942,db3eb42f52a20b23f546ee24e20a211e1f434b1febd2dcdc33dee23aa860a806
rule,271828,123,block_01,Gear,3,shifted,1,0,1,101,2000,24,2000,0.012,1.0,d8719c636c13ee805e95c787d18cdc4272d1f8d4d168166eb66e348abc6f2da7
rule,271828,2026,block_01,Gear,3,shifted,1,0,1,101,2000,0,2000,0.0,1.0,c0156f2bf2d889f6af59d8cefedeb3b720e095546e5192bcda73900bc0c70af1
rule,271828,3407,block_01,Gear,3,shifted,1,0,1,101,2000,312,1997,0.156,0.9985,708b454de01da83e20da3b831489c68fce15a87d99e76e19fe6e0d8613876ccc
rule,161803,7,block_01,Gear,3,shifted,1,0,1,101,2000,7,1998,0.0035,0.999,d42b29e2f7bc00439efcb3141f0db55adf84ece88d5264bc066b756ef5def2c0
rule,161803,42,block_01,Gear,3,shifted,1,0,1,101,2000,0,2000,0.0,1.0,1c1df00db55b563140e164259b4d26675eba3ab5c882fbbeb25d3ad65cc3f3bb
rule,161803,123,block_01,Gear,3,shifted,1,0,1,101,2000,28,2000,0.014,1.0,baa06c1f9260379da7ba42fbea560af4e56fd486be655e7c4343f76b73e493b7
rule,161803,2026,block_01,Gear,3,shifted,1,0,1,101,2000,0,2000,0.0,1.0,fbfc69d3a02d3c2318b2a14c83e0d6ab28b501ba94eb34db863b413dfe293374
rule,161803,3407,block_01,Gear,3,shifted,1,0,1,101,2000,16,2000,0.008,1.0,00bc893a694e7e7ef1e576d93fdc8abb70d52de882880b4da13b3d74ba3110a9
rule,141421,7,block_01,Gear,3,shifted,1,0,1,101,2000,5,1999,0.0025,0.9995,d07e9b83ad4dbbac6168146603dd1b2cba2ff523be063b036039f297548d284e
rule,141421,42,block_01,Gear,3,shifted,1,0,1,101,2000,1,1883,0.0005,0.9415,c61407a2bc04d2ec05d79f0f6158e73bd558efe30521f2c56a0c191fbde59ba3
rule,141421,123,block_01,Gear,3,shifted,1,0,1,101,2000,5,2000,0.0025,1.0,8469470dbe93b813a1ff9f5ea9db24110c92450abae5f47552d3b243a3379a7a
rule,141421,2026,block_01,Gear,3,shifted,1,0,1,101,2000,0,2000,0.0,1.0,a6ed20ef78457734c1398d2ea29846326b93a039808fa3b1d49c1ca02bc74a5d
rule,141421,3407,block_01,Gear,3,shifted,1,0,1,101,2000,18,2000,0.009,1.0,7ced397f47396bc0049c98565747ae379ebf87783c5a7fbf1bba17d95eae7f6b
rule,173205,7,block_01,Gear,3,shifted,1,0,1,101,2000,1,2000,0.0005,1.0,7371d09cdd8e7188b8a3d1a4384594d197918351fe6d53d2c196969a5b8f4e1c
rule,173205,42,block_01,Gear,3,shifted,1,0,1,101,2000,0,2000,0.0,1.0,f3b1373856aee675d70315264ef33dcac87e8a02cba7af7f166b2af5b2d59ff6
rule,173205,123,block_01,Gear,3,shifted,1,0,1,101,2000,29,2000,0.0145,1.0,f6819e9926d7f856c70ebf326ee7f2d8c140ea9b5af570c56ac3fe496a20ac06
rule,173205,2026,block_01,Gear,3,shifted,1,0,1,101,2000,1,2000,0.0005,1.0,af58ef89f7876138cb4cf1a1e371c69bd550d7feb4225849cf1f5e3675e87c1a
rule,173205,3407,block_01,Gear,3,shifted,1,0,1,101,2000,34,2000,0.017,1.0,4996c12b6209eb45ae0dbdb1691250b245be0b6fecb46f30399571fc519b5c3c
rule,314159,7,block_01,Gear,3,shifted,1,1,0,110,2000,700,1987,0.35,0.9935,09b08194395debb2e4c30ea7fd1d27c8baf67e8d568a6f6cb1a842e038f346ed
rule,314159,42,block_01,Gear,3,shifted,1,1,0,110,2000,3,1942,0.0015,0.971,8a523faeac10844b457627c241d4ee4729a6bb6dd41ff79aaa640064767a8f13
rule,314159,123,block_01,Gear,3,shifted,1,1,0,110,2000,734,2000,0.367,1.0,c81ec1fe7d3cf906172f8c9b79e4facaf3a711fb5cf31bf0f93b7f148c8f20b9
rule,314159,2026,block_01,Gear,3,shifted,1,1,0,110,2000,41,2000,0.0205,1.0,9f89d0fcf4c911b042d944313e1c99ff10ee1f483396e2cfd5227b6e4c3f7c8b
rule,314159,3407,block_01,Gear,3,shifted,1,1,0,110,2000,1700,1995,0.85,0.9975,6c11d84632896e7e21097c35bc8949be0d6c8d1c57e6210d58494766ce9bba46
rule,271828,7,block_01,Gear,3,shifted,1,1,0,110,2000,1117,2000,0.5585,1.0,babbe5055150e5e5d800452dc61dda1b3d211a60de7c37eadae846378658c255
rule,271828,42,block_01,Gear,3,shifted,1,1,0,110,2000,36,1975,0.018,0.9875,db3eb42f52a20b23f546ee24e20a211e1f434b1febd2dcdc33dee23aa860a806
rule,271828,123,block_01,Gear,3,shifted,1,1,0,110,2000,642,2000,0.321,1.0,d8719c636c13ee805e95c787d18cdc4272d1f8d4d168166eb66e348abc6f2da7
rule,271828,2026,block_01,Gear,3,shifted,1,1,0,110,2000,179,2000,0.0895,1.0,c0156f2bf2d889f6af59d8cefedeb3b720e095546e5192bcda73900bc0c70af1
rule,271828,3407,block_01,Gear,3,shifted,1,1,0,110,2000,1829,1976,0.9145,0.988,708b454de01da83e20da3b831489c68fce15a87d99e76e19fe6e0d8613876ccc
rule,161803,7,block_01,Gear,3,shifted,1,1,0,110,2000,545,1991,0.2725,0.9955,d42b29e2f7bc00439efcb3141f0db55adf84ece88d5264bc066b756ef5def2c0
rule,161803,42,block_01,Gear,3,shifted,1,1,0,110,2000,8,1989,0.004,0.9945,1c1df00db55b563140e164259b4d26675eba3ab5c882fbbeb25d3ad65cc3f3bb
rule,161803,123,block_01,Gear,3,shifted,1,1,0,110,2000,565,2000,0.2825,1.0,baa06c1f9260379da7ba42fbea560af4e56fd486be655e7c4343f76b73e493b7
rule,161803,2026,block_01,Gear,3,shifted,1,1,0,110,2000,14,1997,0.007,0.9985,fbfc69d3a02d3c2318b2a14c83e0d6ab28b501ba94eb34db863b413dfe293374
rule,161803,3407,block_01,Gear,3,shifted,1,1,0,110,2000,1258,1999,0.629,0.9995,00bc893a694e7e7ef1e576d93fdc8abb70d52de882880b4da13b3d74ba3110a9
rule,141421,7,block_01,Gear,3,shifted,1,1,0,110,2000,790,1978,0.395,0.989,d07e9b83ad4dbbac6168146603dd1b2cba2ff523be063b036039f297548d284e
rule,141421,42,block_01,Gear,3,shifted,1,1,0,110,2000,22,1922,0.011,0.961,c61407a2bc04d2ec05d79f0f6158e73bd558efe30521f2c56a0c191fbde59ba3
rule,141421,123,block_01,Gear,3,shifted,1,1,0,110,2000,249,2000,0.1245,1.0,8469470dbe93b813a1ff9f5ea9db24110c92450abae5f47552d3b243a3379a7a
rule,141421,2026,block_01,Gear,3,shifted,1,1,0,110,2000,15,1969,0.0075,0.9845,a6ed20ef78457734c1398d2ea29846326b93a039808fa3b1d49c1ca02bc74a5d
rule,141421,3407,block_01,Gear,3,shifted,1,1,0,110,2000,1445,1997,0.7225,0.9985,7ced397f47396bc0049c98565747ae379ebf87783c5a7fbf1bba17d95eae7f6b
rule,173205,7,block_01,Gear,3,shifted,1,1,0,110,2000,372,2000,0.186,1.0,7371d09cdd8e7188b8a3d1a4384594d197918351fe6d53d2c196969a5b8f4e1c
rule,173205,42,block_01,Gear,3,shifted,1,1,0,110,2000,36,1986,0.018,0.993,f3b1373856aee675d70315264ef33dcac87e8a02cba7af7f166b2af5b2d59ff6
rule,173205,123,block_01,Gear,3,shifted,1,1,0,110,2000,1352,2000,0.676,1.0,f6819e9926d7f856c70ebf326ee7f2d8c140ea9b5af570c56ac3fe496a20ac06
rule,173205,2026,block_01,Gear,3,shifted,1,1,0,110,2000,52,1986,0.026,0.993,af58ef89f7876138cb4cf1a1e371c69bd550d7feb4225849cf1f5e3675e87c1a
rule,173205,3407,block_01,Gear,3,shifted,1,1,0,110,2000,1366,1998,0.683,0.999,4996c12b6209eb45ae0dbdb1691250b245be0b6fecb46f30399571fc519b5c3c
rule,314159,7,block_01,Gear,3,shifted,1,1,1,111,2000,482,1986,0.241,0.993,09b08194395debb2e4c30ea7fd1d27c8baf67e8d568a6f6cb1a842e038f346ed
rule,314159,42,block_01,Gear,3,shifted,1,1,1,111,2000,0,1972,0.0,0.986,8a523faeac10844b457627c241d4ee4729a6bb6dd41ff79aaa640064767a8f13
rule,314159,123,block_01,Gear,3,shifted,1,1,1,111,2000,253,2000,0.1265,1.0,c81ec1fe7d3cf906172f8c9b79e4facaf3a711fb5cf31bf0f93b7f148c8f20b9
rule,314159,2026,block_01,Gear,3,shifted,1,1,1,111,2000,5,2000,0.0025,1.0,9f89d0fcf4c911b042d944313e1c99ff10ee1f483396e2cfd5227b6e4c3f7c8b
rule,314159,3407,block_01,Gear,3,shifted,1,1,1,111,2000,1377,1998,0.6885,0.999,6c11d84632896e7e21097c35bc8949be0d6c8d1c57e6210d58494766ce9bba46
rule,271828,7,block_01,Gear,3,shifted,1,1,1,111,2000,933,1999,0.4665,0.9995,babbe5055150e5e5d800452dc61dda1b3d211a60de7c37eadae846378658c255
rule,271828,42,block_01,Gear,3,shifted,1,1,1,111,2000,12,1972,0.006,0.986,db3eb42f52a20b23f546ee24e20a211e1f434b1febd2dcdc33dee23aa860a806
rule,271828,123,block_01,Gear,3,shifted,1,1,1,111,2000,123,2000,0.0615,1.0,d8719c636c13ee805e95c787d18cdc4272d1f8d4d168166eb66e348abc6f2da7
rule,271828,2026,block_01,Gear,3,shifted,1,1,1,111,2000,75,2000,0.0375,1.0,c0156f2bf2d889f6af59d8cefedeb3b720e095546e5192bcda73900bc0c70af1
rule,271828,3407,block_01,Gear,3,shifted,1,1,1,111,2000,1679,1983,0.8395,0.9915,708b454de01da83e20da3b831489c68fce15a87d99e76e19fe6e0d8613876ccc
rule,161803,7,block_01,Gear,3,shifted,1,1,1,111,2000,357,1989,0.1785,0.9945,d42b29e2f7bc00439efcb3141f0db55adf84ece88d5264bc066b756ef5def2c0
rule,161803,42,block_01,Gear,3,shifted,1,1,1,111,2000,4,1995,0.002,0.9975,1c1df00db55b563140e164259b4d26675eba3ab5c882fbbeb25d3ad65cc3f3bb
rule,161803,123,block_01,Gear,3,shifted,1,1,1,111,2000,153,2000,0.0765,1.0,baa06c1f9260379da7ba42fbea560af4e56fd486be655e7c4343f76b73e493b7
rule,161803,2026,block_01,Gear,3,shifted,1,1,1,111,2000,2,1999,0.001,0.9995,fbfc69d3a02d3c2318b2a14c83e0d6ab28b501ba94eb34db863b413dfe293374
rule,161803,3407,block_01,Gear,3,shifted,1,1,1,111,2000,786,2000,0.393,1.0,00bc893a694e7e7ef1e576d93fdc8abb70d52de882880b4da13b3d74ba3110a9
rule,141421,7,block_01,Gear,3,shifted,1,1,1,111,2000,590,1977,0.295,0.9885,d07e9b83ad4dbbac6168146603dd1b2cba2ff523be063b036039f297548d284e
rule,141421,42,block_01,Gear,3,shifted,1,1,1,111,2000,2,1966,0.001,0.983,c61407a2bc04d2ec05d79f0f6158e73bd558efe30521f2c56a0c191fbde59ba3
rule,141421,123,block_01,Gear,3,shifted,1,1,1,111,2000,19,2000,0.0095,1.0,8469470dbe93b813a1ff9f5ea9db24110c92450abae5f47552d3b243a3379a7a
rule,141421,2026,block_01,Gear,3,shifted,1,1,1,111,2000,5,1981,0.0025,0.9905,a6ed20ef78457734c1398d2ea29846326b93a039808fa3b1d49c1ca02bc74a5d
rule,141421,3407,block_01,Gear,3,shifted,1,1,1,111,2000,1098,1999,0.549,0.9995,7ced397f47396bc0049c98565747ae379ebf87783c5a7fbf1bba17d95eae7f6b
rule,173205,7,block_01,Gear,3,shifted,1,1,1,111,2000,261,2000,0.1305,1.0,7371d09cdd8e7188b8a3d1a4384594d197918351fe6d53d2c196969a5b8f4e1c
rule,173205,42,block_01,Gear,3,shifted,1,1,1,111,2000,10,1991,0.005,0.9955,f3b1373856aee675d70315264ef33dcac87e8a02cba7af7f166b2af5b2d59ff6
rule,173205,123,block_01,Gear,3,shifted,1,1,1,111,2000,811,2000,0.4055,1.0,f6819e9926d7f856c70ebf326ee7f2d8c140ea9b5af570c56ac3fe496a20ac06
rule,173205,2026,block_01,Gear,3,shifted,1,1,1,111,2000,4,1993,0.002,0.9965,af58ef89f7876138cb4cf1a1e371c69bd550d7feb4225849cf1f5e3675e87c1a
rule,173205,3407,block_01,Gear,3,shifted,1,1,1,111,2000,874,2000,0.437,1.0,4996c12b6209eb45ae0dbdb1691250b245be0b6fecb46f30399571fc519b5c3c
rule,314159,7,block_01,RPM,4,canonical,0,0,0,000,2000,2000,2000,1.0,1.0,09b08194395debb2e4c30ea7fd1d27c8baf67e8d568a6f6cb1a842e038f346ed
rule,314159,42,block_01,RPM,4,canonical,0,0,0,000,2000,2000,2000,1.0,1.0,8a523faeac10844b457627c241d4ee4729a6bb6dd41ff79aaa640064767a8f13
rule,314159,123,block_01,RPM,4,canonical,0,0,0,000,2000,2000,2000,1.0,1.0,c81ec1fe7d3cf906172f8c9b79e4facaf3a711fb5cf31bf0f93b7f148c8f20b9
rule,314159,2026,block_01,RPM,4,canonical,0,0,0,000,2000,2000,2000,1.0,1.0,9f89d0fcf4c911b042d944313e1c99ff10ee1f483396e2cfd5227b6e4c3f7c8b
rule,314159,3407,block_01,RPM,4,canonical,0,0,0,000,2000,2000,2000,1.0,1.0,6c11d84632896e7e21097c35bc8949be0d6c8d1c57e6210d58494766ce9bba46
rule,271828,7,block_01,RPM,4,canonical,0,0,0,000,2000,2000,2000,1.0,1.0,babbe5055150e5e5d800452dc61dda1b3d211a60de7c37eadae846378658c255
rule,271828,42,block_01,RPM,4,canonical,0,0,0,000,2000,2000,2000,1.0,1.0,db3eb42f52a20b23f546ee24e20a211e1f434b1febd2dcdc33dee23aa860a806
rule,271828,123,block_01,RPM,4,canonical,0,0,0,000,2000,2000,2000,1.0,1.0,d8719c636c13ee805e95c787d18cdc4272d1f8d4d168166eb66e348abc6f2da7
rule,271828,2026,block_01,RPM,4,canonical,0,0,0,000,2000,2000,2000,1.0,1.0,c0156f2bf2d889f6af59d8cefedeb3b720e095546e5192bcda73900bc0c70af1
rule,271828,3407,block_01,RPM,4,canonical,0,0,0,000,2000,2000,2000,1.0,1.0,708b454de01da83e20da3b831489c68fce15a87d99e76e19fe6e0d8613876ccc
rule,161803,7,block_01,RPM,4,canonical,0,0,0,000,2000,2000,2000,1.0,1.0,d42b29e2f7bc00439efcb3141f0db55adf84ece88d5264bc066b756ef5def2c0
rule,161803,42,block_01,RPM,4,canonical,0,0,0,000,2000,2000,2000,1.0,1.0,1c1df00db55b563140e164259b4d26675eba3ab5c882fbbeb25d3ad65cc3f3bb
rule,161803,123,block_01,RPM,4,canonical,0,0,0,000,2000,2000,2000,1.0,1.0,baa06c1f9260379da7ba42fbea560af4e56fd486be655e7c4343f76b73e493b7
rule,161803,2026,block_01,RPM,4,canonical,0,0,0,000,2000,2000,2000,1.0,1.0,fbfc69d3a02d3c2318b2a14c83e0d6ab28b501ba94eb34db863b413dfe293374
rule,161803,3407,block_01,RPM,4,canonical,0,0,0,000,2000,2000,2000,1.0,1.0,00bc893a694e7e7ef1e576d93fdc8abb70d52de882880b4da13b3d74ba3110a9
rule,141421,7,block_01,RPM,4,canonical,0,0,0,000,2000,2000,2000,1.0,1.0,d07e9b83ad4dbbac6168146603dd1b2cba2ff523be063b036039f297548d284e
rule,141421,42,block_01,RPM,4,canonical,0,0,0,000,2000,2000,2000,1.0,1.0,c61407a2bc04d2ec05d79f0f6158e73bd558efe30521f2c56a0c191fbde59ba3
rule,141421,123,block_01,RPM,4,canonical,0,0,0,000,2000,2000,2000,1.0,1.0,8469470dbe93b813a1ff9f5ea9db24110c92450abae5f47552d3b243a3379a7a
rule,141421,2026,block_01,RPM,4,canonical,0,0,0,000,2000,2000,2000,1.0,1.0,a6ed20ef78457734c1398d2ea29846326b93a039808fa3b1d49c1ca02bc74a5d
rule,141421,3407,block_01,RPM,4,canonical,0,0,0,000,2000,2000,2000,1.0,1.0,7ced397f47396bc0049c98565747ae379ebf87783c5a7fbf1bba17d95eae7f6b
rule,173205,7,block_01,RPM,4,canonical,0,0,0,000,2000,2000,2000,1.0,1.0,7371d09cdd8e7188b8a3d1a4384594d197918351fe6d53d2c196969a5b8f4e1c
rule,173205,42,block_01,RPM,4,canonical,0,0,0,000,2000,2000,2000,1.0,1.0,f3b1373856aee675d70315264ef33dcac87e8a02cba7af7f166b2af5b2d59ff6
rule,173205,123,block_01,RPM,4,canonical,0,0,0,000,2000,2000,2000,1.0,1.0,f6819e9926d7f856c70ebf326ee7f2d8c140ea9b5af570c56ac3fe496a20ac06
rule,173205,2026,block_01,RPM,4,canonical,0,0,0,000,2000,2000,2000,1.0,1.0,af58ef89f7876138cb4cf1a1e371c69bd550d7feb4225849cf1f5e3675e87c1a
rule,173205,3407,block_01,RPM,4,canonical,0,0,0,000,2000,2000,2000,1.0,1.0,4996c12b6209eb45ae0dbdb1691250b245be0b6fecb46f30399571fc519b5c3c
rule,314159,7,block_01,RPM,4,canonical,0,0,1,001,2000,2000,2000,1.0,1.0,09b08194395debb2e4c30ea7fd1d27c8baf67e8d568a6f6cb1a842e038f346ed
rule,314159,42,block_01,RPM,4,canonical,0,0,1,001,2000,2000,2000,1.0,1.0,8a523faeac10844b457627c241d4ee4729a6bb6dd41ff79aaa640064767a8f13
rule,314159,123,block_01,RPM,4,canonical,0,0,1,001,2000,2000,2000,1.0,1.0,c81ec1fe7d3cf906172f8c9b79e4facaf3a711fb5cf31bf0f93b7f148c8f20b9
rule,314159,2026,block_01,RPM,4,canonical,0,0,1,001,2000,2000,2000,1.0,1.0,9f89d0fcf4c911b042d944313e1c99ff10ee1f483396e2cfd5227b6e4c3f7c8b
rule,314159,3407,block_01,RPM,4,canonical,0,0,1,001,2000,2000,2000,1.0,1.0,6c11d84632896e7e21097c35bc8949be0d6c8d1c57e6210d58494766ce9bba46
rule,271828,7,block_01,RPM,4,canonical,0,0,1,001,2000,2000,2000,1.0,1.0,babbe5055150e5e5d800452dc61dda1b3d211a60de7c37eadae846378658c255
rule,271828,42,block_01,RPM,4,canonical,0,0,1,001,2000,2000,2000,1.0,1.0,db3eb42f52a20b23f546ee24e20a211e1f434b1febd2dcdc33dee23aa860a806
rule,271828,123,block_01,RPM,4,canonical,0,0,1,001,2000,2000,2000,1.0,1.0,d8719c636c13ee805e95c787d18cdc4272d1f8d4d168166eb66e348abc6f2da7
rule,271828,2026,block_01,RPM,4,canonical,0,0,1,001,2000,2000,2000,1.0,1.0,c0156f2bf2d889f6af59d8cefedeb3b720e095546e5192bcda73900bc0c70af1
rule,271828,3407,block_01,RPM,4,canonical,0,0,1,001,2000,2000,2000,1.0,1.0,708b454de01da83e20da3b831489c68fce15a87d99e76e19fe6e0d8613876ccc
rule,161803,7,block_01,RPM,4,canonical,0,0,1,001,2000,2000,2000,1.0,1.0,d42b29e2f7bc00439efcb3141f0db55adf84ece88d5264bc066b756ef5def2c0
rule,161803,42,block_01,RPM,4,canonical,0,0,1,001,2000,2000,2000,1.0,1.0,1c1df00db55b563140e164259b4d26675eba3ab5c882fbbeb25d3ad65cc3f3bb
rule,161803,123,block_01,RPM,4,canonical,0,0,1,001,2000,2000,2000,1.0,1.0,baa06c1f9260379da7ba42fbea560af4e56fd486be655e7c4343f76b73e493b7
rule,161803,2026,block_01,RPM,4,canonical,0,0,1,001,2000,2000,2000,1.0,1.0,fbfc69d3a02d3c2318b2a14c83e0d6ab28b501ba94eb34db863b413dfe293374
rule,161803,3407,block_01,RPM,4,canonical,0,0,1,001,2000,2000,2000,1.0,1.0,00bc893a694e7e7ef1e576d93fdc8abb70d52de882880b4da13b3d74ba3110a9
rule,141421,7,block_01,RPM,4,canonical,0,0,1,001,2000,2000,2000,1.0,1.0,d07e9b83ad4dbbac6168146603dd1b2cba2ff523be063b036039f297548d284e
rule,141421,42,block_01,RPM,4,canonical,0,0,1,001,2000,2000,2000,1.0,1.0,c61407a2bc04d2ec05d79f0f6158e73bd558efe30521f2c56a0c191fbde59ba3
rule,141421,123,block_01,RPM,4,canonical,0,0,1,001,2000,2000,2000,1.0,1.0,8469470dbe93b813a1ff9f5ea9db24110c92450abae5f47552d3b243a3379a7a
rule,141421,2026,block_01,RPM,4,canonical,0,0,1,001,2000,2000,2000,1.0,1.0,a6ed20ef78457734c1398d2ea29846326b93a039808fa3b1d49c1ca02bc74a5d
rule,141421,3407,block_01,RPM,4,canonical,0,0,1,001,2000,2000,2000,1.0,1.0,7ced397f47396bc0049c98565747ae379ebf87783c5a7fbf1bba17d95eae7f6b
rule,173205,7,block_01,RPM,4,canonical,0,0,1,001,2000,2000,2000,1.0,1.0,7371d09cdd8e7188b8a3d1a4384594d197918351fe6d53d2c196969a5b8f4e1c
rule,173205,42,block_01,RPM,4,canonical,0,0,1,001,2000,2000,2000,1.0,1.0,f3b1373856aee675d70315264ef33dcac87e8a02cba7af7f166b2af5b2d59ff6
rule,173205,123,block_01,RPM,4,canonical,0,0,1,001,2000,2000,2000,1.0,1.0,f6819e9926d7f856c70ebf326ee7f2d8c140ea9b5af570c56ac3fe496a20ac06
rule,173205,2026,block_01,RPM,4,canonical,0,0,1,001,2000,2000,2000,1.0,1.0,af58ef89f7876138cb4cf1a1e371c69bd550d7feb4225849cf1f5e3675e87c1a
rule,173205,3407,block_01,RPM,4,canonical,0,0,1,001,2000,2000,2000,1.0,1.0,4996c12b6209eb45ae0dbdb1691250b245be0b6fecb46f30399571fc519b5c3c
rule,314159,7,block_01,RPM,4,canonical,0,1,0,010,2000,2000,2000,1.0,1.0,09b08194395debb2e4c30ea7fd1d27c8baf67e8d568a6f6cb1a842e038f346ed
rule,314159,42,block_01,RPM,4,canonical,0,1,0,010,2000,2000,2000,1.0,1.0,8a523faeac10844b457627c241d4ee4729a6bb6dd41ff79aaa640064767a8f13
rule,314159,123,block_01,RPM,4,canonical,0,1,0,010,2000,2000,2000,1.0,1.0,c81ec1fe7d3cf906172f8c9b79e4facaf3a711fb5cf31bf0f93b7f148c8f20b9
rule,314159,2026,block_01,RPM,4,canonical,0,1,0,010,2000,2000,2000,1.0,1.0,9f89d0fcf4c911b042d944313e1c99ff10ee1f483396e2cfd5227b6e4c3f7c8b
rule,314159,3407,block_01,RPM,4,canonical,0,1,0,010,2000,2000,2000,1.0,1.0,6c11d84632896e7e21097c35bc8949be0d6c8d1c57e6210d58494766ce9bba46
rule,271828,7,block_01,RPM,4,canonical,0,1,0,010,2000,2000,2000,1.0,1.0,babbe5055150e5e5d800452dc61dda1b3d211a60de7c37eadae846378658c255
rule,271828,42,block_01,RPM,4,canonical,0,1,0,010,2000,2000,2000,1.0,1.0,db3eb42f52a20b23f546ee24e20a211e1f434b1febd2dcdc33dee23aa860a806
rule,271828,123,block_01,RPM,4,canonical,0,1,0,010,2000,2000,2000,1.0,1.0,d8719c636c13ee805e95c787d18cdc4272d1f8d4d168166eb66e348abc6f2da7
rule,271828,2026,block_01,RPM,4,canonical,0,1,0,010,2000,2000,2000,1.0,1.0,c0156f2bf2d889f6af59d8cefedeb3b720e095546e5192bcda73900bc0c70af1
rule,271828,3407,block_01,RPM,4,canonical,0,1,0,010,2000,2000,2000,1.0,1.0,708b454de01da83e20da3b831489c68fce15a87d99e76e19fe6e0d8613876ccc
rule,161803,7,block_01,RPM,4,canonical,0,1,0,010,2000,2000,2000,1.0,1.0,d42b29e2f7bc00439efcb3141f0db55adf84ece88d5264bc066b756ef5def2c0
rule,161803,42,block_01,RPM,4,canonical,0,1,0,010,2000,2000,2000,1.0,1.0,1c1df00db55b563140e164259b4d26675eba3ab5c882fbbeb25d3ad65cc3f3bb
rule,161803,123,block_01,RPM,4,canonical,0,1,0,010,2000,2000,2000,1.0,1.0,baa06c1f9260379da7ba42fbea560af4e56fd486be655e7c4343f76b73e493b7
rule,161803,2026,block_01,RPM,4,canonical,0,1,0,010,2000,2000,2000,1.0,1.0,fbfc69d3a02d3c2318b2a14c83e0d6ab28b501ba94eb34db863b413dfe293374
rule,161803,3407,block_01,RPM,4,canonical,0,1,0,010,2000,2000,2000,1.0,1.0,00bc893a694e7e7ef1e576d93fdc8abb70d52de882880b4da13b3d74ba3110a9
rule,141421,7,block_01,RPM,4,canonical,0,1,0,010,2000,2000,2000,1.0,1.0,d07e9b83ad4dbbac6168146603dd1b2cba2ff523be063b036039f297548d284e
rule,141421,42,block_01,RPM,4,canonical,0,1,0,010,2000,2000,2000,1.0,1.0,c61407a2bc04d2ec05d79f0f6158e73bd558efe30521f2c56a0c191fbde59ba3
rule,141421,123,block_01,RPM,4,canonical,0,1,0,010,2000,2000,2000,1.0,1.0,8469470dbe93b813a1ff9f5ea9db24110c92450abae5f47552d3b243a3379a7a
rule,141421,2026,block_01,RPM,4,canonical,0,1,0,010,2000,2000,2000,1.0,1.0,a6ed20ef78457734c1398d2ea29846326b93a039808fa3b1d49c1ca02bc74a5d
rule,141421,3407,block_01,RPM,4,canonical,0,1,0,010,2000,2000,2000,1.0,1.0,7ced397f47396bc0049c98565747ae379ebf87783c5a7fbf1bba17d95eae7f6b
rule,173205,7,block_01,RPM,4,canonical,0,1,0,010,2000,2000,2000,1.0,1.0,7371d09cdd8e7188b8a3d1a4384594d197918351fe6d53d2c196969a5b8f4e1c
rule,173205,42,block_01,RPM,4,canonical,0,1,0,010,2000,2000,2000,1.0,1.0,f3b1373856aee675d70315264ef33dcac87e8a02cba7af7f166b2af5b2d59ff6
rule,173205,123,block_01,RPM,4,canonical,0,1,0,010,2000,2000,2000,1.0,1.0,f6819e9926d7f856c70ebf326ee7f2d8c140ea9b5af570c56ac3fe496a20ac06
rule,173205,2026,block_01,RPM,4,canonical,0,1,0,010,2000,2000,2000,1.0,1.0,af58ef89f7876138cb4cf1a1e371c69bd550d7feb4225849cf1f5e3675e87c1a
rule,173205,3407,block_01,RPM,4,canonical,0,1,0,010,2000,2000,2000,1.0,1.0,4996c12b6209eb45ae0dbdb1691250b245be0b6fecb46f30399571fc519b5c3c
rule,314159,7,block_01,RPM,4,canonical,0,1,1,011,2000,2000,2000,1.0,1.0,09b08194395debb2e4c30ea7fd1d27c8baf67e8d568a6f6cb1a842e038f346ed
rule,314159,42,block_01,RPM,4,canonical,0,1,1,011,2000,2000,2000,1.0,1.0,8a523faeac10844b457627c241d4ee4729a6bb6dd41ff79aaa640064767a8f13
rule,314159,123,block_01,RPM,4,canonical,0,1,1,011,2000,2000,2000,1.0,1.0,c81ec1fe7d3cf906172f8c9b79e4facaf3a711fb5cf31bf0f93b7f148c8f20b9
rule,314159,2026,block_01,RPM,4,canonical,0,1,1,011,2000,2000,2000,1.0,1.0,9f89d0fcf4c911b042d944313e1c99ff10ee1f483396e2cfd5227b6e4c3f7c8b
rule,314159,3407,block_01,RPM,4,canonical,0,1,1,011,2000,2000,2000,1.0,1.0,6c11d84632896e7e21097c35bc8949be0d6c8d1c57e6210d58494766ce9bba46
rule,271828,7,block_01,RPM,4,canonical,0,1,1,011,2000,2000,2000,1.0,1.0,babbe5055150e5e5d800452dc61dda1b3d211a60de7c37eadae846378658c255
rule,271828,42,block_01,RPM,4,canonical,0,1,1,011,2000,2000,2000,1.0,1.0,db3eb42f52a20b23f546ee24e20a211e1f434b1febd2dcdc33dee23aa860a806
rule,271828,123,block_01,RPM,4,canonical,0,1,1,011,2000,2000,2000,1.0,1.0,d8719c636c13ee805e95c787d18cdc4272d1f8d4d168166eb66e348abc6f2da7
rule,271828,2026,block_01,RPM,4,canonical,0,1,1,011,2000,2000,2000,1.0,1.0,c0156f2bf2d889f6af59d8cefedeb3b720e095546e5192bcda73900bc0c70af1
rule,271828,3407,block_01,RPM,4,canonical,0,1,1,011,2000,2000,2000,1.0,1.0,708b454de01da83e20da3b831489c68fce15a87d99e76e19fe6e0d8613876ccc
rule,161803,7,block_01,RPM,4,canonical,0,1,1,011,2000,2000,2000,1.0,1.0,d42b29e2f7bc00439efcb3141f0db55adf84ece88d5264bc066b756ef5def2c0
rule,161803,42,block_01,RPM,4,canonical,0,1,1,011,2000,2000,2000,1.0,1.0,1c1df00db55b563140e164259b4d26675eba3ab5c882fbbeb25d3ad65cc3f3bb
rule,161803,123,block_01,RPM,4,canonical,0,1,1,011,2000,2000,2000,1.0,1.0,baa06c1f9260379da7ba42fbea560af4e56fd486be655e7c4343f76b73e493b7
rule,161803,2026,block_01,RPM,4,canonical,0,1,1,011,2000,2000,2000,1.0,1.0,fbfc69d3a02d3c2318b2a14c83e0d6ab28b501ba94eb34db863b413dfe293374
rule,161803,3407,block_01,RPM,4,canonical,0,1,1,011,2000,2000,2000,1.0,1.0,00bc893a694e7e7ef1e576d93fdc8abb70d52de882880b4da13b3d74ba3110a9
rule,141421,7,block_01,RPM,4,canonical,0,1,1,011,2000,2000,2000,1.0,1.0,d07e9b83ad4dbbac6168146603dd1b2cba2ff523be063b036039f297548d284e
rule,141421,42,block_01,RPM,4,canonical,0,1,1,011,2000,2000,2000,1.0,1.0,c61407a2bc04d2ec05d79f0f6158e73bd558efe30521f2c56a0c191fbde59ba3
rule,141421,123,block_01,RPM,4,canonical,0,1,1,011,2000,2000,2000,1.0,1.0,8469470dbe93b813a1ff9f5ea9db24110c92450abae5f47552d3b243a3379a7a
rule,141421,2026,block_01,RPM,4,canonical,0,1,1,011,2000,2000,2000,1.0,1.0,a6ed20ef78457734c1398d2ea29846326b93a039808fa3b1d49c1ca02bc74a5d
rule,141421,3407,block_01,RPM,4,canonical,0,1,1,011,2000,2000,2000,1.0,1.0,7ced397f47396bc0049c98565747ae379ebf87783c5a7fbf1bba17d95eae7f6b
rule,173205,7,block_01,RPM,4,canonical,0,1,1,011,2000,2000,2000,1.0,1.0,7371d09cdd8e7188b8a3d1a4384594d197918351fe6d53d2c196969a5b8f4e1c
rule,173205,42,block_01,RPM,4,canonical,0,1,1,011,2000,2000,2000,1.0,1.0,f3b1373856aee675d70315264ef33dcac87e8a02cba7af7f166b2af5b2d59ff6
rule,173205,123,block_01,RPM,4,canonical,0,1,1,011,2000,2000,2000,1.0,1.0,f6819e9926d7f856c70ebf326ee7f2d8c140ea9b5af570c56ac3fe496a20ac06
rule,173205,2026,block_01,RPM,4,canonical,0,1,1,011,2000,2000,2000,1.0,1.0,af58ef89f7876138cb4cf1a1e371c69bd550d7feb4225849cf1f5e3675e87c1a
rule,173205,3407,block_01,RPM,4,canonical,0,1,1,011,2000,2000,2000,1.0,1.0,4996c12b6209eb45ae0dbdb1691250b245be0b6fecb46f30399571fc519b5c3c
rule,314159,7,block_01,RPM,4,canonical,1,0,0,100,2000,375,1943,0.1875,0.9715,09b08194395debb2e4c30ea7fd1d27c8baf67e8d568a6f6cb1a842e038f346ed
rule,314159,42,block_01,RPM,4,canonical,1,0,0,100,2000,107,1978,0.0535,0.989,8a523faeac10844b457627c241d4ee4729a6bb6dd41ff79aaa640064767a8f13
rule,314159,123,block_01,RPM,4,canonical,1,0,0,100,2000,834,1415,0.417,0.7075,c81ec1fe7d3cf906172f8c9b79e4facaf3a711fb5cf31bf0f93b7f148c8f20b9
rule,314159,2026,block_01,RPM,4,canonical,1,0,0,100,2000,409,1913,0.2045,0.9565,9f89d0fcf4c911b042d944313e1c99ff10ee1f483396e2cfd5227b6e4c3f7c8b
rule,314159,3407,block_01,RPM,4,canonical,1,0,0,100,2000,406,1864,0.203,0.932,6c11d84632896e7e21097c35bc8949be0d6c8d1c57e6210d58494766ce9bba46
rule,271828,7,block_01,RPM,4,canonical,1,0,0,100,2000,443,1994,0.2215,0.997,babbe5055150e5e5d800452dc61dda1b3d211a60de7c37eadae846378658c255
rule,271828,42,block_01,RPM,4,canonical,1,0,0,100,2000,70,1195,0.035,0.5975,db3eb42f52a20b23f546ee24e20a211e1f434b1febd2dcdc33dee23aa860a806
rule,271828,123,block_01,RPM,4,canonical,1,0,0,100,2000,610,1872,0.305,0.936,d8719c636c13ee805e95c787d18cdc4272d1f8d4d168166eb66e348abc6f2da7
rule,271828,2026,block_01,RPM,4,canonical,1,0,0,100,2000,204,876,0.102,0.438,c0156f2bf2d889f6af59d8cefedeb3b720e095546e5192bcda73900bc0c70af1
rule,271828,3407,block_01,RPM,4,canonical,1,0,0,100,2000,222,1767,0.111,0.8835,708b454de01da83e20da3b831489c68fce15a87d99e76e19fe6e0d8613876ccc
rule,161803,7,block_01,RPM,4,canonical,1,0,0,100,2000,151,1976,0.0755,0.988,d42b29e2f7bc00439efcb3141f0db55adf84ece88d5264bc066b756ef5def2c0
rule,161803,42,block_01,RPM,4,canonical,1,0,0,100,2000,179,1647,0.0895,0.8235,1c1df00db55b563140e164259b4d26675eba3ab5c882fbbeb25d3ad65cc3f3bb
rule,161803,123,block_01,RPM,4,canonical,1,0,0,100,2000,1127,1929,0.5635,0.9645,baa06c1f9260379da7ba42fbea560af4e56fd486be655e7c4343f76b73e493b7
rule,161803,2026,block_01,RPM,4,canonical,1,0,0,100,2000,137,1439,0.0685,0.7195,fbfc69d3a02d3c2318b2a14c83e0d6ab28b501ba94eb34db863b413dfe293374
rule,161803,3407,block_01,RPM,4,canonical,1,0,0,100,2000,88,1935,0.044,0.9675,00bc893a694e7e7ef1e576d93fdc8abb70d52de882880b4da13b3d74ba3110a9
rule,141421,7,block_01,RPM,4,canonical,1,0,0,100,2000,363,1891,0.1815,0.9455,d07e9b83ad4dbbac6168146603dd1b2cba2ff523be063b036039f297548d284e
rule,141421,42,block_01,RPM,4,canonical,1,0,0,100,2000,239,1786,0.1195,0.893,c61407a2bc04d2ec05d79f0f6158e73bd558efe30521f2c56a0c191fbde59ba3
rule,141421,123,block_01,RPM,4,canonical,1,0,0,100,2000,362,1614,0.181,0.807,8469470dbe93b813a1ff9f5ea9db24110c92450abae5f47552d3b243a3379a7a
rule,141421,2026,block_01,RPM,4,canonical,1,0,0,100,2000,89,487,0.0445,0.2435,a6ed20ef78457734c1398d2ea29846326b93a039808fa3b1d49c1ca02bc74a5d
rule,141421,3407,block_01,RPM,4,canonical,1,0,0,100,2000,386,1984,0.193,0.992,7ced397f47396bc0049c98565747ae379ebf87783c5a7fbf1bba17d95eae7f6b
rule,173205,7,block_01,RPM,4,canonical,1,0,0,100,2000,213,1925,0.1065,0.9625,7371d09cdd8e7188b8a3d1a4384594d197918351fe6d53d2c196969a5b8f4e1c
rule,173205,42,block_01,RPM,4,canonical,1,0,0,100,2000,72,1327,0.036,0.6635,f3b1373856aee675d70315264ef33dcac87e8a02cba7af7f166b2af5b2d59ff6
rule,173205,123,block_01,RPM,4,canonical,1,0,0,100,2000,1203,1807,0.6015,0.9035,f6819e9926d7f856c70ebf326ee7f2d8c140ea9b5af570c56ac3fe496a20ac06
rule,173205,2026,block_01,RPM,4,canonical,1,0,0,100,2000,246,580,0.123,0.29,af58ef89f7876138cb4cf1a1e371c69bd550d7feb4225849cf1f5e3675e87c1a
rule,173205,3407,block_01,RPM,4,canonical,1,0,0,100,2000,634,1887,0.317,0.9435,4996c12b6209eb45ae0dbdb1691250b245be0b6fecb46f30399571fc519b5c3c
rule,314159,7,block_01,RPM,4,canonical,1,0,1,101,2000,2,2000,0.001,1.0,09b08194395debb2e4c30ea7fd1d27c8baf67e8d568a6f6cb1a842e038f346ed
rule,314159,42,block_01,RPM,4,canonical,1,0,1,101,2000,0,2000,0.0,1.0,8a523faeac10844b457627c241d4ee4729a6bb6dd41ff79aaa640064767a8f13
rule,314159,123,block_01,RPM,4,canonical,1,0,1,101,2000,266,2000,0.133,1.0,c81ec1fe7d3cf906172f8c9b79e4facaf3a711fb5cf31bf0f93b7f148c8f20b9
rule,314159,2026,block_01,RPM,4,canonical,1,0,1,101,2000,2,2000,0.001,1.0,9f89d0fcf4c911b042d944313e1c99ff10ee1f483396e2cfd5227b6e4c3f7c8b
rule,314159,3407,block_01,RPM,4,canonical,1,0,1,101,2000,20,2000,0.01,1.0,6c11d84632896e7e21097c35bc8949be0d6c8d1c57e6210d58494766ce9bba46
rule,271828,7,block_01,RPM,4,canonical,1,0,1,101,2000,3,2000,0.0015,1.0,babbe5055150e5e5d800452dc61dda1b3d211a60de7c37eadae846378658c255
rule,271828,42,block_01,RPM,4,canonical,1,0,1,101,2000,19,1991,0.0095,0.9955,db3eb42f52a20b23f546ee24e20a211e1f434b1febd2dcdc33dee23aa860a806
rule,271828,123,block_01,RPM,4,canonical,1,0,1,101,2000,36,2000,0.018,1.0,d8719c636c13ee805e95c787d18cdc4272d1f8d4d168166eb66e348abc6f2da7
rule,271828,2026,block_01,RPM,4,canonical,1,0,1,101,2000,27,1999,0.0135,0.9995,c0156f2bf2d889f6af59d8cefedeb3b720e095546e5192bcda73900bc0c70af1
rule,271828,3407,block_01,RPM,4,canonical,1,0,1,101,2000,8,2000,0.004,1.0,708b454de01da83e20da3b831489c68fce15a87d99e76e19fe6e0d8613876ccc
rule,161803,7,block_01,RPM,4,canonical,1,0,1,101,2000,12,1999,0.006,0.9995,d42b29e2f7bc00439efcb3141f0db55adf84ece88d5264bc066b756ef5def2c0
rule,161803,42,block_01,RPM,4,canonical,1,0,1,101,2000,0,2000,0.0,1.0,1c1df00db55b563140e164259b4d26675eba3ab5c882fbbeb25d3ad65cc3f3bb
rule,161803,123,block_01,RPM,4,canonical,1,0,1,101,2000,151,2000,0.0755,1.0,baa06c1f9260379da7ba42fbea560af4e56fd486be655e7c4343f76b73e493b7
rule,161803,2026,block_01,RPM,4,canonical,1,0,1,101,2000,0,2000,0.0,1.0,fbfc69d3a02d3c2318b2a14c83e0d6ab28b501ba94eb34db863b413dfe293374
rule,161803,3407,block_01,RPM,4,canonical,1,0,1,101,2000,0,2000,0.0,1.0,00bc893a694e7e7ef1e576d93fdc8abb70d52de882880b4da13b3d74ba3110a9
rule,141421,7,block_01,RPM,4,canonical,1,0,1,101,2000,4,1997,0.002,0.9985,d07e9b83ad4dbbac6168146603dd1b2cba2ff523be063b036039f297548d284e
rule,141421,42,block_01,RPM,4,canonical,1,0,1,101,2000,5,2000,0.0025,1.0,c61407a2bc04d2ec05d79f0f6158e73bd558efe30521f2c56a0c191fbde59ba3
rule,141421,123,block_01,RPM,4,canonical,1,0,1,101,2000,4,2000,0.002,1.0,8469470dbe93b813a1ff9f5ea9db24110c92450abae5f47552d3b243a3379a7a
rule,141421,2026,block_01,RPM,4,canonical,1,0,1,101,2000,5,1963,0.0025,0.9815,a6ed20ef78457734c1398d2ea29846326b93a039808fa3b1d49c1ca02bc74a5d
rule,141421,3407,block_01,RPM,4,canonical,1,0,1,101,2000,28,2000,0.014,1.0,7ced397f47396bc0049c98565747ae379ebf87783c5a7fbf1bba17d95eae7f6b
rule,173205,7,block_01,RPM,4,canonical,1,0,1,101,2000,0,2000,0.0,1.0,7371d09cdd8e7188b8a3d1a4384594d197918351fe6d53d2c196969a5b8f4e1c
rule,173205,42,block_01,RPM,4,canonical,1,0,1,101,2000,0,2000,0.0,1.0,f3b1373856aee675d70315264ef33dcac87e8a02cba7af7f166b2af5b2d59ff6
rule,173205,123,block_01,RPM,4,canonical,1,0,1,101,2000,457,2000,0.2285,1.0,f6819e9926d7f856c70ebf326ee7f2d8c140ea9b5af570c56ac3fe496a20ac06
rule,173205,2026,block_01,RPM,4,canonical,1,0,1,101,2000,24,1998,0.012,0.999,af58ef89f7876138cb4cf1a1e371c69bd550d7feb4225849cf1f5e3675e87c1a
rule,173205,3407,block_01,RPM,4,canonical,1,0,1,101,2000,247,2000,0.1235,1.0,4996c12b6209eb45ae0dbdb1691250b245be0b6fecb46f30399571fc519b5c3c
rule,314159,7,block_01,RPM,4,canonical,1,1,0,110,2000,465,1672,0.2325,0.836,09b08194395debb2e4c30ea7fd1d27c8baf67e8d568a6f6cb1a842e038f346ed
rule,314159,42,block_01,RPM,4,canonical,1,1,0,110,2000,121,1913,0.0605,0.9565,8a523faeac10844b457627c241d4ee4729a6bb6dd41ff79aaa640064767a8f13
rule,314159,123,block_01,RPM,4,canonical,1,1,0,110,2000,182,1592,0.091,0.796,c81ec1fe7d3cf906172f8c9b79e4facaf3a711fb5cf31bf0f93b7f148c8f20b9
rule,314159,2026,block_01,RPM,4,canonical,1,1,0,110,2000,485,1912,0.2425,0.956,9f89d0fcf4c911b042d944313e1c99ff10ee1f483396e2cfd5227b6e4c3f7c8b
rule,314159,3407,block_01,RPM,4,canonical,1,1,0,110,2000,785,1686,0.3925,0.843,6c11d84632896e7e21097c35bc8949be0d6c8d1c57e6210d58494766ce9bba46
rule,271828,7,block_01,RPM,4,canonical,1,1,0,110,2000,694,1953,0.347,0.9765,babbe5055150e5e5d800452dc61dda1b3d211a60de7c37eadae846378658c255
rule,271828,42,block_01,RPM,4,canonical,1,1,0,110,2000,172,1376,0.086,0.688,db3eb42f52a20b23f546ee24e20a211e1f434b1febd2dcdc33dee23aa860a806
rule,271828,123,block_01,RPM,4,canonical,1,1,0,110,2000,231,1746,0.1155,0.873,d8719c636c13ee805e95c787d18cdc4272d1f8d4d168166eb66e348abc6f2da7
rule,271828,2026,block_01,RPM,4,canonical,1,1,0,110,2000,377,1214,0.1885,0.607,c0156f2bf2d889f6af59d8cefedeb3b720e095546e5192bcda73900bc0c70af1
rule,271828,3407,block_01,RPM,4,canonical,1,1,0,110,2000,422,1348,0.211,0.674,708b454de01da83e20da3b831489c68fce15a87d99e76e19fe6e0d8613876ccc
rule,161803,7,block_01,RPM,4,canonical,1,1,0,110,2000,363,1881,0.1815,0.9405,d42b29e2f7bc00439efcb3141f0db55adf84ece88d5264bc066b756ef5def2c0
rule,161803,42,block_01,RPM,4,canonical,1,1,0,110,2000,250,1483,0.125,0.7415,1c1df00db55b563140e164259b4d26675eba3ab5c882fbbeb25d3ad65cc3f3bb
rule,161803,123,block_01,RPM,4,canonical,1,1,0,110,2000,460,1700,0.23,0.85,baa06c1f9260379da7ba42fbea560af4e56fd486be655e7c4343f76b73e493b7
rule,161803,2026,block_01,RPM,4,canonical,1,1,0,110,2000,153,1484,0.0765,0.742,fbfc69d3a02d3c2318b2a14c83e0d6ab28b501ba94eb34db863b413dfe293374
rule,161803,3407,block_01,RPM,4,canonical,1,1,0,110,2000,234,1888,0.117,0.944,00bc893a694e7e7ef1e576d93fdc8abb70d52de882880b4da13b3d74ba3110a9
rule,141421,7,block_01,RPM,4,canonical,1,1,0,110,2000,763,1728,0.3815,0.864,d07e9b83ad4dbbac6168146603dd1b2cba2ff523be063b036039f297548d284e
rule,141421,42,block_01,RPM,4,canonical,1,1,0,110,2000,190,1770,0.095,0.885,c61407a2bc04d2ec05d79f0f6158e73bd558efe30521f2c56a0c191fbde59ba3
rule,141421,123,block_01,RPM,4,canonical,1,1,0,110,2000,120,1394,0.06,0.697,8469470dbe93b813a1ff9f5ea9db24110c92450abae5f47552d3b243a3379a7a
rule,141421,2026,block_01,RPM,4,canonical,1,1,0,110,2000,176,609,0.088,0.3045,a6ed20ef78457734c1398d2ea29846326b93a039808fa3b1d49c1ca02bc74a5d
rule,141421,3407,block_01,RPM,4,canonical,1,1,0,110,2000,531,1929,0.2655,0.9645,7ced397f47396bc0049c98565747ae379ebf87783c5a7fbf1bba17d95eae7f6b
rule,173205,7,block_01,RPM,4,canonical,1,1,0,110,2000,285,1666,0.1425,0.833,7371d09cdd8e7188b8a3d1a4384594d197918351fe6d53d2c196969a5b8f4e1c
rule,173205,42,block_01,RPM,4,canonical,1,1,0,110,2000,115,1204,0.0575,0.602,f3b1373856aee675d70315264ef33dcac87e8a02cba7af7f166b2af5b2d59ff6
rule,173205,123,block_01,RPM,4,canonical,1,1,0,110,2000,753,1682,0.3765,0.841,f6819e9926d7f856c70ebf326ee7f2d8c140ea9b5af570c56ac3fe496a20ac06
rule,173205,2026,block_01,RPM,4,canonical,1,1,0,110,2000,252,794,0.126,0.397,af58ef89f7876138cb4cf1a1e371c69bd550d7feb4225849cf1f5e3675e87c1a
rule,173205,3407,block_01,RPM,4,canonical,1,1,0,110,2000,859,1726,0.4295,0.863,4996c12b6209eb45ae0dbdb1691250b245be0b6fecb46f30399571fc519b5c3c
rule,314159,7,block_01,RPM,4,canonical,1,1,1,111,2000,49,1997,0.0245,0.9985,09b08194395debb2e4c30ea7fd1d27c8baf67e8d568a6f6cb1a842e038f346ed
rule,314159,42,block_01,RPM,4,canonical,1,1,1,111,2000,3,2000,0.0015,1.0,8a523faeac10844b457627c241d4ee4729a6bb6dd41ff79aaa640064767a8f13
rule,314159,123,block_01,RPM,4,canonical,1,1,1,111,2000,7,2000,0.0035,1.0,c81ec1fe7d3cf906172f8c9b79e4facaf3a711fb5cf31bf0f93b7f148c8f20b9
rule,314159,2026,block_01,RPM,4,canonical,1,1,1,111,2000,33,2000,0.0165,1.0,9f89d0fcf4c911b042d944313e1c99ff10ee1f483396e2cfd5227b6e4c3f7c8b
rule,314159,3407,block_01,RPM,4,canonical,1,1,1,111,2000,112,2000,0.056,1.0,6c11d84632896e7e21097c35bc8949be0d6c8d1c57e6210d58494766ce9bba46
rule,271828,7,block_01,RPM,4,canonical,1,1,1,111,2000,57,2000,0.0285,1.0,babbe5055150e5e5d800452dc61dda1b3d211a60de7c37eadae846378658c255
rule,271828,42,block_01,RPM,4,canonical,1,1,1,111,2000,23,2000,0.0115,1.0,db3eb42f52a20b23f546ee24e20a211e1f434b1febd2dcdc33dee23aa860a806
rule,271828,123,block_01,RPM,4,canonical,1,1,1,111,2000,10,2000,0.005,1.0,d8719c636c13ee805e95c787d18cdc4272d1f8d4d168166eb66e348abc6f2da7
rule,271828,2026,block_01,RPM,4,canonical,1,1,1,111,2000,250,2000,0.125,1.0,c0156f2bf2d889f6af59d8cefedeb3b720e095546e5192bcda73900bc0c70af1
rule,271828,3407,block_01,RPM,4,canonical,1,1,1,111,2000,48,1999,0.024,0.9995,708b454de01da83e20da3b831489c68fce15a87d99e76e19fe6e0d8613876ccc
rule,161803,7,block_01,RPM,4,canonical,1,1,1,111,2000,35,1995,0.0175,0.9975,d42b29e2f7bc00439efcb3141f0db55adf84ece88d5264bc066b756ef5def2c0
rule,161803,42,block_01,RPM,4,canonical,1,1,1,111,2000,0,2000,0.0,1.0,1c1df00db55b563140e164259b4d26675eba3ab5c882fbbeb25d3ad65cc3f3bb
rule,161803,123,block_01,RPM,4,canonical,1,1,1,111,2000,26,2000,0.013,1.0,baa06c1f9260379da7ba42fbea560af4e56fd486be655e7c4343f76b73e493b7
rule,161803,2026,block_01,RPM,4,canonical,1,1,1,111,2000,7,1996,0.0035,0.998,fbfc69d3a02d3c2318b2a14c83e0d6ab28b501ba94eb34db863b413dfe293374
rule,161803,3407,block_01,RPM,4,canonical,1,1,1,111,2000,1,2000,0.0005,1.0,00bc893a694e7e7ef1e576d93fdc8abb70d52de882880b4da13b3d74ba3110a9
rule,141421,7,block_01,RPM,4,canonical,1,1,1,111,2000,260,1995,0.13,0.9975,d07e9b83ad4dbbac6168146603dd1b2cba2ff523be063b036039f297548d284e
rule,141421,42,block_01,RPM,4,canonical,1,1,1,111,2000,2,2000,0.001,1.0,c61407a2bc04d2ec05d79f0f6158e73bd558efe30521f2c56a0c191fbde59ba3
rule,141421,123,block_01,RPM,4,canonical,1,1,1,111,2000,0,2000,0.0,1.0,8469470dbe93b813a1ff9f5ea9db24110c92450abae5f47552d3b243a3379a7a
rule,141421,2026,block_01,RPM,4,canonical,1,1,1,111,2000,48,1842,0.024,0.921,a6ed20ef78457734c1398d2ea29846326b93a039808fa3b1d49c1ca02bc74a5d
rule,141421,3407,block_01,RPM,4,canonical,1,1,1,111,2000,105,2000,0.0525,1.0,7ced397f47396bc0049c98565747ae379ebf87783c5a7fbf1bba17d95eae7f6b
rule,173205,7,block_01,RPM,4,canonical,1,1,1,111,2000,16,2000,0.008,1.0,7371d09cdd8e7188b8a3d1a4384594d197918351fe6d53d2c196969a5b8f4e1c
rule,173205,42,block_01,RPM,4,canonical,1,1,1,111,2000,3,2000,0.0015,1.0,f3b1373856aee675d70315264ef33dcac87e8a02cba7af7f166b2af5b2d59ff6
rule,173205,123,block_01,RPM,4,canonical,1,1,1,111,2000,161,2000,0.0805,1.0,f6819e9926d7f856c70ebf326ee7f2d8c140ea9b5af570c56ac3fe496a20ac06
rule,173205,2026,block_01,RPM,4,canonical,1,1,1,111,2000,54,1986,0.027,0.993,af58ef89f7876138cb4cf1a1e371c69bd550d7feb4225849cf1f5e3675e87c1a
rule,173205,3407,block_01,RPM,4,canonical,1,1,1,111,2000,260,2000,0.13,1.0,4996c12b6209eb45ae0dbdb1691250b245be0b6fecb46f30399571fc519b5c3c
rule,314159,7,block_01,RPM,4,shifted,0,0,0,000,2000,2000,2000,1.0,1.0,09b08194395debb2e4c30ea7fd1d27c8baf67e8d568a6f6cb1a842e038f346ed
rule,314159,42,block_01,RPM,4,shifted,0,0,0,000,2000,2000,2000,1.0,1.0,8a523faeac10844b457627c241d4ee4729a6bb6dd41ff79aaa640064767a8f13
rule,314159,123,block_01,RPM,4,shifted,0,0,0,000,2000,2000,2000,1.0,1.0,c81ec1fe7d3cf906172f8c9b79e4facaf3a711fb5cf31bf0f93b7f148c8f20b9
rule,314159,2026,block_01,RPM,4,shifted,0,0,0,000,2000,2000,2000,1.0,1.0,9f89d0fcf4c911b042d944313e1c99ff10ee1f483396e2cfd5227b6e4c3f7c8b
rule,314159,3407,block_01,RPM,4,shifted,0,0,0,000,2000,2000,2000,1.0,1.0,6c11d84632896e7e21097c35bc8949be0d6c8d1c57e6210d58494766ce9bba46
rule,271828,7,block_01,RPM,4,shifted,0,0,0,000,2000,2000,2000,1.0,1.0,babbe5055150e5e5d800452dc61dda1b3d211a60de7c37eadae846378658c255
rule,271828,42,block_01,RPM,4,shifted,0,0,0,000,2000,2000,2000,1.0,1.0,db3eb42f52a20b23f546ee24e20a211e1f434b1febd2dcdc33dee23aa860a806
rule,271828,123,block_01,RPM,4,shifted,0,0,0,000,2000,2000,2000,1.0,1.0,d8719c636c13ee805e95c787d18cdc4272d1f8d4d168166eb66e348abc6f2da7
rule,271828,2026,block_01,RPM,4,shifted,0,0,0,000,2000,2000,2000,1.0,1.0,c0156f2bf2d889f6af59d8cefedeb3b720e095546e5192bcda73900bc0c70af1
rule,271828,3407,block_01,RPM,4,shifted,0,0,0,000,2000,2000,2000,1.0,1.0,708b454de01da83e20da3b831489c68fce15a87d99e76e19fe6e0d8613876ccc
rule,161803,7,block_01,RPM,4,shifted,0,0,0,000,2000,2000,2000,1.0,1.0,d42b29e2f7bc00439efcb3141f0db55adf84ece88d5264bc066b756ef5def2c0
rule,161803,42,block_01,RPM,4,shifted,0,0,0,000,2000,2000,2000,1.0,1.0,1c1df00db55b563140e164259b4d26675eba3ab5c882fbbeb25d3ad65cc3f3bb
rule,161803,123,block_01,RPM,4,shifted,0,0,0,000,2000,2000,2000,1.0,1.0,baa06c1f9260379da7ba42fbea560af4e56fd486be655e7c4343f76b73e493b7
rule,161803,2026,block_01,RPM,4,shifted,0,0,0,000,2000,2000,2000,1.0,1.0,fbfc69d3a02d3c2318b2a14c83e0d6ab28b501ba94eb34db863b413dfe293374
rule,161803,3407,block_01,RPM,4,shifted,0,0,0,000,2000,2000,2000,1.0,1.0,00bc893a694e7e7ef1e576d93fdc8abb70d52de882880b4da13b3d74ba3110a9
rule,141421,7,block_01,RPM,4,shifted,0,0,0,000,2000,2000,2000,1.0,1.0,d07e9b83ad4dbbac6168146603dd1b2cba2ff523be063b036039f297548d284e
rule,141421,42,block_01,RPM,4,shifted,0,0,0,000,2000,2000,2000,1.0,1.0,c61407a2bc04d2ec05d79f0f6158e73bd558efe30521f2c56a0c191fbde59ba3
rule,141421,123,block_01,RPM,4,shifted,0,0,0,000,2000,2000,2000,1.0,1.0,8469470dbe93b813a1ff9f5ea9db24110c92450abae5f47552d3b243a3379a7a
rule,141421,2026,block_01,RPM,4,shifted,0,0,0,000,2000,2000,2000,1.0,1.0,a6ed20ef78457734c1398d2ea29846326b93a039808fa3b1d49c1ca02bc74a5d
rule,141421,3407,block_01,RPM,4,shifted,0,0,0,000,2000,2000,2000,1.0,1.0,7ced397f47396bc0049c98565747ae379ebf87783c5a7fbf1bba17d95eae7f6b
rule,173205,7,block_01,RPM,4,shifted,0,0,0,000,2000,2000,2000,1.0,1.0,7371d09cdd8e7188b8a3d1a4384594d197918351fe6d53d2c196969a5b8f4e1c
rule,173205,42,block_01,RPM,4,shifted,0,0,0,000,2000,2000,2000,1.0,1.0,f3b1373856aee675d70315264ef33dcac87e8a02cba7af7f166b2af5b2d59ff6
rule,173205,123,block_01,RPM,4,shifted,0,0,0,000,2000,2000,2000,1.0,1.0,f6819e9926d7f856c70ebf326ee7f2d8c140ea9b5af570c56ac3fe496a20ac06
rule,173205,2026,block_01,RPM,4,shifted,0,0,0,000,2000,2000,2000,1.0,1.0,af58ef89f7876138cb4cf1a1e371c69bd550d7feb4225849cf1f5e3675e87c1a
rule,173205,3407,block_01,RPM,4,shifted,0,0,0,000,2000,2000,2000,1.0,1.0,4996c12b6209eb45ae0dbdb1691250b245be0b6fecb46f30399571fc519b5c3c
rule,314159,7,block_01,RPM,4,shifted,0,0,1,001,2000,2000,2000,1.0,1.0,09b08194395debb2e4c30ea7fd1d27c8baf67e8d568a6f6cb1a842e038f346ed
rule,314159,42,block_01,RPM,4,shifted,0,0,1,001,2000,2000,2000,1.0,1.0,8a523faeac10844b457627c241d4ee4729a6bb6dd41ff79aaa640064767a8f13
rule,314159,123,block_01,RPM,4,shifted,0,0,1,001,2000,2000,2000,1.0,1.0,c81ec1fe7d3cf906172f8c9b79e4facaf3a711fb5cf31bf0f93b7f148c8f20b9
rule,314159,2026,block_01,RPM,4,shifted,0,0,1,001,2000,2000,2000,1.0,1.0,9f89d0fcf4c911b042d944313e1c99ff10ee1f483396e2cfd5227b6e4c3f7c8b
rule,314159,3407,block_01,RPM,4,shifted,0,0,1,001,2000,2000,2000,1.0,1.0,6c11d84632896e7e21097c35bc8949be0d6c8d1c57e6210d58494766ce9bba46
rule,271828,7,block_01,RPM,4,shifted,0,0,1,001,2000,2000,2000,1.0,1.0,babbe5055150e5e5d800452dc61dda1b3d211a60de7c37eadae846378658c255
rule,271828,42,block_01,RPM,4,shifted,0,0,1,001,2000,2000,2000,1.0,1.0,db3eb42f52a20b23f546ee24e20a211e1f434b1febd2dcdc33dee23aa860a806
rule,271828,123,block_01,RPM,4,shifted,0,0,1,001,2000,2000,2000,1.0,1.0,d8719c636c13ee805e95c787d18cdc4272d1f8d4d168166eb66e348abc6f2da7
rule,271828,2026,block_01,RPM,4,shifted,0,0,1,001,2000,2000,2000,1.0,1.0,c0156f2bf2d889f6af59d8cefedeb3b720e095546e5192bcda73900bc0c70af1
rule,271828,3407,block_01,RPM,4,shifted,0,0,1,001,2000,2000,2000,1.0,1.0,708b454de01da83e20da3b831489c68fce15a87d99e76e19fe6e0d8613876ccc
rule,161803,7,block_01,RPM,4,shifted,0,0,1,001,2000,2000,2000,1.0,1.0,d42b29e2f7bc00439efcb3141f0db55adf84ece88d5264bc066b756ef5def2c0
rule,161803,42,block_01,RPM,4,shifted,0,0,1,001,2000,2000,2000,1.0,1.0,1c1df00db55b563140e164259b4d26675eba3ab5c882fbbeb25d3ad65cc3f3bb
rule,161803,123,block_01,RPM,4,shifted,0,0,1,001,2000,2000,2000,1.0,1.0,baa06c1f9260379da7ba42fbea560af4e56fd486be655e7c4343f76b73e493b7
rule,161803,2026,block_01,RPM,4,shifted,0,0,1,001,2000,2000,2000,1.0,1.0,fbfc69d3a02d3c2318b2a14c83e0d6ab28b501ba94eb34db863b413dfe293374
rule,161803,3407,block_01,RPM,4,shifted,0,0,1,001,2000,2000,2000,1.0,1.0,00bc893a694e7e7ef1e576d93fdc8abb70d52de882880b4da13b3d74ba3110a9
rule,141421,7,block_01,RPM,4,shifted,0,0,1,001,2000,2000,2000,1.0,1.0,d07e9b83ad4dbbac6168146603dd1b2cba2ff523be063b036039f297548d284e
rule,141421,42,block_01,RPM,4,shifted,0,0,1,001,2000,2000,2000,1.0,1.0,c61407a2bc04d2ec05d79f0f6158e73bd558efe30521f2c56a0c191fbde59ba3
rule,141421,123,block_01,RPM,4,shifted,0,0,1,001,2000,2000,2000,1.0,1.0,8469470dbe93b813a1ff9f5ea9db24110c92450abae5f47552d3b243a3379a7a
rule,141421,2026,block_01,RPM,4,shifted,0,0,1,001,2000,2000,2000,1.0,1.0,a6ed20ef78457734c1398d2ea29846326b93a039808fa3b1d49c1ca02bc74a5d
rule,141421,3407,block_01,RPM,4,shifted,0,0,1,001,2000,2000,2000,1.0,1.0,7ced397f47396bc0049c98565747ae379ebf87783c5a7fbf1bba17d95eae7f6b
rule,173205,7,block_01,RPM,4,shifted,0,0,1,001,2000,2000,2000,1.0,1.0,7371d09cdd8e7188b8a3d1a4384594d197918351fe6d53d2c196969a5b8f4e1c
rule,173205,42,block_01,RPM,4,shifted,0,0,1,001,2000,2000,2000,1.0,1.0,f3b1373856aee675d70315264ef33dcac87e8a02cba7af7f166b2af5b2d59ff6
rule,173205,123,block_01,RPM,4,shifted,0,0,1,001,2000,2000,2000,1.0,1.0,f6819e9926d7f856c70ebf326ee7f2d8c140ea9b5af570c56ac3fe496a20ac06
rule,173205,2026,block_01,RPM,4,shifted,0,0,1,001,2000,2000,2000,1.0,1.0,af58ef89f7876138cb4cf1a1e371c69bd550d7feb4225849cf1f5e3675e87c1a
rule,173205,3407,block_01,RPM,4,shifted,0,0,1,001,2000,2000,2000,1.0,1.0,4996c12b6209eb45ae0dbdb1691250b245be0b6fecb46f30399571fc519b5c3c
rule,314159,7,block_01,RPM,4,shifted,0,1,0,010,2000,2000,2000,1.0,1.0,09b08194395debb2e4c30ea7fd1d27c8baf67e8d568a6f6cb1a842e038f346ed
rule,314159,42,block_01,RPM,4,shifted,0,1,0,010,2000,2000,2000,1.0,1.0,8a523faeac10844b457627c241d4ee4729a6bb6dd41ff79aaa640064767a8f13
rule,314159,123,block_01,RPM,4,shifted,0,1,0,010,2000,2000,2000,1.0,1.0,c81ec1fe7d3cf906172f8c9b79e4facaf3a711fb5cf31bf0f93b7f148c8f20b9
rule,314159,2026,block_01,RPM,4,shifted,0,1,0,010,2000,2000,2000,1.0,1.0,9f89d0fcf4c911b042d944313e1c99ff10ee1f483396e2cfd5227b6e4c3f7c8b
rule,314159,3407,block_01,RPM,4,shifted,0,1,0,010,2000,2000,2000,1.0,1.0,6c11d84632896e7e21097c35bc8949be0d6c8d1c57e6210d58494766ce9bba46
rule,271828,7,block_01,RPM,4,shifted,0,1,0,010,2000,2000,2000,1.0,1.0,babbe5055150e5e5d800452dc61dda1b3d211a60de7c37eadae846378658c255
rule,271828,42,block_01,RPM,4,shifted,0,1,0,010,2000,2000,2000,1.0,1.0,db3eb42f52a20b23f546ee24e20a211e1f434b1febd2dcdc33dee23aa860a806
rule,271828,123,block_01,RPM,4,shifted,0,1,0,010,2000,2000,2000,1.0,1.0,d8719c636c13ee805e95c787d18cdc4272d1f8d4d168166eb66e348abc6f2da7
rule,271828,2026,block_01,RPM,4,shifted,0,1,0,010,2000,2000,2000,1.0,1.0,c0156f2bf2d889f6af59d8cefedeb3b720e095546e5192bcda73900bc0c70af1
rule,271828,3407,block_01,RPM,4,shifted,0,1,0,010,2000,2000,2000,1.0,1.0,708b454de01da83e20da3b831489c68fce15a87d99e76e19fe6e0d8613876ccc
rule,161803,7,block_01,RPM,4,shifted,0,1,0,010,2000,2000,2000,1.0,1.0,d42b29e2f7bc00439efcb3141f0db55adf84ece88d5264bc066b756ef5def2c0
rule,161803,42,block_01,RPM,4,shifted,0,1,0,010,2000,2000,2000,1.0,1.0,1c1df00db55b563140e164259b4d26675eba3ab5c882fbbeb25d3ad65cc3f3bb
rule,161803,123,block_01,RPM,4,shifted,0,1,0,010,2000,2000,2000,1.0,1.0,baa06c1f9260379da7ba42fbea560af4e56fd486be655e7c4343f76b73e493b7
rule,161803,2026,block_01,RPM,4,shifted,0,1,0,010,2000,2000,2000,1.0,1.0,fbfc69d3a02d3c2318b2a14c83e0d6ab28b501ba94eb34db863b413dfe293374
rule,161803,3407,block_01,RPM,4,shifted,0,1,0,010,2000,2000,2000,1.0,1.0,00bc893a694e7e7ef1e576d93fdc8abb70d52de882880b4da13b3d74ba3110a9
rule,141421,7,block_01,RPM,4,shifted,0,1,0,010,2000,2000,2000,1.0,1.0,d07e9b83ad4dbbac6168146603dd1b2cba2ff523be063b036039f297548d284e
rule,141421,42,block_01,RPM,4,shifted,0,1,0,010,2000,2000,2000,1.0,1.0,c61407a2bc04d2ec05d79f0f6158e73bd558efe30521f2c56a0c191fbde59ba3
rule,141421,123,block_01,RPM,4,shifted,0,1,0,010,2000,2000,2000,1.0,1.0,8469470dbe93b813a1ff9f5ea9db24110c92450abae5f47552d3b243a3379a7a
rule,141421,2026,block_01,RPM,4,shifted,0,1,0,010,2000,2000,2000,1.0,1.0,a6ed20ef78457734c1398d2ea29846326b93a039808fa3b1d49c1ca02bc74a5d
rule,141421,3407,block_01,RPM,4,shifted,0,1,0,010,2000,2000,2000,1.0,1.0,7ced397f47396bc0049c98565747ae379ebf87783c5a7fbf1bba17d95eae7f6b
rule,173205,7,block_01,RPM,4,shifted,0,1,0,010,2000,2000,2000,1.0,1.0,7371d09cdd8e7188b8a3d1a4384594d197918351fe6d53d2c196969a5b8f4e1c
rule,173205,42,block_01,RPM,4,shifted,0,1,0,010,2000,2000,2000,1.0,1.0,f3b1373856aee675d70315264ef33dcac87e8a02cba7af7f166b2af5b2d59ff6
rule,173205,123,block_01,RPM,4,shifted,0,1,0,010,2000,2000,2000,1.0,1.0,f6819e9926d7f856c70ebf326ee7f2d8c140ea9b5af570c56ac3fe496a20ac06
rule,173205,2026,block_01,RPM,4,shifted,0,1,0,010,2000,2000,2000,1.0,1.0,af58ef89f7876138cb4cf1a1e371c69bd550d7feb4225849cf1f5e3675e87c1a
rule,173205,3407,block_01,RPM,4,shifted,0,1,0,010,2000,2000,2000,1.0,1.0,4996c12b6209eb45ae0dbdb1691250b245be0b6fecb46f30399571fc519b5c3c
rule,314159,7,block_01,RPM,4,shifted,0,1,1,011,2000,2000,2000,1.0,1.0,09b08194395debb2e4c30ea7fd1d27c8baf67e8d568a6f6cb1a842e038f346ed
rule,314159,42,block_01,RPM,4,shifted,0,1,1,011,2000,2000,2000,1.0,1.0,8a523faeac10844b457627c241d4ee4729a6bb6dd41ff79aaa640064767a8f13
rule,314159,123,block_01,RPM,4,shifted,0,1,1,011,2000,2000,2000,1.0,1.0,c81ec1fe7d3cf906172f8c9b79e4facaf3a711fb5cf31bf0f93b7f148c8f20b9
rule,314159,2026,block_01,RPM,4,shifted,0,1,1,011,2000,2000,2000,1.0,1.0,9f89d0fcf4c911b042d944313e1c99ff10ee1f483396e2cfd5227b6e4c3f7c8b
rule,314159,3407,block_01,RPM,4,shifted,0,1,1,011,2000,2000,2000,1.0,1.0,6c11d84632896e7e21097c35bc8949be0d6c8d1c57e6210d58494766ce9bba46
rule,271828,7,block_01,RPM,4,shifted,0,1,1,011,2000,2000,2000,1.0,1.0,babbe5055150e5e5d800452dc61dda1b3d211a60de7c37eadae846378658c255
rule,271828,42,block_01,RPM,4,shifted,0,1,1,011,2000,2000,2000,1.0,1.0,db3eb42f52a20b23f546ee24e20a211e1f434b1febd2dcdc33dee23aa860a806
rule,271828,123,block_01,RPM,4,shifted,0,1,1,011,2000,2000,2000,1.0,1.0,d8719c636c13ee805e95c787d18cdc4272d1f8d4d168166eb66e348abc6f2da7
rule,271828,2026,block_01,RPM,4,shifted,0,1,1,011,2000,2000,2000,1.0,1.0,c0156f2bf2d889f6af59d8cefedeb3b720e095546e5192bcda73900bc0c70af1
rule,271828,3407,block_01,RPM,4,shifted,0,1,1,011,2000,2000,2000,1.0,1.0,708b454de01da83e20da3b831489c68fce15a87d99e76e19fe6e0d8613876ccc
rule,161803,7,block_01,RPM,4,shifted,0,1,1,011,2000,2000,2000,1.0,1.0,d42b29e2f7bc00439efcb3141f0db55adf84ece88d5264bc066b756ef5def2c0
rule,161803,42,block_01,RPM,4,shifted,0,1,1,011,2000,2000,2000,1.0,1.0,1c1df00db55b563140e164259b4d26675eba3ab5c882fbbeb25d3ad65cc3f3bb
rule,161803,123,block_01,RPM,4,shifted,0,1,1,011,2000,2000,2000,1.0,1.0,baa06c1f9260379da7ba42fbea560af4e56fd486be655e7c4343f76b73e493b7
rule,161803,2026,block_01,RPM,4,shifted,0,1,1,011,2000,2000,2000,1.0,1.0,fbfc69d3a02d3c2318b2a14c83e0d6ab28b501ba94eb34db863b413dfe293374
rule,161803,3407,block_01,RPM,4,shifted,0,1,1,011,2000,2000,2000,1.0,1.0,00bc893a694e7e7ef1e576d93fdc8abb70d52de882880b4da13b3d74ba3110a9
rule,141421,7,block_01,RPM,4,shifted,0,1,1,011,2000,2000,2000,1.0,1.0,d07e9b83ad4dbbac6168146603dd1b2cba2ff523be063b036039f297548d284e
rule,141421,42,block_01,RPM,4,shifted,0,1,1,011,2000,2000,2000,1.0,1.0,c61407a2bc04d2ec05d79f0f6158e73bd558efe30521f2c56a0c191fbde59ba3
rule,141421,123,block_01,RPM,4,shifted,0,1,1,011,2000,2000,2000,1.0,1.0,8469470dbe93b813a1ff9f5ea9db24110c92450abae5f47552d3b243a3379a7a
rule,141421,2026,block_01,RPM,4,shifted,0,1,1,011,2000,2000,2000,1.0,1.0,a6ed20ef78457734c1398d2ea29846326b93a039808fa3b1d49c1ca02bc74a5d
rule,141421,3407,block_01,RPM,4,shifted,0,1,1,011,2000,2000,2000,1.0,1.0,7ced397f47396bc0049c98565747ae379ebf87783c5a7fbf1bba17d95eae7f6b
rule,173205,7,block_01,RPM,4,shifted,0,1,1,011,2000,2000,2000,1.0,1.0,7371d09cdd8e7188b8a3d1a4384594d197918351fe6d53d2c196969a5b8f4e1c
rule,173205,42,block_01,RPM,4,shifted,0,1,1,011,2000,2000,2000,1.0,1.0,f3b1373856aee675d70315264ef33dcac87e8a02cba7af7f166b2af5b2d59ff6
rule,173205,123,block_01,RPM,4,shifted,0,1,1,011,2000,2000,2000,1.0,1.0,f6819e9926d7f856c70ebf326ee7f2d8c140ea9b5af570c56ac3fe496a20ac06
rule,173205,2026,block_01,RPM,4,shifted,0,1,1,011,2000,2000,2000,1.0,1.0,af58ef89f7876138cb4cf1a1e371c69bd550d7feb4225849cf1f5e3675e87c1a
rule,173205,3407,block_01,RPM,4,shifted,0,1,1,011,2000,2000,2000,1.0,1.0,4996c12b6209eb45ae0dbdb1691250b245be0b6fecb46f30399571fc519b5c3c
rule,314159,7,block_01,RPM,4,shifted,1,0,0,100,2000,419,1954,0.2095,0.977,09b08194395debb2e4c30ea7fd1d27c8baf67e8d568a6f6cb1a842e038f346ed
rule,314159,42,block_01,RPM,4,shifted,1,0,0,100,2000,121,1985,0.0605,0.9925,8a523faeac10844b457627c241d4ee4729a6bb6dd41ff79aaa640064767a8f13
rule,314159,123,block_01,RPM,4,shifted,1,0,0,100,2000,959,1537,0.4795,0.7685,c81ec1fe7d3cf906172f8c9b79e4facaf3a711fb5cf31bf0f93b7f148c8f20b9
rule,314159,2026,block_01,RPM,4,shifted,1,0,0,100,2000,412,1943,0.206,0.9715,9f89d0fcf4c911b042d944313e1c99ff10ee1f483396e2cfd5227b6e4c3f7c8b
rule,314159,3407,block_01,RPM,4,shifted,1,0,0,100,2000,468,1883,0.234,0.9415,6c11d84632896e7e21097c35bc8949be0d6c8d1c57e6210d58494766ce9bba46
rule,271828,7,block_01,RPM,4,shifted,1,0,0,100,2000,463,1994,0.2315,0.997,babbe5055150e5e5d800452dc61dda1b3d211a60de7c37eadae846378658c255
rule,271828,42,block_01,RPM,4,shifted,1,0,0,100,2000,97,1243,0.0485,0.6215,db3eb42f52a20b23f546ee24e20a211e1f434b1febd2dcdc33dee23aa860a806
rule,271828,123,block_01,RPM,4,shifted,1,0,0,100,2000,706,1910,0.353,0.955,d8719c636c13ee805e95c787d18cdc4272d1f8d4d168166eb66e348abc6f2da7
rule,271828,2026,block_01,RPM,4,shifted,1,0,0,100,2000,234,991,0.117,0.4955,c0156f2bf2d889f6af59d8cefedeb3b720e095546e5192bcda73900bc0c70af1
rule,271828,3407,block_01,RPM,4,shifted,1,0,0,100,2000,252,1790,0.126,0.895,708b454de01da83e20da3b831489c68fce15a87d99e76e19fe6e0d8613876ccc
rule,161803,7,block_01,RPM,4,shifted,1,0,0,100,2000,167,1984,0.0835,0.992,d42b29e2f7bc00439efcb3141f0db55adf84ece88d5264bc066b756ef5def2c0
rule,161803,42,block_01,RPM,4,shifted,1,0,0,100,2000,202,1706,0.101,0.853,1c1df00db55b563140e164259b4d26675eba3ab5c882fbbeb25d3ad65cc3f3bb
rule,161803,123,block_01,RPM,4,shifted,1,0,0,100,2000,1245,1958,0.6225,0.979,baa06c1f9260379da7ba42fbea560af4e56fd486be655e7c4343f76b73e493b7
rule,161803,2026,block_01,RPM,4,shifted,1,0,0,100,2000,153,1519,0.0765,0.7595,fbfc69d3a02d3c2318b2a14c83e0d6ab28b501ba94eb34db863b413dfe293374
rule,161803,3407,block_01,RPM,4,shifted,1,0,0,100,2000,108,1943,0.054,0.9715,00bc893a694e7e7ef1e576d93fdc8abb70d52de882880b4da13b3d74ba3110a9
rule,141421,7,block_01,RPM,4,shifted,1,0,0,100,2000,399,1907,0.1995,0.9535,d07e9b83ad4dbbac6168146603dd1b2cba2ff523be063b036039f297548d284e
rule,141421,42,block_01,RPM,4,shifted,1,0,0,100,2000,271,1801,0.1355,0.9005,c61407a2bc04d2ec05d79f0f6158e73bd558efe30521f2c56a0c191fbde59ba3
rule,141421,123,block_01,RPM,4,shifted,1,0,0,100,2000,430,1693,0.215,0.8465,8469470dbe93b813a1ff9f5ea9db24110c92450abae5f47552d3b243a3379a7a
rule,141421,2026,block_01,RPM,4,shifted,1,0,0,100,2000,110,590,0.055,0.295,a6ed20ef78457734c1398d2ea29846326b93a039808fa3b1d49c1ca02bc74a5d
rule,141421,3407,block_01,RPM,4,shifted,1,0,0,100,2000,433,1985,0.2165,0.9925,7ced397f47396bc0049c98565747ae379ebf87783c5a7fbf1bba17d95eae7f6b
rule,173205,7,block_01,RPM,4,shifted,1,0,0,100,2000,229,1948,0.1145,0.974,7371d09cdd8e7188b8a3d1a4384594d197918351fe6d53d2c196969a5b8f4e1c
rule,173205,42,block_01,RPM,4,shifted,1,0,0,100,2000,89,1386,0.0445,0.693,f3b1373856aee675d70315264ef33dcac87e8a02cba7af7f166b2af5b2d59ff6
rule,173205,123,block_01,RPM,4,shifted,1,0,0,100,2000,1314,1867,0.657,0.9335,f6819e9926d7f856c70ebf326ee7f2d8c140ea9b5af570c56ac3fe496a20ac06
rule,173205,2026,block_01,RPM,4,shifted,1,0,0,100,2000,290,665,0.145,0.3325,af58ef89f7876138cb4cf1a1e371c69bd550d7feb4225849cf1f5e3675e87c1a
rule,173205,3407,block_01,RPM,4,shifted,1,0,0,100,2000,707,1910,0.3535,0.955,4996c12b6209eb45ae0dbdb1691250b245be0b6fecb46f30399571fc519b5c3c
rule,314159,7,block_01,RPM,4,shifted,1,0,1,101,2000,3,2000,0.0015,1.0,09b08194395debb2e4c30ea7fd1d27c8baf67e8d568a6f6cb1a842e038f346ed
rule,314159,42,block_01,RPM,4,shifted,1,0,1,101,2000,0,2000,0.0,1.0,8a523faeac10844b457627c241d4ee4729a6bb6dd41ff79aaa640064767a8f13
rule,314159,123,block_01,RPM,4,shifted,1,0,1,101,2000,311,2000,0.1555,1.0,c81ec1fe7d3cf906172f8c9b79e4facaf3a711fb5cf31bf0f93b7f148c8f20b9
rule,314159,2026,block_01,RPM,4,shifted,1,0,1,101,2000,1,2000,0.0005,1.0,9f89d0fcf4c911b042d944313e1c99ff10ee1f483396e2cfd5227b6e4c3f7c8b
rule,314159,3407,block_01,RPM,4,shifted,1,0,1,101,2000,25,2000,0.0125,1.0,6c11d84632896e7e21097c35bc8949be0d6c8d1c57e6210d58494766ce9bba46
rule,271828,7,block_01,RPM,4,shifted,1,0,1,101,2000,3,2000,0.0015,1.0,babbe5055150e5e5d800452dc61dda1b3d211a60de7c37eadae846378658c255
rule,271828,42,block_01,RPM,4,shifted,1,0,1,101,2000,27,1994,0.0135,0.997,db3eb42f52a20b23f546ee24e20a211e1f434b1febd2dcdc33dee23aa860a806
rule,271828,123,block_01,RPM,4,shifted,1,0,1,101,2000,41,2000,0.0205,1.0,d8719c636c13ee805e95c787d18cdc4272d1f8d4d168166eb66e348abc6f2da7
rule,271828,2026,block_01,RPM,4,shifted,1,0,1,101,2000,23,2000,0.0115,1.0,c0156f2bf2d889f6af59d8cefedeb3b720e095546e5192bcda73900bc0c70af1
rule,271828,3407,block_01,RPM,4,shifted,1,0,1,101,2000,9,2000,0.0045,1.0,708b454de01da83e20da3b831489c68fce15a87d99e76e19fe6e0d8613876ccc
rule,161803,7,block_01,RPM,4,shifted,1,0,1,101,2000,12,1999,0.006,0.9995,d42b29e2f7bc00439efcb3141f0db55adf84ece88d5264bc066b756ef5def2c0
rule,161803,42,block_01,RPM,4,shifted,1,0,1,101,2000,0,2000,0.0,1.0,1c1df00db55b563140e164259b4d26675eba3ab5c882fbbeb25d3ad65cc3f3bb
rule,161803,123,block_01,RPM,4,shifted,1,0,1,101,2000,174,2000,0.087,1.0,baa06c1f9260379da7ba42fbea560af4e56fd486be655e7c4343f76b73e493b7
rule,161803,2026,block_01,RPM,4,shifted,1,0,1,101,2000,0,2000,0.0,1.0,fbfc69d3a02d3c2318b2a14c83e0d6ab28b501ba94eb34db863b413dfe293374
rule,161803,3407,block_01,RPM,4,shifted,1,0,1,101,2000,0,2000,0.0,1.0,00bc893a694e7e7ef1e576d93fdc8abb70d52de882880b4da13b3d74ba3110a9
rule,141421,7,block_01,RPM,4,shifted,1,0,1,101,2000,5,1998,0.0025,0.999,d07e9b83ad4dbbac6168146603dd1b2cba2ff523be063b036039f297548d284e
rule,141421,42,block_01,RPM,4,shifted,1,0,1,101,2000,12,2000,0.006,1.0,c61407a2bc04d2ec05d79f0f6158e73bd558efe30521f2c56a0c191fbde59ba3
rule,141421,123,block_01,RPM,4,shifted,1,0,1,101,2000,5,2000,0.0025,1.0,8469470dbe93b813a1ff9f5ea9db24110c92450abae5f47552d3b243a3379a7a
rule,141421,2026,block_01,RPM,4,shifted,1,0,1,101,2000,5,1972,0.0025,0.986,a6ed20ef78457734c1398d2ea29846326b93a039808fa3b1d49c1ca02bc74a5d
rule,141421,3407,block_01,RPM,4,shifted,1,0,1,101,2000,41,2000,0.0205,1.0,7ced397f47396bc0049c98565747ae379ebf87783c5a7fbf1bba17d95eae7f6b
rule,173205,7,block_01,RPM,4,shifted,1,0,1,101,2000,0,2000,0.0,1.0,7371d09cdd8e7188b8a3d1a4384594d197918351fe6d53d2c196969a5b8f4e1c
rule,173205,42,block_01,RPM,4,shifted,1,0,1,101,2000,0,2000,0.0,1.0,f3b1373856aee675d70315264ef33dcac87e8a02cba7af7f166b2af5b2d59ff6
rule,173205,123,block_01,RPM,4,shifted,1,0,1,101,2000,516,2000,0.258,1.0,f6819e9926d7f856c70ebf326ee7f2d8c140ea9b5af570c56ac3fe496a20ac06
rule,173205,2026,block_01,RPM,4,shifted,1,0,1,101,2000,22,1999,0.011,0.9995,af58ef89f7876138cb4cf1a1e371c69bd550d7feb4225849cf1f5e3675e87c1a
rule,173205,3407,block_01,RPM,4,shifted,1,0,1,101,2000,265,2000,0.1325,1.0,4996c12b6209eb45ae0dbdb1691250b245be0b6fecb46f30399571fc519b5c3c
rule,314159,7,block_01,RPM,4,shifted,1,1,0,110,2000,506,1721,0.253,0.8605,09b08194395debb2e4c30ea7fd1d27c8baf67e8d568a6f6cb1a842e038f346ed
rule,314159,42,block_01,RPM,4,shifted,1,1,0,110,2000,136,1926,0.068,0.963,8a523faeac10844b457627c241d4ee4729a6bb6dd41ff79aaa640064767a8f13
rule,314159,123,block_01,RPM,4,shifted,1,1,0,110,2000,216,1662,0.108,0.831,c81ec1fe7d3cf906172f8c9b79e4facaf3a711fb5cf31bf0f93b7f148c8f20b9
rule,314159,2026,block_01,RPM,4,shifted,1,1,0,110,2000,469,1922,0.2345,0.961,9f89d0fcf4c911b042d944313e1c99ff10ee1f483396e2cfd5227b6e4c3f7c8b
rule,314159,3407,block_01,RPM,4,shifted,1,1,0,110,2000,818,1709,0.409,0.8545,6c11d84632896e7e21097c35bc8949be0d6c8d1c57e6210d58494766ce9bba46
rule,271828,7,block_01,RPM,4,shifted,1,1,0,110,2000,730,1960,0.365,0.98,babbe5055150e5e5d800452dc61dda1b3d211a60de7c37eadae846378658c255
rule,271828,42,block_01,RPM,4,shifted,1,1,0,110,2000,198,1426,0.099,0.713,db3eb42f52a20b23f546ee24e20a211e1f434b1febd2dcdc33dee23aa860a806
rule,271828,123,block_01,RPM,4,shifted,1,1,0,110,2000,246,1789,0.123,0.8945,d8719c636c13ee805e95c787d18cdc4272d1f8d4d168166eb66e348abc6f2da7
rule,271828,2026,block_01,RPM,4,shifted,1,1,0,110,2000,382,1282,0.191,0.641,c0156f2bf2d889f6af59d8cefedeb3b720e095546e5192bcda73900bc0c70af1
rule,271828,3407,block_01,RPM,4,shifted,1,1,0,110,2000,449,1382,0.2245,0.691,708b454de01da83e20da3b831489c68fce15a87d99e76e19fe6e0d8613876ccc
rule,161803,7,block_01,RPM,4,shifted,1,1,0,110,2000,405,1894,0.2025,0.947,d42b29e2f7bc00439efcb3141f0db55adf84ece88d5264bc066b756ef5def2c0
rule,161803,42,block_01,RPM,4,shifted,1,1,0,110,2000,277,1529,0.1385,0.7645,1c1df00db55b563140e164259b4d26675eba3ab5c882fbbeb25d3ad65cc3f3bb
rule,161803,123,block_01,RPM,4,shifted,1,1,0,110,2000,514,1752,0.257,0.876,baa06c1f9260379da7ba42fbea560af4e56fd486be655e7c4343f76b73e493b7
rule,161803,2026,block_01,RPM,4,shifted,1,1,0,110,2000,150,1525,0.075,0.7625,fbfc69d3a02d3c2318b2a14c83e0d6ab28b501ba94eb34db863b413dfe293374
rule,161803,3407,block_01,RPM,4,shifted,1,1,0,110,2000,236,1898,0.118,0.949,00bc893a694e7e7ef1e576d93fdc8abb70d52de882880b4da13b3d74ba3110a9
rule,141421,7,block_01,RPM,4,shifted,1,1,0,110,2000,812,1763,0.406,0.8815,d07e9b83ad4dbbac6168146603dd1b2cba2ff523be063b036039f297548d284e
rule,141421,42,block_01,RPM,4,shifted,1,1,0,110,2000,211,1788,0.1055,0.894,c61407a2bc04d2ec05d79f0f6158e73bd558efe30521f2c56a0c191fbde59ba3
rule,141421,123,block_01,RPM,4,shifted,1,1,0,110,2000,126,1458,0.063,0.729,8469470dbe93b813a1ff9f5ea9db24110c92450abae5f47552d3b243a3379a7a
rule,141421,2026,block_01,RPM,4,shifted,1,1,0,110,2000,191,678,0.0955,0.339,a6ed20ef78457734c1398d2ea29846326b93a039808fa3b1d49c1ca02bc74a5d
rule,141421,3407,block_01,RPM,4,shifted,1,1,0,110,2000,522,1932,0.261,0.966,7ced397f47396bc0049c98565747ae379ebf87783c5a7fbf1bba17d95eae7f6b
rule,173205,7,block_01,RPM,4,shifted,1,1,0,110,2000,312,1710,0.156,0.855,7371d09cdd8e7188b8a3d1a4384594d197918351fe6d53d2c196969a5b8f4e1c
rule,173205,42,block_01,RPM,4,shifted,1,1,0,110,2000,138,1263,0.069,0.6315,f3b1373856aee675d70315264ef33dcac87e8a02cba7af7f166b2af5b2d59ff6
rule,173205,123,block_01,RPM,4,shifted,1,1,0,110,2000,813,1732,0.4065,0.866,f6819e9926d7f856c70ebf326ee7f2d8c140ea9b5af570c56ac3fe496a20ac06
rule,173205,2026,block_01,RPM,4,shifted,1,1,0,110,2000,251,854,0.1255,0.427,af58ef89f7876138cb4cf1a1e371c69bd550d7feb4225849cf1f5e3675e87c1a
rule,173205,3407,block_01,RPM,4,shifted,1,1,0,110,2000,861,1748,0.4305,0.874,4996c12b6209eb45ae0dbdb1691250b245be0b6fecb46f30399571fc519b5c3c
rule,314159,7,block_01,RPM,4,shifted,1,1,1,111,2000,50,1997,0.025,0.9985,09b08194395debb2e4c30ea7fd1d27c8baf67e8d568a6f6cb1a842e038f346ed
rule,314159,42,block_01,RPM,4,shifted,1,1,1,111,2000,4,2000,0.002,1.0,8a523faeac10844b457627c241d4ee4729a6bb6dd41ff79aaa640064767a8f13
rule,314159,123,block_01,RPM,4,shifted,1,1,1,111,2000,9,2000,0.0045,1.0,c81ec1fe7d3cf906172f8c9b79e4facaf3a711fb5cf31bf0f93b7f148c8f20b9
rule,314159,2026,block_01,RPM,4,shifted,1,1,1,111,2000,25,2000,0.0125,1.0,9f89d0fcf4c911b042d944313e1c99ff10ee1f483396e2cfd5227b6e4c3f7c8b
rule,314159,3407,block_01,RPM,4,shifted,1,1,1,111,2000,109,2000,0.0545,1.0,6c11d84632896e7e21097c35bc8949be0d6c8d1c57e6210d58494766ce9bba46
rule,271828,7,block_01,RPM,4,shifted,1,1,1,111,2000,58,2000,0.029,1.0,babbe5055150e5e5d800452dc61dda1b3d211a60de7c37eadae846378658c255
rule,271828,42,block_01,RPM,4,shifted,1,1,1,111,2000,24,2000,0.012,1.0,db3eb42f52a20b23f546ee24e20a211e1f434b1febd2dcdc33dee23aa860a806
rule,271828,123,block_01,RPM,4,shifted,1,1,1,111,2000,10,2000,0.005,1.0,d8719c636c13ee805e95c787d18cdc4272d1f8d4d168166eb66e348abc6f2da7
rule,271828,2026,block_01,RPM,4,shifted,1,1,1,111,2000,223,2000,0.1115,1.0,c0156f2bf2d889f6af59d8cefedeb3b720e095546e5192bcda73900bc0c70af1
rule,271828,3407,block_01,RPM,4,shifted,1,1,1,111,2000,48,1999,0.024,0.9995,708b454de01da83e20da3b831489c68fce15a87d99e76e19fe6e0d8613876ccc
rule,161803,7,block_01,RPM,4,shifted,1,1,1,111,2000,41,1995,0.0205,0.9975,d42b29e2f7bc00439efcb3141f0db55adf84ece88d5264bc066b756ef5def2c0
rule,161803,42,block_01,RPM,4,shifted,1,1,1,111,2000,0,2000,0.0,1.0,1c1df00db55b563140e164259b4d26675eba3ab5c882fbbeb25d3ad65cc3f3bb
rule,161803,123,block_01,RPM,4,shifted,1,1,1,111,2000,28,2000,0.014,1.0,baa06c1f9260379da7ba42fbea560af4e56fd486be655e7c4343f76b73e493b7
rule,161803,2026,block_01,RPM,4,shifted,1,1,1,111,2000,6,1997,0.003,0.9985,fbfc69d3a02d3c2318b2a14c83e0d6ab28b501ba94eb34db863b413dfe293374
rule,161803,3407,block_01,RPM,4,shifted,1,1,1,111,2000,1,2000,0.0005,1.0,00bc893a694e7e7ef1e576d93fdc8abb70d52de882880b4da13b3d74ba3110a9
rule,141421,7,block_01,RPM,4,shifted,1,1,1,111,2000,288,1997,0.144,0.9985,d07e9b83ad4dbbac6168146603dd1b2cba2ff523be063b036039f297548d284e
rule,141421,42,block_01,RPM,4,shifted,1,1,1,111,2000,2,2000,0.001,1.0,c61407a2bc04d2ec05d79f0f6158e73bd558efe30521f2c56a0c191fbde59ba3
rule,141421,123,block_01,RPM,4,shifted,1,1,1,111,2000,0,2000,0.0,1.0,8469470dbe93b813a1ff9f5ea9db24110c92450abae5f47552d3b243a3379a7a
rule,141421,2026,block_01,RPM,4,shifted,1,1,1,111,2000,43,1868,0.0215,0.934,a6ed20ef78457734c1398d2ea29846326b93a039808fa3b1d49c1ca02bc74a5d
rule,141421,3407,block_01,RPM,4,shifted,1,1,1,111,2000,101,2000,0.0505,1.0,7ced397f47396bc0049c98565747ae379ebf87783c5a7fbf1bba17d95eae7f6b
rule,173205,7,block_01,RPM,4,shifted,1,1,1,111,2000,15,2000,0.0075,1.0,7371d09cdd8e7188b8a3d1a4384594d197918351fe6d53d2c196969a5b8f4e1c
rule,173205,42,block_01,RPM,4,shifted,1,1,1,111,2000,3,2000,0.0015,1.0,f3b1373856aee675d70315264ef33dcac87e8a02cba7af7f166b2af5b2d59ff6
rule,173205,123,block_01,RPM,4,shifted,1,1,1,111,2000,180,2000,0.09,1.0,f6819e9926d7f856c70ebf326ee7f2d8c140ea9b5af570c56ac3fe496a20ac06
rule,173205,2026,block_01,RPM,4,shifted,1,1,1,111,2000,44,1987,0.022,0.9935,af58ef89f7876138cb4cf1a1e371c69bd550d7feb4225849cf1f5e3675e87c1a
rule,173205,3407,block_01,RPM,4,shifted,1,1,1,111,2000,262,2000,0.131,1.0,4996c12b6209eb45ae0dbdb1691250b245be0b6fecb46f30399571fc519b5c3c
rule,314159,7,block_02,Gear,3,canonical,0,0,0,000,2000,1998,2000,0.999,1.0,09b08194395debb2e4c30ea7fd1d27c8baf67e8d568a6f6cb1a842e038f346ed
rule,314159,42,block_02,Gear,3,canonical,0,0,0,000,2000,1998,1999,0.999,0.9995,8a523faeac10844b457627c241d4ee4729a6bb6dd41ff79aaa640064767a8f13
rule,314159,123,block_02,Gear,3,canonical,0,0,0,000,2000,1998,2000,0.999,1.0,c81ec1fe7d3cf906172f8c9b79e4facaf3a711fb5cf31bf0f93b7f148c8f20b9
rule,314159,2026,block_02,Gear,3,canonical,0,0,0,000,2000,1998,2000,0.999,1.0,9f89d0fcf4c911b042d944313e1c99ff10ee1f483396e2cfd5227b6e4c3f7c8b
rule,314159,3407,block_02,Gear,3,canonical,0,0,0,000,2000,1998,2000,0.999,1.0,6c11d84632896e7e21097c35bc8949be0d6c8d1c57e6210d58494766ce9bba46
rule,271828,7,block_02,Gear,3,canonical,0,0,0,000,2000,1998,1999,0.999,0.9995,babbe5055150e5e5d800452dc61dda1b3d211a60de7c37eadae846378658c255
rule,271828,42,block_02,Gear,3,canonical,0,0,0,000,2000,1998,2000,0.999,1.0,db3eb42f52a20b23f546ee24e20a211e1f434b1febd2dcdc33dee23aa860a806
rule,271828,123,block_02,Gear,3,canonical,0,0,0,000,2000,1998,1998,0.999,0.999,d8719c636c13ee805e95c787d18cdc4272d1f8d4d168166eb66e348abc6f2da7
rule,271828,2026,block_02,Gear,3,canonical,0,0,0,000,2000,1998,2000,0.999,1.0,c0156f2bf2d889f6af59d8cefedeb3b720e095546e5192bcda73900bc0c70af1
rule,271828,3407,block_02,Gear,3,canonical,0,0,0,000,2000,1998,2000,0.999,1.0,708b454de01da83e20da3b831489c68fce15a87d99e76e19fe6e0d8613876ccc
rule,161803,7,block_02,Gear,3,canonical,0,0,0,000,2000,1998,2000,0.999,1.0,d42b29e2f7bc00439efcb3141f0db55adf84ece88d5264bc066b756ef5def2c0
rule,161803,42,block_02,Gear,3,canonical,0,0,0,000,2000,1998,2000,0.999,1.0,1c1df00db55b563140e164259b4d26675eba3ab5c882fbbeb25d3ad65cc3f3bb
rule,161803,123,block_02,Gear,3,canonical,0,0,0,000,2000,1998,1998,0.999,0.999,baa06c1f9260379da7ba42fbea560af4e56fd486be655e7c4343f76b73e493b7
rule,161803,2026,block_02,Gear,3,canonical,0,0,0,000,2000,1998,2000,0.999,1.0,fbfc69d3a02d3c2318b2a14c83e0d6ab28b501ba94eb34db863b413dfe293374
rule,161803,3407,block_02,Gear,3,canonical,0,0,0,000,2000,1998,2000,0.999,1.0,00bc893a694e7e7ef1e576d93fdc8abb70d52de882880b4da13b3d74ba3110a9
rule,141421,7,block_02,Gear,3,canonical,0,0,0,000,2000,1998,2000,0.999,1.0,d07e9b83ad4dbbac6168146603dd1b2cba2ff523be063b036039f297548d284e
rule,141421,42,block_02,Gear,3,canonical,0,0,0,000,2000,1998,2000,0.999,1.0,c61407a2bc04d2ec05d79f0f6158e73bd558efe30521f2c56a0c191fbde59ba3
rule,141421,123,block_02,Gear,3,canonical,0,0,0,000,2000,1998,2000,0.999,1.0,8469470dbe93b813a1ff9f5ea9db24110c92450abae5f47552d3b243a3379a7a
rule,141421,2026,block_02,Gear,3,canonical,0,0,0,000,2000,1998,2000,0.999,1.0,a6ed20ef78457734c1398d2ea29846326b93a039808fa3b1d49c1ca02bc74a5d
rule,141421,3407,block_02,Gear,3,canonical,0,0,0,000,2000,1998,2000,0.999,1.0,7ced397f47396bc0049c98565747ae379ebf87783c5a7fbf1bba17d95eae7f6b
rule,173205,7,block_02,Gear,3,canonical,0,0,0,000,2000,1998,2000,0.999,1.0,7371d09cdd8e7188b8a3d1a4384594d197918351fe6d53d2c196969a5b8f4e1c
rule,173205,42,block_02,Gear,3,canonical,0,0,0,000,2000,1998,2000,0.999,1.0,f3b1373856aee675d70315264ef33dcac87e8a02cba7af7f166b2af5b2d59ff6
rule,173205,123,block_02,Gear,3,canonical,0,0,0,000,2000,1998,2000,0.999,1.0,f6819e9926d7f856c70ebf326ee7f2d8c140ea9b5af570c56ac3fe496a20ac06
rule,173205,2026,block_02,Gear,3,canonical,0,0,0,000,2000,1998,2000,0.999,1.0,af58ef89f7876138cb4cf1a1e371c69bd550d7feb4225849cf1f5e3675e87c1a
rule,173205,3407,block_02,Gear,3,canonical,0,0,0,000,2000,1998,2000,0.999,1.0,4996c12b6209eb45ae0dbdb1691250b245be0b6fecb46f30399571fc519b5c3c
rule,314159,7,block_02,Gear,3,canonical,0,0,1,001,2000,1998,2000,0.999,1.0,09b08194395debb2e4c30ea7fd1d27c8baf67e8d568a6f6cb1a842e038f346ed
rule,314159,42,block_02,Gear,3,canonical,0,0,1,001,2000,1998,1999,0.999,0.9995,8a523faeac10844b457627c241d4ee4729a6bb6dd41ff79aaa640064767a8f13
rule,314159,123,block_02,Gear,3,canonical,0,0,1,001,2000,1998,2000,0.999,1.0,c81ec1fe7d3cf906172f8c9b79e4facaf3a711fb5cf31bf0f93b7f148c8f20b9
rule,314159,2026,block_02,Gear,3,canonical,0,0,1,001,2000,1998,2000,0.999,1.0,9f89d0fcf4c911b042d944313e1c99ff10ee1f483396e2cfd5227b6e4c3f7c8b
rule,314159,3407,block_02,Gear,3,canonical,0,0,1,001,2000,1998,2000,0.999,1.0,6c11d84632896e7e21097c35bc8949be0d6c8d1c57e6210d58494766ce9bba46
rule,271828,7,block_02,Gear,3,canonical,0,0,1,001,2000,1998,1999,0.999,0.9995,babbe5055150e5e5d800452dc61dda1b3d211a60de7c37eadae846378658c255
rule,271828,42,block_02,Gear,3,canonical,0,0,1,001,2000,1998,2000,0.999,1.0,db3eb42f52a20b23f546ee24e20a211e1f434b1febd2dcdc33dee23aa860a806
rule,271828,123,block_02,Gear,3,canonical,0,0,1,001,2000,1998,1998,0.999,0.999,d8719c636c13ee805e95c787d18cdc4272d1f8d4d168166eb66e348abc6f2da7
rule,271828,2026,block_02,Gear,3,canonical,0,0,1,001,2000,1998,2000,0.999,1.0,c0156f2bf2d889f6af59d8cefedeb3b720e095546e5192bcda73900bc0c70af1
rule,271828,3407,block_02,Gear,3,canonical,0,0,1,001,2000,1998,2000,0.999,1.0,708b454de01da83e20da3b831489c68fce15a87d99e76e19fe6e0d8613876ccc
rule,161803,7,block_02,Gear,3,canonical,0,0,1,001,2000,1998,2000,0.999,1.0,d42b29e2f7bc00439efcb3141f0db55adf84ece88d5264bc066b756ef5def2c0
rule,161803,42,block_02,Gear,3,canonical,0,0,1,001,2000,1998,2000,0.999,1.0,1c1df00db55b563140e164259b4d26675eba3ab5c882fbbeb25d3ad65cc3f3bb
rule,161803,123,block_02,Gear,3,canonical,0,0,1,001,2000,1998,1998,0.999,0.999,baa06c1f9260379da7ba42fbea560af4e56fd486be655e7c4343f76b73e493b7
rule,161803,2026,block_02,Gear,3,canonical,0,0,1,001,2000,1998,2000,0.999,1.0,fbfc69d3a02d3c2318b2a14c83e0d6ab28b501ba94eb34db863b413dfe293374
rule,161803,3407,block_02,Gear,3,canonical,0,0,1,001,2000,1998,2000,0.999,1.0,00bc893a694e7e7ef1e576d93fdc8abb70d52de882880b4da13b3d74ba3110a9
rule,141421,7,block_02,Gear,3,canonical,0,0,1,001,2000,1998,2000,0.999,1.0,d07e9b83ad4dbbac6168146603dd1b2cba2ff523be063b036039f297548d284e
rule,141421,42,block_02,Gear,3,canonical,0,0,1,001,2000,1998,2000,0.999,1.0,c61407a2bc04d2ec05d79f0f6158e73bd558efe30521f2c56a0c191fbde59ba3
rule,141421,123,block_02,Gear,3,canonical,0,0,1,001,2000,1998,2000,0.999,1.0,8469470dbe93b813a1ff9f5ea9db24110c92450abae5f47552d3b243a3379a7a
rule,141421,2026,block_02,Gear,3,canonical,0,0,1,001,2000,1998,2000,0.999,1.0,a6ed20ef78457734c1398d2ea29846326b93a039808fa3b1d49c1ca02bc74a5d
rule,141421,3407,block_02,Gear,3,canonical,0,0,1,001,2000,1998,2000,0.999,1.0,7ced397f47396bc0049c98565747ae379ebf87783c5a7fbf1bba17d95eae7f6b
rule,173205,7,block_02,Gear,3,canonical,0,0,1,001,2000,1998,2000,0.999,1.0,7371d09cdd8e7188b8a3d1a4384594d197918351fe6d53d2c196969a5b8f4e1c
rule,173205,42,block_02,Gear,3,canonical,0,0,1,001,2000,1998,2000,0.999,1.0,f3b1373856aee675d70315264ef33dcac87e8a02cba7af7f166b2af5b2d59ff6
rule,173205,123,block_02,Gear,3,canonical,0,0,1,001,2000,1998,2000,0.999,1.0,f6819e9926d7f856c70ebf326ee7f2d8c140ea9b5af570c56ac3fe496a20ac06
rule,173205,2026,block_02,Gear,3,canonical,0,0,1,001,2000,1998,2000,0.999,1.0,af58ef89f7876138cb4cf1a1e371c69bd550d7feb4225849cf1f5e3675e87c1a
rule,173205,3407,block_02,Gear,3,canonical,0,0,1,001,2000,1998,2000,0.999,1.0,4996c12b6209eb45ae0dbdb1691250b245be0b6fecb46f30399571fc519b5c3c
rule,314159,7,block_02,Gear,3,canonical,0,1,0,010,2000,1998,2000,0.999,1.0,09b08194395debb2e4c30ea7fd1d27c8baf67e8d568a6f6cb1a842e038f346ed
rule,314159,42,block_02,Gear,3,canonical,0,1,0,010,2000,1998,1999,0.999,0.9995,8a523faeac10844b457627c241d4ee4729a6bb6dd41ff79aaa640064767a8f13
rule,314159,123,block_02,Gear,3,canonical,0,1,0,010,2000,1998,2000,0.999,1.0,c81ec1fe7d3cf906172f8c9b79e4facaf3a711fb5cf31bf0f93b7f148c8f20b9
rule,314159,2026,block_02,Gear,3,canonical,0,1,0,010,2000,1998,2000,0.999,1.0,9f89d0fcf4c911b042d944313e1c99ff10ee1f483396e2cfd5227b6e4c3f7c8b
rule,314159,3407,block_02,Gear,3,canonical,0,1,0,010,2000,1998,2000,0.999,1.0,6c11d84632896e7e21097c35bc8949be0d6c8d1c57e6210d58494766ce9bba46
rule,271828,7,block_02,Gear,3,canonical,0,1,0,010,2000,1998,2000,0.999,1.0,babbe5055150e5e5d800452dc61dda1b3d211a60de7c37eadae846378658c255
rule,271828,42,block_02,Gear,3,canonical,0,1,0,010,2000,1998,2000,0.999,1.0,db3eb42f52a20b23f546ee24e20a211e1f434b1febd2dcdc33dee23aa860a806
rule,271828,123,block_02,Gear,3,canonical,0,1,0,010,2000,1998,1998,0.999,0.999,d8719c636c13ee805e95c787d18cdc4272d1f8d4d168166eb66e348abc6f2da7
rule,271828,2026,block_02,Gear,3,canonical,0,1,0,010,2000,1998,2000,0.999,1.0,c0156f2bf2d889f6af59d8cefedeb3b720e095546e5192bcda73900bc0c70af1
rule,271828,3407,block_02,Gear,3,canonical,0,1,0,010,2000,1998,2000,0.999,1.0,708b454de01da83e20da3b831489c68fce15a87d99e76e19fe6e0d8613876ccc
rule,161803,7,block_02,Gear,3,canonical,0,1,0,010,2000,1998,2000,0.999,1.0,d42b29e2f7bc00439efcb3141f0db55adf84ece88d5264bc066b756ef5def2c0
rule,161803,42,block_02,Gear,3,canonical,0,1,0,010,2000,1998,2000,0.999,1.0,1c1df00db55b563140e164259b4d26675eba3ab5c882fbbeb25d3ad65cc3f3bb
rule,161803,123,block_02,Gear,3,canonical,0,1,0,010,2000,1998,1998,0.999,0.999,baa06c1f9260379da7ba42fbea560af4e56fd486be655e7c4343f76b73e493b7
rule,161803,2026,block_02,Gear,3,canonical,0,1,0,010,2000,1998,2000,0.999,1.0,fbfc69d3a02d3c2318b2a14c83e0d6ab28b501ba94eb34db863b413dfe293374
rule,161803,3407,block_02,Gear,3,canonical,0,1,0,010,2000,1998,2000,0.999,1.0,00bc893a694e7e7ef1e576d93fdc8abb70d52de882880b4da13b3d74ba3110a9
rule,141421,7,block_02,Gear,3,canonical,0,1,0,010,2000,1998,2000,0.999,1.0,d07e9b83ad4dbbac6168146603dd1b2cba2ff523be063b036039f297548d284e
rule,141421,42,block_02,Gear,3,canonical,0,1,0,010,2000,1998,2000,0.999,1.0,c61407a2bc04d2ec05d79f0f6158e73bd558efe30521f2c56a0c191fbde59ba3
rule,141421,123,block_02,Gear,3,canonical,0,1,0,010,2000,1998,2000,0.999,1.0,8469470dbe93b813a1ff9f5ea9db24110c92450abae5f47552d3b243a3379a7a
rule,141421,2026,block_02,Gear,3,canonical,0,1,0,010,2000,1998,2000,0.999,1.0,a6ed20ef78457734c1398d2ea29846326b93a039808fa3b1d49c1ca02bc74a5d
rule,141421,3407,block_02,Gear,3,canonical,0,1,0,010,2000,1998,2000,0.999,1.0,7ced397f47396bc0049c98565747ae379ebf87783c5a7fbf1bba17d95eae7f6b
rule,173205,7,block_02,Gear,3,canonical,0,1,0,010,2000,1998,2000,0.999,1.0,7371d09cdd8e7188b8a3d1a4384594d197918351fe6d53d2c196969a5b8f4e1c
rule,173205,42,block_02,Gear,3,canonical,0,1,0,010,2000,1998,2000,0.999,1.0,f3b1373856aee675d70315264ef33dcac87e8a02cba7af7f166b2af5b2d59ff6
rule,173205,123,block_02,Gear,3,canonical,0,1,0,010,2000,1998,2000,0.999,1.0,f6819e9926d7f856c70ebf326ee7f2d8c140ea9b5af570c56ac3fe496a20ac06
rule,173205,2026,block_02,Gear,3,canonical,0,1,0,010,2000,1998,2000,0.999,1.0,af58ef89f7876138cb4cf1a1e371c69bd550d7feb4225849cf1f5e3675e87c1a
rule,173205,3407,block_02,Gear,3,canonical,0,1,0,010,2000,1998,2000,0.999,1.0,4996c12b6209eb45ae0dbdb1691250b245be0b6fecb46f30399571fc519b5c3c
rule,314159,7,block_02,Gear,3,canonical,0,1,1,011,2000,1998,2000,0.999,1.0,09b08194395debb2e4c30ea7fd1d27c8baf67e8d568a6f6cb1a842e038f346ed
rule,314159,42,block_02,Gear,3,canonical,0,1,1,011,2000,1998,1999,0.999,0.9995,8a523faeac10844b457627c241d4ee4729a6bb6dd41ff79aaa640064767a8f13
rule,314159,123,block_02,Gear,3,canonical,0,1,1,011,2000,1998,2000,0.999,1.0,c81ec1fe7d3cf906172f8c9b79e4facaf3a711fb5cf31bf0f93b7f148c8f20b9
rule,314159,2026,block_02,Gear,3,canonical,0,1,1,011,2000,1998,2000,0.999,1.0,9f89d0fcf4c911b042d944313e1c99ff10ee1f483396e2cfd5227b6e4c3f7c8b
rule,314159,3407,block_02,Gear,3,canonical,0,1,1,011,2000,1998,2000,0.999,1.0,6c11d84632896e7e21097c35bc8949be0d6c8d1c57e6210d58494766ce9bba46
rule,271828,7,block_02,Gear,3,canonical,0,1,1,011,2000,1998,2000,0.999,1.0,babbe5055150e5e5d800452dc61dda1b3d211a60de7c37eadae846378658c255
rule,271828,42,block_02,Gear,3,canonical,0,1,1,011,2000,1998,2000,0.999,1.0,db3eb42f52a20b23f546ee24e20a211e1f434b1febd2dcdc33dee23aa860a806
rule,271828,123,block_02,Gear,3,canonical,0,1,1,011,2000,1998,1998,0.999,0.999,d8719c636c13ee805e95c787d18cdc4272d1f8d4d168166eb66e348abc6f2da7
rule,271828,2026,block_02,Gear,3,canonical,0,1,1,011,2000,1998,2000,0.999,1.0,c0156f2bf2d889f6af59d8cefedeb3b720e095546e5192bcda73900bc0c70af1
rule,271828,3407,block_02,Gear,3,canonical,0,1,1,011,2000,1998,2000,0.999,1.0,708b454de01da83e20da3b831489c68fce15a87d99e76e19fe6e0d8613876ccc
rule,161803,7,block_02,Gear,3,canonical,0,1,1,011,2000,1998,2000,0.999,1.0,d42b29e2f7bc00439efcb3141f0db55adf84ece88d5264bc066b756ef5def2c0
rule,161803,42,block_02,Gear,3,canonical,0,1,1,011,2000,1998,2000,0.999,1.0,1c1df00db55b563140e164259b4d26675eba3ab5c882fbbeb25d3ad65cc3f3bb
rule,161803,123,block_02,Gear,3,canonical,0,1,1,011,2000,1998,1998,0.999,0.999,baa06c1f9260379da7ba42fbea560af4e56fd486be655e7c4343f76b73e493b7
rule,161803,2026,block_02,Gear,3,canonical,0,1,1,011,2000,1998,2000,0.999,1.0,fbfc69d3a02d3c2318b2a14c83e0d6ab28b501ba94eb34db863b413dfe293374
rule,161803,3407,block_02,Gear,3,canonical,0,1,1,011,2000,1998,2000,0.999,1.0,00bc893a694e7e7ef1e576d93fdc8abb70d52de882880b4da13b3d74ba3110a9
rule,141421,7,block_02,Gear,3,canonical,0,1,1,011,2000,1998,2000,0.999,1.0,d07e9b83ad4dbbac6168146603dd1b2cba2ff523be063b036039f297548d284e
rule,141421,42,block_02,Gear,3,canonical,0,1,1,011,2000,1998,2000,0.999,1.0,c61407a2bc04d2ec05d79f0f6158e73bd558efe30521f2c56a0c191fbde59ba3
rule,141421,123,block_02,Gear,3,canonical,0,1,1,011,2000,1998,2000,0.999,1.0,8469470dbe93b813a1ff9f5ea9db24110c92450abae5f47552d3b243a3379a7a
rule,141421,2026,block_02,Gear,3,canonical,0,1,1,011,2000,1998,2000,0.999,1.0,a6ed20ef78457734c1398d2ea29846326b93a039808fa3b1d49c1ca02bc74a5d
rule,141421,3407,block_02,Gear,3,canonical,0,1,1,011,2000,1998,2000,0.999,1.0,7ced397f47396bc0049c98565747ae379ebf87783c5a7fbf1bba17d95eae7f6b
rule,173205,7,block_02,Gear,3,canonical,0,1,1,011,2000,1998,2000,0.999,1.0,7371d09cdd8e7188b8a3d1a4384594d197918351fe6d53d2c196969a5b8f4e1c
rule,173205,42,block_02,Gear,3,canonical,0,1,1,011,2000,1998,2000,0.999,1.0,f3b1373856aee675d70315264ef33dcac87e8a02cba7af7f166b2af5b2d59ff6
rule,173205,123,block_02,Gear,3,canonical,0,1,1,011,2000,1998,2000,0.999,1.0,f6819e9926d7f856c70ebf326ee7f2d8c140ea9b5af570c56ac3fe496a20ac06
rule,173205,2026,block_02,Gear,3,canonical,0,1,1,011,2000,1998,2000,0.999,1.0,af58ef89f7876138cb4cf1a1e371c69bd550d7feb4225849cf1f5e3675e87c1a
rule,173205,3407,block_02,Gear,3,canonical,0,1,1,011,2000,1998,2000,0.999,1.0,4996c12b6209eb45ae0dbdb1691250b245be0b6fecb46f30399571fc519b5c3c
rule,314159,7,block_02,Gear,3,canonical,1,0,0,100,2000,99,1982,0.0495,0.991,09b08194395debb2e4c30ea7fd1d27c8baf67e8d568a6f6cb1a842e038f346ed
rule,314159,42,block_02,Gear,3,canonical,1,0,0,100,2000,0,1967,0.0,0.9835,8a523faeac10844b457627c241d4ee4729a6bb6dd41ff79aaa640064767a8f13
rule,314159,123,block_02,Gear,3,canonical,1,0,0,100,2000,42,2000,0.021,1.0,c81ec1fe7d3cf906172f8c9b79e4facaf3a711fb5cf31bf0f93b7f148c8f20b9
rule,314159,2026,block_02,Gear,3,canonical,1,0,0,100,2000,55,2000,0.0275,1.0,9f89d0fcf4c911b042d944313e1c99ff10ee1f483396e2cfd5227b6e4c3f7c8b
rule,314159,3407,block_02,Gear,3,canonical,1,0,0,100,2000,743,2000,0.3715,1.0,6c11d84632896e7e21097c35bc8949be0d6c8d1c57e6210d58494766ce9bba46
rule,271828,7,block_02,Gear,3,canonical,1,0,0,100,2000,463,1999,0.2315,0.9995,babbe5055150e5e5d800452dc61dda1b3d211a60de7c37eadae846378658c255
rule,271828,42,block_02,Gear,3,canonical,1,0,0,100,2000,127,1861,0.0635,0.9305,db3eb42f52a20b23f546ee24e20a211e1f434b1febd2dcdc33dee23aa860a806
rule,271828,123,block_02,Gear,3,canonical,1,0,0,100,2000,165,1998,0.0825,0.999,d8719c636c13ee805e95c787d18cdc4272d1f8d4d168166eb66e348abc6f2da7
rule,271828,2026,block_02,Gear,3,canonical,1,0,0,100,2000,0,2000,0.0,1.0,c0156f2bf2d889f6af59d8cefedeb3b720e095546e5192bcda73900bc0c70af1
rule,271828,3407,block_02,Gear,3,canonical,1,0,0,100,2000,853,1982,0.4265,0.991,708b454de01da83e20da3b831489c68fce15a87d99e76e19fe6e0d8613876ccc
rule,161803,7,block_02,Gear,3,canonical,1,0,0,100,2000,89,1985,0.0445,0.9925,d42b29e2f7bc00439efcb3141f0db55adf84ece88d5264bc066b756ef5def2c0
rule,161803,42,block_02,Gear,3,canonical,1,0,0,100,2000,10,1996,0.005,0.998,1c1df00db55b563140e164259b4d26675eba3ab5c882fbbeb25d3ad65cc3f3bb
rule,161803,123,block_02,Gear,3,canonical,1,0,0,100,2000,69,1998,0.0345,0.999,baa06c1f9260379da7ba42fbea560af4e56fd486be655e7c4343f76b73e493b7
rule,161803,2026,block_02,Gear,3,canonical,1,0,0,100,2000,2,1999,0.001,0.9995,fbfc69d3a02d3c2318b2a14c83e0d6ab28b501ba94eb34db863b413dfe293374
rule,161803,3407,block_02,Gear,3,canonical,1,0,0,100,2000,74,2000,0.037,1.0,00bc893a694e7e7ef1e576d93fdc8abb70d52de882880b4da13b3d74ba3110a9
rule,141421,7,block_02,Gear,3,canonical,1,0,0,100,2000,57,1982,0.0285,0.991,d07e9b83ad4dbbac6168146603dd1b2cba2ff523be063b036039f297548d284e
rule,141421,42,block_02,Gear,3,canonical,1,0,0,100,2000,4,1673,0.002,0.8365,c61407a2bc04d2ec05d79f0f6158e73bd558efe30521f2c56a0c191fbde59ba3
rule,141421,123,block_02,Gear,3,canonical,1,0,0,100,2000,60,2000,0.03,1.0,8469470dbe93b813a1ff9f5ea9db24110c92450abae5f47552d3b243a3379a7a
rule,141421,2026,block_02,Gear,3,canonical,1,0,0,100,2000,0,1995,0.0,0.9975,a6ed20ef78457734c1398d2ea29846326b93a039808fa3b1d49c1ca02bc74a5d
rule,141421,3407,block_02,Gear,3,canonical,1,0,0,100,2000,104,2000,0.052,1.0,7ced397f47396bc0049c98565747ae379ebf87783c5a7fbf1bba17d95eae7f6b
rule,173205,7,block_02,Gear,3,canonical,1,0,0,100,2000,8,2000,0.004,1.0,7371d09cdd8e7188b8a3d1a4384594d197918351fe6d53d2c196969a5b8f4e1c
rule,173205,42,block_02,Gear,3,canonical,1,0,0,100,2000,6,2000,0.003,1.0,f3b1373856aee675d70315264ef33dcac87e8a02cba7af7f166b2af5b2d59ff6
rule,173205,123,block_02,Gear,3,canonical,1,0,0,100,2000,114,2000,0.057,1.0,f6819e9926d7f856c70ebf326ee7f2d8c140ea9b5af570c56ac3fe496a20ac06
rule,173205,2026,block_02,Gear,3,canonical,1,0,0,100,2000,17,1999,0.0085,0.9995,af58ef89f7876138cb4cf1a1e371c69bd550d7feb4225849cf1f5e3675e87c1a
rule,173205,3407,block_02,Gear,3,canonical,1,0,0,100,2000,152,2000,0.076,1.0,4996c12b6209eb45ae0dbdb1691250b245be0b6fecb46f30399571fc519b5c3c
rule,314159,7,block_02,Gear,3,canonical,1,0,1,101,2000,20,1998,0.01,0.999,09b08194395debb2e4c30ea7fd1d27c8baf67e8d568a6f6cb1a842e038f346ed
rule,314159,42,block_02,Gear,3,canonical,1,0,1,101,2000,0,1999,0.0,0.9995,8a523faeac10844b457627c241d4ee4729a6bb6dd41ff79aaa640064767a8f13
rule,314159,123,block_02,Gear,3,canonical,1,0,1,101,2000,21,2000,0.0105,1.0,c81ec1fe7d3cf906172f8c9b79e4facaf3a711fb5cf31bf0f93b7f148c8f20b9
rule,314159,2026,block_02,Gear,3,canonical,1,0,1,101,2000,3,2000,0.0015,1.0,9f89d0fcf4c911b042d944313e1c99ff10ee1f483396e2cfd5227b6e4c3f7c8b
rule,314159,3407,block_02,Gear,3,canonical,1,0,1,101,2000,392,2000,0.196,1.0,6c11d84632896e7e21097c35bc8949be0d6c8d1c57e6210d58494766ce9bba46
rule,271828,7,block_02,Gear,3,canonical,1,0,1,101,2000,183,1999,0.0915,0.9995,babbe5055150e5e5d800452dc61dda1b3d211a60de7c37eadae846378658c255
rule,271828,42,block_02,Gear,3,canonical,1,0,1,101,2000,40,1861,0.02,0.9305,db3eb42f52a20b23f546ee24e20a211e1f434b1febd2dcdc33dee23aa860a806
rule,271828,123,block_02,Gear,3,canonical,1,0,1,101,2000,30,1998,0.015,0.999,d8719c636c13ee805e95c787d18cdc4272d1f8d4d168166eb66e348abc6f2da7
rule,271828,2026,block_02,Gear,3,canonical,1,0,1,101,2000,0,2000,0.0,1.0,c0156f2bf2d889f6af59d8cefedeb3b720e095546e5192bcda73900bc0c70af1
rule,271828,3407,block_02,Gear,3,canonical,1,0,1,101,2000,337,1993,0.1685,0.9965,708b454de01da83e20da3b831489c68fce15a87d99e76e19fe6e0d8613876ccc
rule,161803,7,block_02,Gear,3,canonical,1,0,1,101,2000,13,1998,0.0065,0.999,d42b29e2f7bc00439efcb3141f0db55adf84ece88d5264bc066b756ef5def2c0
rule,161803,42,block_02,Gear,3,canonical,1,0,1,101,2000,2,1998,0.001,0.999,1c1df00db55b563140e164259b4d26675eba3ab5c882fbbeb25d3ad65cc3f3bb
rule,161803,123,block_02,Gear,3,canonical,1,0,1,101,2000,28,1998,0.014,0.999,baa06c1f9260379da7ba42fbea560af4e56fd486be655e7c4343f76b73e493b7
rule,161803,2026,block_02,Gear,3,canonical,1,0,1,101,2000,0,2000,0.0,1.0,fbfc69d3a02d3c2318b2a14c83e0d6ab28b501ba94eb34db863b413dfe293374
rule,161803,3407,block_02,Gear,3,canonical,1,0,1,101,2000,13,2000,0.0065,1.0,00bc893a694e7e7ef1e576d93fdc8abb70d52de882880b4da13b3d74ba3110a9
rule,141421,7,block_02,Gear,3,canonical,1,0,1,101,2000,5,1995,0.0025,0.9975,d07e9b83ad4dbbac6168146603dd1b2cba2ff523be063b036039f297548d284e
rule,141421,42,block_02,Gear,3,canonical,1,0,1,101,2000,2,1861,0.001,0.9305,c61407a2bc04d2ec05d79f0f6158e73bd558efe30521f2c56a0c191fbde59ba3
rule,141421,123,block_02,Gear,3,canonical,1,0,1,101,2000,13,2000,0.0065,1.0,8469470dbe93b813a1ff9f5ea9db24110c92450abae5f47552d3b243a3379a7a
rule,141421,2026,block_02,Gear,3,canonical,1,0,1,101,2000,0,1999,0.0,0.9995,a6ed20ef78457734c1398d2ea29846326b93a039808fa3b1d49c1ca02bc74a5d
rule,141421,3407,block_02,Gear,3,canonical,1,0,1,101,2000,26,2000,0.013,1.0,7ced397f47396bc0049c98565747ae379ebf87783c5a7fbf1bba17d95eae7f6b
rule,173205,7,block_02,Gear,3,canonical,1,0,1,101,2000,0,2000,0.0,1.0,7371d09cdd8e7188b8a3d1a4384594d197918351fe6d53d2c196969a5b8f4e1c
rule,173205,42,block_02,Gear,3,canonical,1,0,1,101,2000,0,2000,0.0,1.0,f3b1373856aee675d70315264ef33dcac87e8a02cba7af7f166b2af5b2d59ff6
rule,173205,123,block_02,Gear,3,canonical,1,0,1,101,2000,21,2000,0.0105,1.0,f6819e9926d7f856c70ebf326ee7f2d8c140ea9b5af570c56ac3fe496a20ac06
rule,173205,2026,block_02,Gear,3,canonical,1,0,1,101,2000,0,2000,0.0,1.0,af58ef89f7876138cb4cf1a1e371c69bd550d7feb4225849cf1f5e3675e87c1a
rule,173205,3407,block_02,Gear,3,canonical,1,0,1,101,2000,39,2000,0.0195,1.0,4996c12b6209eb45ae0dbdb1691250b245be0b6fecb46f30399571fc519b5c3c
rule,314159,7,block_02,Gear,3,canonical,1,1,0,110,2000,702,1988,0.351,0.994,09b08194395debb2e4c30ea7fd1d27c8baf67e8d568a6f6cb1a842e038f346ed
rule,314159,42,block_02,Gear,3,canonical,1,1,0,110,2000,5,1970,0.0025,0.985,8a523faeac10844b457627c241d4ee4729a6bb6dd41ff79aaa640064767a8f13
rule,314159,123,block_02,Gear,3,canonical,1,1,0,110,2000,728,2000,0.364,1.0,c81ec1fe7d3cf906172f8c9b79e4facaf3a711fb5cf31bf0f93b7f148c8f20b9
rule,314159,2026,block_02,Gear,3,canonical,1,1,0,110,2000,48,2000,0.024,1.0,9f89d0fcf4c911b042d944313e1c99ff10ee1f483396e2cfd5227b6e4c3f7c8b
rule,314159,3407,block_02,Gear,3,canonical,1,1,0,110,2000,1689,1997,0.8445,0.9985,6c11d84632896e7e21097c35bc8949be0d6c8d1c57e6210d58494766ce9bba46
rule,271828,7,block_02,Gear,3,canonical,1,1,0,110,2000,1078,1999,0.539,0.9995,babbe5055150e5e5d800452dc61dda1b3d211a60de7c37eadae846378658c255
rule,271828,42,block_02,Gear,3,canonical,1,1,0,110,2000,33,1983,0.0165,0.9915,db3eb42f52a20b23f546ee24e20a211e1f434b1febd2dcdc33dee23aa860a806
rule,271828,123,block_02,Gear,3,canonical,1,1,0,110,2000,647,1998,0.3235,0.999,d8719c636c13ee805e95c787d18cdc4272d1f8d4d168166eb66e348abc6f2da7
rule,271828,2026,block_02,Gear,3,canonical,1,1,0,110,2000,193,2000,0.0965,1.0,c0156f2bf2d889f6af59d8cefedeb3b720e095546e5192bcda73900bc0c70af1
rule,271828,3407,block_02,Gear,3,canonical,1,1,0,110,2000,1868,1983,0.934,0.9915,708b454de01da83e20da3b831489c68fce15a87d99e76e19fe6e0d8613876ccc
rule,161803,7,block_02,Gear,3,canonical,1,1,0,110,2000,553,1995,0.2765,0.9975,d42b29e2f7bc00439efcb3141f0db55adf84ece88d5264bc066b756ef5def2c0
rule,161803,42,block_02,Gear,3,canonical,1,1,0,110,2000,8,1995,0.004,0.9975,1c1df00db55b563140e164259b4d26675eba3ab5c882fbbeb25d3ad65cc3f3bb
rule,161803,123,block_02,Gear,3,canonical,1,1,0,110,2000,549,1998,0.2745,0.999,baa06c1f9260379da7ba42fbea560af4e56fd486be655e7c4343f76b73e493b7
rule,161803,2026,block_02,Gear,3,canonical,1,1,0,110,2000,18,1999,0.009,0.9995,fbfc69d3a02d3c2318b2a14c83e0d6ab28b501ba94eb34db863b413dfe293374
rule,161803,3407,block_02,Gear,3,canonical,1,1,0,110,2000,1234,2000,0.617,1.0,00bc893a694e7e7ef1e576d93fdc8abb70d52de882880b4da13b3d74ba3110a9
rule,141421,7,block_02,Gear,3,canonical,1,1,0,110,2000,829,1985,0.4145,0.9925,d07e9b83ad4dbbac6168146603dd1b2cba2ff523be063b036039f297548d284e
rule,141421,42,block_02,Gear,3,canonical,1,1,0,110,2000,31,1930,0.0155,0.965,c61407a2bc04d2ec05d79f0f6158e73bd558efe30521f2c56a0c191fbde59ba3
rule,141421,123,block_02,Gear,3,canonical,1,1,0,110,2000,239,2000,0.1195,1.0,8469470dbe93b813a1ff9f5ea9db24110c92450abae5f47552d3b243a3379a7a
rule,141421,2026,block_02,Gear,3,canonical,1,1,0,110,2000,15,1988,0.0075,0.994,a6ed20ef78457734c1398d2ea29846326b93a039808fa3b1d49c1ca02bc74a5d
rule,141421,3407,block_02,Gear,3,canonical,1,1,0,110,2000,1430,1997,0.715,0.9985,7ced397f47396bc0049c98565747ae379ebf87783c5a7fbf1bba17d95eae7f6b
rule,173205,7,block_02,Gear,3,canonical,1,1,0,110,2000,402,2000,0.201,1.0,7371d09cdd8e7188b8a3d1a4384594d197918351fe6d53d2c196969a5b8f4e1c
rule,173205,42,block_02,Gear,3,canonical,1,1,0,110,2000,35,1995,0.0175,0.9975,f3b1373856aee675d70315264ef33dcac87e8a02cba7af7f166b2af5b2d59ff6
rule,173205,123,block_02,Gear,3,canonical,1,1,0,110,2000,1359,2000,0.6795,1.0,f6819e9926d7f856c70ebf326ee7f2d8c140ea9b5af570c56ac3fe496a20ac06
rule,173205,2026,block_02,Gear,3,canonical,1,1,0,110,2000,61,1996,0.0305,0.998,af58ef89f7876138cb4cf1a1e371c69bd550d7feb4225849cf1f5e3675e87c1a
rule,173205,3407,block_02,Gear,3,canonical,1,1,0,110,2000,1364,1996,0.682,0.998,4996c12b6209eb45ae0dbdb1691250b245be0b6fecb46f30399571fc519b5c3c
rule,314159,7,block_02,Gear,3,canonical,1,1,1,111,2000,454,1989,0.227,0.9945,09b08194395debb2e4c30ea7fd1d27c8baf67e8d568a6f6cb1a842e038f346ed
rule,314159,42,block_02,Gear,3,canonical,1,1,1,111,2000,1,1987,0.0005,0.9935,8a523faeac10844b457627c241d4ee4729a6bb6dd41ff79aaa640064767a8f13
rule,314159,123,block_02,Gear,3,canonical,1,1,1,111,2000,253,2000,0.1265,1.0,c81ec1fe7d3cf906172f8c9b79e4facaf3a711fb5cf31bf0f93b7f148c8f20b9
rule,314159,2026,block_02,Gear,3,canonical,1,1,1,111,2000,14,2000,0.007,1.0,9f89d0fcf4c911b042d944313e1c99ff10ee1f483396e2cfd5227b6e4c3f7c8b
rule,314159,3407,block_02,Gear,3,canonical,1,1,1,111,2000,1308,1998,0.654,0.999,6c11d84632896e7e21097c35bc8949be0d6c8d1c57e6210d58494766ce9bba46
rule,271828,7,block_02,Gear,3,canonical,1,1,1,111,2000,897,1999,0.4485,0.9995,babbe5055150e5e5d800452dc61dda1b3d211a60de7c37eadae846378658c255
rule,271828,42,block_02,Gear,3,canonical,1,1,1,111,2000,15,1980,0.0075,0.99,db3eb42f52a20b23f546ee24e20a211e1f434b1febd2dcdc33dee23aa860a806
rule,271828,123,block_02,Gear,3,canonical,1,1,1,111,2000,107,1998,0.0535,0.999,d8719c636c13ee805e95c787d18cdc4272d1f8d4d168166eb66e348abc6f2da7
rule,271828,2026,block_02,Gear,3,canonical,1,1,1,111,2000,72,2000,0.036,1.0,c0156f2bf2d889f6af59d8cefedeb3b720e095546e5192bcda73900bc0c70af1
rule,271828,3407,block_02,Gear,3,canonical,1,1,1,111,2000,1680,1984,0.84,0.992,708b454de01da83e20da3b831489c68fce15a87d99e76e19fe6e0d8613876ccc
rule,161803,7,block_02,Gear,3,canonical,1,1,1,111,2000,359,1996,0.1795,0.998,d42b29e2f7bc00439efcb3141f0db55adf84ece88d5264bc066b756ef5def2c0
rule,161803,42,block_02,Gear,3,canonical,1,1,1,111,2000,2,1998,0.001,0.999,1c1df00db55b563140e164259b4d26675eba3ab5c882fbbeb25d3ad65cc3f3bb
rule,161803,123,block_02,Gear,3,canonical,1,1,1,111,2000,141,1998,0.0705,0.999,baa06c1f9260379da7ba42fbea560af4e56fd486be655e7c4343f76b73e493b7
rule,161803,2026,block_02,Gear,3,canonical,1,1,1,111,2000,5,2000,0.0025,1.0,fbfc69d3a02d3c2318b2a14c83e0d6ab28b501ba94eb34db863b413dfe293374
rule,161803,3407,block_02,Gear,3,canonical,1,1,1,111,2000,736,2000,0.368,1.0,00bc893a694e7e7ef1e576d93fdc8abb70d52de882880b4da13b3d74ba3110a9
rule,141421,7,block_02,Gear,3,canonical,1,1,1,111,2000,564,1981,0.282,0.9905,d07e9b83ad4dbbac6168146603dd1b2cba2ff523be063b036039f297548d284e
rule,141421,42,block_02,Gear,3,canonical,1,1,1,111,2000,5,1979,0.0025,0.9895,c61407a2bc04d2ec05d79f0f6158e73bd558efe30521f2c56a0c191fbde59ba3
rule,141421,123,block_02,Gear,3,canonical,1,1,1,111,2000,26,2000,0.013,1.0,8469470dbe93b813a1ff9f5ea9db24110c92450abae5f47552d3b243a3379a7a
rule,141421,2026,block_02,Gear,3,canonical,1,1,1,111,2000,4,1991,0.002,0.9955,a6ed20ef78457734c1398d2ea29846326b93a039808fa3b1d49c1ca02bc74a5d
rule,141421,3407,block_02,Gear,3,canonical,1,1,1,111,2000,1070,1999,0.535,0.9995,7ced397f47396bc0049c98565747ae379ebf87783c5a7fbf1bba17d95eae7f6b
rule,173205,7,block_02,Gear,3,canonical,1,1,1,111,2000,267,2000,0.1335,1.0,7371d09cdd8e7188b8a3d1a4384594d197918351fe6d53d2c196969a5b8f4e1c
rule,173205,42,block_02,Gear,3,canonical,1,1,1,111,2000,15,1995,0.0075,0.9975,f3b1373856aee675d70315264ef33dcac87e8a02cba7af7f166b2af5b2d59ff6
rule,173205,123,block_02,Gear,3,canonical,1,1,1,111,2000,741,2000,0.3705,1.0,f6819e9926d7f856c70ebf326ee7f2d8c140ea9b5af570c56ac3fe496a20ac06
rule,173205,2026,block_02,Gear,3,canonical,1,1,1,111,2000,8,1999,0.004,0.9995,af58ef89f7876138cb4cf1a1e371c69bd550d7feb4225849cf1f5e3675e87c1a
rule,173205,3407,block_02,Gear,3,canonical,1,1,1,111,2000,805,1999,0.4025,0.9995,4996c12b6209eb45ae0dbdb1691250b245be0b6fecb46f30399571fc519b5c3c
rule,314159,7,block_02,Gear,3,shifted,0,0,0,000,2000,1998,2000,0.999,1.0,09b08194395debb2e4c30ea7fd1d27c8baf67e8d568a6f6cb1a842e038f346ed
rule,314159,42,block_02,Gear,3,shifted,0,0,0,000,2000,1998,1999,0.999,0.9995,8a523faeac10844b457627c241d4ee4729a6bb6dd41ff79aaa640064767a8f13
rule,314159,123,block_02,Gear,3,shifted,0,0,0,000,2000,1998,2000,0.999,1.0,c81ec1fe7d3cf906172f8c9b79e4facaf3a711fb5cf31bf0f93b7f148c8f20b9
rule,314159,2026,block_02,Gear,3,shifted,0,0,0,000,2000,1998,2000,0.999,1.0,9f89d0fcf4c911b042d944313e1c99ff10ee1f483396e2cfd5227b6e4c3f7c8b
rule,314159,3407,block_02,Gear,3,shifted,0,0,0,000,2000,1998,2000,0.999,1.0,6c11d84632896e7e21097c35bc8949be0d6c8d1c57e6210d58494766ce9bba46
rule,271828,7,block_02,Gear,3,shifted,0,0,0,000,2000,1998,1999,0.999,0.9995,babbe5055150e5e5d800452dc61dda1b3d211a60de7c37eadae846378658c255
rule,271828,42,block_02,Gear,3,shifted,0,0,0,000,2000,1998,2000,0.999,1.0,db3eb42f52a20b23f546ee24e20a211e1f434b1febd2dcdc33dee23aa860a806
rule,271828,123,block_02,Gear,3,shifted,0,0,0,000,2000,1998,1998,0.999,0.999,d8719c636c13ee805e95c787d18cdc4272d1f8d4d168166eb66e348abc6f2da7
rule,271828,2026,block_02,Gear,3,shifted,0,0,0,000,2000,1998,2000,0.999,1.0,c0156f2bf2d889f6af59d8cefedeb3b720e095546e5192bcda73900bc0c70af1
rule,271828,3407,block_02,Gear,3,shifted,0,0,0,000,2000,1998,2000,0.999,1.0,708b454de01da83e20da3b831489c68fce15a87d99e76e19fe6e0d8613876ccc
rule,161803,7,block_02,Gear,3,shifted,0,0,0,000,2000,1998,2000,0.999,1.0,d42b29e2f7bc00439efcb3141f0db55adf84ece88d5264bc066b756ef5def2c0
rule,161803,42,block_02,Gear,3,shifted,0,0,0,000,2000,1998,2000,0.999,1.0,1c1df00db55b563140e164259b4d26675eba3ab5c882fbbeb25d3ad65cc3f3bb
rule,161803,123,block_02,Gear,3,shifted,0,0,0,000,2000,1998,1998,0.999,0.999,baa06c1f9260379da7ba42fbea560af4e56fd486be655e7c4343f76b73e493b7
rule,161803,2026,block_02,Gear,3,shifted,0,0,0,000,2000,1998,2000,0.999,1.0,fbfc69d3a02d3c2318b2a14c83e0d6ab28b501ba94eb34db863b413dfe293374
rule,161803,3407,block_02,Gear,3,shifted,0,0,0,000,2000,1998,2000,0.999,1.0,00bc893a694e7e7ef1e576d93fdc8abb70d52de882880b4da13b3d74ba3110a9
rule,141421,7,block_02,Gear,3,shifted,0,0,0,000,2000,1998,2000,0.999,1.0,d07e9b83ad4dbbac6168146603dd1b2cba2ff523be063b036039f297548d284e
rule,141421,42,block_02,Gear,3,shifted,0,0,0,000,2000,1998,2000,0.999,1.0,c61407a2bc04d2ec05d79f0f6158e73bd558efe30521f2c56a0c191fbde59ba3
rule,141421,123,block_02,Gear,3,shifted,0,0,0,000,2000,1998,2000,0.999,1.0,8469470dbe93b813a1ff9f5ea9db24110c92450abae5f47552d3b243a3379a7a
rule,141421,2026,block_02,Gear,3,shifted,0,0,0,000,2000,1998,2000,0.999,1.0,a6ed20ef78457734c1398d2ea29846326b93a039808fa3b1d49c1ca02bc74a5d
rule,141421,3407,block_02,Gear,3,shifted,0,0,0,000,2000,1998,2000,0.999,1.0,7ced397f47396bc0049c98565747ae379ebf87783c5a7fbf1bba17d95eae7f6b
rule,173205,7,block_02,Gear,3,shifted,0,0,0,000,2000,1998,2000,0.999,1.0,7371d09cdd8e7188b8a3d1a4384594d197918351fe6d53d2c196969a5b8f4e1c
rule,173205,42,block_02,Gear,3,shifted,0,0,0,000,2000,1998,2000,0.999,1.0,f3b1373856aee675d70315264ef33dcac87e8a02cba7af7f166b2af5b2d59ff6
rule,173205,123,block_02,Gear,3,shifted,0,0,0,000,2000,1998,2000,0.999,1.0,f6819e9926d7f856c70ebf326ee7f2d8c140ea9b5af570c56ac3fe496a20ac06
rule,173205,2026,block_02,Gear,3,shifted,0,0,0,000,2000,1998,2000,0.999,1.0,af58ef89f7876138cb4cf1a1e371c69bd550d7feb4225849cf1f5e3675e87c1a
rule,173205,3407,block_02,Gear,3,shifted,0,0,0,000,2000,1998,2000,0.999,1.0,4996c12b6209eb45ae0dbdb1691250b245be0b6fecb46f30399571fc519b5c3c
rule,314159,7,block_02,Gear,3,shifted,0,0,1,001,2000,1998,2000,0.999,1.0,09b08194395debb2e4c30ea7fd1d27c8baf67e8d568a6f6cb1a842e038f346ed
rule,314159,42,block_02,Gear,3,shifted,0,0,1,001,2000,1998,1999,0.999,0.9995,8a523faeac10844b457627c241d4ee4729a6bb6dd41ff79aaa640064767a8f13
rule,314159,123,block_02,Gear,3,shifted,0,0,1,001,2000,1998,2000,0.999,1.0,c81ec1fe7d3cf906172f8c9b79e4facaf3a711fb5cf31bf0f93b7f148c8f20b9
rule,314159,2026,block_02,Gear,3,shifted,0,0,1,001,2000,1998,2000,0.999,1.0,9f89d0fcf4c911b042d944313e1c99ff10ee1f483396e2cfd5227b6e4c3f7c8b
rule,314159,3407,block_02,Gear,3,shifted,0,0,1,001,2000,1998,2000,0.999,1.0,6c11d84632896e7e21097c35bc8949be0d6c8d1c57e6210d58494766ce9bba46
rule,271828,7,block_02,Gear,3,shifted,0,0,1,001,2000,1998,1999,0.999,0.9995,babbe5055150e5e5d800452dc61dda1b3d211a60de7c37eadae846378658c255
rule,271828,42,block_02,Gear,3,shifted,0,0,1,001,2000,1998,2000,0.999,1.0,db3eb42f52a20b23f546ee24e20a211e1f434b1febd2dcdc33dee23aa860a806
rule,271828,123,block_02,Gear,3,shifted,0,0,1,001,2000,1998,1998,0.999,0.999,d8719c636c13ee805e95c787d18cdc4272d1f8d4d168166eb66e348abc6f2da7
rule,271828,2026,block_02,Gear,3,shifted,0,0,1,001,2000,1998,2000,0.999,1.0,c0156f2bf2d889f6af59d8cefedeb3b720e095546e5192bcda73900bc0c70af1
rule,271828,3407,block_02,Gear,3,shifted,0,0,1,001,2000,1998,2000,0.999,1.0,708b454de01da83e20da3b831489c68fce15a87d99e76e19fe6e0d8613876ccc
rule,161803,7,block_02,Gear,3,shifted,0,0,1,001,2000,1998,2000,0.999,1.0,d42b29e2f7bc00439efcb3141f0db55adf84ece88d5264bc066b756ef5def2c0
rule,161803,42,block_02,Gear,3,shifted,0,0,1,001,2000,1998,2000,0.999,1.0,1c1df00db55b563140e164259b4d26675eba3ab5c882fbbeb25d3ad65cc3f3bb
rule,161803,123,block_02,Gear,3,shifted,0,0,1,001,2000,1998,1998,0.999,0.999,baa06c1f9260379da7ba42fbea560af4e56fd486be655e7c4343f76b73e493b7
rule,161803,2026,block_02,Gear,3,shifted,0,0,1,001,2000,1998,2000,0.999,1.0,fbfc69d3a02d3c2318b2a14c83e0d6ab28b501ba94eb34db863b413dfe293374
rule,161803,3407,block_02,Gear,3,shifted,0,0,1,001,2000,1998,2000,0.999,1.0,00bc893a694e7e7ef1e576d93fdc8abb70d52de882880b4da13b3d74ba3110a9
rule,141421,7,block_02,Gear,3,shifted,0,0,1,001,2000,1998,2000,0.999,1.0,d07e9b83ad4dbbac6168146603dd1b2cba2ff523be063b036039f297548d284e
rule,141421,42,block_02,Gear,3,shifted,0,0,1,001,2000,1998,2000,0.999,1.0,c61407a2bc04d2ec05d79f0f6158e73bd558efe30521f2c56a0c191fbde59ba3
rule,141421,123,block_02,Gear,3,shifted,0,0,1,001,2000,1998,2000,0.999,1.0,8469470dbe93b813a1ff9f5ea9db24110c92450abae5f47552d3b243a3379a7a
rule,141421,2026,block_02,Gear,3,shifted,0,0,1,001,2000,1998,2000,0.999,1.0,a6ed20ef78457734c1398d2ea29846326b93a039808fa3b1d49c1ca02bc74a5d
rule,141421,3407,block_02,Gear,3,shifted,0,0,1,001,2000,1998,2000,0.999,1.0,7ced397f47396bc0049c98565747ae379ebf87783c5a7fbf1bba17d95eae7f6b
rule,173205,7,block_02,Gear,3,shifted,0,0,1,001,2000,1998,2000,0.999,1.0,7371d09cdd8e7188b8a3d1a4384594d197918351fe6d53d2c196969a5b8f4e1c
rule,173205,42,block_02,Gear,3,shifted,0,0,1,001,2000,1998,2000,0.999,1.0,f3b1373856aee675d70315264ef33dcac87e8a02cba7af7f166b2af5b2d59ff6
rule,173205,123,block_02,Gear,3,shifted,0,0,1,001,2000,1998,2000,0.999,1.0,f6819e9926d7f856c70ebf326ee7f2d8c140ea9b5af570c56ac3fe496a20ac06
rule,173205,2026,block_02,Gear,3,shifted,0,0,1,001,2000,1998,2000,0.999,1.0,af58ef89f7876138cb4cf1a1e371c69bd550d7feb4225849cf1f5e3675e87c1a
rule,173205,3407,block_02,Gear,3,shifted,0,0,1,001,2000,1998,2000,0.999,1.0,4996c12b6209eb45ae0dbdb1691250b245be0b6fecb46f30399571fc519b5c3c
rule,314159,7,block_02,Gear,3,shifted,0,1,0,010,2000,1998,2000,0.999,1.0,09b08194395debb2e4c30ea7fd1d27c8baf67e8d568a6f6cb1a842e038f346ed
rule,314159,42,block_02,Gear,3,shifted,0,1,0,010,2000,1998,1999,0.999,0.9995,8a523faeac10844b457627c241d4ee4729a6bb6dd41ff79aaa640064767a8f13
rule,314159,123,block_02,Gear,3,shifted,0,1,0,010,2000,1998,2000,0.999,1.0,c81ec1fe7d3cf906172f8c9b79e4facaf3a711fb5cf31bf0f93b7f148c8f20b9
rule,314159,2026,block_02,Gear,3,shifted,0,1,0,010,2000,1998,2000,0.999,1.0,9f89d0fcf4c911b042d944313e1c99ff10ee1f483396e2cfd5227b6e4c3f7c8b
rule,314159,3407,block_02,Gear,3,shifted,0,1,0,010,2000,1998,2000,0.999,1.0,6c11d84632896e7e21097c35bc8949be0d6c8d1c57e6210d58494766ce9bba46
rule,271828,7,block_02,Gear,3,shifted,0,1,0,010,2000,1998,2000,0.999,1.0,babbe5055150e5e5d800452dc61dda1b3d211a60de7c37eadae846378658c255
rule,271828,42,block_02,Gear,3,shifted,0,1,0,010,2000,1998,2000,0.999,1.0,db3eb42f52a20b23f546ee24e20a211e1f434b1febd2dcdc33dee23aa860a806
rule,271828,123,block_02,Gear,3,shifted,0,1,0,010,2000,1998,1998,0.999,0.999,d8719c636c13ee805e95c787d18cdc4272d1f8d4d168166eb66e348abc6f2da7
rule,271828,2026,block_02,Gear,3,shifted,0,1,0,010,2000,1998,2000,0.999,1.0,c0156f2bf2d889f6af59d8cefedeb3b720e095546e5192bcda73900bc0c70af1
rule,271828,3407,block_02,Gear,3,shifted,0,1,0,010,2000,1998,2000,0.999,1.0,708b454de01da83e20da3b831489c68fce15a87d99e76e19fe6e0d8613876ccc
rule,161803,7,block_02,Gear,3,shifted,0,1,0,010,2000,1998,2000,0.999,1.0,d42b29e2f7bc00439efcb3141f0db55adf84ece88d5264bc066b756ef5def2c0
rule,161803,42,block_02,Gear,3,shifted,0,1,0,010,2000,1998,2000,0.999,1.0,1c1df00db55b563140e164259b4d26675eba3ab5c882fbbeb25d3ad65cc3f3bb
rule,161803,123,block_02,Gear,3,shifted,0,1,0,010,2000,1998,1998,0.999,0.999,baa06c1f9260379da7ba42fbea560af4e56fd486be655e7c4343f76b73e493b7
rule,161803,2026,block_02,Gear,3,shifted,0,1,0,010,2000,1998,2000,0.999,1.0,fbfc69d3a02d3c2318b2a14c83e0d6ab28b501ba94eb34db863b413dfe293374
rule,161803,3407,block_02,Gear,3,shifted,0,1,0,010,2000,1998,2000,0.999,1.0,00bc893a694e7e7ef1e576d93fdc8abb70d52de882880b4da13b3d74ba3110a9
rule,141421,7,block_02,Gear,3,shifted,0,1,0,010,2000,1998,2000,0.999,1.0,d07e9b83ad4dbbac6168146603dd1b2cba2ff523be063b036039f297548d284e
rule,141421,42,block_02,Gear,3,shifted,0,1,0,010,2000,1998,2000,0.999,1.0,c61407a2bc04d2ec05d79f0f6158e73bd558efe30521f2c56a0c191fbde59ba3
rule,141421,123,block_02,Gear,3,shifted,0,1,0,010,2000,1998,2000,0.999,1.0,8469470dbe93b813a1ff9f5ea9db24110c92450abae5f47552d3b243a3379a7a
rule,141421,2026,block_02,Gear,3,shifted,0,1,0,010,2000,1998,2000,0.999,1.0,a6ed20ef78457734c1398d2ea29846326b93a039808fa3b1d49c1ca02bc74a5d
rule,141421,3407,block_02,Gear,3,shifted,0,1,0,010,2000,1998,2000,0.999,1.0,7ced397f47396bc0049c98565747ae379ebf87783c5a7fbf1bba17d95eae7f6b
rule,173205,7,block_02,Gear,3,shifted,0,1,0,010,2000,1998,2000,0.999,1.0,7371d09cdd8e7188b8a3d1a4384594d197918351fe6d53d2c196969a5b8f4e1c
rule,173205,42,block_02,Gear,3,shifted,0,1,0,010,2000,1998,2000,0.999,1.0,f3b1373856aee675d70315264ef33dcac87e8a02cba7af7f166b2af5b2d59ff6
rule,173205,123,block_02,Gear,3,shifted,0,1,0,010,2000,1998,2000,0.999,1.0,f6819e9926d7f856c70ebf326ee7f2d8c140ea9b5af570c56ac3fe496a20ac06
rule,173205,2026,block_02,Gear,3,shifted,0,1,0,010,2000,1998,2000,0.999,1.0,af58ef89f7876138cb4cf1a1e371c69bd550d7feb4225849cf1f5e3675e87c1a
rule,173205,3407,block_02,Gear,3,shifted,0,1,0,010,2000,1998,2000,0.999,1.0,4996c12b6209eb45ae0dbdb1691250b245be0b6fecb46f30399571fc519b5c3c
rule,314159,7,block_02,Gear,3,shifted,0,1,1,011,2000,1998,2000,0.999,1.0,09b08194395debb2e4c30ea7fd1d27c8baf67e8d568a6f6cb1a842e038f346ed
rule,314159,42,block_02,Gear,3,shifted,0,1,1,011,2000,1998,1999,0.999,0.9995,8a523faeac10844b457627c241d4ee4729a6bb6dd41ff79aaa640064767a8f13
rule,314159,123,block_02,Gear,3,shifted,0,1,1,011,2000,1998,2000,0.999,1.0,c81ec1fe7d3cf906172f8c9b79e4facaf3a711fb5cf31bf0f93b7f148c8f20b9
rule,314159,2026,block_02,Gear,3,shifted,0,1,1,011,2000,1998,2000,0.999,1.0,9f89d0fcf4c911b042d944313e1c99ff10ee1f483396e2cfd5227b6e4c3f7c8b
rule,314159,3407,block_02,Gear,3,shifted,0,1,1,011,2000,1998,2000,0.999,1.0,6c11d84632896e7e21097c35bc8949be0d6c8d1c57e6210d58494766ce9bba46
rule,271828,7,block_02,Gear,3,shifted,0,1,1,011,2000,1998,2000,0.999,1.0,babbe5055150e5e5d800452dc61dda1b3d211a60de7c37eadae846378658c255
rule,271828,42,block_02,Gear,3,shifted,0,1,1,011,2000,1998,2000,0.999,1.0,db3eb42f52a20b23f546ee24e20a211e1f434b1febd2dcdc33dee23aa860a806
rule,271828,123,block_02,Gear,3,shifted,0,1,1,011,2000,1998,1998,0.999,0.999,d8719c636c13ee805e95c787d18cdc4272d1f8d4d168166eb66e348abc6f2da7
rule,271828,2026,block_02,Gear,3,shifted,0,1,1,011,2000,1998,2000,0.999,1.0,c0156f2bf2d889f6af59d8cefedeb3b720e095546e5192bcda73900bc0c70af1
rule,271828,3407,block_02,Gear,3,shifted,0,1,1,011,2000,1998,2000,0.999,1.0,708b454de01da83e20da3b831489c68fce15a87d99e76e19fe6e0d8613876ccc
rule,161803,7,block_02,Gear,3,shifted,0,1,1,011,2000,1998,2000,0.999,1.0,d42b29e2f7bc00439efcb3141f0db55adf84ece88d5264bc066b756ef5def2c0
rule,161803,42,block_02,Gear,3,shifted,0,1,1,011,2000,1998,2000,0.999,1.0,1c1df00db55b563140e164259b4d26675eba3ab5c882fbbeb25d3ad65cc3f3bb
rule,161803,123,block_02,Gear,3,shifted,0,1,1,011,2000,1998,1998,0.999,0.999,baa06c1f9260379da7ba42fbea560af4e56fd486be655e7c4343f76b73e493b7
rule,161803,2026,block_02,Gear,3,shifted,0,1,1,011,2000,1998,2000,0.999,1.0,fbfc69d3a02d3c2318b2a14c83e0d6ab28b501ba94eb34db863b413dfe293374
rule,161803,3407,block_02,Gear,3,shifted,0,1,1,011,2000,1998,2000,0.999,1.0,00bc893a694e7e7ef1e576d93fdc8abb70d52de882880b4da13b3d74ba3110a9
rule,141421,7,block_02,Gear,3,shifted,0,1,1,011,2000,1998,2000,0.999,1.0,d07e9b83ad4dbbac6168146603dd1b2cba2ff523be063b036039f297548d284e
rule,141421,42,block_02,Gear,3,shifted,0,1,1,011,2000,1998,2000,0.999,1.0,c61407a2bc04d2ec05d79f0f6158e73bd558efe30521f2c56a0c191fbde59ba3
rule,141421,123,block_02,Gear,3,shifted,0,1,1,011,2000,1998,2000,0.999,1.0,8469470dbe93b813a1ff9f5ea9db24110c92450abae5f47552d3b243a3379a7a
rule,141421,2026,block_02,Gear,3,shifted,0,1,1,011,2000,1998,2000,0.999,1.0,a6ed20ef78457734c1398d2ea29846326b93a039808fa3b1d49c1ca02bc74a5d
rule,141421,3407,block_02,Gear,3,shifted,0,1,1,011,2000,1998,2000,0.999,1.0,7ced397f47396bc0049c98565747ae379ebf87783c5a7fbf1bba17d95eae7f6b
rule,173205,7,block_02,Gear,3,shifted,0,1,1,011,2000,1998,2000,0.999,1.0,7371d09cdd8e7188b8a3d1a4384594d197918351fe6d53d2c196969a5b8f4e1c
rule,173205,42,block_02,Gear,3,shifted,0,1,1,011,2000,1998,2000,0.999,1.0,f3b1373856aee675d70315264ef33dcac87e8a02cba7af7f166b2af5b2d59ff6
rule,173205,123,block_02,Gear,3,shifted,0,1,1,011,2000,1998,2000,0.999,1.0,f6819e9926d7f856c70ebf326ee7f2d8c140ea9b5af570c56ac3fe496a20ac06
rule,173205,2026,block_02,Gear,3,shifted,0,1,1,011,2000,1998,2000,0.999,1.0,af58ef89f7876138cb4cf1a1e371c69bd550d7feb4225849cf1f5e3675e87c1a
rule,173205,3407,block_02,Gear,3,shifted,0,1,1,011,2000,1998,2000,0.999,1.0,4996c12b6209eb45ae0dbdb1691250b245be0b6fecb46f30399571fc519b5c3c
rule,314159,7,block_02,Gear,3,shifted,1,0,0,100,2000,100,1983,0.05,0.9915,09b08194395debb2e4c30ea7fd1d27c8baf67e8d568a6f6cb1a842e038f346ed
rule,314159,42,block_02,Gear,3,shifted,1,0,0,100,2000,0,1967,0.0,0.9835,8a523faeac10844b457627c241d4ee4729a6bb6dd41ff79aaa640064767a8f13
rule,314159,123,block_02,Gear,3,shifted,1,0,0,100,2000,42,2000,0.021,1.0,c81ec1fe7d3cf906172f8c9b79e4facaf3a711fb5cf31bf0f93b7f148c8f20b9
rule,314159,2026,block_02,Gear,3,shifted,1,0,0,100,2000,57,2000,0.0285,1.0,9f89d0fcf4c911b042d944313e1c99ff10ee1f483396e2cfd5227b6e4c3f7c8b
rule,314159,3407,block_02,Gear,3,shifted,1,0,0,100,2000,745,2000,0.3725,1.0,6c11d84632896e7e21097c35bc8949be0d6c8d1c57e6210d58494766ce9bba46
rule,271828,7,block_02,Gear,3,shifted,1,0,0,100,2000,472,1999,0.236,0.9995,babbe5055150e5e5d800452dc61dda1b3d211a60de7c37eadae846378658c255
rule,271828,42,block_02,Gear,3,shifted,1,0,0,100,2000,131,1861,0.0655,0.9305,db3eb42f52a20b23f546ee24e20a211e1f434b1febd2dcdc33dee23aa860a806
rule,271828,123,block_02,Gear,3,shifted,1,0,0,100,2000,166,1998,0.083,0.999,d8719c636c13ee805e95c787d18cdc4272d1f8d4d168166eb66e348abc6f2da7
rule,271828,2026,block_02,Gear,3,shifted,1,0,0,100,2000,0,2000,0.0,1.0,c0156f2bf2d889f6af59d8cefedeb3b720e095546e5192bcda73900bc0c70af1
rule,271828,3407,block_02,Gear,3,shifted,1,0,0,100,2000,861,1982,0.4305,0.991,708b454de01da83e20da3b831489c68fce15a87d99e76e19fe6e0d8613876ccc
rule,161803,7,block_02,Gear,3,shifted,1,0,0,100,2000,91,1985,0.0455,0.9925,d42b29e2f7bc00439efcb3141f0db55adf84ece88d5264bc066b756ef5def2c0
rule,161803,42,block_02,Gear,3,shifted,1,0,0,100,2000,10,1996,0.005,0.998,1c1df00db55b563140e164259b4d26675eba3ab5c882fbbeb25d3ad65cc3f3bb
rule,161803,123,block_02,Gear,3,shifted,1,0,0,100,2000,71,1998,0.0355,0.999,baa06c1f9260379da7ba42fbea560af4e56fd486be655e7c4343f76b73e493b7
rule,161803,2026,block_02,Gear,3,shifted,1,0,0,100,2000,2,1999,0.001,0.9995,fbfc69d3a02d3c2318b2a14c83e0d6ab28b501ba94eb34db863b413dfe293374
rule,161803,3407,block_02,Gear,3,shifted,1,0,0,100,2000,77,2000,0.0385,1.0,00bc893a694e7e7ef1e576d93fdc8abb70d52de882880b4da13b3d74ba3110a9
rule,141421,7,block_02,Gear,3,shifted,1,0,0,100,2000,59,1982,0.0295,0.991,d07e9b83ad4dbbac6168146603dd1b2cba2ff523be063b036039f297548d284e
rule,141421,42,block_02,Gear,3,shifted,1,0,0,100,2000,5,1671,0.0025,0.8355,c61407a2bc04d2ec05d79f0f6158e73bd558efe30521f2c56a0c191fbde59ba3
rule,141421,123,block_02,Gear,3,shifted,1,0,0,100,2000,61,2000,0.0305,1.0,8469470dbe93b813a1ff9f5ea9db24110c92450abae5f47552d3b243a3379a7a
rule,141421,2026,block_02,Gear,3,shifted,1,0,0,100,2000,0,1995,0.0,0.9975,a6ed20ef78457734c1398d2ea29846326b93a039808fa3b1d49c1ca02bc74a5d
rule,141421,3407,block_02,Gear,3,shifted,1,0,0,100,2000,108,2000,0.054,1.0,7ced397f47396bc0049c98565747ae379ebf87783c5a7fbf1bba17d95eae7f6b
rule,173205,7,block_02,Gear,3,shifted,1,0,0,100,2000,8,2000,0.004,1.0,7371d09cdd8e7188b8a3d1a4384594d197918351fe6d53d2c196969a5b8f4e1c
rule,173205,42,block_02,Gear,3,shifted,1,0,0,100,2000,7,2000,0.0035,1.0,f3b1373856aee675d70315264ef33dcac87e8a02cba7af7f166b2af5b2d59ff6
rule,173205,123,block_02,Gear,3,shifted,1,0,0,100,2000,122,2000,0.061,1.0,f6819e9926d7f856c70ebf326ee7f2d8c140ea9b5af570c56ac3fe496a20ac06
rule,173205,2026,block_02,Gear,3,shifted,1,0,0,100,2000,17,1999,0.0085,0.9995,af58ef89f7876138cb4cf1a1e371c69bd550d7feb4225849cf1f5e3675e87c1a
rule,173205,3407,block_02,Gear,3,shifted,1,0,0,100,2000,153,2000,0.0765,1.0,4996c12b6209eb45ae0dbdb1691250b245be0b6fecb46f30399571fc519b5c3c
rule,314159,7,block_02,Gear,3,shifted,1,0,1,101,2000,21,1998,0.0105,0.999,09b08194395debb2e4c30ea7fd1d27c8baf67e8d568a6f6cb1a842e038f346ed
rule,314159,42,block_02,Gear,3,shifted,1,0,1,101,2000,0,1999,0.0,0.9995,8a523faeac10844b457627c241d4ee4729a6bb6dd41ff79aaa640064767a8f13
rule,314159,123,block_02,Gear,3,shifted,1,0,1,101,2000,22,2000,0.011,1.0,c81ec1fe7d3cf906172f8c9b79e4facaf3a711fb5cf31bf0f93b7f148c8f20b9
rule,314159,2026,block_02,Gear,3,shifted,1,0,1,101,2000,3,2000,0.0015,1.0,9f89d0fcf4c911b042d944313e1c99ff10ee1f483396e2cfd5227b6e4c3f7c8b
rule,314159,3407,block_02,Gear,3,shifted,1,0,1,101,2000,393,2000,0.1965,1.0,6c11d84632896e7e21097c35bc8949be0d6c8d1c57e6210d58494766ce9bba46
rule,271828,7,block_02,Gear,3,shifted,1,0,1,101,2000,187,1999,0.0935,0.9995,babbe5055150e5e5d800452dc61dda1b3d211a60de7c37eadae846378658c255
rule,271828,42,block_02,Gear,3,shifted,1,0,1,101,2000,41,1862,0.0205,0.931,db3eb42f52a20b23f546ee24e20a211e1f434b1febd2dcdc33dee23aa860a806
rule,271828,123,block_02,Gear,3,shifted,1,0,1,101,2000,32,1998,0.016,0.999,d8719c636c13ee805e95c787d18cdc4272d1f8d4d168166eb66e348abc6f2da7
rule,271828,2026,block_02,Gear,3,shifted,1,0,1,101,2000,0,2000,0.0,1.0,c0156f2bf2d889f6af59d8cefedeb3b720e095546e5192bcda73900bc0c70af1
rule,271828,3407,block_02,Gear,3,shifted,1,0,1,101,2000,345,1993,0.1725,0.9965,708b454de01da83e20da3b831489c68fce15a87d99e76e19fe6e0d8613876ccc
rule,161803,7,block_02,Gear,3,shifted,1,0,1,101,2000,13,1998,0.0065,0.999,d42b29e2f7bc00439efcb3141f0db55adf84ece88d5264bc066b756ef5def2c0
rule,161803,42,block_02,Gear,3,shifted,1,0,1,101,2000,2,1998,0.001,0.999,1c1df00db55b563140e164259b4d26675eba3ab5c882fbbeb25d3ad65cc3f3bb
rule,161803,123,block_02,Gear,3,shifted,1,0,1,101,2000,28,1998,0.014,0.999,baa06c1f9260379da7ba42fbea560af4e56fd486be655e7c4343f76b73e493b7
rule,161803,2026,block_02,Gear,3,shifted,1,0,1,101,2000,0,2000,0.0,1.0,fbfc69d3a02d3c2318b2a14c83e0d6ab28b501ba94eb34db863b413dfe293374
rule,161803,3407,block_02,Gear,3,shifted,1,0,1,101,2000,13,2000,0.0065,1.0,00bc893a694e7e7ef1e576d93fdc8abb70d52de882880b4da13b3d74ba3110a9
rule,141421,7,block_02,Gear,3,shifted,1,0,1,101,2000,5,1995,0.0025,0.9975,d07e9b83ad4dbbac6168146603dd1b2cba2ff523be063b036039f297548d284e
rule,141421,42,block_02,Gear,3,shifted,1,0,1,101,2000,2,1861,0.001,0.9305,c61407a2bc04d2ec05d79f0f6158e73bd558efe30521f2c56a0c191fbde59ba3
rule,141421,123,block_02,Gear,3,shifted,1,0,1,101,2000,13,2000,0.0065,1.0,8469470dbe93b813a1ff9f5ea9db24110c92450abae5f47552d3b243a3379a7a
rule,141421,2026,block_02,Gear,3,shifted,1,0,1,101,2000,0,1999,0.0,0.9995,a6ed20ef78457734c1398d2ea29846326b93a039808fa3b1d49c1ca02bc74a5d
rule,141421,3407,block_02,Gear,3,shifted,1,0,1,101,2000,26,2000,0.013,1.0,7ced397f47396bc0049c98565747ae379ebf87783c5a7fbf1bba17d95eae7f6b
rule,173205,7,block_02,Gear,3,shifted,1,0,1,101,2000,0,2000,0.0,1.0,7371d09cdd8e7188b8a3d1a4384594d197918351fe6d53d2c196969a5b8f4e1c
rule,173205,42,block_02,Gear,3,shifted,1,0,1,101,2000,0,2000,0.0,1.0,f3b1373856aee675d70315264ef33dcac87e8a02cba7af7f166b2af5b2d59ff6
rule,173205,123,block_02,Gear,3,shifted,1,0,1,101,2000,22,2000,0.011,1.0,f6819e9926d7f856c70ebf326ee7f2d8c140ea9b5af570c56ac3fe496a20ac06
rule,173205,2026,block_02,Gear,3,shifted,1,0,1,101,2000,0,2000,0.0,1.0,af58ef89f7876138cb4cf1a1e371c69bd550d7feb4225849cf1f5e3675e87c1a
rule,173205,3407,block_02,Gear,3,shifted,1,0,1,101,2000,39,2000,0.0195,1.0,4996c12b6209eb45ae0dbdb1691250b245be0b6fecb46f30399571fc519b5c3c
rule,314159,7,block_02,Gear,3,shifted,1,1,0,110,2000,711,1988,0.3555,0.994,09b08194395debb2e4c30ea7fd1d27c8baf67e8d568a6f6cb1a842e038f346ed
rule,314159,42,block_02,Gear,3,shifted,1,1,0,110,2000,6,1970,0.003,0.985,8a523faeac10844b457627c241d4ee4729a6bb6dd41ff79aaa640064767a8f13
rule,314159,123,block_02,Gear,3,shifted,1,1,0,110,2000,742,2000,0.371,1.0,c81ec1fe7d3cf906172f8c9b79e4facaf3a711fb5cf31bf0f93b7f148c8f20b9
rule,314159,2026,block_02,Gear,3,shifted,1,1,0,110,2000,51,2000,0.0255,1.0,9f89d0fcf4c911b042d944313e1c99ff10ee1f483396e2cfd5227b6e4c3f7c8b
rule,314159,3407,block_02,Gear,3,shifted,1,1,0,110,2000,1697,1998,0.8485,0.999,6c11d84632896e7e21097c35bc8949be0d6c8d1c57e6210d58494766ce9bba46
rule,271828,7,block_02,Gear,3,shifted,1,1,0,110,2000,1088,1999,0.544,0.9995,babbe5055150e5e5d800452dc61dda1b3d211a60de7c37eadae846378658c255
rule,271828,42,block_02,Gear,3,shifted,1,1,0,110,2000,34,1984,0.017,0.992,db3eb42f52a20b23f546ee24e20a211e1f434b1febd2dcdc33dee23aa860a806
rule,271828,123,block_02,Gear,3,shifted,1,1,0,110,2000,654,1998,0.327,0.999,d8719c636c13ee805e95c787d18cdc4272d1f8d4d168166eb66e348abc6f2da7
rule,271828,2026,block_02,Gear,3,shifted,1,1,0,110,2000,197,2000,0.0985,1.0,c0156f2bf2d889f6af59d8cefedeb3b720e095546e5192bcda73900bc0c70af1
rule,271828,3407,block_02,Gear,3,shifted,1,1,0,110,2000,1871,1983,0.9355,0.9915,708b454de01da83e20da3b831489c68fce15a87d99e76e19fe6e0d8613876ccc
rule,161803,7,block_02,Gear,3,shifted,1,1,0,110,2000,562,1995,0.281,0.9975,d42b29e2f7bc00439efcb3141f0db55adf84ece88d5264bc066b756ef5def2c0
rule,161803,42,block_02,Gear,3,shifted,1,1,0,110,2000,8,1996,0.004,0.998,1c1df00db55b563140e164259b4d26675eba3ab5c882fbbeb25d3ad65cc3f3bb
rule,161803,123,block_02,Gear,3,shifted,1,1,0,110,2000,563,1998,0.2815,0.999,baa06c1f9260379da7ba42fbea560af4e56fd486be655e7c4343f76b73e493b7
rule,161803,2026,block_02,Gear,3,shifted,1,1,0,110,2000,18,1999,0.009,0.9995,fbfc69d3a02d3c2318b2a14c83e0d6ab28b501ba94eb34db863b413dfe293374
rule,161803,3407,block_02,Gear,3,shifted,1,1,0,110,2000,1246,2000,0.623,1.0,00bc893a694e7e7ef1e576d93fdc8abb70d52de882880b4da13b3d74ba3110a9
rule,141421,7,block_02,Gear,3,shifted,1,1,0,110,2000,845,1985,0.4225,0.9925,d07e9b83ad4dbbac6168146603dd1b2cba2ff523be063b036039f297548d284e
rule,141421,42,block_02,Gear,3,shifted,1,1,0,110,2000,31,1931,0.0155,0.9655,c61407a2bc04d2ec05d79f0f6158e73bd558efe30521f2c56a0c191fbde59ba3
rule,141421,123,block_02,Gear,3,shifted,1,1,0,110,2000,246,2000,0.123,1.0,8469470dbe93b813a1ff9f5ea9db24110c92450abae5f47552d3b243a3379a7a
rule,141421,2026,block_02,Gear,3,shifted,1,1,0,110,2000,16,1988,0.008,0.994,a6ed20ef78457734c1398d2ea29846326b93a039808fa3b1d49c1ca02bc74a5d
rule,141421,3407,block_02,Gear,3,shifted,1,1,0,110,2000,1441,1997,0.7205,0.9985,7ced397f47396bc0049c98565747ae379ebf87783c5a7fbf1bba17d95eae7f6b
rule,173205,7,block_02,Gear,3,shifted,1,1,0,110,2000,411,2000,0.2055,1.0,7371d09cdd8e7188b8a3d1a4384594d197918351fe6d53d2c196969a5b8f4e1c
rule,173205,42,block_02,Gear,3,shifted,1,1,0,110,2000,38,1995,0.019,0.9975,f3b1373856aee675d70315264ef33dcac87e8a02cba7af7f166b2af5b2d59ff6
rule,173205,123,block_02,Gear,3,shifted,1,1,0,110,2000,1363,2000,0.6815,1.0,f6819e9926d7f856c70ebf326ee7f2d8c140ea9b5af570c56ac3fe496a20ac06
rule,173205,2026,block_02,Gear,3,shifted,1,1,0,110,2000,62,1996,0.031,0.998,af58ef89f7876138cb4cf1a1e371c69bd550d7feb4225849cf1f5e3675e87c1a
rule,173205,3407,block_02,Gear,3,shifted,1,1,0,110,2000,1375,1996,0.6875,0.998,4996c12b6209eb45ae0dbdb1691250b245be0b6fecb46f30399571fc519b5c3c
rule,314159,7,block_02,Gear,3,shifted,1,1,1,111,2000,460,1989,0.23,0.9945,09b08194395debb2e4c30ea7fd1d27c8baf67e8d568a6f6cb1a842e038f346ed
rule,314159,42,block_02,Gear,3,shifted,1,1,1,111,2000,1,1987,0.0005,0.9935,8a523faeac10844b457627c241d4ee4729a6bb6dd41ff79aaa640064767a8f13
rule,314159,123,block_02,Gear,3,shifted,1,1,1,111,2000,258,2000,0.129,1.0,c81ec1fe7d3cf906172f8c9b79e4facaf3a711fb5cf31bf0f93b7f148c8f20b9
rule,314159,2026,block_02,Gear,3,shifted,1,1,1,111,2000,14,2000,0.007,1.0,9f89d0fcf4c911b042d944313e1c99ff10ee1f483396e2cfd5227b6e4c3f7c8b
rule,314159,3407,block_02,Gear,3,shifted,1,1,1,111,2000,1319,1998,0.6595,0.999,6c11d84632896e7e21097c35bc8949be0d6c8d1c57e6210d58494766ce9bba46
rule,271828,7,block_02,Gear,3,shifted,1,1,1,111,2000,910,1999,0.455,0.9995,babbe5055150e5e5d800452dc61dda1b3d211a60de7c37eadae846378658c255
rule,271828,42,block_02,Gear,3,shifted,1,1,1,111,2000,16,1982,0.008,0.991,db3eb42f52a20b23f546ee24e20a211e1f434b1febd2dcdc33dee23aa860a806
rule,271828,123,block_02,Gear,3,shifted,1,1,1,111,2000,109,1998,0.0545,0.999,d8719c636c13ee805e95c787d18cdc4272d1f8d4d168166eb66e348abc6f2da7
rule,271828,2026,block_02,Gear,3,shifted,1,1,1,111,2000,74,2000,0.037,1.0,c0156f2bf2d889f6af59d8cefedeb3b720e095546e5192bcda73900bc0c70af1
rule,271828,3407,block_02,Gear,3,shifted,1,1,1,111,2000,1688,1984,0.844,0.992,708b454de01da83e20da3b831489c68fce15a87d99e76e19fe6e0d8613876ccc
rule,161803,7,block_02,Gear,3,shifted,1,1,1,111,2000,368,1996,0.184,0.998,d42b29e2f7bc00439efcb3141f0db55adf84ece88d5264bc066b756ef5def2c0
rule,161803,42,block_02,Gear,3,shifted,1,1,1,111,2000,2,1998,0.001,0.999,1c1df00db55b563140e164259b4d26675eba3ab5c882fbbeb25d3ad65cc3f3bb
rule,161803,123,block_02,Gear,3,shifted,1,1,1,111,2000,146,1998,0.073,0.999,baa06c1f9260379da7ba42fbea560af4e56fd486be655e7c4343f76b73e493b7
rule,161803,2026,block_02,Gear,3,shifted,1,1,1,111,2000,5,2000,0.0025,1.0,fbfc69d3a02d3c2318b2a14c83e0d6ab28b501ba94eb34db863b413dfe293374
rule,161803,3407,block_02,Gear,3,shifted,1,1,1,111,2000,748,2000,0.374,1.0,00bc893a694e7e7ef1e576d93fdc8abb70d52de882880b4da13b3d74ba3110a9
rule,141421,7,block_02,Gear,3,shifted,1,1,1,111,2000,574,1982,0.287,0.991,d07e9b83ad4dbbac6168146603dd1b2cba2ff523be063b036039f297548d284e
rule,141421,42,block_02,Gear,3,shifted,1,1,1,111,2000,5,1979,0.0025,0.9895,c61407a2bc04d2ec05d79f0f6158e73bd558efe30521f2c56a0c191fbde59ba3
rule,141421,123,block_02,Gear,3,shifted,1,1,1,111,2000,28,2000,0.014,1.0,8469470dbe93b813a1ff9f5ea9db24110c92450abae5f47552d3b243a3379a7a
rule,141421,2026,block_02,Gear,3,shifted,1,1,1,111,2000,4,1991,0.002,0.9955,a6ed20ef78457734c1398d2ea29846326b93a039808fa3b1d49c1ca02bc74a5d
rule,141421,3407,block_02,Gear,3,shifted,1,1,1,111,2000,1087,1999,0.5435,0.9995,7ced397f47396bc0049c98565747ae379ebf87783c5a7fbf1bba17d95eae7f6b
rule,173205,7,block_02,Gear,3,shifted,1,1,1,111,2000,274,2000,0.137,1.0,7371d09cdd8e7188b8a3d1a4384594d197918351fe6d53d2c196969a5b8f4e1c
rule,173205,42,block_02,Gear,3,shifted,1,1,1,111,2000,15,1995,0.0075,0.9975,f3b1373856aee675d70315264ef33dcac87e8a02cba7af7f166b2af5b2d59ff6
rule,173205,123,block_02,Gear,3,shifted,1,1,1,111,2000,758,2000,0.379,1.0,f6819e9926d7f856c70ebf326ee7f2d8c140ea9b5af570c56ac3fe496a20ac06
rule,173205,2026,block_02,Gear,3,shifted,1,1,1,111,2000,8,1999,0.004,0.9995,af58ef89f7876138cb4cf1a1e371c69bd550d7feb4225849cf1f5e3675e87c1a
rule,173205,3407,block_02,Gear,3,shifted,1,1,1,111,2000,813,1999,0.4065,0.9995,4996c12b6209eb45ae0dbdb1691250b245be0b6fecb46f30399571fc519b5c3c
rule,314159,7,block_02,RPM,4,canonical,0,0,0,000,2000,1998,2000,0.999,1.0,09b08194395debb2e4c30ea7fd1d27c8baf67e8d568a6f6cb1a842e038f346ed
rule,314159,42,block_02,RPM,4,canonical,0,0,0,000,2000,1998,1999,0.999,0.9995,8a523faeac10844b457627c241d4ee4729a6bb6dd41ff79aaa640064767a8f13
rule,314159,123,block_02,RPM,4,canonical,0,0,0,000,2000,1999,2000,0.9995,1.0,c81ec1fe7d3cf906172f8c9b79e4facaf3a711fb5cf31bf0f93b7f148c8f20b9
rule,314159,2026,block_02,RPM,4,canonical,0,0,0,000,2000,1998,2000,0.999,1.0,9f89d0fcf4c911b042d944313e1c99ff10ee1f483396e2cfd5227b6e4c3f7c8b
rule,314159,3407,block_02,RPM,4,canonical,0,0,0,000,2000,2000,2000,1.0,1.0,6c11d84632896e7e21097c35bc8949be0d6c8d1c57e6210d58494766ce9bba46
rule,271828,7,block_02,RPM,4,canonical,0,0,0,000,2000,1999,2000,0.9995,1.0,babbe5055150e5e5d800452dc61dda1b3d211a60de7c37eadae846378658c255
rule,271828,42,block_02,RPM,4,canonical,0,0,0,000,2000,1998,2000,0.999,1.0,db3eb42f52a20b23f546ee24e20a211e1f434b1febd2dcdc33dee23aa860a806
rule,271828,123,block_02,RPM,4,canonical,0,0,0,000,2000,1998,1998,0.999,0.999,d8719c636c13ee805e95c787d18cdc4272d1f8d4d168166eb66e348abc6f2da7
rule,271828,2026,block_02,RPM,4,canonical,0,0,0,000,2000,1998,2000,0.999,1.0,c0156f2bf2d889f6af59d8cefedeb3b720e095546e5192bcda73900bc0c70af1
rule,271828,3407,block_02,RPM,4,canonical,0,0,0,000,2000,1998,2000,0.999,1.0,708b454de01da83e20da3b831489c68fce15a87d99e76e19fe6e0d8613876ccc
rule,161803,7,block_02,RPM,4,canonical,0,0,0,000,2000,1998,2000,0.999,1.0,d42b29e2f7bc00439efcb3141f0db55adf84ece88d5264bc066b756ef5def2c0
rule,161803,42,block_02,RPM,4,canonical,0,0,0,000,2000,1998,2000,0.999,1.0,1c1df00db55b563140e164259b4d26675eba3ab5c882fbbeb25d3ad65cc3f3bb
rule,161803,123,block_02,RPM,4,canonical,0,0,0,000,2000,1998,1998,0.999,0.999,baa06c1f9260379da7ba42fbea560af4e56fd486be655e7c4343f76b73e493b7
rule,161803,2026,block_02,RPM,4,canonical,0,0,0,000,2000,1998,2000,0.999,1.0,fbfc69d3a02d3c2318b2a14c83e0d6ab28b501ba94eb34db863b413dfe293374
rule,161803,3407,block_02,RPM,4,canonical,0,0,0,000,2000,1998,2000,0.999,1.0,00bc893a694e7e7ef1e576d93fdc8abb70d52de882880b4da13b3d74ba3110a9
rule,141421,7,block_02,RPM,4,canonical,0,0,0,000,2000,1998,2000,0.999,1.0,d07e9b83ad4dbbac6168146603dd1b2cba2ff523be063b036039f297548d284e
rule,141421,42,block_02,RPM,4,canonical,0,0,0,000,2000,1999,2000,0.9995,1.0,c61407a2bc04d2ec05d79f0f6158e73bd558efe30521f2c56a0c191fbde59ba3
rule,141421,123,block_02,RPM,4,canonical,0,0,0,000,2000,2000,2000,1.0,1.0,8469470dbe93b813a1ff9f5ea9db24110c92450abae5f47552d3b243a3379a7a
rule,141421,2026,block_02,RPM,4,canonical,0,0,0,000,2000,1998,2000,0.999,1.0,a6ed20ef78457734c1398d2ea29846326b93a039808fa3b1d49c1ca02bc74a5d
rule,141421,3407,block_02,RPM,4,canonical,0,0,0,000,2000,1998,2000,0.999,1.0,7ced397f47396bc0049c98565747ae379ebf87783c5a7fbf1bba17d95eae7f6b
rule,173205,7,block_02,RPM,4,canonical,0,0,0,000,2000,1998,2000,0.999,1.0,7371d09cdd8e7188b8a3d1a4384594d197918351fe6d53d2c196969a5b8f4e1c
rule,173205,42,block_02,RPM,4,canonical,0,0,0,000,2000,1998,2000,0.999,1.0,f3b1373856aee675d70315264ef33dcac87e8a02cba7af7f166b2af5b2d59ff6
rule,173205,123,block_02,RPM,4,canonical,0,0,0,000,2000,1998,2000,0.999,1.0,f6819e9926d7f856c70ebf326ee7f2d8c140ea9b5af570c56ac3fe496a20ac06
rule,173205,2026,block_02,RPM,4,canonical,0,0,0,000,2000,1998,2000,0.999,1.0,af58ef89f7876138cb4cf1a1e371c69bd550d7feb4225849cf1f5e3675e87c1a
rule,173205,3407,block_02,RPM,4,canonical,0,0,0,000,2000,1998,2000,0.999,1.0,4996c12b6209eb45ae0dbdb1691250b245be0b6fecb46f30399571fc519b5c3c
rule,314159,7,block_02,RPM,4,canonical,0,0,1,001,2000,1998,2000,0.999,1.0,09b08194395debb2e4c30ea7fd1d27c8baf67e8d568a6f6cb1a842e038f346ed
rule,314159,42,block_02,RPM,4,canonical,0,0,1,001,2000,1998,1999,0.999,0.9995,8a523faeac10844b457627c241d4ee4729a6bb6dd41ff79aaa640064767a8f13
rule,314159,123,block_02,RPM,4,canonical,0,0,1,001,2000,1999,2000,0.9995,1.0,c81ec1fe7d3cf906172f8c9b79e4facaf3a711fb5cf31bf0f93b7f148c8f20b9
rule,314159,2026,block_02,RPM,4,canonical,0,0,1,001,2000,1998,2000,0.999,1.0,9f89d0fcf4c911b042d944313e1c99ff10ee1f483396e2cfd5227b6e4c3f7c8b
rule,314159,3407,block_02,RPM,4,canonical,0,0,1,001,2000,2000,2000,1.0,1.0,6c11d84632896e7e21097c35bc8949be0d6c8d1c57e6210d58494766ce9bba46
rule,271828,7,block_02,RPM,4,canonical,0,0,1,001,2000,1999,2000,0.9995,1.0,babbe5055150e5e5d800452dc61dda1b3d211a60de7c37eadae846378658c255
rule,271828,42,block_02,RPM,4,canonical,0,0,1,001,2000,1998,2000,0.999,1.0,db3eb42f52a20b23f546ee24e20a211e1f434b1febd2dcdc33dee23aa860a806
rule,271828,123,block_02,RPM,4,canonical,0,0,1,001,2000,1998,1998,0.999,0.999,d8719c636c13ee805e95c787d18cdc4272d1f8d4d168166eb66e348abc6f2da7
rule,271828,2026,block_02,RPM,4,canonical,0,0,1,001,2000,1998,2000,0.999,1.0,c0156f2bf2d889f6af59d8cefedeb3b720e095546e5192bcda73900bc0c70af1
rule,271828,3407,block_02,RPM,4,canonical,0,0,1,001,2000,1998,2000,0.999,1.0,708b454de01da83e20da3b831489c68fce15a87d99e76e19fe6e0d8613876ccc
rule,161803,7,block_02,RPM,4,canonical,0,0,1,001,2000,1998,2000,0.999,1.0,d42b29e2f7bc00439efcb3141f0db55adf84ece88d5264bc066b756ef5def2c0
rule,161803,42,block_02,RPM,4,canonical,0,0,1,001,2000,1998,2000,0.999,1.0,1c1df00db55b563140e164259b4d26675eba3ab5c882fbbeb25d3ad65cc3f3bb
rule,161803,123,block_02,RPM,4,canonical,0,0,1,001,2000,1998,1998,0.999,0.999,baa06c1f9260379da7ba42fbea560af4e56fd486be655e7c4343f76b73e493b7
rule,161803,2026,block_02,RPM,4,canonical,0,0,1,001,2000,1998,2000,0.999,1.0,fbfc69d3a02d3c2318b2a14c83e0d6ab28b501ba94eb34db863b413dfe293374
rule,161803,3407,block_02,RPM,4,canonical,0,0,1,001,2000,1998,2000,0.999,1.0,00bc893a694e7e7ef1e576d93fdc8abb70d52de882880b4da13b3d74ba3110a9
rule,141421,7,block_02,RPM,4,canonical,0,0,1,001,2000,1998,2000,0.999,1.0,d07e9b83ad4dbbac6168146603dd1b2cba2ff523be063b036039f297548d284e
rule,141421,42,block_02,RPM,4,canonical,0,0,1,001,2000,1999,2000,0.9995,1.0,c61407a2bc04d2ec05d79f0f6158e73bd558efe30521f2c56a0c191fbde59ba3
rule,141421,123,block_02,RPM,4,canonical,0,0,1,001,2000,2000,2000,1.0,1.0,8469470dbe93b813a1ff9f5ea9db24110c92450abae5f47552d3b243a3379a7a
rule,141421,2026,block_02,RPM,4,canonical,0,0,1,001,2000,1998,2000,0.999,1.0,a6ed20ef78457734c1398d2ea29846326b93a039808fa3b1d49c1ca02bc74a5d
rule,141421,3407,block_02,RPM,4,canonical,0,0,1,001,2000,1998,2000,0.999,1.0,7ced397f47396bc0049c98565747ae379ebf87783c5a7fbf1bba17d95eae7f6b
rule,173205,7,block_02,RPM,4,canonical,0,0,1,001,2000,1998,2000,0.999,1.0,7371d09cdd8e7188b8a3d1a4384594d197918351fe6d53d2c196969a5b8f4e1c
rule,173205,42,block_02,RPM,4,canonical,0,0,1,001,2000,1998,2000,0.999,1.0,f3b1373856aee675d70315264ef33dcac87e8a02cba7af7f166b2af5b2d59ff6
rule,173205,123,block_02,RPM,4,canonical,0,0,1,001,2000,1998,2000,0.999,1.0,f6819e9926d7f856c70ebf326ee7f2d8c140ea9b5af570c56ac3fe496a20ac06
rule,173205,2026,block_02,RPM,4,canonical,0,0,1,001,2000,1998,2000,0.999,1.0,af58ef89f7876138cb4cf1a1e371c69bd550d7feb4225849cf1f5e3675e87c1a
rule,173205,3407,block_02,RPM,4,canonical,0,0,1,001,2000,1998,2000,0.999,1.0,4996c12b6209eb45ae0dbdb1691250b245be0b6fecb46f30399571fc519b5c3c
rule,314159,7,block_02,RPM,4,canonical,0,1,0,010,2000,1998,2000,0.999,1.0,09b08194395debb2e4c30ea7fd1d27c8baf67e8d568a6f6cb1a842e038f346ed
rule,314159,42,block_02,RPM,4,canonical,0,1,0,010,2000,1998,1999,0.999,0.9995,8a523faeac10844b457627c241d4ee4729a6bb6dd41ff79aaa640064767a8f13
rule,314159,123,block_02,RPM,4,canonical,0,1,0,010,2000,1999,2000,0.9995,1.0,c81ec1fe7d3cf906172f8c9b79e4facaf3a711fb5cf31bf0f93b7f148c8f20b9
rule,314159,2026,block_02,RPM,4,canonical,0,1,0,010,2000,1998,2000,0.999,1.0,9f89d0fcf4c911b042d944313e1c99ff10ee1f483396e2cfd5227b6e4c3f7c8b
rule,314159,3407,block_02,RPM,4,canonical,0,1,0,010,2000,2000,2000,1.0,1.0,6c11d84632896e7e21097c35bc8949be0d6c8d1c57e6210d58494766ce9bba46
rule,271828,7,block_02,RPM,4,canonical,0,1,0,010,2000,1999,2000,0.9995,1.0,babbe5055150e5e5d800452dc61dda1b3d211a60de7c37eadae846378658c255
rule,271828,42,block_02,RPM,4,canonical,0,1,0,010,2000,1998,2000,0.999,1.0,db3eb42f52a20b23f546ee24e20a211e1f434b1febd2dcdc33dee23aa860a806
rule,271828,123,block_02,RPM,4,canonical,0,1,0,010,2000,1998,1998,0.999,0.999,d8719c636c13ee805e95c787d18cdc4272d1f8d4d168166eb66e348abc6f2da7
rule,271828,2026,block_02,RPM,4,canonical,0,1,0,010,2000,1998,2000,0.999,1.0,c0156f2bf2d889f6af59d8cefedeb3b720e095546e5192bcda73900bc0c70af1
rule,271828,3407,block_02,RPM,4,canonical,0,1,0,010,2000,1998,2000,0.999,1.0,708b454de01da83e20da3b831489c68fce15a87d99e76e19fe6e0d8613876ccc
rule,161803,7,block_02,RPM,4,canonical,0,1,0,010,2000,1998,2000,0.999,1.0,d42b29e2f7bc00439efcb3141f0db55adf84ece88d5264bc066b756ef5def2c0
rule,161803,42,block_02,RPM,4,canonical,0,1,0,010,2000,1998,2000,0.999,1.0,1c1df00db55b563140e164259b4d26675eba3ab5c882fbbeb25d3ad65cc3f3bb
rule,161803,123,block_02,RPM,4,canonical,0,1,0,010,2000,1998,1998,0.999,0.999,baa06c1f9260379da7ba42fbea560af4e56fd486be655e7c4343f76b73e493b7
rule,161803,2026,block_02,RPM,4,canonical,0,1,0,010,2000,1998,2000,0.999,1.0,fbfc69d3a02d3c2318b2a14c83e0d6ab28b501ba94eb34db863b413dfe293374
rule,161803,3407,block_02,RPM,4,canonical,0,1,0,010,2000,1998,2000,0.999,1.0,00bc893a694e7e7ef1e576d93fdc8abb70d52de882880b4da13b3d74ba3110a9
rule,141421,7,block_02,RPM,4,canonical,0,1,0,010,2000,1998,2000,0.999,1.0,d07e9b83ad4dbbac6168146603dd1b2cba2ff523be063b036039f297548d284e
rule,141421,42,block_02,RPM,4,canonical,0,1,0,010,2000,1999,2000,0.9995,1.0,c61407a2bc04d2ec05d79f0f6158e73bd558efe30521f2c56a0c191fbde59ba3
rule,141421,123,block_02,RPM,4,canonical,0,1,0,010,2000,2000,2000,1.0,1.0,8469470dbe93b813a1ff9f5ea9db24110c92450abae5f47552d3b243a3379a7a
rule,141421,2026,block_02,RPM,4,canonical,0,1,0,010,2000,1998,2000,0.999,1.0,a6ed20ef78457734c1398d2ea29846326b93a039808fa3b1d49c1ca02bc74a5d
rule,141421,3407,block_02,RPM,4,canonical,0,1,0,010,2000,1998,2000,0.999,1.0,7ced397f47396bc0049c98565747ae379ebf87783c5a7fbf1bba17d95eae7f6b
rule,173205,7,block_02,RPM,4,canonical,0,1,0,010,2000,1998,2000,0.999,1.0,7371d09cdd8e7188b8a3d1a4384594d197918351fe6d53d2c196969a5b8f4e1c
rule,173205,42,block_02,RPM,4,canonical,0,1,0,010,2000,1998,2000,0.999,1.0,f3b1373856aee675d70315264ef33dcac87e8a02cba7af7f166b2af5b2d59ff6
rule,173205,123,block_02,RPM,4,canonical,0,1,0,010,2000,1998,2000,0.999,1.0,f6819e9926d7f856c70ebf326ee7f2d8c140ea9b5af570c56ac3fe496a20ac06
rule,173205,2026,block_02,RPM,4,canonical,0,1,0,010,2000,1998,2000,0.999,1.0,af58ef89f7876138cb4cf1a1e371c69bd550d7feb4225849cf1f5e3675e87c1a
rule,173205,3407,block_02,RPM,4,canonical,0,1,0,010,2000,1998,2000,0.999,1.0,4996c12b6209eb45ae0dbdb1691250b245be0b6fecb46f30399571fc519b5c3c
rule,314159,7,block_02,RPM,4,canonical,0,1,1,011,2000,1998,2000,0.999,1.0,09b08194395debb2e4c30ea7fd1d27c8baf67e8d568a6f6cb1a842e038f346ed
rule,314159,42,block_02,RPM,4,canonical,0,1,1,011,2000,1998,1999,0.999,0.9995,8a523faeac10844b457627c241d4ee4729a6bb6dd41ff79aaa640064767a8f13
rule,314159,123,block_02,RPM,4,canonical,0,1,1,011,2000,1999,2000,0.9995,1.0,c81ec1fe7d3cf906172f8c9b79e4facaf3a711fb5cf31bf0f93b7f148c8f20b9
rule,314159,2026,block_02,RPM,4,canonical,0,1,1,011,2000,1998,2000,0.999,1.0,9f89d0fcf4c911b042d944313e1c99ff10ee1f483396e2cfd5227b6e4c3f7c8b
rule,314159,3407,block_02,RPM,4,canonical,0,1,1,011,2000,2000,2000,1.0,1.0,6c11d84632896e7e21097c35bc8949be0d6c8d1c57e6210d58494766ce9bba46
rule,271828,7,block_02,RPM,4,canonical,0,1,1,011,2000,1999,2000,0.9995,1.0,babbe5055150e5e5d800452dc61dda1b3d211a60de7c37eadae846378658c255
rule,271828,42,block_02,RPM,4,canonical,0,1,1,011,2000,1998,2000,0.999,1.0,db3eb42f52a20b23f546ee24e20a211e1f434b1febd2dcdc33dee23aa860a806
rule,271828,123,block_02,RPM,4,canonical,0,1,1,011,2000,1998,1998,0.999,0.999,d8719c636c13ee805e95c787d18cdc4272d1f8d4d168166eb66e348abc6f2da7
rule,271828,2026,block_02,RPM,4,canonical,0,1,1,011,2000,1998,2000,0.999,1.0,c0156f2bf2d889f6af59d8cefedeb3b720e095546e5192bcda73900bc0c70af1
rule,271828,3407,block_02,RPM,4,canonical,0,1,1,011,2000,1998,2000,0.999,1.0,708b454de01da83e20da3b831489c68fce15a87d99e76e19fe6e0d8613876ccc
rule,161803,7,block_02,RPM,4,canonical,0,1,1,011,2000,1998,2000,0.999,1.0,d42b29e2f7bc00439efcb3141f0db55adf84ece88d5264bc066b756ef5def2c0
rule,161803,42,block_02,RPM,4,canonical,0,1,1,011,2000,1998,2000,0.999,1.0,1c1df00db55b563140e164259b4d26675eba3ab5c882fbbeb25d3ad65cc3f3bb
rule,161803,123,block_02,RPM,4,canonical,0,1,1,011,2000,1998,1998,0.999,0.999,baa06c1f9260379da7ba42fbea560af4e56fd486be655e7c4343f76b73e493b7
rule,161803,2026,block_02,RPM,4,canonical,0,1,1,011,2000,1998,2000,0.999,1.0,fbfc69d3a02d3c2318b2a14c83e0d6ab28b501ba94eb34db863b413dfe293374
rule,161803,3407,block_02,RPM,4,canonical,0,1,1,011,2000,1998,2000,0.999,1.0,00bc893a694e7e7ef1e576d93fdc8abb70d52de882880b4da13b3d74ba3110a9
rule,141421,7,block_02,RPM,4,canonical,0,1,1,011,2000,1998,2000,0.999,1.0,d07e9b83ad4dbbac6168146603dd1b2cba2ff523be063b036039f297548d284e
rule,141421,42,block_02,RPM,4,canonical,0,1,1,011,2000,1999,2000,0.9995,1.0,c61407a2bc04d2ec05d79f0f6158e73bd558efe30521f2c56a0c191fbde59ba3
rule,141421,123,block_02,RPM,4,canonical,0,1,1,011,2000,2000,2000,1.0,1.0,8469470dbe93b813a1ff9f5ea9db24110c92450abae5f47552d3b243a3379a7a
rule,141421,2026,block_02,RPM,4,canonical,0,1,1,011,2000,1998,2000,0.999,1.0,a6ed20ef78457734c1398d2ea29846326b93a039808fa3b1d49c1ca02bc74a5d
rule,141421,3407,block_02,RPM,4,canonical,0,1,1,011,2000,1998,2000,0.999,1.0,7ced397f47396bc0049c98565747ae379ebf87783c5a7fbf1bba17d95eae7f6b
rule,173205,7,block_02,RPM,4,canonical,0,1,1,011,2000,1998,2000,0.999,1.0,7371d09cdd8e7188b8a3d1a4384594d197918351fe6d53d2c196969a5b8f4e1c
rule,173205,42,block_02,RPM,4,canonical,0,1,1,011,2000,1998,2000,0.999,1.0,f3b1373856aee675d70315264ef33dcac87e8a02cba7af7f166b2af5b2d59ff6
rule,173205,123,block_02,RPM,4,canonical,0,1,1,011,2000,1998,2000,0.999,1.0,f6819e9926d7f856c70ebf326ee7f2d8c140ea9b5af570c56ac3fe496a20ac06
rule,173205,2026,block_02,RPM,4,canonical,0,1,1,011,2000,1998,2000,0.999,1.0,af58ef89f7876138cb4cf1a1e371c69bd550d7feb4225849cf1f5e3675e87c1a
rule,173205,3407,block_02,RPM,4,canonical,0,1,1,011,2000,1998,2000,0.999,1.0,4996c12b6209eb45ae0dbdb1691250b245be0b6fecb46f30399571fc519b5c3c
rule,314159,7,block_02,RPM,4,canonical,1,0,0,100,2000,390,1948,0.195,0.974,09b08194395debb2e4c30ea7fd1d27c8baf67e8d568a6f6cb1a842e038f346ed
rule,314159,42,block_02,RPM,4,canonical,1,0,0,100,2000,125,1980,0.0625,0.99,8a523faeac10844b457627c241d4ee4729a6bb6dd41ff79aaa640064767a8f13
rule,314159,123,block_02,RPM,4,canonical,1,0,0,100,2000,849,1424,0.4245,0.712,c81ec1fe7d3cf906172f8c9b79e4facaf3a711fb5cf31bf0f93b7f148c8f20b9
rule,314159,2026,block_02,RPM,4,canonical,1,0,0,100,2000,389,1912,0.1945,0.956,9f89d0fcf4c911b042d944313e1c99ff10ee1f483396e2cfd5227b6e4c3f7c8b
rule,314159,3407,block_02,RPM,4,canonical,1,0,0,100,2000,419,1868,0.2095,0.934,6c11d84632896e7e21097c35bc8949be0d6c8d1c57e6210d58494766ce9bba46
rule,271828,7,block_02,RPM,4,canonical,1,0,0,100,2000,453,1994,0.2265,0.997,babbe5055150e5e5d800452dc61dda1b3d211a60de7c37eadae846378658c255
rule,271828,42,block_02,RPM,4,canonical,1,0,0,100,2000,64,1192,0.032,0.596,db3eb42f52a20b23f546ee24e20a211e1f434b1febd2dcdc33dee23aa860a806
rule,271828,123,block_02,RPM,4,canonical,1,0,0,100,2000,577,1897,0.2885,0.9485,d8719c636c13ee805e95c787d18cdc4272d1f8d4d168166eb66e348abc6f2da7
rule,271828,2026,block_02,RPM,4,canonical,1,0,0,100,2000,219,908,0.1095,0.454,c0156f2bf2d889f6af59d8cefedeb3b720e095546e5192bcda73900bc0c70af1
rule,271828,3407,block_02,RPM,4,canonical,1,0,0,100,2000,232,1789,0.116,0.8945,708b454de01da83e20da3b831489c68fce15a87d99e76e19fe6e0d8613876ccc
rule,161803,7,block_02,RPM,4,canonical,1,0,0,100,2000,166,1972,0.083,0.986,d42b29e2f7bc00439efcb3141f0db55adf84ece88d5264bc066b756ef5def2c0
rule,161803,42,block_02,RPM,4,canonical,1,0,0,100,2000,196,1648,0.098,0.824,1c1df00db55b563140e164259b4d26675eba3ab5c882fbbeb25d3ad65cc3f3bb
rule,161803,123,block_02,RPM,4,canonical,1,0,0,100,2000,1145,1941,0.5725,0.9705,baa06c1f9260379da7ba42fbea560af4e56fd486be655e7c4343f76b73e493b7
rule,161803,2026,block_02,RPM,4,canonical,1,0,0,100,2000,130,1471,0.065,0.7355,fbfc69d3a02d3c2318b2a14c83e0d6ab28b501ba94eb34db863b413dfe293374
rule,161803,3407,block_02,RPM,4,canonical,1,0,0,100,2000,88,1936,0.044,0.968,00bc893a694e7e7ef1e576d93fdc8abb70d52de882880b4da13b3d74ba3110a9
rule,141421,7,block_02,RPM,4,canonical,1,0,0,100,2000,381,1890,0.1905,0.945,d07e9b83ad4dbbac6168146603dd1b2cba2ff523be063b036039f297548d284e
rule,141421,42,block_02,RPM,4,canonical,1,0,0,100,2000,244,1796,0.122,0.898,c61407a2bc04d2ec05d79f0f6158e73bd558efe30521f2c56a0c191fbde59ba3
rule,141421,123,block_02,RPM,4,canonical,1,0,0,100,2000,376,1640,0.188,0.82,8469470dbe93b813a1ff9f5ea9db24110c92450abae5f47552d3b243a3379a7a
rule,141421,2026,block_02,RPM,4,canonical,1,0,0,100,2000,79,497,0.0395,0.2485,a6ed20ef78457734c1398d2ea29846326b93a039808fa3b1d49c1ca02bc74a5d
rule,141421,3407,block_02,RPM,4,canonical,1,0,0,100,2000,403,1989,0.2015,0.9945,7ced397f47396bc0049c98565747ae379ebf87783c5a7fbf1bba17d95eae7f6b
rule,173205,7,block_02,RPM,4,canonical,1,0,0,100,2000,224,1936,0.112,0.968,7371d09cdd8e7188b8a3d1a4384594d197918351fe6d53d2c196969a5b8f4e1c
rule,173205,42,block_02,RPM,4,canonical,1,0,0,100,2000,88,1336,0.044,0.668,f3b1373856aee675d70315264ef33dcac87e8a02cba7af7f166b2af5b2d59ff6
rule,173205,123,block_02,RPM,4,canonical,1,0,0,100,2000,1237,1828,0.6185,0.914,f6819e9926d7f856c70ebf326ee7f2d8c140ea9b5af570c56ac3fe496a20ac06
rule,173205,2026,block_02,RPM,4,canonical,1,0,0,100,2000,233,554,0.1165,0.277,af58ef89f7876138cb4cf1a1e371c69bd550d7feb4225849cf1f5e3675e87c1a
rule,173205,3407,block_02,RPM,4,canonical,1,0,0,100,2000,634,1902,0.317,0.951,4996c12b6209eb45ae0dbdb1691250b245be0b6fecb46f30399571fc519b5c3c
rule,314159,7,block_02,RPM,4,canonical,1,0,1,101,2000,7,2000,0.0035,1.0,09b08194395debb2e4c30ea7fd1d27c8baf67e8d568a6f6cb1a842e038f346ed
rule,314159,42,block_02,RPM,4,canonical,1,0,1,101,2000,0,1999,0.0,0.9995,8a523faeac10844b457627c241d4ee4729a6bb6dd41ff79aaa640064767a8f13
rule,314159,123,block_02,RPM,4,canonical,1,0,1,101,2000,307,2000,0.1535,1.0,c81ec1fe7d3cf906172f8c9b79e4facaf3a711fb5cf31bf0f93b7f148c8f20b9
rule,314159,2026,block_02,RPM,4,canonical,1,0,1,101,2000,0,2000,0.0,1.0,9f89d0fcf4c911b042d944313e1c99ff10ee1f483396e2cfd5227b6e4c3f7c8b
rule,314159,3407,block_02,RPM,4,canonical,1,0,1,101,2000,25,2000,0.0125,1.0,6c11d84632896e7e21097c35bc8949be0d6c8d1c57e6210d58494766ce9bba46
rule,271828,7,block_02,RPM,4,canonical,1,0,1,101,2000,6,2000,0.003,1.0,babbe5055150e5e5d800452dc61dda1b3d211a60de7c37eadae846378658c255
rule,271828,42,block_02,RPM,4,canonical,1,0,1,101,2000,29,1991,0.0145,0.9955,db3eb42f52a20b23f546ee24e20a211e1f434b1febd2dcdc33dee23aa860a806
rule,271828,123,block_02,RPM,4,canonical,1,0,1,101,2000,35,1998,0.0175,0.999,d8719c636c13ee805e95c787d18cdc4272d1f8d4d168166eb66e348abc6f2da7
rule,271828,2026,block_02,RPM,4,canonical,1,0,1,101,2000,32,1997,0.016,0.9985,c0156f2bf2d889f6af59d8cefedeb3b720e095546e5192bcda73900bc0c70af1
rule,271828,3407,block_02,RPM,4,canonical,1,0,1,101,2000,15,2000,0.0075,1.0,708b454de01da83e20da3b831489c68fce15a87d99e76e19fe6e0d8613876ccc
rule,161803,7,block_02,RPM,4,canonical,1,0,1,101,2000,19,1999,0.0095,0.9995,d42b29e2f7bc00439efcb3141f0db55adf84ece88d5264bc066b756ef5def2c0
rule,161803,42,block_02,RPM,4,canonical,1,0,1,101,2000,1,2000,0.0005,1.0,1c1df00db55b563140e164259b4d26675eba3ab5c882fbbeb25d3ad65cc3f3bb
rule,161803,123,block_02,RPM,4,canonical,1,0,1,101,2000,152,1998,0.076,0.999,baa06c1f9260379da7ba42fbea560af4e56fd486be655e7c4343f76b73e493b7
rule,161803,2026,block_02,RPM,4,canonical,1,0,1,101,2000,1,1999,0.0005,0.9995,fbfc69d3a02d3c2318b2a14c83e0d6ab28b501ba94eb34db863b413dfe293374
rule,161803,3407,block_02,RPM,4,canonical,1,0,1,101,2000,0,2000,0.0,1.0,00bc893a694e7e7ef1e576d93fdc8abb70d52de882880b4da13b3d74ba3110a9
rule,141421,7,block_02,RPM,4,canonical,1,0,1,101,2000,12,1999,0.006,0.9995,d07e9b83ad4dbbac6168146603dd1b2cba2ff523be063b036039f297548d284e
rule,141421,42,block_02,RPM,4,canonical,1,0,1,101,2000,11,2000,0.0055,1.0,c61407a2bc04d2ec05d79f0f6158e73bd558efe30521f2c56a0c191fbde59ba3
rule,141421,123,block_02,RPM,4,canonical,1,0,1,101,2000,6,2000,0.003,1.0,8469470dbe93b813a1ff9f5ea9db24110c92450abae5f47552d3b243a3379a7a
rule,141421,2026,block_02,RPM,4,canonical,1,0,1,101,2000,10,1959,0.005,0.9795,a6ed20ef78457734c1398d2ea29846326b93a039808fa3b1d49c1ca02bc74a5d
rule,141421,3407,block_02,RPM,4,canonical,1,0,1,101,2000,39,2000,0.0195,1.0,7ced397f47396bc0049c98565747ae379ebf87783c5a7fbf1bba17d95eae7f6b
rule,173205,7,block_02,RPM,4,canonical,1,0,1,101,2000,0,2000,0.0,1.0,7371d09cdd8e7188b8a3d1a4384594d197918351fe6d53d2c196969a5b8f4e1c
rule,173205,42,block_02,RPM,4,canonical,1,0,1,101,2000,0,2000,0.0,1.0,f3b1373856aee675d70315264ef33dcac87e8a02cba7af7f166b2af5b2d59ff6
rule,173205,123,block_02,RPM,4,canonical,1,0,1,101,2000,519,2000,0.2595,1.0,f6819e9926d7f856c70ebf326ee7f2d8c140ea9b5af570c56ac3fe496a20ac06
rule,173205,2026,block_02,RPM,4,canonical,1,0,1,101,2000,27,1991,0.0135,0.9955,af58ef89f7876138cb4cf1a1e371c69bd550d7feb4225849cf1f5e3675e87c1a
rule,173205,3407,block_02,RPM,4,canonical,1,0,1,101,2000,254,2000,0.127,1.0,4996c12b6209eb45ae0dbdb1691250b245be0b6fecb46f30399571fc519b5c3c
rule,314159,7,block_02,RPM,4,canonical,1,1,0,110,2000,451,1706,0.2255,0.853,09b08194395debb2e4c30ea7fd1d27c8baf67e8d568a6f6cb1a842e038f346ed
rule,314159,42,block_02,RPM,4,canonical,1,1,0,110,2000,132,1899,0.066,0.9495,8a523faeac10844b457627c241d4ee4729a6bb6dd41ff79aaa640064767a8f13
rule,314159,123,block_02,RPM,4,canonical,1,1,0,110,2000,193,1621,0.0965,0.8105,c81ec1fe7d3cf906172f8c9b79e4facaf3a711fb5cf31bf0f93b7f148c8f20b9
rule,314159,2026,block_02,RPM,4,canonical,1,1,0,110,2000,471,1905,0.2355,0.9525,9f89d0fcf4c911b042d944313e1c99ff10ee1f483396e2cfd5227b6e4c3f7c8b
rule,314159,3407,block_02,RPM,4,canonical,1,1,0,110,2000,792,1709,0.396,0.8545,6c11d84632896e7e21097c35bc8949be0d6c8d1c57e6210d58494766ce9bba46
rule,271828,7,block_02,RPM,4,canonical,1,1,0,110,2000,685,1949,0.3425,0.9745,babbe5055150e5e5d800452dc61dda1b3d211a60de7c37eadae846378658c255
rule,271828,42,block_02,RPM,4,canonical,1,1,0,110,2000,172,1373,0.086,0.6865,db3eb42f52a20b23f546ee24e20a211e1f434b1febd2dcdc33dee23aa860a806
rule,271828,123,block_02,RPM,4,canonical,1,1,0,110,2000,220,1745,0.11,0.8725,d8719c636c13ee805e95c787d18cdc4272d1f8d4d168166eb66e348abc6f2da7
rule,271828,2026,block_02,RPM,4,canonical,1,1,0,110,2000,380,1265,0.19,0.6325,c0156f2bf2d889f6af59d8cefedeb3b720e095546e5192bcda73900bc0c70af1
rule,271828,3407,block_02,RPM,4,canonical,1,1,0,110,2000,398,1387,0.199,0.6935,708b454de01da83e20da3b831489c68fce15a87d99e76e19fe6e0d8613876ccc
rule,161803,7,block_02,RPM,4,canonical,1,1,0,110,2000,361,1869,0.1805,0.9345,d42b29e2f7bc00439efcb3141f0db55adf84ece88d5264bc066b756ef5def2c0
rule,161803,42,block_02,RPM,4,canonical,1,1,0,110,2000,261,1499,0.1305,0.7495,1c1df00db55b563140e164259b4d26675eba3ab5c882fbbeb25d3ad65cc3f3bb
rule,161803,123,block_02,RPM,4,canonical,1,1,0,110,2000,451,1712,0.2255,0.856,baa06c1f9260379da7ba42fbea560af4e56fd486be655e7c4343f76b73e493b7
rule,161803,2026,block_02,RPM,4,canonical,1,1,0,110,2000,123,1517,0.0615,0.7585,fbfc69d3a02d3c2318b2a14c83e0d6ab28b501ba94eb34db863b413dfe293374
rule,161803,3407,block_02,RPM,4,canonical,1,1,0,110,2000,245,1903,0.1225,0.9515,00bc893a694e7e7ef1e576d93fdc8abb70d52de882880b4da13b3d74ba3110a9
rule,141421,7,block_02,RPM,4,canonical,1,1,0,110,2000,760,1748,0.38,0.874,d07e9b83ad4dbbac6168146603dd1b2cba2ff523be063b036039f297548d284e
rule,141421,42,block_02,RPM,4,canonical,1,1,0,110,2000,190,1782,0.095,0.891,c61407a2bc04d2ec05d79f0f6158e73bd558efe30521f2c56a0c191fbde59ba3
rule,141421,123,block_02,RPM,4,canonical,1,1,0,110,2000,127,1424,0.0635,0.712,8469470dbe93b813a1ff9f5ea9db24110c92450abae5f47552d3b243a3379a7a
rule,141421,2026,block_02,RPM,4,canonical,1,1,0,110,2000,153,648,0.0765,0.324,a6ed20ef78457734c1398d2ea29846326b93a039808fa3b1d49c1ca02bc74a5d
rule,141421,3407,block_02,RPM,4,canonical,1,1,0,110,2000,542,1931,0.271,0.9655,7ced397f47396bc0049c98565747ae379ebf87783c5a7fbf1bba17d95eae7f6b
rule,173205,7,block_02,RPM,4,canonical,1,1,0,110,2000,274,1677,0.137,0.8385,7371d09cdd8e7188b8a3d1a4384594d197918351fe6d53d2c196969a5b8f4e1c
rule,173205,42,block_02,RPM,4,canonical,1,1,0,110,2000,125,1266,0.0625,0.633,f3b1373856aee675d70315264ef33dcac87e8a02cba7af7f166b2af5b2d59ff6
rule,173205,123,block_02,RPM,4,canonical,1,1,0,110,2000,765,1701,0.3825,0.8505,f6819e9926d7f856c70ebf326ee7f2d8c140ea9b5af570c56ac3fe496a20ac06
rule,173205,2026,block_02,RPM,4,canonical,1,1,0,110,2000,249,847,0.1245,0.4235,af58ef89f7876138cb4cf1a1e371c69bd550d7feb4225849cf1f5e3675e87c1a
rule,173205,3407,block_02,RPM,4,canonical,1,1,0,110,2000,853,1731,0.4265,0.8655,4996c12b6209eb45ae0dbdb1691250b245be0b6fecb46f30399571fc519b5c3c
rule,314159,7,block_02,RPM,4,canonical,1,1,1,111,2000,32,1997,0.016,0.9985,09b08194395debb2e4c30ea7fd1d27c8baf67e8d568a6f6cb1a842e038f346ed
rule,314159,42,block_02,RPM,4,canonical,1,1,1,111,2000,7,1999,0.0035,0.9995,8a523faeac10844b457627c241d4ee4729a6bb6dd41ff79aaa640064767a8f13
rule,314159,123,block_02,RPM,4,canonical,1,1,1,111,2000,11,2000,0.0055,1.0,c81ec1fe7d3cf906172f8c9b79e4facaf3a711fb5cf31bf0f93b7f148c8f20b9
rule,314159,2026,block_02,RPM,4,canonical,1,1,1,111,2000,18,2000,0.009,1.0,9f89d0fcf4c911b042d944313e1c99ff10ee1f483396e2cfd5227b6e4c3f7c8b
rule,314159,3407,block_02,RPM,4,canonical,1,1,1,111,2000,129,2000,0.0645,1.0,6c11d84632896e7e21097c35bc8949be0d6c8d1c57e6210d58494766ce9bba46
rule,271828,7,block_02,RPM,4,canonical,1,1,1,111,2000,45,1999,0.0225,0.9995,babbe5055150e5e5d800452dc61dda1b3d211a60de7c37eadae846378658c255
rule,271828,42,block_02,RPM,4,canonical,1,1,1,111,2000,27,1999,0.0135,0.9995,db3eb42f52a20b23f546ee24e20a211e1f434b1febd2dcdc33dee23aa860a806
rule,271828,123,block_02,RPM,4,canonical,1,1,1,111,2000,19,1998,0.0095,0.999,d8719c636c13ee805e95c787d18cdc4272d1f8d4d168166eb66e348abc6f2da7
rule,271828,2026,block_02,RPM,4,canonical,1,1,1,111,2000,254,1996,0.127,0.998,c0156f2bf2d889f6af59d8cefedeb3b720e095546e5192bcda73900bc0c70af1
rule,271828,3407,block_02,RPM,4,canonical,1,1,1,111,2000,49,1999,0.0245,0.9995,708b454de01da83e20da3b831489c68fce15a87d99e76e19fe6e0d8613876ccc
rule,161803,7,block_02,RPM,4,canonical,1,1,1,111,2000,40,1998,0.02,0.999,d42b29e2f7bc00439efcb3141f0db55adf84ece88d5264bc066b756ef5def2c0
rule,161803,42,block_02,RPM,4,canonical,1,1,1,111,2000,1,2000,0.0005,1.0,1c1df00db55b563140e164259b4d26675eba3ab5c882fbbeb25d3ad65cc3f3bb
rule,161803,123,block_02,RPM,4,canonical,1,1,1,111,2000,29,1998,0.0145,0.999,baa06c1f9260379da7ba42fbea560af4e56fd486be655e7c4343f76b73e493b7
rule,161803,2026,block_02,RPM,4,canonical,1,1,1,111,2000,6,1999,0.003,0.9995,fbfc69d3a02d3c2318b2a14c83e0d6ab28b501ba94eb34db863b413dfe293374
rule,161803,3407,block_02,RPM,4,canonical,1,1,1,111,2000,2,2000,0.001,1.0,00bc893a694e7e7ef1e576d93fdc8abb70d52de882880b4da13b3d74ba3110a9
rule,141421,7,block_02,RPM,4,canonical,1,1,1,111,2000,264,1995,0.132,0.9975,d07e9b83ad4dbbac6168146603dd1b2cba2ff523be063b036039f297548d284e
rule,141421,42,block_02,RPM,4,canonical,1,1,1,111,2000,3,2000,0.0015,1.0,c61407a2bc04d2ec05d79f0f6158e73bd558efe30521f2c56a0c191fbde59ba3
rule,141421,123,block_02,RPM,4,canonical,1,1,1,111,2000,4,2000,0.002,1.0,8469470dbe93b813a1ff9f5ea9db24110c92450abae5f47552d3b243a3379a7a
rule,141421,2026,block_02,RPM,4,canonical,1,1,1,111,2000,42,1822,0.021,0.911,a6ed20ef78457734c1398d2ea29846326b93a039808fa3b1d49c1ca02bc74a5d
rule,141421,3407,block_02,RPM,4,canonical,1,1,1,111,2000,117,2000,0.0585,1.0,7ced397f47396bc0049c98565747ae379ebf87783c5a7fbf1bba17d95eae7f6b
rule,173205,7,block_02,RPM,4,canonical,1,1,1,111,2000,30,2000,0.015,1.0,7371d09cdd8e7188b8a3d1a4384594d197918351fe6d53d2c196969a5b8f4e1c
rule,173205,42,block_02,RPM,4,canonical,1,1,1,111,2000,7,2000,0.0035,1.0,f3b1373856aee675d70315264ef33dcac87e8a02cba7af7f166b2af5b2d59ff6
rule,173205,123,block_02,RPM,4,canonical,1,1,1,111,2000,156,2000,0.078,1.0,f6819e9926d7f856c70ebf326ee7f2d8c140ea9b5af570c56ac3fe496a20ac06
rule,173205,2026,block_02,RPM,4,canonical,1,1,1,111,2000,41,1978,0.0205,0.989,af58ef89f7876138cb4cf1a1e371c69bd550d7feb4225849cf1f5e3675e87c1a
rule,173205,3407,block_02,RPM,4,canonical,1,1,1,111,2000,260,2000,0.13,1.0,4996c12b6209eb45ae0dbdb1691250b245be0b6fecb46f30399571fc519b5c3c
rule,314159,7,block_02,RPM,4,shifted,0,0,0,000,2000,1998,2000,0.999,1.0,09b08194395debb2e4c30ea7fd1d27c8baf67e8d568a6f6cb1a842e038f346ed
rule,314159,42,block_02,RPM,4,shifted,0,0,0,000,2000,1998,1999,0.999,0.9995,8a523faeac10844b457627c241d4ee4729a6bb6dd41ff79aaa640064767a8f13
rule,314159,123,block_02,RPM,4,shifted,0,0,0,000,2000,1999,2000,0.9995,1.0,c81ec1fe7d3cf906172f8c9b79e4facaf3a711fb5cf31bf0f93b7f148c8f20b9
rule,314159,2026,block_02,RPM,4,shifted,0,0,0,000,2000,1998,2000,0.999,1.0,9f89d0fcf4c911b042d944313e1c99ff10ee1f483396e2cfd5227b6e4c3f7c8b
rule,314159,3407,block_02,RPM,4,shifted,0,0,0,000,2000,2000,2000,1.0,1.0,6c11d84632896e7e21097c35bc8949be0d6c8d1c57e6210d58494766ce9bba46
rule,271828,7,block_02,RPM,4,shifted,0,0,0,000,2000,1999,2000,0.9995,1.0,babbe5055150e5e5d800452dc61dda1b3d211a60de7c37eadae846378658c255
rule,271828,42,block_02,RPM,4,shifted,0,0,0,000,2000,1998,2000,0.999,1.0,db3eb42f52a20b23f546ee24e20a211e1f434b1febd2dcdc33dee23aa860a806
rule,271828,123,block_02,RPM,4,shifted,0,0,0,000,2000,1998,1998,0.999,0.999,d8719c636c13ee805e95c787d18cdc4272d1f8d4d168166eb66e348abc6f2da7
rule,271828,2026,block_02,RPM,4,shifted,0,0,0,000,2000,1998,2000,0.999,1.0,c0156f2bf2d889f6af59d8cefedeb3b720e095546e5192bcda73900bc0c70af1
rule,271828,3407,block_02,RPM,4,shifted,0,0,0,000,2000,1998,2000,0.999,1.0,708b454de01da83e20da3b831489c68fce15a87d99e76e19fe6e0d8613876ccc
rule,161803,7,block_02,RPM,4,shifted,0,0,0,000,2000,1998,2000,0.999,1.0,d42b29e2f7bc00439efcb3141f0db55adf84ece88d5264bc066b756ef5def2c0
rule,161803,42,block_02,RPM,4,shifted,0,0,0,000,2000,1998,2000,0.999,1.0,1c1df00db55b563140e164259b4d26675eba3ab5c882fbbeb25d3ad65cc3f3bb
rule,161803,123,block_02,RPM,4,shifted,0,0,0,000,2000,1998,1998,0.999,0.999,baa06c1f9260379da7ba42fbea560af4e56fd486be655e7c4343f76b73e493b7
rule,161803,2026,block_02,RPM,4,shifted,0,0,0,000,2000,1998,2000,0.999,1.0,fbfc69d3a02d3c2318b2a14c83e0d6ab28b501ba94eb34db863b413dfe293374
rule,161803,3407,block_02,RPM,4,shifted,0,0,0,000,2000,1998,2000,0.999,1.0,00bc893a694e7e7ef1e576d93fdc8abb70d52de882880b4da13b3d74ba3110a9
rule,141421,7,block_02,RPM,4,shifted,0,0,0,000,2000,1998,2000,0.999,1.0,d07e9b83ad4dbbac6168146603dd1b2cba2ff523be063b036039f297548d284e
rule,141421,42,block_02,RPM,4,shifted,0,0,0,000,2000,1999,2000,0.9995,1.0,c61407a2bc04d2ec05d79f0f6158e73bd558efe30521f2c56a0c191fbde59ba3
rule,141421,123,block_02,RPM,4,shifted,0,0,0,000,2000,2000,2000,1.0,1.0,8469470dbe93b813a1ff9f5ea9db24110c92450abae5f47552d3b243a3379a7a
rule,141421,2026,block_02,RPM,4,shifted,0,0,0,000,2000,1998,2000,0.999,1.0,a6ed20ef78457734c1398d2ea29846326b93a039808fa3b1d49c1ca02bc74a5d
rule,141421,3407,block_02,RPM,4,shifted,0,0,0,000,2000,1998,2000,0.999,1.0,7ced397f47396bc0049c98565747ae379ebf87783c5a7fbf1bba17d95eae7f6b
rule,173205,7,block_02,RPM,4,shifted,0,0,0,000,2000,1998,2000,0.999,1.0,7371d09cdd8e7188b8a3d1a4384594d197918351fe6d53d2c196969a5b8f4e1c
rule,173205,42,block_02,RPM,4,shifted,0,0,0,000,2000,1998,2000,0.999,1.0,f3b1373856aee675d70315264ef33dcac87e8a02cba7af7f166b2af5b2d59ff6
rule,173205,123,block_02,RPM,4,shifted,0,0,0,000,2000,1998,2000,0.999,1.0,f6819e9926d7f856c70ebf326ee7f2d8c140ea9b5af570c56ac3fe496a20ac06
rule,173205,2026,block_02,RPM,4,shifted,0,0,0,000,2000,1998,2000,0.999,1.0,af58ef89f7876138cb4cf1a1e371c69bd550d7feb4225849cf1f5e3675e87c1a
rule,173205,3407,block_02,RPM,4,shifted,0,0,0,000,2000,1998,2000,0.999,1.0,4996c12b6209eb45ae0dbdb1691250b245be0b6fecb46f30399571fc519b5c3c
rule,314159,7,block_02,RPM,4,shifted,0,0,1,001,2000,1998,2000,0.999,1.0,09b08194395debb2e4c30ea7fd1d27c8baf67e8d568a6f6cb1a842e038f346ed
rule,314159,42,block_02,RPM,4,shifted,0,0,1,001,2000,1998,1999,0.999,0.9995,8a523faeac10844b457627c241d4ee4729a6bb6dd41ff79aaa640064767a8f13
rule,314159,123,block_02,RPM,4,shifted,0,0,1,001,2000,1999,2000,0.9995,1.0,c81ec1fe7d3cf906172f8c9b79e4facaf3a711fb5cf31bf0f93b7f148c8f20b9
rule,314159,2026,block_02,RPM,4,shifted,0,0,1,001,2000,1998,2000,0.999,1.0,9f89d0fcf4c911b042d944313e1c99ff10ee1f483396e2cfd5227b6e4c3f7c8b
rule,314159,3407,block_02,RPM,4,shifted,0,0,1,001,2000,2000,2000,1.0,1.0,6c11d84632896e7e21097c35bc8949be0d6c8d1c57e6210d58494766ce9bba46
rule,271828,7,block_02,RPM,4,shifted,0,0,1,001,2000,1999,2000,0.9995,1.0,babbe5055150e5e5d800452dc61dda1b3d211a60de7c37eadae846378658c255
rule,271828,42,block_02,RPM,4,shifted,0,0,1,001,2000,1998,2000,0.999,1.0,db3eb42f52a20b23f546ee24e20a211e1f434b1febd2dcdc33dee23aa860a806
rule,271828,123,block_02,RPM,4,shifted,0,0,1,001,2000,1998,1998,0.999,0.999,d8719c636c13ee805e95c787d18cdc4272d1f8d4d168166eb66e348abc6f2da7
rule,271828,2026,block_02,RPM,4,shifted,0,0,1,001,2000,1998,2000,0.999,1.0,c0156f2bf2d889f6af59d8cefedeb3b720e095546e5192bcda73900bc0c70af1
rule,271828,3407,block_02,RPM,4,shifted,0,0,1,001,2000,1998,2000,0.999,1.0,708b454de01da83e20da3b831489c68fce15a87d99e76e19fe6e0d8613876ccc
rule,161803,7,block_02,RPM,4,shifted,0,0,1,001,2000,1998,2000,0.999,1.0,d42b29e2f7bc00439efcb3141f0db55adf84ece88d5264bc066b756ef5def2c0
rule,161803,42,block_02,RPM,4,shifted,0,0,1,001,2000,1998,2000,0.999,1.0,1c1df00db55b563140e164259b4d26675eba3ab5c882fbbeb25d3ad65cc3f3bb
rule,161803,123,block_02,RPM,4,shifted,0,0,1,001,2000,1998,1998,0.999,0.999,baa06c1f9260379da7ba42fbea560af4e56fd486be655e7c4343f76b73e493b7
rule,161803,2026,block_02,RPM,4,shifted,0,0,1,001,2000,1998,2000,0.999,1.0,fbfc69d3a02d3c2318b2a14c83e0d6ab28b501ba94eb34db863b413dfe293374
rule,161803,3407,block_02,RPM,4,shifted,0,0,1,001,2000,1998,2000,0.999,1.0,00bc893a694e7e7ef1e576d93fdc8abb70d52de882880b4da13b3d74ba3110a9
rule,141421,7,block_02,RPM,4,shifted,0,0,1,001,2000,1998,2000,0.999,1.0,d07e9b83ad4dbbac6168146603dd1b2cba2ff523be063b036039f297548d284e
rule,141421,42,block_02,RPM,4,shifted,0,0,1,001,2000,1999,2000,0.9995,1.0,c61407a2bc04d2ec05d79f0f6158e73bd558efe30521f2c56a0c191fbde59ba3
rule,141421,123,block_02,RPM,4,shifted,0,0,1,001,2000,2000,2000,1.0,1.0,8469470dbe93b813a1ff9f5ea9db24110c92450abae5f47552d3b243a3379a7a
rule,141421,2026,block_02,RPM,4,shifted,0,0,1,001,2000,1998,2000,0.999,1.0,a6ed20ef78457734c1398d2ea29846326b93a039808fa3b1d49c1ca02bc74a5d
rule,141421,3407,block_02,RPM,4,shifted,0,0,1,001,2000,1998,2000,0.999,1.0,7ced397f47396bc0049c98565747ae379ebf87783c5a7fbf1bba17d95eae7f6b
rule,173205,7,block_02,RPM,4,shifted,0,0,1,001,2000,1998,2000,0.999,1.0,7371d09cdd8e7188b8a3d1a4384594d197918351fe6d53d2c196969a5b8f4e1c
rule,173205,42,block_02,RPM,4,shifted,0,0,1,001,2000,1998,2000,0.999,1.0,f3b1373856aee675d70315264ef33dcac87e8a02cba7af7f166b2af5b2d59ff6
rule,173205,123,block_02,RPM,4,shifted,0,0,1,001,2000,1998,2000,0.999,1.0,f6819e9926d7f856c70ebf326ee7f2d8c140ea9b5af570c56ac3fe496a20ac06
rule,173205,2026,block_02,RPM,4,shifted,0,0,1,001,2000,1998,2000,0.999,1.0,af58ef89f7876138cb4cf1a1e371c69bd550d7feb4225849cf1f5e3675e87c1a
rule,173205,3407,block_02,RPM,4,shifted,0,0,1,001,2000,1998,2000,0.999,1.0,4996c12b6209eb45ae0dbdb1691250b245be0b6fecb46f30399571fc519b5c3c
rule,314159,7,block_02,RPM,4,shifted,0,1,0,010,2000,1998,2000,0.999,1.0,09b08194395debb2e4c30ea7fd1d27c8baf67e8d568a6f6cb1a842e038f346ed
rule,314159,42,block_02,RPM,4,shifted,0,1,0,010,2000,1998,1999,0.999,0.9995,8a523faeac10844b457627c241d4ee4729a6bb6dd41ff79aaa640064767a8f13
rule,314159,123,block_02,RPM,4,shifted,0,1,0,010,2000,1999,2000,0.9995,1.0,c81ec1fe7d3cf906172f8c9b79e4facaf3a711fb5cf31bf0f93b7f148c8f20b9
rule,314159,2026,block_02,RPM,4,shifted,0,1,0,010,2000,1998,2000,0.999,1.0,9f89d0fcf4c911b042d944313e1c99ff10ee1f483396e2cfd5227b6e4c3f7c8b
rule,314159,3407,block_02,RPM,4,shifted,0,1,0,010,2000,2000,2000,1.0,1.0,6c11d84632896e7e21097c35bc8949be0d6c8d1c57e6210d58494766ce9bba46
rule,271828,7,block_02,RPM,4,shifted,0,1,0,010,2000,1999,2000,0.9995,1.0,babbe5055150e5e5d800452dc61dda1b3d211a60de7c37eadae846378658c255
rule,271828,42,block_02,RPM,4,shifted,0,1,0,010,2000,1998,2000,0.999,1.0,db3eb42f52a20b23f546ee24e20a211e1f434b1febd2dcdc33dee23aa860a806
rule,271828,123,block_02,RPM,4,shifted,0,1,0,010,2000,1998,1998,0.999,0.999,d8719c636c13ee805e95c787d18cdc4272d1f8d4d168166eb66e348abc6f2da7
rule,271828,2026,block_02,RPM,4,shifted,0,1,0,010,2000,1998,2000,0.999,1.0,c0156f2bf2d889f6af59d8cefedeb3b720e095546e5192bcda73900bc0c70af1
rule,271828,3407,block_02,RPM,4,shifted,0,1,0,010,2000,1998,2000,0.999,1.0,708b454de01da83e20da3b831489c68fce15a87d99e76e19fe6e0d8613876ccc
rule,161803,7,block_02,RPM,4,shifted,0,1,0,010,2000,1998,2000,0.999,1.0,d42b29e2f7bc00439efcb3141f0db55adf84ece88d5264bc066b756ef5def2c0
rule,161803,42,block_02,RPM,4,shifted,0,1,0,010,2000,1998,2000,0.999,1.0,1c1df00db55b563140e164259b4d26675eba3ab5c882fbbeb25d3ad65cc3f3bb
rule,161803,123,block_02,RPM,4,shifted,0,1,0,010,2000,1998,1998,0.999,0.999,baa06c1f9260379da7ba42fbea560af4e56fd486be655e7c4343f76b73e493b7
rule,161803,2026,block_02,RPM,4,shifted,0,1,0,010,2000,1998,2000,0.999,1.0,fbfc69d3a02d3c2318b2a14c83e0d6ab28b501ba94eb34db863b413dfe293374
rule,161803,3407,block_02,RPM,4,shifted,0,1,0,010,2000,1998,2000,0.999,1.0,00bc893a694e7e7ef1e576d93fdc8abb70d52de882880b4da13b3d74ba3110a9
rule,141421,7,block_02,RPM,4,shifted,0,1,0,010,2000,1998,2000,0.999,1.0,d07e9b83ad4dbbac6168146603dd1b2cba2ff523be063b036039f297548d284e
rule,141421,42,block_02,RPM,4,shifted,0,1,0,010,2000,1999,2000,0.9995,1.0,c61407a2bc04d2ec05d79f0f6158e73bd558efe30521f2c56a0c191fbde59ba3
rule,141421,123,block_02,RPM,4,shifted,0,1,0,010,2000,2000,2000,1.0,1.0,8469470dbe93b813a1ff9f5ea9db24110c92450abae5f47552d3b243a3379a7a
rule,141421,2026,block_02,RPM,4,shifted,0,1,0,010,2000,1998,2000,0.999,1.0,a6ed20ef78457734c1398d2ea29846326b93a039808fa3b1d49c1ca02bc74a5d
rule,141421,3407,block_02,RPM,4,shifted,0,1,0,010,2000,1998,2000,0.999,1.0,7ced397f47396bc0049c98565747ae379ebf87783c5a7fbf1bba17d95eae7f6b
rule,173205,7,block_02,RPM,4,shifted,0,1,0,010,2000,1998,2000,0.999,1.0,7371d09cdd8e7188b8a3d1a4384594d197918351fe6d53d2c196969a5b8f4e1c
rule,173205,42,block_02,RPM,4,shifted,0,1,0,010,2000,1998,2000,0.999,1.0,f3b1373856aee675d70315264ef33dcac87e8a02cba7af7f166b2af5b2d59ff6
rule,173205,123,block_02,RPM,4,shifted,0,1,0,010,2000,1998,2000,0.999,1.0,f6819e9926d7f856c70ebf326ee7f2d8c140ea9b5af570c56ac3fe496a20ac06
rule,173205,2026,block_02,RPM,4,shifted,0,1,0,010,2000,1998,2000,0.999,1.0,af58ef89f7876138cb4cf1a1e371c69bd550d7feb4225849cf1f5e3675e87c1a
rule,173205,3407,block_02,RPM,4,shifted,0,1,0,010,2000,1998,2000,0.999,1.0,4996c12b6209eb45ae0dbdb1691250b245be0b6fecb46f30399571fc519b5c3c
rule,314159,7,block_02,RPM,4,shifted,0,1,1,011,2000,1998,2000,0.999,1.0,09b08194395debb2e4c30ea7fd1d27c8baf67e8d568a6f6cb1a842e038f346ed
rule,314159,42,block_02,RPM,4,shifted,0,1,1,011,2000,1998,1999,0.999,0.9995,8a523faeac10844b457627c241d4ee4729a6bb6dd41ff79aaa640064767a8f13
rule,314159,123,block_02,RPM,4,shifted,0,1,1,011,2000,1999,2000,0.9995,1.0,c81ec1fe7d3cf906172f8c9b79e4facaf3a711fb5cf31bf0f93b7f148c8f20b9
rule,314159,2026,block_02,RPM,4,shifted,0,1,1,011,2000,1998,2000,0.999,1.0,9f89d0fcf4c911b042d944313e1c99ff10ee1f483396e2cfd5227b6e4c3f7c8b
rule,314159,3407,block_02,RPM,4,shifted,0,1,1,011,2000,2000,2000,1.0,1.0,6c11d84632896e7e21097c35bc8949be0d6c8d1c57e6210d58494766ce9bba46
rule,271828,7,block_02,RPM,4,shifted,0,1,1,011,2000,1999,2000,0.9995,1.0,babbe5055150e5e5d800452dc61dda1b3d211a60de7c37eadae846378658c255
rule,271828,42,block_02,RPM,4,shifted,0,1,1,011,2000,1998,2000,0.999,1.0,db3eb42f52a20b23f546ee24e20a211e1f434b1febd2dcdc33dee23aa860a806
rule,271828,123,block_02,RPM,4,shifted,0,1,1,011,2000,1998,1998,0.999,0.999,d8719c636c13ee805e95c787d18cdc4272d1f8d4d168166eb66e348abc6f2da7
rule,271828,2026,block_02,RPM,4,shifted,0,1,1,011,2000,1998,2000,0.999,1.0,c0156f2bf2d889f6af59d8cefedeb3b720e095546e5192bcda73900bc0c70af1
rule,271828,3407,block_02,RPM,4,shifted,0,1,1,011,2000,1998,2000,0.999,1.0,708b454de01da83e20da3b831489c68fce15a87d99e76e19fe6e0d8613876ccc
rule,161803,7,block_02,RPM,4,shifted,0,1,1,011,2000,1998,2000,0.999,1.0,d42b29e2f7bc00439efcb3141f0db55adf84ece88d5264bc066b756ef5def2c0
rule,161803,42,block_02,RPM,4,shifted,0,1,1,011,2000,1998,2000,0.999,1.0,1c1df00db55b563140e164259b4d26675eba3ab5c882fbbeb25d3ad65cc3f3bb
rule,161803,123,block_02,RPM,4,shifted,0,1,1,011,2000,1998,1998,0.999,0.999,baa06c1f9260379da7ba42fbea560af4e56fd486be655e7c4343f76b73e493b7
rule,161803,2026,block_02,RPM,4,shifted,0,1,1,011,2000,1998,2000,0.999,1.0,fbfc69d3a02d3c2318b2a14c83e0d6ab28b501ba94eb34db863b413dfe293374
rule,161803,3407,block_02,RPM,4,shifted,0,1,1,011,2000,1998,2000,0.999,1.0,00bc893a694e7e7ef1e576d93fdc8abb70d52de882880b4da13b3d74ba3110a9
rule,141421,7,block_02,RPM,4,shifted,0,1,1,011,2000,1998,2000,0.999,1.0,d07e9b83ad4dbbac6168146603dd1b2cba2ff523be063b036039f297548d284e
rule,141421,42,block_02,RPM,4,shifted,0,1,1,011,2000,1999,2000,0.9995,1.0,c61407a2bc04d2ec05d79f0f6158e73bd558efe30521f2c56a0c191fbde59ba3
rule,141421,123,block_02,RPM,4,shifted,0,1,1,011,2000,2000,2000,1.0,1.0,8469470dbe93b813a1ff9f5ea9db24110c92450abae5f47552d3b243a3379a7a
rule,141421,2026,block_02,RPM,4,shifted,0,1,1,011,2000,1998,2000,0.999,1.0,a6ed20ef78457734c1398d2ea29846326b93a039808fa3b1d49c1ca02bc74a5d
rule,141421,3407,block_02,RPM,4,shifted,0,1,1,011,2000,1998,2000,0.999,1.0,7ced397f47396bc0049c98565747ae379ebf87783c5a7fbf1bba17d95eae7f6b
rule,173205,7,block_02,RPM,4,shifted,0,1,1,011,2000,1998,2000,0.999,1.0,7371d09cdd8e7188b8a3d1a4384594d197918351fe6d53d2c196969a5b8f4e1c
rule,173205,42,block_02,RPM,4,shifted,0,1,1,011,2000,1998,2000,0.999,1.0,f3b1373856aee675d70315264ef33dcac87e8a02cba7af7f166b2af5b2d59ff6
rule,173205,123,block_02,RPM,4,shifted,0,1,1,011,2000,1998,2000,0.999,1.0,f6819e9926d7f856c70ebf326ee7f2d8c140ea9b5af570c56ac3fe496a20ac06
rule,173205,2026,block_02,RPM,4,shifted,0,1,1,011,2000,1998,2000,0.999,1.0,af58ef89f7876138cb4cf1a1e371c69bd550d7feb4225849cf1f5e3675e87c1a
rule,173205,3407,block_02,RPM,4,shifted,0,1,1,011,2000,1998,2000,0.999,1.0,4996c12b6209eb45ae0dbdb1691250b245be0b6fecb46f30399571fc519b5c3c
rule,314159,7,block_02,RPM,4,shifted,1,0,0,100,2000,429,1958,0.2145,0.979,09b08194395debb2e4c30ea7fd1d27c8baf67e8d568a6f6cb1a842e038f346ed
rule,314159,42,block_02,RPM,4,shifted,1,0,0,100,2000,137,1982,0.0685,0.991,8a523faeac10844b457627c241d4ee4729a6bb6dd41ff79aaa640064767a8f13
rule,314159,123,block_02,RPM,4,shifted,1,0,0,100,2000,986,1532,0.493,0.766,c81ec1fe7d3cf906172f8c9b79e4facaf3a711fb5cf31bf0f93b7f148c8f20b9
rule,314159,2026,block_02,RPM,4,shifted,1,0,0,100,2000,394,1938,0.197,0.969,9f89d0fcf4c911b042d944313e1c99ff10ee1f483396e2cfd5227b6e4c3f7c8b
rule,314159,3407,block_02,RPM,4,shifted,1,0,0,100,2000,481,1889,0.2405,0.9445,6c11d84632896e7e21097c35bc8949be0d6c8d1c57e6210d58494766ce9bba46
rule,271828,7,block_02,RPM,4,shifted,1,0,0,100,2000,462,1996,0.231,0.998,babbe5055150e5e5d800452dc61dda1b3d211a60de7c37eadae846378658c255
rule,271828,42,block_02,RPM,4,shifted,1,0,0,100,2000,90,1239,0.045,0.6195,db3eb42f52a20b23f546ee24e20a211e1f434b1febd2dcdc33dee23aa860a806
rule,271828,123,block_02,RPM,4,shifted,1,0,0,100,2000,669,1935,0.3345,0.9675,d8719c636c13ee805e95c787d18cdc4272d1f8d4d168166eb66e348abc6f2da7
rule,271828,2026,block_02,RPM,4,shifted,1,0,0,100,2000,247,1010,0.1235,0.505,c0156f2bf2d889f6af59d8cefedeb3b720e095546e5192bcda73900bc0c70af1
rule,271828,3407,block_02,RPM,4,shifted,1,0,0,100,2000,266,1809,0.133,0.9045,708b454de01da83e20da3b831489c68fce15a87d99e76e19fe6e0d8613876ccc
rule,161803,7,block_02,RPM,4,shifted,1,0,0,100,2000,180,1976,0.09,0.988,d42b29e2f7bc00439efcb3141f0db55adf84ece88d5264bc066b756ef5def2c0
rule,161803,42,block_02,RPM,4,shifted,1,0,0,100,2000,221,1703,0.1105,0.8515,1c1df00db55b563140e164259b4d26675eba3ab5c882fbbeb25d3ad65cc3f3bb
rule,161803,123,block_02,RPM,4,shifted,1,0,0,100,2000,1251,1968,0.6255,0.984,baa06c1f9260379da7ba42fbea560af4e56fd486be655e7c4343f76b73e493b7
rule,161803,2026,block_02,RPM,4,shifted,1,0,0,100,2000,145,1557,0.0725,0.7785,fbfc69d3a02d3c2318b2a14c83e0d6ab28b501ba94eb34db863b413dfe293374
rule,161803,3407,block_02,RPM,4,shifted,1,0,0,100,2000,100,1945,0.05,0.9725,00bc893a694e7e7ef1e576d93fdc8abb70d52de882880b4da13b3d74ba3110a9
rule,141421,7,block_02,RPM,4,shifted,1,0,0,100,2000,420,1905,0.21,0.9525,d07e9b83ad4dbbac6168146603dd1b2cba2ff523be063b036039f297548d284e
rule,141421,42,block_02,RPM,4,shifted,1,0,0,100,2000,297,1817,0.1485,0.9085,c61407a2bc04d2ec05d79f0f6158e73bd558efe30521f2c56a0c191fbde59ba3
rule,141421,123,block_02,RPM,4,shifted,1,0,0,100,2000,432,1726,0.216,0.863,8469470dbe93b813a1ff9f5ea9db24110c92450abae5f47552d3b243a3379a7a
rule,141421,2026,block_02,RPM,4,shifted,1,0,0,100,2000,105,604,0.0525,0.302,a6ed20ef78457734c1398d2ea29846326b93a039808fa3b1d49c1ca02bc74a5d
rule,141421,3407,block_02,RPM,4,shifted,1,0,0,100,2000,442,1992,0.221,0.996,7ced397f47396bc0049c98565747ae379ebf87783c5a7fbf1bba17d95eae7f6b
rule,173205,7,block_02,RPM,4,shifted,1,0,0,100,2000,241,1953,0.1205,0.9765,7371d09cdd8e7188b8a3d1a4384594d197918351fe6d53d2c196969a5b8f4e1c
rule,173205,42,block_02,RPM,4,shifted,1,0,0,100,2000,113,1390,0.0565,0.695,f3b1373856aee675d70315264ef33dcac87e8a02cba7af7f166b2af5b2d59ff6
rule,173205,123,block_02,RPM,4,shifted,1,0,0,100,2000,1343,1883,0.6715,0.9415,f6819e9926d7f856c70ebf326ee7f2d8c140ea9b5af570c56ac3fe496a20ac06
rule,173205,2026,block_02,RPM,4,shifted,1,0,0,100,2000,281,646,0.1405,0.323,af58ef89f7876138cb4cf1a1e371c69bd550d7feb4225849cf1f5e3675e87c1a
rule,173205,3407,block_02,RPM,4,shifted,1,0,0,100,2000,712,1925,0.356,0.9625,4996c12b6209eb45ae0dbdb1691250b245be0b6fecb46f30399571fc519b5c3c
rule,314159,7,block_02,RPM,4,shifted,1,0,1,101,2000,7,2000,0.0035,1.0,09b08194395debb2e4c30ea7fd1d27c8baf67e8d568a6f6cb1a842e038f346ed
rule,314159,42,block_02,RPM,4,shifted,1,0,1,101,2000,0,1999,0.0,0.9995,8a523faeac10844b457627c241d4ee4729a6bb6dd41ff79aaa640064767a8f13
rule,314159,123,block_02,RPM,4,shifted,1,0,1,101,2000,350,2000,0.175,1.0,c81ec1fe7d3cf906172f8c9b79e4facaf3a711fb5cf31bf0f93b7f148c8f20b9
rule,314159,2026,block_02,RPM,4,shifted,1,0,1,101,2000,0,2000,0.0,1.0,9f89d0fcf4c911b042d944313e1c99ff10ee1f483396e2cfd5227b6e4c3f7c8b
rule,314159,3407,block_02,RPM,4,shifted,1,0,1,101,2000,25,2000,0.0125,1.0,6c11d84632896e7e21097c35bc8949be0d6c8d1c57e6210d58494766ce9bba46
rule,271828,7,block_02,RPM,4,shifted,1,0,1,101,2000,7,2000,0.0035,1.0,babbe5055150e5e5d800452dc61dda1b3d211a60de7c37eadae846378658c255
rule,271828,42,block_02,RPM,4,shifted,1,0,1,101,2000,30,1992,0.015,0.996,db3eb42f52a20b23f546ee24e20a211e1f434b1febd2dcdc33dee23aa860a806
rule,271828,123,block_02,RPM,4,shifted,1,0,1,101,2000,39,1998,0.0195,0.999,d8719c636c13ee805e95c787d18cdc4272d1f8d4d168166eb66e348abc6f2da7
rule,271828,2026,block_02,RPM,4,shifted,1,0,1,101,2000,29,1999,0.0145,0.9995,c0156f2bf2d889f6af59d8cefedeb3b720e095546e5192bcda73900bc0c70af1
rule,271828,3407,block_02,RPM,4,shifted,1,0,1,101,2000,16,2000,0.008,1.0,708b454de01da83e20da3b831489c68fce15a87d99e76e19fe6e0d8613876ccc
rule,161803,7,block_02,RPM,4,shifted,1,0,1,101,2000,19,1999,0.0095,0.9995,d42b29e2f7bc00439efcb3141f0db55adf84ece88d5264bc066b756ef5def2c0
rule,161803,42,block_02,RPM,4,shifted,1,0,1,101,2000,1,2000,0.0005,1.0,1c1df00db55b563140e164259b4d26675eba3ab5c882fbbeb25d3ad65cc3f3bb
rule,161803,123,block_02,RPM,4,shifted,1,0,1,101,2000,174,1998,0.087,0.999,baa06c1f9260379da7ba42fbea560af4e56fd486be655e7c4343f76b73e493b7
rule,161803,2026,block_02,RPM,4,shifted,1,0,1,101,2000,0,1999,0.0,0.9995,fbfc69d3a02d3c2318b2a14c83e0d6ab28b501ba94eb34db863b413dfe293374
rule,161803,3407,block_02,RPM,4,shifted,1,0,1,101,2000,0,2000,0.0,1.0,00bc893a694e7e7ef1e576d93fdc8abb70d52de882880b4da13b3d74ba3110a9
rule,141421,7,block_02,RPM,4,shifted,1,0,1,101,2000,12,1999,0.006,0.9995,d07e9b83ad4dbbac6168146603dd1b2cba2ff523be063b036039f297548d284e
rule,141421,42,block_02,RPM,4,shifted,1,0,1,101,2000,12,2000,0.006,1.0,c61407a2bc04d2ec05d79f0f6158e73bd558efe30521f2c56a0c191fbde59ba3
rule,141421,123,block_02,RPM,4,shifted,1,0,1,101,2000,6,2000,0.003,1.0,8469470dbe93b813a1ff9f5ea9db24110c92450abae5f47552d3b243a3379a7a
rule,141421,2026,block_02,RPM,4,shifted,1,0,1,101,2000,8,1968,0.004,0.984,a6ed20ef78457734c1398d2ea29846326b93a039808fa3b1d49c1ca02bc74a5d
rule,141421,3407,block_02,RPM,4,shifted,1,0,1,101,2000,50,2000,0.025,1.0,7ced397f47396bc0049c98565747ae379ebf87783c5a7fbf1bba17d95eae7f6b
rule,173205,7,block_02,RPM,4,shifted,1,0,1,101,2000,1,2000,0.0005,1.0,7371d09cdd8e7188b8a3d1a4384594d197918351fe6d53d2c196969a5b8f4e1c
rule,173205,42,block_02,RPM,4,shifted,1,0,1,101,2000,0,2000,0.0,1.0,f3b1373856aee675d70315264ef33dcac87e8a02cba7af7f166b2af5b2d59ff6
rule,173205,123,block_02,RPM,4,shifted,1,0,1,101,2000,576,2000,0.288,1.0,f6819e9926d7f856c70ebf326ee7f2d8c140ea9b5af570c56ac3fe496a20ac06
rule,173205,2026,block_02,RPM,4,shifted,1,0,1,101,2000,20,1994,0.01,0.997,af58ef89f7876138cb4cf1a1e371c69bd550d7feb4225849cf1f5e3675e87c1a
rule,173205,3407,block_02,RPM,4,shifted,1,0,1,101,2000,290,2000,0.145,1.0,4996c12b6209eb45ae0dbdb1691250b245be0b6fecb46f30399571fc519b5c3c
rule,314159,7,block_02,RPM,4,shifted,1,1,0,110,2000,498,1741,0.249,0.8705,09b08194395debb2e4c30ea7fd1d27c8baf67e8d568a6f6cb1a842e038f346ed
rule,314159,42,block_02,RPM,4,shifted,1,1,0,110,2000,149,1916,0.0745,0.958,8a523faeac10844b457627c241d4ee4729a6bb6dd41ff79aaa640064767a8f13
rule,314159,123,block_02,RPM,4,shifted,1,1,0,110,2000,220,1668,0.11,0.834,c81ec1fe7d3cf906172f8c9b79e4facaf3a711fb5cf31bf0f93b7f148c8f20b9
rule,314159,2026,block_02,RPM,4,shifted,1,1,0,110,2000,443,1917,0.2215,0.9585,9f89d0fcf4c911b042d944313e1c99ff10ee1f483396e2cfd5227b6e4c3f7c8b
rule,314159,3407,block_02,RPM,4,shifted,1,1,0,110,2000,830,1738,0.415,0.869,6c11d84632896e7e21097c35bc8949be0d6c8d1c57e6210d58494766ce9bba46
rule,271828,7,block_02,RPM,4,shifted,1,1,0,110,2000,720,1963,0.36,0.9815,babbe5055150e5e5d800452dc61dda1b3d211a60de7c37eadae846378658c255
rule,271828,42,block_02,RPM,4,shifted,1,1,0,110,2000,197,1426,0.0985,0.713,db3eb42f52a20b23f546ee24e20a211e1f434b1febd2dcdc33dee23aa860a806
rule,271828,123,block_02,RPM,4,shifted,1,1,0,110,2000,233,1778,0.1165,0.889,d8719c636c13ee805e95c787d18cdc4272d1f8d4d168166eb66e348abc6f2da7
rule,271828,2026,block_02,RPM,4,shifted,1,1,0,110,2000,389,1349,0.1945,0.6745,c0156f2bf2d889f6af59d8cefedeb3b720e095546e5192bcda73900bc0c70af1
rule,271828,3407,block_02,RPM,4,shifted,1,1,0,110,2000,414,1425,0.207,0.7125,708b454de01da83e20da3b831489c68fce15a87d99e76e19fe6e0d8613876ccc
rule,161803,7,block_02,RPM,4,shifted,1,1,0,110,2000,404,1886,0.202,0.943,d42b29e2f7bc00439efcb3141f0db55adf84ece88d5264bc066b756ef5def2c0
rule,161803,42,block_02,RPM,4,shifted,1,1,0,110,2000,283,1540,0.1415,0.77,1c1df00db55b563140e164259b4d26675eba3ab5c882fbbeb25d3ad65cc3f3bb
rule,161803,123,block_02,RPM,4,shifted,1,1,0,110,2000,499,1766,0.2495,0.883,baa06c1f9260379da7ba42fbea560af4e56fd486be655e7c4343f76b73e493b7
rule,161803,2026,block_02,RPM,4,shifted,1,1,0,110,2000,124,1558,0.062,0.779,fbfc69d3a02d3c2318b2a14c83e0d6ab28b501ba94eb34db863b413dfe293374
rule,161803,3407,block_02,RPM,4,shifted,1,1,0,110,2000,253,1916,0.1265,0.958,00bc893a694e7e7ef1e576d93fdc8abb70d52de882880b4da13b3d74ba3110a9
rule,141421,7,block_02,RPM,4,shifted,1,1,0,110,2000,822,1786,0.411,0.893,d07e9b83ad4dbbac6168146603dd1b2cba2ff523be063b036039f297548d284e
rule,141421,42,block_02,RPM,4,shifted,1,1,0,110,2000,215,1803,0.1075,0.9015,c61407a2bc04d2ec05d79f0f6158e73bd558efe30521f2c56a0c191fbde59ba3
rule,141421,123,block_02,RPM,4,shifted,1,1,0,110,2000,131,1489,0.0655,0.7445,8469470dbe93b813a1ff9f5ea9db24110c92450abae5f47552d3b243a3379a7a
rule,141421,2026,block_02,RPM,4,shifted,1,1,0,110,2000,175,723,0.0875,0.3615,a6ed20ef78457734c1398d2ea29846326b93a039808fa3b1d49c1ca02bc74a5d
rule,141421,3407,block_02,RPM,4,shifted,1,1,0,110,2000,534,1936,0.267,0.968,7ced397f47396bc0049c98565747ae379ebf87783c5a7fbf1bba17d95eae7f6b
rule,173205,7,block_02,RPM,4,shifted,1,1,0,110,2000,292,1713,0.146,0.8565,7371d09cdd8e7188b8a3d1a4384594d197918351fe6d53d2c196969a5b8f4e1c
rule,173205,42,block_02,RPM,4,shifted,1,1,0,110,2000,151,1323,0.0755,0.6615,f3b1373856aee675d70315264ef33dcac87e8a02cba7af7f166b2af5b2d59ff6
rule,173205,123,block_02,RPM,4,shifted,1,1,0,110,2000,819,1749,0.4095,0.8745,f6819e9926d7f856c70ebf326ee7f2d8c140ea9b5af570c56ac3fe496a20ac06
rule,173205,2026,block_02,RPM,4,shifted,1,1,0,110,2000,255,906,0.1275,0.453,af58ef89f7876138cb4cf1a1e371c69bd550d7feb4225849cf1f5e3675e87c1a
rule,173205,3407,block_02,RPM,4,shifted,1,1,0,110,2000,857,1754,0.4285,0.877,4996c12b6209eb45ae0dbdb1691250b245be0b6fecb46f30399571fc519b5c3c
rule,314159,7,block_02,RPM,4,shifted,1,1,1,111,2000,36,1997,0.018,0.9985,09b08194395debb2e4c30ea7fd1d27c8baf67e8d568a6f6cb1a842e038f346ed
rule,314159,42,block_02,RPM,4,shifted,1,1,1,111,2000,7,1999,0.0035,0.9995,8a523faeac10844b457627c241d4ee4729a6bb6dd41ff79aaa640064767a8f13
rule,314159,123,block_02,RPM,4,shifted,1,1,1,111,2000,15,2000,0.0075,1.0,c81ec1fe7d3cf906172f8c9b79e4facaf3a711fb5cf31bf0f93b7f148c8f20b9
rule,314159,2026,block_02,RPM,4,shifted,1,1,1,111,2000,14,2000,0.007,1.0,9f89d0fcf4c911b042d944313e1c99ff10ee1f483396e2cfd5227b6e4c3f7c8b
rule,314159,3407,block_02,RPM,4,shifted,1,1,1,111,2000,128,2000,0.064,1.0,6c11d84632896e7e21097c35bc8949be0d6c8d1c57e6210d58494766ce9bba46
rule,271828,7,block_02,RPM,4,shifted,1,1,1,111,2000,47,1999,0.0235,0.9995,babbe5055150e5e5d800452dc61dda1b3d211a60de7c37eadae846378658c255
rule,271828,42,block_02,RPM,4,shifted,1,1,1,111,2000,30,2000,0.015,1.0,db3eb42f52a20b23f546ee24e20a211e1f434b1febd2dcdc33dee23aa860a806
rule,271828,123,block_02,RPM,4,shifted,1,1,1,111,2000,19,1998,0.0095,0.999,d8719c636c13ee805e95c787d18cdc4272d1f8d4d168166eb66e348abc6f2da7
rule,271828,2026,block_02,RPM,4,shifted,1,1,1,111,2000,216,1997,0.108,0.9985,c0156f2bf2d889f6af59d8cefedeb3b720e095546e5192bcda73900bc0c70af1
rule,271828,3407,block_02,RPM,4,shifted,1,1,1,111,2000,51,1999,0.0255,0.9995,708b454de01da83e20da3b831489c68fce15a87d99e76e19fe6e0d8613876ccc
rule,161803,7,block_02,RPM,4,shifted,1,1,1,111,2000,45,1998,0.0225,0.999,d42b29e2f7bc00439efcb3141f0db55adf84ece88d5264bc066b756ef5def2c0
rule,161803,42,block_02,RPM,4,shifted,1,1,1,111,2000,1,2000,0.0005,1.0,1c1df00db55b563140e164259b4d26675eba3ab5c882fbbeb25d3ad65cc3f3bb
rule,161803,123,block_02,RPM,4,shifted,1,1,1,111,2000,37,1998,0.0185,0.999,baa06c1f9260379da7ba42fbea560af4e56fd486be655e7c4343f76b73e493b7
rule,161803,2026,block_02,RPM,4,shifted,1,1,1,111,2000,6,1999,0.003,0.9995,fbfc69d3a02d3c2318b2a14c83e0d6ab28b501ba94eb34db863b413dfe293374
rule,161803,3407,block_02,RPM,4,shifted,1,1,1,111,2000,2,2000,0.001,1.0,00bc893a694e7e7ef1e576d93fdc8abb70d52de882880b4da13b3d74ba3110a9
rule,141421,7,block_02,RPM,4,shifted,1,1,1,111,2000,292,1996,0.146,0.998,d07e9b83ad4dbbac6168146603dd1b2cba2ff523be063b036039f297548d284e
rule,141421,42,block_02,RPM,4,shifted,1,1,1,111,2000,3,2000,0.0015,1.0,c61407a2bc04d2ec05d79f0f6158e73bd558efe30521f2c56a0c191fbde59ba3
rule,141421,123,block_02,RPM,4,shifted,1,1,1,111,2000,4,2000,0.002,1.0,8469470dbe93b813a1ff9f5ea9db24110c92450abae5f47552d3b243a3379a7a
rule,141421,2026,block_02,RPM,4,shifted,1,1,1,111,2000,35,1855,0.0175,0.9275,a6ed20ef78457734c1398d2ea29846326b93a039808fa3b1d49c1ca02bc74a5d
rule,141421,3407,block_02,RPM,4,shifted,1,1,1,111,2000,105,2000,0.0525,1.0,7ced397f47396bc0049c98565747ae379ebf87783c5a7fbf1bba17d95eae7f6b
rule,173205,7,block_02,RPM,4,shifted,1,1,1,111,2000,27,2000,0.0135,1.0,7371d09cdd8e7188b8a3d1a4384594d197918351fe6d53d2c196969a5b8f4e1c
rule,173205,42,block_02,RPM,4,shifted,1,1,1,111,2000,7,2000,0.0035,1.0,f3b1373856aee675d70315264ef33dcac87e8a02cba7af7f166b2af5b2d59ff6
rule,173205,123,block_02,RPM,4,shifted,1,1,1,111,2000,172,2000,0.086,1.0,f6819e9926d7f856c70ebf326ee7f2d8c140ea9b5af570c56ac3fe496a20ac06
rule,173205,2026,block_02,RPM,4,shifted,1,1,1,111,2000,37,1981,0.0185,0.9905,af58ef89f7876138cb4cf1a1e371c69bd550d7feb4225849cf1f5e3675e87c1a
rule,173205,3407,block_02,RPM,4,shifted,1,1,1,111,2000,266,2000,0.133,1.0,4996c12b6209eb45ae0dbdb1691250b245be0b6fecb46f30399571fc519b5c3c
rule,314159,7,block_03,Gear,3,canonical,0,0,0,000,2000,2000,2000,1.0,1.0,09b08194395debb2e4c30ea7fd1d27c8baf67e8d568a6f6cb1a842e038f346ed
rule,314159,42,block_03,Gear,3,canonical,0,0,0,000,2000,2000,2000,1.0,1.0,8a523faeac10844b457627c241d4ee4729a6bb6dd41ff79aaa640064767a8f13
rule,314159,123,block_03,Gear,3,canonical,0,0,0,000,2000,2000,2000,1.0,1.0,c81ec1fe7d3cf906172f8c9b79e4facaf3a711fb5cf31bf0f93b7f148c8f20b9
rule,314159,2026,block_03,Gear,3,canonical,0,0,0,000,2000,2000,2000,1.0,1.0,9f89d0fcf4c911b042d944313e1c99ff10ee1f483396e2cfd5227b6e4c3f7c8b
rule,314159,3407,block_03,Gear,3,canonical,0,0,0,000,2000,2000,2000,1.0,1.0,6c11d84632896e7e21097c35bc8949be0d6c8d1c57e6210d58494766ce9bba46
rule,271828,7,block_03,Gear,3,canonical,0,0,0,000,2000,2000,2000,1.0,1.0,babbe5055150e5e5d800452dc61dda1b3d211a60de7c37eadae846378658c255
rule,271828,42,block_03,Gear,3,canonical,0,0,0,000,2000,2000,2000,1.0,1.0,db3eb42f52a20b23f546ee24e20a211e1f434b1febd2dcdc33dee23aa860a806
rule,271828,123,block_03,Gear,3,canonical,0,0,0,000,2000,2000,2000,1.0,1.0,d8719c636c13ee805e95c787d18cdc4272d1f8d4d168166eb66e348abc6f2da7
rule,271828,2026,block_03,Gear,3,canonical,0,0,0,000,2000,2000,2000,1.0,1.0,c0156f2bf2d889f6af59d8cefedeb3b720e095546e5192bcda73900bc0c70af1
rule,271828,3407,block_03,Gear,3,canonical,0,0,0,000,2000,2000,2000,1.0,1.0,708b454de01da83e20da3b831489c68fce15a87d99e76e19fe6e0d8613876ccc
rule,161803,7,block_03,Gear,3,canonical,0,0,0,000,2000,2000,2000,1.0,1.0,d42b29e2f7bc00439efcb3141f0db55adf84ece88d5264bc066b756ef5def2c0
rule,161803,42,block_03,Gear,3,canonical,0,0,0,000,2000,2000,2000,1.0,1.0,1c1df00db55b563140e164259b4d26675eba3ab5c882fbbeb25d3ad65cc3f3bb
rule,161803,123,block_03,Gear,3,canonical,0,0,0,000,2000,2000,2000,1.0,1.0,baa06c1f9260379da7ba42fbea560af4e56fd486be655e7c4343f76b73e493b7
rule,161803,2026,block_03,Gear,3,canonical,0,0,0,000,2000,2000,2000,1.0,1.0,fbfc69d3a02d3c2318b2a14c83e0d6ab28b501ba94eb34db863b413dfe293374
rule,161803,3407,block_03,Gear,3,canonical,0,0,0,000,2000,2000,2000,1.0,1.0,00bc893a694e7e7ef1e576d93fdc8abb70d52de882880b4da13b3d74ba3110a9
rule,141421,7,block_03,Gear,3,canonical,0,0,0,000,2000,2000,2000,1.0,1.0,d07e9b83ad4dbbac6168146603dd1b2cba2ff523be063b036039f297548d284e
rule,141421,42,block_03,Gear,3,canonical,0,0,0,000,2000,2000,2000,1.0,1.0,c61407a2bc04d2ec05d79f0f6158e73bd558efe30521f2c56a0c191fbde59ba3
rule,141421,123,block_03,Gear,3,canonical,0,0,0,000,2000,2000,2000,1.0,1.0,8469470dbe93b813a1ff9f5ea9db24110c92450abae5f47552d3b243a3379a7a
rule,141421,2026,block_03,Gear,3,canonical,0,0,0,000,2000,2000,2000,1.0,1.0,a6ed20ef78457734c1398d2ea29846326b93a039808fa3b1d49c1ca02bc74a5d
rule,141421,3407,block_03,Gear,3,canonical,0,0,0,000,2000,2000,2000,1.0,1.0,7ced397f47396bc0049c98565747ae379ebf87783c5a7fbf1bba17d95eae7f6b
rule,173205,7,block_03,Gear,3,canonical,0,0,0,000,2000,2000,2000,1.0,1.0,7371d09cdd8e7188b8a3d1a4384594d197918351fe6d53d2c196969a5b8f4e1c
rule,173205,42,block_03,Gear,3,canonical,0,0,0,000,2000,2000,2000,1.0,1.0,f3b1373856aee675d70315264ef33dcac87e8a02cba7af7f166b2af5b2d59ff6
rule,173205,123,block_03,Gear,3,canonical,0,0,0,000,2000,2000,2000,1.0,1.0,f6819e9926d7f856c70ebf326ee7f2d8c140ea9b5af570c56ac3fe496a20ac06
rule,173205,2026,block_03,Gear,3,canonical,0,0,0,000,2000,2000,2000,1.0,1.0,af58ef89f7876138cb4cf1a1e371c69bd550d7feb4225849cf1f5e3675e87c1a
rule,173205,3407,block_03,Gear,3,canonical,0,0,0,000,2000,2000,2000,1.0,1.0,4996c12b6209eb45ae0dbdb1691250b245be0b6fecb46f30399571fc519b5c3c
rule,314159,7,block_03,Gear,3,canonical,0,0,1,001,2000,2000,2000,1.0,1.0,09b08194395debb2e4c30ea7fd1d27c8baf67e8d568a6f6cb1a842e038f346ed
rule,314159,42,block_03,Gear,3,canonical,0,0,1,001,2000,2000,2000,1.0,1.0,8a523faeac10844b457627c241d4ee4729a6bb6dd41ff79aaa640064767a8f13
rule,314159,123,block_03,Gear,3,canonical,0,0,1,001,2000,2000,2000,1.0,1.0,c81ec1fe7d3cf906172f8c9b79e4facaf3a711fb5cf31bf0f93b7f148c8f20b9
rule,314159,2026,block_03,Gear,3,canonical,0,0,1,001,2000,2000,2000,1.0,1.0,9f89d0fcf4c911b042d944313e1c99ff10ee1f483396e2cfd5227b6e4c3f7c8b
rule,314159,3407,block_03,Gear,3,canonical,0,0,1,001,2000,2000,2000,1.0,1.0,6c11d84632896e7e21097c35bc8949be0d6c8d1c57e6210d58494766ce9bba46
rule,271828,7,block_03,Gear,3,canonical,0,0,1,001,2000,2000,2000,1.0,1.0,babbe5055150e5e5d800452dc61dda1b3d211a60de7c37eadae846378658c255
rule,271828,42,block_03,Gear,3,canonical,0,0,1,001,2000,2000,2000,1.0,1.0,db3eb42f52a20b23f546ee24e20a211e1f434b1febd2dcdc33dee23aa860a806
rule,271828,123,block_03,Gear,3,canonical,0,0,1,001,2000,2000,2000,1.0,1.0,d8719c636c13ee805e95c787d18cdc4272d1f8d4d168166eb66e348abc6f2da7
rule,271828,2026,block_03,Gear,3,canonical,0,0,1,001,2000,2000,2000,1.0,1.0,c0156f2bf2d889f6af59d8cefedeb3b720e095546e5192bcda73900bc0c70af1
rule,271828,3407,block_03,Gear,3,canonical,0,0,1,001,2000,2000,2000,1.0,1.0,708b454de01da83e20da3b831489c68fce15a87d99e76e19fe6e0d8613876ccc
rule,161803,7,block_03,Gear,3,canonical,0,0,1,001,2000,2000,2000,1.0,1.0,d42b29e2f7bc00439efcb3141f0db55adf84ece88d5264bc066b756ef5def2c0
rule,161803,42,block_03,Gear,3,canonical,0,0,1,001,2000,2000,2000,1.0,1.0,1c1df00db55b563140e164259b4d26675eba3ab5c882fbbeb25d3ad65cc3f3bb
rule,161803,123,block_03,Gear,3,canonical,0,0,1,001,2000,2000,2000,1.0,1.0,baa06c1f9260379da7ba42fbea560af4e56fd486be655e7c4343f76b73e493b7
rule,161803,2026,block_03,Gear,3,canonical,0,0,1,001,2000,2000,2000,1.0,1.0,fbfc69d3a02d3c2318b2a14c83e0d6ab28b501ba94eb34db863b413dfe293374
rule,161803,3407,block_03,Gear,3,canonical,0,0,1,001,2000,2000,2000,1.0,1.0,00bc893a694e7e7ef1e576d93fdc8abb70d52de882880b4da13b3d74ba3110a9
rule,141421,7,block_03,Gear,3,canonical,0,0,1,001,2000,2000,2000,1.0,1.0,d07e9b83ad4dbbac6168146603dd1b2cba2ff523be063b036039f297548d284e
rule,141421,42,block_03,Gear,3,canonical,0,0,1,001,2000,2000,2000,1.0,1.0,c61407a2bc04d2ec05d79f0f6158e73bd558efe30521f2c56a0c191fbde59ba3
rule,141421,123,block_03,Gear,3,canonical,0,0,1,001,2000,2000,2000,1.0,1.0,8469470dbe93b813a1ff9f5ea9db24110c92450abae5f47552d3b243a3379a7a
rule,141421,2026,block_03,Gear,3,canonical,0,0,1,001,2000,2000,2000,1.0,1.0,a6ed20ef78457734c1398d2ea29846326b93a039808fa3b1d49c1ca02bc74a5d
rule,141421,3407,block_03,Gear,3,canonical,0,0,1,001,2000,2000,2000,1.0,1.0,7ced397f47396bc0049c98565747ae379ebf87783c5a7fbf1bba17d95eae7f6b
rule,173205,7,block_03,Gear,3,canonical,0,0,1,001,2000,2000,2000,1.0,1.0,7371d09cdd8e7188b8a3d1a4384594d197918351fe6d53d2c196969a5b8f4e1c
rule,173205,42,block_03,Gear,3,canonical,0,0,1,001,2000,2000,2000,1.0,1.0,f3b1373856aee675d70315264ef33dcac87e8a02cba7af7f166b2af5b2d59ff6
rule,173205,123,block_03,Gear,3,canonical,0,0,1,001,2000,2000,2000,1.0,1.0,f6819e9926d7f856c70ebf326ee7f2d8c140ea9b5af570c56ac3fe496a20ac06
rule,173205,2026,block_03,Gear,3,canonical,0,0,1,001,2000,2000,2000,1.0,1.0,af58ef89f7876138cb4cf1a1e371c69bd550d7feb4225849cf1f5e3675e87c1a
rule,173205,3407,block_03,Gear,3,canonical,0,0,1,001,2000,2000,2000,1.0,1.0,4996c12b6209eb45ae0dbdb1691250b245be0b6fecb46f30399571fc519b5c3c
rule,314159,7,block_03,Gear,3,canonical,0,1,0,010,2000,2000,2000,1.0,1.0,09b08194395debb2e4c30ea7fd1d27c8baf67e8d568a6f6cb1a842e038f346ed
rule,314159,42,block_03,Gear,3,canonical,0,1,0,010,2000,2000,2000,1.0,1.0,8a523faeac10844b457627c241d4ee4729a6bb6dd41ff79aaa640064767a8f13
rule,314159,123,block_03,Gear,3,canonical,0,1,0,010,2000,2000,2000,1.0,1.0,c81ec1fe7d3cf906172f8c9b79e4facaf3a711fb5cf31bf0f93b7f148c8f20b9
rule,314159,2026,block_03,Gear,3,canonical,0,1,0,010,2000,2000,2000,1.0,1.0,9f89d0fcf4c911b042d944313e1c99ff10ee1f483396e2cfd5227b6e4c3f7c8b
rule,314159,3407,block_03,Gear,3,canonical,0,1,0,010,2000,2000,2000,1.0,1.0,6c11d84632896e7e21097c35bc8949be0d6c8d1c57e6210d58494766ce9bba46
rule,271828,7,block_03,Gear,3,canonical,0,1,0,010,2000,2000,2000,1.0,1.0,babbe5055150e5e5d800452dc61dda1b3d211a60de7c37eadae846378658c255
rule,271828,42,block_03,Gear,3,canonical,0,1,0,010,2000,2000,2000,1.0,1.0,db3eb42f52a20b23f546ee24e20a211e1f434b1febd2dcdc33dee23aa860a806
rule,271828,123,block_03,Gear,3,canonical,0,1,0,010,2000,2000,2000,1.0,1.0,d8719c636c13ee805e95c787d18cdc4272d1f8d4d168166eb66e348abc6f2da7
rule,271828,2026,block_03,Gear,3,canonical,0,1,0,010,2000,2000,2000,1.0,1.0,c0156f2bf2d889f6af59d8cefedeb3b720e095546e5192bcda73900bc0c70af1
rule,271828,3407,block_03,Gear,3,canonical,0,1,0,010,2000,2000,2000,1.0,1.0,708b454de01da83e20da3b831489c68fce15a87d99e76e19fe6e0d8613876ccc
rule,161803,7,block_03,Gear,3,canonical,0,1,0,010,2000,2000,2000,1.0,1.0,d42b29e2f7bc00439efcb3141f0db55adf84ece88d5264bc066b756ef5def2c0
rule,161803,42,block_03,Gear,3,canonical,0,1,0,010,2000,2000,2000,1.0,1.0,1c1df00db55b563140e164259b4d26675eba3ab5c882fbbeb25d3ad65cc3f3bb
rule,161803,123,block_03,Gear,3,canonical,0,1,0,010,2000,2000,2000,1.0,1.0,baa06c1f9260379da7ba42fbea560af4e56fd486be655e7c4343f76b73e493b7
rule,161803,2026,block_03,Gear,3,canonical,0,1,0,010,2000,2000,2000,1.0,1.0,fbfc69d3a02d3c2318b2a14c83e0d6ab28b501ba94eb34db863b413dfe293374
rule,161803,3407,block_03,Gear,3,canonical,0,1,0,010,2000,2000,2000,1.0,1.0,00bc893a694e7e7ef1e576d93fdc8abb70d52de882880b4da13b3d74ba3110a9
rule,141421,7,block_03,Gear,3,canonical,0,1,0,010,2000,2000,2000,1.0,1.0,d07e9b83ad4dbbac6168146603dd1b2cba2ff523be063b036039f297548d284e
rule,141421,42,block_03,Gear,3,canonical,0,1,0,010,2000,2000,2000,1.0,1.0,c61407a2bc04d2ec05d79f0f6158e73bd558efe30521f2c56a0c191fbde59ba3
rule,141421,123,block_03,Gear,3,canonical,0,1,0,010,2000,2000,2000,1.0,1.0,8469470dbe93b813a1ff9f5ea9db24110c92450abae5f47552d3b243a3379a7a
rule,141421,2026,block_03,Gear,3,canonical,0,1,0,010,2000,2000,2000,1.0,1.0,a6ed20ef78457734c1398d2ea29846326b93a039808fa3b1d49c1ca02bc74a5d
rule,141421,3407,block_03,Gear,3,canonical,0,1,0,010,2000,2000,2000,1.0,1.0,7ced397f47396bc0049c98565747ae379ebf87783c5a7fbf1bba17d95eae7f6b
rule,173205,7,block_03,Gear,3,canonical,0,1,0,010,2000,2000,2000,1.0,1.0,7371d09cdd8e7188b8a3d1a4384594d197918351fe6d53d2c196969a5b8f4e1c
rule,173205,42,block_03,Gear,3,canonical,0,1,0,010,2000,2000,2000,1.0,1.0,f3b1373856aee675d70315264ef33dcac87e8a02cba7af7f166b2af5b2d59ff6
rule,173205,123,block_03,Gear,3,canonical,0,1,0,010,2000,2000,2000,1.0,1.0,f6819e9926d7f856c70ebf326ee7f2d8c140ea9b5af570c56ac3fe496a20ac06
rule,173205,2026,block_03,Gear,3,canonical,0,1,0,010,2000,2000,2000,1.0,1.0,af58ef89f7876138cb4cf1a1e371c69bd550d7feb4225849cf1f5e3675e87c1a
rule,173205,3407,block_03,Gear,3,canonical,0,1,0,010,2000,2000,2000,1.0,1.0,4996c12b6209eb45ae0dbdb1691250b245be0b6fecb46f30399571fc519b5c3c
rule,314159,7,block_03,Gear,3,canonical,0,1,1,011,2000,2000,2000,1.0,1.0,09b08194395debb2e4c30ea7fd1d27c8baf67e8d568a6f6cb1a842e038f346ed
rule,314159,42,block_03,Gear,3,canonical,0,1,1,011,2000,2000,2000,1.0,1.0,8a523faeac10844b457627c241d4ee4729a6bb6dd41ff79aaa640064767a8f13
rule,314159,123,block_03,Gear,3,canonical,0,1,1,011,2000,2000,2000,1.0,1.0,c81ec1fe7d3cf906172f8c9b79e4facaf3a711fb5cf31bf0f93b7f148c8f20b9
rule,314159,2026,block_03,Gear,3,canonical,0,1,1,011,2000,2000,2000,1.0,1.0,9f89d0fcf4c911b042d944313e1c99ff10ee1f483396e2cfd5227b6e4c3f7c8b
rule,314159,3407,block_03,Gear,3,canonical,0,1,1,011,2000,2000,2000,1.0,1.0,6c11d84632896e7e21097c35bc8949be0d6c8d1c57e6210d58494766ce9bba46
rule,271828,7,block_03,Gear,3,canonical,0,1,1,011,2000,2000,2000,1.0,1.0,babbe5055150e5e5d800452dc61dda1b3d211a60de7c37eadae846378658c255
rule,271828,42,block_03,Gear,3,canonical,0,1,1,011,2000,2000,2000,1.0,1.0,db3eb42f52a20b23f546ee24e20a211e1f434b1febd2dcdc33dee23aa860a806
rule,271828,123,block_03,Gear,3,canonical,0,1,1,011,2000,2000,2000,1.0,1.0,d8719c636c13ee805e95c787d18cdc4272d1f8d4d168166eb66e348abc6f2da7
rule,271828,2026,block_03,Gear,3,canonical,0,1,1,011,2000,2000,2000,1.0,1.0,c0156f2bf2d889f6af59d8cefedeb3b720e095546e5192bcda73900bc0c70af1
rule,271828,3407,block_03,Gear,3,canonical,0,1,1,011,2000,2000,2000,1.0,1.0,708b454de01da83e20da3b831489c68fce15a87d99e76e19fe6e0d8613876ccc
rule,161803,7,block_03,Gear,3,canonical,0,1,1,011,2000,2000,2000,1.0,1.0,d42b29e2f7bc00439efcb3141f0db55adf84ece88d5264bc066b756ef5def2c0
rule,161803,42,block_03,Gear,3,canonical,0,1,1,011,2000,2000,2000,1.0,1.0,1c1df00db55b563140e164259b4d26675eba3ab5c882fbbeb25d3ad65cc3f3bb
rule,161803,123,block_03,Gear,3,canonical,0,1,1,011,2000,2000,2000,1.0,1.0,baa06c1f9260379da7ba42fbea560af4e56fd486be655e7c4343f76b73e493b7
rule,161803,2026,block_03,Gear,3,canonical,0,1,1,011,2000,2000,2000,1.0,1.0,fbfc69d3a02d3c2318b2a14c83e0d6ab28b501ba94eb34db863b413dfe293374
rule,161803,3407,block_03,Gear,3,canonical,0,1,1,011,2000,2000,2000,1.0,1.0,00bc893a694e7e7ef1e576d93fdc8abb70d52de882880b4da13b3d74ba3110a9
rule,141421,7,block_03,Gear,3,canonical,0,1,1,011,2000,2000,2000,1.0,1.0,d07e9b83ad4dbbac6168146603dd1b2cba2ff523be063b036039f297548d284e
rule,141421,42,block_03,Gear,3,canonical,0,1,1,011,2000,2000,2000,1.0,1.0,c61407a2bc04d2ec05d79f0f6158e73bd558efe30521f2c56a0c191fbde59ba3
rule,141421,123,block_03,Gear,3,canonical,0,1,1,011,2000,2000,2000,1.0,1.0,8469470dbe93b813a1ff9f5ea9db24110c92450abae5f47552d3b243a3379a7a
rule,141421,2026,block_03,Gear,3,canonical,0,1,1,011,2000,2000,2000,1.0,1.0,a6ed20ef78457734c1398d2ea29846326b93a039808fa3b1d49c1ca02bc74a5d
rule,141421,3407,block_03,Gear,3,canonical,0,1,1,011,2000,2000,2000,1.0,1.0,7ced397f47396bc0049c98565747ae379ebf87783c5a7fbf1bba17d95eae7f6b
rule,173205,7,block_03,Gear,3,canonical,0,1,1,011,2000,2000,2000,1.0,1.0,7371d09cdd8e7188b8a3d1a4384594d197918351fe6d53d2c196969a5b8f4e1c
rule,173205,42,block_03,Gear,3,canonical,0,1,1,011,2000,2000,2000,1.0,1.0,f3b1373856aee675d70315264ef33dcac87e8a02cba7af7f166b2af5b2d59ff6
rule,173205,123,block_03,Gear,3,canonical,0,1,1,011,2000,2000,2000,1.0,1.0,f6819e9926d7f856c70ebf326ee7f2d8c140ea9b5af570c56ac3fe496a20ac06
rule,173205,2026,block_03,Gear,3,canonical,0,1,1,011,2000,2000,2000,1.0,1.0,af58ef89f7876138cb4cf1a1e371c69bd550d7feb4225849cf1f5e3675e87c1a
rule,173205,3407,block_03,Gear,3,canonical,0,1,1,011,2000,2000,2000,1.0,1.0,4996c12b6209eb45ae0dbdb1691250b245be0b6fecb46f30399571fc519b5c3c
rule,314159,7,block_03,Gear,3,canonical,1,0,0,100,2000,77,1988,0.0385,0.994,09b08194395debb2e4c30ea7fd1d27c8baf67e8d568a6f6cb1a842e038f346ed
rule,314159,42,block_03,Gear,3,canonical,1,0,0,100,2000,0,1975,0.0,0.9875,8a523faeac10844b457627c241d4ee4729a6bb6dd41ff79aaa640064767a8f13
rule,314159,123,block_03,Gear,3,canonical,1,0,0,100,2000,39,2000,0.0195,1.0,c81ec1fe7d3cf906172f8c9b79e4facaf3a711fb5cf31bf0f93b7f148c8f20b9
rule,314159,2026,block_03,Gear,3,canonical,1,0,0,100,2000,41,2000,0.0205,1.0,9f89d0fcf4c911b042d944313e1c99ff10ee1f483396e2cfd5227b6e4c3f7c8b
rule,314159,3407,block_03,Gear,3,canonical,1,0,0,100,2000,715,2000,0.3575,1.0,6c11d84632896e7e21097c35bc8949be0d6c8d1c57e6210d58494766ce9bba46
rule,271828,7,block_03,Gear,3,canonical,1,0,0,100,2000,453,2000,0.2265,1.0,babbe5055150e5e5d800452dc61dda1b3d211a60de7c37eadae846378658c255
rule,271828,42,block_03,Gear,3,canonical,1,0,0,100,2000,122,1869,0.061,0.9345,db3eb42f52a20b23f546ee24e20a211e1f434b1febd2dcdc33dee23aa860a806
rule,271828,123,block_03,Gear,3,canonical,1,0,0,100,2000,151,2000,0.0755,1.0,d8719c636c13ee805e95c787d18cdc4272d1f8d4d168166eb66e348abc6f2da7
rule,271828,2026,block_03,Gear,3,canonical,1,0,0,100,2000,0,2000,0.0,1.0,c0156f2bf2d889f6af59d8cefedeb3b720e095546e5192bcda73900bc0c70af1
rule,271828,3407,block_03,Gear,3,canonical,1,0,0,100,2000,830,1977,0.415,0.9885,708b454de01da83e20da3b831489c68fce15a87d99e76e19fe6e0d8613876ccc
rule,161803,7,block_03,Gear,3,canonical,1,0,0,100,2000,77,1987,0.0385,0.9935,d42b29e2f7bc00439efcb3141f0db55adf84ece88d5264bc066b756ef5def2c0
rule,161803,42,block_03,Gear,3,canonical,1,0,0,100,2000,9,1990,0.0045,0.995,1c1df00db55b563140e164259b4d26675eba3ab5c882fbbeb25d3ad65cc3f3bb
rule,161803,123,block_03,Gear,3,canonical,1,0,0,100,2000,68,2000,0.034,1.0,baa06c1f9260379da7ba42fbea560af4e56fd486be655e7c4343f76b73e493b7
rule,161803,2026,block_03,Gear,3,canonical,1,0,0,100,2000,0,2000,0.0,1.0,fbfc69d3a02d3c2318b2a14c83e0d6ab28b501ba94eb34db863b413dfe293374
rule,161803,3407,block_03,Gear,3,canonical,1,0,0,100,2000,67,2000,0.0335,1.0,00bc893a694e7e7ef1e576d93fdc8abb70d52de882880b4da13b3d74ba3110a9
rule,141421,7,block_03,Gear,3,canonical,1,0,0,100,2000,47,1985,0.0235,0.9925,d07e9b83ad4dbbac6168146603dd1b2cba2ff523be063b036039f297548d284e
rule,141421,42,block_03,Gear,3,canonical,1,0,0,100,2000,9,1702,0.0045,0.851,c61407a2bc04d2ec05d79f0f6158e73bd558efe30521f2c56a0c191fbde59ba3
rule,141421,123,block_03,Gear,3,canonical,1,0,0,100,2000,56,2000,0.028,1.0,8469470dbe93b813a1ff9f5ea9db24110c92450abae5f47552d3b243a3379a7a
rule,141421,2026,block_03,Gear,3,canonical,1,0,0,100,2000,1,1993,0.0005,0.9965,a6ed20ef78457734c1398d2ea29846326b93a039808fa3b1d49c1ca02bc74a5d
rule,141421,3407,block_03,Gear,3,canonical,1,0,0,100,2000,102,2000,0.051,1.0,7ced397f47396bc0049c98565747ae379ebf87783c5a7fbf1bba17d95eae7f6b
rule,173205,7,block_03,Gear,3,canonical,1,0,0,100,2000,6,2000,0.003,1.0,7371d09cdd8e7188b8a3d1a4384594d197918351fe6d53d2c196969a5b8f4e1c
rule,173205,42,block_03,Gear,3,canonical,1,0,0,100,2000,8,1999,0.004,0.9995,f3b1373856aee675d70315264ef33dcac87e8a02cba7af7f166b2af5b2d59ff6
rule,173205,123,block_03,Gear,3,canonical,1,0,0,100,2000,125,2000,0.0625,1.0,f6819e9926d7f856c70ebf326ee7f2d8c140ea9b5af570c56ac3fe496a20ac06
rule,173205,2026,block_03,Gear,3,canonical,1,0,0,100,2000,7,2000,0.0035,1.0,af58ef89f7876138cb4cf1a1e371c69bd550d7feb4225849cf1f5e3675e87c1a
rule,173205,3407,block_03,Gear,3,canonical,1,0,0,100,2000,160,2000,0.08,1.0,4996c12b6209eb45ae0dbdb1691250b245be0b6fecb46f30399571fc519b5c3c
rule,314159,7,block_03,Gear,3,canonical,1,0,1,101,2000,12,1998,0.006,0.999,09b08194395debb2e4c30ea7fd1d27c8baf67e8d568a6f6cb1a842e038f346ed
rule,314159,42,block_03,Gear,3,canonical,1,0,1,101,2000,0,1995,0.0,0.9975,8a523faeac10844b457627c241d4ee4729a6bb6dd41ff79aaa640064767a8f13
rule,314159,123,block_03,Gear,3,canonical,1,0,1,101,2000,20,2000,0.01,1.0,c81ec1fe7d3cf906172f8c9b79e4facaf3a711fb5cf31bf0f93b7f148c8f20b9
rule,314159,2026,block_03,Gear,3,canonical,1,0,1,101,2000,0,2000,0.0,1.0,9f89d0fcf4c911b042d944313e1c99ff10ee1f483396e2cfd5227b6e4c3f7c8b
rule,314159,3407,block_03,Gear,3,canonical,1,0,1,101,2000,363,2000,0.1815,1.0,6c11d84632896e7e21097c35bc8949be0d6c8d1c57e6210d58494766ce9bba46
rule,271828,7,block_03,Gear,3,canonical,1,0,1,101,2000,169,2000,0.0845,1.0,babbe5055150e5e5d800452dc61dda1b3d211a60de7c37eadae846378658c255
rule,271828,42,block_03,Gear,3,canonical,1,0,1,101,2000,48,1886,0.024,0.943,db3eb42f52a20b23f546ee24e20a211e1f434b1febd2dcdc33dee23aa860a806
rule,271828,123,block_03,Gear,3,canonical,1,0,1,101,2000,34,2000,0.017,1.0,d8719c636c13ee805e95c787d18cdc4272d1f8d4d168166eb66e348abc6f2da7
rule,271828,2026,block_03,Gear,3,canonical,1,0,1,101,2000,0,2000,0.0,1.0,c0156f2bf2d889f6af59d8cefedeb3b720e095546e5192bcda73900bc0c70af1
rule,271828,3407,block_03,Gear,3,canonical,1,0,1,101,2000,335,1997,0.1675,0.9985,708b454de01da83e20da3b831489c68fce15a87d99e76e19fe6e0d8613876ccc
rule,161803,7,block_03,Gear,3,canonical,1,0,1,101,2000,12,1995,0.006,0.9975,d42b29e2f7bc00439efcb3141f0db55adf84ece88d5264bc066b756ef5def2c0
rule,161803,42,block_03,Gear,3,canonical,1,0,1,101,2000,0,1995,0.0,0.9975,1c1df00db55b563140e164259b4d26675eba3ab5c882fbbeb25d3ad65cc3f3bb
rule,161803,123,block_03,Gear,3,canonical,1,0,1,101,2000,26,2000,0.013,1.0,baa06c1f9260379da7ba42fbea560af4e56fd486be655e7c4343f76b73e493b7
rule,161803,2026,block_03,Gear,3,canonical,1,0,1,101,2000,0,2000,0.0,1.0,fbfc69d3a02d3c2318b2a14c83e0d6ab28b501ba94eb34db863b413dfe293374
rule,161803,3407,block_03,Gear,3,canonical,1,0,1,101,2000,17,2000,0.0085,1.0,00bc893a694e7e7ef1e576d93fdc8abb70d52de882880b4da13b3d74ba3110a9
rule,141421,7,block_03,Gear,3,canonical,1,0,1,101,2000,4,1996,0.002,0.998,d07e9b83ad4dbbac6168146603dd1b2cba2ff523be063b036039f297548d284e
rule,141421,42,block_03,Gear,3,canonical,1,0,1,101,2000,0,1869,0.0,0.9345,c61407a2bc04d2ec05d79f0f6158e73bd558efe30521f2c56a0c191fbde59ba3
rule,141421,123,block_03,Gear,3,canonical,1,0,1,101,2000,5,2000,0.0025,1.0,8469470dbe93b813a1ff9f5ea9db24110c92450abae5f47552d3b243a3379a7a
rule,141421,2026,block_03,Gear,3,canonical,1,0,1,101,2000,0,1999,0.0,0.9995,a6ed20ef78457734c1398d2ea29846326b93a039808fa3b1d49c1ca02bc74a5d
rule,141421,3407,block_03,Gear,3,canonical,1,0,1,101,2000,20,2000,0.01,1.0,7ced397f47396bc0049c98565747ae379ebf87783c5a7fbf1bba17d95eae7f6b
rule,173205,7,block_03,Gear,3,canonical,1,0,1,101,2000,1,2000,0.0005,1.0,7371d09cdd8e7188b8a3d1a4384594d197918351fe6d53d2c196969a5b8f4e1c
rule,173205,42,block_03,Gear,3,canonical,1,0,1,101,2000,1,2000,0.0005,1.0,f3b1373856aee675d70315264ef33dcac87e8a02cba7af7f166b2af5b2d59ff6
rule,173205,123,block_03,Gear,3,canonical,1,0,1,101,2000,25,2000,0.0125,1.0,f6819e9926d7f856c70ebf326ee7f2d8c140ea9b5af570c56ac3fe496a20ac06
rule,173205,2026,block_03,Gear,3,canonical,1,0,1,101,2000,0,2000,0.0,1.0,af58ef89f7876138cb4cf1a1e371c69bd550d7feb4225849cf1f5e3675e87c1a
rule,173205,3407,block_03,Gear,3,canonical,1,0,1,101,2000,30,2000,0.015,1.0,4996c12b6209eb45ae0dbdb1691250b245be0b6fecb46f30399571fc519b5c3c
rule,314159,7,block_03,Gear,3,canonical,1,1,0,110,2000,669,1989,0.3345,0.9945,09b08194395debb2e4c30ea7fd1d27c8baf67e8d568a6f6cb1a842e038f346ed
rule,314159,42,block_03,Gear,3,canonical,1,1,0,110,2000,4,1958,0.002,0.979,8a523faeac10844b457627c241d4ee4729a6bb6dd41ff79aaa640064767a8f13
rule,314159,123,block_03,Gear,3,canonical,1,1,0,110,2000,733,2000,0.3665,1.0,c81ec1fe7d3cf906172f8c9b79e4facaf3a711fb5cf31bf0f93b7f148c8f20b9
rule,314159,2026,block_03,Gear,3,canonical,1,1,0,110,2000,48,2000,0.024,1.0,9f89d0fcf4c911b042d944313e1c99ff10ee1f483396e2cfd5227b6e4c3f7c8b
rule,314159,3407,block_03,Gear,3,canonical,1,1,0,110,2000,1721,1998,0.8605,0.999,6c11d84632896e7e21097c35bc8949be0d6c8d1c57e6210d58494766ce9bba46
rule,271828,7,block_03,Gear,3,canonical,1,1,0,110,2000,1064,2000,0.532,1.0,babbe5055150e5e5d800452dc61dda1b3d211a60de7c37eadae846378658c255
rule,271828,42,block_03,Gear,3,canonical,1,1,0,110,2000,26,1979,0.013,0.9895,db3eb42f52a20b23f546ee24e20a211e1f434b1febd2dcdc33dee23aa860a806
rule,271828,123,block_03,Gear,3,canonical,1,1,0,110,2000,633,2000,0.3165,1.0,d8719c636c13ee805e95c787d18cdc4272d1f8d4d168166eb66e348abc6f2da7
rule,271828,2026,block_03,Gear,3,canonical,1,1,0,110,2000,183,2000,0.0915,1.0,c0156f2bf2d889f6af59d8cefedeb3b720e095546e5192bcda73900bc0c70af1
rule,271828,3407,block_03,Gear,3,canonical,1,1,0,110,2000,1891,1992,0.9455,0.996,708b454de01da83e20da3b831489c68fce15a87d99e76e19fe6e0d8613876ccc
rule,161803,7,block_03,Gear,3,canonical,1,1,0,110,2000,515,1996,0.2575,0.998,d42b29e2f7bc00439efcb3141f0db55adf84ece88d5264bc066b756ef5def2c0
rule,161803,42,block_03,Gear,3,canonical,1,1,0,110,2000,11,1995,0.0055,0.9975,1c1df00db55b563140e164259b4d26675eba3ab5c882fbbeb25d3ad65cc3f3bb
rule,161803,123,block_03,Gear,3,canonical,1,1,0,110,2000,553,2000,0.2765,1.0,baa06c1f9260379da7ba42fbea560af4e56fd486be655e7c4343f76b73e493b7
rule,161803,2026,block_03,Gear,3,canonical,1,1,0,110,2000,13,2000,0.0065,1.0,fbfc69d3a02d3c2318b2a14c83e0d6ab28b501ba94eb34db863b413dfe293374
rule,161803,3407,block_03,Gear,3,canonical,1,1,0,110,2000,1279,2000,0.6395,1.0,00bc893a694e7e7ef1e576d93fdc8abb70d52de882880b4da13b3d74ba3110a9
rule,141421,7,block_03,Gear,3,canonical,1,1,0,110,2000,796,1985,0.398,0.9925,d07e9b83ad4dbbac6168146603dd1b2cba2ff523be063b036039f297548d284e
rule,141421,42,block_03,Gear,3,canonical,1,1,0,110,2000,29,1937,0.0145,0.9685,c61407a2bc04d2ec05d79f0f6158e73bd558efe30521f2c56a0c191fbde59ba3
rule,141421,123,block_03,Gear,3,canonical,1,1,0,110,2000,228,1998,0.114,0.999,8469470dbe93b813a1ff9f5ea9db24110c92450abae5f47552d3b243a3379a7a
rule,141421,2026,block_03,Gear,3,canonical,1,1,0,110,2000,8,1984,0.004,0.992,a6ed20ef78457734c1398d2ea29846326b93a039808fa3b1d49c1ca02bc74a5d
rule,141421,3407,block_03,Gear,3,canonical,1,1,0,110,2000,1461,2000,0.7305,1.0,7ced397f47396bc0049c98565747ae379ebf87783c5a7fbf1bba17d95eae7f6b
rule,173205,7,block_03,Gear,3,canonical,1,1,0,110,2000,368,2000,0.184,1.0,7371d09cdd8e7188b8a3d1a4384594d197918351fe6d53d2c196969a5b8f4e1c
rule,173205,42,block_03,Gear,3,canonical,1,1,0,110,2000,41,1996,0.0205,0.998,f3b1373856aee675d70315264ef33dcac87e8a02cba7af7f166b2af5b2d59ff6
rule,173205,123,block_03,Gear,3,canonical,1,1,0,110,2000,1356,2000,0.678,1.0,f6819e9926d7f856c70ebf326ee7f2d8c140ea9b5af570c56ac3fe496a20ac06
rule,173205,2026,block_03,Gear,3,canonical,1,1,0,110,2000,54,1996,0.027,0.998,af58ef89f7876138cb4cf1a1e371c69bd550d7feb4225849cf1f5e3675e87c1a
rule,173205,3407,block_03,Gear,3,canonical,1,1,0,110,2000,1375,1999,0.6875,0.9995,4996c12b6209eb45ae0dbdb1691250b245be0b6fecb46f30399571fc519b5c3c
rule,314159,7,block_03,Gear,3,canonical,1,1,1,111,2000,454,1988,0.227,0.994,09b08194395debb2e4c30ea7fd1d27c8baf67e8d568a6f6cb1a842e038f346ed
rule,314159,42,block_03,Gear,3,canonical,1,1,1,111,2000,1,1986,0.0005,0.993,8a523faeac10844b457627c241d4ee4729a6bb6dd41ff79aaa640064767a8f13
rule,314159,123,block_03,Gear,3,canonical,1,1,1,111,2000,227,2000,0.1135,1.0,c81ec1fe7d3cf906172f8c9b79e4facaf3a711fb5cf31bf0f93b7f148c8f20b9
rule,314159,2026,block_03,Gear,3,canonical,1,1,1,111,2000,15,2000,0.0075,1.0,9f89d0fcf4c911b042d944313e1c99ff10ee1f483396e2cfd5227b6e4c3f7c8b
rule,314159,3407,block_03,Gear,3,canonical,1,1,1,111,2000,1384,2000,0.692,1.0,6c11d84632896e7e21097c35bc8949be0d6c8d1c57e6210d58494766ce9bba46
rule,271828,7,block_03,Gear,3,canonical,1,1,1,111,2000,894,2000,0.447,1.0,babbe5055150e5e5d800452dc61dda1b3d211a60de7c37eadae846378658c255
rule,271828,42,block_03,Gear,3,canonical,1,1,1,111,2000,12,1983,0.006,0.9915,db3eb42f52a20b23f546ee24e20a211e1f434b1febd2dcdc33dee23aa860a806
rule,271828,123,block_03,Gear,3,canonical,1,1,1,111,2000,124,2000,0.062,1.0,d8719c636c13ee805e95c787d18cdc4272d1f8d4d168166eb66e348abc6f2da7
rule,271828,2026,block_03,Gear,3,canonical,1,1,1,111,2000,86,2000,0.043,1.0,c0156f2bf2d889f6af59d8cefedeb3b720e095546e5192bcda73900bc0c70af1
rule,271828,3407,block_03,Gear,3,canonical,1,1,1,111,2000,1703,1991,0.8515,0.9955,708b454de01da83e20da3b831489c68fce15a87d99e76e19fe6e0d8613876ccc
rule,161803,7,block_03,Gear,3,canonical,1,1,1,111,2000,326,1996,0.163,0.998,d42b29e2f7bc00439efcb3141f0db55adf84ece88d5264bc066b756ef5def2c0
rule,161803,42,block_03,Gear,3,canonical,1,1,1,111,2000,1,1999,0.0005,0.9995,1c1df00db55b563140e164259b4d26675eba3ab5c882fbbeb25d3ad65cc3f3bb
rule,161803,123,block_03,Gear,3,canonical,1,1,1,111,2000,156,2000,0.078,1.0,baa06c1f9260379da7ba42fbea560af4e56fd486be655e7c4343f76b73e493b7
rule,161803,2026,block_03,Gear,3,canonical,1,1,1,111,2000,3,2000,0.0015,1.0,fbfc69d3a02d3c2318b2a14c83e0d6ab28b501ba94eb34db863b413dfe293374
rule,161803,3407,block_03,Gear,3,canonical,1,1,1,111,2000,765,2000,0.3825,1.0,00bc893a694e7e7ef1e576d93fdc8abb70d52de882880b4da13b3d74ba3110a9
rule,141421,7,block_03,Gear,3,canonical,1,1,1,111,2000,561,1983,0.2805,0.9915,d07e9b83ad4dbbac6168146603dd1b2cba2ff523be063b036039f297548d284e
rule,141421,42,block_03,Gear,3,canonical,1,1,1,111,2000,5,1966,0.0025,0.983,c61407a2bc04d2ec05d79f0f6158e73bd558efe30521f2c56a0c191fbde59ba3
rule,141421,123,block_03,Gear,3,canonical,1,1,1,111,2000,23,1999,0.0115,0.9995,8469470dbe93b813a1ff9f5ea9db24110c92450abae5f47552d3b243a3379a7a
rule,141421,2026,block_03,Gear,3,canonical,1,1,1,111,2000,4,1991,0.002,0.9955,a6ed20ef78457734c1398d2ea29846326b93a039808fa3b1d49c1ca02bc74a5d
rule,141421,3407,block_03,Gear,3,canonical,1,1,1,111,2000,1086,2000,0.543,1.0,7ced397f47396bc0049c98565747ae379ebf87783c5a7fbf1bba17d95eae7f6b
rule,173205,7,block_03,Gear,3,canonical,1,1,1,111,2000,265,2000,0.1325,1.0,7371d09cdd8e7188b8a3d1a4384594d197918351fe6d53d2c196969a5b8f4e1c
rule,173205,42,block_03,Gear,3,canonical,1,1,1,111,2000,15,1997,0.0075,0.9985,f3b1373856aee675d70315264ef33dcac87e8a02cba7af7f166b2af5b2d59ff6
rule,173205,123,block_03,Gear,3,canonical,1,1,1,111,2000,796,2000,0.398,1.0,f6819e9926d7f856c70ebf326ee7f2d8c140ea9b5af570c56ac3fe496a20ac06
rule,173205,2026,block_03,Gear,3,canonical,1,1,1,111,2000,9,1999,0.0045,0.9995,af58ef89f7876138cb4cf1a1e371c69bd550d7feb4225849cf1f5e3675e87c1a
rule,173205,3407,block_03,Gear,3,canonical,1,1,1,111,2000,859,2000,0.4295,1.0,4996c12b6209eb45ae0dbdb1691250b245be0b6fecb46f30399571fc519b5c3c
rule,314159,7,block_03,Gear,3,shifted,0,0,0,000,2000,2000,2000,1.0,1.0,09b08194395debb2e4c30ea7fd1d27c8baf67e8d568a6f6cb1a842e038f346ed
rule,314159,42,block_03,Gear,3,shifted,0,0,0,000,2000,2000,2000,1.0,1.0,8a523faeac10844b457627c241d4ee4729a6bb6dd41ff79aaa640064767a8f13
rule,314159,123,block_03,Gear,3,shifted,0,0,0,000,2000,2000,2000,1.0,1.0,c81ec1fe7d3cf906172f8c9b79e4facaf3a711fb5cf31bf0f93b7f148c8f20b9
rule,314159,2026,block_03,Gear,3,shifted,0,0,0,000,2000,2000,2000,1.0,1.0,9f89d0fcf4c911b042d944313e1c99ff10ee1f483396e2cfd5227b6e4c3f7c8b
rule,314159,3407,block_03,Gear,3,shifted,0,0,0,000,2000,2000,2000,1.0,1.0,6c11d84632896e7e21097c35bc8949be0d6c8d1c57e6210d58494766ce9bba46
rule,271828,7,block_03,Gear,3,shifted,0,0,0,000,2000,2000,2000,1.0,1.0,babbe5055150e5e5d800452dc61dda1b3d211a60de7c37eadae846378658c255
rule,271828,42,block_03,Gear,3,shifted,0,0,0,000,2000,2000,2000,1.0,1.0,db3eb42f52a20b23f546ee24e20a211e1f434b1febd2dcdc33dee23aa860a806
rule,271828,123,block_03,Gear,3,shifted,0,0,0,000,2000,2000,2000,1.0,1.0,d8719c636c13ee805e95c787d18cdc4272d1f8d4d168166eb66e348abc6f2da7
rule,271828,2026,block_03,Gear,3,shifted,0,0,0,000,2000,2000,2000,1.0,1.0,c0156f2bf2d889f6af59d8cefedeb3b720e095546e5192bcda73900bc0c70af1
rule,271828,3407,block_03,Gear,3,shifted,0,0,0,000,2000,2000,2000,1.0,1.0,708b454de01da83e20da3b831489c68fce15a87d99e76e19fe6e0d8613876ccc
rule,161803,7,block_03,Gear,3,shifted,0,0,0,000,2000,2000,2000,1.0,1.0,d42b29e2f7bc00439efcb3141f0db55adf84ece88d5264bc066b756ef5def2c0
rule,161803,42,block_03,Gear,3,shifted,0,0,0,000,2000,2000,2000,1.0,1.0,1c1df00db55b563140e164259b4d26675eba3ab5c882fbbeb25d3ad65cc3f3bb
rule,161803,123,block_03,Gear,3,shifted,0,0,0,000,2000,2000,2000,1.0,1.0,baa06c1f9260379da7ba42fbea560af4e56fd486be655e7c4343f76b73e493b7
rule,161803,2026,block_03,Gear,3,shifted,0,0,0,000,2000,2000,2000,1.0,1.0,fbfc69d3a02d3c2318b2a14c83e0d6ab28b501ba94eb34db863b413dfe293374
rule,161803,3407,block_03,Gear,3,shifted,0,0,0,000,2000,2000,2000,1.0,1.0,00bc893a694e7e7ef1e576d93fdc8abb70d52de882880b4da13b3d74ba3110a9
rule,141421,7,block_03,Gear,3,shifted,0,0,0,000,2000,2000,2000,1.0,1.0,d07e9b83ad4dbbac6168146603dd1b2cba2ff523be063b036039f297548d284e
rule,141421,42,block_03,Gear,3,shifted,0,0,0,000,2000,2000,2000,1.0,1.0,c61407a2bc04d2ec05d79f0f6158e73bd558efe30521f2c56a0c191fbde59ba3
rule,141421,123,block_03,Gear,3,shifted,0,0,0,000,2000,2000,2000,1.0,1.0,8469470dbe93b813a1ff9f5ea9db24110c92450abae5f47552d3b243a3379a7a
rule,141421,2026,block_03,Gear,3,shifted,0,0,0,000,2000,2000,2000,1.0,1.0,a6ed20ef78457734c1398d2ea29846326b93a039808fa3b1d49c1ca02bc74a5d
rule,141421,3407,block_03,Gear,3,shifted,0,0,0,000,2000,2000,2000,1.0,1.0,7ced397f47396bc0049c98565747ae379ebf87783c5a7fbf1bba17d95eae7f6b
rule,173205,7,block_03,Gear,3,shifted,0,0,0,000,2000,2000,2000,1.0,1.0,7371d09cdd8e7188b8a3d1a4384594d197918351fe6d53d2c196969a5b8f4e1c
rule,173205,42,block_03,Gear,3,shifted,0,0,0,000,2000,2000,2000,1.0,1.0,f3b1373856aee675d70315264ef33dcac87e8a02cba7af7f166b2af5b2d59ff6
rule,173205,123,block_03,Gear,3,shifted,0,0,0,000,2000,2000,2000,1.0,1.0,f6819e9926d7f856c70ebf326ee7f2d8c140ea9b5af570c56ac3fe496a20ac06
rule,173205,2026,block_03,Gear,3,shifted,0,0,0,000,2000,2000,2000,1.0,1.0,af58ef89f7876138cb4cf1a1e371c69bd550d7feb4225849cf1f5e3675e87c1a
rule,173205,3407,block_03,Gear,3,shifted,0,0,0,000,2000,2000,2000,1.0,1.0,4996c12b6209eb45ae0dbdb1691250b245be0b6fecb46f30399571fc519b5c3c
rule,314159,7,block_03,Gear,3,shifted,0,0,1,001,2000,2000,2000,1.0,1.0,09b08194395debb2e4c30ea7fd1d27c8baf67e8d568a6f6cb1a842e038f346ed
rule,314159,42,block_03,Gear,3,shifted,0,0,1,001,2000,2000,2000,1.0,1.0,8a523faeac10844b457627c241d4ee4729a6bb6dd41ff79aaa640064767a8f13
rule,314159,123,block_03,Gear,3,shifted,0,0,1,001,2000,2000,2000,1.0,1.0,c81ec1fe7d3cf906172f8c9b79e4facaf3a711fb5cf31bf0f93b7f148c8f20b9
rule,314159,2026,block_03,Gear,3,shifted,0,0,1,001,2000,2000,2000,1.0,1.0,9f89d0fcf4c911b042d944313e1c99ff10ee1f483396e2cfd5227b6e4c3f7c8b
rule,314159,3407,block_03,Gear,3,shifted,0,0,1,001,2000,2000,2000,1.0,1.0,6c11d84632896e7e21097c35bc8949be0d6c8d1c57e6210d58494766ce9bba46
rule,271828,7,block_03,Gear,3,shifted,0,0,1,001,2000,2000,2000,1.0,1.0,babbe5055150e5e5d800452dc61dda1b3d211a60de7c37eadae846378658c255
rule,271828,42,block_03,Gear,3,shifted,0,0,1,001,2000,2000,2000,1.0,1.0,db3eb42f52a20b23f546ee24e20a211e1f434b1febd2dcdc33dee23aa860a806
rule,271828,123,block_03,Gear,3,shifted,0,0,1,001,2000,2000,2000,1.0,1.0,d8719c636c13ee805e95c787d18cdc4272d1f8d4d168166eb66e348abc6f2da7
rule,271828,2026,block_03,Gear,3,shifted,0,0,1,001,2000,2000,2000,1.0,1.0,c0156f2bf2d889f6af59d8cefedeb3b720e095546e5192bcda73900bc0c70af1
rule,271828,3407,block_03,Gear,3,shifted,0,0,1,001,2000,2000,2000,1.0,1.0,708b454de01da83e20da3b831489c68fce15a87d99e76e19fe6e0d8613876ccc
rule,161803,7,block_03,Gear,3,shifted,0,0,1,001,2000,2000,2000,1.0,1.0,d42b29e2f7bc00439efcb3141f0db55adf84ece88d5264bc066b756ef5def2c0
rule,161803,42,block_03,Gear,3,shifted,0,0,1,001,2000,2000,2000,1.0,1.0,1c1df00db55b563140e164259b4d26675eba3ab5c882fbbeb25d3ad65cc3f3bb
rule,161803,123,block_03,Gear,3,shifted,0,0,1,001,2000,2000,2000,1.0,1.0,baa06c1f9260379da7ba42fbea560af4e56fd486be655e7c4343f76b73e493b7
rule,161803,2026,block_03,Gear,3,shifted,0,0,1,001,2000,2000,2000,1.0,1.0,fbfc69d3a02d3c2318b2a14c83e0d6ab28b501ba94eb34db863b413dfe293374
rule,161803,3407,block_03,Gear,3,shifted,0,0,1,001,2000,2000,2000,1.0,1.0,00bc893a694e7e7ef1e576d93fdc8abb70d52de882880b4da13b3d74ba3110a9
rule,141421,7,block_03,Gear,3,shifted,0,0,1,001,2000,2000,2000,1.0,1.0,d07e9b83ad4dbbac6168146603dd1b2cba2ff523be063b036039f297548d284e
rule,141421,42,block_03,Gear,3,shifted,0,0,1,001,2000,2000,2000,1.0,1.0,c61407a2bc04d2ec05d79f0f6158e73bd558efe30521f2c56a0c191fbde59ba3
rule,141421,123,block_03,Gear,3,shifted,0,0,1,001,2000,2000,2000,1.0,1.0,8469470dbe93b813a1ff9f5ea9db24110c92450abae5f47552d3b243a3379a7a
rule,141421,2026,block_03,Gear,3,shifted,0,0,1,001,2000,2000,2000,1.0,1.0,a6ed20ef78457734c1398d2ea29846326b93a039808fa3b1d49c1ca02bc74a5d
rule,141421,3407,block_03,Gear,3,shifted,0,0,1,001,2000,2000,2000,1.0,1.0,7ced397f47396bc0049c98565747ae379ebf87783c5a7fbf1bba17d95eae7f6b
rule,173205,7,block_03,Gear,3,shifted,0,0,1,001,2000,2000,2000,1.0,1.0,7371d09cdd8e7188b8a3d1a4384594d197918351fe6d53d2c196969a5b8f4e1c
rule,173205,42,block_03,Gear,3,shifted,0,0,1,001,2000,2000,2000,1.0,1.0,f3b1373856aee675d70315264ef33dcac87e8a02cba7af7f166b2af5b2d59ff6
rule,173205,123,block_03,Gear,3,shifted,0,0,1,001,2000,2000,2000,1.0,1.0,f6819e9926d7f856c70ebf326ee7f2d8c140ea9b5af570c56ac3fe496a20ac06
rule,173205,2026,block_03,Gear,3,shifted,0,0,1,001,2000,2000,2000,1.0,1.0,af58ef89f7876138cb4cf1a1e371c69bd550d7feb4225849cf1f5e3675e87c1a
rule,173205,3407,block_03,Gear,3,shifted,0,0,1,001,2000,2000,2000,1.0,1.0,4996c12b6209eb45ae0dbdb1691250b245be0b6fecb46f30399571fc519b5c3c
rule,314159,7,block_03,Gear,3,shifted,0,1,0,010,2000,2000,2000,1.0,1.0,09b08194395debb2e4c30ea7fd1d27c8baf67e8d568a6f6cb1a842e038f346ed
rule,314159,42,block_03,Gear,3,shifted,0,1,0,010,2000,2000,2000,1.0,1.0,8a523faeac10844b457627c241d4ee4729a6bb6dd41ff79aaa640064767a8f13
rule,314159,123,block_03,Gear,3,shifted,0,1,0,010,2000,2000,2000,1.0,1.0,c81ec1fe7d3cf906172f8c9b79e4facaf3a711fb5cf31bf0f93b7f148c8f20b9
rule,314159,2026,block_03,Gear,3,shifted,0,1,0,010,2000,2000,2000,1.0,1.0,9f89d0fcf4c911b042d944313e1c99ff10ee1f483396e2cfd5227b6e4c3f7c8b
rule,314159,3407,block_03,Gear,3,shifted,0,1,0,010,2000,2000,2000,1.0,1.0,6c11d84632896e7e21097c35bc8949be0d6c8d1c57e6210d58494766ce9bba46
rule,271828,7,block_03,Gear,3,shifted,0,1,0,010,2000,2000,2000,1.0,1.0,babbe5055150e5e5d800452dc61dda1b3d211a60de7c37eadae846378658c255
rule,271828,42,block_03,Gear,3,shifted,0,1,0,010,2000,2000,2000,1.0,1.0,db3eb42f52a20b23f546ee24e20a211e1f434b1febd2dcdc33dee23aa860a806
rule,271828,123,block_03,Gear,3,shifted,0,1,0,010,2000,2000,2000,1.0,1.0,d8719c636c13ee805e95c787d18cdc4272d1f8d4d168166eb66e348abc6f2da7
rule,271828,2026,block_03,Gear,3,shifted,0,1,0,010,2000,2000,2000,1.0,1.0,c0156f2bf2d889f6af59d8cefedeb3b720e095546e5192bcda73900bc0c70af1
rule,271828,3407,block_03,Gear,3,shifted,0,1,0,010,2000,2000,2000,1.0,1.0,708b454de01da83e20da3b831489c68fce15a87d99e76e19fe6e0d8613876ccc
rule,161803,7,block_03,Gear,3,shifted,0,1,0,010,2000,2000,2000,1.0,1.0,d42b29e2f7bc00439efcb3141f0db55adf84ece88d5264bc066b756ef5def2c0
rule,161803,42,block_03,Gear,3,shifted,0,1,0,010,2000,2000,2000,1.0,1.0,1c1df00db55b563140e164259b4d26675eba3ab5c882fbbeb25d3ad65cc3f3bb
rule,161803,123,block_03,Gear,3,shifted,0,1,0,010,2000,2000,2000,1.0,1.0,baa06c1f9260379da7ba42fbea560af4e56fd486be655e7c4343f76b73e493b7
rule,161803,2026,block_03,Gear,3,shifted,0,1,0,010,2000,2000,2000,1.0,1.0,fbfc69d3a02d3c2318b2a14c83e0d6ab28b501ba94eb34db863b413dfe293374
rule,161803,3407,block_03,Gear,3,shifted,0,1,0,010,2000,2000,2000,1.0,1.0,00bc893a694e7e7ef1e576d93fdc8abb70d52de882880b4da13b3d74ba3110a9
rule,141421,7,block_03,Gear,3,shifted,0,1,0,010,2000,2000,2000,1.0,1.0,d07e9b83ad4dbbac6168146603dd1b2cba2ff523be063b036039f297548d284e
rule,141421,42,block_03,Gear,3,shifted,0,1,0,010,2000,2000,2000,1.0,1.0,c61407a2bc04d2ec05d79f0f6158e73bd558efe30521f2c56a0c191fbde59ba3
rule,141421,123,block_03,Gear,3,shifted,0,1,0,010,2000,2000,2000,1.0,1.0,8469470dbe93b813a1ff9f5ea9db24110c92450abae5f47552d3b243a3379a7a
rule,141421,2026,block_03,Gear,3,shifted,0,1,0,010,2000,2000,2000,1.0,1.0,a6ed20ef78457734c1398d2ea29846326b93a039808fa3b1d49c1ca02bc74a5d
rule,141421,3407,block_03,Gear,3,shifted,0,1,0,010,2000,2000,2000,1.0,1.0,7ced397f47396bc0049c98565747ae379ebf87783c5a7fbf1bba17d95eae7f6b
rule,173205,7,block_03,Gear,3,shifted,0,1,0,010,2000,2000,2000,1.0,1.0,7371d09cdd8e7188b8a3d1a4384594d197918351fe6d53d2c196969a5b8f4e1c
rule,173205,42,block_03,Gear,3,shifted,0,1,0,010,2000,2000,2000,1.0,1.0,f3b1373856aee675d70315264ef33dcac87e8a02cba7af7f166b2af5b2d59ff6
rule,173205,123,block_03,Gear,3,shifted,0,1,0,010,2000,2000,2000,1.0,1.0,f6819e9926d7f856c70ebf326ee7f2d8c140ea9b5af570c56ac3fe496a20ac06
rule,173205,2026,block_03,Gear,3,shifted,0,1,0,010,2000,2000,2000,1.0,1.0,af58ef89f7876138cb4cf1a1e371c69bd550d7feb4225849cf1f5e3675e87c1a
rule,173205,3407,block_03,Gear,3,shifted,0,1,0,010,2000,2000,2000,1.0,1.0,4996c12b6209eb45ae0dbdb1691250b245be0b6fecb46f30399571fc519b5c3c
rule,314159,7,block_03,Gear,3,shifted,0,1,1,011,2000,2000,2000,1.0,1.0,09b08194395debb2e4c30ea7fd1d27c8baf67e8d568a6f6cb1a842e038f346ed
rule,314159,42,block_03,Gear,3,shifted,0,1,1,011,2000,2000,2000,1.0,1.0,8a523faeac10844b457627c241d4ee4729a6bb6dd41ff79aaa640064767a8f13
rule,314159,123,block_03,Gear,3,shifted,0,1,1,011,2000,2000,2000,1.0,1.0,c81ec1fe7d3cf906172f8c9b79e4facaf3a711fb5cf31bf0f93b7f148c8f20b9
rule,314159,2026,block_03,Gear,3,shifted,0,1,1,011,2000,2000,2000,1.0,1.0,9f89d0fcf4c911b042d944313e1c99ff10ee1f483396e2cfd5227b6e4c3f7c8b
rule,314159,3407,block_03,Gear,3,shifted,0,1,1,011,2000,2000,2000,1.0,1.0,6c11d84632896e7e21097c35bc8949be0d6c8d1c57e6210d58494766ce9bba46
rule,271828,7,block_03,Gear,3,shifted,0,1,1,011,2000,2000,2000,1.0,1.0,babbe5055150e5e5d800452dc61dda1b3d211a60de7c37eadae846378658c255
rule,271828,42,block_03,Gear,3,shifted,0,1,1,011,2000,2000,2000,1.0,1.0,db3eb42f52a20b23f546ee24e20a211e1f434b1febd2dcdc33dee23aa860a806
rule,271828,123,block_03,Gear,3,shifted,0,1,1,011,2000,2000,2000,1.0,1.0,d8719c636c13ee805e95c787d18cdc4272d1f8d4d168166eb66e348abc6f2da7
rule,271828,2026,block_03,Gear,3,shifted,0,1,1,011,2000,2000,2000,1.0,1.0,c0156f2bf2d889f6af59d8cefedeb3b720e095546e5192bcda73900bc0c70af1
rule,271828,3407,block_03,Gear,3,shifted,0,1,1,011,2000,2000,2000,1.0,1.0,708b454de01da83e20da3b831489c68fce15a87d99e76e19fe6e0d8613876ccc
rule,161803,7,block_03,Gear,3,shifted,0,1,1,011,2000,2000,2000,1.0,1.0,d42b29e2f7bc00439efcb3141f0db55adf84ece88d5264bc066b756ef5def2c0
rule,161803,42,block_03,Gear,3,shifted,0,1,1,011,2000,2000,2000,1.0,1.0,1c1df00db55b563140e164259b4d26675eba3ab5c882fbbeb25d3ad65cc3f3bb
rule,161803,123,block_03,Gear,3,shifted,0,1,1,011,2000,2000,2000,1.0,1.0,baa06c1f9260379da7ba42fbea560af4e56fd486be655e7c4343f76b73e493b7
rule,161803,2026,block_03,Gear,3,shifted,0,1,1,011,2000,2000,2000,1.0,1.0,fbfc69d3a02d3c2318b2a14c83e0d6ab28b501ba94eb34db863b413dfe293374
rule,161803,3407,block_03,Gear,3,shifted,0,1,1,011,2000,2000,2000,1.0,1.0,00bc893a694e7e7ef1e576d93fdc8abb70d52de882880b4da13b3d74ba3110a9
rule,141421,7,block_03,Gear,3,shifted,0,1,1,011,2000,2000,2000,1.0,1.0,d07e9b83ad4dbbac6168146603dd1b2cba2ff523be063b036039f297548d284e
rule,141421,42,block_03,Gear,3,shifted,0,1,1,011,2000,2000,2000,1.0,1.0,c61407a2bc04d2ec05d79f0f6158e73bd558efe30521f2c56a0c191fbde59ba3
rule,141421,123,block_03,Gear,3,shifted,0,1,1,011,2000,2000,2000,1.0,1.0,8469470dbe93b813a1ff9f5ea9db24110c92450abae5f47552d3b243a3379a7a
rule,141421,2026,block_03,Gear,3,shifted,0,1,1,011,2000,2000,2000,1.0,1.0,a6ed20ef78457734c1398d2ea29846326b93a039808fa3b1d49c1ca02bc74a5d
rule,141421,3407,block_03,Gear,3,shifted,0,1,1,011,2000,2000,2000,1.0,1.0,7ced397f47396bc0049c98565747ae379ebf87783c5a7fbf1bba17d95eae7f6b
rule,173205,7,block_03,Gear,3,shifted,0,1,1,011,2000,2000,2000,1.0,1.0,7371d09cdd8e7188b8a3d1a4384594d197918351fe6d53d2c196969a5b8f4e1c
rule,173205,42,block_03,Gear,3,shifted,0,1,1,011,2000,2000,2000,1.0,1.0,f3b1373856aee675d70315264ef33dcac87e8a02cba7af7f166b2af5b2d59ff6
rule,173205,123,block_03,Gear,3,shifted,0,1,1,011,2000,2000,2000,1.0,1.0,f6819e9926d7f856c70ebf326ee7f2d8c140ea9b5af570c56ac3fe496a20ac06
rule,173205,2026,block_03,Gear,3,shifted,0,1,1,011,2000,2000,2000,1.0,1.0,af58ef89f7876138cb4cf1a1e371c69bd550d7feb4225849cf1f5e3675e87c1a
rule,173205,3407,block_03,Gear,3,shifted,0,1,1,011,2000,2000,2000,1.0,1.0,4996c12b6209eb45ae0dbdb1691250b245be0b6fecb46f30399571fc519b5c3c
rule,314159,7,block_03,Gear,3,shifted,1,0,0,100,2000,78,1988,0.039,0.994,09b08194395debb2e4c30ea7fd1d27c8baf67e8d568a6f6cb1a842e038f346ed
rule,314159,42,block_03,Gear,3,shifted,1,0,0,100,2000,0,1975,0.0,0.9875,8a523faeac10844b457627c241d4ee4729a6bb6dd41ff79aaa640064767a8f13
rule,314159,123,block_03,Gear,3,shifted,1,0,0,100,2000,41,2000,0.0205,1.0,c81ec1fe7d3cf906172f8c9b79e4facaf3a711fb5cf31bf0f93b7f148c8f20b9
rule,314159,2026,block_03,Gear,3,shifted,1,0,0,100,2000,41,2000,0.0205,1.0,9f89d0fcf4c911b042d944313e1c99ff10ee1f483396e2cfd5227b6e4c3f7c8b
rule,314159,3407,block_03,Gear,3,shifted,1,0,0,100,2000,718,2000,0.359,1.0,6c11d84632896e7e21097c35bc8949be0d6c8d1c57e6210d58494766ce9bba46
rule,271828,7,block_03,Gear,3,shifted,1,0,0,100,2000,458,2000,0.229,1.0,babbe5055150e5e5d800452dc61dda1b3d211a60de7c37eadae846378658c255
rule,271828,42,block_03,Gear,3,shifted,1,0,0,100,2000,126,1870,0.063,0.935,db3eb42f52a20b23f546ee24e20a211e1f434b1febd2dcdc33dee23aa860a806
rule,271828,123,block_03,Gear,3,shifted,1,0,0,100,2000,153,2000,0.0765,1.0,d8719c636c13ee805e95c787d18cdc4272d1f8d4d168166eb66e348abc6f2da7
rule,271828,2026,block_03,Gear,3,shifted,1,0,0,100,2000,0,2000,0.0,1.0,c0156f2bf2d889f6af59d8cefedeb3b720e095546e5192bcda73900bc0c70af1
rule,271828,3407,block_03,Gear,3,shifted,1,0,0,100,2000,838,1977,0.419,0.9885,708b454de01da83e20da3b831489c68fce15a87d99e76e19fe6e0d8613876ccc
rule,161803,7,block_03,Gear,3,shifted,1,0,0,100,2000,79,1988,0.0395,0.994,d42b29e2f7bc00439efcb3141f0db55adf84ece88d5264bc066b756ef5def2c0
rule,161803,42,block_03,Gear,3,shifted,1,0,0,100,2000,9,1990,0.0045,0.995,1c1df00db55b563140e164259b4d26675eba3ab5c882fbbeb25d3ad65cc3f3bb
rule,161803,123,block_03,Gear,3,shifted,1,0,0,100,2000,69,2000,0.0345,1.0,baa06c1f9260379da7ba42fbea560af4e56fd486be655e7c4343f76b73e493b7
rule,161803,2026,block_03,Gear,3,shifted,1,0,0,100,2000,0,2000,0.0,1.0,fbfc69d3a02d3c2318b2a14c83e0d6ab28b501ba94eb34db863b413dfe293374
rule,161803,3407,block_03,Gear,3,shifted,1,0,0,100,2000,68,2000,0.034,1.0,00bc893a694e7e7ef1e576d93fdc8abb70d52de882880b4da13b3d74ba3110a9
rule,141421,7,block_03,Gear,3,shifted,1,0,0,100,2000,48,1985,0.024,0.9925,d07e9b83ad4dbbac6168146603dd1b2cba2ff523be063b036039f297548d284e
rule,141421,42,block_03,Gear,3,shifted,1,0,0,100,2000,9,1702,0.0045,0.851,c61407a2bc04d2ec05d79f0f6158e73bd558efe30521f2c56a0c191fbde59ba3
rule,141421,123,block_03,Gear,3,shifted,1,0,0,100,2000,57,2000,0.0285,1.0,8469470dbe93b813a1ff9f5ea9db24110c92450abae5f47552d3b243a3379a7a
rule,141421,2026,block_03,Gear,3,shifted,1,0,0,100,2000,1,1993,0.0005,0.9965,a6ed20ef78457734c1398d2ea29846326b93a039808fa3b1d49c1ca02bc74a5d
rule,141421,3407,block_03,Gear,3,shifted,1,0,0,100,2000,104,2000,0.052,1.0,7ced397f47396bc0049c98565747ae379ebf87783c5a7fbf1bba17d95eae7f6b
rule,173205,7,block_03,Gear,3,shifted,1,0,0,100,2000,6,2000,0.003,1.0,7371d09cdd8e7188b8a3d1a4384594d197918351fe6d53d2c196969a5b8f4e1c
rule,173205,42,block_03,Gear,3,shifted,1,0,0,100,2000,8,1999,0.004,0.9995,f3b1373856aee675d70315264ef33dcac87e8a02cba7af7f166b2af5b2d59ff6
rule,173205,123,block_03,Gear,3,shifted,1,0,0,100,2000,129,2000,0.0645,1.0,f6819e9926d7f856c70ebf326ee7f2d8c140ea9b5af570c56ac3fe496a20ac06
rule,173205,2026,block_03,Gear,3,shifted,1,0,0,100,2000,7,2000,0.0035,1.0,af58ef89f7876138cb4cf1a1e371c69bd550d7feb4225849cf1f5e3675e87c1a
rule,173205,3407,block_03,Gear,3,shifted,1,0,0,100,2000,165,2000,0.0825,1.0,4996c12b6209eb45ae0dbdb1691250b245be0b6fecb46f30399571fc519b5c3c
rule,314159,7,block_03,Gear,3,shifted,1,0,1,101,2000,12,1998,0.006,0.999,09b08194395debb2e4c30ea7fd1d27c8baf67e8d568a6f6cb1a842e038f346ed
rule,314159,42,block_03,Gear,3,shifted,1,0,1,101,2000,0,1995,0.0,0.9975,8a523faeac10844b457627c241d4ee4729a6bb6dd41ff79aaa640064767a8f13
rule,314159,123,block_03,Gear,3,shifted,1,0,1,101,2000,20,2000,0.01,1.0,c81ec1fe7d3cf906172f8c9b79e4facaf3a711fb5cf31bf0f93b7f148c8f20b9
rule,314159,2026,block_03,Gear,3,shifted,1,0,1,101,2000,1,2000,0.0005,1.0,9f89d0fcf4c911b042d944313e1c99ff10ee1f483396e2cfd5227b6e4c3f7c8b
rule,314159,3407,block_03,Gear,3,shifted,1,0,1,101,2000,367,2000,0.1835,1.0,6c11d84632896e7e21097c35bc8949be0d6c8d1c57e6210d58494766ce9bba46
rule,271828,7,block_03,Gear,3,shifted,1,0,1,101,2000,171,2000,0.0855,1.0,babbe5055150e5e5d800452dc61dda1b3d211a60de7c37eadae846378658c255
rule,271828,42,block_03,Gear,3,shifted,1,0,1,101,2000,49,1887,0.0245,0.9435,db3eb42f52a20b23f546ee24e20a211e1f434b1febd2dcdc33dee23aa860a806
rule,271828,123,block_03,Gear,3,shifted,1,0,1,101,2000,36,2000,0.018,1.0,d8719c636c13ee805e95c787d18cdc4272d1f8d4d168166eb66e348abc6f2da7
rule,271828,2026,block_03,Gear,3,shifted,1,0,1,101,2000,0,2000,0.0,1.0,c0156f2bf2d889f6af59d8cefedeb3b720e095546e5192bcda73900bc0c70af1
rule,271828,3407,block_03,Gear,3,shifted,1,0,1,101,2000,340,1997,0.17,0.9985,708b454de01da83e20da3b831489c68fce15a87d99e76e19fe6e0d8613876ccc
rule,161803,7,block_03,Gear,3,shifted,1,0,1,101,2000,12,1995,0.006,0.9975,d42b29e2f7bc00439efcb3141f0db55adf84ece88d5264bc066b756ef5def2c0
rule,161803,42,block_03,Gear,3,shifted,1,0,1,101,2000,0,1996,0.0,0.998,1c1df00db55b563140e164259b4d26675eba3ab5c882fbbeb25d3ad65cc3f3bb
rule,161803,123,block_03,Gear,3,shifted,1,0,1,101,2000,27,2000,0.0135,1.0,baa06c1f9260379da7ba42fbea560af4e56fd486be655e7c4343f76b73e493b7
rule,161803,2026,block_03,Gear,3,shifted,1,0,1,101,2000,0,2000,0.0,1.0,fbfc69d3a02d3c2318b2a14c83e0d6ab28b501ba94eb34db863b413dfe293374
rule,161803,3407,block_03,Gear,3,shifted,1,0,1,101,2000,17,2000,0.0085,1.0,00bc893a694e7e7ef1e576d93fdc8abb70d52de882880b4da13b3d74ba3110a9
rule,141421,7,block_03,Gear,3,shifted,1,0,1,101,2000,4,1996,0.002,0.998,d07e9b83ad4dbbac6168146603dd1b2cba2ff523be063b036039f297548d284e
rule,141421,42,block_03,Gear,3,shifted,1,0,1,101,2000,0,1869,0.0,0.9345,c61407a2bc04d2ec05d79f0f6158e73bd558efe30521f2c56a0c191fbde59ba3
rule,141421,123,block_03,Gear,3,shifted,1,0,1,101,2000,5,2000,0.0025,1.0,8469470dbe93b813a1ff9f5ea9db24110c92450abae5f47552d3b243a3379a7a
rule,141421,2026,block_03,Gear,3,shifted,1,0,1,101,2000,0,1999,0.0,0.9995,a6ed20ef78457734c1398d2ea29846326b93a039808fa3b1d49c1ca02bc74a5d
rule,141421,3407,block_03,Gear,3,shifted,1,0,1,101,2000,22,2000,0.011,1.0,7ced397f47396bc0049c98565747ae379ebf87783c5a7fbf1bba17d95eae7f6b
rule,173205,7,block_03,Gear,3,shifted,1,0,1,101,2000,1,2000,0.0005,1.0,7371d09cdd8e7188b8a3d1a4384594d197918351fe6d53d2c196969a5b8f4e1c
rule,173205,42,block_03,Gear,3,shifted,1,0,1,101,2000,1,2000,0.0005,1.0,f3b1373856aee675d70315264ef33dcac87e8a02cba7af7f166b2af5b2d59ff6
rule,173205,123,block_03,Gear,3,shifted,1,0,1,101,2000,26,2000,0.013,1.0,f6819e9926d7f856c70ebf326ee7f2d8c140ea9b5af570c56ac3fe496a20ac06
rule,173205,2026,block_03,Gear,3,shifted,1,0,1,101,2000,0,2000,0.0,1.0,af58ef89f7876138cb4cf1a1e371c69bd550d7feb4225849cf1f5e3675e87c1a
rule,173205,3407,block_03,Gear,3,shifted,1,0,1,101,2000,31,2000,0.0155,1.0,4996c12b6209eb45ae0dbdb1691250b245be0b6fecb46f30399571fc519b5c3c
rule,314159,7,block_03,Gear,3,shifted,1,1,0,110,2000,687,1989,0.3435,0.9945,09b08194395debb2e4c30ea7fd1d27c8baf67e8d568a6f6cb1a842e038f346ed
rule,314159,42,block_03,Gear,3,shifted,1,1,0,110,2000,5,1958,0.0025,0.979,8a523faeac10844b457627c241d4ee4729a6bb6dd41ff79aaa640064767a8f13
rule,314159,123,block_03,Gear,3,shifted,1,1,0,110,2000,747,2000,0.3735,1.0,c81ec1fe7d3cf906172f8c9b79e4facaf3a711fb5cf31bf0f93b7f148c8f20b9
rule,314159,2026,block_03,Gear,3,shifted,1,1,0,110,2000,50,2000,0.025,1.0,9f89d0fcf4c911b042d944313e1c99ff10ee1f483396e2cfd5227b6e4c3f7c8b
rule,314159,3407,block_03,Gear,3,shifted,1,1,0,110,2000,1729,1998,0.8645,0.999,6c11d84632896e7e21097c35bc8949be0d6c8d1c57e6210d58494766ce9bba46
rule,271828,7,block_03,Gear,3,shifted,1,1,0,110,2000,1078,2000,0.539,1.0,babbe5055150e5e5d800452dc61dda1b3d211a60de7c37eadae846378658c255
rule,271828,42,block_03,Gear,3,shifted,1,1,0,110,2000,26,1979,0.013,0.9895,db3eb42f52a20b23f546ee24e20a211e1f434b1febd2dcdc33dee23aa860a806
rule,271828,123,block_03,Gear,3,shifted,1,1,0,110,2000,649,2000,0.3245,1.0,d8719c636c13ee805e95c787d18cdc4272d1f8d4d168166eb66e348abc6f2da7
rule,271828,2026,block_03,Gear,3,shifted,1,1,0,110,2000,187,2000,0.0935,1.0,c0156f2bf2d889f6af59d8cefedeb3b720e095546e5192bcda73900bc0c70af1
rule,271828,3407,block_03,Gear,3,shifted,1,1,0,110,2000,1894,1992,0.947,0.996,708b454de01da83e20da3b831489c68fce15a87d99e76e19fe6e0d8613876ccc
rule,161803,7,block_03,Gear,3,shifted,1,1,0,110,2000,525,1996,0.2625,0.998,d42b29e2f7bc00439efcb3141f0db55adf84ece88d5264bc066b756ef5def2c0
rule,161803,42,block_03,Gear,3,shifted,1,1,0,110,2000,12,1995,0.006,0.9975,1c1df00db55b563140e164259b4d26675eba3ab5c882fbbeb25d3ad65cc3f3bb
rule,161803,123,block_03,Gear,3,shifted,1,1,0,110,2000,567,2000,0.2835,1.0,baa06c1f9260379da7ba42fbea560af4e56fd486be655e7c4343f76b73e493b7
rule,161803,2026,block_03,Gear,3,shifted,1,1,0,110,2000,13,2000,0.0065,1.0,fbfc69d3a02d3c2318b2a14c83e0d6ab28b501ba94eb34db863b413dfe293374
rule,161803,3407,block_03,Gear,3,shifted,1,1,0,110,2000,1289,2000,0.6445,1.0,00bc893a694e7e7ef1e576d93fdc8abb70d52de882880b4da13b3d74ba3110a9
rule,141421,7,block_03,Gear,3,shifted,1,1,0,110,2000,809,1986,0.4045,0.993,d07e9b83ad4dbbac6168146603dd1b2cba2ff523be063b036039f297548d284e
rule,141421,42,block_03,Gear,3,shifted,1,1,0,110,2000,30,1937,0.015,0.9685,c61407a2bc04d2ec05d79f0f6158e73bd558efe30521f2c56a0c191fbde59ba3
rule,141421,123,block_03,Gear,3,shifted,1,1,0,110,2000,229,1998,0.1145,0.999,8469470dbe93b813a1ff9f5ea9db24110c92450abae5f47552d3b243a3379a7a
rule,141421,2026,block_03,Gear,3,shifted,1,1,0,110,2000,8,1985,0.004,0.9925,a6ed20ef78457734c1398d2ea29846326b93a039808fa3b1d49c1ca02bc74a5d
rule,141421,3407,block_03,Gear,3,shifted,1,1,0,110,2000,1477,2000,0.7385,1.0,7ced397f47396bc0049c98565747ae379ebf87783c5a7fbf1bba17d95eae7f6b
rule,173205,7,block_03,Gear,3,shifted,1,1,0,110,2000,378,2000,0.189,1.0,7371d09cdd8e7188b8a3d1a4384594d197918351fe6d53d2c196969a5b8f4e1c
rule,173205,42,block_03,Gear,3,shifted,1,1,0,110,2000,42,1996,0.021,0.998,f3b1373856aee675d70315264ef33dcac87e8a02cba7af7f166b2af5b2d59ff6
rule,173205,123,block_03,Gear,3,shifted,1,1,0,110,2000,1365,2000,0.6825,1.0,f6819e9926d7f856c70ebf326ee7f2d8c140ea9b5af570c56ac3fe496a20ac06
rule,173205,2026,block_03,Gear,3,shifted,1,1,0,110,2000,56,1996,0.028,0.998,af58ef89f7876138cb4cf1a1e371c69bd550d7feb4225849cf1f5e3675e87c1a
rule,173205,3407,block_03,Gear,3,shifted,1,1,0,110,2000,1387,1999,0.6935,0.9995,4996c12b6209eb45ae0dbdb1691250b245be0b6fecb46f30399571fc519b5c3c
rule,314159,7,block_03,Gear,3,shifted,1,1,1,111,2000,461,1987,0.2305,0.9935,09b08194395debb2e4c30ea7fd1d27c8baf67e8d568a6f6cb1a842e038f346ed
rule,314159,42,block_03,Gear,3,shifted,1,1,1,111,2000,1,1986,0.0005,0.993,8a523faeac10844b457627c241d4ee4729a6bb6dd41ff79aaa640064767a8f13
rule,314159,123,block_03,Gear,3,shifted,1,1,1,111,2000,238,2000,0.119,1.0,c81ec1fe7d3cf906172f8c9b79e4facaf3a711fb5cf31bf0f93b7f148c8f20b9
rule,314159,2026,block_03,Gear,3,shifted,1,1,1,111,2000,15,2000,0.0075,1.0,9f89d0fcf4c911b042d944313e1c99ff10ee1f483396e2cfd5227b6e4c3f7c8b
rule,314159,3407,block_03,Gear,3,shifted,1,1,1,111,2000,1393,2000,0.6965,1.0,6c11d84632896e7e21097c35bc8949be0d6c8d1c57e6210d58494766ce9bba46
rule,271828,7,block_03,Gear,3,shifted,1,1,1,111,2000,902,2000,0.451,1.0,babbe5055150e5e5d800452dc61dda1b3d211a60de7c37eadae846378658c255
rule,271828,42,block_03,Gear,3,shifted,1,1,1,111,2000,12,1984,0.006,0.992,db3eb42f52a20b23f546ee24e20a211e1f434b1febd2dcdc33dee23aa860a806
rule,271828,123,block_03,Gear,3,shifted,1,1,1,111,2000,126,2000,0.063,1.0,d8719c636c13ee805e95c787d18cdc4272d1f8d4d168166eb66e348abc6f2da7
rule,271828,2026,block_03,Gear,3,shifted,1,1,1,111,2000,88,2000,0.044,1.0,c0156f2bf2d889f6af59d8cefedeb3b720e095546e5192bcda73900bc0c70af1
rule,271828,3407,block_03,Gear,3,shifted,1,1,1,111,2000,1719,1991,0.8595,0.9955,708b454de01da83e20da3b831489c68fce15a87d99e76e19fe6e0d8613876ccc
rule,161803,7,block_03,Gear,3,shifted,1,1,1,111,2000,333,1996,0.1665,0.998,d42b29e2f7bc00439efcb3141f0db55adf84ece88d5264bc066b756ef5def2c0
rule,161803,42,block_03,Gear,3,shifted,1,1,1,111,2000,1,1999,0.0005,0.9995,1c1df00db55b563140e164259b4d26675eba3ab5c882fbbeb25d3ad65cc3f3bb
rule,161803,123,block_03,Gear,3,shifted,1,1,1,111,2000,157,2000,0.0785,1.0,baa06c1f9260379da7ba42fbea560af4e56fd486be655e7c4343f76b73e493b7
rule,161803,2026,block_03,Gear,3,shifted,1,1,1,111,2000,3,2000,0.0015,1.0,fbfc69d3a02d3c2318b2a14c83e0d6ab28b501ba94eb34db863b413dfe293374
rule,161803,3407,block_03,Gear,3,shifted,1,1,1,111,2000,771,2000,0.3855,1.0,00bc893a694e7e7ef1e576d93fdc8abb70d52de882880b4da13b3d74ba3110a9
rule,141421,7,block_03,Gear,3,shifted,1,1,1,111,2000,573,1983,0.2865,0.9915,d07e9b83ad4dbbac6168146603dd1b2cba2ff523be063b036039f297548d284e
rule,141421,42,block_03,Gear,3,shifted,1,1,1,111,2000,5,1966,0.0025,0.983,c61407a2bc04d2ec05d79f0f6158e73bd558efe30521f2c56a0c191fbde59ba3
rule,141421,123,block_03,Gear,3,shifted,1,1,1,111,2000,23,1999,0.0115,0.9995,8469470dbe93b813a1ff9f5ea9db24110c92450abae5f47552d3b243a3379a7a
rule,141421,2026,block_03,Gear,3,shifted,1,1,1,111,2000,4,1991,0.002,0.9955,a6ed20ef78457734c1398d2ea29846326b93a039808fa3b1d49c1ca02bc74a5d
rule,141421,3407,block_03,Gear,3,shifted,1,1,1,111,2000,1103,2000,0.5515,1.0,7ced397f47396bc0049c98565747ae379ebf87783c5a7fbf1bba17d95eae7f6b
rule,173205,7,block_03,Gear,3,shifted,1,1,1,111,2000,270,2000,0.135,1.0,7371d09cdd8e7188b8a3d1a4384594d197918351fe6d53d2c196969a5b8f4e1c
rule,173205,42,block_03,Gear,3,shifted,1,1,1,111,2000,16,1997,0.008,0.9985,f3b1373856aee675d70315264ef33dcac87e8a02cba7af7f166b2af5b2d59ff6
rule,173205,123,block_03,Gear,3,shifted,1,1,1,111,2000,815,2000,0.4075,1.0,f6819e9926d7f856c70ebf326ee7f2d8c140ea9b5af570c56ac3fe496a20ac06
rule,173205,2026,block_03,Gear,3,shifted,1,1,1,111,2000,9,1999,0.0045,0.9995,af58ef89f7876138cb4cf1a1e371c69bd550d7feb4225849cf1f5e3675e87c1a
rule,173205,3407,block_03,Gear,3,shifted,1,1,1,111,2000,869,2000,0.4345,1.0,4996c12b6209eb45ae0dbdb1691250b245be0b6fecb46f30399571fc519b5c3c
rule,314159,7,block_03,RPM,4,canonical,0,0,0,000,2000,2000,2000,1.0,1.0,09b08194395debb2e4c30ea7fd1d27c8baf67e8d568a6f6cb1a842e038f346ed
rule,314159,42,block_03,RPM,4,canonical,0,0,0,000,2000,2000,2000,1.0,1.0,8a523faeac10844b457627c241d4ee4729a6bb6dd41ff79aaa640064767a8f13
rule,314159,123,block_03,RPM,4,canonical,0,0,0,000,2000,2000,2000,1.0,1.0,c81ec1fe7d3cf906172f8c9b79e4facaf3a711fb5cf31bf0f93b7f148c8f20b9
rule,314159,2026,block_03,RPM,4,canonical,0,0,0,000,2000,2000,2000,1.0,1.0,9f89d0fcf4c911b042d944313e1c99ff10ee1f483396e2cfd5227b6e4c3f7c8b
rule,314159,3407,block_03,RPM,4,canonical,0,0,0,000,2000,2000,2000,1.0,1.0,6c11d84632896e7e21097c35bc8949be0d6c8d1c57e6210d58494766ce9bba46
rule,271828,7,block_03,RPM,4,canonical,0,0,0,000,2000,2000,2000,1.0,1.0,babbe5055150e5e5d800452dc61dda1b3d211a60de7c37eadae846378658c255
rule,271828,42,block_03,RPM,4,canonical,0,0,0,000,2000,2000,2000,1.0,1.0,db3eb42f52a20b23f546ee24e20a211e1f434b1febd2dcdc33dee23aa860a806
rule,271828,123,block_03,RPM,4,canonical,0,0,0,000,2000,2000,2000,1.0,1.0,d8719c636c13ee805e95c787d18cdc4272d1f8d4d168166eb66e348abc6f2da7
rule,271828,2026,block_03,RPM,4,canonical,0,0,0,000,2000,2000,2000,1.0,1.0,c0156f2bf2d889f6af59d8cefedeb3b720e095546e5192bcda73900bc0c70af1
rule,271828,3407,block_03,RPM,4,canonical,0,0,0,000,2000,2000,2000,1.0,1.0,708b454de01da83e20da3b831489c68fce15a87d99e76e19fe6e0d8613876ccc
rule,161803,7,block_03,RPM,4,canonical,0,0,0,000,2000,2000,2000,1.0,1.0,d42b29e2f7bc00439efcb3141f0db55adf84ece88d5264bc066b756ef5def2c0
rule,161803,42,block_03,RPM,4,canonical,0,0,0,000,2000,2000,2000,1.0,1.0,1c1df00db55b563140e164259b4d26675eba3ab5c882fbbeb25d3ad65cc3f3bb
rule,161803,123,block_03,RPM,4,canonical,0,0,0,000,2000,2000,2000,1.0,1.0,baa06c1f9260379da7ba42fbea560af4e56fd486be655e7c4343f76b73e493b7
rule,161803,2026,block_03,RPM,4,canonical,0,0,0,000,2000,2000,2000,1.0,1.0,fbfc69d3a02d3c2318b2a14c83e0d6ab28b501ba94eb34db863b413dfe293374
rule,161803,3407,block_03,RPM,4,canonical,0,0,0,000,2000,2000,2000,1.0,1.0,00bc893a694e7e7ef1e576d93fdc8abb70d52de882880b4da13b3d74ba3110a9
rule,141421,7,block_03,RPM,4,canonical,0,0,0,000,2000,2000,2000,1.0,1.0,d07e9b83ad4dbbac6168146603dd1b2cba2ff523be063b036039f297548d284e
rule,141421,42,block_03,RPM,4,canonical,0,0,0,000,2000,2000,2000,1.0,1.0,c61407a2bc04d2ec05d79f0f6158e73bd558efe30521f2c56a0c191fbde59ba3
rule,141421,123,block_03,RPM,4,canonical,0,0,0,000,2000,2000,2000,1.0,1.0,8469470dbe93b813a1ff9f5ea9db24110c92450abae5f47552d3b243a3379a7a
rule,141421,2026,block_03,RPM,4,canonical,0,0,0,000,2000,2000,2000,1.0,1.0,a6ed20ef78457734c1398d2ea29846326b93a039808fa3b1d49c1ca02bc74a5d
rule,141421,3407,block_03,RPM,4,canonical,0,0,0,000,2000,2000,2000,1.0,1.0,7ced397f47396bc0049c98565747ae379ebf87783c5a7fbf1bba17d95eae7f6b
rule,173205,7,block_03,RPM,4,canonical,0,0,0,000,2000,2000,2000,1.0,1.0,7371d09cdd8e7188b8a3d1a4384594d197918351fe6d53d2c196969a5b8f4e1c
rule,173205,42,block_03,RPM,4,canonical,0,0,0,000,2000,2000,2000,1.0,1.0,f3b1373856aee675d70315264ef33dcac87e8a02cba7af7f166b2af5b2d59ff6
rule,173205,123,block_03,RPM,4,canonical,0,0,0,000,2000,2000,2000,1.0,1.0,f6819e9926d7f856c70ebf326ee7f2d8c140ea9b5af570c56ac3fe496a20ac06
rule,173205,2026,block_03,RPM,4,canonical,0,0,0,000,2000,2000,2000,1.0,1.0,af58ef89f7876138cb4cf1a1e371c69bd550d7feb4225849cf1f5e3675e87c1a
rule,173205,3407,block_03,RPM,4,canonical,0,0,0,000,2000,2000,2000,1.0,1.0,4996c12b6209eb45ae0dbdb1691250b245be0b6fecb46f30399571fc519b5c3c
rule,314159,7,block_03,RPM,4,canonical,0,0,1,001,2000,2000,2000,1.0,1.0,09b08194395debb2e4c30ea7fd1d27c8baf67e8d568a6f6cb1a842e038f346ed
rule,314159,42,block_03,RPM,4,canonical,0,0,1,001,2000,2000,2000,1.0,1.0,8a523faeac10844b457627c241d4ee4729a6bb6dd41ff79aaa640064767a8f13
rule,314159,123,block_03,RPM,4,canonical,0,0,1,001,2000,2000,2000,1.0,1.0,c81ec1fe7d3cf906172f8c9b79e4facaf3a711fb5cf31bf0f93b7f148c8f20b9
rule,314159,2026,block_03,RPM,4,canonical,0,0,1,001,2000,2000,2000,1.0,1.0,9f89d0fcf4c911b042d944313e1c99ff10ee1f483396e2cfd5227b6e4c3f7c8b
rule,314159,3407,block_03,RPM,4,canonical,0,0,1,001,2000,2000,2000,1.0,1.0,6c11d84632896e7e21097c35bc8949be0d6c8d1c57e6210d58494766ce9bba46
rule,271828,7,block_03,RPM,4,canonical,0,0,1,001,2000,2000,2000,1.0,1.0,babbe5055150e5e5d800452dc61dda1b3d211a60de7c37eadae846378658c255
rule,271828,42,block_03,RPM,4,canonical,0,0,1,001,2000,2000,2000,1.0,1.0,db3eb42f52a20b23f546ee24e20a211e1f434b1febd2dcdc33dee23aa860a806
rule,271828,123,block_03,RPM,4,canonical,0,0,1,001,2000,2000,2000,1.0,1.0,d8719c636c13ee805e95c787d18cdc4272d1f8d4d168166eb66e348abc6f2da7
rule,271828,2026,block_03,RPM,4,canonical,0,0,1,001,2000,2000,2000,1.0,1.0,c0156f2bf2d889f6af59d8cefedeb3b720e095546e5192bcda73900bc0c70af1
rule,271828,3407,block_03,RPM,4,canonical,0,0,1,001,2000,2000,2000,1.0,1.0,708b454de01da83e20da3b831489c68fce15a87d99e76e19fe6e0d8613876ccc
rule,161803,7,block_03,RPM,4,canonical,0,0,1,001,2000,2000,2000,1.0,1.0,d42b29e2f7bc00439efcb3141f0db55adf84ece88d5264bc066b756ef5def2c0
rule,161803,42,block_03,RPM,4,canonical,0,0,1,001,2000,2000,2000,1.0,1.0,1c1df00db55b563140e164259b4d26675eba3ab5c882fbbeb25d3ad65cc3f3bb
rule,161803,123,block_03,RPM,4,canonical,0,0,1,001,2000,2000,2000,1.0,1.0,baa06c1f9260379da7ba42fbea560af4e56fd486be655e7c4343f76b73e493b7
rule,161803,2026,block_03,RPM,4,canonical,0,0,1,001,2000,2000,2000,1.0,1.0,fbfc69d3a02d3c2318b2a14c83e0d6ab28b501ba94eb34db863b413dfe293374
rule,161803,3407,block_03,RPM,4,canonical,0,0,1,001,2000,2000,2000,1.0,1.0,00bc893a694e7e7ef1e576d93fdc8abb70d52de882880b4da13b3d74ba3110a9
rule,141421,7,block_03,RPM,4,canonical,0,0,1,001,2000,2000,2000,1.0,1.0,d07e9b83ad4dbbac6168146603dd1b2cba2ff523be063b036039f297548d284e
rule,141421,42,block_03,RPM,4,canonical,0,0,1,001,2000,2000,2000,1.0,1.0,c61407a2bc04d2ec05d79f0f6158e73bd558efe30521f2c56a0c191fbde59ba3
rule,141421,123,block_03,RPM,4,canonical,0,0,1,001,2000,2000,2000,1.0,1.0,8469470dbe93b813a1ff9f5ea9db24110c92450abae5f47552d3b243a3379a7a
rule,141421,2026,block_03,RPM,4,canonical,0,0,1,001,2000,2000,2000,1.0,1.0,a6ed20ef78457734c1398d2ea29846326b93a039808fa3b1d49c1ca02bc74a5d
rule,141421,3407,block_03,RPM,4,canonical,0,0,1,001,2000,2000,2000,1.0,1.0,7ced397f47396bc0049c98565747ae379ebf87783c5a7fbf1bba17d95eae7f6b
rule,173205,7,block_03,RPM,4,canonical,0,0,1,001,2000,2000,2000,1.0,1.0,7371d09cdd8e7188b8a3d1a4384594d197918351fe6d53d2c196969a5b8f4e1c
rule,173205,42,block_03,RPM,4,canonical,0,0,1,001,2000,2000,2000,1.0,1.0,f3b1373856aee675d70315264ef33dcac87e8a02cba7af7f166b2af5b2d59ff6
rule,173205,123,block_03,RPM,4,canonical,0,0,1,001,2000,2000,2000,1.0,1.0,f6819e9926d7f856c70ebf326ee7f2d8c140ea9b5af570c56ac3fe496a20ac06
rule,173205,2026,block_03,RPM,4,canonical,0,0,1,001,2000,2000,2000,1.0,1.0,af58ef89f7876138cb4cf1a1e371c69bd550d7feb4225849cf1f5e3675e87c1a
rule,173205,3407,block_03,RPM,4,canonical,0,0,1,001,2000,2000,2000,1.0,1.0,4996c12b6209eb45ae0dbdb1691250b245be0b6fecb46f30399571fc519b5c3c
rule,314159,7,block_03,RPM,4,canonical,0,1,0,010,2000,2000,2000,1.0,1.0,09b08194395debb2e4c30ea7fd1d27c8baf67e8d568a6f6cb1a842e038f346ed
rule,314159,42,block_03,RPM,4,canonical,0,1,0,010,2000,2000,2000,1.0,1.0,8a523faeac10844b457627c241d4ee4729a6bb6dd41ff79aaa640064767a8f13
rule,314159,123,block_03,RPM,4,canonical,0,1,0,010,2000,2000,2000,1.0,1.0,c81ec1fe7d3cf906172f8c9b79e4facaf3a711fb5cf31bf0f93b7f148c8f20b9
rule,314159,2026,block_03,RPM,4,canonical,0,1,0,010,2000,2000,2000,1.0,1.0,9f89d0fcf4c911b042d944313e1c99ff10ee1f483396e2cfd5227b6e4c3f7c8b
rule,314159,3407,block_03,RPM,4,canonical,0,1,0,010,2000,2000,2000,1.0,1.0,6c11d84632896e7e21097c35bc8949be0d6c8d1c57e6210d58494766ce9bba46
rule,271828,7,block_03,RPM,4,canonical,0,1,0,010,2000,2000,2000,1.0,1.0,babbe5055150e5e5d800452dc61dda1b3d211a60de7c37eadae846378658c255
rule,271828,42,block_03,RPM,4,canonical,0,1,0,010,2000,2000,2000,1.0,1.0,db3eb42f52a20b23f546ee24e20a211e1f434b1febd2dcdc33dee23aa860a806
rule,271828,123,block_03,RPM,4,canonical,0,1,0,010,2000,2000,2000,1.0,1.0,d8719c636c13ee805e95c787d18cdc4272d1f8d4d168166eb66e348abc6f2da7
rule,271828,2026,block_03,RPM,4,canonical,0,1,0,010,2000,2000,2000,1.0,1.0,c0156f2bf2d889f6af59d8cefedeb3b720e095546e5192bcda73900bc0c70af1
rule,271828,3407,block_03,RPM,4,canonical,0,1,0,010,2000,2000,2000,1.0,1.0,708b454de01da83e20da3b831489c68fce15a87d99e76e19fe6e0d8613876ccc
rule,161803,7,block_03,RPM,4,canonical,0,1,0,010,2000,2000,2000,1.0,1.0,d42b29e2f7bc00439efcb3141f0db55adf84ece88d5264bc066b756ef5def2c0
rule,161803,42,block_03,RPM,4,canonical,0,1,0,010,2000,2000,2000,1.0,1.0,1c1df00db55b563140e164259b4d26675eba3ab5c882fbbeb25d3ad65cc3f3bb
rule,161803,123,block_03,RPM,4,canonical,0,1,0,010,2000,2000,2000,1.0,1.0,baa06c1f9260379da7ba42fbea560af4e56fd486be655e7c4343f76b73e493b7
rule,161803,2026,block_03,RPM,4,canonical,0,1,0,010,2000,2000,2000,1.0,1.0,fbfc69d3a02d3c2318b2a14c83e0d6ab28b501ba94eb34db863b413dfe293374
rule,161803,3407,block_03,RPM,4,canonical,0,1,0,010,2000,2000,2000,1.0,1.0,00bc893a694e7e7ef1e576d93fdc8abb70d52de882880b4da13b3d74ba3110a9
rule,141421,7,block_03,RPM,4,canonical,0,1,0,010,2000,2000,2000,1.0,1.0,d07e9b83ad4dbbac6168146603dd1b2cba2ff523be063b036039f297548d284e
rule,141421,42,block_03,RPM,4,canonical,0,1,0,010,2000,2000,2000,1.0,1.0,c61407a2bc04d2ec05d79f0f6158e73bd558efe30521f2c56a0c191fbde59ba3
rule,141421,123,block_03,RPM,4,canonical,0,1,0,010,2000,2000,2000,1.0,1.0,8469470dbe93b813a1ff9f5ea9db24110c92450abae5f47552d3b243a3379a7a
rule,141421,2026,block_03,RPM,4,canonical,0,1,0,010,2000,2000,2000,1.0,1.0,a6ed20ef78457734c1398d2ea29846326b93a039808fa3b1d49c1ca02bc74a5d
rule,141421,3407,block_03,RPM,4,canonical,0,1,0,010,2000,2000,2000,1.0,1.0,7ced397f47396bc0049c98565747ae379ebf87783c5a7fbf1bba17d95eae7f6b
rule,173205,7,block_03,RPM,4,canonical,0,1,0,010,2000,2000,2000,1.0,1.0,7371d09cdd8e7188b8a3d1a4384594d197918351fe6d53d2c196969a5b8f4e1c
rule,173205,42,block_03,RPM,4,canonical,0,1,0,010,2000,2000,2000,1.0,1.0,f3b1373856aee675d70315264ef33dcac87e8a02cba7af7f166b2af5b2d59ff6
rule,173205,123,block_03,RPM,4,canonical,0,1,0,010,2000,2000,2000,1.0,1.0,f6819e9926d7f856c70ebf326ee7f2d8c140ea9b5af570c56ac3fe496a20ac06
rule,173205,2026,block_03,RPM,4,canonical,0,1,0,010,2000,2000,2000,1.0,1.0,af58ef89f7876138cb4cf1a1e371c69bd550d7feb4225849cf1f5e3675e87c1a
rule,173205,3407,block_03,RPM,4,canonical,0,1,0,010,2000,2000,2000,1.0,1.0,4996c12b6209eb45ae0dbdb1691250b245be0b6fecb46f30399571fc519b5c3c
rule,314159,7,block_03,RPM,4,canonical,0,1,1,011,2000,2000,2000,1.0,1.0,09b08194395debb2e4c30ea7fd1d27c8baf67e8d568a6f6cb1a842e038f346ed
rule,314159,42,block_03,RPM,4,canonical,0,1,1,011,2000,2000,2000,1.0,1.0,8a523faeac10844b457627c241d4ee4729a6bb6dd41ff79aaa640064767a8f13
rule,314159,123,block_03,RPM,4,canonical,0,1,1,011,2000,2000,2000,1.0,1.0,c81ec1fe7d3cf906172f8c9b79e4facaf3a711fb5cf31bf0f93b7f148c8f20b9
rule,314159,2026,block_03,RPM,4,canonical,0,1,1,011,2000,2000,2000,1.0,1.0,9f89d0fcf4c911b042d944313e1c99ff10ee1f483396e2cfd5227b6e4c3f7c8b
rule,314159,3407,block_03,RPM,4,canonical,0,1,1,011,2000,2000,2000,1.0,1.0,6c11d84632896e7e21097c35bc8949be0d6c8d1c57e6210d58494766ce9bba46
rule,271828,7,block_03,RPM,4,canonical,0,1,1,011,2000,2000,2000,1.0,1.0,babbe5055150e5e5d800452dc61dda1b3d211a60de7c37eadae846378658c255
rule,271828,42,block_03,RPM,4,canonical,0,1,1,011,2000,2000,2000,1.0,1.0,db3eb42f52a20b23f546ee24e20a211e1f434b1febd2dcdc33dee23aa860a806
rule,271828,123,block_03,RPM,4,canonical,0,1,1,011,2000,2000,2000,1.0,1.0,d8719c636c13ee805e95c787d18cdc4272d1f8d4d168166eb66e348abc6f2da7
rule,271828,2026,block_03,RPM,4,canonical,0,1,1,011,2000,2000,2000,1.0,1.0,c0156f2bf2d889f6af59d8cefedeb3b720e095546e5192bcda73900bc0c70af1
rule,271828,3407,block_03,RPM,4,canonical,0,1,1,011,2000,2000,2000,1.0,1.0,708b454de01da83e20da3b831489c68fce15a87d99e76e19fe6e0d8613876ccc
rule,161803,7,block_03,RPM,4,canonical,0,1,1,011,2000,2000,2000,1.0,1.0,d42b29e2f7bc00439efcb3141f0db55adf84ece88d5264bc066b756ef5def2c0
rule,161803,42,block_03,RPM,4,canonical,0,1,1,011,2000,2000,2000,1.0,1.0,1c1df00db55b563140e164259b4d26675eba3ab5c882fbbeb25d3ad65cc3f3bb
rule,161803,123,block_03,RPM,4,canonical,0,1,1,011,2000,2000,2000,1.0,1.0,baa06c1f9260379da7ba42fbea560af4e56fd486be655e7c4343f76b73e493b7
rule,161803,2026,block_03,RPM,4,canonical,0,1,1,011,2000,2000,2000,1.0,1.0,fbfc69d3a02d3c2318b2a14c83e0d6ab28b501ba94eb34db863b413dfe293374
rule,161803,3407,block_03,RPM,4,canonical,0,1,1,011,2000,2000,2000,1.0,1.0,00bc893a694e7e7ef1e576d93fdc8abb70d52de882880b4da13b3d74ba3110a9
rule,141421,7,block_03,RPM,4,canonical,0,1,1,011,2000,2000,2000,1.0,1.0,d07e9b83ad4dbbac6168146603dd1b2cba2ff523be063b036039f297548d284e
rule,141421,42,block_03,RPM,4,canonical,0,1,1,011,2000,2000,2000,1.0,1.0,c61407a2bc04d2ec05d79f0f6158e73bd558efe30521f2c56a0c191fbde59ba3
rule,141421,123,block_03,RPM,4,canonical,0,1,1,011,2000,2000,2000,1.0,1.0,8469470dbe93b813a1ff9f5ea9db24110c92450abae5f47552d3b243a3379a7a
rule,141421,2026,block_03,RPM,4,canonical,0,1,1,011,2000,2000,2000,1.0,1.0,a6ed20ef78457734c1398d2ea29846326b93a039808fa3b1d49c1ca02bc74a5d
rule,141421,3407,block_03,RPM,4,canonical,0,1,1,011,2000,2000,2000,1.0,1.0,7ced397f47396bc0049c98565747ae379ebf87783c5a7fbf1bba17d95eae7f6b
rule,173205,7,block_03,RPM,4,canonical,0,1,1,011,2000,2000,2000,1.0,1.0,7371d09cdd8e7188b8a3d1a4384594d197918351fe6d53d2c196969a5b8f4e1c
rule,173205,42,block_03,RPM,4,canonical,0,1,1,011,2000,2000,2000,1.0,1.0,f3b1373856aee675d70315264ef33dcac87e8a02cba7af7f166b2af5b2d59ff6
rule,173205,123,block_03,RPM,4,canonical,0,1,1,011,2000,2000,2000,1.0,1.0,f6819e9926d7f856c70ebf326ee7f2d8c140ea9b5af570c56ac3fe496a20ac06
rule,173205,2026,block_03,RPM,4,canonical,0,1,1,011,2000,2000,2000,1.0,1.0,af58ef89f7876138cb4cf1a1e371c69bd550d7feb4225849cf1f5e3675e87c1a
rule,173205,3407,block_03,RPM,4,canonical,0,1,1,011,2000,2000,2000,1.0,1.0,4996c12b6209eb45ae0dbdb1691250b245be0b6fecb46f30399571fc519b5c3c
rule,314159,7,block_03,RPM,4,canonical,1,0,0,100,2000,400,1936,0.2,0.968,09b08194395debb2e4c30ea7fd1d27c8baf67e8d568a6f6cb1a842e038f346ed
rule,314159,42,block_03,RPM,4,canonical,1,0,0,100,2000,112,1980,0.056,0.99,8a523faeac10844b457627c241d4ee4729a6bb6dd41ff79aaa640064767a8f13
rule,314159,123,block_03,RPM,4,canonical,1,0,0,100,2000,867,1433,0.4335,0.7165,c81ec1fe7d3cf906172f8c9b79e4facaf3a711fb5cf31bf0f93b7f148c8f20b9
rule,314159,2026,block_03,RPM,4,canonical,1,0,0,100,2000,408,1919,0.204,0.9595,9f89d0fcf4c911b042d944313e1c99ff10ee1f483396e2cfd5227b6e4c3f7c8b
rule,314159,3407,block_03,RPM,4,canonical,1,0,0,100,2000,433,1858,0.2165,0.929,6c11d84632896e7e21097c35bc8949be0d6c8d1c57e6210d58494766ce9bba46
rule,271828,7,block_03,RPM,4,canonical,1,0,0,100,2000,455,1992,0.2275,0.996,babbe5055150e5e5d800452dc61dda1b3d211a60de7c37eadae846378658c255
rule,271828,42,block_03,RPM,4,canonical,1,0,0,100,2000,83,1232,0.0415,0.616,db3eb42f52a20b23f546ee24e20a211e1f434b1febd2dcdc33dee23aa860a806
rule,271828,123,block_03,RPM,4,canonical,1,0,0,100,2000,621,1869,0.3105,0.9345,d8719c636c13ee805e95c787d18cdc4272d1f8d4d168166eb66e348abc6f2da7
rule,271828,2026,block_03,RPM,4,canonical,1,0,0,100,2000,214,947,0.107,0.4735,c0156f2bf2d889f6af59d8cefedeb3b720e095546e5192bcda73900bc0c70af1
rule,271828,3407,block_03,RPM,4,canonical,1,0,0,100,2000,228,1777,0.114,0.8885,708b454de01da83e20da3b831489c68fce15a87d99e76e19fe6e0d8613876ccc
rule,161803,7,block_03,RPM,4,canonical,1,0,0,100,2000,166,1954,0.083,0.977,d42b29e2f7bc00439efcb3141f0db55adf84ece88d5264bc066b756ef5def2c0
rule,161803,42,block_03,RPM,4,canonical,1,0,0,100,2000,202,1634,0.101,0.817,1c1df00db55b563140e164259b4d26675eba3ab5c882fbbeb25d3ad65cc3f3bb
rule,161803,123,block_03,RPM,4,canonical,1,0,0,100,2000,1142,1906,0.571,0.953,baa06c1f9260379da7ba42fbea560af4e56fd486be655e7c4343f76b73e493b7
rule,161803,2026,block_03,RPM,4,canonical,1,0,0,100,2000,128,1458,0.064,0.729,fbfc69d3a02d3c2318b2a14c83e0d6ab28b501ba94eb34db863b413dfe293374
rule,161803,3407,block_03,RPM,4,canonical,1,0,0,100,2000,89,1927,0.0445,0.9635,00bc893a694e7e7ef1e576d93fdc8abb70d52de882880b4da13b3d74ba3110a9
rule,141421,7,block_03,RPM,4,canonical,1,0,0,100,2000,376,1863,0.188,0.9315,d07e9b83ad4dbbac6168146603dd1b2cba2ff523be063b036039f297548d284e
rule,141421,42,block_03,RPM,4,canonical,1,0,0,100,2000,248,1790,0.124,0.895,c61407a2bc04d2ec05d79f0f6158e73bd558efe30521f2c56a0c191fbde59ba3
rule,141421,123,block_03,RPM,4,canonical,1,0,0,100,2000,374,1629,0.187,0.8145,8469470dbe93b813a1ff9f5ea9db24110c92450abae5f47552d3b243a3379a7a
rule,141421,2026,block_03,RPM,4,canonical,1,0,0,100,2000,94,488,0.047,0.244,a6ed20ef78457734c1398d2ea29846326b93a039808fa3b1d49c1ca02bc74a5d
rule,141421,3407,block_03,RPM,4,canonical,1,0,0,100,2000,404,1986,0.202,0.993,7ced397f47396bc0049c98565747ae379ebf87783c5a7fbf1bba17d95eae7f6b
rule,173205,7,block_03,RPM,4,canonical,1,0,0,100,2000,199,1910,0.0995,0.955,7371d09cdd8e7188b8a3d1a4384594d197918351fe6d53d2c196969a5b8f4e1c
rule,173205,42,block_03,RPM,4,canonical,1,0,0,100,2000,86,1340,0.043,0.67,f3b1373856aee675d70315264ef33dcac87e8a02cba7af7f166b2af5b2d59ff6
rule,173205,123,block_03,RPM,4,canonical,1,0,0,100,2000,1232,1809,0.616,0.9045,f6819e9926d7f856c70ebf326ee7f2d8c140ea9b5af570c56ac3fe496a20ac06
rule,173205,2026,block_03,RPM,4,canonical,1,0,0,100,2000,275,592,0.1375,0.296,af58ef89f7876138cb4cf1a1e371c69bd550d7feb4225849cf1f5e3675e87c1a
rule,173205,3407,block_03,RPM,4,canonical,1,0,0,100,2000,641,1897,0.3205,0.9485,4996c12b6209eb45ae0dbdb1691250b245be0b6fecb46f30399571fc519b5c3c
rule,314159,7,block_03,RPM,4,canonical,1,0,1,101,2000,4,1997,0.002,0.9985,09b08194395debb2e4c30ea7fd1d27c8baf67e8d568a6f6cb1a842e038f346ed
rule,314159,42,block_03,RPM,4,canonical,1,0,1,101,2000,0,2000,0.0,1.0,8a523faeac10844b457627c241d4ee4729a6bb6dd41ff79aaa640064767a8f13
rule,314159,123,block_03,RPM,4,canonical,1,0,1,101,2000,307,1999,0.1535,0.9995,c81ec1fe7d3cf906172f8c9b79e4facaf3a711fb5cf31bf0f93b7f148c8f20b9
rule,314159,2026,block_03,RPM,4,canonical,1,0,1,101,2000,2,2000,0.001,1.0,9f89d0fcf4c911b042d944313e1c99ff10ee1f483396e2cfd5227b6e4c3f7c8b
rule,314159,3407,block_03,RPM,4,canonical,1,0,1,101,2000,22,2000,0.011,1.0,6c11d84632896e7e21097c35bc8949be0d6c8d1c57e6210d58494766ce9bba46
rule,271828,7,block_03,RPM,4,canonical,1,0,1,101,2000,7,2000,0.0035,1.0,babbe5055150e5e5d800452dc61dda1b3d211a60de7c37eadae846378658c255
rule,271828,42,block_03,RPM,4,canonical,1,0,1,101,2000,11,1992,0.0055,0.996,db3eb42f52a20b23f546ee24e20a211e1f434b1febd2dcdc33dee23aa860a806
rule,271828,123,block_03,RPM,4,canonical,1,0,1,101,2000,39,2000,0.0195,1.0,d8719c636c13ee805e95c787d18cdc4272d1f8d4d168166eb66e348abc6f2da7
rule,271828,2026,block_03,RPM,4,canonical,1,0,1,101,2000,36,1996,0.018,0.998,c0156f2bf2d889f6af59d8cefedeb3b720e095546e5192bcda73900bc0c70af1
rule,271828,3407,block_03,RPM,4,canonical,1,0,1,101,2000,12,2000,0.006,1.0,708b454de01da83e20da3b831489c68fce15a87d99e76e19fe6e0d8613876ccc
rule,161803,7,block_03,RPM,4,canonical,1,0,1,101,2000,18,1996,0.009,0.998,d42b29e2f7bc00439efcb3141f0db55adf84ece88d5264bc066b756ef5def2c0
rule,161803,42,block_03,RPM,4,canonical,1,0,1,101,2000,0,2000,0.0,1.0,1c1df00db55b563140e164259b4d26675eba3ab5c882fbbeb25d3ad65cc3f3bb
rule,161803,123,block_03,RPM,4,canonical,1,0,1,101,2000,148,2000,0.074,1.0,baa06c1f9260379da7ba42fbea560af4e56fd486be655e7c4343f76b73e493b7
rule,161803,2026,block_03,RPM,4,canonical,1,0,1,101,2000,1,2000,0.0005,1.0,fbfc69d3a02d3c2318b2a14c83e0d6ab28b501ba94eb34db863b413dfe293374
rule,161803,3407,block_03,RPM,4,canonical,1,0,1,101,2000,0,2000,0.0,1.0,00bc893a694e7e7ef1e576d93fdc8abb70d52de882880b4da13b3d74ba3110a9
rule,141421,7,block_03,RPM,4,canonical,1,0,1,101,2000,6,1991,0.003,0.9955,d07e9b83ad4dbbac6168146603dd1b2cba2ff523be063b036039f297548d284e
rule,141421,42,block_03,RPM,4,canonical,1,0,1,101,2000,5,2000,0.0025,1.0,c61407a2bc04d2ec05d79f0f6158e73bd558efe30521f2c56a0c191fbde59ba3
rule,141421,123,block_03,RPM,4,canonical,1,0,1,101,2000,4,2000,0.002,1.0,8469470dbe93b813a1ff9f5ea9db24110c92450abae5f47552d3b243a3379a7a
rule,141421,2026,block_03,RPM,4,canonical,1,0,1,101,2000,10,1962,0.005,0.981,a6ed20ef78457734c1398d2ea29846326b93a039808fa3b1d49c1ca02bc74a5d
rule,141421,3407,block_03,RPM,4,canonical,1,0,1,101,2000,30,2000,0.015,1.0,7ced397f47396bc0049c98565747ae379ebf87783c5a7fbf1bba17d95eae7f6b
rule,173205,7,block_03,RPM,4,canonical,1,0,1,101,2000,0,2000,0.0,1.0,7371d09cdd8e7188b8a3d1a4384594d197918351fe6d53d2c196969a5b8f4e1c
rule,173205,42,block_03,RPM,4,canonical,1,0,1,101,2000,0,2000,0.0,1.0,f3b1373856aee675d70315264ef33dcac87e8a02cba7af7f166b2af5b2d59ff6
rule,173205,123,block_03,RPM,4,canonical,1,0,1,101,2000,499,2000,0.2495,1.0,f6819e9926d7f856c70ebf326ee7f2d8c140ea9b5af570c56ac3fe496a20ac06
rule,173205,2026,block_03,RPM,4,canonical,1,0,1,101,2000,33,1994,0.0165,0.997,af58ef89f7876138cb4cf1a1e371c69bd550d7feb4225849cf1f5e3675e87c1a
rule,173205,3407,block_03,RPM,4,canonical,1,0,1,101,2000,244,2000,0.122,1.0,4996c12b6209eb45ae0dbdb1691250b245be0b6fecb46f30399571fc519b5c3c
rule,314159,7,block_03,RPM,4,canonical,1,1,0,110,2000,489,1678,0.2445,0.839,09b08194395debb2e4c30ea7fd1d27c8baf67e8d568a6f6cb1a842e038f346ed
rule,314159,42,block_03,RPM,4,canonical,1,1,0,110,2000,126,1894,0.063,0.947,8a523faeac10844b457627c241d4ee4729a6bb6dd41ff79aaa640064767a8f13
rule,314159,123,block_03,RPM,4,canonical,1,1,0,110,2000,212,1622,0.106,0.811,c81ec1fe7d3cf906172f8c9b79e4facaf3a711fb5cf31bf0f93b7f148c8f20b9
rule,314159,2026,block_03,RPM,4,canonical,1,1,0,110,2000,483,1899,0.2415,0.9495,9f89d0fcf4c911b042d944313e1c99ff10ee1f483396e2cfd5227b6e4c3f7c8b
rule,314159,3407,block_03,RPM,4,canonical,1,1,0,110,2000,785,1674,0.3925,0.837,6c11d84632896e7e21097c35bc8949be0d6c8d1c57e6210d58494766ce9bba46
rule,271828,7,block_03,RPM,4,canonical,1,1,0,110,2000,700,1952,0.35,0.976,babbe5055150e5e5d800452dc61dda1b3d211a60de7c37eadae846378658c255
rule,271828,42,block_03,RPM,4,canonical,1,1,0,110,2000,172,1391,0.086,0.6955,db3eb42f52a20b23f546ee24e20a211e1f434b1febd2dcdc33dee23aa860a806
rule,271828,123,block_03,RPM,4,canonical,1,1,0,110,2000,225,1716,0.1125,0.858,d8719c636c13ee805e95c787d18cdc4272d1f8d4d168166eb66e348abc6f2da7
rule,271828,2026,block_03,RPM,4,canonical,1,1,0,110,2000,410,1242,0.205,0.621,c0156f2bf2d889f6af59d8cefedeb3b720e095546e5192bcda73900bc0c70af1
rule,271828,3407,block_03,RPM,4,canonical,1,1,0,110,2000,436,1388,0.218,0.694,708b454de01da83e20da3b831489c68fce15a87d99e76e19fe6e0d8613876ccc
rule,161803,7,block_03,RPM,4,canonical,1,1,0,110,2000,361,1861,0.1805,0.9305,d42b29e2f7bc00439efcb3141f0db55adf84ece88d5264bc066b756ef5def2c0
rule,161803,42,block_03,RPM,4,canonical,1,1,0,110,2000,265,1482,0.1325,0.741,1c1df00db55b563140e164259b4d26675eba3ab5c882fbbeb25d3ad65cc3f3bb
rule,161803,123,block_03,RPM,4,canonical,1,1,0,110,2000,499,1676,0.2495,0.838,baa06c1f9260379da7ba42fbea560af4e56fd486be655e7c4343f76b73e493b7
rule,161803,2026,block_03,RPM,4,canonical,1,1,0,110,2000,140,1469,0.07,0.7345,fbfc69d3a02d3c2318b2a14c83e0d6ab28b501ba94eb34db863b413dfe293374
rule,161803,3407,block_03,RPM,4,canonical,1,1,0,110,2000,239,1888,0.1195,0.944,00bc893a694e7e7ef1e576d93fdc8abb70d52de882880b4da13b3d74ba3110a9
rule,141421,7,block_03,RPM,4,canonical,1,1,0,110,2000,763,1743,0.3815,0.8715,d07e9b83ad4dbbac6168146603dd1b2cba2ff523be063b036039f297548d284e
rule,141421,42,block_03,RPM,4,canonical,1,1,0,110,2000,219,1757,0.1095,0.8785,c61407a2bc04d2ec05d79f0f6158e73bd558efe30521f2c56a0c191fbde59ba3
rule,141421,123,block_03,RPM,4,canonical,1,1,0,110,2000,111,1364,0.0555,0.682,8469470dbe93b813a1ff9f5ea9db24110c92450abae5f47552d3b243a3379a7a
rule,141421,2026,block_03,RPM,4,canonical,1,1,0,110,2000,160,649,0.08,0.3245,a6ed20ef78457734c1398d2ea29846326b93a039808fa3b1d49c1ca02bc74a5d
rule,141421,3407,block_03,RPM,4,canonical,1,1,0,110,2000,559,1921,0.2795,0.9605,7ced397f47396bc0049c98565747ae379ebf87783c5a7fbf1bba17d95eae7f6b
rule,173205,7,block_03,RPM,4,canonical,1,1,0,110,2000,248,1653,0.124,0.8265,7371d09cdd8e7188b8a3d1a4384594d197918351fe6d53d2c196969a5b8f4e1c
rule,173205,42,block_03,RPM,4,canonical,1,1,0,110,2000,135,1245,0.0675,0.6225,f3b1373856aee675d70315264ef33dcac87e8a02cba7af7f166b2af5b2d59ff6
rule,173205,123,block_03,RPM,4,canonical,1,1,0,110,2000,803,1678,0.4015,0.839,f6819e9926d7f856c70ebf326ee7f2d8c140ea9b5af570c56ac3fe496a20ac06
rule,173205,2026,block_03,RPM,4,canonical,1,1,0,110,2000,285,857,0.1425,0.4285,af58ef89f7876138cb4cf1a1e371c69bd550d7feb4225849cf1f5e3675e87c1a
rule,173205,3407,block_03,RPM,4,canonical,1,1,0,110,2000,886,1736,0.443,0.868,4996c12b6209eb45ae0dbdb1691250b245be0b6fecb46f30399571fc519b5c3c
rule,314159,7,block_03,RPM,4,canonical,1,1,1,111,2000,44,1999,0.022,0.9995,09b08194395debb2e4c30ea7fd1d27c8baf67e8d568a6f6cb1a842e038f346ed
rule,314159,42,block_03,RPM,4,canonical,1,1,1,111,2000,7,2000,0.0035,1.0,8a523faeac10844b457627c241d4ee4729a6bb6dd41ff79aaa640064767a8f13
rule,314159,123,block_03,RPM,4,canonical,1,1,1,111,2000,12,2000,0.006,1.0,c81ec1fe7d3cf906172f8c9b79e4facaf3a711fb5cf31bf0f93b7f148c8f20b9
rule,314159,2026,block_03,RPM,4,canonical,1,1,1,111,2000,25,2000,0.0125,1.0,9f89d0fcf4c911b042d944313e1c99ff10ee1f483396e2cfd5227b6e4c3f7c8b
rule,314159,3407,block_03,RPM,4,canonical,1,1,1,111,2000,134,2000,0.067,1.0,6c11d84632896e7e21097c35bc8949be0d6c8d1c57e6210d58494766ce9bba46
rule,271828,7,block_03,RPM,4,canonical,1,1,1,111,2000,46,2000,0.023,1.0,babbe5055150e5e5d800452dc61dda1b3d211a60de7c37eadae846378658c255
rule,271828,42,block_03,RPM,4,canonical,1,1,1,111,2000,28,1999,0.014,0.9995,db3eb42f52a20b23f546ee24e20a211e1f434b1febd2dcdc33dee23aa860a806
rule,271828,123,block_03,RPM,4,canonical,1,1,1,111,2000,15,2000,0.0075,1.0,d8719c636c13ee805e95c787d18cdc4272d1f8d4d168166eb66e348abc6f2da7
rule,271828,2026,block_03,RPM,4,canonical,1,1,1,111,2000,266,1997,0.133,0.9985,c0156f2bf2d889f6af59d8cefedeb3b720e095546e5192bcda73900bc0c70af1
rule,271828,3407,block_03,RPM,4,canonical,1,1,1,111,2000,53,2000,0.0265,1.0,708b454de01da83e20da3b831489c68fce15a87d99e76e19fe6e0d8613876ccc
rule,161803,7,block_03,RPM,4,canonical,1,1,1,111,2000,44,2000,0.022,1.0,d42b29e2f7bc00439efcb3141f0db55adf84ece88d5264bc066b756ef5def2c0
rule,161803,42,block_03,RPM,4,canonical,1,1,1,111,2000,1,2000,0.0005,1.0,1c1df00db55b563140e164259b4d26675eba3ab5c882fbbeb25d3ad65cc3f3bb
rule,161803,123,block_03,RPM,4,canonical,1,1,1,111,2000,38,2000,0.019,1.0,baa06c1f9260379da7ba42fbea560af4e56fd486be655e7c4343f76b73e493b7
rule,161803,2026,block_03,RPM,4,canonical,1,1,1,111,2000,1,1999,0.0005,0.9995,fbfc69d3a02d3c2318b2a14c83e0d6ab28b501ba94eb34db863b413dfe293374
rule,161803,3407,block_03,RPM,4,canonical,1,1,1,111,2000,3,2000,0.0015,1.0,00bc893a694e7e7ef1e576d93fdc8abb70d52de882880b4da13b3d74ba3110a9
rule,141421,7,block_03,RPM,4,canonical,1,1,1,111,2000,249,1998,0.1245,0.999,d07e9b83ad4dbbac6168146603dd1b2cba2ff523be063b036039f297548d284e
rule,141421,42,block_03,RPM,4,canonical,1,1,1,111,2000,4,2000,0.002,1.0,c61407a2bc04d2ec05d79f0f6158e73bd558efe30521f2c56a0c191fbde59ba3
rule,141421,123,block_03,RPM,4,canonical,1,1,1,111,2000,2,2000,0.001,1.0,8469470dbe93b813a1ff9f5ea9db24110c92450abae5f47552d3b243a3379a7a
rule,141421,2026,block_03,RPM,4,canonical,1,1,1,111,2000,44,1810,0.022,0.905,a6ed20ef78457734c1398d2ea29846326b93a039808fa3b1d49c1ca02bc74a5d
rule,141421,3407,block_03,RPM,4,canonical,1,1,1,111,2000,115,2000,0.0575,1.0,7ced397f47396bc0049c98565747ae379ebf87783c5a7fbf1bba17d95eae7f6b
rule,173205,7,block_03,RPM,4,canonical,1,1,1,111,2000,24,2000,0.012,1.0,7371d09cdd8e7188b8a3d1a4384594d197918351fe6d53d2c196969a5b8f4e1c
rule,173205,42,block_03,RPM,4,canonical,1,1,1,111,2000,9,1999,0.0045,0.9995,f3b1373856aee675d70315264ef33dcac87e8a02cba7af7f166b2af5b2d59ff6
rule,173205,123,block_03,RPM,4,canonical,1,1,1,111,2000,145,2000,0.0725,1.0,f6819e9926d7f856c70ebf326ee7f2d8c140ea9b5af570c56ac3fe496a20ac06
rule,173205,2026,block_03,RPM,4,canonical,1,1,1,111,2000,58,1983,0.029,0.9915,af58ef89f7876138cb4cf1a1e371c69bd550d7feb4225849cf1f5e3675e87c1a
rule,173205,3407,block_03,RPM,4,canonical,1,1,1,111,2000,281,2000,0.1405,1.0,4996c12b6209eb45ae0dbdb1691250b245be0b6fecb46f30399571fc519b5c3c
rule,314159,7,block_03,RPM,4,shifted,0,0,0,000,2000,2000,2000,1.0,1.0,09b08194395debb2e4c30ea7fd1d27c8baf67e8d568a6f6cb1a842e038f346ed
rule,314159,42,block_03,RPM,4,shifted,0,0,0,000,2000,2000,2000,1.0,1.0,8a523faeac10844b457627c241d4ee4729a6bb6dd41ff79aaa640064767a8f13
rule,314159,123,block_03,RPM,4,shifted,0,0,0,000,2000,2000,2000,1.0,1.0,c81ec1fe7d3cf906172f8c9b79e4facaf3a711fb5cf31bf0f93b7f148c8f20b9
rule,314159,2026,block_03,RPM,4,shifted,0,0,0,000,2000,2000,2000,1.0,1.0,9f89d0fcf4c911b042d944313e1c99ff10ee1f483396e2cfd5227b6e4c3f7c8b
rule,314159,3407,block_03,RPM,4,shifted,0,0,0,000,2000,2000,2000,1.0,1.0,6c11d84632896e7e21097c35bc8949be0d6c8d1c57e6210d58494766ce9bba46
rule,271828,7,block_03,RPM,4,shifted,0,0,0,000,2000,2000,2000,1.0,1.0,babbe5055150e5e5d800452dc61dda1b3d211a60de7c37eadae846378658c255
rule,271828,42,block_03,RPM,4,shifted,0,0,0,000,2000,2000,2000,1.0,1.0,db3eb42f52a20b23f546ee24e20a211e1f434b1febd2dcdc33dee23aa860a806
rule,271828,123,block_03,RPM,4,shifted,0,0,0,000,2000,2000,2000,1.0,1.0,d8719c636c13ee805e95c787d18cdc4272d1f8d4d168166eb66e348abc6f2da7
rule,271828,2026,block_03,RPM,4,shifted,0,0,0,000,2000,2000,2000,1.0,1.0,c0156f2bf2d889f6af59d8cefedeb3b720e095546e5192bcda73900bc0c70af1
rule,271828,3407,block_03,RPM,4,shifted,0,0,0,000,2000,2000,2000,1.0,1.0,708b454de01da83e20da3b831489c68fce15a87d99e76e19fe6e0d8613876ccc
rule,161803,7,block_03,RPM,4,shifted,0,0,0,000,2000,2000,2000,1.0,1.0,d42b29e2f7bc00439efcb3141f0db55adf84ece88d5264bc066b756ef5def2c0
rule,161803,42,block_03,RPM,4,shifted,0,0,0,000,2000,2000,2000,1.0,1.0,1c1df00db55b563140e164259b4d26675eba3ab5c882fbbeb25d3ad65cc3f3bb
rule,161803,123,block_03,RPM,4,shifted,0,0,0,000,2000,2000,2000,1.0,1.0,baa06c1f9260379da7ba42fbea560af4e56fd486be655e7c4343f76b73e493b7
rule,161803,2026,block_03,RPM,4,shifted,0,0,0,000,2000,2000,2000,1.0,1.0,fbfc69d3a02d3c2318b2a14c83e0d6ab28b501ba94eb34db863b413dfe293374
rule,161803,3407,block_03,RPM,4,shifted,0,0,0,000,2000,2000,2000,1.0,1.0,00bc893a694e7e7ef1e576d93fdc8abb70d52de882880b4da13b3d74ba3110a9
rule,141421,7,block_03,RPM,4,shifted,0,0,0,000,2000,2000,2000,1.0,1.0,d07e9b83ad4dbbac6168146603dd1b2cba2ff523be063b036039f297548d284e
rule,141421,42,block_03,RPM,4,shifted,0,0,0,000,2000,2000,2000,1.0,1.0,c61407a2bc04d2ec05d79f0f6158e73bd558efe30521f2c56a0c191fbde59ba3
rule,141421,123,block_03,RPM,4,shifted,0,0,0,000,2000,2000,2000,1.0,1.0,8469470dbe93b813a1ff9f5ea9db24110c92450abae5f47552d3b243a3379a7a
rule,141421,2026,block_03,RPM,4,shifted,0,0,0,000,2000,2000,2000,1.0,1.0,a6ed20ef78457734c1398d2ea29846326b93a039808fa3b1d49c1ca02bc74a5d
rule,141421,3407,block_03,RPM,4,shifted,0,0,0,000,2000,2000,2000,1.0,1.0,7ced397f47396bc0049c98565747ae379ebf87783c5a7fbf1bba17d95eae7f6b
rule,173205,7,block_03,RPM,4,shifted,0,0,0,000,2000,2000,2000,1.0,1.0,7371d09cdd8e7188b8a3d1a4384594d197918351fe6d53d2c196969a5b8f4e1c
rule,173205,42,block_03,RPM,4,shifted,0,0,0,000,2000,2000,2000,1.0,1.0,f3b1373856aee675d70315264ef33dcac87e8a02cba7af7f166b2af5b2d59ff6
rule,173205,123,block_03,RPM,4,shifted,0,0,0,000,2000,2000,2000,1.0,1.0,f6819e9926d7f856c70ebf326ee7f2d8c140ea9b5af570c56ac3fe496a20ac06
rule,173205,2026,block_03,RPM,4,shifted,0,0,0,000,2000,2000,2000,1.0,1.0,af58ef89f7876138cb4cf1a1e371c69bd550d7feb4225849cf1f5e3675e87c1a
rule,173205,3407,block_03,RPM,4,shifted,0,0,0,000,2000,2000,2000,1.0,1.0,4996c12b6209eb45ae0dbdb1691250b245be0b6fecb46f30399571fc519b5c3c
rule,314159,7,block_03,RPM,4,shifted,0,0,1,001,2000,2000,2000,1.0,1.0,09b08194395debb2e4c30ea7fd1d27c8baf67e8d568a6f6cb1a842e038f346ed
rule,314159,42,block_03,RPM,4,shifted,0,0,1,001,2000,2000,2000,1.0,1.0,8a523faeac10844b457627c241d4ee4729a6bb6dd41ff79aaa640064767a8f13
rule,314159,123,block_03,RPM,4,shifted,0,0,1,001,2000,2000,2000,1.0,1.0,c81ec1fe7d3cf906172f8c9b79e4facaf3a711fb5cf31bf0f93b7f148c8f20b9
rule,314159,2026,block_03,RPM,4,shifted,0,0,1,001,2000,2000,2000,1.0,1.0,9f89d0fcf4c911b042d944313e1c99ff10ee1f483396e2cfd5227b6e4c3f7c8b
rule,314159,3407,block_03,RPM,4,shifted,0,0,1,001,2000,2000,2000,1.0,1.0,6c11d84632896e7e21097c35bc8949be0d6c8d1c57e6210d58494766ce9bba46
rule,271828,7,block_03,RPM,4,shifted,0,0,1,001,2000,2000,2000,1.0,1.0,babbe5055150e5e5d800452dc61dda1b3d211a60de7c37eadae846378658c255
rule,271828,42,block_03,RPM,4,shifted,0,0,1,001,2000,2000,2000,1.0,1.0,db3eb42f52a20b23f546ee24e20a211e1f434b1febd2dcdc33dee23aa860a806
rule,271828,123,block_03,RPM,4,shifted,0,0,1,001,2000,2000,2000,1.0,1.0,d8719c636c13ee805e95c787d18cdc4272d1f8d4d168166eb66e348abc6f2da7
rule,271828,2026,block_03,RPM,4,shifted,0,0,1,001,2000,2000,2000,1.0,1.0,c0156f2bf2d889f6af59d8cefedeb3b720e095546e5192bcda73900bc0c70af1
rule,271828,3407,block_03,RPM,4,shifted,0,0,1,001,2000,2000,2000,1.0,1.0,708b454de01da83e20da3b831489c68fce15a87d99e76e19fe6e0d8613876ccc
rule,161803,7,block_03,RPM,4,shifted,0,0,1,001,2000,2000,2000,1.0,1.0,d42b29e2f7bc00439efcb3141f0db55adf84ece88d5264bc066b756ef5def2c0
rule,161803,42,block_03,RPM,4,shifted,0,0,1,001,2000,2000,2000,1.0,1.0,1c1df00db55b563140e164259b4d26675eba3ab5c882fbbeb25d3ad65cc3f3bb
rule,161803,123,block_03,RPM,4,shifted,0,0,1,001,2000,2000,2000,1.0,1.0,baa06c1f9260379da7ba42fbea560af4e56fd486be655e7c4343f76b73e493b7
rule,161803,2026,block_03,RPM,4,shifted,0,0,1,001,2000,2000,2000,1.0,1.0,fbfc69d3a02d3c2318b2a14c83e0d6ab28b501ba94eb34db863b413dfe293374
rule,161803,3407,block_03,RPM,4,shifted,0,0,1,001,2000,2000,2000,1.0,1.0,00bc893a694e7e7ef1e576d93fdc8abb70d52de882880b4da13b3d74ba3110a9
rule,141421,7,block_03,RPM,4,shifted,0,0,1,001,2000,2000,2000,1.0,1.0,d07e9b83ad4dbbac6168146603dd1b2cba2ff523be063b036039f297548d284e
rule,141421,42,block_03,RPM,4,shifted,0,0,1,001,2000,2000,2000,1.0,1.0,c61407a2bc04d2ec05d79f0f6158e73bd558efe30521f2c56a0c191fbde59ba3
rule,141421,123,block_03,RPM,4,shifted,0,0,1,001,2000,2000,2000,1.0,1.0,8469470dbe93b813a1ff9f5ea9db24110c92450abae5f47552d3b243a3379a7a
rule,141421,2026,block_03,RPM,4,shifted,0,0,1,001,2000,2000,2000,1.0,1.0,a6ed20ef78457734c1398d2ea29846326b93a039808fa3b1d49c1ca02bc74a5d
rule,141421,3407,block_03,RPM,4,shifted,0,0,1,001,2000,2000,2000,1.0,1.0,7ced397f47396bc0049c98565747ae379ebf87783c5a7fbf1bba17d95eae7f6b
rule,173205,7,block_03,RPM,4,shifted,0,0,1,001,2000,2000,2000,1.0,1.0,7371d09cdd8e7188b8a3d1a4384594d197918351fe6d53d2c196969a5b8f4e1c
rule,173205,42,block_03,RPM,4,shifted,0,0,1,001,2000,2000,2000,1.0,1.0,f3b1373856aee675d70315264ef33dcac87e8a02cba7af7f166b2af5b2d59ff6
rule,173205,123,block_03,RPM,4,shifted,0,0,1,001,2000,2000,2000,1.0,1.0,f6819e9926d7f856c70ebf326ee7f2d8c140ea9b5af570c56ac3fe496a20ac06
rule,173205,2026,block_03,RPM,4,shifted,0,0,1,001,2000,2000,2000,1.0,1.0,af58ef89f7876138cb4cf1a1e371c69bd550d7feb4225849cf1f5e3675e87c1a
rule,173205,3407,block_03,RPM,4,shifted,0,0,1,001,2000,2000,2000,1.0,1.0,4996c12b6209eb45ae0dbdb1691250b245be0b6fecb46f30399571fc519b5c3c
rule,314159,7,block_03,RPM,4,shifted,0,1,0,010,2000,2000,2000,1.0,1.0,09b08194395debb2e4c30ea7fd1d27c8baf67e8d568a6f6cb1a842e038f346ed
rule,314159,42,block_03,RPM,4,shifted,0,1,0,010,2000,2000,2000,1.0,1.0,8a523faeac10844b457627c241d4ee4729a6bb6dd41ff79aaa640064767a8f13
rule,314159,123,block_03,RPM,4,shifted,0,1,0,010,2000,2000,2000,1.0,1.0,c81ec1fe7d3cf906172f8c9b79e4facaf3a711fb5cf31bf0f93b7f148c8f20b9
rule,314159,2026,block_03,RPM,4,shifted,0,1,0,010,2000,2000,2000,1.0,1.0,9f89d0fcf4c911b042d944313e1c99ff10ee1f483396e2cfd5227b6e4c3f7c8b
rule,314159,3407,block_03,RPM,4,shifted,0,1,0,010,2000,2000,2000,1.0,1.0,6c11d84632896e7e21097c35bc8949be0d6c8d1c57e6210d58494766ce9bba46
rule,271828,7,block_03,RPM,4,shifted,0,1,0,010,2000,2000,2000,1.0,1.0,babbe5055150e5e5d800452dc61dda1b3d211a60de7c37eadae846378658c255
rule,271828,42,block_03,RPM,4,shifted,0,1,0,010,2000,2000,2000,1.0,1.0,db3eb42f52a20b23f546ee24e20a211e1f434b1febd2dcdc33dee23aa860a806
rule,271828,123,block_03,RPM,4,shifted,0,1,0,010,2000,2000,2000,1.0,1.0,d8719c636c13ee805e95c787d18cdc4272d1f8d4d168166eb66e348abc6f2da7
rule,271828,2026,block_03,RPM,4,shifted,0,1,0,010,2000,2000,2000,1.0,1.0,c0156f2bf2d889f6af59d8cefedeb3b720e095546e5192bcda73900bc0c70af1
rule,271828,3407,block_03,RPM,4,shifted,0,1,0,010,2000,2000,2000,1.0,1.0,708b454de01da83e20da3b831489c68fce15a87d99e76e19fe6e0d8613876ccc
rule,161803,7,block_03,RPM,4,shifted,0,1,0,010,2000,2000,2000,1.0,1.0,d42b29e2f7bc00439efcb3141f0db55adf84ece88d5264bc066b756ef5def2c0
rule,161803,42,block_03,RPM,4,shifted,0,1,0,010,2000,2000,2000,1.0,1.0,1c1df00db55b563140e164259b4d26675eba3ab5c882fbbeb25d3ad65cc3f3bb
rule,161803,123,block_03,RPM,4,shifted,0,1,0,010,2000,2000,2000,1.0,1.0,baa06c1f9260379da7ba42fbea560af4e56fd486be655e7c4343f76b73e493b7
rule,161803,2026,block_03,RPM,4,shifted,0,1,0,010,2000,2000,2000,1.0,1.0,fbfc69d3a02d3c2318b2a14c83e0d6ab28b501ba94eb34db863b413dfe293374
rule,161803,3407,block_03,RPM,4,shifted,0,1,0,010,2000,2000,2000,1.0,1.0,00bc893a694e7e7ef1e576d93fdc8abb70d52de882880b4da13b3d74ba3110a9
rule,141421,7,block_03,RPM,4,shifted,0,1,0,010,2000,2000,2000,1.0,1.0,d07e9b83ad4dbbac6168146603dd1b2cba2ff523be063b036039f297548d284e
rule,141421,42,block_03,RPM,4,shifted,0,1,0,010,2000,2000,2000,1.0,1.0,c61407a2bc04d2ec05d79f0f6158e73bd558efe30521f2c56a0c191fbde59ba3
rule,141421,123,block_03,RPM,4,shifted,0,1,0,010,2000,2000,2000,1.0,1.0,8469470dbe93b813a1ff9f5ea9db24110c92450abae5f47552d3b243a3379a7a
rule,141421,2026,block_03,RPM,4,shifted,0,1,0,010,2000,2000,2000,1.0,1.0,a6ed20ef78457734c1398d2ea29846326b93a039808fa3b1d49c1ca02bc74a5d
rule,141421,3407,block_03,RPM,4,shifted,0,1,0,010,2000,2000,2000,1.0,1.0,7ced397f47396bc0049c98565747ae379ebf87783c5a7fbf1bba17d95eae7f6b
rule,173205,7,block_03,RPM,4,shifted,0,1,0,010,2000,2000,2000,1.0,1.0,7371d09cdd8e7188b8a3d1a4384594d197918351fe6d53d2c196969a5b8f4e1c
rule,173205,42,block_03,RPM,4,shifted,0,1,0,010,2000,2000,2000,1.0,1.0,f3b1373856aee675d70315264ef33dcac87e8a02cba7af7f166b2af5b2d59ff6
rule,173205,123,block_03,RPM,4,shifted,0,1,0,010,2000,2000,2000,1.0,1.0,f6819e9926d7f856c70ebf326ee7f2d8c140ea9b5af570c56ac3fe496a20ac06
rule,173205,2026,block_03,RPM,4,shifted,0,1,0,010,2000,2000,2000,1.0,1.0,af58ef89f7876138cb4cf1a1e371c69bd550d7feb4225849cf1f5e3675e87c1a
rule,173205,3407,block_03,RPM,4,shifted,0,1,0,010,2000,2000,2000,1.0,1.0,4996c12b6209eb45ae0dbdb1691250b245be0b6fecb46f30399571fc519b5c3c
rule,314159,7,block_03,RPM,4,shifted,0,1,1,011,2000,2000,2000,1.0,1.0,09b08194395debb2e4c30ea7fd1d27c8baf67e8d568a6f6cb1a842e038f346ed
rule,314159,42,block_03,RPM,4,shifted,0,1,1,011,2000,2000,2000,1.0,1.0,8a523faeac10844b457627c241d4ee4729a6bb6dd41ff79aaa640064767a8f13
rule,314159,123,block_03,RPM,4,shifted,0,1,1,011,2000,2000,2000,1.0,1.0,c81ec1fe7d3cf906172f8c9b79e4facaf3a711fb5cf31bf0f93b7f148c8f20b9
rule,314159,2026,block_03,RPM,4,shifted,0,1,1,011,2000,2000,2000,1.0,1.0,9f89d0fcf4c911b042d944313e1c99ff10ee1f483396e2cfd5227b6e4c3f7c8b
rule,314159,3407,block_03,RPM,4,shifted,0,1,1,011,2000,2000,2000,1.0,1.0,6c11d84632896e7e21097c35bc8949be0d6c8d1c57e6210d58494766ce9bba46
rule,271828,7,block_03,RPM,4,shifted,0,1,1,011,2000,2000,2000,1.0,1.0,babbe5055150e5e5d800452dc61dda1b3d211a60de7c37eadae846378658c255
rule,271828,42,block_03,RPM,4,shifted,0,1,1,011,2000,2000,2000,1.0,1.0,db3eb42f52a20b23f546ee24e20a211e1f434b1febd2dcdc33dee23aa860a806
rule,271828,123,block_03,RPM,4,shifted,0,1,1,011,2000,2000,2000,1.0,1.0,d8719c636c13ee805e95c787d18cdc4272d1f8d4d168166eb66e348abc6f2da7
rule,271828,2026,block_03,RPM,4,shifted,0,1,1,011,2000,2000,2000,1.0,1.0,c0156f2bf2d889f6af59d8cefedeb3b720e095546e5192bcda73900bc0c70af1
rule,271828,3407,block_03,RPM,4,shifted,0,1,1,011,2000,2000,2000,1.0,1.0,708b454de01da83e20da3b831489c68fce15a87d99e76e19fe6e0d8613876ccc
rule,161803,7,block_03,RPM,4,shifted,0,1,1,011,2000,2000,2000,1.0,1.0,d42b29e2f7bc00439efcb3141f0db55adf84ece88d5264bc066b756ef5def2c0
rule,161803,42,block_03,RPM,4,shifted,0,1,1,011,2000,2000,2000,1.0,1.0,1c1df00db55b563140e164259b4d26675eba3ab5c882fbbeb25d3ad65cc3f3bb
rule,161803,123,block_03,RPM,4,shifted,0,1,1,011,2000,2000,2000,1.0,1.0,baa06c1f9260379da7ba42fbea560af4e56fd486be655e7c4343f76b73e493b7
rule,161803,2026,block_03,RPM,4,shifted,0,1,1,011,2000,2000,2000,1.0,1.0,fbfc69d3a02d3c2318b2a14c83e0d6ab28b501ba94eb34db863b413dfe293374
rule,161803,3407,block_03,RPM,4,shifted,0,1,1,011,2000,2000,2000,1.0,1.0,00bc893a694e7e7ef1e576d93fdc8abb70d52de882880b4da13b3d74ba3110a9
rule,141421,7,block_03,RPM,4,shifted,0,1,1,011,2000,2000,2000,1.0,1.0,d07e9b83ad4dbbac6168146603dd1b2cba2ff523be063b036039f297548d284e
rule,141421,42,block_03,RPM,4,shifted,0,1,1,011,2000,2000,2000,1.0,1.0,c61407a2bc04d2ec05d79f0f6158e73bd558efe30521f2c56a0c191fbde59ba3
rule,141421,123,block_03,RPM,4,shifted,0,1,1,011,2000,2000,2000,1.0,1.0,8469470dbe93b813a1ff9f5ea9db24110c92450abae5f47552d3b243a3379a7a
rule,141421,2026,block_03,RPM,4,shifted,0,1,1,011,2000,2000,2000,1.0,1.0,a6ed20ef78457734c1398d2ea29846326b93a039808fa3b1d49c1ca02bc74a5d
rule,141421,3407,block_03,RPM,4,shifted,0,1,1,011,2000,2000,2000,1.0,1.0,7ced397f47396bc0049c98565747ae379ebf87783c5a7fbf1bba17d95eae7f6b
rule,173205,7,block_03,RPM,4,shifted,0,1,1,011,2000,2000,2000,1.0,1.0,7371d09cdd8e7188b8a3d1a4384594d197918351fe6d53d2c196969a5b8f4e1c
rule,173205,42,block_03,RPM,4,shifted,0,1,1,011,2000,2000,2000,1.0,1.0,f3b1373856aee675d70315264ef33dcac87e8a02cba7af7f166b2af5b2d59ff6
rule,173205,123,block_03,RPM,4,shifted,0,1,1,011,2000,2000,2000,1.0,1.0,f6819e9926d7f856c70ebf326ee7f2d8c140ea9b5af570c56ac3fe496a20ac06
rule,173205,2026,block_03,RPM,4,shifted,0,1,1,011,2000,2000,2000,1.0,1.0,af58ef89f7876138cb4cf1a1e371c69bd550d7feb4225849cf1f5e3675e87c1a
rule,173205,3407,block_03,RPM,4,shifted,0,1,1,011,2000,2000,2000,1.0,1.0,4996c12b6209eb45ae0dbdb1691250b245be0b6fecb46f30399571fc519b5c3c
rule,314159,7,block_03,RPM,4,shifted,1,0,0,100,2000,432,1943,0.216,0.9715,09b08194395debb2e4c30ea7fd1d27c8baf67e8d568a6f6cb1a842e038f346ed
rule,314159,42,block_03,RPM,4,shifted,1,0,0,100,2000,135,1990,0.0675,0.995,8a523faeac10844b457627c241d4ee4729a6bb6dd41ff79aaa640064767a8f13
rule,314159,123,block_03,RPM,4,shifted,1,0,0,100,2000,973,1529,0.4865,0.7645,c81ec1fe7d3cf906172f8c9b79e4facaf3a711fb5cf31bf0f93b7f148c8f20b9
rule,314159,2026,block_03,RPM,4,shifted,1,0,0,100,2000,409,1948,0.2045,0.974,9f89d0fcf4c911b042d944313e1c99ff10ee1f483396e2cfd5227b6e4c3f7c8b
rule,314159,3407,block_03,RPM,4,shifted,1,0,0,100,2000,507,1880,0.2535,0.94,6c11d84632896e7e21097c35bc8949be0d6c8d1c57e6210d58494766ce9bba46
rule,271828,7,block_03,RPM,4,shifted,1,0,0,100,2000,471,1995,0.2355,0.9975,babbe5055150e5e5d800452dc61dda1b3d211a60de7c37eadae846378658c255
rule,271828,42,block_03,RPM,4,shifted,1,0,0,100,2000,100,1261,0.05,0.6305,db3eb42f52a20b23f546ee24e20a211e1f434b1febd2dcdc33dee23aa860a806
rule,271828,123,block_03,RPM,4,shifted,1,0,0,100,2000,719,1918,0.3595,0.959,d8719c636c13ee805e95c787d18cdc4272d1f8d4d168166eb66e348abc6f2da7
rule,271828,2026,block_03,RPM,4,shifted,1,0,0,100,2000,246,1045,0.123,0.5225,c0156f2bf2d889f6af59d8cefedeb3b720e095546e5192bcda73900bc0c70af1
rule,271828,3407,block_03,RPM,4,shifted,1,0,0,100,2000,278,1807,0.139,0.9035,708b454de01da83e20da3b831489c68fce15a87d99e76e19fe6e0d8613876ccc
rule,161803,7,block_03,RPM,4,shifted,1,0,0,100,2000,176,1958,0.088,0.979,d42b29e2f7bc00439efcb3141f0db55adf84ece88d5264bc066b756ef5def2c0
rule,161803,42,block_03,RPM,4,shifted,1,0,0,100,2000,230,1708,0.115,0.854,1c1df00db55b563140e164259b4d26675eba3ab5c882fbbeb25d3ad65cc3f3bb
rule,161803,123,block_03,RPM,4,shifted,1,0,0,100,2000,1238,1941,0.619,0.9705,baa06c1f9260379da7ba42fbea560af4e56fd486be655e7c4343f76b73e493b7
rule,161803,2026,block_03,RPM,4,shifted,1,0,0,100,2000,144,1559,0.072,0.7795,fbfc69d3a02d3c2318b2a14c83e0d6ab28b501ba94eb34db863b413dfe293374
rule,161803,3407,block_03,RPM,4,shifted,1,0,0,100,2000,103,1943,0.0515,0.9715,00bc893a694e7e7ef1e576d93fdc8abb70d52de882880b4da13b3d74ba3110a9
rule,141421,7,block_03,RPM,4,shifted,1,0,0,100,2000,415,1884,0.2075,0.942,d07e9b83ad4dbbac6168146603dd1b2cba2ff523be063b036039f297548d284e
rule,141421,42,block_03,RPM,4,shifted,1,0,0,100,2000,302,1812,0.151,0.906,c61407a2bc04d2ec05d79f0f6158e73bd558efe30521f2c56a0c191fbde59ba3
rule,141421,123,block_03,RPM,4,shifted,1,0,0,100,2000,442,1709,0.221,0.8545,8469470dbe93b813a1ff9f5ea9db24110c92450abae5f47552d3b243a3379a7a
rule,141421,2026,block_03,RPM,4,shifted,1,0,0,100,2000,113,605,0.0565,0.3025,a6ed20ef78457734c1398d2ea29846326b93a039808fa3b1d49c1ca02bc74a5d
rule,141421,3407,block_03,RPM,4,shifted,1,0,0,100,2000,451,1987,0.2255,0.9935,7ced397f47396bc0049c98565747ae379ebf87783c5a7fbf1bba17d95eae7f6b
rule,173205,7,block_03,RPM,4,shifted,1,0,0,100,2000,210,1925,0.105,0.9625,7371d09cdd8e7188b8a3d1a4384594d197918351fe6d53d2c196969a5b8f4e1c
rule,173205,42,block_03,RPM,4,shifted,1,0,0,100,2000,118,1409,0.059,0.7045,f3b1373856aee675d70315264ef33dcac87e8a02cba7af7f166b2af5b2d59ff6
rule,173205,123,block_03,RPM,4,shifted,1,0,0,100,2000,1358,1878,0.679,0.939,f6819e9926d7f856c70ebf326ee7f2d8c140ea9b5af570c56ac3fe496a20ac06
rule,173205,2026,block_03,RPM,4,shifted,1,0,0,100,2000,314,687,0.157,0.3435,af58ef89f7876138cb4cf1a1e371c69bd550d7feb4225849cf1f5e3675e87c1a
rule,173205,3407,block_03,RPM,4,shifted,1,0,0,100,2000,711,1919,0.3555,0.9595,4996c12b6209eb45ae0dbdb1691250b245be0b6fecb46f30399571fc519b5c3c
rule,314159,7,block_03,RPM,4,shifted,1,0,1,101,2000,5,1998,0.0025,0.999,09b08194395debb2e4c30ea7fd1d27c8baf67e8d568a6f6cb1a842e038f346ed
rule,314159,42,block_03,RPM,4,shifted,1,0,1,101,2000,0,2000,0.0,1.0,8a523faeac10844b457627c241d4ee4729a6bb6dd41ff79aaa640064767a8f13
rule,314159,123,block_03,RPM,4,shifted,1,0,1,101,2000,350,2000,0.175,1.0,c81ec1fe7d3cf906172f8c9b79e4facaf3a711fb5cf31bf0f93b7f148c8f20b9
rule,314159,2026,block_03,RPM,4,shifted,1,0,1,101,2000,1,2000,0.0005,1.0,9f89d0fcf4c911b042d944313e1c99ff10ee1f483396e2cfd5227b6e4c3f7c8b
rule,314159,3407,block_03,RPM,4,shifted,1,0,1,101,2000,25,2000,0.0125,1.0,6c11d84632896e7e21097c35bc8949be0d6c8d1c57e6210d58494766ce9bba46
rule,271828,7,block_03,RPM,4,shifted,1,0,1,101,2000,6,2000,0.003,1.0,babbe5055150e5e5d800452dc61dda1b3d211a60de7c37eadae846378658c255
rule,271828,42,block_03,RPM,4,shifted,1,0,1,101,2000,13,1993,0.0065,0.9965,db3eb42f52a20b23f546ee24e20a211e1f434b1febd2dcdc33dee23aa860a806
rule,271828,123,block_03,RPM,4,shifted,1,0,1,101,2000,41,2000,0.0205,1.0,d8719c636c13ee805e95c787d18cdc4272d1f8d4d168166eb66e348abc6f2da7
rule,271828,2026,block_03,RPM,4,shifted,1,0,1,101,2000,33,1997,0.0165,0.9985,c0156f2bf2d889f6af59d8cefedeb3b720e095546e5192bcda73900bc0c70af1
rule,271828,3407,block_03,RPM,4,shifted,1,0,1,101,2000,12,2000,0.006,1.0,708b454de01da83e20da3b831489c68fce15a87d99e76e19fe6e0d8613876ccc
rule,161803,7,block_03,RPM,4,shifted,1,0,1,101,2000,21,1996,0.0105,0.998,d42b29e2f7bc00439efcb3141f0db55adf84ece88d5264bc066b756ef5def2c0
rule,161803,42,block_03,RPM,4,shifted,1,0,1,101,2000,0,2000,0.0,1.0,1c1df00db55b563140e164259b4d26675eba3ab5c882fbbeb25d3ad65cc3f3bb
rule,161803,123,block_03,RPM,4,shifted,1,0,1,101,2000,178,2000,0.089,1.0,baa06c1f9260379da7ba42fbea560af4e56fd486be655e7c4343f76b73e493b7
rule,161803,2026,block_03,RPM,4,shifted,1,0,1,101,2000,1,2000,0.0005,1.0,fbfc69d3a02d3c2318b2a14c83e0d6ab28b501ba94eb34db863b413dfe293374
rule,161803,3407,block_03,RPM,4,shifted,1,0,1,101,2000,0,2000,0.0,1.0,00bc893a694e7e7ef1e576d93fdc8abb70d52de882880b4da13b3d74ba3110a9
rule,141421,7,block_03,RPM,4,shifted,1,0,1,101,2000,8,1992,0.004,0.996,d07e9b83ad4dbbac6168146603dd1b2cba2ff523be063b036039f297548d284e
rule,141421,42,block_03,RPM,4,shifted,1,0,1,101,2000,8,2000,0.004,1.0,c61407a2bc04d2ec05d79f0f6158e73bd558efe30521f2c56a0c191fbde59ba3
rule,141421,123,block_03,RPM,4,shifted,1,0,1,101,2000,5,2000,0.0025,1.0,8469470dbe93b813a1ff9f5ea9db24110c92450abae5f47552d3b243a3379a7a
rule,141421,2026,block_03,RPM,4,shifted,1,0,1,101,2000,7,1973,0.0035,0.9865,a6ed20ef78457734c1398d2ea29846326b93a039808fa3b1d49c1ca02bc74a5d
rule,141421,3407,block_03,RPM,4,shifted,1,0,1,101,2000,43,2000,0.0215,1.0,7ced397f47396bc0049c98565747ae379ebf87783c5a7fbf1bba17d95eae7f6b
rule,173205,7,block_03,RPM,4,shifted,1,0,1,101,2000,0,2000,0.0,1.0,7371d09cdd8e7188b8a3d1a4384594d197918351fe6d53d2c196969a5b8f4e1c
rule,173205,42,block_03,RPM,4,shifted,1,0,1,101,2000,0,2000,0.0,1.0,f3b1373856aee675d70315264ef33dcac87e8a02cba7af7f166b2af5b2d59ff6
rule,173205,123,block_03,RPM,4,shifted,1,0,1,101,2000,566,2000,0.283,1.0,f6819e9926d7f856c70ebf326ee7f2d8c140ea9b5af570c56ac3fe496a20ac06
rule,173205,2026,block_03,RPM,4,shifted,1,0,1,101,2000,26,1996,0.013,0.998,af58ef89f7876138cb4cf1a1e371c69bd550d7feb4225849cf1f5e3675e87c1a
rule,173205,3407,block_03,RPM,4,shifted,1,0,1,101,2000,269,2000,0.1345,1.0,4996c12b6209eb45ae0dbdb1691250b245be0b6fecb46f30399571fc519b5c3c
rule,314159,7,block_03,RPM,4,shifted,1,1,0,110,2000,527,1713,0.2635,0.8565,09b08194395debb2e4c30ea7fd1d27c8baf67e8d568a6f6cb1a842e038f346ed
rule,314159,42,block_03,RPM,4,shifted,1,1,0,110,2000,136,1907,0.068,0.9535,8a523faeac10844b457627c241d4ee4729a6bb6dd41ff79aaa640064767a8f13
rule,314159,123,block_03,RPM,4,shifted,1,1,0,110,2000,247,1677,0.1235,0.8385,c81ec1fe7d3cf906172f8c9b79e4facaf3a711fb5cf31bf0f93b7f148c8f20b9
rule,314159,2026,block_03,RPM,4,shifted,1,1,0,110,2000,446,1909,0.223,0.9545,9f89d0fcf4c911b042d944313e1c99ff10ee1f483396e2cfd5227b6e4c3f7c8b
rule,314159,3407,block_03,RPM,4,shifted,1,1,0,110,2000,817,1695,0.4085,0.8475,6c11d84632896e7e21097c35bc8949be0d6c8d1c57e6210d58494766ce9bba46
rule,271828,7,block_03,RPM,4,shifted,1,1,0,110,2000,729,1961,0.3645,0.9805,babbe5055150e5e5d800452dc61dda1b3d211a60de7c37eadae846378658c255
rule,271828,42,block_03,RPM,4,shifted,1,1,0,110,2000,203,1440,0.1015,0.72,db3eb42f52a20b23f546ee24e20a211e1f434b1febd2dcdc33dee23aa860a806
rule,271828,123,block_03,RPM,4,shifted,1,1,0,110,2000,239,1752,0.1195,0.876,d8719c636c13ee805e95c787d18cdc4272d1f8d4d168166eb66e348abc6f2da7
rule,271828,2026,block_03,RPM,4,shifted,1,1,0,110,2000,406,1326,0.203,0.663,c0156f2bf2d889f6af59d8cefedeb3b720e095546e5192bcda73900bc0c70af1
rule,271828,3407,block_03,RPM,4,shifted,1,1,0,110,2000,445,1417,0.2225,0.7085,708b454de01da83e20da3b831489c68fce15a87d99e76e19fe6e0d8613876ccc
rule,161803,7,block_03,RPM,4,shifted,1,1,0,110,2000,399,1878,0.1995,0.939,d42b29e2f7bc00439efcb3141f0db55adf84ece88d5264bc066b756ef5def2c0
rule,161803,42,block_03,RPM,4,shifted,1,1,0,110,2000,293,1536,0.1465,0.768,1c1df00db55b563140e164259b4d26675eba3ab5c882fbbeb25d3ad65cc3f3bb
rule,161803,123,block_03,RPM,4,shifted,1,1,0,110,2000,555,1736,0.2775,0.868,baa06c1f9260379da7ba42fbea560af4e56fd486be655e7c4343f76b73e493b7
rule,161803,2026,block_03,RPM,4,shifted,1,1,0,110,2000,134,1505,0.067,0.7525,fbfc69d3a02d3c2318b2a14c83e0d6ab28b501ba94eb34db863b413dfe293374
rule,161803,3407,block_03,RPM,4,shifted,1,1,0,110,2000,249,1903,0.1245,0.9515,00bc893a694e7e7ef1e576d93fdc8abb70d52de882880b4da13b3d74ba3110a9
rule,141421,7,block_03,RPM,4,shifted,1,1,0,110,2000,819,1773,0.4095,0.8865,d07e9b83ad4dbbac6168146603dd1b2cba2ff523be063b036039f297548d284e
rule,141421,42,block_03,RPM,4,shifted,1,1,0,110,2000,239,1774,0.1195,0.887,c61407a2bc04d2ec05d79f0f6158e73bd558efe30521f2c56a0c191fbde59ba3
rule,141421,123,block_03,RPM,4,shifted,1,1,0,110,2000,115,1434,0.0575,0.717,8469470dbe93b813a1ff9f5ea9db24110c92450abae5f47552d3b243a3379a7a
rule,141421,2026,block_03,RPM,4,shifted,1,1,0,110,2000,179,720,0.0895,0.36,a6ed20ef78457734c1398d2ea29846326b93a039808fa3b1d49c1ca02bc74a5d
rule,141421,3407,block_03,RPM,4,shifted,1,1,0,110,2000,552,1928,0.276,0.964,7ced397f47396bc0049c98565747ae379ebf87783c5a7fbf1bba17d95eae7f6b
rule,173205,7,block_03,RPM,4,shifted,1,1,0,110,2000,266,1698,0.133,0.849,7371d09cdd8e7188b8a3d1a4384594d197918351fe6d53d2c196969a5b8f4e1c
rule,173205,42,block_03,RPM,4,shifted,1,1,0,110,2000,164,1306,0.082,0.653,f3b1373856aee675d70315264ef33dcac87e8a02cba7af7f166b2af5b2d59ff6
rule,173205,123,block_03,RPM,4,shifted,1,1,0,110,2000,881,1736,0.4405,0.868,f6819e9926d7f856c70ebf326ee7f2d8c140ea9b5af570c56ac3fe496a20ac06
rule,173205,2026,block_03,RPM,4,shifted,1,1,0,110,2000,285,906,0.1425,0.453,af58ef89f7876138cb4cf1a1e371c69bd550d7feb4225849cf1f5e3675e87c1a
rule,173205,3407,block_03,RPM,4,shifted,1,1,0,110,2000,889,1761,0.4445,0.8805,4996c12b6209eb45ae0dbdb1691250b245be0b6fecb46f30399571fc519b5c3c
rule,314159,7,block_03,RPM,4,shifted,1,1,1,111,2000,48,1999,0.024,0.9995,09b08194395debb2e4c30ea7fd1d27c8baf67e8d568a6f6cb1a842e038f346ed
rule,314159,42,block_03,RPM,4,shifted,1,1,1,111,2000,7,2000,0.0035,1.0,8a523faeac10844b457627c241d4ee4729a6bb6dd41ff79aaa640064767a8f13
rule,314159,123,block_03,RPM,4,shifted,1,1,1,111,2000,13,2000,0.0065,1.0,c81ec1fe7d3cf906172f8c9b79e4facaf3a711fb5cf31bf0f93b7f148c8f20b9
rule,314159,2026,block_03,RPM,4,shifted,1,1,1,111,2000,19,2000,0.0095,1.0,9f89d0fcf4c911b042d944313e1c99ff10ee1f483396e2cfd5227b6e4c3f7c8b
rule,314159,3407,block_03,RPM,4,shifted,1,1,1,111,2000,134,2000,0.067,1.0,6c11d84632896e7e21097c35bc8949be0d6c8d1c57e6210d58494766ce9bba46
rule,271828,7,block_03,RPM,4,shifted,1,1,1,111,2000,49,2000,0.0245,1.0,babbe5055150e5e5d800452dc61dda1b3d211a60de7c37eadae846378658c255
rule,271828,42,block_03,RPM,4,shifted,1,1,1,111,2000,31,2000,0.0155,1.0,db3eb42f52a20b23f546ee24e20a211e1f434b1febd2dcdc33dee23aa860a806
rule,271828,123,block_03,RPM,4,shifted,1,1,1,111,2000,14,2000,0.007,1.0,d8719c636c13ee805e95c787d18cdc4272d1f8d4d168166eb66e348abc6f2da7
rule,271828,2026,block_03,RPM,4,shifted,1,1,1,111,2000,234,1998,0.117,0.999,c0156f2bf2d889f6af59d8cefedeb3b720e095546e5192bcda73900bc0c70af1
rule,271828,3407,block_03,RPM,4,shifted,1,1,1,111,2000,52,2000,0.026,1.0,708b454de01da83e20da3b831489c68fce15a87d99e76e19fe6e0d8613876ccc
rule,161803,7,block_03,RPM,4,shifted,1,1,1,111,2000,47,2000,0.0235,1.0,d42b29e2f7bc00439efcb3141f0db55adf84ece88d5264bc066b756ef5def2c0
rule,161803,42,block_03,RPM,4,shifted,1,1,1,111,2000,1,2000,0.0005,1.0,1c1df00db55b563140e164259b4d26675eba3ab5c882fbbeb25d3ad65cc3f3bb
rule,161803,123,block_03,RPM,4,shifted,1,1,1,111,2000,42,2000,0.021,1.0,baa06c1f9260379da7ba42fbea560af4e56fd486be655e7c4343f76b73e493b7
rule,161803,2026,block_03,RPM,4,shifted,1,1,1,111,2000,1,1999,0.0005,0.9995,fbfc69d3a02d3c2318b2a14c83e0d6ab28b501ba94eb34db863b413dfe293374
rule,161803,3407,block_03,RPM,4,shifted,1,1,1,111,2000,3,2000,0.0015,1.0,00bc893a694e7e7ef1e576d93fdc8abb70d52de882880b4da13b3d74ba3110a9
rule,141421,7,block_03,RPM,4,shifted,1,1,1,111,2000,284,1998,0.142,0.999,d07e9b83ad4dbbac6168146603dd1b2cba2ff523be063b036039f297548d284e
rule,141421,42,block_03,RPM,4,shifted,1,1,1,111,2000,4,2000,0.002,1.0,c61407a2bc04d2ec05d79f0f6158e73bd558efe30521f2c56a0c191fbde59ba3
rule,141421,123,block_03,RPM,4,shifted,1,1,1,111,2000,1,2000,0.0005,1.0,8469470dbe93b813a1ff9f5ea9db24110c92450abae5f47552d3b243a3379a7a
rule,141421,2026,block_03,RPM,4,shifted,1,1,1,111,2000,39,1843,0.0195,0.9215,a6ed20ef78457734c1398d2ea29846326b93a039808fa3b1d49c1ca02bc74a5d
rule,141421,3407,block_03,RPM,4,shifted,1,1,1,111,2000,110,2000,0.055,1.0,7ced397f47396bc0049c98565747ae379ebf87783c5a7fbf1bba17d95eae7f6b
rule,173205,7,block_03,RPM,4,shifted,1,1,1,111,2000,23,2000,0.0115,1.0,7371d09cdd8e7188b8a3d1a4384594d197918351fe6d53d2c196969a5b8f4e1c
rule,173205,42,block_03,RPM,4,shifted,1,1,1,111,2000,9,1999,0.0045,0.9995,f3b1373856aee675d70315264ef33dcac87e8a02cba7af7f166b2af5b2d59ff6
rule,173205,123,block_03,RPM,4,shifted,1,1,1,111,2000,161,2000,0.0805,1.0,f6819e9926d7f856c70ebf326ee7f2d8c140ea9b5af570c56ac3fe496a20ac06
rule,173205,2026,block_03,RPM,4,shifted,1,1,1,111,2000,46,1987,0.023,0.9935,af58ef89f7876138cb4cf1a1e371c69bd550d7feb4225849cf1f5e3675e87c1a
rule,173205,3407,block_03,RPM,4,shifted,1,1,1,111,2000,275,2000,0.1375,1.0,4996c12b6209eb45ae0dbdb1691250b245be0b6fecb46f30399571fc519b5c3c
