row_scope,pipeline_seed,block_id,attack,id_stratum,cell,n,fresh_exact_correct,frozen_exact_correct,exact_correct_difference,fresh_binary_correct,frozen_binary_correct,binary_correct_difference,fresh_exact_recall,frozen_exact_recall,exact_recall_difference,fresh_binary_recall,frozen_binary_recall,binary_recall_difference,fresh_normal_correct,frozen_normal_correct,normal_correct_difference,fresh_normal_recall,frozen_normal_recall,normal_recall_difference,fpr_difference,status,fresh_checkpoint_sha256,frozen_checkpoint_sha256,checkpoint_bytes_identical,checkpoint_byte_identity_changes_outcome_status
scenario,7,block_01,Gear,canonical,000,2000,2000,2000,0,2000,2000,0,1.0,1.0,0.0,1.0,1.0,0.0,,,,,,,,anchor-outcome-identical,09b08194395debb2e4c30ea7fd1d27c8baf67e8d568a6f6cb1a842e038f346ed,2eccea8cfc2d734602b8d70f0cd728b7b9c311e262dc51bdec4e7c9957f9fc32,False,False
scenario,7,block_01,Gear,canonical,001,2000,2000,2000,0,2000,2000,0,1.0,1.0,0.0,1.0,1.0,0.0,,,,,,,,anchor-outcome-identical,09b08194395debb2e4c30ea7fd1d27c8baf67e8d568a6f6cb1a842e038f346ed,2eccea8cfc2d734602b8d70f0cd728b7b9c311e262dc51bdec4e7c9957f9fc32,False,False
scenario,7,block_01,Gear,canonical,010,2000,2000,2000,0,2000,2000,0,1.0,1.0,0.0,1.0,1.0,0.0,,,,,,,,anchor-outcome-identical,09b08194395debb2e4c30ea7fd1d27c8baf67e8d568a6f6cb1a842e038f346ed,2eccea8cfc2d734602b8d70f0cd728b7b9c311e262dc51bdec4e7c9957f9fc32,False,False
scenario,7,block_01,Gear,canonical,011,2000,2000,2000,0,2000,2000,0,1.0,1.0,0.0,1.0,1.0,0.0,,,,,,,,anchor-outcome-identical,09b08194395debb2e4c30ea7fd1d27c8baf67e8d568a6f6cb1a842e038f346ed,2eccea8cfc2d734602b8d70f0cd728b7b9c311e262dc51bdec4e7c9957f9fc32,False,False
scenario,7,block_01,Gear,canonical,100,2000,77,0,77,1982,2000,-18,0.0385,0.0,0.0385,0.991,1.0,-0.009,,,,,,,,anchor-outcome-drift,09b08194395debb2e4c30ea7fd1d27c8baf67e8d568a6f6cb1a842e038f346ed,2eccea8cfc2d734602b8d70f0cd728b7b9c311e262dc51bdec4e7c9957f9fc32,False,False
scenario,7,block_01,Gear,canonical,101,2000,7,0,7,1998,2000,-2,0.0035,0.0,0.0035,0.999,1.0,-0.001,,,,,,,,anchor-outcome-drift,09b08194395debb2e4c30ea7fd1d27c8baf67e8d568a6f6cb1a842e038f346ed,2eccea8cfc2d734602b8d70f0cd728b7b9c311e262dc51bdec4e7c9957f9fc32,False,False
scenario,7,block_01,Gear,canonical,110,2000,674,20,654,1987,2000,-13,0.337,0.01,0.327,0.9935,1.0,-0.0065,,,,,,,,anchor-outcome-drift,09b08194395debb2e4c30ea7fd1d27c8baf67e8d568a6f6cb1a842e038f346ed,2eccea8cfc2d734602b8d70f0cd728b7b9c311e262dc51bdec4e7c9957f9fc32,False,False
scenario,7,block_01,Gear,canonical,111,2000,469,4,465,1986,2000,-14,0.2345,0.002,0.2325,0.993,1.0,-0.007,,,,,,,,anchor-outcome-drift,09b08194395debb2e4c30ea7fd1d27c8baf67e8d568a6f6cb1a842e038f346ed,2eccea8cfc2d734602b8d70f0cd728b7b9c311e262dc51bdec4e7c9957f9fc32,False,False
scenario,7,block_01,Gear,shifted,000,2000,2000,2000,0,2000,2000,0,1.0,1.0,0.0,1.0,1.0,0.0,,,,,,,,anchor-outcome-identical,09b08194395debb2e4c30ea7fd1d27c8baf67e8d568a6f6cb1a842e038f346ed,2eccea8cfc2d734602b8d70f0cd728b7b9c311e262dc51bdec4e7c9957f9fc32,False,False
scenario,7,block_01,Gear,shifted,001,2000,2000,2000,0,2000,2000,0,1.0,1.0,0.0,1.0,1.0,0.0,,,,,,,,anchor-outcome-identical,09b08194395debb2e4c30ea7fd1d27c8baf67e8d568a6f6cb1a842e038f346ed,2eccea8cfc2d734602b8d70f0cd728b7b9c311e262dc51bdec4e7c9957f9fc32,False,False
scenario,7,block_01,Gear,shifted,010,2000,2000,2000,0,2000,2000,0,1.0,1.0,0.0,1.0,1.0,0.0,,,,,,,,anchor-outcome-identical,09b08194395debb2e4c30ea7fd1d27c8baf67e8d568a6f6cb1a842e038f346ed,2eccea8cfc2d734602b8d70f0cd728b7b9c311e262dc51bdec4e7c9957f9fc32,False,False
scenario,7,block_01,Gear,shifted,011,2000,2000,2000,0,2000,2000,0,1.0,1.0,0.0,1.0,1.0,0.0,,,,,,,,anchor-outcome-identical,09b08194395debb2e4c30ea7fd1d27c8baf67e8d568a6f6cb1a842e038f346ed,2eccea8cfc2d734602b8d70f0cd728b7b9c311e262dc51bdec4e7c9957f9fc32,False,False
scenario,7,block_01,Gear,shifted,100,2000,78,0,78,1982,2000,-18,0.039,0.0,0.039,0.991,1.0,-0.009,,,,,,,,anchor-outcome-drift,09b08194395debb2e4c30ea7fd1d27c8baf67e8d568a6f6cb1a842e038f346ed,2eccea8cfc2d734602b8d70f0cd728b7b9c311e262dc51bdec4e7c9957f9fc32,False,False
scenario,7,block_01,Gear,shifted,101,2000,7,0,7,1998,2000,-2,0.0035,0.0,0.0035,0.999,1.0,-0.001,,,,,,,,anchor-outcome-drift,09b08194395debb2e4c30ea7fd1d27c8baf67e8d568a6f6cb1a842e038f346ed,2eccea8cfc2d734602b8d70f0cd728b7b9c311e262dc51bdec4e7c9957f9fc32,False,False
scenario,7,block_01,Gear,shifted,110,2000,700,20,680,1987,2000,-13,0.35,0.01,0.34,0.9935,1.0,-0.0065,,,,,,,,anchor-outcome-drift,09b08194395debb2e4c30ea7fd1d27c8baf67e8d568a6f6cb1a842e038f346ed,2eccea8cfc2d734602b8d70f0cd728b7b9c311e262dc51bdec4e7c9957f9fc32,False,False
scenario,7,block_01,Gear,shifted,111,2000,482,5,477,1986,2000,-14,0.241,0.0025,0.2385,0.993,1.0,-0.007,,,,,,,,anchor-outcome-drift,09b08194395debb2e4c30ea7fd1d27c8baf67e8d568a6f6cb1a842e038f346ed,2eccea8cfc2d734602b8d70f0cd728b7b9c311e262dc51bdec4e7c9957f9fc32,False,False
scenario,7,block_01,RPM,canonical,000,2000,2000,2000,0,2000,2000,0,1.0,1.0,0.0,1.0,1.0,0.0,,,,,,,,anchor-outcome-identical,09b08194395debb2e4c30ea7fd1d27c8baf67e8d568a6f6cb1a842e038f346ed,2eccea8cfc2d734602b8d70f0cd728b7b9c311e262dc51bdec4e7c9957f9fc32,False,False
scenario,7,block_01,RPM,canonical,001,2000,2000,2000,0,2000,2000,0,1.0,1.0,0.0,1.0,1.0,0.0,,,,,,,,anchor-outcome-identical,09b08194395debb2e4c30ea7fd1d27c8baf67e8d568a6f6cb1a842e038f346ed,2eccea8cfc2d734602b8d70f0cd728b7b9c311e262dc51bdec4e7c9957f9fc32,False,False
scenario,7,block_01,RPM,canonical,010,2000,2000,2000,0,2000,2000,0,1.0,1.0,0.0,1.0,1.0,0.0,,,,,,,,anchor-outcome-identical,09b08194395debb2e4c30ea7fd1d27c8baf67e8d568a6f6cb1a842e038f346ed,2eccea8cfc2d734602b8d70f0cd728b7b9c311e262dc51bdec4e7c9957f9fc32,False,False
scenario,7,block_01,RPM,canonical,011,2000,2000,2000,0,2000,2000,0,1.0,1.0,0.0,1.0,1.0,0.0,,,,,,,,anchor-outcome-identical,09b08194395debb2e4c30ea7fd1d27c8baf67e8d568a6f6cb1a842e038f346ed,2eccea8cfc2d734602b8d70f0cd728b7b9c311e262dc51bdec4e7c9957f9fc32,False,False
scenario,7,block_01,RPM,canonical,100,2000,375,41,334,1943,2000,-57,0.1875,0.0205,0.167,0.9715,1.0,-0.0285,,,,,,,,anchor-outcome-drift,09b08194395debb2e4c30ea7fd1d27c8baf67e8d568a6f6cb1a842e038f346ed,2eccea8cfc2d734602b8d70f0cd728b7b9c311e262dc51bdec4e7c9957f9fc32,False,False
scenario,7,block_01,RPM,canonical,101,2000,2,0,2,2000,2000,0,0.001,0.0,0.001,1.0,1.0,0.0,,,,,,,,anchor-outcome-drift,09b08194395debb2e4c30ea7fd1d27c8baf67e8d568a6f6cb1a842e038f346ed,2eccea8cfc2d734602b8d70f0cd728b7b9c311e262dc51bdec4e7c9957f9fc32,False,False
scenario,7,block_01,RPM,canonical,110,2000,465,84,381,1672,1966,-294,0.2325,0.042,0.1905,0.836,0.983,-0.147,,,,,,,,anchor-outcome-drift,09b08194395debb2e4c30ea7fd1d27c8baf67e8d568a6f6cb1a842e038f346ed,2eccea8cfc2d734602b8d70f0cd728b7b9c311e262dc51bdec4e7c9957f9fc32,False,False
scenario,7,block_01,RPM,canonical,111,2000,49,0,49,1997,2000,-3,0.0245,0.0,0.0245,0.9985,1.0,-0.0015,,,,,,,,anchor-outcome-drift,09b08194395debb2e4c30ea7fd1d27c8baf67e8d568a6f6cb1a842e038f346ed,2eccea8cfc2d734602b8d70f0cd728b7b9c311e262dc51bdec4e7c9957f9fc32,False,False
scenario,7,block_01,RPM,shifted,000,2000,2000,2000,0,2000,2000,0,1.0,1.0,0.0,1.0,1.0,0.0,,,,,,,,anchor-outcome-identical,09b08194395debb2e4c30ea7fd1d27c8baf67e8d568a6f6cb1a842e038f346ed,2eccea8cfc2d734602b8d70f0cd728b7b9c311e262dc51bdec4e7c9957f9fc32,False,False
scenario,7,block_01,RPM,shifted,001,2000,2000,2000,0,2000,2000,0,1.0,1.0,0.0,1.0,1.0,0.0,,,,,,,,anchor-outcome-identical,09b08194395debb2e4c30ea7fd1d27c8baf67e8d568a6f6cb1a842e038f346ed,2eccea8cfc2d734602b8d70f0cd728b7b9c311e262dc51bdec4e7c9957f9fc32,False,False
scenario,7,block_01,RPM,shifted,010,2000,2000,2000,0,2000,2000,0,1.0,1.0,0.0,1.0,1.0,0.0,,,,,,,,anchor-outcome-identical,09b08194395debb2e4c30ea7fd1d27c8baf67e8d568a6f6cb1a842e038f346ed,2eccea8cfc2d734602b8d70f0cd728b7b9c311e262dc51bdec4e7c9957f9fc32,False,False
scenario,7,block_01,RPM,shifted,011,2000,2000,2000,0,2000,2000,0,1.0,1.0,0.0,1.0,1.0,0.0,,,,,,,,anchor-outcome-identical,09b08194395debb2e4c30ea7fd1d27c8baf67e8d568a6f6cb1a842e038f346ed,2eccea8cfc2d734602b8d70f0cd728b7b9c311e262dc51bdec4e7c9957f9fc32,False,False
scenario,7,block_01,RPM,shifted,100,2000,419,44,375,1954,2000,-46,0.2095,0.022,0.1875,0.977,1.0,-0.023,,,,,,,,anchor-outcome-drift,09b08194395debb2e4c30ea7fd1d27c8baf67e8d568a6f6cb1a842e038f346ed,2eccea8cfc2d734602b8d70f0cd728b7b9c311e262dc51bdec4e7c9957f9fc32,False,False
scenario,7,block_01,RPM,shifted,101,2000,3,0,3,2000,2000,0,0.0015,0.0,0.0015,1.0,1.0,0.0,,,,,,,,anchor-outcome-drift,09b08194395debb2e4c30ea7fd1d27c8baf67e8d568a6f6cb1a842e038f346ed,2eccea8cfc2d734602b8d70f0cd728b7b9c311e262dc51bdec4e7c9957f9fc32,False,False
scenario,7,block_01,RPM,shifted,110,2000,506,85,421,1721,1973,-252,0.253,0.0425,0.2105,0.8605,0.9865,-0.126,,,,,,,,anchor-outcome-drift,09b08194395debb2e4c30ea7fd1d27c8baf67e8d568a6f6cb1a842e038f346ed,2eccea8cfc2d734602b8d70f0cd728b7b9c311e262dc51bdec4e7c9957f9fc32,False,False
scenario,7,block_01,RPM,shifted,111,2000,50,0,50,1997,2000,-3,0.025,0.0,0.025,0.9985,1.0,-0.0015,,,,,,,,anchor-outcome-drift,09b08194395debb2e4c30ea7fd1d27c8baf67e8d568a6f6cb1a842e038f346ed,2eccea8cfc2d734602b8d70f0cd728b7b9c311e262dc51bdec4e7c9957f9fc32,False,False
scenario,7,block_02,Gear,canonical,000,2000,1998,1998,0,2000,1999,1,0.999,0.999,0.0,1.0,0.9995,0.0005,,,,,,,,anchor-outcome-drift,09b08194395debb2e4c30ea7fd1d27c8baf67e8d568a6f6cb1a842e038f346ed,2eccea8cfc2d734602b8d70f0cd728b7b9c311e262dc51bdec4e7c9957f9fc32,False,False
scenario,7,block_02,Gear,canonical,001,2000,1998,1998,0,2000,1999,1,0.999,0.999,0.0,1.0,0.9995,0.0005,,,,,,,,anchor-outcome-drift,09b08194395debb2e4c30ea7fd1d27c8baf67e8d568a6f6cb1a842e038f346ed,2eccea8cfc2d734602b8d70f0cd728b7b9c311e262dc51bdec4e7c9957f9fc32,False,False
scenario,7,block_02,Gear,canonical,010,2000,1998,1998,0,2000,1999,1,0.999,0.999,0.0,1.0,0.9995,0.0005,,,,,,,,anchor-outcome-drift,09b08194395debb2e4c30ea7fd1d27c8baf67e8d568a6f6cb1a842e038f346ed,2eccea8cfc2d734602b8d70f0cd728b7b9c311e262dc51bdec4e7c9957f9fc32,False,False
scenario,7,block_02,Gear,canonical,011,2000,1998,1998,0,2000,1999,1,0.999,0.999,0.0,1.0,0.9995,0.0005,,,,,,,,anchor-outcome-drift,09b08194395debb2e4c30ea7fd1d27c8baf67e8d568a6f6cb1a842e038f346ed,2eccea8cfc2d734602b8d70f0cd728b7b9c311e262dc51bdec4e7c9957f9fc32,False,False
scenario,7,block_02,Gear,canonical,100,2000,99,1,98,1982,1999,-17,0.0495,0.0005,0.049,0.991,0.9995,-0.0085,,,,,,,,anchor-outcome-drift,09b08194395debb2e4c30ea7fd1d27c8baf67e8d568a6f6cb1a842e038f346ed,2eccea8cfc2d734602b8d70f0cd728b7b9c311e262dc51bdec4e7c9957f9fc32,False,False
scenario,7,block_02,Gear,canonical,101,2000,20,0,20,1998,1999,-1,0.01,0.0,0.01,0.999,0.9995,-0.0005,,,,,,,,anchor-outcome-drift,09b08194395debb2e4c30ea7fd1d27c8baf67e8d568a6f6cb1a842e038f346ed,2eccea8cfc2d734602b8d70f0cd728b7b9c311e262dc51bdec4e7c9957f9fc32,False,False
scenario,7,block_02,Gear,canonical,110,2000,702,14,688,1988,1999,-11,0.351,0.007,0.344,0.994,0.9995,-0.0055,,,,,,,,anchor-outcome-drift,09b08194395debb2e4c30ea7fd1d27c8baf67e8d568a6f6cb1a842e038f346ed,2eccea8cfc2d734602b8d70f0cd728b7b9c311e262dc51bdec4e7c9957f9fc32,False,False
scenario,7,block_02,Gear,canonical,111,2000,454,4,450,1989,1999,-10,0.227,0.002,0.225,0.9945,0.9995,-0.005,,,,,,,,anchor-outcome-drift,09b08194395debb2e4c30ea7fd1d27c8baf67e8d568a6f6cb1a842e038f346ed,2eccea8cfc2d734602b8d70f0cd728b7b9c311e262dc51bdec4e7c9957f9fc32,False,False
scenario,7,block_02,Gear,shifted,000,2000,1998,1998,0,2000,1999,1,0.999,0.999,0.0,1.0,0.9995,0.0005,,,,,,,,anchor-outcome-drift,09b08194395debb2e4c30ea7fd1d27c8baf67e8d568a6f6cb1a842e038f346ed,2eccea8cfc2d734602b8d70f0cd728b7b9c311e262dc51bdec4e7c9957f9fc32,False,False
scenario,7,block_02,Gear,shifted,001,2000,1998,1998,0,2000,1999,1,0.999,0.999,0.0,1.0,0.9995,0.0005,,,,,,,,anchor-outcome-drift,09b08194395debb2e4c30ea7fd1d27c8baf67e8d568a6f6cb1a842e038f346ed,2eccea8cfc2d734602b8d70f0cd728b7b9c311e262dc51bdec4e7c9957f9fc32,False,False
scenario,7,block_02,Gear,shifted,010,2000,1998,1998,0,2000,1999,1,0.999,0.999,0.0,1.0,0.9995,0.0005,,,,,,,,anchor-outcome-drift,09b08194395debb2e4c30ea7fd1d27c8baf67e8d568a6f6cb1a842e038f346ed,2eccea8cfc2d734602b8d70f0cd728b7b9c311e262dc51bdec4e7c9957f9fc32,False,False
scenario,7,block_02,Gear,shifted,011,2000,1998,1998,0,2000,1999,1,0.999,0.999,0.0,1.0,0.9995,0.0005,,,,,,,,anchor-outcome-drift,09b08194395debb2e4c30ea7fd1d27c8baf67e8d568a6f6cb1a842e038f346ed,2eccea8cfc2d734602b8d70f0cd728b7b9c311e262dc51bdec4e7c9957f9fc32,False,False
scenario,7,block_02,Gear,shifted,100,2000,100,1,99,1983,1999,-16,0.05,0.0005,0.0495,0.9915,0.9995,-0.008,,,,,,,,anchor-outcome-drift,09b08194395debb2e4c30ea7fd1d27c8baf67e8d568a6f6cb1a842e038f346ed,2eccea8cfc2d734602b8d70f0cd728b7b9c311e262dc51bdec4e7c9957f9fc32,False,False
scenario,7,block_02,Gear,shifted,101,2000,21,0,21,1998,1999,-1,0.0105,0.0,0.0105,0.999,0.9995,-0.0005,,,,,,,,anchor-outcome-drift,09b08194395debb2e4c30ea7fd1d27c8baf67e8d568a6f6cb1a842e038f346ed,2eccea8cfc2d734602b8d70f0cd728b7b9c311e262dc51bdec4e7c9957f9fc32,False,False
scenario,7,block_02,Gear,shifted,110,2000,711,14,697,1988,1999,-11,0.3555,0.007,0.3485,0.994,0.9995,-0.0055,,,,,,,,anchor-outcome-drift,09b08194395debb2e4c30ea7fd1d27c8baf67e8d568a6f6cb1a842e038f346ed,2eccea8cfc2d734602b8d70f0cd728b7b9c311e262dc51bdec4e7c9957f9fc32,False,False
scenario,7,block_02,Gear,shifted,111,2000,460,4,456,1989,1999,-10,0.23,0.002,0.228,0.9945,0.9995,-0.005,,,,,,,,anchor-outcome-drift,09b08194395debb2e4c30ea7fd1d27c8baf67e8d568a6f6cb1a842e038f346ed,2eccea8cfc2d734602b8d70f0cd728b7b9c311e262dc51bdec4e7c9957f9fc32,False,False
scenario,7,block_02,RPM,canonical,000,2000,1998,1999,-1,2000,1999,1,0.999,0.9995,-0.0005,1.0,0.9995,0.0005,,,,,,,,anchor-outcome-drift,09b08194395debb2e4c30ea7fd1d27c8baf67e8d568a6f6cb1a842e038f346ed,2eccea8cfc2d734602b8d70f0cd728b7b9c311e262dc51bdec4e7c9957f9fc32,False,False
scenario,7,block_02,RPM,canonical,001,2000,1998,1999,-1,2000,1999,1,0.999,0.9995,-0.0005,1.0,0.9995,0.0005,,,,,,,,anchor-outcome-drift,09b08194395debb2e4c30ea7fd1d27c8baf67e8d568a6f6cb1a842e038f346ed,2eccea8cfc2d734602b8d70f0cd728b7b9c311e262dc51bdec4e7c9957f9fc32,False,False
scenario,7,block_02,RPM,canonical,010,2000,1998,1999,-1,2000,1999,1,0.999,0.9995,-0.0005,1.0,0.9995,0.0005,,,,,,,,anchor-outcome-drift,09b08194395debb2e4c30ea7fd1d27c8baf67e8d568a6f6cb1a842e038f346ed,2eccea8cfc2d734602b8d70f0cd728b7b9c311e262dc51bdec4e7c9957f9fc32,False,False
scenario,7,block_02,RPM,canonical,011,2000,1998,1999,-1,2000,1999,1,0.999,0.9995,-0.0005,1.0,0.9995,0.0005,,,,,,,,anchor-outcome-drift,09b08194395debb2e4c30ea7fd1d27c8baf67e8d568a6f6cb1a842e038f346ed,2eccea8cfc2d734602b8d70f0cd728b7b9c311e262dc51bdec4e7c9957f9fc32,False,False
scenario,7,block_02,RPM,canonical,100,2000,390,48,342,1948,1996,-48,0.195,0.024,0.171,0.974,0.998,-0.024,,,,,,,,anchor-outcome-drift,09b08194395debb2e4c30ea7fd1d27c8baf67e8d568a6f6cb1a842e038f346ed,2eccea8cfc2d734602b8d70f0cd728b7b9c311e262dc51bdec4e7c9957f9fc32,False,False
scenario,7,block_02,RPM,canonical,101,2000,7,1,6,2000,1999,1,0.0035,0.0005,0.003,1.0,0.9995,0.0005,,,,,,,,anchor-outcome-drift,09b08194395debb2e4c30ea7fd1d27c8baf67e8d568a6f6cb1a842e038f346ed,2eccea8cfc2d734602b8d70f0cd728b7b9c311e262dc51bdec4e7c9957f9fc32,False,False
scenario,7,block_02,RPM,canonical,110,2000,451,101,350,1706,1959,-253,0.2255,0.0505,0.175,0.853,0.9795,-0.1265,,,,,,,,anchor-outcome-drift,09b08194395debb2e4c30ea7fd1d27c8baf67e8d568a6f6cb1a842e038f346ed,2eccea8cfc2d734602b8d70f0cd728b7b9c311e262dc51bdec4e7c9957f9fc32,False,False
scenario,7,block_02,RPM,canonical,111,2000,32,1,31,1997,1999,-2,0.016,0.0005,0.0155,0.9985,0.9995,-0.001,,,,,,,,anchor-outcome-drift,09b08194395debb2e4c30ea7fd1d27c8baf67e8d568a6f6cb1a842e038f346ed,2eccea8cfc2d734602b8d70f0cd728b7b9c311e262dc51bdec4e7c9957f9fc32,False,False
scenario,7,block_02,RPM,shifted,000,2000,1998,1999,-1,2000,1999,1,0.999,0.9995,-0.0005,1.0,0.9995,0.0005,,,,,,,,anchor-outcome-drift,09b08194395debb2e4c30ea7fd1d27c8baf67e8d568a6f6cb1a842e038f346ed,2eccea8cfc2d734602b8d70f0cd728b7b9c311e262dc51bdec4e7c9957f9fc32,False,False
scenario,7,block_02,RPM,shifted,001,2000,1998,1999,-1,2000,1999,1,0.999,0.9995,-0.0005,1.0,0.9995,0.0005,,,,,,,,anchor-outcome-drift,09b08194395debb2e4c30ea7fd1d27c8baf67e8d568a6f6cb1a842e038f346ed,2eccea8cfc2d734602b8d70f0cd728b7b9c311e262dc51bdec4e7c9957f9fc32,False,False
scenario,7,block_02,RPM,shifted,010,2000,1998,1999,-1,2000,1999,1,0.999,0.9995,-0.0005,1.0,0.9995,0.0005,,,,,,,,anchor-outcome-drift,09b08194395debb2e4c30ea7fd1d27c8baf67e8d568a6f6cb1a842e038f346ed,2eccea8cfc2d734602b8d70f0cd728b7b9c311e262dc51bdec4e7c9957f9fc32,False,False
scenario,7,block_02,RPM,shifted,011,2000,1998,1999,-1,2000,1999,1,0.999,0.9995,-0.0005,1.0,0.9995,0.0005,,,,,,,,anchor-outcome-drift,09b08194395debb2e4c30ea7fd1d27c8baf67e8d568a6f6cb1a842e038f346ed,2eccea8cfc2d734602b8d70f0cd728b7b9c311e262dc51bdec4e7c9957f9fc32,False,False
scenario,7,block_02,RPM,shifted,100,2000,429,51,378,1958,1997,-39,0.2145,0.0255,0.189,0.979,0.9985,-0.0195,,,,,,,,anchor-outcome-drift,09b08194395debb2e4c30ea7fd1d27c8baf67e8d568a6f6cb1a842e038f346ed,2eccea8cfc2d734602b8d70f0cd728b7b9c311e262dc51bdec4e7c9957f9fc32,False,False
scenario,7,block_02,RPM,shifted,101,2000,7,1,6,2000,1999,1,0.0035,0.0005,0.003,1.0,0.9995,0.0005,,,,,,,,anchor-outcome-drift,09b08194395debb2e4c30ea7fd1d27c8baf67e8d568a6f6cb1a842e038f346ed,2eccea8cfc2d734602b8d70f0cd728b7b9c311e262dc51bdec4e7c9957f9fc32,False,False
scenario,7,block_02,RPM,shifted,110,2000,498,105,393,1741,1966,-225,0.249,0.0525,0.1965,0.8705,0.983,-0.1125,,,,,,,,anchor-outcome-drift,09b08194395debb2e4c30ea7fd1d27c8baf67e8d568a6f6cb1a842e038f346ed,2eccea8cfc2d734602b8d70f0cd728b7b9c311e262dc51bdec4e7c9957f9fc32,False,False
scenario,7,block_02,RPM,shifted,111,2000,36,1,35,1997,1999,-2,0.018,0.0005,0.0175,0.9985,0.9995,-0.001,,,,,,,,anchor-outcome-drift,09b08194395debb2e4c30ea7fd1d27c8baf67e8d568a6f6cb1a842e038f346ed,2eccea8cfc2d734602b8d70f0cd728b7b9c311e262dc51bdec4e7c9957f9fc32,False,False
scenario,7,block_03,Gear,canonical,000,2000,2000,2000,0,2000,2000,0,1.0,1.0,0.0,1.0,1.0,0.0,,,,,,,,anchor-outcome-identical,09b08194395debb2e4c30ea7fd1d27c8baf67e8d568a6f6cb1a842e038f346ed,2eccea8cfc2d734602b8d70f0cd728b7b9c311e262dc51bdec4e7c9957f9fc32,False,False
scenario,7,block_03,Gear,canonical,001,2000,2000,2000,0,2000,2000,0,1.0,1.0,0.0,1.0,1.0,0.0,,,,,,,,anchor-outcome-identical,09b08194395debb2e4c30ea7fd1d27c8baf67e8d568a6f6cb1a842e038f346ed,2eccea8cfc2d734602b8d70f0cd728b7b9c311e262dc51bdec4e7c9957f9fc32,False,False
scenario,7,block_03,Gear,canonical,010,2000,2000,2000,0,2000,2000,0,1.0,1.0,0.0,1.0,1.0,0.0,,,,,,,,anchor-outcome-identical,09b08194395debb2e4c30ea7fd1d27c8baf67e8d568a6f6cb1a842e038f346ed,2eccea8cfc2d734602b8d70f0cd728b7b9c311e262dc51bdec4e7c9957f9fc32,False,False
scenario,7,block_03,Gear,canonical,011,2000,2000,2000,0,2000,2000,0,1.0,1.0,0.0,1.0,1.0,0.0,,,,,,,,anchor-outcome-identical,09b08194395debb2e4c30ea7fd1d27c8baf67e8d568a6f6cb1a842e038f346ed,2eccea8cfc2d734602b8d70f0cd728b7b9c311e262dc51bdec4e7c9957f9fc32,False,False
scenario,7,block_03,Gear,canonical,100,2000,77,0,77,1988,2000,-12,0.0385,0.0,0.0385,0.994,1.0,-0.006,,,,,,,,anchor-outcome-drift,09b08194395debb2e4c30ea7fd1d27c8baf67e8d568a6f6cb1a842e038f346ed,2eccea8cfc2d734602b8d70f0cd728b7b9c311e262dc51bdec4e7c9957f9fc32,False,False
scenario,7,block_03,Gear,canonical,101,2000,12,0,12,1998,2000,-2,0.006,0.0,0.006,0.999,1.0,-0.001,,,,,,,,anchor-outcome-drift,09b08194395debb2e4c30ea7fd1d27c8baf67e8d568a6f6cb1a842e038f346ed,2eccea8cfc2d734602b8d70f0cd728b7b9c311e262dc51bdec4e7c9957f9fc32,False,False
scenario,7,block_03,Gear,canonical,110,2000,669,20,649,1989,1999,-10,0.3345,0.01,0.3245,0.9945,0.9995,-0.005,,,,,,,,anchor-outcome-drift,09b08194395debb2e4c30ea7fd1d27c8baf67e8d568a6f6cb1a842e038f346ed,2eccea8cfc2d734602b8d70f0cd728b7b9c311e262dc51bdec4e7c9957f9fc32,False,False
scenario,7,block_03,Gear,canonical,111,2000,454,4,450,1988,2000,-12,0.227,0.002,0.225,0.994,1.0,-0.006,,,,,,,,anchor-outcome-drift,09b08194395debb2e4c30ea7fd1d27c8baf67e8d568a6f6cb1a842e038f346ed,2eccea8cfc2d734602b8d70f0cd728b7b9c311e262dc51bdec4e7c9957f9fc32,False,False
scenario,7,block_03,Gear,shifted,000,2000,2000,2000,0,2000,2000,0,1.0,1.0,0.0,1.0,1.0,0.0,,,,,,,,anchor-outcome-identical,09b08194395debb2e4c30ea7fd1d27c8baf67e8d568a6f6cb1a842e038f346ed,2eccea8cfc2d734602b8d70f0cd728b7b9c311e262dc51bdec4e7c9957f9fc32,False,False
scenario,7,block_03,Gear,shifted,001,2000,2000,2000,0,2000,2000,0,1.0,1.0,0.0,1.0,1.0,0.0,,,,,,,,anchor-outcome-identical,09b08194395debb2e4c30ea7fd1d27c8baf67e8d568a6f6cb1a842e038f346ed,2eccea8cfc2d734602b8d70f0cd728b7b9c311e262dc51bdec4e7c9957f9fc32,False,False
scenario,7,block_03,Gear,shifted,010,2000,2000,2000,0,2000,2000,0,1.0,1.0,0.0,1.0,1.0,0.0,,,,,,,,anchor-outcome-identical,09b08194395debb2e4c30ea7fd1d27c8baf67e8d568a6f6cb1a842e038f346ed,2eccea8cfc2d734602b8d70f0cd728b7b9c311e262dc51bdec4e7c9957f9fc32,False,False
scenario,7,block_03,Gear,shifted,011,2000,2000,2000,0,2000,2000,0,1.0,1.0,0.0,1.0,1.0,0.0,,,,,,,,anchor-outcome-identical,09b08194395debb2e4c30ea7fd1d27c8baf67e8d568a6f6cb1a842e038f346ed,2eccea8cfc2d734602b8d70f0cd728b7b9c311e262dc51bdec4e7c9957f9fc32,False,False
scenario,7,block_03,Gear,shifted,100,2000,78,1,77,1988,2000,-12,0.039,0.0005,0.0385,0.994,1.0,-0.006,,,,,,,,anchor-outcome-drift,09b08194395debb2e4c30ea7fd1d27c8baf67e8d568a6f6cb1a842e038f346ed,2eccea8cfc2d734602b8d70f0cd728b7b9c311e262dc51bdec4e7c9957f9fc32,False,False
scenario,7,block_03,Gear,shifted,101,2000,12,0,12,1998,2000,-2,0.006,0.0,0.006,0.999,1.0,-0.001,,,,,,,,anchor-outcome-drift,09b08194395debb2e4c30ea7fd1d27c8baf67e8d568a6f6cb1a842e038f346ed,2eccea8cfc2d734602b8d70f0cd728b7b9c311e262dc51bdec4e7c9957f9fc32,False,False
scenario,7,block_03,Gear,shifted,110,2000,687,22,665,1989,1999,-10,0.3435,0.011,0.3325,0.9945,0.9995,-0.005,,,,,,,,anchor-outcome-drift,09b08194395debb2e4c30ea7fd1d27c8baf67e8d568a6f6cb1a842e038f346ed,2eccea8cfc2d734602b8d70f0cd728b7b9c311e262dc51bdec4e7c9957f9fc32,False,False
scenario,7,block_03,Gear,shifted,111,2000,461,6,455,1987,2000,-13,0.2305,0.003,0.2275,0.9935,1.0,-0.0065,,,,,,,,anchor-outcome-drift,09b08194395debb2e4c30ea7fd1d27c8baf67e8d568a6f6cb1a842e038f346ed,2eccea8cfc2d734602b8d70f0cd728b7b9c311e262dc51bdec4e7c9957f9fc32,False,False
scenario,7,block_03,RPM,canonical,000,2000,2000,2000,0,2000,2000,0,1.0,1.0,0.0,1.0,1.0,0.0,,,,,,,,anchor-outcome-identical,09b08194395debb2e4c30ea7fd1d27c8baf67e8d568a6f6cb1a842e038f346ed,2eccea8cfc2d734602b8d70f0cd728b7b9c311e262dc51bdec4e7c9957f9fc32,False,False
scenario,7,block_03,RPM,canonical,001,2000,2000,2000,0,2000,2000,0,1.0,1.0,0.0,1.0,1.0,0.0,,,,,,,,anchor-outcome-identical,09b08194395debb2e4c30ea7fd1d27c8baf67e8d568a6f6cb1a842e038f346ed,2eccea8cfc2d734602b8d70f0cd728b7b9c311e262dc51bdec4e7c9957f9fc32,False,False
scenario,7,block_03,RPM,canonical,010,2000,2000,2000,0,2000,2000,0,1.0,1.0,0.0,1.0,1.0,0.0,,,,,,,,anchor-outcome-identical,09b08194395debb2e4c30ea7fd1d27c8baf67e8d568a6f6cb1a842e038f346ed,2eccea8cfc2d734602b8d70f0cd728b7b9c311e262dc51bdec4e7c9957f9fc32,False,False
scenario,7,block_03,RPM,canonical,011,2000,2000,2000,0,2000,2000,0,1.0,1.0,0.0,1.0,1.0,0.0,,,,,,,,anchor-outcome-identical,09b08194395debb2e4c30ea7fd1d27c8baf67e8d568a6f6cb1a842e038f346ed,2eccea8cfc2d734602b8d70f0cd728b7b9c311e262dc51bdec4e7c9957f9fc32,False,False
scenario,7,block_03,RPM,canonical,100,2000,400,30,370,1936,1999,-63,0.2,0.015,0.185,0.968,0.9995,-0.0315,,,,,,,,anchor-outcome-drift,09b08194395debb2e4c30ea7fd1d27c8baf67e8d568a6f6cb1a842e038f346ed,2eccea8cfc2d734602b8d70f0cd728b7b9c311e262dc51bdec4e7c9957f9fc32,False,False
scenario,7,block_03,RPM,canonical,101,2000,4,0,4,1997,2000,-3,0.002,0.0,0.002,0.9985,1.0,-0.0015,,,,,,,,anchor-outcome-drift,09b08194395debb2e4c30ea7fd1d27c8baf67e8d568a6f6cb1a842e038f346ed,2eccea8cfc2d734602b8d70f0cd728b7b9c311e262dc51bdec4e7c9957f9fc32,False,False
scenario,7,block_03,RPM,canonical,110,2000,489,73,416,1678,1953,-275,0.2445,0.0365,0.208,0.839,0.9765,-0.1375,,,,,,,,anchor-outcome-drift,09b08194395debb2e4c30ea7fd1d27c8baf67e8d568a6f6cb1a842e038f346ed,2eccea8cfc2d734602b8d70f0cd728b7b9c311e262dc51bdec4e7c9957f9fc32,False,False
scenario,7,block_03,RPM,canonical,111,2000,44,1,43,1999,2000,-1,0.022,0.0005,0.0215,0.9995,1.0,-0.0005,,,,,,,,anchor-outcome-drift,09b08194395debb2e4c30ea7fd1d27c8baf67e8d568a6f6cb1a842e038f346ed,2eccea8cfc2d734602b8d70f0cd728b7b9c311e262dc51bdec4e7c9957f9fc32,False,False
scenario,7,block_03,RPM,shifted,000,2000,2000,2000,0,2000,2000,0,1.0,1.0,0.0,1.0,1.0,0.0,,,,,,,,anchor-outcome-identical,09b08194395debb2e4c30ea7fd1d27c8baf67e8d568a6f6cb1a842e038f346ed,2eccea8cfc2d734602b8d70f0cd728b7b9c311e262dc51bdec4e7c9957f9fc32,False,False
scenario,7,block_03,RPM,shifted,001,2000,2000,2000,0,2000,2000,0,1.0,1.0,0.0,1.0,1.0,0.0,,,,,,,,anchor-outcome-identical,09b08194395debb2e4c30ea7fd1d27c8baf67e8d568a6f6cb1a842e038f346ed,2eccea8cfc2d734602b8d70f0cd728b7b9c311e262dc51bdec4e7c9957f9fc32,False,False
scenario,7,block_03,RPM,shifted,010,2000,2000,2000,0,2000,2000,0,1.0,1.0,0.0,1.0,1.0,0.0,,,,,,,,anchor-outcome-identical,09b08194395debb2e4c30ea7fd1d27c8baf67e8d568a6f6cb1a842e038f346ed,2eccea8cfc2d734602b8d70f0cd728b7b9c311e262dc51bdec4e7c9957f9fc32,False,False
scenario,7,block_03,RPM,shifted,011,2000,2000,2000,0,2000,2000,0,1.0,1.0,0.0,1.0,1.0,0.0,,,,,,,,anchor-outcome-identical,09b08194395debb2e4c30ea7fd1d27c8baf67e8d568a6f6cb1a842e038f346ed,2eccea8cfc2d734602b8d70f0cd728b7b9c311e262dc51bdec4e7c9957f9fc32,False,False
scenario,7,block_03,RPM,shifted,100,2000,432,34,398,1943,1999,-56,0.216,0.017,0.199,0.9715,0.9995,-0.028,,,,,,,,anchor-outcome-drift,09b08194395debb2e4c30ea7fd1d27c8baf67e8d568a6f6cb1a842e038f346ed,2eccea8cfc2d734602b8d70f0cd728b7b9c311e262dc51bdec4e7c9957f9fc32,False,False
scenario,7,block_03,RPM,shifted,101,2000,5,0,5,1998,2000,-2,0.0025,0.0,0.0025,0.999,1.0,-0.001,,,,,,,,anchor-outcome-drift,09b08194395debb2e4c30ea7fd1d27c8baf67e8d568a6f6cb1a842e038f346ed,2eccea8cfc2d734602b8d70f0cd728b7b9c311e262dc51bdec4e7c9957f9fc32,False,False
scenario,7,block_03,RPM,shifted,110,2000,527,77,450,1713,1962,-249,0.2635,0.0385,0.225,0.8565,0.981,-0.1245,,,,,,,,anchor-outcome-drift,09b08194395debb2e4c30ea7fd1d27c8baf67e8d568a6f6cb1a842e038f346ed,2eccea8cfc2d734602b8d70f0cd728b7b9c311e262dc51bdec4e7c9957f9fc32,False,False
scenario,7,block_03,RPM,shifted,111,2000,48,1,47,1999,2000,-1,0.024,0.0005,0.0235,0.9995,1.0,-0.0005,,,,,,,,anchor-outcome-drift,09b08194395debb2e4c30ea7fd1d27c8baf67e8d568a6f6cb1a842e038f346ed,2eccea8cfc2d734602b8d70f0cd728b7b9c311e262dc51bdec4e7c9957f9fc32,False,False
scenario,42,block_01,Gear,canonical,000,2000,2000,2000,0,2000,2000,0,1.0,1.0,0.0,1.0,1.0,0.0,,,,,,,,anchor-outcome-identical,8a523faeac10844b457627c241d4ee4729a6bb6dd41ff79aaa640064767a8f13,96df37d40ea9afd7694d6e15f6c38de4c18283e7e2ca2fa8b60207fcb9d4e32d,False,False
scenario,42,block_01,Gear,canonical,001,2000,2000,2000,0,2000,2000,0,1.0,1.0,0.0,1.0,1.0,0.0,,,,,,,,anchor-outcome-identical,8a523faeac10844b457627c241d4ee4729a6bb6dd41ff79aaa640064767a8f13,96df37d40ea9afd7694d6e15f6c38de4c18283e7e2ca2fa8b60207fcb9d4e32d,False,False
scenario,42,block_01,Gear,canonical,010,2000,2000,2000,0,2000,2000,0,1.0,1.0,0.0,1.0,1.0,0.0,,,,,,,,anchor-outcome-identical,8a523faeac10844b457627c241d4ee4729a6bb6dd41ff79aaa640064767a8f13,96df37d40ea9afd7694d6e15f6c38de4c18283e7e2ca2fa8b60207fcb9d4e32d,False,False
scenario,42,block_01,Gear,canonical,011,2000,2000,2000,0,2000,2000,0,1.0,1.0,0.0,1.0,1.0,0.0,,,,,,,,anchor-outcome-identical,8a523faeac10844b457627c241d4ee4729a6bb6dd41ff79aaa640064767a8f13,96df37d40ea9afd7694d6e15f6c38de4c18283e7e2ca2fa8b60207fcb9d4e32d,False,False
scenario,42,block_01,Gear,canonical,100,2000,0,71,-71,1970,1984,-14,0.0,0.0355,-0.0355,0.985,0.992,-0.007,,,,,,,,anchor-outcome-drift,8a523faeac10844b457627c241d4ee4729a6bb6dd41ff79aaa640064767a8f13,96df37d40ea9afd7694d6e15f6c38de4c18283e7e2ca2fa8b60207fcb9d4e32d,False,False
scenario,42,block_01,Gear,canonical,101,2000,0,18,-18,1996,1994,2,0.0,0.009,-0.009,0.998,0.997,0.001,,,,,,,,anchor-outcome-drift,8a523faeac10844b457627c241d4ee4729a6bb6dd41ff79aaa640064767a8f13,96df37d40ea9afd7694d6e15f6c38de4c18283e7e2ca2fa8b60207fcb9d4e32d,False,False
scenario,42,block_01,Gear,canonical,110,2000,3,349,-346,1942,1973,-31,0.0015,0.1745,-0.173,0.971,0.9865,-0.0155,,,,,,,,anchor-outcome-drift,8a523faeac10844b457627c241d4ee4729a6bb6dd41ff79aaa640064767a8f13,96df37d40ea9afd7694d6e15f6c38de4c18283e7e2ca2fa8b60207fcb9d4e32d,False,False
scenario,42,block_01,Gear,canonical,111,2000,0,172,-172,1972,1985,-13,0.0,0.086,-0.086,0.986,0.9925,-0.0065,,,,,,,,anchor-outcome-drift,8a523faeac10844b457627c241d4ee4729a6bb6dd41ff79aaa640064767a8f13,96df37d40ea9afd7694d6e15f6c38de4c18283e7e2ca2fa8b60207fcb9d4e32d,False,False
scenario,42,block_01,Gear,shifted,000,2000,2000,2000,0,2000,2000,0,1.0,1.0,0.0,1.0,1.0,0.0,,,,,,,,anchor-outcome-identical,8a523faeac10844b457627c241d4ee4729a6bb6dd41ff79aaa640064767a8f13,96df37d40ea9afd7694d6e15f6c38de4c18283e7e2ca2fa8b60207fcb9d4e32d,False,False
scenario,42,block_01,Gear,shifted,001,2000,2000,2000,0,2000,2000,0,1.0,1.0,0.0,1.0,1.0,0.0,,,,,,,,anchor-outcome-identical,8a523faeac10844b457627c241d4ee4729a6bb6dd41ff79aaa640064767a8f13,96df37d40ea9afd7694d6e15f6c38de4c18283e7e2ca2fa8b60207fcb9d4e32d,False,False
scenario,42,block_01,Gear,shifted,010,2000,2000,2000,0,2000,2000,0,1.0,1.0,0.0,1.0,1.0,0.0,,,,,,,,anchor-outcome-identical,8a523faeac10844b457627c241d4ee4729a6bb6dd41ff79aaa640064767a8f13,96df37d40ea9afd7694d6e15f6c38de4c18283e7e2ca2fa8b60207fcb9d4e32d,False,False
scenario,42,block_01,Gear,shifted,011,2000,2000,2000,0,2000,2000,0,1.0,1.0,0.0,1.0,1.0,0.0,,,,,,,,anchor-outcome-identical,8a523faeac10844b457627c241d4ee4729a6bb6dd41ff79aaa640064767a8f13,96df37d40ea9afd7694d6e15f6c38de4c18283e7e2ca2fa8b60207fcb9d4e32d,False,False
scenario,42,block_01,Gear,shifted,100,2000,0,71,-71,1969,1984,-15,0.0,0.0355,-0.0355,0.9845,0.992,-0.0075,,,,,,,,anchor-outcome-drift,8a523faeac10844b457627c241d4ee4729a6bb6dd41ff79aaa640064767a8f13,96df37d40ea9afd7694d6e15f6c38de4c18283e7e2ca2fa8b60207fcb9d4e32d,False,False
scenario,42,block_01,Gear,shifted,101,2000,0,18,-18,1996,1994,2,0.0,0.009,-0.009,0.998,0.997,0.001,,,,,,,,anchor-outcome-drift,8a523faeac10844b457627c241d4ee4729a6bb6dd41ff79aaa640064767a8f13,96df37d40ea9afd7694d6e15f6c38de4c18283e7e2ca2fa8b60207fcb9d4e32d,False,False
scenario,42,block_01,Gear,shifted,110,2000,3,362,-359,1942,1973,-31,0.0015,0.181,-0.1795,0.971,0.9865,-0.0155,,,,,,,,anchor-outcome-drift,8a523faeac10844b457627c241d4ee4729a6bb6dd41ff79aaa640064767a8f13,96df37d40ea9afd7694d6e15f6c38de4c18283e7e2ca2fa8b60207fcb9d4e32d,False,False
scenario,42,block_01,Gear,shifted,111,2000,0,176,-176,1972,1985,-13,0.0,0.088,-0.088,0.986,0.9925,-0.0065,,,,,,,,anchor-outcome-drift,8a523faeac10844b457627c241d4ee4729a6bb6dd41ff79aaa640064767a8f13,96df37d40ea9afd7694d6e15f6c38de4c18283e7e2ca2fa8b60207fcb9d4e32d,False,False
scenario,42,block_01,RPM,canonical,000,2000,2000,2000,0,2000,2000,0,1.0,1.0,0.0,1.0,1.0,0.0,,,,,,,,anchor-outcome-identical,8a523faeac10844b457627c241d4ee4729a6bb6dd41ff79aaa640064767a8f13,96df37d40ea9afd7694d6e15f6c38de4c18283e7e2ca2fa8b60207fcb9d4e32d,False,False
scenario,42,block_01,RPM,canonical,001,2000,2000,2000,0,2000,2000,0,1.0,1.0,0.0,1.0,1.0,0.0,,,,,,,,anchor-outcome-identical,8a523faeac10844b457627c241d4ee4729a6bb6dd41ff79aaa640064767a8f13,96df37d40ea9afd7694d6e15f6c38de4c18283e7e2ca2fa8b60207fcb9d4e32d,False,False
scenario,42,block_01,RPM,canonical,010,2000,2000,2000,0,2000,2000,0,1.0,1.0,0.0,1.0,1.0,0.0,,,,,,,,anchor-outcome-identical,8a523faeac10844b457627c241d4ee4729a6bb6dd41ff79aaa640064767a8f13,96df37d40ea9afd7694d6e15f6c38de4c18283e7e2ca2fa8b60207fcb9d4e32d,False,False
scenario,42,block_01,RPM,canonical,011,2000,2000,2000,0,2000,2000,0,1.0,1.0,0.0,1.0,1.0,0.0,,,,,,,,anchor-outcome-identical,8a523faeac10844b457627c241d4ee4729a6bb6dd41ff79aaa640064767a8f13,96df37d40ea9afd7694d6e15f6c38de4c18283e7e2ca2fa8b60207fcb9d4e32d,False,False
scenario,42,block_01,RPM,canonical,100,2000,107,106,1,1978,822,1156,0.0535,0.053,0.0005,0.989,0.411,0.578,,,,,,,,anchor-outcome-drift,8a523faeac10844b457627c241d4ee4729a6bb6dd41ff79aaa640064767a8f13,96df37d40ea9afd7694d6e15f6c38de4c18283e7e2ca2fa8b60207fcb9d4e32d,False,False
scenario,42,block_01,RPM,canonical,101,2000,0,3,-3,2000,1988,12,0.0,0.0015,-0.0015,1.0,0.994,0.006,,,,,,,,anchor-outcome-drift,8a523faeac10844b457627c241d4ee4729a6bb6dd41ff79aaa640064767a8f13,96df37d40ea9afd7694d6e15f6c38de4c18283e7e2ca2fa8b60207fcb9d4e32d,False,False
scenario,42,block_01,RPM,canonical,110,2000,121,189,-68,1913,1030,883,0.0605,0.0945,-0.034,0.9565,0.515,0.4415,,,,,,,,anchor-outcome-drift,8a523faeac10844b457627c241d4ee4729a6bb6dd41ff79aaa640064767a8f13,96df37d40ea9afd7694d6e15f6c38de4c18283e7e2ca2fa8b60207fcb9d4e32d,False,False
scenario,42,block_01,RPM,canonical,111,2000,3,16,-13,2000,1994,6,0.0015,0.008,-0.0065,1.0,0.997,0.003,,,,,,,,anchor-outcome-drift,8a523faeac10844b457627c241d4ee4729a6bb6dd41ff79aaa640064767a8f13,96df37d40ea9afd7694d6e15f6c38de4c18283e7e2ca2fa8b60207fcb9d4e32d,False,False
scenario,42,block_01,RPM,shifted,000,2000,2000,2000,0,2000,2000,0,1.0,1.0,0.0,1.0,1.0,0.0,,,,,,,,anchor-outcome-identical,8a523faeac10844b457627c241d4ee4729a6bb6dd41ff79aaa640064767a8f13,96df37d40ea9afd7694d6e15f6c38de4c18283e7e2ca2fa8b60207fcb9d4e32d,False,False
scenario,42,block_01,RPM,shifted,001,2000,2000,2000,0,2000,2000,0,1.0,1.0,0.0,1.0,1.0,0.0,,,,,,,,anchor-outcome-identical,8a523faeac10844b457627c241d4ee4729a6bb6dd41ff79aaa640064767a8f13,96df37d40ea9afd7694d6e15f6c38de4c18283e7e2ca2fa8b60207fcb9d4e32d,False,False
scenario,42,block_01,RPM,shifted,010,2000,2000,2000,0,2000,2000,0,1.0,1.0,0.0,1.0,1.0,0.0,,,,,,,,anchor-outcome-identical,8a523faeac10844b457627c241d4ee4729a6bb6dd41ff79aaa640064767a8f13,96df37d40ea9afd7694d6e15f6c38de4c18283e7e2ca2fa8b60207fcb9d4e32d,False,False
scenario,42,block_01,RPM,shifted,011,2000,2000,2000,0,2000,2000,0,1.0,1.0,0.0,1.0,1.0,0.0,,,,,,,,anchor-outcome-identical,8a523faeac10844b457627c241d4ee4729a6bb6dd41ff79aaa640064767a8f13,96df37d40ea9afd7694d6e15f6c38de4c18283e7e2ca2fa8b60207fcb9d4e32d,False,False
scenario,42,block_01,RPM,shifted,100,2000,121,147,-26,1985,958,1027,0.0605,0.0735,-0.013,0.9925,0.479,0.5135,,,,,,,,anchor-outcome-drift,8a523faeac10844b457627c241d4ee4729a6bb6dd41ff79aaa640064767a8f13,96df37d40ea9afd7694d6e15f6c38de4c18283e7e2ca2fa8b60207fcb9d4e32d,False,False
scenario,42,block_01,RPM,shifted,101,2000,0,4,-4,2000,1993,7,0.0,0.002,-0.002,1.0,0.9965,0.0035,,,,,,,,anchor-outcome-drift,8a523faeac10844b457627c241d4ee4729a6bb6dd41ff79aaa640064767a8f13,96df37d40ea9afd7694d6e15f6c38de4c18283e7e2ca2fa8b60207fcb9d4e32d,False,False
scenario,42,block_01,RPM,shifted,110,2000,136,243,-107,1926,1109,817,0.068,0.1215,-0.0535,0.963,0.5545,0.4085,,,,,,,,anchor-outcome-drift,8a523faeac10844b457627c241d4ee4729a6bb6dd41ff79aaa640064767a8f13,96df37d40ea9afd7694d6e15f6c38de4c18283e7e2ca2fa8b60207fcb9d4e32d,False,False
scenario,42,block_01,RPM,shifted,111,2000,4,18,-14,2000,1995,5,0.002,0.009,-0.007,1.0,0.9975,0.0025,,,,,,,,anchor-outcome-drift,8a523faeac10844b457627c241d4ee4729a6bb6dd41ff79aaa640064767a8f13,96df37d40ea9afd7694d6e15f6c38de4c18283e7e2ca2fa8b60207fcb9d4e32d,False,False
scenario,42,block_02,Gear,canonical,000,2000,1998,1998,0,1999,2000,-1,0.999,0.999,0.0,0.9995,1.0,-0.0005,,,,,,,,anchor-outcome-drift,8a523faeac10844b457627c241d4ee4729a6bb6dd41ff79aaa640064767a8f13,96df37d40ea9afd7694d6e15f6c38de4c18283e7e2ca2fa8b60207fcb9d4e32d,False,False
scenario,42,block_02,Gear,canonical,001,2000,1998,1998,0,1999,2000,-1,0.999,0.999,0.0,0.9995,1.0,-0.0005,,,,,,,,anchor-outcome-drift,8a523faeac10844b457627c241d4ee4729a6bb6dd41ff79aaa640064767a8f13,96df37d40ea9afd7694d6e15f6c38de4c18283e7e2ca2fa8b60207fcb9d4e32d,False,False
scenario,42,block_02,Gear,canonical,010,2000,1998,1998,0,1999,2000,-1,0.999,0.999,0.0,0.9995,1.0,-0.0005,,,,,,,,anchor-outcome-drift,8a523faeac10844b457627c241d4ee4729a6bb6dd41ff79aaa640064767a8f13,96df37d40ea9afd7694d6e15f6c38de4c18283e7e2ca2fa8b60207fcb9d4e32d,False,False
scenario,42,block_02,Gear,canonical,011,2000,1998,1998,0,1999,2000,-1,0.999,0.999,0.0,0.9995,1.0,-0.0005,,,,,,,,anchor-outcome-drift,8a523faeac10844b457627c241d4ee4729a6bb6dd41ff79aaa640064767a8f13,96df37d40ea9afd7694d6e15f6c38de4c18283e7e2ca2fa8b60207fcb9d4e32d,False,False
scenario,42,block_02,Gear,canonical,100,2000,0,85,-85,1967,1985,-18,0.0,0.0425,-0.0425,0.9835,0.9925,-0.009,,,,,,,,anchor-outcome-drift,8a523faeac10844b457627c241d4ee4729a6bb6dd41ff79aaa640064767a8f13,96df37d40ea9afd7694d6e15f6c38de4c18283e7e2ca2fa8b60207fcb9d4e32d,False,False
scenario,42,block_02,Gear,canonical,101,2000,0,10,-10,1999,1998,1,0.0,0.005,-0.005,0.9995,0.999,0.0005,,,,,,,,anchor-outcome-drift,8a523faeac10844b457627c241d4ee4729a6bb6dd41ff79aaa640064767a8f13,96df37d40ea9afd7694d6e15f6c38de4c18283e7e2ca2fa8b60207fcb9d4e32d,False,False
scenario,42,block_02,Gear,canonical,110,2000,5,350,-345,1970,1981,-11,0.0025,0.175,-0.1725,0.985,0.9905,-0.0055,,,,,,,,anchor-outcome-drift,8a523faeac10844b457627c241d4ee4729a6bb6dd41ff79aaa640064767a8f13,96df37d40ea9afd7694d6e15f6c38de4c18283e7e2ca2fa8b60207fcb9d4e32d,False,False
scenario,42,block_02,Gear,canonical,111,2000,1,194,-193,1987,1987,0,0.0005,0.097,-0.0965,0.9935,0.9935,0.0,,,,,,,,anchor-outcome-drift,8a523faeac10844b457627c241d4ee4729a6bb6dd41ff79aaa640064767a8f13,96df37d40ea9afd7694d6e15f6c38de4c18283e7e2ca2fa8b60207fcb9d4e32d,False,False
scenario,42,block_02,Gear,shifted,000,2000,1998,1998,0,1999,2000,-1,0.999,0.999,0.0,0.9995,1.0,-0.0005,,,,,,,,anchor-outcome-drift,8a523faeac10844b457627c241d4ee4729a6bb6dd41ff79aaa640064767a8f13,96df37d40ea9afd7694d6e15f6c38de4c18283e7e2ca2fa8b60207fcb9d4e32d,False,False
scenario,42,block_02,Gear,shifted,001,2000,1998,1998,0,1999,2000,-1,0.999,0.999,0.0,0.9995,1.0,-0.0005,,,,,,,,anchor-outcome-drift,8a523faeac10844b457627c241d4ee4729a6bb6dd41ff79aaa640064767a8f13,96df37d40ea9afd7694d6e15f6c38de4c18283e7e2ca2fa8b60207fcb9d4e32d,False,False
scenario,42,block_02,Gear,shifted,010,2000,1998,1998,0,1999,2000,-1,0.999,0.999,0.0,0.9995,1.0,-0.0005,,,,,,,,anchor-outcome-drift,8a523faeac10844b457627c241d4ee4729a6bb6dd41ff79aaa640064767a8f13,96df37d40ea9afd7694d6e15f6c38de4c18283e7e2ca2fa8b60207fcb9d4e32d,False,False
scenario,42,block_02,Gear,shifted,011,2000,1998,1998,0,1999,2000,-1,0.999,0.999,0.0,0.9995,1.0,-0.0005,,,,,,,,anchor-outcome-drift,8a523faeac10844b457627c241d4ee4729a6bb6dd41ff79aaa640064767a8f13,96df37d40ea9afd7694d6e15f6c38de4c18283e7e2ca2fa8b60207fcb9d4e32d,False,False
scenario,42,block_02,Gear,shifted,100,2000,0,87,-87,1967,1985,-18,0.0,0.0435,-0.0435,0.9835,0.9925,-0.009,,,,,,,,anchor-outcome-drift,8a523faeac10844b457627c241d4ee4729a6bb6dd41ff79aaa640064767a8f13,96df37d40ea9afd7694d6e15f6c38de4c18283e7e2ca2fa8b60207fcb9d4e32d,False,False
scenario,42,block_02,Gear,shifted,101,2000,0,10,-10,1999,1998,1,0.0,0.005,-0.005,0.9995,0.999,0.0005,,,,,,,,anchor-outcome-drift,8a523faeac10844b457627c241d4ee4729a6bb6dd41ff79aaa640064767a8f13,96df37d40ea9afd7694d6e15f6c38de4c18283e7e2ca2fa8b60207fcb9d4e32d,False,False
scenario,42,block_02,Gear,shifted,110,2000,6,357,-351,1970,1981,-11,0.003,0.1785,-0.1755,0.985,0.9905,-0.0055,,,,,,,,anchor-outcome-drift,8a523faeac10844b457627c241d4ee4729a6bb6dd41ff79aaa640064767a8f13,96df37d40ea9afd7694d6e15f6c38de4c18283e7e2ca2fa8b60207fcb9d4e32d,False,False
scenario,42,block_02,Gear,shifted,111,2000,1,199,-198,1987,1988,-1,0.0005,0.0995,-0.099,0.9935,0.994,-0.0005,,,,,,,,anchor-outcome-drift,8a523faeac10844b457627c241d4ee4729a6bb6dd41ff79aaa640064767a8f13,96df37d40ea9afd7694d6e15f6c38de4c18283e7e2ca2fa8b60207fcb9d4e32d,False,False
scenario,42,block_02,RPM,canonical,000,2000,1998,1998,0,1999,2000,-1,0.999,0.999,0.0,0.9995,1.0,-0.0005,,,,,,,,anchor-outcome-drift,8a523faeac10844b457627c241d4ee4729a6bb6dd41ff79aaa640064767a8f13,96df37d40ea9afd7694d6e15f6c38de4c18283e7e2ca2fa8b60207fcb9d4e32d,False,False
scenario,42,block_02,RPM,canonical,001,2000,1998,1998,0,1999,2000,-1,0.999,0.999,0.0,0.9995,1.0,-0.0005,,,,,,,,anchor-outcome-drift,8a523faeac10844b457627c241d4ee4729a6bb6dd41ff79aaa640064767a8f13,96df37d40ea9afd7694d6e15f6c38de4c18283e7e2ca2fa8b60207fcb9d4e32d,False,False
scenario,42,block_02,RPM,canonical,010,2000,1998,1998,0,1999,2000,-1,0.999,0.999,0.0,0.9995,1.0,-0.0005,,,,,,,,anchor-outcome-drift,8a523faeac10844b457627c241d4ee4729a6bb6dd41ff79aaa640064767a8f13,96df37d40ea9afd7694d6e15f6c38de4c18283e7e2ca2fa8b60207fcb9d4e32d,False,False
scenario,42,block_02,RPM,canonical,011,2000,1998,1998,0,1999,2000,-1,0.999,0.999,0.0,0.9995,1.0,-0.0005,,,,,,,,anchor-outcome-drift,8a523faeac10844b457627c241d4ee4729a6bb6dd41ff79aaa640064767a8f13,96df37d40ea9afd7694d6e15f6c38de4c18283e7e2ca2fa8b60207fcb9d4e32d,False,False
scenario,42,block_02,RPM,canonical,100,2000,125,104,21,1980,892,1088,0.0625,0.052,0.0105,0.99,0.446,0.544,,,,,,,,anchor-outcome-drift,8a523faeac10844b457627c241d4ee4729a6bb6dd41ff79aaa640064767a8f13,96df37d40ea9afd7694d6e15f6c38de4c18283e7e2ca2fa8b60207fcb9d4e32d,False,False
scenario,42,block_02,RPM,canonical,101,2000,0,4,-4,1999,1985,14,0.0,0.002,-0.002,0.9995,0.9925,0.007,,,,,,,,anchor-outcome-drift,8a523faeac10844b457627c241d4ee4729a6bb6dd41ff79aaa640064767a8f13,96df37d40ea9afd7694d6e15f6c38de4c18283e7e2ca2fa8b60207fcb9d4e32d,False,False
scenario,42,block_02,RPM,canonical,110,2000,132,196,-64,1899,1069,830,0.066,0.098,-0.032,0.9495,0.5345,0.415,,,,,,,,anchor-outcome-drift,8a523faeac10844b457627c241d4ee4729a6bb6dd41ff79aaa640064767a8f13,96df37d40ea9afd7694d6e15f6c38de4c18283e7e2ca2fa8b60207fcb9d4e32d,False,False
scenario,42,block_02,RPM,canonical,111,2000,7,25,-18,1999,1996,3,0.0035,0.0125,-0.009,0.9995,0.998,0.0015,,,,,,,,anchor-outcome-drift,8a523faeac10844b457627c241d4ee4729a6bb6dd41ff79aaa640064767a8f13,96df37d40ea9afd7694d6e15f6c38de4c18283e7e2ca2fa8b60207fcb9d4e32d,False,False
scenario,42,block_02,RPM,shifted,000,2000,1998,1998,0,1999,2000,-1,0.999,0.999,0.0,0.9995,1.0,-0.0005,,,,,,,,anchor-outcome-drift,8a523faeac10844b457627c241d4ee4729a6bb6dd41ff79aaa640064767a8f13,96df37d40ea9afd7694d6e15f6c38de4c18283e7e2ca2fa8b60207fcb9d4e32d,False,False
scenario,42,block_02,RPM,shifted,001,2000,1998,1998,0,1999,2000,-1,0.999,0.999,0.0,0.9995,1.0,-0.0005,,,,,,,,anchor-outcome-drift,8a523faeac10844b457627c241d4ee4729a6bb6dd41ff79aaa640064767a8f13,96df37d40ea9afd7694d6e15f6c38de4c18283e7e2ca2fa8b60207fcb9d4e32d,False,False
scenario,42,block_02,RPM,shifted,010,2000,1998,1998,0,1999,2000,-1,0.999,0.999,0.0,0.9995,1.0,-0.0005,,,,,,,,anchor-outcome-drift,8a523faeac10844b457627c241d4ee4729a6bb6dd41ff79aaa640064767a8f13,96df37d40ea9afd7694d6e15f6c38de4c18283e7e2ca2fa8b60207fcb9d4e32d,False,False
scenario,42,block_02,RPM,shifted,011,2000,1998,1998,0,1999,2000,-1,0.999,0.999,0.0,0.9995,1.0,-0.0005,,,,,,,,anchor-outcome-drift,8a523faeac10844b457627c241d4ee4729a6bb6dd41ff79aaa640064767a8f13,96df37d40ea9afd7694d6e15f6c38de4c18283e7e2ca2fa8b60207fcb9d4e32d,False,False
scenario,42,block_02,RPM,shifted,100,2000,137,152,-15,1982,1008,974,0.0685,0.076,-0.0075,0.991,0.504,0.487,,,,,,,,anchor-outcome-drift,8a523faeac10844b457627c241d4ee4729a6bb6dd41ff79aaa640064767a8f13,96df37d40ea9afd7694d6e15f6c38de4c18283e7e2ca2fa8b60207fcb9d4e32d,False,False
scenario,42,block_02,RPM,shifted,101,2000,0,5,-5,1999,1989,10,0.0,0.0025,-0.0025,0.9995,0.9945,0.005,,,,,,,,anchor-outcome-drift,8a523faeac10844b457627c241d4ee4729a6bb6dd41ff79aaa640064767a8f13,96df37d40ea9afd7694d6e15f6c38de4c18283e7e2ca2fa8b60207fcb9d4e32d,False,False
scenario,42,block_02,RPM,shifted,110,2000,149,236,-87,1916,1133,783,0.0745,0.118,-0.0435,0.958,0.5665,0.3915,,,,,,,,anchor-outcome-drift,8a523faeac10844b457627c241d4ee4729a6bb6dd41ff79aaa640064767a8f13,96df37d40ea9afd7694d6e15f6c38de4c18283e7e2ca2fa8b60207fcb9d4e32d,False,False
scenario,42,block_02,RPM,shifted,111,2000,7,27,-20,1999,1997,2,0.0035,0.0135,-0.01,0.9995,0.9985,0.001,,,,,,,,anchor-outcome-drift,8a523faeac10844b457627c241d4ee4729a6bb6dd41ff79aaa640064767a8f13,96df37d40ea9afd7694d6e15f6c38de4c18283e7e2ca2fa8b60207fcb9d4e32d,False,False
scenario,42,block_03,Gear,canonical,000,2000,2000,2000,0,2000,2000,0,1.0,1.0,0.0,1.0,1.0,0.0,,,,,,,,anchor-outcome-identical,8a523faeac10844b457627c241d4ee4729a6bb6dd41ff79aaa640064767a8f13,96df37d40ea9afd7694d6e15f6c38de4c18283e7e2ca2fa8b60207fcb9d4e32d,False,False
scenario,42,block_03,Gear,canonical,001,2000,2000,2000,0,2000,2000,0,1.0,1.0,0.0,1.0,1.0,0.0,,,,,,,,anchor-outcome-identical,8a523faeac10844b457627c241d4ee4729a6bb6dd41ff79aaa640064767a8f13,96df37d40ea9afd7694d6e15f6c38de4c18283e7e2ca2fa8b60207fcb9d4e32d,False,False
scenario,42,block_03,Gear,canonical,010,2000,2000,2000,0,2000,2000,0,1.0,1.0,0.0,1.0,1.0,0.0,,,,,,,,anchor-outcome-identical,8a523faeac10844b457627c241d4ee4729a6bb6dd41ff79aaa640064767a8f13,96df37d40ea9afd7694d6e15f6c38de4c18283e7e2ca2fa8b60207fcb9d4e32d,False,False
scenario,42,block_03,Gear,canonical,011,2000,2000,2000,0,2000,2000,0,1.0,1.0,0.0,1.0,1.0,0.0,,,,,,,,anchor-outcome-identical,8a523faeac10844b457627c241d4ee4729a6bb6dd41ff79aaa640064767a8f13,96df37d40ea9afd7694d6e15f6c38de4c18283e7e2ca2fa8b60207fcb9d4e32d,False,False
scenario,42,block_03,Gear,canonical,100,2000,0,80,-80,1975,1984,-9,0.0,0.04,-0.04,0.9875,0.992,-0.0045,,,,,,,,anchor-outcome-drift,8a523faeac10844b457627c241d4ee4729a6bb6dd41ff79aaa640064767a8f13,96df37d40ea9afd7694d6e15f6c38de4c18283e7e2ca2fa8b60207fcb9d4e32d,False,False
scenario,42,block_03,Gear,canonical,101,2000,0,17,-17,1995,1990,5,0.0,0.0085,-0.0085,0.9975,0.995,0.0025,,,,,,,,anchor-outcome-drift,8a523faeac10844b457627c241d4ee4729a6bb6dd41ff79aaa640064767a8f13,96df37d40ea9afd7694d6e15f6c38de4c18283e7e2ca2fa8b60207fcb9d4e32d,False,False
scenario,42,block_03,Gear,canonical,110,2000,4,354,-350,1958,1982,-24,0.002,0.177,-0.175,0.979,0.991,-0.012,,,,,,,,anchor-outcome-drift,8a523faeac10844b457627c241d4ee4729a6bb6dd41ff79aaa640064767a8f13,96df37d40ea9afd7694d6e15f6c38de4c18283e7e2ca2fa8b60207fcb9d4e32d,False,False
scenario,42,block_03,Gear,canonical,111,2000,1,195,-194,1986,1992,-6,0.0005,0.0975,-0.097,0.993,0.996,-0.003,,,,,,,,anchor-outcome-drift,8a523faeac10844b457627c241d4ee4729a6bb6dd41ff79aaa640064767a8f13,96df37d40ea9afd7694d6e15f6c38de4c18283e7e2ca2fa8b60207fcb9d4e32d,False,False
scenario,42,block_03,Gear,shifted,000,2000,2000,2000,0,2000,2000,0,1.0,1.0,0.0,1.0,1.0,0.0,,,,,,,,anchor-outcome-identical,8a523faeac10844b457627c241d4ee4729a6bb6dd41ff79aaa640064767a8f13,96df37d40ea9afd7694d6e15f6c38de4c18283e7e2ca2fa8b60207fcb9d4e32d,False,False
scenario,42,block_03,Gear,shifted,001,2000,2000,2000,0,2000,2000,0,1.0,1.0,0.0,1.0,1.0,0.0,,,,,,,,anchor-outcome-identical,8a523faeac10844b457627c241d4ee4729a6bb6dd41ff79aaa640064767a8f13,96df37d40ea9afd7694d6e15f6c38de4c18283e7e2ca2fa8b60207fcb9d4e32d,False,False
scenario,42,block_03,Gear,shifted,010,2000,2000,2000,0,2000,2000,0,1.0,1.0,0.0,1.0,1.0,0.0,,,,,,,,anchor-outcome-identical,8a523faeac10844b457627c241d4ee4729a6bb6dd41ff79aaa640064767a8f13,96df37d40ea9afd7694d6e15f6c38de4c18283e7e2ca2fa8b60207fcb9d4e32d,False,False
scenario,42,block_03,Gear,shifted,011,2000,2000,2000,0,2000,2000,0,1.0,1.0,0.0,1.0,1.0,0.0,,,,,,,,anchor-outcome-identical,8a523faeac10844b457627c241d4ee4729a6bb6dd41ff79aaa640064767a8f13,96df37d40ea9afd7694d6e15f6c38de4c18283e7e2ca2fa8b60207fcb9d4e32d,False,False
scenario,42,block_03,Gear,shifted,100,2000,0,81,-81,1975,1984,-9,0.0,0.0405,-0.0405,0.9875,0.992,-0.0045,,,,,,,,anchor-outcome-drift,8a523faeac10844b457627c241d4ee4729a6bb6dd41ff79aaa640064767a8f13,96df37d40ea9afd7694d6e15f6c38de4c18283e7e2ca2fa8b60207fcb9d4e32d,False,False
scenario,42,block_03,Gear,shifted,101,2000,0,17,-17,1995,1990,5,0.0,0.0085,-0.0085,0.9975,0.995,0.0025,,,,,,,,anchor-outcome-drift,8a523faeac10844b457627c241d4ee4729a6bb6dd41ff79aaa640064767a8f13,96df37d40ea9afd7694d6e15f6c38de4c18283e7e2ca2fa8b60207fcb9d4e32d,False,False
scenario,42,block_03,Gear,shifted,110,2000,5,358,-353,1958,1982,-24,0.0025,0.179,-0.1765,0.979,0.991,-0.012,,,,,,,,anchor-outcome-drift,8a523faeac10844b457627c241d4ee4729a6bb6dd41ff79aaa640064767a8f13,96df37d40ea9afd7694d6e15f6c38de4c18283e7e2ca2fa8b60207fcb9d4e32d,False,False
scenario,42,block_03,Gear,shifted,111,2000,1,202,-201,1986,1993,-7,0.0005,0.101,-0.1005,0.993,0.9965,-0.0035,,,,,,,,anchor-outcome-drift,8a523faeac10844b457627c241d4ee4729a6bb6dd41ff79aaa640064767a8f13,96df37d40ea9afd7694d6e15f6c38de4c18283e7e2ca2fa8b60207fcb9d4e32d,False,False
scenario,42,block_03,RPM,canonical,000,2000,2000,2000,0,2000,2000,0,1.0,1.0,0.0,1.0,1.0,0.0,,,,,,,,anchor-outcome-identical,8a523faeac10844b457627c241d4ee4729a6bb6dd41ff79aaa640064767a8f13,96df37d40ea9afd7694d6e15f6c38de4c18283e7e2ca2fa8b60207fcb9d4e32d,False,False
scenario,42,block_03,RPM,canonical,001,2000,2000,2000,0,2000,2000,0,1.0,1.0,0.0,1.0,1.0,0.0,,,,,,,,anchor-outcome-identical,8a523faeac10844b457627c241d4ee4729a6bb6dd41ff79aaa640064767a8f13,96df37d40ea9afd7694d6e15f6c38de4c18283e7e2ca2fa8b60207fcb9d4e32d,False,False
scenario,42,block_03,RPM,canonical,010,2000,2000,2000,0,2000,2000,0,1.0,1.0,0.0,1.0,1.0,0.0,,,,,,,,anchor-outcome-identical,8a523faeac10844b457627c241d4ee4729a6bb6dd41ff79aaa640064767a8f13,96df37d40ea9afd7694d6e15f6c38de4c18283e7e2ca2fa8b60207fcb9d4e32d,False,False
scenario,42,block_03,RPM,canonical,011,2000,2000,2000,0,2000,2000,0,1.0,1.0,0.0,1.0,1.0,0.0,,,,,,,,anchor-outcome-identical,8a523faeac10844b457627c241d4ee4729a6bb6dd41ff79aaa640064767a8f13,96df37d40ea9afd7694d6e15f6c38de4c18283e7e2ca2fa8b60207fcb9d4e32d,False,False
scenario,42,block_03,RPM,canonical,100,2000,112,105,7,1980,862,1118,0.056,0.0525,0.0035,0.99,0.431,0.559,,,,,,,,anchor-outcome-drift,8a523faeac10844b457627c241d4ee4729a6bb6dd41ff79aaa640064767a8f13,96df37d40ea9afd7694d6e15f6c38de4c18283e7e2ca2fa8b60207fcb9d4e32d,False,False
scenario,42,block_03,RPM,canonical,101,2000,0,2,-2,2000,1983,17,0.0,0.001,-0.001,1.0,0.9915,0.0085,,,,,,,,anchor-outcome-drift,8a523faeac10844b457627c241d4ee4729a6bb6dd41ff79aaa640064767a8f13,96df37d40ea9afd7694d6e15f6c38de4c18283e7e2ca2fa8b60207fcb9d4e32d,False,False
scenario,42,block_03,RPM,canonical,110,2000,126,199,-73,1894,1049,845,0.063,0.0995,-0.0365,0.947,0.5245,0.4225,,,,,,,,anchor-outcome-drift,8a523faeac10844b457627c241d4ee4729a6bb6dd41ff79aaa640064767a8f13,96df37d40ea9afd7694d6e15f6c38de4c18283e7e2ca2fa8b60207fcb9d4e32d,False,False
scenario,42,block_03,RPM,canonical,111,2000,7,18,-11,2000,1989,11,0.0035,0.009,-0.0055,1.0,0.9945,0.0055,,,,,,,,anchor-outcome-drift,8a523faeac10844b457627c241d4ee4729a6bb6dd41ff79aaa640064767a8f13,96df37d40ea9afd7694d6e15f6c38de4c18283e7e2ca2fa8b60207fcb9d4e32d,False,False
scenario,42,block_03,RPM,shifted,000,2000,2000,2000,0,2000,2000,0,1.0,1.0,0.0,1.0,1.0,0.0,,,,,,,,anchor-outcome-identical,8a523faeac10844b457627c241d4ee4729a6bb6dd41ff79aaa640064767a8f13,96df37d40ea9afd7694d6e15f6c38de4c18283e7e2ca2fa8b60207fcb9d4e32d,False,False
scenario,42,block_03,RPM,shifted,001,2000,2000,2000,0,2000,2000,0,1.0,1.0,0.0,1.0,1.0,0.0,,,,,,,,anchor-outcome-identical,8a523faeac10844b457627c241d4ee4729a6bb6dd41ff79aaa640064767a8f13,96df37d40ea9afd7694d6e15f6c38de4c18283e7e2ca2fa8b60207fcb9d4e32d,False,False
scenario,42,block_03,RPM,shifted,010,2000,2000,2000,0,2000,2000,0,1.0,1.0,0.0,1.0,1.0,0.0,,,,,,,,anchor-outcome-identical,8a523faeac10844b457627c241d4ee4729a6bb6dd41ff79aaa640064767a8f13,96df37d40ea9afd7694d6e15f6c38de4c18283e7e2ca2fa8b60207fcb9d4e32d,False,False
scenario,42,block_03,RPM,shifted,011,2000,2000,2000,0,2000,2000,0,1.0,1.0,0.0,1.0,1.0,0.0,,,,,,,,anchor-outcome-identical,8a523faeac10844b457627c241d4ee4729a6bb6dd41ff79aaa640064767a8f13,96df37d40ea9afd7694d6e15f6c38de4c18283e7e2ca2fa8b60207fcb9d4e32d,False,False
scenario,42,block_03,RPM,shifted,100,2000,135,146,-11,1990,987,1003,0.0675,0.073,-0.0055,0.995,0.4935,0.5015,,,,,,,,anchor-outcome-drift,8a523faeac10844b457627c241d4ee4729a6bb6dd41ff79aaa640064767a8f13,96df37d40ea9afd7694d6e15f6c38de4c18283e7e2ca2fa8b60207fcb9d4e32d,False,False
scenario,42,block_03,RPM,shifted,101,2000,0,2,-2,2000,1988,12,0.0,0.001,-0.001,1.0,0.994,0.006,,,,,,,,anchor-outcome-drift,8a523faeac10844b457627c241d4ee4729a6bb6dd41ff79aaa640064767a8f13,96df37d40ea9afd7694d6e15f6c38de4c18283e7e2ca2fa8b60207fcb9d4e32d,False,False
scenario,42,block_03,RPM,shifted,110,2000,136,243,-107,1907,1133,774,0.068,0.1215,-0.0535,0.9535,0.5665,0.387,,,,,,,,anchor-outcome-drift,8a523faeac10844b457627c241d4ee4729a6bb6dd41ff79aaa640064767a8f13,96df37d40ea9afd7694d6e15f6c38de4c18283e7e2ca2fa8b60207fcb9d4e32d,False,False
scenario,42,block_03,RPM,shifted,111,2000,7,22,-15,2000,1992,8,0.0035,0.011,-0.0075,1.0,0.996,0.004,,,,,,,,anchor-outcome-drift,8a523faeac10844b457627c241d4ee4729a6bb6dd41ff79aaa640064767a8f13,96df37d40ea9afd7694d6e15f6c38de4c18283e7e2ca2fa8b60207fcb9d4e32d,False,False
scenario,123,block_01,Gear,canonical,000,2000,2000,2000,0,2000,2000,0,1.0,1.0,0.0,1.0,1.0,0.0,,,,,,,,anchor-outcome-identical,c81ec1fe7d3cf906172f8c9b79e4facaf3a711fb5cf31bf0f93b7f148c8f20b9,b32a663c646ccfd50538af024ec2107cf167462d814487287359301ff2ee0ebb,False,False
scenario,123,block_01,Gear,canonical,001,2000,2000,2000,0,2000,2000,0,1.0,1.0,0.0,1.0,1.0,0.0,,,,,,,,anchor-outcome-identical,c81ec1fe7d3cf906172f8c9b79e4facaf3a711fb5cf31bf0f93b7f148c8f20b9,b32a663c646ccfd50538af024ec2107cf167462d814487287359301ff2ee0ebb,False,False
scenario,123,block_01,Gear,canonical,010,2000,2000,2000,0,2000,2000,0,1.0,1.0,0.0,1.0,1.0,0.0,,,,,,,,anchor-outcome-identical,c81ec1fe7d3cf906172f8c9b79e4facaf3a711fb5cf31bf0f93b7f148c8f20b9,b32a663c646ccfd50538af024ec2107cf167462d814487287359301ff2ee0ebb,False,False
scenario,123,block_01,Gear,canonical,011,2000,2000,2000,0,2000,2000,0,1.0,1.0,0.0,1.0,1.0,0.0,,,,,,,,anchor-outcome-identical,c81ec1fe7d3cf906172f8c9b79e4facaf3a711fb5cf31bf0f93b7f148c8f20b9,b32a663c646ccfd50538af024ec2107cf167462d814487287359301ff2ee0ebb,False,False
scenario,123,block_01,Gear,canonical,100,2000,45,22,23,2000,2000,0,0.0225,0.011,0.0115,1.0,1.0,0.0,,,,,,,,anchor-outcome-drift,c81ec1fe7d3cf906172f8c9b79e4facaf3a711fb5cf31bf0f93b7f148c8f20b9,b32a663c646ccfd50538af024ec2107cf167462d814487287359301ff2ee0ebb,False,False
scenario,123,block_01,Gear,canonical,101,2000,24,5,19,2000,2000,0,0.012,0.0025,0.0095,1.0,1.0,0.0,,,,,,,,anchor-outcome-drift,c81ec1fe7d3cf906172f8c9b79e4facaf3a711fb5cf31bf0f93b7f148c8f20b9,b32a663c646ccfd50538af024ec2107cf167462d814487287359301ff2ee0ebb,False,False
scenario,123,block_01,Gear,canonical,110,2000,719,499,220,2000,2000,0,0.3595,0.2495,0.11,1.0,1.0,0.0,,,,,,,,anchor-outcome-drift,c81ec1fe7d3cf906172f8c9b79e4facaf3a711fb5cf31bf0f93b7f148c8f20b9,b32a663c646ccfd50538af024ec2107cf167462d814487287359301ff2ee0ebb,False,False
scenario,123,block_01,Gear,canonical,111,2000,247,95,152,2000,2000,0,0.1235,0.0475,0.076,1.0,1.0,0.0,,,,,,,,anchor-outcome-drift,c81ec1fe7d3cf906172f8c9b79e4facaf3a711fb5cf31bf0f93b7f148c8f20b9,b32a663c646ccfd50538af024ec2107cf167462d814487287359301ff2ee0ebb,False,False
scenario,123,block_01,Gear,shifted,000,2000,2000,2000,0,2000,2000,0,1.0,1.0,0.0,1.0,1.0,0.0,,,,,,,,anchor-outcome-identical,c81ec1fe7d3cf906172f8c9b79e4facaf3a711fb5cf31bf0f93b7f148c8f20b9,b32a663c646ccfd50538af024ec2107cf167462d814487287359301ff2ee0ebb,False,False
scenario,123,block_01,Gear,shifted,001,2000,2000,2000,0,2000,2000,0,1.0,1.0,0.0,1.0,1.0,0.0,,,,,,,,anchor-outcome-identical,c81ec1fe7d3cf906172f8c9b79e4facaf3a711fb5cf31bf0f93b7f148c8f20b9,b32a663c646ccfd50538af024ec2107cf167462d814487287359301ff2ee0ebb,False,False
scenario,123,block_01,Gear,shifted,010,2000,2000,2000,0,2000,2000,0,1.0,1.0,0.0,1.0,1.0,0.0,,,,,,,,anchor-outcome-identical,c81ec1fe7d3cf906172f8c9b79e4facaf3a711fb5cf31bf0f93b7f148c8f20b9,b32a663c646ccfd50538af024ec2107cf167462d814487287359301ff2ee0ebb,False,False
scenario,123,block_01,Gear,shifted,011,2000,2000,2000,0,2000,2000,0,1.0,1.0,0.0,1.0,1.0,0.0,,,,,,,,anchor-outcome-identical,c81ec1fe7d3cf906172f8c9b79e4facaf3a711fb5cf31bf0f93b7f148c8f20b9,b32a663c646ccfd50538af024ec2107cf167462d814487287359301ff2ee0ebb,False,False
scenario,123,block_01,Gear,shifted,100,2000,49,22,27,2000,2000,0,0.0245,0.011,0.0135,1.0,1.0,0.0,,,,,,,,anchor-outcome-drift,c81ec1fe7d3cf906172f8c9b79e4facaf3a711fb5cf31bf0f93b7f148c8f20b9,b32a663c646ccfd50538af024ec2107cf167462d814487287359301ff2ee0ebb,False,False
scenario,123,block_01,Gear,shifted,101,2000,24,5,19,2000,2000,0,0.012,0.0025,0.0095,1.0,1.0,0.0,,,,,,,,anchor-outcome-drift,c81ec1fe7d3cf906172f8c9b79e4facaf3a711fb5cf31bf0f93b7f148c8f20b9,b32a663c646ccfd50538af024ec2107cf167462d814487287359301ff2ee0ebb,False,False
scenario,123,block_01,Gear,shifted,110,2000,734,516,218,2000,2000,0,0.367,0.258,0.109,1.0,1.0,0.0,,,,,,,,anchor-outcome-drift,c81ec1fe7d3cf906172f8c9b79e4facaf3a711fb5cf31bf0f93b7f148c8f20b9,b32a663c646ccfd50538af024ec2107cf167462d814487287359301ff2ee0ebb,False,False
scenario,123,block_01,Gear,shifted,111,2000,253,97,156,2000,2000,0,0.1265,0.0485,0.078,1.0,1.0,0.0,,,,,,,,anchor-outcome-drift,c81ec1fe7d3cf906172f8c9b79e4facaf3a711fb5cf31bf0f93b7f148c8f20b9,b32a663c646ccfd50538af024ec2107cf167462d814487287359301ff2ee0ebb,False,False
scenario,123,block_01,RPM,canonical,000,2000,2000,2000,0,2000,2000,0,1.0,1.0,0.0,1.0,1.0,0.0,,,,,,,,anchor-outcome-identical,c81ec1fe7d3cf906172f8c9b79e4facaf3a711fb5cf31bf0f93b7f148c8f20b9,b32a663c646ccfd50538af024ec2107cf167462d814487287359301ff2ee0ebb,False,False
scenario,123,block_01,RPM,canonical,001,2000,2000,2000,0,2000,2000,0,1.0,1.0,0.0,1.0,1.0,0.0,,,,,,,,anchor-outcome-identical,c81ec1fe7d3cf906172f8c9b79e4facaf3a711fb5cf31bf0f93b7f148c8f20b9,b32a663c646ccfd50538af024ec2107cf167462d814487287359301ff2ee0ebb,False,False
scenario,123,block_01,RPM,canonical,010,2000,2000,2000,0,2000,2000,0,1.0,1.0,0.0,1.0,1.0,0.0,,,,,,,,anchor-outcome-identical,c81ec1fe7d3cf906172f8c9b79e4facaf3a711fb5cf31bf0f93b7f148c8f20b9,b32a663c646ccfd50538af024ec2107cf167462d814487287359301ff2ee0ebb,False,False
scenario,123,block_01,RPM,canonical,011,2000,2000,2000,0,2000,2000,0,1.0,1.0,0.0,1.0,1.0,0.0,,,,,,,,anchor-outcome-identical,c81ec1fe7d3cf906172f8c9b79e4facaf3a711fb5cf31bf0f93b7f148c8f20b9,b32a663c646ccfd50538af024ec2107cf167462d814487287359301ff2ee0ebb,False,False
scenario,123,block_01,RPM,canonical,100,2000,834,880,-46,1415,1935,-520,0.417,0.44,-0.023,0.7075,0.9675,-0.26,,,,,,,,anchor-outcome-drift,c81ec1fe7d3cf906172f8c9b79e4facaf3a711fb5cf31bf0f93b7f148c8f20b9,b32a663c646ccfd50538af024ec2107cf167462d814487287359301ff2ee0ebb,False,False
scenario,123,block_01,RPM,canonical,101,2000,266,53,213,2000,2000,0,0.133,0.0265,0.1065,1.0,1.0,0.0,,,,,,,,anchor-outcome-drift,c81ec1fe7d3cf906172f8c9b79e4facaf3a711fb5cf31bf0f93b7f148c8f20b9,b32a663c646ccfd50538af024ec2107cf167462d814487287359301ff2ee0ebb,False,False
scenario,123,block_01,RPM,canonical,110,2000,182,377,-195,1592,1894,-302,0.091,0.1885,-0.0975,0.796,0.947,-0.151,,,,,,,,anchor-outcome-drift,c81ec1fe7d3cf906172f8c9b79e4facaf3a711fb5cf31bf0f93b7f148c8f20b9,b32a663c646ccfd50538af024ec2107cf167462d814487287359301ff2ee0ebb,False,False
scenario,123,block_01,RPM,canonical,111,2000,7,9,-2,2000,2000,0,0.0035,0.0045,-0.001,1.0,1.0,0.0,,,,,,,,anchor-outcome-drift,c81ec1fe7d3cf906172f8c9b79e4facaf3a711fb5cf31bf0f93b7f148c8f20b9,b32a663c646ccfd50538af024ec2107cf167462d814487287359301ff2ee0ebb,False,False
scenario,123,block_01,RPM,shifted,000,2000,2000,2000,0,2000,2000,0,1.0,1.0,0.0,1.0,1.0,0.0,,,,,,,,anchor-outcome-identical,c81ec1fe7d3cf906172f8c9b79e4facaf3a711fb5cf31bf0f93b7f148c8f20b9,b32a663c646ccfd50538af024ec2107cf167462d814487287359301ff2ee0ebb,False,False
scenario,123,block_01,RPM,shifted,001,2000,2000,2000,0,2000,2000,0,1.0,1.0,0.0,1.0,1.0,0.0,,,,,,,,anchor-outcome-identical,c81ec1fe7d3cf906172f8c9b79e4facaf3a711fb5cf31bf0f93b7f148c8f20b9,b32a663c646ccfd50538af024ec2107cf167462d814487287359301ff2ee0ebb,False,False
scenario,123,block_01,RPM,shifted,010,2000,2000,2000,0,2000,2000,0,1.0,1.0,0.0,1.0,1.0,0.0,,,,,,,,anchor-outcome-identical,c81ec1fe7d3cf906172f8c9b79e4facaf3a711fb5cf31bf0f93b7f148c8f20b9,b32a663c646ccfd50538af024ec2107cf167462d814487287359301ff2ee0ebb,False,False
scenario,123,block_01,RPM,shifted,011,2000,2000,2000,0,2000,2000,0,1.0,1.0,0.0,1.0,1.0,0.0,,,,,,,,anchor-outcome-identical,c81ec1fe7d3cf906172f8c9b79e4facaf3a711fb5cf31bf0f93b7f148c8f20b9,b32a663c646ccfd50538af024ec2107cf167462d814487287359301ff2ee0ebb,False,False
scenario,123,block_01,RPM,shifted,100,2000,959,977,-18,1537,1960,-423,0.4795,0.4885,-0.009,0.7685,0.98,-0.2115,,,,,,,,anchor-outcome-drift,c81ec1fe7d3cf906172f8c9b79e4facaf3a711fb5cf31bf0f93b7f148c8f20b9,b32a663c646ccfd50538af024ec2107cf167462d814487287359301ff2ee0ebb,False,False
scenario,123,block_01,RPM,shifted,101,2000,311,60,251,2000,2000,0,0.1555,0.03,0.1255,1.0,1.0,0.0,,,,,,,,anchor-outcome-drift,c81ec1fe7d3cf906172f8c9b79e4facaf3a711fb5cf31bf0f93b7f148c8f20b9,b32a663c646ccfd50538af024ec2107cf167462d814487287359301ff2ee0ebb,False,False
scenario,123,block_01,RPM,shifted,110,2000,216,409,-193,1662,1916,-254,0.108,0.2045,-0.0965,0.831,0.958,-0.127,,,,,,,,anchor-outcome-drift,c81ec1fe7d3cf906172f8c9b79e4facaf3a711fb5cf31bf0f93b7f148c8f20b9,b32a663c646ccfd50538af024ec2107cf167462d814487287359301ff2ee0ebb,False,False
scenario,123,block_01,RPM,shifted,111,2000,9,11,-2,2000,2000,0,0.0045,0.0055,-0.001,1.0,1.0,0.0,,,,,,,,anchor-outcome-drift,c81ec1fe7d3cf906172f8c9b79e4facaf3a711fb5cf31bf0f93b7f148c8f20b9,b32a663c646ccfd50538af024ec2107cf167462d814487287359301ff2ee0ebb,False,False
scenario,123,block_02,Gear,canonical,000,2000,1998,1998,0,2000,2000,0,0.999,0.999,0.0,1.0,1.0,0.0,,,,,,,,anchor-outcome-identical,c81ec1fe7d3cf906172f8c9b79e4facaf3a711fb5cf31bf0f93b7f148c8f20b9,b32a663c646ccfd50538af024ec2107cf167462d814487287359301ff2ee0ebb,False,False
scenario,123,block_02,Gear,canonical,001,2000,1998,1998,0,2000,2000,0,0.999,0.999,0.0,1.0,1.0,0.0,,,,,,,,anchor-outcome-identical,c81ec1fe7d3cf906172f8c9b79e4facaf3a711fb5cf31bf0f93b7f148c8f20b9,b32a663c646ccfd50538af024ec2107cf167462d814487287359301ff2ee0ebb,False,False
scenario,123,block_02,Gear,canonical,010,2000,1998,1998,0,2000,2000,0,0.999,0.999,0.0,1.0,1.0,0.0,,,,,,,,anchor-outcome-identical,c81ec1fe7d3cf906172f8c9b79e4facaf3a711fb5cf31bf0f93b7f148c8f20b9,b32a663c646ccfd50538af024ec2107cf167462d814487287359301ff2ee0ebb,False,False
scenario,123,block_02,Gear,canonical,011,2000,1998,1998,0,2000,2000,0,0.999,0.999,0.0,1.0,1.0,0.0,,,,,,,,anchor-outcome-identical,c81ec1fe7d3cf906172f8c9b79e4facaf3a711fb5cf31bf0f93b7f148c8f20b9,b32a663c646ccfd50538af024ec2107cf167462d814487287359301ff2ee0ebb,False,False
scenario,123,block_02,Gear,canonical,100,2000,42,27,15,2000,2000,0,0.021,0.0135,0.0075,1.0,1.0,0.0,,,,,,,,anchor-outcome-drift,c81ec1fe7d3cf906172f8c9b79e4facaf3a711fb5cf31bf0f93b7f148c8f20b9,b32a663c646ccfd50538af024ec2107cf167462d814487287359301ff2ee0ebb,False,False
scenario,123,block_02,Gear,canonical,101,2000,21,9,12,2000,2000,0,0.0105,0.0045,0.006,1.0,1.0,0.0,,,,,,,,anchor-outcome-drift,c81ec1fe7d3cf906172f8c9b79e4facaf3a711fb5cf31bf0f93b7f148c8f20b9,b32a663c646ccfd50538af024ec2107cf167462d814487287359301ff2ee0ebb,False,False
scenario,123,block_02,Gear,canonical,110,2000,728,528,200,2000,2000,0,0.364,0.264,0.1,1.0,1.0,0.0,,,,,,,,anchor-outcome-drift,c81ec1fe7d3cf906172f8c9b79e4facaf3a711fb5cf31bf0f93b7f148c8f20b9,b32a663c646ccfd50538af024ec2107cf167462d814487287359301ff2ee0ebb,False,False
scenario,123,block_02,Gear,canonical,111,2000,253,105,148,2000,2000,0,0.1265,0.0525,0.074,1.0,1.0,0.0,,,,,,,,anchor-outcome-drift,c81ec1fe7d3cf906172f8c9b79e4facaf3a711fb5cf31bf0f93b7f148c8f20b9,b32a663c646ccfd50538af024ec2107cf167462d814487287359301ff2ee0ebb,False,False
scenario,123,block_02,Gear,shifted,000,2000,1998,1998,0,2000,2000,0,0.999,0.999,0.0,1.0,1.0,0.0,,,,,,,,anchor-outcome-identical,c81ec1fe7d3cf906172f8c9b79e4facaf3a711fb5cf31bf0f93b7f148c8f20b9,b32a663c646ccfd50538af024ec2107cf167462d814487287359301ff2ee0ebb,False,False
scenario,123,block_02,Gear,shifted,001,2000,1998,1998,0,2000,2000,0,0.999,0.999,0.0,1.0,1.0,0.0,,,,,,,,anchor-outcome-identical,c81ec1fe7d3cf906172f8c9b79e4facaf3a711fb5cf31bf0f93b7f148c8f20b9,b32a663c646ccfd50538af024ec2107cf167462d814487287359301ff2ee0ebb,False,False
scenario,123,block_02,Gear,shifted,010,2000,1998,1998,0,2000,2000,0,0.999,0.999,0.0,1.0,1.0,0.0,,,,,,,,anchor-outcome-identical,c81ec1fe7d3cf906172f8c9b79e4facaf3a711fb5cf31bf0f93b7f148c8f20b9,b32a663c646ccfd50538af024ec2107cf167462d814487287359301ff2ee0ebb,False,False
scenario,123,block_02,Gear,shifted,011,2000,1998,1998,0,2000,2000,0,0.999,0.999,0.0,1.0,1.0,0.0,,,,,,,,anchor-outcome-identical,c81ec1fe7d3cf906172f8c9b79e4facaf3a711fb5cf31bf0f93b7f148c8f20b9,b32a663c646ccfd50538af024ec2107cf167462d814487287359301ff2ee0ebb,False,False
scenario,123,block_02,Gear,shifted,100,2000,42,27,15,2000,2000,0,0.021,0.0135,0.0075,1.0,1.0,0.0,,,,,,,,anchor-outcome-drift,c81ec1fe7d3cf906172f8c9b79e4facaf3a711fb5cf31bf0f93b7f148c8f20b9,b32a663c646ccfd50538af024ec2107cf167462d814487287359301ff2ee0ebb,False,False
scenario,123,block_02,Gear,shifted,101,2000,22,9,13,2000,2000,0,0.011,0.0045,0.0065,1.0,1.0,0.0,,,,,,,,anchor-outcome-drift,c81ec1fe7d3cf906172f8c9b79e4facaf3a711fb5cf31bf0f93b7f148c8f20b9,b32a663c646ccfd50538af024ec2107cf167462d814487287359301ff2ee0ebb,False,False
scenario,123,block_02,Gear,shifted,110,2000,742,540,202,2000,2000,0,0.371,0.27,0.101,1.0,1.0,0.0,,,,,,,,anchor-outcome-drift,c81ec1fe7d3cf906172f8c9b79e4facaf3a711fb5cf31bf0f93b7f148c8f20b9,b32a663c646ccfd50538af024ec2107cf167462d814487287359301ff2ee0ebb,False,False
scenario,123,block_02,Gear,shifted,111,2000,258,107,151,2000,2000,0,0.129,0.0535,0.0755,1.0,1.0,0.0,,,,,,,,anchor-outcome-drift,c81ec1fe7d3cf906172f8c9b79e4facaf3a711fb5cf31bf0f93b7f148c8f20b9,b32a663c646ccfd50538af024ec2107cf167462d814487287359301ff2ee0ebb,False,False
scenario,123,block_02,RPM,canonical,000,2000,1999,2000,-1,2000,2000,0,0.9995,1.0,-0.0005,1.0,1.0,0.0,,,,,,,,anchor-outcome-drift,c81ec1fe7d3cf906172f8c9b79e4facaf3a711fb5cf31bf0f93b7f148c8f20b9,b32a663c646ccfd50538af024ec2107cf167462d814487287359301ff2ee0ebb,False,False
scenario,123,block_02,RPM,canonical,001,2000,1999,2000,-1,2000,2000,0,0.9995,1.0,-0.0005,1.0,1.0,0.0,,,,,,,,anchor-outcome-drift,c81ec1fe7d3cf906172f8c9b79e4facaf3a711fb5cf31bf0f93b7f148c8f20b9,b32a663c646ccfd50538af024ec2107cf167462d814487287359301ff2ee0ebb,False,False
scenario,123,block_02,RPM,canonical,010,2000,1999,2000,-1,2000,2000,0,0.9995,1.0,-0.0005,1.0,1.0,0.0,,,,,,,,anchor-outcome-drift,c81ec1fe7d3cf906172f8c9b79e4facaf3a711fb5cf31bf0f93b7f148c8f20b9,b32a663c646ccfd50538af024ec2107cf167462d814487287359301ff2ee0ebb,False,False
scenario,123,block_02,RPM,canonical,011,2000,1999,2000,-1,2000,2000,0,0.9995,1.0,-0.0005,1.0,1.0,0.0,,,,,,,,anchor-outcome-drift,c81ec1fe7d3cf906172f8c9b79e4facaf3a711fb5cf31bf0f93b7f148c8f20b9,b32a663c646ccfd50538af024ec2107cf167462d814487287359301ff2ee0ebb,False,False
scenario,123,block_02,RPM,canonical,100,2000,849,881,-32,1424,1949,-525,0.4245,0.4405,-0.016,0.712,0.9745,-0.2625,,,,,,,,anchor-outcome-drift,c81ec1fe7d3cf906172f8c9b79e4facaf3a711fb5cf31bf0f93b7f148c8f20b9,b32a663c646ccfd50538af024ec2107cf167462d814487287359301ff2ee0ebb,False,False
scenario,123,block_02,RPM,canonical,101,2000,307,62,245,2000,2000,0,0.1535,0.031,0.1225,1.0,1.0,0.0,,,,,,,,anchor-outcome-drift,c81ec1fe7d3cf906172f8c9b79e4facaf3a711fb5cf31bf0f93b7f148c8f20b9,b32a663c646ccfd50538af024ec2107cf167462d814487287359301ff2ee0ebb,False,False
scenario,123,block_02,RPM,canonical,110,2000,193,394,-201,1621,1891,-270,0.0965,0.197,-0.1005,0.8105,0.9455,-0.135,,,,,,,,anchor-outcome-drift,c81ec1fe7d3cf906172f8c9b79e4facaf3a711fb5cf31bf0f93b7f148c8f20b9,b32a663c646ccfd50538af024ec2107cf167462d814487287359301ff2ee0ebb,False,False
scenario,123,block_02,RPM,canonical,111,2000,11,13,-2,2000,2000,0,0.0055,0.0065,-0.001,1.0,1.0,0.0,,,,,,,,anchor-outcome-drift,c81ec1fe7d3cf906172f8c9b79e4facaf3a711fb5cf31bf0f93b7f148c8f20b9,b32a663c646ccfd50538af024ec2107cf167462d814487287359301ff2ee0ebb,False,False
scenario,123,block_02,RPM,shifted,000,2000,1999,2000,-1,2000,2000,0,0.9995,1.0,-0.0005,1.0,1.0,0.0,,,,,,,,anchor-outcome-drift,c81ec1fe7d3cf906172f8c9b79e4facaf3a711fb5cf31bf0f93b7f148c8f20b9,b32a663c646ccfd50538af024ec2107cf167462d814487287359301ff2ee0ebb,False,False
scenario,123,block_02,RPM,shifted,001,2000,1999,2000,-1,2000,2000,0,0.9995,1.0,-0.0005,1.0,1.0,0.0,,,,,,,,anchor-outcome-drift,c81ec1fe7d3cf906172f8c9b79e4facaf3a711fb5cf31bf0f93b7f148c8f20b9,b32a663c646ccfd50538af024ec2107cf167462d814487287359301ff2ee0ebb,False,False
scenario,123,block_02,RPM,shifted,010,2000,1999,2000,-1,2000,2000,0,0.9995,1.0,-0.0005,1.0,1.0,0.0,,,,,,,,anchor-outcome-drift,c81ec1fe7d3cf906172f8c9b79e4facaf3a711fb5cf31bf0f93b7f148c8f20b9,b32a663c646ccfd50538af024ec2107cf167462d814487287359301ff2ee0ebb,False,False
scenario,123,block_02,RPM,shifted,011,2000,1999,2000,-1,2000,2000,0,0.9995,1.0,-0.0005,1.0,1.0,0.0,,,,,,,,anchor-outcome-drift,c81ec1fe7d3cf906172f8c9b79e4facaf3a711fb5cf31bf0f93b7f148c8f20b9,b32a663c646ccfd50538af024ec2107cf167462d814487287359301ff2ee0ebb,False,False
scenario,123,block_02,RPM,shifted,100,2000,986,985,1,1532,1967,-435,0.493,0.4925,0.0005,0.766,0.9835,-0.2175,,,,,,,,anchor-outcome-drift,c81ec1fe7d3cf906172f8c9b79e4facaf3a711fb5cf31bf0f93b7f148c8f20b9,b32a663c646ccfd50538af024ec2107cf167462d814487287359301ff2ee0ebb,False,False
scenario,123,block_02,RPM,shifted,101,2000,350,70,280,2000,2000,0,0.175,0.035,0.14,1.0,1.0,0.0,,,,,,,,anchor-outcome-drift,c81ec1fe7d3cf906172f8c9b79e4facaf3a711fb5cf31bf0f93b7f148c8f20b9,b32a663c646ccfd50538af024ec2107cf167462d814487287359301ff2ee0ebb,False,False
scenario,123,block_02,RPM,shifted,110,2000,220,433,-213,1668,1913,-245,0.11,0.2165,-0.1065,0.834,0.9565,-0.1225,,,,,,,,anchor-outcome-drift,c81ec1fe7d3cf906172f8c9b79e4facaf3a711fb5cf31bf0f93b7f148c8f20b9,b32a663c646ccfd50538af024ec2107cf167462d814487287359301ff2ee0ebb,False,False
scenario,123,block_02,RPM,shifted,111,2000,15,13,2,2000,2000,0,0.0075,0.0065,0.001,1.0,1.0,0.0,,,,,,,,anchor-outcome-drift,c81ec1fe7d3cf906172f8c9b79e4facaf3a711fb5cf31bf0f93b7f148c8f20b9,b32a663c646ccfd50538af024ec2107cf167462d814487287359301ff2ee0ebb,False,False
scenario,123,block_03,Gear,canonical,000,2000,2000,2000,0,2000,2000,0,1.0,1.0,0.0,1.0,1.0,0.0,,,,,,,,anchor-outcome-identical,c81ec1fe7d3cf906172f8c9b79e4facaf3a711fb5cf31bf0f93b7f148c8f20b9,b32a663c646ccfd50538af024ec2107cf167462d814487287359301ff2ee0ebb,False,False
scenario,123,block_03,Gear,canonical,001,2000,2000,2000,0,2000,2000,0,1.0,1.0,0.0,1.0,1.0,0.0,,,,,,,,anchor-outcome-identical,c81ec1fe7d3cf906172f8c9b79e4facaf3a711fb5cf31bf0f93b7f148c8f20b9,b32a663c646ccfd50538af024ec2107cf167462d814487287359301ff2ee0ebb,False,False
scenario,123,block_03,Gear,canonical,010,2000,2000,2000,0,2000,2000,0,1.0,1.0,0.0,1.0,1.0,0.0,,,,,,,,anchor-outcome-identical,c81ec1fe7d3cf906172f8c9b79e4facaf3a711fb5cf31bf0f93b7f148c8f20b9,b32a663c646ccfd50538af024ec2107cf167462d814487287359301ff2ee0ebb,False,False
scenario,123,block_03,Gear,canonical,011,2000,2000,2000,0,2000,2000,0,1.0,1.0,0.0,1.0,1.0,0.0,,,,,,,,anchor-outcome-identical,c81ec1fe7d3cf906172f8c9b79e4facaf3a711fb5cf31bf0f93b7f148c8f20b9,b32a663c646ccfd50538af024ec2107cf167462d814487287359301ff2ee0ebb,False,False
scenario,123,block_03,Gear,canonical,100,2000,39,20,19,2000,2000,0,0.0195,0.01,0.0095,1.0,1.0,0.0,,,,,,,,anchor-outcome-drift,c81ec1fe7d3cf906172f8c9b79e4facaf3a711fb5cf31bf0f93b7f148c8f20b9,b32a663c646ccfd50538af024ec2107cf167462d814487287359301ff2ee0ebb,False,False
scenario,123,block_03,Gear,canonical,101,2000,20,3,17,2000,2000,0,0.01,0.0015,0.0085,1.0,1.0,0.0,,,,,,,,anchor-outcome-drift,c81ec1fe7d3cf906172f8c9b79e4facaf3a711fb5cf31bf0f93b7f148c8f20b9,b32a663c646ccfd50538af024ec2107cf167462d814487287359301ff2ee0ebb,False,False
scenario,123,block_03,Gear,canonical,110,2000,733,506,227,2000,2000,0,0.3665,0.253,0.1135,1.0,1.0,0.0,,,,,,,,anchor-outcome-drift,c81ec1fe7d3cf906172f8c9b79e4facaf3a711fb5cf31bf0f93b7f148c8f20b9,b32a663c646ccfd50538af024ec2107cf167462d814487287359301ff2ee0ebb,False,False
scenario,123,block_03,Gear,canonical,111,2000,227,91,136,2000,2000,0,0.1135,0.0455,0.068,1.0,1.0,0.0,,,,,,,,anchor-outcome-drift,c81ec1fe7d3cf906172f8c9b79e4facaf3a711fb5cf31bf0f93b7f148c8f20b9,b32a663c646ccfd50538af024ec2107cf167462d814487287359301ff2ee0ebb,False,False
scenario,123,block_03,Gear,shifted,000,2000,2000,2000,0,2000,2000,0,1.0,1.0,0.0,1.0,1.0,0.0,,,,,,,,anchor-outcome-identical,c81ec1fe7d3cf906172f8c9b79e4facaf3a711fb5cf31bf0f93b7f148c8f20b9,b32a663c646ccfd50538af024ec2107cf167462d814487287359301ff2ee0ebb,False,False
scenario,123,block_03,Gear,shifted,001,2000,2000,2000,0,2000,2000,0,1.0,1.0,0.0,1.0,1.0,0.0,,,,,,,,anchor-outcome-identical,c81ec1fe7d3cf906172f8c9b79e4facaf3a711fb5cf31bf0f93b7f148c8f20b9,b32a663c646ccfd50538af024ec2107cf167462d814487287359301ff2ee0ebb,False,False
scenario,123,block_03,Gear,shifted,010,2000,2000,2000,0,2000,2000,0,1.0,1.0,0.0,1.0,1.0,0.0,,,,,,,,anchor-outcome-identical,c81ec1fe7d3cf906172f8c9b79e4facaf3a711fb5cf31bf0f93b7f148c8f20b9,b32a663c646ccfd50538af024ec2107cf167462d814487287359301ff2ee0ebb,False,False
scenario,123,block_03,Gear,shifted,011,2000,2000,2000,0,2000,2000,0,1.0,1.0,0.0,1.0,1.0,0.0,,,,,,,,anchor-outcome-identical,c81ec1fe7d3cf906172f8c9b79e4facaf3a711fb5cf31bf0f93b7f148c8f20b9,b32a663c646ccfd50538af024ec2107cf167462d814487287359301ff2ee0ebb,False,False
scenario,123,block_03,Gear,shifted,100,2000,41,21,20,2000,2000,0,0.0205,0.0105,0.01,1.0,1.0,0.0,,,,,,,,anchor-outcome-drift,c81ec1fe7d3cf906172f8c9b79e4facaf3a711fb5cf31bf0f93b7f148c8f20b9,b32a663c646ccfd50538af024ec2107cf167462d814487287359301ff2ee0ebb,False,False
scenario,123,block_03,Gear,shifted,101,2000,20,3,17,2000,2000,0,0.01,0.0015,0.0085,1.0,1.0,0.0,,,,,,,,anchor-outcome-drift,c81ec1fe7d3cf906172f8c9b79e4facaf3a711fb5cf31bf0f93b7f148c8f20b9,b32a663c646ccfd50538af024ec2107cf167462d814487287359301ff2ee0ebb,False,False
scenario,123,block_03,Gear,shifted,110,2000,747,519,228,2000,2000,0,0.3735,0.2595,0.114,1.0,1.0,0.0,,,,,,,,anchor-outcome-drift,c81ec1fe7d3cf906172f8c9b79e4facaf3a711fb5cf31bf0f93b7f148c8f20b9,b32a663c646ccfd50538af024ec2107cf167462d814487287359301ff2ee0ebb,False,False
scenario,123,block_03,Gear,shifted,111,2000,238,92,146,2000,2000,0,0.119,0.046,0.073,1.0,1.0,0.0,,,,,,,,anchor-outcome-drift,c81ec1fe7d3cf906172f8c9b79e4facaf3a711fb5cf31bf0f93b7f148c8f20b9,b32a663c646ccfd50538af024ec2107cf167462d814487287359301ff2ee0ebb,False,False
scenario,123,block_03,RPM,canonical,000,2000,2000,2000,0,2000,2000,0,1.0,1.0,0.0,1.0,1.0,0.0,,,,,,,,anchor-outcome-identical,c81ec1fe7d3cf906172f8c9b79e4facaf3a711fb5cf31bf0f93b7f148c8f20b9,b32a663c646ccfd50538af024ec2107cf167462d814487287359301ff2ee0ebb,False,False
scenario,123,block_03,RPM,canonical,001,2000,2000,2000,0,2000,2000,0,1.0,1.0,0.0,1.0,1.0,0.0,,,,,,,,anchor-outcome-identical,c81ec1fe7d3cf906172f8c9b79e4facaf3a711fb5cf31bf0f93b7f148c8f20b9,b32a663c646ccfd50538af024ec2107cf167462d814487287359301ff2ee0ebb,False,False
scenario,123,block_03,RPM,canonical,010,2000,2000,2000,0,2000,2000,0,1.0,1.0,0.0,1.0,1.0,0.0,,,,,,,,anchor-outcome-identical,c81ec1fe7d3cf906172f8c9b79e4facaf3a711fb5cf31bf0f93b7f148c8f20b9,b32a663c646ccfd50538af024ec2107cf167462d814487287359301ff2ee0ebb,False,False
scenario,123,block_03,RPM,canonical,011,2000,2000,2000,0,2000,2000,0,1.0,1.0,0.0,1.0,1.0,0.0,,,,,,,,anchor-outcome-identical,c81ec1fe7d3cf906172f8c9b79e4facaf3a711fb5cf31bf0f93b7f148c8f20b9,b32a663c646ccfd50538af024ec2107cf167462d814487287359301ff2ee0ebb,False,False
scenario,123,block_03,RPM,canonical,100,2000,867,876,-9,1433,1916,-483,0.4335,0.438,-0.0045,0.7165,0.958,-0.2415,,,,,,,,anchor-outcome-drift,c81ec1fe7d3cf906172f8c9b79e4facaf3a711fb5cf31bf0f93b7f148c8f20b9,b32a663c646ccfd50538af024ec2107cf167462d814487287359301ff2ee0ebb,False,False
scenario,123,block_03,RPM,canonical,101,2000,307,47,260,1999,2000,-1,0.1535,0.0235,0.13,0.9995,1.0,-0.0005,,,,,,,,anchor-outcome-drift,c81ec1fe7d3cf906172f8c9b79e4facaf3a711fb5cf31bf0f93b7f148c8f20b9,b32a663c646ccfd50538af024ec2107cf167462d814487287359301ff2ee0ebb,False,False
scenario,123,block_03,RPM,canonical,110,2000,212,395,-183,1622,1885,-263,0.106,0.1975,-0.0915,0.811,0.9425,-0.1315,,,,,,,,anchor-outcome-drift,c81ec1fe7d3cf906172f8c9b79e4facaf3a711fb5cf31bf0f93b7f148c8f20b9,b32a663c646ccfd50538af024ec2107cf167462d814487287359301ff2ee0ebb,False,False
scenario,123,block_03,RPM,canonical,111,2000,12,13,-1,2000,2000,0,0.006,0.0065,-0.0005,1.0,1.0,0.0,,,,,,,,anchor-outcome-drift,c81ec1fe7d3cf906172f8c9b79e4facaf3a711fb5cf31bf0f93b7f148c8f20b9,b32a663c646ccfd50538af024ec2107cf167462d814487287359301ff2ee0ebb,False,False
scenario,123,block_03,RPM,shifted,000,2000,2000,2000,0,2000,2000,0,1.0,1.0,0.0,1.0,1.0,0.0,,,,,,,,anchor-outcome-identical,c81ec1fe7d3cf906172f8c9b79e4facaf3a711fb5cf31bf0f93b7f148c8f20b9,b32a663c646ccfd50538af024ec2107cf167462d814487287359301ff2ee0ebb,False,False
scenario,123,block_03,RPM,shifted,001,2000,2000,2000,0,2000,2000,0,1.0,1.0,0.0,1.0,1.0,0.0,,,,,,,,anchor-outcome-identical,c81ec1fe7d3cf906172f8c9b79e4facaf3a711fb5cf31bf0f93b7f148c8f20b9,b32a663c646ccfd50538af024ec2107cf167462d814487287359301ff2ee0ebb,False,False
scenario,123,block_03,RPM,shifted,010,2000,2000,2000,0,2000,2000,0,1.0,1.0,0.0,1.0,1.0,0.0,,,,,,,,anchor-outcome-identical,c81ec1fe7d3cf906172f8c9b79e4facaf3a711fb5cf31bf0f93b7f148c8f20b9,b32a663c646ccfd50538af024ec2107cf167462d814487287359301ff2ee0ebb,False,False
scenario,123,block_03,RPM,shifted,011,2000,2000,2000,0,2000,2000,0,1.0,1.0,0.0,1.0,1.0,0.0,,,,,,,,anchor-outcome-identical,c81ec1fe7d3cf906172f8c9b79e4facaf3a711fb5cf31bf0f93b7f148c8f20b9,b32a663c646ccfd50538af024ec2107cf167462d814487287359301ff2ee0ebb,False,False
scenario,123,block_03,RPM,shifted,100,2000,973,968,5,1529,1942,-413,0.4865,0.484,0.0025,0.7645,0.971,-0.2065,,,,,,,,anchor-outcome-drift,c81ec1fe7d3cf906172f8c9b79e4facaf3a711fb5cf31bf0f93b7f148c8f20b9,b32a663c646ccfd50538af024ec2107cf167462d814487287359301ff2ee0ebb,False,False
scenario,123,block_03,RPM,shifted,101,2000,350,57,293,2000,2000,0,0.175,0.0285,0.1465,1.0,1.0,0.0,,,,,,,,anchor-outcome-drift,c81ec1fe7d3cf906172f8c9b79e4facaf3a711fb5cf31bf0f93b7f148c8f20b9,b32a663c646ccfd50538af024ec2107cf167462d814487287359301ff2ee0ebb,False,False
scenario,123,block_03,RPM,shifted,110,2000,247,437,-190,1677,1907,-230,0.1235,0.2185,-0.095,0.8385,0.9535,-0.115,,,,,,,,anchor-outcome-drift,c81ec1fe7d3cf906172f8c9b79e4facaf3a711fb5cf31bf0f93b7f148c8f20b9,b32a663c646ccfd50538af024ec2107cf167462d814487287359301ff2ee0ebb,False,False
scenario,123,block_03,RPM,shifted,111,2000,13,15,-2,2000,2000,0,0.0065,0.0075,-0.001,1.0,1.0,0.0,,,,,,,,anchor-outcome-drift,c81ec1fe7d3cf906172f8c9b79e4facaf3a711fb5cf31bf0f93b7f148c8f20b9,b32a663c646ccfd50538af024ec2107cf167462d814487287359301ff2ee0ebb,False,False
scenario,2026,block_01,Gear,canonical,000,2000,2000,2000,0,2000,2000,0,1.0,1.0,0.0,1.0,1.0,0.0,,,,,,,,anchor-outcome-identical,9f89d0fcf4c911b042d944313e1c99ff10ee1f483396e2cfd5227b6e4c3f7c8b,1020d15f99c0de5335633ce9de97f53485faf281fc3e5cafa1182a993e6d7a94,False,False
scenario,2026,block_01,Gear,canonical,001,2000,2000,2000,0,2000,2000,0,1.0,1.0,0.0,1.0,1.0,0.0,,,,,,,,anchor-outcome-identical,9f89d0fcf4c911b042d944313e1c99ff10ee1f483396e2cfd5227b6e4c3f7c8b,1020d15f99c0de5335633ce9de97f53485faf281fc3e5cafa1182a993e6d7a94,False,False
scenario,2026,block_01,Gear,canonical,010,2000,2000,2000,0,2000,2000,0,1.0,1.0,0.0,1.0,1.0,0.0,,,,,,,,anchor-outcome-identical,9f89d0fcf4c911b042d944313e1c99ff10ee1f483396e2cfd5227b6e4c3f7c8b,1020d15f99c0de5335633ce9de97f53485faf281fc3e5cafa1182a993e6d7a94,False,False
scenario,2026,block_01,Gear,canonical,011,2000,2000,2000,0,2000,2000,0,1.0,1.0,0.0,1.0,1.0,0.0,,,,,,,,anchor-outcome-identical,9f89d0fcf4c911b042d944313e1c99ff10ee1f483396e2cfd5227b6e4c3f7c8b,1020d15f99c0de5335633ce9de97f53485faf281fc3e5cafa1182a993e6d7a94,False,False
scenario,2026,block_01,Gear,canonical,100,2000,42,107,-65,2000,2000,0,0.021,0.0535,-0.0325,1.0,1.0,0.0,,,,,,,,anchor-outcome-drift,9f89d0fcf4c911b042d944313e1c99ff10ee1f483396e2cfd5227b6e4c3f7c8b,1020d15f99c0de5335633ce9de97f53485faf281fc3e5cafa1182a993e6d7a94,False,False
scenario,2026,block_01,Gear,canonical,101,2000,2,15,-13,2000,2000,0,0.001,0.0075,-0.0065,1.0,1.0,0.0,,,,,,,,anchor-outcome-drift,9f89d0fcf4c911b042d944313e1c99ff10ee1f483396e2cfd5227b6e4c3f7c8b,1020d15f99c0de5335633ce9de97f53485faf281fc3e5cafa1182a993e6d7a94,False,False
scenario,2026,block_01,Gear,canonical,110,2000,41,51,-10,2000,1999,1,0.0205,0.0255,-0.005,1.0,0.9995,0.0005,,,,,,,,anchor-outcome-drift,9f89d0fcf4c911b042d944313e1c99ff10ee1f483396e2cfd5227b6e4c3f7c8b,1020d15f99c0de5335633ce9de97f53485faf281fc3e5cafa1182a993e6d7a94,False,False
scenario,2026,block_01,Gear,canonical,111,2000,5,9,-4,2000,1999,1,0.0025,0.0045,-0.002,1.0,0.9995,0.0005,,,,,,,,anchor-outcome-drift,9f89d0fcf4c911b042d944313e1c99ff10ee1f483396e2cfd5227b6e4c3f7c8b,1020d15f99c0de5335633ce9de97f53485faf281fc3e5cafa1182a993e6d7a94,False,False
scenario,2026,block_01,Gear,shifted,000,2000,2000,2000,0,2000,2000,0,1.0,1.0,0.0,1.0,1.0,0.0,,,,,,,,anchor-outcome-identical,9f89d0fcf4c911b042d944313e1c99ff10ee1f483396e2cfd5227b6e4c3f7c8b,1020d15f99c0de5335633ce9de97f53485faf281fc3e5cafa1182a993e6d7a94,False,False
scenario,2026,block_01,Gear,shifted,001,2000,2000,2000,0,2000,2000,0,1.0,1.0,0.0,1.0,1.0,0.0,,,,,,,,anchor-outcome-identical,9f89d0fcf4c911b042d944313e1c99ff10ee1f483396e2cfd5227b6e4c3f7c8b,1020d15f99c0de5335633ce9de97f53485faf281fc3e5cafa1182a993e6d7a94,False,False
scenario,2026,block_01,Gear,shifted,010,2000,2000,2000,0,2000,2000,0,1.0,1.0,0.0,1.0,1.0,0.0,,,,,,,,anchor-outcome-identical,9f89d0fcf4c911b042d944313e1c99ff10ee1f483396e2cfd5227b6e4c3f7c8b,1020d15f99c0de5335633ce9de97f53485faf281fc3e5cafa1182a993e6d7a94,False,False
scenario,2026,block_01,Gear,shifted,011,2000,2000,2000,0,2000,2000,0,1.0,1.0,0.0,1.0,1.0,0.0,,,,,,,,anchor-outcome-identical,9f89d0fcf4c911b042d944313e1c99ff10ee1f483396e2cfd5227b6e4c3f7c8b,1020d15f99c0de5335633ce9de97f53485faf281fc3e5cafa1182a993e6d7a94,False,False
scenario,2026,block_01,Gear,shifted,100,2000,44,109,-65,2000,2000,0,0.022,0.0545,-0.0325,1.0,1.0,0.0,,,,,,,,anchor-outcome-drift,9f89d0fcf4c911b042d944313e1c99ff10ee1f483396e2cfd5227b6e4c3f7c8b,1020d15f99c0de5335633ce9de97f53485faf281fc3e5cafa1182a993e6d7a94,False,False
scenario,2026,block_01,Gear,shifted,101,2000,2,15,-13,2000,2000,0,0.001,0.0075,-0.0065,1.0,1.0,0.0,,,,,,,,anchor-outcome-drift,9f89d0fcf4c911b042d944313e1c99ff10ee1f483396e2cfd5227b6e4c3f7c8b,1020d15f99c0de5335633ce9de97f53485faf281fc3e5cafa1182a993e6d7a94,False,False
scenario,2026,block_01,Gear,shifted,110,2000,41,52,-11,2000,1999,1,0.0205,0.026,-0.0055,1.0,0.9995,0.0005,,,,,,,,anchor-outcome-drift,9f89d0fcf4c911b042d944313e1c99ff10ee1f483396e2cfd5227b6e4c3f7c8b,1020d15f99c0de5335633ce9de97f53485faf281fc3e5cafa1182a993e6d7a94,False,False
scenario,2026,block_01,Gear,shifted,111,2000,5,9,-4,2000,1999,1,0.0025,0.0045,-0.002,1.0,0.9995,0.0005,,,,,,,,anchor-outcome-drift,9f89d0fcf4c911b042d944313e1c99ff10ee1f483396e2cfd5227b6e4c3f7c8b,1020d15f99c0de5335633ce9de97f53485faf281fc3e5cafa1182a993e6d7a94,False,False
scenario,2026,block_01,RPM,canonical,000,2000,2000,2000,0,2000,2000,0,1.0,1.0,0.0,1.0,1.0,0.0,,,,,,,,anchor-outcome-identical,9f89d0fcf4c911b042d944313e1c99ff10ee1f483396e2cfd5227b6e4c3f7c8b,1020d15f99c0de5335633ce9de97f53485faf281fc3e5cafa1182a993e6d7a94,False,False
scenario,2026,block_01,RPM,canonical,001,2000,2000,2000,0,2000,2000,0,1.0,1.0,0.0,1.0,1.0,0.0,,,,,,,,anchor-outcome-identical,9f89d0fcf4c911b042d944313e1c99ff10ee1f483396e2cfd5227b6e4c3f7c8b,1020d15f99c0de5335633ce9de97f53485faf281fc3e5cafa1182a993e6d7a94,False,False
scenario,2026,block_01,RPM,canonical,010,2000,2000,2000,0,2000,2000,0,1.0,1.0,0.0,1.0,1.0,0.0,,,,,,,,anchor-outcome-identical,9f89d0fcf4c911b042d944313e1c99ff10ee1f483396e2cfd5227b6e4c3f7c8b,1020d15f99c0de5335633ce9de97f53485faf281fc3e5cafa1182a993e6d7a94,False,False
scenario,2026,block_01,RPM,canonical,011,2000,2000,2000,0,2000,2000,0,1.0,1.0,0.0,1.0,1.0,0.0,,,,,,,,anchor-outcome-identical,9f89d0fcf4c911b042d944313e1c99ff10ee1f483396e2cfd5227b6e4c3f7c8b,1020d15f99c0de5335633ce9de97f53485faf281fc3e5cafa1182a993e6d7a94,False,False
scenario,2026,block_01,RPM,canonical,100,2000,409,82,327,1913,1303,610,0.2045,0.041,0.1635,0.9565,0.6515,0.305,,,,,,,,anchor-outcome-drift,9f89d0fcf4c911b042d944313e1c99ff10ee1f483396e2cfd5227b6e4c3f7c8b,1020d15f99c0de5335633ce9de97f53485faf281fc3e5cafa1182a993e6d7a94,False,False
scenario,2026,block_01,RPM,canonical,101,2000,2,1,1,2000,2000,0,0.001,0.0005,0.0005,1.0,1.0,0.0,,,,,,,,anchor-outcome-drift,9f89d0fcf4c911b042d944313e1c99ff10ee1f483396e2cfd5227b6e4c3f7c8b,1020d15f99c0de5335633ce9de97f53485faf281fc3e5cafa1182a993e6d7a94,False,False
scenario,2026,block_01,RPM,canonical,110,2000,485,159,326,1912,1224,688,0.2425,0.0795,0.163,0.956,0.612,0.344,,,,,,,,anchor-outcome-drift,9f89d0fcf4c911b042d944313e1c99ff10ee1f483396e2cfd5227b6e4c3f7c8b,1020d15f99c0de5335633ce9de97f53485faf281fc3e5cafa1182a993e6d7a94,False,False
scenario,2026,block_01,RPM,canonical,111,2000,33,19,14,2000,1998,2,0.0165,0.0095,0.007,1.0,0.999,0.001,,,,,,,,anchor-outcome-drift,9f89d0fcf4c911b042d944313e1c99ff10ee1f483396e2cfd5227b6e4c3f7c8b,1020d15f99c0de5335633ce9de97f53485faf281fc3e5cafa1182a993e6d7a94,False,False
scenario,2026,block_01,RPM,shifted,000,2000,2000,2000,0,2000,2000,0,1.0,1.0,0.0,1.0,1.0,0.0,,,,,,,,anchor-outcome-identical,9f89d0fcf4c911b042d944313e1c99ff10ee1f483396e2cfd5227b6e4c3f7c8b,1020d15f99c0de5335633ce9de97f53485faf281fc3e5cafa1182a993e6d7a94,False,False
scenario,2026,block_01,RPM,shifted,001,2000,2000,2000,0,2000,2000,0,1.0,1.0,0.0,1.0,1.0,0.0,,,,,,,,anchor-outcome-identical,9f89d0fcf4c911b042d944313e1c99ff10ee1f483396e2cfd5227b6e4c3f7c8b,1020d15f99c0de5335633ce9de97f53485faf281fc3e5cafa1182a993e6d7a94,False,False
scenario,2026,block_01,RPM,shifted,010,2000,2000,2000,0,2000,2000,0,1.0,1.0,0.0,1.0,1.0,0.0,,,,,,,,anchor-outcome-identical,9f89d0fcf4c911b042d944313e1c99ff10ee1f483396e2cfd5227b6e4c3f7c8b,1020d15f99c0de5335633ce9de97f53485faf281fc3e5cafa1182a993e6d7a94,False,False
scenario,2026,block_01,RPM,shifted,011,2000,2000,2000,0,2000,2000,0,1.0,1.0,0.0,1.0,1.0,0.0,,,,,,,,anchor-outcome-identical,9f89d0fcf4c911b042d944313e1c99ff10ee1f483396e2cfd5227b6e4c3f7c8b,1020d15f99c0de5335633ce9de97f53485faf281fc3e5cafa1182a993e6d7a94,False,False
scenario,2026,block_01,RPM,shifted,100,2000,412,89,323,1943,1388,555,0.206,0.0445,0.1615,0.9715,0.694,0.2775,,,,,,,,anchor-outcome-drift,9f89d0fcf4c911b042d944313e1c99ff10ee1f483396e2cfd5227b6e4c3f7c8b,1020d15f99c0de5335633ce9de97f53485faf281fc3e5cafa1182a993e6d7a94,False,False
scenario,2026,block_01,RPM,shifted,101,2000,1,1,0,2000,2000,0,0.0005,0.0005,0.0,1.0,1.0,0.0,,,,,,,,anchor-outcome-identical,9f89d0fcf4c911b042d944313e1c99ff10ee1f483396e2cfd5227b6e4c3f7c8b,1020d15f99c0de5335633ce9de97f53485faf281fc3e5cafa1182a993e6d7a94,False,False
scenario,2026,block_01,RPM,shifted,110,2000,469,160,309,1922,1273,649,0.2345,0.08,0.1545,0.961,0.6365,0.3245,,,,,,,,anchor-outcome-drift,9f89d0fcf4c911b042d944313e1c99ff10ee1f483396e2cfd5227b6e4c3f7c8b,1020d15f99c0de5335633ce9de97f53485faf281fc3e5cafa1182a993e6d7a94,False,False
scenario,2026,block_01,RPM,shifted,111,2000,25,18,7,2000,1998,2,0.0125,0.009,0.0035,1.0,0.999,0.001,,,,,,,,anchor-outcome-drift,9f89d0fcf4c911b042d944313e1c99ff10ee1f483396e2cfd5227b6e4c3f7c8b,1020d15f99c0de5335633ce9de97f53485faf281fc3e5cafa1182a993e6d7a94,False,False
scenario,2026,block_02,Gear,canonical,000,2000,1998,1998,0,2000,2000,0,0.999,0.999,0.0,1.0,1.0,0.0,,,,,,,,anchor-outcome-identical,9f89d0fcf4c911b042d944313e1c99ff10ee1f483396e2cfd5227b6e4c3f7c8b,1020d15f99c0de5335633ce9de97f53485faf281fc3e5cafa1182a993e6d7a94,False,False
scenario,2026,block_02,Gear,canonical,001,2000,1998,1998,0,2000,2000,0,0.999,0.999,0.0,1.0,1.0,0.0,,,,,,,,anchor-outcome-identical,9f89d0fcf4c911b042d944313e1c99ff10ee1f483396e2cfd5227b6e4c3f7c8b,1020d15f99c0de5335633ce9de97f53485faf281fc3e5cafa1182a993e6d7a94,False,False
scenario,2026,block_02,Gear,canonical,010,2000,1998,1998,0,2000,2000,0,0.999,0.999,0.0,1.0,1.0,0.0,,,,,,,,anchor-outcome-identical,9f89d0fcf4c911b042d944313e1c99ff10ee1f483396e2cfd5227b6e4c3f7c8b,1020d15f99c0de5335633ce9de97f53485faf281fc3e5cafa1182a993e6d7a94,False,False
scenario,2026,block_02,Gear,canonical,011,2000,1998,1998,0,2000,2000,0,0.999,0.999,0.0,1.0,1.0,0.0,,,,,,,,anchor-outcome-identical,9f89d0fcf4c911b042d944313e1c99ff10ee1f483396e2cfd5227b6e4c3f7c8b,1020d15f99c0de5335633ce9de97f53485faf281fc3e5cafa1182a993e6d7a94,False,False
scenario,2026,block_02,Gear,canonical,100,2000,55,106,-51,2000,2000,0,0.0275,0.053,-0.0255,1.0,1.0,0.0,,,,,,,,anchor-outcome-drift,9f89d0fcf4c911b042d944313e1c99ff10ee1f483396e2cfd5227b6e4c3f7c8b,1020d15f99c0de5335633ce9de97f53485faf281fc3e5cafa1182a993e6d7a94,False,False
scenario,2026,block_02,Gear,canonical,101,2000,3,16,-13,2000,2000,0,0.0015,0.008,-0.0065,1.0,1.0,0.0,,,,,,,,anchor-outcome-drift,9f89d0fcf4c911b042d944313e1c99ff10ee1f483396e2cfd5227b6e4c3f7c8b,1020d15f99c0de5335633ce9de97f53485faf281fc3e5cafa1182a993e6d7a94,False,False
scenario,2026,block_02,Gear,canonical,110,2000,48,71,-23,2000,2000,0,0.024,0.0355,-0.0115,1.0,1.0,0.0,,,,,,,,anchor-outcome-drift,9f89d0fcf4c911b042d944313e1c99ff10ee1f483396e2cfd5227b6e4c3f7c8b,1020d15f99c0de5335633ce9de97f53485faf281fc3e5cafa1182a993e6d7a94,False,False
scenario,2026,block_02,Gear,canonical,111,2000,14,19,-5,2000,2000,0,0.007,0.0095,-0.0025,1.0,1.0,0.0,,,,,,,,anchor-outcome-drift,9f89d0fcf4c911b042d944313e1c99ff10ee1f483396e2cfd5227b6e4c3f7c8b,1020d15f99c0de5335633ce9de97f53485faf281fc3e5cafa1182a993e6d7a94,False,False
scenario,2026,block_02,Gear,shifted,000,2000,1998,1998,0,2000,2000,0,0.999,0.999,0.0,1.0,1.0,0.0,,,,,,,,anchor-outcome-identical,9f89d0fcf4c911b042d944313e1c99ff10ee1f483396e2cfd5227b6e4c3f7c8b,1020d15f99c0de5335633ce9de97f53485faf281fc3e5cafa1182a993e6d7a94,False,False
scenario,2026,block_02,Gear,shifted,001,2000,1998,1998,0,2000,2000,0,0.999,0.999,0.0,1.0,1.0,0.0,,,,,,,,anchor-outcome-identical,9f89d0fcf4c911b042d944313e1c99ff10ee1f483396e2cfd5227b6e4c3f7c8b,1020d15f99c0de5335633ce9de97f53485faf281fc3e5cafa1182a993e6d7a94,False,False
scenario,2026,block_02,Gear,shifted,010,2000,1998,1998,0,2000,2000,0,0.999,0.999,0.0,1.0,1.0,0.0,,,,,,,,anchor-outcome-identical,9f89d0fcf4c911b042d944313e1c99ff10ee1f483396e2cfd5227b6e4c3f7c8b,1020d15f99c0de5335633ce9de97f53485faf281fc3e5cafa1182a993e6d7a94,False,False
scenario,2026,block_02,Gear,shifted,011,2000,1998,1998,0,2000,2000,0,0.999,0.999,0.0,1.0,1.0,0.0,,,,,,,,anchor-outcome-identical,9f89d0fcf4c911b042d944313e1c99ff10ee1f483396e2cfd5227b6e4c3f7c8b,1020d15f99c0de5335633ce9de97f53485faf281fc3e5cafa1182a993e6d7a94,False,False
scenario,2026,block_02,Gear,shifted,100,2000,57,106,-49,2000,2000,0,0.0285,0.053,-0.0245,1.0,1.0,0.0,,,,,,,,anchor-outcome-drift,9f89d0fcf4c911b042d944313e1c99ff10ee1f483396e2cfd5227b6e4c3f7c8b,1020d15f99c0de5335633ce9de97f53485faf281fc3e5cafa1182a993e6d7a94,False,False
scenario,2026,block_02,Gear,shifted,101,2000,3,16,-13,2000,2000,0,0.0015,0.008,-0.0065,1.0,1.0,0.0,,,,,,,,anchor-outcome-drift,9f89d0fcf4c911b042d944313e1c99ff10ee1f483396e2cfd5227b6e4c3f7c8b,1020d15f99c0de5335633ce9de97f53485faf281fc3e5cafa1182a993e6d7a94,False,False
scenario,2026,block_02,Gear,shifted,110,2000,51,72,-21,2000,2000,0,0.0255,0.036,-0.0105,1.0,1.0,0.0,,,,,,,,anchor-outcome-drift,9f89d0fcf4c911b042d944313e1c99ff10ee1f483396e2cfd5227b6e4c3f7c8b,1020d15f99c0de5335633ce9de97f53485faf281fc3e5cafa1182a993e6d7a94,False,False
scenario,2026,block_02,Gear,shifted,111,2000,14,20,-6,2000,2000,0,0.007,0.01,-0.003,1.0,1.0,0.0,,,,,,,,anchor-outcome-drift,9f89d0fcf4c911b042d944313e1c99ff10ee1f483396e2cfd5227b6e4c3f7c8b,1020d15f99c0de5335633ce9de97f53485faf281fc3e5cafa1182a993e6d7a94,False,False
scenario,2026,block_02,RPM,canonical,000,2000,1998,1998,0,2000,2000,0,0.999,0.999,0.0,1.0,1.0,0.0,,,,,,,,anchor-outcome-identical,9f89d0fcf4c911b042d944313e1c99ff10ee1f483396e2cfd5227b6e4c3f7c8b,1020d15f99c0de5335633ce9de97f53485faf281fc3e5cafa1182a993e6d7a94,False,False
scenario,2026,block_02,RPM,canonical,001,2000,1998,1998,0,2000,2000,0,0.999,0.999,0.0,1.0,1.0,0.0,,,,,,,,anchor-outcome-identical,9f89d0fcf4c911b042d944313e1c99ff10ee1f483396e2cfd5227b6e4c3f7c8b,1020d15f99c0de5335633ce9de97f53485faf281fc3e5cafa1182a993e6d7a94,False,False
scenario,2026,block_02,RPM,canonical,010,2000,1998,1998,0,2000,2000,0,0.999,0.999,0.0,1.0,1.0,0.0,,,,,,,,anchor-outcome-identical,9f89d0fcf4c911b042d944313e1c99ff10ee1f483396e2cfd5227b6e4c3f7c8b,1020d15f99c0de5335633ce9de97f53485faf281fc3e5cafa1182a993e6d7a94,False,False
scenario,2026,block_02,RPM,canonical,011,2000,1998,1998,0,2000,2000,0,0.999,0.999,0.0,1.0,1.0,0.0,,,,,,,,anchor-outcome-identical,9f89d0fcf4c911b042d944313e1c99ff10ee1f483396e2cfd5227b6e4c3f7c8b,1020d15f99c0de5335633ce9de97f53485faf281fc3e5cafa1182a993e6d7a94,False,False
scenario,2026,block_02,RPM,canonical,100,2000,389,79,310,1912,1311,601,0.1945,0.0395,0.155,0.956,0.6555,0.3005,,,,,,,,anchor-outcome-drift,9f89d0fcf4c911b042d944313e1c99ff10ee1f483396e2cfd5227b6e4c3f7c8b,1020d15f99c0de5335633ce9de97f53485faf281fc3e5cafa1182a993e6d7a94,False,False
scenario,2026,block_02,RPM,canonical,101,2000,0,1,-1,2000,2000,0,0.0,0.0005,-0.0005,1.0,1.0,0.0,,,,,,,,anchor-outcome-drift,9f89d0fcf4c911b042d944313e1c99ff10ee1f483396e2cfd5227b6e4c3f7c8b,1020d15f99c0de5335633ce9de97f53485faf281fc3e5cafa1182a993e6d7a94,False,False
scenario,2026,block_02,RPM,canonical,110,2000,471,142,329,1905,1261,644,0.2355,0.071,0.1645,0.9525,0.6305,0.322,,,,,,,,anchor-outcome-drift,9f89d0fcf4c911b042d944313e1c99ff10ee1f483396e2cfd5227b6e4c3f7c8b,1020d15f99c0de5335633ce9de97f53485faf281fc3e5cafa1182a993e6d7a94,False,False
scenario,2026,block_02,RPM,canonical,111,2000,18,12,6,2000,1996,4,0.009,0.006,0.003,1.0,0.998,0.002,,,,,,,,anchor-outcome-drift,9f89d0fcf4c911b042d944313e1c99ff10ee1f483396e2cfd5227b6e4c3f7c8b,1020d15f99c0de5335633ce9de97f53485faf281fc3e5cafa1182a993e6d7a94,False,False
scenario,2026,block_02,RPM,shifted,000,2000,1998,1998,0,2000,2000,0,0.999,0.999,0.0,1.0,1.0,0.0,,,,,,,,anchor-outcome-identical,9f89d0fcf4c911b042d944313e1c99ff10ee1f483396e2cfd5227b6e4c3f7c8b,1020d15f99c0de5335633ce9de97f53485faf281fc3e5cafa1182a993e6d7a94,False,False
scenario,2026,block_02,RPM,shifted,001,2000,1998,1998,0,2000,2000,0,0.999,0.999,0.0,1.0,1.0,0.0,,,,,,,,anchor-outcome-identical,9f89d0fcf4c911b042d944313e1c99ff10ee1f483396e2cfd5227b6e4c3f7c8b,1020d15f99c0de5335633ce9de97f53485faf281fc3e5cafa1182a993e6d7a94,False,False
scenario,2026,block_02,RPM,shifted,010,2000,1998,1998,0,2000,2000,0,0.999,0.999,0.0,1.0,1.0,0.0,,,,,,,,anchor-outcome-identical,9f89d0fcf4c911b042d944313e1c99ff10ee1f483396e2cfd5227b6e4c3f7c8b,1020d15f99c0de5335633ce9de97f53485faf281fc3e5cafa1182a993e6d7a94,False,False
scenario,2026,block_02,RPM,shifted,011,2000,1998,1998,0,2000,2000,0,0.999,0.999,0.0,1.0,1.0,0.0,,,,,,,,anchor-outcome-identical,9f89d0fcf4c911b042d944313e1c99ff10ee1f483396e2cfd5227b6e4c3f7c8b,1020d15f99c0de5335633ce9de97f53485faf281fc3e5cafa1182a993e6d7a94,False,False
scenario,2026,block_02,RPM,shifted,100,2000,394,92,302,1938,1400,538,0.197,0.046,0.151,0.969,0.7,0.269,,,,,,,,anchor-outcome-drift,9f89d0fcf4c911b042d944313e1c99ff10ee1f483396e2cfd5227b6e4c3f7c8b,1020d15f99c0de5335633ce9de97f53485faf281fc3e5cafa1182a993e6d7a94,False,False
scenario,2026,block_02,RPM,shifted,101,2000,0,1,-1,2000,2000,0,0.0,0.0005,-0.0005,1.0,1.0,0.0,,,,,,,,anchor-outcome-drift,9f89d0fcf4c911b042d944313e1c99ff10ee1f483396e2cfd5227b6e4c3f7c8b,1020d15f99c0de5335633ce9de97f53485faf281fc3e5cafa1182a993e6d7a94,False,False
scenario,2026,block_02,RPM,shifted,110,2000,443,142,301,1917,1305,612,0.2215,0.071,0.1505,0.9585,0.6525,0.306,,,,,,,,anchor-outcome-drift,9f89d0fcf4c911b042d944313e1c99ff10ee1f483396e2cfd5227b6e4c3f7c8b,1020d15f99c0de5335633ce9de97f53485faf281fc3e5cafa1182a993e6d7a94,False,False
scenario,2026,block_02,RPM,shifted,111,2000,14,11,3,2000,1996,4,0.007,0.0055,0.0015,1.0,0.998,0.002,,,,,,,,anchor-outcome-drift,9f89d0fcf4c911b042d944313e1c99ff10ee1f483396e2cfd5227b6e4c3f7c8b,1020d15f99c0de5335633ce9de97f53485faf281fc3e5cafa1182a993e6d7a94,False,False
scenario,2026,block_03,Gear,canonical,000,2000,2000,2000,0,2000,2000,0,1.0,1.0,0.0,1.0,1.0,0.0,,,,,,,,anchor-outcome-identical,9f89d0fcf4c911b042d944313e1c99ff10ee1f483396e2cfd5227b6e4c3f7c8b,1020d15f99c0de5335633ce9de97f53485faf281fc3e5cafa1182a993e6d7a94,False,False
scenario,2026,block_03,Gear,canonical,001,2000,2000,2000,0,2000,2000,0,1.0,1.0,0.0,1.0,1.0,0.0,,,,,,,,anchor-outcome-identical,9f89d0fcf4c911b042d944313e1c99ff10ee1f483396e2cfd5227b6e4c3f7c8b,1020d15f99c0de5335633ce9de97f53485faf281fc3e5cafa1182a993e6d7a94,False,False
scenario,2026,block_03,Gear,canonical,010,2000,2000,2000,0,2000,2000,0,1.0,1.0,0.0,1.0,1.0,0.0,,,,,,,,anchor-outcome-identical,9f89d0fcf4c911b042d944313e1c99ff10ee1f483396e2cfd5227b6e4c3f7c8b,1020d15f99c0de5335633ce9de97f53485faf281fc3e5cafa1182a993e6d7a94,False,False
scenario,2026,block_03,Gear,canonical,011,2000,2000,2000,0,2000,2000,0,1.0,1.0,0.0,1.0,1.0,0.0,,,,,,,,anchor-outcome-identical,9f89d0fcf4c911b042d944313e1c99ff10ee1f483396e2cfd5227b6e4c3f7c8b,1020d15f99c0de5335633ce9de97f53485faf281fc3e5cafa1182a993e6d7a94,False,False
scenario,2026,block_03,Gear,canonical,100,2000,41,101,-60,2000,2000,0,0.0205,0.0505,-0.03,1.0,1.0,0.0,,,,,,,,anchor-outcome-drift,9f89d0fcf4c911b042d944313e1c99ff10ee1f483396e2cfd5227b6e4c3f7c8b,1020d15f99c0de5335633ce9de97f53485faf281fc3e5cafa1182a993e6d7a94,False,False
scenario,2026,block_03,Gear,canonical,101,2000,0,25,-25,2000,2000,0,0.0,0.0125,-0.0125,1.0,1.0,0.0,,,,,,,,anchor-outcome-drift,9f89d0fcf4c911b042d944313e1c99ff10ee1f483396e2cfd5227b6e4c3f7c8b,1020d15f99c0de5335633ce9de97f53485faf281fc3e5cafa1182a993e6d7a94,False,False
scenario,2026,block_03,Gear,canonical,110,2000,48,62,-14,2000,2000,0,0.024,0.031,-0.007,1.0,1.0,0.0,,,,,,,,anchor-outcome-drift,9f89d0fcf4c911b042d944313e1c99ff10ee1f483396e2cfd5227b6e4c3f7c8b,1020d15f99c0de5335633ce9de97f53485faf281fc3e5cafa1182a993e6d7a94,False,False
scenario,2026,block_03,Gear,canonical,111,2000,15,23,-8,2000,2000,0,0.0075,0.0115,-0.004,1.0,1.0,0.0,,,,,,,,anchor-outcome-drift,9f89d0fcf4c911b042d944313e1c99ff10ee1f483396e2cfd5227b6e4c3f7c8b,1020d15f99c0de5335633ce9de97f53485faf281fc3e5cafa1182a993e6d7a94,False,False
scenario,2026,block_03,Gear,shifted,000,2000,2000,2000,0,2000,2000,0,1.0,1.0,0.0,1.0,1.0,0.0,,,,,,,,anchor-outcome-identical,9f89d0fcf4c911b042d944313e1c99ff10ee1f483396e2cfd5227b6e4c3f7c8b,1020d15f99c0de5335633ce9de97f53485faf281fc3e5cafa1182a993e6d7a94,False,False
scenario,2026,block_03,Gear,shifted,001,2000,2000,2000,0,2000,2000,0,1.0,1.0,0.0,1.0,1.0,0.0,,,,,,,,anchor-outcome-identical,9f89d0fcf4c911b042d944313e1c99ff10ee1f483396e2cfd5227b6e4c3f7c8b,1020d15f99c0de5335633ce9de97f53485faf281fc3e5cafa1182a993e6d7a94,False,False
scenario,2026,block_03,Gear,shifted,010,2000,2000,2000,0,2000,2000,0,1.0,1.0,0.0,1.0,1.0,0.0,,,,,,,,anchor-outcome-identical,9f89d0fcf4c911b042d944313e1c99ff10ee1f483396e2cfd5227b6e4c3f7c8b,1020d15f99c0de5335633ce9de97f53485faf281fc3e5cafa1182a993e6d7a94,False,False
scenario,2026,block_03,Gear,shifted,011,2000,2000,2000,0,2000,2000,0,1.0,1.0,0.0,1.0,1.0,0.0,,,,,,,,anchor-outcome-identical,9f89d0fcf4c911b042d944313e1c99ff10ee1f483396e2cfd5227b6e4c3f7c8b,1020d15f99c0de5335633ce9de97f53485faf281fc3e5cafa1182a993e6d7a94,False,False
scenario,2026,block_03,Gear,shifted,100,2000,41,103,-62,2000,2000,0,0.0205,0.0515,-0.031,1.0,1.0,0.0,,,,,,,,anchor-outcome-drift,9f89d0fcf4c911b042d944313e1c99ff10ee1f483396e2cfd5227b6e4c3f7c8b,1020d15f99c0de5335633ce9de97f53485faf281fc3e5cafa1182a993e6d7a94,False,False
scenario,2026,block_03,Gear,shifted,101,2000,1,26,-25,2000,2000,0,0.0005,0.013,-0.0125,1.0,1.0,0.0,,,,,,,,anchor-outcome-drift,9f89d0fcf4c911b042d944313e1c99ff10ee1f483396e2cfd5227b6e4c3f7c8b,1020d15f99c0de5335633ce9de97f53485faf281fc3e5cafa1182a993e6d7a94,False,False
scenario,2026,block_03,Gear,shifted,110,2000,50,64,-14,2000,2000,0,0.025,0.032,-0.007,1.0,1.0,0.0,,,,,,,,anchor-outcome-drift,9f89d0fcf4c911b042d944313e1c99ff10ee1f483396e2cfd5227b6e4c3f7c8b,1020d15f99c0de5335633ce9de97f53485faf281fc3e5cafa1182a993e6d7a94,False,False
scenario,2026,block_03,Gear,shifted,111,2000,15,24,-9,2000,2000,0,0.0075,0.012,-0.0045,1.0,1.0,0.0,,,,,,,,anchor-outcome-drift,9f89d0fcf4c911b042d944313e1c99ff10ee1f483396e2cfd5227b6e4c3f7c8b,1020d15f99c0de5335633ce9de97f53485faf281fc3e5cafa1182a993e6d7a94,False,False
scenario,2026,block_03,RPM,canonical,000,2000,2000,2000,0,2000,2000,0,1.0,1.0,0.0,1.0,1.0,0.0,,,,,,,,anchor-outcome-identical,9f89d0fcf4c911b042d944313e1c99ff10ee1f483396e2cfd5227b6e4c3f7c8b,1020d15f99c0de5335633ce9de97f53485faf281fc3e5cafa1182a993e6d7a94,False,False
scenario,2026,block_03,RPM,canonical,001,2000,2000,2000,0,2000,2000,0,1.0,1.0,0.0,1.0,1.0,0.0,,,,,,,,anchor-outcome-identical,9f89d0fcf4c911b042d944313e1c99ff10ee1f483396e2cfd5227b6e4c3f7c8b,1020d15f99c0de5335633ce9de97f53485faf281fc3e5cafa1182a993e6d7a94,False,False
scenario,2026,block_03,RPM,canonical,010,2000,2000,2000,0,2000,2000,0,1.0,1.0,0.0,1.0,1.0,0.0,,,,,,,,anchor-outcome-identical,9f89d0fcf4c911b042d944313e1c99ff10ee1f483396e2cfd5227b6e4c3f7c8b,1020d15f99c0de5335633ce9de97f53485faf281fc3e5cafa1182a993e6d7a94,False,False
scenario,2026,block_03,RPM,canonical,011,2000,2000,2000,0,2000,2000,0,1.0,1.0,0.0,1.0,1.0,0.0,,,,,,,,anchor-outcome-identical,9f89d0fcf4c911b042d944313e1c99ff10ee1f483396e2cfd5227b6e4c3f7c8b,1020d15f99c0de5335633ce9de97f53485faf281fc3e5cafa1182a993e6d7a94,False,False
scenario,2026,block_03,RPM,canonical,100,2000,408,81,327,1919,1299,620,0.204,0.0405,0.1635,0.9595,0.6495,0.31,,,,,,,,anchor-outcome-drift,9f89d0fcf4c911b042d944313e1c99ff10ee1f483396e2cfd5227b6e4c3f7c8b,1020d15f99c0de5335633ce9de97f53485faf281fc3e5cafa1182a993e6d7a94,False,False
scenario,2026,block_03,RPM,canonical,101,2000,2,0,2,2000,2000,0,0.001,0.0,0.001,1.0,1.0,0.0,,,,,,,,anchor-outcome-drift,9f89d0fcf4c911b042d944313e1c99ff10ee1f483396e2cfd5227b6e4c3f7c8b,1020d15f99c0de5335633ce9de97f53485faf281fc3e5cafa1182a993e6d7a94,False,False
scenario,2026,block_03,RPM,canonical,110,2000,483,164,319,1899,1223,676,0.2415,0.082,0.1595,0.9495,0.6115,0.338,,,,,,,,anchor-outcome-drift,9f89d0fcf4c911b042d944313e1c99ff10ee1f483396e2cfd5227b6e4c3f7c8b,1020d15f99c0de5335633ce9de97f53485faf281fc3e5cafa1182a993e6d7a94,False,False
scenario,2026,block_03,RPM,canonical,111,2000,25,19,6,2000,1999,1,0.0125,0.0095,0.003,1.0,0.9995,0.0005,,,,,,,,anchor-outcome-drift,9f89d0fcf4c911b042d944313e1c99ff10ee1f483396e2cfd5227b6e4c3f7c8b,1020d15f99c0de5335633ce9de97f53485faf281fc3e5cafa1182a993e6d7a94,False,False
scenario,2026,block_03,RPM,shifted,000,2000,2000,2000,0,2000,2000,0,1.0,1.0,0.0,1.0,1.0,0.0,,,,,,,,anchor-outcome-identical,9f89d0fcf4c911b042d944313e1c99ff10ee1f483396e2cfd5227b6e4c3f7c8b,1020d15f99c0de5335633ce9de97f53485faf281fc3e5cafa1182a993e6d7a94,False,False
scenario,2026,block_03,RPM,shifted,001,2000,2000,2000,0,2000,2000,0,1.0,1.0,0.0,1.0,1.0,0.0,,,,,,,,anchor-outcome-identical,9f89d0fcf4c911b042d944313e1c99ff10ee1f483396e2cfd5227b6e4c3f7c8b,1020d15f99c0de5335633ce9de97f53485faf281fc3e5cafa1182a993e6d7a94,False,False
scenario,2026,block_03,RPM,shifted,010,2000,2000,2000,0,2000,2000,0,1.0,1.0,0.0,1.0,1.0,0.0,,,,,,,,anchor-outcome-identical,9f89d0fcf4c911b042d944313e1c99ff10ee1f483396e2cfd5227b6e4c3f7c8b,1020d15f99c0de5335633ce9de97f53485faf281fc3e5cafa1182a993e6d7a94,False,False
scenario,2026,block_03,RPM,shifted,011,2000,2000,2000,0,2000,2000,0,1.0,1.0,0.0,1.0,1.0,0.0,,,,,,,,anchor-outcome-identical,9f89d0fcf4c911b042d944313e1c99ff10ee1f483396e2cfd5227b6e4c3f7c8b,1020d15f99c0de5335633ce9de97f53485faf281fc3e5cafa1182a993e6d7a94,False,False
scenario,2026,block_03,RPM,shifted,100,2000,409,95,314,1948,1390,558,0.2045,0.0475,0.157,0.974,0.695,0.279,,,,,,,,anchor-outcome-drift,9f89d0fcf4c911b042d944313e1c99ff10ee1f483396e2cfd5227b6e4c3f7c8b,1020d15f99c0de5335633ce9de97f53485faf281fc3e5cafa1182a993e6d7a94,False,False
scenario,2026,block_03,RPM,shifted,101,2000,1,0,1,2000,2000,0,0.0005,0.0,0.0005,1.0,1.0,0.0,,,,,,,,anchor-outcome-drift,9f89d0fcf4c911b042d944313e1c99ff10ee1f483396e2cfd5227b6e4c3f7c8b,1020d15f99c0de5335633ce9de97f53485faf281fc3e5cafa1182a993e6d7a94,False,False
scenario,2026,block_03,RPM,shifted,110,2000,446,162,284,1909,1261,648,0.223,0.081,0.142,0.9545,0.6305,0.324,,,,,,,,anchor-outcome-drift,9f89d0fcf4c911b042d944313e1c99ff10ee1f483396e2cfd5227b6e4c3f7c8b,1020d15f99c0de5335633ce9de97f53485faf281fc3e5cafa1182a993e6d7a94,False,False
scenario,2026,block_03,RPM,shifted,111,2000,19,11,8,2000,1999,1,0.0095,0.0055,0.004,1.0,0.9995,0.0005,,,,,,,,anchor-outcome-drift,9f89d0fcf4c911b042d944313e1c99ff10ee1f483396e2cfd5227b6e4c3f7c8b,1020d15f99c0de5335633ce9de97f53485faf281fc3e5cafa1182a993e6d7a94,False,False
scenario,3407,block_01,Gear,canonical,000,2000,2000,2000,0,2000,2000,0,1.0,1.0,0.0,1.0,1.0,0.0,,,,,,,,anchor-outcome-identical,6c11d84632896e7e21097c35bc8949be0d6c8d1c57e6210d58494766ce9bba46,d0005ebfbef6562450a70e0c8e4d9ef5769e792f66d6725340fa551a9a673a88,False,False
scenario,3407,block_01,Gear,canonical,001,2000,2000,2000,0,2000,2000,0,1.0,1.0,0.0,1.0,1.0,0.0,,,,,,,,anchor-outcome-identical,6c11d84632896e7e21097c35bc8949be0d6c8d1c57e6210d58494766ce9bba46,d0005ebfbef6562450a70e0c8e4d9ef5769e792f66d6725340fa551a9a673a88,False,False
scenario,3407,block_01,Gear,canonical,010,2000,2000,2000,0,2000,2000,0,1.0,1.0,0.0,1.0,1.0,0.0,,,,,,,,anchor-outcome-identical,6c11d84632896e7e21097c35bc8949be0d6c8d1c57e6210d58494766ce9bba46,d0005ebfbef6562450a70e0c8e4d9ef5769e792f66d6725340fa551a9a673a88,False,False
scenario,3407,block_01,Gear,canonical,011,2000,2000,2000,0,2000,2000,0,1.0,1.0,0.0,1.0,1.0,0.0,,,,,,,,anchor-outcome-identical,6c11d84632896e7e21097c35bc8949be0d6c8d1c57e6210d58494766ce9bba46,d0005ebfbef6562450a70e0c8e4d9ef5769e792f66d6725340fa551a9a673a88,False,False
scenario,3407,block_01,Gear,canonical,100,2000,713,1508,-795,2000,2000,0,0.3565,0.754,-0.3975,1.0,1.0,0.0,,,,,,,,anchor-outcome-drift,6c11d84632896e7e21097c35bc8949be0d6c8d1c57e6210d58494766ce9bba46,d0005ebfbef6562450a70e0c8e4d9ef5769e792f66d6725340fa551a9a673a88,False,False
scenario,3407,block_01,Gear,canonical,101,2000,383,881,-498,2000,2000,0,0.1915,0.4405,-0.249,1.0,1.0,0.0,,,,,,,,anchor-outcome-drift,6c11d84632896e7e21097c35bc8949be0d6c8d1c57e6210d58494766ce9bba46,d0005ebfbef6562450a70e0c8e4d9ef5769e792f66d6725340fa551a9a673a88,False,False
scenario,3407,block_01,Gear,canonical,110,2000,1694,1934,-240,1995,1999,-4,0.847,0.967,-0.12,0.9975,0.9995,-0.002,,,,,,,,anchor-outcome-drift,6c11d84632896e7e21097c35bc8949be0d6c8d1c57e6210d58494766ce9bba46,d0005ebfbef6562450a70e0c8e4d9ef5769e792f66d6725340fa551a9a673a88,False,False
scenario,3407,block_01,Gear,canonical,111,2000,1366,1837,-471,1998,2000,-2,0.683,0.9185,-0.2355,0.999,1.0,-0.001,,,,,,,,anchor-outcome-drift,6c11d84632896e7e21097c35bc8949be0d6c8d1c57e6210d58494766ce9bba46,d0005ebfbef6562450a70e0c8e4d9ef5769e792f66d6725340fa551a9a673a88,False,False
scenario,3407,block_01,Gear,shifted,000,2000,2000,2000,0,2000,2000,0,1.0,1.0,0.0,1.0,1.0,0.0,,,,,,,,anchor-outcome-identical,6c11d84632896e7e21097c35bc8949be0d6c8d1c57e6210d58494766ce9bba46,d0005ebfbef6562450a70e0c8e4d9ef5769e792f66d6725340fa551a9a673a88,False,False
scenario,3407,block_01,Gear,shifted,001,2000,2000,2000,0,2000,2000,0,1.0,1.0,0.0,1.0,1.0,0.0,,,,,,,,anchor-outcome-identical,6c11d84632896e7e21097c35bc8949be0d6c8d1c57e6210d58494766ce9bba46,d0005ebfbef6562450a70e0c8e4d9ef5769e792f66d6725340fa551a9a673a88,False,False
scenario,3407,block_01,Gear,shifted,010,2000,2000,2000,0,2000,2000,0,1.0,1.0,0.0,1.0,1.0,0.0,,,,,,,,anchor-outcome-identical,6c11d84632896e7e21097c35bc8949be0d6c8d1c57e6210d58494766ce9bba46,d0005ebfbef6562450a70e0c8e4d9ef5769e792f66d6725340fa551a9a673a88,False,False
scenario,3407,block_01,Gear,shifted,011,2000,2000,2000,0,2000,2000,0,1.0,1.0,0.0,1.0,1.0,0.0,,,,,,,,anchor-outcome-identical,6c11d84632896e7e21097c35bc8949be0d6c8d1c57e6210d58494766ce9bba46,d0005ebfbef6562450a70e0c8e4d9ef5769e792f66d6725340fa551a9a673a88,False,False
scenario,3407,block_01,Gear,shifted,100,2000,716,1515,-799,2000,2000,0,0.358,0.7575,-0.3995,1.0,1.0,0.0,,,,,,,,anchor-outcome-drift,6c11d84632896e7e21097c35bc8949be0d6c8d1c57e6210d58494766ce9bba46,d0005ebfbef6562450a70e0c8e4d9ef5769e792f66d6725340fa551a9a673a88,False,False
scenario,3407,block_01,Gear,shifted,101,2000,388,885,-497,2000,2000,0,0.194,0.4425,-0.2485,1.0,1.0,0.0,,,,,,,,anchor-outcome-drift,6c11d84632896e7e21097c35bc8949be0d6c8d1c57e6210d58494766ce9bba46,d0005ebfbef6562450a70e0c8e4d9ef5769e792f66d6725340fa551a9a673a88,False,False
scenario,3407,block_01,Gear,shifted,110,2000,1700,1936,-236,1995,1999,-4,0.85,0.968,-0.118,0.9975,0.9995,-0.002,,,,,,,,anchor-outcome-drift,6c11d84632896e7e21097c35bc8949be0d6c8d1c57e6210d58494766ce9bba46,d0005ebfbef6562450a70e0c8e4d9ef5769e792f66d6725340fa551a9a673a88,False,False
scenario,3407,block_01,Gear,shifted,111,2000,1377,1843,-466,1998,2000,-2,0.6885,0.9215,-0.233,0.999,1.0,-0.001,,,,,,,,anchor-outcome-drift,6c11d84632896e7e21097c35bc8949be0d6c8d1c57e6210d58494766ce9bba46,d0005ebfbef6562450a70e0c8e4d9ef5769e792f66d6725340fa551a9a673a88,False,False
scenario,3407,block_01,RPM,canonical,000,2000,2000,2000,0,2000,2000,0,1.0,1.0,0.0,1.0,1.0,0.0,,,,,,,,anchor-outcome-identical,6c11d84632896e7e21097c35bc8949be0d6c8d1c57e6210d58494766ce9bba46,d0005ebfbef6562450a70e0c8e4d9ef5769e792f66d6725340fa551a9a673a88,False,False
scenario,3407,block_01,RPM,canonical,001,2000,2000,2000,0,2000,2000,0,1.0,1.0,0.0,1.0,1.0,0.0,,,,,,,,anchor-outcome-identical,6c11d84632896e7e21097c35bc8949be0d6c8d1c57e6210d58494766ce9bba46,d0005ebfbef6562450a70e0c8e4d9ef5769e792f66d6725340fa551a9a673a88,False,False
scenario,3407,block_01,RPM,canonical,010,2000,2000,2000,0,2000,2000,0,1.0,1.0,0.0,1.0,1.0,0.0,,,,,,,,anchor-outcome-identical,6c11d84632896e7e21097c35bc8949be0d6c8d1c57e6210d58494766ce9bba46,d0005ebfbef6562450a70e0c8e4d9ef5769e792f66d6725340fa551a9a673a88,False,False
scenario,3407,block_01,RPM,canonical,011,2000,2000,2000,0,2000,2000,0,1.0,1.0,0.0,1.0,1.0,0.0,,,,,,,,anchor-outcome-identical,6c11d84632896e7e21097c35bc8949be0d6c8d1c57e6210d58494766ce9bba46,d0005ebfbef6562450a70e0c8e4d9ef5769e792f66d6725340fa551a9a673a88,False,False
scenario,3407,block_01,RPM,canonical,100,2000,406,571,-165,1864,1721,143,0.203,0.2855,-0.0825,0.932,0.8605,0.0715,,,,,,,,anchor-outcome-drift,6c11d84632896e7e21097c35bc8949be0d6c8d1c57e6210d58494766ce9bba46,d0005ebfbef6562450a70e0c8e4d9ef5769e792f66d6725340fa551a9a673a88,False,False
scenario,3407,block_01,RPM,canonical,101,2000,20,37,-17,2000,2000,0,0.01,0.0185,-0.0085,1.0,1.0,0.0,,,,,,,,anchor-outcome-drift,6c11d84632896e7e21097c35bc8949be0d6c8d1c57e6210d58494766ce9bba46,d0005ebfbef6562450a70e0c8e4d9ef5769e792f66d6725340fa551a9a673a88,False,False
scenario,3407,block_01,RPM,canonical,110,2000,785,523,262,1686,1439,247,0.3925,0.2615,0.131,0.843,0.7195,0.1235,,,,,,,,anchor-outcome-drift,6c11d84632896e7e21097c35bc8949be0d6c8d1c57e6210d58494766ce9bba46,d0005ebfbef6562450a70e0c8e4d9ef5769e792f66d6725340fa551a9a673a88,False,False
scenario,3407,block_01,RPM,canonical,111,2000,112,22,90,2000,2000,0,0.056,0.011,0.045,1.0,1.0,0.0,,,,,,,,anchor-outcome-drift,6c11d84632896e7e21097c35bc8949be0d6c8d1c57e6210d58494766ce9bba46,d0005ebfbef6562450a70e0c8e4d9ef5769e792f66d6725340fa551a9a673a88,False,False
scenario,3407,block_01,RPM,shifted,000,2000,2000,2000,0,2000,2000,0,1.0,1.0,0.0,1.0,1.0,0.0,,,,,,,,anchor-outcome-identical,6c11d84632896e7e21097c35bc8949be0d6c8d1c57e6210d58494766ce9bba46,d0005ebfbef6562450a70e0c8e4d9ef5769e792f66d6725340fa551a9a673a88,False,False
scenario,3407,block_01,RPM,shifted,001,2000,2000,2000,0,2000,2000,0,1.0,1.0,0.0,1.0,1.0,0.0,,,,,,,,anchor-outcome-identical,6c11d84632896e7e21097c35bc8949be0d6c8d1c57e6210d58494766ce9bba46,d0005ebfbef6562450a70e0c8e4d9ef5769e792f66d6725340fa551a9a673a88,False,False
scenario,3407,block_01,RPM,shifted,010,2000,2000,2000,0,2000,2000,0,1.0,1.0,0.0,1.0,1.0,0.0,,,,,,,,anchor-outcome-identical,6c11d84632896e7e21097c35bc8949be0d6c8d1c57e6210d58494766ce9bba46,d0005ebfbef6562450a70e0c8e4d9ef5769e792f66d6725340fa551a9a673a88,False,False
scenario,3407,block_01,RPM,shifted,011,2000,2000,2000,0,2000,2000,0,1.0,1.0,0.0,1.0,1.0,0.0,,,,,,,,anchor-outcome-identical,6c11d84632896e7e21097c35bc8949be0d6c8d1c57e6210d58494766ce9bba46,d0005ebfbef6562450a70e0c8e4d9ef5769e792f66d6725340fa551a9a673a88,False,False
scenario,3407,block_01,RPM,shifted,100,2000,468,623,-155,1883,1751,132,0.234,0.3115,-0.0775,0.9415,0.8755,0.066,,,,,,,,anchor-outcome-drift,6c11d84632896e7e21097c35bc8949be0d6c8d1c57e6210d58494766ce9bba46,d0005ebfbef6562450a70e0c8e4d9ef5769e792f66d6725340fa551a9a673a88,False,False
scenario,3407,block_01,RPM,shifted,101,2000,25,36,-11,2000,2000,0,0.0125,0.018,-0.0055,1.0,1.0,0.0,,,,,,,,anchor-outcome-drift,6c11d84632896e7e21097c35bc8949be0d6c8d1c57e6210d58494766ce9bba46,d0005ebfbef6562450a70e0c8e4d9ef5769e792f66d6725340fa551a9a673a88,False,False
scenario,3407,block_01,RPM,shifted,110,2000,818,545,273,1709,1461,248,0.409,0.2725,0.1365,0.8545,0.7305,0.124,,,,,,,,anchor-outcome-drift,6c11d84632896e7e21097c35bc8949be0d6c8d1c57e6210d58494766ce9bba46,d0005ebfbef6562450a70e0c8e4d9ef5769e792f66d6725340fa551a9a673a88,False,False
scenario,3407,block_01,RPM,shifted,111,2000,109,22,87,2000,2000,0,0.0545,0.011,0.0435,1.0,1.0,0.0,,,,,,,,anchor-outcome-drift,6c11d84632896e7e21097c35bc8949be0d6c8d1c57e6210d58494766ce9bba46,d0005ebfbef6562450a70e0c8e4d9ef5769e792f66d6725340fa551a9a673a88,False,False
scenario,3407,block_02,Gear,canonical,000,2000,1998,1998,0,2000,2000,0,0.999,0.999,0.0,1.0,1.0,0.0,,,,,,,,anchor-outcome-identical,6c11d84632896e7e21097c35bc8949be0d6c8d1c57e6210d58494766ce9bba46,d0005ebfbef6562450a70e0c8e4d9ef5769e792f66d6725340fa551a9a673a88,False,False
scenario,3407,block_02,Gear,canonical,001,2000,1998,1998,0,2000,2000,0,0.999,0.999,0.0,1.0,1.0,0.0,,,,,,,,anchor-outcome-identical,6c11d84632896e7e21097c35bc8949be0d6c8d1c57e6210d58494766ce9bba46,d0005ebfbef6562450a70e0c8e4d9ef5769e792f66d6725340fa551a9a673a88,False,False
scenario,3407,block_02,Gear,canonical,010,2000,1998,1998,0,2000,2000,0,0.999,0.999,0.0,1.0,1.0,0.0,,,,,,,,anchor-outcome-identical,6c11d84632896e7e21097c35bc8949be0d6c8d1c57e6210d58494766ce9bba46,d0005ebfbef6562450a70e0c8e4d9ef5769e792f66d6725340fa551a9a673a88,False,False
scenario,3407,block_02,Gear,canonical,011,2000,1998,1998,0,2000,2000,0,0.999,0.999,0.0,1.0,1.0,0.0,,,,,,,,anchor-outcome-identical,6c11d84632896e7e21097c35bc8949be0d6c8d1c57e6210d58494766ce9bba46,d0005ebfbef6562450a70e0c8e4d9ef5769e792f66d6725340fa551a9a673a88,False,False
scenario,3407,block_02,Gear,canonical,100,2000,743,1565,-822,2000,2000,0,0.3715,0.7825,-0.411,1.0,1.0,0.0,,,,,,,,anchor-outcome-drift,6c11d84632896e7e21097c35bc8949be0d6c8d1c57e6210d58494766ce9bba46,d0005ebfbef6562450a70e0c8e4d9ef5769e792f66d6725340fa551a9a673a88,False,False
scenario,3407,block_02,Gear,canonical,101,2000,392,901,-509,2000,2000,0,0.196,0.4505,-0.2545,1.0,1.0,0.0,,,,,,,,anchor-outcome-drift,6c11d84632896e7e21097c35bc8949be0d6c8d1c57e6210d58494766ce9bba46,d0005ebfbef6562450a70e0c8e4d9ef5769e792f66d6725340fa551a9a673a88,False,False
scenario,3407,block_02,Gear,canonical,110,2000,1689,1948,-259,1997,2000,-3,0.8445,0.974,-0.1295,0.9985,1.0,-0.0015,,,,,,,,anchor-outcome-drift,6c11d84632896e7e21097c35bc8949be0d6c8d1c57e6210d58494766ce9bba46,d0005ebfbef6562450a70e0c8e4d9ef5769e792f66d6725340fa551a9a673a88,False,False
scenario,3407,block_02,Gear,canonical,111,2000,1308,1813,-505,1998,1999,-1,0.654,0.9065,-0.2525,0.999,0.9995,-0.0005,,,,,,,,anchor-outcome-drift,6c11d84632896e7e21097c35bc8949be0d6c8d1c57e6210d58494766ce9bba46,d0005ebfbef6562450a70e0c8e4d9ef5769e792f66d6725340fa551a9a673a88,False,False
scenario,3407,block_02,Gear,shifted,000,2000,1998,1998,0,2000,2000,0,0.999,0.999,0.0,1.0,1.0,0.0,,,,,,,,anchor-outcome-identical,6c11d84632896e7e21097c35bc8949be0d6c8d1c57e6210d58494766ce9bba46,d0005ebfbef6562450a70e0c8e4d9ef5769e792f66d6725340fa551a9a673a88,False,False
scenario,3407,block_02,Gear,shifted,001,2000,1998,1998,0,2000,2000,0,0.999,0.999,0.0,1.0,1.0,0.0,,,,,,,,anchor-outcome-identical,6c11d84632896e7e21097c35bc8949be0d6c8d1c57e6210d58494766ce9bba46,d0005ebfbef6562450a70e0c8e4d9ef5769e792f66d6725340fa551a9a673a88,False,False
scenario,3407,block_02,Gear,shifted,010,2000,1998,1998,0,2000,2000,0,0.999,0.999,0.0,1.0,1.0,0.0,,,,,,,,anchor-outcome-identical,6c11d84632896e7e21097c35bc8949be0d6c8d1c57e6210d58494766ce9bba46,d0005ebfbef6562450a70e0c8e4d9ef5769e792f66d6725340fa551a9a673a88,False,False
scenario,3407,block_02,Gear,shifted,011,2000,1998,1998,0,2000,2000,0,0.999,0.999,0.0,1.0,1.0,0.0,,,,,,,,anchor-outcome-identical,6c11d84632896e7e21097c35bc8949be0d6c8d1c57e6210d58494766ce9bba46,d0005ebfbef6562450a70e0c8e4d9ef5769e792f66d6725340fa551a9a673a88,False,False
scenario,3407,block_02,Gear,shifted,100,2000,745,1570,-825,2000,2000,0,0.3725,0.785,-0.4125,1.0,1.0,0.0,,,,,,,,anchor-outcome-drift,6c11d84632896e7e21097c35bc8949be0d6c8d1c57e6210d58494766ce9bba46,d0005ebfbef6562450a70e0c8e4d9ef5769e792f66d6725340fa551a9a673a88,False,False
scenario,3407,block_02,Gear,shifted,101,2000,393,909,-516,2000,2000,0,0.1965,0.4545,-0.258,1.0,1.0,0.0,,,,,,,,anchor-outcome-drift,6c11d84632896e7e21097c35bc8949be0d6c8d1c57e6210d58494766ce9bba46,d0005ebfbef6562450a70e0c8e4d9ef5769e792f66d6725340fa551a9a673a88,False,False
scenario,3407,block_02,Gear,shifted,110,2000,1697,1948,-251,1998,2000,-2,0.8485,0.974,-0.1255,0.999,1.0,-0.001,,,,,,,,anchor-outcome-drift,6c11d84632896e7e21097c35bc8949be0d6c8d1c57e6210d58494766ce9bba46,d0005ebfbef6562450a70e0c8e4d9ef5769e792f66d6725340fa551a9a673a88,False,False
scenario,3407,block_02,Gear,shifted,111,2000,1319,1817,-498,1998,1999,-1,0.6595,0.9085,-0.249,0.999,0.9995,-0.0005,,,,,,,,anchor-outcome-drift,6c11d84632896e7e21097c35bc8949be0d6c8d1c57e6210d58494766ce9bba46,d0005ebfbef6562450a70e0c8e4d9ef5769e792f66d6725340fa551a9a673a88,False,False
scenario,3407,block_02,RPM,canonical,000,2000,2000,1998,2,2000,2000,0,1.0,0.999,0.001,1.0,1.0,0.0,,,,,,,,anchor-outcome-drift,6c11d84632896e7e21097c35bc8949be0d6c8d1c57e6210d58494766ce9bba46,d0005ebfbef6562450a70e0c8e4d9ef5769e792f66d6725340fa551a9a673a88,False,False
scenario,3407,block_02,RPM,canonical,001,2000,2000,1998,2,2000,2000,0,1.0,0.999,0.001,1.0,1.0,0.0,,,,,,,,anchor-outcome-drift,6c11d84632896e7e21097c35bc8949be0d6c8d1c57e6210d58494766ce9bba46,d0005ebfbef6562450a70e0c8e4d9ef5769e792f66d6725340fa551a9a673a88,False,False
scenario,3407,block_02,RPM,canonical,010,2000,2000,1998,2,2000,2000,0,1.0,0.999,0.001,1.0,1.0,0.0,,,,,,,,anchor-outcome-drift,6c11d84632896e7e21097c35bc8949be0d6c8d1c57e6210d58494766ce9bba46,d0005ebfbef6562450a70e0c8e4d9ef5769e792f66d6725340fa551a9a673a88,False,False
scenario,3407,block_02,RPM,canonical,011,2000,2000,1998,2,2000,2000,0,1.0,0.999,0.001,1.0,1.0,0.0,,,,,,,,anchor-outcome-drift,6c11d84632896e7e21097c35bc8949be0d6c8d1c57e6210d58494766ce9bba46,d0005ebfbef6562450a70e0c8e4d9ef5769e792f66d6725340fa551a9a673a88,False,False
scenario,3407,block_02,RPM,canonical,100,2000,419,585,-166,1868,1727,141,0.2095,0.2925,-0.083,0.934,0.8635,0.0705,,,,,,,,anchor-outcome-drift,6c11d84632896e7e21097c35bc8949be0d6c8d1c57e6210d58494766ce9bba46,d0005ebfbef6562450a70e0c8e4d9ef5769e792f66d6725340fa551a9a673a88,False,False
scenario,3407,block_02,RPM,canonical,101,2000,25,37,-12,2000,1999,1,0.0125,0.0185,-0.006,1.0,0.9995,0.0005,,,,,,,,anchor-outcome-drift,6c11d84632896e7e21097c35bc8949be0d6c8d1c57e6210d58494766ce9bba46,d0005ebfbef6562450a70e0c8e4d9ef5769e792f66d6725340fa551a9a673a88,False,False
scenario,3407,block_02,RPM,canonical,110,2000,792,550,242,1709,1465,244,0.396,0.275,0.121,0.8545,0.7325,0.122,,,,,,,,anchor-outcome-drift,6c11d84632896e7e21097c35bc8949be0d6c8d1c57e6210d58494766ce9bba46,d0005ebfbef6562450a70e0c8e4d9ef5769e792f66d6725340fa551a9a673a88,False,False
scenario,3407,block_02,RPM,canonical,111,2000,129,27,102,2000,2000,0,0.0645,0.0135,0.051,1.0,1.0,0.0,,,,,,,,anchor-outcome-drift,6c11d84632896e7e21097c35bc8949be0d6c8d1c57e6210d58494766ce9bba46,d0005ebfbef6562450a70e0c8e4d9ef5769e792f66d6725340fa551a9a673a88,False,False
scenario,3407,block_02,RPM,shifted,000,2000,2000,1998,2,2000,2000,0,1.0,0.999,0.001,1.0,1.0,0.0,,,,,,,,anchor-outcome-drift,6c11d84632896e7e21097c35bc8949be0d6c8d1c57e6210d58494766ce9bba46,d0005ebfbef6562450a70e0c8e4d9ef5769e792f66d6725340fa551a9a673a88,False,False
scenario,3407,block_02,RPM,shifted,001,2000,2000,1998,2,2000,2000,0,1.0,0.999,0.001,1.0,1.0,0.0,,,,,,,,anchor-outcome-drift,6c11d84632896e7e21097c35bc8949be0d6c8d1c57e6210d58494766ce9bba46,d0005ebfbef6562450a70e0c8e4d9ef5769e792f66d6725340fa551a9a673a88,False,False
scenario,3407,block_02,RPM,shifted,010,2000,2000,1998,2,2000,2000,0,1.0,0.999,0.001,1.0,1.0,0.0,,,,,,,,anchor-outcome-drift,6c11d84632896e7e21097c35bc8949be0d6c8d1c57e6210d58494766ce9bba46,d0005ebfbef6562450a70e0c8e4d9ef5769e792f66d6725340fa551a9a673a88,False,False
scenario,3407,block_02,RPM,shifted,011,2000,2000,1998,2,2000,2000,0,1.0,0.999,0.001,1.0,1.0,0.0,,,,,,,,anchor-outcome-drift,6c11d84632896e7e21097c35bc8949be0d6c8d1c57e6210d58494766ce9bba46,d0005ebfbef6562450a70e0c8e4d9ef5769e792f66d6725340fa551a9a673a88,False,False
scenario,3407,block_02,RPM,shifted,100,2000,481,634,-153,1889,1757,132,0.2405,0.317,-0.0765,0.9445,0.8785,0.066,,,,,,,,anchor-outcome-drift,6c11d84632896e7e21097c35bc8949be0d6c8d1c57e6210d58494766ce9bba46,d0005ebfbef6562450a70e0c8e4d9ef5769e792f66d6725340fa551a9a673a88,False,False
scenario,3407,block_02,RPM,shifted,101,2000,25,38,-13,2000,1999,1,0.0125,0.019,-0.0065,1.0,0.9995,0.0005,,,,,,,,anchor-outcome-drift,6c11d84632896e7e21097c35bc8949be0d6c8d1c57e6210d58494766ce9bba46,d0005ebfbef6562450a70e0c8e4d9ef5769e792f66d6725340fa551a9a673a88,False,False
scenario,3407,block_02,RPM,shifted,110,2000,830,554,276,1738,1479,259,0.415,0.277,0.138,0.869,0.7395,0.1295,,,,,,,,anchor-outcome-drift,6c11d84632896e7e21097c35bc8949be0d6c8d1c57e6210d58494766ce9bba46,d0005ebfbef6562450a70e0c8e4d9ef5769e792f66d6725340fa551a9a673a88,False,False
scenario,3407,block_02,RPM,shifted,111,2000,128,23,105,2000,2000,0,0.064,0.0115,0.0525,1.0,1.0,0.0,,,,,,,,anchor-outcome-drift,6c11d84632896e7e21097c35bc8949be0d6c8d1c57e6210d58494766ce9bba46,d0005ebfbef6562450a70e0c8e4d9ef5769e792f66d6725340fa551a9a673a88,False,False
scenario,3407,block_03,Gear,canonical,000,2000,2000,2000,0,2000,2000,0,1.0,1.0,0.0,1.0,1.0,0.0,,,,,,,,anchor-outcome-identical,6c11d84632896e7e21097c35bc8949be0d6c8d1c57e6210d58494766ce9bba46,d0005ebfbef6562450a70e0c8e4d9ef5769e792f66d6725340fa551a9a673a88,False,False
scenario,3407,block_03,Gear,canonical,001,2000,2000,2000,0,2000,2000,0,1.0,1.0,0.0,1.0,1.0,0.0,,,,,,,,anchor-outcome-identical,6c11d84632896e7e21097c35bc8949be0d6c8d1c57e6210d58494766ce9bba46,d0005ebfbef6562450a70e0c8e4d9ef5769e792f66d6725340fa551a9a673a88,False,False
scenario,3407,block_03,Gear,canonical,010,2000,2000,2000,0,2000,2000,0,1.0,1.0,0.0,1.0,1.0,0.0,,,,,,,,anchor-outcome-identical,6c11d84632896e7e21097c35bc8949be0d6c8d1c57e6210d58494766ce9bba46,d0005ebfbef6562450a70e0c8e4d9ef5769e792f66d6725340fa551a9a673a88,False,False
scenario,3407,block_03,Gear,canonical,011,2000,2000,2000,0,2000,2000,0,1.0,1.0,0.0,1.0,1.0,0.0,,,,,,,,anchor-outcome-identical,6c11d84632896e7e21097c35bc8949be0d6c8d1c57e6210d58494766ce9bba46,d0005ebfbef6562450a70e0c8e4d9ef5769e792f66d6725340fa551a9a673a88,False,False
scenario,3407,block_03,Gear,canonical,100,2000,715,1510,-795,2000,2000,0,0.3575,0.755,-0.3975,1.0,1.0,0.0,,,,,,,,anchor-outcome-drift,6c11d84632896e7e21097c35bc8949be0d6c8d1c57e6210d58494766ce9bba46,d0005ebfbef6562450a70e0c8e4d9ef5769e792f66d6725340fa551a9a673a88,False,False
scenario,3407,block_03,Gear,canonical,101,2000,363,864,-501,2000,2000,0,0.1815,0.432,-0.2505,1.0,1.0,0.0,,,,,,,,anchor-outcome-drift,6c11d84632896e7e21097c35bc8949be0d6c8d1c57e6210d58494766ce9bba46,d0005ebfbef6562450a70e0c8e4d9ef5769e792f66d6725340fa551a9a673a88,False,False
scenario,3407,block_03,Gear,canonical,110,2000,1721,1957,-236,1998,1998,0,0.8605,0.9785,-0.118,0.999,0.999,0.0,,,,,,,,anchor-outcome-drift,6c11d84632896e7e21097c35bc8949be0d6c8d1c57e6210d58494766ce9bba46,d0005ebfbef6562450a70e0c8e4d9ef5769e792f66d6725340fa551a9a673a88,False,False
scenario,3407,block_03,Gear,canonical,111,2000,1384,1842,-458,2000,1999,1,0.692,0.921,-0.229,1.0,0.9995,0.0005,,,,,,,,anchor-outcome-drift,6c11d84632896e7e21097c35bc8949be0d6c8d1c57e6210d58494766ce9bba46,d0005ebfbef6562450a70e0c8e4d9ef5769e792f66d6725340fa551a9a673a88,False,False
scenario,3407,block_03,Gear,shifted,000,2000,2000,2000,0,2000,2000,0,1.0,1.0,0.0,1.0,1.0,0.0,,,,,,,,anchor-outcome-identical,6c11d84632896e7e21097c35bc8949be0d6c8d1c57e6210d58494766ce9bba46,d0005ebfbef6562450a70e0c8e4d9ef5769e792f66d6725340fa551a9a673a88,False,False
scenario,3407,block_03,Gear,shifted,001,2000,2000,2000,0,2000,2000,0,1.0,1.0,0.0,1.0,1.0,0.0,,,,,,,,anchor-outcome-identical,6c11d84632896e7e21097c35bc8949be0d6c8d1c57e6210d58494766ce9bba46,d0005ebfbef6562450a70e0c8e4d9ef5769e792f66d6725340fa551a9a673a88,False,False
scenario,3407,block_03,Gear,shifted,010,2000,2000,2000,0,2000,2000,0,1.0,1.0,0.0,1.0,1.0,0.0,,,,,,,,anchor-outcome-identical,6c11d84632896e7e21097c35bc8949be0d6c8d1c57e6210d58494766ce9bba46,d0005ebfbef6562450a70e0c8e4d9ef5769e792f66d6725340fa551a9a673a88,False,False
scenario,3407,block_03,Gear,shifted,011,2000,2000,2000,0,2000,2000,0,1.0,1.0,0.0,1.0,1.0,0.0,,,,,,,,anchor-outcome-identical,6c11d84632896e7e21097c35bc8949be0d6c8d1c57e6210d58494766ce9bba46,d0005ebfbef6562450a70e0c8e4d9ef5769e792f66d6725340fa551a9a673a88,False,False
scenario,3407,block_03,Gear,shifted,100,2000,718,1517,-799,2000,2000,0,0.359,0.7585,-0.3995,1.0,1.0,0.0,,,,,,,,anchor-outcome-drift,6c11d84632896e7e21097c35bc8949be0d6c8d1c57e6210d58494766ce9bba46,d0005ebfbef6562450a70e0c8e4d9ef5769e792f66d6725340fa551a9a673a88,False,False
scenario,3407,block_03,Gear,shifted,101,2000,367,874,-507,2000,2000,0,0.1835,0.437,-0.2535,1.0,1.0,0.0,,,,,,,,anchor-outcome-drift,6c11d84632896e7e21097c35bc8949be0d6c8d1c57e6210d58494766ce9bba46,d0005ebfbef6562450a70e0c8e4d9ef5769e792f66d6725340fa551a9a673a88,False,False
scenario,3407,block_03,Gear,shifted,110,2000,1729,1957,-228,1998,1998,0,0.8645,0.9785,-0.114,0.999,0.999,0.0,,,,,,,,anchor-outcome-drift,6c11d84632896e7e21097c35bc8949be0d6c8d1c57e6210d58494766ce9bba46,d0005ebfbef6562450a70e0c8e4d9ef5769e792f66d6725340fa551a9a673a88,False,False
scenario,3407,block_03,Gear,shifted,111,2000,1393,1847,-454,2000,1999,1,0.6965,0.9235,-0.227,1.0,0.9995,0.0005,,,,,,,,anchor-outcome-drift,6c11d84632896e7e21097c35bc8949be0d6c8d1c57e6210d58494766ce9bba46,d0005ebfbef6562450a70e0c8e4d9ef5769e792f66d6725340fa551a9a673a88,False,False
scenario,3407,block_03,RPM,canonical,000,2000,2000,2000,0,2000,2000,0,1.0,1.0,0.0,1.0,1.0,0.0,,,,,,,,anchor-outcome-identical,6c11d84632896e7e21097c35bc8949be0d6c8d1c57e6210d58494766ce9bba46,d0005ebfbef6562450a70e0c8e4d9ef5769e792f66d6725340fa551a9a673a88,False,False
scenario,3407,block_03,RPM,canonical,001,2000,2000,2000,0,2000,2000,0,1.0,1.0,0.0,1.0,1.0,0.0,,,,,,,,anchor-outcome-identical,6c11d84632896e7e21097c35bc8949be0d6c8d1c57e6210d58494766ce9bba46,d0005ebfbef6562450a70e0c8e4d9ef5769e792f66d6725340fa551a9a673a88,False,False
scenario,3407,block_03,RPM,canonical,010,2000,2000,2000,0,2000,2000,0,1.0,1.0,0.0,1.0,1.0,0.0,,,,,,,,anchor-outcome-identical,6c11d84632896e7e21097c35bc8949be0d6c8d1c57e6210d58494766ce9bba46,d0005ebfbef6562450a70e0c8e4d9ef5769e792f66d6725340fa551a9a673a88,False,False
scenario,3407,block_03,RPM,canonical,011,2000,2000,2000,0,2000,2000,0,1.0,1.0,0.0,1.0,1.0,0.0,,,,,,,,anchor-outcome-identical,6c11d84632896e7e21097c35bc8949be0d6c8d1c57e6210d58494766ce9bba46,d0005ebfbef6562450a70e0c8e4d9ef5769e792f66d6725340fa551a9a673a88,False,False
scenario,3407,block_03,RPM,canonical,100,2000,433,598,-165,1858,1713,145,0.2165,0.299,-0.0825,0.929,0.8565,0.0725,,,,,,,,anchor-outcome-drift,6c11d84632896e7e21097c35bc8949be0d6c8d1c57e6210d58494766ce9bba46,d0005ebfbef6562450a70e0c8e4d9ef5769e792f66d6725340fa551a9a673a88,False,False
scenario,3407,block_03,RPM,canonical,101,2000,22,45,-23,2000,2000,0,0.011,0.0225,-0.0115,1.0,1.0,0.0,,,,,,,,anchor-outcome-drift,6c11d84632896e7e21097c35bc8949be0d6c8d1c57e6210d58494766ce9bba46,d0005ebfbef6562450a70e0c8e4d9ef5769e792f66d6725340fa551a9a673a88,False,False
scenario,3407,block_03,RPM,canonical,110,2000,785,558,227,1674,1451,223,0.3925,0.279,0.1135,0.837,0.7255,0.1115,,,,,,,,anchor-outcome-drift,6c11d84632896e7e21097c35bc8949be0d6c8d1c57e6210d58494766ce9bba46,d0005ebfbef6562450a70e0c8e4d9ef5769e792f66d6725340fa551a9a673a88,False,False
scenario,3407,block_03,RPM,canonical,111,2000,134,28,106,2000,2000,0,0.067,0.014,0.053,1.0,1.0,0.0,,,,,,,,anchor-outcome-drift,6c11d84632896e7e21097c35bc8949be0d6c8d1c57e6210d58494766ce9bba46,d0005ebfbef6562450a70e0c8e4d9ef5769e792f66d6725340fa551a9a673a88,False,False
scenario,3407,block_03,RPM,shifted,000,2000,2000,2000,0,2000,2000,0,1.0,1.0,0.0,1.0,1.0,0.0,,,,,,,,anchor-outcome-identical,6c11d84632896e7e21097c35bc8949be0d6c8d1c57e6210d58494766ce9bba46,d0005ebfbef6562450a70e0c8e4d9ef5769e792f66d6725340fa551a9a673a88,False,False
scenario,3407,block_03,RPM,shifted,001,2000,2000,2000,0,2000,2000,0,1.0,1.0,0.0,1.0,1.0,0.0,,,,,,,,anchor-outcome-identical,6c11d84632896e7e21097c35bc8949be0d6c8d1c57e6210d58494766ce9bba46,d0005ebfbef6562450a70e0c8e4d9ef5769e792f66d6725340fa551a9a673a88,False,False
scenario,3407,block_03,RPM,shifted,010,2000,2000,2000,0,2000,2000,0,1.0,1.0,0.0,1.0,1.0,0.0,,,,,,,,anchor-outcome-identical,6c11d84632896e7e21097c35bc8949be0d6c8d1c57e6210d58494766ce9bba46,d0005ebfbef6562450a70e0c8e4d9ef5769e792f66d6725340fa551a9a673a88,False,False
scenario,3407,block_03,RPM,shifted,011,2000,2000,2000,0,2000,2000,0,1.0,1.0,0.0,1.0,1.0,0.0,,,,,,,,anchor-outcome-identical,6c11d84632896e7e21097c35bc8949be0d6c8d1c57e6210d58494766ce9bba46,d0005ebfbef6562450a70e0c8e4d9ef5769e792f66d6725340fa551a9a673a88,False,False
scenario,3407,block_03,RPM,shifted,100,2000,507,642,-135,1880,1746,134,0.2535,0.321,-0.0675,0.94,0.873,0.067,,,,,,,,anchor-outcome-drift,6c11d84632896e7e21097c35bc8949be0d6c8d1c57e6210d58494766ce9bba46,d0005ebfbef6562450a70e0c8e4d9ef5769e792f66d6725340fa551a9a673a88,False,False
scenario,3407,block_03,RPM,shifted,101,2000,25,42,-17,2000,2000,0,0.0125,0.021,-0.0085,1.0,1.0,0.0,,,,,,,,anchor-outcome-drift,6c11d84632896e7e21097c35bc8949be0d6c8d1c57e6210d58494766ce9bba46,d0005ebfbef6562450a70e0c8e4d9ef5769e792f66d6725340fa551a9a673a88,False,False
scenario,3407,block_03,RPM,shifted,110,2000,817,573,244,1695,1468,227,0.4085,0.2865,0.122,0.8475,0.734,0.1135,,,,,,,,anchor-outcome-drift,6c11d84632896e7e21097c35bc8949be0d6c8d1c57e6210d58494766ce9bba46,d0005ebfbef6562450a70e0c8e4d9ef5769e792f66d6725340fa551a9a673a88,False,False
scenario,3407,block_03,RPM,shifted,111,2000,134,26,108,2000,2000,0,0.067,0.013,0.054,1.0,1.0,0.0,,,,,,,,anchor-outcome-drift,6c11d84632896e7e21097c35bc8949be0d6c8d1c57e6210d58494766ce9bba46,d0005ebfbef6562450a70e0c8e4d9ef5769e792f66d6725340fa551a9a673a88,False,False
normal,7,block_01,not_applicable,not_applicable,not_applicable,2000,,,,,,,,,,,,,2000,2000,0,1.0,1.0,0.0,0.0,anchor-outcome-identical,09b08194395debb2e4c30ea7fd1d27c8baf67e8d568a6f6cb1a842e038f346ed,2eccea8cfc2d734602b8d70f0cd728b7b9c311e262dc51bdec4e7c9957f9fc32,False,False
normal,7,block_02,not_applicable,not_applicable,not_applicable,2000,,,,,,,,,,,,,1998,1999,-1,0.999,0.9995,-0.000500000000000056,0.000500000000000056,anchor-outcome-drift,09b08194395debb2e4c30ea7fd1d27c8baf67e8d568a6f6cb1a842e038f346ed,2eccea8cfc2d734602b8d70f0cd728b7b9c311e262dc51bdec4e7c9957f9fc32,False,False
normal,7,block_03,not_applicable,not_applicable,not_applicable,2000,,,,,,,,,,,,,2000,2000,0,1.0,1.0,0.0,0.0,anchor-outcome-identical,09b08194395debb2e4c30ea7fd1d27c8baf67e8d568a6f6cb1a842e038f346ed,2eccea8cfc2d734602b8d70f0cd728b7b9c311e262dc51bdec4e7c9957f9fc32,False,False
normal,42,block_01,not_applicable,not_applicable,not_applicable,2000,,,,,,,,,,,,,2000,2000,0,1.0,1.0,0.0,0.0,anchor-outcome-identical,8a523faeac10844b457627c241d4ee4729a6bb6dd41ff79aaa640064767a8f13,96df37d40ea9afd7694d6e15f6c38de4c18283e7e2ca2fa8b60207fcb9d4e32d,False,False
normal,42,block_02,not_applicable,not_applicable,not_applicable,2000,,,,,,,,,,,,,1999,1998,1,0.9995,0.999,0.000500000000000056,-0.000500000000000056,anchor-outcome-drift,8a523faeac10844b457627c241d4ee4729a6bb6dd41ff79aaa640064767a8f13,96df37d40ea9afd7694d6e15f6c38de4c18283e7e2ca2fa8b60207fcb9d4e32d,False,False
normal,42,block_03,not_applicable,not_applicable,not_applicable,2000,,,,,,,,,,,,,2000,2000,0,1.0,1.0,0.0,0.0,anchor-outcome-identical,8a523faeac10844b457627c241d4ee4729a6bb6dd41ff79aaa640064767a8f13,96df37d40ea9afd7694d6e15f6c38de4c18283e7e2ca2fa8b60207fcb9d4e32d,False,False
normal,123,block_01,not_applicable,not_applicable,not_applicable,2000,,,,,,,,,,,,,2000,2000,0,1.0,1.0,0.0,0.0,anchor-outcome-identical,c81ec1fe7d3cf906172f8c9b79e4facaf3a711fb5cf31bf0f93b7f148c8f20b9,b32a663c646ccfd50538af024ec2107cf167462d814487287359301ff2ee0ebb,False,False
normal,123,block_02,not_applicable,not_applicable,not_applicable,2000,,,,,,,,,,,,,1998,1998,0,0.999,0.999,0.0,0.0,anchor-outcome-identical,c81ec1fe7d3cf906172f8c9b79e4facaf3a711fb5cf31bf0f93b7f148c8f20b9,b32a663c646ccfd50538af024ec2107cf167462d814487287359301ff2ee0ebb,False,False
normal,123,block_03,not_applicable,not_applicable,not_applicable,2000,,,,,,,,,,,,,2000,2000,0,1.0,1.0,0.0,0.0,anchor-outcome-identical,c81ec1fe7d3cf906172f8c9b79e4facaf3a711fb5cf31bf0f93b7f148c8f20b9,b32a663c646ccfd50538af024ec2107cf167462d814487287359301ff2ee0ebb,False,False
normal,2026,block_01,not_applicable,not_applicable,not_applicable,2000,,,,,,,,,,,,,2000,2000,0,1.0,1.0,0.0,0.0,anchor-outcome-identical,9f89d0fcf4c911b042d944313e1c99ff10ee1f483396e2cfd5227b6e4c3f7c8b,1020d15f99c0de5335633ce9de97f53485faf281fc3e5cafa1182a993e6d7a94,False,False
normal,2026,block_02,not_applicable,not_applicable,not_applicable,2000,,,,,,,,,,,,,1997,1998,-1,0.9985,0.999,-0.0004999999999999449,0.0004999999999999449,anchor-outcome-drift,9f89d0fcf4c911b042d944313e1c99ff10ee1f483396e2cfd5227b6e4c3f7c8b,1020d15f99c0de5335633ce9de97f53485faf281fc3e5cafa1182a993e6d7a94,False,False
normal,2026,block_03,not_applicable,not_applicable,not_applicable,2000,,,,,,,,,,,,,1999,2000,-1,0.9995,1.0,-0.0004999999999999449,0.0004999999999999449,anchor-outcome-drift,9f89d0fcf4c911b042d944313e1c99ff10ee1f483396e2cfd5227b6e4c3f7c8b,1020d15f99c0de5335633ce9de97f53485faf281fc3e5cafa1182a993e6d7a94,False,False
normal,3407,block_01,not_applicable,not_applicable,not_applicable,2000,,,,,,,,,,,,,2000,2000,0,1.0,1.0,0.0,0.0,anchor-outcome-identical,6c11d84632896e7e21097c35bc8949be0d6c8d1c57e6210d58494766ce9bba46,d0005ebfbef6562450a70e0c8e4d9ef5769e792f66d6725340fa551a9a673a88,False,False
normal,3407,block_02,not_applicable,not_applicable,not_applicable,2000,,,,,,,,,,,,,1998,1998,0,0.999,0.999,0.0,0.0,anchor-outcome-identical,6c11d84632896e7e21097c35bc8949be0d6c8d1c57e6210d58494766ce9bba46,d0005ebfbef6562450a70e0c8e4d9ef5769e792f66d6725340fa551a9a673a88,False,False
normal,3407,block_03,not_applicable,not_applicable,not_applicable,2000,,,,,,,,,,,,,2000,2000,0,1.0,1.0,0.0,0.0,anchor-outcome-identical,6c11d84632896e7e21097c35bc8949be0d6c8d1c57e6210d58494766ce9bba46,d0005ebfbef6562450a70e0c8e4d9ef5769e792f66d6725340fa551a9a673a88,False,False
