construction_seed,arm,pipeline_seed,role,setting,model_tag,checkpoint,checkpoint_sha256,pool_path,pool_sha256,sampling_index_sha256,feature_dimension,n_estimators,max_depth,min_samples_leaf,class_weight,permutation_seed,train_windows,elapsed_seconds,device
0,real_only,7,shared_reference,real_only,e17_v1,journal/models/generator_extension/rf_real_only_e17_v1_seed7.joblib,66d36ee3252b62bad5695cbf676b8fbb1c6b06fc8ac3a0aee17c8aa314ff32db,,,,55,160,,2,balanced_subsample,7,262149,11.139,cpu
0,real_only,42,shared_reference,real_only,e17_v1,journal/models/generator_extension/rf_real_only_e17_v1_seed42.joblib,4147ee901aba037e45bf722cf86d450e925e564579435089d4c55b40cb9d5da9,,,,55,160,,2,balanced_subsample,42,262149,10.836,cpu
0,real_only,123,shared_reference,real_only,e17_v1,journal/models/generator_extension/rf_real_only_e17_v1_seed123.joblib,c5b9eb0cc0b409dbce922ecabd28a74a3908d0d79b7114f87cfb081e10f69fc3,,,,55,160,,2,balanced_subsample,123,262149,10.895,cpu
0,real_only,2026,shared_reference,real_only,e17_v1,journal/models/generator_extension/rf_real_only_e17_v1_seed2026.joblib,665d440f993f957ef3e0fdf1b83fa6db821e75912199e3126001c385331b2a6f,,,,55,160,,2,balanced_subsample,2026,262149,11.171,cpu
0,real_only,3407,shared_reference,real_only,e17_v1,journal/models/generator_extension/rf_real_only_e17_v1_seed3407.joblib,d0ef16d3ed1a8b7ea1ce9aa8b3ce15bc496c4f5aec0f67e7f5c4584f4fab0aea,,,,55,160,,2,balanced_subsample,3407,262149,11.068,cpu
415637,rule,7,primary,rule_0p30_cseed415637,e17_v1,journal/models/generator_extension/rf_rule_0p30_cseed415637_e17_v1_seed7.joblib,157f15f497f4e9f585741bb66faf66d203e25136811fe36b9b2586d6319af9ef,journal/datasets/synthetic/e16_rule_cseed415637_windows_v2.npz,193d02e36c2b7709e41964b93691425eae3b2601c905c8152571b3bf63731470,d2c7acc8cbe7f58e1db3d0cc1b63f730adb335dd8bd0aab76f192e70cf187a50,55,160,,2,balanced_subsample,7,340794,14.93,cpu
415637,rule,42,primary,rule_0p30_cseed415637,e17_v1,journal/models/generator_extension/rf_rule_0p30_cseed415637_e17_v1_seed42.joblib,ec5cf7e9f25136c7ec773027d83c91aac0431c5144beb259c83b04fc2d7ebad2,journal/datasets/synthetic/e16_rule_cseed415637_windows_v2.npz,193d02e36c2b7709e41964b93691425eae3b2601c905c8152571b3bf63731470,60eaa0f1314053ddb38a4ba023908d80d92889250274637706176f90b4485c4c,55,160,,2,balanced_subsample,42,340794,15.065,cpu
415637,rule,123,primary,rule_0p30_cseed415637,e17_v1,journal/models/generator_extension/rf_rule_0p30_cseed415637_e17_v1_seed123.joblib,8be0778ed8c1ed181227a3744adaacd473bdf48f346d5664cb3d7656800aa50f,journal/datasets/synthetic/e16_rule_cseed415637_windows_v2.npz,193d02e36c2b7709e41964b93691425eae3b2601c905c8152571b3bf63731470,ea399358a29d6152749b8c64658c1a834368dbd96a85027516a8e7ee44230f8b,55,160,,2,balanced_subsample,123,340794,14.977,cpu
415637,rule,2026,primary,rule_0p30_cseed415637,e17_v1,journal/models/generator_extension/rf_rule_0p30_cseed415637_e17_v1_seed2026.joblib,522e9c9dcf6dec4f783977a47d01aa98ac625389d39062657d8f76b43c368235,journal/datasets/synthetic/e16_rule_cseed415637_windows_v2.npz,193d02e36c2b7709e41964b93691425eae3b2601c905c8152571b3bf63731470,a8c7b7058569c5f4df77ddc4f4fc837839d24168ee1d52f7a9033ebc35530f2d,55,160,,2,balanced_subsample,2026,340794,15.143,cpu
415637,rule,3407,primary,rule_0p30_cseed415637,e17_v1,journal/models/generator_extension/rf_rule_0p30_cseed415637_e17_v1_seed3407.joblib,4e60733ccd941388365e20b8dfd35bb89f691316433e83843e4ee6f8c8f33d81,journal/datasets/synthetic/e16_rule_cseed415637_windows_v2.npz,193d02e36c2b7709e41964b93691425eae3b2601c905c8152571b3bf63731470,e2c2b0bd1ae98e843a32b5088eee60d53eef4e142b7ea99d13856ddb7d0f6d16,55,160,,2,balanced_subsample,3407,340794,15.051,cpu
415637,placebo,7,primary,placebo_0p30_cseed415637,e17_v1,journal/models/generator_extension/rf_placebo_0p30_cseed415637_e17_v1_seed7.joblib,4b9aec4ce4ac02e3bd99a74c69bf72195f1f1ddd6ddc95902c86ecf22491bb91,journal/datasets/synthetic/e16_placebo_cseed415637_windows_v2.npz,12d375d38ba1ba670607582eabc45de4741f1b08b7cb1d06125900938c6b9168,d2c7acc8cbe7f58e1db3d0cc1b63f730adb335dd8bd0aab76f192e70cf187a50,55,160,,2,balanced_subsample,7,340794,14.704,cpu
415637,placebo,42,primary,placebo_0p30_cseed415637,e17_v1,journal/models/generator_extension/rf_placebo_0p30_cseed415637_e17_v1_seed42.joblib,87c93868cbb5063834300da3bda3c7bc2d06d1880fef6fd6d0c1d9eefcfd47fc,journal/datasets/synthetic/e16_placebo_cseed415637_windows_v2.npz,12d375d38ba1ba670607582eabc45de4741f1b08b7cb1d06125900938c6b9168,60eaa0f1314053ddb38a4ba023908d80d92889250274637706176f90b4485c4c,55,160,,2,balanced_subsample,42,340794,14.583,cpu
415637,placebo,123,primary,placebo_0p30_cseed415637,e17_v1,journal/models/generator_extension/rf_placebo_0p30_cseed415637_e17_v1_seed123.joblib,a3d01bd5416d0a8c8a99860a9d31a17412646bf3cd9fb6fcc35dd48ddcbec18b,journal/datasets/synthetic/e16_placebo_cseed415637_windows_v2.npz,12d375d38ba1ba670607582eabc45de4741f1b08b7cb1d06125900938c6b9168,ea399358a29d6152749b8c64658c1a834368dbd96a85027516a8e7ee44230f8b,55,160,,2,balanced_subsample,123,340794,14.525,cpu
415637,placebo,2026,primary,placebo_0p30_cseed415637,e17_v1,journal/models/generator_extension/rf_placebo_0p30_cseed415637_e17_v1_seed2026.joblib,71634dbfd50cf329b5e895ee74d17555fc4d361f0f466b30145f29df4e38ade7,journal/datasets/synthetic/e16_placebo_cseed415637_windows_v2.npz,12d375d38ba1ba670607582eabc45de4741f1b08b7cb1d06125900938c6b9168,a8c7b7058569c5f4df77ddc4f4fc837839d24168ee1d52f7a9033ebc35530f2d,55,160,,2,balanced_subsample,2026,340794,15.106,cpu
415637,placebo,3407,primary,placebo_0p30_cseed415637,e17_v1,journal/models/generator_extension/rf_placebo_0p30_cseed415637_e17_v1_seed3407.joblib,fdae5e61f5087ecc9f563127d2c9cc5e458a2f84fee0319441c4fd1e75caf1c0,journal/datasets/synthetic/e16_placebo_cseed415637_windows_v2.npz,12d375d38ba1ba670607582eabc45de4741f1b08b7cb1d06125900938c6b9168,e2c2b0bd1ae98e843a32b5088eee60d53eef4e142b7ea99d13856ddb7d0f6d16,55,160,,2,balanced_subsample,3407,340794,14.858,cpu
748203,rule,7,primary,rule_0p30_cseed748203,e17_v1,journal/models/generator_extension/rf_rule_0p30_cseed748203_e17_v1_seed7.joblib,30d4f616b0e1d50f6d772006782c670232cfe283efd32c13848823796fca5afb,journal/datasets/synthetic/e16_rule_cseed748203_windows_v2.npz,d331c05fab2e012d95cd453e2b03310cf86776206891f8048c69a30c1e84a619,f69ad9da49fb248258dcbdbba9933d3034f7aee341d9371dc59ea08b6bb7d8b0,55,160,,2,balanced_subsample,7,340794,14.84,cpu
748203,rule,42,primary,rule_0p30_cseed748203,e17_v1,journal/models/generator_extension/rf_rule_0p30_cseed748203_e17_v1_seed42.joblib,f832d6dc75b8885f005c43bba5c9c96b66bc9e7c85b26f7fd0a797efd6a4398b,journal/datasets/synthetic/e16_rule_cseed748203_windows_v2.npz,d331c05fab2e012d95cd453e2b03310cf86776206891f8048c69a30c1e84a619,fcc7b46d421dceb6286d927c200c5881342d9c3a7d69a20a2f4706aa0020cdc0,55,160,,2,balanced_subsample,42,340794,14.953,cpu
748203,rule,123,primary,rule_0p30_cseed748203,e17_v1,journal/models/generator_extension/rf_rule_0p30_cseed748203_e17_v1_seed123.joblib,b5dc3d3469bf3794d8138f686e85c3c372b94000d366f68262ce1b4392ccdd41,journal/datasets/synthetic/e16_rule_cseed748203_windows_v2.npz,d331c05fab2e012d95cd453e2b03310cf86776206891f8048c69a30c1e84a619,bd70649c5d1520fd91ad997856819485291ca2b6267a831a2a762de7d78b89f2,55,160,,2,balanced_subsample,123,340794,14.83,cpu
748203,rule,2026,primary,rule_0p30_cseed748203,e17_v1,journal/models/generator_extension/rf_rule_0p30_cseed748203_e17_v1_seed2026.joblib,9f595a9375e4d98736dcbbbb74250f98108a946a7611f1f045f36b3420abf81e,journal/datasets/synthetic/e16_rule_cseed748203_windows_v2.npz,d331c05fab2e012d95cd453e2b03310cf86776206891f8048c69a30c1e84a619,c8e69efc8a7b0734d500b6e28c976867b5f7554f3fb26da050c7aa9584ca8edb,55,160,,2,balanced_subsample,2026,340794,15.143,cpu
748203,rule,3407,primary,rule_0p30_cseed748203,e17_v1,journal/models/generator_extension/rf_rule_0p30_cseed748203_e17_v1_seed3407.joblib,7c9221549ad7a9aff440f1d4a63972588821e7dbd503b2267043a9446cf1daf8,journal/datasets/synthetic/e16_rule_cseed748203_windows_v2.npz,d331c05fab2e012d95cd453e2b03310cf86776206891f8048c69a30c1e84a619,f0af597d9feea9873934266e52f4a663a57d51b9c052868a218785bdc5902c20,55,160,,2,balanced_subsample,3407,340794,15.011,cpu
748203,placebo,7,primary,placebo_0p30_cseed748203,e17_v1,journal/models/generator_extension/rf_placebo_0p30_cseed748203_e17_v1_seed7.joblib,22cacf8a1c99d578a408a2b6aa8808133dc8c76017df9291b103b7f5701aeeaa,journal/datasets/synthetic/e16_placebo_cseed748203_windows_v2.npz,adbdeb7553c6f6ea1e41d51f5302ea7edfdfe41ac239b73319680d0479d18b70,f69ad9da49fb248258dcbdbba9933d3034f7aee341d9371dc59ea08b6bb7d8b0,55,160,,2,balanced_subsample,7,340794,14.612,cpu
748203,placebo,42,primary,placebo_0p30_cseed748203,e17_v1,journal/models/generator_extension/rf_placebo_0p30_cseed748203_e17_v1_seed42.joblib,958f08208d52c765b8841c4098b6b677de2772b48b5d4f0526a59b5838fe10ce,journal/datasets/synthetic/e16_placebo_cseed748203_windows_v2.npz,adbdeb7553c6f6ea1e41d51f5302ea7edfdfe41ac239b73319680d0479d18b70,fcc7b46d421dceb6286d927c200c5881342d9c3a7d69a20a2f4706aa0020cdc0,55,160,,2,balanced_subsample,42,340794,15.623,cpu
748203,placebo,123,primary,placebo_0p30_cseed748203,e17_v1,journal/models/generator_extension/rf_placebo_0p30_cseed748203_e17_v1_seed123.joblib,0ad0b9101327eb15ca9b2d374e10f9106af9b2162d14fa9b06606378ba1058a4,journal/datasets/synthetic/e16_placebo_cseed748203_windows_v2.npz,adbdeb7553c6f6ea1e41d51f5302ea7edfdfe41ac239b73319680d0479d18b70,bd70649c5d1520fd91ad997856819485291ca2b6267a831a2a762de7d78b89f2,55,160,,2,balanced_subsample,123,340794,14.721,cpu
748203,placebo,2026,primary,placebo_0p30_cseed748203,e17_v1,journal/models/generator_extension/rf_placebo_0p30_cseed748203_e17_v1_seed2026.joblib,3a812ed37d0c8f9d6a6013038150e5891701ecf89b35b79255cbdbf9a170a188,journal/datasets/synthetic/e16_placebo_cseed748203_windows_v2.npz,adbdeb7553c6f6ea1e41d51f5302ea7edfdfe41ac239b73319680d0479d18b70,c8e69efc8a7b0734d500b6e28c976867b5f7554f3fb26da050c7aa9584ca8edb,55,160,,2,balanced_subsample,2026,340794,14.862,cpu
748203,placebo,3407,primary,placebo_0p30_cseed748203,e17_v1,journal/models/generator_extension/rf_placebo_0p30_cseed748203_e17_v1_seed3407.joblib,ff60adfaa6973df55912a56216b007ff67aeebda0bb75ba9b82697fbba77a2e4,journal/datasets/synthetic/e16_placebo_cseed748203_windows_v2.npz,adbdeb7553c6f6ea1e41d51f5302ea7edfdfe41ac239b73319680d0479d18b70,f0af597d9feea9873934266e52f4a663a57d51b9c052868a218785bdc5902c20,55,160,,2,balanced_subsample,3407,340794,15.379,cpu
560657,rule,7,primary,rule_0p30_cseed560657,e17_v1,journal/models/generator_extension/rf_rule_0p30_cseed560657_e17_v1_seed7.joblib,9ae50a3140e4767eb788cf25435d694a3dc8aa68af4fb9d78925b36f443c85a1,journal/datasets/synthetic/e16_rule_cseed560657_windows_v2.npz,01043433964f5e46764c88ac9843325af1f7b2df75e7c80e8935414008ef7a77,7be78eefa6491708f2966b3d37783e7abb33b2b3ff6c014e9d76d748a5b07268,55,160,,2,balanced_subsample,7,340794,14.631,cpu
560657,rule,42,primary,rule_0p30_cseed560657,e17_v1,journal/models/generator_extension/rf_rule_0p30_cseed560657_e17_v1_seed42.joblib,2d502103d3014b8e3f55cda010bf492dac8005c45951fab50dbbc05038407dec,journal/datasets/synthetic/e16_rule_cseed560657_windows_v2.npz,01043433964f5e46764c88ac9843325af1f7b2df75e7c80e8935414008ef7a77,a26f3d92767a62a52084755172627d9726b89a71e82e6dc02c59da3d5e6d0a73,55,160,,2,balanced_subsample,42,340794,14.812,cpu
560657,rule,123,primary,rule_0p30_cseed560657,e17_v1,journal/models/generator_extension/rf_rule_0p30_cseed560657_e17_v1_seed123.joblib,8b4e1c462fb009bcaf1ebcad99fbfb656fc9635f34f730b0b312a112fe46e57d,journal/datasets/synthetic/e16_rule_cseed560657_windows_v2.npz,01043433964f5e46764c88ac9843325af1f7b2df75e7c80e8935414008ef7a77,a7671ecf7005c1978b76bdd28372bb7a795c507520f958477027c4fbf5e51597,55,160,,2,balanced_subsample,123,340794,14.802,cpu
560657,rule,2026,primary,rule_0p30_cseed560657,e17_v1,journal/models/generator_extension/rf_rule_0p30_cseed560657_e17_v1_seed2026.joblib,d7679fdb23a36d395a9d9c647772cf3a3ee8ba785e8d20c3fcb1a4f46a0d367a,journal/datasets/synthetic/e16_rule_cseed560657_windows_v2.npz,01043433964f5e46764c88ac9843325af1f7b2df75e7c80e8935414008ef7a77,260fbdc92bd80cd4723a1d271262e5576796a292134a481e721281713dcf55da,55,160,,2,balanced_subsample,2026,340794,14.737,cpu
560657,rule,3407,primary,rule_0p30_cseed560657,e17_v1,journal/models/generator_extension/rf_rule_0p30_cseed560657_e17_v1_seed3407.joblib,ee60106cd64a975f814ddd1c014d79e46a17d409da54adf2e22c198278100fb2,journal/datasets/synthetic/e16_rule_cseed560657_windows_v2.npz,01043433964f5e46764c88ac9843325af1f7b2df75e7c80e8935414008ef7a77,eb283f789174957248c1bc68c1fdee7367fa3848ae3684203fafb4170d0faffb,55,160,,2,balanced_subsample,3407,340794,14.813,cpu
560657,placebo,7,primary,placebo_0p30_cseed560657,e17_v1,journal/models/generator_extension/rf_placebo_0p30_cseed560657_e17_v1_seed7.joblib,3851a648618315b54482be77942249ff0d18254532c6330d66963e78a8badf38,journal/datasets/synthetic/e16_placebo_cseed560657_windows_v2.npz,793770af5d1952fb72af7a7c61c388245ab85b0c8a7b43bd303968f54d07e02e,7be78eefa6491708f2966b3d37783e7abb33b2b3ff6c014e9d76d748a5b07268,55,160,,2,balanced_subsample,7,340794,14.891,cpu
560657,placebo,42,primary,placebo_0p30_cseed560657,e17_v1,journal/models/generator_extension/rf_placebo_0p30_cseed560657_e17_v1_seed42.joblib,04c7e43a1b6c12025f40dd0fd70f14839f674d39b31605455e7f4940745ee726,journal/datasets/synthetic/e16_placebo_cseed560657_windows_v2.npz,793770af5d1952fb72af7a7c61c388245ab85b0c8a7b43bd303968f54d07e02e,a26f3d92767a62a52084755172627d9726b89a71e82e6dc02c59da3d5e6d0a73,55,160,,2,balanced_subsample,42,340794,14.572,cpu
560657,placebo,123,primary,placebo_0p30_cseed560657,e17_v1,journal/models/generator_extension/rf_placebo_0p30_cseed560657_e17_v1_seed123.joblib,e6351b8d9ac5c9671967d1331c3b7b8d3c6db8c41a2430088b4e4485e7126a5d,journal/datasets/synthetic/e16_placebo_cseed560657_windows_v2.npz,793770af5d1952fb72af7a7c61c388245ab85b0c8a7b43bd303968f54d07e02e,a7671ecf7005c1978b76bdd28372bb7a795c507520f958477027c4fbf5e51597,55,160,,2,balanced_subsample,123,340794,14.913,cpu
560657,placebo,2026,primary,placebo_0p30_cseed560657,e17_v1,journal/models/generator_extension/rf_placebo_0p30_cseed560657_e17_v1_seed2026.joblib,369bfdb3222687c81789ab4b475cf59ac51e6f061abeb612aa602275cd71229f,journal/datasets/synthetic/e16_placebo_cseed560657_windows_v2.npz,793770af5d1952fb72af7a7c61c388245ab85b0c8a7b43bd303968f54d07e02e,260fbdc92bd80cd4723a1d271262e5576796a292134a481e721281713dcf55da,55,160,,2,balanced_subsample,2026,340794,15.135,cpu
560657,placebo,3407,primary,placebo_0p30_cseed560657,e17_v1,journal/models/generator_extension/rf_placebo_0p30_cseed560657_e17_v1_seed3407.joblib,ff0b1505e4a305d3d8d3748a1c0bafe249da7848e50e4ff1a257c546604a72cc,journal/datasets/synthetic/e16_placebo_cseed560657_windows_v2.npz,793770af5d1952fb72af7a7c61c388245ab85b0c8a7b43bd303968f54d07e02e,eb283f789174957248c1bc68c1fdee7367fa3848ae3684203fafb4170d0faffb,55,160,,2,balanced_subsample,3407,340794,14.796,cpu
459336,rule,7,primary,rule_0p30_cseed459336,e17_v1,journal/models/generator_extension/rf_rule_0p30_cseed459336_e17_v1_seed7.joblib,5d9b8ff49dead509b7c39d196ddb2c9a30739779e7e0c99ce5439746baec4414,journal/datasets/synthetic/e16_rule_cseed459336_windows_v2.npz,02e2afac29ed9452573aa06f9432c8cf97ae9427eefc753ea007b2d30058feea,dee8eede3f2eac650bed831cf77ae95e26675f41c0f87683744f27fefc733c45,55,160,,2,balanced_subsample,7,340794,14.655,cpu
459336,rule,42,primary,rule_0p30_cseed459336,e17_v1,journal/models/generator_extension/rf_rule_0p30_cseed459336_e17_v1_seed42.joblib,d3cd71767c5acd886cf0705b14558893ea17f9250f361bbbafbc2403d020d198,journal/datasets/synthetic/e16_rule_cseed459336_windows_v2.npz,02e2afac29ed9452573aa06f9432c8cf97ae9427eefc753ea007b2d30058feea,f48d53777751f5c5059f75032abba72a661cf0e168b8f8dbc8d92f096386b3ba,55,160,,2,balanced_subsample,42,340794,14.76,cpu
459336,rule,123,primary,rule_0p30_cseed459336,e17_v1,journal/models/generator_extension/rf_rule_0p30_cseed459336_e17_v1_seed123.joblib,aee3fc9eca52d507c99761abc88a41ee01490ea3414aa84956fec6010a94598b,journal/datasets/synthetic/e16_rule_cseed459336_windows_v2.npz,02e2afac29ed9452573aa06f9432c8cf97ae9427eefc753ea007b2d30058feea,6c7444256dd87bfc8d459e0f830f59e51a1d16278bc1b22173518d7feef5494e,55,160,,2,balanced_subsample,123,340794,14.626,cpu
459336,rule,2026,primary,rule_0p30_cseed459336,e17_v1,journal/models/generator_extension/rf_rule_0p30_cseed459336_e17_v1_seed2026.joblib,0ecb83e2c57efa03016c7e026e2d5b79d294da7c049c642700ac56d53eafc55c,journal/datasets/synthetic/e16_rule_cseed459336_windows_v2.npz,02e2afac29ed9452573aa06f9432c8cf97ae9427eefc753ea007b2d30058feea,f02b8644c30fee07b3c1448cb0506645a52c8086cdd3937e8f9fbe9f1a5140f1,55,160,,2,balanced_subsample,2026,340794,14.961,cpu
459336,rule,3407,primary,rule_0p30_cseed459336,e17_v1,journal/models/generator_extension/rf_rule_0p30_cseed459336_e17_v1_seed3407.joblib,096925675d4eb87a67097339b9fa79d4c576e48b9b44a19cabb959ea115eff05,journal/datasets/synthetic/e16_rule_cseed459336_windows_v2.npz,02e2afac29ed9452573aa06f9432c8cf97ae9427eefc753ea007b2d30058feea,2d85cfdb874a7a1f689a6d0f98af06bff7a510f55433ba745ded068c90d77938,55,160,,2,balanced_subsample,3407,340794,14.869,cpu
459336,placebo,7,primary,placebo_0p30_cseed459336,e17_v1,journal/models/generator_extension/rf_placebo_0p30_cseed459336_e17_v1_seed7.joblib,c4ac981f217cf152a4138403cd6a712972a5082d4086a9d2e3929370a612c0f8,journal/datasets/synthetic/e16_placebo_cseed459336_windows_v2.npz,e5feee61cf40518dd6e33ba74916658625570aae9ec09a160d4f9d81f74a42f2,dee8eede3f2eac650bed831cf77ae95e26675f41c0f87683744f27fefc733c45,55,160,,2,balanced_subsample,7,340794,14.66,cpu
459336,placebo,42,primary,placebo_0p30_cseed459336,e17_v1,journal/models/generator_extension/rf_placebo_0p30_cseed459336_e17_v1_seed42.joblib,37d49b16d56ac7e21e0e00e64651e325d2580feff2cd036d74af98027b2dde7b,journal/datasets/synthetic/e16_placebo_cseed459336_windows_v2.npz,e5feee61cf40518dd6e33ba74916658625570aae9ec09a160d4f9d81f74a42f2,f48d53777751f5c5059f75032abba72a661cf0e168b8f8dbc8d92f096386b3ba,55,160,,2,balanced_subsample,42,340794,14.88,cpu
459336,placebo,123,primary,placebo_0p30_cseed459336,e17_v1,journal/models/generator_extension/rf_placebo_0p30_cseed459336_e17_v1_seed123.joblib,ad80323a9fef9f32963de10ed131a18ba6ed928a5435394a546deaf1a4023139,journal/datasets/synthetic/e16_placebo_cseed459336_windows_v2.npz,e5feee61cf40518dd6e33ba74916658625570aae9ec09a160d4f9d81f74a42f2,6c7444256dd87bfc8d459e0f830f59e51a1d16278bc1b22173518d7feef5494e,55,160,,2,balanced_subsample,123,340794,14.672,cpu
459336,placebo,2026,primary,placebo_0p30_cseed459336,e17_v1,journal/models/generator_extension/rf_placebo_0p30_cseed459336_e17_v1_seed2026.joblib,fe5db8b84a8026d01c3f4f4d9bdc8acc5196894fa19132529c69404f431eb828,journal/datasets/synthetic/e16_placebo_cseed459336_windows_v2.npz,e5feee61cf40518dd6e33ba74916658625570aae9ec09a160d4f9d81f74a42f2,f02b8644c30fee07b3c1448cb0506645a52c8086cdd3937e8f9fbe9f1a5140f1,55,160,,2,balanced_subsample,2026,340794,14.701,cpu
459336,placebo,3407,primary,placebo_0p30_cseed459336,e17_v1,journal/models/generator_extension/rf_placebo_0p30_cseed459336_e17_v1_seed3407.joblib,302f1b0dbaf0282c7151be5a05c095d45e062e3904d0e6aeb6537b6fd5e98fab,journal/datasets/synthetic/e16_placebo_cseed459336_windows_v2.npz,e5feee61cf40518dd6e33ba74916658625570aae9ec09a160d4f9d81f74a42f2,2d85cfdb874a7a1f689a6d0f98af06bff7a510f55433ba745ded068c90d77938,55,160,,2,balanced_subsample,3407,340794,15.037,cpu
457191,rule,7,primary,rule_0p30_cseed457191,e17_v1,journal/models/generator_extension/rf_rule_0p30_cseed457191_e17_v1_seed7.joblib,7c9e2f3865b64ace139e058f86a8ba096958a56442089b57e5eea84bce5e8863,journal/datasets/synthetic/e16_rule_cseed457191_windows_v2.npz,73a7d56be0357cbf8beede334a3796ec27b70c9508eb95b9e823f8f9d81af3c7,6c1c158e4d4411adef2671ab0aa53eefc4c1c2e6e2b9f5501600b2cb9ac3d2be,55,160,,2,balanced_subsample,7,340794,14.951,cpu
457191,rule,42,primary,rule_0p30_cseed457191,e17_v1,journal/models/generator_extension/rf_rule_0p30_cseed457191_e17_v1_seed42.joblib,72d37f85060a08c9db6cb7b63500c6274a21fa0d4d4c2fe120ca490a2b9181f5,journal/datasets/synthetic/e16_rule_cseed457191_windows_v2.npz,73a7d56be0357cbf8beede334a3796ec27b70c9508eb95b9e823f8f9d81af3c7,5d3b2e701d3284069f6e4aa69596c666685143b1a7876e450cd0fb4e1725a4a4,55,160,,2,balanced_subsample,42,340794,14.784,cpu
457191,rule,123,primary,rule_0p30_cseed457191,e17_v1,journal/models/generator_extension/rf_rule_0p30_cseed457191_e17_v1_seed123.joblib,362bbe9da471e6015f7e956ed5346165c19556512f08df8fe69f8b7b9e1b69cc,journal/datasets/synthetic/e16_rule_cseed457191_windows_v2.npz,73a7d56be0357cbf8beede334a3796ec27b70c9508eb95b9e823f8f9d81af3c7,5b6dd3a045e7a076ab5dddbd981d530a4d16c4bd612bf4502227a2354108e3bd,55,160,,2,balanced_subsample,123,340794,14.725,cpu
457191,rule,2026,primary,rule_0p30_cseed457191,e17_v1,journal/models/generator_extension/rf_rule_0p30_cseed457191_e17_v1_seed2026.joblib,83ce2ab369b3625dc5e82e5b3fd6138c86e3bd834c896dfe976bd7eaf7bdda9d,journal/datasets/synthetic/e16_rule_cseed457191_windows_v2.npz,73a7d56be0357cbf8beede334a3796ec27b70c9508eb95b9e823f8f9d81af3c7,ce5afcff50163d309452691e5c6403844dd2097e72a583a428800d50e96aad78,55,160,,2,balanced_subsample,2026,340794,14.884,cpu
457191,rule,3407,primary,rule_0p30_cseed457191,e17_v1,journal/models/generator_extension/rf_rule_0p30_cseed457191_e17_v1_seed3407.joblib,175c30658c7a6f7ad3805c8ac866fcc5991cee9f958f989a390f13457f5e3bb8,journal/datasets/synthetic/e16_rule_cseed457191_windows_v2.npz,73a7d56be0357cbf8beede334a3796ec27b70c9508eb95b9e823f8f9d81af3c7,5594d2f0e730edfb675e9c98d1fd8686157d084054966207df04f67498331a1c,55,160,,2,balanced_subsample,3407,340794,14.533,cpu
457191,placebo,7,primary,placebo_0p30_cseed457191,e17_v1,journal/models/generator_extension/rf_placebo_0p30_cseed457191_e17_v1_seed7.joblib,b2d78f8e316d72dc7d765df64f1808e8b6125fa104889303ce755c337a4f0ad3,journal/datasets/synthetic/e16_placebo_cseed457191_windows_v2.npz,ec7d50d18f45708b48a5f18029e2d9b1df80861bdd8e03f7708f51bf9b730a8d,6c1c158e4d4411adef2671ab0aa53eefc4c1c2e6e2b9f5501600b2cb9ac3d2be,55,160,,2,balanced_subsample,7,340794,15.195,cpu
457191,placebo,42,primary,placebo_0p30_cseed457191,e17_v1,journal/models/generator_extension/rf_placebo_0p30_cseed457191_e17_v1_seed42.joblib,98fe4eaae2e1e03da12311439560f46d52a2eb6ea531c58d6d4828684ff94d6c,journal/datasets/synthetic/e16_placebo_cseed457191_windows_v2.npz,ec7d50d18f45708b48a5f18029e2d9b1df80861bdd8e03f7708f51bf9b730a8d,5d3b2e701d3284069f6e4aa69596c666685143b1a7876e450cd0fb4e1725a4a4,55,160,,2,balanced_subsample,42,340794,15.023,cpu
457191,placebo,123,primary,placebo_0p30_cseed457191,e17_v1,journal/models/generator_extension/rf_placebo_0p30_cseed457191_e17_v1_seed123.joblib,178b97b578998b7e02593029381b461ff68da2c1a1360eae3770d936be72d5f1,journal/datasets/synthetic/e16_placebo_cseed457191_windows_v2.npz,ec7d50d18f45708b48a5f18029e2d9b1df80861bdd8e03f7708f51bf9b730a8d,5b6dd3a045e7a076ab5dddbd981d530a4d16c4bd612bf4502227a2354108e3bd,55,160,,2,balanced_subsample,123,340794,15.107,cpu
457191,placebo,2026,primary,placebo_0p30_cseed457191,e17_v1,journal/models/generator_extension/rf_placebo_0p30_cseed457191_e17_v1_seed2026.joblib,a784b16bcc31d710310803e02bfcded582ea3e0e35afb426012b003d42506cee,journal/datasets/synthetic/e16_placebo_cseed457191_windows_v2.npz,ec7d50d18f45708b48a5f18029e2d9b1df80861bdd8e03f7708f51bf9b730a8d,ce5afcff50163d309452691e5c6403844dd2097e72a583a428800d50e96aad78,55,160,,2,balanced_subsample,2026,340794,14.704,cpu
457191,placebo,3407,primary,placebo_0p30_cseed457191,e17_v1,journal/models/generator_extension/rf_placebo_0p30_cseed457191_e17_v1_seed3407.joblib,dd165bf6fefe8ef4f85ea1b138574dcb9986d9e207173b3f932dff08e4631a2f,journal/datasets/synthetic/e16_placebo_cseed457191_windows_v2.npz,ec7d50d18f45708b48a5f18029e2d9b1df80861bdd8e03f7708f51bf9b730a8d,5594d2f0e730edfb675e9c98d1fd8686157d084054966207df04f67498331a1c,55,160,,2,balanced_subsample,3407,340794,14.781,cpu
999191,rule,7,primary,rule_0p30_cseed999191,e17_v1,journal/models/generator_extension/rf_rule_0p30_cseed999191_e17_v1_seed7.joblib,5361ddd7ce43cc0af3d81e87e5baecdfa17725b0dead930f67322d940fe2f6f3,journal/datasets/synthetic/e16_rule_cseed999191_windows_v2.npz,1c96db50be6ae47931c4dc853b6ab61c2c64042c9f2ebfd6ca02adf020d3cc9a,d0b1f7f007456cff62e6ceecb3ad90d55429499e9be91cc0bb1ee110ca368ff4,55,160,,2,balanced_subsample,7,340794,15.177,cpu
999191,rule,42,primary,rule_0p30_cseed999191,e17_v1,journal/models/generator_extension/rf_rule_0p30_cseed999191_e17_v1_seed42.joblib,7a32aee4c824a750022329109147e4cd44438036ac987fc093555dc8e328066a,journal/datasets/synthetic/e16_rule_cseed999191_windows_v2.npz,1c96db50be6ae47931c4dc853b6ab61c2c64042c9f2ebfd6ca02adf020d3cc9a,59d9e22be4de24d2798b9e32094c1fa944a31e36699c78ebc7b35e6b215fe3ec,55,160,,2,balanced_subsample,42,340794,14.885,cpu
999191,rule,123,primary,rule_0p30_cseed999191,e17_v1,journal/models/generator_extension/rf_rule_0p30_cseed999191_e17_v1_seed123.joblib,8f0f6502087feda2c7f2a8fd4dfbf4f4a41179987417e91f1f5b5fd0990c9282,journal/datasets/synthetic/e16_rule_cseed999191_windows_v2.npz,1c96db50be6ae47931c4dc853b6ab61c2c64042c9f2ebfd6ca02adf020d3cc9a,be695016520c076084639fb9b5ceedb86f5ddf98b9e89aa940ff35586133e6f2,55,160,,2,balanced_subsample,123,340794,14.651,cpu
999191,rule,2026,primary,rule_0p30_cseed999191,e17_v1,journal/models/generator_extension/rf_rule_0p30_cseed999191_e17_v1_seed2026.joblib,db56d04df252de4d60fc15ea2fe2e7d59fb13d408c5a3d8342ca85086c911ad6,journal/datasets/synthetic/e16_rule_cseed999191_windows_v2.npz,1c96db50be6ae47931c4dc853b6ab61c2c64042c9f2ebfd6ca02adf020d3cc9a,da8b9a12427bcac6953b8f6601a5cf28ead70636c26376cc084c4d59ed5484a9,55,160,,2,balanced_subsample,2026,340794,15.647,cpu
999191,rule,3407,primary,rule_0p30_cseed999191,e17_v1,journal/models/generator_extension/rf_rule_0p30_cseed999191_e17_v1_seed3407.joblib,94a68fe855d2702846c7c279f41cfc1054dd22360244c8538787984df1473fa2,journal/datasets/synthetic/e16_rule_cseed999191_windows_v2.npz,1c96db50be6ae47931c4dc853b6ab61c2c64042c9f2ebfd6ca02adf020d3cc9a,01e2b8a308adfc91a91848bd6f1a1cbe83208b761d458d5e001e702b78213c49,55,160,,2,balanced_subsample,3407,340794,14.942,cpu
999191,placebo,7,primary,placebo_0p30_cseed999191,e17_v1,journal/models/generator_extension/rf_placebo_0p30_cseed999191_e17_v1_seed7.joblib,16a1d97453652f825c0481642ae5e50f1e54edc066139af4d81c98eb489c4ca5,journal/datasets/synthetic/e16_placebo_cseed999191_windows_v2.npz,79a79e0a4d93cba04829bd517f86cd2a9c5066e4285bd4c358e2bc36af775a04,d0b1f7f007456cff62e6ceecb3ad90d55429499e9be91cc0bb1ee110ca368ff4,55,160,,2,balanced_subsample,7,340794,15.112,cpu
999191,placebo,42,primary,placebo_0p30_cseed999191,e17_v1,journal/models/generator_extension/rf_placebo_0p30_cseed999191_e17_v1_seed42.joblib,e501b33afcaf75c12b45ed80611d4457f23dc5dbd14b0c715a4fc638842c0ad5,journal/datasets/synthetic/e16_placebo_cseed999191_windows_v2.npz,79a79e0a4d93cba04829bd517f86cd2a9c5066e4285bd4c358e2bc36af775a04,59d9e22be4de24d2798b9e32094c1fa944a31e36699c78ebc7b35e6b215fe3ec,55,160,,2,balanced_subsample,42,340794,15.361,cpu
999191,placebo,123,primary,placebo_0p30_cseed999191,e17_v1,journal/models/generator_extension/rf_placebo_0p30_cseed999191_e17_v1_seed123.joblib,d7a1594f23192c29db3b57fa8bee355f3cfe957d3688ad74d88c378015731523,journal/datasets/synthetic/e16_placebo_cseed999191_windows_v2.npz,79a79e0a4d93cba04829bd517f86cd2a9c5066e4285bd4c358e2bc36af775a04,be695016520c076084639fb9b5ceedb86f5ddf98b9e89aa940ff35586133e6f2,55,160,,2,balanced_subsample,123,340794,15.134,cpu
999191,placebo,2026,primary,placebo_0p30_cseed999191,e17_v1,journal/models/generator_extension/rf_placebo_0p30_cseed999191_e17_v1_seed2026.joblib,fd7508e915fad82b352123c324f237d0509ea01bf309b3f3fc18b9083836f81f,journal/datasets/synthetic/e16_placebo_cseed999191_windows_v2.npz,79a79e0a4d93cba04829bd517f86cd2a9c5066e4285bd4c358e2bc36af775a04,da8b9a12427bcac6953b8f6601a5cf28ead70636c26376cc084c4d59ed5484a9,55,160,,2,balanced_subsample,2026,340794,15.4,cpu
999191,placebo,3407,primary,placebo_0p30_cseed999191,e17_v1,journal/models/generator_extension/rf_placebo_0p30_cseed999191_e17_v1_seed3407.joblib,0133ba0538ee8f08ea7cced2300f1563fe3931feaa5ba60e41052ab7bf7319c0,journal/datasets/synthetic/e16_placebo_cseed999191_windows_v2.npz,79a79e0a4d93cba04829bd517f86cd2a9c5066e4285bd4c358e2bc36af775a04,01e2b8a308adfc91a91848bd6f1a1cbe83208b761d458d5e001e702b78213c49,55,160,,2,balanced_subsample,3407,340794,15.519,cpu
715822,rule,7,primary,rule_0p30_cseed715822,e17_v1,journal/models/generator_extension/rf_rule_0p30_cseed715822_e17_v1_seed7.joblib,ca9e4085b05105fd2ff6e92b72728a4f3ba89a2921e951416df01f54f2d08736,journal/datasets/synthetic/e16_rule_cseed715822_windows_v2.npz,0c885be27f4c434d2cadc8397e01350fadce333b7bb247574209ccf05d2e9265,65bdb4e9a5ba188436233c10386536847aea9a1d1a3ed143fbf58e0a923988cf,55,160,,2,balanced_subsample,7,340794,14.887,cpu
715822,rule,42,primary,rule_0p30_cseed715822,e17_v1,journal/models/generator_extension/rf_rule_0p30_cseed715822_e17_v1_seed42.joblib,7ba3393d9e023f5fecd5eefb5ce0d3b800991eaf59497eda99bd42dd0b5d7d3e,journal/datasets/synthetic/e16_rule_cseed715822_windows_v2.npz,0c885be27f4c434d2cadc8397e01350fadce333b7bb247574209ccf05d2e9265,00e7ace348b166fc3d6d42a2d2e431b168526a0d1c0a3e93dc394bf98e1894e5,55,160,,2,balanced_subsample,42,340794,14.866,cpu
715822,rule,123,primary,rule_0p30_cseed715822,e17_v1,journal/models/generator_extension/rf_rule_0p30_cseed715822_e17_v1_seed123.joblib,dffd87ce907b2516507371076fe0cd3752f02ae0a8e582f4f6a67e467be92f90,journal/datasets/synthetic/e16_rule_cseed715822_windows_v2.npz,0c885be27f4c434d2cadc8397e01350fadce333b7bb247574209ccf05d2e9265,1a7ad3e00caf833aa40a4f3e9736ad4f9b9d9e5d1280ae93f5d92159f0bcd82a,55,160,,2,balanced_subsample,123,340794,14.656,cpu
715822,rule,2026,primary,rule_0p30_cseed715822,e17_v1,journal/models/generator_extension/rf_rule_0p30_cseed715822_e17_v1_seed2026.joblib,b14053552178137b9fee7fb64a8eba898b4e9e2ae3e5d6ef64628f44b9f507e6,journal/datasets/synthetic/e16_rule_cseed715822_windows_v2.npz,0c885be27f4c434d2cadc8397e01350fadce333b7bb247574209ccf05d2e9265,6ffc9f2c01fe3849e59ac2ca27e74b621af64f7fb3e1daca660f0e41c99ad686,55,160,,2,balanced_subsample,2026,340794,14.955,cpu
715822,rule,3407,primary,rule_0p30_cseed715822,e17_v1,journal/models/generator_extension/rf_rule_0p30_cseed715822_e17_v1_seed3407.joblib,b4e2ea697e55ecac6b67b58512f777d43d9de2ad20e37001181637eab6fd6f09,journal/datasets/synthetic/e16_rule_cseed715822_windows_v2.npz,0c885be27f4c434d2cadc8397e01350fadce333b7bb247574209ccf05d2e9265,548699edb942e67879376fec33fd94fd517e31072f729f0634e8ace2165ac407,55,160,,2,balanced_subsample,3407,340794,14.716,cpu
715822,placebo,7,primary,placebo_0p30_cseed715822,e17_v1,journal/models/generator_extension/rf_placebo_0p30_cseed715822_e17_v1_seed7.joblib,ba2fe66ee20c48112816ce70bd1fcb5c8b0c07f924e881d887f39ce6bb527b3f,journal/datasets/synthetic/e16_placebo_cseed715822_windows_v2.npz,37e1bd294adca4d1021121680cccd90cd443501cde8efa660a9198b5cf0704da,65bdb4e9a5ba188436233c10386536847aea9a1d1a3ed143fbf58e0a923988cf,55,160,,2,balanced_subsample,7,340794,14.575,cpu
715822,placebo,42,primary,placebo_0p30_cseed715822,e17_v1,journal/models/generator_extension/rf_placebo_0p30_cseed715822_e17_v1_seed42.joblib,aeac673a8c90b87d87010409d8cbc0d85c6909f08f376abbd55c4bf00856651e,journal/datasets/synthetic/e16_placebo_cseed715822_windows_v2.npz,37e1bd294adca4d1021121680cccd90cd443501cde8efa660a9198b5cf0704da,00e7ace348b166fc3d6d42a2d2e431b168526a0d1c0a3e93dc394bf98e1894e5,55,160,,2,balanced_subsample,42,340794,14.269,cpu
715822,placebo,123,primary,placebo_0p30_cseed715822,e17_v1,journal/models/generator_extension/rf_placebo_0p30_cseed715822_e17_v1_seed123.joblib,7fb64140e078d5a382bf89ee8d67a148a89561e20f9c3d5f78a62441376a5006,journal/datasets/synthetic/e16_placebo_cseed715822_windows_v2.npz,37e1bd294adca4d1021121680cccd90cd443501cde8efa660a9198b5cf0704da,1a7ad3e00caf833aa40a4f3e9736ad4f9b9d9e5d1280ae93f5d92159f0bcd82a,55,160,,2,balanced_subsample,123,340794,14.594,cpu
715822,placebo,2026,primary,placebo_0p30_cseed715822,e17_v1,journal/models/generator_extension/rf_placebo_0p30_cseed715822_e17_v1_seed2026.joblib,9bedcbd42837309afd7b59139c996bf2aaa69d16d8384505ed6f6cebb5057638,journal/datasets/synthetic/e16_placebo_cseed715822_windows_v2.npz,37e1bd294adca4d1021121680cccd90cd443501cde8efa660a9198b5cf0704da,6ffc9f2c01fe3849e59ac2ca27e74b621af64f7fb3e1daca660f0e41c99ad686,55,160,,2,balanced_subsample,2026,340794,14.958,cpu
715822,placebo,3407,primary,placebo_0p30_cseed715822,e17_v1,journal/models/generator_extension/rf_placebo_0p30_cseed715822_e17_v1_seed3407.joblib,da861a2785d3bb7dd0571e9037454a82f35c2ad2d9c4ee3daa817a54af758880,journal/datasets/synthetic/e16_placebo_cseed715822_windows_v2.npz,37e1bd294adca4d1021121680cccd90cd443501cde8efa660a9198b5cf0704da,548699edb942e67879376fec33fd94fd517e31072f729f0634e8ace2165ac407,55,160,,2,balanced_subsample,3407,340794,14.975,cpu
298581,rule,7,primary,rule_0p30_cseed298581,e17_v1,journal/models/generator_extension/rf_rule_0p30_cseed298581_e17_v1_seed7.joblib,48391a828dc9efbe1c734a70cf6ecd041c6c21568eb42338677986c282c7b4e3,journal/datasets/synthetic/e16_rule_cseed298581_windows_v2.npz,24d0dabf3c55389f6dd1cf5356e859cafaeb694ecb51fcff9c5b247392333f8c,aad7dad27a7ef6bf4a1aad97cc9320ef415fb9ccf774e5b05c3a37ffddf371c0,55,160,,2,balanced_subsample,7,340794,14.994,cpu
298581,rule,42,primary,rule_0p30_cseed298581,e17_v1,journal/models/generator_extension/rf_rule_0p30_cseed298581_e17_v1_seed42.joblib,f0238fa3eb6ea387d822a9cabb1ae6b69035b6d4dad03509988bcc4eef85ec99,journal/datasets/synthetic/e16_rule_cseed298581_windows_v2.npz,24d0dabf3c55389f6dd1cf5356e859cafaeb694ecb51fcff9c5b247392333f8c,46ab4d6da5db14fe5d4ec8bd2f65ecdb80d7992f9191dd6303b612409524e525,55,160,,2,balanced_subsample,42,340794,15.321,cpu
298581,rule,123,primary,rule_0p30_cseed298581,e17_v1,journal/models/generator_extension/rf_rule_0p30_cseed298581_e17_v1_seed123.joblib,6319219f0726d87510b60588f464021fd7b7e25b3e20fb7d401bf56996c50feb,journal/datasets/synthetic/e16_rule_cseed298581_windows_v2.npz,24d0dabf3c55389f6dd1cf5356e859cafaeb694ecb51fcff9c5b247392333f8c,081e20b4ed707d92de5caea5f6708b11c74ffcaec8610ebf3bea968bcc67955b,55,160,,2,balanced_subsample,123,340794,14.876,cpu
298581,rule,2026,primary,rule_0p30_cseed298581,e17_v1,journal/models/generator_extension/rf_rule_0p30_cseed298581_e17_v1_seed2026.joblib,6b4b81fc4f1932f68d7205771874f8197d50f71f257fe3d6ec5521fbbb3be23f,journal/datasets/synthetic/e16_rule_cseed298581_windows_v2.npz,24d0dabf3c55389f6dd1cf5356e859cafaeb694ecb51fcff9c5b247392333f8c,992ea737a2fca5e81baea99fffdad94553440f1b697b7652ad8f97f5141ab702,55,160,,2,balanced_subsample,2026,340794,15.125,cpu
298581,rule,3407,primary,rule_0p30_cseed298581,e17_v1,journal/models/generator_extension/rf_rule_0p30_cseed298581_e17_v1_seed3407.joblib,e3a0d798276e05db30d60b6fb501231b4dc6d8430db4711e19f695b52a06fec9,journal/datasets/synthetic/e16_rule_cseed298581_windows_v2.npz,24d0dabf3c55389f6dd1cf5356e859cafaeb694ecb51fcff9c5b247392333f8c,11ea0c24b0d711073308cf6e8ab502d726f0774e29126adc46cc6f602274dc4b,55,160,,2,balanced_subsample,3407,340794,15.155,cpu
298581,placebo,7,primary,placebo_0p30_cseed298581,e17_v1,journal/models/generator_extension/rf_placebo_0p30_cseed298581_e17_v1_seed7.joblib,1360aa8f4a01d0560b56d69ba3e04e466d9c25ed0661d38b83a11cc2c0626bb9,journal/datasets/synthetic/e16_placebo_cseed298581_windows_v2.npz,44b138c66f932ff1ef164e7d5cbdcdd03ad7749ce364215cc546cc84619c7375,aad7dad27a7ef6bf4a1aad97cc9320ef415fb9ccf774e5b05c3a37ffddf371c0,55,160,,2,balanced_subsample,7,340794,15.521,cpu
298581,placebo,42,primary,placebo_0p30_cseed298581,e17_v1,journal/models/generator_extension/rf_placebo_0p30_cseed298581_e17_v1_seed42.joblib,728fdde6f8febfefabc9e416b7876c9db5f8ff6048816d442c4cde8cbdd1947e,journal/datasets/synthetic/e16_placebo_cseed298581_windows_v2.npz,44b138c66f932ff1ef164e7d5cbdcdd03ad7749ce364215cc546cc84619c7375,46ab4d6da5db14fe5d4ec8bd2f65ecdb80d7992f9191dd6303b612409524e525,55,160,,2,balanced_subsample,42,340794,15.578,cpu
298581,placebo,123,primary,placebo_0p30_cseed298581,e17_v1,journal/models/generator_extension/rf_placebo_0p30_cseed298581_e17_v1_seed123.joblib,83bf5e6b471ec8b3462c4401d0bb26f99b588e6550363e046bb336807974d389,journal/datasets/synthetic/e16_placebo_cseed298581_windows_v2.npz,44b138c66f932ff1ef164e7d5cbdcdd03ad7749ce364215cc546cc84619c7375,081e20b4ed707d92de5caea5f6708b11c74ffcaec8610ebf3bea968bcc67955b,55,160,,2,balanced_subsample,123,340794,14.748,cpu
298581,placebo,2026,primary,placebo_0p30_cseed298581,e17_v1,journal/models/generator_extension/rf_placebo_0p30_cseed298581_e17_v1_seed2026.joblib,bf183626a8bee696d3b57525c6c76673a98e9d18ce6a091f55b31bad7b9c3f10,journal/datasets/synthetic/e16_placebo_cseed298581_windows_v2.npz,44b138c66f932ff1ef164e7d5cbdcdd03ad7749ce364215cc546cc84619c7375,992ea737a2fca5e81baea99fffdad94553440f1b697b7652ad8f97f5141ab702,55,160,,2,balanced_subsample,2026,340794,15.036,cpu
298581,placebo,3407,primary,placebo_0p30_cseed298581,e17_v1,journal/models/generator_extension/rf_placebo_0p30_cseed298581_e17_v1_seed3407.joblib,f8949a24e97e9508e53c4b0bbc5bb3aa795fca212662203805b7caddfbbf8127,journal/datasets/synthetic/e16_placebo_cseed298581_windows_v2.npz,44b138c66f932ff1ef164e7d5cbdcdd03ad7749ce364215cc546cc84619c7375,11ea0c24b0d711073308cf6e8ab502d726f0774e29126adc46cc6f602274dc4b,55,160,,2,balanced_subsample,3407,340794,16.607,cpu
922089,rule,7,primary,rule_0p30_cseed922089,e17_v1,journal/models/generator_extension/rf_rule_0p30_cseed922089_e17_v1_seed7.joblib,3f1aff87d3fc40c59fcbf47b02a3d1362a21658e75463d60978992c3e34d06e8,journal/datasets/synthetic/e16_rule_cseed922089_windows_v2.npz,e0c04b76ac99aeb1ed60dd91eb987a1dcac70996bff4f876c5c38934c930e5f3,8640282a78dbd35d9e2817f0f3a2a3ae9ef262d2e90742f467bc221fa3ca028b,55,160,,2,balanced_subsample,7,340794,16.299,cpu
922089,rule,42,primary,rule_0p30_cseed922089,e17_v1,journal/models/generator_extension/rf_rule_0p30_cseed922089_e17_v1_seed42.joblib,2b1f9a1f6dba44bab8812ad2c924074795dcc6975941fa26c8360bfd50a7c218,journal/datasets/synthetic/e16_rule_cseed922089_windows_v2.npz,e0c04b76ac99aeb1ed60dd91eb987a1dcac70996bff4f876c5c38934c930e5f3,bf6d174c9012653e694a77b92a62be1c572843321b92f1e54e0f73fd0b73a9d0,55,160,,2,balanced_subsample,42,340794,15.851,cpu
922089,rule,123,primary,rule_0p30_cseed922089,e17_v1,journal/models/generator_extension/rf_rule_0p30_cseed922089_e17_v1_seed123.joblib,680368f132cd946b23f3cf5bfca8f655047867bbdea17f1c1bf2b7a09c650cb8,journal/datasets/synthetic/e16_rule_cseed922089_windows_v2.npz,e0c04b76ac99aeb1ed60dd91eb987a1dcac70996bff4f876c5c38934c930e5f3,d87fe5b740ed776b92f6751d74a6b7dba7c1f1764a6c7456221b96555962449b,55,160,,2,balanced_subsample,123,340794,15.937,cpu
922089,rule,2026,primary,rule_0p30_cseed922089,e17_v1,journal/models/generator_extension/rf_rule_0p30_cseed922089_e17_v1_seed2026.joblib,90918159a035a9ce6cc93d1e968a9dd2d85633437e1ea24b3c82534f8ffbe02c,journal/datasets/synthetic/e16_rule_cseed922089_windows_v2.npz,e0c04b76ac99aeb1ed60dd91eb987a1dcac70996bff4f876c5c38934c930e5f3,1b3e9e44b76909869e93cf0643bee5570d95be8a7cea6696b201b7b378b7af60,55,160,,2,balanced_subsample,2026,340794,15.387,cpu
922089,rule,3407,primary,rule_0p30_cseed922089,e17_v1,journal/models/generator_extension/rf_rule_0p30_cseed922089_e17_v1_seed3407.joblib,e249768bb90d49207a7762671447a5ae0bd7673ffa19bc96eee63eb68c13a8aa,journal/datasets/synthetic/e16_rule_cseed922089_windows_v2.npz,e0c04b76ac99aeb1ed60dd91eb987a1dcac70996bff4f876c5c38934c930e5f3,89b247e1f42c692ef94e4df2f766c9c8db48f58638ed32e6e22f199cacebdef5,55,160,,2,balanced_subsample,3407,340794,15.188,cpu
922089,placebo,7,primary,placebo_0p30_cseed922089,e17_v1,journal/models/generator_extension/rf_placebo_0p30_cseed922089_e17_v1_seed7.joblib,855abeaa11d9988034298193b567ac0cf4dd14ef6a7890bb069c1e50c68cce99,journal/datasets/synthetic/e16_placebo_cseed922089_windows_v2.npz,dfe94284a591cdab0573645f3ccf6e90e049669f6a888f20ddfeb921fe7d3db5,8640282a78dbd35d9e2817f0f3a2a3ae9ef262d2e90742f467bc221fa3ca028b,55,160,,2,balanced_subsample,7,340794,15.517,cpu
922089,placebo,42,primary,placebo_0p30_cseed922089,e17_v1,journal/models/generator_extension/rf_placebo_0p30_cseed922089_e17_v1_seed42.joblib,c0046677186bb68851893091ae4addf46227b0a71b11c22cbf7500cd9335c1bf,journal/datasets/synthetic/e16_placebo_cseed922089_windows_v2.npz,dfe94284a591cdab0573645f3ccf6e90e049669f6a888f20ddfeb921fe7d3db5,bf6d174c9012653e694a77b92a62be1c572843321b92f1e54e0f73fd0b73a9d0,55,160,,2,balanced_subsample,42,340794,14.931,cpu
922089,placebo,123,primary,placebo_0p30_cseed922089,e17_v1,journal/models/generator_extension/rf_placebo_0p30_cseed922089_e17_v1_seed123.joblib,a7dec40d908b21994cef13b56bfc25a9e7443d04c8fb56e5c99c1d1b62d3fcf4,journal/datasets/synthetic/e16_placebo_cseed922089_windows_v2.npz,dfe94284a591cdab0573645f3ccf6e90e049669f6a888f20ddfeb921fe7d3db5,d87fe5b740ed776b92f6751d74a6b7dba7c1f1764a6c7456221b96555962449b,55,160,,2,balanced_subsample,123,340794,14.949,cpu
922089,placebo,2026,primary,placebo_0p30_cseed922089,e17_v1,journal/models/generator_extension/rf_placebo_0p30_cseed922089_e17_v1_seed2026.joblib,eab3f1d403cb3f812693977c1348602b82e9a55ec59a39eb7d4e03c762f40b27,journal/datasets/synthetic/e16_placebo_cseed922089_windows_v2.npz,dfe94284a591cdab0573645f3ccf6e90e049669f6a888f20ddfeb921fe7d3db5,1b3e9e44b76909869e93cf0643bee5570d95be8a7cea6696b201b7b378b7af60,55,160,,2,balanced_subsample,2026,340794,14.889,cpu
922089,placebo,3407,primary,placebo_0p30_cseed922089,e17_v1,journal/models/generator_extension/rf_placebo_0p30_cseed922089_e17_v1_seed3407.joblib,7c91a46d2cc3e2a84fe308dd732c93068a31f80209889608a53be123d83f08ad,journal/datasets/synthetic/e16_placebo_cseed922089_windows_v2.npz,dfe94284a591cdab0573645f3ccf6e90e049669f6a888f20ddfeb921fe7d3db5,89b247e1f42c692ef94e4df2f766c9c8db48f58638ed32e6e22f199cacebdef5,55,160,,2,balanced_subsample,3407,340794,15.063,cpu
864178,rule,7,primary,rule_0p30_cseed864178,e17_v1,journal/models/generator_extension/rf_rule_0p30_cseed864178_e17_v1_seed7.joblib,5a976eecbf896d8186c51ec58c6ee548dc1832162ab85ccef0e1903a54aaa810,journal/datasets/synthetic/e16_rule_cseed864178_windows_v2.npz,6f4476f5997fc245ec83b682d3098edf6229b3af9dab8324e100a02a95b6b77b,d686cd143749c034425e0f6cf27430624b7e07aa216d5e667b586f0bfdd1f3bb,55,160,,2,balanced_subsample,7,340794,15.075,cpu
864178,rule,42,primary,rule_0p30_cseed864178,e17_v1,journal/models/generator_extension/rf_rule_0p30_cseed864178_e17_v1_seed42.joblib,0bd0efe726d0dae82fc084259ce9f765ff88b64e0f65a857abf3535cef9b700f,journal/datasets/synthetic/e16_rule_cseed864178_windows_v2.npz,6f4476f5997fc245ec83b682d3098edf6229b3af9dab8324e100a02a95b6b77b,38852f66b26ef71a0d1a60a74350895f6ba6e24ccbeb13603837c104e57311b2,55,160,,2,balanced_subsample,42,340794,14.944,cpu
864178,rule,123,primary,rule_0p30_cseed864178,e17_v1,journal/models/generator_extension/rf_rule_0p30_cseed864178_e17_v1_seed123.joblib,c2edbb57e43833a8c020b24cebd3d95c049dff02eb1275b186e11087966ab661,journal/datasets/synthetic/e16_rule_cseed864178_windows_v2.npz,6f4476f5997fc245ec83b682d3098edf6229b3af9dab8324e100a02a95b6b77b,77898836e4456ff1e7dc7aecd9f59183d019cc01d9a878a927cd26995d8345d2,55,160,,2,balanced_subsample,123,340794,15.277,cpu
864178,rule,2026,primary,rule_0p30_cseed864178,e17_v1,journal/models/generator_extension/rf_rule_0p30_cseed864178_e17_v1_seed2026.joblib,399c1faf3ba658d1c9f2860aa2a76617043b0cf8ae6faa406dca19f0bcd2f8cd,journal/datasets/synthetic/e16_rule_cseed864178_windows_v2.npz,6f4476f5997fc245ec83b682d3098edf6229b3af9dab8324e100a02a95b6b77b,f3a14cf8e03e585f79e2a6ac5b6bb1b84dac7288e71065f6d6ce031f46cc586e,55,160,,2,balanced_subsample,2026,340794,15.266,cpu
864178,rule,3407,primary,rule_0p30_cseed864178,e17_v1,journal/models/generator_extension/rf_rule_0p30_cseed864178_e17_v1_seed3407.joblib,0ceea0132da8bedf79b1322507b7a3caccf3e35c9150b4472778c46681601519,journal/datasets/synthetic/e16_rule_cseed864178_windows_v2.npz,6f4476f5997fc245ec83b682d3098edf6229b3af9dab8324e100a02a95b6b77b,bdfc51729ec4e10517d98100b49ea48c7eeaf9ba42bf24abe67019034d808553,55,160,,2,balanced_subsample,3407,340794,15.139,cpu
864178,placebo,7,primary,placebo_0p30_cseed864178,e17_v1,journal/models/generator_extension/rf_placebo_0p30_cseed864178_e17_v1_seed7.joblib,8982076704a581d5a98a5b2bd155b00387ff97bbd160bb8a95a2009bf9fdb2ab,journal/datasets/synthetic/e16_placebo_cseed864178_windows_v2.npz,8cea1abded745f09687c91001dc5790a53caac88ba8efd548f794f01a627e82c,d686cd143749c034425e0f6cf27430624b7e07aa216d5e667b586f0bfdd1f3bb,55,160,,2,balanced_subsample,7,340794,14.985,cpu
864178,placebo,42,primary,placebo_0p30_cseed864178,e17_v1,journal/models/generator_extension/rf_placebo_0p30_cseed864178_e17_v1_seed42.joblib,8926ce45d50bb5d244c79b7205071406aa9cd43e619d354563c2c92150f521ce,journal/datasets/synthetic/e16_placebo_cseed864178_windows_v2.npz,8cea1abded745f09687c91001dc5790a53caac88ba8efd548f794f01a627e82c,38852f66b26ef71a0d1a60a74350895f6ba6e24ccbeb13603837c104e57311b2,55,160,,2,balanced_subsample,42,340794,15.0,cpu
864178,placebo,123,primary,placebo_0p30_cseed864178,e17_v1,journal/models/generator_extension/rf_placebo_0p30_cseed864178_e17_v1_seed123.joblib,6b9782ec97ec9e63bc7b192342a58d89765266b261041bfa055e55207006294a,journal/datasets/synthetic/e16_placebo_cseed864178_windows_v2.npz,8cea1abded745f09687c91001dc5790a53caac88ba8efd548f794f01a627e82c,77898836e4456ff1e7dc7aecd9f59183d019cc01d9a878a927cd26995d8345d2,55,160,,2,balanced_subsample,123,340794,14.884,cpu
864178,placebo,2026,primary,placebo_0p30_cseed864178,e17_v1,journal/models/generator_extension/rf_placebo_0p30_cseed864178_e17_v1_seed2026.joblib,28030d041e6957621b90fdf89d6e8b7f01174f5d065f6ad11d7912bcb258ed6c,journal/datasets/synthetic/e16_placebo_cseed864178_windows_v2.npz,8cea1abded745f09687c91001dc5790a53caac88ba8efd548f794f01a627e82c,f3a14cf8e03e585f79e2a6ac5b6bb1b84dac7288e71065f6d6ce031f46cc586e,55,160,,2,balanced_subsample,2026,340794,15.308,cpu
864178,placebo,3407,primary,placebo_0p30_cseed864178,e17_v1,journal/models/generator_extension/rf_placebo_0p30_cseed864178_e17_v1_seed3407.joblib,a1ec54ca17caa52a65d4289730fb356d6a9737d063dac01de584f910049605df,journal/datasets/synthetic/e16_placebo_cseed864178_windows_v2.npz,8cea1abded745f09687c91001dc5790a53caac88ba8efd548f794f01a627e82c,bdfc51729ec4e10517d98100b49ea48c7eeaf9ba42bf24abe67019034d808553,55,160,,2,balanced_subsample,3407,340794,14.982,cpu
583909,rule,7,primary,rule_0p30_cseed583909,e17_v1,journal/models/generator_extension/rf_rule_0p30_cseed583909_e17_v1_seed7.joblib,fcd87cf101f91cd71fae8dbd8e3086bd83f8443963a2857db39a3856c3004786,journal/datasets/synthetic/e16_rule_cseed583909_windows_v2.npz,9884092add87ccbcf076cdc545c08daace87e3ded31982cea53854b733f787bd,d1e912406a57419be93195cde085f469f2ca1638d18e122ea5218e3244f0cc6f,55,160,,2,balanced_subsample,7,340794,14.824,cpu
583909,rule,42,primary,rule_0p30_cseed583909,e17_v1,journal/models/generator_extension/rf_rule_0p30_cseed583909_e17_v1_seed42.joblib,6629684630dd3f83396398952d34fe89777492916fd999f168d1c2f6313106b5,journal/datasets/synthetic/e16_rule_cseed583909_windows_v2.npz,9884092add87ccbcf076cdc545c08daace87e3ded31982cea53854b733f787bd,466bdb1cf9a1be3e91d569130c751ae1af66355396969c9ae014e34dbe0a1fa9,55,160,,2,balanced_subsample,42,340794,15.365,cpu
583909,rule,123,primary,rule_0p30_cseed583909,e17_v1,journal/models/generator_extension/rf_rule_0p30_cseed583909_e17_v1_seed123.joblib,b01e8948f3901ac95e3131c066dfb27a9fb9ce705dd0636f74c169e4224dc3cc,journal/datasets/synthetic/e16_rule_cseed583909_windows_v2.npz,9884092add87ccbcf076cdc545c08daace87e3ded31982cea53854b733f787bd,94d74031ab7ff9fe6ecbbf7e016ead5c47eea533fba7447430663716614a15f1,55,160,,2,balanced_subsample,123,340794,15.486,cpu
583909,rule,2026,primary,rule_0p30_cseed583909,e17_v1,journal/models/generator_extension/rf_rule_0p30_cseed583909_e17_v1_seed2026.joblib,14f73bfed61237d6191cf08dcc0226f9a05427e6b128d27185c1f5610f869011,journal/datasets/synthetic/e16_rule_cseed583909_windows_v2.npz,9884092add87ccbcf076cdc545c08daace87e3ded31982cea53854b733f787bd,875e2f67d89ab587dff3cabd200a938e5f24d88d7b60f3c8a9f58eb1834d3584,55,160,,2,balanced_subsample,2026,340794,15.295,cpu
583909,rule,3407,primary,rule_0p30_cseed583909,e17_v1,journal/models/generator_extension/rf_rule_0p30_cseed583909_e17_v1_seed3407.joblib,6c3d56cb020433176c3a67ae9916e1408e22b1fedba1d55cabd51edfda3d1134,journal/datasets/synthetic/e16_rule_cseed583909_windows_v2.npz,9884092add87ccbcf076cdc545c08daace87e3ded31982cea53854b733f787bd,a00f3be1a4e29037d2c9ddae0a4003da37974b884ba97944b60056da7c0c902e,55,160,,2,balanced_subsample,3407,340794,14.953,cpu
583909,placebo,7,primary,placebo_0p30_cseed583909,e17_v1,journal/models/generator_extension/rf_placebo_0p30_cseed583909_e17_v1_seed7.joblib,4fd9fa72524a31da4d25e871c4f869c6010813b44f658ae766e49cf59418f2d2,journal/datasets/synthetic/e16_placebo_cseed583909_windows_v2.npz,4969456ac85bfb941f78351695564b21455e60a7996f1f75e4f07c29a7dc62c2,d1e912406a57419be93195cde085f469f2ca1638d18e122ea5218e3244f0cc6f,55,160,,2,balanced_subsample,7,340794,16.068,cpu
583909,placebo,42,primary,placebo_0p30_cseed583909,e17_v1,journal/models/generator_extension/rf_placebo_0p30_cseed583909_e17_v1_seed42.joblib,8f5719c57ba102d3f865169055416f26952e2b6ec6ee24f6c19d9c34ae6825f6,journal/datasets/synthetic/e16_placebo_cseed583909_windows_v2.npz,4969456ac85bfb941f78351695564b21455e60a7996f1f75e4f07c29a7dc62c2,466bdb1cf9a1be3e91d569130c751ae1af66355396969c9ae014e34dbe0a1fa9,55,160,,2,balanced_subsample,42,340794,16.351,cpu
583909,placebo,123,primary,placebo_0p30_cseed583909,e17_v1,journal/models/generator_extension/rf_placebo_0p30_cseed583909_e17_v1_seed123.joblib,c2c53fa0d68fc6e899d8cf5c8d88337f02bdd66695dc6587c9bc25a0d52d161e,journal/datasets/synthetic/e16_placebo_cseed583909_windows_v2.npz,4969456ac85bfb941f78351695564b21455e60a7996f1f75e4f07c29a7dc62c2,94d74031ab7ff9fe6ecbbf7e016ead5c47eea533fba7447430663716614a15f1,55,160,,2,balanced_subsample,123,340794,16.276,cpu
583909,placebo,2026,primary,placebo_0p30_cseed583909,e17_v1,journal/models/generator_extension/rf_placebo_0p30_cseed583909_e17_v1_seed2026.joblib,5506bbbd8c22ef7ca74012ac42e8c9209075fd0681bf0e756457f48fe82bc992,journal/datasets/synthetic/e16_placebo_cseed583909_windows_v2.npz,4969456ac85bfb941f78351695564b21455e60a7996f1f75e4f07c29a7dc62c2,875e2f67d89ab587dff3cabd200a938e5f24d88d7b60f3c8a9f58eb1834d3584,55,160,,2,balanced_subsample,2026,340794,16.057,cpu
583909,placebo,3407,primary,placebo_0p30_cseed583909,e17_v1,journal/models/generator_extension/rf_placebo_0p30_cseed583909_e17_v1_seed3407.joblib,d9ecbb994c2d0f2df4fc09ac93302715c8e64ccbbf17ca1f31dc4019889e25de,journal/datasets/synthetic/e16_placebo_cseed583909_windows_v2.npz,4969456ac85bfb941f78351695564b21455e60a7996f1f75e4f07c29a7dc62c2,a00f3be1a4e29037d2c9ddae0a4003da37974b884ba97944b60056da7c0c902e,55,160,,2,balanced_subsample,3407,340794,15.736,cpu
467232,rule,7,primary,rule_0p30_cseed467232,e17_v1,journal/models/generator_extension/rf_rule_0p30_cseed467232_e17_v1_seed7.joblib,f9d14180f39a7f359ca48f48b5d5f8408f7287c0c963832c024b1e8f5166ff3a,journal/datasets/synthetic/e16_rule_cseed467232_windows_v2.npz,f0e95c9951f1001f90df455a836ea5af9c3b2e974dc1ef3a33597f6237982c07,9d14e7cc646c6bdec29bfc76201017837b2f6b22c2a3427bdaa1d3e36da4cf80,55,160,,2,balanced_subsample,7,340794,15.163,cpu
467232,rule,42,primary,rule_0p30_cseed467232,e17_v1,journal/models/generator_extension/rf_rule_0p30_cseed467232_e17_v1_seed42.joblib,002ecc8167fe6e60533c667a29620a132934c0df4a48f1e907f1f33aa2e8d6b8,journal/datasets/synthetic/e16_rule_cseed467232_windows_v2.npz,f0e95c9951f1001f90df455a836ea5af9c3b2e974dc1ef3a33597f6237982c07,3b11fd0cd950a7d452038a9d753c39911eaf1af925113a0af2ac6cdd601fb131,55,160,,2,balanced_subsample,42,340794,15.436,cpu
467232,rule,123,primary,rule_0p30_cseed467232,e17_v1,journal/models/generator_extension/rf_rule_0p30_cseed467232_e17_v1_seed123.joblib,1d102fff8abe192a10f18646797f1b00b7e3618729583f44b156486496474cc2,journal/datasets/synthetic/e16_rule_cseed467232_windows_v2.npz,f0e95c9951f1001f90df455a836ea5af9c3b2e974dc1ef3a33597f6237982c07,40539243843f4d5d5b0551463f1cb9266dd595f32c1b5d99f4758ee03daa33fd,55,160,,2,balanced_subsample,123,340794,14.696,cpu
467232,rule,2026,primary,rule_0p30_cseed467232,e17_v1,journal/models/generator_extension/rf_rule_0p30_cseed467232_e17_v1_seed2026.joblib,66da6075a6352fa6f5e4764bcc13b428b051bdbae0344b6b5cad848b115159a7,journal/datasets/synthetic/e16_rule_cseed467232_windows_v2.npz,f0e95c9951f1001f90df455a836ea5af9c3b2e974dc1ef3a33597f6237982c07,8bc55497698643debe0dc0b7d1f7c9e06b29852147ca7e5c996dd833ad5c1c58,55,160,,2,balanced_subsample,2026,340794,15.043,cpu
467232,rule,3407,primary,rule_0p30_cseed467232,e17_v1,journal/models/generator_extension/rf_rule_0p30_cseed467232_e17_v1_seed3407.joblib,854def7fc7c5572a422b2633cf82b8ec03dd26a0b1391f84e4e675ab90849880,journal/datasets/synthetic/e16_rule_cseed467232_windows_v2.npz,f0e95c9951f1001f90df455a836ea5af9c3b2e974dc1ef3a33597f6237982c07,68917d3ad21aee6123e08f082b29bd90ba73c55441c3199149921fb70c5df933,55,160,,2,balanced_subsample,3407,340794,15.029,cpu
467232,placebo,7,primary,placebo_0p30_cseed467232,e17_v1,journal/models/generator_extension/rf_placebo_0p30_cseed467232_e17_v1_seed7.joblib,be37a8a8889690d62fad154b008e755ddc24c0bb30c9fe14592efb675ba26338,journal/datasets/synthetic/e16_placebo_cseed467232_windows_v2.npz,d38ead55d22bfa352a1123d93a00b9f44b8a2237e5bbbadcbb54a6d3791af8fe,9d14e7cc646c6bdec29bfc76201017837b2f6b22c2a3427bdaa1d3e36da4cf80,55,160,,2,balanced_subsample,7,340794,16.37,cpu
467232,placebo,42,primary,placebo_0p30_cseed467232,e17_v1,journal/models/generator_extension/rf_placebo_0p30_cseed467232_e17_v1_seed42.joblib,9e23b800a1d368fe8b36b2f9254cb040fd7d8e776c026107891cfbfb149d7113,journal/datasets/synthetic/e16_placebo_cseed467232_windows_v2.npz,d38ead55d22bfa352a1123d93a00b9f44b8a2237e5bbbadcbb54a6d3791af8fe,3b11fd0cd950a7d452038a9d753c39911eaf1af925113a0af2ac6cdd601fb131,55,160,,2,balanced_subsample,42,340794,16.381,cpu
467232,placebo,123,primary,placebo_0p30_cseed467232,e17_v1,journal/models/generator_extension/rf_placebo_0p30_cseed467232_e17_v1_seed123.joblib,5c1cd5043d61d9dec6c8e248c2cc32bbcf5634e5ac8912aea02f47697009404c,journal/datasets/synthetic/e16_placebo_cseed467232_windows_v2.npz,d38ead55d22bfa352a1123d93a00b9f44b8a2237e5bbbadcbb54a6d3791af8fe,40539243843f4d5d5b0551463f1cb9266dd595f32c1b5d99f4758ee03daa33fd,55,160,,2,balanced_subsample,123,340794,15.251,cpu
467232,placebo,2026,primary,placebo_0p30_cseed467232,e17_v1,journal/models/generator_extension/rf_placebo_0p30_cseed467232_e17_v1_seed2026.joblib,c7f30335c328873bb5b39ef26c4fd977dfe9f573882ba4631e3011c4a1f69135,journal/datasets/synthetic/e16_placebo_cseed467232_windows_v2.npz,d38ead55d22bfa352a1123d93a00b9f44b8a2237e5bbbadcbb54a6d3791af8fe,8bc55497698643debe0dc0b7d1f7c9e06b29852147ca7e5c996dd833ad5c1c58,55,160,,2,balanced_subsample,2026,340794,15.489,cpu
467232,placebo,3407,primary,placebo_0p30_cseed467232,e17_v1,journal/models/generator_extension/rf_placebo_0p30_cseed467232_e17_v1_seed3407.joblib,86c049bfedad54da8e9671e931be59a54cfc8715ab69d566d7ad76a5e5b4c947,journal/datasets/synthetic/e16_placebo_cseed467232_windows_v2.npz,d38ead55d22bfa352a1123d93a00b9f44b8a2237e5bbbadcbb54a6d3791af8fe,68917d3ad21aee6123e08f082b29bd90ba73c55441c3199149921fb70c5df933,55,160,,2,balanced_subsample,3407,340794,15.483,cpu
550427,rule,7,primary,rule_0p30_cseed550427,e17_v1,journal/models/generator_extension/rf_rule_0p30_cseed550427_e17_v1_seed7.joblib,2ee5395d114c9932e92967576ae37de8cf6bfaa9cd084dabaef9607330dda8ae,journal/datasets/synthetic/e16_rule_cseed550427_windows_v2.npz,1b141cc2ceba8e760d1d4fbdbee378106058f16b0d0fbe8bdb67f397c9633be6,26ea6a735aac4f015b92617925e44501493b702ba74a560599ee61552d9a0864,55,160,,2,balanced_subsample,7,340794,15.037,cpu
550427,rule,42,primary,rule_0p30_cseed550427,e17_v1,journal/models/generator_extension/rf_rule_0p30_cseed550427_e17_v1_seed42.joblib,c1c49375861d31673df48c6b57ec2b7d512f830d51b806bfbbd13c1a7a671533,journal/datasets/synthetic/e16_rule_cseed550427_windows_v2.npz,1b141cc2ceba8e760d1d4fbdbee378106058f16b0d0fbe8bdb67f397c9633be6,ed4922aeff9b6274f557662791e671765737048738f4814e7cbfb13f74544d5b,55,160,,2,balanced_subsample,42,340794,14.863,cpu
550427,rule,123,primary,rule_0p30_cseed550427,e17_v1,journal/models/generator_extension/rf_rule_0p30_cseed550427_e17_v1_seed123.joblib,e07d1b94dc9590e67b502564c4dc4059a05d252fae82b5792d6632dceca10f5a,journal/datasets/synthetic/e16_rule_cseed550427_windows_v2.npz,1b141cc2ceba8e760d1d4fbdbee378106058f16b0d0fbe8bdb67f397c9633be6,d75876938d13de4b0be8f5f762ac5fd09fca1556de6d3b4f2dbce598f6feff4d,55,160,,2,balanced_subsample,123,340794,14.971,cpu
550427,rule,2026,primary,rule_0p30_cseed550427,e17_v1,journal/models/generator_extension/rf_rule_0p30_cseed550427_e17_v1_seed2026.joblib,0adfd0b996319b727ca9ca07e54f9a28c11afd5d6cc364c45dae481a60f24360,journal/datasets/synthetic/e16_rule_cseed550427_windows_v2.npz,1b141cc2ceba8e760d1d4fbdbee378106058f16b0d0fbe8bdb67f397c9633be6,28140dce0d9174fb699d8033195111af378f23a49e14ce0074ae17ba8bcff291,55,160,,2,balanced_subsample,2026,340794,14.802,cpu
550427,rule,3407,primary,rule_0p30_cseed550427,e17_v1,journal/models/generator_extension/rf_rule_0p30_cseed550427_e17_v1_seed3407.joblib,30b4d457d9c31bee5c2d4a3040d7a6195f43a718812881e1436bb3fea1ab4706,journal/datasets/synthetic/e16_rule_cseed550427_windows_v2.npz,1b141cc2ceba8e760d1d4fbdbee378106058f16b0d0fbe8bdb67f397c9633be6,1ac3f68927b85203c0a379d16ab95501008a33fc846247c7dda9b9b90e78c409,55,160,,2,balanced_subsample,3407,340794,14.599,cpu
550427,placebo,7,primary,placebo_0p30_cseed550427,e17_v1,journal/models/generator_extension/rf_placebo_0p30_cseed550427_e17_v1_seed7.joblib,b293c506a20063f1fefa2ccf8efc1e03df63c0612bfecdc7fd0a3976a30e9068,journal/datasets/synthetic/e16_placebo_cseed550427_windows_v2.npz,41697a3bc2f3980e7ec1cbb59728832d639dea761551ecfb96fd7905b50687cd,26ea6a735aac4f015b92617925e44501493b702ba74a560599ee61552d9a0864,55,160,,2,balanced_subsample,7,340794,14.64,cpu
550427,placebo,42,primary,placebo_0p30_cseed550427,e17_v1,journal/models/generator_extension/rf_placebo_0p30_cseed550427_e17_v1_seed42.joblib,10bfdff6e8c13ecf98fb022c87fbb50d3d84bef1426ed6a280a8d007f449dde3,journal/datasets/synthetic/e16_placebo_cseed550427_windows_v2.npz,41697a3bc2f3980e7ec1cbb59728832d639dea761551ecfb96fd7905b50687cd,ed4922aeff9b6274f557662791e671765737048738f4814e7cbfb13f74544d5b,55,160,,2,balanced_subsample,42,340794,14.902,cpu
550427,placebo,123,primary,placebo_0p30_cseed550427,e17_v1,journal/models/generator_extension/rf_placebo_0p30_cseed550427_e17_v1_seed123.joblib,fb9e9e4c4ed9b2176cbdec36a6a21f0b127c94bd1c4eec21fb652d7e5ea0d68a,journal/datasets/synthetic/e16_placebo_cseed550427_windows_v2.npz,41697a3bc2f3980e7ec1cbb59728832d639dea761551ecfb96fd7905b50687cd,d75876938d13de4b0be8f5f762ac5fd09fca1556de6d3b4f2dbce598f6feff4d,55,160,,2,balanced_subsample,123,340794,14.736,cpu
550427,placebo,2026,primary,placebo_0p30_cseed550427,e17_v1,journal/models/generator_extension/rf_placebo_0p30_cseed550427_e17_v1_seed2026.joblib,6451ca7e72ba11c7c0f45cef4849366a244843baea97e1909a7fd4ac3800183c,journal/datasets/synthetic/e16_placebo_cseed550427_windows_v2.npz,41697a3bc2f3980e7ec1cbb59728832d639dea761551ecfb96fd7905b50687cd,28140dce0d9174fb699d8033195111af378f23a49e14ce0074ae17ba8bcff291,55,160,,2,balanced_subsample,2026,340794,14.732,cpu
550427,placebo,3407,primary,placebo_0p30_cseed550427,e17_v1,journal/models/generator_extension/rf_placebo_0p30_cseed550427_e17_v1_seed3407.joblib,13ea998793120ab6b70f5c7ec52c628d3e23421e66c4d2faa25acb3f7b112399,journal/datasets/synthetic/e16_placebo_cseed550427_windows_v2.npz,41697a3bc2f3980e7ec1cbb59728832d639dea761551ecfb96fd7905b50687cd,1ac3f68927b85203c0a379d16ab95501008a33fc846247c7dda9b9b90e78c409,55,160,,2,balanced_subsample,3407,340794,14.542,cpu
485791,rule,7,primary,rule_0p30_cseed485791,e17_v1,journal/models/generator_extension/rf_rule_0p30_cseed485791_e17_v1_seed7.joblib,2f776e77f91f316f90eeb9e59211a75cbf53afa358e2f8c8c4b2874a8240e075,journal/datasets/synthetic/e16_rule_cseed485791_windows_v2.npz,ace81cf36722c83b8bf19b310807cc91f08c9483dd0ee9bf5fe1742b7f14757a,928808cdc34497b917aa9e2747dd9281c059cd04c05808bdd80bf1c39e59deb5,55,160,,2,balanced_subsample,7,340794,14.713,cpu
485791,rule,42,primary,rule_0p30_cseed485791,e17_v1,journal/models/generator_extension/rf_rule_0p30_cseed485791_e17_v1_seed42.joblib,ee885752f3b11cbb80cc92a30848aa44ba1964fc1e7537d9844c85db141cd396,journal/datasets/synthetic/e16_rule_cseed485791_windows_v2.npz,ace81cf36722c83b8bf19b310807cc91f08c9483dd0ee9bf5fe1742b7f14757a,fa1a4a35656e76493bdd50138edda96c6dab626fbfa8f8cc8ef2acfb60bd2a6d,55,160,,2,balanced_subsample,42,340794,14.489,cpu
485791,rule,123,primary,rule_0p30_cseed485791,e17_v1,journal/models/generator_extension/rf_rule_0p30_cseed485791_e17_v1_seed123.joblib,a7cfc20c4a00919f35e3ea20b0831c8d945e66917d3e429c8f098bfe7ff39b00,journal/datasets/synthetic/e16_rule_cseed485791_windows_v2.npz,ace81cf36722c83b8bf19b310807cc91f08c9483dd0ee9bf5fe1742b7f14757a,cb4a3ecd9b1c6da8bc095dc18bbca2dbeb7d2c7a12917a2637908d75717e3a2b,55,160,,2,balanced_subsample,123,340794,14.799,cpu
485791,rule,2026,primary,rule_0p30_cseed485791,e17_v1,journal/models/generator_extension/rf_rule_0p30_cseed485791_e17_v1_seed2026.joblib,650a50d68e3c50398b66e1b0f9e0f8b63f0741bbade949d0c0f0e77e88fe0913,journal/datasets/synthetic/e16_rule_cseed485791_windows_v2.npz,ace81cf36722c83b8bf19b310807cc91f08c9483dd0ee9bf5fe1742b7f14757a,938441e7e4b285e3ea1224dcbb32cefc2d038f22f3a2288ecb3d3744519cc79f,55,160,,2,balanced_subsample,2026,340794,14.518,cpu
485791,rule,3407,primary,rule_0p30_cseed485791,e17_v1,journal/models/generator_extension/rf_rule_0p30_cseed485791_e17_v1_seed3407.joblib,316eb6ba59ae9d2d456c3332177978ced34626ce12da790084e5db2a88638719,journal/datasets/synthetic/e16_rule_cseed485791_windows_v2.npz,ace81cf36722c83b8bf19b310807cc91f08c9483dd0ee9bf5fe1742b7f14757a,e4dd8152683608320d5b5f087d7557b3ba31cca41ec7fa044b5f7b22b3c9d44c,55,160,,2,balanced_subsample,3407,340794,14.739,cpu
485791,placebo,7,primary,placebo_0p30_cseed485791,e17_v1,journal/models/generator_extension/rf_placebo_0p30_cseed485791_e17_v1_seed7.joblib,4056f6b6d9719ac711ba427ab17e08bcff72f878d8e21d25d4542c2b7170e201,journal/datasets/synthetic/e16_placebo_cseed485791_windows_v2.npz,9e24dfcc1b01e49be67501d22e32fe71f795970266e64808a9814afcff46f90c,928808cdc34497b917aa9e2747dd9281c059cd04c05808bdd80bf1c39e59deb5,55,160,,2,balanced_subsample,7,340794,14.677,cpu
485791,placebo,42,primary,placebo_0p30_cseed485791,e17_v1,journal/models/generator_extension/rf_placebo_0p30_cseed485791_e17_v1_seed42.joblib,95b5d311532ac770b88dddf8b9b707c8e0b63a985eb5a5fed87642e7494750d1,journal/datasets/synthetic/e16_placebo_cseed485791_windows_v2.npz,9e24dfcc1b01e49be67501d22e32fe71f795970266e64808a9814afcff46f90c,fa1a4a35656e76493bdd50138edda96c6dab626fbfa8f8cc8ef2acfb60bd2a6d,55,160,,2,balanced_subsample,42,340794,14.78,cpu
485791,placebo,123,primary,placebo_0p30_cseed485791,e17_v1,journal/models/generator_extension/rf_placebo_0p30_cseed485791_e17_v1_seed123.joblib,8085b6c86cbe663994fe279c391652292d6b3ccd680611d54f42eeb2c03c131d,journal/datasets/synthetic/e16_placebo_cseed485791_windows_v2.npz,9e24dfcc1b01e49be67501d22e32fe71f795970266e64808a9814afcff46f90c,cb4a3ecd9b1c6da8bc095dc18bbca2dbeb7d2c7a12917a2637908d75717e3a2b,55,160,,2,balanced_subsample,123,340794,14.843,cpu
485791,placebo,2026,primary,placebo_0p30_cseed485791,e17_v1,journal/models/generator_extension/rf_placebo_0p30_cseed485791_e17_v1_seed2026.joblib,b3333463699c37ea1e30c9047ac91bb151d0c41518818233aaf5e47c1f8c7124,journal/datasets/synthetic/e16_placebo_cseed485791_windows_v2.npz,9e24dfcc1b01e49be67501d22e32fe71f795970266e64808a9814afcff46f90c,938441e7e4b285e3ea1224dcbb32cefc2d038f22f3a2288ecb3d3744519cc79f,55,160,,2,balanced_subsample,2026,340794,14.909,cpu
485791,placebo,3407,primary,placebo_0p30_cseed485791,e17_v1,journal/models/generator_extension/rf_placebo_0p30_cseed485791_e17_v1_seed3407.joblib,4cf8c28ed39230d143284348f87b0c5ee162d1747e1472557a9ed72c233e7566,journal/datasets/synthetic/e16_placebo_cseed485791_windows_v2.npz,9e24dfcc1b01e49be67501d22e32fe71f795970266e64808a9814afcff46f90c,e4dd8152683608320d5b5f087d7557b3ba31cca41ec7fa044b5f7b22b3c9d44c,55,160,,2,balanced_subsample,3407,340794,14.791,cpu
820632,rule,7,primary,rule_0p30_cseed820632,e17_v1,journal/models/generator_extension/rf_rule_0p30_cseed820632_e17_v1_seed7.joblib,b3da77fd0951a9d006760e60877ff8bffaa58d71191153fcff96a25d94278f9d,journal/datasets/synthetic/e16_rule_cseed820632_windows_v2.npz,f9a51b4e410ae7d49796ad8e392db345dbad001379a0ea84f18ccc3a69c99350,9d03a5f01fafe7a90cc84650daff525a0966611aa42e729c7ff2eca8886817c2,55,160,,2,balanced_subsample,7,340794,14.522,cpu
820632,rule,42,primary,rule_0p30_cseed820632,e17_v1,journal/models/generator_extension/rf_rule_0p30_cseed820632_e17_v1_seed42.joblib,2633377a7bad50cccf871b236baebf304ad82578e53b21f5bef52536a0f8e345,journal/datasets/synthetic/e16_rule_cseed820632_windows_v2.npz,f9a51b4e410ae7d49796ad8e392db345dbad001379a0ea84f18ccc3a69c99350,d1c370b7fad43be673eff48de787394152790644fa786e46c9a21e6845438e0b,55,160,,2,balanced_subsample,42,340794,14.876,cpu
820632,rule,123,primary,rule_0p30_cseed820632,e17_v1,journal/models/generator_extension/rf_rule_0p30_cseed820632_e17_v1_seed123.joblib,6e9e886ce624eb32387a33afe586c4c24fb106ea55946d0dfec2c390fa37aca8,journal/datasets/synthetic/e16_rule_cseed820632_windows_v2.npz,f9a51b4e410ae7d49796ad8e392db345dbad001379a0ea84f18ccc3a69c99350,2cb580ed97f0c8ca7d072ff8025982a13a925d4b65d82a870fb5b961641356ee,55,160,,2,balanced_subsample,123,340794,14.617,cpu
820632,rule,2026,primary,rule_0p30_cseed820632,e17_v1,journal/models/generator_extension/rf_rule_0p30_cseed820632_e17_v1_seed2026.joblib,7df612476e33d7cc761382f015a107a7f102f65fc408c74f40cf7d4d542ee2d4,journal/datasets/synthetic/e16_rule_cseed820632_windows_v2.npz,f9a51b4e410ae7d49796ad8e392db345dbad001379a0ea84f18ccc3a69c99350,649cf1321bfd8162ee068d5ce65e7d98320351808eeeb6b66cc229adc7f8d97a,55,160,,2,balanced_subsample,2026,340794,14.683,cpu
820632,rule,3407,primary,rule_0p30_cseed820632,e17_v1,journal/models/generator_extension/rf_rule_0p30_cseed820632_e17_v1_seed3407.joblib,4fd85a486d0c1ea7a7f92fa692bc9d5d807f062aeaf5c45c7e108f5a75e5ed17,journal/datasets/synthetic/e16_rule_cseed820632_windows_v2.npz,f9a51b4e410ae7d49796ad8e392db345dbad001379a0ea84f18ccc3a69c99350,ba1a850e0f1089699dea1d754b2523d2ba8a2347be4fac95ad5af089c0229a4d,55,160,,2,balanced_subsample,3407,340794,14.422,cpu
820632,placebo,7,primary,placebo_0p30_cseed820632,e17_v1,journal/models/generator_extension/rf_placebo_0p30_cseed820632_e17_v1_seed7.joblib,fd9e29b89719141ebeb86db9ecb16dc6df542c2bf074886a1ba5568cfea9f196,journal/datasets/synthetic/e16_placebo_cseed820632_windows_v2.npz,f8bee2b67e4b267966a5cc7beb8793634de370ba097c52c438de381b67a1ed93,9d03a5f01fafe7a90cc84650daff525a0966611aa42e729c7ff2eca8886817c2,55,160,,2,balanced_subsample,7,340794,14.98,cpu
820632,placebo,42,primary,placebo_0p30_cseed820632,e17_v1,journal/models/generator_extension/rf_placebo_0p30_cseed820632_e17_v1_seed42.joblib,c481b94476661275295ae4dbb594b6827bec1063ccde4691e4c240df456287dc,journal/datasets/synthetic/e16_placebo_cseed820632_windows_v2.npz,f8bee2b67e4b267966a5cc7beb8793634de370ba097c52c438de381b67a1ed93,d1c370b7fad43be673eff48de787394152790644fa786e46c9a21e6845438e0b,55,160,,2,balanced_subsample,42,340794,14.854,cpu
820632,placebo,123,primary,placebo_0p30_cseed820632,e17_v1,journal/models/generator_extension/rf_placebo_0p30_cseed820632_e17_v1_seed123.joblib,f83e8f46b7fb857569bfe3779310234f61cf19cd5b0d9e08bc589908b9ce37a2,journal/datasets/synthetic/e16_placebo_cseed820632_windows_v2.npz,f8bee2b67e4b267966a5cc7beb8793634de370ba097c52c438de381b67a1ed93,2cb580ed97f0c8ca7d072ff8025982a13a925d4b65d82a870fb5b961641356ee,55,160,,2,balanced_subsample,123,340794,15.009,cpu
820632,placebo,2026,primary,placebo_0p30_cseed820632,e17_v1,journal/models/generator_extension/rf_placebo_0p30_cseed820632_e17_v1_seed2026.joblib,a09207768db72b8aae2dc18f2810ec66512e4ecd6bc7135fd2f57258bc030a39,journal/datasets/synthetic/e16_placebo_cseed820632_windows_v2.npz,f8bee2b67e4b267966a5cc7beb8793634de370ba097c52c438de381b67a1ed93,649cf1321bfd8162ee068d5ce65e7d98320351808eeeb6b66cc229adc7f8d97a,55,160,,2,balanced_subsample,2026,340794,14.806,cpu
820632,placebo,3407,primary,placebo_0p30_cseed820632,e17_v1,journal/models/generator_extension/rf_placebo_0p30_cseed820632_e17_v1_seed3407.joblib,0188e757d3edb1c35758d2129458c02c379a861aeeff30230bb53b75967c4e44,journal/datasets/synthetic/e16_placebo_cseed820632_windows_v2.npz,f8bee2b67e4b267966a5cc7beb8793634de370ba097c52c438de381b67a1ed93,ba1a850e0f1089699dea1d754b2523d2ba8a2347be4fac95ad5af089c0229a4d,55,160,,2,balanced_subsample,3407,340794,14.53,cpu
837943,rule,7,primary,rule_0p30_cseed837943,e17_v1,journal/models/generator_extension/rf_rule_0p30_cseed837943_e17_v1_seed7.joblib,ebdfbfe08cededc09dea375b2fdbdab162e3e29c00e0ebab59438afd1e972961,journal/datasets/synthetic/e16_rule_cseed837943_windows_v2.npz,18451a681d322af7037fb7ef4d8f17c48a664810e4103721b5ca6eff1cf99e03,7ba6ae5314cae46f0d1de9b5f8f1d0cce5e9fc2f1dffe98879b8140657180f1d,55,160,,2,balanced_subsample,7,340794,14.384,cpu
837943,rule,42,primary,rule_0p30_cseed837943,e17_v1,journal/models/generator_extension/rf_rule_0p30_cseed837943_e17_v1_seed42.joblib,06183f464a57bdaaee85c5dc71d091ace97e701eb60a6cf6680083cb410d400d,journal/datasets/synthetic/e16_rule_cseed837943_windows_v2.npz,18451a681d322af7037fb7ef4d8f17c48a664810e4103721b5ca6eff1cf99e03,7c79904e0817e27d5f7f3a7e18310fa73ddfd500d191bb55a7cf78d923c0bb14,55,160,,2,balanced_subsample,42,340794,14.898,cpu
837943,rule,123,primary,rule_0p30_cseed837943,e17_v1,journal/models/generator_extension/rf_rule_0p30_cseed837943_e17_v1_seed123.joblib,7e0c766c90e3c89c685c6755a4e7a66abca632128b59ff42a31ac904fc3f8f62,journal/datasets/synthetic/e16_rule_cseed837943_windows_v2.npz,18451a681d322af7037fb7ef4d8f17c48a664810e4103721b5ca6eff1cf99e03,b7e72c5e11a9a000d935c8c13cdba97998d43eb4cab817a6d438281772cd0fa2,55,160,,2,balanced_subsample,123,340794,14.642,cpu
837943,rule,2026,primary,rule_0p30_cseed837943,e17_v1,journal/models/generator_extension/rf_rule_0p30_cseed837943_e17_v1_seed2026.joblib,333fc24c0a1f3a468b7802a71cb248068907c8633898dbdee8d9c6801c883ba2,journal/datasets/synthetic/e16_rule_cseed837943_windows_v2.npz,18451a681d322af7037fb7ef4d8f17c48a664810e4103721b5ca6eff1cf99e03,aaf94c82304aa6cf99b534e639698d69f4688c88db0c13858efa4200dfd4d7fd,55,160,,2,balanced_subsample,2026,340794,14.423,cpu
837943,rule,3407,primary,rule_0p30_cseed837943,e17_v1,journal/models/generator_extension/rf_rule_0p30_cseed837943_e17_v1_seed3407.joblib,06d1903796ba21d7c7a57ec36bc8a537543d47cc408235f255d38533f41f9822,journal/datasets/synthetic/e16_rule_cseed837943_windows_v2.npz,18451a681d322af7037fb7ef4d8f17c48a664810e4103721b5ca6eff1cf99e03,965e806a76e4ed33eb29fe384e646c8ca3c1772359d5413f3cf0bc6d7efde633,55,160,,2,balanced_subsample,3407,340794,14.937,cpu
837943,placebo,7,primary,placebo_0p30_cseed837943,e17_v1,journal/models/generator_extension/rf_placebo_0p30_cseed837943_e17_v1_seed7.joblib,aa31927c938839cbc57df98c0e1de71b77b911fd2f36bf4af4be4feea0fb780a,journal/datasets/synthetic/e16_placebo_cseed837943_windows_v2.npz,2580a473a53ace1fa2a16c84f29f7facc8ee808d6813d44563716aa04ff31347,7ba6ae5314cae46f0d1de9b5f8f1d0cce5e9fc2f1dffe98879b8140657180f1d,55,160,,2,balanced_subsample,7,340794,14.538,cpu
837943,placebo,42,primary,placebo_0p30_cseed837943,e17_v1,journal/models/generator_extension/rf_placebo_0p30_cseed837943_e17_v1_seed42.joblib,a5dc866571b2c2356198b51891091710168bdfaf1ac91672fed8007414ca5c2e,journal/datasets/synthetic/e16_placebo_cseed837943_windows_v2.npz,2580a473a53ace1fa2a16c84f29f7facc8ee808d6813d44563716aa04ff31347,7c79904e0817e27d5f7f3a7e18310fa73ddfd500d191bb55a7cf78d923c0bb14,55,160,,2,balanced_subsample,42,340794,14.654,cpu
837943,placebo,123,primary,placebo_0p30_cseed837943,e17_v1,journal/models/generator_extension/rf_placebo_0p30_cseed837943_e17_v1_seed123.joblib,59c18a59025cff55ef0da8e7ed4c28900b598d7b7e924db157104d2a97c9b9a6,journal/datasets/synthetic/e16_placebo_cseed837943_windows_v2.npz,2580a473a53ace1fa2a16c84f29f7facc8ee808d6813d44563716aa04ff31347,b7e72c5e11a9a000d935c8c13cdba97998d43eb4cab817a6d438281772cd0fa2,55,160,,2,balanced_subsample,123,340794,14.948,cpu
837943,placebo,2026,primary,placebo_0p30_cseed837943,e17_v1,journal/models/generator_extension/rf_placebo_0p30_cseed837943_e17_v1_seed2026.joblib,c2d93f561cff1f87811c773176d1c25a8b2c6c84fc44700fa4c5e1091a1279d4,journal/datasets/synthetic/e16_placebo_cseed837943_windows_v2.npz,2580a473a53ace1fa2a16c84f29f7facc8ee808d6813d44563716aa04ff31347,aaf94c82304aa6cf99b534e639698d69f4688c88db0c13858efa4200dfd4d7fd,55,160,,2,balanced_subsample,2026,340794,14.194,cpu
837943,placebo,3407,primary,placebo_0p30_cseed837943,e17_v1,journal/models/generator_extension/rf_placebo_0p30_cseed837943_e17_v1_seed3407.joblib,dccda132c0cd30d954ed4602fabea234d28e3197f7eb1bf073290e91c4fbfeac,journal/datasets/synthetic/e16_placebo_cseed837943_windows_v2.npz,2580a473a53ace1fa2a16c84f29f7facc8ee808d6813d44563716aa04ff31347,965e806a76e4ed33eb29fe384e646c8ca3c1772359d5413f3cf0bc6d7efde633,55,160,,2,balanced_subsample,3407,340794,14.9,cpu
222537,rule,7,primary,rule_0p30_cseed222537,e17_v1,journal/models/generator_extension/rf_rule_0p30_cseed222537_e17_v1_seed7.joblib,ff841838b24eb91a8a977bb14f9bd044b24a9782af4cb0425aac3cb0b7aeb319,journal/datasets/synthetic/e16_rule_cseed222537_windows_v2.npz,178f96d645270c22e1acf81c03fbd49fb050ff3d5bd6b244315bda88601ff00f,a508347d13f05f86d13baa68d90fd22b04edfb04f804d0293ea1d939f295a49d,55,160,,2,balanced_subsample,7,340794,14.837,cpu
222537,rule,42,primary,rule_0p30_cseed222537,e17_v1,journal/models/generator_extension/rf_rule_0p30_cseed222537_e17_v1_seed42.joblib,f303af18d2cc5c6db9d5a1d3dc5ee3ef84b203f5faa13bb7a58dfbf3f1211a68,journal/datasets/synthetic/e16_rule_cseed222537_windows_v2.npz,178f96d645270c22e1acf81c03fbd49fb050ff3d5bd6b244315bda88601ff00f,eaff931143db3cd90af84970279d45838f3102fb6e4e92aaf4386048d3a3565c,55,160,,2,balanced_subsample,42,340794,14.625,cpu
222537,rule,123,primary,rule_0p30_cseed222537,e17_v1,journal/models/generator_extension/rf_rule_0p30_cseed222537_e17_v1_seed123.joblib,87d596d8012211e5711a5d3f3b1fb06b4be0b0d3972b8532b43cc99b02673d70,journal/datasets/synthetic/e16_rule_cseed222537_windows_v2.npz,178f96d645270c22e1acf81c03fbd49fb050ff3d5bd6b244315bda88601ff00f,3ef019bf781efb252a5fa36d5998d4b6c3f855ada9804d9ad64b6437e3ff3c7b,55,160,,2,balanced_subsample,123,340794,15.009,cpu
222537,rule,2026,primary,rule_0p30_cseed222537,e17_v1,journal/models/generator_extension/rf_rule_0p30_cseed222537_e17_v1_seed2026.joblib,a19c01cafc22d37736cedd23839c12563d0054f38563878d925582be70e69ca5,journal/datasets/synthetic/e16_rule_cseed222537_windows_v2.npz,178f96d645270c22e1acf81c03fbd49fb050ff3d5bd6b244315bda88601ff00f,cdefd66011e8a239d3564d6ad146a9641b6ae86894e95eb0f2ecc856c5c90498,55,160,,2,balanced_subsample,2026,340794,14.606,cpu
222537,rule,3407,primary,rule_0p30_cseed222537,e17_v1,journal/models/generator_extension/rf_rule_0p30_cseed222537_e17_v1_seed3407.joblib,0bae8a08a006c4fd942f5da59ad6451e3b367f3f44faf1eb4468db0f26389523,journal/datasets/synthetic/e16_rule_cseed222537_windows_v2.npz,178f96d645270c22e1acf81c03fbd49fb050ff3d5bd6b244315bda88601ff00f,1b0389e05ad529f8859d2f34f7fa6d7a3b9a568c06bafd5a8671f4dfa4d0ce1f,55,160,,2,balanced_subsample,3407,340794,14.859,cpu
222537,placebo,7,primary,placebo_0p30_cseed222537,e17_v1,journal/models/generator_extension/rf_placebo_0p30_cseed222537_e17_v1_seed7.joblib,593031ff21aa78ebabad05d8321a7f79c14ffc9bf8b9d7f4d8efa56c5cc66979,journal/datasets/synthetic/e16_placebo_cseed222537_windows_v2.npz,ad737f15216789cafc4bfeb191829de07ee746585c6963e75581305fb5ad469b,a508347d13f05f86d13baa68d90fd22b04edfb04f804d0293ea1d939f295a49d,55,160,,2,balanced_subsample,7,340794,15.181,cpu
222537,placebo,42,primary,placebo_0p30_cseed222537,e17_v1,journal/models/generator_extension/rf_placebo_0p30_cseed222537_e17_v1_seed42.joblib,12a74312535d84a4fa7c7f193566284732aa8e4215f6b88b1988f205a7584b1a,journal/datasets/synthetic/e16_placebo_cseed222537_windows_v2.npz,ad737f15216789cafc4bfeb191829de07ee746585c6963e75581305fb5ad469b,eaff931143db3cd90af84970279d45838f3102fb6e4e92aaf4386048d3a3565c,55,160,,2,balanced_subsample,42,340794,14.985,cpu
222537,placebo,123,primary,placebo_0p30_cseed222537,e17_v1,journal/models/generator_extension/rf_placebo_0p30_cseed222537_e17_v1_seed123.joblib,a9b5b71d19b49beaed1b9035c3d5f469ba2b04edd4443fcd2225e0473bd541b4,journal/datasets/synthetic/e16_placebo_cseed222537_windows_v2.npz,ad737f15216789cafc4bfeb191829de07ee746585c6963e75581305fb5ad469b,3ef019bf781efb252a5fa36d5998d4b6c3f855ada9804d9ad64b6437e3ff3c7b,55,160,,2,balanced_subsample,123,340794,15.214,cpu
222537,placebo,2026,primary,placebo_0p30_cseed222537,e17_v1,journal/models/generator_extension/rf_placebo_0p30_cseed222537_e17_v1_seed2026.joblib,3d8f1a1b04919e892477fba642578f231a9b35ed1e2ae6d596535ec1e0d8e887,journal/datasets/synthetic/e16_placebo_cseed222537_windows_v2.npz,ad737f15216789cafc4bfeb191829de07ee746585c6963e75581305fb5ad469b,cdefd66011e8a239d3564d6ad146a9641b6ae86894e95eb0f2ecc856c5c90498,55,160,,2,balanced_subsample,2026,340794,14.505,cpu
222537,placebo,3407,primary,placebo_0p30_cseed222537,e17_v1,journal/models/generator_extension/rf_placebo_0p30_cseed222537_e17_v1_seed3407.joblib,03e25539481c06603e19d82dd3c6b6d29423a633c8dabe2872ab32075922b868,journal/datasets/synthetic/e16_placebo_cseed222537_windows_v2.npz,ad737f15216789cafc4bfeb191829de07ee746585c6963e75581305fb5ad469b,1b0389e05ad529f8859d2f34f7fa6d7a3b9a568c06bafd5a8671f4dfa4d0ce1f,55,160,,2,balanced_subsample,3407,340794,14.674,cpu
685012,rule,7,primary,rule_0p30_cseed685012,e17_v1,journal/models/generator_extension/rf_rule_0p30_cseed685012_e17_v1_seed7.joblib,c8a65e8a57211e89e579e4eafb14d3483ea6119972ba2ad217d92b1d87030eed,journal/datasets/synthetic/e16_rule_cseed685012_windows_v2.npz,85df1698e362d2d41e875d62eb1eefb1244ac007be8cf14ce5532db688988b90,efa956a3ba88eaadc1ab20a9a91b9d934ff26326d25661a32a9bd3054931d1c1,55,160,,2,balanced_subsample,7,340794,14.75,cpu
685012,rule,42,primary,rule_0p30_cseed685012,e17_v1,journal/models/generator_extension/rf_rule_0p30_cseed685012_e17_v1_seed42.joblib,790636fc609e8d93f3b1ad44e1a68041763a2f7742a40ada91cb267d3db56740,journal/datasets/synthetic/e16_rule_cseed685012_windows_v2.npz,85df1698e362d2d41e875d62eb1eefb1244ac007be8cf14ce5532db688988b90,66636e691d90e12a720d0407135ea0076a56e565ff05893212abd6489cd423f8,55,160,,2,balanced_subsample,42,340794,14.604,cpu
685012,rule,123,primary,rule_0p30_cseed685012,e17_v1,journal/models/generator_extension/rf_rule_0p30_cseed685012_e17_v1_seed123.joblib,5fd0fbe51582edcd8fda3cc1c410d0410378fb779081fb99c1726319007e8871,journal/datasets/synthetic/e16_rule_cseed685012_windows_v2.npz,85df1698e362d2d41e875d62eb1eefb1244ac007be8cf14ce5532db688988b90,4a68aed668382c6305609fabb1a34002aaa5b2591d0b2b33f021dde16c3c0bea,55,160,,2,balanced_subsample,123,340794,14.881,cpu
685012,rule,2026,primary,rule_0p30_cseed685012,e17_v1,journal/models/generator_extension/rf_rule_0p30_cseed685012_e17_v1_seed2026.joblib,ce987854dcefeb524cb7f3abd490f730b29acd5428536acfdbd292efe3439124,journal/datasets/synthetic/e16_rule_cseed685012_windows_v2.npz,85df1698e362d2d41e875d62eb1eefb1244ac007be8cf14ce5532db688988b90,4d57fbc7e05a4ba9363ab7dca5818da0261f77cc65da6f2f922152ca2fe052bc,55,160,,2,balanced_subsample,2026,340794,15.267,cpu
685012,rule,3407,primary,rule_0p30_cseed685012,e17_v1,journal/models/generator_extension/rf_rule_0p30_cseed685012_e17_v1_seed3407.joblib,bada515d5e12254ed08bcdfcb64204b9bb6b9b9ad61792c22a2cfe3966c8b65e,journal/datasets/synthetic/e16_rule_cseed685012_windows_v2.npz,85df1698e362d2d41e875d62eb1eefb1244ac007be8cf14ce5532db688988b90,cfa0eeb21f85cfeae33b624f1513dad89c18d546eb46e5b447a01f2d8fb4e076,55,160,,2,balanced_subsample,3407,340794,15.618,cpu
685012,placebo,7,primary,placebo_0p30_cseed685012,e17_v1,journal/models/generator_extension/rf_placebo_0p30_cseed685012_e17_v1_seed7.joblib,36f3962c80030b10afc6e0d71d760ad22d675ff15505900cfe1ea5e5616bd19d,journal/datasets/synthetic/e16_placebo_cseed685012_windows_v2.npz,431d0521f73fcbd5d8a3184fc56e98e619a15699e38ac868165da4667d909d74,efa956a3ba88eaadc1ab20a9a91b9d934ff26326d25661a32a9bd3054931d1c1,55,160,,2,balanced_subsample,7,340794,14.575,cpu
685012,placebo,42,primary,placebo_0p30_cseed685012,e17_v1,journal/models/generator_extension/rf_placebo_0p30_cseed685012_e17_v1_seed42.joblib,817158c79cfa619cef00cfdb766b4d7f3c0d55e0c5c83b24e46f94ad62d5c862,journal/datasets/synthetic/e16_placebo_cseed685012_windows_v2.npz,431d0521f73fcbd5d8a3184fc56e98e619a15699e38ac868165da4667d909d74,66636e691d90e12a720d0407135ea0076a56e565ff05893212abd6489cd423f8,55,160,,2,balanced_subsample,42,340794,14.741,cpu
685012,placebo,123,primary,placebo_0p30_cseed685012,e17_v1,journal/models/generator_extension/rf_placebo_0p30_cseed685012_e17_v1_seed123.joblib,1fee8523c3e90b511d8e8493f202da5c70932856cd505ffd1b7c32e86c86feaa,journal/datasets/synthetic/e16_placebo_cseed685012_windows_v2.npz,431d0521f73fcbd5d8a3184fc56e98e619a15699e38ac868165da4667d909d74,4a68aed668382c6305609fabb1a34002aaa5b2591d0b2b33f021dde16c3c0bea,55,160,,2,balanced_subsample,123,340794,14.708,cpu
685012,placebo,2026,primary,placebo_0p30_cseed685012,e17_v1,journal/models/generator_extension/rf_placebo_0p30_cseed685012_e17_v1_seed2026.joblib,9a5dd3d9f0e36598377cfd2fcea2149a1e8e22e2004cce35ea1694604cb582d5,journal/datasets/synthetic/e16_placebo_cseed685012_windows_v2.npz,431d0521f73fcbd5d8a3184fc56e98e619a15699e38ac868165da4667d909d74,4d57fbc7e05a4ba9363ab7dca5818da0261f77cc65da6f2f922152ca2fe052bc,55,160,,2,balanced_subsample,2026,340794,15.091,cpu
685012,placebo,3407,primary,placebo_0p30_cseed685012,e17_v1,journal/models/generator_extension/rf_placebo_0p30_cseed685012_e17_v1_seed3407.joblib,4d0f325015aa07d6020a786102a080ee003e174f77b513a55e9db9a0dd671f3c,journal/datasets/synthetic/e16_placebo_cseed685012_windows_v2.npz,431d0521f73fcbd5d8a3184fc56e98e619a15699e38ac868165da4667d909d74,cfa0eeb21f85cfeae33b624f1513dad89c18d546eb46e5b447a01f2d8fb4e076,55,160,,2,balanced_subsample,3407,340794,14.849,cpu
192753,rule,7,primary,rule_0p30_cseed192753,e17_v1,journal/models/generator_extension/rf_rule_0p30_cseed192753_e17_v1_seed7.joblib,eb88fe84ed2593fc96b6e427120622ee42a579ee102a9746e34177049d87fb74,journal/datasets/synthetic/e16_rule_cseed192753_windows_v2.npz,c89418a38ea375624653590a6f7daada4e105a256cb2671505949d1957d868fc,66dfb28c568c19b19146a9dd5b66f294b635d5220c781613305bf1883bdcc6e7,55,160,,2,balanced_subsample,7,340794,14.812,cpu
192753,rule,42,primary,rule_0p30_cseed192753,e17_v1,journal/models/generator_extension/rf_rule_0p30_cseed192753_e17_v1_seed42.joblib,a1578d16ef03a70240092e597e6e87fdad094ed7eef2b358f975e2f9e8b9f1a2,journal/datasets/synthetic/e16_rule_cseed192753_windows_v2.npz,c89418a38ea375624653590a6f7daada4e105a256cb2671505949d1957d868fc,47ba32266048b46d7391a5ae82c4ed83aa83bfe76bc337b4a1d3a41f1d3e8b31,55,160,,2,balanced_subsample,42,340794,14.809,cpu
192753,rule,123,primary,rule_0p30_cseed192753,e17_v1,journal/models/generator_extension/rf_rule_0p30_cseed192753_e17_v1_seed123.joblib,0c59b423e804b5ee4ee9f56d6245c5f3c3e7c09f815f76794e6abcd8a933a97b,journal/datasets/synthetic/e16_rule_cseed192753_windows_v2.npz,c89418a38ea375624653590a6f7daada4e105a256cb2671505949d1957d868fc,7470c7268c9d453225aef7c7de5186c0cf86e2860d4f3a05a5dce67cf2da2b92,55,160,,2,balanced_subsample,123,340794,15.697,cpu
192753,rule,2026,primary,rule_0p30_cseed192753,e17_v1,journal/models/generator_extension/rf_rule_0p30_cseed192753_e17_v1_seed2026.joblib,9d08809cf572b7dad358117d19c7d504afb5bc2e69dced71e7bdb0188695805e,journal/datasets/synthetic/e16_rule_cseed192753_windows_v2.npz,c89418a38ea375624653590a6f7daada4e105a256cb2671505949d1957d868fc,288be0e40996a07c18e5933addf6cef9672ec097bd2483ceb17d75d6e082291d,55,160,,2,balanced_subsample,2026,340794,15.194,cpu
192753,rule,3407,primary,rule_0p30_cseed192753,e17_v1,journal/models/generator_extension/rf_rule_0p30_cseed192753_e17_v1_seed3407.joblib,cfb27d3c38d17350fca02c203ba5321f9ea5683a7c1026a5b6cc642008d60d35,journal/datasets/synthetic/e16_rule_cseed192753_windows_v2.npz,c89418a38ea375624653590a6f7daada4e105a256cb2671505949d1957d868fc,33df515357861555fda23af80d0b57bde616e6f2673234e71f8780dc351ba8bb,55,160,,2,balanced_subsample,3407,340794,14.766,cpu
192753,placebo,7,primary,placebo_0p30_cseed192753,e17_v1,journal/models/generator_extension/rf_placebo_0p30_cseed192753_e17_v1_seed7.joblib,151f92ceac7bd889fddd2c5b3ad24b05acda691569e0cac5f0d74073dc081c36,journal/datasets/synthetic/e16_placebo_cseed192753_windows_v2.npz,8eaaece1d54fc2d9479c7c3ac77e4903b56547c4fba96efc40c9acb6b2b8c4e0,66dfb28c568c19b19146a9dd5b66f294b635d5220c781613305bf1883bdcc6e7,55,160,,2,balanced_subsample,7,340794,15.118,cpu
192753,placebo,42,primary,placebo_0p30_cseed192753,e17_v1,journal/models/generator_extension/rf_placebo_0p30_cseed192753_e17_v1_seed42.joblib,6fd1c313a017f026ece74f372c785c1a8a5052a17c48f079eab57db40ef1f636,journal/datasets/synthetic/e16_placebo_cseed192753_windows_v2.npz,8eaaece1d54fc2d9479c7c3ac77e4903b56547c4fba96efc40c9acb6b2b8c4e0,47ba32266048b46d7391a5ae82c4ed83aa83bfe76bc337b4a1d3a41f1d3e8b31,55,160,,2,balanced_subsample,42,340794,14.875,cpu
192753,placebo,123,primary,placebo_0p30_cseed192753,e17_v1,journal/models/generator_extension/rf_placebo_0p30_cseed192753_e17_v1_seed123.joblib,8c3bd1c2d677fbd6fa71d8aa82b8c0e52313e2726a16478de4b166e5cd68f23e,journal/datasets/synthetic/e16_placebo_cseed192753_windows_v2.npz,8eaaece1d54fc2d9479c7c3ac77e4903b56547c4fba96efc40c9acb6b2b8c4e0,7470c7268c9d453225aef7c7de5186c0cf86e2860d4f3a05a5dce67cf2da2b92,55,160,,2,balanced_subsample,123,340794,15.126,cpu
192753,placebo,2026,primary,placebo_0p30_cseed192753,e17_v1,journal/models/generator_extension/rf_placebo_0p30_cseed192753_e17_v1_seed2026.joblib,c80fc4bbf1462c8bc1dab854a6b559cbed066da581a26d592b2b00138efa47f1,journal/datasets/synthetic/e16_placebo_cseed192753_windows_v2.npz,8eaaece1d54fc2d9479c7c3ac77e4903b56547c4fba96efc40c9acb6b2b8c4e0,288be0e40996a07c18e5933addf6cef9672ec097bd2483ceb17d75d6e082291d,55,160,,2,balanced_subsample,2026,340794,14.942,cpu
192753,placebo,3407,primary,placebo_0p30_cseed192753,e17_v1,journal/models/generator_extension/rf_placebo_0p30_cseed192753_e17_v1_seed3407.joblib,99ac4d74d9d8039fbc5f548348d931b118fe11a554e32ef11d7e6bb915d5123f,journal/datasets/synthetic/e16_placebo_cseed192753_windows_v2.npz,8eaaece1d54fc2d9479c7c3ac77e4903b56547c4fba96efc40c9acb6b2b8c4e0,33df515357861555fda23af80d0b57bde616e6f2673234e71f8780dc351ba8bb,55,160,,2,balanced_subsample,3407,340794,14.721,cpu
739263,rule,7,primary,rule_0p30_cseed739263,e17_v1,journal/models/generator_extension/rf_rule_0p30_cseed739263_e17_v1_seed7.joblib,b753533fd043772d9156eeba4d2539f91fd4894007d0f957de5961d410f62a64,journal/datasets/synthetic/e16_rule_cseed739263_windows_v2.npz,3947d0aa9b9cf68e63452565dc9dcceca73b43fb84edf10eabafaf72a297211b,a814ec328964ec2910c6e9e4e1b0cc1a0588965a6a4cc09418fc4db123d4eab7,55,160,,2,balanced_subsample,7,340794,14.545,cpu
739263,rule,42,primary,rule_0p30_cseed739263,e17_v1,journal/models/generator_extension/rf_rule_0p30_cseed739263_e17_v1_seed42.joblib,927edca86738e0b71e4835d566b69edc8285a2124e3bcf25172cbe5feb0a6c87,journal/datasets/synthetic/e16_rule_cseed739263_windows_v2.npz,3947d0aa9b9cf68e63452565dc9dcceca73b43fb84edf10eabafaf72a297211b,51f870b6ddd75e0a7eee439a570efdfd86555c79673a7ccbdd1d58db683c8d9f,55,160,,2,balanced_subsample,42,340794,14.635,cpu
739263,rule,123,primary,rule_0p30_cseed739263,e17_v1,journal/models/generator_extension/rf_rule_0p30_cseed739263_e17_v1_seed123.joblib,df218040c4207d61765a2f5dadb5aaeef311bfb77b4b6a553831b173b7b955ea,journal/datasets/synthetic/e16_rule_cseed739263_windows_v2.npz,3947d0aa9b9cf68e63452565dc9dcceca73b43fb84edf10eabafaf72a297211b,2e524f5965c0ffa6ea5c70e6b0be948d7fcb061d24cb17d446c13b17fd6e9750,55,160,,2,balanced_subsample,123,340794,14.913,cpu
739263,rule,2026,primary,rule_0p30_cseed739263,e17_v1,journal/models/generator_extension/rf_rule_0p30_cseed739263_e17_v1_seed2026.joblib,5beadf693bc18d1b898bcb50e54fc7ef1dc0425cb9ab0a603fee64582f30c802,journal/datasets/synthetic/e16_rule_cseed739263_windows_v2.npz,3947d0aa9b9cf68e63452565dc9dcceca73b43fb84edf10eabafaf72a297211b,887c96d0aa4b5af8c969540aa972b60237760b940baf66ba42a6ea68b5828794,55,160,,2,balanced_subsample,2026,340794,14.904,cpu
739263,rule,3407,primary,rule_0p30_cseed739263,e17_v1,journal/models/generator_extension/rf_rule_0p30_cseed739263_e17_v1_seed3407.joblib,e8e1b3d65bb2b51e2851876bfd731896fa5641df6c29edb9519506ed6e54b7e0,journal/datasets/synthetic/e16_rule_cseed739263_windows_v2.npz,3947d0aa9b9cf68e63452565dc9dcceca73b43fb84edf10eabafaf72a297211b,a8f48ac2351f66a2a7fe8ce8e3360b473bff790728b393d2811a7637fe940d7a,55,160,,2,balanced_subsample,3407,340794,15.025,cpu
739263,placebo,7,primary,placebo_0p30_cseed739263,e17_v1,journal/models/generator_extension/rf_placebo_0p30_cseed739263_e17_v1_seed7.joblib,c8d4c228a0e814466ac44be0398a7df30d4b863bbe833e4c70a7300029338d89,journal/datasets/synthetic/e16_placebo_cseed739263_windows_v2.npz,7e33ab5b333ef7e7f33217e0c0fa5641db02d1d8e214bb9566ae124088c6eeaf,a814ec328964ec2910c6e9e4e1b0cc1a0588965a6a4cc09418fc4db123d4eab7,55,160,,2,balanced_subsample,7,340794,14.6,cpu
739263,placebo,42,primary,placebo_0p30_cseed739263,e17_v1,journal/models/generator_extension/rf_placebo_0p30_cseed739263_e17_v1_seed42.joblib,8ba37b900b9a8c90951d410a3f26a70f0e5d3c7f02f0d10ce0581c6fc42e16a9,journal/datasets/synthetic/e16_placebo_cseed739263_windows_v2.npz,7e33ab5b333ef7e7f33217e0c0fa5641db02d1d8e214bb9566ae124088c6eeaf,51f870b6ddd75e0a7eee439a570efdfd86555c79673a7ccbdd1d58db683c8d9f,55,160,,2,balanced_subsample,42,340794,14.789,cpu
739263,placebo,123,primary,placebo_0p30_cseed739263,e17_v1,journal/models/generator_extension/rf_placebo_0p30_cseed739263_e17_v1_seed123.joblib,e57f4ab1ae0902bb87f2c6b90b9a2d9aa4d6603a5f4b928767cc5e377ef3ebac,journal/datasets/synthetic/e16_placebo_cseed739263_windows_v2.npz,7e33ab5b333ef7e7f33217e0c0fa5641db02d1d8e214bb9566ae124088c6eeaf,2e524f5965c0ffa6ea5c70e6b0be948d7fcb061d24cb17d446c13b17fd6e9750,55,160,,2,balanced_subsample,123,340794,14.789,cpu
739263,placebo,2026,primary,placebo_0p30_cseed739263,e17_v1,journal/models/generator_extension/rf_placebo_0p30_cseed739263_e17_v1_seed2026.joblib,e28f93910604a87a1ef86f7f847c082d61daa22af5aadf12aa631127738177da,journal/datasets/synthetic/e16_placebo_cseed739263_windows_v2.npz,7e33ab5b333ef7e7f33217e0c0fa5641db02d1d8e214bb9566ae124088c6eeaf,887c96d0aa4b5af8c969540aa972b60237760b940baf66ba42a6ea68b5828794,55,160,,2,balanced_subsample,2026,340794,15.181,cpu
739263,placebo,3407,primary,placebo_0p30_cseed739263,e17_v1,journal/models/generator_extension/rf_placebo_0p30_cseed739263_e17_v1_seed3407.joblib,ff9f7e0b78d20b8534660786455d550e0935d3f5b1f15357699e83ea587e6cf8,journal/datasets/synthetic/e16_placebo_cseed739263_windows_v2.npz,7e33ab5b333ef7e7f33217e0c0fa5641db02d1d8e214bb9566ae124088c6eeaf,a8f48ac2351f66a2a7fe8ce8e3360b473bff790728b393d2811a7637fe940d7a,55,160,,2,balanced_subsample,3407,340794,14.96,cpu
271828,rule,7,bridge_sensitivity,rule_0p30_cseed271828,e17_v1,journal/models/generator_extension/rf_rule_0p30_cseed271828_e17_v1_seed7.joblib,ff5e58ee813e3462ea7810d1ddbca2939a3a2e28a6dff95a28e5ea3a1b4fe46e,journal/datasets/synthetic/rule_cseed271828_windows_v2.npz,e13209205e7fdde8188d6ee89a123451d6eeeee653b2ea85011adc105f8b2d2d,a943cc4d219e222bc35d9bac3a12fc002bf73afe3994e37f6cddd5910ba9edb5,55,160,,2,balanced_subsample,7,340794,15.19,cpu
271828,rule,42,bridge_sensitivity,rule_0p30_cseed271828,e17_v1,journal/models/generator_extension/rf_rule_0p30_cseed271828_e17_v1_seed42.joblib,44383beb313b05075aa3b061477b083cb46372d19f49dd415b1aa37fd362356c,journal/datasets/synthetic/rule_cseed271828_windows_v2.npz,e13209205e7fdde8188d6ee89a123451d6eeeee653b2ea85011adc105f8b2d2d,c8cde376d41ce76b5367dc7b907c42f4010f5831ac2b568b87dec9ea9602bd8e,55,160,,2,balanced_subsample,42,340794,14.906,cpu
271828,rule,123,bridge_sensitivity,rule_0p30_cseed271828,e17_v1,journal/models/generator_extension/rf_rule_0p30_cseed271828_e17_v1_seed123.joblib,0562263494f95c172d7bd133c600b90cfa20a535ebb6f0a3c0f9adbcd2ba18c1,journal/datasets/synthetic/rule_cseed271828_windows_v2.npz,e13209205e7fdde8188d6ee89a123451d6eeeee653b2ea85011adc105f8b2d2d,d4cf0a4ad79e8552622211b7dda3eafbcc6364cb4f0d01799f823dfd4787e3d5,55,160,,2,balanced_subsample,123,340794,15.193,cpu
271828,rule,2026,bridge_sensitivity,rule_0p30_cseed271828,e17_v1,journal/models/generator_extension/rf_rule_0p30_cseed271828_e17_v1_seed2026.joblib,26661bd74c3faca3fdcd3bb6ad0066e984b8a2419543a8beca712bd750f9481a,journal/datasets/synthetic/rule_cseed271828_windows_v2.npz,e13209205e7fdde8188d6ee89a123451d6eeeee653b2ea85011adc105f8b2d2d,0b2a90164505f1757e18c39df0b420aaa0ea41925a6a664f75c3cac4426d8237,55,160,,2,balanced_subsample,2026,340794,14.913,cpu
271828,rule,3407,bridge_sensitivity,rule_0p30_cseed271828,e17_v1,journal/models/generator_extension/rf_rule_0p30_cseed271828_e17_v1_seed3407.joblib,ff4efb3c62e635732fadea6cf486418f3a03b974169ed3b583a8fe1003df7524,journal/datasets/synthetic/rule_cseed271828_windows_v2.npz,e13209205e7fdde8188d6ee89a123451d6eeeee653b2ea85011adc105f8b2d2d,da8e4051075fd991b4e6edcf562ba144540be21e6585b7ff939b9798136a1ce2,55,160,,2,balanced_subsample,3407,340794,14.919,cpu
271828,placebo,7,bridge_sensitivity,placebo_0p30_cseed271828,e17_v1,journal/models/generator_extension/rf_placebo_0p30_cseed271828_e17_v1_seed7.joblib,42d4c28049fc8a70c3780b239a6e389c3c249f6d92fa1e11c06cff5e29ffa6ea,journal/datasets/synthetic/e16_placebo_cseed271828_windows_v2.npz,2c4fbf4923103f2b8607c55691581381ec4f7203bee9fb37d3efcdadaba9af4e,a943cc4d219e222bc35d9bac3a12fc002bf73afe3994e37f6cddd5910ba9edb5,55,160,,2,balanced_subsample,7,340794,14.821,cpu
271828,placebo,42,bridge_sensitivity,placebo_0p30_cseed271828,e17_v1,journal/models/generator_extension/rf_placebo_0p30_cseed271828_e17_v1_seed42.joblib,5ff845fb5977c1cca54fbf2846b566b2d30c8233818631e938adfe1a3431cbdb,journal/datasets/synthetic/e16_placebo_cseed271828_windows_v2.npz,2c4fbf4923103f2b8607c55691581381ec4f7203bee9fb37d3efcdadaba9af4e,c8cde376d41ce76b5367dc7b907c42f4010f5831ac2b568b87dec9ea9602bd8e,55,160,,2,balanced_subsample,42,340794,14.801,cpu
271828,placebo,123,bridge_sensitivity,placebo_0p30_cseed271828,e17_v1,journal/models/generator_extension/rf_placebo_0p30_cseed271828_e17_v1_seed123.joblib,42502505576aa0715d704f3a09ff550e7bba07dabf60aecb3c024e2c7aea682b,journal/datasets/synthetic/e16_placebo_cseed271828_windows_v2.npz,2c4fbf4923103f2b8607c55691581381ec4f7203bee9fb37d3efcdadaba9af4e,d4cf0a4ad79e8552622211b7dda3eafbcc6364cb4f0d01799f823dfd4787e3d5,55,160,,2,balanced_subsample,123,340794,14.561,cpu
271828,placebo,2026,bridge_sensitivity,placebo_0p30_cseed271828,e17_v1,journal/models/generator_extension/rf_placebo_0p30_cseed271828_e17_v1_seed2026.joblib,7c4aa260ad0c57e91c4dd88c97a444c472613c18a3055f4bf9c8b0699272a596,journal/datasets/synthetic/e16_placebo_cseed271828_windows_v2.npz,2c4fbf4923103f2b8607c55691581381ec4f7203bee9fb37d3efcdadaba9af4e,0b2a90164505f1757e18c39df0b420aaa0ea41925a6a664f75c3cac4426d8237,55,160,,2,balanced_subsample,2026,340794,15.068,cpu
271828,placebo,3407,bridge_sensitivity,placebo_0p30_cseed271828,e17_v1,journal/models/generator_extension/rf_placebo_0p30_cseed271828_e17_v1_seed3407.joblib,5b78b04cef0ad5af9621229eeb5a3982d890f45b787be3bc66d8149cbd4cb730,journal/datasets/synthetic/e16_placebo_cseed271828_windows_v2.npz,2c4fbf4923103f2b8607c55691581381ec4f7203bee9fb37d3efcdadaba9af4e,da8e4051075fd991b4e6edcf562ba144540be21e6585b7ff939b9798136a1ce2,55,160,,2,balanced_subsample,3407,340794,15.17,cpu
161803,rule,7,bridge_sensitivity,rule_0p30_cseed161803,e17_v1,journal/models/generator_extension/rf_rule_0p30_cseed161803_e17_v1_seed7.joblib,52e5bc3848e45b7cc37ea87589c685af63b01e93c9978b502b24efca07cefd50,journal/datasets/synthetic/rule_cseed161803_windows_v2.npz,01d9426397b0297e5c2d7f3806c6791bf898b6a5f9dcfbbb8d91d299d3767413,9518b9f8eb75b9439c00b9f218c6adcbc86cca103bcaab865a9895a3c8e1abfa,55,160,,2,balanced_subsample,7,340794,15.85,cpu
161803,rule,42,bridge_sensitivity,rule_0p30_cseed161803,e17_v1,journal/models/generator_extension/rf_rule_0p30_cseed161803_e17_v1_seed42.joblib,db653642a345c824587aae388d934d51509017337d4bd3fc1795807ea68a3c50,journal/datasets/synthetic/rule_cseed161803_windows_v2.npz,01d9426397b0297e5c2d7f3806c6791bf898b6a5f9dcfbbb8d91d299d3767413,3fc35b55fcfddf4dd35320f1091fb2892ae9a26f4f6f059eadfcb6bea01e243b,55,160,,2,balanced_subsample,42,340794,14.943,cpu
161803,rule,123,bridge_sensitivity,rule_0p30_cseed161803,e17_v1,journal/models/generator_extension/rf_rule_0p30_cseed161803_e17_v1_seed123.joblib,c6b4771fb9de369633897f3014c30879694479da1a9b4809368fd9bb9955a38e,journal/datasets/synthetic/rule_cseed161803_windows_v2.npz,01d9426397b0297e5c2d7f3806c6791bf898b6a5f9dcfbbb8d91d299d3767413,a2fb3d60668d800bbbb9c4feb25ec55fdf511febdc5d9db241abb42cf0097671,55,160,,2,balanced_subsample,123,340794,14.859,cpu
161803,rule,2026,bridge_sensitivity,rule_0p30_cseed161803,e17_v1,journal/models/generator_extension/rf_rule_0p30_cseed161803_e17_v1_seed2026.joblib,f3d1e69f53afa4e5a7fbbef78c88e3d3dd33460def141f37643d77c12bd34e39,journal/datasets/synthetic/rule_cseed161803_windows_v2.npz,01d9426397b0297e5c2d7f3806c6791bf898b6a5f9dcfbbb8d91d299d3767413,692380c01e48a3d94aa525008bad25e31d60380f809595e4e443049705660e31,55,160,,2,balanced_subsample,2026,340794,15.221,cpu
161803,rule,3407,bridge_sensitivity,rule_0p30_cseed161803,e17_v1,journal/models/generator_extension/rf_rule_0p30_cseed161803_e17_v1_seed3407.joblib,8de50f6c55f1ee091217a070857296f4f712ba689e1b3f11a072ed882a81181a,journal/datasets/synthetic/rule_cseed161803_windows_v2.npz,01d9426397b0297e5c2d7f3806c6791bf898b6a5f9dcfbbb8d91d299d3767413,a3bd9046c735ebef77c27b8e61dbbd3d4c0154b6d7076935861e5fc3f28d7195,55,160,,2,balanced_subsample,3407,340794,15.486,cpu
161803,placebo,7,bridge_sensitivity,placebo_0p30_cseed161803,e17_v1,journal/models/generator_extension/rf_placebo_0p30_cseed161803_e17_v1_seed7.joblib,591bcfef2dcc2dc586112159f6e219bca657d5a9d7f408dc26a4607c7610716a,journal/datasets/synthetic/e16_placebo_cseed161803_windows_v2.npz,b6062ed04b50ef0777ae3e0b3421b0522c6c7dfdf827003b0991d4a6643338f4,9518b9f8eb75b9439c00b9f218c6adcbc86cca103bcaab865a9895a3c8e1abfa,55,160,,2,balanced_subsample,7,340794,14.917,cpu
161803,placebo,42,bridge_sensitivity,placebo_0p30_cseed161803,e17_v1,journal/models/generator_extension/rf_placebo_0p30_cseed161803_e17_v1_seed42.joblib,0316038bad0cd00e9764457ab55f1c2c95dd81e87570f81859e2308351cc69ab,journal/datasets/synthetic/e16_placebo_cseed161803_windows_v2.npz,b6062ed04b50ef0777ae3e0b3421b0522c6c7dfdf827003b0991d4a6643338f4,3fc35b55fcfddf4dd35320f1091fb2892ae9a26f4f6f059eadfcb6bea01e243b,55,160,,2,balanced_subsample,42,340794,15.209,cpu
161803,placebo,123,bridge_sensitivity,placebo_0p30_cseed161803,e17_v1,journal/models/generator_extension/rf_placebo_0p30_cseed161803_e17_v1_seed123.joblib,72a6c8bb2531d9d5eff55a7e4f1efe7a57516a8eb022f0768789dab425e347ef,journal/datasets/synthetic/e16_placebo_cseed161803_windows_v2.npz,b6062ed04b50ef0777ae3e0b3421b0522c6c7dfdf827003b0991d4a6643338f4,a2fb3d60668d800bbbb9c4feb25ec55fdf511febdc5d9db241abb42cf0097671,55,160,,2,balanced_subsample,123,340794,15.052,cpu
161803,placebo,2026,bridge_sensitivity,placebo_0p30_cseed161803,e17_v1,journal/models/generator_extension/rf_placebo_0p30_cseed161803_e17_v1_seed2026.joblib,bb8e46898a169e98c6744a2e83acf55063e176f01e40c72be4863f9f623cd6c0,journal/datasets/synthetic/e16_placebo_cseed161803_windows_v2.npz,b6062ed04b50ef0777ae3e0b3421b0522c6c7dfdf827003b0991d4a6643338f4,692380c01e48a3d94aa525008bad25e31d60380f809595e4e443049705660e31,55,160,,2,balanced_subsample,2026,340794,14.813,cpu
161803,placebo,3407,bridge_sensitivity,placebo_0p30_cseed161803,e17_v1,journal/models/generator_extension/rf_placebo_0p30_cseed161803_e17_v1_seed3407.joblib,18ab7f69226b4ca56e43c0387f28e0e9555d1e7bbc6baafe0cc108e57b18eb95,journal/datasets/synthetic/e16_placebo_cseed161803_windows_v2.npz,b6062ed04b50ef0777ae3e0b3421b0522c6c7dfdf827003b0991d4a6643338f4,a3bd9046c735ebef77c27b8e61dbbd3d4c0154b6d7076935861e5fc3f28d7195,55,160,,2,balanced_subsample,3407,340794,14.801,cpu
141421,rule,7,bridge_sensitivity,rule_0p30_cseed141421,e17_v1,journal/models/generator_extension/rf_rule_0p30_cseed141421_e17_v1_seed7.joblib,a6c4754a694700186e9196d31cd653c3eac10775eae97008dee4ee2ea3592ed1,journal/datasets/synthetic/rule_cseed141421_windows_v2.npz,52a961e3db47266ab2bcec145d4db7aa46e779f1cf65b61c0674e0dee1b60f0c,79a30630b984c6b5211c6c7e362f2aa4e0afa3cbb797e28a8c8e1eef695f584c,55,160,,2,balanced_subsample,7,340794,14.776,cpu
141421,rule,42,bridge_sensitivity,rule_0p30_cseed141421,e17_v1,journal/models/generator_extension/rf_rule_0p30_cseed141421_e17_v1_seed42.joblib,50bf8b57531a106863f9db8d34f8827ec252384076a2b6e2c51c7e6b0ccca0bf,journal/datasets/synthetic/rule_cseed141421_windows_v2.npz,52a961e3db47266ab2bcec145d4db7aa46e779f1cf65b61c0674e0dee1b60f0c,2ef06fe50e8f5b101e120c59ecfaf480754e7d355d69edca49498cd74f3d976f,55,160,,2,balanced_subsample,42,340794,14.88,cpu
141421,rule,123,bridge_sensitivity,rule_0p30_cseed141421,e17_v1,journal/models/generator_extension/rf_rule_0p30_cseed141421_e17_v1_seed123.joblib,84df4ddbd788f4572a8fa10e71f2a17411bde1bffc46acf04b8bff178986fab7,journal/datasets/synthetic/rule_cseed141421_windows_v2.npz,52a961e3db47266ab2bcec145d4db7aa46e779f1cf65b61c0674e0dee1b60f0c,523392e55bb2a615dfe7bec7405046d6c06b9b4cdc11ffa26899b026bf13fa04,55,160,,2,balanced_subsample,123,340794,15.152,cpu
141421,rule,2026,bridge_sensitivity,rule_0p30_cseed141421,e17_v1,journal/models/generator_extension/rf_rule_0p30_cseed141421_e17_v1_seed2026.joblib,757402a3a5fb1c3bb10eddbaf5a569d0adcad3b20644b7f82a23b8227330d21a,journal/datasets/synthetic/rule_cseed141421_windows_v2.npz,52a961e3db47266ab2bcec145d4db7aa46e779f1cf65b61c0674e0dee1b60f0c,08c074f1f1e99d82b75c26cece786e97f95b55dbe80caf4187d147b3ae2e4c40,55,160,,2,balanced_subsample,2026,340794,15.03,cpu
141421,rule,3407,bridge_sensitivity,rule_0p30_cseed141421,e17_v1,journal/models/generator_extension/rf_rule_0p30_cseed141421_e17_v1_seed3407.joblib,ed68bf1b9cee2c75808cc13a8c6cf8a1c4be411596e8bea7b03ed88047121128,journal/datasets/synthetic/rule_cseed141421_windows_v2.npz,52a961e3db47266ab2bcec145d4db7aa46e779f1cf65b61c0674e0dee1b60f0c,1115dce14a9030459dd7644f3d762d882ebb787ae22d74a6480b2823748660f1,55,160,,2,balanced_subsample,3407,340794,15.431,cpu
141421,placebo,7,bridge_sensitivity,placebo_0p30_cseed141421,e17_v1,journal/models/generator_extension/rf_placebo_0p30_cseed141421_e17_v1_seed7.joblib,9f6edb92b596476812f64db7852ae3294bbb726a0bc094c652fd0c2b66d05744,journal/datasets/synthetic/e16_placebo_cseed141421_windows_v2.npz,06cd0713fbd24f4a7773b15ed9da8cf93434c36844a68d50fce38bc2bf3bda35,79a30630b984c6b5211c6c7e362f2aa4e0afa3cbb797e28a8c8e1eef695f584c,55,160,,2,balanced_subsample,7,340794,14.812,cpu
141421,placebo,42,bridge_sensitivity,placebo_0p30_cseed141421,e17_v1,journal/models/generator_extension/rf_placebo_0p30_cseed141421_e17_v1_seed42.joblib,289dba90486d8c74f4401fdfd6b53475ed49d768dfdfbc797bde05ff71ac65cc,journal/datasets/synthetic/e16_placebo_cseed141421_windows_v2.npz,06cd0713fbd24f4a7773b15ed9da8cf93434c36844a68d50fce38bc2bf3bda35,2ef06fe50e8f5b101e120c59ecfaf480754e7d355d69edca49498cd74f3d976f,55,160,,2,balanced_subsample,42,340794,15.195,cpu
141421,placebo,123,bridge_sensitivity,placebo_0p30_cseed141421,e17_v1,journal/models/generator_extension/rf_placebo_0p30_cseed141421_e17_v1_seed123.joblib,b3596543a4e0d7bd654f228ddc4fcb587711aa1af9aefa229e9c4d6d74da4d1e,journal/datasets/synthetic/e16_placebo_cseed141421_windows_v2.npz,06cd0713fbd24f4a7773b15ed9da8cf93434c36844a68d50fce38bc2bf3bda35,523392e55bb2a615dfe7bec7405046d6c06b9b4cdc11ffa26899b026bf13fa04,55,160,,2,balanced_subsample,123,340794,14.943,cpu
141421,placebo,2026,bridge_sensitivity,placebo_0p30_cseed141421,e17_v1,journal/models/generator_extension/rf_placebo_0p30_cseed141421_e17_v1_seed2026.joblib,d75c8f62d2b7542e29a322819cc0432a1773a568b0e22d6fed3736e9daf886b5,journal/datasets/synthetic/e16_placebo_cseed141421_windows_v2.npz,06cd0713fbd24f4a7773b15ed9da8cf93434c36844a68d50fce38bc2bf3bda35,08c074f1f1e99d82b75c26cece786e97f95b55dbe80caf4187d147b3ae2e4c40,55,160,,2,balanced_subsample,2026,340794,15.52,cpu
141421,placebo,3407,bridge_sensitivity,placebo_0p30_cseed141421,e17_v1,journal/models/generator_extension/rf_placebo_0p30_cseed141421_e17_v1_seed3407.joblib,c8b3330c04787d3766f736886c9192558adb2505445f9561089e87f551154506,journal/datasets/synthetic/e16_placebo_cseed141421_windows_v2.npz,06cd0713fbd24f4a7773b15ed9da8cf93434c36844a68d50fce38bc2bf3bda35,1115dce14a9030459dd7644f3d762d882ebb787ae22d74a6480b2823748660f1,55,160,,2,balanced_subsample,3407,340794,15.707,cpu
173205,rule,7,bridge_sensitivity,rule_0p30_cseed173205,e17_v1,journal/models/generator_extension/rf_rule_0p30_cseed173205_e17_v1_seed7.joblib,48a0da5c5743084bd19a4283dee147b7a640d20d25adb0802ef836a9888bf9be,journal/datasets/synthetic/rule_cseed173205_windows_v2.npz,5f4a4567785bfff00def5959062731cf7479d0828c430cc2d51dba0dba00e18a,0cdd7dd526f6fbd958dc0a383d67eb5333ee60859502079a1426c6d1869942bc,55,160,,2,balanced_subsample,7,340794,14.912,cpu
173205,rule,42,bridge_sensitivity,rule_0p30_cseed173205,e17_v1,journal/models/generator_extension/rf_rule_0p30_cseed173205_e17_v1_seed42.joblib,ccc3a4307c8b0eab85abfb8d39d5864fb1f8b3b1ac6aad29b4d0265213c6d630,journal/datasets/synthetic/rule_cseed173205_windows_v2.npz,5f4a4567785bfff00def5959062731cf7479d0828c430cc2d51dba0dba00e18a,f68cf55ca14cbd888e8128995e82906cc57344ff53f8a511d0f9d9646eb30987,55,160,,2,balanced_subsample,42,340794,15.034,cpu
173205,rule,123,bridge_sensitivity,rule_0p30_cseed173205,e17_v1,journal/models/generator_extension/rf_rule_0p30_cseed173205_e17_v1_seed123.joblib,3aba6e22ba27123dd116bf44fdfc0ea85e0c82cfbd5ebba86f465ec04112694f,journal/datasets/synthetic/rule_cseed173205_windows_v2.npz,5f4a4567785bfff00def5959062731cf7479d0828c430cc2d51dba0dba00e18a,93106d2a1905dc75e139f457e138799a3c3ef4f3ae3b7dc72f60d9ca82f78809,55,160,,2,balanced_subsample,123,340794,14.65,cpu
173205,rule,2026,bridge_sensitivity,rule_0p30_cseed173205,e17_v1,journal/models/generator_extension/rf_rule_0p30_cseed173205_e17_v1_seed2026.joblib,92d18c8d9000ccfa4e54d644166a3f4fa9b7a49c4ada71123e4e8f1f0bfb59a5,journal/datasets/synthetic/rule_cseed173205_windows_v2.npz,5f4a4567785bfff00def5959062731cf7479d0828c430cc2d51dba0dba00e18a,f00b6fd15a09cd4f2b56f91dd978659642d2cc6255336f9b25dd6572b5e9e718,55,160,,2,balanced_subsample,2026,340794,15.175,cpu
173205,rule,3407,bridge_sensitivity,rule_0p30_cseed173205,e17_v1,journal/models/generator_extension/rf_rule_0p30_cseed173205_e17_v1_seed3407.joblib,eb63e9e1420dcbeccd0060bdb51c60a9d45b9786e56416f0d9b5b762b2cd7a30,journal/datasets/synthetic/rule_cseed173205_windows_v2.npz,5f4a4567785bfff00def5959062731cf7479d0828c430cc2d51dba0dba00e18a,cd7aec2a87f6b1a4b0e519687e1bf716996d09dd40e170d4ff02b43a051d0aa0,55,160,,2,balanced_subsample,3407,340794,15.368,cpu
173205,placebo,7,bridge_sensitivity,placebo_0p30_cseed173205,e17_v1,journal/models/generator_extension/rf_placebo_0p30_cseed173205_e17_v1_seed7.joblib,ab8475abdc5a848e075ebc9c60896ef1fa6d43b8349cb339c4a7d301a13f9ab7,journal/datasets/synthetic/e16_placebo_cseed173205_windows_v2.npz,f0e12d73f9d3e85d386fd3166c88eacd6789c4b684f809be68a34596cac8dd79,0cdd7dd526f6fbd958dc0a383d67eb5333ee60859502079a1426c6d1869942bc,55,160,,2,balanced_subsample,7,340794,15.451,cpu
173205,placebo,42,bridge_sensitivity,placebo_0p30_cseed173205,e17_v1,journal/models/generator_extension/rf_placebo_0p30_cseed173205_e17_v1_seed42.joblib,8b09bb14413ded04c723cfd189d96ab02604bc32f3bec9274977bdebff45ff08,journal/datasets/synthetic/e16_placebo_cseed173205_windows_v2.npz,f0e12d73f9d3e85d386fd3166c88eacd6789c4b684f809be68a34596cac8dd79,f68cf55ca14cbd888e8128995e82906cc57344ff53f8a511d0f9d9646eb30987,55,160,,2,balanced_subsample,42,340794,15.239,cpu
173205,placebo,123,bridge_sensitivity,placebo_0p30_cseed173205,e17_v1,journal/models/generator_extension/rf_placebo_0p30_cseed173205_e17_v1_seed123.joblib,33d4230cf54de15189e109f9aa59ab5c24e3f6f7487f1fb8606d266dfb170695,journal/datasets/synthetic/e16_placebo_cseed173205_windows_v2.npz,f0e12d73f9d3e85d386fd3166c88eacd6789c4b684f809be68a34596cac8dd79,93106d2a1905dc75e139f457e138799a3c3ef4f3ae3b7dc72f60d9ca82f78809,55,160,,2,balanced_subsample,123,340794,15.63,cpu
173205,placebo,2026,bridge_sensitivity,placebo_0p30_cseed173205,e17_v1,journal/models/generator_extension/rf_placebo_0p30_cseed173205_e17_v1_seed2026.joblib,91778832070fb4d7c1d81855d9f3fd711c765384d751e7fd14dd6bfa4ef6627c,journal/datasets/synthetic/e16_placebo_cseed173205_windows_v2.npz,f0e12d73f9d3e85d386fd3166c88eacd6789c4b684f809be68a34596cac8dd79,f00b6fd15a09cd4f2b56f91dd978659642d2cc6255336f9b25dd6572b5e9e718,55,160,,2,balanced_subsample,2026,340794,16.182,cpu
173205,placebo,3407,bridge_sensitivity,placebo_0p30_cseed173205,e17_v1,journal/models/generator_extension/rf_placebo_0p30_cseed173205_e17_v1_seed3407.joblib,64db1c29558ca3eaf9227f863f3778f9f53a00b6f918d3c06ee788816b508daf,journal/datasets/synthetic/e16_placebo_cseed173205_windows_v2.npz,f0e12d73f9d3e85d386fd3166c88eacd6789c4b684f809be68a34596cac8dd79,cd7aec2a87f6b1a4b0e519687e1bf716996d09dd40e170d4ff02b43a051d0aa0,55,160,,2,balanced_subsample,3407,340794,15.991,cpu
