arm,construction_seed,pipeline_seed,role,P,S,D,exact_recall,real_value,augmentation_delta,endpoint,id_stratum,attack_scope
placebo,141421,7,bridge_sensitivity,0,0,0,0.9987499999999999,0.0,0.9987499999999999,exact_recall,canonical,equal_macro
placebo,141421,7,bridge_sensitivity,0,0,1,0.9989166666666667,0.0,0.9989166666666667,exact_recall,canonical,equal_macro
placebo,141421,7,bridge_sensitivity,0,1,0,0.9991666666666666,0.0,0.9991666666666666,exact_recall,canonical,equal_macro
placebo,141421,7,bridge_sensitivity,0,1,1,0.99925,0.0,0.99925,exact_recall,canonical,equal_macro
placebo,141421,7,bridge_sensitivity,1,0,0,0.04699999999999999,0.0,0.04699999999999999,exact_recall,canonical,equal_macro
placebo,141421,7,bridge_sensitivity,1,0,1,0.07366666666666667,0.0,0.07366666666666667,exact_recall,canonical,equal_macro
placebo,141421,7,bridge_sensitivity,1,1,0,0.04508333333333333,0.0,0.04508333333333333,exact_recall,canonical,equal_macro
placebo,141421,7,bridge_sensitivity,1,1,1,0.07275,0.0,0.07275,exact_recall,canonical,equal_macro
placebo,141421,42,bridge_sensitivity,0,0,0,0.99925,0.0,0.99925,exact_recall,canonical,equal_macro
placebo,141421,42,bridge_sensitivity,0,0,1,0.99925,0.0,0.99925,exact_recall,canonical,equal_macro
placebo,141421,42,bridge_sensitivity,0,1,0,0.9991666666666666,0.0,0.9991666666666666,exact_recall,canonical,equal_macro
placebo,141421,42,bridge_sensitivity,0,1,1,0.9990833333333334,0.0,0.9990833333333334,exact_recall,canonical,equal_macro
placebo,141421,42,bridge_sensitivity,1,0,0,0.03075,0.0,0.03075,exact_recall,canonical,equal_macro
placebo,141421,42,bridge_sensitivity,1,0,1,0.027916666666666663,0.0,0.027916666666666663,exact_recall,canonical,equal_macro
placebo,141421,42,bridge_sensitivity,1,1,0,0.029083333333333336,0.0,0.029083333333333336,exact_recall,canonical,equal_macro
placebo,141421,42,bridge_sensitivity,1,1,1,0.027,0.0,0.027,exact_recall,canonical,equal_macro
placebo,141421,123,bridge_sensitivity,0,0,0,0.9990833333333334,0.0,0.9990833333333334,exact_recall,canonical,equal_macro
placebo,141421,123,bridge_sensitivity,0,0,1,0.9988333333333334,0.0,0.9988333333333334,exact_recall,canonical,equal_macro
placebo,141421,123,bridge_sensitivity,0,1,0,0.9989166666666667,0.0,0.9989166666666667,exact_recall,canonical,equal_macro
placebo,141421,123,bridge_sensitivity,0,1,1,0.9991666666666666,0.0,0.9991666666666666,exact_recall,canonical,equal_macro
placebo,141421,123,bridge_sensitivity,1,0,0,0.03383333333333333,0.0,0.03383333333333333,exact_recall,canonical,equal_macro
placebo,141421,123,bridge_sensitivity,1,0,1,0.029833333333333333,0.0,0.029833333333333333,exact_recall,canonical,equal_macro
placebo,141421,123,bridge_sensitivity,1,1,0,0.03358333333333333,0.0,0.03358333333333333,exact_recall,canonical,equal_macro
placebo,141421,123,bridge_sensitivity,1,1,1,0.0305,0.0,0.0305,exact_recall,canonical,equal_macro
placebo,141421,2026,bridge_sensitivity,0,0,0,0.9990833333333334,0.0,0.9990833333333334,exact_recall,canonical,equal_macro
placebo,141421,2026,bridge_sensitivity,0,0,1,0.9989166666666667,0.0,0.9989166666666667,exact_recall,canonical,equal_macro
placebo,141421,2026,bridge_sensitivity,0,1,0,0.999,0.0,0.999,exact_recall,canonical,equal_macro
placebo,141421,2026,bridge_sensitivity,0,1,1,0.999,0.0,0.999,exact_recall,canonical,equal_macro
placebo,141421,2026,bridge_sensitivity,1,0,0,0.028833333333333332,0.0,0.028833333333333332,exact_recall,canonical,equal_macro
placebo,141421,2026,bridge_sensitivity,1,0,1,0.049749999999999996,0.0,0.049749999999999996,exact_recall,canonical,equal_macro
placebo,141421,2026,bridge_sensitivity,1,1,0,0.02816666666666667,0.0,0.02816666666666667,exact_recall,canonical,equal_macro
placebo,141421,2026,bridge_sensitivity,1,1,1,0.05241666666666667,0.0,0.05241666666666667,exact_recall,canonical,equal_macro
placebo,141421,3407,bridge_sensitivity,0,0,0,0.9991666666666666,0.0,0.9991666666666666,exact_recall,canonical,equal_macro
placebo,141421,3407,bridge_sensitivity,0,0,1,0.9990833333333334,0.0,0.9990833333333334,exact_recall,canonical,equal_macro
placebo,141421,3407,bridge_sensitivity,0,1,0,0.9991666666666666,0.0,0.9991666666666666,exact_recall,canonical,equal_macro
placebo,141421,3407,bridge_sensitivity,0,1,1,0.9991666666666666,0.0,0.9991666666666666,exact_recall,canonical,equal_macro
placebo,141421,3407,bridge_sensitivity,1,0,0,0.07383333333333333,0.0,0.07383333333333333,exact_recall,canonical,equal_macro
placebo,141421,3407,bridge_sensitivity,1,0,1,0.13008333333333333,0.0,0.13008333333333333,exact_recall,canonical,equal_macro
placebo,141421,3407,bridge_sensitivity,1,1,0,0.07416666666666666,0.0,0.07416666666666666,exact_recall,canonical,equal_macro
placebo,141421,3407,bridge_sensitivity,1,1,1,0.12525,0.0,0.12525,exact_recall,canonical,equal_macro
placebo,161803,7,bridge_sensitivity,0,0,0,0.99925,0.0,0.99925,exact_recall,canonical,equal_macro
placebo,161803,7,bridge_sensitivity,0,0,1,0.9991666666666666,0.0,0.9991666666666666,exact_recall,canonical,equal_macro
placebo,161803,7,bridge_sensitivity,0,1,0,0.99925,0.0,0.99925,exact_recall,canonical,equal_macro
placebo,161803,7,bridge_sensitivity,0,1,1,0.99925,0.0,0.99925,exact_recall,canonical,equal_macro
placebo,161803,7,bridge_sensitivity,1,0,0,0.042,0.0,0.042,exact_recall,canonical,equal_macro
placebo,161803,7,bridge_sensitivity,1,0,1,0.05708333333333334,0.0,0.05708333333333334,exact_recall,canonical,equal_macro
placebo,161803,7,bridge_sensitivity,1,1,0,0.04083333333333333,0.0,0.04083333333333333,exact_recall,canonical,equal_macro
placebo,161803,7,bridge_sensitivity,1,1,1,0.052333333333333336,0.0,0.052333333333333336,exact_recall,canonical,equal_macro
placebo,161803,42,bridge_sensitivity,0,0,0,0.9991666666666666,0.0,0.9991666666666666,exact_recall,canonical,equal_macro
placebo,161803,42,bridge_sensitivity,0,0,1,0.9988333333333334,0.0,0.9988333333333334,exact_recall,canonical,equal_macro
placebo,161803,42,bridge_sensitivity,0,1,0,0.99925,0.0,0.99925,exact_recall,canonical,equal_macro
placebo,161803,42,bridge_sensitivity,0,1,1,0.9991666666666666,0.0,0.9991666666666666,exact_recall,canonical,equal_macro
placebo,161803,42,bridge_sensitivity,1,0,0,0.02675,0.0,0.02675,exact_recall,canonical,equal_macro
placebo,161803,42,bridge_sensitivity,1,0,1,0.027083333333333334,0.0,0.027083333333333334,exact_recall,canonical,equal_macro
placebo,161803,42,bridge_sensitivity,1,1,0,0.02675,0.0,0.02675,exact_recall,canonical,equal_macro
placebo,161803,42,bridge_sensitivity,1,1,1,0.026583333333333334,0.0,0.026583333333333334,exact_recall,canonical,equal_macro
placebo,161803,123,bridge_sensitivity,0,0,0,0.9990833333333334,0.0,0.9990833333333334,exact_recall,canonical,equal_macro
placebo,161803,123,bridge_sensitivity,0,0,1,0.9990833333333334,0.0,0.9990833333333334,exact_recall,canonical,equal_macro
placebo,161803,123,bridge_sensitivity,0,1,0,0.999,0.0,0.999,exact_recall,canonical,equal_macro
placebo,161803,123,bridge_sensitivity,0,1,1,0.99925,0.0,0.99925,exact_recall,canonical,equal_macro
placebo,161803,123,bridge_sensitivity,1,0,0,0.07258333333333333,0.0,0.07258333333333333,exact_recall,canonical,equal_macro
placebo,161803,123,bridge_sensitivity,1,0,1,0.06491666666666666,0.0,0.06491666666666666,exact_recall,canonical,equal_macro
placebo,161803,123,bridge_sensitivity,1,1,0,0.07133333333333335,0.0,0.07133333333333335,exact_recall,canonical,equal_macro
placebo,161803,123,bridge_sensitivity,1,1,1,0.06791666666666667,0.0,0.06791666666666667,exact_recall,canonical,equal_macro
placebo,161803,2026,bridge_sensitivity,0,0,0,0.9990833333333334,0.0,0.9990833333333334,exact_recall,canonical,equal_macro
placebo,161803,2026,bridge_sensitivity,0,0,1,0.9988333333333334,0.0,0.9988333333333334,exact_recall,canonical,equal_macro
placebo,161803,2026,bridge_sensitivity,0,1,0,0.9990833333333334,0.0,0.9990833333333334,exact_recall,canonical,equal_macro
placebo,161803,2026,bridge_sensitivity,0,1,1,0.9991666666666666,0.0,0.9991666666666666,exact_recall,canonical,equal_macro
placebo,161803,2026,bridge_sensitivity,1,0,0,0.10841666666666666,0.0,0.10841666666666666,exact_recall,canonical,equal_macro
placebo,161803,2026,bridge_sensitivity,1,0,1,0.24908333333333332,0.0,0.24908333333333332,exact_recall,canonical,equal_macro
placebo,161803,2026,bridge_sensitivity,1,1,0,0.10391666666666666,0.0,0.10391666666666666,exact_recall,canonical,equal_macro
placebo,161803,2026,bridge_sensitivity,1,1,1,0.23791666666666667,0.0,0.23791666666666667,exact_recall,canonical,equal_macro
placebo,161803,3407,bridge_sensitivity,0,0,0,0.99925,0.0,0.99925,exact_recall,canonical,equal_macro
placebo,161803,3407,bridge_sensitivity,0,0,1,0.9989166666666667,0.0,0.9989166666666667,exact_recall,canonical,equal_macro
placebo,161803,3407,bridge_sensitivity,0,1,0,0.999,0.0,0.999,exact_recall,canonical,equal_macro
placebo,161803,3407,bridge_sensitivity,0,1,1,0.9990833333333334,0.0,0.9990833333333334,exact_recall,canonical,equal_macro
placebo,161803,3407,bridge_sensitivity,1,0,0,0.033,0.0,0.033,exact_recall,canonical,equal_macro
placebo,161803,3407,bridge_sensitivity,1,0,1,0.10908333333333332,0.0,0.10908333333333332,exact_recall,canonical,equal_macro
placebo,161803,3407,bridge_sensitivity,1,1,0,0.03325,0.0,0.03325,exact_recall,canonical,equal_macro
placebo,161803,3407,bridge_sensitivity,1,1,1,0.10416666666666667,0.0,0.10416666666666667,exact_recall,canonical,equal_macro
placebo,173205,7,bridge_sensitivity,0,0,0,0.9990833333333334,0.0,0.9990833333333334,exact_recall,canonical,equal_macro
placebo,173205,7,bridge_sensitivity,0,0,1,0.9989166666666667,0.0,0.9989166666666667,exact_recall,canonical,equal_macro
placebo,173205,7,bridge_sensitivity,0,1,0,0.999,0.0,0.999,exact_recall,canonical,equal_macro
placebo,173205,7,bridge_sensitivity,0,1,1,0.999,0.0,0.999,exact_recall,canonical,equal_macro
placebo,173205,7,bridge_sensitivity,1,0,0,0.02816666666666667,0.0,0.02816666666666667,exact_recall,canonical,equal_macro
placebo,173205,7,bridge_sensitivity,1,0,1,0.03516666666666667,0.0,0.03516666666666667,exact_recall,canonical,equal_macro
placebo,173205,7,bridge_sensitivity,1,1,0,0.027333333333333334,0.0,0.027333333333333334,exact_recall,canonical,equal_macro
placebo,173205,7,bridge_sensitivity,1,1,1,0.03425,0.0,0.03425,exact_recall,canonical,equal_macro
placebo,173205,42,bridge_sensitivity,0,0,0,0.9988333333333334,0.0,0.9988333333333334,exact_recall,canonical,equal_macro
placebo,173205,42,bridge_sensitivity,0,0,1,0.9984166666666666,0.0,0.9984166666666666,exact_recall,canonical,equal_macro
placebo,173205,42,bridge_sensitivity,0,1,0,0.999,0.0,0.999,exact_recall,canonical,equal_macro
placebo,173205,42,bridge_sensitivity,0,1,1,0.9986666666666667,0.0,0.9986666666666667,exact_recall,canonical,equal_macro
placebo,173205,42,bridge_sensitivity,1,0,0,0.041666666666666664,0.0,0.041666666666666664,exact_recall,canonical,equal_macro
placebo,173205,42,bridge_sensitivity,1,0,1,0.08516666666666667,0.0,0.08516666666666667,exact_recall,canonical,equal_macro
placebo,173205,42,bridge_sensitivity,1,1,0,0.04058333333333333,0.0,0.04058333333333333,exact_recall,canonical,equal_macro
placebo,173205,42,bridge_sensitivity,1,1,1,0.0845,0.0,0.0845,exact_recall,canonical,equal_macro
placebo,173205,123,bridge_sensitivity,0,0,0,0.9989166666666667,0.0,0.9989166666666667,exact_recall,canonical,equal_macro
placebo,173205,123,bridge_sensitivity,0,0,1,0.9988333333333334,0.0,0.9988333333333334,exact_recall,canonical,equal_macro
placebo,173205,123,bridge_sensitivity,0,1,0,0.9990833333333334,0.0,0.9990833333333334,exact_recall,canonical,equal_macro
placebo,173205,123,bridge_sensitivity,0,1,1,0.9989166666666667,0.0,0.9989166666666667,exact_recall,canonical,equal_macro
placebo,173205,123,bridge_sensitivity,1,0,0,0.02675,0.0,0.02675,exact_recall,canonical,equal_macro
placebo,173205,123,bridge_sensitivity,1,0,1,0.028333333333333332,0.0,0.028333333333333332,exact_recall,canonical,equal_macro
placebo,173205,123,bridge_sensitivity,1,1,0,0.02691666666666667,0.0,0.02691666666666667,exact_recall,canonical,equal_macro
placebo,173205,123,bridge_sensitivity,1,1,1,0.028916666666666663,0.0,0.028916666666666663,exact_recall,canonical,equal_macro
placebo,173205,2026,bridge_sensitivity,0,0,0,0.9989166666666667,0.0,0.9989166666666667,exact_recall,canonical,equal_macro
placebo,173205,2026,bridge_sensitivity,0,0,1,0.9989166666666667,0.0,0.9989166666666667,exact_recall,canonical,equal_macro
placebo,173205,2026,bridge_sensitivity,0,1,0,0.9988333333333334,0.0,0.9988333333333334,exact_recall,canonical,equal_macro
placebo,173205,2026,bridge_sensitivity,0,1,1,0.9990833333333334,0.0,0.9990833333333334,exact_recall,canonical,equal_macro
placebo,173205,2026,bridge_sensitivity,1,0,0,0.04624999999999999,0.0,0.04624999999999999,exact_recall,canonical,equal_macro
placebo,173205,2026,bridge_sensitivity,1,0,1,0.16041666666666668,0.0,0.16041666666666668,exact_recall,canonical,equal_macro
placebo,173205,2026,bridge_sensitivity,1,1,0,0.044750000000000005,0.0,0.044750000000000005,exact_recall,canonical,equal_macro
placebo,173205,2026,bridge_sensitivity,1,1,1,0.15616666666666668,0.0,0.15616666666666668,exact_recall,canonical,equal_macro
placebo,173205,3407,bridge_sensitivity,0,0,0,0.9984166666666668,0.0,0.9984166666666668,exact_recall,canonical,equal_macro
placebo,173205,3407,bridge_sensitivity,0,0,1,0.9989166666666667,0.0,0.9989166666666667,exact_recall,canonical,equal_macro
placebo,173205,3407,bridge_sensitivity,0,1,0,0.9990833333333334,0.0,0.9990833333333334,exact_recall,canonical,equal_macro
placebo,173205,3407,bridge_sensitivity,0,1,1,0.9988333333333334,0.0,0.9988333333333334,exact_recall,canonical,equal_macro
placebo,173205,3407,bridge_sensitivity,1,0,0,0.03625,0.0,0.03625,exact_recall,canonical,equal_macro
placebo,173205,3407,bridge_sensitivity,1,0,1,0.07941666666666668,0.0,0.07941666666666668,exact_recall,canonical,equal_macro
placebo,173205,3407,bridge_sensitivity,1,1,0,0.035333333333333335,0.0,0.035333333333333335,exact_recall,canonical,equal_macro
placebo,173205,3407,bridge_sensitivity,1,1,1,0.07533333333333334,0.0,0.07533333333333334,exact_recall,canonical,equal_macro
placebo,192753,7,primary,0,0,0,0.99925,0.0,0.99925,exact_recall,canonical,equal_macro
placebo,192753,7,primary,0,0,1,0.9993333333333334,0.0,0.9993333333333334,exact_recall,canonical,equal_macro
placebo,192753,7,primary,0,1,0,0.9990833333333334,0.0,0.9990833333333334,exact_recall,canonical,equal_macro
placebo,192753,7,primary,0,1,1,0.999,0.0,0.999,exact_recall,canonical,equal_macro
placebo,192753,7,primary,1,0,0,0.08683333333333333,0.0,0.08683333333333333,exact_recall,canonical,equal_macro
placebo,192753,7,primary,1,0,1,0.2804166666666667,0.0,0.2804166666666667,exact_recall,canonical,equal_macro
placebo,192753,7,primary,1,1,0,0.08833333333333333,0.0,0.08833333333333333,exact_recall,canonical,equal_macro
placebo,192753,7,primary,1,1,1,0.279,0.0,0.279,exact_recall,canonical,equal_macro
placebo,192753,42,primary,0,0,0,0.999,0.0,0.999,exact_recall,canonical,equal_macro
placebo,192753,42,primary,0,0,1,0.9986666666666668,0.0,0.9986666666666668,exact_recall,canonical,equal_macro
placebo,192753,42,primary,0,1,0,0.9991666666666666,0.0,0.9991666666666666,exact_recall,canonical,equal_macro
placebo,192753,42,primary,0,1,1,0.99925,0.0,0.99925,exact_recall,canonical,equal_macro
placebo,192753,42,primary,1,0,0,0.028499999999999998,0.0,0.028499999999999998,exact_recall,canonical,equal_macro
placebo,192753,42,primary,1,0,1,0.034333333333333334,0.0,0.034333333333333334,exact_recall,canonical,equal_macro
placebo,192753,42,primary,1,1,0,0.02725,0.0,0.02725,exact_recall,canonical,equal_macro
placebo,192753,42,primary,1,1,1,0.03441666666666667,0.0,0.03441666666666667,exact_recall,canonical,equal_macro
placebo,192753,123,primary,0,0,0,0.999,0.0,0.999,exact_recall,canonical,equal_macro
placebo,192753,123,primary,0,0,1,0.9987499999999999,0.0,0.9987499999999999,exact_recall,canonical,equal_macro
placebo,192753,123,primary,0,1,0,0.999,0.0,0.999,exact_recall,canonical,equal_macro
placebo,192753,123,primary,0,1,1,0.9990833333333334,0.0,0.9990833333333334,exact_recall,canonical,equal_macro
placebo,192753,123,primary,1,0,0,0.0325,0.0,0.0325,exact_recall,canonical,equal_macro
placebo,192753,123,primary,1,0,1,0.05641666666666667,0.0,0.05641666666666667,exact_recall,canonical,equal_macro
placebo,192753,123,primary,1,1,0,0.03241666666666667,0.0,0.03241666666666667,exact_recall,canonical,equal_macro
placebo,192753,123,primary,1,1,1,0.05858333333333334,0.0,0.05858333333333334,exact_recall,canonical,equal_macro
placebo,192753,2026,primary,0,0,0,0.9991666666666666,0.0,0.9991666666666666,exact_recall,canonical,equal_macro
placebo,192753,2026,primary,0,0,1,0.9986666666666667,0.0,0.9986666666666667,exact_recall,canonical,equal_macro
placebo,192753,2026,primary,0,1,0,0.9990833333333334,0.0,0.9990833333333334,exact_recall,canonical,equal_macro
placebo,192753,2026,primary,0,1,1,0.9989166666666667,0.0,0.9989166666666667,exact_recall,canonical,equal_macro
placebo,192753,2026,primary,1,0,0,0.029666666666666664,0.0,0.029666666666666664,exact_recall,canonical,equal_macro
placebo,192753,2026,primary,1,0,1,0.09283333333333332,0.0,0.09283333333333332,exact_recall,canonical,equal_macro
placebo,192753,2026,primary,1,1,0,0.029416666666666664,0.0,0.029416666666666664,exact_recall,canonical,equal_macro
placebo,192753,2026,primary,1,1,1,0.09283333333333334,0.0,0.09283333333333334,exact_recall,canonical,equal_macro
placebo,192753,3407,primary,0,0,0,0.9987499999999999,0.0,0.9987499999999999,exact_recall,canonical,equal_macro
placebo,192753,3407,primary,0,0,1,0.9991666666666666,0.0,0.9991666666666666,exact_recall,canonical,equal_macro
placebo,192753,3407,primary,0,1,0,0.999,0.0,0.999,exact_recall,canonical,equal_macro
placebo,192753,3407,primary,0,1,1,0.9991666666666666,0.0,0.9991666666666666,exact_recall,canonical,equal_macro
placebo,192753,3407,primary,1,0,0,0.038,0.0,0.038,exact_recall,canonical,equal_macro
placebo,192753,3407,primary,1,0,1,0.14533333333333334,0.0,0.14533333333333334,exact_recall,canonical,equal_macro
placebo,192753,3407,primary,1,1,0,0.03766666666666667,0.0,0.03766666666666667,exact_recall,canonical,equal_macro
placebo,192753,3407,primary,1,1,1,0.13941666666666666,0.0,0.13941666666666666,exact_recall,canonical,equal_macro
placebo,222537,7,primary,0,0,0,0.999,0.0,0.999,exact_recall,canonical,equal_macro
placebo,222537,7,primary,0,0,1,0.9989166666666667,0.0,0.9989166666666667,exact_recall,canonical,equal_macro
placebo,222537,7,primary,0,1,0,0.999,0.0,0.999,exact_recall,canonical,equal_macro
placebo,222537,7,primary,0,1,1,0.99925,0.0,0.99925,exact_recall,canonical,equal_macro
placebo,222537,7,primary,1,0,0,0.03341666666666667,0.0,0.03341666666666667,exact_recall,canonical,equal_macro
placebo,222537,7,primary,1,0,1,0.051083333333333335,0.0,0.051083333333333335,exact_recall,canonical,equal_macro
placebo,222537,7,primary,1,1,0,0.03275,0.0,0.03275,exact_recall,canonical,equal_macro
placebo,222537,7,primary,1,1,1,0.048749999999999995,0.0,0.048749999999999995,exact_recall,canonical,equal_macro
placebo,222537,42,primary,0,0,0,0.9990833333333334,0.0,0.9990833333333334,exact_recall,canonical,equal_macro
placebo,222537,42,primary,0,0,1,0.99925,0.0,0.99925,exact_recall,canonical,equal_macro
placebo,222537,42,primary,0,1,0,0.9989166666666667,0.0,0.9989166666666667,exact_recall,canonical,equal_macro
placebo,222537,42,primary,0,1,1,0.9991666666666666,0.0,0.9991666666666666,exact_recall,canonical,equal_macro
placebo,222537,42,primary,1,0,0,0.027583333333333335,0.0,0.027583333333333335,exact_recall,canonical,equal_macro
placebo,222537,42,primary,1,0,1,0.030916666666666665,0.0,0.030916666666666665,exact_recall,canonical,equal_macro
placebo,222537,42,primary,1,1,0,0.02691666666666667,0.0,0.02691666666666667,exact_recall,canonical,equal_macro
placebo,222537,42,primary,1,1,1,0.03,0.0,0.03,exact_recall,canonical,equal_macro
placebo,222537,123,primary,0,0,0,0.9990833333333334,0.0,0.9990833333333334,exact_recall,canonical,equal_macro
placebo,222537,123,primary,0,0,1,0.99925,0.0,0.99925,exact_recall,canonical,equal_macro
placebo,222537,123,primary,0,1,0,0.9990833333333334,0.0,0.9990833333333334,exact_recall,canonical,equal_macro
placebo,222537,123,primary,0,1,1,0.99925,0.0,0.99925,exact_recall,canonical,equal_macro
placebo,222537,123,primary,1,0,0,0.030083333333333333,0.0,0.030083333333333333,exact_recall,canonical,equal_macro
placebo,222537,123,primary,1,0,1,0.041416666666666664,0.0,0.041416666666666664,exact_recall,canonical,equal_macro
placebo,222537,123,primary,1,1,0,0.03025,0.0,0.03025,exact_recall,canonical,equal_macro
placebo,222537,123,primary,1,1,1,0.041416666666666664,0.0,0.041416666666666664,exact_recall,canonical,equal_macro
placebo,222537,2026,primary,0,0,0,0.9986666666666667,0.0,0.9986666666666667,exact_recall,canonical,equal_macro
placebo,222537,2026,primary,0,0,1,0.9989166666666667,0.0,0.9989166666666667,exact_recall,canonical,equal_macro
placebo,222537,2026,primary,0,1,0,0.9990833333333334,0.0,0.9990833333333334,exact_recall,canonical,equal_macro
placebo,222537,2026,primary,0,1,1,0.9991666666666666,0.0,0.9991666666666666,exact_recall,canonical,equal_macro
placebo,222537,2026,primary,1,0,0,0.03883333333333333,0.0,0.03883333333333333,exact_recall,canonical,equal_macro
placebo,222537,2026,primary,1,0,1,0.030833333333333334,0.0,0.030833333333333334,exact_recall,canonical,equal_macro
placebo,222537,2026,primary,1,1,0,0.036833333333333336,0.0,0.036833333333333336,exact_recall,canonical,equal_macro
placebo,222537,2026,primary,1,1,1,0.029833333333333333,0.0,0.029833333333333333,exact_recall,canonical,equal_macro
placebo,222537,3407,primary,0,0,0,0.9991666666666666,0.0,0.9991666666666666,exact_recall,canonical,equal_macro
placebo,222537,3407,primary,0,0,1,0.9993333333333334,0.0,0.9993333333333334,exact_recall,canonical,equal_macro
placebo,222537,3407,primary,0,1,0,0.99925,0.0,0.99925,exact_recall,canonical,equal_macro
placebo,222537,3407,primary,0,1,1,0.9993333333333334,0.0,0.9993333333333334,exact_recall,canonical,equal_macro
placebo,222537,3407,primary,1,0,0,0.0375,0.0,0.0375,exact_recall,canonical,equal_macro
placebo,222537,3407,primary,1,0,1,0.05591666666666667,0.0,0.05591666666666667,exact_recall,canonical,equal_macro
placebo,222537,3407,primary,1,1,0,0.03833333333333333,0.0,0.03833333333333333,exact_recall,canonical,equal_macro
placebo,222537,3407,primary,1,1,1,0.059416666666666666,0.0,0.059416666666666666,exact_recall,canonical,equal_macro
placebo,271828,7,bridge_sensitivity,0,0,0,0.9988333333333334,0.0,0.9988333333333334,exact_recall,canonical,equal_macro
placebo,271828,7,bridge_sensitivity,0,0,1,0.9988333333333334,0.0,0.9988333333333334,exact_recall,canonical,equal_macro
placebo,271828,7,bridge_sensitivity,0,1,0,0.999,0.0,0.999,exact_recall,canonical,equal_macro
placebo,271828,7,bridge_sensitivity,0,1,1,0.999,0.0,0.999,exact_recall,canonical,equal_macro
placebo,271828,7,bridge_sensitivity,1,0,0,0.06883333333333334,0.0,0.06883333333333334,exact_recall,canonical,equal_macro
placebo,271828,7,bridge_sensitivity,1,0,1,0.14425000000000002,0.0,0.14425000000000002,exact_recall,canonical,equal_macro
placebo,271828,7,bridge_sensitivity,1,1,0,0.06675,0.0,0.06675,exact_recall,canonical,equal_macro
placebo,271828,7,bridge_sensitivity,1,1,1,0.13733333333333334,0.0,0.13733333333333334,exact_recall,canonical,equal_macro
placebo,271828,42,bridge_sensitivity,0,0,0,0.999,0.0,0.999,exact_recall,canonical,equal_macro
placebo,271828,42,bridge_sensitivity,0,0,1,0.9993333333333334,0.0,0.9993333333333334,exact_recall,canonical,equal_macro
placebo,271828,42,bridge_sensitivity,0,1,0,0.9991666666666666,0.0,0.9991666666666666,exact_recall,canonical,equal_macro
placebo,271828,42,bridge_sensitivity,0,1,1,0.9993333333333334,0.0,0.9993333333333334,exact_recall,canonical,equal_macro
placebo,271828,42,bridge_sensitivity,1,0,0,0.08041666666666668,0.0,0.08041666666666668,exact_recall,canonical,equal_macro
placebo,271828,42,bridge_sensitivity,1,0,1,0.10108333333333334,0.0,0.10108333333333334,exact_recall,canonical,equal_macro
placebo,271828,42,bridge_sensitivity,1,1,0,0.07925,0.0,0.07925,exact_recall,canonical,equal_macro
placebo,271828,42,bridge_sensitivity,1,1,1,0.09341666666666666,0.0,0.09341666666666666,exact_recall,canonical,equal_macro
placebo,271828,123,bridge_sensitivity,0,0,0,0.9989166666666667,0.0,0.9989166666666667,exact_recall,canonical,equal_macro
placebo,271828,123,bridge_sensitivity,0,0,1,0.999,0.0,0.999,exact_recall,canonical,equal_macro
placebo,271828,123,bridge_sensitivity,0,1,0,0.99925,0.0,0.99925,exact_recall,canonical,equal_macro
placebo,271828,123,bridge_sensitivity,0,1,1,0.99925,0.0,0.99925,exact_recall,canonical,equal_macro
placebo,271828,123,bridge_sensitivity,1,0,0,0.045000000000000005,0.0,0.045000000000000005,exact_recall,canonical,equal_macro
placebo,271828,123,bridge_sensitivity,1,0,1,0.08183333333333333,0.0,0.08183333333333333,exact_recall,canonical,equal_macro
placebo,271828,123,bridge_sensitivity,1,1,0,0.04724999999999999,0.0,0.04724999999999999,exact_recall,canonical,equal_macro
placebo,271828,123,bridge_sensitivity,1,1,1,0.08766666666666667,0.0,0.08766666666666667,exact_recall,canonical,equal_macro
placebo,271828,2026,bridge_sensitivity,0,0,0,0.9989166666666667,0.0,0.9989166666666667,exact_recall,canonical,equal_macro
placebo,271828,2026,bridge_sensitivity,0,0,1,0.999,0.0,0.999,exact_recall,canonical,equal_macro
placebo,271828,2026,bridge_sensitivity,0,1,0,0.9991666666666666,0.0,0.9991666666666666,exact_recall,canonical,equal_macro
placebo,271828,2026,bridge_sensitivity,0,1,1,0.9991666666666666,0.0,0.9991666666666666,exact_recall,canonical,equal_macro
placebo,271828,2026,bridge_sensitivity,1,0,0,0.03025,0.0,0.03025,exact_recall,canonical,equal_macro
placebo,271828,2026,bridge_sensitivity,1,0,1,0.050416666666666665,0.0,0.050416666666666665,exact_recall,canonical,equal_macro
placebo,271828,2026,bridge_sensitivity,1,1,0,0.03025,0.0,0.03025,exact_recall,canonical,equal_macro
placebo,271828,2026,bridge_sensitivity,1,1,1,0.049999999999999996,0.0,0.049999999999999996,exact_recall,canonical,equal_macro
placebo,271828,3407,bridge_sensitivity,0,0,0,0.99925,0.0,0.99925,exact_recall,canonical,equal_macro
placebo,271828,3407,bridge_sensitivity,0,0,1,0.9991666666666666,0.0,0.9991666666666666,exact_recall,canonical,equal_macro
placebo,271828,3407,bridge_sensitivity,0,1,0,0.99925,0.0,0.99925,exact_recall,canonical,equal_macro
placebo,271828,3407,bridge_sensitivity,0,1,1,0.99925,0.0,0.99925,exact_recall,canonical,equal_macro
placebo,271828,3407,bridge_sensitivity,1,0,0,0.03233333333333333,0.0,0.03233333333333333,exact_recall,canonical,equal_macro
placebo,271828,3407,bridge_sensitivity,1,0,1,0.043833333333333335,0.0,0.043833333333333335,exact_recall,canonical,equal_macro
placebo,271828,3407,bridge_sensitivity,1,1,0,0.03283333333333333,0.0,0.03283333333333333,exact_recall,canonical,equal_macro
placebo,271828,3407,bridge_sensitivity,1,1,1,0.04108333333333333,0.0,0.04108333333333333,exact_recall,canonical,equal_macro
placebo,298581,7,primary,0,0,0,0.9987500000000001,0.0,0.9987500000000001,exact_recall,canonical,equal_macro
placebo,298581,7,primary,0,0,1,0.9988333333333334,0.0,0.9988333333333334,exact_recall,canonical,equal_macro
placebo,298581,7,primary,0,1,0,0.9990833333333334,0.0,0.9990833333333334,exact_recall,canonical,equal_macro
placebo,298581,7,primary,0,1,1,0.999,0.0,0.999,exact_recall,canonical,equal_macro
placebo,298581,7,primary,1,0,0,0.0665,0.0,0.0665,exact_recall,canonical,equal_macro
placebo,298581,7,primary,1,0,1,0.17566666666666667,0.0,0.17566666666666667,exact_recall,canonical,equal_macro
placebo,298581,7,primary,1,1,0,0.06725,0.0,0.06725,exact_recall,canonical,equal_macro
placebo,298581,7,primary,1,1,1,0.17733333333333334,0.0,0.17733333333333334,exact_recall,canonical,equal_macro
placebo,298581,42,primary,0,0,0,0.9987499999999999,0.0,0.9987499999999999,exact_recall,canonical,equal_macro
placebo,298581,42,primary,0,0,1,0.9988333333333334,0.0,0.9988333333333334,exact_recall,canonical,equal_macro
placebo,298581,42,primary,0,1,0,0.9990833333333334,0.0,0.9990833333333334,exact_recall,canonical,equal_macro
placebo,298581,42,primary,0,1,1,0.9989166666666667,0.0,0.9989166666666667,exact_recall,canonical,equal_macro
placebo,298581,42,primary,1,0,0,0.029083333333333333,0.0,0.029083333333333333,exact_recall,canonical,equal_macro
placebo,298581,42,primary,1,0,1,0.048666666666666664,0.0,0.048666666666666664,exact_recall,canonical,equal_macro
placebo,298581,42,primary,1,1,0,0.028916666666666663,0.0,0.028916666666666663,exact_recall,canonical,equal_macro
placebo,298581,42,primary,1,1,1,0.04724999999999999,0.0,0.04724999999999999,exact_recall,canonical,equal_macro
placebo,298581,123,primary,0,0,0,0.99925,0.0,0.99925,exact_recall,canonical,equal_macro
placebo,298581,123,primary,0,0,1,0.9991666666666666,0.0,0.9991666666666666,exact_recall,canonical,equal_macro
placebo,298581,123,primary,0,1,0,0.9993333333333334,0.0,0.9993333333333334,exact_recall,canonical,equal_macro
placebo,298581,123,primary,0,1,1,0.9993333333333334,0.0,0.9993333333333334,exact_recall,canonical,equal_macro
placebo,298581,123,primary,1,0,0,0.029166666666666664,0.0,0.029166666666666664,exact_recall,canonical,equal_macro
placebo,298581,123,primary,1,0,1,0.028999999999999998,0.0,0.028999999999999998,exact_recall,canonical,equal_macro
placebo,298581,123,primary,1,1,0,0.02875,0.0,0.02875,exact_recall,canonical,equal_macro
placebo,298581,123,primary,1,1,1,0.028499999999999998,0.0,0.028499999999999998,exact_recall,canonical,equal_macro
placebo,298581,2026,primary,0,0,0,0.9986666666666667,0.0,0.9986666666666667,exact_recall,canonical,equal_macro
placebo,298581,2026,primary,0,0,1,0.9986666666666668,0.0,0.9986666666666668,exact_recall,canonical,equal_macro
placebo,298581,2026,primary,0,1,0,0.999,0.0,0.999,exact_recall,canonical,equal_macro
placebo,298581,2026,primary,0,1,1,0.999,0.0,0.999,exact_recall,canonical,equal_macro
placebo,298581,2026,primary,1,0,0,0.029916666666666664,0.0,0.029916666666666664,exact_recall,canonical,equal_macro
placebo,298581,2026,primary,1,0,1,0.06458333333333334,0.0,0.06458333333333334,exact_recall,canonical,equal_macro
placebo,298581,2026,primary,1,1,0,0.03133333333333333,0.0,0.03133333333333333,exact_recall,canonical,equal_macro
placebo,298581,2026,primary,1,1,1,0.06441666666666666,0.0,0.06441666666666666,exact_recall,canonical,equal_macro
placebo,298581,3407,primary,0,0,0,0.9988333333333334,0.0,0.9988333333333334,exact_recall,canonical,equal_macro
placebo,298581,3407,primary,0,0,1,0.999,0.0,0.999,exact_recall,canonical,equal_macro
placebo,298581,3407,primary,0,1,0,0.9991666666666666,0.0,0.9991666666666666,exact_recall,canonical,equal_macro
placebo,298581,3407,primary,0,1,1,0.99925,0.0,0.99925,exact_recall,canonical,equal_macro
placebo,298581,3407,primary,1,0,0,0.043583333333333335,0.0,0.043583333333333335,exact_recall,canonical,equal_macro
placebo,298581,3407,primary,1,0,1,0.05425,0.0,0.05425,exact_recall,canonical,equal_macro
placebo,298581,3407,primary,1,1,0,0.040916666666666664,0.0,0.040916666666666664,exact_recall,canonical,equal_macro
placebo,298581,3407,primary,1,1,1,0.049416666666666664,0.0,0.049416666666666664,exact_recall,canonical,equal_macro
placebo,415637,7,primary,0,0,0,0.9987499999999999,0.0,0.9987499999999999,exact_recall,canonical,equal_macro
placebo,415637,7,primary,0,0,1,0.9988333333333334,0.0,0.9988333333333334,exact_recall,canonical,equal_macro
placebo,415637,7,primary,0,1,0,0.9991666666666666,0.0,0.9991666666666666,exact_recall,canonical,equal_macro
placebo,415637,7,primary,0,1,1,0.99925,0.0,0.99925,exact_recall,canonical,equal_macro
placebo,415637,7,primary,1,0,0,0.0745,0.0,0.0745,exact_recall,canonical,equal_macro
placebo,415637,7,primary,1,0,1,0.21250000000000002,0.0,0.21250000000000002,exact_recall,canonical,equal_macro
placebo,415637,7,primary,1,1,0,0.0745,0.0,0.0745,exact_recall,canonical,equal_macro
placebo,415637,7,primary,1,1,1,0.20133333333333334,0.0,0.20133333333333334,exact_recall,canonical,equal_macro
placebo,415637,42,primary,0,0,0,0.9986666666666667,0.0,0.9986666666666667,exact_recall,canonical,equal_macro
placebo,415637,42,primary,0,0,1,0.9993333333333334,0.0,0.9993333333333334,exact_recall,canonical,equal_macro
placebo,415637,42,primary,0,1,0,0.9990833333333334,0.0,0.9990833333333334,exact_recall,canonical,equal_macro
placebo,415637,42,primary,0,1,1,0.99925,0.0,0.99925,exact_recall,canonical,equal_macro
placebo,415637,42,primary,1,0,0,0.035083333333333334,0.0,0.035083333333333334,exact_recall,canonical,equal_macro
placebo,415637,42,primary,1,0,1,0.03741666666666667,0.0,0.03741666666666667,exact_recall,canonical,equal_macro
placebo,415637,42,primary,1,1,0,0.035583333333333335,0.0,0.035583333333333335,exact_recall,canonical,equal_macro
placebo,415637,42,primary,1,1,1,0.036916666666666674,0.0,0.036916666666666674,exact_recall,canonical,equal_macro
placebo,415637,123,primary,0,0,0,0.9989166666666667,0.0,0.9989166666666667,exact_recall,canonical,equal_macro
placebo,415637,123,primary,0,0,1,0.9990833333333334,0.0,0.9990833333333334,exact_recall,canonical,equal_macro
placebo,415637,123,primary,0,1,0,0.9991666666666666,0.0,0.9991666666666666,exact_recall,canonical,equal_macro
placebo,415637,123,primary,0,1,1,0.9993333333333334,0.0,0.9993333333333334,exact_recall,canonical,equal_macro
placebo,415637,123,primary,1,0,0,0.052,0.0,0.052,exact_recall,canonical,equal_macro
placebo,415637,123,primary,1,0,1,0.13141666666666665,0.0,0.13141666666666665,exact_recall,canonical,equal_macro
placebo,415637,123,primary,1,1,0,0.05016666666666667,0.0,0.05016666666666667,exact_recall,canonical,equal_macro
placebo,415637,123,primary,1,1,1,0.1265,0.0,0.1265,exact_recall,canonical,equal_macro
placebo,415637,2026,primary,0,0,0,0.9989166666666667,0.0,0.9989166666666667,exact_recall,canonical,equal_macro
placebo,415637,2026,primary,0,0,1,0.9988333333333334,0.0,0.9988333333333334,exact_recall,canonical,equal_macro
placebo,415637,2026,primary,0,1,0,0.9994166666666667,0.0,0.9994166666666667,exact_recall,canonical,equal_macro
placebo,415637,2026,primary,0,1,1,0.9990833333333334,0.0,0.9990833333333334,exact_recall,canonical,equal_macro
placebo,415637,2026,primary,1,0,0,0.13241666666666665,0.0,0.13241666666666665,exact_recall,canonical,equal_macro
placebo,415637,2026,primary,1,0,1,0.16158333333333333,0.0,0.16158333333333333,exact_recall,canonical,equal_macro
placebo,415637,2026,primary,1,1,0,0.12675,0.0,0.12675,exact_recall,canonical,equal_macro
placebo,415637,2026,primary,1,1,1,0.15491666666666667,0.0,0.15491666666666667,exact_recall,canonical,equal_macro
placebo,415637,3407,primary,0,0,0,0.9989166666666667,0.0,0.9989166666666667,exact_recall,canonical,equal_macro
placebo,415637,3407,primary,0,0,1,0.999,0.0,0.999,exact_recall,canonical,equal_macro
placebo,415637,3407,primary,0,1,0,0.9990833333333334,0.0,0.9990833333333334,exact_recall,canonical,equal_macro
placebo,415637,3407,primary,0,1,1,0.99925,0.0,0.99925,exact_recall,canonical,equal_macro
placebo,415637,3407,primary,1,0,0,0.06816666666666667,0.0,0.06816666666666667,exact_recall,canonical,equal_macro
placebo,415637,3407,primary,1,0,1,0.18158333333333335,0.0,0.18158333333333335,exact_recall,canonical,equal_macro
placebo,415637,3407,primary,1,1,0,0.06866666666666667,0.0,0.06866666666666667,exact_recall,canonical,equal_macro
placebo,415637,3407,primary,1,1,1,0.17758333333333332,0.0,0.17758333333333332,exact_recall,canonical,equal_macro
placebo,457191,7,primary,0,0,0,0.9990833333333334,0.0,0.9990833333333334,exact_recall,canonical,equal_macro
placebo,457191,7,primary,0,0,1,0.999,0.0,0.999,exact_recall,canonical,equal_macro
placebo,457191,7,primary,0,1,0,0.99925,0.0,0.99925,exact_recall,canonical,equal_macro
placebo,457191,7,primary,0,1,1,0.9990833333333334,0.0,0.9990833333333334,exact_recall,canonical,equal_macro
placebo,457191,7,primary,1,0,0,0.06933333333333334,0.0,0.06933333333333334,exact_recall,canonical,equal_macro
placebo,457191,7,primary,1,0,1,0.3053333333333333,0.0,0.3053333333333333,exact_recall,canonical,equal_macro
placebo,457191,7,primary,1,1,0,0.0675,0.0,0.0675,exact_recall,canonical,equal_macro
placebo,457191,7,primary,1,1,1,0.29941666666666666,0.0,0.29941666666666666,exact_recall,canonical,equal_macro
placebo,457191,42,primary,0,0,0,0.9988333333333334,0.0,0.9988333333333334,exact_recall,canonical,equal_macro
placebo,457191,42,primary,0,0,1,0.9988333333333334,0.0,0.9988333333333334,exact_recall,canonical,equal_macro
placebo,457191,42,primary,0,1,0,0.9989166666666667,0.0,0.9989166666666667,exact_recall,canonical,equal_macro
placebo,457191,42,primary,0,1,1,0.999,0.0,0.999,exact_recall,canonical,equal_macro
placebo,457191,42,primary,1,0,0,0.09075,0.0,0.09075,exact_recall,canonical,equal_macro
placebo,457191,42,primary,1,0,1,0.31583333333333335,0.0,0.31583333333333335,exact_recall,canonical,equal_macro
placebo,457191,42,primary,1,1,0,0.08816666666666666,0.0,0.08816666666666666,exact_recall,canonical,equal_macro
placebo,457191,42,primary,1,1,1,0.309,0.0,0.309,exact_recall,canonical,equal_macro
placebo,457191,123,primary,0,0,0,0.9991666666666666,0.0,0.9991666666666666,exact_recall,canonical,equal_macro
placebo,457191,123,primary,0,0,1,0.9989166666666667,0.0,0.9989166666666667,exact_recall,canonical,equal_macro
placebo,457191,123,primary,0,1,0,0.999,0.0,0.999,exact_recall,canonical,equal_macro
placebo,457191,123,primary,0,1,1,0.9990833333333334,0.0,0.9990833333333334,exact_recall,canonical,equal_macro
placebo,457191,123,primary,1,0,0,0.04583333333333334,0.0,0.04583333333333334,exact_recall,canonical,equal_macro
placebo,457191,123,primary,1,0,1,0.07058333333333335,0.0,0.07058333333333335,exact_recall,canonical,equal_macro
placebo,457191,123,primary,1,1,0,0.044500000000000005,0.0,0.044500000000000005,exact_recall,canonical,equal_macro
placebo,457191,123,primary,1,1,1,0.06733333333333334,0.0,0.06733333333333334,exact_recall,canonical,equal_macro
placebo,457191,2026,primary,0,0,0,0.9989166666666667,0.0,0.9989166666666667,exact_recall,canonical,equal_macro
placebo,457191,2026,primary,0,0,1,0.999,0.0,0.999,exact_recall,canonical,equal_macro
placebo,457191,2026,primary,0,1,0,0.999,0.0,0.999,exact_recall,canonical,equal_macro
placebo,457191,2026,primary,0,1,1,0.9990833333333334,0.0,0.9990833333333334,exact_recall,canonical,equal_macro
placebo,457191,2026,primary,1,0,0,0.028583333333333336,0.0,0.028583333333333336,exact_recall,canonical,equal_macro
placebo,457191,2026,primary,1,0,1,0.042666666666666665,0.0,0.042666666666666665,exact_recall,canonical,equal_macro
placebo,457191,2026,primary,1,1,0,0.028749999999999998,0.0,0.028749999999999998,exact_recall,canonical,equal_macro
placebo,457191,2026,primary,1,1,1,0.04308333333333333,0.0,0.04308333333333333,exact_recall,canonical,equal_macro
placebo,457191,3407,primary,0,0,0,0.999,0.0,0.999,exact_recall,canonical,equal_macro
placebo,457191,3407,primary,0,0,1,0.999,0.0,0.999,exact_recall,canonical,equal_macro
placebo,457191,3407,primary,0,1,0,0.9991666666666666,0.0,0.9991666666666666,exact_recall,canonical,equal_macro
placebo,457191,3407,primary,0,1,1,0.99925,0.0,0.99925,exact_recall,canonical,equal_macro
placebo,457191,3407,primary,1,0,0,0.03375,0.0,0.03375,exact_recall,canonical,equal_macro
placebo,457191,3407,primary,1,0,1,0.034333333333333334,0.0,0.034333333333333334,exact_recall,canonical,equal_macro
placebo,457191,3407,primary,1,1,0,0.03375,0.0,0.03375,exact_recall,canonical,equal_macro
placebo,457191,3407,primary,1,1,1,0.032,0.0,0.032,exact_recall,canonical,equal_macro
placebo,459336,7,primary,0,0,0,0.999,0.0,0.999,exact_recall,canonical,equal_macro
placebo,459336,7,primary,0,0,1,0.9986666666666668,0.0,0.9986666666666668,exact_recall,canonical,equal_macro
placebo,459336,7,primary,0,1,0,0.9991666666666666,0.0,0.9991666666666666,exact_recall,canonical,equal_macro
placebo,459336,7,primary,0,1,1,0.9990833333333334,0.0,0.9990833333333334,exact_recall,canonical,equal_macro
placebo,459336,7,primary,1,0,0,0.09824999999999999,0.0,0.09824999999999999,exact_recall,canonical,equal_macro
placebo,459336,7,primary,1,0,1,0.25716666666666665,0.0,0.25716666666666665,exact_recall,canonical,equal_macro
placebo,459336,7,primary,1,1,0,0.09891666666666665,0.0,0.09891666666666665,exact_recall,canonical,equal_macro
placebo,459336,7,primary,1,1,1,0.2511666666666667,0.0,0.2511666666666667,exact_recall,canonical,equal_macro
placebo,459336,42,primary,0,0,0,0.9989166666666667,0.0,0.9989166666666667,exact_recall,canonical,equal_macro
placebo,459336,42,primary,0,0,1,0.99925,0.0,0.99925,exact_recall,canonical,equal_macro
placebo,459336,42,primary,0,1,0,0.9991666666666666,0.0,0.9991666666666666,exact_recall,canonical,equal_macro
placebo,459336,42,primary,0,1,1,0.9991666666666666,0.0,0.9991666666666666,exact_recall,canonical,equal_macro
placebo,459336,42,primary,1,0,0,0.06841666666666667,0.0,0.06841666666666667,exact_recall,canonical,equal_macro
placebo,459336,42,primary,1,0,1,0.15958333333333333,0.0,0.15958333333333333,exact_recall,canonical,equal_macro
placebo,459336,42,primary,1,1,0,0.06808333333333334,0.0,0.06808333333333334,exact_recall,canonical,equal_macro
placebo,459336,42,primary,1,1,1,0.158,0.0,0.158,exact_recall,canonical,equal_macro
placebo,459336,123,primary,0,0,0,0.999,0.0,0.999,exact_recall,canonical,equal_macro
placebo,459336,123,primary,0,0,1,0.9990833333333334,0.0,0.9990833333333334,exact_recall,canonical,equal_macro
placebo,459336,123,primary,0,1,0,0.999,0.0,0.999,exact_recall,canonical,equal_macro
placebo,459336,123,primary,0,1,1,0.999,0.0,0.999,exact_recall,canonical,equal_macro
placebo,459336,123,primary,1,0,0,0.03308333333333333,0.0,0.03308333333333333,exact_recall,canonical,equal_macro
placebo,459336,123,primary,1,0,1,0.13216666666666668,0.0,0.13216666666666668,exact_recall,canonical,equal_macro
placebo,459336,123,primary,1,1,0,0.034416666666666665,0.0,0.034416666666666665,exact_recall,canonical,equal_macro
placebo,459336,123,primary,1,1,1,0.1305,0.0,0.1305,exact_recall,canonical,equal_macro
placebo,459336,2026,primary,0,0,0,0.999,0.0,0.999,exact_recall,canonical,equal_macro
placebo,459336,2026,primary,0,0,1,0.9990833333333334,0.0,0.9990833333333334,exact_recall,canonical,equal_macro
placebo,459336,2026,primary,0,1,0,0.9991666666666666,0.0,0.9991666666666666,exact_recall,canonical,equal_macro
placebo,459336,2026,primary,0,1,1,0.9991666666666666,0.0,0.9991666666666666,exact_recall,canonical,equal_macro
placebo,459336,2026,primary,1,0,0,0.07175,0.0,0.07175,exact_recall,canonical,equal_macro
placebo,459336,2026,primary,1,0,1,0.158,0.0,0.158,exact_recall,canonical,equal_macro
placebo,459336,2026,primary,1,1,0,0.06908333333333334,0.0,0.06908333333333334,exact_recall,canonical,equal_macro
placebo,459336,2026,primary,1,1,1,0.15366666666666665,0.0,0.15366666666666665,exact_recall,canonical,equal_macro
placebo,459336,3407,primary,0,0,0,0.9989166666666667,0.0,0.9989166666666667,exact_recall,canonical,equal_macro
placebo,459336,3407,primary,0,0,1,0.99925,0.0,0.99925,exact_recall,canonical,equal_macro
placebo,459336,3407,primary,0,1,0,0.9990833333333334,0.0,0.9990833333333334,exact_recall,canonical,equal_macro
placebo,459336,3407,primary,0,1,1,0.99925,0.0,0.99925,exact_recall,canonical,equal_macro
placebo,459336,3407,primary,1,0,0,0.08308333333333333,0.0,0.08308333333333333,exact_recall,canonical,equal_macro
placebo,459336,3407,primary,1,0,1,0.06675,0.0,0.06675,exact_recall,canonical,equal_macro
placebo,459336,3407,primary,1,1,0,0.08283333333333333,0.0,0.08283333333333333,exact_recall,canonical,equal_macro
placebo,459336,3407,primary,1,1,1,0.063,0.0,0.063,exact_recall,canonical,equal_macro
placebo,467232,7,primary,0,0,0,0.9988333333333334,0.0,0.9988333333333334,exact_recall,canonical,equal_macro
placebo,467232,7,primary,0,0,1,0.9986666666666667,0.0,0.9986666666666667,exact_recall,canonical,equal_macro
placebo,467232,7,primary,0,1,0,0.999,0.0,0.999,exact_recall,canonical,equal_macro
placebo,467232,7,primary,0,1,1,0.999,0.0,0.999,exact_recall,canonical,equal_macro
placebo,467232,7,primary,1,0,0,0.07566666666666667,0.0,0.07566666666666667,exact_recall,canonical,equal_macro
placebo,467232,7,primary,1,0,1,0.26366666666666666,0.0,0.26366666666666666,exact_recall,canonical,equal_macro
placebo,467232,7,primary,1,1,0,0.076,0.0,0.076,exact_recall,canonical,equal_macro
placebo,467232,7,primary,1,1,1,0.25866666666666666,0.0,0.25866666666666666,exact_recall,canonical,equal_macro
placebo,467232,42,primary,0,0,0,0.9989166666666667,0.0,0.9989166666666667,exact_recall,canonical,equal_macro
placebo,467232,42,primary,0,0,1,0.9990833333333334,0.0,0.9990833333333334,exact_recall,canonical,equal_macro
placebo,467232,42,primary,0,1,0,0.9989166666666667,0.0,0.9989166666666667,exact_recall,canonical,equal_macro
placebo,467232,42,primary,0,1,1,0.999,0.0,0.999,exact_recall,canonical,equal_macro
placebo,467232,42,primary,1,0,0,0.034833333333333334,0.0,0.034833333333333334,exact_recall,canonical,equal_macro
placebo,467232,42,primary,1,0,1,0.05983333333333333,0.0,0.05983333333333333,exact_recall,canonical,equal_macro
placebo,467232,42,primary,1,1,0,0.03241666666666667,0.0,0.03241666666666667,exact_recall,canonical,equal_macro
placebo,467232,42,primary,1,1,1,0.05658333333333334,0.0,0.05658333333333334,exact_recall,canonical,equal_macro
placebo,467232,123,primary,0,0,0,0.9990833333333334,0.0,0.9990833333333334,exact_recall,canonical,equal_macro
placebo,467232,123,primary,0,0,1,0.9985833333333334,0.0,0.9985833333333334,exact_recall,canonical,equal_macro
placebo,467232,123,primary,0,1,0,0.9990833333333334,0.0,0.9990833333333334,exact_recall,canonical,equal_macro
placebo,467232,123,primary,0,1,1,0.999,0.0,0.999,exact_recall,canonical,equal_macro
placebo,467232,123,primary,1,0,0,0.028416666666666663,0.0,0.028416666666666663,exact_recall,canonical,equal_macro
placebo,467232,123,primary,1,0,1,0.03233333333333333,0.0,0.03233333333333333,exact_recall,canonical,equal_macro
placebo,467232,123,primary,1,1,0,0.028583333333333332,0.0,0.028583333333333332,exact_recall,canonical,equal_macro
placebo,467232,123,primary,1,1,1,0.031083333333333334,0.0,0.031083333333333334,exact_recall,canonical,equal_macro
placebo,467232,2026,primary,0,0,0,0.9987499999999999,0.0,0.9987499999999999,exact_recall,canonical,equal_macro
placebo,467232,2026,primary,0,0,1,0.9988333333333334,0.0,0.9988333333333334,exact_recall,canonical,equal_macro
placebo,467232,2026,primary,0,1,0,0.9987499999999999,0.0,0.9987499999999999,exact_recall,canonical,equal_macro
placebo,467232,2026,primary,0,1,1,0.999,0.0,0.999,exact_recall,canonical,equal_macro
placebo,467232,2026,primary,1,0,0,0.09416666666666666,0.0,0.09416666666666666,exact_recall,canonical,equal_macro
placebo,467232,2026,primary,1,0,1,0.16716666666666669,0.0,0.16716666666666669,exact_recall,canonical,equal_macro
placebo,467232,2026,primary,1,1,0,0.09458333333333334,0.0,0.09458333333333334,exact_recall,canonical,equal_macro
placebo,467232,2026,primary,1,1,1,0.16216666666666665,0.0,0.16216666666666665,exact_recall,canonical,equal_macro
placebo,467232,3407,primary,0,0,0,0.999,0.0,0.999,exact_recall,canonical,equal_macro
placebo,467232,3407,primary,0,0,1,0.9989166666666667,0.0,0.9989166666666667,exact_recall,canonical,equal_macro
placebo,467232,3407,primary,0,1,0,0.9990833333333334,0.0,0.9990833333333334,exact_recall,canonical,equal_macro
placebo,467232,3407,primary,0,1,1,0.999,0.0,0.999,exact_recall,canonical,equal_macro
placebo,467232,3407,primary,1,0,0,0.03491666666666667,0.0,0.03491666666666667,exact_recall,canonical,equal_macro
placebo,467232,3407,primary,1,0,1,0.10149999999999999,0.0,0.10149999999999999,exact_recall,canonical,equal_macro
placebo,467232,3407,primary,1,1,0,0.03516666666666667,0.0,0.03516666666666667,exact_recall,canonical,equal_macro
placebo,467232,3407,primary,1,1,1,0.10275,0.0,0.10275,exact_recall,canonical,equal_macro
placebo,485791,7,primary,0,0,0,0.9990833333333334,0.0,0.9990833333333334,exact_recall,canonical,equal_macro
placebo,485791,7,primary,0,0,1,0.9990833333333334,0.0,0.9990833333333334,exact_recall,canonical,equal_macro
placebo,485791,7,primary,0,1,0,0.9991666666666666,0.0,0.9991666666666666,exact_recall,canonical,equal_macro
placebo,485791,7,primary,0,1,1,0.9990833333333334,0.0,0.9990833333333334,exact_recall,canonical,equal_macro
placebo,485791,7,primary,1,0,0,0.03241666666666667,0.0,0.03241666666666667,exact_recall,canonical,equal_macro
placebo,485791,7,primary,1,0,1,0.03891666666666666,0.0,0.03891666666666666,exact_recall,canonical,equal_macro
placebo,485791,7,primary,1,1,0,0.03241666666666667,0.0,0.03241666666666667,exact_recall,canonical,equal_macro
placebo,485791,7,primary,1,1,1,0.03858333333333334,0.0,0.03858333333333334,exact_recall,canonical,equal_macro
placebo,485791,42,primary,0,0,0,0.9990833333333334,0.0,0.9990833333333334,exact_recall,canonical,equal_macro
placebo,485791,42,primary,0,0,1,0.9990833333333334,0.0,0.9990833333333334,exact_recall,canonical,equal_macro
placebo,485791,42,primary,0,1,0,0.9991666666666666,0.0,0.9991666666666666,exact_recall,canonical,equal_macro
placebo,485791,42,primary,0,1,1,0.9993333333333334,0.0,0.9993333333333334,exact_recall,canonical,equal_macro
placebo,485791,42,primary,1,0,0,0.029083333333333333,0.0,0.029083333333333333,exact_recall,canonical,equal_macro
placebo,485791,42,primary,1,0,1,0.04783333333333333,0.0,0.04783333333333333,exact_recall,canonical,equal_macro
placebo,485791,42,primary,1,1,0,0.028749999999999998,0.0,0.028749999999999998,exact_recall,canonical,equal_macro
placebo,485791,42,primary,1,1,1,0.04633333333333334,0.0,0.04633333333333334,exact_recall,canonical,equal_macro
placebo,485791,123,primary,0,0,0,0.999,0.0,0.999,exact_recall,canonical,equal_macro
placebo,485791,123,primary,0,0,1,0.9991666666666666,0.0,0.9991666666666666,exact_recall,canonical,equal_macro
placebo,485791,123,primary,0,1,0,0.9991666666666666,0.0,0.9991666666666666,exact_recall,canonical,equal_macro
placebo,485791,123,primary,0,1,1,0.9991666666666666,0.0,0.9991666666666666,exact_recall,canonical,equal_macro
placebo,485791,123,primary,1,0,0,0.036333333333333336,0.0,0.036333333333333336,exact_recall,canonical,equal_macro
placebo,485791,123,primary,1,0,1,0.06191666666666667,0.0,0.06191666666666667,exact_recall,canonical,equal_macro
placebo,485791,123,primary,1,1,0,0.035083333333333334,0.0,0.035083333333333334,exact_recall,canonical,equal_macro
placebo,485791,123,primary,1,1,1,0.06125,0.0,0.06125,exact_recall,canonical,equal_macro
placebo,485791,2026,primary,0,0,0,0.9989166666666667,0.0,0.9989166666666667,exact_recall,canonical,equal_macro
placebo,485791,2026,primary,0,0,1,0.999,0.0,0.999,exact_recall,canonical,equal_macro
placebo,485791,2026,primary,0,1,0,0.9990833333333334,0.0,0.9990833333333334,exact_recall,canonical,equal_macro
placebo,485791,2026,primary,0,1,1,0.9989166666666667,0.0,0.9989166666666667,exact_recall,canonical,equal_macro
placebo,485791,2026,primary,1,0,0,0.028833333333333332,0.0,0.028833333333333332,exact_recall,canonical,equal_macro
placebo,485791,2026,primary,1,0,1,0.07575,0.0,0.07575,exact_recall,canonical,equal_macro
placebo,485791,2026,primary,1,1,0,0.028499999999999998,0.0,0.028499999999999998,exact_recall,canonical,equal_macro
placebo,485791,2026,primary,1,1,1,0.07116666666666667,0.0,0.07116666666666667,exact_recall,canonical,equal_macro
placebo,485791,3407,primary,0,0,0,0.9990833333333334,0.0,0.9990833333333334,exact_recall,canonical,equal_macro
placebo,485791,3407,primary,0,0,1,0.9990833333333334,0.0,0.9990833333333334,exact_recall,canonical,equal_macro
placebo,485791,3407,primary,0,1,0,0.9989166666666667,0.0,0.9989166666666667,exact_recall,canonical,equal_macro
placebo,485791,3407,primary,0,1,1,0.99925,0.0,0.99925,exact_recall,canonical,equal_macro
placebo,485791,3407,primary,1,0,0,0.04608333333333333,0.0,0.04608333333333333,exact_recall,canonical,equal_macro
placebo,485791,3407,primary,1,0,1,0.167,0.0,0.167,exact_recall,canonical,equal_macro
placebo,485791,3407,primary,1,1,0,0.04708333333333333,0.0,0.04708333333333333,exact_recall,canonical,equal_macro
placebo,485791,3407,primary,1,1,1,0.16316666666666668,0.0,0.16316666666666668,exact_recall,canonical,equal_macro
placebo,550427,7,primary,0,0,0,0.9985,0.0,0.9985,exact_recall,canonical,equal_macro
placebo,550427,7,primary,0,0,1,0.9991666666666666,0.0,0.9991666666666666,exact_recall,canonical,equal_macro
placebo,550427,7,primary,0,1,0,0.9988333333333334,0.0,0.9988333333333334,exact_recall,canonical,equal_macro
placebo,550427,7,primary,0,1,1,0.9991666666666666,0.0,0.9991666666666666,exact_recall,canonical,equal_macro
placebo,550427,7,primary,1,0,0,0.028833333333333332,0.0,0.028833333333333332,exact_recall,canonical,equal_macro
placebo,550427,7,primary,1,0,1,0.029666666666666664,0.0,0.029666666666666664,exact_recall,canonical,equal_macro
placebo,550427,7,primary,1,1,0,0.02783333333333333,0.0,0.02783333333333333,exact_recall,canonical,equal_macro
placebo,550427,7,primary,1,1,1,0.029666666666666664,0.0,0.029666666666666664,exact_recall,canonical,equal_macro
placebo,550427,42,primary,0,0,0,0.9988333333333334,0.0,0.9988333333333334,exact_recall,canonical,equal_macro
placebo,550427,42,primary,0,0,1,0.999,0.0,0.999,exact_recall,canonical,equal_macro
placebo,550427,42,primary,0,1,0,0.9989166666666667,0.0,0.9989166666666667,exact_recall,canonical,equal_macro
placebo,550427,42,primary,0,1,1,0.9991666666666666,0.0,0.9991666666666666,exact_recall,canonical,equal_macro
placebo,550427,42,primary,1,0,0,0.06925,0.0,0.06925,exact_recall,canonical,equal_macro
placebo,550427,42,primary,1,0,1,0.12741666666666665,0.0,0.12741666666666665,exact_recall,canonical,equal_macro
placebo,550427,42,primary,1,1,0,0.068,0.0,0.068,exact_recall,canonical,equal_macro
placebo,550427,42,primary,1,1,1,0.1205,0.0,0.1205,exact_recall,canonical,equal_macro
placebo,550427,123,primary,0,0,0,0.9990833333333334,0.0,0.9990833333333334,exact_recall,canonical,equal_macro
placebo,550427,123,primary,0,0,1,0.9991666666666666,0.0,0.9991666666666666,exact_recall,canonical,equal_macro
placebo,550427,123,primary,0,1,0,0.999,0.0,0.999,exact_recall,canonical,equal_macro
placebo,550427,123,primary,0,1,1,0.999,0.0,0.999,exact_recall,canonical,equal_macro
placebo,550427,123,primary,1,0,0,0.09608333333333334,0.0,0.09608333333333334,exact_recall,canonical,equal_macro
placebo,550427,123,primary,1,0,1,0.19600000000000004,0.0,0.19600000000000004,exact_recall,canonical,equal_macro
placebo,550427,123,primary,1,1,0,0.09558333333333334,0.0,0.09558333333333334,exact_recall,canonical,equal_macro
placebo,550427,123,primary,1,1,1,0.18975,0.0,0.18975,exact_recall,canonical,equal_macro
placebo,550427,2026,primary,0,0,0,0.9990833333333334,0.0,0.9990833333333334,exact_recall,canonical,equal_macro
placebo,550427,2026,primary,0,0,1,0.9990833333333334,0.0,0.9990833333333334,exact_recall,canonical,equal_macro
placebo,550427,2026,primary,0,1,0,0.9990833333333334,0.0,0.9990833333333334,exact_recall,canonical,equal_macro
placebo,550427,2026,primary,0,1,1,0.9990833333333334,0.0,0.9990833333333334,exact_recall,canonical,equal_macro
placebo,550427,2026,primary,1,0,0,0.03475,0.0,0.03475,exact_recall,canonical,equal_macro
placebo,550427,2026,primary,1,0,1,0.050416666666666665,0.0,0.050416666666666665,exact_recall,canonical,equal_macro
placebo,550427,2026,primary,1,1,0,0.034083333333333334,0.0,0.034083333333333334,exact_recall,canonical,equal_macro
placebo,550427,2026,primary,1,1,1,0.04858333333333333,0.0,0.04858333333333333,exact_recall,canonical,equal_macro
placebo,550427,3407,primary,0,0,0,0.9986666666666667,0.0,0.9986666666666667,exact_recall,canonical,equal_macro
placebo,550427,3407,primary,0,0,1,0.9985833333333334,0.0,0.9985833333333334,exact_recall,canonical,equal_macro
placebo,550427,3407,primary,0,1,0,0.9990833333333334,0.0,0.9990833333333334,exact_recall,canonical,equal_macro
placebo,550427,3407,primary,0,1,1,0.9990833333333334,0.0,0.9990833333333334,exact_recall,canonical,equal_macro
placebo,550427,3407,primary,1,0,0,0.03616666666666667,0.0,0.03616666666666667,exact_recall,canonical,equal_macro
placebo,550427,3407,primary,1,0,1,0.0515,0.0,0.0515,exact_recall,canonical,equal_macro
placebo,550427,3407,primary,1,1,0,0.03641666666666667,0.0,0.03641666666666667,exact_recall,canonical,equal_macro
placebo,550427,3407,primary,1,1,1,0.048666666666666664,0.0,0.048666666666666664,exact_recall,canonical,equal_macro
placebo,560657,7,primary,0,0,0,0.9986666666666667,0.0,0.9986666666666667,exact_recall,canonical,equal_macro
placebo,560657,7,primary,0,0,1,0.999,0.0,0.999,exact_recall,canonical,equal_macro
placebo,560657,7,primary,0,1,0,0.9988333333333334,0.0,0.9988333333333334,exact_recall,canonical,equal_macro
placebo,560657,7,primary,0,1,1,0.9990833333333334,0.0,0.9990833333333334,exact_recall,canonical,equal_macro
placebo,560657,7,primary,1,0,0,0.036083333333333335,0.0,0.036083333333333335,exact_recall,canonical,equal_macro
placebo,560657,7,primary,1,0,1,0.05975,0.0,0.05975,exact_recall,canonical,equal_macro
placebo,560657,7,primary,1,1,0,0.036000000000000004,0.0,0.036000000000000004,exact_recall,canonical,equal_macro
placebo,560657,7,primary,1,1,1,0.05833333333333333,0.0,0.05833333333333333,exact_recall,canonical,equal_macro
placebo,560657,42,primary,0,0,0,0.9989166666666667,0.0,0.9989166666666667,exact_recall,canonical,equal_macro
placebo,560657,42,primary,0,0,1,0.9987499999999999,0.0,0.9987499999999999,exact_recall,canonical,equal_macro
placebo,560657,42,primary,0,1,0,0.999,0.0,0.999,exact_recall,canonical,equal_macro
placebo,560657,42,primary,0,1,1,0.9991666666666666,0.0,0.9991666666666666,exact_recall,canonical,equal_macro
placebo,560657,42,primary,1,0,0,0.0385,0.0,0.0385,exact_recall,canonical,equal_macro
placebo,560657,42,primary,1,0,1,0.11666666666666665,0.0,0.11666666666666665,exact_recall,canonical,equal_macro
placebo,560657,42,primary,1,1,0,0.0395,0.0,0.0395,exact_recall,canonical,equal_macro
placebo,560657,42,primary,1,1,1,0.11066666666666665,0.0,0.11066666666666665,exact_recall,canonical,equal_macro
placebo,560657,123,primary,0,0,0,0.9991666666666666,0.0,0.9991666666666666,exact_recall,canonical,equal_macro
placebo,560657,123,primary,0,0,1,0.9991666666666666,0.0,0.9991666666666666,exact_recall,canonical,equal_macro
placebo,560657,123,primary,0,1,0,0.9991666666666666,0.0,0.9991666666666666,exact_recall,canonical,equal_macro
placebo,560657,123,primary,0,1,1,0.9990833333333334,0.0,0.9990833333333334,exact_recall,canonical,equal_macro
placebo,560657,123,primary,1,0,0,0.09758333333333334,0.0,0.09758333333333334,exact_recall,canonical,equal_macro
placebo,560657,123,primary,1,0,1,0.29108333333333336,0.0,0.29108333333333336,exact_recall,canonical,equal_macro
placebo,560657,123,primary,1,1,0,0.09933333333333333,0.0,0.09933333333333333,exact_recall,canonical,equal_macro
placebo,560657,123,primary,1,1,1,0.28775,0.0,0.28775,exact_recall,canonical,equal_macro
placebo,560657,2026,primary,0,0,0,0.999,0.0,0.999,exact_recall,canonical,equal_macro
placebo,560657,2026,primary,0,0,1,0.999,0.0,0.999,exact_recall,canonical,equal_macro
placebo,560657,2026,primary,0,1,0,0.999,0.0,0.999,exact_recall,canonical,equal_macro
placebo,560657,2026,primary,0,1,1,0.9991666666666666,0.0,0.9991666666666666,exact_recall,canonical,equal_macro
placebo,560657,2026,primary,1,0,0,0.07733333333333332,0.0,0.07733333333333332,exact_recall,canonical,equal_macro
placebo,560657,2026,primary,1,0,1,0.10475,0.0,0.10475,exact_recall,canonical,equal_macro
placebo,560657,2026,primary,1,1,0,0.07991666666666668,0.0,0.07991666666666668,exact_recall,canonical,equal_macro
placebo,560657,2026,primary,1,1,1,0.10641666666666666,0.0,0.10641666666666666,exact_recall,canonical,equal_macro
placebo,560657,3407,primary,0,0,0,0.9987499999999999,0.0,0.9987499999999999,exact_recall,canonical,equal_macro
placebo,560657,3407,primary,0,0,1,0.9989166666666667,0.0,0.9989166666666667,exact_recall,canonical,equal_macro
placebo,560657,3407,primary,0,1,0,0.999,0.0,0.999,exact_recall,canonical,equal_macro
placebo,560657,3407,primary,0,1,1,0.999,0.0,0.999,exact_recall,canonical,equal_macro
placebo,560657,3407,primary,1,0,0,0.03366666666666667,0.0,0.03366666666666667,exact_recall,canonical,equal_macro
placebo,560657,3407,primary,1,0,1,0.07158333333333333,0.0,0.07158333333333333,exact_recall,canonical,equal_macro
placebo,560657,3407,primary,1,1,0,0.03216666666666667,0.0,0.03216666666666667,exact_recall,canonical,equal_macro
placebo,560657,3407,primary,1,1,1,0.06816666666666667,0.0,0.06816666666666667,exact_recall,canonical,equal_macro
placebo,583909,7,primary,0,0,0,0.9991666666666666,0.0,0.9991666666666666,exact_recall,canonical,equal_macro
placebo,583909,7,primary,0,0,1,0.9987499999999999,0.0,0.9987499999999999,exact_recall,canonical,equal_macro
placebo,583909,7,primary,0,1,0,0.99925,0.0,0.99925,exact_recall,canonical,equal_macro
placebo,583909,7,primary,0,1,1,0.99925,0.0,0.99925,exact_recall,canonical,equal_macro
placebo,583909,7,primary,1,0,0,0.06791666666666667,0.0,0.06791666666666667,exact_recall,canonical,equal_macro
placebo,583909,7,primary,1,0,1,0.1481666666666667,0.0,0.1481666666666667,exact_recall,canonical,equal_macro
placebo,583909,7,primary,1,1,0,0.06991666666666667,0.0,0.06991666666666667,exact_recall,canonical,equal_macro
placebo,583909,7,primary,1,1,1,0.14033333333333334,0.0,0.14033333333333334,exact_recall,canonical,equal_macro
placebo,583909,42,primary,0,0,0,0.9989166666666667,0.0,0.9989166666666667,exact_recall,canonical,equal_macro
placebo,583909,42,primary,0,0,1,0.999,0.0,0.999,exact_recall,canonical,equal_macro
placebo,583909,42,primary,0,1,0,0.99925,0.0,0.99925,exact_recall,canonical,equal_macro
placebo,583909,42,primary,0,1,1,0.999,0.0,0.999,exact_recall,canonical,equal_macro
placebo,583909,42,primary,1,0,0,0.07391666666666667,0.0,0.07391666666666667,exact_recall,canonical,equal_macro
placebo,583909,42,primary,1,0,1,0.23650000000000002,0.0,0.23650000000000002,exact_recall,canonical,equal_macro
placebo,583909,42,primary,1,1,0,0.07558333333333334,0.0,0.07558333333333334,exact_recall,canonical,equal_macro
placebo,583909,42,primary,1,1,1,0.22933333333333336,0.0,0.22933333333333336,exact_recall,canonical,equal_macro
placebo,583909,123,primary,0,0,0,0.9989166666666667,0.0,0.9989166666666667,exact_recall,canonical,equal_macro
placebo,583909,123,primary,0,0,1,0.9991666666666666,0.0,0.9991666666666666,exact_recall,canonical,equal_macro
placebo,583909,123,primary,0,1,0,0.9989166666666667,0.0,0.9989166666666667,exact_recall,canonical,equal_macro
placebo,583909,123,primary,0,1,1,0.99925,0.0,0.99925,exact_recall,canonical,equal_macro
placebo,583909,123,primary,1,0,0,0.09433333333333334,0.0,0.09433333333333334,exact_recall,canonical,equal_macro
placebo,583909,123,primary,1,0,1,0.13066666666666668,0.0,0.13066666666666668,exact_recall,canonical,equal_macro
placebo,583909,123,primary,1,1,0,0.09149999999999998,0.0,0.09149999999999998,exact_recall,canonical,equal_macro
placebo,583909,123,primary,1,1,1,0.13141666666666665,0.0,0.13141666666666665,exact_recall,canonical,equal_macro
placebo,583909,2026,primary,0,0,0,0.9991666666666666,0.0,0.9991666666666666,exact_recall,canonical,equal_macro
placebo,583909,2026,primary,0,0,1,0.9995833333333334,0.0,0.9995833333333334,exact_recall,canonical,equal_macro
placebo,583909,2026,primary,0,1,0,0.9994166666666667,0.0,0.9994166666666667,exact_recall,canonical,equal_macro
placebo,583909,2026,primary,0,1,1,0.9994166666666667,0.0,0.9994166666666667,exact_recall,canonical,equal_macro
placebo,583909,2026,primary,1,0,0,0.034499999999999996,0.0,0.034499999999999996,exact_recall,canonical,equal_macro
placebo,583909,2026,primary,1,0,1,0.1165,0.0,0.1165,exact_recall,canonical,equal_macro
placebo,583909,2026,primary,1,1,0,0.03441666666666667,0.0,0.03441666666666667,exact_recall,canonical,equal_macro
placebo,583909,2026,primary,1,1,1,0.11783333333333333,0.0,0.11783333333333333,exact_recall,canonical,equal_macro
placebo,583909,3407,primary,0,0,0,0.9989166666666667,0.0,0.9989166666666667,exact_recall,canonical,equal_macro
placebo,583909,3407,primary,0,0,1,0.9989166666666667,0.0,0.9989166666666667,exact_recall,canonical,equal_macro
placebo,583909,3407,primary,0,1,0,0.9989166666666667,0.0,0.9989166666666667,exact_recall,canonical,equal_macro
placebo,583909,3407,primary,0,1,1,0.9991666666666666,0.0,0.9991666666666666,exact_recall,canonical,equal_macro
placebo,583909,3407,primary,1,0,0,0.06425,0.0,0.06425,exact_recall,canonical,equal_macro
placebo,583909,3407,primary,1,0,1,0.10425,0.0,0.10425,exact_recall,canonical,equal_macro
placebo,583909,3407,primary,1,1,0,0.06375,0.0,0.06375,exact_recall,canonical,equal_macro
placebo,583909,3407,primary,1,1,1,0.09941666666666667,0.0,0.09941666666666667,exact_recall,canonical,equal_macro
placebo,685012,7,primary,0,0,0,0.9991666666666666,0.0,0.9991666666666666,exact_recall,canonical,equal_macro
placebo,685012,7,primary,0,0,1,0.9990833333333334,0.0,0.9990833333333334,exact_recall,canonical,equal_macro
placebo,685012,7,primary,0,1,0,0.999,0.0,0.999,exact_recall,canonical,equal_macro
placebo,685012,7,primary,0,1,1,0.99925,0.0,0.99925,exact_recall,canonical,equal_macro
placebo,685012,7,primary,1,0,0,0.03283333333333333,0.0,0.03283333333333333,exact_recall,canonical,equal_macro
placebo,685012,7,primary,1,0,1,0.22216666666666665,0.0,0.22216666666666665,exact_recall,canonical,equal_macro
placebo,685012,7,primary,1,1,0,0.03341666666666667,0.0,0.03341666666666667,exact_recall,canonical,equal_macro
placebo,685012,7,primary,1,1,1,0.21541666666666667,0.0,0.21541666666666667,exact_recall,canonical,equal_macro
placebo,685012,42,primary,0,0,0,0.9989166666666667,0.0,0.9989166666666667,exact_recall,canonical,equal_macro
placebo,685012,42,primary,0,0,1,0.9988333333333334,0.0,0.9988333333333334,exact_recall,canonical,equal_macro
placebo,685012,42,primary,0,1,0,0.999,0.0,0.999,exact_recall,canonical,equal_macro
placebo,685012,42,primary,0,1,1,0.9989166666666667,0.0,0.9989166666666667,exact_recall,canonical,equal_macro
placebo,685012,42,primary,1,0,0,0.035916666666666666,0.0,0.035916666666666666,exact_recall,canonical,equal_macro
placebo,685012,42,primary,1,0,1,0.07525,0.0,0.07525,exact_recall,canonical,equal_macro
placebo,685012,42,primary,1,1,0,0.03491666666666667,0.0,0.03491666666666667,exact_recall,canonical,equal_macro
placebo,685012,42,primary,1,1,1,0.06883333333333334,0.0,0.06883333333333334,exact_recall,canonical,equal_macro
placebo,685012,123,primary,0,0,0,0.9989166666666667,0.0,0.9989166666666667,exact_recall,canonical,equal_macro
placebo,685012,123,primary,0,0,1,0.9986666666666667,0.0,0.9986666666666667,exact_recall,canonical,equal_macro
placebo,685012,123,primary,0,1,0,0.999,0.0,0.999,exact_recall,canonical,equal_macro
placebo,685012,123,primary,0,1,1,0.9986666666666667,0.0,0.9986666666666667,exact_recall,canonical,equal_macro
placebo,685012,123,primary,1,0,0,0.0855,0.0,0.0855,exact_recall,canonical,equal_macro
placebo,685012,123,primary,1,0,1,0.10958333333333332,0.0,0.10958333333333332,exact_recall,canonical,equal_macro
placebo,685012,123,primary,1,1,0,0.08233333333333333,0.0,0.08233333333333333,exact_recall,canonical,equal_macro
placebo,685012,123,primary,1,1,1,0.11008333333333332,0.0,0.11008333333333332,exact_recall,canonical,equal_macro
placebo,685012,2026,primary,0,0,0,0.9990833333333334,0.0,0.9990833333333334,exact_recall,canonical,equal_macro
placebo,685012,2026,primary,0,0,1,0.999,0.0,0.999,exact_recall,canonical,equal_macro
placebo,685012,2026,primary,0,1,0,0.999,0.0,0.999,exact_recall,canonical,equal_macro
placebo,685012,2026,primary,0,1,1,0.99925,0.0,0.99925,exact_recall,canonical,equal_macro
placebo,685012,2026,primary,1,0,0,0.043500000000000004,0.0,0.043500000000000004,exact_recall,canonical,equal_macro
placebo,685012,2026,primary,1,0,1,0.14641666666666667,0.0,0.14641666666666667,exact_recall,canonical,equal_macro
placebo,685012,2026,primary,1,1,0,0.04374999999999999,0.0,0.04374999999999999,exact_recall,canonical,equal_macro
placebo,685012,2026,primary,1,1,1,0.14758333333333337,0.0,0.14758333333333337,exact_recall,canonical,equal_macro
placebo,685012,3407,primary,0,0,0,0.9988333333333334,0.0,0.9988333333333334,exact_recall,canonical,equal_macro
placebo,685012,3407,primary,0,0,1,0.9990833333333334,0.0,0.9990833333333334,exact_recall,canonical,equal_macro
placebo,685012,3407,primary,0,1,0,0.9989166666666667,0.0,0.9989166666666667,exact_recall,canonical,equal_macro
placebo,685012,3407,primary,0,1,1,0.9991666666666666,0.0,0.9991666666666666,exact_recall,canonical,equal_macro
placebo,685012,3407,primary,1,0,0,0.042583333333333334,0.0,0.042583333333333334,exact_recall,canonical,equal_macro
placebo,685012,3407,primary,1,0,1,0.08908333333333333,0.0,0.08908333333333333,exact_recall,canonical,equal_macro
placebo,685012,3407,primary,1,1,0,0.041,0.0,0.041,exact_recall,canonical,equal_macro
placebo,685012,3407,primary,1,1,1,0.08875,0.0,0.08875,exact_recall,canonical,equal_macro
placebo,715822,7,primary,0,0,0,0.9993333333333334,0.0,0.9993333333333334,exact_recall,canonical,equal_macro
placebo,715822,7,primary,0,0,1,0.9989166666666667,0.0,0.9989166666666667,exact_recall,canonical,equal_macro
placebo,715822,7,primary,0,1,0,0.9991666666666666,0.0,0.9991666666666666,exact_recall,canonical,equal_macro
placebo,715822,7,primary,0,1,1,0.9990833333333334,0.0,0.9990833333333334,exact_recall,canonical,equal_macro
placebo,715822,7,primary,1,0,0,0.04574999999999999,0.0,0.04574999999999999,exact_recall,canonical,equal_macro
placebo,715822,7,primary,1,0,1,0.153,0.0,0.153,exact_recall,canonical,equal_macro
placebo,715822,7,primary,1,1,0,0.04716666666666667,0.0,0.04716666666666667,exact_recall,canonical,equal_macro
placebo,715822,7,primary,1,1,1,0.14983333333333335,0.0,0.14983333333333335,exact_recall,canonical,equal_macro
placebo,715822,42,primary,0,0,0,0.9989166666666667,0.0,0.9989166666666667,exact_recall,canonical,equal_macro
placebo,715822,42,primary,0,0,1,0.9989166666666667,0.0,0.9989166666666667,exact_recall,canonical,equal_macro
placebo,715822,42,primary,0,1,0,0.9990833333333334,0.0,0.9990833333333334,exact_recall,canonical,equal_macro
placebo,715822,42,primary,0,1,1,0.9990833333333334,0.0,0.9990833333333334,exact_recall,canonical,equal_macro
placebo,715822,42,primary,1,0,0,0.03741666666666666,0.0,0.03741666666666666,exact_recall,canonical,equal_macro
placebo,715822,42,primary,1,0,1,0.031083333333333334,0.0,0.031083333333333334,exact_recall,canonical,equal_macro
placebo,715822,42,primary,1,1,0,0.03766666666666667,0.0,0.03766666666666667,exact_recall,canonical,equal_macro
placebo,715822,42,primary,1,1,1,0.03125,0.0,0.03125,exact_recall,canonical,equal_macro
placebo,715822,123,primary,0,0,0,0.9991666666666666,0.0,0.9991666666666666,exact_recall,canonical,equal_macro
placebo,715822,123,primary,0,0,1,0.9994166666666667,0.0,0.9994166666666667,exact_recall,canonical,equal_macro
placebo,715822,123,primary,0,1,0,0.9990833333333334,0.0,0.9990833333333334,exact_recall,canonical,equal_macro
placebo,715822,123,primary,0,1,1,0.999,0.0,0.999,exact_recall,canonical,equal_macro
placebo,715822,123,primary,1,0,0,0.037,0.0,0.037,exact_recall,canonical,equal_macro
placebo,715822,123,primary,1,0,1,0.09666666666666666,0.0,0.09666666666666666,exact_recall,canonical,equal_macro
placebo,715822,123,primary,1,1,0,0.03741666666666667,0.0,0.03741666666666667,exact_recall,canonical,equal_macro
placebo,715822,123,primary,1,1,1,0.09049999999999998,0.0,0.09049999999999998,exact_recall,canonical,equal_macro
placebo,715822,2026,primary,0,0,0,0.9990833333333334,0.0,0.9990833333333334,exact_recall,canonical,equal_macro
placebo,715822,2026,primary,0,0,1,0.999,0.0,0.999,exact_recall,canonical,equal_macro
placebo,715822,2026,primary,0,1,0,0.9990833333333334,0.0,0.9990833333333334,exact_recall,canonical,equal_macro
placebo,715822,2026,primary,0,1,1,0.9993333333333334,0.0,0.9993333333333334,exact_recall,canonical,equal_macro
placebo,715822,2026,primary,1,0,0,0.03916666666666666,0.0,0.03916666666666666,exact_recall,canonical,equal_macro
placebo,715822,2026,primary,1,0,1,0.03916666666666666,0.0,0.03916666666666666,exact_recall,canonical,equal_macro
placebo,715822,2026,primary,1,1,0,0.03758333333333333,0.0,0.03758333333333333,exact_recall,canonical,equal_macro
placebo,715822,2026,primary,1,1,1,0.03883333333333333,0.0,0.03883333333333333,exact_recall,canonical,equal_macro
placebo,715822,3407,primary,0,0,0,0.9990833333333334,0.0,0.9990833333333334,exact_recall,canonical,equal_macro
placebo,715822,3407,primary,0,0,1,0.99925,0.0,0.99925,exact_recall,canonical,equal_macro
placebo,715822,3407,primary,0,1,0,0.9990833333333334,0.0,0.9990833333333334,exact_recall,canonical,equal_macro
placebo,715822,3407,primary,0,1,1,0.99925,0.0,0.99925,exact_recall,canonical,equal_macro
placebo,715822,3407,primary,1,0,0,0.04341666666666666,0.0,0.04341666666666666,exact_recall,canonical,equal_macro
placebo,715822,3407,primary,1,0,1,0.15833333333333333,0.0,0.15833333333333333,exact_recall,canonical,equal_macro
placebo,715822,3407,primary,1,1,0,0.04175,0.0,0.04175,exact_recall,canonical,equal_macro
placebo,715822,3407,primary,1,1,1,0.15375000000000003,0.0,0.15375000000000003,exact_recall,canonical,equal_macro
placebo,739263,7,primary,0,0,0,0.999,0.0,0.999,exact_recall,canonical,equal_macro
placebo,739263,7,primary,0,0,1,0.9993333333333334,0.0,0.9993333333333334,exact_recall,canonical,equal_macro
placebo,739263,7,primary,0,1,0,0.9990833333333334,0.0,0.9990833333333334,exact_recall,canonical,equal_macro
placebo,739263,7,primary,0,1,1,0.99925,0.0,0.99925,exact_recall,canonical,equal_macro
placebo,739263,7,primary,1,0,0,0.03816666666666667,0.0,0.03816666666666667,exact_recall,canonical,equal_macro
placebo,739263,7,primary,1,0,1,0.06766666666666667,0.0,0.06766666666666667,exact_recall,canonical,equal_macro
placebo,739263,7,primary,1,1,0,0.035833333333333335,0.0,0.035833333333333335,exact_recall,canonical,equal_macro
placebo,739263,7,primary,1,1,1,0.06466666666666666,0.0,0.06466666666666666,exact_recall,canonical,equal_macro
placebo,739263,42,primary,0,0,0,0.9990833333333334,0.0,0.9990833333333334,exact_recall,canonical,equal_macro
placebo,739263,42,primary,0,0,1,0.9990833333333334,0.0,0.9990833333333334,exact_recall,canonical,equal_macro
placebo,739263,42,primary,0,1,0,0.9989166666666667,0.0,0.9989166666666667,exact_recall,canonical,equal_macro
placebo,739263,42,primary,0,1,1,0.9990833333333334,0.0,0.9990833333333334,exact_recall,canonical,equal_macro
placebo,739263,42,primary,1,0,0,0.029416666666666664,0.0,0.029416666666666664,exact_recall,canonical,equal_macro
placebo,739263,42,primary,1,0,1,0.057999999999999996,0.0,0.057999999999999996,exact_recall,canonical,equal_macro
placebo,739263,42,primary,1,1,0,0.029166666666666664,0.0,0.029166666666666664,exact_recall,canonical,equal_macro
placebo,739263,42,primary,1,1,1,0.05791666666666667,0.0,0.05791666666666667,exact_recall,canonical,equal_macro
placebo,739263,123,primary,0,0,0,0.999,0.0,0.999,exact_recall,canonical,equal_macro
placebo,739263,123,primary,0,0,1,0.99925,0.0,0.99925,exact_recall,canonical,equal_macro
placebo,739263,123,primary,0,1,0,0.999,0.0,0.999,exact_recall,canonical,equal_macro
placebo,739263,123,primary,0,1,1,0.9993333333333334,0.0,0.9993333333333334,exact_recall,canonical,equal_macro
placebo,739263,123,primary,1,0,0,0.06433333333333334,0.0,0.06433333333333334,exact_recall,canonical,equal_macro
placebo,739263,123,primary,1,0,1,0.1525,0.0,0.1525,exact_recall,canonical,equal_macro
placebo,739263,123,primary,1,1,0,0.06433333333333334,0.0,0.06433333333333334,exact_recall,canonical,equal_macro
placebo,739263,123,primary,1,1,1,0.14175000000000001,0.0,0.14175000000000001,exact_recall,canonical,equal_macro
placebo,739263,2026,primary,0,0,0,0.9989166666666667,0.0,0.9989166666666667,exact_recall,canonical,equal_macro
placebo,739263,2026,primary,0,0,1,0.9990833333333334,0.0,0.9990833333333334,exact_recall,canonical,equal_macro
placebo,739263,2026,primary,0,1,0,0.999,0.0,0.999,exact_recall,canonical,equal_macro
placebo,739263,2026,primary,0,1,1,0.9988333333333334,0.0,0.9988333333333334,exact_recall,canonical,equal_macro
placebo,739263,2026,primary,1,0,0,0.04041666666666666,0.0,0.04041666666666666,exact_recall,canonical,equal_macro
placebo,739263,2026,primary,1,0,1,0.043500000000000004,0.0,0.043500000000000004,exact_recall,canonical,equal_macro
placebo,739263,2026,primary,1,1,0,0.04083333333333333,0.0,0.04083333333333333,exact_recall,canonical,equal_macro
placebo,739263,2026,primary,1,1,1,0.044500000000000005,0.0,0.044500000000000005,exact_recall,canonical,equal_macro
placebo,739263,3407,primary,0,0,0,0.999,0.0,0.999,exact_recall,canonical,equal_macro
placebo,739263,3407,primary,0,0,1,0.9993333333333334,0.0,0.9993333333333334,exact_recall,canonical,equal_macro
placebo,739263,3407,primary,0,1,0,0.9989166666666667,0.0,0.9989166666666667,exact_recall,canonical,equal_macro
placebo,739263,3407,primary,0,1,1,0.9990833333333334,0.0,0.9990833333333334,exact_recall,canonical,equal_macro
placebo,739263,3407,primary,1,0,0,0.052333333333333336,0.0,0.052333333333333336,exact_recall,canonical,equal_macro
placebo,739263,3407,primary,1,0,1,0.0695,0.0,0.0695,exact_recall,canonical,equal_macro
placebo,739263,3407,primary,1,1,0,0.051083333333333335,0.0,0.051083333333333335,exact_recall,canonical,equal_macro
placebo,739263,3407,primary,1,1,1,0.0655,0.0,0.0655,exact_recall,canonical,equal_macro
placebo,748203,7,primary,0,0,0,0.9994166666666667,0.0,0.9994166666666667,exact_recall,canonical,equal_macro
placebo,748203,7,primary,0,0,1,0.9994999999999999,0.0,0.9994999999999999,exact_recall,canonical,equal_macro
placebo,748203,7,primary,0,1,0,0.9991666666666666,0.0,0.9991666666666666,exact_recall,canonical,equal_macro
placebo,748203,7,primary,0,1,1,0.9991666666666666,0.0,0.9991666666666666,exact_recall,canonical,equal_macro
placebo,748203,7,primary,1,0,0,0.0365,0.0,0.0365,exact_recall,canonical,equal_macro
placebo,748203,7,primary,1,0,1,0.08625,0.0,0.08625,exact_recall,canonical,equal_macro
placebo,748203,7,primary,1,1,0,0.03741666666666667,0.0,0.03741666666666667,exact_recall,canonical,equal_macro
placebo,748203,7,primary,1,1,1,0.08133333333333333,0.0,0.08133333333333333,exact_recall,canonical,equal_macro
placebo,748203,42,primary,0,0,0,0.99925,0.0,0.99925,exact_recall,canonical,equal_macro
placebo,748203,42,primary,0,0,1,0.99925,0.0,0.99925,exact_recall,canonical,equal_macro
placebo,748203,42,primary,0,1,0,0.99925,0.0,0.99925,exact_recall,canonical,equal_macro
placebo,748203,42,primary,0,1,1,0.9991666666666666,0.0,0.9991666666666666,exact_recall,canonical,equal_macro
placebo,748203,42,primary,1,0,0,0.040916666666666664,0.0,0.040916666666666664,exact_recall,canonical,equal_macro
placebo,748203,42,primary,1,0,1,0.09133333333333334,0.0,0.09133333333333334,exact_recall,canonical,equal_macro
placebo,748203,42,primary,1,1,0,0.0405,0.0,0.0405,exact_recall,canonical,equal_macro
placebo,748203,42,primary,1,1,1,0.09149999999999998,0.0,0.09149999999999998,exact_recall,canonical,equal_macro
placebo,748203,123,primary,0,0,0,0.9988333333333334,0.0,0.9988333333333334,exact_recall,canonical,equal_macro
placebo,748203,123,primary,0,0,1,0.9988333333333334,0.0,0.9988333333333334,exact_recall,canonical,equal_macro
placebo,748203,123,primary,0,1,0,0.9989166666666667,0.0,0.9989166666666667,exact_recall,canonical,equal_macro
placebo,748203,123,primary,0,1,1,0.9991666666666666,0.0,0.9991666666666666,exact_recall,canonical,equal_macro
placebo,748203,123,primary,1,0,0,0.029166666666666664,0.0,0.029166666666666664,exact_recall,canonical,equal_macro
placebo,748203,123,primary,1,0,1,0.03325,0.0,0.03325,exact_recall,canonical,equal_macro
placebo,748203,123,primary,1,1,0,0.029249999999999998,0.0,0.029249999999999998,exact_recall,canonical,equal_macro
placebo,748203,123,primary,1,1,1,0.03366666666666667,0.0,0.03366666666666667,exact_recall,canonical,equal_macro
placebo,748203,2026,primary,0,0,0,0.99925,0.0,0.99925,exact_recall,canonical,equal_macro
placebo,748203,2026,primary,0,0,1,0.9994166666666667,0.0,0.9994166666666667,exact_recall,canonical,equal_macro
placebo,748203,2026,primary,0,1,0,0.9993333333333334,0.0,0.9993333333333334,exact_recall,canonical,equal_macro
placebo,748203,2026,primary,0,1,1,0.9994166666666667,0.0,0.9994166666666667,exact_recall,canonical,equal_macro
placebo,748203,2026,primary,1,0,0,0.10425,0.0,0.10425,exact_recall,canonical,equal_macro
placebo,748203,2026,primary,1,0,1,0.11041666666666666,0.0,0.11041666666666666,exact_recall,canonical,equal_macro
placebo,748203,2026,primary,1,1,0,0.10166666666666667,0.0,0.10166666666666667,exact_recall,canonical,equal_macro
placebo,748203,2026,primary,1,1,1,0.10758333333333332,0.0,0.10758333333333332,exact_recall,canonical,equal_macro
placebo,748203,3407,primary,0,0,0,0.999,0.0,0.999,exact_recall,canonical,equal_macro
placebo,748203,3407,primary,0,0,1,0.9990833333333334,0.0,0.9990833333333334,exact_recall,canonical,equal_macro
placebo,748203,3407,primary,0,1,0,0.999,0.0,0.999,exact_recall,canonical,equal_macro
placebo,748203,3407,primary,0,1,1,0.9990833333333334,0.0,0.9990833333333334,exact_recall,canonical,equal_macro
placebo,748203,3407,primary,1,0,0,0.0755,0.0,0.0755,exact_recall,canonical,equal_macro
placebo,748203,3407,primary,1,0,1,0.23875,0.0,0.23875,exact_recall,canonical,equal_macro
placebo,748203,3407,primary,1,1,0,0.077,0.0,0.077,exact_recall,canonical,equal_macro
placebo,748203,3407,primary,1,1,1,0.23875,0.0,0.23875,exact_recall,canonical,equal_macro
placebo,820632,7,primary,0,0,0,0.9990833333333334,0.0,0.9990833333333334,exact_recall,canonical,equal_macro
placebo,820632,7,primary,0,0,1,0.9990833333333334,0.0,0.9990833333333334,exact_recall,canonical,equal_macro
placebo,820632,7,primary,0,1,0,0.999,0.0,0.999,exact_recall,canonical,equal_macro
placebo,820632,7,primary,0,1,1,0.9990833333333334,0.0,0.9990833333333334,exact_recall,canonical,equal_macro
placebo,820632,7,primary,1,0,0,0.05275,0.0,0.05275,exact_recall,canonical,equal_macro
placebo,820632,7,primary,1,0,1,0.13283333333333333,0.0,0.13283333333333333,exact_recall,canonical,equal_macro
placebo,820632,7,primary,1,1,0,0.05358333333333334,0.0,0.05358333333333334,exact_recall,canonical,equal_macro
placebo,820632,7,primary,1,1,1,0.13466666666666668,0.0,0.13466666666666668,exact_recall,canonical,equal_macro
placebo,820632,42,primary,0,0,0,0.9990833333333334,0.0,0.9990833333333334,exact_recall,canonical,equal_macro
placebo,820632,42,primary,0,0,1,0.9990833333333334,0.0,0.9990833333333334,exact_recall,canonical,equal_macro
placebo,820632,42,primary,0,1,0,0.999,0.0,0.999,exact_recall,canonical,equal_macro
placebo,820632,42,primary,0,1,1,0.9991666666666666,0.0,0.9991666666666666,exact_recall,canonical,equal_macro
placebo,820632,42,primary,1,0,0,0.029166666666666664,0.0,0.029166666666666664,exact_recall,canonical,equal_macro
placebo,820632,42,primary,1,0,1,0.03383333333333333,0.0,0.03383333333333333,exact_recall,canonical,equal_macro
placebo,820632,42,primary,1,1,0,0.029249999999999998,0.0,0.029249999999999998,exact_recall,canonical,equal_macro
placebo,820632,42,primary,1,1,1,0.03241666666666667,0.0,0.03241666666666667,exact_recall,canonical,equal_macro
placebo,820632,123,primary,0,0,0,0.9989166666666667,0.0,0.9989166666666667,exact_recall,canonical,equal_macro
placebo,820632,123,primary,0,0,1,0.9990833333333334,0.0,0.9990833333333334,exact_recall,canonical,equal_macro
placebo,820632,123,primary,0,1,0,0.999,0.0,0.999,exact_recall,canonical,equal_macro
placebo,820632,123,primary,0,1,1,0.9990833333333334,0.0,0.9990833333333334,exact_recall,canonical,equal_macro
placebo,820632,123,primary,1,0,0,0.036583333333333336,0.0,0.036583333333333336,exact_recall,canonical,equal_macro
placebo,820632,123,primary,1,0,1,0.13383333333333333,0.0,0.13383333333333333,exact_recall,canonical,equal_macro
placebo,820632,123,primary,1,1,0,0.03575,0.0,0.03575,exact_recall,canonical,equal_macro
placebo,820632,123,primary,1,1,1,0.13,0.0,0.13,exact_recall,canonical,equal_macro
placebo,820632,2026,primary,0,0,0,0.99925,0.0,0.99925,exact_recall,canonical,equal_macro
placebo,820632,2026,primary,0,0,1,0.999,0.0,0.999,exact_recall,canonical,equal_macro
placebo,820632,2026,primary,0,1,0,0.999,0.0,0.999,exact_recall,canonical,equal_macro
placebo,820632,2026,primary,0,1,1,0.999,0.0,0.999,exact_recall,canonical,equal_macro
placebo,820632,2026,primary,1,0,0,0.03441666666666667,0.0,0.03441666666666667,exact_recall,canonical,equal_macro
placebo,820632,2026,primary,1,0,1,0.11008333333333332,0.0,0.11008333333333332,exact_recall,canonical,equal_macro
placebo,820632,2026,primary,1,1,0,0.0345,0.0,0.0345,exact_recall,canonical,equal_macro
placebo,820632,2026,primary,1,1,1,0.10016666666666667,0.0,0.10016666666666667,exact_recall,canonical,equal_macro
placebo,820632,3407,primary,0,0,0,0.9988333333333334,0.0,0.9988333333333334,exact_recall,canonical,equal_macro
placebo,820632,3407,primary,0,0,1,0.9988333333333334,0.0,0.9988333333333334,exact_recall,canonical,equal_macro
placebo,820632,3407,primary,0,1,0,0.999,0.0,0.999,exact_recall,canonical,equal_macro
placebo,820632,3407,primary,0,1,1,0.9989166666666667,0.0,0.9989166666666667,exact_recall,canonical,equal_macro
placebo,820632,3407,primary,1,0,0,0.03466666666666667,0.0,0.03466666666666667,exact_recall,canonical,equal_macro
placebo,820632,3407,primary,1,0,1,0.10508333333333335,0.0,0.10508333333333335,exact_recall,canonical,equal_macro
placebo,820632,3407,primary,1,1,0,0.03441666666666667,0.0,0.03441666666666667,exact_recall,canonical,equal_macro
placebo,820632,3407,primary,1,1,1,0.10441666666666666,0.0,0.10441666666666666,exact_recall,canonical,equal_macro
placebo,837943,7,primary,0,0,0,0.9989166666666667,0.0,0.9989166666666667,exact_recall,canonical,equal_macro
placebo,837943,7,primary,0,0,1,0.9990833333333334,0.0,0.9990833333333334,exact_recall,canonical,equal_macro
placebo,837943,7,primary,0,1,0,0.999,0.0,0.999,exact_recall,canonical,equal_macro
placebo,837943,7,primary,0,1,1,0.99925,0.0,0.99925,exact_recall,canonical,equal_macro
placebo,837943,7,primary,1,0,0,0.05341666666666667,0.0,0.05341666666666667,exact_recall,canonical,equal_macro
placebo,837943,7,primary,1,0,1,0.17816666666666667,0.0,0.17816666666666667,exact_recall,canonical,equal_macro
placebo,837943,7,primary,1,1,0,0.05391666666666667,0.0,0.05391666666666667,exact_recall,canonical,equal_macro
placebo,837943,7,primary,1,1,1,0.17900000000000002,0.0,0.17900000000000002,exact_recall,canonical,equal_macro
placebo,837943,42,primary,0,0,0,0.9989166666666667,0.0,0.9989166666666667,exact_recall,canonical,equal_macro
placebo,837943,42,primary,0,0,1,0.999,0.0,0.999,exact_recall,canonical,equal_macro
placebo,837943,42,primary,0,1,0,0.9990833333333334,0.0,0.9990833333333334,exact_recall,canonical,equal_macro
placebo,837943,42,primary,0,1,1,0.99925,0.0,0.99925,exact_recall,canonical,equal_macro
placebo,837943,42,primary,1,0,0,0.063,0.0,0.063,exact_recall,canonical,equal_macro
placebo,837943,42,primary,1,0,1,0.07991666666666666,0.0,0.07991666666666666,exact_recall,canonical,equal_macro
placebo,837943,42,primary,1,1,0,0.0615,0.0,0.0615,exact_recall,canonical,equal_macro
placebo,837943,42,primary,1,1,1,0.07808333333333334,0.0,0.07808333333333334,exact_recall,canonical,equal_macro
placebo,837943,123,primary,0,0,0,0.999,0.0,0.999,exact_recall,canonical,equal_macro
placebo,837943,123,primary,0,0,1,0.99925,0.0,0.99925,exact_recall,canonical,equal_macro
placebo,837943,123,primary,0,1,0,0.9991666666666666,0.0,0.9991666666666666,exact_recall,canonical,equal_macro
placebo,837943,123,primary,0,1,1,0.9991666666666666,0.0,0.9991666666666666,exact_recall,canonical,equal_macro
placebo,837943,123,primary,1,0,0,0.06883333333333334,0.0,0.06883333333333334,exact_recall,canonical,equal_macro
placebo,837943,123,primary,1,0,1,0.13566666666666669,0.0,0.13566666666666669,exact_recall,canonical,equal_macro
placebo,837943,123,primary,1,1,0,0.06924999999999999,0.0,0.06924999999999999,exact_recall,canonical,equal_macro
placebo,837943,123,primary,1,1,1,0.131,0.0,0.131,exact_recall,canonical,equal_macro
placebo,837943,2026,primary,0,0,0,0.9987499999999999,0.0,0.9987499999999999,exact_recall,canonical,equal_macro
placebo,837943,2026,primary,0,0,1,0.9991666666666666,0.0,0.9991666666666666,exact_recall,canonical,equal_macro
placebo,837943,2026,primary,0,1,0,0.9989166666666667,0.0,0.9989166666666667,exact_recall,canonical,equal_macro
placebo,837943,2026,primary,0,1,1,0.99925,0.0,0.99925,exact_recall,canonical,equal_macro
placebo,837943,2026,primary,1,0,0,0.04275,0.0,0.04275,exact_recall,canonical,equal_macro
placebo,837943,2026,primary,1,0,1,0.12450000000000001,0.0,0.12450000000000001,exact_recall,canonical,equal_macro
placebo,837943,2026,primary,1,1,0,0.043666666666666666,0.0,0.043666666666666666,exact_recall,canonical,equal_macro
placebo,837943,2026,primary,1,1,1,0.12274999999999998,0.0,0.12274999999999998,exact_recall,canonical,equal_macro
placebo,837943,3407,primary,0,0,0,0.9984999999999999,0.0,0.9984999999999999,exact_recall,canonical,equal_macro
placebo,837943,3407,primary,0,0,1,0.9988333333333334,0.0,0.9988333333333334,exact_recall,canonical,equal_macro
placebo,837943,3407,primary,0,1,0,0.9990833333333334,0.0,0.9990833333333334,exact_recall,canonical,equal_macro
placebo,837943,3407,primary,0,1,1,0.999,0.0,0.999,exact_recall,canonical,equal_macro
placebo,837943,3407,primary,1,0,0,0.031166666666666665,0.0,0.031166666666666665,exact_recall,canonical,equal_macro
placebo,837943,3407,primary,1,0,1,0.035666666666666666,0.0,0.035666666666666666,exact_recall,canonical,equal_macro
placebo,837943,3407,primary,1,1,0,0.0315,0.0,0.0315,exact_recall,canonical,equal_macro
placebo,837943,3407,primary,1,1,1,0.03641666666666667,0.0,0.03641666666666667,exact_recall,canonical,equal_macro
placebo,864178,7,primary,0,0,0,0.9989166666666667,0.0,0.9989166666666667,exact_recall,canonical,equal_macro
placebo,864178,7,primary,0,0,1,0.99925,0.0,0.99925,exact_recall,canonical,equal_macro
placebo,864178,7,primary,0,1,0,0.999,0.0,0.999,exact_recall,canonical,equal_macro
placebo,864178,7,primary,0,1,1,0.9990833333333334,0.0,0.9990833333333334,exact_recall,canonical,equal_macro
placebo,864178,7,primary,1,0,0,0.04033333333333333,0.0,0.04033333333333333,exact_recall,canonical,equal_macro
placebo,864178,7,primary,1,0,1,0.2514166666666667,0.0,0.2514166666666667,exact_recall,canonical,equal_macro
placebo,864178,7,primary,1,1,0,0.042583333333333334,0.0,0.042583333333333334,exact_recall,canonical,equal_macro
placebo,864178,7,primary,1,1,1,0.24475000000000002,0.0,0.24475000000000002,exact_recall,canonical,equal_macro
placebo,864178,42,primary,0,0,0,0.9988333333333334,0.0,0.9988333333333334,exact_recall,canonical,equal_macro
placebo,864178,42,primary,0,0,1,0.9990833333333334,0.0,0.9990833333333334,exact_recall,canonical,equal_macro
placebo,864178,42,primary,0,1,0,0.999,0.0,0.999,exact_recall,canonical,equal_macro
placebo,864178,42,primary,0,1,1,0.999,0.0,0.999,exact_recall,canonical,equal_macro
placebo,864178,42,primary,1,0,0,0.028249999999999997,0.0,0.028249999999999997,exact_recall,canonical,equal_macro
placebo,864178,42,primary,1,0,1,0.064,0.0,0.064,exact_recall,canonical,equal_macro
placebo,864178,42,primary,1,1,0,0.028,0.0,0.028,exact_recall,canonical,equal_macro
placebo,864178,42,primary,1,1,1,0.062,0.0,0.062,exact_recall,canonical,equal_macro
placebo,864178,123,primary,0,0,0,0.999,0.0,0.999,exact_recall,canonical,equal_macro
placebo,864178,123,primary,0,0,1,0.9989166666666667,0.0,0.9989166666666667,exact_recall,canonical,equal_macro
placebo,864178,123,primary,0,1,0,0.9991666666666666,0.0,0.9991666666666666,exact_recall,canonical,equal_macro
placebo,864178,123,primary,0,1,1,0.99925,0.0,0.99925,exact_recall,canonical,equal_macro
placebo,864178,123,primary,1,0,0,0.07775,0.0,0.07775,exact_recall,canonical,equal_macro
placebo,864178,123,primary,1,0,1,0.11175,0.0,0.11175,exact_recall,canonical,equal_macro
placebo,864178,123,primary,1,1,0,0.07775,0.0,0.07775,exact_recall,canonical,equal_macro
placebo,864178,123,primary,1,1,1,0.11133333333333334,0.0,0.11133333333333334,exact_recall,canonical,equal_macro
placebo,864178,2026,primary,0,0,0,0.9988333333333334,0.0,0.9988333333333334,exact_recall,canonical,equal_macro
placebo,864178,2026,primary,0,0,1,0.9986666666666667,0.0,0.9986666666666667,exact_recall,canonical,equal_macro
placebo,864178,2026,primary,0,1,0,0.9990833333333334,0.0,0.9990833333333334,exact_recall,canonical,equal_macro
placebo,864178,2026,primary,0,1,1,0.999,0.0,0.999,exact_recall,canonical,equal_macro
placebo,864178,2026,primary,1,0,0,0.03783333333333333,0.0,0.03783333333333333,exact_recall,canonical,equal_macro
placebo,864178,2026,primary,1,0,1,0.051583333333333335,0.0,0.051583333333333335,exact_recall,canonical,equal_macro
placebo,864178,2026,primary,1,1,0,0.037083333333333336,0.0,0.037083333333333336,exact_recall,canonical,equal_macro
placebo,864178,2026,primary,1,1,1,0.05291666666666667,0.0,0.05291666666666667,exact_recall,canonical,equal_macro
placebo,864178,3407,primary,0,0,0,0.999,0.0,0.999,exact_recall,canonical,equal_macro
placebo,864178,3407,primary,0,0,1,0.9990833333333334,0.0,0.9990833333333334,exact_recall,canonical,equal_macro
placebo,864178,3407,primary,0,1,0,0.9990833333333334,0.0,0.9990833333333334,exact_recall,canonical,equal_macro
placebo,864178,3407,primary,0,1,1,0.9990833333333334,0.0,0.9990833333333334,exact_recall,canonical,equal_macro
placebo,864178,3407,primary,1,0,0,0.03641666666666667,0.0,0.03641666666666667,exact_recall,canonical,equal_macro
placebo,864178,3407,primary,1,0,1,0.042666666666666665,0.0,0.042666666666666665,exact_recall,canonical,equal_macro
placebo,864178,3407,primary,1,1,0,0.03358333333333333,0.0,0.03358333333333333,exact_recall,canonical,equal_macro
placebo,864178,3407,primary,1,1,1,0.04275,0.0,0.04275,exact_recall,canonical,equal_macro
placebo,922089,7,primary,0,0,0,0.999,0.0,0.999,exact_recall,canonical,equal_macro
placebo,922089,7,primary,0,0,1,0.9991666666666666,0.0,0.9991666666666666,exact_recall,canonical,equal_macro
placebo,922089,7,primary,0,1,0,0.9988333333333334,0.0,0.9988333333333334,exact_recall,canonical,equal_macro
placebo,922089,7,primary,0,1,1,0.9990833333333334,0.0,0.9990833333333334,exact_recall,canonical,equal_macro
placebo,922089,7,primary,1,0,0,0.0375,0.0,0.0375,exact_recall,canonical,equal_macro
placebo,922089,7,primary,1,0,1,0.1708333333333333,0.0,0.1708333333333333,exact_recall,canonical,equal_macro
placebo,922089,7,primary,1,1,0,0.036083333333333335,0.0,0.036083333333333335,exact_recall,canonical,equal_macro
placebo,922089,7,primary,1,1,1,0.16324999999999998,0.0,0.16324999999999998,exact_recall,canonical,equal_macro
placebo,922089,42,primary,0,0,0,0.9993333333333334,0.0,0.9993333333333334,exact_recall,canonical,equal_macro
placebo,922089,42,primary,0,0,1,0.9991666666666666,0.0,0.9991666666666666,exact_recall,canonical,equal_macro
placebo,922089,42,primary,0,1,0,0.9991666666666666,0.0,0.9991666666666666,exact_recall,canonical,equal_macro
placebo,922089,42,primary,0,1,1,0.9993333333333334,0.0,0.9993333333333334,exact_recall,canonical,equal_macro
placebo,922089,42,primary,1,0,0,0.06033333333333333,0.0,0.06033333333333333,exact_recall,canonical,equal_macro
placebo,922089,42,primary,1,0,1,0.10733333333333334,0.0,0.10733333333333334,exact_recall,canonical,equal_macro
placebo,922089,42,primary,1,1,0,0.057666666666666665,0.0,0.057666666666666665,exact_recall,canonical,equal_macro
placebo,922089,42,primary,1,1,1,0.10183333333333333,0.0,0.10183333333333333,exact_recall,canonical,equal_macro
placebo,922089,123,primary,0,0,0,0.9989166666666667,0.0,0.9989166666666667,exact_recall,canonical,equal_macro
placebo,922089,123,primary,0,0,1,0.9989166666666667,0.0,0.9989166666666667,exact_recall,canonical,equal_macro
placebo,922089,123,primary,0,1,0,0.9989166666666667,0.0,0.9989166666666667,exact_recall,canonical,equal_macro
placebo,922089,123,primary,0,1,1,0.9991666666666666,0.0,0.9991666666666666,exact_recall,canonical,equal_macro
placebo,922089,123,primary,1,0,0,0.03225,0.0,0.03225,exact_recall,canonical,equal_macro
placebo,922089,123,primary,1,0,1,0.073,0.0,0.073,exact_recall,canonical,equal_macro
placebo,922089,123,primary,1,1,0,0.03158333333333333,0.0,0.03158333333333333,exact_recall,canonical,equal_macro
placebo,922089,123,primary,1,1,1,0.07108333333333333,0.0,0.07108333333333333,exact_recall,canonical,equal_macro
placebo,922089,2026,primary,0,0,0,0.999,0.0,0.999,exact_recall,canonical,equal_macro
placebo,922089,2026,primary,0,0,1,0.9991666666666666,0.0,0.9991666666666666,exact_recall,canonical,equal_macro
placebo,922089,2026,primary,0,1,0,0.9991666666666666,0.0,0.9991666666666666,exact_recall,canonical,equal_macro
placebo,922089,2026,primary,0,1,1,0.99925,0.0,0.99925,exact_recall,canonical,equal_macro
placebo,922089,2026,primary,1,0,0,0.03166666666666667,0.0,0.03166666666666667,exact_recall,canonical,equal_macro
placebo,922089,2026,primary,1,0,1,0.050083333333333334,0.0,0.050083333333333334,exact_recall,canonical,equal_macro
placebo,922089,2026,primary,1,1,0,0.03183333333333333,0.0,0.03183333333333333,exact_recall,canonical,equal_macro
placebo,922089,2026,primary,1,1,1,0.050833333333333335,0.0,0.050833333333333335,exact_recall,canonical,equal_macro
placebo,922089,3407,primary,0,0,0,0.9988333333333334,0.0,0.9988333333333334,exact_recall,canonical,equal_macro
placebo,922089,3407,primary,0,0,1,0.9990833333333334,0.0,0.9990833333333334,exact_recall,canonical,equal_macro
placebo,922089,3407,primary,0,1,0,0.9989166666666667,0.0,0.9989166666666667,exact_recall,canonical,equal_macro
placebo,922089,3407,primary,0,1,1,0.9994166666666667,0.0,0.9994166666666667,exact_recall,canonical,equal_macro
placebo,922089,3407,primary,1,0,0,0.030416666666666665,0.0,0.030416666666666665,exact_recall,canonical,equal_macro
placebo,922089,3407,primary,1,0,1,0.03325,0.0,0.03325,exact_recall,canonical,equal_macro
placebo,922089,3407,primary,1,1,0,0.030083333333333333,0.0,0.030083333333333333,exact_recall,canonical,equal_macro
placebo,922089,3407,primary,1,1,1,0.03241666666666667,0.0,0.03241666666666667,exact_recall,canonical,equal_macro
placebo,999191,7,primary,0,0,0,0.9988333333333334,0.0,0.9988333333333334,exact_recall,canonical,equal_macro
placebo,999191,7,primary,0,0,1,0.9986666666666667,0.0,0.9986666666666667,exact_recall,canonical,equal_macro
placebo,999191,7,primary,0,1,0,0.9988333333333334,0.0,0.9988333333333334,exact_recall,canonical,equal_macro
placebo,999191,7,primary,0,1,1,0.9990833333333334,0.0,0.9990833333333334,exact_recall,canonical,equal_macro
placebo,999191,7,primary,1,0,0,0.04816666666666666,0.0,0.04816666666666666,exact_recall,canonical,equal_macro
placebo,999191,7,primary,1,0,1,0.11933333333333333,0.0,0.11933333333333333,exact_recall,canonical,equal_macro
placebo,999191,7,primary,1,1,0,0.04908333333333333,0.0,0.04908333333333333,exact_recall,canonical,equal_macro
placebo,999191,7,primary,1,1,1,0.12016666666666666,0.0,0.12016666666666666,exact_recall,canonical,equal_macro
placebo,999191,42,primary,0,0,0,0.9986666666666667,0.0,0.9986666666666667,exact_recall,canonical,equal_macro
placebo,999191,42,primary,0,0,1,0.9987499999999999,0.0,0.9987499999999999,exact_recall,canonical,equal_macro
placebo,999191,42,primary,0,1,0,0.9987499999999999,0.0,0.9987499999999999,exact_recall,canonical,equal_macro
placebo,999191,42,primary,0,1,1,0.999,0.0,0.999,exact_recall,canonical,equal_macro
placebo,999191,42,primary,1,0,0,0.028583333333333336,0.0,0.028583333333333336,exact_recall,canonical,equal_macro
placebo,999191,42,primary,1,0,1,0.03125,0.0,0.03125,exact_recall,canonical,equal_macro
placebo,999191,42,primary,1,1,0,0.027583333333333335,0.0,0.027583333333333335,exact_recall,canonical,equal_macro
placebo,999191,42,primary,1,1,1,0.03025,0.0,0.03025,exact_recall,canonical,equal_macro
placebo,999191,123,primary,0,0,0,0.9989166666666667,0.0,0.9989166666666667,exact_recall,canonical,equal_macro
placebo,999191,123,primary,0,0,1,0.9987499999999999,0.0,0.9987499999999999,exact_recall,canonical,equal_macro
placebo,999191,123,primary,0,1,0,0.999,0.0,0.999,exact_recall,canonical,equal_macro
placebo,999191,123,primary,0,1,1,0.9990833333333334,0.0,0.9990833333333334,exact_recall,canonical,equal_macro
placebo,999191,123,primary,1,0,0,0.031,0.0,0.031,exact_recall,canonical,equal_macro
placebo,999191,123,primary,1,0,1,0.03733333333333333,0.0,0.03733333333333333,exact_recall,canonical,equal_macro
placebo,999191,123,primary,1,1,0,0.03125,0.0,0.03125,exact_recall,canonical,equal_macro
placebo,999191,123,primary,1,1,1,0.03833333333333334,0.0,0.03833333333333334,exact_recall,canonical,equal_macro
placebo,999191,2026,primary,0,0,0,0.9988333333333334,0.0,0.9988333333333334,exact_recall,canonical,equal_macro
placebo,999191,2026,primary,0,0,1,0.9990833333333334,0.0,0.9990833333333334,exact_recall,canonical,equal_macro
placebo,999191,2026,primary,0,1,0,0.9990833333333334,0.0,0.9990833333333334,exact_recall,canonical,equal_macro
placebo,999191,2026,primary,0,1,1,0.9990833333333334,0.0,0.9990833333333334,exact_recall,canonical,equal_macro
placebo,999191,2026,primary,1,0,0,0.043416666666666666,0.0,0.043416666666666666,exact_recall,canonical,equal_macro
placebo,999191,2026,primary,1,0,1,0.0315,0.0,0.0315,exact_recall,canonical,equal_macro
placebo,999191,2026,primary,1,1,0,0.04466666666666667,0.0,0.04466666666666667,exact_recall,canonical,equal_macro
placebo,999191,2026,primary,1,1,1,0.030583333333333334,0.0,0.030583333333333334,exact_recall,canonical,equal_macro
placebo,999191,3407,primary,0,0,0,0.999,0.0,0.999,exact_recall,canonical,equal_macro
placebo,999191,3407,primary,0,0,1,0.9987499999999999,0.0,0.9987499999999999,exact_recall,canonical,equal_macro
placebo,999191,3407,primary,0,1,0,0.9991666666666666,0.0,0.9991666666666666,exact_recall,canonical,equal_macro
placebo,999191,3407,primary,0,1,1,0.9989166666666667,0.0,0.9989166666666667,exact_recall,canonical,equal_macro
placebo,999191,3407,primary,1,0,0,0.031083333333333334,0.0,0.031083333333333334,exact_recall,canonical,equal_macro
placebo,999191,3407,primary,1,0,1,0.03891666666666666,0.0,0.03891666666666666,exact_recall,canonical,equal_macro
placebo,999191,3407,primary,1,1,0,0.030916666666666665,0.0,0.030916666666666665,exact_recall,canonical,equal_macro
placebo,999191,3407,primary,1,1,1,0.03716666666666667,0.0,0.03716666666666667,exact_recall,canonical,equal_macro
rule,141421,7,bridge_sensitivity,0,0,0,0.9991666666666666,0.0,0.9991666666666666,exact_recall,canonical,equal_macro
rule,141421,7,bridge_sensitivity,0,0,1,0.9990833333333334,0.0,0.9990833333333334,exact_recall,canonical,equal_macro
rule,141421,7,bridge_sensitivity,0,1,0,0.99925,0.0,0.99925,exact_recall,canonical,equal_macro
rule,141421,7,bridge_sensitivity,0,1,1,0.99925,0.0,0.99925,exact_recall,canonical,equal_macro
rule,141421,7,bridge_sensitivity,1,0,0,0.057166666666666664,0.0,0.057166666666666664,exact_recall,canonical,equal_macro
rule,141421,7,bridge_sensitivity,1,0,1,0.07533333333333332,0.0,0.07533333333333332,exact_recall,canonical,equal_macro
rule,141421,7,bridge_sensitivity,1,1,0,0.05758333333333333,0.0,0.05758333333333333,exact_recall,canonical,equal_macro
rule,141421,7,bridge_sensitivity,1,1,1,0.07333333333333333,0.0,0.07333333333333333,exact_recall,canonical,equal_macro
rule,141421,42,bridge_sensitivity,0,0,0,0.9990833333333334,0.0,0.9990833333333334,exact_recall,canonical,equal_macro
rule,141421,42,bridge_sensitivity,0,0,1,0.99925,0.0,0.99925,exact_recall,canonical,equal_macro
rule,141421,42,bridge_sensitivity,0,1,0,0.9990833333333334,0.0,0.9990833333333334,exact_recall,canonical,equal_macro
rule,141421,42,bridge_sensitivity,0,1,1,0.99925,0.0,0.99925,exact_recall,canonical,equal_macro
rule,141421,42,bridge_sensitivity,1,0,0,0.029083333333333333,0.0,0.029083333333333333,exact_recall,canonical,equal_macro
rule,141421,42,bridge_sensitivity,1,0,1,0.028083333333333335,0.0,0.028083333333333335,exact_recall,canonical,equal_macro
rule,141421,42,bridge_sensitivity,1,1,0,0.028499999999999998,0.0,0.028499999999999998,exact_recall,canonical,equal_macro
rule,141421,42,bridge_sensitivity,1,1,1,0.0285,0.0,0.0285,exact_recall,canonical,equal_macro
rule,141421,123,bridge_sensitivity,0,0,0,0.9990833333333334,0.0,0.9990833333333334,exact_recall,canonical,equal_macro
rule,141421,123,bridge_sensitivity,0,0,1,0.99925,0.0,0.99925,exact_recall,canonical,equal_macro
rule,141421,123,bridge_sensitivity,0,1,0,0.9991666666666666,0.0,0.9991666666666666,exact_recall,canonical,equal_macro
rule,141421,123,bridge_sensitivity,0,1,1,0.9993333333333334,0.0,0.9993333333333334,exact_recall,canonical,equal_macro
rule,141421,123,bridge_sensitivity,1,0,0,0.06325,0.0,0.06325,exact_recall,canonical,equal_macro
rule,141421,123,bridge_sensitivity,1,0,1,0.07766666666666666,0.0,0.07766666666666666,exact_recall,canonical,equal_macro
rule,141421,123,bridge_sensitivity,1,1,0,0.06341666666666666,0.0,0.06341666666666666,exact_recall,canonical,equal_macro
rule,141421,123,bridge_sensitivity,1,1,1,0.07716666666666666,0.0,0.07716666666666666,exact_recall,canonical,equal_macro
rule,141421,2026,bridge_sensitivity,0,0,0,0.9989166666666667,0.0,0.9989166666666667,exact_recall,canonical,equal_macro
rule,141421,2026,bridge_sensitivity,0,0,1,0.9987499999999999,0.0,0.9987499999999999,exact_recall,canonical,equal_macro
rule,141421,2026,bridge_sensitivity,0,1,0,0.99925,0.0,0.99925,exact_recall,canonical,equal_macro
rule,141421,2026,bridge_sensitivity,0,1,1,0.9990833333333334,0.0,0.9990833333333334,exact_recall,canonical,equal_macro
rule,141421,2026,bridge_sensitivity,1,0,0,0.04083333333333333,0.0,0.04083333333333333,exact_recall,canonical,equal_macro
rule,141421,2026,bridge_sensitivity,1,0,1,0.04574999999999999,0.0,0.04574999999999999,exact_recall,canonical,equal_macro
rule,141421,2026,bridge_sensitivity,1,1,0,0.038,0.0,0.038,exact_recall,canonical,equal_macro
rule,141421,2026,bridge_sensitivity,1,1,1,0.042833333333333334,0.0,0.042833333333333334,exact_recall,canonical,equal_macro
rule,141421,3407,bridge_sensitivity,0,0,0,0.9989166666666667,0.0,0.9989166666666667,exact_recall,canonical,equal_macro
rule,141421,3407,bridge_sensitivity,0,0,1,0.9989166666666667,0.0,0.9989166666666667,exact_recall,canonical,equal_macro
rule,141421,3407,bridge_sensitivity,0,1,0,0.9991666666666666,0.0,0.9991666666666666,exact_recall,canonical,equal_macro
rule,141421,3407,bridge_sensitivity,0,1,1,0.9991666666666666,0.0,0.9991666666666666,exact_recall,canonical,equal_macro
rule,141421,3407,bridge_sensitivity,1,0,0,0.12941666666666665,0.0,0.12941666666666665,exact_recall,canonical,equal_macro
rule,141421,3407,bridge_sensitivity,1,0,1,0.29683333333333334,0.0,0.29683333333333334,exact_recall,canonical,equal_macro
rule,141421,3407,bridge_sensitivity,1,1,0,0.13033333333333333,0.0,0.13033333333333333,exact_recall,canonical,equal_macro
rule,141421,3407,bridge_sensitivity,1,1,1,0.29416666666666663,0.0,0.29416666666666663,exact_recall,canonical,equal_macro
rule,161803,7,bridge_sensitivity,0,0,0,0.9990833333333334,0.0,0.9990833333333334,exact_recall,canonical,equal_macro
rule,161803,7,bridge_sensitivity,0,0,1,0.9990833333333334,0.0,0.9990833333333334,exact_recall,canonical,equal_macro
rule,161803,7,bridge_sensitivity,0,1,0,0.9990833333333334,0.0,0.9990833333333334,exact_recall,canonical,equal_macro
rule,161803,7,bridge_sensitivity,0,1,1,0.9990833333333334,0.0,0.9990833333333334,exact_recall,canonical,equal_macro
rule,161803,7,bridge_sensitivity,1,0,0,0.07566666666666666,0.0,0.07566666666666666,exact_recall,canonical,equal_macro
rule,161803,7,bridge_sensitivity,1,0,1,0.113,0.0,0.113,exact_recall,canonical,equal_macro
rule,161803,7,bridge_sensitivity,1,1,0,0.07133333333333335,0.0,0.07133333333333335,exact_recall,canonical,equal_macro
rule,161803,7,bridge_sensitivity,1,1,1,0.1075,0.0,0.1075,exact_recall,canonical,equal_macro
rule,161803,42,bridge_sensitivity,0,0,0,0.9990833333333334,0.0,0.9990833333333334,exact_recall,canonical,equal_macro
rule,161803,42,bridge_sensitivity,0,0,1,0.9988333333333334,0.0,0.9988333333333334,exact_recall,canonical,equal_macro
rule,161803,42,bridge_sensitivity,0,1,0,0.9991666666666666,0.0,0.9991666666666666,exact_recall,canonical,equal_macro
rule,161803,42,bridge_sensitivity,0,1,1,0.9991666666666666,0.0,0.9991666666666666,exact_recall,canonical,equal_macro
rule,161803,42,bridge_sensitivity,1,0,0,0.029916666666666664,0.0,0.029916666666666664,exact_recall,canonical,equal_macro
rule,161803,42,bridge_sensitivity,1,0,1,0.03466666666666667,0.0,0.03466666666666667,exact_recall,canonical,equal_macro
rule,161803,42,bridge_sensitivity,1,1,0,0.029666666666666664,0.0,0.029666666666666664,exact_recall,canonical,equal_macro
rule,161803,42,bridge_sensitivity,1,1,1,0.034833333333333334,0.0,0.034833333333333334,exact_recall,canonical,equal_macro
rule,161803,123,bridge_sensitivity,0,0,0,0.9988333333333334,0.0,0.9988333333333334,exact_recall,canonical,equal_macro
rule,161803,123,bridge_sensitivity,0,0,1,0.99925,0.0,0.99925,exact_recall,canonical,equal_macro
rule,161803,123,bridge_sensitivity,0,1,0,0.99925,0.0,0.99925,exact_recall,canonical,equal_macro
rule,161803,123,bridge_sensitivity,0,1,1,0.9991666666666666,0.0,0.9991666666666666,exact_recall,canonical,equal_macro
rule,161803,123,bridge_sensitivity,1,0,0,0.049999999999999996,0.0,0.049999999999999996,exact_recall,canonical,equal_macro
rule,161803,123,bridge_sensitivity,1,0,1,0.06883333333333334,0.0,0.06883333333333334,exact_recall,canonical,equal_macro
rule,161803,123,bridge_sensitivity,1,1,0,0.04933333333333333,0.0,0.04933333333333333,exact_recall,canonical,equal_macro
rule,161803,123,bridge_sensitivity,1,1,1,0.06833333333333334,0.0,0.06833333333333334,exact_recall,canonical,equal_macro
rule,161803,2026,bridge_sensitivity,0,0,0,0.999,0.0,0.999,exact_recall,canonical,equal_macro
rule,161803,2026,bridge_sensitivity,0,0,1,0.9984999999999999,0.0,0.9984999999999999,exact_recall,canonical,equal_macro
rule,161803,2026,bridge_sensitivity,0,1,0,0.9991666666666666,0.0,0.9991666666666666,exact_recall,canonical,equal_macro
rule,161803,2026,bridge_sensitivity,0,1,1,0.9991666666666666,0.0,0.9991666666666666,exact_recall,canonical,equal_macro
rule,161803,2026,bridge_sensitivity,1,0,0,0.04533333333333334,0.0,0.04533333333333334,exact_recall,canonical,equal_macro
rule,161803,2026,bridge_sensitivity,1,0,1,0.12116666666666666,0.0,0.12116666666666666,exact_recall,canonical,equal_macro
rule,161803,2026,bridge_sensitivity,1,1,0,0.043750000000000004,0.0,0.043750000000000004,exact_recall,canonical,equal_macro
rule,161803,2026,bridge_sensitivity,1,1,1,0.12083333333333333,0.0,0.12083333333333333,exact_recall,canonical,equal_macro
rule,161803,3407,bridge_sensitivity,0,0,0,0.999,0.0,0.999,exact_recall,canonical,equal_macro
rule,161803,3407,bridge_sensitivity,0,0,1,0.9989166666666667,0.0,0.9989166666666667,exact_recall,canonical,equal_macro
rule,161803,3407,bridge_sensitivity,0,1,0,0.999,0.0,0.999,exact_recall,canonical,equal_macro
rule,161803,3407,bridge_sensitivity,0,1,1,0.9990833333333334,0.0,0.9990833333333334,exact_recall,canonical,equal_macro
rule,161803,3407,bridge_sensitivity,1,0,0,0.029916666666666664,0.0,0.029916666666666664,exact_recall,canonical,equal_macro
rule,161803,3407,bridge_sensitivity,1,0,1,0.13433333333333333,0.0,0.13433333333333333,exact_recall,canonical,equal_macro
rule,161803,3407,bridge_sensitivity,1,1,0,0.029,0.0,0.029,exact_recall,canonical,equal_macro
rule,161803,3407,bridge_sensitivity,1,1,1,0.1345,0.0,0.1345,exact_recall,canonical,equal_macro
rule,173205,7,bridge_sensitivity,0,0,0,0.9991666666666666,0.0,0.9991666666666666,exact_recall,canonical,equal_macro
rule,173205,7,bridge_sensitivity,0,0,1,0.9985,0.0,0.9985,exact_recall,canonical,equal_macro
rule,173205,7,bridge_sensitivity,0,1,0,0.9990833333333334,0.0,0.9990833333333334,exact_recall,canonical,equal_macro
rule,173205,7,bridge_sensitivity,0,1,1,0.9989166666666667,0.0,0.9989166666666667,exact_recall,canonical,equal_macro
rule,173205,7,bridge_sensitivity,1,0,0,0.03208333333333333,0.0,0.03208333333333333,exact_recall,canonical,equal_macro
rule,173205,7,bridge_sensitivity,1,0,1,0.11725000000000001,0.0,0.11725000000000001,exact_recall,canonical,equal_macro
rule,173205,7,bridge_sensitivity,1,1,0,0.032,0.0,0.032,exact_recall,canonical,equal_macro
rule,173205,7,bridge_sensitivity,1,1,1,0.109,0.0,0.109,exact_recall,canonical,equal_macro
rule,173205,42,bridge_sensitivity,0,0,0,0.9985833333333334,0.0,0.9985833333333334,exact_recall,canonical,equal_macro
rule,173205,42,bridge_sensitivity,0,0,1,0.9985833333333334,0.0,0.9985833333333334,exact_recall,canonical,equal_macro
rule,173205,42,bridge_sensitivity,0,1,0,0.999,0.0,0.999,exact_recall,canonical,equal_macro
rule,173205,42,bridge_sensitivity,0,1,1,0.9988333333333334,0.0,0.9988333333333334,exact_recall,canonical,equal_macro
rule,173205,42,bridge_sensitivity,1,0,0,0.02816666666666667,0.0,0.02816666666666667,exact_recall,canonical,equal_macro
rule,173205,42,bridge_sensitivity,1,0,1,0.032,0.0,0.032,exact_recall,canonical,equal_macro
rule,173205,42,bridge_sensitivity,1,1,0,0.027999999999999997,0.0,0.027999999999999997,exact_recall,canonical,equal_macro
rule,173205,42,bridge_sensitivity,1,1,1,0.03183333333333333,0.0,0.03183333333333333,exact_recall,canonical,equal_macro
rule,173205,123,bridge_sensitivity,0,0,0,0.9989166666666667,0.0,0.9989166666666667,exact_recall,canonical,equal_macro
rule,173205,123,bridge_sensitivity,0,0,1,0.9983333333333334,0.0,0.9983333333333334,exact_recall,canonical,equal_macro
rule,173205,123,bridge_sensitivity,0,1,0,0.999,0.0,0.999,exact_recall,canonical,equal_macro
rule,173205,123,bridge_sensitivity,0,1,1,0.999,0.0,0.999,exact_recall,canonical,equal_macro
rule,173205,123,bridge_sensitivity,1,0,0,0.027333333333333334,0.0,0.027333333333333334,exact_recall,canonical,equal_macro
rule,173205,123,bridge_sensitivity,1,0,1,0.03425,0.0,0.03425,exact_recall,canonical,equal_macro
rule,173205,123,bridge_sensitivity,1,1,0,0.02766666666666667,0.0,0.02766666666666667,exact_recall,canonical,equal_macro
rule,173205,123,bridge_sensitivity,1,1,1,0.034249999999999996,0.0,0.034249999999999996,exact_recall,canonical,equal_macro
rule,173205,2026,bridge_sensitivity,0,0,0,0.9985833333333334,0.0,0.9985833333333334,exact_recall,canonical,equal_macro
rule,173205,2026,bridge_sensitivity,0,0,1,0.9987499999999999,0.0,0.9987499999999999,exact_recall,canonical,equal_macro
rule,173205,2026,bridge_sensitivity,0,1,0,0.9988333333333334,0.0,0.9988333333333334,exact_recall,canonical,equal_macro
rule,173205,2026,bridge_sensitivity,0,1,1,0.9990833333333334,0.0,0.9990833333333334,exact_recall,canonical,equal_macro
rule,173205,2026,bridge_sensitivity,1,0,0,0.03475,0.0,0.03475,exact_recall,canonical,equal_macro
rule,173205,2026,bridge_sensitivity,1,0,1,0.06833333333333334,0.0,0.06833333333333334,exact_recall,canonical,equal_macro
rule,173205,2026,bridge_sensitivity,1,1,0,0.03491666666666667,0.0,0.03491666666666667,exact_recall,canonical,equal_macro
rule,173205,2026,bridge_sensitivity,1,1,1,0.06525,0.0,0.06525,exact_recall,canonical,equal_macro
rule,173205,3407,bridge_sensitivity,0,0,0,0.9987499999999999,0.0,0.9987499999999999,exact_recall,canonical,equal_macro
rule,173205,3407,bridge_sensitivity,0,0,1,0.9986666666666667,0.0,0.9986666666666667,exact_recall,canonical,equal_macro
rule,173205,3407,bridge_sensitivity,0,1,0,0.9990833333333334,0.0,0.9990833333333334,exact_recall,canonical,equal_macro
rule,173205,3407,bridge_sensitivity,0,1,1,0.999,0.0,0.999,exact_recall,canonical,equal_macro
rule,173205,3407,bridge_sensitivity,1,0,0,0.03216666666666667,0.0,0.03216666666666667,exact_recall,canonical,equal_macro
rule,173205,3407,bridge_sensitivity,1,0,1,0.053,0.0,0.053,exact_recall,canonical,equal_macro
rule,173205,3407,bridge_sensitivity,1,1,0,0.03208333333333333,0.0,0.03208333333333333,exact_recall,canonical,equal_macro
rule,173205,3407,bridge_sensitivity,1,1,1,0.0525,0.0,0.0525,exact_recall,canonical,equal_macro
rule,192753,7,primary,0,0,0,0.9990833333333334,0.0,0.9990833333333334,exact_recall,canonical,equal_macro
rule,192753,7,primary,0,0,1,0.9990833333333334,0.0,0.9990833333333334,exact_recall,canonical,equal_macro
rule,192753,7,primary,0,1,0,0.99925,0.0,0.99925,exact_recall,canonical,equal_macro
rule,192753,7,primary,0,1,1,0.9990833333333334,0.0,0.9990833333333334,exact_recall,canonical,equal_macro
rule,192753,7,primary,1,0,0,0.08083333333333333,0.0,0.08083333333333333,exact_recall,canonical,equal_macro
rule,192753,7,primary,1,0,1,0.18591666666666665,0.0,0.18591666666666665,exact_recall,canonical,equal_macro
rule,192753,7,primary,1,1,0,0.0815,0.0,0.0815,exact_recall,canonical,equal_macro
rule,192753,7,primary,1,1,1,0.18583333333333338,0.0,0.18583333333333338,exact_recall,canonical,equal_macro
rule,192753,42,primary,0,0,0,0.9993333333333334,0.0,0.9993333333333334,exact_recall,canonical,equal_macro
rule,192753,42,primary,0,0,1,0.99925,0.0,0.99925,exact_recall,canonical,equal_macro
rule,192753,42,primary,0,1,0,0.9994166666666667,0.0,0.9994166666666667,exact_recall,canonical,equal_macro
rule,192753,42,primary,0,1,1,0.9993333333333334,0.0,0.9993333333333334,exact_recall,canonical,equal_macro
rule,192753,42,primary,1,0,0,0.027333333333333334,0.0,0.027333333333333334,exact_recall,canonical,equal_macro
rule,192753,42,primary,1,0,1,0.035333333333333335,0.0,0.035333333333333335,exact_recall,canonical,equal_macro
rule,192753,42,primary,1,1,0,0.0275,0.0,0.0275,exact_recall,canonical,equal_macro
rule,192753,42,primary,1,1,1,0.035500000000000004,0.0,0.035500000000000004,exact_recall,canonical,equal_macro
rule,192753,123,primary,0,0,0,0.9988333333333334,0.0,0.9988333333333334,exact_recall,canonical,equal_macro
rule,192753,123,primary,0,0,1,0.999,0.0,0.999,exact_recall,canonical,equal_macro
rule,192753,123,primary,0,1,0,0.9989166666666667,0.0,0.9989166666666667,exact_recall,canonical,equal_macro
rule,192753,123,primary,0,1,1,0.99925,0.0,0.99925,exact_recall,canonical,equal_macro
rule,192753,123,primary,1,0,0,0.05675,0.0,0.05675,exact_recall,canonical,equal_macro
rule,192753,123,primary,1,0,1,0.10016666666666667,0.0,0.10016666666666667,exact_recall,canonical,equal_macro
rule,192753,123,primary,1,1,0,0.058499999999999996,0.0,0.058499999999999996,exact_recall,canonical,equal_macro
rule,192753,123,primary,1,1,1,0.10291666666666667,0.0,0.10291666666666667,exact_recall,canonical,equal_macro
rule,192753,2026,primary,0,0,0,0.9988333333333334,0.0,0.9988333333333334,exact_recall,canonical,equal_macro
rule,192753,2026,primary,0,0,1,0.9989166666666667,0.0,0.9989166666666667,exact_recall,canonical,equal_macro
rule,192753,2026,primary,0,1,0,0.9989166666666667,0.0,0.9989166666666667,exact_recall,canonical,equal_macro
rule,192753,2026,primary,0,1,1,0.999,0.0,0.999,exact_recall,canonical,equal_macro
rule,192753,2026,primary,1,0,0,0.02741666666666667,0.0,0.02741666666666667,exact_recall,canonical,equal_macro
rule,192753,2026,primary,1,0,1,0.034083333333333334,0.0,0.034083333333333334,exact_recall,canonical,equal_macro
rule,192753,2026,primary,1,1,0,0.02816666666666667,0.0,0.02816666666666667,exact_recall,canonical,equal_macro
rule,192753,2026,primary,1,1,1,0.03333333333333333,0.0,0.03333333333333333,exact_recall,canonical,equal_macro
rule,192753,3407,primary,0,0,0,0.9985833333333334,0.0,0.9985833333333334,exact_recall,canonical,equal_macro
rule,192753,3407,primary,0,0,1,0.9989166666666667,0.0,0.9989166666666667,exact_recall,canonical,equal_macro
rule,192753,3407,primary,0,1,0,0.999,0.0,0.999,exact_recall,canonical,equal_macro
rule,192753,3407,primary,0,1,1,0.9991666666666666,0.0,0.9991666666666666,exact_recall,canonical,equal_macro
rule,192753,3407,primary,1,0,0,0.037,0.0,0.037,exact_recall,canonical,equal_macro
rule,192753,3407,primary,1,0,1,0.09116666666666666,0.0,0.09116666666666666,exact_recall,canonical,equal_macro
rule,192753,3407,primary,1,1,0,0.037,0.0,0.037,exact_recall,canonical,equal_macro
rule,192753,3407,primary,1,1,1,0.08616666666666667,0.0,0.08616666666666667,exact_recall,canonical,equal_macro
rule,222537,7,primary,0,0,0,0.999,0.0,0.999,exact_recall,canonical,equal_macro
rule,222537,7,primary,0,0,1,0.99925,0.0,0.99925,exact_recall,canonical,equal_macro
rule,222537,7,primary,0,1,0,0.9991666666666666,0.0,0.9991666666666666,exact_recall,canonical,equal_macro
rule,222537,7,primary,0,1,1,0.9990833333333334,0.0,0.9990833333333334,exact_recall,canonical,equal_macro
rule,222537,7,primary,1,0,0,0.030416666666666665,0.0,0.030416666666666665,exact_recall,canonical,equal_macro
rule,222537,7,primary,1,0,1,0.03358333333333333,0.0,0.03358333333333333,exact_recall,canonical,equal_macro
rule,222537,7,primary,1,1,0,0.029416666666666664,0.0,0.029416666666666664,exact_recall,canonical,equal_macro
rule,222537,7,primary,1,1,1,0.03191666666666667,0.0,0.03191666666666667,exact_recall,canonical,equal_macro
rule,222537,42,primary,0,0,0,0.9991666666666666,0.0,0.9991666666666666,exact_recall,canonical,equal_macro
rule,222537,42,primary,0,0,1,0.9984166666666666,0.0,0.9984166666666666,exact_recall,canonical,equal_macro
rule,222537,42,primary,0,1,0,0.999,0.0,0.999,exact_recall,canonical,equal_macro
rule,222537,42,primary,0,1,1,0.9989166666666667,0.0,0.9989166666666667,exact_recall,canonical,equal_macro
rule,222537,42,primary,1,0,0,0.0265,0.0,0.0265,exact_recall,canonical,equal_macro
rule,222537,42,primary,1,0,1,0.0275,0.0,0.0275,exact_recall,canonical,equal_macro
rule,222537,42,primary,1,1,0,0.026583333333333334,0.0,0.026583333333333334,exact_recall,canonical,equal_macro
rule,222537,42,primary,1,1,1,0.027333333333333334,0.0,0.027333333333333334,exact_recall,canonical,equal_macro
rule,222537,123,primary,0,0,0,0.9988333333333334,0.0,0.9988333333333334,exact_recall,canonical,equal_macro
rule,222537,123,primary,0,0,1,0.9988333333333334,0.0,0.9988333333333334,exact_recall,canonical,equal_macro
rule,222537,123,primary,0,1,0,0.9990833333333334,0.0,0.9990833333333334,exact_recall,canonical,equal_macro
rule,222537,123,primary,0,1,1,0.9989166666666667,0.0,0.9989166666666667,exact_recall,canonical,equal_macro
rule,222537,123,primary,1,0,0,0.02891666666666667,0.0,0.02891666666666667,exact_recall,canonical,equal_macro
rule,222537,123,primary,1,0,1,0.02975,0.0,0.02975,exact_recall,canonical,equal_macro
rule,222537,123,primary,1,1,0,0.028916666666666663,0.0,0.028916666666666663,exact_recall,canonical,equal_macro
rule,222537,123,primary,1,1,1,0.029333333333333333,0.0,0.029333333333333333,exact_recall,canonical,equal_macro
rule,222537,2026,primary,0,0,0,0.9987499999999999,0.0,0.9987499999999999,exact_recall,canonical,equal_macro
rule,222537,2026,primary,0,0,1,0.9989166666666667,0.0,0.9989166666666667,exact_recall,canonical,equal_macro
rule,222537,2026,primary,0,1,0,0.999,0.0,0.999,exact_recall,canonical,equal_macro
rule,222537,2026,primary,0,1,1,0.9991666666666666,0.0,0.9991666666666666,exact_recall,canonical,equal_macro
rule,222537,2026,primary,1,0,0,0.0345,0.0,0.0345,exact_recall,canonical,equal_macro
rule,222537,2026,primary,1,0,1,0.07866666666666666,0.0,0.07866666666666666,exact_recall,canonical,equal_macro
rule,222537,2026,primary,1,1,0,0.03466666666666667,0.0,0.03466666666666667,exact_recall,canonical,equal_macro
rule,222537,2026,primary,1,1,1,0.07475,0.0,0.07475,exact_recall,canonical,equal_macro
rule,222537,3407,primary,0,0,0,0.9990833333333334,0.0,0.9990833333333334,exact_recall,canonical,equal_macro
rule,222537,3407,primary,0,0,1,0.99925,0.0,0.99925,exact_recall,canonical,equal_macro
rule,222537,3407,primary,0,1,0,0.9991666666666666,0.0,0.9991666666666666,exact_recall,canonical,equal_macro
rule,222537,3407,primary,0,1,1,0.9994166666666667,0.0,0.9994166666666667,exact_recall,canonical,equal_macro
rule,222537,3407,primary,1,0,0,0.03166666666666667,0.0,0.03166666666666667,exact_recall,canonical,equal_macro
rule,222537,3407,primary,1,0,1,0.03283333333333333,0.0,0.03283333333333333,exact_recall,canonical,equal_macro
rule,222537,3407,primary,1,1,0,0.032,0.0,0.032,exact_recall,canonical,equal_macro
rule,222537,3407,primary,1,1,1,0.03383333333333333,0.0,0.03383333333333333,exact_recall,canonical,equal_macro
rule,271828,7,bridge_sensitivity,0,0,0,0.9987499999999999,0.0,0.9987499999999999,exact_recall,canonical,equal_macro
rule,271828,7,bridge_sensitivity,0,0,1,0.999,0.0,0.999,exact_recall,canonical,equal_macro
rule,271828,7,bridge_sensitivity,0,1,0,0.9990833333333334,0.0,0.9990833333333334,exact_recall,canonical,equal_macro
rule,271828,7,bridge_sensitivity,0,1,1,0.9990833333333334,0.0,0.9990833333333334,exact_recall,canonical,equal_macro
rule,271828,7,bridge_sensitivity,1,0,0,0.035416666666666666,0.0,0.035416666666666666,exact_recall,canonical,equal_macro
rule,271828,7,bridge_sensitivity,1,0,1,0.09399999999999999,0.0,0.09399999999999999,exact_recall,canonical,equal_macro
rule,271828,7,bridge_sensitivity,1,1,0,0.036166666666666666,0.0,0.036166666666666666,exact_recall,canonical,equal_macro
rule,271828,7,bridge_sensitivity,1,1,1,0.09075,0.0,0.09075,exact_recall,canonical,equal_macro
rule,271828,42,bridge_sensitivity,0,0,0,0.9987499999999999,0.0,0.9987499999999999,exact_recall,canonical,equal_macro
rule,271828,42,bridge_sensitivity,0,0,1,0.999,0.0,0.999,exact_recall,canonical,equal_macro
rule,271828,42,bridge_sensitivity,0,1,0,0.9991666666666666,0.0,0.9991666666666666,exact_recall,canonical,equal_macro
rule,271828,42,bridge_sensitivity,0,1,1,0.9993333333333334,0.0,0.9993333333333334,exact_recall,canonical,equal_macro
rule,271828,42,bridge_sensitivity,1,0,0,0.04441666666666666,0.0,0.04441666666666666,exact_recall,canonical,equal_macro
rule,271828,42,bridge_sensitivity,1,0,1,0.08408333333333333,0.0,0.08408333333333333,exact_recall,canonical,equal_macro
rule,271828,42,bridge_sensitivity,1,1,0,0.043666666666666666,0.0,0.043666666666666666,exact_recall,canonical,equal_macro
rule,271828,42,bridge_sensitivity,1,1,1,0.08025,0.0,0.08025,exact_recall,canonical,equal_macro
rule,271828,123,bridge_sensitivity,0,0,0,0.9988333333333334,0.0,0.9988333333333334,exact_recall,canonical,equal_macro
rule,271828,123,bridge_sensitivity,0,0,1,0.9991666666666666,0.0,0.9991666666666666,exact_recall,canonical,equal_macro
rule,271828,123,bridge_sensitivity,0,1,0,0.9991666666666666,0.0,0.9991666666666666,exact_recall,canonical,equal_macro
rule,271828,123,bridge_sensitivity,0,1,1,0.99925,0.0,0.99925,exact_recall,canonical,equal_macro
rule,271828,123,bridge_sensitivity,1,0,0,0.034666666666666665,0.0,0.034666666666666665,exact_recall,canonical,equal_macro
rule,271828,123,bridge_sensitivity,1,0,1,0.04158333333333333,0.0,0.04158333333333333,exact_recall,canonical,equal_macro
rule,271828,123,bridge_sensitivity,1,1,0,0.0345,0.0,0.0345,exact_recall,canonical,equal_macro
rule,271828,123,bridge_sensitivity,1,1,1,0.04066666666666666,0.0,0.04066666666666666,exact_recall,canonical,equal_macro
rule,271828,2026,bridge_sensitivity,0,0,0,0.9988333333333334,0.0,0.9988333333333334,exact_recall,canonical,equal_macro
rule,271828,2026,bridge_sensitivity,0,0,1,0.99925,0.0,0.99925,exact_recall,canonical,equal_macro
rule,271828,2026,bridge_sensitivity,0,1,0,0.9990833333333334,0.0,0.9990833333333334,exact_recall,canonical,equal_macro
rule,271828,2026,bridge_sensitivity,0,1,1,0.9993333333333334,0.0,0.9993333333333334,exact_recall,canonical,equal_macro
rule,271828,2026,bridge_sensitivity,1,0,0,0.031,0.0,0.031,exact_recall,canonical,equal_macro
rule,271828,2026,bridge_sensitivity,1,0,1,0.07416666666666667,0.0,0.07416666666666667,exact_recall,canonical,equal_macro
rule,271828,2026,bridge_sensitivity,1,1,0,0.03166666666666667,0.0,0.03166666666666667,exact_recall,canonical,equal_macro
rule,271828,2026,bridge_sensitivity,1,1,1,0.07166666666666667,0.0,0.07166666666666667,exact_recall,canonical,equal_macro
rule,271828,3407,bridge_sensitivity,0,0,0,0.99925,0.0,0.99925,exact_recall,canonical,equal_macro
rule,271828,3407,bridge_sensitivity,0,0,1,0.9991666666666666,0.0,0.9991666666666666,exact_recall,canonical,equal_macro
rule,271828,3407,bridge_sensitivity,0,1,0,0.9991666666666666,0.0,0.9991666666666666,exact_recall,canonical,equal_macro
rule,271828,3407,bridge_sensitivity,0,1,1,0.99925,0.0,0.99925,exact_recall,canonical,equal_macro
rule,271828,3407,bridge_sensitivity,1,0,0,0.03383333333333333,0.0,0.03383333333333333,exact_recall,canonical,equal_macro
rule,271828,3407,bridge_sensitivity,1,0,1,0.0515,0.0,0.0515,exact_recall,canonical,equal_macro
rule,271828,3407,bridge_sensitivity,1,1,0,0.035,0.0,0.035,exact_recall,canonical,equal_macro
rule,271828,3407,bridge_sensitivity,1,1,1,0.049666666666666665,0.0,0.049666666666666665,exact_recall,canonical,equal_macro
rule,298581,7,primary,0,0,0,0.9984999999999999,0.0,0.9984999999999999,exact_recall,canonical,equal_macro
rule,298581,7,primary,0,0,1,0.9988333333333334,0.0,0.9988333333333334,exact_recall,canonical,equal_macro
rule,298581,7,primary,0,1,0,0.9990833333333334,0.0,0.9990833333333334,exact_recall,canonical,equal_macro
rule,298581,7,primary,0,1,1,0.9991666666666666,0.0,0.9991666666666666,exact_recall,canonical,equal_macro
rule,298581,7,primary,1,0,0,0.035250000000000004,0.0,0.035250000000000004,exact_recall,canonical,equal_macro
rule,298581,7,primary,1,0,1,0.08116666666666666,0.0,0.08116666666666666,exact_recall,canonical,equal_macro
rule,298581,7,primary,1,1,0,0.035,0.0,0.035,exact_recall,canonical,equal_macro
rule,298581,7,primary,1,1,1,0.08516666666666667,0.0,0.08516666666666667,exact_recall,canonical,equal_macro
rule,298581,42,primary,0,0,0,0.999,0.0,0.999,exact_recall,canonical,equal_macro
rule,298581,42,primary,0,0,1,0.9985833333333334,0.0,0.9985833333333334,exact_recall,canonical,equal_macro
rule,298581,42,primary,0,1,0,0.999,0.0,0.999,exact_recall,canonical,equal_macro
rule,298581,42,primary,0,1,1,0.9988333333333334,0.0,0.9988333333333334,exact_recall,canonical,equal_macro
rule,298581,42,primary,1,0,0,0.036333333333333336,0.0,0.036333333333333336,exact_recall,canonical,equal_macro
rule,298581,42,primary,1,0,1,0.15466666666666667,0.0,0.15466666666666667,exact_recall,canonical,equal_macro
rule,298581,42,primary,1,1,0,0.03725,0.0,0.03725,exact_recall,canonical,equal_macro
rule,298581,42,primary,1,1,1,0.15866666666666668,0.0,0.15866666666666668,exact_recall,canonical,equal_macro
rule,298581,123,primary,0,0,0,0.9988333333333334,0.0,0.9988333333333334,exact_recall,canonical,equal_macro
rule,298581,123,primary,0,0,1,0.999,0.0,0.999,exact_recall,canonical,equal_macro
rule,298581,123,primary,0,1,0,0.9991666666666666,0.0,0.9991666666666666,exact_recall,canonical,equal_macro
rule,298581,123,primary,0,1,1,0.9991666666666666,0.0,0.9991666666666666,exact_recall,canonical,equal_macro
rule,298581,123,primary,1,0,0,0.08216666666666667,0.0,0.08216666666666667,exact_recall,canonical,equal_macro
rule,298581,123,primary,1,0,1,0.18808333333333335,0.0,0.18808333333333335,exact_recall,canonical,equal_macro
rule,298581,123,primary,1,1,0,0.07875,0.0,0.07875,exact_recall,canonical,equal_macro
rule,298581,123,primary,1,1,1,0.18366666666666667,0.0,0.18366666666666667,exact_recall,canonical,equal_macro
rule,298581,2026,primary,0,0,0,0.9990833333333334,0.0,0.9990833333333334,exact_recall,canonical,equal_macro
rule,298581,2026,primary,0,0,1,0.9993333333333334,0.0,0.9993333333333334,exact_recall,canonical,equal_macro
rule,298581,2026,primary,0,1,0,0.9990833333333334,0.0,0.9990833333333334,exact_recall,canonical,equal_macro
rule,298581,2026,primary,0,1,1,0.9994166666666667,0.0,0.9994166666666667,exact_recall,canonical,equal_macro
rule,298581,2026,primary,1,0,0,0.042083333333333334,0.0,0.042083333333333334,exact_recall,canonical,equal_macro
rule,298581,2026,primary,1,0,1,0.26141666666666663,0.0,0.26141666666666663,exact_recall,canonical,equal_macro
rule,298581,2026,primary,1,1,0,0.043000000000000003,0.0,0.043000000000000003,exact_recall,canonical,equal_macro
rule,298581,2026,primary,1,1,1,0.24825,0.0,0.24825,exact_recall,canonical,equal_macro
rule,298581,3407,primary,0,0,0,0.9990833333333334,0.0,0.9990833333333334,exact_recall,canonical,equal_macro
rule,298581,3407,primary,0,0,1,0.9988333333333334,0.0,0.9988333333333334,exact_recall,canonical,equal_macro
rule,298581,3407,primary,0,1,0,0.99925,0.0,0.99925,exact_recall,canonical,equal_macro
rule,298581,3407,primary,0,1,1,0.9990833333333334,0.0,0.9990833333333334,exact_recall,canonical,equal_macro
rule,298581,3407,primary,1,0,0,0.03716666666666666,0.0,0.03716666666666666,exact_recall,canonical,equal_macro
rule,298581,3407,primary,1,0,1,0.043083333333333335,0.0,0.043083333333333335,exact_recall,canonical,equal_macro
rule,298581,3407,primary,1,1,0,0.036,0.0,0.036,exact_recall,canonical,equal_macro
rule,298581,3407,primary,1,1,1,0.043000000000000003,0.0,0.043000000000000003,exact_recall,canonical,equal_macro
rule,415637,7,primary,0,0,0,0.9986666666666667,0.0,0.9986666666666667,exact_recall,canonical,equal_macro
rule,415637,7,primary,0,0,1,0.9989166666666667,0.0,0.9989166666666667,exact_recall,canonical,equal_macro
rule,415637,7,primary,0,1,0,0.999,0.0,0.999,exact_recall,canonical,equal_macro
rule,415637,7,primary,0,1,1,0.9990833333333334,0.0,0.9990833333333334,exact_recall,canonical,equal_macro
rule,415637,7,primary,1,0,0,0.03766666666666666,0.0,0.03766666666666666,exact_recall,canonical,equal_macro
rule,415637,7,primary,1,0,1,0.07608333333333334,0.0,0.07608333333333334,exact_recall,canonical,equal_macro
rule,415637,7,primary,1,1,0,0.03966666666666666,0.0,0.03966666666666666,exact_recall,canonical,equal_macro
rule,415637,7,primary,1,1,1,0.06983333333333334,0.0,0.06983333333333334,exact_recall,canonical,equal_macro
rule,415637,42,primary,0,0,0,0.9986666666666667,0.0,0.9986666666666667,exact_recall,canonical,equal_macro
rule,415637,42,primary,0,0,1,0.9990833333333334,0.0,0.9990833333333334,exact_recall,canonical,equal_macro
rule,415637,42,primary,0,1,0,0.9990833333333334,0.0,0.9990833333333334,exact_recall,canonical,equal_macro
rule,415637,42,primary,0,1,1,0.9990833333333334,0.0,0.9990833333333334,exact_recall,canonical,equal_macro
rule,415637,42,primary,1,0,0,0.029666666666666664,0.0,0.029666666666666664,exact_recall,canonical,equal_macro
rule,415637,42,primary,1,0,1,0.036166666666666666,0.0,0.036166666666666666,exact_recall,canonical,equal_macro
rule,415637,42,primary,1,1,0,0.030166666666666665,0.0,0.030166666666666665,exact_recall,canonical,equal_macro
rule,415637,42,primary,1,1,1,0.036166666666666666,0.0,0.036166666666666666,exact_recall,canonical,equal_macro
rule,415637,123,primary,0,0,0,0.999,0.0,0.999,exact_recall,canonical,equal_macro
rule,415637,123,primary,0,0,1,0.99925,0.0,0.99925,exact_recall,canonical,equal_macro
rule,415637,123,primary,0,1,0,0.999,0.0,0.999,exact_recall,canonical,equal_macro
rule,415637,123,primary,0,1,1,0.9994166666666667,0.0,0.9994166666666667,exact_recall,canonical,equal_macro
rule,415637,123,primary,1,0,0,0.043083333333333335,0.0,0.043083333333333335,exact_recall,canonical,equal_macro
rule,415637,123,primary,1,0,1,0.05758333333333334,0.0,0.05758333333333334,exact_recall,canonical,equal_macro
rule,415637,123,primary,1,1,0,0.04133333333333333,0.0,0.04133333333333333,exact_recall,canonical,equal_macro
rule,415637,123,primary,1,1,1,0.056499999999999995,0.0,0.056499999999999995,exact_recall,canonical,equal_macro
rule,415637,2026,primary,0,0,0,0.9989166666666667,0.0,0.9989166666666667,exact_recall,canonical,equal_macro
rule,415637,2026,primary,0,0,1,0.9991666666666666,0.0,0.9991666666666666,exact_recall,canonical,equal_macro
rule,415637,2026,primary,0,1,0,0.9990833333333334,0.0,0.9990833333333334,exact_recall,canonical,equal_macro
rule,415637,2026,primary,0,1,1,0.99925,0.0,0.99925,exact_recall,canonical,equal_macro
rule,415637,2026,primary,1,0,0,0.04125,0.0,0.04125,exact_recall,canonical,equal_macro
rule,415637,2026,primary,1,0,1,0.07108333333333333,0.0,0.07108333333333333,exact_recall,canonical,equal_macro
rule,415637,2026,primary,1,1,0,0.041666666666666664,0.0,0.041666666666666664,exact_recall,canonical,equal_macro
rule,415637,2026,primary,1,1,1,0.06483333333333334,0.0,0.06483333333333334,exact_recall,canonical,equal_macro
rule,415637,3407,primary,0,0,0,0.999,0.0,0.999,exact_recall,canonical,equal_macro
rule,415637,3407,primary,0,0,1,0.9990833333333334,0.0,0.9990833333333334,exact_recall,canonical,equal_macro
rule,415637,3407,primary,0,1,0,0.9991666666666666,0.0,0.9991666666666666,exact_recall,canonical,equal_macro
rule,415637,3407,primary,0,1,1,0.9990833333333334,0.0,0.9990833333333334,exact_recall,canonical,equal_macro
rule,415637,3407,primary,1,0,0,0.043500000000000004,0.0,0.043500000000000004,exact_recall,canonical,equal_macro
rule,415637,3407,primary,1,0,1,0.14791666666666667,0.0,0.14791666666666667,exact_recall,canonical,equal_macro
rule,415637,3407,primary,1,1,0,0.044250000000000005,0.0,0.044250000000000005,exact_recall,canonical,equal_macro
rule,415637,3407,primary,1,1,1,0.14300000000000002,0.0,0.14300000000000002,exact_recall,canonical,equal_macro
rule,457191,7,primary,0,0,0,0.9994166666666667,0.0,0.9994166666666667,exact_recall,canonical,equal_macro
rule,457191,7,primary,0,0,1,0.9991666666666666,0.0,0.9991666666666666,exact_recall,canonical,equal_macro
rule,457191,7,primary,0,1,0,0.9993333333333334,0.0,0.9993333333333334,exact_recall,canonical,equal_macro
rule,457191,7,primary,0,1,1,0.9991666666666666,0.0,0.9991666666666666,exact_recall,canonical,equal_macro
rule,457191,7,primary,1,0,0,0.02783333333333333,0.0,0.02783333333333333,exact_recall,canonical,equal_macro
rule,457191,7,primary,1,0,1,0.06366666666666666,0.0,0.06366666666666666,exact_recall,canonical,equal_macro
rule,457191,7,primary,1,1,0,0.02775,0.0,0.02775,exact_recall,canonical,equal_macro
rule,457191,7,primary,1,1,1,0.05958333333333333,0.0,0.05958333333333333,exact_recall,canonical,equal_macro
rule,457191,42,primary,0,0,0,0.9989166666666667,0.0,0.9989166666666667,exact_recall,canonical,equal_macro
rule,457191,42,primary,0,0,1,0.9985833333333334,0.0,0.9985833333333334,exact_recall,canonical,equal_macro
rule,457191,42,primary,0,1,0,0.999,0.0,0.999,exact_recall,canonical,equal_macro
rule,457191,42,primary,0,1,1,0.9989166666666667,0.0,0.9989166666666667,exact_recall,canonical,equal_macro
rule,457191,42,primary,1,0,0,0.09375,0.0,0.09375,exact_recall,canonical,equal_macro
rule,457191,42,primary,1,0,1,0.17566666666666667,0.0,0.17566666666666667,exact_recall,canonical,equal_macro
rule,457191,42,primary,1,1,0,0.09366666666666668,0.0,0.09366666666666668,exact_recall,canonical,equal_macro
rule,457191,42,primary,1,1,1,0.17416666666666666,0.0,0.17416666666666666,exact_recall,canonical,equal_macro
rule,457191,123,primary,0,0,0,0.9993333333333334,0.0,0.9993333333333334,exact_recall,canonical,equal_macro
rule,457191,123,primary,0,0,1,0.9990833333333334,0.0,0.9990833333333334,exact_recall,canonical,equal_macro
rule,457191,123,primary,0,1,0,0.9991666666666666,0.0,0.9991666666666666,exact_recall,canonical,equal_macro
rule,457191,123,primary,0,1,1,0.9990833333333334,0.0,0.9990833333333334,exact_recall,canonical,equal_macro
rule,457191,123,primary,1,0,0,0.08616666666666666,0.0,0.08616666666666666,exact_recall,canonical,equal_macro
rule,457191,123,primary,1,0,1,0.1994166666666667,0.0,0.1994166666666667,exact_recall,canonical,equal_macro
rule,457191,123,primary,1,1,0,0.0855,0.0,0.0855,exact_recall,canonical,equal_macro
rule,457191,123,primary,1,1,1,0.19483333333333333,0.0,0.19483333333333333,exact_recall,canonical,equal_macro
rule,457191,2026,primary,0,0,0,0.999,0.0,0.999,exact_recall,canonical,equal_macro
rule,457191,2026,primary,0,0,1,0.9993333333333334,0.0,0.9993333333333334,exact_recall,canonical,equal_macro
rule,457191,2026,primary,0,1,0,0.9991666666666666,0.0,0.9991666666666666,exact_recall,canonical,equal_macro
rule,457191,2026,primary,0,1,1,0.9990833333333334,0.0,0.9990833333333334,exact_recall,canonical,equal_macro
rule,457191,2026,primary,1,0,0,0.030416666666666665,0.0,0.030416666666666665,exact_recall,canonical,equal_macro
rule,457191,2026,primary,1,0,1,0.04016666666666666,0.0,0.04016666666666666,exact_recall,canonical,equal_macro
rule,457191,2026,primary,1,1,0,0.03,0.0,0.03,exact_recall,canonical,equal_macro
rule,457191,2026,primary,1,1,1,0.03958333333333333,0.0,0.03958333333333333,exact_recall,canonical,equal_macro
rule,457191,3407,primary,0,0,0,0.9990833333333334,0.0,0.9990833333333334,exact_recall,canonical,equal_macro
rule,457191,3407,primary,0,0,1,0.9991666666666666,0.0,0.9991666666666666,exact_recall,canonical,equal_macro
rule,457191,3407,primary,0,1,0,0.9990833333333334,0.0,0.9990833333333334,exact_recall,canonical,equal_macro
rule,457191,3407,primary,0,1,1,0.9991666666666666,0.0,0.9991666666666666,exact_recall,canonical,equal_macro
rule,457191,3407,primary,1,0,0,0.028499999999999998,0.0,0.028499999999999998,exact_recall,canonical,equal_macro
rule,457191,3407,primary,1,0,1,0.04008333333333333,0.0,0.04008333333333333,exact_recall,canonical,equal_macro
rule,457191,3407,primary,1,1,0,0.028416666666666663,0.0,0.028416666666666663,exact_recall,canonical,equal_macro
rule,457191,3407,primary,1,1,1,0.0395,0.0,0.0395,exact_recall,canonical,equal_macro
rule,459336,7,primary,0,0,0,0.9985833333333334,0.0,0.9985833333333334,exact_recall,canonical,equal_macro
rule,459336,7,primary,0,0,1,0.9987499999999999,0.0,0.9987499999999999,exact_recall,canonical,equal_macro
rule,459336,7,primary,0,1,0,0.9988333333333334,0.0,0.9988333333333334,exact_recall,canonical,equal_macro
rule,459336,7,primary,0,1,1,0.9988333333333334,0.0,0.9988333333333334,exact_recall,canonical,equal_macro
rule,459336,7,primary,1,0,0,0.07183333333333335,0.0,0.07183333333333335,exact_recall,canonical,equal_macro
rule,459336,7,primary,1,0,1,0.13366666666666668,0.0,0.13366666666666668,exact_recall,canonical,equal_macro
rule,459336,7,primary,1,1,0,0.06791666666666667,0.0,0.06791666666666667,exact_recall,canonical,equal_macro
rule,459336,7,primary,1,1,1,0.12858333333333336,0.0,0.12858333333333336,exact_recall,canonical,equal_macro
rule,459336,42,primary,0,0,0,0.999,0.0,0.999,exact_recall,canonical,equal_macro
rule,459336,42,primary,0,0,1,0.99925,0.0,0.99925,exact_recall,canonical,equal_macro
rule,459336,42,primary,0,1,0,0.9990833333333334,0.0,0.9990833333333334,exact_recall,canonical,equal_macro
rule,459336,42,primary,0,1,1,0.9991666666666666,0.0,0.9991666666666666,exact_recall,canonical,equal_macro
rule,459336,42,primary,1,0,0,0.03908333333333333,0.0,0.03908333333333333,exact_recall,canonical,equal_macro
rule,459336,42,primary,1,0,1,0.05725,0.0,0.05725,exact_recall,canonical,equal_macro
rule,459336,42,primary,1,1,0,0.03991666666666666,0.0,0.03991666666666666,exact_recall,canonical,equal_macro
rule,459336,42,primary,1,1,1,0.057499999999999996,0.0,0.057499999999999996,exact_recall,canonical,equal_macro
rule,459336,123,primary,0,0,0,0.9990833333333334,0.0,0.9990833333333334,exact_recall,canonical,equal_macro
rule,459336,123,primary,0,0,1,0.999,0.0,0.999,exact_recall,canonical,equal_macro
rule,459336,123,primary,0,1,0,0.9991666666666666,0.0,0.9991666666666666,exact_recall,canonical,equal_macro
rule,459336,123,primary,0,1,1,0.9991666666666666,0.0,0.9991666666666666,exact_recall,canonical,equal_macro
rule,459336,123,primary,1,0,0,0.06658333333333334,0.0,0.06658333333333334,exact_recall,canonical,equal_macro
rule,459336,123,primary,1,0,1,0.15533333333333335,0.0,0.15533333333333335,exact_recall,canonical,equal_macro
rule,459336,123,primary,1,1,0,0.06633333333333334,0.0,0.06633333333333334,exact_recall,canonical,equal_macro
rule,459336,123,primary,1,1,1,0.153,0.0,0.153,exact_recall,canonical,equal_macro
rule,459336,2026,primary,0,0,0,0.9990833333333334,0.0,0.9990833333333334,exact_recall,canonical,equal_macro
rule,459336,2026,primary,0,0,1,0.9991666666666666,0.0,0.9991666666666666,exact_recall,canonical,equal_macro
rule,459336,2026,primary,0,1,0,0.9990833333333334,0.0,0.9990833333333334,exact_recall,canonical,equal_macro
rule,459336,2026,primary,0,1,1,0.9990833333333334,0.0,0.9990833333333334,exact_recall,canonical,equal_macro
rule,459336,2026,primary,1,0,0,0.048999999999999995,0.0,0.048999999999999995,exact_recall,canonical,equal_macro
rule,459336,2026,primary,1,0,1,0.11875000000000001,0.0,0.11875000000000001,exact_recall,canonical,equal_macro
rule,459336,2026,primary,1,1,0,0.051166666666666666,0.0,0.051166666666666666,exact_recall,canonical,equal_macro
rule,459336,2026,primary,1,1,1,0.11216666666666668,0.0,0.11216666666666668,exact_recall,canonical,equal_macro
rule,459336,3407,primary,0,0,0,0.99925,0.0,0.99925,exact_recall,canonical,equal_macro
rule,459336,3407,primary,0,0,1,0.9990833333333334,0.0,0.9990833333333334,exact_recall,canonical,equal_macro
rule,459336,3407,primary,0,1,0,0.9991666666666666,0.0,0.9991666666666666,exact_recall,canonical,equal_macro
rule,459336,3407,primary,0,1,1,0.99925,0.0,0.99925,exact_recall,canonical,equal_macro
rule,459336,3407,primary,1,0,0,0.10033333333333333,0.0,0.10033333333333333,exact_recall,canonical,equal_macro
rule,459336,3407,primary,1,0,1,0.12208333333333334,0.0,0.12208333333333334,exact_recall,canonical,equal_macro
rule,459336,3407,primary,1,1,0,0.09958333333333334,0.0,0.09958333333333334,exact_recall,canonical,equal_macro
rule,459336,3407,primary,1,1,1,0.11541666666666667,0.0,0.11541666666666667,exact_recall,canonical,equal_macro
rule,467232,7,primary,0,0,0,0.999,0.0,0.999,exact_recall,canonical,equal_macro
rule,467232,7,primary,0,0,1,0.9990833333333334,0.0,0.9990833333333334,exact_recall,canonical,equal_macro
rule,467232,7,primary,0,1,0,0.9991666666666666,0.0,0.9991666666666666,exact_recall,canonical,equal_macro
rule,467232,7,primary,0,1,1,0.9989166666666667,0.0,0.9989166666666667,exact_recall,canonical,equal_macro
rule,467232,7,primary,1,0,0,0.04275,0.0,0.04275,exact_recall,canonical,equal_macro
rule,467232,7,primary,1,0,1,0.069,0.0,0.069,exact_recall,canonical,equal_macro
rule,467232,7,primary,1,1,0,0.043833333333333335,0.0,0.043833333333333335,exact_recall,canonical,equal_macro
rule,467232,7,primary,1,1,1,0.07475,0.0,0.07475,exact_recall,canonical,equal_macro
rule,467232,42,primary,0,0,0,0.999,0.0,0.999,exact_recall,canonical,equal_macro
rule,467232,42,primary,0,0,1,0.9988333333333334,0.0,0.9988333333333334,exact_recall,canonical,equal_macro
rule,467232,42,primary,0,1,0,0.9989166666666667,0.0,0.9989166666666667,exact_recall,canonical,equal_macro
rule,467232,42,primary,0,1,1,0.9990833333333334,0.0,0.9990833333333334,exact_recall,canonical,equal_macro
rule,467232,42,primary,1,0,0,0.031166666666666665,0.0,0.031166666666666665,exact_recall,canonical,equal_macro
rule,467232,42,primary,1,0,1,0.0425,0.0,0.0425,exact_recall,canonical,equal_macro
rule,467232,42,primary,1,1,0,0.030666666666666665,0.0,0.030666666666666665,exact_recall,canonical,equal_macro
rule,467232,42,primary,1,1,1,0.040916666666666664,0.0,0.040916666666666664,exact_recall,canonical,equal_macro
rule,467232,123,primary,0,0,0,0.9987499999999999,0.0,0.9987499999999999,exact_recall,canonical,equal_macro
rule,467232,123,primary,0,0,1,0.9990833333333334,0.0,0.9990833333333334,exact_recall,canonical,equal_macro
rule,467232,123,primary,0,1,0,0.9987499999999999,0.0,0.9987499999999999,exact_recall,canonical,equal_macro
rule,467232,123,primary,0,1,1,0.999,0.0,0.999,exact_recall,canonical,equal_macro
rule,467232,123,primary,1,0,0,0.027583333333333335,0.0,0.027583333333333335,exact_recall,canonical,equal_macro
rule,467232,123,primary,1,0,1,0.03966666666666666,0.0,0.03966666666666666,exact_recall,canonical,equal_macro
rule,467232,123,primary,1,1,0,0.02766666666666667,0.0,0.02766666666666667,exact_recall,canonical,equal_macro
rule,467232,123,primary,1,1,1,0.04083333333333333,0.0,0.04083333333333333,exact_recall,canonical,equal_macro
rule,467232,2026,primary,0,0,0,0.9984166666666666,0.0,0.9984166666666666,exact_recall,canonical,equal_macro
rule,467232,2026,primary,0,0,1,0.9987499999999999,0.0,0.9987499999999999,exact_recall,canonical,equal_macro
rule,467232,2026,primary,0,1,0,0.9988333333333334,0.0,0.9988333333333334,exact_recall,canonical,equal_macro
rule,467232,2026,primary,0,1,1,0.9989166666666667,0.0,0.9989166666666667,exact_recall,canonical,equal_macro
rule,467232,2026,primary,1,0,0,0.07233333333333333,0.0,0.07233333333333333,exact_recall,canonical,equal_macro
rule,467232,2026,primary,1,0,1,0.0605,0.0,0.0605,exact_recall,canonical,equal_macro
rule,467232,2026,primary,1,1,0,0.06824999999999999,0.0,0.06824999999999999,exact_recall,canonical,equal_macro
rule,467232,2026,primary,1,1,1,0.05958333333333334,0.0,0.05958333333333334,exact_recall,canonical,equal_macro
rule,467232,3407,primary,0,0,0,0.9990833333333334,0.0,0.9990833333333334,exact_recall,canonical,equal_macro
rule,467232,3407,primary,0,0,1,0.999,0.0,0.999,exact_recall,canonical,equal_macro
rule,467232,3407,primary,0,1,0,0.9991666666666666,0.0,0.9991666666666666,exact_recall,canonical,equal_macro
rule,467232,3407,primary,0,1,1,0.9991666666666666,0.0,0.9991666666666666,exact_recall,canonical,equal_macro
rule,467232,3407,primary,1,0,0,0.029833333333333333,0.0,0.029833333333333333,exact_recall,canonical,equal_macro
rule,467232,3407,primary,1,0,1,0.15291666666666667,0.0,0.15291666666666667,exact_recall,canonical,equal_macro
rule,467232,3407,primary,1,1,0,0.030083333333333333,0.0,0.030083333333333333,exact_recall,canonical,equal_macro
rule,467232,3407,primary,1,1,1,0.15241666666666667,0.0,0.15241666666666667,exact_recall,canonical,equal_macro
rule,485791,7,primary,0,0,0,0.9987499999999999,0.0,0.9987499999999999,exact_recall,canonical,equal_macro
rule,485791,7,primary,0,0,1,0.99925,0.0,0.99925,exact_recall,canonical,equal_macro
rule,485791,7,primary,0,1,0,0.999,0.0,0.999,exact_recall,canonical,equal_macro
rule,485791,7,primary,0,1,1,0.99925,0.0,0.99925,exact_recall,canonical,equal_macro
rule,485791,7,primary,1,0,0,0.0405,0.0,0.0405,exact_recall,canonical,equal_macro
rule,485791,7,primary,1,0,1,0.06741666666666667,0.0,0.06741666666666667,exact_recall,canonical,equal_macro
rule,485791,7,primary,1,1,0,0.03958333333333334,0.0,0.03958333333333334,exact_recall,canonical,equal_macro
rule,485791,7,primary,1,1,1,0.06583333333333334,0.0,0.06583333333333334,exact_recall,canonical,equal_macro
rule,485791,42,primary,0,0,0,0.999,0.0,0.999,exact_recall,canonical,equal_macro
rule,485791,42,primary,0,0,1,0.9995833333333334,0.0,0.9995833333333334,exact_recall,canonical,equal_macro
rule,485791,42,primary,0,1,0,0.9990833333333334,0.0,0.9990833333333334,exact_recall,canonical,equal_macro
rule,485791,42,primary,0,1,1,0.9994166666666667,0.0,0.9994166666666667,exact_recall,canonical,equal_macro
rule,485791,42,primary,1,0,0,0.02716666666666667,0.0,0.02716666666666667,exact_recall,canonical,equal_macro
rule,485791,42,primary,1,0,1,0.030833333333333334,0.0,0.030833333333333334,exact_recall,canonical,equal_macro
rule,485791,42,primary,1,1,0,0.027,0.0,0.027,exact_recall,canonical,equal_macro
rule,485791,42,primary,1,1,1,0.03158333333333333,0.0,0.03158333333333333,exact_recall,canonical,equal_macro
rule,485791,123,primary,0,0,0,0.9988333333333334,0.0,0.9988333333333334,exact_recall,canonical,equal_macro
rule,485791,123,primary,0,0,1,0.9989166666666667,0.0,0.9989166666666667,exact_recall,canonical,equal_macro
rule,485791,123,primary,0,1,0,0.999,0.0,0.999,exact_recall,canonical,equal_macro
rule,485791,123,primary,0,1,1,0.99925,0.0,0.99925,exact_recall,canonical,equal_macro
rule,485791,123,primary,1,0,0,0.04175,0.0,0.04175,exact_recall,canonical,equal_macro
rule,485791,123,primary,1,0,1,0.05991666666666667,0.0,0.05991666666666667,exact_recall,canonical,equal_macro
rule,485791,123,primary,1,1,0,0.042666666666666665,0.0,0.042666666666666665,exact_recall,canonical,equal_macro
rule,485791,123,primary,1,1,1,0.057916666666666665,0.0,0.057916666666666665,exact_recall,canonical,equal_macro
rule,485791,2026,primary,0,0,0,0.9987499999999999,0.0,0.9987499999999999,exact_recall,canonical,equal_macro
rule,485791,2026,primary,0,0,1,0.99925,0.0,0.99925,exact_recall,canonical,equal_macro
rule,485791,2026,primary,0,1,0,0.9988333333333334,0.0,0.9988333333333334,exact_recall,canonical,equal_macro
rule,485791,2026,primary,0,1,1,0.999,0.0,0.999,exact_recall,canonical,equal_macro
rule,485791,2026,primary,1,0,0,0.035333333333333335,0.0,0.035333333333333335,exact_recall,canonical,equal_macro
rule,485791,2026,primary,1,0,1,0.17275000000000004,0.0,0.17275000000000004,exact_recall,canonical,equal_macro
rule,485791,2026,primary,1,1,0,0.034916666666666665,0.0,0.034916666666666665,exact_recall,canonical,equal_macro
rule,485791,2026,primary,1,1,1,0.1695,0.0,0.1695,exact_recall,canonical,equal_macro
rule,485791,3407,primary,0,0,0,0.999,0.0,0.999,exact_recall,canonical,equal_macro
rule,485791,3407,primary,0,0,1,0.9991666666666666,0.0,0.9991666666666666,exact_recall,canonical,equal_macro
rule,485791,3407,primary,0,1,0,0.9989166666666667,0.0,0.9989166666666667,exact_recall,canonical,equal_macro
rule,485791,3407,primary,0,1,1,0.9991666666666666,0.0,0.9991666666666666,exact_recall,canonical,equal_macro
rule,485791,3407,primary,1,0,0,0.043916666666666666,0.0,0.043916666666666666,exact_recall,canonical,equal_macro
rule,485791,3407,primary,1,0,1,0.16816666666666666,0.0,0.16816666666666666,exact_recall,canonical,equal_macro
rule,485791,3407,primary,1,1,0,0.043750000000000004,0.0,0.043750000000000004,exact_recall,canonical,equal_macro
rule,485791,3407,primary,1,1,1,0.15983333333333333,0.0,0.15983333333333333,exact_recall,canonical,equal_macro
rule,550427,7,primary,0,0,0,0.9988333333333334,0.0,0.9988333333333334,exact_recall,canonical,equal_macro
rule,550427,7,primary,0,0,1,0.9991666666666666,0.0,0.9991666666666666,exact_recall,canonical,equal_macro
rule,550427,7,primary,0,1,0,0.9991666666666666,0.0,0.9991666666666666,exact_recall,canonical,equal_macro
rule,550427,7,primary,0,1,1,0.99925,0.0,0.99925,exact_recall,canonical,equal_macro
rule,550427,7,primary,1,0,0,0.07341666666666667,0.0,0.07341666666666667,exact_recall,canonical,equal_macro
rule,550427,7,primary,1,0,1,0.07716666666666666,0.0,0.07716666666666666,exact_recall,canonical,equal_macro
rule,550427,7,primary,1,1,0,0.07141666666666667,0.0,0.07141666666666667,exact_recall,canonical,equal_macro
rule,550427,7,primary,1,1,1,0.07758333333333334,0.0,0.07758333333333334,exact_recall,canonical,equal_macro
rule,550427,42,primary,0,0,0,0.999,0.0,0.999,exact_recall,canonical,equal_macro
rule,550427,42,primary,0,0,1,0.999,0.0,0.999,exact_recall,canonical,equal_macro
rule,550427,42,primary,0,1,0,0.999,0.0,0.999,exact_recall,canonical,equal_macro
rule,550427,42,primary,0,1,1,0.9990833333333334,0.0,0.9990833333333334,exact_recall,canonical,equal_macro
rule,550427,42,primary,1,0,0,0.03941666666666666,0.0,0.03941666666666666,exact_recall,canonical,equal_macro
rule,550427,42,primary,1,0,1,0.07583333333333332,0.0,0.07583333333333332,exact_recall,canonical,equal_macro
rule,550427,42,primary,1,1,0,0.03933333333333333,0.0,0.03933333333333333,exact_recall,canonical,equal_macro
rule,550427,42,primary,1,1,1,0.07150000000000001,0.0,0.07150000000000001,exact_recall,canonical,equal_macro
rule,550427,123,primary,0,0,0,0.9986666666666667,0.0,0.9986666666666667,exact_recall,canonical,equal_macro
rule,550427,123,primary,0,0,1,0.9989166666666667,0.0,0.9989166666666667,exact_recall,canonical,equal_macro
rule,550427,123,primary,0,1,0,0.9988333333333334,0.0,0.9988333333333334,exact_recall,canonical,equal_macro
rule,550427,123,primary,0,1,1,0.9991666666666666,0.0,0.9991666666666666,exact_recall,canonical,equal_macro
rule,550427,123,primary,1,0,0,0.042416666666666665,0.0,0.042416666666666665,exact_recall,canonical,equal_macro
rule,550427,123,primary,1,0,1,0.19099999999999998,0.0,0.19099999999999998,exact_recall,canonical,equal_macro
rule,550427,123,primary,1,1,0,0.044000000000000004,0.0,0.044000000000000004,exact_recall,canonical,equal_macro
rule,550427,123,primary,1,1,1,0.18325000000000002,0.0,0.18325000000000002,exact_recall,canonical,equal_macro
rule,550427,2026,primary,0,0,0,0.999,0.0,0.999,exact_recall,canonical,equal_macro
rule,550427,2026,primary,0,0,1,0.99925,0.0,0.99925,exact_recall,canonical,equal_macro
rule,550427,2026,primary,0,1,0,0.999,0.0,0.999,exact_recall,canonical,equal_macro
rule,550427,2026,primary,0,1,1,0.9990833333333334,0.0,0.9990833333333334,exact_recall,canonical,equal_macro
rule,550427,2026,primary,1,0,0,0.047749999999999994,0.0,0.047749999999999994,exact_recall,canonical,equal_macro
rule,550427,2026,primary,1,0,1,0.08441666666666665,0.0,0.08441666666666665,exact_recall,canonical,equal_macro
rule,550427,2026,primary,1,1,0,0.043083333333333335,0.0,0.043083333333333335,exact_recall,canonical,equal_macro
rule,550427,2026,primary,1,1,1,0.079,0.0,0.079,exact_recall,canonical,equal_macro
rule,550427,3407,primary,0,0,0,0.9987499999999999,0.0,0.9987499999999999,exact_recall,canonical,equal_macro
rule,550427,3407,primary,0,0,1,0.9988333333333334,0.0,0.9988333333333334,exact_recall,canonical,equal_macro
rule,550427,3407,primary,0,1,0,0.9991666666666666,0.0,0.9991666666666666,exact_recall,canonical,equal_macro
rule,550427,3407,primary,0,1,1,0.9991666666666666,0.0,0.9991666666666666,exact_recall,canonical,equal_macro
rule,550427,3407,primary,1,0,0,0.030083333333333333,0.0,0.030083333333333333,exact_recall,canonical,equal_macro
rule,550427,3407,primary,1,0,1,0.04275,0.0,0.04275,exact_recall,canonical,equal_macro
rule,550427,3407,primary,1,1,0,0.030166666666666665,0.0,0.030166666666666665,exact_recall,canonical,equal_macro
rule,550427,3407,primary,1,1,1,0.041666666666666664,0.0,0.041666666666666664,exact_recall,canonical,equal_macro
rule,560657,7,primary,0,0,0,0.9984166666666666,0.0,0.9984166666666666,exact_recall,canonical,equal_macro
rule,560657,7,primary,0,0,1,0.9987499999999999,0.0,0.9987499999999999,exact_recall,canonical,equal_macro
rule,560657,7,primary,0,1,0,0.999,0.0,0.999,exact_recall,canonical,equal_macro
rule,560657,7,primary,0,1,1,0.9990833333333334,0.0,0.9990833333333334,exact_recall,canonical,equal_macro
rule,560657,7,primary,1,0,0,0.04,0.0,0.04,exact_recall,canonical,equal_macro
rule,560657,7,primary,1,0,1,0.15933333333333333,0.0,0.15933333333333333,exact_recall,canonical,equal_macro
rule,560657,7,primary,1,1,0,0.040916666666666664,0.0,0.040916666666666664,exact_recall,canonical,equal_macro
rule,560657,7,primary,1,1,1,0.15708333333333332,0.0,0.15708333333333332,exact_recall,canonical,equal_macro
rule,560657,42,primary,0,0,0,0.9988333333333334,0.0,0.9988333333333334,exact_recall,canonical,equal_macro
rule,560657,42,primary,0,0,1,0.9989166666666667,0.0,0.9989166666666667,exact_recall,canonical,equal_macro
rule,560657,42,primary,0,1,0,0.999,0.0,0.999,exact_recall,canonical,equal_macro
rule,560657,42,primary,0,1,1,0.9990833333333334,0.0,0.9990833333333334,exact_recall,canonical,equal_macro
rule,560657,42,primary,1,0,0,0.07375,0.0,0.07375,exact_recall,canonical,equal_macro
rule,560657,42,primary,1,0,1,0.22816666666666666,0.0,0.22816666666666666,exact_recall,canonical,equal_macro
rule,560657,42,primary,1,1,0,0.07016666666666667,0.0,0.07016666666666667,exact_recall,canonical,equal_macro
rule,560657,42,primary,1,1,1,0.21866666666666668,0.0,0.21866666666666668,exact_recall,canonical,equal_macro
rule,560657,123,primary,0,0,0,0.9988333333333334,0.0,0.9988333333333334,exact_recall,canonical,equal_macro
rule,560657,123,primary,0,0,1,0.9984166666666666,0.0,0.9984166666666666,exact_recall,canonical,equal_macro
rule,560657,123,primary,0,1,0,0.9990833333333334,0.0,0.9990833333333334,exact_recall,canonical,equal_macro
rule,560657,123,primary,0,1,1,0.9990833333333334,0.0,0.9990833333333334,exact_recall,canonical,equal_macro
rule,560657,123,primary,1,0,0,0.18050000000000002,0.0,0.18050000000000002,exact_recall,canonical,equal_macro
rule,560657,123,primary,1,0,1,0.3746666666666667,0.0,0.3746666666666667,exact_recall,canonical,equal_macro
rule,560657,123,primary,1,1,0,0.18083333333333332,0.0,0.18083333333333332,exact_recall,canonical,equal_macro
rule,560657,123,primary,1,1,1,0.36874999999999997,0.0,0.36874999999999997,exact_recall,canonical,equal_macro
rule,560657,2026,primary,0,0,0,0.9985833333333334,0.0,0.9985833333333334,exact_recall,canonical,equal_macro
rule,560657,2026,primary,0,0,1,0.9986666666666667,0.0,0.9986666666666667,exact_recall,canonical,equal_macro
rule,560657,2026,primary,0,1,0,0.9988333333333334,0.0,0.9988333333333334,exact_recall,canonical,equal_macro
rule,560657,2026,primary,0,1,1,0.999,0.0,0.999,exact_recall,canonical,equal_macro
rule,560657,2026,primary,1,0,0,0.06516666666666666,0.0,0.06516666666666666,exact_recall,canonical,equal_macro
rule,560657,2026,primary,1,0,1,0.13541666666666666,0.0,0.13541666666666666,exact_recall,canonical,equal_macro
rule,560657,2026,primary,1,1,0,0.06741666666666667,0.0,0.06741666666666667,exact_recall,canonical,equal_macro
rule,560657,2026,primary,1,1,1,0.13975,0.0,0.13975,exact_recall,canonical,equal_macro
rule,560657,3407,primary,0,0,0,0.999,0.0,0.999,exact_recall,canonical,equal_macro
rule,560657,3407,primary,0,0,1,0.9987499999999999,0.0,0.9987499999999999,exact_recall,canonical,equal_macro
rule,560657,3407,primary,0,1,0,0.999,0.0,0.999,exact_recall,canonical,equal_macro
rule,560657,3407,primary,0,1,1,0.9988333333333334,0.0,0.9988333333333334,exact_recall,canonical,equal_macro
rule,560657,3407,primary,1,0,0,0.104,0.0,0.104,exact_recall,canonical,equal_macro
rule,560657,3407,primary,1,0,1,0.19633333333333333,0.0,0.19633333333333333,exact_recall,canonical,equal_macro
rule,560657,3407,primary,1,1,0,0.10083333333333333,0.0,0.10083333333333333,exact_recall,canonical,equal_macro
rule,560657,3407,primary,1,1,1,0.19133333333333333,0.0,0.19133333333333333,exact_recall,canonical,equal_macro
rule,583909,7,primary,0,0,0,0.9990833333333334,0.0,0.9990833333333334,exact_recall,canonical,equal_macro
rule,583909,7,primary,0,0,1,0.9989166666666667,0.0,0.9989166666666667,exact_recall,canonical,equal_macro
rule,583909,7,primary,0,1,0,0.99925,0.0,0.99925,exact_recall,canonical,equal_macro
rule,583909,7,primary,0,1,1,0.9990833333333334,0.0,0.9990833333333334,exact_recall,canonical,equal_macro
rule,583909,7,primary,1,0,0,0.08383333333333333,0.0,0.08383333333333333,exact_recall,canonical,equal_macro
rule,583909,7,primary,1,0,1,0.16425,0.0,0.16425,exact_recall,canonical,equal_macro
rule,583909,7,primary,1,1,0,0.081,0.0,0.081,exact_recall,canonical,equal_macro
rule,583909,7,primary,1,1,1,0.15391666666666667,0.0,0.15391666666666667,exact_recall,canonical,equal_macro
rule,583909,42,primary,0,0,0,0.9990833333333334,0.0,0.9990833333333334,exact_recall,canonical,equal_macro
rule,583909,42,primary,0,0,1,0.9990833333333334,0.0,0.9990833333333334,exact_recall,canonical,equal_macro
rule,583909,42,primary,0,1,0,0.9990833333333334,0.0,0.9990833333333334,exact_recall,canonical,equal_macro
rule,583909,42,primary,0,1,1,0.999,0.0,0.999,exact_recall,canonical,equal_macro
rule,583909,42,primary,1,0,0,0.08283333333333333,0.0,0.08283333333333333,exact_recall,canonical,equal_macro
rule,583909,42,primary,1,0,1,0.2384166666666667,0.0,0.2384166666666667,exact_recall,canonical,equal_macro
rule,583909,42,primary,1,1,0,0.079,0.0,0.079,exact_recall,canonical,equal_macro
rule,583909,42,primary,1,1,1,0.22958333333333333,0.0,0.22958333333333333,exact_recall,canonical,equal_macro
rule,583909,123,primary,0,0,0,0.9989166666666667,0.0,0.9989166666666667,exact_recall,canonical,equal_macro
rule,583909,123,primary,0,0,1,0.99925,0.0,0.99925,exact_recall,canonical,equal_macro
rule,583909,123,primary,0,1,0,0.9991666666666666,0.0,0.9991666666666666,exact_recall,canonical,equal_macro
rule,583909,123,primary,0,1,1,0.9990833333333334,0.0,0.9990833333333334,exact_recall,canonical,equal_macro
rule,583909,123,primary,1,0,0,0.1385833333333333,0.0,0.1385833333333333,exact_recall,canonical,equal_macro
rule,583909,123,primary,1,0,1,0.2223333333333333,0.0,0.2223333333333333,exact_recall,canonical,equal_macro
rule,583909,123,primary,1,1,0,0.14008333333333334,0.0,0.14008333333333334,exact_recall,canonical,equal_macro
rule,583909,123,primary,1,1,1,0.22016666666666665,0.0,0.22016666666666665,exact_recall,canonical,equal_macro
rule,583909,2026,primary,0,0,0,0.9990833333333334,0.0,0.9990833333333334,exact_recall,canonical,equal_macro
rule,583909,2026,primary,0,0,1,0.9993333333333334,0.0,0.9993333333333334,exact_recall,canonical,equal_macro
rule,583909,2026,primary,0,1,0,0.9993333333333334,0.0,0.9993333333333334,exact_recall,canonical,equal_macro
rule,583909,2026,primary,0,1,1,0.9993333333333334,0.0,0.9993333333333334,exact_recall,canonical,equal_macro
rule,583909,2026,primary,1,0,0,0.035416666666666666,0.0,0.035416666666666666,exact_recall,canonical,equal_macro
rule,583909,2026,primary,1,0,1,0.08583333333333333,0.0,0.08583333333333333,exact_recall,canonical,equal_macro
rule,583909,2026,primary,1,1,0,0.036333333333333336,0.0,0.036333333333333336,exact_recall,canonical,equal_macro
rule,583909,2026,primary,1,1,1,0.08241666666666667,0.0,0.08241666666666667,exact_recall,canonical,equal_macro
rule,583909,3407,primary,0,0,0,0.9987499999999999,0.0,0.9987499999999999,exact_recall,canonical,equal_macro
rule,583909,3407,primary,0,0,1,0.9987499999999999,0.0,0.9987499999999999,exact_recall,canonical,equal_macro
rule,583909,3407,primary,0,1,0,0.9990833333333334,0.0,0.9990833333333334,exact_recall,canonical,equal_macro
rule,583909,3407,primary,0,1,1,0.9989166666666667,0.0,0.9989166666666667,exact_recall,canonical,equal_macro
rule,583909,3407,primary,1,0,0,0.03875,0.0,0.03875,exact_recall,canonical,equal_macro
rule,583909,3407,primary,1,0,1,0.043416666666666666,0.0,0.043416666666666666,exact_recall,canonical,equal_macro
rule,583909,3407,primary,1,1,0,0.03766666666666667,0.0,0.03766666666666667,exact_recall,canonical,equal_macro
rule,583909,3407,primary,1,1,1,0.042583333333333334,0.0,0.042583333333333334,exact_recall,canonical,equal_macro
rule,685012,7,primary,0,0,0,0.9993333333333334,0.0,0.9993333333333334,exact_recall,canonical,equal_macro
rule,685012,7,primary,0,0,1,0.9990833333333334,0.0,0.9990833333333334,exact_recall,canonical,equal_macro
rule,685012,7,primary,0,1,0,0.9991666666666666,0.0,0.9991666666666666,exact_recall,canonical,equal_macro
rule,685012,7,primary,0,1,1,0.9993333333333334,0.0,0.9993333333333334,exact_recall,canonical,equal_macro
rule,685012,7,primary,1,0,0,0.029916666666666664,0.0,0.029916666666666664,exact_recall,canonical,equal_macro
rule,685012,7,primary,1,0,1,0.06183333333333333,0.0,0.06183333333333333,exact_recall,canonical,equal_macro
rule,685012,7,primary,1,1,0,0.029666666666666664,0.0,0.029666666666666664,exact_recall,canonical,equal_macro
rule,685012,7,primary,1,1,1,0.06158333333333333,0.0,0.06158333333333333,exact_recall,canonical,equal_macro
rule,685012,42,primary,0,0,0,0.9988333333333334,0.0,0.9988333333333334,exact_recall,canonical,equal_macro
rule,685012,42,primary,0,0,1,0.9988333333333334,0.0,0.9988333333333334,exact_recall,canonical,equal_macro
rule,685012,42,primary,0,1,0,0.999,0.0,0.999,exact_recall,canonical,equal_macro
rule,685012,42,primary,0,1,1,0.999,0.0,0.999,exact_recall,canonical,equal_macro
rule,685012,42,primary,1,0,0,0.029916666666666664,0.0,0.029916666666666664,exact_recall,canonical,equal_macro
rule,685012,42,primary,1,0,1,0.029916666666666664,0.0,0.029916666666666664,exact_recall,canonical,equal_macro
rule,685012,42,primary,1,1,0,0.029249999999999998,0.0,0.029249999999999998,exact_recall,canonical,equal_macro
rule,685012,42,primary,1,1,1,0.028916666666666663,0.0,0.028916666666666663,exact_recall,canonical,equal_macro
rule,685012,123,primary,0,0,0,0.9984999999999999,0.0,0.9984999999999999,exact_recall,canonical,equal_macro
rule,685012,123,primary,0,0,1,0.9988333333333334,0.0,0.9988333333333334,exact_recall,canonical,equal_macro
rule,685012,123,primary,0,1,0,0.9989166666666667,0.0,0.9989166666666667,exact_recall,canonical,equal_macro
rule,685012,123,primary,0,1,1,0.9991666666666666,0.0,0.9991666666666666,exact_recall,canonical,equal_macro
rule,685012,123,primary,1,0,0,0.09683333333333333,0.0,0.09683333333333333,exact_recall,canonical,equal_macro
rule,685012,123,primary,1,0,1,0.22641666666666668,0.0,0.22641666666666668,exact_recall,canonical,equal_macro
rule,685012,123,primary,1,1,0,0.09575,0.0,0.09575,exact_recall,canonical,equal_macro
rule,685012,123,primary,1,1,1,0.22416666666666665,0.0,0.22416666666666665,exact_recall,canonical,equal_macro
rule,685012,2026,primary,0,0,0,0.9988333333333334,0.0,0.9988333333333334,exact_recall,canonical,equal_macro
rule,685012,2026,primary,0,0,1,0.9990833333333334,0.0,0.9990833333333334,exact_recall,canonical,equal_macro
rule,685012,2026,primary,0,1,0,0.9991666666666666,0.0,0.9991666666666666,exact_recall,canonical,equal_macro
rule,685012,2026,primary,0,1,1,0.9991666666666666,0.0,0.9991666666666666,exact_recall,canonical,equal_macro
rule,685012,2026,primary,1,0,0,0.03866666666666667,0.0,0.03866666666666667,exact_recall,canonical,equal_macro
rule,685012,2026,primary,1,0,1,0.057249999999999995,0.0,0.057249999999999995,exact_recall,canonical,equal_macro
rule,685012,2026,primary,1,1,0,0.03975,0.0,0.03975,exact_recall,canonical,equal_macro
rule,685012,2026,primary,1,1,1,0.056416666666666664,0.0,0.056416666666666664,exact_recall,canonical,equal_macro
rule,685012,3407,primary,0,0,0,0.999,0.0,0.999,exact_recall,canonical,equal_macro
rule,685012,3407,primary,0,0,1,0.999,0.0,0.999,exact_recall,canonical,equal_macro
rule,685012,3407,primary,0,1,0,0.999,0.0,0.999,exact_recall,canonical,equal_macro
rule,685012,3407,primary,0,1,1,0.999,0.0,0.999,exact_recall,canonical,equal_macro
rule,685012,3407,primary,1,0,0,0.051833333333333335,0.0,0.051833333333333335,exact_recall,canonical,equal_macro
rule,685012,3407,primary,1,0,1,0.15183333333333335,0.0,0.15183333333333335,exact_recall,canonical,equal_macro
rule,685012,3407,primary,1,1,0,0.05241666666666667,0.0,0.05241666666666667,exact_recall,canonical,equal_macro
rule,685012,3407,primary,1,1,1,0.14875000000000002,0.0,0.14875000000000002,exact_recall,canonical,equal_macro
rule,715822,7,primary,0,0,0,0.9991666666666666,0.0,0.9991666666666666,exact_recall,canonical,equal_macro
rule,715822,7,primary,0,0,1,0.9989166666666667,0.0,0.9989166666666667,exact_recall,canonical,equal_macro
rule,715822,7,primary,0,1,0,0.9990833333333334,0.0,0.9990833333333334,exact_recall,canonical,equal_macro
rule,715822,7,primary,0,1,1,0.9993333333333334,0.0,0.9993333333333334,exact_recall,canonical,equal_macro
rule,715822,7,primary,1,0,0,0.037,0.0,0.037,exact_recall,canonical,equal_macro
rule,715822,7,primary,1,0,1,0.18791666666666665,0.0,0.18791666666666665,exact_recall,canonical,equal_macro
rule,715822,7,primary,1,1,0,0.037333333333333336,0.0,0.037333333333333336,exact_recall,canonical,equal_macro
rule,715822,7,primary,1,1,1,0.18241666666666667,0.0,0.18241666666666667,exact_recall,canonical,equal_macro
rule,715822,42,primary,0,0,0,0.9988333333333334,0.0,0.9988333333333334,exact_recall,canonical,equal_macro
rule,715822,42,primary,0,0,1,0.999,0.0,0.999,exact_recall,canonical,equal_macro
rule,715822,42,primary,0,1,0,0.9990833333333334,0.0,0.9990833333333334,exact_recall,canonical,equal_macro
rule,715822,42,primary,0,1,1,0.999,0.0,0.999,exact_recall,canonical,equal_macro
rule,715822,42,primary,1,0,0,0.10675,0.0,0.10675,exact_recall,canonical,equal_macro
rule,715822,42,primary,1,0,1,0.0815,0.0,0.0815,exact_recall,canonical,equal_macro
rule,715822,42,primary,1,1,0,0.10933333333333334,0.0,0.10933333333333334,exact_recall,canonical,equal_macro
rule,715822,42,primary,1,1,1,0.082,0.0,0.082,exact_recall,canonical,equal_macro
rule,715822,123,primary,0,0,0,0.9989166666666667,0.0,0.9989166666666667,exact_recall,canonical,equal_macro
rule,715822,123,primary,0,0,1,0.999,0.0,0.999,exact_recall,canonical,equal_macro
rule,715822,123,primary,0,1,0,0.999,0.0,0.999,exact_recall,canonical,equal_macro
rule,715822,123,primary,0,1,1,0.999,0.0,0.999,exact_recall,canonical,equal_macro
rule,715822,123,primary,1,0,0,0.05266666666666667,0.0,0.05266666666666667,exact_recall,canonical,equal_macro
rule,715822,123,primary,1,0,1,0.13083333333333333,0.0,0.13083333333333333,exact_recall,canonical,equal_macro
rule,715822,123,primary,1,1,0,0.051,0.0,0.051,exact_recall,canonical,equal_macro
rule,715822,123,primary,1,1,1,0.13008333333333333,0.0,0.13008333333333333,exact_recall,canonical,equal_macro
rule,715822,2026,primary,0,0,0,0.999,0.0,0.999,exact_recall,canonical,equal_macro
rule,715822,2026,primary,0,0,1,0.9984999999999999,0.0,0.9984999999999999,exact_recall,canonical,equal_macro
rule,715822,2026,primary,0,1,0,0.9988333333333334,0.0,0.9988333333333334,exact_recall,canonical,equal_macro
rule,715822,2026,primary,0,1,1,0.9989166666666667,0.0,0.9989166666666667,exact_recall,canonical,equal_macro
rule,715822,2026,primary,1,0,0,0.03,0.0,0.03,exact_recall,canonical,equal_macro
rule,715822,2026,primary,1,0,1,0.043916666666666666,0.0,0.043916666666666666,exact_recall,canonical,equal_macro
rule,715822,2026,primary,1,1,0,0.028333333333333332,0.0,0.028333333333333332,exact_recall,canonical,equal_macro
rule,715822,2026,primary,1,1,1,0.044000000000000004,0.0,0.044000000000000004,exact_recall,canonical,equal_macro
rule,715822,3407,primary,0,0,0,0.9990833333333334,0.0,0.9990833333333334,exact_recall,canonical,equal_macro
rule,715822,3407,primary,0,0,1,0.9989166666666667,0.0,0.9989166666666667,exact_recall,canonical,equal_macro
rule,715822,3407,primary,0,1,0,0.9990833333333334,0.0,0.9990833333333334,exact_recall,canonical,equal_macro
rule,715822,3407,primary,0,1,1,0.9991666666666666,0.0,0.9991666666666666,exact_recall,canonical,equal_macro
rule,715822,3407,primary,1,0,0,0.03258333333333333,0.0,0.03258333333333333,exact_recall,canonical,equal_macro
rule,715822,3407,primary,1,0,1,0.0675,0.0,0.0675,exact_recall,canonical,equal_macro
rule,715822,3407,primary,1,1,0,0.03191666666666667,0.0,0.03191666666666667,exact_recall,canonical,equal_macro
rule,715822,3407,primary,1,1,1,0.069,0.0,0.069,exact_recall,canonical,equal_macro
rule,739263,7,primary,0,0,0,0.9987499999999999,0.0,0.9987499999999999,exact_recall,canonical,equal_macro
rule,739263,7,primary,0,0,1,0.9989166666666667,0.0,0.9989166666666667,exact_recall,canonical,equal_macro
rule,739263,7,primary,0,1,0,0.9991666666666666,0.0,0.9991666666666666,exact_recall,canonical,equal_macro
rule,739263,7,primary,0,1,1,0.99925,0.0,0.99925,exact_recall,canonical,equal_macro
rule,739263,7,primary,1,0,0,0.036833333333333336,0.0,0.036833333333333336,exact_recall,canonical,equal_macro
rule,739263,7,primary,1,0,1,0.09016666666666667,0.0,0.09016666666666667,exact_recall,canonical,equal_macro
rule,739263,7,primary,1,1,0,0.03591666666666666,0.0,0.03591666666666666,exact_recall,canonical,equal_macro
rule,739263,7,primary,1,1,1,0.08366666666666667,0.0,0.08366666666666667,exact_recall,canonical,equal_macro
rule,739263,42,primary,0,0,0,0.9990833333333334,0.0,0.9990833333333334,exact_recall,canonical,equal_macro
rule,739263,42,primary,0,0,1,0.99925,0.0,0.99925,exact_recall,canonical,equal_macro
rule,739263,42,primary,0,1,0,0.9989166666666667,0.0,0.9989166666666667,exact_recall,canonical,equal_macro
rule,739263,42,primary,0,1,1,0.9990833333333334,0.0,0.9990833333333334,exact_recall,canonical,equal_macro
rule,739263,42,primary,1,0,0,0.03158333333333333,0.0,0.03158333333333333,exact_recall,canonical,equal_macro
rule,739263,42,primary,1,0,1,0.07233333333333335,0.0,0.07233333333333335,exact_recall,canonical,equal_macro
rule,739263,42,primary,1,1,0,0.031,0.0,0.031,exact_recall,canonical,equal_macro
rule,739263,42,primary,1,1,1,0.07175,0.0,0.07175,exact_recall,canonical,equal_macro
rule,739263,123,primary,0,0,0,0.9989166666666667,0.0,0.9989166666666667,exact_recall,canonical,equal_macro
rule,739263,123,primary,0,0,1,0.9985833333333334,0.0,0.9985833333333334,exact_recall,canonical,equal_macro
rule,739263,123,primary,0,1,0,0.9990833333333334,0.0,0.9990833333333334,exact_recall,canonical,equal_macro
rule,739263,123,primary,0,1,1,0.9991666666666666,0.0,0.9991666666666666,exact_recall,canonical,equal_macro
rule,739263,123,primary,1,0,0,0.05691666666666667,0.0,0.05691666666666667,exact_recall,canonical,equal_macro
rule,739263,123,primary,1,0,1,0.1125,0.0,0.1125,exact_recall,canonical,equal_macro
rule,739263,123,primary,1,1,0,0.055833333333333325,0.0,0.055833333333333325,exact_recall,canonical,equal_macro
rule,739263,123,primary,1,1,1,0.11208333333333333,0.0,0.11208333333333333,exact_recall,canonical,equal_macro
rule,739263,2026,primary,0,0,0,0.9989166666666667,0.0,0.9989166666666667,exact_recall,canonical,equal_macro
rule,739263,2026,primary,0,0,1,0.9988333333333334,0.0,0.9988333333333334,exact_recall,canonical,equal_macro
rule,739263,2026,primary,0,1,0,0.9988333333333334,0.0,0.9988333333333334,exact_recall,canonical,equal_macro
rule,739263,2026,primary,0,1,1,0.9990833333333334,0.0,0.9990833333333334,exact_recall,canonical,equal_macro
rule,739263,2026,primary,1,0,0,0.03191666666666667,0.0,0.03191666666666667,exact_recall,canonical,equal_macro
rule,739263,2026,primary,1,0,1,0.12866666666666668,0.0,0.12866666666666668,exact_recall,canonical,equal_macro
rule,739263,2026,primary,1,1,0,0.030083333333333333,0.0,0.030083333333333333,exact_recall,canonical,equal_macro
rule,739263,2026,primary,1,1,1,0.125,0.0,0.125,exact_recall,canonical,equal_macro
rule,739263,3407,primary,0,0,0,0.999,0.0,0.999,exact_recall,canonical,equal_macro
rule,739263,3407,primary,0,0,1,0.9991666666666666,0.0,0.9991666666666666,exact_recall,canonical,equal_macro
rule,739263,3407,primary,0,1,0,0.9989166666666667,0.0,0.9989166666666667,exact_recall,canonical,equal_macro
rule,739263,3407,primary,0,1,1,0.9991666666666666,0.0,0.9991666666666666,exact_recall,canonical,equal_macro
rule,739263,3407,primary,1,0,0,0.05341666666666667,0.0,0.05341666666666667,exact_recall,canonical,equal_macro
rule,739263,3407,primary,1,0,1,0.08908333333333333,0.0,0.08908333333333333,exact_recall,canonical,equal_macro
rule,739263,3407,primary,1,1,0,0.05366666666666667,0.0,0.05366666666666667,exact_recall,canonical,equal_macro
rule,739263,3407,primary,1,1,1,0.08758333333333333,0.0,0.08758333333333333,exact_recall,canonical,equal_macro
rule,748203,7,primary,0,0,0,0.99925,0.0,0.99925,exact_recall,canonical,equal_macro
rule,748203,7,primary,0,0,1,0.9993333333333334,0.0,0.9993333333333334,exact_recall,canonical,equal_macro
rule,748203,7,primary,0,1,0,0.99925,0.0,0.99925,exact_recall,canonical,equal_macro
rule,748203,7,primary,0,1,1,0.9990833333333334,0.0,0.9990833333333334,exact_recall,canonical,equal_macro
rule,748203,7,primary,1,0,0,0.030166666666666665,0.0,0.030166666666666665,exact_recall,canonical,equal_macro
rule,748203,7,primary,1,0,1,0.06416666666666666,0.0,0.06416666666666666,exact_recall,canonical,equal_macro
rule,748203,7,primary,1,1,0,0.029833333333333333,0.0,0.029833333333333333,exact_recall,canonical,equal_macro
rule,748203,7,primary,1,1,1,0.06,0.0,0.06,exact_recall,canonical,equal_macro
rule,748203,42,primary,0,0,0,0.999,0.0,0.999,exact_recall,canonical,equal_macro
rule,748203,42,primary,0,0,1,0.9993333333333334,0.0,0.9993333333333334,exact_recall,canonical,equal_macro
rule,748203,42,primary,0,1,0,0.9991666666666666,0.0,0.9991666666666666,exact_recall,canonical,equal_macro
rule,748203,42,primary,0,1,1,0.9991666666666666,0.0,0.9991666666666666,exact_recall,canonical,equal_macro
rule,748203,42,primary,1,0,0,0.0295,0.0,0.0295,exact_recall,canonical,equal_macro
rule,748203,42,primary,1,0,1,0.16,0.0,0.16,exact_recall,canonical,equal_macro
rule,748203,42,primary,1,1,0,0.0305,0.0,0.0305,exact_recall,canonical,equal_macro
rule,748203,42,primary,1,1,1,0.15333333333333335,0.0,0.15333333333333335,exact_recall,canonical,equal_macro
rule,748203,123,primary,0,0,0,0.999,0.0,0.999,exact_recall,canonical,equal_macro
rule,748203,123,primary,0,0,1,0.9989166666666667,0.0,0.9989166666666667,exact_recall,canonical,equal_macro
rule,748203,123,primary,0,1,0,0.9990833333333334,0.0,0.9990833333333334,exact_recall,canonical,equal_macro
rule,748203,123,primary,0,1,1,0.9990833333333334,0.0,0.9990833333333334,exact_recall,canonical,equal_macro
rule,748203,123,primary,1,0,0,0.03308333333333333,0.0,0.03308333333333333,exact_recall,canonical,equal_macro
rule,748203,123,primary,1,0,1,0.07483333333333334,0.0,0.07483333333333334,exact_recall,canonical,equal_macro
rule,748203,123,primary,1,1,0,0.031,0.0,0.031,exact_recall,canonical,equal_macro
rule,748203,123,primary,1,1,1,0.07283333333333335,0.0,0.07283333333333335,exact_recall,canonical,equal_macro
rule,748203,2026,primary,0,0,0,0.99925,0.0,0.99925,exact_recall,canonical,equal_macro
rule,748203,2026,primary,0,0,1,0.9994166666666667,0.0,0.9994166666666667,exact_recall,canonical,equal_macro
rule,748203,2026,primary,0,1,0,0.99925,0.0,0.99925,exact_recall,canonical,equal_macro
rule,748203,2026,primary,0,1,1,0.9993333333333334,0.0,0.9993333333333334,exact_recall,canonical,equal_macro
rule,748203,2026,primary,1,0,0,0.17900000000000002,0.0,0.17900000000000002,exact_recall,canonical,equal_macro
rule,748203,2026,primary,1,0,1,0.23666666666666666,0.0,0.23666666666666666,exact_recall,canonical,equal_macro
rule,748203,2026,primary,1,1,0,0.1791666666666667,0.0,0.1791666666666667,exact_recall,canonical,equal_macro
rule,748203,2026,primary,1,1,1,0.23458333333333337,0.0,0.23458333333333337,exact_recall,canonical,equal_macro
rule,748203,3407,primary,0,0,0,0.9987499999999999,0.0,0.9987499999999999,exact_recall,canonical,equal_macro
rule,748203,3407,primary,0,0,1,0.9986666666666667,0.0,0.9986666666666667,exact_recall,canonical,equal_macro
rule,748203,3407,primary,0,1,0,0.9989166666666667,0.0,0.9989166666666667,exact_recall,canonical,equal_macro
rule,748203,3407,primary,0,1,1,0.9990833333333334,0.0,0.9990833333333334,exact_recall,canonical,equal_macro
rule,748203,3407,primary,1,0,0,0.0405,0.0,0.0405,exact_recall,canonical,equal_macro
rule,748203,3407,primary,1,0,1,0.11466666666666665,0.0,0.11466666666666665,exact_recall,canonical,equal_macro
rule,748203,3407,primary,1,1,0,0.04033333333333333,0.0,0.04033333333333333,exact_recall,canonical,equal_macro
rule,748203,3407,primary,1,1,1,0.11408333333333333,0.0,0.11408333333333333,exact_recall,canonical,equal_macro
rule,820632,7,primary,0,0,0,0.9990833333333334,0.0,0.9990833333333334,exact_recall,canonical,equal_macro
rule,820632,7,primary,0,0,1,0.9989166666666667,0.0,0.9989166666666667,exact_recall,canonical,equal_macro
rule,820632,7,primary,0,1,0,0.9991666666666666,0.0,0.9991666666666666,exact_recall,canonical,equal_macro
rule,820632,7,primary,0,1,1,0.9990833333333334,0.0,0.9990833333333334,exact_recall,canonical,equal_macro
rule,820632,7,primary,1,0,0,0.08808333333333333,0.0,0.08808333333333333,exact_recall,canonical,equal_macro
rule,820632,7,primary,1,0,1,0.17133333333333334,0.0,0.17133333333333334,exact_recall,canonical,equal_macro
rule,820632,7,primary,1,1,0,0.09008333333333333,0.0,0.09008333333333333,exact_recall,canonical,equal_macro
rule,820632,7,primary,1,1,1,0.168,0.0,0.168,exact_recall,canonical,equal_macro
rule,820632,42,primary,0,0,0,0.9989166666666667,0.0,0.9989166666666667,exact_recall,canonical,equal_macro
rule,820632,42,primary,0,0,1,0.9989166666666667,0.0,0.9989166666666667,exact_recall,canonical,equal_macro
rule,820632,42,primary,0,1,0,0.9987499999999999,0.0,0.9987499999999999,exact_recall,canonical,equal_macro
rule,820632,42,primary,0,1,1,0.9991666666666666,0.0,0.9991666666666666,exact_recall,canonical,equal_macro
rule,820632,42,primary,1,0,0,0.04933333333333333,0.0,0.04933333333333333,exact_recall,canonical,equal_macro
rule,820632,42,primary,1,0,1,0.08750000000000001,0.0,0.08750000000000001,exact_recall,canonical,equal_macro
rule,820632,42,primary,1,1,0,0.04741666666666666,0.0,0.04741666666666666,exact_recall,canonical,equal_macro
rule,820632,42,primary,1,1,1,0.08566666666666667,0.0,0.08566666666666667,exact_recall,canonical,equal_macro
rule,820632,123,primary,0,0,0,0.9990833333333334,0.0,0.9990833333333334,exact_recall,canonical,equal_macro
rule,820632,123,primary,0,0,1,0.99925,0.0,0.99925,exact_recall,canonical,equal_macro
rule,820632,123,primary,0,1,0,0.9991666666666666,0.0,0.9991666666666666,exact_recall,canonical,equal_macro
rule,820632,123,primary,0,1,1,0.999,0.0,0.999,exact_recall,canonical,equal_macro
rule,820632,123,primary,1,0,0,0.0375,0.0,0.0375,exact_recall,canonical,equal_macro
rule,820632,123,primary,1,0,1,0.11933333333333333,0.0,0.11933333333333333,exact_recall,canonical,equal_macro
rule,820632,123,primary,1,1,0,0.03758333333333333,0.0,0.03758333333333333,exact_recall,canonical,equal_macro
rule,820632,123,primary,1,1,1,0.1175,0.0,0.1175,exact_recall,canonical,equal_macro
rule,820632,2026,primary,0,0,0,0.999,0.0,0.999,exact_recall,canonical,equal_macro
rule,820632,2026,primary,0,0,1,0.9988333333333334,0.0,0.9988333333333334,exact_recall,canonical,equal_macro
rule,820632,2026,primary,0,1,0,0.999,0.0,0.999,exact_recall,canonical,equal_macro
rule,820632,2026,primary,0,1,1,0.999,0.0,0.999,exact_recall,canonical,equal_macro
rule,820632,2026,primary,1,0,0,0.03308333333333333,0.0,0.03308333333333333,exact_recall,canonical,equal_macro
rule,820632,2026,primary,1,0,1,0.06991666666666667,0.0,0.06991666666666667,exact_recall,canonical,equal_macro
rule,820632,2026,primary,1,1,0,0.03308333333333333,0.0,0.03308333333333333,exact_recall,canonical,equal_macro
rule,820632,2026,primary,1,1,1,0.06691666666666667,0.0,0.06691666666666667,exact_recall,canonical,equal_macro
rule,820632,3407,primary,0,0,0,0.9988333333333334,0.0,0.9988333333333334,exact_recall,canonical,equal_macro
rule,820632,3407,primary,0,0,1,0.9989166666666667,0.0,0.9989166666666667,exact_recall,canonical,equal_macro
rule,820632,3407,primary,0,1,0,0.999,0.0,0.999,exact_recall,canonical,equal_macro
rule,820632,3407,primary,0,1,1,0.999,0.0,0.999,exact_recall,canonical,equal_macro
rule,820632,3407,primary,1,0,0,0.12058333333333333,0.0,0.12058333333333333,exact_recall,canonical,equal_macro
rule,820632,3407,primary,1,0,1,0.2778333333333333,0.0,0.2778333333333333,exact_recall,canonical,equal_macro
rule,820632,3407,primary,1,1,0,0.121,0.0,0.121,exact_recall,canonical,equal_macro
rule,820632,3407,primary,1,1,1,0.27525,0.0,0.27525,exact_recall,canonical,equal_macro
rule,837943,7,primary,0,0,0,0.9991666666666666,0.0,0.9991666666666666,exact_recall,canonical,equal_macro
rule,837943,7,primary,0,0,1,0.9993333333333334,0.0,0.9993333333333334,exact_recall,canonical,equal_macro
rule,837943,7,primary,0,1,0,0.9991666666666666,0.0,0.9991666666666666,exact_recall,canonical,equal_macro
rule,837943,7,primary,0,1,1,0.9989166666666667,0.0,0.9989166666666667,exact_recall,canonical,equal_macro
rule,837943,7,primary,1,0,0,0.05375,0.0,0.05375,exact_recall,canonical,equal_macro
rule,837943,7,primary,1,0,1,0.11575,0.0,0.11575,exact_recall,canonical,equal_macro
rule,837943,7,primary,1,1,0,0.0525,0.0,0.0525,exact_recall,canonical,equal_macro
rule,837943,7,primary,1,1,1,0.11233333333333333,0.0,0.11233333333333333,exact_recall,canonical,equal_macro
rule,837943,42,primary,0,0,0,0.9987499999999999,0.0,0.9987499999999999,exact_recall,canonical,equal_macro
rule,837943,42,primary,0,0,1,0.9990833333333334,0.0,0.9990833333333334,exact_recall,canonical,equal_macro
rule,837943,42,primary,0,1,0,0.9990833333333334,0.0,0.9990833333333334,exact_recall,canonical,equal_macro
rule,837943,42,primary,0,1,1,0.9993333333333334,0.0,0.9993333333333334,exact_recall,canonical,equal_macro
rule,837943,42,primary,1,0,0,0.10241666666666667,0.0,0.10241666666666667,exact_recall,canonical,equal_macro
rule,837943,42,primary,1,0,1,0.18733333333333335,0.0,0.18733333333333335,exact_recall,canonical,equal_macro
rule,837943,42,primary,1,1,0,0.09725,0.0,0.09725,exact_recall,canonical,equal_macro
rule,837943,42,primary,1,1,1,0.17966666666666664,0.0,0.17966666666666664,exact_recall,canonical,equal_macro
rule,837943,123,primary,0,0,0,0.999,0.0,0.999,exact_recall,canonical,equal_macro
rule,837943,123,primary,0,0,1,0.9987500000000001,0.0,0.9987500000000001,exact_recall,canonical,equal_macro
rule,837943,123,primary,0,1,0,0.99925,0.0,0.99925,exact_recall,canonical,equal_macro
rule,837943,123,primary,0,1,1,0.9993333333333334,0.0,0.9993333333333334,exact_recall,canonical,equal_macro
rule,837943,123,primary,1,0,0,0.12491666666666668,0.0,0.12491666666666668,exact_recall,canonical,equal_macro
rule,837943,123,primary,1,0,1,0.25225000000000003,0.0,0.25225000000000003,exact_recall,canonical,equal_macro
rule,837943,123,primary,1,1,0,0.12583333333333332,0.0,0.12583333333333332,exact_recall,canonical,equal_macro
rule,837943,123,primary,1,1,1,0.24725,0.0,0.24725,exact_recall,canonical,equal_macro
rule,837943,2026,primary,0,0,0,0.9990833333333334,0.0,0.9990833333333334,exact_recall,canonical,equal_macro
rule,837943,2026,primary,0,0,1,0.99925,0.0,0.99925,exact_recall,canonical,equal_macro
rule,837943,2026,primary,0,1,0,0.9990833333333334,0.0,0.9990833333333334,exact_recall,canonical,equal_macro
rule,837943,2026,primary,0,1,1,0.9994166666666667,0.0,0.9994166666666667,exact_recall,canonical,equal_macro
rule,837943,2026,primary,1,0,0,0.043500000000000004,0.0,0.043500000000000004,exact_recall,canonical,equal_macro
rule,837943,2026,primary,1,0,1,0.069,0.0,0.069,exact_recall,canonical,equal_macro
rule,837943,2026,primary,1,1,0,0.041416666666666664,0.0,0.041416666666666664,exact_recall,canonical,equal_macro
rule,837943,2026,primary,1,1,1,0.06416666666666666,0.0,0.06416666666666666,exact_recall,canonical,equal_macro
rule,837943,3407,primary,0,0,0,0.9986666666666667,0.0,0.9986666666666667,exact_recall,canonical,equal_macro
rule,837943,3407,primary,0,0,1,0.999,0.0,0.999,exact_recall,canonical,equal_macro
rule,837943,3407,primary,0,1,0,0.999,0.0,0.999,exact_recall,canonical,equal_macro
rule,837943,3407,primary,0,1,1,0.999,0.0,0.999,exact_recall,canonical,equal_macro
rule,837943,3407,primary,1,0,0,0.048749999999999995,0.0,0.048749999999999995,exact_recall,canonical,equal_macro
rule,837943,3407,primary,1,0,1,0.07375,0.0,0.07375,exact_recall,canonical,equal_macro
rule,837943,3407,primary,1,1,0,0.04900000000000001,0.0,0.04900000000000001,exact_recall,canonical,equal_macro
rule,837943,3407,primary,1,1,1,0.07033333333333333,0.0,0.07033333333333333,exact_recall,canonical,equal_macro
rule,864178,7,primary,0,0,0,0.9988333333333334,0.0,0.9988333333333334,exact_recall,canonical,equal_macro
rule,864178,7,primary,0,0,1,0.9989166666666667,0.0,0.9989166666666667,exact_recall,canonical,equal_macro
rule,864178,7,primary,0,1,0,0.9991666666666666,0.0,0.9991666666666666,exact_recall,canonical,equal_macro
rule,864178,7,primary,0,1,1,0.9993333333333334,0.0,0.9993333333333334,exact_recall,canonical,equal_macro
rule,864178,7,primary,1,0,0,0.041416666666666664,0.0,0.041416666666666664,exact_recall,canonical,equal_macro
rule,864178,7,primary,1,0,1,0.34800000000000003,0.0,0.34800000000000003,exact_recall,canonical,equal_macro
rule,864178,7,primary,1,1,0,0.044333333333333336,0.0,0.044333333333333336,exact_recall,canonical,equal_macro
rule,864178,7,primary,1,1,1,0.34558333333333335,0.0,0.34558333333333335,exact_recall,canonical,equal_macro
rule,864178,42,primary,0,0,0,0.9985833333333334,0.0,0.9985833333333334,exact_recall,canonical,equal_macro
rule,864178,42,primary,0,0,1,0.9989166666666667,0.0,0.9989166666666667,exact_recall,canonical,equal_macro
rule,864178,42,primary,0,1,0,0.999,0.0,0.999,exact_recall,canonical,equal_macro
rule,864178,42,primary,0,1,1,0.9991666666666666,0.0,0.9991666666666666,exact_recall,canonical,equal_macro
rule,864178,42,primary,1,0,0,0.027999999999999997,0.0,0.027999999999999997,exact_recall,canonical,equal_macro
rule,864178,42,primary,1,0,1,0.03133333333333333,0.0,0.03133333333333333,exact_recall,canonical,equal_macro
rule,864178,42,primary,1,1,0,0.02716666666666667,0.0,0.02716666666666667,exact_recall,canonical,equal_macro
rule,864178,42,primary,1,1,1,0.03158333333333333,0.0,0.03158333333333333,exact_recall,canonical,equal_macro
rule,864178,123,primary,0,0,0,0.99925,0.0,0.99925,exact_recall,canonical,equal_macro
rule,864178,123,primary,0,0,1,0.9991666666666666,0.0,0.9991666666666666,exact_recall,canonical,equal_macro
rule,864178,123,primary,0,1,0,0.9990833333333334,0.0,0.9990833333333334,exact_recall,canonical,equal_macro
rule,864178,123,primary,0,1,1,0.9993333333333334,0.0,0.9993333333333334,exact_recall,canonical,equal_macro
rule,864178,123,primary,1,0,0,0.10825,0.0,0.10825,exact_recall,canonical,equal_macro
rule,864178,123,primary,1,0,1,0.18500000000000003,0.0,0.18500000000000003,exact_recall,canonical,equal_macro
rule,864178,123,primary,1,1,0,0.10358333333333332,0.0,0.10358333333333332,exact_recall,canonical,equal_macro
rule,864178,123,primary,1,1,1,0.18991666666666665,0.0,0.18991666666666665,exact_recall,canonical,equal_macro
rule,864178,2026,primary,0,0,0,0.9988333333333334,0.0,0.9988333333333334,exact_recall,canonical,equal_macro
rule,864178,2026,primary,0,0,1,0.9989166666666667,0.0,0.9989166666666667,exact_recall,canonical,equal_macro
rule,864178,2026,primary,0,1,0,0.9990833333333334,0.0,0.9990833333333334,exact_recall,canonical,equal_macro
rule,864178,2026,primary,0,1,1,0.999,0.0,0.999,exact_recall,canonical,equal_macro
rule,864178,2026,primary,1,0,0,0.03308333333333333,0.0,0.03308333333333333,exact_recall,canonical,equal_macro
rule,864178,2026,primary,1,0,1,0.08058333333333333,0.0,0.08058333333333333,exact_recall,canonical,equal_macro
rule,864178,2026,primary,1,1,0,0.0325,0.0,0.0325,exact_recall,canonical,equal_macro
rule,864178,2026,primary,1,1,1,0.07641666666666667,0.0,0.07641666666666667,exact_recall,canonical,equal_macro
rule,864178,3407,primary,0,0,0,0.9991666666666666,0.0,0.9991666666666666,exact_recall,canonical,equal_macro
rule,864178,3407,primary,0,0,1,0.9990833333333334,0.0,0.9990833333333334,exact_recall,canonical,equal_macro
rule,864178,3407,primary,0,1,0,0.9990833333333334,0.0,0.9990833333333334,exact_recall,canonical,equal_macro
rule,864178,3407,primary,0,1,1,0.9991666666666666,0.0,0.9991666666666666,exact_recall,canonical,equal_macro
rule,864178,3407,primary,1,0,0,0.06466666666666666,0.0,0.06466666666666666,exact_recall,canonical,equal_macro
rule,864178,3407,primary,1,0,1,0.09691666666666666,0.0,0.09691666666666666,exact_recall,canonical,equal_macro
rule,864178,3407,primary,1,1,0,0.06308333333333334,0.0,0.06308333333333334,exact_recall,canonical,equal_macro
rule,864178,3407,primary,1,1,1,0.09566666666666668,0.0,0.09566666666666668,exact_recall,canonical,equal_macro
rule,922089,7,primary,0,0,0,0.9990833333333334,0.0,0.9990833333333334,exact_recall,canonical,equal_macro
rule,922089,7,primary,0,0,1,0.9990833333333334,0.0,0.9990833333333334,exact_recall,canonical,equal_macro
rule,922089,7,primary,0,1,0,0.9990833333333334,0.0,0.9990833333333334,exact_recall,canonical,equal_macro
rule,922089,7,primary,0,1,1,0.9990833333333334,0.0,0.9990833333333334,exact_recall,canonical,equal_macro
rule,922089,7,primary,1,0,0,0.029583333333333333,0.0,0.029583333333333333,exact_recall,canonical,equal_macro
rule,922089,7,primary,1,0,1,0.0425,0.0,0.0425,exact_recall,canonical,equal_macro
rule,922089,7,primary,1,1,0,0.028916666666666663,0.0,0.028916666666666663,exact_recall,canonical,equal_macro
rule,922089,7,primary,1,1,1,0.04083333333333333,0.0,0.04083333333333333,exact_recall,canonical,equal_macro
rule,922089,42,primary,0,0,0,0.9989166666666667,0.0,0.9989166666666667,exact_recall,canonical,equal_macro
rule,922089,42,primary,0,0,1,0.9994166666666667,0.0,0.9994166666666667,exact_recall,canonical,equal_macro
rule,922089,42,primary,0,1,0,0.9993333333333334,0.0,0.9993333333333334,exact_recall,canonical,equal_macro
rule,922089,42,primary,0,1,1,0.99925,0.0,0.99925,exact_recall,canonical,equal_macro
rule,922089,42,primary,1,0,0,0.06016666666666667,0.0,0.06016666666666667,exact_recall,canonical,equal_macro
rule,922089,42,primary,1,0,1,0.06275,0.0,0.06275,exact_recall,canonical,equal_macro
rule,922089,42,primary,1,1,0,0.057166666666666664,0.0,0.057166666666666664,exact_recall,canonical,equal_macro
rule,922089,42,primary,1,1,1,0.06191666666666667,0.0,0.06191666666666667,exact_recall,canonical,equal_macro
rule,922089,123,primary,0,0,0,0.9991666666666666,0.0,0.9991666666666666,exact_recall,canonical,equal_macro
rule,922089,123,primary,0,0,1,0.9991666666666666,0.0,0.9991666666666666,exact_recall,canonical,equal_macro
rule,922089,123,primary,0,1,0,0.9991666666666666,0.0,0.9991666666666666,exact_recall,canonical,equal_macro
rule,922089,123,primary,0,1,1,0.99925,0.0,0.99925,exact_recall,canonical,equal_macro
rule,922089,123,primary,1,0,0,0.029666666666666664,0.0,0.029666666666666664,exact_recall,canonical,equal_macro
rule,922089,123,primary,1,0,1,0.08308333333333333,0.0,0.08308333333333333,exact_recall,canonical,equal_macro
rule,922089,123,primary,1,1,0,0.027833333333333335,0.0,0.027833333333333335,exact_recall,canonical,equal_macro
rule,922089,123,primary,1,1,1,0.07666666666666666,0.0,0.07666666666666666,exact_recall,canonical,equal_macro
rule,922089,2026,primary,0,0,0,0.9993333333333334,0.0,0.9993333333333334,exact_recall,canonical,equal_macro
rule,922089,2026,primary,0,0,1,0.99925,0.0,0.99925,exact_recall,canonical,equal_macro
rule,922089,2026,primary,0,1,0,0.9990833333333334,0.0,0.9990833333333334,exact_recall,canonical,equal_macro
rule,922089,2026,primary,0,1,1,0.9994166666666667,0.0,0.9994166666666667,exact_recall,canonical,equal_macro
rule,922089,2026,primary,1,0,0,0.037083333333333336,0.0,0.037083333333333336,exact_recall,canonical,equal_macro
rule,922089,2026,primary,1,0,1,0.06908333333333333,0.0,0.06908333333333333,exact_recall,canonical,equal_macro
rule,922089,2026,primary,1,1,0,0.037416666666666674,0.0,0.037416666666666674,exact_recall,canonical,equal_macro
rule,922089,2026,primary,1,1,1,0.06991666666666667,0.0,0.06991666666666667,exact_recall,canonical,equal_macro
rule,922089,3407,primary,0,0,0,0.9990833333333334,0.0,0.9990833333333334,exact_recall,canonical,equal_macro
rule,922089,3407,primary,0,0,1,0.9990833333333334,0.0,0.9990833333333334,exact_recall,canonical,equal_macro
rule,922089,3407,primary,0,1,0,0.999,0.0,0.999,exact_recall,canonical,equal_macro
rule,922089,3407,primary,0,1,1,0.9991666666666666,0.0,0.9991666666666666,exact_recall,canonical,equal_macro
rule,922089,3407,primary,1,0,0,0.05483333333333334,0.0,0.05483333333333334,exact_recall,canonical,equal_macro
rule,922089,3407,primary,1,0,1,0.11275,0.0,0.11275,exact_recall,canonical,equal_macro
rule,922089,3407,primary,1,1,0,0.05491666666666667,0.0,0.05491666666666667,exact_recall,canonical,equal_macro
rule,922089,3407,primary,1,1,1,0.10591666666666666,0.0,0.10591666666666666,exact_recall,canonical,equal_macro
rule,999191,7,primary,0,0,0,0.9988333333333334,0.0,0.9988333333333334,exact_recall,canonical,equal_macro
rule,999191,7,primary,0,0,1,0.9986666666666667,0.0,0.9986666666666667,exact_recall,canonical,equal_macro
rule,999191,7,primary,0,1,0,0.9990833333333334,0.0,0.9990833333333334,exact_recall,canonical,equal_macro
rule,999191,7,primary,0,1,1,0.9991666666666666,0.0,0.9991666666666666,exact_recall,canonical,equal_macro
rule,999191,7,primary,1,0,0,0.03975,0.0,0.03975,exact_recall,canonical,equal_macro
rule,999191,7,primary,1,0,1,0.19675,0.0,0.19675,exact_recall,canonical,equal_macro
rule,999191,7,primary,1,1,0,0.03975,0.0,0.03975,exact_recall,canonical,equal_macro
rule,999191,7,primary,1,1,1,0.18833333333333332,0.0,0.18833333333333332,exact_recall,canonical,equal_macro
rule,999191,42,primary,0,0,0,0.9987500000000001,0.0,0.9987500000000001,exact_recall,canonical,equal_macro
rule,999191,42,primary,0,0,1,0.9989166666666667,0.0,0.9989166666666667,exact_recall,canonical,equal_macro
rule,999191,42,primary,0,1,0,0.9988333333333334,0.0,0.9988333333333334,exact_recall,canonical,equal_macro
rule,999191,42,primary,0,1,1,0.999,0.0,0.999,exact_recall,canonical,equal_macro
rule,999191,42,primary,1,0,0,0.02791666666666667,0.0,0.02791666666666667,exact_recall,canonical,equal_macro
rule,999191,42,primary,1,0,1,0.0305,0.0,0.0305,exact_recall,canonical,equal_macro
rule,999191,42,primary,1,1,0,0.0275,0.0,0.0275,exact_recall,canonical,equal_macro
rule,999191,42,primary,1,1,1,0.029583333333333333,0.0,0.029583333333333333,exact_recall,canonical,equal_macro
rule,999191,123,primary,0,0,0,0.9989166666666667,0.0,0.9989166666666667,exact_recall,canonical,equal_macro
rule,999191,123,primary,0,0,1,0.9986666666666667,0.0,0.9986666666666667,exact_recall,canonical,equal_macro
rule,999191,123,primary,0,1,0,0.9990833333333334,0.0,0.9990833333333334,exact_recall,canonical,equal_macro
rule,999191,123,primary,0,1,1,0.9990833333333334,0.0,0.9990833333333334,exact_recall,canonical,equal_macro
rule,999191,123,primary,1,0,0,0.028166666666666663,0.0,0.028166666666666663,exact_recall,canonical,equal_macro
rule,999191,123,primary,1,0,1,0.03441666666666667,0.0,0.03441666666666667,exact_recall,canonical,equal_macro
rule,999191,123,primary,1,1,0,0.028416666666666663,0.0,0.028416666666666663,exact_recall,canonical,equal_macro
rule,999191,123,primary,1,1,1,0.03475,0.0,0.03475,exact_recall,canonical,equal_macro
rule,999191,2026,primary,0,0,0,0.9990833333333334,0.0,0.9990833333333334,exact_recall,canonical,equal_macro
rule,999191,2026,primary,0,0,1,0.9989166666666667,0.0,0.9989166666666667,exact_recall,canonical,equal_macro
rule,999191,2026,primary,0,1,0,0.9991666666666666,0.0,0.9991666666666666,exact_recall,canonical,equal_macro
rule,999191,2026,primary,0,1,1,0.99925,0.0,0.99925,exact_recall,canonical,equal_macro
rule,999191,2026,primary,1,0,0,0.07250000000000001,0.0,0.07250000000000001,exact_recall,canonical,equal_macro
rule,999191,2026,primary,1,0,1,0.08341666666666665,0.0,0.08341666666666665,exact_recall,canonical,equal_macro
rule,999191,2026,primary,1,1,0,0.07100000000000001,0.0,0.07100000000000001,exact_recall,canonical,equal_macro
rule,999191,2026,primary,1,1,1,0.07766666666666666,0.0,0.07766666666666666,exact_recall,canonical,equal_macro
rule,999191,3407,primary,0,0,0,0.9988333333333334,0.0,0.9988333333333334,exact_recall,canonical,equal_macro
rule,999191,3407,primary,0,0,1,0.9988333333333334,0.0,0.9988333333333334,exact_recall,canonical,equal_macro
rule,999191,3407,primary,0,1,0,0.999,0.0,0.999,exact_recall,canonical,equal_macro
rule,999191,3407,primary,0,1,1,0.9990833333333334,0.0,0.9990833333333334,exact_recall,canonical,equal_macro
rule,999191,3407,primary,1,0,0,0.035916666666666666,0.0,0.035916666666666666,exact_recall,canonical,equal_macro
rule,999191,3407,primary,1,0,1,0.04783333333333333,0.0,0.04783333333333333,exact_recall,canonical,equal_macro
rule,999191,3407,primary,1,1,0,0.034,0.0,0.034,exact_recall,canonical,equal_macro
rule,999191,3407,primary,1,1,1,0.04558333333333333,0.0,0.04558333333333333,exact_recall,canonical,equal_macro
