construction_seed,arm,pipeline_seed,role,setting,model_tag,checkpoint,checkpoint_sha256,pool_path,pool_sha256,sampling_index_sha256,feature_dimension,n_estimators,max_depth,min_samples_leaf,class_weight,permutation_seed,train_windows,elapsed_seconds,device
0,real_only,7,shared_reference,real_only,e18_v1,journal/models/generator_extension/rf_real_only_e18_v1_seed7.joblib,8fb2fc499cc9c4d6b881a5788fda413e37bffd7ff09aecae0de7fb164358f0e9,,,,83,160,,2,balanced_subsample,7,262149,22.458,cpu
0,real_only,42,shared_reference,real_only,e18_v1,journal/models/generator_extension/rf_real_only_e18_v1_seed42.joblib,e73e178922c02172e39063b8e0a885e1dfdf3620f5ad58c098d1f17ed611e249,,,,83,160,,2,balanced_subsample,42,262149,22.218,cpu
0,real_only,123,shared_reference,real_only,e18_v1,journal/models/generator_extension/rf_real_only_e18_v1_seed123.joblib,bec3b2fa1755c4a1484d9704ec7a9fe34ada6e34c7e4825a03de22f944d78305,,,,83,160,,2,balanced_subsample,123,262149,22.972,cpu
0,real_only,2026,shared_reference,real_only,e18_v1,journal/models/generator_extension/rf_real_only_e18_v1_seed2026.joblib,79f84e161ad8015f08d2461ca3a3f2289d73f540c80326af35c66468ebf3a7e6,,,,83,160,,2,balanced_subsample,2026,262149,22.465,cpu
0,real_only,3407,shared_reference,real_only,e18_v1,journal/models/generator_extension/rf_real_only_e18_v1_seed3407.joblib,021d707a207521710d9cacb9495f05fac6bc2e6b6b6e8042d172398b505162bf,,,,83,160,,2,balanced_subsample,3407,262149,23.294,cpu
415637,rule,7,primary,rule_0p30_cseed415637,e18_v1,journal/models/generator_extension/rf_rule_0p30_cseed415637_e18_v1_seed7.joblib,6da7d41720f2bbc2a607dc05216f7b1966c72678b65c4749af9660961aec1d01,journal/datasets/synthetic/e16_rule_cseed415637_windows_v2.npz,193d02e36c2b7709e41964b93691425eae3b2601c905c8152571b3bf63731470,d2c7acc8cbe7f58e1db3d0cc1b63f730adb335dd8bd0aab76f192e70cf187a50,83,160,,2,balanced_subsample,7,340794,30.887,cpu
415637,rule,42,primary,rule_0p30_cseed415637,e18_v1,journal/models/generator_extension/rf_rule_0p30_cseed415637_e18_v1_seed42.joblib,a6ffb2560738d3633be943cd3e02609fd80f56c286f5cc1761067ce6f5c2c6c7,journal/datasets/synthetic/e16_rule_cseed415637_windows_v2.npz,193d02e36c2b7709e41964b93691425eae3b2601c905c8152571b3bf63731470,60eaa0f1314053ddb38a4ba023908d80d92889250274637706176f90b4485c4c,83,160,,2,balanced_subsample,42,340794,31.347,cpu
415637,rule,123,primary,rule_0p30_cseed415637,e18_v1,journal/models/generator_extension/rf_rule_0p30_cseed415637_e18_v1_seed123.joblib,0b97f017cf6010db68b18059f7053309d64be956842a918fac3b94b4b89fc5e8,journal/datasets/synthetic/e16_rule_cseed415637_windows_v2.npz,193d02e36c2b7709e41964b93691425eae3b2601c905c8152571b3bf63731470,ea399358a29d6152749b8c64658c1a834368dbd96a85027516a8e7ee44230f8b,83,160,,2,balanced_subsample,123,340794,31.471,cpu
415637,rule,2026,primary,rule_0p30_cseed415637,e18_v1,journal/models/generator_extension/rf_rule_0p30_cseed415637_e18_v1_seed2026.joblib,5862ee606e766e4447a29df18e84f0495906a5bd0135e1714aef04e24b0a3777,journal/datasets/synthetic/e16_rule_cseed415637_windows_v2.npz,193d02e36c2b7709e41964b93691425eae3b2601c905c8152571b3bf63731470,a8c7b7058569c5f4df77ddc4f4fc837839d24168ee1d52f7a9033ebc35530f2d,83,160,,2,balanced_subsample,2026,340794,31.553,cpu
415637,rule,3407,primary,rule_0p30_cseed415637,e18_v1,journal/models/generator_extension/rf_rule_0p30_cseed415637_e18_v1_seed3407.joblib,02f5a9c4cade1f1aacc68ed6919f7f10abbb64c4a3f5f86f9cace881dd496b1b,journal/datasets/synthetic/e16_rule_cseed415637_windows_v2.npz,193d02e36c2b7709e41964b93691425eae3b2601c905c8152571b3bf63731470,e2c2b0bd1ae98e843a32b5088eee60d53eef4e142b7ea99d13856ddb7d0f6d16,83,160,,2,balanced_subsample,3407,340794,31.476,cpu
415637,placebo,7,primary,placebo_0p30_cseed415637,e18_v1,journal/models/generator_extension/rf_placebo_0p30_cseed415637_e18_v1_seed7.joblib,a7100833773f24dc3faccba41962aba8c73e1caaf0e07eee4b2de6ff44153094,journal/datasets/synthetic/e16_placebo_cseed415637_windows_v2.npz,12d375d38ba1ba670607582eabc45de4741f1b08b7cb1d06125900938c6b9168,d2c7acc8cbe7f58e1db3d0cc1b63f730adb335dd8bd0aab76f192e70cf187a50,83,160,,2,balanced_subsample,7,340794,30.753,cpu
415637,placebo,42,primary,placebo_0p30_cseed415637,e18_v1,journal/models/generator_extension/rf_placebo_0p30_cseed415637_e18_v1_seed42.joblib,3e20769bbeb2bd9f390425cb5f84ab0684d0d3c14ab9e4472bc6113a65e10408,journal/datasets/synthetic/e16_placebo_cseed415637_windows_v2.npz,12d375d38ba1ba670607582eabc45de4741f1b08b7cb1d06125900938c6b9168,60eaa0f1314053ddb38a4ba023908d80d92889250274637706176f90b4485c4c,83,160,,2,balanced_subsample,42,340794,31.487,cpu
415637,placebo,123,primary,placebo_0p30_cseed415637,e18_v1,journal/models/generator_extension/rf_placebo_0p30_cseed415637_e18_v1_seed123.joblib,87ff5ed9f0dc51c2bf9b407907e2d2b4375f1656e6d963c88a3b4f88bddba45f,journal/datasets/synthetic/e16_placebo_cseed415637_windows_v2.npz,12d375d38ba1ba670607582eabc45de4741f1b08b7cb1d06125900938c6b9168,ea399358a29d6152749b8c64658c1a834368dbd96a85027516a8e7ee44230f8b,83,160,,2,balanced_subsample,123,340794,31.461,cpu
415637,placebo,2026,primary,placebo_0p30_cseed415637,e18_v1,journal/models/generator_extension/rf_placebo_0p30_cseed415637_e18_v1_seed2026.joblib,2d6b0e430d88e17e3a462857cb395316d6a00b82bbd2e08f252638c3ca240ee2,journal/datasets/synthetic/e16_placebo_cseed415637_windows_v2.npz,12d375d38ba1ba670607582eabc45de4741f1b08b7cb1d06125900938c6b9168,a8c7b7058569c5f4df77ddc4f4fc837839d24168ee1d52f7a9033ebc35530f2d,83,160,,2,balanced_subsample,2026,340794,30.641,cpu
415637,placebo,3407,primary,placebo_0p30_cseed415637,e18_v1,journal/models/generator_extension/rf_placebo_0p30_cseed415637_e18_v1_seed3407.joblib,8ae20423398a58c84b2d00e8b81f5c71f249046f5d08d8053f8ede8675b9ed5e,journal/datasets/synthetic/e16_placebo_cseed415637_windows_v2.npz,12d375d38ba1ba670607582eabc45de4741f1b08b7cb1d06125900938c6b9168,e2c2b0bd1ae98e843a32b5088eee60d53eef4e142b7ea99d13856ddb7d0f6d16,83,160,,2,balanced_subsample,3407,340794,30.944,cpu
748203,rule,7,primary,rule_0p30_cseed748203,e18_v1,journal/models/generator_extension/rf_rule_0p30_cseed748203_e18_v1_seed7.joblib,5ad39cf9611458a3d0b615c3b3137e7518b0128608743977ecf24a7e01a45eb2,journal/datasets/synthetic/e16_rule_cseed748203_windows_v2.npz,d331c05fab2e012d95cd453e2b03310cf86776206891f8048c69a30c1e84a619,f69ad9da49fb248258dcbdbba9933d3034f7aee341d9371dc59ea08b6bb7d8b0,83,160,,2,balanced_subsample,7,340794,30.416,cpu
748203,rule,42,primary,rule_0p30_cseed748203,e18_v1,journal/models/generator_extension/rf_rule_0p30_cseed748203_e18_v1_seed42.joblib,c46edcbbca047b888d4d9291b756641dd8f0d6bc694a5b741308d17e82c5c555,journal/datasets/synthetic/e16_rule_cseed748203_windows_v2.npz,d331c05fab2e012d95cd453e2b03310cf86776206891f8048c69a30c1e84a619,fcc7b46d421dceb6286d927c200c5881342d9c3a7d69a20a2f4706aa0020cdc0,83,160,,2,balanced_subsample,42,340794,30.587,cpu
748203,rule,123,primary,rule_0p30_cseed748203,e18_v1,journal/models/generator_extension/rf_rule_0p30_cseed748203_e18_v1_seed123.joblib,30cef4ee4c4cea314535607b21190e3d52014a069f6de6ccb2c23d998fc30996,journal/datasets/synthetic/e16_rule_cseed748203_windows_v2.npz,d331c05fab2e012d95cd453e2b03310cf86776206891f8048c69a30c1e84a619,bd70649c5d1520fd91ad997856819485291ca2b6267a831a2a762de7d78b89f2,83,160,,2,balanced_subsample,123,340794,30.944,cpu
748203,rule,2026,primary,rule_0p30_cseed748203,e18_v1,journal/models/generator_extension/rf_rule_0p30_cseed748203_e18_v1_seed2026.joblib,2ef5690327d3d165e0a913da47741304b92b71f86f140306b759d6cc980d649f,journal/datasets/synthetic/e16_rule_cseed748203_windows_v2.npz,d331c05fab2e012d95cd453e2b03310cf86776206891f8048c69a30c1e84a619,c8e69efc8a7b0734d500b6e28c976867b5f7554f3fb26da050c7aa9584ca8edb,83,160,,2,balanced_subsample,2026,340794,30.68,cpu
748203,rule,3407,primary,rule_0p30_cseed748203,e18_v1,journal/models/generator_extension/rf_rule_0p30_cseed748203_e18_v1_seed3407.joblib,4409cd717e1387d4c14a4dbd0f76eb26593c51105148d215892afaa9f3f95c62,journal/datasets/synthetic/e16_rule_cseed748203_windows_v2.npz,d331c05fab2e012d95cd453e2b03310cf86776206891f8048c69a30c1e84a619,f0af597d9feea9873934266e52f4a663a57d51b9c052868a218785bdc5902c20,83,160,,2,balanced_subsample,3407,340794,31.37,cpu
748203,placebo,7,primary,placebo_0p30_cseed748203,e18_v1,journal/models/generator_extension/rf_placebo_0p30_cseed748203_e18_v1_seed7.joblib,b7a3dc429d298a64da4e05cb098be46c5b9ae5a8332482f7feef0fecdb201deb,journal/datasets/synthetic/e16_placebo_cseed748203_windows_v2.npz,adbdeb7553c6f6ea1e41d51f5302ea7edfdfe41ac239b73319680d0479d18b70,f69ad9da49fb248258dcbdbba9933d3034f7aee341d9371dc59ea08b6bb7d8b0,83,160,,2,balanced_subsample,7,340794,29.852,cpu
748203,placebo,42,primary,placebo_0p30_cseed748203,e18_v1,journal/models/generator_extension/rf_placebo_0p30_cseed748203_e18_v1_seed42.joblib,1cc5cc46230d51793e38e75cedefd775fcf003bc81db47afb9feae955234f9f4,journal/datasets/synthetic/e16_placebo_cseed748203_windows_v2.npz,adbdeb7553c6f6ea1e41d51f5302ea7edfdfe41ac239b73319680d0479d18b70,fcc7b46d421dceb6286d927c200c5881342d9c3a7d69a20a2f4706aa0020cdc0,83,160,,2,balanced_subsample,42,340794,30.547,cpu
748203,placebo,123,primary,placebo_0p30_cseed748203,e18_v1,journal/models/generator_extension/rf_placebo_0p30_cseed748203_e18_v1_seed123.joblib,829e76c09c920c846c8fc20289354b55614277506284f7f0ced00969f6f6267f,journal/datasets/synthetic/e16_placebo_cseed748203_windows_v2.npz,adbdeb7553c6f6ea1e41d51f5302ea7edfdfe41ac239b73319680d0479d18b70,bd70649c5d1520fd91ad997856819485291ca2b6267a831a2a762de7d78b89f2,83,160,,2,balanced_subsample,123,340794,30.335,cpu
748203,placebo,2026,primary,placebo_0p30_cseed748203,e18_v1,journal/models/generator_extension/rf_placebo_0p30_cseed748203_e18_v1_seed2026.joblib,f2cf4b23afda134bab769bebce64cc697e4a27e25a9a29af18b10ee312cde6f1,journal/datasets/synthetic/e16_placebo_cseed748203_windows_v2.npz,adbdeb7553c6f6ea1e41d51f5302ea7edfdfe41ac239b73319680d0479d18b70,c8e69efc8a7b0734d500b6e28c976867b5f7554f3fb26da050c7aa9584ca8edb,83,160,,2,balanced_subsample,2026,340794,31.496,cpu
748203,placebo,3407,primary,placebo_0p30_cseed748203,e18_v1,journal/models/generator_extension/rf_placebo_0p30_cseed748203_e18_v1_seed3407.joblib,2bd255b173d05ad4bb393c36844000af8052b90e736318d609821bad1fb6ee67,journal/datasets/synthetic/e16_placebo_cseed748203_windows_v2.npz,adbdeb7553c6f6ea1e41d51f5302ea7edfdfe41ac239b73319680d0479d18b70,f0af597d9feea9873934266e52f4a663a57d51b9c052868a218785bdc5902c20,83,160,,2,balanced_subsample,3407,340794,30.345,cpu
560657,rule,7,primary,rule_0p30_cseed560657,e18_v1,journal/models/generator_extension/rf_rule_0p30_cseed560657_e18_v1_seed7.joblib,3ae2080d8d873209fb4f0148a251ec953c9d44031f6e8fa483e63374f42b452c,journal/datasets/synthetic/e16_rule_cseed560657_windows_v2.npz,01043433964f5e46764c88ac9843325af1f7b2df75e7c80e8935414008ef7a77,7be78eefa6491708f2966b3d37783e7abb33b2b3ff6c014e9d76d748a5b07268,83,160,,2,balanced_subsample,7,340794,30.252,cpu
560657,rule,42,primary,rule_0p30_cseed560657,e18_v1,journal/models/generator_extension/rf_rule_0p30_cseed560657_e18_v1_seed42.joblib,5ed94b28848e05767a9f15f4de8a2c7a59f0236c7ed1bf66f1cfd35293db0552,journal/datasets/synthetic/e16_rule_cseed560657_windows_v2.npz,01043433964f5e46764c88ac9843325af1f7b2df75e7c80e8935414008ef7a77,a26f3d92767a62a52084755172627d9726b89a71e82e6dc02c59da3d5e6d0a73,83,160,,2,balanced_subsample,42,340794,30.365,cpu
560657,rule,123,primary,rule_0p30_cseed560657,e18_v1,journal/models/generator_extension/rf_rule_0p30_cseed560657_e18_v1_seed123.joblib,342fee7cc07bc8e311aecc53fb06441bfa3eb5065669517e84123d9dc98b6361,journal/datasets/synthetic/e16_rule_cseed560657_windows_v2.npz,01043433964f5e46764c88ac9843325af1f7b2df75e7c80e8935414008ef7a77,a7671ecf7005c1978b76bdd28372bb7a795c507520f958477027c4fbf5e51597,83,160,,2,balanced_subsample,123,340794,30.453,cpu
560657,rule,2026,primary,rule_0p30_cseed560657,e18_v1,journal/models/generator_extension/rf_rule_0p30_cseed560657_e18_v1_seed2026.joblib,949b0efb92e9a340a7a558bfb02a6c990b81e5850961d2acfb79bf9ae59026d3,journal/datasets/synthetic/e16_rule_cseed560657_windows_v2.npz,01043433964f5e46764c88ac9843325af1f7b2df75e7c80e8935414008ef7a77,260fbdc92bd80cd4723a1d271262e5576796a292134a481e721281713dcf55da,83,160,,2,balanced_subsample,2026,340794,30.664,cpu
560657,rule,3407,primary,rule_0p30_cseed560657,e18_v1,journal/models/generator_extension/rf_rule_0p30_cseed560657_e18_v1_seed3407.joblib,1ac34860c70eba9e484ef608b3ad84a8d169cd7a01023fa8ba018d07449e144e,journal/datasets/synthetic/e16_rule_cseed560657_windows_v2.npz,01043433964f5e46764c88ac9843325af1f7b2df75e7c80e8935414008ef7a77,eb283f789174957248c1bc68c1fdee7367fa3848ae3684203fafb4170d0faffb,83,160,,2,balanced_subsample,3407,340794,30.864,cpu
560657,placebo,7,primary,placebo_0p30_cseed560657,e18_v1,journal/models/generator_extension/rf_placebo_0p30_cseed560657_e18_v1_seed7.joblib,9bf66dd61ee17d2be4c84e7dfb63d4927b27ce6e861afcd1a09d3c513b933a78,journal/datasets/synthetic/e16_placebo_cseed560657_windows_v2.npz,793770af5d1952fb72af7a7c61c388245ab85b0c8a7b43bd303968f54d07e02e,7be78eefa6491708f2966b3d37783e7abb33b2b3ff6c014e9d76d748a5b07268,83,160,,2,balanced_subsample,7,340794,30.578,cpu
560657,placebo,42,primary,placebo_0p30_cseed560657,e18_v1,journal/models/generator_extension/rf_placebo_0p30_cseed560657_e18_v1_seed42.joblib,765617b100a7aaf921b34b6aba4310d2af8669402b9b5c48369ccee07b34de28,journal/datasets/synthetic/e16_placebo_cseed560657_windows_v2.npz,793770af5d1952fb72af7a7c61c388245ab85b0c8a7b43bd303968f54d07e02e,a26f3d92767a62a52084755172627d9726b89a71e82e6dc02c59da3d5e6d0a73,83,160,,2,balanced_subsample,42,340794,29.561,cpu
560657,placebo,123,primary,placebo_0p30_cseed560657,e18_v1,journal/models/generator_extension/rf_placebo_0p30_cseed560657_e18_v1_seed123.joblib,61031554f0ca93366becd723e812197c05ba46938338a1aaf2629ec178d92037,journal/datasets/synthetic/e16_placebo_cseed560657_windows_v2.npz,793770af5d1952fb72af7a7c61c388245ab85b0c8a7b43bd303968f54d07e02e,a7671ecf7005c1978b76bdd28372bb7a795c507520f958477027c4fbf5e51597,83,160,,2,balanced_subsample,123,340794,30.402,cpu
560657,placebo,2026,primary,placebo_0p30_cseed560657,e18_v1,journal/models/generator_extension/rf_placebo_0p30_cseed560657_e18_v1_seed2026.joblib,bf87638a4547342ae8b975b8d096bbc624f4260d0eb9615bce17156787a18903,journal/datasets/synthetic/e16_placebo_cseed560657_windows_v2.npz,793770af5d1952fb72af7a7c61c388245ab85b0c8a7b43bd303968f54d07e02e,260fbdc92bd80cd4723a1d271262e5576796a292134a481e721281713dcf55da,83,160,,2,balanced_subsample,2026,340794,30.689,cpu
560657,placebo,3407,primary,placebo_0p30_cseed560657,e18_v1,journal/models/generator_extension/rf_placebo_0p30_cseed560657_e18_v1_seed3407.joblib,09d7f78fe3594ffe1f0707cc447f26a3a05b48bb0a11b7968ac89b24e855cbed,journal/datasets/synthetic/e16_placebo_cseed560657_windows_v2.npz,793770af5d1952fb72af7a7c61c388245ab85b0c8a7b43bd303968f54d07e02e,eb283f789174957248c1bc68c1fdee7367fa3848ae3684203fafb4170d0faffb,83,160,,2,balanced_subsample,3407,340794,31.167,cpu
459336,rule,7,primary,rule_0p30_cseed459336,e18_v1,journal/models/generator_extension/rf_rule_0p30_cseed459336_e18_v1_seed7.joblib,5aa0ebf5590903028a3a96555957629961e8bbed7a3338420c1f84e3a5ea65f3,journal/datasets/synthetic/e16_rule_cseed459336_windows_v2.npz,02e2afac29ed9452573aa06f9432c8cf97ae9427eefc753ea007b2d30058feea,dee8eede3f2eac650bed831cf77ae95e26675f41c0f87683744f27fefc733c45,83,160,,2,balanced_subsample,7,340794,30.222,cpu
459336,rule,42,primary,rule_0p30_cseed459336,e18_v1,journal/models/generator_extension/rf_rule_0p30_cseed459336_e18_v1_seed42.joblib,f973b1a78c857c98a81110dd11fe2dd393e0436dc4d6194fae1a24288683ddb1,journal/datasets/synthetic/e16_rule_cseed459336_windows_v2.npz,02e2afac29ed9452573aa06f9432c8cf97ae9427eefc753ea007b2d30058feea,f48d53777751f5c5059f75032abba72a661cf0e168b8f8dbc8d92f096386b3ba,83,160,,2,balanced_subsample,42,340794,30.324,cpu
459336,rule,123,primary,rule_0p30_cseed459336,e18_v1,journal/models/generator_extension/rf_rule_0p30_cseed459336_e18_v1_seed123.joblib,db9cac864a38db8616a98bbe1648215ad465809237f84e83a67004428dad5f2c,journal/datasets/synthetic/e16_rule_cseed459336_windows_v2.npz,02e2afac29ed9452573aa06f9432c8cf97ae9427eefc753ea007b2d30058feea,6c7444256dd87bfc8d459e0f830f59e51a1d16278bc1b22173518d7feef5494e,83,160,,2,balanced_subsample,123,340794,30.688,cpu
459336,rule,2026,primary,rule_0p30_cseed459336,e18_v1,journal/models/generator_extension/rf_rule_0p30_cseed459336_e18_v1_seed2026.joblib,d809b3cb45b77fe5ac6cabf7b9d52d3aa82debcc83d19162968966270463cb34,journal/datasets/synthetic/e16_rule_cseed459336_windows_v2.npz,02e2afac29ed9452573aa06f9432c8cf97ae9427eefc753ea007b2d30058feea,f02b8644c30fee07b3c1448cb0506645a52c8086cdd3937e8f9fbe9f1a5140f1,83,160,,2,balanced_subsample,2026,340794,32.269,cpu
459336,rule,3407,primary,rule_0p30_cseed459336,e18_v1,journal/models/generator_extension/rf_rule_0p30_cseed459336_e18_v1_seed3407.joblib,41331af30af0e5028a6663da4fa7d76088b603450c6efc8a0151632c4c8073ed,journal/datasets/synthetic/e16_rule_cseed459336_windows_v2.npz,02e2afac29ed9452573aa06f9432c8cf97ae9427eefc753ea007b2d30058feea,2d85cfdb874a7a1f689a6d0f98af06bff7a510f55433ba745ded068c90d77938,83,160,,2,balanced_subsample,3407,340794,31.062,cpu
459336,placebo,7,primary,placebo_0p30_cseed459336,e18_v1,journal/models/generator_extension/rf_placebo_0p30_cseed459336_e18_v1_seed7.joblib,870bf65f17cd6675695df6bccb46eabdb82fe322c57597d2771f78cbafd3c779,journal/datasets/synthetic/e16_placebo_cseed459336_windows_v2.npz,e5feee61cf40518dd6e33ba74916658625570aae9ec09a160d4f9d81f74a42f2,dee8eede3f2eac650bed831cf77ae95e26675f41c0f87683744f27fefc733c45,83,160,,2,balanced_subsample,7,340794,30.984,cpu
459336,placebo,42,primary,placebo_0p30_cseed459336,e18_v1,journal/models/generator_extension/rf_placebo_0p30_cseed459336_e18_v1_seed42.joblib,026e5ffe23ffe2133aa127c03902f1c6db85388be3fe8eef53c186b240da73bb,journal/datasets/synthetic/e16_placebo_cseed459336_windows_v2.npz,e5feee61cf40518dd6e33ba74916658625570aae9ec09a160d4f9d81f74a42f2,f48d53777751f5c5059f75032abba72a661cf0e168b8f8dbc8d92f096386b3ba,83,160,,2,balanced_subsample,42,340794,31.829,cpu
459336,placebo,123,primary,placebo_0p30_cseed459336,e18_v1,journal/models/generator_extension/rf_placebo_0p30_cseed459336_e18_v1_seed123.joblib,5dddaaa3c8b3f967de310339315f29992d7ae3e309772f037e65cc06ba702c55,journal/datasets/synthetic/e16_placebo_cseed459336_windows_v2.npz,e5feee61cf40518dd6e33ba74916658625570aae9ec09a160d4f9d81f74a42f2,6c7444256dd87bfc8d459e0f830f59e51a1d16278bc1b22173518d7feef5494e,83,160,,2,balanced_subsample,123,340794,31.183,cpu
459336,placebo,2026,primary,placebo_0p30_cseed459336,e18_v1,journal/models/generator_extension/rf_placebo_0p30_cseed459336_e18_v1_seed2026.joblib,cdc8d0a2ffcad05214c3cefa91685f26166ce8b2397ff3f65d258f66aa64bed0,journal/datasets/synthetic/e16_placebo_cseed459336_windows_v2.npz,e5feee61cf40518dd6e33ba74916658625570aae9ec09a160d4f9d81f74a42f2,f02b8644c30fee07b3c1448cb0506645a52c8086cdd3937e8f9fbe9f1a5140f1,83,160,,2,balanced_subsample,2026,340794,32.091,cpu
459336,placebo,3407,primary,placebo_0p30_cseed459336,e18_v1,journal/models/generator_extension/rf_placebo_0p30_cseed459336_e18_v1_seed3407.joblib,ed490e68e963817af583f03e109b43f2211925369ce3b34792e35c4d48f19aa0,journal/datasets/synthetic/e16_placebo_cseed459336_windows_v2.npz,e5feee61cf40518dd6e33ba74916658625570aae9ec09a160d4f9d81f74a42f2,2d85cfdb874a7a1f689a6d0f98af06bff7a510f55433ba745ded068c90d77938,83,160,,2,balanced_subsample,3407,340794,30.707,cpu
457191,rule,7,primary,rule_0p30_cseed457191,e18_v1,journal/models/generator_extension/rf_rule_0p30_cseed457191_e18_v1_seed7.joblib,90090d3c066ceef1da018b17feaaf69c18a5622df1ee2fa79990132ff7bfe393,journal/datasets/synthetic/e16_rule_cseed457191_windows_v2.npz,73a7d56be0357cbf8beede334a3796ec27b70c9508eb95b9e823f8f9d81af3c7,6c1c158e4d4411adef2671ab0aa53eefc4c1c2e6e2b9f5501600b2cb9ac3d2be,83,160,,2,balanced_subsample,7,340794,30.639,cpu
457191,rule,42,primary,rule_0p30_cseed457191,e18_v1,journal/models/generator_extension/rf_rule_0p30_cseed457191_e18_v1_seed42.joblib,4421a7662b5eb929985f3d238e806422e3c1d2d96f93e8fe39a08c6fd4acb7e3,journal/datasets/synthetic/e16_rule_cseed457191_windows_v2.npz,73a7d56be0357cbf8beede334a3796ec27b70c9508eb95b9e823f8f9d81af3c7,5d3b2e701d3284069f6e4aa69596c666685143b1a7876e450cd0fb4e1725a4a4,83,160,,2,balanced_subsample,42,340794,30.268,cpu
457191,rule,123,primary,rule_0p30_cseed457191,e18_v1,journal/models/generator_extension/rf_rule_0p30_cseed457191_e18_v1_seed123.joblib,ff082fc6f246e48be2bbfaa211f9a7864bdd283c1e644cf6f1f620cb8c923d3f,journal/datasets/synthetic/e16_rule_cseed457191_windows_v2.npz,73a7d56be0357cbf8beede334a3796ec27b70c9508eb95b9e823f8f9d81af3c7,5b6dd3a045e7a076ab5dddbd981d530a4d16c4bd612bf4502227a2354108e3bd,83,160,,2,balanced_subsample,123,340794,31.221,cpu
457191,rule,2026,primary,rule_0p30_cseed457191,e18_v1,journal/models/generator_extension/rf_rule_0p30_cseed457191_e18_v1_seed2026.joblib,6fd50697ca69eb47f8333a4f8855fec175b5f991f2503adf0b747a6b8aea7b67,journal/datasets/synthetic/e16_rule_cseed457191_windows_v2.npz,73a7d56be0357cbf8beede334a3796ec27b70c9508eb95b9e823f8f9d81af3c7,ce5afcff50163d309452691e5c6403844dd2097e72a583a428800d50e96aad78,83,160,,2,balanced_subsample,2026,340794,30.471,cpu
457191,rule,3407,primary,rule_0p30_cseed457191,e18_v1,journal/models/generator_extension/rf_rule_0p30_cseed457191_e18_v1_seed3407.joblib,ec018b03d91905ceb228d41c539fd940b2438b1b30c35479fc07623066a82adb,journal/datasets/synthetic/e16_rule_cseed457191_windows_v2.npz,73a7d56be0357cbf8beede334a3796ec27b70c9508eb95b9e823f8f9d81af3c7,5594d2f0e730edfb675e9c98d1fd8686157d084054966207df04f67498331a1c,83,160,,2,balanced_subsample,3407,340794,30.711,cpu
457191,placebo,7,primary,placebo_0p30_cseed457191,e18_v1,journal/models/generator_extension/rf_placebo_0p30_cseed457191_e18_v1_seed7.joblib,9a956c095aede575ea334deb2cd34c31d087b215a878eecf07b2e76e28b80b35,journal/datasets/synthetic/e16_placebo_cseed457191_windows_v2.npz,ec7d50d18f45708b48a5f18029e2d9b1df80861bdd8e03f7708f51bf9b730a8d,6c1c158e4d4411adef2671ab0aa53eefc4c1c2e6e2b9f5501600b2cb9ac3d2be,83,160,,2,balanced_subsample,7,340794,30.553,cpu
457191,placebo,42,primary,placebo_0p30_cseed457191,e18_v1,journal/models/generator_extension/rf_placebo_0p30_cseed457191_e18_v1_seed42.joblib,fc2c8d153b4260d8308947af51f42765507abc3a49126e85fba06eefe205c698,journal/datasets/synthetic/e16_placebo_cseed457191_windows_v2.npz,ec7d50d18f45708b48a5f18029e2d9b1df80861bdd8e03f7708f51bf9b730a8d,5d3b2e701d3284069f6e4aa69596c666685143b1a7876e450cd0fb4e1725a4a4,83,160,,2,balanced_subsample,42,340794,30.536,cpu
457191,placebo,123,primary,placebo_0p30_cseed457191,e18_v1,journal/models/generator_extension/rf_placebo_0p30_cseed457191_e18_v1_seed123.joblib,d0f7d93ef6019350593fe735a8a148505ae6bd161f68a869df9fb1fe9009d1ba,journal/datasets/synthetic/e16_placebo_cseed457191_windows_v2.npz,ec7d50d18f45708b48a5f18029e2d9b1df80861bdd8e03f7708f51bf9b730a8d,5b6dd3a045e7a076ab5dddbd981d530a4d16c4bd612bf4502227a2354108e3bd,83,160,,2,balanced_subsample,123,340794,30.841,cpu
457191,placebo,2026,primary,placebo_0p30_cseed457191,e18_v1,journal/models/generator_extension/rf_placebo_0p30_cseed457191_e18_v1_seed2026.joblib,0f37a1752e9426fa3e1297257791a692df6129aa719b2e5ee2c6e907843e0e2a,journal/datasets/synthetic/e16_placebo_cseed457191_windows_v2.npz,ec7d50d18f45708b48a5f18029e2d9b1df80861bdd8e03f7708f51bf9b730a8d,ce5afcff50163d309452691e5c6403844dd2097e72a583a428800d50e96aad78,83,160,,2,balanced_subsample,2026,340794,30.737,cpu
457191,placebo,3407,primary,placebo_0p30_cseed457191,e18_v1,journal/models/generator_extension/rf_placebo_0p30_cseed457191_e18_v1_seed3407.joblib,37b5ffa2b163139b59e8a9bda0d5165f281be7f98ef6d173be8bbc467518bf8f,journal/datasets/synthetic/e16_placebo_cseed457191_windows_v2.npz,ec7d50d18f45708b48a5f18029e2d9b1df80861bdd8e03f7708f51bf9b730a8d,5594d2f0e730edfb675e9c98d1fd8686157d084054966207df04f67498331a1c,83,160,,2,balanced_subsample,3407,340794,29.959,cpu
999191,rule,7,primary,rule_0p30_cseed999191,e18_v1,journal/models/generator_extension/rf_rule_0p30_cseed999191_e18_v1_seed7.joblib,d918e9d7a59050ffc9a509f89f7cb7ea5c892e8d305c94e80689716713f48ce5,journal/datasets/synthetic/e16_rule_cseed999191_windows_v2.npz,1c96db50be6ae47931c4dc853b6ab61c2c64042c9f2ebfd6ca02adf020d3cc9a,d0b1f7f007456cff62e6ceecb3ad90d55429499e9be91cc0bb1ee110ca368ff4,83,160,,2,balanced_subsample,7,340794,30.499,cpu
999191,rule,42,primary,rule_0p30_cseed999191,e18_v1,journal/models/generator_extension/rf_rule_0p30_cseed999191_e18_v1_seed42.joblib,a5c6a2c871a9d20a8b0f585d9719a8be2876ec0ff3d1d2a9cc463a5feba3b95c,journal/datasets/synthetic/e16_rule_cseed999191_windows_v2.npz,1c96db50be6ae47931c4dc853b6ab61c2c64042c9f2ebfd6ca02adf020d3cc9a,59d9e22be4de24d2798b9e32094c1fa944a31e36699c78ebc7b35e6b215fe3ec,83,160,,2,balanced_subsample,42,340794,30.009,cpu
999191,rule,123,primary,rule_0p30_cseed999191,e18_v1,journal/models/generator_extension/rf_rule_0p30_cseed999191_e18_v1_seed123.joblib,72edd8a6699168763b1e0a20f8f7bec4497e0b0920a28f8cf5c19c5760d395be,journal/datasets/synthetic/e16_rule_cseed999191_windows_v2.npz,1c96db50be6ae47931c4dc853b6ab61c2c64042c9f2ebfd6ca02adf020d3cc9a,be695016520c076084639fb9b5ceedb86f5ddf98b9e89aa940ff35586133e6f2,83,160,,2,balanced_subsample,123,340794,30.199,cpu
999191,rule,2026,primary,rule_0p30_cseed999191,e18_v1,journal/models/generator_extension/rf_rule_0p30_cseed999191_e18_v1_seed2026.joblib,b7d85f00b1b91b14adac784697887fd85457bd4cd751093ce4a66febf50dd958,journal/datasets/synthetic/e16_rule_cseed999191_windows_v2.npz,1c96db50be6ae47931c4dc853b6ab61c2c64042c9f2ebfd6ca02adf020d3cc9a,da8b9a12427bcac6953b8f6601a5cf28ead70636c26376cc084c4d59ed5484a9,83,160,,2,balanced_subsample,2026,340794,30.247,cpu
999191,rule,3407,primary,rule_0p30_cseed999191,e18_v1,journal/models/generator_extension/rf_rule_0p30_cseed999191_e18_v1_seed3407.joblib,5a7ff26e0c5b6f4f576197c88f493cd05e18d9afb44aedcc45bc0cea07f52b8a,journal/datasets/synthetic/e16_rule_cseed999191_windows_v2.npz,1c96db50be6ae47931c4dc853b6ab61c2c64042c9f2ebfd6ca02adf020d3cc9a,01e2b8a308adfc91a91848bd6f1a1cbe83208b761d458d5e001e702b78213c49,83,160,,2,balanced_subsample,3407,340794,30.589,cpu
999191,placebo,7,primary,placebo_0p30_cseed999191,e18_v1,journal/models/generator_extension/rf_placebo_0p30_cseed999191_e18_v1_seed7.joblib,934587a562ac8b224ee8f50859b7f47195df2a6c4c810f36525c22a6f1d029d5,journal/datasets/synthetic/e16_placebo_cseed999191_windows_v2.npz,79a79e0a4d93cba04829bd517f86cd2a9c5066e4285bd4c358e2bc36af775a04,d0b1f7f007456cff62e6ceecb3ad90d55429499e9be91cc0bb1ee110ca368ff4,83,160,,2,balanced_subsample,7,340794,29.792,cpu
999191,placebo,42,primary,placebo_0p30_cseed999191,e18_v1,journal/models/generator_extension/rf_placebo_0p30_cseed999191_e18_v1_seed42.joblib,b0de3eff43dc0018b2a285db49036255916452870c1dadad2681da308e383020,journal/datasets/synthetic/e16_placebo_cseed999191_windows_v2.npz,79a79e0a4d93cba04829bd517f86cd2a9c5066e4285bd4c358e2bc36af775a04,59d9e22be4de24d2798b9e32094c1fa944a31e36699c78ebc7b35e6b215fe3ec,83,160,,2,balanced_subsample,42,340794,30.385,cpu
999191,placebo,123,primary,placebo_0p30_cseed999191,e18_v1,journal/models/generator_extension/rf_placebo_0p30_cseed999191_e18_v1_seed123.joblib,fcd02532a53416aa39605517fe83a48a5694c32cb96ed5c76d8bb1d5326e4736,journal/datasets/synthetic/e16_placebo_cseed999191_windows_v2.npz,79a79e0a4d93cba04829bd517f86cd2a9c5066e4285bd4c358e2bc36af775a04,be695016520c076084639fb9b5ceedb86f5ddf98b9e89aa940ff35586133e6f2,83,160,,2,balanced_subsample,123,340794,30.431,cpu
999191,placebo,2026,primary,placebo_0p30_cseed999191,e18_v1,journal/models/generator_extension/rf_placebo_0p30_cseed999191_e18_v1_seed2026.joblib,6089ce947bda2b7133cf49efd60a81298eae7956b7c7072f1fe94153cc2996c7,journal/datasets/synthetic/e16_placebo_cseed999191_windows_v2.npz,79a79e0a4d93cba04829bd517f86cd2a9c5066e4285bd4c358e2bc36af775a04,da8b9a12427bcac6953b8f6601a5cf28ead70636c26376cc084c4d59ed5484a9,83,160,,2,balanced_subsample,2026,340794,30.368,cpu
999191,placebo,3407,primary,placebo_0p30_cseed999191,e18_v1,journal/models/generator_extension/rf_placebo_0p30_cseed999191_e18_v1_seed3407.joblib,79b25991ff2712b73165e8faa75f005fc7f9f41cb100a0d6f9e617f12093e696,journal/datasets/synthetic/e16_placebo_cseed999191_windows_v2.npz,79a79e0a4d93cba04829bd517f86cd2a9c5066e4285bd4c358e2bc36af775a04,01e2b8a308adfc91a91848bd6f1a1cbe83208b761d458d5e001e702b78213c49,83,160,,2,balanced_subsample,3407,340794,30.077,cpu
715822,rule,7,primary,rule_0p30_cseed715822,e18_v1,journal/models/generator_extension/rf_rule_0p30_cseed715822_e18_v1_seed7.joblib,06a992ea93a89524262c22498f55485c5b9e12f9bdd0332512a8976d6a5d1dab,journal/datasets/synthetic/e16_rule_cseed715822_windows_v2.npz,0c885be27f4c434d2cadc8397e01350fadce333b7bb247574209ccf05d2e9265,65bdb4e9a5ba188436233c10386536847aea9a1d1a3ed143fbf58e0a923988cf,83,160,,2,balanced_subsample,7,340794,30.201,cpu
715822,rule,42,primary,rule_0p30_cseed715822,e18_v1,journal/models/generator_extension/rf_rule_0p30_cseed715822_e18_v1_seed42.joblib,d8afaa697ab5a2a425d3eda75341bf7bb990fd9a811577127d732335166ac779,journal/datasets/synthetic/e16_rule_cseed715822_windows_v2.npz,0c885be27f4c434d2cadc8397e01350fadce333b7bb247574209ccf05d2e9265,00e7ace348b166fc3d6d42a2d2e431b168526a0d1c0a3e93dc394bf98e1894e5,83,160,,2,balanced_subsample,42,340794,30.293,cpu
715822,rule,123,primary,rule_0p30_cseed715822,e18_v1,journal/models/generator_extension/rf_rule_0p30_cseed715822_e18_v1_seed123.joblib,28dd024a9089eefe6d61afefd98dc2a83191eebdd6c44db19d1f95bbb1037f7a,journal/datasets/synthetic/e16_rule_cseed715822_windows_v2.npz,0c885be27f4c434d2cadc8397e01350fadce333b7bb247574209ccf05d2e9265,1a7ad3e00caf833aa40a4f3e9736ad4f9b9d9e5d1280ae93f5d92159f0bcd82a,83,160,,2,balanced_subsample,123,340794,30.183,cpu
715822,rule,2026,primary,rule_0p30_cseed715822,e18_v1,journal/models/generator_extension/rf_rule_0p30_cseed715822_e18_v1_seed2026.joblib,0bb518407e5bbee9051af56d7a6857ec232ee892631b1545d469c34bcc983eb1,journal/datasets/synthetic/e16_rule_cseed715822_windows_v2.npz,0c885be27f4c434d2cadc8397e01350fadce333b7bb247574209ccf05d2e9265,6ffc9f2c01fe3849e59ac2ca27e74b621af64f7fb3e1daca660f0e41c99ad686,83,160,,2,balanced_subsample,2026,340794,30.186,cpu
715822,rule,3407,primary,rule_0p30_cseed715822,e18_v1,journal/models/generator_extension/rf_rule_0p30_cseed715822_e18_v1_seed3407.joblib,45c98f140c0544f5413fcf7e25c111032955d836a6bf607e581d6a97081b502f,journal/datasets/synthetic/e16_rule_cseed715822_windows_v2.npz,0c885be27f4c434d2cadc8397e01350fadce333b7bb247574209ccf05d2e9265,548699edb942e67879376fec33fd94fd517e31072f729f0634e8ace2165ac407,83,160,,2,balanced_subsample,3407,340794,30.211,cpu
715822,placebo,7,primary,placebo_0p30_cseed715822,e18_v1,journal/models/generator_extension/rf_placebo_0p30_cseed715822_e18_v1_seed7.joblib,e76a1c04a730691a7c1031629cb8ae3c5b1c26cc41ee2229541fe6619e691a02,journal/datasets/synthetic/e16_placebo_cseed715822_windows_v2.npz,37e1bd294adca4d1021121680cccd90cd443501cde8efa660a9198b5cf0704da,65bdb4e9a5ba188436233c10386536847aea9a1d1a3ed143fbf58e0a923988cf,83,160,,2,balanced_subsample,7,340794,30.081,cpu
715822,placebo,42,primary,placebo_0p30_cseed715822,e18_v1,journal/models/generator_extension/rf_placebo_0p30_cseed715822_e18_v1_seed42.joblib,29eb40e8cb381959e5dd2f23e13658205cb1fa385862b1817c484177e7411a71,journal/datasets/synthetic/e16_placebo_cseed715822_windows_v2.npz,37e1bd294adca4d1021121680cccd90cd443501cde8efa660a9198b5cf0704da,00e7ace348b166fc3d6d42a2d2e431b168526a0d1c0a3e93dc394bf98e1894e5,83,160,,2,balanced_subsample,42,340794,30.392,cpu
715822,placebo,123,primary,placebo_0p30_cseed715822,e18_v1,journal/models/generator_extension/rf_placebo_0p30_cseed715822_e18_v1_seed123.joblib,142eb470b999ed860136342f0c30e83ac3efb548e504c4c862b3799eabdd15e7,journal/datasets/synthetic/e16_placebo_cseed715822_windows_v2.npz,37e1bd294adca4d1021121680cccd90cd443501cde8efa660a9198b5cf0704da,1a7ad3e00caf833aa40a4f3e9736ad4f9b9d9e5d1280ae93f5d92159f0bcd82a,83,160,,2,balanced_subsample,123,340794,30.192,cpu
715822,placebo,2026,primary,placebo_0p30_cseed715822,e18_v1,journal/models/generator_extension/rf_placebo_0p30_cseed715822_e18_v1_seed2026.joblib,be269b4a03aa1b225acaeca82aeb6861566f01b1e38d275739b90c40185176ee,journal/datasets/synthetic/e16_placebo_cseed715822_windows_v2.npz,37e1bd294adca4d1021121680cccd90cd443501cde8efa660a9198b5cf0704da,6ffc9f2c01fe3849e59ac2ca27e74b621af64f7fb3e1daca660f0e41c99ad686,83,160,,2,balanced_subsample,2026,340794,30.685,cpu
715822,placebo,3407,primary,placebo_0p30_cseed715822,e18_v1,journal/models/generator_extension/rf_placebo_0p30_cseed715822_e18_v1_seed3407.joblib,8d32c1296fe511122ef787b1d6db8fe92cf40ee2412955a6b2bdd32e8abe81a0,journal/datasets/synthetic/e16_placebo_cseed715822_windows_v2.npz,37e1bd294adca4d1021121680cccd90cd443501cde8efa660a9198b5cf0704da,548699edb942e67879376fec33fd94fd517e31072f729f0634e8ace2165ac407,83,160,,2,balanced_subsample,3407,340794,30.596,cpu
298581,rule,7,primary,rule_0p30_cseed298581,e18_v1,journal/models/generator_extension/rf_rule_0p30_cseed298581_e18_v1_seed7.joblib,1df71b17b27779ad623957a4a5420ff9b1d397a6be6af5a03e57f444bdb93e97,journal/datasets/synthetic/e16_rule_cseed298581_windows_v2.npz,24d0dabf3c55389f6dd1cf5356e859cafaeb694ecb51fcff9c5b247392333f8c,aad7dad27a7ef6bf4a1aad97cc9320ef415fb9ccf774e5b05c3a37ffddf371c0,83,160,,2,balanced_subsample,7,340794,30.183,cpu
298581,rule,42,primary,rule_0p30_cseed298581,e18_v1,journal/models/generator_extension/rf_rule_0p30_cseed298581_e18_v1_seed42.joblib,da5ce6fcbbd471aab002f69a1accf7b32dcc899cf696d9ef657e289dcc9ea546,journal/datasets/synthetic/e16_rule_cseed298581_windows_v2.npz,24d0dabf3c55389f6dd1cf5356e859cafaeb694ecb51fcff9c5b247392333f8c,46ab4d6da5db14fe5d4ec8bd2f65ecdb80d7992f9191dd6303b612409524e525,83,160,,2,balanced_subsample,42,340794,30.463,cpu
298581,rule,123,primary,rule_0p30_cseed298581,e18_v1,journal/models/generator_extension/rf_rule_0p30_cseed298581_e18_v1_seed123.joblib,d5f716ee344a8bedefbf84f1fb4e06062cdc4f1100d90a5df82eeca71ed5ecf0,journal/datasets/synthetic/e16_rule_cseed298581_windows_v2.npz,24d0dabf3c55389f6dd1cf5356e859cafaeb694ecb51fcff9c5b247392333f8c,081e20b4ed707d92de5caea5f6708b11c74ffcaec8610ebf3bea968bcc67955b,83,160,,2,balanced_subsample,123,340794,31.078,cpu
298581,rule,2026,primary,rule_0p30_cseed298581,e18_v1,journal/models/generator_extension/rf_rule_0p30_cseed298581_e18_v1_seed2026.joblib,987880fb6e4043b0fd518718511a54d6b7ecf11dbf692c47e785285729805c51,journal/datasets/synthetic/e16_rule_cseed298581_windows_v2.npz,24d0dabf3c55389f6dd1cf5356e859cafaeb694ecb51fcff9c5b247392333f8c,992ea737a2fca5e81baea99fffdad94553440f1b697b7652ad8f97f5141ab702,83,160,,2,balanced_subsample,2026,340794,30.881,cpu
298581,rule,3407,primary,rule_0p30_cseed298581,e18_v1,journal/models/generator_extension/rf_rule_0p30_cseed298581_e18_v1_seed3407.joblib,da0bc6defbdb4ba7d11be5c031b4787acbe462a88bc5ccb0379788b3ad1876f4,journal/datasets/synthetic/e16_rule_cseed298581_windows_v2.npz,24d0dabf3c55389f6dd1cf5356e859cafaeb694ecb51fcff9c5b247392333f8c,11ea0c24b0d711073308cf6e8ab502d726f0774e29126adc46cc6f602274dc4b,83,160,,2,balanced_subsample,3407,340794,30.976,cpu
298581,placebo,7,primary,placebo_0p30_cseed298581,e18_v1,journal/models/generator_extension/rf_placebo_0p30_cseed298581_e18_v1_seed7.joblib,02ca1be5161cb4d51da9edd85285692fcb98b6b62021bc3623bc5e07e0df918b,journal/datasets/synthetic/e16_placebo_cseed298581_windows_v2.npz,44b138c66f932ff1ef164e7d5cbdcdd03ad7749ce364215cc546cc84619c7375,aad7dad27a7ef6bf4a1aad97cc9320ef415fb9ccf774e5b05c3a37ffddf371c0,83,160,,2,balanced_subsample,7,340794,31.232,cpu
298581,placebo,42,primary,placebo_0p30_cseed298581,e18_v1,journal/models/generator_extension/rf_placebo_0p30_cseed298581_e18_v1_seed42.joblib,c4a84c94dbf2efee094bf1a05d56586e702f188ce140f3b12d8dfe5f079efabb,journal/datasets/synthetic/e16_placebo_cseed298581_windows_v2.npz,44b138c66f932ff1ef164e7d5cbdcdd03ad7749ce364215cc546cc84619c7375,46ab4d6da5db14fe5d4ec8bd2f65ecdb80d7992f9191dd6303b612409524e525,83,160,,2,balanced_subsample,42,340794,30.523,cpu
298581,placebo,123,primary,placebo_0p30_cseed298581,e18_v1,journal/models/generator_extension/rf_placebo_0p30_cseed298581_e18_v1_seed123.joblib,5d4bcb9117b5075f9b0953af4cf77c5d1d92da248874010949abb49c8b66ffbc,journal/datasets/synthetic/e16_placebo_cseed298581_windows_v2.npz,44b138c66f932ff1ef164e7d5cbdcdd03ad7749ce364215cc546cc84619c7375,081e20b4ed707d92de5caea5f6708b11c74ffcaec8610ebf3bea968bcc67955b,83,160,,2,balanced_subsample,123,340794,30.806,cpu
298581,placebo,2026,primary,placebo_0p30_cseed298581,e18_v1,journal/models/generator_extension/rf_placebo_0p30_cseed298581_e18_v1_seed2026.joblib,99ae851b607ef3346e05e83dd105a12b1be022ad6f2bd79e91ffc55b9a303027,journal/datasets/synthetic/e16_placebo_cseed298581_windows_v2.npz,44b138c66f932ff1ef164e7d5cbdcdd03ad7749ce364215cc546cc84619c7375,992ea737a2fca5e81baea99fffdad94553440f1b697b7652ad8f97f5141ab702,83,160,,2,balanced_subsample,2026,340794,31.224,cpu
298581,placebo,3407,primary,placebo_0p30_cseed298581,e18_v1,journal/models/generator_extension/rf_placebo_0p30_cseed298581_e18_v1_seed3407.joblib,895832ef02ed262fd4d21c75cb7849c76742203c31c8228381013de9413edb32,journal/datasets/synthetic/e16_placebo_cseed298581_windows_v2.npz,44b138c66f932ff1ef164e7d5cbdcdd03ad7749ce364215cc546cc84619c7375,11ea0c24b0d711073308cf6e8ab502d726f0774e29126adc46cc6f602274dc4b,83,160,,2,balanced_subsample,3407,340794,30.692,cpu
922089,rule,7,primary,rule_0p30_cseed922089,e18_v1,journal/models/generator_extension/rf_rule_0p30_cseed922089_e18_v1_seed7.joblib,a4bd216a38e83162016f79b5d1c6b1e2eaa2d9e75a4ff127b09134cbd035fdf0,journal/datasets/synthetic/e16_rule_cseed922089_windows_v2.npz,e0c04b76ac99aeb1ed60dd91eb987a1dcac70996bff4f876c5c38934c930e5f3,8640282a78dbd35d9e2817f0f3a2a3ae9ef262d2e90742f467bc221fa3ca028b,83,160,,2,balanced_subsample,7,340794,30.482,cpu
922089,rule,42,primary,rule_0p30_cseed922089,e18_v1,journal/models/generator_extension/rf_rule_0p30_cseed922089_e18_v1_seed42.joblib,2802f0b0c830437a0a1d12af9c504c5e1808e912a705b86b8f3d2bf543d3eac3,journal/datasets/synthetic/e16_rule_cseed922089_windows_v2.npz,e0c04b76ac99aeb1ed60dd91eb987a1dcac70996bff4f876c5c38934c930e5f3,bf6d174c9012653e694a77b92a62be1c572843321b92f1e54e0f73fd0b73a9d0,83,160,,2,balanced_subsample,42,340794,31.036,cpu
922089,rule,123,primary,rule_0p30_cseed922089,e18_v1,journal/models/generator_extension/rf_rule_0p30_cseed922089_e18_v1_seed123.joblib,52a2010af1543c88ea7476e6dbe77f11d704749db1cd45151bbb6757e8900f67,journal/datasets/synthetic/e16_rule_cseed922089_windows_v2.npz,e0c04b76ac99aeb1ed60dd91eb987a1dcac70996bff4f876c5c38934c930e5f3,d87fe5b740ed776b92f6751d74a6b7dba7c1f1764a6c7456221b96555962449b,83,160,,2,balanced_subsample,123,340794,30.564,cpu
922089,rule,2026,primary,rule_0p30_cseed922089,e18_v1,journal/models/generator_extension/rf_rule_0p30_cseed922089_e18_v1_seed2026.joblib,10f2e2174aa9a80f38b0872f0a25c163043b0af70bf77368eaa39490ae482c51,journal/datasets/synthetic/e16_rule_cseed922089_windows_v2.npz,e0c04b76ac99aeb1ed60dd91eb987a1dcac70996bff4f876c5c38934c930e5f3,1b3e9e44b76909869e93cf0643bee5570d95be8a7cea6696b201b7b378b7af60,83,160,,2,balanced_subsample,2026,340794,30.997,cpu
922089,rule,3407,primary,rule_0p30_cseed922089,e18_v1,journal/models/generator_extension/rf_rule_0p30_cseed922089_e18_v1_seed3407.joblib,accc7fd6ce57a747cd8d9a0f8d1df364c8f25c73097b979333f60c47981e7d64,journal/datasets/synthetic/e16_rule_cseed922089_windows_v2.npz,e0c04b76ac99aeb1ed60dd91eb987a1dcac70996bff4f876c5c38934c930e5f3,89b247e1f42c692ef94e4df2f766c9c8db48f58638ed32e6e22f199cacebdef5,83,160,,2,balanced_subsample,3407,340794,30.289,cpu
922089,placebo,7,primary,placebo_0p30_cseed922089,e18_v1,journal/models/generator_extension/rf_placebo_0p30_cseed922089_e18_v1_seed7.joblib,eb303d37035e090fc7b92a89ad7f194e1d914adb4a8d4e76c34a84ca567b59cd,journal/datasets/synthetic/e16_placebo_cseed922089_windows_v2.npz,dfe94284a591cdab0573645f3ccf6e90e049669f6a888f20ddfeb921fe7d3db5,8640282a78dbd35d9e2817f0f3a2a3ae9ef262d2e90742f467bc221fa3ca028b,83,160,,2,balanced_subsample,7,340794,31.031,cpu
922089,placebo,42,primary,placebo_0p30_cseed922089,e18_v1,journal/models/generator_extension/rf_placebo_0p30_cseed922089_e18_v1_seed42.joblib,d82d133d05b1bc84e17a566d02ec04a8950d9f7397c4ef04f4ab5afff5f2d30e,journal/datasets/synthetic/e16_placebo_cseed922089_windows_v2.npz,dfe94284a591cdab0573645f3ccf6e90e049669f6a888f20ddfeb921fe7d3db5,bf6d174c9012653e694a77b92a62be1c572843321b92f1e54e0f73fd0b73a9d0,83,160,,2,balanced_subsample,42,340794,30.604,cpu
922089,placebo,123,primary,placebo_0p30_cseed922089,e18_v1,journal/models/generator_extension/rf_placebo_0p30_cseed922089_e18_v1_seed123.joblib,234ba94a1e2c6fb2f2fec6afdc62e6df18a9b5a273ffed6f4e8c3b087a72a28a,journal/datasets/synthetic/e16_placebo_cseed922089_windows_v2.npz,dfe94284a591cdab0573645f3ccf6e90e049669f6a888f20ddfeb921fe7d3db5,d87fe5b740ed776b92f6751d74a6b7dba7c1f1764a6c7456221b96555962449b,83,160,,2,balanced_subsample,123,340794,31.174,cpu
922089,placebo,2026,primary,placebo_0p30_cseed922089,e18_v1,journal/models/generator_extension/rf_placebo_0p30_cseed922089_e18_v1_seed2026.joblib,086985644b607a03fc0f22a45ae4535e0871f0a3d1be1b0a199c89abaefb5ac3,journal/datasets/synthetic/e16_placebo_cseed922089_windows_v2.npz,dfe94284a591cdab0573645f3ccf6e90e049669f6a888f20ddfeb921fe7d3db5,1b3e9e44b76909869e93cf0643bee5570d95be8a7cea6696b201b7b378b7af60,83,160,,2,balanced_subsample,2026,340794,33.098,cpu
922089,placebo,3407,primary,placebo_0p30_cseed922089,e18_v1,journal/models/generator_extension/rf_placebo_0p30_cseed922089_e18_v1_seed3407.joblib,908b1fff4df07017718c18715935432558e527918f9cdd66dc1d9721aad9131a,journal/datasets/synthetic/e16_placebo_cseed922089_windows_v2.npz,dfe94284a591cdab0573645f3ccf6e90e049669f6a888f20ddfeb921fe7d3db5,89b247e1f42c692ef94e4df2f766c9c8db48f58638ed32e6e22f199cacebdef5,83,160,,2,balanced_subsample,3407,340794,31.214,cpu
864178,rule,7,primary,rule_0p30_cseed864178,e18_v1,journal/models/generator_extension/rf_rule_0p30_cseed864178_e18_v1_seed7.joblib,e78d1ee97c758d160b792ecedfbcfc4fa5518ef71cf9e723cb4e3baad7477448,journal/datasets/synthetic/e16_rule_cseed864178_windows_v2.npz,6f4476f5997fc245ec83b682d3098edf6229b3af9dab8324e100a02a95b6b77b,d686cd143749c034425e0f6cf27430624b7e07aa216d5e667b586f0bfdd1f3bb,83,160,,2,balanced_subsample,7,340794,31.3,cpu
864178,rule,42,primary,rule_0p30_cseed864178,e18_v1,journal/models/generator_extension/rf_rule_0p30_cseed864178_e18_v1_seed42.joblib,6fbdc5fca08026df502344c49e9e307bb2e2de6336feea2b0cb962c6f78c7f11,journal/datasets/synthetic/e16_rule_cseed864178_windows_v2.npz,6f4476f5997fc245ec83b682d3098edf6229b3af9dab8324e100a02a95b6b77b,38852f66b26ef71a0d1a60a74350895f6ba6e24ccbeb13603837c104e57311b2,83,160,,2,balanced_subsample,42,340794,29.853,cpu
864178,rule,123,primary,rule_0p30_cseed864178,e18_v1,journal/models/generator_extension/rf_rule_0p30_cseed864178_e18_v1_seed123.joblib,5b5749b88e2bfcdb424a33a639ec38bfbaa9eb464506afa06b0c0f1ca732a657,journal/datasets/synthetic/e16_rule_cseed864178_windows_v2.npz,6f4476f5997fc245ec83b682d3098edf6229b3af9dab8324e100a02a95b6b77b,77898836e4456ff1e7dc7aecd9f59183d019cc01d9a878a927cd26995d8345d2,83,160,,2,balanced_subsample,123,340794,30.427,cpu
864178,rule,2026,primary,rule_0p30_cseed864178,e18_v1,journal/models/generator_extension/rf_rule_0p30_cseed864178_e18_v1_seed2026.joblib,299c6525d041579d9f16b4562db6df5fa18cc6879ee8e51cb9c7b94953da23e4,journal/datasets/synthetic/e16_rule_cseed864178_windows_v2.npz,6f4476f5997fc245ec83b682d3098edf6229b3af9dab8324e100a02a95b6b77b,f3a14cf8e03e585f79e2a6ac5b6bb1b84dac7288e71065f6d6ce031f46cc586e,83,160,,2,balanced_subsample,2026,340794,30.642,cpu
864178,rule,3407,primary,rule_0p30_cseed864178,e18_v1,journal/models/generator_extension/rf_rule_0p30_cseed864178_e18_v1_seed3407.joblib,c3a873dc4361644d9c792a4a8fceb7e294c0f80dcef0f24acd24abd569e823d0,journal/datasets/synthetic/e16_rule_cseed864178_windows_v2.npz,6f4476f5997fc245ec83b682d3098edf6229b3af9dab8324e100a02a95b6b77b,bdfc51729ec4e10517d98100b49ea48c7eeaf9ba42bf24abe67019034d808553,83,160,,2,balanced_subsample,3407,340794,30.754,cpu
864178,placebo,7,primary,placebo_0p30_cseed864178,e18_v1,journal/models/generator_extension/rf_placebo_0p30_cseed864178_e18_v1_seed7.joblib,34c4b9d33ae806a869762d39ed0b89b707d051246aa509d22ac93a0b0e0022fb,journal/datasets/synthetic/e16_placebo_cseed864178_windows_v2.npz,8cea1abded745f09687c91001dc5790a53caac88ba8efd548f794f01a627e82c,d686cd143749c034425e0f6cf27430624b7e07aa216d5e667b586f0bfdd1f3bb,83,160,,2,balanced_subsample,7,340794,30.173,cpu
864178,placebo,42,primary,placebo_0p30_cseed864178,e18_v1,journal/models/generator_extension/rf_placebo_0p30_cseed864178_e18_v1_seed42.joblib,c884e67098b072298c3615ef90c453ac374f3d86e1d74a62c667d2181068aa00,journal/datasets/synthetic/e16_placebo_cseed864178_windows_v2.npz,8cea1abded745f09687c91001dc5790a53caac88ba8efd548f794f01a627e82c,38852f66b26ef71a0d1a60a74350895f6ba6e24ccbeb13603837c104e57311b2,83,160,,2,balanced_subsample,42,340794,29.787,cpu
864178,placebo,123,primary,placebo_0p30_cseed864178,e18_v1,journal/models/generator_extension/rf_placebo_0p30_cseed864178_e18_v1_seed123.joblib,83c3125c93525d7c4af6fbee2ed4ab751c2c7aa2fc6dba501f7539e00f1c9c9f,journal/datasets/synthetic/e16_placebo_cseed864178_windows_v2.npz,8cea1abded745f09687c91001dc5790a53caac88ba8efd548f794f01a627e82c,77898836e4456ff1e7dc7aecd9f59183d019cc01d9a878a927cd26995d8345d2,83,160,,2,balanced_subsample,123,340794,30.693,cpu
864178,placebo,2026,primary,placebo_0p30_cseed864178,e18_v1,journal/models/generator_extension/rf_placebo_0p30_cseed864178_e18_v1_seed2026.joblib,e8a849f62b88f49110d42d134d9053ffd552a67325645189c49135c959be75bb,journal/datasets/synthetic/e16_placebo_cseed864178_windows_v2.npz,8cea1abded745f09687c91001dc5790a53caac88ba8efd548f794f01a627e82c,f3a14cf8e03e585f79e2a6ac5b6bb1b84dac7288e71065f6d6ce031f46cc586e,83,160,,2,balanced_subsample,2026,340794,30.957,cpu
864178,placebo,3407,primary,placebo_0p30_cseed864178,e18_v1,journal/models/generator_extension/rf_placebo_0p30_cseed864178_e18_v1_seed3407.joblib,8d7d3c5e7acbb70dd15423c735dfb6f26219cfffce498457292d9c707043f8f9,journal/datasets/synthetic/e16_placebo_cseed864178_windows_v2.npz,8cea1abded745f09687c91001dc5790a53caac88ba8efd548f794f01a627e82c,bdfc51729ec4e10517d98100b49ea48c7eeaf9ba42bf24abe67019034d808553,83,160,,2,balanced_subsample,3407,340794,30.278,cpu
583909,rule,7,primary,rule_0p30_cseed583909,e18_v1,journal/models/generator_extension/rf_rule_0p30_cseed583909_e18_v1_seed7.joblib,105ff438733b4b4f32bdfbcb6f0e19a6f6499366015c637f5e1c884a051ddcde,journal/datasets/synthetic/e16_rule_cseed583909_windows_v2.npz,9884092add87ccbcf076cdc545c08daace87e3ded31982cea53854b733f787bd,d1e912406a57419be93195cde085f469f2ca1638d18e122ea5218e3244f0cc6f,83,160,,2,balanced_subsample,7,340794,30.375,cpu
583909,rule,42,primary,rule_0p30_cseed583909,e18_v1,journal/models/generator_extension/rf_rule_0p30_cseed583909_e18_v1_seed42.joblib,7c0b23c580dba543df54e2373fcaabd84063c7a98e7dec8f1e8ead9c88d1c1b4,journal/datasets/synthetic/e16_rule_cseed583909_windows_v2.npz,9884092add87ccbcf076cdc545c08daace87e3ded31982cea53854b733f787bd,466bdb1cf9a1be3e91d569130c751ae1af66355396969c9ae014e34dbe0a1fa9,83,160,,2,balanced_subsample,42,340794,31.033,cpu
583909,rule,123,primary,rule_0p30_cseed583909,e18_v1,journal/models/generator_extension/rf_rule_0p30_cseed583909_e18_v1_seed123.joblib,007ff107c8f8c4391a164b12df34fe026b94e74439e6a60552978972a515cfd1,journal/datasets/synthetic/e16_rule_cseed583909_windows_v2.npz,9884092add87ccbcf076cdc545c08daace87e3ded31982cea53854b733f787bd,94d74031ab7ff9fe6ecbbf7e016ead5c47eea533fba7447430663716614a15f1,83,160,,2,balanced_subsample,123,340794,30.385,cpu
583909,rule,2026,primary,rule_0p30_cseed583909,e18_v1,journal/models/generator_extension/rf_rule_0p30_cseed583909_e18_v1_seed2026.joblib,105f0d317e965d23a46f0a2c1811639958eecf73f837f45c6a8f93ec731914e4,journal/datasets/synthetic/e16_rule_cseed583909_windows_v2.npz,9884092add87ccbcf076cdc545c08daace87e3ded31982cea53854b733f787bd,875e2f67d89ab587dff3cabd200a938e5f24d88d7b60f3c8a9f58eb1834d3584,83,160,,2,balanced_subsample,2026,340794,30.926,cpu
583909,rule,3407,primary,rule_0p30_cseed583909,e18_v1,journal/models/generator_extension/rf_rule_0p30_cseed583909_e18_v1_seed3407.joblib,58de0319f12d44bb2306b7e818058523f17b7c156e8941c5054fe483779cf086,journal/datasets/synthetic/e16_rule_cseed583909_windows_v2.npz,9884092add87ccbcf076cdc545c08daace87e3ded31982cea53854b733f787bd,a00f3be1a4e29037d2c9ddae0a4003da37974b884ba97944b60056da7c0c902e,83,160,,2,balanced_subsample,3407,340794,30.043,cpu
583909,placebo,7,primary,placebo_0p30_cseed583909,e18_v1,journal/models/generator_extension/rf_placebo_0p30_cseed583909_e18_v1_seed7.joblib,6f8b43e08812a23305847f9f01d0868c9cbc57eb252e044f81d278f253ec781c,journal/datasets/synthetic/e16_placebo_cseed583909_windows_v2.npz,4969456ac85bfb941f78351695564b21455e60a7996f1f75e4f07c29a7dc62c2,d1e912406a57419be93195cde085f469f2ca1638d18e122ea5218e3244f0cc6f,83,160,,2,balanced_subsample,7,340794,30.533,cpu
583909,placebo,42,primary,placebo_0p30_cseed583909,e18_v1,journal/models/generator_extension/rf_placebo_0p30_cseed583909_e18_v1_seed42.joblib,a339db14af06e1679c049ad37704fb1dc01e3d4ee464265cfa2f634ff1102abf,journal/datasets/synthetic/e16_placebo_cseed583909_windows_v2.npz,4969456ac85bfb941f78351695564b21455e60a7996f1f75e4f07c29a7dc62c2,466bdb1cf9a1be3e91d569130c751ae1af66355396969c9ae014e34dbe0a1fa9,83,160,,2,balanced_subsample,42,340794,31.479,cpu
583909,placebo,123,primary,placebo_0p30_cseed583909,e18_v1,journal/models/generator_extension/rf_placebo_0p30_cseed583909_e18_v1_seed123.joblib,bf728c4172ef7725a7134353caffb806b43c03ebfe7c7247f95b0bcc71b88fe7,journal/datasets/synthetic/e16_placebo_cseed583909_windows_v2.npz,4969456ac85bfb941f78351695564b21455e60a7996f1f75e4f07c29a7dc62c2,94d74031ab7ff9fe6ecbbf7e016ead5c47eea533fba7447430663716614a15f1,83,160,,2,balanced_subsample,123,340794,29.635,cpu
583909,placebo,2026,primary,placebo_0p30_cseed583909,e18_v1,journal/models/generator_extension/rf_placebo_0p30_cseed583909_e18_v1_seed2026.joblib,09eca2063518edb0706712b61a1a0d0e6e62d837beee690e2c3d6589e9725acd,journal/datasets/synthetic/e16_placebo_cseed583909_windows_v2.npz,4969456ac85bfb941f78351695564b21455e60a7996f1f75e4f07c29a7dc62c2,875e2f67d89ab587dff3cabd200a938e5f24d88d7b60f3c8a9f58eb1834d3584,83,160,,2,balanced_subsample,2026,340794,30.758,cpu
583909,placebo,3407,primary,placebo_0p30_cseed583909,e18_v1,journal/models/generator_extension/rf_placebo_0p30_cseed583909_e18_v1_seed3407.joblib,fe478919c2cc7d88a12e66e282cf85f680a6b3ce90e685d018916ad7afbd0eaa,journal/datasets/synthetic/e16_placebo_cseed583909_windows_v2.npz,4969456ac85bfb941f78351695564b21455e60a7996f1f75e4f07c29a7dc62c2,a00f3be1a4e29037d2c9ddae0a4003da37974b884ba97944b60056da7c0c902e,83,160,,2,balanced_subsample,3407,340794,30.371,cpu
467232,rule,7,primary,rule_0p30_cseed467232,e18_v1,journal/models/generator_extension/rf_rule_0p30_cseed467232_e18_v1_seed7.joblib,0e9896cb418b04e959bc226da95ea91141402df40d717984190847feedcbd79c,journal/datasets/synthetic/e16_rule_cseed467232_windows_v2.npz,f0e95c9951f1001f90df455a836ea5af9c3b2e974dc1ef3a33597f6237982c07,9d14e7cc646c6bdec29bfc76201017837b2f6b22c2a3427bdaa1d3e36da4cf80,83,160,,2,balanced_subsample,7,340794,30.222,cpu
467232,rule,42,primary,rule_0p30_cseed467232,e18_v1,journal/models/generator_extension/rf_rule_0p30_cseed467232_e18_v1_seed42.joblib,474a901c10c2e27cb4b57b8dddb028c01c6d0a4a4bbef3f999b5c1028e3227d8,journal/datasets/synthetic/e16_rule_cseed467232_windows_v2.npz,f0e95c9951f1001f90df455a836ea5af9c3b2e974dc1ef3a33597f6237982c07,3b11fd0cd950a7d452038a9d753c39911eaf1af925113a0af2ac6cdd601fb131,83,160,,2,balanced_subsample,42,340794,30.217,cpu
467232,rule,123,primary,rule_0p30_cseed467232,e18_v1,journal/models/generator_extension/rf_rule_0p30_cseed467232_e18_v1_seed123.joblib,77d961ed841cd00d95775775870b6359e56975fb738437c7b9b2ddff426b2a09,journal/datasets/synthetic/e16_rule_cseed467232_windows_v2.npz,f0e95c9951f1001f90df455a836ea5af9c3b2e974dc1ef3a33597f6237982c07,40539243843f4d5d5b0551463f1cb9266dd595f32c1b5d99f4758ee03daa33fd,83,160,,2,balanced_subsample,123,340794,30.597,cpu
467232,rule,2026,primary,rule_0p30_cseed467232,e18_v1,journal/models/generator_extension/rf_rule_0p30_cseed467232_e18_v1_seed2026.joblib,8e9b8306f44d519377a8940a8a74c68fbd0f1c7f5484759befb2f6f56a09cc61,journal/datasets/synthetic/e16_rule_cseed467232_windows_v2.npz,f0e95c9951f1001f90df455a836ea5af9c3b2e974dc1ef3a33597f6237982c07,8bc55497698643debe0dc0b7d1f7c9e06b29852147ca7e5c996dd833ad5c1c58,83,160,,2,balanced_subsample,2026,340794,30.699,cpu
467232,rule,3407,primary,rule_0p30_cseed467232,e18_v1,journal/models/generator_extension/rf_rule_0p30_cseed467232_e18_v1_seed3407.joblib,49b1c56f35a1f208e331fab8dbda0d74e323b561ed8278e5587be3b8c49dd1d4,journal/datasets/synthetic/e16_rule_cseed467232_windows_v2.npz,f0e95c9951f1001f90df455a836ea5af9c3b2e974dc1ef3a33597f6237982c07,68917d3ad21aee6123e08f082b29bd90ba73c55441c3199149921fb70c5df933,83,160,,2,balanced_subsample,3407,340794,30.44,cpu
467232,placebo,7,primary,placebo_0p30_cseed467232,e18_v1,journal/models/generator_extension/rf_placebo_0p30_cseed467232_e18_v1_seed7.joblib,54f857ca58c3b055f69d66206ac8a0312fa881a4435ab073cbf190e1ee664988,journal/datasets/synthetic/e16_placebo_cseed467232_windows_v2.npz,d38ead55d22bfa352a1123d93a00b9f44b8a2237e5bbbadcbb54a6d3791af8fe,9d14e7cc646c6bdec29bfc76201017837b2f6b22c2a3427bdaa1d3e36da4cf80,83,160,,2,balanced_subsample,7,340794,30.982,cpu
467232,placebo,42,primary,placebo_0p30_cseed467232,e18_v1,journal/models/generator_extension/rf_placebo_0p30_cseed467232_e18_v1_seed42.joblib,d3a6ffdcfa1a701cbfc3a593088b5be09e202be52fbeff8d091fb151133b2184,journal/datasets/synthetic/e16_placebo_cseed467232_windows_v2.npz,d38ead55d22bfa352a1123d93a00b9f44b8a2237e5bbbadcbb54a6d3791af8fe,3b11fd0cd950a7d452038a9d753c39911eaf1af925113a0af2ac6cdd601fb131,83,160,,2,balanced_subsample,42,340794,30.189,cpu
467232,placebo,123,primary,placebo_0p30_cseed467232,e18_v1,journal/models/generator_extension/rf_placebo_0p30_cseed467232_e18_v1_seed123.joblib,72a9608fa30586b8ce8b02d270f6cbc4e6540600922df7f0a8f27831250e458e,journal/datasets/synthetic/e16_placebo_cseed467232_windows_v2.npz,d38ead55d22bfa352a1123d93a00b9f44b8a2237e5bbbadcbb54a6d3791af8fe,40539243843f4d5d5b0551463f1cb9266dd595f32c1b5d99f4758ee03daa33fd,83,160,,2,balanced_subsample,123,340794,30.146,cpu
467232,placebo,2026,primary,placebo_0p30_cseed467232,e18_v1,journal/models/generator_extension/rf_placebo_0p30_cseed467232_e18_v1_seed2026.joblib,db819b28cc5633816d5875d88031ce82a34b1fd8725d11b93c0b86ed9c8cfa8d,journal/datasets/synthetic/e16_placebo_cseed467232_windows_v2.npz,d38ead55d22bfa352a1123d93a00b9f44b8a2237e5bbbadcbb54a6d3791af8fe,8bc55497698643debe0dc0b7d1f7c9e06b29852147ca7e5c996dd833ad5c1c58,83,160,,2,balanced_subsample,2026,340794,30.583,cpu
467232,placebo,3407,primary,placebo_0p30_cseed467232,e18_v1,journal/models/generator_extension/rf_placebo_0p30_cseed467232_e18_v1_seed3407.joblib,95a243a947d6f17d88a3ad38a0618051999a046bb7b98a98e00497328b2eee35,journal/datasets/synthetic/e16_placebo_cseed467232_windows_v2.npz,d38ead55d22bfa352a1123d93a00b9f44b8a2237e5bbbadcbb54a6d3791af8fe,68917d3ad21aee6123e08f082b29bd90ba73c55441c3199149921fb70c5df933,83,160,,2,balanced_subsample,3407,340794,30.582,cpu
550427,rule,7,primary,rule_0p30_cseed550427,e18_v1,journal/models/generator_extension/rf_rule_0p30_cseed550427_e18_v1_seed7.joblib,71ae349bdda7343b361da572e58c62d51d67b61808b04ae683969e505eabe4b9,journal/datasets/synthetic/e16_rule_cseed550427_windows_v2.npz,1b141cc2ceba8e760d1d4fbdbee378106058f16b0d0fbe8bdb67f397c9633be6,26ea6a735aac4f015b92617925e44501493b702ba74a560599ee61552d9a0864,83,160,,2,balanced_subsample,7,340794,30.95,cpu
550427,rule,42,primary,rule_0p30_cseed550427,e18_v1,journal/models/generator_extension/rf_rule_0p30_cseed550427_e18_v1_seed42.joblib,852d7e6396c66ee411075fb6921e48db12aba3ce0c23fd3449ef2cf2ba8f7024,journal/datasets/synthetic/e16_rule_cseed550427_windows_v2.npz,1b141cc2ceba8e760d1d4fbdbee378106058f16b0d0fbe8bdb67f397c9633be6,ed4922aeff9b6274f557662791e671765737048738f4814e7cbfb13f74544d5b,83,160,,2,balanced_subsample,42,340794,30.28,cpu
550427,rule,123,primary,rule_0p30_cseed550427,e18_v1,journal/models/generator_extension/rf_rule_0p30_cseed550427_e18_v1_seed123.joblib,faa861472a375ab88cc6a1c3eb909413453dda40b98062736e14517e5caf3547,journal/datasets/synthetic/e16_rule_cseed550427_windows_v2.npz,1b141cc2ceba8e760d1d4fbdbee378106058f16b0d0fbe8bdb67f397c9633be6,d75876938d13de4b0be8f5f762ac5fd09fca1556de6d3b4f2dbce598f6feff4d,83,160,,2,balanced_subsample,123,340794,30.296,cpu
550427,rule,2026,primary,rule_0p30_cseed550427,e18_v1,journal/models/generator_extension/rf_rule_0p30_cseed550427_e18_v1_seed2026.joblib,c2fd3747d68370fd8f03a6b242f321299deb65c3f42bb0388d39b91bd0a78cdf,journal/datasets/synthetic/e16_rule_cseed550427_windows_v2.npz,1b141cc2ceba8e760d1d4fbdbee378106058f16b0d0fbe8bdb67f397c9633be6,28140dce0d9174fb699d8033195111af378f23a49e14ce0074ae17ba8bcff291,83,160,,2,balanced_subsample,2026,340794,30.457,cpu
550427,rule,3407,primary,rule_0p30_cseed550427,e18_v1,journal/models/generator_extension/rf_rule_0p30_cseed550427_e18_v1_seed3407.joblib,aaa03f25f139ad63d35b28cdc62a1ade4bc56d183b06fe616ca85eb92d701d77,journal/datasets/synthetic/e16_rule_cseed550427_windows_v2.npz,1b141cc2ceba8e760d1d4fbdbee378106058f16b0d0fbe8bdb67f397c9633be6,1ac3f68927b85203c0a379d16ab95501008a33fc846247c7dda9b9b90e78c409,83,160,,2,balanced_subsample,3407,340794,30.438,cpu
550427,placebo,7,primary,placebo_0p30_cseed550427,e18_v1,journal/models/generator_extension/rf_placebo_0p30_cseed550427_e18_v1_seed7.joblib,96ca620820c89f92f360c848c6aa1c2b1a2b14966177597ba30364faa0c85c39,journal/datasets/synthetic/e16_placebo_cseed550427_windows_v2.npz,41697a3bc2f3980e7ec1cbb59728832d639dea761551ecfb96fd7905b50687cd,26ea6a735aac4f015b92617925e44501493b702ba74a560599ee61552d9a0864,83,160,,2,balanced_subsample,7,340794,30.845,cpu
550427,placebo,42,primary,placebo_0p30_cseed550427,e18_v1,journal/models/generator_extension/rf_placebo_0p30_cseed550427_e18_v1_seed42.joblib,b10e7a01476ed1df593cf2a1e06c1cee8e044eaceea5e02d11e3faca44a9e272,journal/datasets/synthetic/e16_placebo_cseed550427_windows_v2.npz,41697a3bc2f3980e7ec1cbb59728832d639dea761551ecfb96fd7905b50687cd,ed4922aeff9b6274f557662791e671765737048738f4814e7cbfb13f74544d5b,83,160,,2,balanced_subsample,42,340794,30.434,cpu
550427,placebo,123,primary,placebo_0p30_cseed550427,e18_v1,journal/models/generator_extension/rf_placebo_0p30_cseed550427_e18_v1_seed123.joblib,dc606797c49ad6d33c625399e8c9e09b499f5c1922b5ed100922ae599468e2e0,journal/datasets/synthetic/e16_placebo_cseed550427_windows_v2.npz,41697a3bc2f3980e7ec1cbb59728832d639dea761551ecfb96fd7905b50687cd,d75876938d13de4b0be8f5f762ac5fd09fca1556de6d3b4f2dbce598f6feff4d,83,160,,2,balanced_subsample,123,340794,30.161,cpu
550427,placebo,2026,primary,placebo_0p30_cseed550427,e18_v1,journal/models/generator_extension/rf_placebo_0p30_cseed550427_e18_v1_seed2026.joblib,3d5bd88665540cae74d9f8c44daf5851cf386ad3983c861585a364c38d4eed5e,journal/datasets/synthetic/e16_placebo_cseed550427_windows_v2.npz,41697a3bc2f3980e7ec1cbb59728832d639dea761551ecfb96fd7905b50687cd,28140dce0d9174fb699d8033195111af378f23a49e14ce0074ae17ba8bcff291,83,160,,2,balanced_subsample,2026,340794,31.645,cpu
550427,placebo,3407,primary,placebo_0p30_cseed550427,e18_v1,journal/models/generator_extension/rf_placebo_0p30_cseed550427_e18_v1_seed3407.joblib,57ba67faaefcf6b238e541e765c825186d5aa6dca57e261e3b2ece84b6f3a1cd,journal/datasets/synthetic/e16_placebo_cseed550427_windows_v2.npz,41697a3bc2f3980e7ec1cbb59728832d639dea761551ecfb96fd7905b50687cd,1ac3f68927b85203c0a379d16ab95501008a33fc846247c7dda9b9b90e78c409,83,160,,2,balanced_subsample,3407,340794,30.921,cpu
485791,rule,7,primary,rule_0p30_cseed485791,e18_v1,journal/models/generator_extension/rf_rule_0p30_cseed485791_e18_v1_seed7.joblib,952f83d4087f31731f7237737683bcaec1ade282ad30d54a050f5284958d4243,journal/datasets/synthetic/e16_rule_cseed485791_windows_v2.npz,ace81cf36722c83b8bf19b310807cc91f08c9483dd0ee9bf5fe1742b7f14757a,928808cdc34497b917aa9e2747dd9281c059cd04c05808bdd80bf1c39e59deb5,83,160,,2,balanced_subsample,7,340794,30.842,cpu
485791,rule,42,primary,rule_0p30_cseed485791,e18_v1,journal/models/generator_extension/rf_rule_0p30_cseed485791_e18_v1_seed42.joblib,c9bdedef82d8bd450b2f35f874215e7eb7eaf39bed9d67d4f184df4753c15755,journal/datasets/synthetic/e16_rule_cseed485791_windows_v2.npz,ace81cf36722c83b8bf19b310807cc91f08c9483dd0ee9bf5fe1742b7f14757a,fa1a4a35656e76493bdd50138edda96c6dab626fbfa8f8cc8ef2acfb60bd2a6d,83,160,,2,balanced_subsample,42,340794,29.792,cpu
485791,rule,123,primary,rule_0p30_cseed485791,e18_v1,journal/models/generator_extension/rf_rule_0p30_cseed485791_e18_v1_seed123.joblib,9ab111cdee5222af3f7bb14c2d6af94253e83fb514dec841a002b39c2cf8fe94,journal/datasets/synthetic/e16_rule_cseed485791_windows_v2.npz,ace81cf36722c83b8bf19b310807cc91f08c9483dd0ee9bf5fe1742b7f14757a,cb4a3ecd9b1c6da8bc095dc18bbca2dbeb7d2c7a12917a2637908d75717e3a2b,83,160,,2,balanced_subsample,123,340794,31.185,cpu
485791,rule,2026,primary,rule_0p30_cseed485791,e18_v1,journal/models/generator_extension/rf_rule_0p30_cseed485791_e18_v1_seed2026.joblib,b6ce0c66a6104ffb831bf00c60b280dc1bede52305945aa6c27b7909f9d4297e,journal/datasets/synthetic/e16_rule_cseed485791_windows_v2.npz,ace81cf36722c83b8bf19b310807cc91f08c9483dd0ee9bf5fe1742b7f14757a,938441e7e4b285e3ea1224dcbb32cefc2d038f22f3a2288ecb3d3744519cc79f,83,160,,2,balanced_subsample,2026,340794,30.756,cpu
485791,rule,3407,primary,rule_0p30_cseed485791,e18_v1,journal/models/generator_extension/rf_rule_0p30_cseed485791_e18_v1_seed3407.joblib,9b3669c3f35e69b2549ed5630362f1d582c39600683453e73449c7c5df0c1402,journal/datasets/synthetic/e16_rule_cseed485791_windows_v2.npz,ace81cf36722c83b8bf19b310807cc91f08c9483dd0ee9bf5fe1742b7f14757a,e4dd8152683608320d5b5f087d7557b3ba31cca41ec7fa044b5f7b22b3c9d44c,83,160,,2,balanced_subsample,3407,340794,30.703,cpu
485791,placebo,7,primary,placebo_0p30_cseed485791,e18_v1,journal/models/generator_extension/rf_placebo_0p30_cseed485791_e18_v1_seed7.joblib,6dee57f788d11aef528c02edeb2805938433099768f07e9cc00a1c58b9d56d63,journal/datasets/synthetic/e16_placebo_cseed485791_windows_v2.npz,9e24dfcc1b01e49be67501d22e32fe71f795970266e64808a9814afcff46f90c,928808cdc34497b917aa9e2747dd9281c059cd04c05808bdd80bf1c39e59deb5,83,160,,2,balanced_subsample,7,340794,30.746,cpu
485791,placebo,42,primary,placebo_0p30_cseed485791,e18_v1,journal/models/generator_extension/rf_placebo_0p30_cseed485791_e18_v1_seed42.joblib,42e5118a58ae527bed60e9dd7ca9d062c1e03b5ee4b2ec046304fdf817c6b78a,journal/datasets/synthetic/e16_placebo_cseed485791_windows_v2.npz,9e24dfcc1b01e49be67501d22e32fe71f795970266e64808a9814afcff46f90c,fa1a4a35656e76493bdd50138edda96c6dab626fbfa8f8cc8ef2acfb60bd2a6d,83,160,,2,balanced_subsample,42,340794,30.359,cpu
485791,placebo,123,primary,placebo_0p30_cseed485791,e18_v1,journal/models/generator_extension/rf_placebo_0p30_cseed485791_e18_v1_seed123.joblib,8e340d0f5ebf3d033f0de387f68038b682223701e1c0b9a50379737fa471ce5d,journal/datasets/synthetic/e16_placebo_cseed485791_windows_v2.npz,9e24dfcc1b01e49be67501d22e32fe71f795970266e64808a9814afcff46f90c,cb4a3ecd9b1c6da8bc095dc18bbca2dbeb7d2c7a12917a2637908d75717e3a2b,83,160,,2,balanced_subsample,123,340794,30.41,cpu
485791,placebo,2026,primary,placebo_0p30_cseed485791,e18_v1,journal/models/generator_extension/rf_placebo_0p30_cseed485791_e18_v1_seed2026.joblib,b2eb2659de74b16942918cb96852e6bfc27b18fcbce024652fb8368544bde31f,journal/datasets/synthetic/e16_placebo_cseed485791_windows_v2.npz,9e24dfcc1b01e49be67501d22e32fe71f795970266e64808a9814afcff46f90c,938441e7e4b285e3ea1224dcbb32cefc2d038f22f3a2288ecb3d3744519cc79f,83,160,,2,balanced_subsample,2026,340794,30.997,cpu
485791,placebo,3407,primary,placebo_0p30_cseed485791,e18_v1,journal/models/generator_extension/rf_placebo_0p30_cseed485791_e18_v1_seed3407.joblib,448f8458a7d83fceda533e3fa2edbf7ac5876b0b6bd86a1a20475ef7ab887607,journal/datasets/synthetic/e16_placebo_cseed485791_windows_v2.npz,9e24dfcc1b01e49be67501d22e32fe71f795970266e64808a9814afcff46f90c,e4dd8152683608320d5b5f087d7557b3ba31cca41ec7fa044b5f7b22b3c9d44c,83,160,,2,balanced_subsample,3407,340794,30.351,cpu
820632,rule,7,primary,rule_0p30_cseed820632,e18_v1,journal/models/generator_extension/rf_rule_0p30_cseed820632_e18_v1_seed7.joblib,f487702c5935a2ec5d8c927bb65cfb30e218cb871f4bc56757d32fa7272b252a,journal/datasets/synthetic/e16_rule_cseed820632_windows_v2.npz,f9a51b4e410ae7d49796ad8e392db345dbad001379a0ea84f18ccc3a69c99350,9d03a5f01fafe7a90cc84650daff525a0966611aa42e729c7ff2eca8886817c2,83,160,,2,balanced_subsample,7,340794,30.888,cpu
820632,rule,42,primary,rule_0p30_cseed820632,e18_v1,journal/models/generator_extension/rf_rule_0p30_cseed820632_e18_v1_seed42.joblib,69dffdb02ead0019eeab2b9afa07bd69f7d4c83162cd2c9bb13115feae19bbe8,journal/datasets/synthetic/e16_rule_cseed820632_windows_v2.npz,f9a51b4e410ae7d49796ad8e392db345dbad001379a0ea84f18ccc3a69c99350,d1c370b7fad43be673eff48de787394152790644fa786e46c9a21e6845438e0b,83,160,,2,balanced_subsample,42,340794,30.587,cpu
820632,rule,123,primary,rule_0p30_cseed820632,e18_v1,journal/models/generator_extension/rf_rule_0p30_cseed820632_e18_v1_seed123.joblib,c1e3c5717a1132a567525935db6945bebdc2de7118a97dfd3d89093b567a7330,journal/datasets/synthetic/e16_rule_cseed820632_windows_v2.npz,f9a51b4e410ae7d49796ad8e392db345dbad001379a0ea84f18ccc3a69c99350,2cb580ed97f0c8ca7d072ff8025982a13a925d4b65d82a870fb5b961641356ee,83,160,,2,balanced_subsample,123,340794,30.07,cpu
820632,rule,2026,primary,rule_0p30_cseed820632,e18_v1,journal/models/generator_extension/rf_rule_0p30_cseed820632_e18_v1_seed2026.joblib,fa7fc1b0ad7ed7c691ce72d653686443332bee9ee08821eb2a0090119d492063,journal/datasets/synthetic/e16_rule_cseed820632_windows_v2.npz,f9a51b4e410ae7d49796ad8e392db345dbad001379a0ea84f18ccc3a69c99350,649cf1321bfd8162ee068d5ce65e7d98320351808eeeb6b66cc229adc7f8d97a,83,160,,2,balanced_subsample,2026,340794,30.947,cpu
820632,rule,3407,primary,rule_0p30_cseed820632,e18_v1,journal/models/generator_extension/rf_rule_0p30_cseed820632_e18_v1_seed3407.joblib,bf46674e23651d2dcb30d6ecd646973fb34bdf0d92853ccbc6c10e3f420e7ed5,journal/datasets/synthetic/e16_rule_cseed820632_windows_v2.npz,f9a51b4e410ae7d49796ad8e392db345dbad001379a0ea84f18ccc3a69c99350,ba1a850e0f1089699dea1d754b2523d2ba8a2347be4fac95ad5af089c0229a4d,83,160,,2,balanced_subsample,3407,340794,30.267,cpu
820632,placebo,7,primary,placebo_0p30_cseed820632,e18_v1,journal/models/generator_extension/rf_placebo_0p30_cseed820632_e18_v1_seed7.joblib,e1b73070786948487c4f00939dfbdb8be8a056a3b40dff59311ea65b4da8bcb1,journal/datasets/synthetic/e16_placebo_cseed820632_windows_v2.npz,f8bee2b67e4b267966a5cc7beb8793634de370ba097c52c438de381b67a1ed93,9d03a5f01fafe7a90cc84650daff525a0966611aa42e729c7ff2eca8886817c2,83,160,,2,balanced_subsample,7,340794,30.221,cpu
820632,placebo,42,primary,placebo_0p30_cseed820632,e18_v1,journal/models/generator_extension/rf_placebo_0p30_cseed820632_e18_v1_seed42.joblib,8e5db4c7125a90e3988d24e7d5a03e7475be7ad32043264fa0d080861a4f6fae,journal/datasets/synthetic/e16_placebo_cseed820632_windows_v2.npz,f8bee2b67e4b267966a5cc7beb8793634de370ba097c52c438de381b67a1ed93,d1c370b7fad43be673eff48de787394152790644fa786e46c9a21e6845438e0b,83,160,,2,balanced_subsample,42,340794,30.249,cpu
820632,placebo,123,primary,placebo_0p30_cseed820632,e18_v1,journal/models/generator_extension/rf_placebo_0p30_cseed820632_e18_v1_seed123.joblib,e9db745c5e2bc6db24a192ca467aeaac3ba6bc7466c997fbf264d629e3fa8333,journal/datasets/synthetic/e16_placebo_cseed820632_windows_v2.npz,f8bee2b67e4b267966a5cc7beb8793634de370ba097c52c438de381b67a1ed93,2cb580ed97f0c8ca7d072ff8025982a13a925d4b65d82a870fb5b961641356ee,83,160,,2,balanced_subsample,123,340794,30.586,cpu
820632,placebo,2026,primary,placebo_0p30_cseed820632,e18_v1,journal/models/generator_extension/rf_placebo_0p30_cseed820632_e18_v1_seed2026.joblib,f3d23a4bb471322e80526887e32e3e3622ff84acbb42762718bda6cb9abcaa15,journal/datasets/synthetic/e16_placebo_cseed820632_windows_v2.npz,f8bee2b67e4b267966a5cc7beb8793634de370ba097c52c438de381b67a1ed93,649cf1321bfd8162ee068d5ce65e7d98320351808eeeb6b66cc229adc7f8d97a,83,160,,2,balanced_subsample,2026,340794,30.789,cpu
820632,placebo,3407,primary,placebo_0p30_cseed820632,e18_v1,journal/models/generator_extension/rf_placebo_0p30_cseed820632_e18_v1_seed3407.joblib,298f27f4d33c5248cf35c8ab72423539c6f7763d6d031d9d9ad7ef10bb7b0560,journal/datasets/synthetic/e16_placebo_cseed820632_windows_v2.npz,f8bee2b67e4b267966a5cc7beb8793634de370ba097c52c438de381b67a1ed93,ba1a850e0f1089699dea1d754b2523d2ba8a2347be4fac95ad5af089c0229a4d,83,160,,2,balanced_subsample,3407,340794,30.782,cpu
837943,rule,7,primary,rule_0p30_cseed837943,e18_v1,journal/models/generator_extension/rf_rule_0p30_cseed837943_e18_v1_seed7.joblib,ae7ab972d9d05bac6e3a9d6fbf321648d814a77a543bec20230a908ca9ad1dd2,journal/datasets/synthetic/e16_rule_cseed837943_windows_v2.npz,18451a681d322af7037fb7ef4d8f17c48a664810e4103721b5ca6eff1cf99e03,7ba6ae5314cae46f0d1de9b5f8f1d0cce5e9fc2f1dffe98879b8140657180f1d,83,160,,2,balanced_subsample,7,340794,30.778,cpu
837943,rule,42,primary,rule_0p30_cseed837943,e18_v1,journal/models/generator_extension/rf_rule_0p30_cseed837943_e18_v1_seed42.joblib,95e64e3b00825109a959b326d5056869ca5a4aedcd4cd3879c8eacfaa9cac6ec,journal/datasets/synthetic/e16_rule_cseed837943_windows_v2.npz,18451a681d322af7037fb7ef4d8f17c48a664810e4103721b5ca6eff1cf99e03,7c79904e0817e27d5f7f3a7e18310fa73ddfd500d191bb55a7cf78d923c0bb14,83,160,,2,balanced_subsample,42,340794,29.872,cpu
837943,rule,123,primary,rule_0p30_cseed837943,e18_v1,journal/models/generator_extension/rf_rule_0p30_cseed837943_e18_v1_seed123.joblib,a0763b78790f79053b639f6ee7d78b6c81ada3771f455d47ac4f45b1bf769085,journal/datasets/synthetic/e16_rule_cseed837943_windows_v2.npz,18451a681d322af7037fb7ef4d8f17c48a664810e4103721b5ca6eff1cf99e03,b7e72c5e11a9a000d935c8c13cdba97998d43eb4cab817a6d438281772cd0fa2,83,160,,2,balanced_subsample,123,340794,31.2,cpu
837943,rule,2026,primary,rule_0p30_cseed837943,e18_v1,journal/models/generator_extension/rf_rule_0p30_cseed837943_e18_v1_seed2026.joblib,3212550b4b18b97c8ecdcbe9c9c981fdd8ba33d6ab27ba0976cd08c414c60cf2,journal/datasets/synthetic/e16_rule_cseed837943_windows_v2.npz,18451a681d322af7037fb7ef4d8f17c48a664810e4103721b5ca6eff1cf99e03,aaf94c82304aa6cf99b534e639698d69f4688c88db0c13858efa4200dfd4d7fd,83,160,,2,balanced_subsample,2026,340794,31.442,cpu
837943,rule,3407,primary,rule_0p30_cseed837943,e18_v1,journal/models/generator_extension/rf_rule_0p30_cseed837943_e18_v1_seed3407.joblib,e5f25b4364e1d46c5b0341fb7b5a8e2426a623769ab54d716e7026725ccb4f8f,journal/datasets/synthetic/e16_rule_cseed837943_windows_v2.npz,18451a681d322af7037fb7ef4d8f17c48a664810e4103721b5ca6eff1cf99e03,965e806a76e4ed33eb29fe384e646c8ca3c1772359d5413f3cf0bc6d7efde633,83,160,,2,balanced_subsample,3407,340794,30.534,cpu
837943,placebo,7,primary,placebo_0p30_cseed837943,e18_v1,journal/models/generator_extension/rf_placebo_0p30_cseed837943_e18_v1_seed7.joblib,8da9d7b8a6eb2fd648eccf649fb14191df62d8d214344a300f92455675da774c,journal/datasets/synthetic/e16_placebo_cseed837943_windows_v2.npz,2580a473a53ace1fa2a16c84f29f7facc8ee808d6813d44563716aa04ff31347,7ba6ae5314cae46f0d1de9b5f8f1d0cce5e9fc2f1dffe98879b8140657180f1d,83,160,,2,balanced_subsample,7,340794,30.443,cpu
837943,placebo,42,primary,placebo_0p30_cseed837943,e18_v1,journal/models/generator_extension/rf_placebo_0p30_cseed837943_e18_v1_seed42.joblib,f6ae394346c5e8869f4b16202ee96bfa5553e892fae37ffc24cac3aefd7ed1dc,journal/datasets/synthetic/e16_placebo_cseed837943_windows_v2.npz,2580a473a53ace1fa2a16c84f29f7facc8ee808d6813d44563716aa04ff31347,7c79904e0817e27d5f7f3a7e18310fa73ddfd500d191bb55a7cf78d923c0bb14,83,160,,2,balanced_subsample,42,340794,31.25,cpu
837943,placebo,123,primary,placebo_0p30_cseed837943,e18_v1,journal/models/generator_extension/rf_placebo_0p30_cseed837943_e18_v1_seed123.joblib,5388f8a4dc52cfdf21c663a192d3cd3a7b3948166a952005404d4a20f82a3d6a,journal/datasets/synthetic/e16_placebo_cseed837943_windows_v2.npz,2580a473a53ace1fa2a16c84f29f7facc8ee808d6813d44563716aa04ff31347,b7e72c5e11a9a000d935c8c13cdba97998d43eb4cab817a6d438281772cd0fa2,83,160,,2,balanced_subsample,123,340794,31.066,cpu
837943,placebo,2026,primary,placebo_0p30_cseed837943,e18_v1,journal/models/generator_extension/rf_placebo_0p30_cseed837943_e18_v1_seed2026.joblib,9b9aeb06635d4f962032cd92f3b2adb714c28fb6164c13702696155ea36eda04,journal/datasets/synthetic/e16_placebo_cseed837943_windows_v2.npz,2580a473a53ace1fa2a16c84f29f7facc8ee808d6813d44563716aa04ff31347,aaf94c82304aa6cf99b534e639698d69f4688c88db0c13858efa4200dfd4d7fd,83,160,,2,balanced_subsample,2026,340794,31.873,cpu
837943,placebo,3407,primary,placebo_0p30_cseed837943,e18_v1,journal/models/generator_extension/rf_placebo_0p30_cseed837943_e18_v1_seed3407.joblib,0a6689ab93c0c6adf201c9982b1e2d70ecb8e83157b9069b4bb9c269b3893a58,journal/datasets/synthetic/e16_placebo_cseed837943_windows_v2.npz,2580a473a53ace1fa2a16c84f29f7facc8ee808d6813d44563716aa04ff31347,965e806a76e4ed33eb29fe384e646c8ca3c1772359d5413f3cf0bc6d7efde633,83,160,,2,balanced_subsample,3407,340794,32.74,cpu
222537,rule,7,primary,rule_0p30_cseed222537,e18_v1,journal/models/generator_extension/rf_rule_0p30_cseed222537_e18_v1_seed7.joblib,da6cbbb995882da98ac075190a50b3f3946355e4e157ba7c6c7616f0b124264d,journal/datasets/synthetic/e16_rule_cseed222537_windows_v2.npz,178f96d645270c22e1acf81c03fbd49fb050ff3d5bd6b244315bda88601ff00f,a508347d13f05f86d13baa68d90fd22b04edfb04f804d0293ea1d939f295a49d,83,160,,2,balanced_subsample,7,340794,31.993,cpu
222537,rule,42,primary,rule_0p30_cseed222537,e18_v1,journal/models/generator_extension/rf_rule_0p30_cseed222537_e18_v1_seed42.joblib,1ffa068e8ebe1fdf60ef06264dfeb13444c6128bc054ddbaa3510dec8c8f66e9,journal/datasets/synthetic/e16_rule_cseed222537_windows_v2.npz,178f96d645270c22e1acf81c03fbd49fb050ff3d5bd6b244315bda88601ff00f,eaff931143db3cd90af84970279d45838f3102fb6e4e92aaf4386048d3a3565c,83,160,,2,balanced_subsample,42,340794,31.157,cpu
222537,rule,123,primary,rule_0p30_cseed222537,e18_v1,journal/models/generator_extension/rf_rule_0p30_cseed222537_e18_v1_seed123.joblib,13cb83b2883cd731659769d1827406b6a5a427b8cb138b4317ccbeb7c210d215,journal/datasets/synthetic/e16_rule_cseed222537_windows_v2.npz,178f96d645270c22e1acf81c03fbd49fb050ff3d5bd6b244315bda88601ff00f,3ef019bf781efb252a5fa36d5998d4b6c3f855ada9804d9ad64b6437e3ff3c7b,83,160,,2,balanced_subsample,123,340794,31.307,cpu
222537,rule,2026,primary,rule_0p30_cseed222537,e18_v1,journal/models/generator_extension/rf_rule_0p30_cseed222537_e18_v1_seed2026.joblib,c7d0f18dd06f480c484a90d67c0e266c640a617d0ecea7cd12108f96c3e54b85,journal/datasets/synthetic/e16_rule_cseed222537_windows_v2.npz,178f96d645270c22e1acf81c03fbd49fb050ff3d5bd6b244315bda88601ff00f,cdefd66011e8a239d3564d6ad146a9641b6ae86894e95eb0f2ecc856c5c90498,83,160,,2,balanced_subsample,2026,340794,31.384,cpu
222537,rule,3407,primary,rule_0p30_cseed222537,e18_v1,journal/models/generator_extension/rf_rule_0p30_cseed222537_e18_v1_seed3407.joblib,6954963f7d3d2589f5ee855f85e0e5b9ac3488ada651bbdaa79bd58ffa3e6ace,journal/datasets/synthetic/e16_rule_cseed222537_windows_v2.npz,178f96d645270c22e1acf81c03fbd49fb050ff3d5bd6b244315bda88601ff00f,1b0389e05ad529f8859d2f34f7fa6d7a3b9a568c06bafd5a8671f4dfa4d0ce1f,83,160,,2,balanced_subsample,3407,340794,31.63,cpu
222537,placebo,7,primary,placebo_0p30_cseed222537,e18_v1,journal/models/generator_extension/rf_placebo_0p30_cseed222537_e18_v1_seed7.joblib,75dc59ad0d6324072e6df318f16cca364d3915ec30c411beea912786e1baf6fc,journal/datasets/synthetic/e16_placebo_cseed222537_windows_v2.npz,ad737f15216789cafc4bfeb191829de07ee746585c6963e75581305fb5ad469b,a508347d13f05f86d13baa68d90fd22b04edfb04f804d0293ea1d939f295a49d,83,160,,2,balanced_subsample,7,340794,30.757,cpu
222537,placebo,42,primary,placebo_0p30_cseed222537,e18_v1,journal/models/generator_extension/rf_placebo_0p30_cseed222537_e18_v1_seed42.joblib,ce077da4308ce94a2cc3fe351ffb301c9eadac360a2b33b69f72a2f6c9a1471c,journal/datasets/synthetic/e16_placebo_cseed222537_windows_v2.npz,ad737f15216789cafc4bfeb191829de07ee746585c6963e75581305fb5ad469b,eaff931143db3cd90af84970279d45838f3102fb6e4e92aaf4386048d3a3565c,83,160,,2,balanced_subsample,42,340794,30.721,cpu
222537,placebo,123,primary,placebo_0p30_cseed222537,e18_v1,journal/models/generator_extension/rf_placebo_0p30_cseed222537_e18_v1_seed123.joblib,6d67d928b396c86e8659bd72823bb503a15cf2c9d30b00085ae9509da269cfa9,journal/datasets/synthetic/e16_placebo_cseed222537_windows_v2.npz,ad737f15216789cafc4bfeb191829de07ee746585c6963e75581305fb5ad469b,3ef019bf781efb252a5fa36d5998d4b6c3f855ada9804d9ad64b6437e3ff3c7b,83,160,,2,balanced_subsample,123,340794,30.604,cpu
222537,placebo,2026,primary,placebo_0p30_cseed222537,e18_v1,journal/models/generator_extension/rf_placebo_0p30_cseed222537_e18_v1_seed2026.joblib,219f3a7f470c9ee4e99df9db4854614127e96be6f55940353b085f6194fe8e43,journal/datasets/synthetic/e16_placebo_cseed222537_windows_v2.npz,ad737f15216789cafc4bfeb191829de07ee746585c6963e75581305fb5ad469b,cdefd66011e8a239d3564d6ad146a9641b6ae86894e95eb0f2ecc856c5c90498,83,160,,2,balanced_subsample,2026,340794,30.783,cpu
222537,placebo,3407,primary,placebo_0p30_cseed222537,e18_v1,journal/models/generator_extension/rf_placebo_0p30_cseed222537_e18_v1_seed3407.joblib,2a1660cdd310cf4be3702173090362e3ff0500ff4e0c102b0c34c16a7ef741e8,journal/datasets/synthetic/e16_placebo_cseed222537_windows_v2.npz,ad737f15216789cafc4bfeb191829de07ee746585c6963e75581305fb5ad469b,1b0389e05ad529f8859d2f34f7fa6d7a3b9a568c06bafd5a8671f4dfa4d0ce1f,83,160,,2,balanced_subsample,3407,340794,31.162,cpu
685012,rule,7,primary,rule_0p30_cseed685012,e18_v1,journal/models/generator_extension/rf_rule_0p30_cseed685012_e18_v1_seed7.joblib,2c00259a4586fad48ee511a938093d63cc4d4b4bcca02972588e1506e6d9688d,journal/datasets/synthetic/e16_rule_cseed685012_windows_v2.npz,85df1698e362d2d41e875d62eb1eefb1244ac007be8cf14ce5532db688988b90,efa956a3ba88eaadc1ab20a9a91b9d934ff26326d25661a32a9bd3054931d1c1,83,160,,2,balanced_subsample,7,340794,30.527,cpu
685012,rule,42,primary,rule_0p30_cseed685012,e18_v1,journal/models/generator_extension/rf_rule_0p30_cseed685012_e18_v1_seed42.joblib,89c02f0084a80e0a6690261faad2af0ab63a9f8905e5178dd46b0c9ceb730da2,journal/datasets/synthetic/e16_rule_cseed685012_windows_v2.npz,85df1698e362d2d41e875d62eb1eefb1244ac007be8cf14ce5532db688988b90,66636e691d90e12a720d0407135ea0076a56e565ff05893212abd6489cd423f8,83,160,,2,balanced_subsample,42,340794,30.187,cpu
685012,rule,123,primary,rule_0p30_cseed685012,e18_v1,journal/models/generator_extension/rf_rule_0p30_cseed685012_e18_v1_seed123.joblib,aa333fab61e15601d7206d3910676909a18b5b0d32941292c7e16f196bb2e5f4,journal/datasets/synthetic/e16_rule_cseed685012_windows_v2.npz,85df1698e362d2d41e875d62eb1eefb1244ac007be8cf14ce5532db688988b90,4a68aed668382c6305609fabb1a34002aaa5b2591d0b2b33f021dde16c3c0bea,83,160,,2,balanced_subsample,123,340794,30.906,cpu
685012,rule,2026,primary,rule_0p30_cseed685012,e18_v1,journal/models/generator_extension/rf_rule_0p30_cseed685012_e18_v1_seed2026.joblib,2209546a8cc2b27751ff843c70cb454a4a4affcbe64f8334e59612a6e97537c8,journal/datasets/synthetic/e16_rule_cseed685012_windows_v2.npz,85df1698e362d2d41e875d62eb1eefb1244ac007be8cf14ce5532db688988b90,4d57fbc7e05a4ba9363ab7dca5818da0261f77cc65da6f2f922152ca2fe052bc,83,160,,2,balanced_subsample,2026,340794,30.757,cpu
685012,rule,3407,primary,rule_0p30_cseed685012,e18_v1,journal/models/generator_extension/rf_rule_0p30_cseed685012_e18_v1_seed3407.joblib,1d930488138f76dec57e3ec529deb7180d6ded79b01eae561c4f27dd922e95c9,journal/datasets/synthetic/e16_rule_cseed685012_windows_v2.npz,85df1698e362d2d41e875d62eb1eefb1244ac007be8cf14ce5532db688988b90,cfa0eeb21f85cfeae33b624f1513dad89c18d546eb46e5b447a01f2d8fb4e076,83,160,,2,balanced_subsample,3407,340794,31.702,cpu
685012,placebo,7,primary,placebo_0p30_cseed685012,e18_v1,journal/models/generator_extension/rf_placebo_0p30_cseed685012_e18_v1_seed7.joblib,8cae634074a98c54923532868266d48f2df28f6ec5e5dd9ef3b3a2ba24b27bda,journal/datasets/synthetic/e16_placebo_cseed685012_windows_v2.npz,431d0521f73fcbd5d8a3184fc56e98e619a15699e38ac868165da4667d909d74,efa956a3ba88eaadc1ab20a9a91b9d934ff26326d25661a32a9bd3054931d1c1,83,160,,2,balanced_subsample,7,340794,30.602,cpu
685012,placebo,42,primary,placebo_0p30_cseed685012,e18_v1,journal/models/generator_extension/rf_placebo_0p30_cseed685012_e18_v1_seed42.joblib,81b629ee96dc518111527bc3a513ff51f6dbc1c1a890681ce0c727ccc783af8f,journal/datasets/synthetic/e16_placebo_cseed685012_windows_v2.npz,431d0521f73fcbd5d8a3184fc56e98e619a15699e38ac868165da4667d909d74,66636e691d90e12a720d0407135ea0076a56e565ff05893212abd6489cd423f8,83,160,,2,balanced_subsample,42,340794,30.625,cpu
685012,placebo,123,primary,placebo_0p30_cseed685012,e18_v1,journal/models/generator_extension/rf_placebo_0p30_cseed685012_e18_v1_seed123.joblib,dde4c9678c1b85d9a1a3c86e86e8a849b2e033c81d07df0ad793aa9cb417d20c,journal/datasets/synthetic/e16_placebo_cseed685012_windows_v2.npz,431d0521f73fcbd5d8a3184fc56e98e619a15699e38ac868165da4667d909d74,4a68aed668382c6305609fabb1a34002aaa5b2591d0b2b33f021dde16c3c0bea,83,160,,2,balanced_subsample,123,340794,30.511,cpu
685012,placebo,2026,primary,placebo_0p30_cseed685012,e18_v1,journal/models/generator_extension/rf_placebo_0p30_cseed685012_e18_v1_seed2026.joblib,31ebc86552b842207e8eaa2d1445b1a213dff5916c2aebd3f4530ec306bbfec6,journal/datasets/synthetic/e16_placebo_cseed685012_windows_v2.npz,431d0521f73fcbd5d8a3184fc56e98e619a15699e38ac868165da4667d909d74,4d57fbc7e05a4ba9363ab7dca5818da0261f77cc65da6f2f922152ca2fe052bc,83,160,,2,balanced_subsample,2026,340794,30.886,cpu
685012,placebo,3407,primary,placebo_0p30_cseed685012,e18_v1,journal/models/generator_extension/rf_placebo_0p30_cseed685012_e18_v1_seed3407.joblib,10a9209d1caa8e597c4383c25ffe321e4a89bd294e0f1c42ebc119116aba38fe,journal/datasets/synthetic/e16_placebo_cseed685012_windows_v2.npz,431d0521f73fcbd5d8a3184fc56e98e619a15699e38ac868165da4667d909d74,cfa0eeb21f85cfeae33b624f1513dad89c18d546eb46e5b447a01f2d8fb4e076,83,160,,2,balanced_subsample,3407,340794,31.245,cpu
192753,rule,7,primary,rule_0p30_cseed192753,e18_v1,journal/models/generator_extension/rf_rule_0p30_cseed192753_e18_v1_seed7.joblib,61639d091a88dbfd95630d0874456a2cfd4a46686d51115f8ba2967f0f1e8c44,journal/datasets/synthetic/e16_rule_cseed192753_windows_v2.npz,c89418a38ea375624653590a6f7daada4e105a256cb2671505949d1957d868fc,66dfb28c568c19b19146a9dd5b66f294b635d5220c781613305bf1883bdcc6e7,83,160,,2,balanced_subsample,7,340794,30.979,cpu
192753,rule,42,primary,rule_0p30_cseed192753,e18_v1,journal/models/generator_extension/rf_rule_0p30_cseed192753_e18_v1_seed42.joblib,caa8bf984da4b257ab7fd419d7955d8fbb19a7061db4610a7a63ae04653f0568,journal/datasets/synthetic/e16_rule_cseed192753_windows_v2.npz,c89418a38ea375624653590a6f7daada4e105a256cb2671505949d1957d868fc,47ba32266048b46d7391a5ae82c4ed83aa83bfe76bc337b4a1d3a41f1d3e8b31,83,160,,2,balanced_subsample,42,340794,30.953,cpu
192753,rule,123,primary,rule_0p30_cseed192753,e18_v1,journal/models/generator_extension/rf_rule_0p30_cseed192753_e18_v1_seed123.joblib,82874c1c978c9ace6525262d49fa98c96c8694880fa23d2d3d473939b4e2393d,journal/datasets/synthetic/e16_rule_cseed192753_windows_v2.npz,c89418a38ea375624653590a6f7daada4e105a256cb2671505949d1957d868fc,7470c7268c9d453225aef7c7de5186c0cf86e2860d4f3a05a5dce67cf2da2b92,83,160,,2,balanced_subsample,123,340794,32.2,cpu
192753,rule,2026,primary,rule_0p30_cseed192753,e18_v1,journal/models/generator_extension/rf_rule_0p30_cseed192753_e18_v1_seed2026.joblib,704b5f8a79b324f57a6b42efc5494dfdd3a7a4be846cd7457ac1d9ba1fe0820f,journal/datasets/synthetic/e16_rule_cseed192753_windows_v2.npz,c89418a38ea375624653590a6f7daada4e105a256cb2671505949d1957d868fc,288be0e40996a07c18e5933addf6cef9672ec097bd2483ceb17d75d6e082291d,83,160,,2,balanced_subsample,2026,340794,31.424,cpu
192753,rule,3407,primary,rule_0p30_cseed192753,e18_v1,journal/models/generator_extension/rf_rule_0p30_cseed192753_e18_v1_seed3407.joblib,2e105afc33f2b1bb4cb1634b9484e251042cf7137d57fcc8b52abc800a71d189,journal/datasets/synthetic/e16_rule_cseed192753_windows_v2.npz,c89418a38ea375624653590a6f7daada4e105a256cb2671505949d1957d868fc,33df515357861555fda23af80d0b57bde616e6f2673234e71f8780dc351ba8bb,83,160,,2,balanced_subsample,3407,340794,30.695,cpu
192753,placebo,7,primary,placebo_0p30_cseed192753,e18_v1,journal/models/generator_extension/rf_placebo_0p30_cseed192753_e18_v1_seed7.joblib,8dbda028b2a38f1c25cb7da2e40bb9754947d809eee90ee27f454d6c950b1ff9,journal/datasets/synthetic/e16_placebo_cseed192753_windows_v2.npz,8eaaece1d54fc2d9479c7c3ac77e4903b56547c4fba96efc40c9acb6b2b8c4e0,66dfb28c568c19b19146a9dd5b66f294b635d5220c781613305bf1883bdcc6e7,83,160,,2,balanced_subsample,7,340794,30.262,cpu
192753,placebo,42,primary,placebo_0p30_cseed192753,e18_v1,journal/models/generator_extension/rf_placebo_0p30_cseed192753_e18_v1_seed42.joblib,c4d65c020d6074a86a90807aff56c6742396af2e729d8df7bb4813d9119a0a18,journal/datasets/synthetic/e16_placebo_cseed192753_windows_v2.npz,8eaaece1d54fc2d9479c7c3ac77e4903b56547c4fba96efc40c9acb6b2b8c4e0,47ba32266048b46d7391a5ae82c4ed83aa83bfe76bc337b4a1d3a41f1d3e8b31,83,160,,2,balanced_subsample,42,340794,29.979,cpu
192753,placebo,123,primary,placebo_0p30_cseed192753,e18_v1,journal/models/generator_extension/rf_placebo_0p30_cseed192753_e18_v1_seed123.joblib,de98efc861d9d2aef80fa3b1b43b5b64e8d242a2c361cbad2fc408d73a7a189f,journal/datasets/synthetic/e16_placebo_cseed192753_windows_v2.npz,8eaaece1d54fc2d9479c7c3ac77e4903b56547c4fba96efc40c9acb6b2b8c4e0,7470c7268c9d453225aef7c7de5186c0cf86e2860d4f3a05a5dce67cf2da2b92,83,160,,2,balanced_subsample,123,340794,29.986,cpu
192753,placebo,2026,primary,placebo_0p30_cseed192753,e18_v1,journal/models/generator_extension/rf_placebo_0p30_cseed192753_e18_v1_seed2026.joblib,ae2ecbd2c14d9b543f6c7fa4d5bbd0211e5f97ba2a92875acd69eb1720877cb6,journal/datasets/synthetic/e16_placebo_cseed192753_windows_v2.npz,8eaaece1d54fc2d9479c7c3ac77e4903b56547c4fba96efc40c9acb6b2b8c4e0,288be0e40996a07c18e5933addf6cef9672ec097bd2483ceb17d75d6e082291d,83,160,,2,balanced_subsample,2026,340794,30.347,cpu
192753,placebo,3407,primary,placebo_0p30_cseed192753,e18_v1,journal/models/generator_extension/rf_placebo_0p30_cseed192753_e18_v1_seed3407.joblib,1a818673ed301758fb228c9256b96229b5d5af835e7fecec79c91c2e718e8268,journal/datasets/synthetic/e16_placebo_cseed192753_windows_v2.npz,8eaaece1d54fc2d9479c7c3ac77e4903b56547c4fba96efc40c9acb6b2b8c4e0,33df515357861555fda23af80d0b57bde616e6f2673234e71f8780dc351ba8bb,83,160,,2,balanced_subsample,3407,340794,30.408,cpu
739263,rule,7,primary,rule_0p30_cseed739263,e18_v1,journal/models/generator_extension/rf_rule_0p30_cseed739263_e18_v1_seed7.joblib,e47440d4af201a5c9bea4db5bf63cb74e44c734c03849ec01a43157ffcba35fa,journal/datasets/synthetic/e16_rule_cseed739263_windows_v2.npz,3947d0aa9b9cf68e63452565dc9dcceca73b43fb84edf10eabafaf72a297211b,a814ec328964ec2910c6e9e4e1b0cc1a0588965a6a4cc09418fc4db123d4eab7,83,160,,2,balanced_subsample,7,340794,30.376,cpu
739263,rule,42,primary,rule_0p30_cseed739263,e18_v1,journal/models/generator_extension/rf_rule_0p30_cseed739263_e18_v1_seed42.joblib,40e182971a9b97678f63ce0414c52c12099de76b545dee214e24dd793b3e01c6,journal/datasets/synthetic/e16_rule_cseed739263_windows_v2.npz,3947d0aa9b9cf68e63452565dc9dcceca73b43fb84edf10eabafaf72a297211b,51f870b6ddd75e0a7eee439a570efdfd86555c79673a7ccbdd1d58db683c8d9f,83,160,,2,balanced_subsample,42,340794,32.011,cpu
739263,rule,123,primary,rule_0p30_cseed739263,e18_v1,journal/models/generator_extension/rf_rule_0p30_cseed739263_e18_v1_seed123.joblib,60ee350e1e08b312ebec5d4179d987200952f6634e98b223c1770114e31cf65d,journal/datasets/synthetic/e16_rule_cseed739263_windows_v2.npz,3947d0aa9b9cf68e63452565dc9dcceca73b43fb84edf10eabafaf72a297211b,2e524f5965c0ffa6ea5c70e6b0be948d7fcb061d24cb17d446c13b17fd6e9750,83,160,,2,balanced_subsample,123,340794,33.278,cpu
739263,rule,2026,primary,rule_0p30_cseed739263,e18_v1,journal/models/generator_extension/rf_rule_0p30_cseed739263_e18_v1_seed2026.joblib,502145fb531bd7799ceeda0dbdc07446bf54a64e67cf9162e8cdc1440852ad45,journal/datasets/synthetic/e16_rule_cseed739263_windows_v2.npz,3947d0aa9b9cf68e63452565dc9dcceca73b43fb84edf10eabafaf72a297211b,887c96d0aa4b5af8c969540aa972b60237760b940baf66ba42a6ea68b5828794,83,160,,2,balanced_subsample,2026,340794,32.949,cpu
739263,rule,3407,primary,rule_0p30_cseed739263,e18_v1,journal/models/generator_extension/rf_rule_0p30_cseed739263_e18_v1_seed3407.joblib,1986299d9306ee43136bd7685fdb1a59b745ab656ef170200c362260b076a94c,journal/datasets/synthetic/e16_rule_cseed739263_windows_v2.npz,3947d0aa9b9cf68e63452565dc9dcceca73b43fb84edf10eabafaf72a297211b,a8f48ac2351f66a2a7fe8ce8e3360b473bff790728b393d2811a7637fe940d7a,83,160,,2,balanced_subsample,3407,340794,33.174,cpu
739263,placebo,7,primary,placebo_0p30_cseed739263,e18_v1,journal/models/generator_extension/rf_placebo_0p30_cseed739263_e18_v1_seed7.joblib,131a1511e3576dcd71cef430677b4d64db40e0f1630396553417bc63a41da2db,journal/datasets/synthetic/e16_placebo_cseed739263_windows_v2.npz,7e33ab5b333ef7e7f33217e0c0fa5641db02d1d8e214bb9566ae124088c6eeaf,a814ec328964ec2910c6e9e4e1b0cc1a0588965a6a4cc09418fc4db123d4eab7,83,160,,2,balanced_subsample,7,340794,32.446,cpu
739263,placebo,42,primary,placebo_0p30_cseed739263,e18_v1,journal/models/generator_extension/rf_placebo_0p30_cseed739263_e18_v1_seed42.joblib,1012f6e5b79da71c5226cac7f3c87c71fc292308df7aee656e14270218c84ba6,journal/datasets/synthetic/e16_placebo_cseed739263_windows_v2.npz,7e33ab5b333ef7e7f33217e0c0fa5641db02d1d8e214bb9566ae124088c6eeaf,51f870b6ddd75e0a7eee439a570efdfd86555c79673a7ccbdd1d58db683c8d9f,83,160,,2,balanced_subsample,42,340794,32.707,cpu
739263,placebo,123,primary,placebo_0p30_cseed739263,e18_v1,journal/models/generator_extension/rf_placebo_0p30_cseed739263_e18_v1_seed123.joblib,de495034fa9ddc915408128e30e6c7710781070d9f3175fb9fdd127aa75d8187,journal/datasets/synthetic/e16_placebo_cseed739263_windows_v2.npz,7e33ab5b333ef7e7f33217e0c0fa5641db02d1d8e214bb9566ae124088c6eeaf,2e524f5965c0ffa6ea5c70e6b0be948d7fcb061d24cb17d446c13b17fd6e9750,83,160,,2,balanced_subsample,123,340794,31.189,cpu
739263,placebo,2026,primary,placebo_0p30_cseed739263,e18_v1,journal/models/generator_extension/rf_placebo_0p30_cseed739263_e18_v1_seed2026.joblib,2ea74cb612fa2ceffd2d370359d21d3d76be27ee6d74217e82a1a688810e69ac,journal/datasets/synthetic/e16_placebo_cseed739263_windows_v2.npz,7e33ab5b333ef7e7f33217e0c0fa5641db02d1d8e214bb9566ae124088c6eeaf,887c96d0aa4b5af8c969540aa972b60237760b940baf66ba42a6ea68b5828794,83,160,,2,balanced_subsample,2026,340794,32.116,cpu
739263,placebo,3407,primary,placebo_0p30_cseed739263,e18_v1,journal/models/generator_extension/rf_placebo_0p30_cseed739263_e18_v1_seed3407.joblib,ed52ed0b1365ddd5feb1ff4273ba25fdc68f0f0e748e4933fa0b93b300e78220,journal/datasets/synthetic/e16_placebo_cseed739263_windows_v2.npz,7e33ab5b333ef7e7f33217e0c0fa5641db02d1d8e214bb9566ae124088c6eeaf,a8f48ac2351f66a2a7fe8ce8e3360b473bff790728b393d2811a7637fe940d7a,83,160,,2,balanced_subsample,3407,340794,32.184,cpu
271828,rule,7,bridge_sensitivity,rule_0p30_cseed271828,e18_v1,journal/models/generator_extension/rf_rule_0p30_cseed271828_e18_v1_seed7.joblib,e58f16b4ac664c94120ff43204a5fa72b58def55351ca16aa3c9732530352c15,journal/datasets/synthetic/rule_cseed271828_windows_v2.npz,e13209205e7fdde8188d6ee89a123451d6eeeee653b2ea85011adc105f8b2d2d,a943cc4d219e222bc35d9bac3a12fc002bf73afe3994e37f6cddd5910ba9edb5,83,160,,2,balanced_subsample,7,340794,30.733,cpu
271828,rule,42,bridge_sensitivity,rule_0p30_cseed271828,e18_v1,journal/models/generator_extension/rf_rule_0p30_cseed271828_e18_v1_seed42.joblib,61673e6468787bc5c13efdcd8d5e7c7e5489ebf597b00ecfb75c7cf490f4903d,journal/datasets/synthetic/rule_cseed271828_windows_v2.npz,e13209205e7fdde8188d6ee89a123451d6eeeee653b2ea85011adc105f8b2d2d,c8cde376d41ce76b5367dc7b907c42f4010f5831ac2b568b87dec9ea9602bd8e,83,160,,2,balanced_subsample,42,340794,30.585,cpu
271828,rule,123,bridge_sensitivity,rule_0p30_cseed271828,e18_v1,journal/models/generator_extension/rf_rule_0p30_cseed271828_e18_v1_seed123.joblib,b0470a456453786f1e0f431f06dc66bca1d0b16d3dac90931c4fa1b1c4bb56d6,journal/datasets/synthetic/rule_cseed271828_windows_v2.npz,e13209205e7fdde8188d6ee89a123451d6eeeee653b2ea85011adc105f8b2d2d,d4cf0a4ad79e8552622211b7dda3eafbcc6364cb4f0d01799f823dfd4787e3d5,83,160,,2,balanced_subsample,123,340794,31.467,cpu
271828,rule,2026,bridge_sensitivity,rule_0p30_cseed271828,e18_v1,journal/models/generator_extension/rf_rule_0p30_cseed271828_e18_v1_seed2026.joblib,668ec49ae4f686c79badfc3e1f01bcde069c88ce66c05cb61d63ecc0597df3bf,journal/datasets/synthetic/rule_cseed271828_windows_v2.npz,e13209205e7fdde8188d6ee89a123451d6eeeee653b2ea85011adc105f8b2d2d,0b2a90164505f1757e18c39df0b420aaa0ea41925a6a664f75c3cac4426d8237,83,160,,2,balanced_subsample,2026,340794,31.643,cpu
271828,rule,3407,bridge_sensitivity,rule_0p30_cseed271828,e18_v1,journal/models/generator_extension/rf_rule_0p30_cseed271828_e18_v1_seed3407.joblib,2c937b496d3b60437d850f7392f324c63497e32f678d383ed13d37cdcc5fb1b1,journal/datasets/synthetic/rule_cseed271828_windows_v2.npz,e13209205e7fdde8188d6ee89a123451d6eeeee653b2ea85011adc105f8b2d2d,da8e4051075fd991b4e6edcf562ba144540be21e6585b7ff939b9798136a1ce2,83,160,,2,balanced_subsample,3407,340794,31.717,cpu
271828,placebo,7,bridge_sensitivity,placebo_0p30_cseed271828,e18_v1,journal/models/generator_extension/rf_placebo_0p30_cseed271828_e18_v1_seed7.joblib,4d455ff18104d1a9aed37777d2ec0aed0a8bfa5d2419abbafbd2945c3014afde,journal/datasets/synthetic/e16_placebo_cseed271828_windows_v2.npz,2c4fbf4923103f2b8607c55691581381ec4f7203bee9fb37d3efcdadaba9af4e,a943cc4d219e222bc35d9bac3a12fc002bf73afe3994e37f6cddd5910ba9edb5,83,160,,2,balanced_subsample,7,340794,31.92,cpu
271828,placebo,42,bridge_sensitivity,placebo_0p30_cseed271828,e18_v1,journal/models/generator_extension/rf_placebo_0p30_cseed271828_e18_v1_seed42.joblib,f3acbe90f3504b7bb8fb1ecadb02a38e9a40e1ff38c62ecea97540d57c94ae40,journal/datasets/synthetic/e16_placebo_cseed271828_windows_v2.npz,2c4fbf4923103f2b8607c55691581381ec4f7203bee9fb37d3efcdadaba9af4e,c8cde376d41ce76b5367dc7b907c42f4010f5831ac2b568b87dec9ea9602bd8e,83,160,,2,balanced_subsample,42,340794,32.134,cpu
271828,placebo,123,bridge_sensitivity,placebo_0p30_cseed271828,e18_v1,journal/models/generator_extension/rf_placebo_0p30_cseed271828_e18_v1_seed123.joblib,7657a5ced9a3551ad0b572ee73f1cfc6626f9eeb72cd39f6bd7077c14506c677,journal/datasets/synthetic/e16_placebo_cseed271828_windows_v2.npz,2c4fbf4923103f2b8607c55691581381ec4f7203bee9fb37d3efcdadaba9af4e,d4cf0a4ad79e8552622211b7dda3eafbcc6364cb4f0d01799f823dfd4787e3d5,83,160,,2,balanced_subsample,123,340794,31.421,cpu
271828,placebo,2026,bridge_sensitivity,placebo_0p30_cseed271828,e18_v1,journal/models/generator_extension/rf_placebo_0p30_cseed271828_e18_v1_seed2026.joblib,6a3fd95ac0abe4d75aa03601b66e7ccff58a9b26aece91936f810ab2ae763f1c,journal/datasets/synthetic/e16_placebo_cseed271828_windows_v2.npz,2c4fbf4923103f2b8607c55691581381ec4f7203bee9fb37d3efcdadaba9af4e,0b2a90164505f1757e18c39df0b420aaa0ea41925a6a664f75c3cac4426d8237,83,160,,2,balanced_subsample,2026,340794,32.3,cpu
271828,placebo,3407,bridge_sensitivity,placebo_0p30_cseed271828,e18_v1,journal/models/generator_extension/rf_placebo_0p30_cseed271828_e18_v1_seed3407.joblib,a950022de4d0a53c6cd3408e0e1d94151d4279d53363dd461b0df857756591e1,journal/datasets/synthetic/e16_placebo_cseed271828_windows_v2.npz,2c4fbf4923103f2b8607c55691581381ec4f7203bee9fb37d3efcdadaba9af4e,da8e4051075fd991b4e6edcf562ba144540be21e6585b7ff939b9798136a1ce2,83,160,,2,balanced_subsample,3407,340794,33.88,cpu
161803,rule,7,bridge_sensitivity,rule_0p30_cseed161803,e18_v1,journal/models/generator_extension/rf_rule_0p30_cseed161803_e18_v1_seed7.joblib,4f1f23d34de8126ab00751721d3c667c90522d8dde230e5dcd1e7fd517f4ea77,journal/datasets/synthetic/rule_cseed161803_windows_v2.npz,01d9426397b0297e5c2d7f3806c6791bf898b6a5f9dcfbbb8d91d299d3767413,9518b9f8eb75b9439c00b9f218c6adcbc86cca103bcaab865a9895a3c8e1abfa,83,160,,2,balanced_subsample,7,340794,32.88,cpu
161803,rule,42,bridge_sensitivity,rule_0p30_cseed161803,e18_v1,journal/models/generator_extension/rf_rule_0p30_cseed161803_e18_v1_seed42.joblib,01aec23a430e08d91922e2164389a3676fba757dd8201116100965c5edc01f3c,journal/datasets/synthetic/rule_cseed161803_windows_v2.npz,01d9426397b0297e5c2d7f3806c6791bf898b6a5f9dcfbbb8d91d299d3767413,3fc35b55fcfddf4dd35320f1091fb2892ae9a26f4f6f059eadfcb6bea01e243b,83,160,,2,balanced_subsample,42,340794,32.592,cpu
161803,rule,123,bridge_sensitivity,rule_0p30_cseed161803,e18_v1,journal/models/generator_extension/rf_rule_0p30_cseed161803_e18_v1_seed123.joblib,3e4da99e52d05f00095b6a96343365ee3ba66124c6ec6828552d2ef81c406f05,journal/datasets/synthetic/rule_cseed161803_windows_v2.npz,01d9426397b0297e5c2d7f3806c6791bf898b6a5f9dcfbbb8d91d299d3767413,a2fb3d60668d800bbbb9c4feb25ec55fdf511febdc5d9db241abb42cf0097671,83,160,,2,balanced_subsample,123,340794,32.759,cpu
161803,rule,2026,bridge_sensitivity,rule_0p30_cseed161803,e18_v1,journal/models/generator_extension/rf_rule_0p30_cseed161803_e18_v1_seed2026.joblib,37ac7ed1608ed12b308b45048614bdac75dacd43579940679dd392b5c75ef33c,journal/datasets/synthetic/rule_cseed161803_windows_v2.npz,01d9426397b0297e5c2d7f3806c6791bf898b6a5f9dcfbbb8d91d299d3767413,692380c01e48a3d94aa525008bad25e31d60380f809595e4e443049705660e31,83,160,,2,balanced_subsample,2026,340794,33.332,cpu
161803,rule,3407,bridge_sensitivity,rule_0p30_cseed161803,e18_v1,journal/models/generator_extension/rf_rule_0p30_cseed161803_e18_v1_seed3407.joblib,6b1ef84bfb141d0ebe5ce18353cd61307adb7809fef6fb9fcde4fa5ee7e7892f,journal/datasets/synthetic/rule_cseed161803_windows_v2.npz,01d9426397b0297e5c2d7f3806c6791bf898b6a5f9dcfbbb8d91d299d3767413,a3bd9046c735ebef77c27b8e61dbbd3d4c0154b6d7076935861e5fc3f28d7195,83,160,,2,balanced_subsample,3407,340794,32.64,cpu
161803,placebo,7,bridge_sensitivity,placebo_0p30_cseed161803,e18_v1,journal/models/generator_extension/rf_placebo_0p30_cseed161803_e18_v1_seed7.joblib,94c1d4f1c6407403e096312cf2c800a9175a8286308fb47da282d538e2ff2744,journal/datasets/synthetic/e16_placebo_cseed161803_windows_v2.npz,b6062ed04b50ef0777ae3e0b3421b0522c6c7dfdf827003b0991d4a6643338f4,9518b9f8eb75b9439c00b9f218c6adcbc86cca103bcaab865a9895a3c8e1abfa,83,160,,2,balanced_subsample,7,340794,32.148,cpu
161803,placebo,42,bridge_sensitivity,placebo_0p30_cseed161803,e18_v1,journal/models/generator_extension/rf_placebo_0p30_cseed161803_e18_v1_seed42.joblib,afa91818bf5ab8185f4c10aea77609b77e55ee0f03fbfa831ad9bf25391677f7,journal/datasets/synthetic/e16_placebo_cseed161803_windows_v2.npz,b6062ed04b50ef0777ae3e0b3421b0522c6c7dfdf827003b0991d4a6643338f4,3fc35b55fcfddf4dd35320f1091fb2892ae9a26f4f6f059eadfcb6bea01e243b,83,160,,2,balanced_subsample,42,340794,31.491,cpu
161803,placebo,123,bridge_sensitivity,placebo_0p30_cseed161803,e18_v1,journal/models/generator_extension/rf_placebo_0p30_cseed161803_e18_v1_seed123.joblib,e4961413e037dc89c8fc8b7b8a429ffa84480ee2aa73e9e75e0ece31e48a21da,journal/datasets/synthetic/e16_placebo_cseed161803_windows_v2.npz,b6062ed04b50ef0777ae3e0b3421b0522c6c7dfdf827003b0991d4a6643338f4,a2fb3d60668d800bbbb9c4feb25ec55fdf511febdc5d9db241abb42cf0097671,83,160,,2,balanced_subsample,123,340794,31.942,cpu
161803,placebo,2026,bridge_sensitivity,placebo_0p30_cseed161803,e18_v1,journal/models/generator_extension/rf_placebo_0p30_cseed161803_e18_v1_seed2026.joblib,36942a8026d7364875b510f53a95e74e2b517854e9de8dd59b5fa2ea2aebeb86,journal/datasets/synthetic/e16_placebo_cseed161803_windows_v2.npz,b6062ed04b50ef0777ae3e0b3421b0522c6c7dfdf827003b0991d4a6643338f4,692380c01e48a3d94aa525008bad25e31d60380f809595e4e443049705660e31,83,160,,2,balanced_subsample,2026,340794,31.67,cpu
161803,placebo,3407,bridge_sensitivity,placebo_0p30_cseed161803,e18_v1,journal/models/generator_extension/rf_placebo_0p30_cseed161803_e18_v1_seed3407.joblib,b9da1aea04c6e51dea7dd21d86d41fdc93fcd6a1824fc57571026b0ae776c832,journal/datasets/synthetic/e16_placebo_cseed161803_windows_v2.npz,b6062ed04b50ef0777ae3e0b3421b0522c6c7dfdf827003b0991d4a6643338f4,a3bd9046c735ebef77c27b8e61dbbd3d4c0154b6d7076935861e5fc3f28d7195,83,160,,2,balanced_subsample,3407,340794,31.427,cpu
141421,rule,7,bridge_sensitivity,rule_0p30_cseed141421,e18_v1,journal/models/generator_extension/rf_rule_0p30_cseed141421_e18_v1_seed7.joblib,09cff3b3b672cc8a89197c9fa855079ab96ca77b0913e6f63aee1e5dba2b768b,journal/datasets/synthetic/rule_cseed141421_windows_v2.npz,52a961e3db47266ab2bcec145d4db7aa46e779f1cf65b61c0674e0dee1b60f0c,79a30630b984c6b5211c6c7e362f2aa4e0afa3cbb797e28a8c8e1eef695f584c,83,160,,2,balanced_subsample,7,340794,31.082,cpu
141421,rule,42,bridge_sensitivity,rule_0p30_cseed141421,e18_v1,journal/models/generator_extension/rf_rule_0p30_cseed141421_e18_v1_seed42.joblib,285ac494426745df2cfbf31b172ee6101f0e268705cda8e0a650a7cfc815155c,journal/datasets/synthetic/rule_cseed141421_windows_v2.npz,52a961e3db47266ab2bcec145d4db7aa46e779f1cf65b61c0674e0dee1b60f0c,2ef06fe50e8f5b101e120c59ecfaf480754e7d355d69edca49498cd74f3d976f,83,160,,2,balanced_subsample,42,340794,31.387,cpu
141421,rule,123,bridge_sensitivity,rule_0p30_cseed141421,e18_v1,journal/models/generator_extension/rf_rule_0p30_cseed141421_e18_v1_seed123.joblib,76c7251491535b20eaad4cfe38463ebde33405d36447f19d42f77d6b9bef11b2,journal/datasets/synthetic/rule_cseed141421_windows_v2.npz,52a961e3db47266ab2bcec145d4db7aa46e779f1cf65b61c0674e0dee1b60f0c,523392e55bb2a615dfe7bec7405046d6c06b9b4cdc11ffa26899b026bf13fa04,83,160,,2,balanced_subsample,123,340794,31.157,cpu
141421,rule,2026,bridge_sensitivity,rule_0p30_cseed141421,e18_v1,journal/models/generator_extension/rf_rule_0p30_cseed141421_e18_v1_seed2026.joblib,38b2c376fb4f9ccefd54b6b5cabc7d5ea5dcd74e5e8d29828f16dcbaa9d804ec,journal/datasets/synthetic/rule_cseed141421_windows_v2.npz,52a961e3db47266ab2bcec145d4db7aa46e779f1cf65b61c0674e0dee1b60f0c,08c074f1f1e99d82b75c26cece786e97f95b55dbe80caf4187d147b3ae2e4c40,83,160,,2,balanced_subsample,2026,340794,31.66,cpu
141421,rule,3407,bridge_sensitivity,rule_0p30_cseed141421,e18_v1,journal/models/generator_extension/rf_rule_0p30_cseed141421_e18_v1_seed3407.joblib,1dbb6134146ba3872197659ce6c63ad1ab4a721bab2012394bf0f7e841dfbcd3,journal/datasets/synthetic/rule_cseed141421_windows_v2.npz,52a961e3db47266ab2bcec145d4db7aa46e779f1cf65b61c0674e0dee1b60f0c,1115dce14a9030459dd7644f3d762d882ebb787ae22d74a6480b2823748660f1,83,160,,2,balanced_subsample,3407,340794,31.163,cpu
141421,placebo,7,bridge_sensitivity,placebo_0p30_cseed141421,e18_v1,journal/models/generator_extension/rf_placebo_0p30_cseed141421_e18_v1_seed7.joblib,802cbb0e943a2568329bdded286a469b69eed53a7ad46322f59148a03ab87a62,journal/datasets/synthetic/e16_placebo_cseed141421_windows_v2.npz,06cd0713fbd24f4a7773b15ed9da8cf93434c36844a68d50fce38bc2bf3bda35,79a30630b984c6b5211c6c7e362f2aa4e0afa3cbb797e28a8c8e1eef695f584c,83,160,,2,balanced_subsample,7,340794,31.438,cpu
141421,placebo,42,bridge_sensitivity,placebo_0p30_cseed141421,e18_v1,journal/models/generator_extension/rf_placebo_0p30_cseed141421_e18_v1_seed42.joblib,e5c598db219cdd135fdb84f152adb3032e7310ead8fa57c598fbafaadd67d31a,journal/datasets/synthetic/e16_placebo_cseed141421_windows_v2.npz,06cd0713fbd24f4a7773b15ed9da8cf93434c36844a68d50fce38bc2bf3bda35,2ef06fe50e8f5b101e120c59ecfaf480754e7d355d69edca49498cd74f3d976f,83,160,,2,balanced_subsample,42,340794,31.206,cpu
141421,placebo,123,bridge_sensitivity,placebo_0p30_cseed141421,e18_v1,journal/models/generator_extension/rf_placebo_0p30_cseed141421_e18_v1_seed123.joblib,7e630021669c1ac78c755d5289a9a33b4e6591a04f872361efe2e97302499a33,journal/datasets/synthetic/e16_placebo_cseed141421_windows_v2.npz,06cd0713fbd24f4a7773b15ed9da8cf93434c36844a68d50fce38bc2bf3bda35,523392e55bb2a615dfe7bec7405046d6c06b9b4cdc11ffa26899b026bf13fa04,83,160,,2,balanced_subsample,123,340794,31.034,cpu
141421,placebo,2026,bridge_sensitivity,placebo_0p30_cseed141421,e18_v1,journal/models/generator_extension/rf_placebo_0p30_cseed141421_e18_v1_seed2026.joblib,2901c1b7c89a2c60c24e17c132fca729edda7af99ae209bfe8f8331e3d3a5275,journal/datasets/synthetic/e16_placebo_cseed141421_windows_v2.npz,06cd0713fbd24f4a7773b15ed9da8cf93434c36844a68d50fce38bc2bf3bda35,08c074f1f1e99d82b75c26cece786e97f95b55dbe80caf4187d147b3ae2e4c40,83,160,,2,balanced_subsample,2026,340794,31.425,cpu
141421,placebo,3407,bridge_sensitivity,placebo_0p30_cseed141421,e18_v1,journal/models/generator_extension/rf_placebo_0p30_cseed141421_e18_v1_seed3407.joblib,fa5cdc87ff5ead63b36829476c44fd4bfd9ed152880e5df8c677f00294419eba,journal/datasets/synthetic/e16_placebo_cseed141421_windows_v2.npz,06cd0713fbd24f4a7773b15ed9da8cf93434c36844a68d50fce38bc2bf3bda35,1115dce14a9030459dd7644f3d762d882ebb787ae22d74a6480b2823748660f1,83,160,,2,balanced_subsample,3407,340794,30.96,cpu
173205,rule,7,bridge_sensitivity,rule_0p30_cseed173205,e18_v1,journal/models/generator_extension/rf_rule_0p30_cseed173205_e18_v1_seed7.joblib,9cc46775c441fedc6a0cdcdf7efd2bf40f42986abb9dc1ede3f1a6cb1be7ec51,journal/datasets/synthetic/rule_cseed173205_windows_v2.npz,5f4a4567785bfff00def5959062731cf7479d0828c430cc2d51dba0dba00e18a,0cdd7dd526f6fbd958dc0a383d67eb5333ee60859502079a1426c6d1869942bc,83,160,,2,balanced_subsample,7,340794,30.632,cpu
173205,rule,42,bridge_sensitivity,rule_0p30_cseed173205,e18_v1,journal/models/generator_extension/rf_rule_0p30_cseed173205_e18_v1_seed42.joblib,cc0f7a9c9bc079d5e13917210376cd24f7aba4edd37d4ac821421587095fabaf,journal/datasets/synthetic/rule_cseed173205_windows_v2.npz,5f4a4567785bfff00def5959062731cf7479d0828c430cc2d51dba0dba00e18a,f68cf55ca14cbd888e8128995e82906cc57344ff53f8a511d0f9d9646eb30987,83,160,,2,balanced_subsample,42,340794,31.873,cpu
173205,rule,123,bridge_sensitivity,rule_0p30_cseed173205,e18_v1,journal/models/generator_extension/rf_rule_0p30_cseed173205_e18_v1_seed123.joblib,256039e71fbf098690d588b1f916d5f48ce3fd8253bdd1e2099df9bc77c78712,journal/datasets/synthetic/rule_cseed173205_windows_v2.npz,5f4a4567785bfff00def5959062731cf7479d0828c430cc2d51dba0dba00e18a,93106d2a1905dc75e139f457e138799a3c3ef4f3ae3b7dc72f60d9ca82f78809,83,160,,2,balanced_subsample,123,340794,31.563,cpu
173205,rule,2026,bridge_sensitivity,rule_0p30_cseed173205,e18_v1,journal/models/generator_extension/rf_rule_0p30_cseed173205_e18_v1_seed2026.joblib,040ab2f07f4695b49cea2d0df23fd962ed85391727e96565a12a210212d35a9f,journal/datasets/synthetic/rule_cseed173205_windows_v2.npz,5f4a4567785bfff00def5959062731cf7479d0828c430cc2d51dba0dba00e18a,f00b6fd15a09cd4f2b56f91dd978659642d2cc6255336f9b25dd6572b5e9e718,83,160,,2,balanced_subsample,2026,340794,32.034,cpu
173205,rule,3407,bridge_sensitivity,rule_0p30_cseed173205,e18_v1,journal/models/generator_extension/rf_rule_0p30_cseed173205_e18_v1_seed3407.joblib,bc6156f9e11ceafd7294ee960d7dc179638f1e20611029bfafb76422ebfe24a4,journal/datasets/synthetic/rule_cseed173205_windows_v2.npz,5f4a4567785bfff00def5959062731cf7479d0828c430cc2d51dba0dba00e18a,cd7aec2a87f6b1a4b0e519687e1bf716996d09dd40e170d4ff02b43a051d0aa0,83,160,,2,balanced_subsample,3407,340794,32.808,cpu
173205,placebo,7,bridge_sensitivity,placebo_0p30_cseed173205,e18_v1,journal/models/generator_extension/rf_placebo_0p30_cseed173205_e18_v1_seed7.joblib,dd6c5f2293e8c5b064c8666658e98b5c162565a5b4a7411b2c3f9f37b6efb0fd,journal/datasets/synthetic/e16_placebo_cseed173205_windows_v2.npz,f0e12d73f9d3e85d386fd3166c88eacd6789c4b684f809be68a34596cac8dd79,0cdd7dd526f6fbd958dc0a383d67eb5333ee60859502079a1426c6d1869942bc,83,160,,2,balanced_subsample,7,340794,30.654,cpu
173205,placebo,42,bridge_sensitivity,placebo_0p30_cseed173205,e18_v1,journal/models/generator_extension/rf_placebo_0p30_cseed173205_e18_v1_seed42.joblib,8450bd0e36b7c7940441f62331f45aecfdec53e9eeae3fd203c3629b449a6459,journal/datasets/synthetic/e16_placebo_cseed173205_windows_v2.npz,f0e12d73f9d3e85d386fd3166c88eacd6789c4b684f809be68a34596cac8dd79,f68cf55ca14cbd888e8128995e82906cc57344ff53f8a511d0f9d9646eb30987,83,160,,2,balanced_subsample,42,340794,30.608,cpu
173205,placebo,123,bridge_sensitivity,placebo_0p30_cseed173205,e18_v1,journal/models/generator_extension/rf_placebo_0p30_cseed173205_e18_v1_seed123.joblib,b30c5f67a01516ff760f734117ee08c71a11d5c2496432ed17eaf1ca6068d0c9,journal/datasets/synthetic/e16_placebo_cseed173205_windows_v2.npz,f0e12d73f9d3e85d386fd3166c88eacd6789c4b684f809be68a34596cac8dd79,93106d2a1905dc75e139f457e138799a3c3ef4f3ae3b7dc72f60d9ca82f78809,83,160,,2,balanced_subsample,123,340794,33.015,cpu
173205,placebo,2026,bridge_sensitivity,placebo_0p30_cseed173205,e18_v1,journal/models/generator_extension/rf_placebo_0p30_cseed173205_e18_v1_seed2026.joblib,0eb767d300ebc1e971d18077ef7cd70e070905fd200ec73b74e8dc72ec8da818,journal/datasets/synthetic/e16_placebo_cseed173205_windows_v2.npz,f0e12d73f9d3e85d386fd3166c88eacd6789c4b684f809be68a34596cac8dd79,f00b6fd15a09cd4f2b56f91dd978659642d2cc6255336f9b25dd6572b5e9e718,83,160,,2,balanced_subsample,2026,340794,31.386,cpu
173205,placebo,3407,bridge_sensitivity,placebo_0p30_cseed173205,e18_v1,journal/models/generator_extension/rf_placebo_0p30_cseed173205_e18_v1_seed3407.joblib,d57902a35e7cb5c50b4079b0dee77bf385b31b2c97eecaf13699c721ee16c11d,journal/datasets/synthetic/e16_placebo_cseed173205_windows_v2.npz,f0e12d73f9d3e85d386fd3166c88eacd6789c4b684f809be68a34596cac8dd79,cd7aec2a87f6b1a4b0e519687e1bf716996d09dd40e170d4ff02b43a051d0aa0,83,160,,2,balanced_subsample,3407,340794,32.826,cpu
