arm,construction_seed,pipeline_seed,role,id_stratum,P,S,D,cell,exact_recall,binary_recall,attack_scope,n
placebo,141421,7,bridge_sensitivity,canonical,0,0,0,000,0.9990833333333333,1.0,equal_macro,
placebo,141421,7,bridge_sensitivity,canonical,0,0,1,001,0.9991666666666668,1.0,equal_macro,
placebo,141421,7,bridge_sensitivity,canonical,0,1,0,010,0.99925,1.0,equal_macro,
placebo,141421,7,bridge_sensitivity,canonical,0,1,1,011,0.9991666666666668,1.0,equal_macro,
placebo,141421,7,bridge_sensitivity,canonical,1,0,0,100,0.17408333333333334,0.29508333333333336,equal_macro,
placebo,141421,7,bridge_sensitivity,canonical,1,0,1,101,0.19224999999999998,0.6556666666666666,equal_macro,
placebo,141421,7,bridge_sensitivity,canonical,1,1,0,110,0.19733333333333333,0.28008333333333335,equal_macro,
placebo,141421,7,bridge_sensitivity,canonical,1,1,1,111,0.21516666666666667,0.6546666666666667,equal_macro,
placebo,141421,7,bridge_sensitivity,shifted,0,0,0,000,0.9975,1.0,equal_macro,
placebo,141421,7,bridge_sensitivity,shifted,0,0,1,001,0.9986666666666666,1.0,equal_macro,
placebo,141421,7,bridge_sensitivity,shifted,0,1,0,010,0.9983333333333333,1.0,equal_macro,
placebo,141421,7,bridge_sensitivity,shifted,0,1,1,011,0.9985833333333334,1.0,equal_macro,
placebo,141421,7,bridge_sensitivity,shifted,1,0,0,100,0.165,0.28741666666666665,equal_macro,
placebo,141421,7,bridge_sensitivity,shifted,1,0,1,101,0.18658333333333332,0.6529166666666666,equal_macro,
placebo,141421,7,bridge_sensitivity,shifted,1,1,0,110,0.18974999999999997,0.2733333333333333,equal_macro,
placebo,141421,7,bridge_sensitivity,shifted,1,1,1,111,0.21058333333333334,0.6548333333333334,equal_macro,
placebo,141421,42,bridge_sensitivity,canonical,0,0,0,000,0.9990000000000001,1.0,equal_macro,
placebo,141421,42,bridge_sensitivity,canonical,0,0,1,001,0.9993333333333334,1.0,equal_macro,
placebo,141421,42,bridge_sensitivity,canonical,0,1,0,010,0.9994166666666666,1.0,equal_macro,
placebo,141421,42,bridge_sensitivity,canonical,0,1,1,011,0.9993333333333334,1.0,equal_macro,
placebo,141421,42,bridge_sensitivity,canonical,1,0,0,100,0.049666666666666665,0.26025,equal_macro,
placebo,141421,42,bridge_sensitivity,canonical,1,0,1,101,0.04391666666666667,0.6138333333333333,equal_macro,
placebo,141421,42,bridge_sensitivity,canonical,1,1,0,110,0.059,0.22483333333333333,equal_macro,
placebo,141421,42,bridge_sensitivity,canonical,1,1,1,111,0.048916666666666664,0.6054999999999999,equal_macro,
placebo,141421,42,bridge_sensitivity,shifted,0,0,0,000,0.9976666666666667,1.0,equal_macro,
placebo,141421,42,bridge_sensitivity,shifted,0,0,1,001,0.9985833333333334,1.0,equal_macro,
placebo,141421,42,bridge_sensitivity,shifted,0,1,0,010,0.9984999999999999,1.0,equal_macro,
placebo,141421,42,bridge_sensitivity,shifted,0,1,1,011,0.9990000000000001,1.0,equal_macro,
placebo,141421,42,bridge_sensitivity,shifted,1,0,0,100,0.051750000000000004,0.2629166666666667,equal_macro,
placebo,141421,42,bridge_sensitivity,shifted,1,0,1,101,0.04641666666666666,0.61975,equal_macro,
placebo,141421,42,bridge_sensitivity,shifted,1,1,0,110,0.060833333333333336,0.22666666666666668,equal_macro,
placebo,141421,42,bridge_sensitivity,shifted,1,1,1,111,0.05291666666666667,0.6133333333333333,equal_macro,
placebo,141421,123,bridge_sensitivity,canonical,0,0,0,000,0.99925,1.0,equal_macro,
placebo,141421,123,bridge_sensitivity,canonical,0,0,1,001,0.9991666666666668,1.0,equal_macro,
placebo,141421,123,bridge_sensitivity,canonical,0,1,0,010,0.9992500000000001,1.0,equal_macro,
placebo,141421,123,bridge_sensitivity,canonical,0,1,1,011,0.9993333333333334,1.0,equal_macro,
placebo,141421,123,bridge_sensitivity,canonical,1,0,0,100,0.11516666666666667,0.31275,equal_macro,
placebo,141421,123,bridge_sensitivity,canonical,1,0,1,101,0.06725,0.6795,equal_macro,
placebo,141421,123,bridge_sensitivity,canonical,1,1,0,110,0.1355,0.29400000000000004,equal_macro,
placebo,141421,123,bridge_sensitivity,canonical,1,1,1,111,0.06741666666666667,0.6705,equal_macro,
placebo,141421,123,bridge_sensitivity,shifted,0,0,0,000,0.9969166666666667,1.0,equal_macro,
placebo,141421,123,bridge_sensitivity,shifted,0,0,1,001,0.9983333333333333,1.0,equal_macro,
placebo,141421,123,bridge_sensitivity,shifted,0,1,0,010,0.9985000000000002,1.0,equal_macro,
placebo,141421,123,bridge_sensitivity,shifted,0,1,1,011,0.9988333333333335,1.0,equal_macro,
placebo,141421,123,bridge_sensitivity,shifted,1,0,0,100,0.12016666666666667,0.31666666666666665,equal_macro,
placebo,141421,123,bridge_sensitivity,shifted,1,0,1,101,0.06825,0.68275,equal_macro,
placebo,141421,123,bridge_sensitivity,shifted,1,1,0,110,0.13858333333333334,0.2966666666666667,equal_macro,
placebo,141421,123,bridge_sensitivity,shifted,1,1,1,111,0.06933333333333333,0.67375,equal_macro,
placebo,141421,2026,bridge_sensitivity,canonical,0,0,0,000,0.9985833333333334,1.0,equal_macro,
placebo,141421,2026,bridge_sensitivity,canonical,0,0,1,001,0.9988333333333335,1.0,equal_macro,
placebo,141421,2026,bridge_sensitivity,canonical,0,1,0,010,0.9990833333333333,1.0,equal_macro,
placebo,141421,2026,bridge_sensitivity,canonical,0,1,1,011,0.9993333333333334,1.0,equal_macro,
placebo,141421,2026,bridge_sensitivity,canonical,1,0,0,100,0.037083333333333336,0.20858333333333334,equal_macro,
placebo,141421,2026,bridge_sensitivity,canonical,1,0,1,101,0.03941666666666666,0.5500833333333333,equal_macro,
placebo,141421,2026,bridge_sensitivity,canonical,1,1,0,110,0.04066666666666666,0.16649999999999998,equal_macro,
placebo,141421,2026,bridge_sensitivity,canonical,1,1,1,111,0.04275,0.5300833333333334,equal_macro,
placebo,141421,2026,bridge_sensitivity,shifted,0,0,0,000,0.9970000000000001,1.0,equal_macro,
placebo,141421,2026,bridge_sensitivity,shifted,0,0,1,001,0.9979166666666668,1.0,equal_macro,
placebo,141421,2026,bridge_sensitivity,shifted,0,1,0,010,0.9984166666666667,1.0,equal_macro,
placebo,141421,2026,bridge_sensitivity,shifted,0,1,1,011,0.9987500000000001,1.0,equal_macro,
placebo,141421,2026,bridge_sensitivity,shifted,1,0,0,100,0.037083333333333336,0.20625,equal_macro,
placebo,141421,2026,bridge_sensitivity,shifted,1,0,1,101,0.04191666666666667,0.5563333333333333,equal_macro,
placebo,141421,2026,bridge_sensitivity,shifted,1,1,0,110,0.04091666666666667,0.16458333333333336,equal_macro,
placebo,141421,2026,bridge_sensitivity,shifted,1,1,1,111,0.044583333333333336,0.53775,equal_macro,
placebo,141421,3407,bridge_sensitivity,canonical,0,0,0,000,0.99875,1.0,equal_macro,
placebo,141421,3407,bridge_sensitivity,canonical,0,0,1,001,0.9990000000000001,1.0,equal_macro,
placebo,141421,3407,bridge_sensitivity,canonical,0,1,0,010,0.99925,1.0,equal_macro,
placebo,141421,3407,bridge_sensitivity,canonical,0,1,1,011,0.9990000000000001,1.0,equal_macro,
placebo,141421,3407,bridge_sensitivity,canonical,1,0,0,100,0.08508333333333333,0.31733333333333336,equal_macro,
placebo,141421,3407,bridge_sensitivity,canonical,1,0,1,101,0.041166666666666664,0.73725,equal_macro,
placebo,141421,3407,bridge_sensitivity,canonical,1,1,0,110,0.09291666666666666,0.28391666666666665,equal_macro,
placebo,141421,3407,bridge_sensitivity,canonical,1,1,1,111,0.0465,0.7498333333333332,equal_macro,
placebo,141421,3407,bridge_sensitivity,shifted,0,0,0,000,0.99725,1.0,equal_macro,
placebo,141421,3407,bridge_sensitivity,shifted,0,0,1,001,0.9976666666666667,1.0,equal_macro,
placebo,141421,3407,bridge_sensitivity,shifted,0,1,0,010,0.9985833333333334,1.0,equal_macro,
placebo,141421,3407,bridge_sensitivity,shifted,0,1,1,011,0.9988333333333335,1.0,equal_macro,
placebo,141421,3407,bridge_sensitivity,shifted,1,0,0,100,0.08608333333333333,0.319,equal_macro,
placebo,141421,3407,bridge_sensitivity,shifted,1,0,1,101,0.042,0.7410833333333333,equal_macro,
placebo,141421,3407,bridge_sensitivity,shifted,1,1,0,110,0.09350000000000001,0.2843333333333333,equal_macro,
placebo,141421,3407,bridge_sensitivity,shifted,1,1,1,111,0.046,0.7500833333333334,equal_macro,
placebo,161803,7,bridge_sensitivity,canonical,0,0,0,000,0.9988333333333335,1.0,equal_macro,
placebo,161803,7,bridge_sensitivity,canonical,0,0,1,001,0.9994166666666666,1.0,equal_macro,
placebo,161803,7,bridge_sensitivity,canonical,0,1,0,010,0.9993333333333334,1.0,equal_macro,
placebo,161803,7,bridge_sensitivity,canonical,0,1,1,011,0.9995833333333333,1.0,equal_macro,
placebo,161803,7,bridge_sensitivity,canonical,1,0,0,100,0.09325,0.27108333333333334,equal_macro,
placebo,161803,7,bridge_sensitivity,canonical,1,0,1,101,0.13066666666666665,0.747,equal_macro,
placebo,161803,7,bridge_sensitivity,canonical,1,1,0,110,0.12325,0.26,equal_macro,
placebo,161803,7,bridge_sensitivity,canonical,1,1,1,111,0.14425,0.7425833333333334,equal_macro,
placebo,161803,7,bridge_sensitivity,shifted,0,0,0,000,0.99725,1.0,equal_macro,
placebo,161803,7,bridge_sensitivity,shifted,0,0,1,001,0.9989166666666667,1.0,equal_macro,
placebo,161803,7,bridge_sensitivity,shifted,0,1,0,010,0.9985833333333334,1.0,equal_macro,
placebo,161803,7,bridge_sensitivity,shifted,0,1,1,011,0.9993333333333334,1.0,equal_macro,
placebo,161803,7,bridge_sensitivity,shifted,1,0,0,100,0.09033333333333333,0.26866666666666666,equal_macro,
placebo,161803,7,bridge_sensitivity,shifted,1,0,1,101,0.12408333333333334,0.7456666666666667,equal_macro,
placebo,161803,7,bridge_sensitivity,shifted,1,1,0,110,0.1175,0.25575000000000003,equal_macro,
placebo,161803,7,bridge_sensitivity,shifted,1,1,1,111,0.13975,0.7453333333333333,equal_macro,
placebo,161803,42,bridge_sensitivity,canonical,0,0,0,000,0.9986666666666666,1.0,equal_macro,
placebo,161803,42,bridge_sensitivity,canonical,0,0,1,001,0.9988333333333335,1.0,equal_macro,
placebo,161803,42,bridge_sensitivity,canonical,0,1,0,010,0.9990000000000001,1.0,equal_macro,
placebo,161803,42,bridge_sensitivity,canonical,0,1,1,011,0.9990833333333333,1.0,equal_macro,
placebo,161803,42,bridge_sensitivity,canonical,1,0,0,100,0.14666666666666667,0.25349999999999995,equal_macro,
placebo,161803,42,bridge_sensitivity,canonical,1,0,1,101,0.08491666666666667,0.5414166666666667,equal_macro,
placebo,161803,42,bridge_sensitivity,canonical,1,1,0,110,0.16958333333333334,0.23691666666666666,equal_macro,
placebo,161803,42,bridge_sensitivity,canonical,1,1,1,111,0.092,0.5211666666666667,equal_macro,
placebo,161803,42,bridge_sensitivity,shifted,0,0,0,000,0.9973333333333334,1.0,equal_macro,
placebo,161803,42,bridge_sensitivity,shifted,0,0,1,001,0.9983333333333333,1.0,equal_macro,
placebo,161803,42,bridge_sensitivity,shifted,0,1,0,010,0.9982500000000001,1.0,equal_macro,
placebo,161803,42,bridge_sensitivity,shifted,0,1,1,011,0.9985833333333334,1.0,equal_macro,
placebo,161803,42,bridge_sensitivity,shifted,1,0,0,100,0.1443333333333333,0.2500833333333333,equal_macro,
placebo,161803,42,bridge_sensitivity,shifted,1,0,1,101,0.09141666666666666,0.5461666666666667,equal_macro,
placebo,161803,42,bridge_sensitivity,shifted,1,1,0,110,0.16575,0.23249999999999998,equal_macro,
placebo,161803,42,bridge_sensitivity,shifted,1,1,1,111,0.10258333333333333,0.529,equal_macro,
placebo,161803,123,bridge_sensitivity,canonical,0,0,0,000,0.9989166666666667,1.0,equal_macro,
placebo,161803,123,bridge_sensitivity,canonical,0,0,1,001,0.9989166666666667,1.0,equal_macro,
placebo,161803,123,bridge_sensitivity,canonical,0,1,0,010,0.9993333333333334,1.0,equal_macro,
placebo,161803,123,bridge_sensitivity,canonical,0,1,1,011,0.9992500000000001,1.0,equal_macro,
placebo,161803,123,bridge_sensitivity,canonical,1,0,0,100,0.15975,0.33091666666666664,equal_macro,
placebo,161803,123,bridge_sensitivity,canonical,1,0,1,101,0.05491666666666667,0.8443333333333334,equal_macro,
placebo,161803,123,bridge_sensitivity,canonical,1,1,0,110,0.18516666666666665,0.3095833333333333,equal_macro,
placebo,161803,123,bridge_sensitivity,canonical,1,1,1,111,0.051916666666666667,0.8467499999999999,equal_macro,
placebo,161803,123,bridge_sensitivity,shifted,0,0,0,000,0.9971666666666668,1.0,equal_macro,
placebo,161803,123,bridge_sensitivity,shifted,0,0,1,001,0.9980833333333334,1.0,equal_macro,
placebo,161803,123,bridge_sensitivity,shifted,0,1,0,010,0.9984999999999999,1.0,equal_macro,
placebo,161803,123,bridge_sensitivity,shifted,0,1,1,011,0.9986666666666668,1.0,equal_macro,
placebo,161803,123,bridge_sensitivity,shifted,1,0,0,100,0.15933333333333335,0.3314166666666667,equal_macro,
placebo,161803,123,bridge_sensitivity,shifted,1,0,1,101,0.05641666666666667,0.8460833333333333,equal_macro,
placebo,161803,123,bridge_sensitivity,shifted,1,1,0,110,0.18491666666666667,0.31116666666666665,equal_macro,
placebo,161803,123,bridge_sensitivity,shifted,1,1,1,111,0.05416666666666667,0.8481666666666665,equal_macro,
placebo,161803,2026,bridge_sensitivity,canonical,0,0,0,000,0.9984166666666667,1.0,equal_macro,
placebo,161803,2026,bridge_sensitivity,canonical,0,0,1,001,0.99925,1.0,equal_macro,
placebo,161803,2026,bridge_sensitivity,canonical,0,1,0,010,0.9991666666666668,1.0,equal_macro,
placebo,161803,2026,bridge_sensitivity,canonical,0,1,1,011,0.9995,1.0,equal_macro,
placebo,161803,2026,bridge_sensitivity,canonical,1,0,0,100,0.17691666666666667,0.4441666666666667,equal_macro,
placebo,161803,2026,bridge_sensitivity,canonical,1,0,1,101,0.06641666666666667,0.76525,equal_macro,
placebo,161803,2026,bridge_sensitivity,canonical,1,1,0,110,0.1835,0.40291666666666665,equal_macro,
placebo,161803,2026,bridge_sensitivity,canonical,1,1,1,111,0.06683333333333333,0.78325,equal_macro,
placebo,161803,2026,bridge_sensitivity,shifted,0,0,0,000,0.9973333333333334,1.0,equal_macro,
placebo,161803,2026,bridge_sensitivity,shifted,0,0,1,001,0.9985833333333334,1.0,equal_macro,
placebo,161803,2026,bridge_sensitivity,shifted,0,1,0,010,0.9985833333333334,1.0,equal_macro,
placebo,161803,2026,bridge_sensitivity,shifted,0,1,1,011,0.9992500000000001,1.0,equal_macro,
placebo,161803,2026,bridge_sensitivity,shifted,1,0,0,100,0.17575,0.442,equal_macro,
placebo,161803,2026,bridge_sensitivity,shifted,1,0,1,101,0.06883333333333333,0.7682500000000001,equal_macro,
placebo,161803,2026,bridge_sensitivity,shifted,1,1,0,110,0.17925,0.40075000000000005,equal_macro,
placebo,161803,2026,bridge_sensitivity,shifted,1,1,1,111,0.06991666666666667,0.7844166666666668,equal_macro,
placebo,161803,3407,bridge_sensitivity,canonical,0,0,0,000,0.9987500000000001,1.0,equal_macro,
placebo,161803,3407,bridge_sensitivity,canonical,0,0,1,001,0.9991666666666668,1.0,equal_macro,
placebo,161803,3407,bridge_sensitivity,canonical,0,1,0,010,0.9992500000000001,1.0,equal_macro,
placebo,161803,3407,bridge_sensitivity,canonical,0,1,1,011,0.9995,1.0,equal_macro,
placebo,161803,3407,bridge_sensitivity,canonical,1,0,0,100,0.06675,0.25466666666666665,equal_macro,
placebo,161803,3407,bridge_sensitivity,canonical,1,0,1,101,0.033166666666666664,0.7429166666666667,equal_macro,
placebo,161803,3407,bridge_sensitivity,canonical,1,1,0,110,0.08341666666666667,0.22683333333333333,equal_macro,
placebo,161803,3407,bridge_sensitivity,canonical,1,1,1,111,0.035166666666666666,0.7336666666666667,equal_macro,
placebo,161803,3407,bridge_sensitivity,shifted,0,0,0,000,0.9970000000000001,1.0,equal_macro,
placebo,161803,3407,bridge_sensitivity,shifted,0,0,1,001,0.9986666666666666,1.0,equal_macro,
placebo,161803,3407,bridge_sensitivity,shifted,0,1,0,010,0.9983333333333334,1.0,equal_macro,
placebo,161803,3407,bridge_sensitivity,shifted,0,1,1,011,0.9989166666666668,1.0,equal_macro,
placebo,161803,3407,bridge_sensitivity,shifted,1,0,0,100,0.06908333333333333,0.2585,equal_macro,
placebo,161803,3407,bridge_sensitivity,shifted,1,0,1,101,0.03375,0.74725,equal_macro,
placebo,161803,3407,bridge_sensitivity,shifted,1,1,0,110,0.08725,0.2320833333333333,equal_macro,
placebo,161803,3407,bridge_sensitivity,shifted,1,1,1,111,0.036250000000000004,0.7396666666666666,equal_macro,
placebo,173205,7,bridge_sensitivity,canonical,0,0,0,000,0.9989166666666667,1.0,equal_macro,
placebo,173205,7,bridge_sensitivity,canonical,0,0,1,001,0.99925,1.0,equal_macro,
placebo,173205,7,bridge_sensitivity,canonical,0,1,0,010,0.9993333333333334,1.0,equal_macro,
placebo,173205,7,bridge_sensitivity,canonical,0,1,1,011,0.9994166666666666,1.0,equal_macro,
placebo,173205,7,bridge_sensitivity,canonical,1,0,0,100,0.08075,0.30599999999999994,equal_macro,
placebo,173205,7,bridge_sensitivity,canonical,1,0,1,101,0.0635,0.7621666666666667,equal_macro,
placebo,173205,7,bridge_sensitivity,canonical,1,1,0,110,0.10500000000000001,0.27841666666666665,equal_macro,
placebo,173205,7,bridge_sensitivity,canonical,1,1,1,111,0.06675,0.7645,equal_macro,
placebo,173205,7,bridge_sensitivity,shifted,0,0,0,000,0.9975833333333333,1.0,equal_macro,
placebo,173205,7,bridge_sensitivity,shifted,0,0,1,001,0.9984166666666667,1.0,equal_macro,
placebo,173205,7,bridge_sensitivity,shifted,0,1,0,010,0.9982500000000001,1.0,equal_macro,
placebo,173205,7,bridge_sensitivity,shifted,0,1,1,011,0.9984166666666667,1.0,equal_macro,
placebo,173205,7,bridge_sensitivity,shifted,1,0,0,100,0.08158333333333334,0.3060833333333333,equal_macro,
placebo,173205,7,bridge_sensitivity,shifted,1,0,1,101,0.06641666666666667,0.76675,equal_macro,
placebo,173205,7,bridge_sensitivity,shifted,1,1,0,110,0.10941666666666666,0.2816666666666667,equal_macro,
placebo,173205,7,bridge_sensitivity,shifted,1,1,1,111,0.06983333333333333,0.7694166666666666,equal_macro,
placebo,173205,42,bridge_sensitivity,canonical,0,0,0,000,0.9989999999999999,1.0,equal_macro,
placebo,173205,42,bridge_sensitivity,canonical,0,0,1,001,0.9986666666666666,1.0,equal_macro,
placebo,173205,42,bridge_sensitivity,canonical,0,1,0,010,0.99925,1.0,equal_macro,
placebo,173205,42,bridge_sensitivity,canonical,0,1,1,011,0.99925,1.0,equal_macro,
placebo,173205,42,bridge_sensitivity,canonical,1,0,0,100,0.07741666666666668,0.23091666666666666,equal_macro,
placebo,173205,42,bridge_sensitivity,canonical,1,0,1,101,0.13266666666666665,0.6054166666666667,equal_macro,
placebo,173205,42,bridge_sensitivity,canonical,1,1,0,110,0.0935,0.21000000000000002,equal_macro,
placebo,173205,42,bridge_sensitivity,canonical,1,1,1,111,0.14783333333333334,0.59775,equal_macro,
placebo,173205,42,bridge_sensitivity,shifted,0,0,0,000,0.9971666666666668,1.0,equal_macro,
placebo,173205,42,bridge_sensitivity,shifted,0,0,1,001,0.9981666666666666,1.0,equal_macro,
placebo,173205,42,bridge_sensitivity,shifted,0,1,0,010,0.9982500000000001,1.0,equal_macro,
placebo,173205,42,bridge_sensitivity,shifted,0,1,1,011,0.99875,1.0,equal_macro,
placebo,173205,42,bridge_sensitivity,shifted,1,0,0,100,0.07716666666666668,0.23,equal_macro,
placebo,173205,42,bridge_sensitivity,shifted,1,0,1,101,0.133,0.6096666666666666,equal_macro,
placebo,173205,42,bridge_sensitivity,shifted,1,1,0,110,0.09350000000000001,0.20925000000000002,equal_macro,
placebo,173205,42,bridge_sensitivity,shifted,1,1,1,111,0.14808333333333334,0.6045,equal_macro,
placebo,173205,123,bridge_sensitivity,canonical,0,0,0,000,0.9987500000000001,1.0,equal_macro,
placebo,173205,123,bridge_sensitivity,canonical,0,0,1,001,0.99925,1.0,equal_macro,
placebo,173205,123,bridge_sensitivity,canonical,0,1,0,010,0.9990000000000001,1.0,equal_macro,
placebo,173205,123,bridge_sensitivity,canonical,0,1,1,011,0.99925,1.0,equal_macro,
placebo,173205,123,bridge_sensitivity,canonical,1,0,0,100,0.055749999999999994,0.2285,equal_macro,
placebo,173205,123,bridge_sensitivity,canonical,1,0,1,101,0.036833333333333336,0.6378333333333333,equal_macro,
placebo,173205,123,bridge_sensitivity,canonical,1,1,0,110,0.06316666666666666,0.19016666666666665,equal_macro,
placebo,173205,123,bridge_sensitivity,canonical,1,1,1,111,0.036000000000000004,0.6269166666666667,equal_macro,
placebo,173205,123,bridge_sensitivity,shifted,0,0,0,000,0.9968333333333335,1.0,equal_macro,
placebo,173205,123,bridge_sensitivity,shifted,0,0,1,001,0.998,1.0,equal_macro,
placebo,173205,123,bridge_sensitivity,shifted,0,1,0,010,0.9981666666666666,1.0,equal_macro,
placebo,173205,123,bridge_sensitivity,shifted,0,1,1,011,0.9985833333333334,1.0,equal_macro,
placebo,173205,123,bridge_sensitivity,shifted,1,0,0,100,0.05575,0.22875,equal_macro,
placebo,173205,123,bridge_sensitivity,shifted,1,0,1,101,0.0395,0.6471666666666667,equal_macro,
placebo,173205,123,bridge_sensitivity,shifted,1,1,0,110,0.06383333333333333,0.19258333333333333,equal_macro,
placebo,173205,123,bridge_sensitivity,shifted,1,1,1,111,0.03816666666666667,0.63625,equal_macro,
placebo,173205,2026,bridge_sensitivity,canonical,0,0,0,000,0.9987500000000001,1.0,equal_macro,
placebo,173205,2026,bridge_sensitivity,canonical,0,0,1,001,0.99875,1.0,equal_macro,
placebo,173205,2026,bridge_sensitivity,canonical,0,1,0,010,0.9988333333333335,1.0,equal_macro,
placebo,173205,2026,bridge_sensitivity,canonical,0,1,1,011,0.9993333333333334,1.0,equal_macro,
placebo,173205,2026,bridge_sensitivity,canonical,1,0,0,100,0.06183333333333333,0.29908333333333337,equal_macro,
placebo,173205,2026,bridge_sensitivity,canonical,1,0,1,101,0.04716666666666667,0.5896666666666667,equal_macro,
placebo,173205,2026,bridge_sensitivity,canonical,1,1,0,110,0.06441666666666666,0.25716666666666665,equal_macro,
placebo,173205,2026,bridge_sensitivity,canonical,1,1,1,111,0.05641666666666667,0.5880833333333333,equal_macro,
placebo,173205,2026,bridge_sensitivity,shifted,0,0,0,000,0.9965833333333334,1.0,equal_macro,
placebo,173205,2026,bridge_sensitivity,shifted,0,0,1,001,0.9976666666666667,1.0,equal_macro,
placebo,173205,2026,bridge_sensitivity,shifted,0,1,0,010,0.9980833333333334,1.0,equal_macro,
placebo,173205,2026,bridge_sensitivity,shifted,0,1,1,011,0.9985000000000002,1.0,equal_macro,
placebo,173205,2026,bridge_sensitivity,shifted,1,0,0,100,0.05958333333333333,0.29516666666666663,equal_macro,
placebo,173205,2026,bridge_sensitivity,shifted,1,0,1,101,0.04700000000000001,0.5901666666666667,equal_macro,
placebo,173205,2026,bridge_sensitivity,shifted,1,1,0,110,0.06266666666666666,0.25383333333333336,equal_macro,
placebo,173205,2026,bridge_sensitivity,shifted,1,1,1,111,0.056,0.5863333333333334,equal_macro,
placebo,173205,3407,bridge_sensitivity,canonical,0,0,0,000,0.9986666666666668,1.0,equal_macro,
placebo,173205,3407,bridge_sensitivity,canonical,0,0,1,001,0.9986666666666666,1.0,equal_macro,
placebo,173205,3407,bridge_sensitivity,canonical,0,1,0,010,0.9991666666666668,1.0,equal_macro,
placebo,173205,3407,bridge_sensitivity,canonical,0,1,1,011,0.9992500000000001,1.0,equal_macro,
placebo,173205,3407,bridge_sensitivity,canonical,1,0,0,100,0.10308333333333333,0.3766666666666667,equal_macro,
placebo,173205,3407,bridge_sensitivity,canonical,1,0,1,101,0.065,0.8718333333333335,equal_macro,
placebo,173205,3407,bridge_sensitivity,canonical,1,1,0,110,0.12058333333333333,0.3461666666666667,equal_macro,
placebo,173205,3407,bridge_sensitivity,canonical,1,1,1,111,0.071,0.8759166666666667,equal_macro,
placebo,173205,3407,bridge_sensitivity,shifted,0,0,0,000,0.9970000000000001,1.0,equal_macro,
placebo,173205,3407,bridge_sensitivity,shifted,0,0,1,001,0.9975,1.0,equal_macro,
placebo,173205,3407,bridge_sensitivity,shifted,0,1,0,010,0.9980833333333334,1.0,equal_macro,
placebo,173205,3407,bridge_sensitivity,shifted,0,1,1,011,0.9985000000000002,1.0,equal_macro,
placebo,173205,3407,bridge_sensitivity,shifted,1,0,0,100,0.10991666666666666,0.38558333333333333,equal_macro,
placebo,173205,3407,bridge_sensitivity,shifted,1,0,1,101,0.06616666666666668,0.8775000000000001,equal_macro,
placebo,173205,3407,bridge_sensitivity,shifted,1,1,0,110,0.12925,0.35491666666666666,equal_macro,
placebo,173205,3407,bridge_sensitivity,shifted,1,1,1,111,0.07308333333333333,0.8800833333333333,equal_macro,
placebo,192753,7,primary,canonical,0,0,0,000,0.9991666666666668,1.0,equal_macro,
placebo,192753,7,primary,canonical,0,0,1,001,0.9989166666666667,1.0,equal_macro,
placebo,192753,7,primary,canonical,0,1,0,010,0.9993333333333334,1.0,equal_macro,
placebo,192753,7,primary,canonical,0,1,1,011,0.9993333333333334,1.0,equal_macro,
placebo,192753,7,primary,canonical,1,0,0,100,0.0945,0.2806666666666666,equal_macro,
placebo,192753,7,primary,canonical,1,0,1,101,0.08875,0.7035833333333332,equal_macro,
placebo,192753,7,primary,canonical,1,1,0,110,0.11891666666666667,0.26233333333333336,equal_macro,
placebo,192753,7,primary,canonical,1,1,1,111,0.09783333333333333,0.70475,equal_macro,
placebo,192753,7,primary,shifted,0,0,0,000,0.9975833333333333,1.0,equal_macro,
placebo,192753,7,primary,shifted,0,0,1,001,0.9982500000000001,1.0,equal_macro,
placebo,192753,7,primary,shifted,0,1,0,010,0.9985833333333334,1.0,equal_macro,
placebo,192753,7,primary,shifted,0,1,1,011,0.9988333333333335,1.0,equal_macro,
placebo,192753,7,primary,shifted,1,0,0,100,0.0945,0.281,equal_macro,
placebo,192753,7,primary,shifted,1,0,1,101,0.09108333333333335,0.7071666666666667,equal_macro,
placebo,192753,7,primary,shifted,1,1,0,110,0.118,0.26216666666666666,equal_macro,
placebo,192753,7,primary,shifted,1,1,1,111,0.09866666666666667,0.706,equal_macro,
placebo,192753,42,primary,canonical,0,0,0,000,0.9983333333333333,1.0,equal_macro,
placebo,192753,42,primary,canonical,0,0,1,001,0.9990833333333333,1.0,equal_macro,
placebo,192753,42,primary,canonical,0,1,0,010,0.9994166666666666,1.0,equal_macro,
placebo,192753,42,primary,canonical,0,1,1,011,0.9994166666666666,1.0,equal_macro,
placebo,192753,42,primary,canonical,1,0,0,100,0.06958333333333333,0.26766666666666666,equal_macro,
placebo,192753,42,primary,canonical,1,0,1,101,0.0665,0.5689166666666667,equal_macro,
placebo,192753,42,primary,canonical,1,1,0,110,0.08141666666666666,0.23008333333333333,equal_macro,
placebo,192753,42,primary,canonical,1,1,1,111,0.06949999999999999,0.5585,equal_macro,
placebo,192753,42,primary,shifted,0,0,0,000,0.9964166666666667,1.0,equal_macro,
placebo,192753,42,primary,shifted,0,0,1,001,0.9980833333333334,1.0,equal_macro,
placebo,192753,42,primary,shifted,0,1,0,010,0.9978333333333333,1.0,equal_macro,
placebo,192753,42,primary,shifted,0,1,1,011,0.9986666666666666,1.0,equal_macro,
placebo,192753,42,primary,shifted,1,0,0,100,0.0685,0.26141666666666663,equal_macro,
placebo,192753,42,primary,shifted,1,0,1,101,0.06916666666666667,0.5656666666666668,equal_macro,
placebo,192753,42,primary,shifted,1,1,0,110,0.08041666666666666,0.22399999999999998,equal_macro,
placebo,192753,42,primary,shifted,1,1,1,111,0.07183333333333333,0.5554166666666667,equal_macro,
placebo,192753,123,primary,canonical,0,0,0,000,0.9988333333333335,1.0,equal_macro,
placebo,192753,123,primary,canonical,0,0,1,001,0.9990833333333334,1.0,equal_macro,
placebo,192753,123,primary,canonical,0,1,0,010,0.99925,1.0,equal_macro,
placebo,192753,123,primary,canonical,0,1,1,011,0.9994166666666667,1.0,equal_macro,
placebo,192753,123,primary,canonical,1,0,0,100,0.11441666666666667,0.3198333333333333,equal_macro,
placebo,192753,123,primary,canonical,1,0,1,101,0.09866666666666667,0.6824166666666666,equal_macro,
placebo,192753,123,primary,canonical,1,1,0,110,0.12874999999999998,0.27258333333333334,equal_macro,
placebo,192753,123,primary,canonical,1,1,1,111,0.10233333333333333,0.6780833333333334,equal_macro,
placebo,192753,123,primary,shifted,0,0,0,000,0.99725,1.0,equal_macro,
placebo,192753,123,primary,shifted,0,0,1,001,0.9980000000000001,1.0,equal_macro,
placebo,192753,123,primary,shifted,0,1,0,010,0.998,1.0,equal_macro,
placebo,192753,123,primary,shifted,0,1,1,011,0.9988333333333335,1.0,equal_macro,
placebo,192753,123,primary,shifted,1,0,0,100,0.11591666666666665,0.32225,equal_macro,
placebo,192753,123,primary,shifted,1,0,1,101,0.10508333333333332,0.6891666666666667,equal_macro,
placebo,192753,123,primary,shifted,1,1,0,110,0.13258333333333333,0.2768333333333333,equal_macro,
placebo,192753,123,primary,shifted,1,1,1,111,0.10991666666666668,0.68525,equal_macro,
placebo,192753,2026,primary,canonical,0,0,0,000,0.99875,1.0,equal_macro,
placebo,192753,2026,primary,canonical,0,0,1,001,0.9990833333333333,1.0,equal_macro,
placebo,192753,2026,primary,canonical,0,1,0,010,0.9991666666666668,1.0,equal_macro,
placebo,192753,2026,primary,canonical,0,1,1,011,0.9991666666666668,1.0,equal_macro,
placebo,192753,2026,primary,canonical,1,0,0,100,0.058083333333333334,0.2815,equal_macro,
placebo,192753,2026,primary,canonical,1,0,1,101,0.043833333333333335,0.7655000000000001,equal_macro,
placebo,192753,2026,primary,canonical,1,1,0,110,0.06108333333333334,0.23841666666666667,equal_macro,
placebo,192753,2026,primary,canonical,1,1,1,111,0.04716666666666666,0.76325,equal_macro,
placebo,192753,2026,primary,shifted,0,0,0,000,0.99725,1.0,equal_macro,
placebo,192753,2026,primary,shifted,0,0,1,001,0.9981666666666666,1.0,equal_macro,
placebo,192753,2026,primary,shifted,0,1,0,010,0.9984166666666667,1.0,equal_macro,
placebo,192753,2026,primary,shifted,0,1,1,011,0.9990000000000001,1.0,equal_macro,
placebo,192753,2026,primary,shifted,1,0,0,100,0.057916666666666665,0.2789166666666667,equal_macro,
placebo,192753,2026,primary,shifted,1,0,1,101,0.04525,0.7719166666666668,equal_macro,
placebo,192753,2026,primary,shifted,1,1,0,110,0.06475,0.2395,equal_macro,
placebo,192753,2026,primary,shifted,1,1,1,111,0.048583333333333326,0.7708333333333333,equal_macro,
placebo,192753,3407,primary,canonical,0,0,0,000,0.99875,1.0,equal_macro,
placebo,192753,3407,primary,canonical,0,0,1,001,0.9987500000000001,1.0,equal_macro,
placebo,192753,3407,primary,canonical,0,1,0,010,0.9990000000000001,1.0,equal_macro,
placebo,192753,3407,primary,canonical,0,1,1,011,0.9992500000000001,1.0,equal_macro,
placebo,192753,3407,primary,canonical,1,0,0,100,0.0655,0.22158333333333335,equal_macro,
placebo,192753,3407,primary,canonical,1,0,1,101,0.07341666666666667,0.64525,equal_macro,
placebo,192753,3407,primary,canonical,1,1,0,110,0.07316666666666666,0.18325,equal_macro,
placebo,192753,3407,primary,canonical,1,1,1,111,0.087,0.6345,equal_macro,
placebo,192753,3407,primary,shifted,0,0,0,000,0.9969166666666667,1.0,equal_macro,
placebo,192753,3407,primary,shifted,0,0,1,001,0.9977500000000001,1.0,equal_macro,
placebo,192753,3407,primary,shifted,0,1,0,010,0.9980833333333334,1.0,equal_macro,
placebo,192753,3407,primary,shifted,0,1,1,011,0.99875,1.0,equal_macro,
placebo,192753,3407,primary,shifted,1,0,0,100,0.066,0.22108333333333335,equal_macro,
placebo,192753,3407,primary,shifted,1,0,1,101,0.07833333333333332,0.6531666666666667,equal_macro,
placebo,192753,3407,primary,shifted,1,1,0,110,0.07366666666666667,0.18283333333333335,equal_macro,
placebo,192753,3407,primary,shifted,1,1,1,111,0.09291666666666668,0.64575,equal_macro,
placebo,222537,7,primary,canonical,0,0,0,000,0.9988333333333332,1.0,equal_macro,
placebo,222537,7,primary,canonical,0,0,1,001,0.9993333333333334,1.0,equal_macro,
placebo,222537,7,primary,canonical,0,1,0,010,0.9991666666666668,1.0,equal_macro,
placebo,222537,7,primary,canonical,0,1,1,011,0.9995,1.0,equal_macro,
placebo,222537,7,primary,canonical,1,0,0,100,0.03950000000000001,0.29183333333333333,equal_macro,
placebo,222537,7,primary,canonical,1,0,1,101,0.029666666666666668,0.7865,equal_macro,
placebo,222537,7,primary,canonical,1,1,0,110,0.04366666666666667,0.25216666666666665,equal_macro,
placebo,222537,7,primary,canonical,1,1,1,111,0.031,0.7931666666666666,equal_macro,
placebo,222537,7,primary,shifted,0,0,0,000,0.99725,1.0,equal_macro,
placebo,222537,7,primary,shifted,0,0,1,001,0.9984166666666667,1.0,equal_macro,
placebo,222537,7,primary,shifted,0,1,0,010,0.9983333333333333,1.0,equal_macro,
placebo,222537,7,primary,shifted,0,1,1,011,0.9986666666666668,1.0,equal_macro,
placebo,222537,7,primary,shifted,1,0,0,100,0.04016666666666667,0.29133333333333333,equal_macro,
placebo,222537,7,primary,shifted,1,0,1,101,0.030083333333333333,0.7873333333333332,equal_macro,
placebo,222537,7,primary,shifted,1,1,0,110,0.04491666666666667,0.254,equal_macro,
placebo,222537,7,primary,shifted,1,1,1,111,0.030916666666666665,0.7946666666666666,equal_macro,
placebo,222537,42,primary,canonical,0,0,0,000,0.9988333333333332,1.0,equal_macro,
placebo,222537,42,primary,canonical,0,0,1,001,0.9992500000000001,1.0,equal_macro,
placebo,222537,42,primary,canonical,0,1,0,010,0.9993333333333334,1.0,equal_macro,
placebo,222537,42,primary,canonical,0,1,1,011,0.9990833333333334,1.0,equal_macro,
placebo,222537,42,primary,canonical,1,0,0,100,0.09491666666666668,0.29858333333333337,equal_macro,
placebo,222537,42,primary,canonical,1,0,1,101,0.08958333333333333,0.7084166666666667,equal_macro,
placebo,222537,42,primary,canonical,1,1,0,110,0.10616666666666667,0.26658333333333334,equal_macro,
placebo,222537,42,primary,canonical,1,1,1,111,0.09466666666666666,0.6996666666666667,equal_macro,
placebo,222537,42,primary,shifted,0,0,0,000,0.99725,1.0,equal_macro,
placebo,222537,42,primary,shifted,0,0,1,001,0.9980833333333334,1.0,equal_macro,
placebo,222537,42,primary,shifted,0,1,0,010,0.9984166666666667,1.0,equal_macro,
placebo,222537,42,primary,shifted,0,1,1,011,0.9990833333333334,1.0,equal_macro,
placebo,222537,42,primary,shifted,1,0,0,100,0.09949999999999999,0.3001666666666667,equal_macro,
placebo,222537,42,primary,shifted,1,0,1,101,0.09583333333333333,0.71275,equal_macro,
placebo,222537,42,primary,shifted,1,1,0,110,0.11216666666666666,0.26958333333333334,equal_macro,
placebo,222537,42,primary,shifted,1,1,1,111,0.10091666666666667,0.7061666666666666,equal_macro,
placebo,222537,123,primary,canonical,0,0,0,000,0.99875,1.0,equal_macro,
placebo,222537,123,primary,canonical,0,0,1,001,0.9995,1.0,equal_macro,
placebo,222537,123,primary,canonical,0,1,0,010,0.99925,1.0,equal_macro,
placebo,222537,123,primary,canonical,0,1,1,011,0.9995833333333333,1.0,equal_macro,
placebo,222537,123,primary,canonical,1,0,0,100,0.05541666666666667,0.2245833333333333,equal_macro,
placebo,222537,123,primary,canonical,1,0,1,101,0.03625,0.6143333333333334,equal_macro,
placebo,222537,123,primary,canonical,1,1,0,110,0.06108333333333332,0.18508333333333332,equal_macro,
placebo,222537,123,primary,canonical,1,1,1,111,0.03991666666666666,0.6170833333333333,equal_macro,
placebo,222537,123,primary,shifted,0,0,0,000,0.99725,1.0,equal_macro,
placebo,222537,123,primary,shifted,0,0,1,001,0.9985833333333334,1.0,equal_macro,
placebo,222537,123,primary,shifted,0,1,0,010,0.9981666666666666,1.0,equal_macro,
placebo,222537,123,primary,shifted,0,1,1,011,0.9990000000000001,1.0,equal_macro,
placebo,222537,123,primary,shifted,1,0,0,100,0.05508333333333333,0.22425,equal_macro,
placebo,222537,123,primary,shifted,1,0,1,101,0.03675,0.6145,equal_macro,
placebo,222537,123,primary,shifted,1,1,0,110,0.06133333333333334,0.18391666666666667,equal_macro,
placebo,222537,123,primary,shifted,1,1,1,111,0.03991666666666666,0.6156666666666666,equal_macro,
placebo,222537,2026,primary,canonical,0,0,0,000,0.99875,1.0,equal_macro,
placebo,222537,2026,primary,canonical,0,0,1,001,0.9990000000000001,1.0,equal_macro,
placebo,222537,2026,primary,canonical,0,1,0,010,0.9991666666666668,1.0,equal_macro,
placebo,222537,2026,primary,canonical,0,1,1,011,0.9995,1.0,equal_macro,
placebo,222537,2026,primary,canonical,1,0,0,100,0.14516666666666667,0.35108333333333336,equal_macro,
placebo,222537,2026,primary,canonical,1,0,1,101,0.09625,0.6816666666666668,equal_macro,
placebo,222537,2026,primary,canonical,1,1,0,110,0.15816666666666668,0.32758333333333334,equal_macro,
placebo,222537,2026,primary,canonical,1,1,1,111,0.10625000000000001,0.6845000000000001,equal_macro,
placebo,222537,2026,primary,shifted,0,0,0,000,0.9970000000000001,1.0,equal_macro,
placebo,222537,2026,primary,shifted,0,0,1,001,0.9982500000000001,1.0,equal_macro,
placebo,222537,2026,primary,shifted,0,1,0,010,0.9983333333333334,1.0,equal_macro,
placebo,222537,2026,primary,shifted,0,1,1,011,0.9988333333333335,1.0,equal_macro,
placebo,222537,2026,primary,shifted,1,0,0,100,0.13899999999999998,0.34700000000000003,equal_macro,
placebo,222537,2026,primary,shifted,1,0,1,101,0.09933333333333333,0.68875,equal_macro,
placebo,222537,2026,primary,shifted,1,1,0,110,0.15566666666666668,0.3255,equal_macro,
placebo,222537,2026,primary,shifted,1,1,1,111,0.10850000000000001,0.6919166666666667,equal_macro,
placebo,222537,3407,primary,canonical,0,0,0,000,0.9989166666666667,1.0,equal_macro,
placebo,222537,3407,primary,canonical,0,0,1,001,0.9990833333333334,1.0,equal_macro,
placebo,222537,3407,primary,canonical,0,1,0,010,0.9995,1.0,equal_macro,
placebo,222537,3407,primary,canonical,0,1,1,011,0.9994166666666666,1.0,equal_macro,
placebo,222537,3407,primary,canonical,1,0,0,100,0.0475,0.2529166666666667,equal_macro,
placebo,222537,3407,primary,canonical,1,0,1,101,0.032,0.8676666666666666,equal_macro,
placebo,222537,3407,primary,canonical,1,1,0,110,0.05266666666666667,0.21125,equal_macro,
placebo,222537,3407,primary,canonical,1,1,1,111,0.03158333333333334,0.8846666666666666,equal_macro,
placebo,222537,3407,primary,shifted,0,0,0,000,0.9975,1.0,equal_macro,
placebo,222537,3407,primary,shifted,0,0,1,001,0.9982500000000001,1.0,equal_macro,
placebo,222537,3407,primary,shifted,0,1,0,010,0.9984166666666667,1.0,equal_macro,
placebo,222537,3407,primary,shifted,0,1,1,011,0.9989166666666667,1.0,equal_macro,
placebo,222537,3407,primary,shifted,1,0,0,100,0.04758333333333334,0.24974999999999997,equal_macro,
placebo,222537,3407,primary,shifted,1,0,1,101,0.03216666666666666,0.8665833333333333,equal_macro,
placebo,222537,3407,primary,shifted,1,1,0,110,0.05333333333333333,0.20858333333333334,equal_macro,
placebo,222537,3407,primary,shifted,1,1,1,111,0.03175,0.8846666666666667,equal_macro,
placebo,271828,7,bridge_sensitivity,canonical,0,0,0,000,0.9990833333333333,1.0,equal_macro,
placebo,271828,7,bridge_sensitivity,canonical,0,0,1,001,0.9990833333333333,1.0,equal_macro,
placebo,271828,7,bridge_sensitivity,canonical,0,1,0,010,0.9990833333333333,1.0,equal_macro,
placebo,271828,7,bridge_sensitivity,canonical,0,1,1,011,0.9992500000000001,1.0,equal_macro,
placebo,271828,7,bridge_sensitivity,canonical,1,0,0,100,0.13616666666666666,0.2955,equal_macro,
placebo,271828,7,bridge_sensitivity,canonical,1,0,1,101,0.1691666666666667,0.8,equal_macro,
placebo,271828,7,bridge_sensitivity,canonical,1,1,0,110,0.15941666666666668,0.28541666666666665,equal_macro,
placebo,271828,7,bridge_sensitivity,canonical,1,1,1,111,0.16275,0.7918333333333334,equal_macro,
placebo,271828,7,bridge_sensitivity,shifted,0,0,0,000,0.9969166666666667,1.0,equal_macro,
placebo,271828,7,bridge_sensitivity,shifted,0,0,1,001,0.9982500000000001,1.0,equal_macro,
placebo,271828,7,bridge_sensitivity,shifted,0,1,0,010,0.9983333333333333,1.0,equal_macro,
placebo,271828,7,bridge_sensitivity,shifted,0,1,1,011,0.99875,1.0,equal_macro,
placebo,271828,7,bridge_sensitivity,shifted,1,0,0,100,0.14366666666666666,0.30408333333333337,equal_macro,
placebo,271828,7,bridge_sensitivity,shifted,1,0,1,101,0.1779166666666667,0.8059999999999999,equal_macro,
placebo,271828,7,bridge_sensitivity,shifted,1,1,0,110,0.16816666666666666,0.29516666666666663,equal_macro,
placebo,271828,7,bridge_sensitivity,shifted,1,1,1,111,0.17041666666666666,0.79625,equal_macro,
placebo,271828,42,bridge_sensitivity,canonical,0,0,0,000,0.9989166666666667,1.0,equal_macro,
placebo,271828,42,bridge_sensitivity,canonical,0,0,1,001,0.9993333333333334,1.0,equal_macro,
placebo,271828,42,bridge_sensitivity,canonical,0,1,0,010,0.9991666666666668,1.0,equal_macro,
placebo,271828,42,bridge_sensitivity,canonical,0,1,1,011,0.9993333333333334,1.0,equal_macro,
placebo,271828,42,bridge_sensitivity,canonical,1,0,0,100,0.09216666666666666,0.30766666666666664,equal_macro,
placebo,271828,42,bridge_sensitivity,canonical,1,0,1,101,0.09816666666666668,0.6499999999999999,equal_macro,
placebo,271828,42,bridge_sensitivity,canonical,1,1,0,110,0.10266666666666668,0.2649166666666667,equal_macro,
placebo,271828,42,bridge_sensitivity,canonical,1,1,1,111,0.10516666666666667,0.6443333333333334,equal_macro,
placebo,271828,42,bridge_sensitivity,shifted,0,0,0,000,0.9969166666666667,1.0,equal_macro,
placebo,271828,42,bridge_sensitivity,shifted,0,0,1,001,0.9983333333333333,1.0,equal_macro,
placebo,271828,42,bridge_sensitivity,shifted,0,1,0,010,0.9983333333333333,1.0,equal_macro,
placebo,271828,42,bridge_sensitivity,shifted,0,1,1,011,0.9988333333333332,1.0,equal_macro,
placebo,271828,42,bridge_sensitivity,shifted,1,0,0,100,0.08833333333333333,0.30574999999999997,equal_macro,
placebo,271828,42,bridge_sensitivity,shifted,1,0,1,101,0.09641666666666666,0.6524166666666666,equal_macro,
placebo,271828,42,bridge_sensitivity,shifted,1,1,0,110,0.09841666666666668,0.26308333333333334,equal_macro,
placebo,271828,42,bridge_sensitivity,shifted,1,1,1,111,0.10241666666666667,0.6448333333333334,equal_macro,
placebo,271828,123,bridge_sensitivity,canonical,0,0,0,000,0.9986666666666666,1.0,equal_macro,
placebo,271828,123,bridge_sensitivity,canonical,0,0,1,001,0.99925,1.0,equal_macro,
placebo,271828,123,bridge_sensitivity,canonical,0,1,0,010,0.9991666666666668,1.0,equal_macro,
placebo,271828,123,bridge_sensitivity,canonical,0,1,1,011,0.9994166666666666,1.0,equal_macro,
placebo,271828,123,bridge_sensitivity,canonical,1,0,0,100,0.13533333333333333,0.28075,equal_macro,
placebo,271828,123,bridge_sensitivity,canonical,1,0,1,101,0.08083333333333333,0.5373333333333332,equal_macro,
placebo,271828,123,bridge_sensitivity,canonical,1,1,0,110,0.15725000000000003,0.2530833333333333,equal_macro,
placebo,271828,123,bridge_sensitivity,canonical,1,1,1,111,0.10233333333333333,0.5130833333333333,equal_macro,
placebo,271828,123,bridge_sensitivity,shifted,0,0,0,000,0.9975,1.0,equal_macro,
placebo,271828,123,bridge_sensitivity,shifted,0,0,1,001,0.9983333333333333,1.0,equal_macro,
placebo,271828,123,bridge_sensitivity,shifted,0,1,0,010,0.9982500000000001,1.0,equal_macro,
placebo,271828,123,bridge_sensitivity,shifted,0,1,1,011,0.9990000000000001,1.0,equal_macro,
placebo,271828,123,bridge_sensitivity,shifted,1,0,0,100,0.14658333333333334,0.29183333333333333,equal_macro,
placebo,271828,123,bridge_sensitivity,shifted,1,0,1,101,0.08666666666666667,0.5482499999999999,equal_macro,
placebo,271828,123,bridge_sensitivity,shifted,1,1,0,110,0.17108333333333334,0.265,equal_macro,
placebo,271828,123,bridge_sensitivity,shifted,1,1,1,111,0.10775000000000001,0.5277499999999999,equal_macro,
placebo,271828,2026,bridge_sensitivity,canonical,0,0,0,000,0.9989166666666667,1.0,equal_macro,
placebo,271828,2026,bridge_sensitivity,canonical,0,0,1,001,0.9993333333333334,1.0,equal_macro,
placebo,271828,2026,bridge_sensitivity,canonical,0,1,0,010,0.9990833333333333,1.0,equal_macro,
placebo,271828,2026,bridge_sensitivity,canonical,0,1,1,011,0.99925,1.0,equal_macro,
placebo,271828,2026,bridge_sensitivity,canonical,1,0,0,100,0.092,0.29966666666666664,equal_macro,
placebo,271828,2026,bridge_sensitivity,canonical,1,0,1,101,0.0625,0.7256666666666667,equal_macro,
placebo,271828,2026,bridge_sensitivity,canonical,1,1,0,110,0.11616666666666667,0.27808333333333335,equal_macro,
placebo,271828,2026,bridge_sensitivity,canonical,1,1,1,111,0.06366666666666666,0.7366666666666667,equal_macro,
placebo,271828,2026,bridge_sensitivity,shifted,0,0,0,000,0.9968333333333332,1.0,equal_macro,
placebo,271828,2026,bridge_sensitivity,shifted,0,0,1,001,0.9983333333333333,1.0,equal_macro,
placebo,271828,2026,bridge_sensitivity,shifted,0,1,0,010,0.9982500000000001,1.0,equal_macro,
placebo,271828,2026,bridge_sensitivity,shifted,0,1,1,011,0.9986666666666666,1.0,equal_macro,
placebo,271828,2026,bridge_sensitivity,shifted,1,0,0,100,0.09758333333333334,0.3071666666666667,equal_macro,
placebo,271828,2026,bridge_sensitivity,shifted,1,0,1,101,0.06675,0.732,equal_macro,
placebo,271828,2026,bridge_sensitivity,shifted,1,1,0,110,0.12533333333333332,0.28825,equal_macro,
placebo,271828,2026,bridge_sensitivity,shifted,1,1,1,111,0.06733333333333333,0.74325,equal_macro,
placebo,271828,3407,bridge_sensitivity,canonical,0,0,0,000,0.9990833333333333,1.0,equal_macro,
placebo,271828,3407,bridge_sensitivity,canonical,0,0,1,001,0.9990833333333333,1.0,equal_macro,
placebo,271828,3407,bridge_sensitivity,canonical,0,1,0,010,0.9990833333333334,1.0,equal_macro,
placebo,271828,3407,bridge_sensitivity,canonical,0,1,1,011,0.9992500000000001,1.0,equal_macro,
placebo,271828,3407,bridge_sensitivity,canonical,1,0,0,100,0.05483333333333333,0.23075,equal_macro,
placebo,271828,3407,bridge_sensitivity,canonical,1,0,1,101,0.06291666666666666,0.6681666666666667,equal_macro,
placebo,271828,3407,bridge_sensitivity,canonical,1,1,0,110,0.05925,0.19216666666666665,equal_macro,
placebo,271828,3407,bridge_sensitivity,canonical,1,1,1,111,0.07241666666666666,0.65125,equal_macro,
placebo,271828,3407,bridge_sensitivity,shifted,0,0,0,000,0.9973333333333334,1.0,equal_macro,
placebo,271828,3407,bridge_sensitivity,shifted,0,0,1,001,0.9979166666666668,1.0,equal_macro,
placebo,271828,3407,bridge_sensitivity,shifted,0,1,0,010,0.9983333333333334,1.0,equal_macro,
placebo,271828,3407,bridge_sensitivity,shifted,0,1,1,011,0.9985000000000002,1.0,equal_macro,
placebo,271828,3407,bridge_sensitivity,shifted,1,0,0,100,0.056666666666666664,0.23266666666666663,equal_macro,
placebo,271828,3407,bridge_sensitivity,shifted,1,0,1,101,0.06441666666666666,0.6715833333333334,equal_macro,
placebo,271828,3407,bridge_sensitivity,shifted,1,1,0,110,0.06258333333333332,0.19533333333333333,equal_macro,
placebo,271828,3407,bridge_sensitivity,shifted,1,1,1,111,0.072,0.6533333333333333,equal_macro,
placebo,298581,7,primary,canonical,0,0,0,000,0.9990000000000001,1.0,equal_macro,
placebo,298581,7,primary,canonical,0,0,1,001,0.99875,1.0,equal_macro,
placebo,298581,7,primary,canonical,0,1,0,010,0.9991666666666668,1.0,equal_macro,
placebo,298581,7,primary,canonical,0,1,1,011,0.9993333333333334,1.0,equal_macro,
placebo,298581,7,primary,canonical,1,0,0,100,0.18933333333333333,0.3368333333333333,equal_macro,
placebo,298581,7,primary,canonical,1,0,1,101,0.15400000000000003,0.6549166666666666,equal_macro,
placebo,298581,7,primary,canonical,1,1,0,110,0.21308333333333335,0.31583333333333335,equal_macro,
placebo,298581,7,primary,canonical,1,1,1,111,0.162,0.63975,equal_macro,
placebo,298581,7,primary,shifted,0,0,0,000,0.9970833333333333,1.0,equal_macro,
placebo,298581,7,primary,shifted,0,0,1,001,0.9980833333333334,1.0,equal_macro,
placebo,298581,7,primary,shifted,0,1,0,010,0.9980833333333334,1.0,equal_macro,
placebo,298581,7,primary,shifted,0,1,1,011,0.9988333333333335,1.0,equal_macro,
placebo,298581,7,primary,shifted,1,0,0,100,0.18933333333333333,0.33808333333333335,equal_macro,
placebo,298581,7,primary,shifted,1,0,1,101,0.15541666666666668,0.6604166666666667,equal_macro,
placebo,298581,7,primary,shifted,1,1,0,110,0.21100000000000002,0.3150833333333333,equal_macro,
placebo,298581,7,primary,shifted,1,1,1,111,0.1694166666666667,0.6510833333333333,equal_macro,
placebo,298581,42,primary,canonical,0,0,0,000,0.9991666666666668,1.0,equal_macro,
placebo,298581,42,primary,canonical,0,0,1,001,0.9994166666666667,1.0,equal_macro,
placebo,298581,42,primary,canonical,0,1,0,010,0.9989166666666667,1.0,equal_macro,
placebo,298581,42,primary,canonical,0,1,1,011,0.9993333333333334,1.0,equal_macro,
placebo,298581,42,primary,canonical,1,0,0,100,0.16041666666666668,0.40008333333333335,equal_macro,
placebo,298581,42,primary,canonical,1,0,1,101,0.0535,0.6885833333333333,equal_macro,
placebo,298581,42,primary,canonical,1,1,0,110,0.17591666666666667,0.37283333333333335,equal_macro,
placebo,298581,42,primary,canonical,1,1,1,111,0.06125,0.6916666666666667,equal_macro,
placebo,298581,42,primary,shifted,0,0,0,000,0.9975833333333333,1.0,equal_macro,
placebo,298581,42,primary,shifted,0,0,1,001,0.9987500000000001,1.0,equal_macro,
placebo,298581,42,primary,shifted,0,1,0,010,0.9978333333333333,1.0,equal_macro,
placebo,298581,42,primary,shifted,0,1,1,011,0.99875,1.0,equal_macro,
placebo,298581,42,primary,shifted,1,0,0,100,0.15808333333333333,0.40149999999999997,equal_macro,
placebo,298581,42,primary,shifted,1,0,1,101,0.058666666666666666,0.6990833333333333,equal_macro,
placebo,298581,42,primary,shifted,1,1,0,110,0.17191666666666666,0.3724166666666666,equal_macro,
placebo,298581,42,primary,shifted,1,1,1,111,0.06433333333333334,0.7018333333333333,equal_macro,
placebo,298581,123,primary,canonical,0,0,0,000,0.9985833333333334,1.0,equal_macro,
placebo,298581,123,primary,canonical,0,0,1,001,0.9991666666666668,1.0,equal_macro,
placebo,298581,123,primary,canonical,0,1,0,010,0.9990000000000001,1.0,equal_macro,
placebo,298581,123,primary,canonical,0,1,1,011,0.9994166666666666,1.0,equal_macro,
placebo,298581,123,primary,canonical,1,0,0,100,0.11808333333333335,0.26991666666666664,equal_macro,
placebo,298581,123,primary,canonical,1,0,1,101,0.07933333333333333,0.5534166666666667,equal_macro,
placebo,298581,123,primary,canonical,1,1,0,110,0.12958333333333333,0.2330833333333333,equal_macro,
placebo,298581,123,primary,canonical,1,1,1,111,0.09683333333333334,0.5505833333333333,equal_macro,
placebo,298581,123,primary,shifted,0,0,0,000,0.9968333333333332,1.0,equal_macro,
placebo,298581,123,primary,shifted,0,0,1,001,0.9981666666666666,1.0,equal_macro,
placebo,298581,123,primary,shifted,0,1,0,010,0.9982500000000001,1.0,equal_macro,
placebo,298581,123,primary,shifted,0,1,1,011,0.9988333333333335,1.0,equal_macro,
placebo,298581,123,primary,shifted,1,0,0,100,0.12316666666666666,0.273,equal_macro,
placebo,298581,123,primary,shifted,1,0,1,101,0.08283333333333334,0.5562499999999999,equal_macro,
placebo,298581,123,primary,shifted,1,1,0,110,0.1345,0.23558333333333334,equal_macro,
placebo,298581,123,primary,shifted,1,1,1,111,0.09875,0.5515,equal_macro,
placebo,298581,2026,primary,canonical,0,0,0,000,0.9989166666666667,1.0,equal_macro,
placebo,298581,2026,primary,canonical,0,0,1,001,0.9990833333333333,1.0,equal_macro,
placebo,298581,2026,primary,canonical,0,1,0,010,0.9990833333333333,1.0,equal_macro,
placebo,298581,2026,primary,canonical,0,1,1,011,0.99925,1.0,equal_macro,
placebo,298581,2026,primary,canonical,1,0,0,100,0.045,0.15516666666666665,equal_macro,
placebo,298581,2026,primary,canonical,1,0,1,101,0.04325,0.5495,equal_macro,
placebo,298581,2026,primary,canonical,1,1,0,110,0.0505,0.12616666666666668,equal_macro,
placebo,298581,2026,primary,canonical,1,1,1,111,0.049916666666666665,0.5271666666666667,equal_macro,
placebo,298581,2026,primary,shifted,0,0,0,000,0.9971666666666668,1.0,equal_macro,
placebo,298581,2026,primary,shifted,0,0,1,001,0.998,1.0,equal_macro,
placebo,298581,2026,primary,shifted,0,1,0,010,0.9984999999999999,1.0,equal_macro,
placebo,298581,2026,primary,shifted,0,1,1,011,0.9983333333333333,1.0,equal_macro,
placebo,298581,2026,primary,shifted,1,0,0,100,0.044666666666666674,0.15550000000000003,equal_macro,
placebo,298581,2026,primary,shifted,1,0,1,101,0.042833333333333334,0.5513333333333333,equal_macro,
placebo,298581,2026,primary,shifted,1,1,0,110,0.05041666666666667,0.12666666666666668,equal_macro,
placebo,298581,2026,primary,shifted,1,1,1,111,0.049583333333333326,0.53125,equal_macro,
placebo,298581,3407,primary,canonical,0,0,0,000,0.9991666666666668,1.0,equal_macro,
placebo,298581,3407,primary,canonical,0,0,1,001,0.9993333333333334,1.0,equal_macro,
placebo,298581,3407,primary,canonical,0,1,0,010,0.9992500000000001,1.0,equal_macro,
placebo,298581,3407,primary,canonical,0,1,1,011,0.9993333333333334,1.0,equal_macro,
placebo,298581,3407,primary,canonical,1,0,0,100,0.0695,0.24958333333333332,equal_macro,
placebo,298581,3407,primary,canonical,1,0,1,101,0.06375,0.7337500000000001,equal_macro,
placebo,298581,3407,primary,canonical,1,1,0,110,0.07758333333333334,0.21716666666666662,equal_macro,
placebo,298581,3407,primary,canonical,1,1,1,111,0.07641666666666666,0.7371666666666665,equal_macro,
placebo,298581,3407,primary,shifted,0,0,0,000,0.9974166666666666,1.0,equal_macro,
placebo,298581,3407,primary,shifted,0,0,1,001,0.9981666666666666,1.0,equal_macro,
placebo,298581,3407,primary,shifted,0,1,0,010,0.9982500000000001,1.0,equal_macro,
placebo,298581,3407,primary,shifted,0,1,1,011,0.9986666666666668,1.0,equal_macro,
placebo,298581,3407,primary,shifted,1,0,0,100,0.06966666666666668,0.24491666666666667,equal_macro,
placebo,298581,3407,primary,shifted,1,0,1,101,0.0665,0.73675,equal_macro,
placebo,298581,3407,primary,shifted,1,1,0,110,0.07908333333333334,0.21308333333333335,equal_macro,
placebo,298581,3407,primary,shifted,1,1,1,111,0.08,0.74075,equal_macro,
placebo,415637,7,primary,canonical,0,0,0,000,0.99875,1.0,equal_macro,
placebo,415637,7,primary,canonical,0,0,1,001,0.9993333333333334,1.0,equal_macro,
placebo,415637,7,primary,canonical,0,1,0,010,0.9993333333333334,1.0,equal_macro,
placebo,415637,7,primary,canonical,0,1,1,011,0.9994166666666667,1.0,equal_macro,
placebo,415637,7,primary,canonical,1,0,0,100,0.22,0.40741666666666665,equal_macro,
placebo,415637,7,primary,canonical,1,0,1,101,0.11216666666666666,0.7395,equal_macro,
placebo,415637,7,primary,canonical,1,1,0,110,0.24108333333333334,0.38516666666666666,equal_macro,
placebo,415637,7,primary,canonical,1,1,1,111,0.13358333333333333,0.7576666666666667,equal_macro,
placebo,415637,7,primary,shifted,0,0,0,000,0.9970000000000001,1.0,equal_macro,
placebo,415637,7,primary,shifted,0,0,1,001,0.9985833333333334,1.0,equal_macro,
placebo,415637,7,primary,shifted,0,1,0,010,0.9983333333333333,1.0,equal_macro,
placebo,415637,7,primary,shifted,0,1,1,011,0.9988333333333335,1.0,equal_macro,
placebo,415637,7,primary,shifted,1,0,0,100,0.22224999999999998,0.4085,equal_macro,
placebo,415637,7,primary,shifted,1,0,1,101,0.11266666666666666,0.7429999999999999,equal_macro,
placebo,415637,7,primary,shifted,1,1,0,110,0.23950000000000005,0.3834166666666667,equal_macro,
placebo,415637,7,primary,shifted,1,1,1,111,0.13533333333333333,0.7609166666666667,equal_macro,
placebo,415637,42,primary,canonical,0,0,0,000,0.9986666666666668,1.0,equal_macro,
placebo,415637,42,primary,canonical,0,0,1,001,0.9995833333333333,1.0,equal_macro,
placebo,415637,42,primary,canonical,0,1,0,010,0.9990000000000001,1.0,equal_macro,
placebo,415637,42,primary,canonical,0,1,1,011,0.9995,1.0,equal_macro,
placebo,415637,42,primary,canonical,1,0,0,100,0.12208333333333332,0.3358333333333333,equal_macro,
placebo,415637,42,primary,canonical,1,0,1,101,0.07216666666666668,0.7694166666666666,equal_macro,
placebo,415637,42,primary,canonical,1,1,0,110,0.15666666666666668,0.3259166666666667,equal_macro,
placebo,415637,42,primary,canonical,1,1,1,111,0.08075,0.77875,equal_macro,
placebo,415637,42,primary,shifted,0,0,0,000,0.9968333333333335,1.0,equal_macro,
placebo,415637,42,primary,shifted,0,0,1,001,0.9983333333333334,1.0,equal_macro,
placebo,415637,42,primary,shifted,0,1,0,010,0.9983333333333334,1.0,equal_macro,
placebo,415637,42,primary,shifted,0,1,1,011,0.9989166666666667,1.0,equal_macro,
placebo,415637,42,primary,shifted,1,0,0,100,0.12641666666666668,0.3398333333333333,equal_macro,
placebo,415637,42,primary,shifted,1,0,1,101,0.07416666666666667,0.7779166666666666,equal_macro,
placebo,415637,42,primary,shifted,1,1,0,110,0.16125,0.32883333333333337,equal_macro,
placebo,415637,42,primary,shifted,1,1,1,111,0.08266666666666667,0.7842499999999999,equal_macro,
placebo,415637,123,primary,canonical,0,0,0,000,0.9986666666666666,1.0,equal_macro,
placebo,415637,123,primary,canonical,0,0,1,001,0.9995,1.0,equal_macro,
placebo,415637,123,primary,canonical,0,1,0,010,0.9993333333333334,1.0,equal_macro,
placebo,415637,123,primary,canonical,0,1,1,011,0.9995833333333333,1.0,equal_macro,
placebo,415637,123,primary,canonical,1,0,0,100,0.24508333333333332,0.47733333333333333,equal_macro,
placebo,415637,123,primary,canonical,1,0,1,101,0.18766666666666668,0.7370000000000001,equal_macro,
placebo,415637,123,primary,canonical,1,1,0,110,0.26908333333333334,0.4485,equal_macro,
placebo,415637,123,primary,canonical,1,1,1,111,0.1988333333333333,0.739,equal_macro,
placebo,415637,123,primary,shifted,0,0,0,000,0.99725,1.0,equal_macro,
placebo,415637,123,primary,shifted,0,0,1,001,0.9986666666666666,1.0,equal_macro,
placebo,415637,123,primary,shifted,0,1,0,010,0.9981666666666666,1.0,equal_macro,
placebo,415637,123,primary,shifted,0,1,1,011,0.9989166666666667,1.0,equal_macro,
placebo,415637,123,primary,shifted,1,0,0,100,0.24625,0.47941666666666666,equal_macro,
placebo,415637,123,primary,shifted,1,0,1,101,0.19516666666666665,0.7448333333333333,equal_macro,
placebo,415637,123,primary,shifted,1,1,0,110,0.27075,0.45166666666666666,equal_macro,
placebo,415637,123,primary,shifted,1,1,1,111,0.20841666666666667,0.74925,equal_macro,
placebo,415637,2026,primary,canonical,0,0,0,000,0.9984166666666667,1.0,equal_macro,
placebo,415637,2026,primary,canonical,0,0,1,001,0.9990000000000001,1.0,equal_macro,
placebo,415637,2026,primary,canonical,0,1,0,010,0.9989166666666667,1.0,equal_macro,
placebo,415637,2026,primary,canonical,0,1,1,011,0.99925,1.0,equal_macro,
placebo,415637,2026,primary,canonical,1,0,0,100,0.16949999999999998,0.3705,equal_macro,
placebo,415637,2026,primary,canonical,1,0,1,101,0.12983333333333336,0.7467499999999999,equal_macro,
placebo,415637,2026,primary,canonical,1,1,0,110,0.16475,0.32525000000000004,equal_macro,
placebo,415637,2026,primary,canonical,1,1,1,111,0.1475,0.7521666666666668,equal_macro,
placebo,415637,2026,primary,shifted,0,0,0,000,0.9970000000000001,1.0,equal_macro,
placebo,415637,2026,primary,shifted,0,0,1,001,0.9979166666666668,1.0,equal_macro,
placebo,415637,2026,primary,shifted,0,1,0,010,0.9979166666666666,1.0,equal_macro,
placebo,415637,2026,primary,shifted,0,1,1,011,0.9989166666666667,1.0,equal_macro,
placebo,415637,2026,primary,shifted,1,0,0,100,0.1725,0.3728333333333333,equal_macro,
placebo,415637,2026,primary,shifted,1,0,1,101,0.133,0.752,equal_macro,
placebo,415637,2026,primary,shifted,1,1,0,110,0.16875,0.32866666666666666,equal_macro,
placebo,415637,2026,primary,shifted,1,1,1,111,0.15016666666666667,0.7545833333333334,equal_macro,
placebo,415637,3407,primary,canonical,0,0,0,000,0.9990833333333333,1.0,equal_macro,
placebo,415637,3407,primary,canonical,0,0,1,001,0.9990833333333334,1.0,equal_macro,
placebo,415637,3407,primary,canonical,0,1,0,010,0.9991666666666668,1.0,equal_macro,
placebo,415637,3407,primary,canonical,0,1,1,011,0.9994166666666666,1.0,equal_macro,
placebo,415637,3407,primary,canonical,1,0,0,100,0.05333333333333333,0.314,equal_macro,
placebo,415637,3407,primary,canonical,1,0,1,101,0.03908333333333333,0.7418333333333333,equal_macro,
placebo,415637,3407,primary,canonical,1,1,0,110,0.0605,0.2728333333333333,equal_macro,
placebo,415637,3407,primary,canonical,1,1,1,111,0.040916666666666664,0.76125,equal_macro,
placebo,415637,3407,primary,shifted,0,0,0,000,0.9974166666666666,1.0,equal_macro,
placebo,415637,3407,primary,shifted,0,0,1,001,0.9982500000000001,1.0,equal_macro,
placebo,415637,3407,primary,shifted,0,1,0,010,0.998,1.0,equal_macro,
placebo,415637,3407,primary,shifted,0,1,1,011,0.99875,1.0,equal_macro,
placebo,415637,3407,primary,shifted,1,0,0,100,0.05366666666666666,0.3125,equal_macro,
placebo,415637,3407,primary,shifted,1,0,1,101,0.039,0.7396666666666667,equal_macro,
placebo,415637,3407,primary,shifted,1,1,0,110,0.060333333333333336,0.26941666666666664,equal_macro,
placebo,415637,3407,primary,shifted,1,1,1,111,0.0415,0.7577499999999999,equal_macro,
placebo,457191,7,primary,canonical,0,0,0,000,0.9989999999999999,1.0,equal_macro,
placebo,457191,7,primary,canonical,0,0,1,001,0.9990833333333334,1.0,equal_macro,
placebo,457191,7,primary,canonical,0,1,0,010,0.99925,1.0,equal_macro,
placebo,457191,7,primary,canonical,0,1,1,011,0.9993333333333334,1.0,equal_macro,
placebo,457191,7,primary,canonical,1,0,0,100,0.12108333333333332,0.33208333333333334,equal_macro,
placebo,457191,7,primary,canonical,1,0,1,101,0.11783333333333333,0.6975,equal_macro,
placebo,457191,7,primary,canonical,1,1,0,110,0.14275,0.30833333333333335,equal_macro,
placebo,457191,7,primary,canonical,1,1,1,111,0.13158333333333333,0.69575,equal_macro,
placebo,457191,7,primary,shifted,0,0,0,000,0.99725,1.0,equal_macro,
placebo,457191,7,primary,shifted,0,0,1,001,0.9983333333333334,1.0,equal_macro,
placebo,457191,7,primary,shifted,0,1,0,010,0.9982500000000001,1.0,equal_macro,
placebo,457191,7,primary,shifted,0,1,1,011,0.9990000000000001,1.0,equal_macro,
placebo,457191,7,primary,shifted,1,0,0,100,0.13525,0.346,equal_macro,
placebo,457191,7,primary,shifted,1,0,1,101,0.13325,0.7170833333333333,equal_macro,
placebo,457191,7,primary,shifted,1,1,0,110,0.15649999999999997,0.3225,equal_macro,
placebo,457191,7,primary,shifted,1,1,1,111,0.14783333333333334,0.7143333333333333,equal_macro,
placebo,457191,42,primary,canonical,0,0,0,000,0.9985833333333334,1.0,equal_macro,
placebo,457191,42,primary,canonical,0,0,1,001,0.99925,1.0,equal_macro,
placebo,457191,42,primary,canonical,0,1,0,010,0.9993333333333334,1.0,equal_macro,
placebo,457191,42,primary,canonical,0,1,1,011,0.9995,1.0,equal_macro,
placebo,457191,42,primary,canonical,1,0,0,100,0.17041666666666666,0.39716666666666667,equal_macro,
placebo,457191,42,primary,canonical,1,0,1,101,0.10991666666666668,0.6811666666666667,equal_macro,
placebo,457191,42,primary,canonical,1,1,0,110,0.1741666666666667,0.35325,equal_macro,
placebo,457191,42,primary,canonical,1,1,1,111,0.1215,0.6849999999999999,equal_macro,
placebo,457191,42,primary,shifted,0,0,0,000,0.9970833333333333,1.0,equal_macro,
placebo,457191,42,primary,shifted,0,0,1,001,0.9984166666666667,1.0,equal_macro,
placebo,457191,42,primary,shifted,0,1,0,010,0.9983333333333334,1.0,equal_macro,
placebo,457191,42,primary,shifted,0,1,1,011,0.9990000000000001,1.0,equal_macro,
placebo,457191,42,primary,shifted,1,0,0,100,0.16175000000000003,0.39,equal_macro,
placebo,457191,42,primary,shifted,1,0,1,101,0.10733333333333334,0.6798333333333333,equal_macro,
placebo,457191,42,primary,shifted,1,1,0,110,0.167,0.34691666666666665,equal_macro,
placebo,457191,42,primary,shifted,1,1,1,111,0.11608333333333334,0.68025,equal_macro,
placebo,457191,123,primary,canonical,0,0,0,000,0.9990833333333333,1.0,equal_macro,
placebo,457191,123,primary,canonical,0,0,1,001,0.9995833333333333,1.0,equal_macro,
placebo,457191,123,primary,canonical,0,1,0,010,0.9993333333333334,1.0,equal_macro,
placebo,457191,123,primary,canonical,0,1,1,011,0.9994166666666666,1.0,equal_macro,
placebo,457191,123,primary,canonical,1,0,0,100,0.10708333333333334,0.3913333333333333,equal_macro,
placebo,457191,123,primary,canonical,1,0,1,101,0.09133333333333334,0.7515833333333333,equal_macro,
placebo,457191,123,primary,canonical,1,1,0,110,0.11008333333333334,0.34625,equal_macro,
placebo,457191,123,primary,canonical,1,1,1,111,0.08683333333333333,0.7494999999999999,equal_macro,
placebo,457191,123,primary,shifted,0,0,0,000,0.9975,1.0,equal_macro,
placebo,457191,123,primary,shifted,0,0,1,001,0.9988333333333335,1.0,equal_macro,
placebo,457191,123,primary,shifted,0,1,0,010,0.9984999999999999,1.0,equal_macro,
placebo,457191,123,primary,shifted,0,1,1,011,0.9990833333333333,1.0,equal_macro,
placebo,457191,123,primary,shifted,1,0,0,100,0.10833333333333332,0.38783333333333336,equal_macro,
placebo,457191,123,primary,shifted,1,0,1,101,0.09366666666666666,0.7525833333333334,equal_macro,
placebo,457191,123,primary,shifted,1,1,0,110,0.10941666666666668,0.3431666666666667,equal_macro,
placebo,457191,123,primary,shifted,1,1,1,111,0.08825,0.75,equal_macro,
placebo,457191,2026,primary,canonical,0,0,0,000,0.99875,1.0,equal_macro,
placebo,457191,2026,primary,canonical,0,0,1,001,0.9994166666666667,1.0,equal_macro,
placebo,457191,2026,primary,canonical,0,1,0,010,0.9990000000000001,1.0,equal_macro,
placebo,457191,2026,primary,canonical,0,1,1,011,0.9992500000000001,1.0,equal_macro,
placebo,457191,2026,primary,canonical,1,0,0,100,0.13083333333333333,0.32466666666666666,equal_macro,
placebo,457191,2026,primary,canonical,1,0,1,101,0.06441666666666666,0.7646666666666667,equal_macro,
placebo,457191,2026,primary,canonical,1,1,0,110,0.1403333333333333,0.29400000000000004,equal_macro,
placebo,457191,2026,primary,canonical,1,1,1,111,0.0705,0.7729166666666667,equal_macro,
placebo,457191,2026,primary,shifted,0,0,0,000,0.99725,1.0,equal_macro,
placebo,457191,2026,primary,shifted,0,0,1,001,0.9987500000000001,1.0,equal_macro,
placebo,457191,2026,primary,shifted,0,1,0,010,0.9981666666666668,1.0,equal_macro,
placebo,457191,2026,primary,shifted,0,1,1,011,0.9990833333333334,1.0,equal_macro,
placebo,457191,2026,primary,shifted,1,0,0,100,0.13,0.3244166666666667,equal_macro,
placebo,457191,2026,primary,shifted,1,0,1,101,0.06525,0.7690833333333333,equal_macro,
placebo,457191,2026,primary,shifted,1,1,0,110,0.14075000000000001,0.29300000000000004,equal_macro,
placebo,457191,2026,primary,shifted,1,1,1,111,0.07416666666666666,0.7796666666666667,equal_macro,
placebo,457191,3407,primary,canonical,0,0,0,000,0.9990833333333334,1.0,equal_macro,
placebo,457191,3407,primary,canonical,0,0,1,001,0.9989166666666667,1.0,equal_macro,
placebo,457191,3407,primary,canonical,0,1,0,010,0.9988333333333335,1.0,equal_macro,
placebo,457191,3407,primary,canonical,0,1,1,011,0.99925,1.0,equal_macro,
placebo,457191,3407,primary,canonical,1,0,0,100,0.034833333333333334,0.21841666666666668,equal_macro,
placebo,457191,3407,primary,canonical,1,0,1,101,0.033,0.6485833333333333,equal_macro,
placebo,457191,3407,primary,canonical,1,1,0,110,0.042249999999999996,0.18416666666666665,equal_macro,
placebo,457191,3407,primary,canonical,1,1,1,111,0.034916666666666665,0.659,equal_macro,
placebo,457191,3407,primary,shifted,0,0,0,000,0.9973333333333334,1.0,equal_macro,
placebo,457191,3407,primary,shifted,0,0,1,001,0.9980833333333334,1.0,equal_macro,
placebo,457191,3407,primary,shifted,0,1,0,010,0.9979166666666668,1.0,equal_macro,
placebo,457191,3407,primary,shifted,0,1,1,011,0.9985833333333334,1.0,equal_macro,
placebo,457191,3407,primary,shifted,1,0,0,100,0.035833333333333335,0.21775,equal_macro,
placebo,457191,3407,primary,shifted,1,0,1,101,0.03358333333333334,0.6579166666666666,equal_macro,
placebo,457191,3407,primary,shifted,1,1,0,110,0.04358333333333333,0.18458333333333335,equal_macro,
placebo,457191,3407,primary,shifted,1,1,1,111,0.034583333333333334,0.6690833333333333,equal_macro,
placebo,459336,7,primary,canonical,0,0,0,000,0.99875,1.0,equal_macro,
placebo,459336,7,primary,canonical,0,0,1,001,0.9991666666666668,1.0,equal_macro,
placebo,459336,7,primary,canonical,0,1,0,010,0.9991666666666668,1.0,equal_macro,
placebo,459336,7,primary,canonical,0,1,1,011,0.9994166666666667,1.0,equal_macro,
placebo,459336,7,primary,canonical,1,0,0,100,0.051916666666666667,0.2505833333333333,equal_macro,
placebo,459336,7,primary,canonical,1,0,1,101,0.036333333333333336,0.67825,equal_macro,
placebo,459336,7,primary,canonical,1,1,0,110,0.05416666666666667,0.2025833333333333,equal_macro,
placebo,459336,7,primary,canonical,1,1,1,111,0.036833333333333336,0.6681666666666666,equal_macro,
placebo,459336,7,primary,shifted,0,0,0,000,0.99725,1.0,equal_macro,
placebo,459336,7,primary,shifted,0,0,1,001,0.9981666666666668,1.0,equal_macro,
placebo,459336,7,primary,shifted,0,1,0,010,0.9980833333333334,1.0,equal_macro,
placebo,459336,7,primary,shifted,0,1,1,011,0.9989166666666668,1.0,equal_macro,
placebo,459336,7,primary,shifted,1,0,0,100,0.05291666666666666,0.2519166666666667,equal_macro,
placebo,459336,7,primary,shifted,1,0,1,101,0.03658333333333333,0.6815,equal_macro,
placebo,459336,7,primary,shifted,1,1,0,110,0.05491666666666666,0.2063333333333333,equal_macro,
placebo,459336,7,primary,shifted,1,1,1,111,0.03791666666666667,0.6715,equal_macro,
placebo,459336,42,primary,canonical,0,0,0,000,0.9989166666666667,1.0,equal_macro,
placebo,459336,42,primary,canonical,0,0,1,001,0.9991666666666668,1.0,equal_macro,
placebo,459336,42,primary,canonical,0,1,0,010,0.9991666666666668,1.0,equal_macro,
placebo,459336,42,primary,canonical,0,1,1,011,0.9995,1.0,equal_macro,
placebo,459336,42,primary,canonical,1,0,0,100,0.2648333333333333,0.4570833333333334,equal_macro,
placebo,459336,42,primary,canonical,1,0,1,101,0.2283333333333333,0.8299166666666666,equal_macro,
placebo,459336,42,primary,canonical,1,1,0,110,0.2788333333333333,0.42999999999999994,equal_macro,
placebo,459336,42,primary,canonical,1,1,1,111,0.21641666666666665,0.8156666666666667,equal_macro,
placebo,459336,42,primary,shifted,0,0,0,000,0.9974166666666666,1.0,equal_macro,
placebo,459336,42,primary,shifted,0,0,1,001,0.9981666666666668,1.0,equal_macro,
placebo,459336,42,primary,shifted,0,1,0,010,0.9983333333333334,1.0,equal_macro,
placebo,459336,42,primary,shifted,0,1,1,011,0.9990833333333333,1.0,equal_macro,
placebo,459336,42,primary,shifted,1,0,0,100,0.26566666666666666,0.46066666666666667,equal_macro,
placebo,459336,42,primary,shifted,1,0,1,101,0.2205,0.8325,equal_macro,
placebo,459336,42,primary,shifted,1,1,0,110,0.2791666666666667,0.43283333333333335,equal_macro,
placebo,459336,42,primary,shifted,1,1,1,111,0.21175,0.8230833333333334,equal_macro,
placebo,459336,123,primary,canonical,0,0,0,000,0.9989166666666667,1.0,equal_macro,
placebo,459336,123,primary,canonical,0,0,1,001,0.9985833333333334,1.0,equal_macro,
placebo,459336,123,primary,canonical,0,1,0,010,0.99925,1.0,equal_macro,
placebo,459336,123,primary,canonical,0,1,1,011,0.99925,1.0,equal_macro,
placebo,459336,123,primary,canonical,1,0,0,100,0.08125,0.23858333333333331,equal_macro,
placebo,459336,123,primary,canonical,1,0,1,101,0.03166666666666667,0.64925,equal_macro,
placebo,459336,123,primary,canonical,1,1,0,110,0.09808333333333333,0.20675,equal_macro,
placebo,459336,123,primary,canonical,1,1,1,111,0.03166666666666667,0.6405000000000001,equal_macro,
placebo,459336,123,primary,shifted,0,0,0,000,0.99725,1.0,equal_macro,
placebo,459336,123,primary,shifted,0,0,1,001,0.9978333333333333,1.0,equal_macro,
placebo,459336,123,primary,shifted,0,1,0,010,0.9984166666666667,1.0,equal_macro,
placebo,459336,123,primary,shifted,0,1,1,011,0.9984999999999999,1.0,equal_macro,
placebo,459336,123,primary,shifted,1,0,0,100,0.08241666666666667,0.2385,equal_macro,
placebo,459336,123,primary,shifted,1,0,1,101,0.03225,0.65025,equal_macro,
placebo,459336,123,primary,shifted,1,1,0,110,0.09666666666666668,0.20425000000000001,equal_macro,
placebo,459336,123,primary,shifted,1,1,1,111,0.032,0.6419166666666667,equal_macro,
placebo,459336,2026,primary,canonical,0,0,0,000,0.9990000000000001,1.0,equal_macro,
placebo,459336,2026,primary,canonical,0,0,1,001,0.9995833333333335,1.0,equal_macro,
placebo,459336,2026,primary,canonical,0,1,0,010,0.9991666666666668,1.0,equal_macro,
placebo,459336,2026,primary,canonical,0,1,1,011,0.9995,1.0,equal_macro,
placebo,459336,2026,primary,canonical,1,0,0,100,0.21100000000000002,0.3963333333333333,equal_macro,
placebo,459336,2026,primary,canonical,1,0,1,101,0.06633333333333333,0.8004166666666667,equal_macro,
placebo,459336,2026,primary,canonical,1,1,0,110,0.21641666666666667,0.35724999999999996,equal_macro,
placebo,459336,2026,primary,canonical,1,1,1,111,0.061000000000000006,0.8115,equal_macro,
placebo,459336,2026,primary,shifted,0,0,0,000,0.9976666666666667,1.0,equal_macro,
placebo,459336,2026,primary,shifted,0,0,1,001,0.99875,1.0,equal_macro,
placebo,459336,2026,primary,shifted,0,1,0,010,0.9984166666666667,1.0,equal_macro,
placebo,459336,2026,primary,shifted,0,1,1,011,0.9990833333333334,1.0,equal_macro,
placebo,459336,2026,primary,shifted,1,0,0,100,0.21625,0.399,equal_macro,
placebo,459336,2026,primary,shifted,1,0,1,101,0.06925,0.8007500000000001,equal_macro,
placebo,459336,2026,primary,shifted,1,1,0,110,0.22291666666666665,0.361,equal_macro,
placebo,459336,2026,primary,shifted,1,1,1,111,0.06775,0.8141666666666667,equal_macro,
placebo,459336,3407,primary,canonical,0,0,0,000,0.9991666666666668,1.0,equal_macro,
placebo,459336,3407,primary,canonical,0,0,1,001,0.99925,1.0,equal_macro,
placebo,459336,3407,primary,canonical,0,1,0,010,0.9992500000000001,1.0,equal_macro,
placebo,459336,3407,primary,canonical,0,1,1,011,0.99925,1.0,equal_macro,
placebo,459336,3407,primary,canonical,1,0,0,100,0.12999999999999998,0.29975,equal_macro,
placebo,459336,3407,primary,canonical,1,0,1,101,0.14700000000000002,0.8275833333333333,equal_macro,
placebo,459336,3407,primary,canonical,1,1,0,110,0.13583333333333333,0.26416666666666666,equal_macro,
placebo,459336,3407,primary,canonical,1,1,1,111,0.14941666666666667,0.8233333333333334,equal_macro,
placebo,459336,3407,primary,shifted,0,0,0,000,0.9978333333333333,1.0,equal_macro,
placebo,459336,3407,primary,shifted,0,0,1,001,0.9981666666666666,1.0,equal_macro,
placebo,459336,3407,primary,shifted,0,1,0,010,0.9982500000000001,1.0,equal_macro,
placebo,459336,3407,primary,shifted,0,1,1,011,0.9988333333333335,1.0,equal_macro,
placebo,459336,3407,primary,shifted,1,0,0,100,0.12591666666666668,0.29641666666666666,equal_macro,
placebo,459336,3407,primary,shifted,1,0,1,101,0.14508333333333334,0.8288333333333334,equal_macro,
placebo,459336,3407,primary,shifted,1,1,0,110,0.13191666666666668,0.25983333333333336,equal_macro,
placebo,459336,3407,primary,shifted,1,1,1,111,0.14866666666666667,0.8231666666666667,equal_macro,
placebo,467232,7,primary,canonical,0,0,0,000,0.9988333333333335,1.0,equal_macro,
placebo,467232,7,primary,canonical,0,0,1,001,0.9990833333333334,1.0,equal_macro,
placebo,467232,7,primary,canonical,0,1,0,010,0.9990833333333333,1.0,equal_macro,
placebo,467232,7,primary,canonical,0,1,1,011,0.9992500000000001,1.0,equal_macro,
placebo,467232,7,primary,canonical,1,0,0,100,0.18175,0.3209166666666667,equal_macro,
placebo,467232,7,primary,canonical,1,0,1,101,0.16766666666666666,0.7928333333333333,equal_macro,
placebo,467232,7,primary,canonical,1,1,0,110,0.19383333333333333,0.29858333333333337,equal_macro,
placebo,467232,7,primary,canonical,1,1,1,111,0.18308333333333335,0.7924166666666667,equal_macro,
placebo,467232,7,primary,shifted,0,0,0,000,0.9970833333333333,1.0,equal_macro,
placebo,467232,7,primary,shifted,0,0,1,001,0.9977500000000001,1.0,equal_macro,
placebo,467232,7,primary,shifted,0,1,0,010,0.9984999999999999,1.0,equal_macro,
placebo,467232,7,primary,shifted,0,1,1,011,0.9988333333333335,1.0,equal_macro,
placebo,467232,7,primary,shifted,1,0,0,100,0.17775,0.31633333333333336,equal_macro,
placebo,467232,7,primary,shifted,1,0,1,101,0.1700833333333333,0.79325,equal_macro,
placebo,467232,7,primary,shifted,1,1,0,110,0.1875,0.29208333333333336,equal_macro,
placebo,467232,7,primary,shifted,1,1,1,111,0.18258333333333335,0.7899166666666666,equal_macro,
placebo,467232,42,primary,canonical,0,0,0,000,0.9986666666666668,1.0,equal_macro,
placebo,467232,42,primary,canonical,0,0,1,001,0.9992500000000001,1.0,equal_macro,
placebo,467232,42,primary,canonical,0,1,0,010,0.9990000000000001,1.0,equal_macro,
placebo,467232,42,primary,canonical,0,1,1,011,0.9995833333333335,1.0,equal_macro,
placebo,467232,42,primary,canonical,1,0,0,100,0.058333333333333334,0.21958333333333335,equal_macro,
placebo,467232,42,primary,canonical,1,0,1,101,0.051666666666666666,0.51475,equal_macro,
placebo,467232,42,primary,canonical,1,1,0,110,0.0625,0.18974999999999997,equal_macro,
placebo,467232,42,primary,canonical,1,1,1,111,0.05583333333333333,0.48858333333333337,equal_macro,
placebo,467232,42,primary,shifted,0,0,0,000,0.9972500000000001,1.0,equal_macro,
placebo,467232,42,primary,shifted,0,0,1,001,0.9983333333333334,1.0,equal_macro,
placebo,467232,42,primary,shifted,0,1,0,010,0.9977499999999999,1.0,equal_macro,
placebo,467232,42,primary,shifted,0,1,1,011,0.9988333333333335,1.0,equal_macro,
placebo,467232,42,primary,shifted,1,0,0,100,0.060833333333333336,0.22341666666666665,equal_macro,
placebo,467232,42,primary,shifted,1,0,1,101,0.05508333333333333,0.51825,equal_macro,
placebo,467232,42,primary,shifted,1,1,0,110,0.06366666666666666,0.19225,equal_macro,
placebo,467232,42,primary,shifted,1,1,1,111,0.06008333333333333,0.49424999999999997,equal_macro,
placebo,467232,123,primary,canonical,0,0,0,000,0.9988333333333335,1.0,equal_macro,
placebo,467232,123,primary,canonical,0,0,1,001,0.9993333333333334,1.0,equal_macro,
placebo,467232,123,primary,canonical,0,1,0,010,0.9991666666666668,1.0,equal_macro,
placebo,467232,123,primary,canonical,0,1,1,011,0.9994166666666666,1.0,equal_macro,
placebo,467232,123,primary,canonical,1,0,0,100,0.0675,0.217,equal_macro,
placebo,467232,123,primary,canonical,1,0,1,101,0.034083333333333334,0.6368333333333334,equal_macro,
placebo,467232,123,primary,canonical,1,1,0,110,0.08141666666666666,0.18383333333333332,equal_macro,
placebo,467232,123,primary,canonical,1,1,1,111,0.034416666666666665,0.6435,equal_macro,
placebo,467232,123,primary,shifted,0,0,0,000,0.9970000000000001,1.0,equal_macro,
placebo,467232,123,primary,shifted,0,0,1,001,0.9981666666666666,1.0,equal_macro,
placebo,467232,123,primary,shifted,0,1,0,010,0.9981666666666668,1.0,equal_macro,
placebo,467232,123,primary,shifted,0,1,1,011,0.9990000000000001,1.0,equal_macro,
placebo,467232,123,primary,shifted,1,0,0,100,0.06625,0.21450000000000002,equal_macro,
placebo,467232,123,primary,shifted,1,0,1,101,0.034083333333333334,0.6381666666666665,equal_macro,
placebo,467232,123,primary,shifted,1,1,0,110,0.07891666666666666,0.17950000000000002,equal_macro,
placebo,467232,123,primary,shifted,1,1,1,111,0.035166666666666666,0.6435833333333333,equal_macro,
placebo,467232,2026,primary,canonical,0,0,0,000,0.9984999999999999,1.0,equal_macro,
placebo,467232,2026,primary,canonical,0,0,1,001,0.9993333333333334,1.0,equal_macro,
placebo,467232,2026,primary,canonical,0,1,0,010,0.99925,1.0,equal_macro,
placebo,467232,2026,primary,canonical,0,1,1,011,0.9993333333333334,1.0,equal_macro,
placebo,467232,2026,primary,canonical,1,0,0,100,0.19899999999999998,0.34400000000000003,equal_macro,
placebo,467232,2026,primary,canonical,1,0,1,101,0.07541666666666666,0.6754166666666668,equal_macro,
placebo,467232,2026,primary,canonical,1,1,0,110,0.21358333333333335,0.31816666666666665,equal_macro,
placebo,467232,2026,primary,canonical,1,1,1,111,0.08133333333333334,0.6893333333333334,equal_macro,
placebo,467232,2026,primary,shifted,0,0,0,000,0.9965833333333334,1.0,equal_macro,
placebo,467232,2026,primary,shifted,0,0,1,001,0.998,1.0,equal_macro,
placebo,467232,2026,primary,shifted,0,1,0,010,0.9982500000000001,1.0,equal_macro,
placebo,467232,2026,primary,shifted,0,1,1,011,0.9988333333333335,1.0,equal_macro,
placebo,467232,2026,primary,shifted,1,0,0,100,0.19783333333333333,0.3453333333333334,equal_macro,
placebo,467232,2026,primary,shifted,1,0,1,101,0.07516666666666666,0.6805,equal_macro,
placebo,467232,2026,primary,shifted,1,1,0,110,0.21250000000000002,0.3214166666666667,equal_macro,
placebo,467232,2026,primary,shifted,1,1,1,111,0.0805,0.6943333333333335,equal_macro,
placebo,467232,3407,primary,canonical,0,0,0,000,0.9989166666666667,1.0,equal_macro,
placebo,467232,3407,primary,canonical,0,0,1,001,0.9990833333333334,1.0,equal_macro,
placebo,467232,3407,primary,canonical,0,1,0,010,0.9990833333333333,1.0,equal_macro,
placebo,467232,3407,primary,canonical,0,1,1,011,0.9995833333333335,1.0,equal_macro,
placebo,467232,3407,primary,canonical,1,0,0,100,0.07758333333333332,0.26083333333333336,equal_macro,
placebo,467232,3407,primary,canonical,1,0,1,101,0.03241666666666666,0.661,equal_macro,
placebo,467232,3407,primary,canonical,1,1,0,110,0.08616666666666667,0.22850000000000004,equal_macro,
placebo,467232,3407,primary,canonical,1,1,1,111,0.033,0.6736666666666666,equal_macro,
placebo,467232,3407,primary,shifted,0,0,0,000,0.9969166666666667,1.0,equal_macro,
placebo,467232,3407,primary,shifted,0,0,1,001,0.9981666666666668,1.0,equal_macro,
placebo,467232,3407,primary,shifted,0,1,0,010,0.998,1.0,equal_macro,
placebo,467232,3407,primary,shifted,0,1,1,011,0.9988333333333335,1.0,equal_macro,
placebo,467232,3407,primary,shifted,1,0,0,100,0.08,0.26216666666666666,equal_macro,
placebo,467232,3407,primary,shifted,1,0,1,101,0.03325,0.6636666666666666,equal_macro,
placebo,467232,3407,primary,shifted,1,1,0,110,0.08733333333333333,0.23049999999999998,equal_macro,
placebo,467232,3407,primary,shifted,1,1,1,111,0.033166666666666664,0.6736666666666667,equal_macro,
placebo,485791,7,primary,canonical,0,0,0,000,0.99875,1.0,equal_macro,
placebo,485791,7,primary,canonical,0,0,1,001,0.9990000000000001,1.0,equal_macro,
placebo,485791,7,primary,canonical,0,1,0,010,0.9991666666666668,1.0,equal_macro,
placebo,485791,7,primary,canonical,0,1,1,011,0.9991666666666668,1.0,equal_macro,
placebo,485791,7,primary,canonical,1,0,0,100,0.22516666666666663,0.4045833333333333,equal_macro,
placebo,485791,7,primary,canonical,1,0,1,101,0.13916666666666666,0.6495833333333334,equal_macro,
placebo,485791,7,primary,canonical,1,1,0,110,0.2456666666666667,0.376,equal_macro,
placebo,485791,7,primary,canonical,1,1,1,111,0.15758333333333333,0.6483333333333332,equal_macro,
placebo,485791,7,primary,shifted,0,0,0,000,0.9969166666666667,1.0,equal_macro,
placebo,485791,7,primary,shifted,0,0,1,001,0.9983333333333333,1.0,equal_macro,
placebo,485791,7,primary,shifted,0,1,0,010,0.9981666666666668,1.0,equal_macro,
placebo,485791,7,primary,shifted,0,1,1,011,0.9984999999999999,1.0,equal_macro,
placebo,485791,7,primary,shifted,1,0,0,100,0.22158333333333335,0.39874999999999994,equal_macro,
placebo,485791,7,primary,shifted,1,0,1,101,0.14083333333333334,0.6515,equal_macro,
placebo,485791,7,primary,shifted,1,1,0,110,0.24158333333333332,0.3715833333333333,equal_macro,
placebo,485791,7,primary,shifted,1,1,1,111,0.156,0.6478333333333333,equal_macro,
placebo,485791,42,primary,canonical,0,0,0,000,0.9990833333333333,1.0,equal_macro,
placebo,485791,42,primary,canonical,0,0,1,001,0.9991666666666668,1.0,equal_macro,
placebo,485791,42,primary,canonical,0,1,0,010,0.9991666666666668,1.0,equal_macro,
placebo,485791,42,primary,canonical,0,1,1,011,0.9993333333333334,1.0,equal_macro,
placebo,485791,42,primary,canonical,1,0,0,100,0.08666666666666667,0.31825,equal_macro,
placebo,485791,42,primary,canonical,1,0,1,101,0.04916666666666667,0.511,equal_macro,
placebo,485791,42,primary,canonical,1,1,0,110,0.09125,0.26941666666666664,equal_macro,
placebo,485791,42,primary,canonical,1,1,1,111,0.05241666666666667,0.48891666666666667,equal_macro,
placebo,485791,42,primary,shifted,0,0,0,000,0.9977500000000001,1.0,equal_macro,
placebo,485791,42,primary,shifted,0,0,1,001,0.9982500000000001,1.0,equal_macro,
placebo,485791,42,primary,shifted,0,1,0,010,0.9984999999999999,1.0,equal_macro,
placebo,485791,42,primary,shifted,0,1,1,011,0.99875,1.0,equal_macro,
placebo,485791,42,primary,shifted,1,0,0,100,0.08449999999999999,0.31533333333333335,equal_macro,
placebo,485791,42,primary,shifted,1,0,1,101,0.051416666666666666,0.5165833333333333,equal_macro,
placebo,485791,42,primary,shifted,1,1,0,110,0.08791666666666667,0.26483333333333337,equal_macro,
placebo,485791,42,primary,shifted,1,1,1,111,0.05358333333333334,0.4930833333333334,equal_macro,
placebo,485791,123,primary,canonical,0,0,0,000,0.9982500000000001,1.0,equal_macro,
placebo,485791,123,primary,canonical,0,0,1,001,0.9991666666666668,1.0,equal_macro,
placebo,485791,123,primary,canonical,0,1,0,010,0.9990000000000001,1.0,equal_macro,
placebo,485791,123,primary,canonical,0,1,1,011,0.9992500000000001,1.0,equal_macro,
placebo,485791,123,primary,canonical,1,0,0,100,0.095,0.27725,equal_macro,
placebo,485791,123,primary,canonical,1,0,1,101,0.05474999999999999,0.6973333333333334,equal_macro,
placebo,485791,123,primary,canonical,1,1,0,110,0.12,0.2516666666666667,equal_macro,
placebo,485791,123,primary,canonical,1,1,1,111,0.06383333333333334,0.6965,equal_macro,
placebo,485791,123,primary,shifted,0,0,0,000,0.9965833333333334,1.0,equal_macro,
placebo,485791,123,primary,shifted,0,0,1,001,0.9978333333333333,1.0,equal_macro,
placebo,485791,123,primary,shifted,0,1,0,010,0.9976666666666667,1.0,equal_macro,
placebo,485791,123,primary,shifted,0,1,1,011,0.9984166666666667,1.0,equal_macro,
placebo,485791,123,primary,shifted,1,0,0,100,0.09866666666666667,0.28049999999999997,equal_macro,
placebo,485791,123,primary,shifted,1,0,1,101,0.05691666666666667,0.704,equal_macro,
placebo,485791,123,primary,shifted,1,1,0,110,0.12266666666666667,0.2529166666666667,equal_macro,
placebo,485791,123,primary,shifted,1,1,1,111,0.06883333333333333,0.7076666666666667,equal_macro,
placebo,485791,2026,primary,canonical,0,0,0,000,0.9985833333333334,1.0,equal_macro,
placebo,485791,2026,primary,canonical,0,0,1,001,0.9990833333333333,1.0,equal_macro,
placebo,485791,2026,primary,canonical,0,1,0,010,0.9991666666666668,1.0,equal_macro,
placebo,485791,2026,primary,canonical,0,1,1,011,0.9993333333333334,1.0,equal_macro,
placebo,485791,2026,primary,canonical,1,0,0,100,0.051750000000000004,0.2895833333333333,equal_macro,
placebo,485791,2026,primary,canonical,1,0,1,101,0.03408333333333334,0.7033333333333333,equal_macro,
placebo,485791,2026,primary,canonical,1,1,0,110,0.060166666666666674,0.24408333333333335,equal_macro,
placebo,485791,2026,primary,canonical,1,1,1,111,0.038,0.7084999999999999,equal_macro,
placebo,485791,2026,primary,shifted,0,0,0,000,0.99675,1.0,equal_macro,
placebo,485791,2026,primary,shifted,0,0,1,001,0.998,1.0,equal_macro,
placebo,485791,2026,primary,shifted,0,1,0,010,0.9982500000000001,1.0,equal_macro,
placebo,485791,2026,primary,shifted,0,1,1,011,0.9989166666666667,1.0,equal_macro,
placebo,485791,2026,primary,shifted,1,0,0,100,0.054,0.2925,equal_macro,
placebo,485791,2026,primary,shifted,1,0,1,101,0.034833333333333334,0.7035833333333333,equal_macro,
placebo,485791,2026,primary,shifted,1,1,0,110,0.06066666666666667,0.24683333333333335,equal_macro,
placebo,485791,2026,primary,shifted,1,1,1,111,0.03875,0.7090000000000001,equal_macro,
placebo,485791,3407,primary,canonical,0,0,0,000,0.9986666666666668,1.0,equal_macro,
placebo,485791,3407,primary,canonical,0,0,1,001,0.9990000000000001,1.0,equal_macro,
placebo,485791,3407,primary,canonical,0,1,0,010,0.9989166666666667,1.0,equal_macro,
placebo,485791,3407,primary,canonical,0,1,1,011,0.99925,1.0,equal_macro,
placebo,485791,3407,primary,canonical,1,0,0,100,0.07475,0.2331666666666667,equal_macro,
placebo,485791,3407,primary,canonical,1,0,1,101,0.07575,0.6566666666666667,equal_macro,
placebo,485791,3407,primary,canonical,1,1,0,110,0.08666666666666667,0.20258333333333334,equal_macro,
placebo,485791,3407,primary,canonical,1,1,1,111,0.07558333333333334,0.6481666666666667,equal_macro,
placebo,485791,3407,primary,shifted,0,0,0,000,0.9964999999999999,1.0,equal_macro,
placebo,485791,3407,primary,shifted,0,0,1,001,0.998,1.0,equal_macro,
placebo,485791,3407,primary,shifted,0,1,0,010,0.9981666666666666,1.0,equal_macro,
placebo,485791,3407,primary,shifted,0,1,1,011,0.9985833333333334,1.0,equal_macro,
placebo,485791,3407,primary,shifted,1,0,0,100,0.07358333333333333,0.23191666666666666,equal_macro,
placebo,485791,3407,primary,shifted,1,0,1,101,0.07325,0.6590833333333334,equal_macro,
placebo,485791,3407,primary,shifted,1,1,0,110,0.08475,0.20174999999999998,equal_macro,
placebo,485791,3407,primary,shifted,1,1,1,111,0.07241666666666667,0.6525,equal_macro,
placebo,550427,7,primary,canonical,0,0,0,000,0.9989166666666667,1.0,equal_macro,
placebo,550427,7,primary,canonical,0,0,1,001,0.99925,1.0,equal_macro,
placebo,550427,7,primary,canonical,0,1,0,010,0.9990833333333334,1.0,equal_macro,
placebo,550427,7,primary,canonical,0,1,1,011,0.9992500000000001,1.0,equal_macro,
placebo,550427,7,primary,canonical,1,0,0,100,0.06266666666666666,0.2563333333333333,equal_macro,
placebo,550427,7,primary,canonical,1,0,1,101,0.03991666666666667,0.6771666666666667,equal_macro,
placebo,550427,7,primary,canonical,1,1,0,110,0.08416666666666667,0.22808333333333336,equal_macro,
placebo,550427,7,primary,canonical,1,1,1,111,0.04158333333333333,0.6749166666666666,equal_macro,
placebo,550427,7,primary,shifted,0,0,0,000,0.9968333333333332,1.0,equal_macro,
placebo,550427,7,primary,shifted,0,0,1,001,0.9983333333333333,1.0,equal_macro,
placebo,550427,7,primary,shifted,0,1,0,010,0.9981666666666668,1.0,equal_macro,
placebo,550427,7,primary,shifted,0,1,1,011,0.9985833333333334,1.0,equal_macro,
placebo,550427,7,primary,shifted,1,0,0,100,0.06325,0.2579166666666667,equal_macro,
placebo,550427,7,primary,shifted,1,0,1,101,0.040249999999999994,0.6844166666666667,equal_macro,
placebo,550427,7,primary,shifted,1,1,0,110,0.08425,0.2293333333333333,equal_macro,
placebo,550427,7,primary,shifted,1,1,1,111,0.04241666666666667,0.6850833333333333,equal_macro,
placebo,550427,42,primary,canonical,0,0,0,000,0.9988333333333335,1.0,equal_macro,
placebo,550427,42,primary,canonical,0,0,1,001,0.9989166666666667,1.0,equal_macro,
placebo,550427,42,primary,canonical,0,1,0,010,0.9989166666666667,1.0,equal_macro,
placebo,550427,42,primary,canonical,0,1,1,011,0.9993333333333334,1.0,equal_macro,
placebo,550427,42,primary,canonical,1,0,0,100,0.09666666666666666,0.27925,equal_macro,
placebo,550427,42,primary,canonical,1,0,1,101,0.12416666666666666,0.55075,equal_macro,
placebo,550427,42,primary,canonical,1,1,0,110,0.10641666666666666,0.2589166666666667,equal_macro,
placebo,550427,42,primary,canonical,1,1,1,111,0.13325,0.53575,equal_macro,
placebo,550427,42,primary,shifted,0,0,0,000,0.9970000000000001,1.0,equal_macro,
placebo,550427,42,primary,shifted,0,0,1,001,0.9979166666666668,1.0,equal_macro,
placebo,550427,42,primary,shifted,0,1,0,010,0.9983333333333333,1.0,equal_macro,
placebo,550427,42,primary,shifted,0,1,1,011,0.9984166666666667,1.0,equal_macro,
placebo,550427,42,primary,shifted,1,0,0,100,0.10049999999999999,0.28308333333333335,equal_macro,
placebo,550427,42,primary,shifted,1,0,1,101,0.13191666666666668,0.5611666666666666,equal_macro,
placebo,550427,42,primary,shifted,1,1,0,110,0.11108333333333333,0.26475,equal_macro,
placebo,550427,42,primary,shifted,1,1,1,111,0.14008333333333334,0.5436666666666666,equal_macro,
placebo,550427,123,primary,canonical,0,0,0,000,0.9986666666666666,1.0,equal_macro,
placebo,550427,123,primary,canonical,0,0,1,001,0.9988333333333335,1.0,equal_macro,
placebo,550427,123,primary,canonical,0,1,0,010,0.9991666666666668,1.0,equal_macro,
placebo,550427,123,primary,canonical,0,1,1,011,0.9994166666666666,1.0,equal_macro,
placebo,550427,123,primary,canonical,1,0,0,100,0.14058333333333334,0.39683333333333337,equal_macro,
placebo,550427,123,primary,canonical,1,0,1,101,0.12191666666666667,0.8543333333333333,equal_macro,
placebo,550427,123,primary,canonical,1,1,0,110,0.16274999999999998,0.375,equal_macro,
placebo,550427,123,primary,canonical,1,1,1,111,0.12766666666666668,0.8543333333333334,equal_macro,
placebo,550427,123,primary,shifted,0,0,0,000,0.9970000000000001,1.0,equal_macro,
placebo,550427,123,primary,shifted,0,0,1,001,0.9981666666666666,1.0,equal_macro,
placebo,550427,123,primary,shifted,0,1,0,010,0.9979166666666666,1.0,equal_macro,
placebo,550427,123,primary,shifted,0,1,1,011,0.9988333333333335,1.0,equal_macro,
placebo,550427,123,primary,shifted,1,0,0,100,0.14066666666666666,0.3973333333333333,equal_macro,
placebo,550427,123,primary,shifted,1,0,1,101,0.11566666666666667,0.8572500000000001,equal_macro,
placebo,550427,123,primary,shifted,1,1,0,110,0.16233333333333333,0.37475,equal_macro,
placebo,550427,123,primary,shifted,1,1,1,111,0.12366666666666667,0.8592500000000001,equal_macro,
placebo,550427,2026,primary,canonical,0,0,0,000,0.9989166666666667,1.0,equal_macro,
placebo,550427,2026,primary,canonical,0,0,1,001,0.9991666666666668,1.0,equal_macro,
placebo,550427,2026,primary,canonical,0,1,0,010,0.9991666666666668,1.0,equal_macro,
placebo,550427,2026,primary,canonical,0,1,1,011,0.9995833333333335,1.0,equal_macro,
placebo,550427,2026,primary,canonical,1,0,0,100,0.14166666666666666,0.3759166666666667,equal_macro,
placebo,550427,2026,primary,canonical,1,0,1,101,0.12083333333333333,0.8059166666666667,equal_macro,
placebo,550427,2026,primary,canonical,1,1,0,110,0.17625000000000002,0.36183333333333334,equal_macro,
placebo,550427,2026,primary,canonical,1,1,1,111,0.12966666666666665,0.8136666666666665,equal_macro,
placebo,550427,2026,primary,shifted,0,0,0,000,0.9970000000000001,1.0,equal_macro,
placebo,550427,2026,primary,shifted,0,0,1,001,0.9985000000000002,1.0,equal_macro,
placebo,550427,2026,primary,shifted,0,1,0,010,0.9979166666666668,1.0,equal_macro,
placebo,550427,2026,primary,shifted,0,1,1,011,0.9988333333333335,1.0,equal_macro,
placebo,550427,2026,primary,shifted,1,0,0,100,0.14508333333333334,0.37933333333333336,equal_macro,
placebo,550427,2026,primary,shifted,1,0,1,101,0.12608333333333333,0.8091666666666667,equal_macro,
placebo,550427,2026,primary,shifted,1,1,0,110,0.17933333333333334,0.36475,equal_macro,
placebo,550427,2026,primary,shifted,1,1,1,111,0.13275,0.8159166666666667,equal_macro,
placebo,550427,3407,primary,canonical,0,0,0,000,0.9988333333333335,1.0,equal_macro,
placebo,550427,3407,primary,canonical,0,0,1,001,0.9991666666666668,1.0,equal_macro,
placebo,550427,3407,primary,canonical,0,1,0,010,0.9994166666666666,1.0,equal_macro,
placebo,550427,3407,primary,canonical,0,1,1,011,0.9994166666666666,1.0,equal_macro,
placebo,550427,3407,primary,canonical,1,0,0,100,0.05366666666666666,0.17983333333333335,equal_macro,
placebo,550427,3407,primary,canonical,1,0,1,101,0.034333333333333334,0.5834999999999999,equal_macro,
placebo,550427,3407,primary,canonical,1,1,0,110,0.0605,0.15183333333333332,equal_macro,
placebo,550427,3407,primary,canonical,1,1,1,111,0.03775,0.57825,equal_macro,
placebo,550427,3407,primary,shifted,0,0,0,000,0.99725,1.0,equal_macro,
placebo,550427,3407,primary,shifted,0,0,1,001,0.9985833333333334,1.0,equal_macro,
placebo,550427,3407,primary,shifted,0,1,0,010,0.9983333333333333,1.0,equal_macro,
placebo,550427,3407,primary,shifted,0,1,1,011,0.9989999999999999,1.0,equal_macro,
placebo,550427,3407,primary,shifted,1,0,0,100,0.0545,0.17733333333333334,equal_macro,
placebo,550427,3407,primary,shifted,1,0,1,101,0.035416666666666666,0.5895833333333333,equal_macro,
placebo,550427,3407,primary,shifted,1,1,0,110,0.061166666666666675,0.15066666666666667,equal_macro,
placebo,550427,3407,primary,shifted,1,1,1,111,0.03983333333333333,0.5879166666666666,equal_macro,
placebo,560657,7,primary,canonical,0,0,0,000,0.9986666666666666,1.0,equal_macro,
placebo,560657,7,primary,canonical,0,0,1,001,0.9986666666666668,1.0,equal_macro,
placebo,560657,7,primary,canonical,0,1,0,010,0.9990000000000001,1.0,equal_macro,
placebo,560657,7,primary,canonical,0,1,1,011,0.9988333333333335,1.0,equal_macro,
placebo,560657,7,primary,canonical,1,0,0,100,0.0735,0.24616666666666664,equal_macro,
placebo,560657,7,primary,canonical,1,0,1,101,0.08683333333333333,0.5894166666666667,equal_macro,
placebo,560657,7,primary,canonical,1,1,0,110,0.08291666666666667,0.20358333333333334,equal_macro,
placebo,560657,7,primary,canonical,1,1,1,111,0.09633333333333333,0.5595,equal_macro,
placebo,560657,7,primary,shifted,0,0,0,000,0.9970000000000001,1.0,equal_macro,
placebo,560657,7,primary,shifted,0,0,1,001,0.9973333333333334,1.0,equal_macro,
placebo,560657,7,primary,shifted,0,1,0,010,0.9975833333333335,1.0,equal_macro,
placebo,560657,7,primary,shifted,0,1,1,011,0.9983333333333334,1.0,equal_macro,
placebo,560657,7,primary,shifted,1,0,0,100,0.07283333333333333,0.246,equal_macro,
placebo,560657,7,primary,shifted,1,0,1,101,0.08666666666666667,0.5929166666666666,equal_macro,
placebo,560657,7,primary,shifted,1,1,0,110,0.08408333333333334,0.20391666666666663,equal_macro,
placebo,560657,7,primary,shifted,1,1,1,111,0.09633333333333334,0.5648333333333333,equal_macro,
placebo,560657,42,primary,canonical,0,0,0,000,0.9985833333333334,1.0,equal_macro,
placebo,560657,42,primary,canonical,0,0,1,001,0.9986666666666668,1.0,equal_macro,
placebo,560657,42,primary,canonical,0,1,0,010,0.9990833333333334,1.0,equal_macro,
placebo,560657,42,primary,canonical,0,1,1,011,0.9992500000000001,1.0,equal_macro,
placebo,560657,42,primary,canonical,1,0,0,100,0.05,0.29541666666666666,equal_macro,
placebo,560657,42,primary,canonical,1,0,1,101,0.06483333333333333,0.7520833333333334,equal_macro,
placebo,560657,42,primary,canonical,1,1,0,110,0.05316666666666666,0.2465,equal_macro,
placebo,560657,42,primary,canonical,1,1,1,111,0.06066666666666666,0.76175,equal_macro,
placebo,560657,42,primary,shifted,0,0,0,000,0.9970000000000001,1.0,equal_macro,
placebo,560657,42,primary,shifted,0,0,1,001,0.9975833333333334,1.0,equal_macro,
placebo,560657,42,primary,shifted,0,1,0,010,0.9983333333333334,1.0,equal_macro,
placebo,560657,42,primary,shifted,0,1,1,011,0.9987500000000001,1.0,equal_macro,
placebo,560657,42,primary,shifted,1,0,0,100,0.050166666666666665,0.28841666666666665,equal_macro,
placebo,560657,42,primary,shifted,1,0,1,101,0.06283333333333332,0.7509166666666667,equal_macro,
placebo,560657,42,primary,shifted,1,1,0,110,0.05283333333333333,0.24183333333333334,equal_macro,
placebo,560657,42,primary,shifted,1,1,1,111,0.06133333333333333,0.76375,equal_macro,
placebo,560657,123,primary,canonical,0,0,0,000,0.99875,1.0,equal_macro,
placebo,560657,123,primary,canonical,0,0,1,001,0.9990833333333334,1.0,equal_macro,
placebo,560657,123,primary,canonical,0,1,0,010,0.9990000000000001,1.0,equal_macro,
placebo,560657,123,primary,canonical,0,1,1,011,0.9991666666666668,1.0,equal_macro,
placebo,560657,123,primary,canonical,1,0,0,100,0.050916666666666666,0.34299999999999997,equal_macro,
placebo,560657,123,primary,canonical,1,0,1,101,0.04558333333333333,0.841,equal_macro,
placebo,560657,123,primary,canonical,1,1,0,110,0.060000000000000005,0.3045,equal_macro,
placebo,560657,123,primary,canonical,1,1,1,111,0.041749999999999995,0.8585833333333333,equal_macro,
placebo,560657,123,primary,shifted,0,0,0,000,0.99725,1.0,equal_macro,
placebo,560657,123,primary,shifted,0,0,1,001,0.9979166666666668,1.0,equal_macro,
placebo,560657,123,primary,shifted,0,1,0,010,0.9982500000000001,1.0,equal_macro,
placebo,560657,123,primary,shifted,0,1,1,011,0.99875,1.0,equal_macro,
placebo,560657,123,primary,shifted,1,0,0,100,0.05275,0.3434166666666666,equal_macro,
placebo,560657,123,primary,shifted,1,0,1,101,0.04908333333333333,0.8401666666666667,equal_macro,
placebo,560657,123,primary,shifted,1,1,0,110,0.06358333333333333,0.3070833333333333,equal_macro,
placebo,560657,123,primary,shifted,1,1,1,111,0.04566666666666667,0.8570833333333334,equal_macro,
placebo,560657,2026,primary,canonical,0,0,0,000,0.9985833333333334,1.0,equal_macro,
placebo,560657,2026,primary,canonical,0,0,1,001,0.9988333333333335,1.0,equal_macro,
placebo,560657,2026,primary,canonical,0,1,0,010,0.9990000000000001,1.0,equal_macro,
placebo,560657,2026,primary,canonical,0,1,1,011,0.9993333333333334,1.0,equal_macro,
placebo,560657,2026,primary,canonical,1,0,0,100,0.128,0.236,equal_macro,
placebo,560657,2026,primary,canonical,1,0,1,101,0.0455,0.5525833333333333,equal_macro,
placebo,560657,2026,primary,canonical,1,1,0,110,0.13641666666666666,0.2095,equal_macro,
placebo,560657,2026,primary,canonical,1,1,1,111,0.04525,0.528,equal_macro,
placebo,560657,2026,primary,shifted,0,0,0,000,0.9965,1.0,equal_macro,
placebo,560657,2026,primary,shifted,0,0,1,001,0.9973333333333334,1.0,equal_macro,
placebo,560657,2026,primary,shifted,0,1,0,010,0.9975833333333335,1.0,equal_macro,
placebo,560657,2026,primary,shifted,0,1,1,011,0.9984166666666667,1.0,equal_macro,
placebo,560657,2026,primary,shifted,1,0,0,100,0.12833333333333333,0.2376666666666667,equal_macro,
placebo,560657,2026,primary,shifted,1,0,1,101,0.04608333333333333,0.5555,equal_macro,
placebo,560657,2026,primary,shifted,1,1,0,110,0.1365,0.21000000000000002,equal_macro,
placebo,560657,2026,primary,shifted,1,1,1,111,0.04691666666666667,0.5313333333333334,equal_macro,
placebo,560657,3407,primary,canonical,0,0,0,000,0.9985000000000002,1.0,equal_macro,
placebo,560657,3407,primary,canonical,0,0,1,001,0.9986666666666666,1.0,equal_macro,
placebo,560657,3407,primary,canonical,0,1,0,010,0.9993333333333334,1.0,equal_macro,
placebo,560657,3407,primary,canonical,0,1,1,011,0.9991666666666668,1.0,equal_macro,
placebo,560657,3407,primary,canonical,1,0,0,100,0.16899999999999998,0.25558333333333333,equal_macro,
placebo,560657,3407,primary,canonical,1,0,1,101,0.21566666666666667,0.6115833333333334,equal_macro,
placebo,560657,3407,primary,canonical,1,1,0,110,0.19416666666666665,0.24841666666666665,equal_macro,
placebo,560657,3407,primary,canonical,1,1,1,111,0.2055,0.584,equal_macro,
placebo,560657,3407,primary,shifted,0,0,0,000,0.9968333333333335,1.0,equal_macro,
placebo,560657,3407,primary,shifted,0,0,1,001,0.9978333333333333,1.0,equal_macro,
placebo,560657,3407,primary,shifted,0,1,0,010,0.9980000000000001,1.0,equal_macro,
placebo,560657,3407,primary,shifted,0,1,1,011,0.99875,1.0,equal_macro,
placebo,560657,3407,primary,shifted,1,0,0,100,0.17083333333333334,0.25799999999999995,equal_macro,
placebo,560657,3407,primary,shifted,1,0,1,101,0.22066666666666668,0.6134166666666667,equal_macro,
placebo,560657,3407,primary,shifted,1,1,0,110,0.19516666666666665,0.24858333333333335,equal_macro,
placebo,560657,3407,primary,shifted,1,1,1,111,0.21333333333333332,0.5855833333333333,equal_macro,
placebo,583909,7,primary,canonical,0,0,0,000,0.9990833333333334,1.0,equal_macro,
placebo,583909,7,primary,canonical,0,0,1,001,0.9990833333333334,1.0,equal_macro,
placebo,583909,7,primary,canonical,0,1,0,010,0.9991666666666668,1.0,equal_macro,
placebo,583909,7,primary,canonical,0,1,1,011,0.9992500000000001,1.0,equal_macro,
placebo,583909,7,primary,canonical,1,0,0,100,0.18933333333333335,0.3005833333333333,equal_macro,
placebo,583909,7,primary,canonical,1,0,1,101,0.18366666666666667,0.691,equal_macro,
placebo,583909,7,primary,canonical,1,1,0,110,0.2145,0.291,equal_macro,
placebo,583909,7,primary,canonical,1,1,1,111,0.19641666666666666,0.6739999999999999,equal_macro,
placebo,583909,7,primary,shifted,0,0,0,000,0.9972500000000001,1.0,equal_macro,
placebo,583909,7,primary,shifted,0,0,1,001,0.9984166666666667,1.0,equal_macro,
placebo,583909,7,primary,shifted,0,1,0,010,0.9981666666666668,1.0,equal_macro,
placebo,583909,7,primary,shifted,0,1,1,011,0.9988333333333335,1.0,equal_macro,
placebo,583909,7,primary,shifted,1,0,0,100,0.19091666666666665,0.30174999999999996,equal_macro,
placebo,583909,7,primary,shifted,1,0,1,101,0.18483333333333332,0.6961666666666666,equal_macro,
placebo,583909,7,primary,shifted,1,1,0,110,0.21125,0.2889166666666667,equal_macro,
placebo,583909,7,primary,shifted,1,1,1,111,0.19649999999999995,0.6776666666666666,equal_macro,
placebo,583909,42,primary,canonical,0,0,0,000,0.9988333333333335,1.0,equal_macro,
placebo,583909,42,primary,canonical,0,0,1,001,0.9993333333333334,1.0,equal_macro,
placebo,583909,42,primary,canonical,0,1,0,010,0.9989166666666668,1.0,equal_macro,
placebo,583909,42,primary,canonical,0,1,1,011,0.9994166666666666,1.0,equal_macro,
placebo,583909,42,primary,canonical,1,0,0,100,0.23099999999999998,0.4458333333333333,equal_macro,
placebo,583909,42,primary,canonical,1,0,1,101,0.11049999999999999,0.7635833333333334,equal_macro,
placebo,583909,42,primary,canonical,1,1,0,110,0.23658333333333334,0.41125,equal_macro,
placebo,583909,42,primary,canonical,1,1,1,111,0.10091666666666665,0.7558333333333334,equal_macro,
placebo,583909,42,primary,shifted,0,0,0,000,0.9970000000000001,1.0,equal_macro,
placebo,583909,42,primary,shifted,0,0,1,001,0.9979166666666666,1.0,equal_macro,
placebo,583909,42,primary,shifted,0,1,0,010,0.9979166666666668,1.0,equal_macro,
placebo,583909,42,primary,shifted,0,1,1,011,0.9989166666666667,1.0,equal_macro,
placebo,583909,42,primary,shifted,1,0,0,100,0.22200000000000003,0.44008333333333327,equal_macro,
placebo,583909,42,primary,shifted,1,0,1,101,0.10783333333333334,0.7644166666666667,equal_macro,
placebo,583909,42,primary,shifted,1,1,0,110,0.229,0.40549999999999997,equal_macro,
placebo,583909,42,primary,shifted,1,1,1,111,0.09683333333333334,0.7559166666666666,equal_macro,
placebo,583909,123,primary,canonical,0,0,0,000,0.9989166666666667,1.0,equal_macro,
placebo,583909,123,primary,canonical,0,0,1,001,0.9995,1.0,equal_macro,
placebo,583909,123,primary,canonical,0,1,0,010,0.9994166666666666,1.0,equal_macro,
placebo,583909,123,primary,canonical,0,1,1,011,0.9997499999999999,1.0,equal_macro,
placebo,583909,123,primary,canonical,1,0,0,100,0.06258333333333334,0.34175,equal_macro,
placebo,583909,123,primary,canonical,1,0,1,101,0.0415,0.80125,equal_macro,
placebo,583909,123,primary,canonical,1,1,0,110,0.07091666666666667,0.30274999999999996,equal_macro,
placebo,583909,123,primary,canonical,1,1,1,111,0.03908333333333333,0.8251666666666668,equal_macro,
placebo,583909,123,primary,shifted,0,0,0,000,0.9975,1.0,equal_macro,
placebo,583909,123,primary,shifted,0,0,1,001,0.9984999999999999,1.0,equal_macro,
placebo,583909,123,primary,shifted,0,1,0,010,0.9983333333333333,1.0,equal_macro,
placebo,583909,123,primary,shifted,0,1,1,011,0.9990000000000001,1.0,equal_macro,
placebo,583909,123,primary,shifted,1,0,0,100,0.06541666666666666,0.3478333333333333,equal_macro,
placebo,583909,123,primary,shifted,1,0,1,101,0.042,0.8053333333333332,equal_macro,
placebo,583909,123,primary,shifted,1,1,0,110,0.07391666666666667,0.30766666666666664,equal_macro,
placebo,583909,123,primary,shifted,1,1,1,111,0.04066666666666667,0.83125,equal_macro,
placebo,583909,2026,primary,canonical,0,0,0,000,0.9988333333333332,1.0,equal_macro,
placebo,583909,2026,primary,canonical,0,0,1,001,0.9993333333333334,1.0,equal_macro,
placebo,583909,2026,primary,canonical,0,1,0,010,0.9993333333333334,1.0,equal_macro,
placebo,583909,2026,primary,canonical,0,1,1,011,0.9994166666666666,1.0,equal_macro,
placebo,583909,2026,primary,canonical,1,0,0,100,0.09283333333333332,0.32716666666666666,equal_macro,
placebo,583909,2026,primary,canonical,1,0,1,101,0.044333333333333336,0.7844166666666668,equal_macro,
placebo,583909,2026,primary,canonical,1,1,0,110,0.104,0.30424999999999996,equal_macro,
placebo,583909,2026,primary,canonical,1,1,1,111,0.0485,0.7893333333333333,equal_macro,
placebo,583909,2026,primary,shifted,0,0,0,000,0.9971666666666668,1.0,equal_macro,
placebo,583909,2026,primary,shifted,0,0,1,001,0.9985833333333334,1.0,equal_macro,
placebo,583909,2026,primary,shifted,0,1,0,010,0.9981666666666666,1.0,equal_macro,
placebo,583909,2026,primary,shifted,0,1,1,011,0.9989166666666667,1.0,equal_macro,
placebo,583909,2026,primary,shifted,1,0,0,100,0.09383333333333334,0.32699999999999996,equal_macro,
placebo,583909,2026,primary,shifted,1,0,1,101,0.04541666666666667,0.7856666666666667,equal_macro,
placebo,583909,2026,primary,shifted,1,1,0,110,0.10841666666666668,0.3045,equal_macro,
placebo,583909,2026,primary,shifted,1,1,1,111,0.049916666666666665,0.7941666666666667,equal_macro,
placebo,583909,3407,primary,canonical,0,0,0,000,0.9987500000000001,1.0,equal_macro,
placebo,583909,3407,primary,canonical,0,0,1,001,0.9990833333333334,1.0,equal_macro,
placebo,583909,3407,primary,canonical,0,1,0,010,0.9992500000000001,1.0,equal_macro,
placebo,583909,3407,primary,canonical,0,1,1,011,0.9991666666666668,1.0,equal_macro,
placebo,583909,3407,primary,canonical,1,0,0,100,0.05566666666666666,0.172,equal_macro,
placebo,583909,3407,primary,canonical,1,0,1,101,0.05941666666666667,0.5317500000000001,equal_macro,
placebo,583909,3407,primary,canonical,1,1,0,110,0.06433333333333333,0.14666666666666667,equal_macro,
placebo,583909,3407,primary,canonical,1,1,1,111,0.06725,0.5174166666666666,equal_macro,
placebo,583909,3407,primary,shifted,0,0,0,000,0.9970000000000001,1.0,equal_macro,
placebo,583909,3407,primary,shifted,0,0,1,001,0.9983333333333334,1.0,equal_macro,
placebo,583909,3407,primary,shifted,0,1,0,010,0.9985000000000002,1.0,equal_macro,
placebo,583909,3407,primary,shifted,0,1,1,011,0.9990000000000001,1.0,equal_macro,
placebo,583909,3407,primary,shifted,1,0,0,100,0.057,0.1725,equal_macro,
placebo,583909,3407,primary,shifted,1,0,1,101,0.06275,0.5411666666666666,equal_macro,
placebo,583909,3407,primary,shifted,1,1,0,110,0.06525,0.14633333333333334,equal_macro,
placebo,583909,3407,primary,shifted,1,1,1,111,0.06883333333333333,0.5235833333333333,equal_macro,
placebo,685012,7,primary,canonical,0,0,0,000,0.9990833333333333,1.0,equal_macro,
placebo,685012,7,primary,canonical,0,0,1,001,0.9989166666666667,1.0,equal_macro,
placebo,685012,7,primary,canonical,0,1,0,010,0.9990833333333333,1.0,equal_macro,
placebo,685012,7,primary,canonical,0,1,1,011,0.9995,1.0,equal_macro,
placebo,685012,7,primary,canonical,1,0,0,100,0.0595,0.25425000000000003,equal_macro,
placebo,685012,7,primary,canonical,1,0,1,101,0.04875,0.6908333333333333,equal_macro,
placebo,685012,7,primary,canonical,1,1,0,110,0.07333333333333333,0.22116666666666668,equal_macro,
placebo,685012,7,primary,canonical,1,1,1,111,0.05691666666666667,0.69275,equal_macro,
placebo,685012,7,primary,shifted,0,0,0,000,0.9971666666666668,1.0,equal_macro,
placebo,685012,7,primary,shifted,0,0,1,001,0.9980833333333334,1.0,equal_macro,
placebo,685012,7,primary,shifted,0,1,0,010,0.9984999999999999,1.0,equal_macro,
placebo,685012,7,primary,shifted,0,1,1,011,0.99875,1.0,equal_macro,
placebo,685012,7,primary,shifted,1,0,0,100,0.06291666666666668,0.261,equal_macro,
placebo,685012,7,primary,shifted,1,0,1,101,0.049583333333333326,0.6944999999999999,equal_macro,
placebo,685012,7,primary,shifted,1,1,0,110,0.07566666666666666,0.22599999999999998,equal_macro,
placebo,685012,7,primary,shifted,1,1,1,111,0.057916666666666665,0.69875,equal_macro,
placebo,685012,42,primary,canonical,0,0,0,000,0.9986666666666666,1.0,equal_macro,
placebo,685012,42,primary,canonical,0,0,1,001,0.9990833333333333,1.0,equal_macro,
placebo,685012,42,primary,canonical,0,1,0,010,0.9990833333333334,1.0,equal_macro,
placebo,685012,42,primary,canonical,0,1,1,011,0.9994166666666666,1.0,equal_macro,
placebo,685012,42,primary,canonical,1,0,0,100,0.04141666666666667,0.23875,equal_macro,
placebo,685012,42,primary,canonical,1,0,1,101,0.0325,0.65425,equal_macro,
placebo,685012,42,primary,canonical,1,1,0,110,0.04716666666666667,0.19966666666666666,equal_macro,
placebo,685012,42,primary,canonical,1,1,1,111,0.03233333333333333,0.6518333333333334,equal_macro,
placebo,685012,42,primary,shifted,0,0,0,000,0.9966666666666666,1.0,equal_macro,
placebo,685012,42,primary,shifted,0,0,1,001,0.9977500000000001,1.0,equal_macro,
placebo,685012,42,primary,shifted,0,1,0,010,0.9981666666666668,1.0,equal_macro,
placebo,685012,42,primary,shifted,0,1,1,011,0.9986666666666666,1.0,equal_macro,
placebo,685012,42,primary,shifted,1,0,0,100,0.043166666666666666,0.2415,equal_macro,
placebo,685012,42,primary,shifted,1,0,1,101,0.03216666666666666,0.6559166666666667,equal_macro,
placebo,685012,42,primary,shifted,1,1,0,110,0.0485,0.2015,equal_macro,
placebo,685012,42,primary,shifted,1,1,1,111,0.03225,0.6541666666666667,equal_macro,
placebo,685012,123,primary,canonical,0,0,0,000,0.99875,1.0,equal_macro,
placebo,685012,123,primary,canonical,0,0,1,001,0.9995833333333333,1.0,equal_macro,
placebo,685012,123,primary,canonical,0,1,0,010,0.9990000000000001,1.0,equal_macro,
placebo,685012,123,primary,canonical,0,1,1,011,0.9995833333333335,1.0,equal_macro,
placebo,685012,123,primary,canonical,1,0,0,100,0.14375,0.3288333333333333,equal_macro,
placebo,685012,123,primary,canonical,1,0,1,101,0.036583333333333336,0.7093333333333334,equal_macro,
placebo,685012,123,primary,canonical,1,1,0,110,0.14783333333333332,0.2815,equal_macro,
placebo,685012,123,primary,canonical,1,1,1,111,0.037750000000000006,0.69675,equal_macro,
placebo,685012,123,primary,shifted,0,0,0,000,0.99675,1.0,equal_macro,
placebo,685012,123,primary,shifted,0,0,1,001,0.9985833333333334,1.0,equal_macro,
placebo,685012,123,primary,shifted,0,1,0,010,0.9982500000000001,1.0,equal_macro,
placebo,685012,123,primary,shifted,0,1,1,011,0.9990000000000001,1.0,equal_macro,
placebo,685012,123,primary,shifted,1,0,0,100,0.13808333333333334,0.32375,equal_macro,
placebo,685012,123,primary,shifted,1,0,1,101,0.035916666666666666,0.71125,equal_macro,
placebo,685012,123,primary,shifted,1,1,0,110,0.14366666666666666,0.27841666666666665,equal_macro,
placebo,685012,123,primary,shifted,1,1,1,111,0.0385,0.7003333333333333,equal_macro,
placebo,685012,2026,primary,canonical,0,0,0,000,0.99875,1.0,equal_macro,
placebo,685012,2026,primary,canonical,0,0,1,001,0.9991666666666668,1.0,equal_macro,
placebo,685012,2026,primary,canonical,0,1,0,010,0.9990000000000001,1.0,equal_macro,
placebo,685012,2026,primary,canonical,0,1,1,011,0.9995,1.0,equal_macro,
placebo,685012,2026,primary,canonical,1,0,0,100,0.11641666666666667,0.3140833333333333,equal_macro,
placebo,685012,2026,primary,canonical,1,0,1,101,0.05708333333333333,0.7529166666666667,equal_macro,
placebo,685012,2026,primary,canonical,1,1,0,110,0.13916666666666666,0.28875,equal_macro,
placebo,685012,2026,primary,canonical,1,1,1,111,0.06,0.7605,equal_macro,
placebo,685012,2026,primary,shifted,0,0,0,000,0.9964166666666667,1.0,equal_macro,
placebo,685012,2026,primary,shifted,0,0,1,001,0.9982500000000001,1.0,equal_macro,
placebo,685012,2026,primary,shifted,0,1,0,010,0.9980833333333334,1.0,equal_macro,
placebo,685012,2026,primary,shifted,0,1,1,011,0.9990833333333333,1.0,equal_macro,
placebo,685012,2026,primary,shifted,1,0,0,100,0.11891666666666667,0.317,equal_macro,
placebo,685012,2026,primary,shifted,1,0,1,101,0.0585,0.7591666666666665,equal_macro,
placebo,685012,2026,primary,shifted,1,1,0,110,0.14158333333333334,0.29191666666666666,equal_macro,
placebo,685012,2026,primary,shifted,1,1,1,111,0.06166666666666666,0.7669999999999999,equal_macro,
placebo,685012,3407,primary,canonical,0,0,0,000,0.9987500000000001,1.0,equal_macro,
placebo,685012,3407,primary,canonical,0,0,1,001,0.9988333333333335,1.0,equal_macro,
placebo,685012,3407,primary,canonical,0,1,0,010,0.9991666666666668,1.0,equal_macro,
placebo,685012,3407,primary,canonical,0,1,1,011,0.9991666666666668,1.0,equal_macro,
placebo,685012,3407,primary,canonical,1,0,0,100,0.04341666666666667,0.22549999999999998,equal_macro,
placebo,685012,3407,primary,canonical,1,0,1,101,0.06325,0.7819166666666666,equal_macro,
placebo,685012,3407,primary,canonical,1,1,0,110,0.051500000000000004,0.18266666666666664,equal_macro,
placebo,685012,3407,primary,canonical,1,1,1,111,0.06541666666666666,0.7769166666666667,equal_macro,
placebo,685012,3407,primary,shifted,0,0,0,000,0.9968333333333335,1.0,equal_macro,
placebo,685012,3407,primary,shifted,0,0,1,001,0.9980833333333334,1.0,equal_macro,
placebo,685012,3407,primary,shifted,0,1,0,010,0.9983333333333333,1.0,equal_macro,
placebo,685012,3407,primary,shifted,0,1,1,011,0.9986666666666668,1.0,equal_macro,
placebo,685012,3407,primary,shifted,1,0,0,100,0.045,0.22300000000000003,equal_macro,
placebo,685012,3407,primary,shifted,1,0,1,101,0.06625,0.7767499999999999,equal_macro,
placebo,685012,3407,primary,shifted,1,1,0,110,0.05291666666666666,0.1815,equal_macro,
placebo,685012,3407,primary,shifted,1,1,1,111,0.06925,0.7696666666666667,equal_macro,
placebo,715822,7,primary,canonical,0,0,0,000,0.99875,1.0,equal_macro,
placebo,715822,7,primary,canonical,0,0,1,001,0.9991666666666668,1.0,equal_macro,
placebo,715822,7,primary,canonical,0,1,0,010,0.9990833333333334,1.0,equal_macro,
placebo,715822,7,primary,canonical,0,1,1,011,0.9993333333333334,1.0,equal_macro,
placebo,715822,7,primary,canonical,1,0,0,100,0.06183333333333333,0.20891666666666667,equal_macro,
placebo,715822,7,primary,canonical,1,0,1,101,0.04725,0.5880833333333333,equal_macro,
placebo,715822,7,primary,canonical,1,1,0,110,0.07050000000000001,0.17241666666666666,equal_macro,
placebo,715822,7,primary,canonical,1,1,1,111,0.05258333333333334,0.583,equal_macro,
placebo,715822,7,primary,shifted,0,0,0,000,0.9965833333333334,1.0,equal_macro,
placebo,715822,7,primary,shifted,0,0,1,001,0.9983333333333334,1.0,equal_macro,
placebo,715822,7,primary,shifted,0,1,0,010,0.9981666666666668,1.0,equal_macro,
placebo,715822,7,primary,shifted,0,1,1,011,0.9989166666666668,1.0,equal_macro,
placebo,715822,7,primary,shifted,1,0,0,100,0.06316666666666666,0.21125,equal_macro,
placebo,715822,7,primary,shifted,1,0,1,101,0.048083333333333325,0.5904166666666667,equal_macro,
placebo,715822,7,primary,shifted,1,1,0,110,0.07,0.1736666666666667,equal_macro,
placebo,715822,7,primary,shifted,1,1,1,111,0.05333333333333333,0.5863333333333333,equal_macro,
placebo,715822,42,primary,canonical,0,0,0,000,0.9985833333333334,1.0,equal_macro,
placebo,715822,42,primary,canonical,0,0,1,001,0.99925,1.0,equal_macro,
placebo,715822,42,primary,canonical,0,1,0,010,0.9991666666666668,1.0,equal_macro,
placebo,715822,42,primary,canonical,0,1,1,011,0.9993333333333334,1.0,equal_macro,
placebo,715822,42,primary,canonical,1,0,0,100,0.043083333333333335,0.21000000000000002,equal_macro,
placebo,715822,42,primary,canonical,1,0,1,101,0.0365,0.6233333333333333,equal_macro,
placebo,715822,42,primary,canonical,1,1,0,110,0.04733333333333334,0.16675,equal_macro,
placebo,715822,42,primary,canonical,1,1,1,111,0.03950000000000001,0.619,equal_macro,
placebo,715822,42,primary,shifted,0,0,0,000,0.9963333333333333,1.0,equal_macro,
placebo,715822,42,primary,shifted,0,0,1,001,0.9983333333333333,1.0,equal_macro,
placebo,715822,42,primary,shifted,0,1,0,010,0.998,1.0,equal_macro,
placebo,715822,42,primary,shifted,0,1,1,011,0.9988333333333335,1.0,equal_macro,
placebo,715822,42,primary,shifted,1,0,0,100,0.044,0.21283333333333335,equal_macro,
placebo,715822,42,primary,shifted,1,0,1,101,0.037,0.6341666666666667,equal_macro,
placebo,715822,42,primary,shifted,1,1,0,110,0.049,0.16875,equal_macro,
placebo,715822,42,primary,shifted,1,1,1,111,0.04000000000000001,0.6312500000000001,equal_macro,
placebo,715822,123,primary,canonical,0,0,0,000,0.9984999999999999,1.0,equal_macro,
placebo,715822,123,primary,canonical,0,0,1,001,0.9990833333333334,1.0,equal_macro,
placebo,715822,123,primary,canonical,0,1,0,010,0.9993333333333334,1.0,equal_macro,
placebo,715822,123,primary,canonical,0,1,1,011,0.9991666666666668,1.0,equal_macro,
placebo,715822,123,primary,canonical,1,0,0,100,0.08083333333333334,0.2985833333333333,equal_macro,
placebo,715822,123,primary,canonical,1,0,1,101,0.059500000000000004,0.7191666666666667,equal_macro,
placebo,715822,123,primary,canonical,1,1,0,110,0.09833333333333333,0.27125,equal_macro,
placebo,715822,123,primary,canonical,1,1,1,111,0.06258333333333334,0.71475,equal_macro,
placebo,715822,123,primary,shifted,0,0,0,000,0.9964166666666667,1.0,equal_macro,
placebo,715822,123,primary,shifted,0,0,1,001,0.9980833333333334,1.0,equal_macro,
placebo,715822,123,primary,shifted,0,1,0,010,0.9979166666666668,1.0,equal_macro,
placebo,715822,123,primary,shifted,0,1,1,011,0.9986666666666666,1.0,equal_macro,
placebo,715822,123,primary,shifted,1,0,0,100,0.08166666666666667,0.29800000000000004,equal_macro,
placebo,715822,123,primary,shifted,1,0,1,101,0.06108333333333334,0.7222500000000001,equal_macro,
placebo,715822,123,primary,shifted,1,1,0,110,0.10083333333333333,0.27166666666666667,equal_macro,
placebo,715822,123,primary,shifted,1,1,1,111,0.06475,0.7188333333333334,equal_macro,
placebo,715822,2026,primary,canonical,0,0,0,000,0.99925,1.0,equal_macro,
placebo,715822,2026,primary,canonical,0,0,1,001,0.9992500000000001,1.0,equal_macro,
placebo,715822,2026,primary,canonical,0,1,0,010,0.9991666666666668,1.0,equal_macro,
placebo,715822,2026,primary,canonical,0,1,1,011,0.9993333333333334,1.0,equal_macro,
placebo,715822,2026,primary,canonical,1,0,0,100,0.09758333333333333,0.30633333333333335,equal_macro,
placebo,715822,2026,primary,canonical,1,0,1,101,0.05299999999999999,0.7297500000000001,equal_macro,
placebo,715822,2026,primary,canonical,1,1,0,110,0.10191666666666668,0.2713333333333333,equal_macro,
placebo,715822,2026,primary,canonical,1,1,1,111,0.051500000000000004,0.7475,equal_macro,
placebo,715822,2026,primary,shifted,0,0,0,000,0.9971666666666668,1.0,equal_macro,
placebo,715822,2026,primary,shifted,0,0,1,001,0.9986666666666668,1.0,equal_macro,
placebo,715822,2026,primary,shifted,0,1,0,010,0.9981666666666666,1.0,equal_macro,
placebo,715822,2026,primary,shifted,0,1,1,011,0.9988333333333335,1.0,equal_macro,
placebo,715822,2026,primary,shifted,1,0,0,100,0.09116666666666667,0.2995,equal_macro,
placebo,715822,2026,primary,shifted,1,0,1,101,0.04958333333333334,0.7280833333333333,equal_macro,
placebo,715822,2026,primary,shifted,1,1,0,110,0.09383333333333334,0.26483333333333337,equal_macro,
placebo,715822,2026,primary,shifted,1,1,1,111,0.04816666666666666,0.7446666666666666,equal_macro,
placebo,715822,3407,primary,canonical,0,0,0,000,0.9987500000000001,1.0,equal_macro,
placebo,715822,3407,primary,canonical,0,0,1,001,0.9991666666666668,1.0,equal_macro,
placebo,715822,3407,primary,canonical,0,1,0,010,0.9991666666666668,1.0,equal_macro,
placebo,715822,3407,primary,canonical,0,1,1,011,0.9994166666666666,1.0,equal_macro,
placebo,715822,3407,primary,canonical,1,0,0,100,0.10933333333333334,0.31275,equal_macro,
placebo,715822,3407,primary,canonical,1,0,1,101,0.08683333333333333,0.7329999999999999,equal_macro,
placebo,715822,3407,primary,canonical,1,1,0,110,0.125,0.27925,equal_macro,
placebo,715822,3407,primary,canonical,1,1,1,111,0.10491666666666667,0.7449166666666667,equal_macro,
placebo,715822,3407,primary,shifted,0,0,0,000,0.9970000000000001,1.0,equal_macro,
placebo,715822,3407,primary,shifted,0,0,1,001,0.9983333333333333,1.0,equal_macro,
placebo,715822,3407,primary,shifted,0,1,0,010,0.9984166666666667,1.0,equal_macro,
placebo,715822,3407,primary,shifted,0,1,1,011,0.9991666666666668,1.0,equal_macro,
placebo,715822,3407,primary,shifted,1,0,0,100,0.11025000000000001,0.3130833333333333,equal_macro,
placebo,715822,3407,primary,shifted,1,0,1,101,0.09283333333333334,0.7380833333333334,equal_macro,
placebo,715822,3407,primary,shifted,1,1,0,110,0.12391666666666666,0.2793333333333333,equal_macro,
placebo,715822,3407,primary,shifted,1,1,1,111,0.10983333333333332,0.75125,equal_macro,
placebo,739263,7,primary,canonical,0,0,0,000,0.99875,1.0,equal_macro,
placebo,739263,7,primary,canonical,0,0,1,001,0.9994166666666666,1.0,equal_macro,
placebo,739263,7,primary,canonical,0,1,0,010,0.99925,1.0,equal_macro,
placebo,739263,7,primary,canonical,0,1,1,011,0.9997499999999999,1.0,equal_macro,
placebo,739263,7,primary,canonical,1,0,0,100,0.0545,0.23375,equal_macro,
placebo,739263,7,primary,canonical,1,0,1,101,0.050416666666666665,0.7051666666666667,equal_macro,
placebo,739263,7,primary,canonical,1,1,0,110,0.0605,0.19608333333333333,equal_macro,
placebo,739263,7,primary,canonical,1,1,1,111,0.04683333333333333,0.7176666666666667,equal_macro,
placebo,739263,7,primary,shifted,0,0,0,000,0.9974166666666666,1.0,equal_macro,
placebo,739263,7,primary,shifted,0,0,1,001,0.9986666666666666,1.0,equal_macro,
placebo,739263,7,primary,shifted,0,1,0,010,0.9984166666666667,1.0,equal_macro,
placebo,739263,7,primary,shifted,0,1,1,011,0.99925,1.0,equal_macro,
placebo,739263,7,primary,shifted,1,0,0,100,0.05566666666666667,0.23225,equal_macro,
placebo,739263,7,primary,shifted,1,0,1,101,0.05308333333333333,0.7061666666666666,equal_macro,
placebo,739263,7,primary,shifted,1,1,0,110,0.06233333333333334,0.1963333333333333,equal_macro,
placebo,739263,7,primary,shifted,1,1,1,111,0.04783333333333333,0.7180833333333333,equal_macro,
placebo,739263,42,primary,canonical,0,0,0,000,0.99875,1.0,equal_macro,
placebo,739263,42,primary,canonical,0,0,1,001,0.9995833333333333,1.0,equal_macro,
placebo,739263,42,primary,canonical,0,1,0,010,0.9991666666666668,1.0,equal_macro,
placebo,739263,42,primary,canonical,0,1,1,011,0.9995833333333333,1.0,equal_macro,
placebo,739263,42,primary,canonical,1,0,0,100,0.12258333333333332,0.2618333333333333,equal_macro,
placebo,739263,42,primary,canonical,1,0,1,101,0.13891666666666666,0.5920000000000001,equal_macro,
placebo,739263,42,primary,canonical,1,1,0,110,0.12883333333333336,0.2265833333333333,equal_macro,
placebo,739263,42,primary,canonical,1,1,1,111,0.15466666666666667,0.5868333333333333,equal_macro,
placebo,739263,42,primary,shifted,0,0,0,000,0.9969166666666667,1.0,equal_macro,
placebo,739263,42,primary,shifted,0,0,1,001,0.9989166666666667,1.0,equal_macro,
placebo,739263,42,primary,shifted,0,1,0,010,0.998,1.0,equal_macro,
placebo,739263,42,primary,shifted,0,1,1,011,0.9990833333333333,1.0,equal_macro,
placebo,739263,42,primary,shifted,1,0,0,100,0.12791666666666668,0.26708333333333334,equal_macro,
placebo,739263,42,primary,shifted,1,0,1,101,0.15258333333333332,0.6025833333333332,equal_macro,
placebo,739263,42,primary,shifted,1,1,0,110,0.13583333333333333,0.23316666666666666,equal_macro,
placebo,739263,42,primary,shifted,1,1,1,111,0.16883333333333334,0.5980833333333333,equal_macro,
placebo,739263,123,primary,canonical,0,0,0,000,0.9990000000000001,1.0,equal_macro,
placebo,739263,123,primary,canonical,0,0,1,001,0.9995,1.0,equal_macro,
placebo,739263,123,primary,canonical,0,1,0,010,0.9991666666666668,1.0,equal_macro,
placebo,739263,123,primary,canonical,0,1,1,011,0.9995,1.0,equal_macro,
placebo,739263,123,primary,canonical,1,0,0,100,0.03833333333333333,0.25916666666666666,equal_macro,
placebo,739263,123,primary,canonical,1,0,1,101,0.033916666666666664,0.6973333333333334,equal_macro,
placebo,739263,123,primary,canonical,1,1,0,110,0.041,0.21366666666666667,equal_macro,
placebo,739263,123,primary,canonical,1,1,1,111,0.03308333333333333,0.7013333333333334,equal_macro,
placebo,739263,123,primary,shifted,0,0,0,000,0.9975,1.0,equal_macro,
placebo,739263,123,primary,shifted,0,0,1,001,0.9984999999999999,1.0,equal_macro,
placebo,739263,123,primary,shifted,0,1,0,010,0.9983333333333334,1.0,equal_macro,
placebo,739263,123,primary,shifted,0,1,1,011,0.9990000000000001,1.0,equal_macro,
placebo,739263,123,primary,shifted,1,0,0,100,0.03900000000000001,0.25983333333333336,equal_macro,
placebo,739263,123,primary,shifted,1,0,1,101,0.034499999999999996,0.6959166666666667,equal_macro,
placebo,739263,123,primary,shifted,1,1,0,110,0.04408333333333333,0.21675,equal_macro,
placebo,739263,123,primary,shifted,1,1,1,111,0.034166666666666665,0.6998333333333334,equal_macro,
placebo,739263,2026,primary,canonical,0,0,0,000,0.9990833333333333,1.0,equal_macro,
placebo,739263,2026,primary,canonical,0,0,1,001,0.99925,1.0,equal_macro,
placebo,739263,2026,primary,canonical,0,1,0,010,0.9990000000000001,1.0,equal_macro,
placebo,739263,2026,primary,canonical,0,1,1,011,0.9990833333333333,1.0,equal_macro,
placebo,739263,2026,primary,canonical,1,0,0,100,0.05541666666666667,0.26216666666666666,equal_macro,
placebo,739263,2026,primary,canonical,1,0,1,101,0.03708333333333333,0.6531666666666667,equal_macro,
placebo,739263,2026,primary,canonical,1,1,0,110,0.06041666666666666,0.22741666666666666,equal_macro,
placebo,739263,2026,primary,canonical,1,1,1,111,0.04133333333333333,0.6608333333333334,equal_macro,
placebo,739263,2026,primary,shifted,0,0,0,000,0.99725,1.0,equal_macro,
placebo,739263,2026,primary,shifted,0,0,1,001,0.9984999999999999,1.0,equal_macro,
placebo,739263,2026,primary,shifted,0,1,0,010,0.998,1.0,equal_macro,
placebo,739263,2026,primary,shifted,0,1,1,011,0.9988333333333335,1.0,equal_macro,
placebo,739263,2026,primary,shifted,1,0,0,100,0.05608333333333334,0.26308333333333334,equal_macro,
placebo,739263,2026,primary,shifted,1,0,1,101,0.03716666666666667,0.6527499999999999,equal_macro,
placebo,739263,2026,primary,shifted,1,1,0,110,0.060333333333333336,0.22625,equal_macro,
placebo,739263,2026,primary,shifted,1,1,1,111,0.04158333333333333,0.6619166666666667,equal_macro,
placebo,739263,3407,primary,canonical,0,0,0,000,0.9990000000000001,1.0,equal_macro,
placebo,739263,3407,primary,canonical,0,0,1,001,0.9995,1.0,equal_macro,
placebo,739263,3407,primary,canonical,0,1,0,010,0.9994166666666666,1.0,equal_macro,
placebo,739263,3407,primary,canonical,0,1,1,011,0.9995833333333333,1.0,equal_macro,
placebo,739263,3407,primary,canonical,1,0,0,100,0.05583333333333333,0.314,equal_macro,
placebo,739263,3407,primary,canonical,1,0,1,101,0.029916666666666664,0.6966666666666665,equal_macro,
placebo,739263,3407,primary,canonical,1,1,0,110,0.07408333333333333,0.2803333333333333,equal_macro,
placebo,739263,3407,primary,canonical,1,1,1,111,0.0325,0.7076666666666667,equal_macro,
placebo,739263,3407,primary,shifted,0,0,0,000,0.9976666666666667,1.0,equal_macro,
placebo,739263,3407,primary,shifted,0,0,1,001,0.99875,1.0,equal_macro,
placebo,739263,3407,primary,shifted,0,1,0,010,0.9983333333333333,1.0,equal_macro,
placebo,739263,3407,primary,shifted,0,1,1,011,0.9990833333333333,1.0,equal_macro,
placebo,739263,3407,primary,shifted,1,0,0,100,0.058416666666666665,0.31266666666666665,equal_macro,
placebo,739263,3407,primary,shifted,1,0,1,101,0.03008333333333333,0.69575,equal_macro,
placebo,739263,3407,primary,shifted,1,1,0,110,0.07866666666666666,0.28241666666666665,equal_macro,
placebo,739263,3407,primary,shifted,1,1,1,111,0.03258333333333334,0.70275,equal_macro,
placebo,748203,7,primary,canonical,0,0,0,000,0.9990000000000001,1.0,equal_macro,
placebo,748203,7,primary,canonical,0,0,1,001,0.9995,1.0,equal_macro,
placebo,748203,7,primary,canonical,0,1,0,010,0.9994166666666666,1.0,equal_macro,
placebo,748203,7,primary,canonical,0,1,1,011,0.9995,1.0,equal_macro,
placebo,748203,7,primary,canonical,1,0,0,100,0.12266666666666667,0.3916666666666666,equal_macro,
placebo,748203,7,primary,canonical,1,0,1,101,0.11050000000000001,0.8226666666666667,equal_macro,
placebo,748203,7,primary,canonical,1,1,0,110,0.13816666666666666,0.35783333333333334,equal_macro,
placebo,748203,7,primary,canonical,1,1,1,111,0.11208333333333333,0.8155833333333334,equal_macro,
placebo,748203,7,primary,shifted,0,0,0,000,0.9971666666666668,1.0,equal_macro,
placebo,748203,7,primary,shifted,0,0,1,001,0.9988333333333335,1.0,equal_macro,
placebo,748203,7,primary,shifted,0,1,0,010,0.9984166666666667,1.0,equal_macro,
placebo,748203,7,primary,shifted,0,1,1,011,0.9991666666666668,1.0,equal_macro,
placebo,748203,7,primary,shifted,1,0,0,100,0.12458333333333335,0.3913333333333333,equal_macro,
placebo,748203,7,primary,shifted,1,0,1,101,0.10550000000000001,0.8236666666666665,equal_macro,
placebo,748203,7,primary,shifted,1,1,0,110,0.13916666666666666,0.3564166666666667,equal_macro,
placebo,748203,7,primary,shifted,1,1,1,111,0.10691666666666667,0.8160833333333333,equal_macro,
placebo,748203,42,primary,canonical,0,0,0,000,0.9990000000000001,1.0,equal_macro,
placebo,748203,42,primary,canonical,0,0,1,001,0.9995833333333333,1.0,equal_macro,
placebo,748203,42,primary,canonical,0,1,0,010,0.9994166666666666,1.0,equal_macro,
placebo,748203,42,primary,canonical,0,1,1,011,0.9995833333333333,1.0,equal_macro,
placebo,748203,42,primary,canonical,1,0,0,100,0.09891666666666667,0.2664166666666667,equal_macro,
placebo,748203,42,primary,canonical,1,0,1,101,0.10033333333333333,0.6340833333333333,equal_macro,
placebo,748203,42,primary,canonical,1,1,0,110,0.11966666666666666,0.24941666666666668,equal_macro,
placebo,748203,42,primary,canonical,1,1,1,111,0.10900000000000001,0.6216666666666667,equal_macro,
placebo,748203,42,primary,shifted,0,0,0,000,0.9973333333333334,1.0,equal_macro,
placebo,748203,42,primary,shifted,0,0,1,001,0.9988333333333335,1.0,equal_macro,
placebo,748203,42,primary,shifted,0,1,0,010,0.9984166666666667,1.0,equal_macro,
placebo,748203,42,primary,shifted,0,1,1,011,0.9993333333333334,1.0,equal_macro,
placebo,748203,42,primary,shifted,1,0,0,100,0.10483333333333333,0.27325000000000005,equal_macro,
placebo,748203,42,primary,shifted,1,0,1,101,0.10308333333333332,0.6375833333333333,equal_macro,
placebo,748203,42,primary,shifted,1,1,0,110,0.12191666666666666,0.25383333333333336,equal_macro,
placebo,748203,42,primary,shifted,1,1,1,111,0.11291666666666667,0.6272500000000001,equal_macro,
placebo,748203,123,primary,canonical,0,0,0,000,0.99875,1.0,equal_macro,
placebo,748203,123,primary,canonical,0,0,1,001,0.9994166666666666,1.0,equal_macro,
placebo,748203,123,primary,canonical,0,1,0,010,0.9990000000000001,1.0,equal_macro,
placebo,748203,123,primary,canonical,0,1,1,011,0.9991666666666668,1.0,equal_macro,
placebo,748203,123,primary,canonical,1,0,0,100,0.06041666666666666,0.21991666666666668,equal_macro,
placebo,748203,123,primary,canonical,1,0,1,101,0.03908333333333333,0.5625,equal_macro,
placebo,748203,123,primary,canonical,1,1,0,110,0.07325,0.19008333333333335,equal_macro,
placebo,748203,123,primary,canonical,1,1,1,111,0.04625,0.5654166666666667,equal_macro,
placebo,748203,123,primary,shifted,0,0,0,000,0.9970833333333333,1.0,equal_macro,
placebo,748203,123,primary,shifted,0,0,1,001,0.9986666666666666,1.0,equal_macro,
placebo,748203,123,primary,shifted,0,1,0,010,0.9979166666666668,1.0,equal_macro,
placebo,748203,123,primary,shifted,0,1,1,011,0.9988333333333335,1.0,equal_macro,
placebo,748203,123,primary,shifted,1,0,0,100,0.06125,0.21766666666666667,equal_macro,
placebo,748203,123,primary,shifted,1,0,1,101,0.03991666666666667,0.5663333333333334,equal_macro,
placebo,748203,123,primary,shifted,1,1,0,110,0.07491666666666667,0.18808333333333335,equal_macro,
placebo,748203,123,primary,shifted,1,1,1,111,0.04625,0.5686666666666667,equal_macro,
placebo,748203,2026,primary,canonical,0,0,0,000,0.9990833333333333,1.0,equal_macro,
placebo,748203,2026,primary,canonical,0,0,1,001,0.99925,1.0,equal_macro,
placebo,748203,2026,primary,canonical,0,1,0,010,0.9993333333333334,1.0,equal_macro,
placebo,748203,2026,primary,canonical,0,1,1,011,0.9995,1.0,equal_macro,
placebo,748203,2026,primary,canonical,1,0,0,100,0.15016666666666667,0.35058333333333336,equal_macro,
placebo,748203,2026,primary,canonical,1,0,1,101,0.06341666666666666,0.7961666666666667,equal_macro,
placebo,748203,2026,primary,canonical,1,1,0,110,0.16616666666666668,0.3179166666666666,equal_macro,
placebo,748203,2026,primary,canonical,1,1,1,111,0.06508333333333333,0.8130833333333334,equal_macro,
placebo,748203,2026,primary,shifted,0,0,0,000,0.9973333333333334,1.0,equal_macro,
placebo,748203,2026,primary,shifted,0,0,1,001,0.9980833333333334,1.0,equal_macro,
placebo,748203,2026,primary,shifted,0,1,0,010,0.9980833333333334,1.0,equal_macro,
placebo,748203,2026,primary,shifted,0,1,1,011,0.9988333333333332,1.0,equal_macro,
placebo,748203,2026,primary,shifted,1,0,0,100,0.15458333333333335,0.3544166666666667,equal_macro,
placebo,748203,2026,primary,shifted,1,0,1,101,0.06458333333333333,0.7990833333333334,equal_macro,
placebo,748203,2026,primary,shifted,1,1,0,110,0.17358333333333337,0.32575,equal_macro,
placebo,748203,2026,primary,shifted,1,1,1,111,0.06675,0.8139166666666666,equal_macro,
placebo,748203,3407,primary,canonical,0,0,0,000,0.9990000000000001,1.0,equal_macro,
placebo,748203,3407,primary,canonical,0,0,1,001,0.9990000000000001,1.0,equal_macro,
placebo,748203,3407,primary,canonical,0,1,0,010,0.99925,1.0,equal_macro,
placebo,748203,3407,primary,canonical,0,1,1,011,0.9995,1.0,equal_macro,
placebo,748203,3407,primary,canonical,1,0,0,100,0.07725,0.3349166666666667,equal_macro,
placebo,748203,3407,primary,canonical,1,0,1,101,0.05149999999999999,0.7969166666666667,equal_macro,
placebo,748203,3407,primary,canonical,1,1,0,110,0.08433333333333334,0.2905,equal_macro,
placebo,748203,3407,primary,canonical,1,1,1,111,0.05033333333333333,0.7988333333333333,equal_macro,
placebo,748203,3407,primary,shifted,0,0,0,000,0.99675,1.0,equal_macro,
placebo,748203,3407,primary,shifted,0,0,1,001,0.9981666666666668,1.0,equal_macro,
placebo,748203,3407,primary,shifted,0,1,0,010,0.9982500000000001,1.0,equal_macro,
placebo,748203,3407,primary,shifted,0,1,1,011,0.9990000000000001,1.0,equal_macro,
placebo,748203,3407,primary,shifted,1,0,0,100,0.07958333333333333,0.33766666666666667,equal_macro,
placebo,748203,3407,primary,shifted,1,0,1,101,0.05458333333333333,0.8040833333333334,equal_macro,
placebo,748203,3407,primary,shifted,1,1,0,110,0.08608333333333333,0.28841666666666665,equal_macro,
placebo,748203,3407,primary,shifted,1,1,1,111,0.05175,0.8064166666666668,equal_macro,
placebo,820632,7,primary,canonical,0,0,0,000,0.9989166666666668,1.0,equal_macro,
placebo,820632,7,primary,canonical,0,0,1,001,0.9990833333333333,1.0,equal_macro,
placebo,820632,7,primary,canonical,0,1,0,010,0.9991666666666668,1.0,equal_macro,
placebo,820632,7,primary,canonical,0,1,1,011,0.9993333333333334,1.0,equal_macro,
placebo,820632,7,primary,canonical,1,0,0,100,0.15258333333333332,0.27,equal_macro,
placebo,820632,7,primary,canonical,1,0,1,101,0.16725,0.6990833333333334,equal_macro,
placebo,820632,7,primary,canonical,1,1,0,110,0.17475000000000002,0.25916666666666666,equal_macro,
placebo,820632,7,primary,canonical,1,1,1,111,0.18666666666666668,0.704,equal_macro,
placebo,820632,7,primary,shifted,0,0,0,000,0.9972500000000001,1.0,equal_macro,
placebo,820632,7,primary,shifted,0,0,1,001,0.9983333333333333,1.0,equal_macro,
placebo,820632,7,primary,shifted,0,1,0,010,0.9982500000000001,1.0,equal_macro,
placebo,820632,7,primary,shifted,0,1,1,011,0.9987500000000001,1.0,equal_macro,
placebo,820632,7,primary,shifted,1,0,0,100,0.15125,0.2699166666666667,equal_macro,
placebo,820632,7,primary,shifted,1,0,1,101,0.16366666666666665,0.7006666666666668,equal_macro,
placebo,820632,7,primary,shifted,1,1,0,110,0.17308333333333334,0.25758333333333333,equal_macro,
placebo,820632,7,primary,shifted,1,1,1,111,0.18274999999999997,0.7055,equal_macro,
placebo,820632,42,primary,canonical,0,0,0,000,0.9989166666666667,1.0,equal_macro,
placebo,820632,42,primary,canonical,0,0,1,001,0.9993333333333334,1.0,equal_macro,
placebo,820632,42,primary,canonical,0,1,0,010,0.9990833333333334,1.0,equal_macro,
placebo,820632,42,primary,canonical,0,1,1,011,0.9994166666666667,1.0,equal_macro,
placebo,820632,42,primary,canonical,1,0,0,100,0.19341666666666665,0.4331666666666667,equal_macro,
placebo,820632,42,primary,canonical,1,0,1,101,0.1865,0.706,equal_macro,
placebo,820632,42,primary,canonical,1,1,0,110,0.2131666666666667,0.4049166666666666,equal_macro,
placebo,820632,42,primary,canonical,1,1,1,111,0.20124999999999998,0.6959166666666667,equal_macro,
placebo,820632,42,primary,shifted,0,0,0,000,0.9972500000000001,1.0,equal_macro,
placebo,820632,42,primary,shifted,0,0,1,001,0.9984166666666667,1.0,equal_macro,
placebo,820632,42,primary,shifted,0,1,0,010,0.9981666666666668,1.0,equal_macro,
placebo,820632,42,primary,shifted,0,1,1,011,0.9990000000000001,1.0,equal_macro,
placebo,820632,42,primary,shifted,1,0,0,100,0.19416666666666665,0.43266666666666664,equal_macro,
placebo,820632,42,primary,shifted,1,0,1,101,0.18966666666666668,0.7104999999999999,equal_macro,
placebo,820632,42,primary,shifted,1,1,0,110,0.21308333333333335,0.40525,equal_macro,
placebo,820632,42,primary,shifted,1,1,1,111,0.20358333333333334,0.6990833333333334,equal_macro,
placebo,820632,123,primary,canonical,0,0,0,000,0.9990000000000001,1.0,equal_macro,
placebo,820632,123,primary,canonical,0,0,1,001,0.99925,1.0,equal_macro,
placebo,820632,123,primary,canonical,0,1,0,010,0.9990833333333333,1.0,equal_macro,
placebo,820632,123,primary,canonical,0,1,1,011,0.9991666666666668,1.0,equal_macro,
placebo,820632,123,primary,canonical,1,0,0,100,0.04775,0.21741666666666665,equal_macro,
placebo,820632,123,primary,canonical,1,0,1,101,0.043,0.5919166666666666,equal_macro,
placebo,820632,123,primary,canonical,1,1,0,110,0.05975,0.18175,equal_macro,
placebo,820632,123,primary,canonical,1,1,1,111,0.05083333333333333,0.5732499999999999,equal_macro,
placebo,820632,123,primary,shifted,0,0,0,000,0.9970000000000001,1.0,equal_macro,
placebo,820632,123,primary,shifted,0,0,1,001,0.9979166666666668,1.0,equal_macro,
placebo,820632,123,primary,shifted,0,1,0,010,0.9982500000000001,1.0,equal_macro,
placebo,820632,123,primary,shifted,0,1,1,011,0.9986666666666668,1.0,equal_macro,
placebo,820632,123,primary,shifted,1,0,0,100,0.0485,0.21774999999999997,equal_macro,
placebo,820632,123,primary,shifted,1,0,1,101,0.043333333333333335,0.5954166666666667,equal_macro,
placebo,820632,123,primary,shifted,1,1,0,110,0.059,0.18166666666666667,equal_macro,
placebo,820632,123,primary,shifted,1,1,1,111,0.051583333333333335,0.5801666666666667,equal_macro,
placebo,820632,2026,primary,canonical,0,0,0,000,0.9986666666666668,1.0,equal_macro,
placebo,820632,2026,primary,canonical,0,0,1,001,0.9991666666666668,1.0,equal_macro,
placebo,820632,2026,primary,canonical,0,1,0,010,0.9990833333333333,1.0,equal_macro,
placebo,820632,2026,primary,canonical,0,1,1,011,0.99925,1.0,equal_macro,
placebo,820632,2026,primary,canonical,1,0,0,100,0.12016666666666666,0.30575,equal_macro,
placebo,820632,2026,primary,canonical,1,0,1,101,0.12608333333333333,0.7094166666666667,equal_macro,
placebo,820632,2026,primary,canonical,1,1,0,110,0.1408333333333333,0.2791666666666667,equal_macro,
placebo,820632,2026,primary,canonical,1,1,1,111,0.14741666666666667,0.7071666666666667,equal_macro,
placebo,820632,2026,primary,shifted,0,0,0,000,0.9975,1.0,equal_macro,
placebo,820632,2026,primary,shifted,0,0,1,001,0.9980833333333334,1.0,equal_macro,
placebo,820632,2026,primary,shifted,0,1,0,010,0.9979166666666668,1.0,equal_macro,
placebo,820632,2026,primary,shifted,0,1,1,011,0.9986666666666668,1.0,equal_macro,
placebo,820632,2026,primary,shifted,1,0,0,100,0.12716666666666665,0.3151666666666667,equal_macro,
placebo,820632,2026,primary,shifted,1,0,1,101,0.13675,0.7180833333333334,equal_macro,
placebo,820632,2026,primary,shifted,1,1,0,110,0.15016666666666667,0.28858333333333336,equal_macro,
placebo,820632,2026,primary,shifted,1,1,1,111,0.1554166666666667,0.7139166666666668,equal_macro,
placebo,820632,3407,primary,canonical,0,0,0,000,0.9989166666666667,1.0,equal_macro,
placebo,820632,3407,primary,canonical,0,0,1,001,0.99875,1.0,equal_macro,
placebo,820632,3407,primary,canonical,0,1,0,010,0.9990833333333334,1.0,equal_macro,
placebo,820632,3407,primary,canonical,0,1,1,011,0.9991666666666668,1.0,equal_macro,
placebo,820632,3407,primary,canonical,1,0,0,100,0.09958333333333333,0.2375833333333333,equal_macro,
placebo,820632,3407,primary,canonical,1,0,1,101,0.09508333333333333,0.7495833333333333,equal_macro,
placebo,820632,3407,primary,canonical,1,1,0,110,0.11841666666666667,0.20808333333333334,equal_macro,
placebo,820632,3407,primary,canonical,1,1,1,111,0.09783333333333333,0.7488333333333332,equal_macro,
placebo,820632,3407,primary,shifted,0,0,0,000,0.99675,1.0,equal_macro,
placebo,820632,3407,primary,shifted,0,0,1,001,0.9975,1.0,equal_macro,
placebo,820632,3407,primary,shifted,0,1,0,010,0.9977500000000001,1.0,equal_macro,
placebo,820632,3407,primary,shifted,0,1,1,011,0.9984166666666667,1.0,equal_macro,
placebo,820632,3407,primary,shifted,1,0,0,100,0.09966666666666665,0.23575000000000002,equal_macro,
placebo,820632,3407,primary,shifted,1,0,1,101,0.09733333333333333,0.7593333333333334,equal_macro,
placebo,820632,3407,primary,shifted,1,1,0,110,0.11633333333333334,0.20500000000000002,equal_macro,
placebo,820632,3407,primary,shifted,1,1,1,111,0.10025,0.7545,equal_macro,
placebo,837943,7,primary,canonical,0,0,0,000,0.9986666666666666,1.0,equal_macro,
placebo,837943,7,primary,canonical,0,0,1,001,0.9995,1.0,equal_macro,
placebo,837943,7,primary,canonical,0,1,0,010,0.9990833333333333,1.0,equal_macro,
placebo,837943,7,primary,canonical,0,1,1,011,0.9995,1.0,equal_macro,
placebo,837943,7,primary,canonical,1,0,0,100,0.11558333333333333,0.28425,equal_macro,
placebo,837943,7,primary,canonical,1,0,1,101,0.08766666666666667,0.5865,equal_macro,
placebo,837943,7,primary,canonical,1,1,0,110,0.12066666666666669,0.2401666666666667,equal_macro,
placebo,837943,7,primary,canonical,1,1,1,111,0.09583333333333334,0.5753333333333333,equal_macro,
placebo,837943,7,primary,shifted,0,0,0,000,0.9974166666666666,1.0,equal_macro,
placebo,837943,7,primary,shifted,0,0,1,001,0.99875,1.0,equal_macro,
placebo,837943,7,primary,shifted,0,1,0,010,0.9980833333333334,1.0,equal_macro,
placebo,837943,7,primary,shifted,0,1,1,011,0.9990833333333333,1.0,equal_macro,
placebo,837943,7,primary,shifted,1,0,0,100,0.11333333333333334,0.28075,equal_macro,
placebo,837943,7,primary,shifted,1,0,1,101,0.08683333333333335,0.5888333333333333,equal_macro,
placebo,837943,7,primary,shifted,1,1,0,110,0.11941666666666666,0.23966666666666667,equal_macro,
placebo,837943,7,primary,shifted,1,1,1,111,0.09408333333333334,0.575,equal_macro,
placebo,837943,42,primary,canonical,0,0,0,000,0.9986666666666666,1.0,equal_macro,
placebo,837943,42,primary,canonical,0,0,1,001,0.9993333333333334,1.0,equal_macro,
placebo,837943,42,primary,canonical,0,1,0,010,0.9989166666666667,1.0,equal_macro,
placebo,837943,42,primary,canonical,0,1,1,011,0.9995833333333333,1.0,equal_macro,
placebo,837943,42,primary,canonical,1,0,0,100,0.08583333333333333,0.2806666666666666,equal_macro,
placebo,837943,42,primary,canonical,1,0,1,101,0.048666666666666664,0.5943333333333334,equal_macro,
placebo,837943,42,primary,canonical,1,1,0,110,0.09858333333333333,0.2461666666666667,equal_macro,
placebo,837943,42,primary,canonical,1,1,1,111,0.05708333333333333,0.59825,equal_macro,
placebo,837943,42,primary,shifted,0,0,0,000,0.9965833333333334,1.0,equal_macro,
placebo,837943,42,primary,shifted,0,0,1,001,0.9989166666666667,1.0,equal_macro,
placebo,837943,42,primary,shifted,0,1,0,010,0.9983333333333333,1.0,equal_macro,
placebo,837943,42,primary,shifted,0,1,1,011,0.9990833333333333,1.0,equal_macro,
placebo,837943,42,primary,shifted,1,0,0,100,0.08825000000000001,0.28208333333333335,equal_macro,
placebo,837943,42,primary,shifted,1,0,1,101,0.05058333333333334,0.5994166666666667,equal_macro,
placebo,837943,42,primary,shifted,1,1,0,110,0.099,0.24425,equal_macro,
placebo,837943,42,primary,shifted,1,1,1,111,0.05666666666666667,0.59975,equal_macro,
placebo,837943,123,primary,canonical,0,0,0,000,0.9984166666666667,1.0,equal_macro,
placebo,837943,123,primary,canonical,0,0,1,001,0.9989166666666667,1.0,equal_macro,
placebo,837943,123,primary,canonical,0,1,0,010,0.9991666666666668,1.0,equal_macro,
placebo,837943,123,primary,canonical,0,1,1,011,0.9990000000000001,1.0,equal_macro,
placebo,837943,123,primary,canonical,1,0,0,100,0.17225,0.4275833333333333,equal_macro,
placebo,837943,123,primary,canonical,1,0,1,101,0.178,0.8613333333333334,equal_macro,
placebo,837943,123,primary,canonical,1,1,0,110,0.18491666666666665,0.3829166666666667,equal_macro,
placebo,837943,123,primary,canonical,1,1,1,111,0.17641666666666667,0.8565833333333333,equal_macro,
placebo,837943,123,primary,shifted,0,0,0,000,0.9966666666666666,1.0,equal_macro,
placebo,837943,123,primary,shifted,0,0,1,001,0.9976666666666667,1.0,equal_macro,
placebo,837943,123,primary,shifted,0,1,0,010,0.9982500000000001,1.0,equal_macro,
placebo,837943,123,primary,shifted,0,1,1,011,0.9986666666666666,1.0,equal_macro,
placebo,837943,123,primary,shifted,1,0,0,100,0.18016666666666667,0.4355833333333333,equal_macro,
placebo,837943,123,primary,shifted,1,0,1,101,0.18058333333333332,0.8655833333333334,equal_macro,
placebo,837943,123,primary,shifted,1,1,0,110,0.19608333333333333,0.3923333333333333,equal_macro,
placebo,837943,123,primary,shifted,1,1,1,111,0.18258333333333335,0.8620000000000001,equal_macro,
placebo,837943,2026,primary,canonical,0,0,0,000,0.9989166666666667,1.0,equal_macro,
placebo,837943,2026,primary,canonical,0,0,1,001,0.9990833333333333,1.0,equal_macro,
placebo,837943,2026,primary,canonical,0,1,0,010,0.99925,1.0,equal_macro,
placebo,837943,2026,primary,canonical,0,1,1,011,0.99925,1.0,equal_macro,
placebo,837943,2026,primary,canonical,1,0,0,100,0.15566666666666665,0.34225,equal_macro,
placebo,837943,2026,primary,canonical,1,0,1,101,0.17483333333333334,0.7683333333333333,equal_macro,
placebo,837943,2026,primary,canonical,1,1,0,110,0.18341666666666667,0.32225,equal_macro,
placebo,837943,2026,primary,canonical,1,1,1,111,0.18808333333333332,0.7655833333333333,equal_macro,
placebo,837943,2026,primary,shifted,0,0,0,000,0.9970833333333333,1.0,equal_macro,
placebo,837943,2026,primary,shifted,0,0,1,001,0.9984166666666667,1.0,equal_macro,
placebo,837943,2026,primary,shifted,0,1,0,010,0.9983333333333333,1.0,equal_macro,
placebo,837943,2026,primary,shifted,0,1,1,011,0.99875,1.0,equal_macro,
placebo,837943,2026,primary,shifted,1,0,0,100,0.159,0.3440833333333333,equal_macro,
placebo,837943,2026,primary,shifted,1,0,1,101,0.17841666666666667,0.7726666666666666,equal_macro,
placebo,837943,2026,primary,shifted,1,1,0,110,0.1881666666666667,0.32425000000000004,equal_macro,
placebo,837943,2026,primary,shifted,1,1,1,111,0.18958333333333333,0.7703333333333333,equal_macro,
placebo,837943,3407,primary,canonical,0,0,0,000,0.9984999999999999,1.0,equal_macro,
placebo,837943,3407,primary,canonical,0,0,1,001,0.9990000000000001,1.0,equal_macro,
placebo,837943,3407,primary,canonical,0,1,0,010,0.9990833333333334,1.0,equal_macro,
placebo,837943,3407,primary,canonical,0,1,1,011,0.9991666666666668,1.0,equal_macro,
placebo,837943,3407,primary,canonical,1,0,0,100,0.12891666666666665,0.3249166666666667,equal_macro,
placebo,837943,3407,primary,canonical,1,0,1,101,0.13741666666666666,0.77125,equal_macro,
placebo,837943,3407,primary,canonical,1,1,0,110,0.15925,0.31116666666666665,equal_macro,
placebo,837943,3407,primary,canonical,1,1,1,111,0.14391666666666666,0.7681666666666667,equal_macro,
placebo,837943,3407,primary,shifted,0,0,0,000,0.9970000000000001,1.0,equal_macro,
placebo,837943,3407,primary,shifted,0,0,1,001,0.998,1.0,equal_macro,
placebo,837943,3407,primary,shifted,0,1,0,010,0.9981666666666668,1.0,equal_macro,
placebo,837943,3407,primary,shifted,0,1,1,011,0.9988333333333335,1.0,equal_macro,
placebo,837943,3407,primary,shifted,1,0,0,100,0.12741666666666668,0.3231666666666667,equal_macro,
placebo,837943,3407,primary,shifted,1,0,1,101,0.14166666666666666,0.7745833333333333,equal_macro,
placebo,837943,3407,primary,shifted,1,1,0,110,0.16283333333333333,0.3131666666666667,equal_macro,
placebo,837943,3407,primary,shifted,1,1,1,111,0.14783333333333334,0.7694166666666666,equal_macro,
placebo,864178,7,primary,canonical,0,0,0,000,0.9990833333333333,1.0,equal_macro,
placebo,864178,7,primary,canonical,0,0,1,001,0.9994166666666666,1.0,equal_macro,
placebo,864178,7,primary,canonical,0,1,0,010,0.9990833333333333,1.0,equal_macro,
placebo,864178,7,primary,canonical,0,1,1,011,0.9996666666666667,1.0,equal_macro,
placebo,864178,7,primary,canonical,1,0,0,100,0.14766666666666667,0.3553333333333334,equal_macro,
placebo,864178,7,primary,canonical,1,0,1,101,0.10666666666666666,0.7675833333333333,equal_macro,
placebo,864178,7,primary,canonical,1,1,0,110,0.1694166666666667,0.3285,equal_macro,
placebo,864178,7,primary,canonical,1,1,1,111,0.1065,0.7615833333333333,equal_macro,
placebo,864178,7,primary,shifted,0,0,0,000,0.9975,1.0,equal_macro,
placebo,864178,7,primary,shifted,0,0,1,001,0.9985833333333334,1.0,equal_macro,
placebo,864178,7,primary,shifted,0,1,0,010,0.998,1.0,equal_macro,
placebo,864178,7,primary,shifted,0,1,1,011,0.9990833333333333,1.0,equal_macro,
placebo,864178,7,primary,shifted,1,0,0,100,0.15000000000000002,0.35650000000000004,equal_macro,
placebo,864178,7,primary,shifted,1,0,1,101,0.10766666666666666,0.7729999999999999,equal_macro,
placebo,864178,7,primary,shifted,1,1,0,110,0.1705833333333333,0.33108333333333334,equal_macro,
placebo,864178,7,primary,shifted,1,1,1,111,0.10675,0.7663333333333333,equal_macro,
placebo,864178,42,primary,canonical,0,0,0,000,0.9988333333333335,1.0,equal_macro,
placebo,864178,42,primary,canonical,0,0,1,001,0.99875,1.0,equal_macro,
placebo,864178,42,primary,canonical,0,1,0,010,0.9990833333333333,1.0,equal_macro,
placebo,864178,42,primary,canonical,0,1,1,011,0.9992500000000001,1.0,equal_macro,
placebo,864178,42,primary,canonical,1,0,0,100,0.155,0.3215,equal_macro,
placebo,864178,42,primary,canonical,1,0,1,101,0.16433333333333333,0.8404166666666668,equal_macro,
placebo,864178,42,primary,canonical,1,1,0,110,0.18708333333333332,0.3080833333333334,equal_macro,
placebo,864178,42,primary,canonical,1,1,1,111,0.165,0.8214999999999999,equal_macro,
placebo,864178,42,primary,shifted,0,0,0,000,0.9971666666666668,1.0,equal_macro,
placebo,864178,42,primary,shifted,0,0,1,001,0.998,1.0,equal_macro,
placebo,864178,42,primary,shifted,0,1,0,010,0.9978333333333333,1.0,equal_macro,
placebo,864178,42,primary,shifted,0,1,1,011,0.9987500000000001,1.0,equal_macro,
placebo,864178,42,primary,shifted,1,0,0,100,0.16699999999999998,0.33066666666666666,equal_macro,
placebo,864178,42,primary,shifted,1,0,1,101,0.17483333333333334,0.8494999999999999,equal_macro,
placebo,864178,42,primary,shifted,1,1,0,110,0.19416666666666668,0.3129166666666667,equal_macro,
placebo,864178,42,primary,shifted,1,1,1,111,0.17441666666666664,0.8298333333333334,equal_macro,
placebo,864178,123,primary,canonical,0,0,0,000,0.9988333333333332,1.0,equal_macro,
placebo,864178,123,primary,canonical,0,0,1,001,0.9990000000000001,1.0,equal_macro,
placebo,864178,123,primary,canonical,0,1,0,010,0.9990833333333334,1.0,equal_macro,
placebo,864178,123,primary,canonical,0,1,1,011,0.9993333333333334,1.0,equal_macro,
placebo,864178,123,primary,canonical,1,0,0,100,0.11499999999999999,0.30091666666666667,equal_macro,
placebo,864178,123,primary,canonical,1,0,1,101,0.096,0.7206666666666666,equal_macro,
placebo,864178,123,primary,canonical,1,1,0,110,0.1245,0.26758333333333334,equal_macro,
placebo,864178,123,primary,canonical,1,1,1,111,0.101,0.73475,equal_macro,
placebo,864178,123,primary,shifted,0,0,0,000,0.9968333333333332,1.0,equal_macro,
placebo,864178,123,primary,shifted,0,0,1,001,0.9982500000000001,1.0,equal_macro,
placebo,864178,123,primary,shifted,0,1,0,010,0.9978333333333333,1.0,equal_macro,
placebo,864178,123,primary,shifted,0,1,1,011,0.9988333333333335,1.0,equal_macro,
placebo,864178,123,primary,shifted,1,0,0,100,0.11674999999999999,0.30425,equal_macro,
placebo,864178,123,primary,shifted,1,0,1,101,0.098,0.72525,equal_macro,
placebo,864178,123,primary,shifted,1,1,0,110,0.1245,0.2683333333333333,equal_macro,
placebo,864178,123,primary,shifted,1,1,1,111,0.10216666666666666,0.7377499999999999,equal_macro,
placebo,864178,2026,primary,canonical,0,0,0,000,0.9985833333333334,1.0,equal_macro,
placebo,864178,2026,primary,canonical,0,0,1,001,0.9993333333333334,1.0,equal_macro,
placebo,864178,2026,primary,canonical,0,1,0,010,0.9990000000000001,1.0,equal_macro,
placebo,864178,2026,primary,canonical,0,1,1,011,0.9995,1.0,equal_macro,
placebo,864178,2026,primary,canonical,1,0,0,100,0.09891666666666667,0.2838333333333334,equal_macro,
placebo,864178,2026,primary,canonical,1,0,1,101,0.050916666666666666,0.6321666666666667,equal_macro,
placebo,864178,2026,primary,canonical,1,1,0,110,0.11508333333333333,0.24441666666666667,equal_macro,
placebo,864178,2026,primary,canonical,1,1,1,111,0.051166666666666666,0.628,equal_macro,
placebo,864178,2026,primary,shifted,0,0,0,000,0.9965833333333334,1.0,equal_macro,
placebo,864178,2026,primary,shifted,0,0,1,001,0.9986666666666668,1.0,equal_macro,
placebo,864178,2026,primary,shifted,0,1,0,010,0.9976666666666667,1.0,equal_macro,
placebo,864178,2026,primary,shifted,0,1,1,011,0.9988333333333335,1.0,equal_macro,
placebo,864178,2026,primary,shifted,1,0,0,100,0.09925,0.2821666666666667,equal_macro,
placebo,864178,2026,primary,shifted,1,0,1,101,0.048916666666666664,0.6309166666666666,equal_macro,
placebo,864178,2026,primary,shifted,1,1,0,110,0.11408333333333333,0.24183333333333334,equal_macro,
placebo,864178,2026,primary,shifted,1,1,1,111,0.05075,0.6253333333333333,equal_macro,
placebo,864178,3407,primary,canonical,0,0,0,000,0.99925,1.0,equal_macro,
placebo,864178,3407,primary,canonical,0,0,1,001,0.9990000000000001,1.0,equal_macro,
placebo,864178,3407,primary,canonical,0,1,0,010,0.9993333333333334,1.0,equal_macro,
placebo,864178,3407,primary,canonical,0,1,1,011,0.9991666666666668,1.0,equal_macro,
placebo,864178,3407,primary,canonical,1,0,0,100,0.16616666666666666,0.32583333333333336,equal_macro,
placebo,864178,3407,primary,canonical,1,0,1,101,0.10016666666666665,0.7080000000000001,equal_macro,
placebo,864178,3407,primary,canonical,1,1,0,110,0.1745833333333333,0.29025,equal_macro,
placebo,864178,3407,primary,canonical,1,1,1,111,0.11866666666666667,0.70675,equal_macro,
placebo,864178,3407,primary,shifted,0,0,0,000,0.9978333333333333,1.0,equal_macro,
placebo,864178,3407,primary,shifted,0,0,1,001,0.9982500000000001,1.0,equal_macro,
placebo,864178,3407,primary,shifted,0,1,0,010,0.9983333333333334,1.0,equal_macro,
placebo,864178,3407,primary,shifted,0,1,1,011,0.9987500000000001,1.0,equal_macro,
placebo,864178,3407,primary,shifted,1,0,0,100,0.1685,0.32591666666666663,equal_macro,
placebo,864178,3407,primary,shifted,1,0,1,101,0.10883333333333334,0.707,equal_macro,
placebo,864178,3407,primary,shifted,1,1,0,110,0.178,0.29225,equal_macro,
placebo,864178,3407,primary,shifted,1,1,1,111,0.12533333333333332,0.7050833333333333,equal_macro,
placebo,922089,7,primary,canonical,0,0,0,000,0.9986666666666666,1.0,equal_macro,
placebo,922089,7,primary,canonical,0,0,1,001,0.9989166666666667,1.0,equal_macro,
placebo,922089,7,primary,canonical,0,1,0,010,0.9990833333333333,1.0,equal_macro,
placebo,922089,7,primary,canonical,0,1,1,011,0.9994166666666666,1.0,equal_macro,
placebo,922089,7,primary,canonical,1,0,0,100,0.19974999999999998,0.4099166666666667,equal_macro,
placebo,922089,7,primary,canonical,1,0,1,101,0.057166666666666664,0.85975,equal_macro,
placebo,922089,7,primary,canonical,1,1,0,110,0.21541666666666665,0.3889166666666667,equal_macro,
placebo,922089,7,primary,canonical,1,1,1,111,0.051666666666666666,0.86425,equal_macro,
placebo,922089,7,primary,shifted,0,0,0,000,0.9968333333333332,1.0,equal_macro,
placebo,922089,7,primary,shifted,0,0,1,001,0.9975833333333335,1.0,equal_macro,
placebo,922089,7,primary,shifted,0,1,0,010,0.9986666666666666,1.0,equal_macro,
placebo,922089,7,primary,shifted,0,1,1,011,0.9990833333333333,1.0,equal_macro,
placebo,922089,7,primary,shifted,1,0,0,100,0.20166666666666666,0.41275,equal_macro,
placebo,922089,7,primary,shifted,1,0,1,101,0.058249999999999996,0.86825,equal_macro,
placebo,922089,7,primary,shifted,1,1,0,110,0.21591666666666665,0.39149999999999996,equal_macro,
placebo,922089,7,primary,shifted,1,1,1,111,0.05308333333333333,0.871,equal_macro,
placebo,922089,42,primary,canonical,0,0,0,000,0.9990000000000001,1.0,equal_macro,
placebo,922089,42,primary,canonical,0,0,1,001,0.9993333333333334,1.0,equal_macro,
placebo,922089,42,primary,canonical,0,1,0,010,0.99925,1.0,equal_macro,
placebo,922089,42,primary,canonical,0,1,1,011,0.9994166666666666,1.0,equal_macro,
placebo,922089,42,primary,canonical,1,0,0,100,0.13375,0.2789166666666667,equal_macro,
placebo,922089,42,primary,canonical,1,0,1,101,0.14341666666666666,0.6826666666666665,equal_macro,
placebo,922089,42,primary,canonical,1,1,0,110,0.15125,0.25583333333333336,equal_macro,
placebo,922089,42,primary,canonical,1,1,1,111,0.15441666666666667,0.67475,equal_macro,
placebo,922089,42,primary,shifted,0,0,0,000,0.99725,1.0,equal_macro,
placebo,922089,42,primary,shifted,0,0,1,001,0.9983333333333333,1.0,equal_macro,
placebo,922089,42,primary,shifted,0,1,0,010,0.9982500000000001,1.0,equal_macro,
placebo,922089,42,primary,shifted,0,1,1,011,0.99875,1.0,equal_macro,
placebo,922089,42,primary,shifted,1,0,0,100,0.13175,0.27608333333333335,equal_macro,
placebo,922089,42,primary,shifted,1,0,1,101,0.14575000000000002,0.6909166666666666,equal_macro,
placebo,922089,42,primary,shifted,1,1,0,110,0.15066666666666667,0.25483333333333336,equal_macro,
placebo,922089,42,primary,shifted,1,1,1,111,0.15258333333333335,0.68275,equal_macro,
placebo,922089,123,primary,canonical,0,0,0,000,0.9986666666666666,1.0,equal_macro,
placebo,922089,123,primary,canonical,0,0,1,001,0.9993333333333334,1.0,equal_macro,
placebo,922089,123,primary,canonical,0,1,0,010,0.9991666666666668,1.0,equal_macro,
placebo,922089,123,primary,canonical,0,1,1,011,0.9993333333333334,1.0,equal_macro,
placebo,922089,123,primary,canonical,1,0,0,100,0.048916666666666664,0.20616666666666666,equal_macro,
placebo,922089,123,primary,canonical,1,0,1,101,0.03483333333333333,0.5645,equal_macro,
placebo,922089,123,primary,canonical,1,1,0,110,0.06333333333333334,0.17733333333333334,equal_macro,
placebo,922089,123,primary,canonical,1,1,1,111,0.03966666666666667,0.55825,equal_macro,
placebo,922089,123,primary,shifted,0,0,0,000,0.9964999999999999,1.0,equal_macro,
placebo,922089,123,primary,shifted,0,0,1,001,0.9981666666666666,1.0,equal_macro,
placebo,922089,123,primary,shifted,0,1,0,010,0.9981666666666666,1.0,equal_macro,
placebo,922089,123,primary,shifted,0,1,1,011,0.9986666666666668,1.0,equal_macro,
placebo,922089,123,primary,shifted,1,0,0,100,0.051750000000000004,0.21166666666666667,equal_macro,
placebo,922089,123,primary,shifted,1,0,1,101,0.03583333333333333,0.5705833333333333,equal_macro,
placebo,922089,123,primary,shifted,1,1,0,110,0.07075,0.186,equal_macro,
placebo,922089,123,primary,shifted,1,1,1,111,0.04141666666666667,0.5670833333333333,equal_macro,
placebo,922089,2026,primary,canonical,0,0,0,000,0.9989166666666667,1.0,equal_macro,
placebo,922089,2026,primary,canonical,0,0,1,001,0.9994166666666666,1.0,equal_macro,
placebo,922089,2026,primary,canonical,0,1,0,010,0.9990833333333333,1.0,equal_macro,
placebo,922089,2026,primary,canonical,0,1,1,011,0.9995833333333333,1.0,equal_macro,
placebo,922089,2026,primary,canonical,1,0,0,100,0.14091666666666666,0.32333333333333336,equal_macro,
placebo,922089,2026,primary,canonical,1,0,1,101,0.05408333333333333,0.6077499999999999,equal_macro,
placebo,922089,2026,primary,canonical,1,1,0,110,0.15974999999999998,0.2969166666666666,equal_macro,
placebo,922089,2026,primary,canonical,1,1,1,111,0.05991666666666667,0.6154166666666667,equal_macro,
placebo,922089,2026,primary,shifted,0,0,0,000,0.9969166666666667,1.0,equal_macro,
placebo,922089,2026,primary,shifted,0,0,1,001,0.9985833333333334,1.0,equal_macro,
placebo,922089,2026,primary,shifted,0,1,0,010,0.9984999999999999,1.0,equal_macro,
placebo,922089,2026,primary,shifted,0,1,1,011,0.9990000000000001,1.0,equal_macro,
placebo,922089,2026,primary,shifted,1,0,0,100,0.14483333333333334,0.32633333333333336,equal_macro,
placebo,922089,2026,primary,shifted,1,0,1,101,0.05641666666666667,0.6105833333333334,equal_macro,
placebo,922089,2026,primary,shifted,1,1,0,110,0.16316666666666668,0.30075,equal_macro,
placebo,922089,2026,primary,shifted,1,1,1,111,0.06408333333333334,0.6204166666666666,equal_macro,
placebo,922089,3407,primary,canonical,0,0,0,000,0.9985833333333334,1.0,equal_macro,
placebo,922089,3407,primary,canonical,0,0,1,001,0.9989166666666667,1.0,equal_macro,
placebo,922089,3407,primary,canonical,0,1,0,010,0.9991666666666668,1.0,equal_macro,
placebo,922089,3407,primary,canonical,0,1,1,011,0.9994166666666666,1.0,equal_macro,
placebo,922089,3407,primary,canonical,1,0,0,100,0.14608333333333332,0.28375,equal_macro,
placebo,922089,3407,primary,canonical,1,0,1,101,0.075,0.6258333333333334,equal_macro,
placebo,922089,3407,primary,canonical,1,1,0,110,0.16275,0.26158333333333333,equal_macro,
placebo,922089,3407,primary,canonical,1,1,1,111,0.08541666666666667,0.6128333333333333,equal_macro,
placebo,922089,3407,primary,shifted,0,0,0,000,0.9970833333333333,1.0,equal_macro,
placebo,922089,3407,primary,shifted,0,0,1,001,0.9981666666666666,1.0,equal_macro,
placebo,922089,3407,primary,shifted,0,1,0,010,0.9983333333333333,1.0,equal_macro,
placebo,922089,3407,primary,shifted,0,1,1,011,0.9988333333333335,1.0,equal_macro,
placebo,922089,3407,primary,shifted,1,0,0,100,0.14658333333333332,0.28500000000000003,equal_macro,
placebo,922089,3407,primary,shifted,1,0,1,101,0.07908333333333334,0.6335833333333334,equal_macro,
placebo,922089,3407,primary,shifted,1,1,0,110,0.15941666666666668,0.25883333333333336,equal_macro,
placebo,922089,3407,primary,shifted,1,1,1,111,0.08908333333333333,0.6208333333333333,equal_macro,
placebo,999191,7,primary,canonical,0,0,0,000,0.9985000000000002,1.0,equal_macro,
placebo,999191,7,primary,canonical,0,0,1,001,0.9995,1.0,equal_macro,
placebo,999191,7,primary,canonical,0,1,0,010,0.9990000000000001,1.0,equal_macro,
placebo,999191,7,primary,canonical,0,1,1,011,0.9995,1.0,equal_macro,
placebo,999191,7,primary,canonical,1,0,0,100,0.08908333333333335,0.2763333333333334,equal_macro,
placebo,999191,7,primary,canonical,1,0,1,101,0.04533333333333334,0.7110833333333333,equal_macro,
placebo,999191,7,primary,canonical,1,1,0,110,0.08558333333333333,0.23375,equal_macro,
placebo,999191,7,primary,canonical,1,1,1,111,0.048,0.7198333333333333,equal_macro,
placebo,999191,7,primary,shifted,0,0,0,000,0.9970833333333334,1.0,equal_macro,
placebo,999191,7,primary,shifted,0,0,1,001,0.9985000000000002,1.0,equal_macro,
placebo,999191,7,primary,shifted,0,1,0,010,0.9980000000000001,1.0,equal_macro,
placebo,999191,7,primary,shifted,0,1,1,011,0.9988333333333335,1.0,equal_macro,
placebo,999191,7,primary,shifted,1,0,0,100,0.08833333333333333,0.2768333333333334,equal_macro,
placebo,999191,7,primary,shifted,1,0,1,101,0.0455,0.7165,equal_macro,
placebo,999191,7,primary,shifted,1,1,0,110,0.08433333333333333,0.2341666666666667,equal_macro,
placebo,999191,7,primary,shifted,1,1,1,111,0.04841666666666666,0.7250833333333333,equal_macro,
placebo,999191,42,primary,canonical,0,0,0,000,0.9985833333333334,1.0,equal_macro,
placebo,999191,42,primary,canonical,0,0,1,001,0.9986666666666668,1.0,equal_macro,
placebo,999191,42,primary,canonical,0,1,0,010,0.9992500000000001,1.0,equal_macro,
placebo,999191,42,primary,canonical,0,1,1,011,0.9990000000000001,1.0,equal_macro,
placebo,999191,42,primary,canonical,1,0,0,100,0.088,0.29541666666666666,equal_macro,
placebo,999191,42,primary,canonical,1,0,1,101,0.052500000000000005,0.67725,equal_macro,
placebo,999191,42,primary,canonical,1,1,0,110,0.09758333333333333,0.26408333333333334,equal_macro,
placebo,999191,42,primary,canonical,1,1,1,111,0.04925,0.6736666666666666,equal_macro,
placebo,999191,42,primary,shifted,0,0,0,000,0.9966666666666666,1.0,equal_macro,
placebo,999191,42,primary,shifted,0,0,1,001,0.9975833333333335,1.0,equal_macro,
placebo,999191,42,primary,shifted,0,1,0,010,0.9980000000000001,1.0,equal_macro,
placebo,999191,42,primary,shifted,0,1,1,011,0.9984166666666667,1.0,equal_macro,
placebo,999191,42,primary,shifted,1,0,0,100,0.08541666666666667,0.2935833333333333,equal_macro,
placebo,999191,42,primary,shifted,1,0,1,101,0.05083333333333334,0.6799999999999999,equal_macro,
placebo,999191,42,primary,shifted,1,1,0,110,0.09608333333333334,0.26366666666666666,equal_macro,
placebo,999191,42,primary,shifted,1,1,1,111,0.04875,0.6783333333333332,equal_macro,
placebo,999191,123,primary,canonical,0,0,0,000,0.9986666666666668,1.0,equal_macro,
placebo,999191,123,primary,canonical,0,0,1,001,0.9992500000000001,1.0,equal_macro,
placebo,999191,123,primary,canonical,0,1,0,010,0.9990000000000001,1.0,equal_macro,
placebo,999191,123,primary,canonical,0,1,1,011,0.9994166666666666,1.0,equal_macro,
placebo,999191,123,primary,canonical,1,0,0,100,0.059333333333333335,0.24891666666666665,equal_macro,
placebo,999191,123,primary,canonical,1,0,1,101,0.03941666666666667,0.4691666666666667,equal_macro,
placebo,999191,123,primary,canonical,1,1,0,110,0.06333333333333334,0.21458333333333332,equal_macro,
placebo,999191,123,primary,canonical,1,1,1,111,0.04033333333333333,0.4419166666666666,equal_macro,
placebo,999191,123,primary,shifted,0,0,0,000,0.9966666666666668,1.0,equal_macro,
placebo,999191,123,primary,shifted,0,0,1,001,0.9984166666666667,1.0,equal_macro,
placebo,999191,123,primary,shifted,0,1,0,010,0.9982500000000001,1.0,equal_macro,
placebo,999191,123,primary,shifted,0,1,1,011,0.9988333333333335,1.0,equal_macro,
placebo,999191,123,primary,shifted,1,0,0,100,0.059333333333333335,0.2515833333333333,equal_macro,
placebo,999191,123,primary,shifted,1,0,1,101,0.04025,0.4744166666666667,equal_macro,
placebo,999191,123,primary,shifted,1,1,0,110,0.06558333333333333,0.2175833333333333,equal_macro,
placebo,999191,123,primary,shifted,1,1,1,111,0.04141666666666667,0.44575000000000004,equal_macro,
placebo,999191,2026,primary,canonical,0,0,0,000,0.9990000000000001,1.0,equal_macro,
placebo,999191,2026,primary,canonical,0,0,1,001,0.9994166666666666,1.0,equal_macro,
placebo,999191,2026,primary,canonical,0,1,0,010,0.9993333333333334,1.0,equal_macro,
placebo,999191,2026,primary,canonical,0,1,1,011,0.9992500000000001,1.0,equal_macro,
placebo,999191,2026,primary,canonical,1,0,0,100,0.087,0.2755833333333333,equal_macro,
placebo,999191,2026,primary,canonical,1,0,1,101,0.10616666666666667,0.8238333333333334,equal_macro,
placebo,999191,2026,primary,canonical,1,1,0,110,0.09933333333333333,0.24091666666666667,equal_macro,
placebo,999191,2026,primary,canonical,1,1,1,111,0.09908333333333333,0.8221666666666667,equal_macro,
placebo,999191,2026,primary,shifted,0,0,0,000,0.9969166666666667,1.0,equal_macro,
placebo,999191,2026,primary,shifted,0,0,1,001,0.9981666666666666,1.0,equal_macro,
placebo,999191,2026,primary,shifted,0,1,0,010,0.9984166666666667,1.0,equal_macro,
placebo,999191,2026,primary,shifted,0,1,1,011,0.9989166666666668,1.0,equal_macro,
placebo,999191,2026,primary,shifted,1,0,0,100,0.09433333333333334,0.2841666666666667,equal_macro,
placebo,999191,2026,primary,shifted,1,0,1,101,0.10858333333333332,0.8301666666666667,equal_macro,
placebo,999191,2026,primary,shifted,1,1,0,110,0.11,0.25325,equal_macro,
placebo,999191,2026,primary,shifted,1,1,1,111,0.10275,0.8303333333333334,equal_macro,
placebo,999191,3407,primary,canonical,0,0,0,000,0.9989166666666667,1.0,equal_macro,
placebo,999191,3407,primary,canonical,0,0,1,001,0.9990000000000001,1.0,equal_macro,
placebo,999191,3407,primary,canonical,0,1,0,010,0.9992500000000001,1.0,equal_macro,
placebo,999191,3407,primary,canonical,0,1,1,011,0.9992500000000001,1.0,equal_macro,
placebo,999191,3407,primary,canonical,1,0,0,100,0.084,0.3385,equal_macro,
placebo,999191,3407,primary,canonical,1,0,1,101,0.03791666666666667,0.8160000000000001,equal_macro,
placebo,999191,3407,primary,canonical,1,1,0,110,0.10916666666666666,0.31283333333333335,equal_macro,
placebo,999191,3407,primary,canonical,1,1,1,111,0.045416666666666675,0.8255,equal_macro,
placebo,999191,3407,primary,shifted,0,0,0,000,0.9970000000000001,1.0,equal_macro,
placebo,999191,3407,primary,shifted,0,0,1,001,0.9978333333333333,1.0,equal_macro,
placebo,999191,3407,primary,shifted,0,1,0,010,0.9981666666666668,1.0,equal_macro,
placebo,999191,3407,primary,shifted,0,1,1,011,0.9985000000000002,1.0,equal_macro,
placebo,999191,3407,primary,shifted,1,0,0,100,0.08266666666666667,0.33899999999999997,equal_macro,
placebo,999191,3407,primary,shifted,1,0,1,101,0.037000000000000005,0.8162499999999999,equal_macro,
placebo,999191,3407,primary,shifted,1,1,0,110,0.10741666666666666,0.3125,equal_macro,
placebo,999191,3407,primary,shifted,1,1,1,111,0.04416666666666667,0.8265833333333332,equal_macro,
real_rf,0,7,shared_reference,canonical,0,0,0,000,0.0,0.0027500000000000003,equal_macro,
real_rf,0,7,shared_reference,canonical,0,0,1,001,0.0,0.002,equal_macro,
real_rf,0,7,shared_reference,canonical,0,1,0,010,0.0,0.00225,equal_macro,
real_rf,0,7,shared_reference,canonical,0,1,1,011,0.0,0.00075,equal_macro,
real_rf,0,7,shared_reference,canonical,1,0,0,100,0.0,0.3811666666666667,equal_macro,
real_rf,0,7,shared_reference,canonical,1,0,1,101,0.0,0.6829166666666666,equal_macro,
real_rf,0,7,shared_reference,canonical,1,1,0,110,0.0,0.34516666666666673,equal_macro,
real_rf,0,7,shared_reference,canonical,1,1,1,111,0.0,0.6850833333333333,equal_macro,
real_rf,0,7,shared_reference,shifted,0,0,0,000,0.0,0.003,equal_macro,
real_rf,0,7,shared_reference,shifted,0,0,1,001,0.0,0.002,equal_macro,
real_rf,0,7,shared_reference,shifted,0,1,0,010,0.0,0.0019166666666666668,equal_macro,
real_rf,0,7,shared_reference,shifted,0,1,1,011,0.0,0.0009166666666666668,equal_macro,
real_rf,0,7,shared_reference,shifted,1,0,0,100,0.0,0.379,equal_macro,
real_rf,0,7,shared_reference,shifted,1,0,1,101,0.0,0.6841666666666666,equal_macro,
real_rf,0,7,shared_reference,shifted,1,1,0,110,0.0,0.34299999999999997,equal_macro,
real_rf,0,7,shared_reference,shifted,1,1,1,111,0.0,0.6881666666666667,equal_macro,
real_rf,0,42,shared_reference,canonical,0,0,0,000,0.0,0.0009166666666666666,equal_macro,
real_rf,0,42,shared_reference,canonical,0,0,1,001,0.0,0.00016666666666666666,equal_macro,
real_rf,0,42,shared_reference,canonical,0,1,0,010,0.0,0.0003333333333333333,equal_macro,
real_rf,0,42,shared_reference,canonical,0,1,1,011,0.0,0.0,equal_macro,
real_rf,0,42,shared_reference,canonical,1,0,0,100,0.0,0.4483333333333333,equal_macro,
real_rf,0,42,shared_reference,canonical,1,0,1,101,0.0,0.74525,equal_macro,
real_rf,0,42,shared_reference,canonical,1,1,0,110,0.0,0.41983333333333334,equal_macro,
real_rf,0,42,shared_reference,canonical,1,1,1,111,0.0,0.7669166666666667,equal_macro,
real_rf,0,42,shared_reference,shifted,0,0,0,000,0.0,0.0008333333333333334,equal_macro,
real_rf,0,42,shared_reference,shifted,0,0,1,001,0.0,0.00016666666666666666,equal_macro,
real_rf,0,42,shared_reference,shifted,0,1,0,010,0.0,0.0003333333333333333,equal_macro,
real_rf,0,42,shared_reference,shifted,0,1,1,011,0.0,0.0,equal_macro,
real_rf,0,42,shared_reference,shifted,1,0,0,100,0.0,0.44558333333333333,equal_macro,
real_rf,0,42,shared_reference,shifted,1,0,1,101,0.0,0.74875,equal_macro,
real_rf,0,42,shared_reference,shifted,1,1,0,110,0.0,0.41866666666666663,equal_macro,
real_rf,0,42,shared_reference,shifted,1,1,1,111,0.0,0.7697499999999999,equal_macro,
real_rf,0,123,shared_reference,canonical,0,0,0,000,0.0,0.0,equal_macro,
real_rf,0,123,shared_reference,canonical,0,0,1,001,0.0,0.0,equal_macro,
real_rf,0,123,shared_reference,canonical,0,1,0,010,0.0,0.0,equal_macro,
real_rf,0,123,shared_reference,canonical,0,1,1,011,0.0,0.0,equal_macro,
real_rf,0,123,shared_reference,canonical,1,0,0,100,0.0,0.3588333333333333,equal_macro,
real_rf,0,123,shared_reference,canonical,1,0,1,101,0.0,0.7640833333333334,equal_macro,
real_rf,0,123,shared_reference,canonical,1,1,0,110,0.0,0.34191666666666665,equal_macro,
real_rf,0,123,shared_reference,canonical,1,1,1,111,0.0,0.7875,equal_macro,
real_rf,0,123,shared_reference,shifted,0,0,0,000,0.0,0.0,equal_macro,
real_rf,0,123,shared_reference,shifted,0,0,1,001,0.0,0.0,equal_macro,
real_rf,0,123,shared_reference,shifted,0,1,0,010,0.0,0.0,equal_macro,
real_rf,0,123,shared_reference,shifted,0,1,1,011,0.0,0.0,equal_macro,
real_rf,0,123,shared_reference,shifted,1,0,0,100,0.0,0.3591666666666667,equal_macro,
real_rf,0,123,shared_reference,shifted,1,0,1,101,0.0,0.765,equal_macro,
real_rf,0,123,shared_reference,shifted,1,1,0,110,0.0,0.3419166666666667,equal_macro,
real_rf,0,123,shared_reference,shifted,1,1,1,111,0.0,0.79125,equal_macro,
real_rf,0,2026,shared_reference,canonical,0,0,0,000,0.0,0.0006666666666666668,equal_macro,
real_rf,0,2026,shared_reference,canonical,0,0,1,001,0.0,0.0004166666666666667,equal_macro,
real_rf,0,2026,shared_reference,canonical,0,1,0,010,0.0,0.0003333333333333333,equal_macro,
real_rf,0,2026,shared_reference,canonical,0,1,1,011,0.0,0.00025,equal_macro,
real_rf,0,2026,shared_reference,canonical,1,0,0,100,0.0,0.3890833333333334,equal_macro,
real_rf,0,2026,shared_reference,canonical,1,0,1,101,0.0,0.6819999999999999,equal_macro,
real_rf,0,2026,shared_reference,canonical,1,1,0,110,0.0,0.36075,equal_macro,
real_rf,0,2026,shared_reference,canonical,1,1,1,111,0.0,0.6974166666666667,equal_macro,
real_rf,0,2026,shared_reference,shifted,0,0,0,000,0.0,0.0005,equal_macro,
real_rf,0,2026,shared_reference,shifted,0,0,1,001,0.0,0.0004166666666666667,equal_macro,
real_rf,0,2026,shared_reference,shifted,0,1,0,010,0.0,0.00025,equal_macro,
real_rf,0,2026,shared_reference,shifted,0,1,1,011,0.0,0.00025,equal_macro,
real_rf,0,2026,shared_reference,shifted,1,0,0,100,0.0,0.3854166666666667,equal_macro,
real_rf,0,2026,shared_reference,shifted,1,0,1,101,0.0,0.6820833333333334,equal_macro,
real_rf,0,2026,shared_reference,shifted,1,1,0,110,0.0,0.36000000000000004,equal_macro,
real_rf,0,2026,shared_reference,shifted,1,1,1,111,0.0,0.6960833333333334,equal_macro,
real_rf,0,3407,shared_reference,canonical,0,0,0,000,0.0,0.0003333333333333333,equal_macro,
real_rf,0,3407,shared_reference,canonical,0,0,1,001,0.0,8.333333333333333e-05,equal_macro,
real_rf,0,3407,shared_reference,canonical,0,1,0,010,0.0,0.00016666666666666666,equal_macro,
real_rf,0,3407,shared_reference,canonical,0,1,1,011,0.0,8.333333333333333e-05,equal_macro,
real_rf,0,3407,shared_reference,canonical,1,0,0,100,0.0,0.39608333333333334,equal_macro,
real_rf,0,3407,shared_reference,canonical,1,0,1,101,0.0,0.7442500000000001,equal_macro,
real_rf,0,3407,shared_reference,canonical,1,1,0,110,0.0,0.3701666666666667,equal_macro,
real_rf,0,3407,shared_reference,canonical,1,1,1,111,0.0,0.7369166666666667,equal_macro,
real_rf,0,3407,shared_reference,shifted,0,0,0,000,0.0,0.0004166666666666667,equal_macro,
real_rf,0,3407,shared_reference,shifted,0,0,1,001,0.0,8.333333333333333e-05,equal_macro,
real_rf,0,3407,shared_reference,shifted,0,1,0,010,0.0,8.333333333333333e-05,equal_macro,
real_rf,0,3407,shared_reference,shifted,0,1,1,011,0.0,8.333333333333333e-05,equal_macro,
real_rf,0,3407,shared_reference,shifted,1,0,0,100,0.0,0.3878333333333333,equal_macro,
real_rf,0,3407,shared_reference,shifted,1,0,1,101,0.0,0.7385833333333334,equal_macro,
real_rf,0,3407,shared_reference,shifted,1,1,0,110,0.0,0.36233333333333334,equal_macro,
real_rf,0,3407,shared_reference,shifted,1,1,1,111,0.0,0.732,equal_macro,
rule,141421,7,bridge_sensitivity,canonical,0,0,0,000,0.9985833333333334,1.0,equal_macro,
rule,141421,7,bridge_sensitivity,canonical,0,0,1,001,0.9993333333333334,1.0,equal_macro,
rule,141421,7,bridge_sensitivity,canonical,0,1,0,010,0.9995833333333333,1.0,equal_macro,
rule,141421,7,bridge_sensitivity,canonical,0,1,1,011,0.9998333333333334,1.0,equal_macro,
rule,141421,7,bridge_sensitivity,canonical,1,0,0,100,0.20183333333333334,0.32166666666666666,equal_macro,
rule,141421,7,bridge_sensitivity,canonical,1,0,1,101,0.14158333333333334,0.6395833333333334,equal_macro,
rule,141421,7,bridge_sensitivity,canonical,1,1,0,110,0.2061666666666667,0.28900000000000003,equal_macro,
rule,141421,7,bridge_sensitivity,canonical,1,1,1,111,0.1515,0.61825,equal_macro,
rule,141421,7,bridge_sensitivity,shifted,0,0,0,000,0.9978333333333333,1.0,equal_macro,
rule,141421,7,bridge_sensitivity,shifted,0,0,1,001,0.9988333333333335,1.0,equal_macro,
rule,141421,7,bridge_sensitivity,shifted,0,1,0,010,0.9993333333333334,1.0,equal_macro,
rule,141421,7,bridge_sensitivity,shifted,0,1,1,011,0.9996666666666667,1.0,equal_macro,
rule,141421,7,bridge_sensitivity,shifted,1,0,0,100,0.20291666666666666,0.3214166666666667,equal_macro,
rule,141421,7,bridge_sensitivity,shifted,1,0,1,101,0.14733333333333334,0.6451666666666667,equal_macro,
rule,141421,7,bridge_sensitivity,shifted,1,1,0,110,0.20533333333333334,0.2880833333333333,equal_macro,
rule,141421,7,bridge_sensitivity,shifted,1,1,1,111,0.15625,0.6231666666666666,equal_macro,
rule,141421,42,bridge_sensitivity,canonical,0,0,0,000,0.9990000000000001,1.0,equal_macro,
rule,141421,42,bridge_sensitivity,canonical,0,0,1,001,0.9994166666666667,1.0,equal_macro,
rule,141421,42,bridge_sensitivity,canonical,0,1,0,010,0.9996666666666667,1.0,equal_macro,
rule,141421,42,bridge_sensitivity,canonical,0,1,1,011,0.9998333333333335,1.0,equal_macro,
rule,141421,42,bridge_sensitivity,canonical,1,0,0,100,0.043833333333333335,0.21091666666666667,equal_macro,
rule,141421,42,bridge_sensitivity,canonical,1,0,1,101,0.03966666666666667,0.7808333333333334,equal_macro,
rule,141421,42,bridge_sensitivity,canonical,1,1,0,110,0.045500000000000006,0.17066666666666663,equal_macro,
rule,141421,42,bridge_sensitivity,canonical,1,1,1,111,0.03691666666666667,0.7849999999999999,equal_macro,
rule,141421,42,bridge_sensitivity,shifted,0,0,0,000,0.9980833333333334,1.0,equal_macro,
rule,141421,42,bridge_sensitivity,shifted,0,0,1,001,0.9989166666666667,1.0,equal_macro,
rule,141421,42,bridge_sensitivity,shifted,0,1,0,010,0.9994166666666667,1.0,equal_macro,
rule,141421,42,bridge_sensitivity,shifted,0,1,1,011,0.9996666666666667,1.0,equal_macro,
rule,141421,42,bridge_sensitivity,shifted,1,0,0,100,0.04516666666666667,0.21250000000000002,equal_macro,
rule,141421,42,bridge_sensitivity,shifted,1,0,1,101,0.04016666666666667,0.7883333333333333,equal_macro,
rule,141421,42,bridge_sensitivity,shifted,1,1,0,110,0.04675000000000001,0.17124999999999999,equal_macro,
rule,141421,42,bridge_sensitivity,shifted,1,1,1,111,0.03816666666666666,0.793,equal_macro,
rule,141421,123,bridge_sensitivity,canonical,0,0,0,000,0.9990000000000001,1.0,equal_macro,
rule,141421,123,bridge_sensitivity,canonical,0,0,1,001,0.9991666666666668,1.0,equal_macro,
rule,141421,123,bridge_sensitivity,canonical,0,1,0,010,0.9994166666666666,1.0,equal_macro,
rule,141421,123,bridge_sensitivity,canonical,0,1,1,011,0.9998333333333334,1.0,equal_macro,
rule,141421,123,bridge_sensitivity,canonical,1,0,0,100,0.09808333333333334,0.33116666666666666,equal_macro,
rule,141421,123,bridge_sensitivity,canonical,1,0,1,101,0.03325,0.6323333333333334,equal_macro,
rule,141421,123,bridge_sensitivity,canonical,1,1,0,110,0.11391666666666667,0.30725,equal_macro,
rule,141421,123,bridge_sensitivity,canonical,1,1,1,111,0.03275,0.6323333333333334,equal_macro,
rule,141421,123,bridge_sensitivity,shifted,0,0,0,000,0.9979166666666666,1.0,equal_macro,
rule,141421,123,bridge_sensitivity,shifted,0,0,1,001,0.9985833333333334,1.0,equal_macro,
rule,141421,123,bridge_sensitivity,shifted,0,1,0,010,0.9990833333333333,1.0,equal_macro,
rule,141421,123,bridge_sensitivity,shifted,0,1,1,011,0.9995,1.0,equal_macro,
rule,141421,123,bridge_sensitivity,shifted,1,0,0,100,0.10399999999999998,0.33558333333333334,equal_macro,
rule,141421,123,bridge_sensitivity,shifted,1,0,1,101,0.03425,0.6388333333333334,equal_macro,
rule,141421,123,bridge_sensitivity,shifted,1,1,0,110,0.1205,0.31033333333333335,equal_macro,
rule,141421,123,bridge_sensitivity,shifted,1,1,1,111,0.03475,0.643,equal_macro,
rule,141421,2026,bridge_sensitivity,canonical,0,0,0,000,0.9988333333333335,1.0,equal_macro,
rule,141421,2026,bridge_sensitivity,canonical,0,0,1,001,0.9990833333333333,1.0,equal_macro,
rule,141421,2026,bridge_sensitivity,canonical,0,1,0,010,0.9996666666666667,1.0,equal_macro,
rule,141421,2026,bridge_sensitivity,canonical,0,1,1,011,0.9997499999999999,1.0,equal_macro,
rule,141421,2026,bridge_sensitivity,canonical,1,0,0,100,0.03241666666666666,0.23583333333333334,equal_macro,
rule,141421,2026,bridge_sensitivity,canonical,1,0,1,101,0.03808333333333334,0.7979166666666667,equal_macro,
rule,141421,2026,bridge_sensitivity,canonical,1,1,0,110,0.034083333333333334,0.1953333333333333,equal_macro,
rule,141421,2026,bridge_sensitivity,canonical,1,1,1,111,0.03825,0.8028333333333333,equal_macro,
rule,141421,2026,bridge_sensitivity,shifted,0,0,0,000,0.9978333333333333,1.0,equal_macro,
rule,141421,2026,bridge_sensitivity,shifted,0,0,1,001,0.9988333333333335,1.0,equal_macro,
rule,141421,2026,bridge_sensitivity,shifted,0,1,0,010,0.9990000000000001,1.0,equal_macro,
rule,141421,2026,bridge_sensitivity,shifted,0,1,1,011,0.9994166666666666,1.0,equal_macro,
rule,141421,2026,bridge_sensitivity,shifted,1,0,0,100,0.03325,0.23575000000000002,equal_macro,
rule,141421,2026,bridge_sensitivity,shifted,1,0,1,101,0.041749999999999995,0.7994166666666667,equal_macro,
rule,141421,2026,bridge_sensitivity,shifted,1,1,0,110,0.03575,0.1963333333333333,equal_macro,
rule,141421,2026,bridge_sensitivity,shifted,1,1,1,111,0.041749999999999995,0.8055000000000001,equal_macro,
rule,141421,3407,bridge_sensitivity,canonical,0,0,0,000,0.9988333333333332,1.0,equal_macro,
rule,141421,3407,bridge_sensitivity,canonical,0,0,1,001,0.99925,1.0,equal_macro,
rule,141421,3407,bridge_sensitivity,canonical,0,1,0,010,0.9995,1.0,equal_macro,
rule,141421,3407,bridge_sensitivity,canonical,0,1,1,011,0.9997499999999999,1.0,equal_macro,
rule,141421,3407,bridge_sensitivity,canonical,1,0,0,100,0.10658333333333334,0.22525,equal_macro,
rule,141421,3407,bridge_sensitivity,canonical,1,0,1,101,0.18200000000000002,0.6745000000000001,equal_macro,
rule,141421,3407,bridge_sensitivity,canonical,1,1,0,110,0.12675000000000003,0.21366666666666667,equal_macro,
rule,141421,3407,bridge_sensitivity,canonical,1,1,1,111,0.19641666666666668,0.6726666666666667,equal_macro,
rule,141421,3407,bridge_sensitivity,shifted,0,0,0,000,0.9980833333333334,1.0,equal_macro,
rule,141421,3407,bridge_sensitivity,shifted,0,0,1,001,0.9984999999999999,1.0,equal_macro,
rule,141421,3407,bridge_sensitivity,shifted,0,1,0,010,0.99925,1.0,equal_macro,
rule,141421,3407,bridge_sensitivity,shifted,0,1,1,011,0.9995,1.0,equal_macro,
rule,141421,3407,bridge_sensitivity,shifted,1,0,0,100,0.11049999999999999,0.22924999999999998,equal_macro,
rule,141421,3407,bridge_sensitivity,shifted,1,0,1,101,0.19649999999999998,0.6833333333333333,equal_macro,
rule,141421,3407,bridge_sensitivity,shifted,1,1,0,110,0.13183333333333333,0.21925000000000003,equal_macro,
rule,141421,3407,bridge_sensitivity,shifted,1,1,1,111,0.20733333333333334,0.6813333333333333,equal_macro,
rule,161803,7,bridge_sensitivity,canonical,0,0,0,000,0.9990000000000001,1.0,equal_macro,
rule,161803,7,bridge_sensitivity,canonical,0,0,1,001,0.9994166666666666,1.0,equal_macro,
rule,161803,7,bridge_sensitivity,canonical,0,1,0,010,0.9994166666666666,1.0,equal_macro,
rule,161803,7,bridge_sensitivity,canonical,0,1,1,011,0.9999166666666668,1.0,equal_macro,
rule,161803,7,bridge_sensitivity,canonical,1,0,0,100,0.10908333333333334,0.28008333333333335,equal_macro,
rule,161803,7,bridge_sensitivity,canonical,1,0,1,101,0.06433333333333333,0.73225,equal_macro,
rule,161803,7,bridge_sensitivity,canonical,1,1,0,110,0.12033333333333333,0.24891666666666665,equal_macro,
rule,161803,7,bridge_sensitivity,canonical,1,1,1,111,0.06383333333333333,0.7263333333333333,equal_macro,
rule,161803,7,bridge_sensitivity,shifted,0,0,0,000,0.9976666666666667,1.0,equal_macro,
rule,161803,7,bridge_sensitivity,shifted,0,0,1,001,0.9990833333333333,1.0,equal_macro,
rule,161803,7,bridge_sensitivity,shifted,0,1,0,010,0.9991666666666668,1.0,equal_macro,
rule,161803,7,bridge_sensitivity,shifted,0,1,1,011,0.9997499999999999,1.0,equal_macro,
rule,161803,7,bridge_sensitivity,shifted,1,0,0,100,0.11383333333333333,0.2846666666666666,equal_macro,
rule,161803,7,bridge_sensitivity,shifted,1,0,1,101,0.06883333333333333,0.7396666666666667,equal_macro,
rule,161803,7,bridge_sensitivity,shifted,1,1,0,110,0.12591666666666668,0.2513333333333333,equal_macro,
rule,161803,7,bridge_sensitivity,shifted,1,1,1,111,0.0715,0.736,equal_macro,
rule,161803,42,bridge_sensitivity,canonical,0,0,0,000,0.9989166666666667,1.0,equal_macro,
rule,161803,42,bridge_sensitivity,canonical,0,0,1,001,0.9993333333333334,1.0,equal_macro,
rule,161803,42,bridge_sensitivity,canonical,0,1,0,010,0.9995833333333333,1.0,equal_macro,
rule,161803,42,bridge_sensitivity,canonical,0,1,1,011,0.9996666666666667,1.0,equal_macro,
rule,161803,42,bridge_sensitivity,canonical,1,0,0,100,0.17241666666666663,0.34025,equal_macro,
rule,161803,42,bridge_sensitivity,canonical,1,0,1,101,0.077,0.5416666666666667,equal_macro,
rule,161803,42,bridge_sensitivity,canonical,1,1,0,110,0.18841666666666668,0.31166666666666665,equal_macro,
rule,161803,42,bridge_sensitivity,canonical,1,1,1,111,0.08666666666666667,0.5216666666666667,equal_macro,
rule,161803,42,bridge_sensitivity,shifted,0,0,0,000,0.998,1.0,equal_macro,
rule,161803,42,bridge_sensitivity,shifted,0,0,1,001,0.99875,1.0,equal_macro,
rule,161803,42,bridge_sensitivity,shifted,0,1,0,010,0.99925,1.0,equal_macro,
rule,161803,42,bridge_sensitivity,shifted,0,1,1,011,0.9995,1.0,equal_macro,
rule,161803,42,bridge_sensitivity,shifted,1,0,0,100,0.17500000000000002,0.34458333333333335,equal_macro,
rule,161803,42,bridge_sensitivity,shifted,1,0,1,101,0.08008333333333334,0.5476666666666666,equal_macro,
rule,161803,42,bridge_sensitivity,shifted,1,1,0,110,0.18958333333333333,0.3145833333333333,equal_macro,
rule,161803,42,bridge_sensitivity,shifted,1,1,1,111,0.09216666666666666,0.5313333333333333,equal_macro,
rule,161803,123,bridge_sensitivity,canonical,0,0,0,000,0.9987500000000001,1.0,equal_macro,
rule,161803,123,bridge_sensitivity,canonical,0,0,1,001,0.9995,1.0,equal_macro,
rule,161803,123,bridge_sensitivity,canonical,0,1,0,010,0.9994166666666666,1.0,equal_macro,
rule,161803,123,bridge_sensitivity,canonical,0,1,1,011,0.9996666666666667,1.0,equal_macro,
rule,161803,123,bridge_sensitivity,canonical,1,0,0,100,0.08583333333333334,0.23825,equal_macro,
rule,161803,123,bridge_sensitivity,canonical,1,0,1,101,0.04291666666666667,0.7485833333333333,equal_macro,
rule,161803,123,bridge_sensitivity,canonical,1,1,0,110,0.10416666666666667,0.21733333333333332,equal_macro,
rule,161803,123,bridge_sensitivity,canonical,1,1,1,111,0.04108333333333333,0.7498333333333334,equal_macro,
rule,161803,123,bridge_sensitivity,shifted,0,0,0,000,0.9973333333333334,1.0,equal_macro,
rule,161803,123,bridge_sensitivity,shifted,0,0,1,001,0.99875,1.0,equal_macro,
rule,161803,123,bridge_sensitivity,shifted,0,1,0,010,0.9991666666666668,1.0,equal_macro,
rule,161803,123,bridge_sensitivity,shifted,0,1,1,011,0.9995,1.0,equal_macro,
rule,161803,123,bridge_sensitivity,shifted,1,0,0,100,0.08683333333333333,0.2415,equal_macro,
rule,161803,123,bridge_sensitivity,shifted,1,0,1,101,0.043833333333333335,0.7533333333333334,equal_macro,
rule,161803,123,bridge_sensitivity,shifted,1,1,0,110,0.10358333333333335,0.21983333333333333,equal_macro,
rule,161803,123,bridge_sensitivity,shifted,1,1,1,111,0.042666666666666665,0.7563333333333333,equal_macro,
rule,161803,2026,bridge_sensitivity,canonical,0,0,0,000,0.9988333333333335,1.0,equal_macro,
rule,161803,2026,bridge_sensitivity,canonical,0,0,1,001,0.9993333333333334,1.0,equal_macro,
rule,161803,2026,bridge_sensitivity,canonical,0,1,0,010,0.9994166666666666,1.0,equal_macro,
rule,161803,2026,bridge_sensitivity,canonical,0,1,1,011,0.9997500000000001,1.0,equal_macro,
rule,161803,2026,bridge_sensitivity,canonical,1,0,0,100,0.09883333333333333,0.2955833333333333,equal_macro,
rule,161803,2026,bridge_sensitivity,canonical,1,0,1,101,0.10583333333333335,0.7282500000000001,equal_macro,
rule,161803,2026,bridge_sensitivity,canonical,1,1,0,110,0.11850000000000001,0.27066666666666667,equal_macro,
rule,161803,2026,bridge_sensitivity,canonical,1,1,1,111,0.12166666666666667,0.7301666666666666,equal_macro,
rule,161803,2026,bridge_sensitivity,shifted,0,0,0,000,0.9977500000000001,1.0,equal_macro,
rule,161803,2026,bridge_sensitivity,shifted,0,0,1,001,0.9988333333333335,1.0,equal_macro,
rule,161803,2026,bridge_sensitivity,shifted,0,1,0,010,0.9990833333333333,1.0,equal_macro,
rule,161803,2026,bridge_sensitivity,shifted,0,1,1,011,0.9994166666666666,1.0,equal_macro,
rule,161803,2026,bridge_sensitivity,shifted,1,0,0,100,0.10041666666666667,0.2949166666666667,equal_macro,
rule,161803,2026,bridge_sensitivity,shifted,1,0,1,101,0.10316666666666667,0.7287499999999999,equal_macro,
rule,161803,2026,bridge_sensitivity,shifted,1,1,0,110,0.11658333333333333,0.26891666666666664,equal_macro,
rule,161803,2026,bridge_sensitivity,shifted,1,1,1,111,0.12108333333333333,0.7304166666666667,equal_macro,
rule,161803,3407,bridge_sensitivity,canonical,0,0,0,000,0.9989166666666667,1.0,equal_macro,
rule,161803,3407,bridge_sensitivity,canonical,0,0,1,001,0.99925,1.0,equal_macro,
rule,161803,3407,bridge_sensitivity,canonical,0,1,0,010,0.9995833333333335,1.0,equal_macro,
rule,161803,3407,bridge_sensitivity,canonical,0,1,1,011,0.9997500000000001,1.0,equal_macro,
rule,161803,3407,bridge_sensitivity,canonical,1,0,0,100,0.07558333333333334,0.24875000000000003,equal_macro,
rule,161803,3407,bridge_sensitivity,canonical,1,0,1,101,0.12458333333333332,0.7258333333333333,equal_macro,
rule,161803,3407,bridge_sensitivity,canonical,1,1,0,110,0.09383333333333334,0.22700000000000004,equal_macro,
rule,161803,3407,bridge_sensitivity,canonical,1,1,1,111,0.13158333333333333,0.7142499999999999,equal_macro,
rule,161803,3407,bridge_sensitivity,shifted,0,0,0,000,0.9978333333333333,1.0,equal_macro,
rule,161803,3407,bridge_sensitivity,shifted,0,0,1,001,0.9986666666666668,1.0,equal_macro,
rule,161803,3407,bridge_sensitivity,shifted,0,1,0,010,0.9991666666666668,1.0,equal_macro,
rule,161803,3407,bridge_sensitivity,shifted,0,1,1,011,0.9995,1.0,equal_macro,
rule,161803,3407,bridge_sensitivity,shifted,1,0,0,100,0.07291666666666666,0.24758333333333335,equal_macro,
rule,161803,3407,bridge_sensitivity,shifted,1,0,1,101,0.12275,0.7335,equal_macro,
rule,161803,3407,bridge_sensitivity,shifted,1,1,0,110,0.09091666666666667,0.2245,equal_macro,
rule,161803,3407,bridge_sensitivity,shifted,1,1,1,111,0.13024999999999998,0.7241666666666666,equal_macro,
rule,173205,7,bridge_sensitivity,canonical,0,0,0,000,0.9991666666666668,1.0,equal_macro,
rule,173205,7,bridge_sensitivity,canonical,0,0,1,001,0.9993333333333334,1.0,equal_macro,
rule,173205,7,bridge_sensitivity,canonical,0,1,0,010,0.9995,1.0,equal_macro,
rule,173205,7,bridge_sensitivity,canonical,0,1,1,011,0.9999166666666668,1.0,equal_macro,
rule,173205,7,bridge_sensitivity,canonical,1,0,0,100,0.10708333333333334,0.2714166666666667,equal_macro,
rule,173205,7,bridge_sensitivity,canonical,1,0,1,101,0.10583333333333333,0.7137499999999999,equal_macro,
rule,173205,7,bridge_sensitivity,canonical,1,1,0,110,0.13175,0.2544166666666667,equal_macro,
rule,173205,7,bridge_sensitivity,canonical,1,1,1,111,0.12016666666666667,0.716,equal_macro,
rule,173205,7,bridge_sensitivity,shifted,0,0,0,000,0.9979166666666666,1.0,equal_macro,
rule,173205,7,bridge_sensitivity,shifted,0,0,1,001,0.9987500000000001,1.0,equal_macro,
rule,173205,7,bridge_sensitivity,shifted,0,1,0,010,0.9990833333333334,1.0,equal_macro,
rule,173205,7,bridge_sensitivity,shifted,0,1,1,011,0.9996666666666667,1.0,equal_macro,
rule,173205,7,bridge_sensitivity,shifted,1,0,0,100,0.11066666666666666,0.271,equal_macro,
rule,173205,7,bridge_sensitivity,shifted,1,0,1,101,0.10608333333333335,0.7161666666666667,equal_macro,
rule,173205,7,bridge_sensitivity,shifted,1,1,0,110,0.13783333333333334,0.25866666666666666,equal_macro,
rule,173205,7,bridge_sensitivity,shifted,1,1,1,111,0.12208333333333334,0.7196666666666667,equal_macro,
rule,173205,42,bridge_sensitivity,canonical,0,0,0,000,0.9990833333333333,1.0,equal_macro,
rule,173205,42,bridge_sensitivity,canonical,0,0,1,001,0.9993333333333334,1.0,equal_macro,
rule,173205,42,bridge_sensitivity,canonical,0,1,0,010,0.9995,1.0,equal_macro,
rule,173205,42,bridge_sensitivity,canonical,0,1,1,011,0.9998333333333334,1.0,equal_macro,
rule,173205,42,bridge_sensitivity,canonical,1,0,0,100,0.09675,0.304,equal_macro,
rule,173205,42,bridge_sensitivity,canonical,1,0,1,101,0.04783333333333334,0.70825,equal_macro,
rule,173205,42,bridge_sensitivity,canonical,1,1,0,110,0.10091666666666665,0.27183333333333337,equal_macro,
rule,173205,42,bridge_sensitivity,canonical,1,1,1,111,0.04958333333333333,0.7030833333333333,equal_macro,
rule,173205,42,bridge_sensitivity,shifted,0,0,0,000,0.9977500000000001,1.0,equal_macro,
rule,173205,42,bridge_sensitivity,shifted,0,0,1,001,0.9989999999999999,1.0,equal_macro,
rule,173205,42,bridge_sensitivity,shifted,0,1,0,010,0.9990833333333333,1.0,equal_macro,
rule,173205,42,bridge_sensitivity,shifted,0,1,1,011,0.9995833333333333,1.0,equal_macro,
rule,173205,42,bridge_sensitivity,shifted,1,0,0,100,0.09533333333333334,0.3050833333333334,equal_macro,
rule,173205,42,bridge_sensitivity,shifted,1,0,1,101,0.04608333333333333,0.7108333333333333,equal_macro,
rule,173205,42,bridge_sensitivity,shifted,1,1,0,110,0.10275000000000001,0.27441666666666664,equal_macro,
rule,173205,42,bridge_sensitivity,shifted,1,1,1,111,0.04825,0.7066666666666667,equal_macro,
rule,173205,123,bridge_sensitivity,canonical,0,0,0,000,0.9991666666666668,1.0,equal_macro,
rule,173205,123,bridge_sensitivity,canonical,0,0,1,001,0.9992500000000001,1.0,equal_macro,
rule,173205,123,bridge_sensitivity,canonical,0,1,0,010,0.9995833333333335,1.0,equal_macro,
rule,173205,123,bridge_sensitivity,canonical,0,1,1,011,0.9999166666666668,1.0,equal_macro,
rule,173205,123,bridge_sensitivity,canonical,1,0,0,100,0.07075,0.23825000000000002,equal_macro,
rule,173205,123,bridge_sensitivity,canonical,1,0,1,101,0.03383333333333333,0.6483333333333333,equal_macro,
rule,173205,123,bridge_sensitivity,canonical,1,1,0,110,0.09291666666666668,0.21800000000000003,equal_macro,
rule,173205,123,bridge_sensitivity,canonical,1,1,1,111,0.035916666666666666,0.6486666666666667,equal_macro,
rule,173205,123,bridge_sensitivity,shifted,0,0,0,000,0.998,1.0,equal_macro,
rule,173205,123,bridge_sensitivity,shifted,0,0,1,001,0.9989166666666667,1.0,equal_macro,
rule,173205,123,bridge_sensitivity,shifted,0,1,0,010,0.9991666666666668,1.0,equal_macro,
rule,173205,123,bridge_sensitivity,shifted,0,1,1,011,0.9994166666666666,1.0,equal_macro,
rule,173205,123,bridge_sensitivity,shifted,1,0,0,100,0.07466666666666666,0.24358333333333337,equal_macro,
rule,173205,123,bridge_sensitivity,shifted,1,0,1,101,0.034083333333333334,0.6549166666666667,equal_macro,
rule,173205,123,bridge_sensitivity,shifted,1,1,0,110,0.09966666666666667,0.2245,equal_macro,
rule,173205,123,bridge_sensitivity,shifted,1,1,1,111,0.03658333333333333,0.6569166666666666,equal_macro,
rule,173205,2026,bridge_sensitivity,canonical,0,0,0,000,0.9988333333333335,1.0,equal_macro,
rule,173205,2026,bridge_sensitivity,canonical,0,0,1,001,0.9990000000000001,1.0,equal_macro,
rule,173205,2026,bridge_sensitivity,canonical,0,1,0,010,0.9993333333333334,1.0,equal_macro,
rule,173205,2026,bridge_sensitivity,canonical,0,1,1,011,0.9997499999999999,1.0,equal_macro,
rule,173205,2026,bridge_sensitivity,canonical,1,0,0,100,0.04475,0.21708333333333335,equal_macro,
rule,173205,2026,bridge_sensitivity,canonical,1,0,1,101,0.050749999999999997,0.6199999999999999,equal_macro,
rule,173205,2026,bridge_sensitivity,canonical,1,1,0,110,0.05191666666666666,0.18691666666666668,equal_macro,
rule,173205,2026,bridge_sensitivity,canonical,1,1,1,111,0.05591666666666667,0.61225,equal_macro,
rule,173205,2026,bridge_sensitivity,shifted,0,0,0,000,0.9975833333333334,1.0,equal_macro,
rule,173205,2026,bridge_sensitivity,shifted,0,0,1,001,0.9981666666666668,1.0,equal_macro,
rule,173205,2026,bridge_sensitivity,shifted,0,1,0,010,0.9990000000000001,1.0,equal_macro,
rule,173205,2026,bridge_sensitivity,shifted,0,1,1,011,0.9993333333333334,1.0,equal_macro,
rule,173205,2026,bridge_sensitivity,shifted,1,0,0,100,0.04525,0.21925,equal_macro,
rule,173205,2026,bridge_sensitivity,shifted,1,0,1,101,0.0545,0.6254166666666667,equal_macro,
rule,173205,2026,bridge_sensitivity,shifted,1,1,0,110,0.05216666666666667,0.1875,equal_macro,
rule,173205,2026,bridge_sensitivity,shifted,1,1,1,111,0.059500000000000004,0.6191666666666666,equal_macro,
rule,173205,3407,bridge_sensitivity,canonical,0,0,0,000,0.9990000000000001,1.0,equal_macro,
rule,173205,3407,bridge_sensitivity,canonical,0,0,1,001,0.9990000000000001,1.0,equal_macro,
rule,173205,3407,bridge_sensitivity,canonical,0,1,0,010,0.9994166666666667,1.0,equal_macro,
rule,173205,3407,bridge_sensitivity,canonical,0,1,1,011,0.9996666666666667,1.0,equal_macro,
rule,173205,3407,bridge_sensitivity,canonical,1,0,0,100,0.06475,0.15991666666666665,equal_macro,
rule,173205,3407,bridge_sensitivity,canonical,1,0,1,101,0.10375000000000001,0.7393333333333333,equal_macro,
rule,173205,3407,bridge_sensitivity,canonical,1,1,0,110,0.07783333333333334,0.14033333333333334,equal_macro,
rule,173205,3407,bridge_sensitivity,canonical,1,1,1,111,0.10683333333333334,0.7351666666666667,equal_macro,
rule,173205,3407,bridge_sensitivity,shifted,0,0,0,000,0.9977500000000001,1.0,equal_macro,
rule,173205,3407,bridge_sensitivity,shifted,0,0,1,001,0.9985833333333334,1.0,equal_macro,
rule,173205,3407,bridge_sensitivity,shifted,0,1,0,010,0.9990000000000001,1.0,equal_macro,
rule,173205,3407,bridge_sensitivity,shifted,0,1,1,011,0.9992500000000001,1.0,equal_macro,
rule,173205,3407,bridge_sensitivity,shifted,1,0,0,100,0.06633333333333333,0.16058333333333336,equal_macro,
rule,173205,3407,bridge_sensitivity,shifted,1,0,1,101,0.10833333333333334,0.7418333333333333,equal_macro,
rule,173205,3407,bridge_sensitivity,shifted,1,1,0,110,0.07825,0.14058333333333334,equal_macro,
rule,173205,3407,bridge_sensitivity,shifted,1,1,1,111,0.11208333333333334,0.7356666666666667,equal_macro,
rule,192753,7,primary,canonical,0,0,0,000,0.9991666666666668,1.0,equal_macro,
rule,192753,7,primary,canonical,0,0,1,001,0.99925,1.0,equal_macro,
rule,192753,7,primary,canonical,0,1,0,010,0.9995,1.0,equal_macro,
rule,192753,7,primary,canonical,0,1,1,011,0.9998333333333334,1.0,equal_macro,
rule,192753,7,primary,canonical,1,0,0,100,0.10441666666666666,0.27066666666666667,equal_macro,
rule,192753,7,primary,canonical,1,0,1,101,0.10508333333333333,0.7648333333333333,equal_macro,
rule,192753,7,primary,canonical,1,1,0,110,0.12058333333333335,0.2485,equal_macro,
rule,192753,7,primary,canonical,1,1,1,111,0.11241666666666666,0.7715000000000001,equal_macro,
rule,192753,7,primary,shifted,0,0,0,000,0.9979166666666666,1.0,equal_macro,
rule,192753,7,primary,shifted,0,0,1,001,0.9986666666666666,1.0,equal_macro,
rule,192753,7,primary,shifted,0,1,0,010,0.9994166666666666,1.0,equal_macro,
rule,192753,7,primary,shifted,0,1,1,011,0.9993333333333334,1.0,equal_macro,
rule,192753,7,primary,shifted,1,0,0,100,0.10408333333333332,0.27016666666666667,equal_macro,
rule,192753,7,primary,shifted,1,0,1,101,0.10716666666666667,0.7707499999999999,equal_macro,
rule,192753,7,primary,shifted,1,1,0,110,0.12141666666666666,0.2500833333333333,equal_macro,
rule,192753,7,primary,shifted,1,1,1,111,0.11341666666666667,0.7750833333333333,equal_macro,
rule,192753,42,primary,canonical,0,0,0,000,0.9990000000000001,1.0,equal_macro,
rule,192753,42,primary,canonical,0,0,1,001,0.99925,1.0,equal_macro,
rule,192753,42,primary,canonical,0,1,0,010,0.9995833333333333,1.0,equal_macro,
rule,192753,42,primary,canonical,0,1,1,011,0.9997499999999999,1.0,equal_macro,
rule,192753,42,primary,canonical,1,0,0,100,0.06433333333333334,0.22958333333333333,equal_macro,
rule,192753,42,primary,canonical,1,0,1,101,0.035583333333333335,0.5278333333333334,equal_macro,
rule,192753,42,primary,canonical,1,1,0,110,0.06866666666666667,0.18583333333333335,equal_macro,
rule,192753,42,primary,canonical,1,1,1,111,0.03458333333333333,0.49966666666666665,equal_macro,
rule,192753,42,primary,shifted,0,0,0,000,0.9981666666666666,1.0,equal_macro,
rule,192753,42,primary,shifted,0,0,1,001,0.9991666666666668,1.0,equal_macro,
rule,192753,42,primary,shifted,0,1,0,010,0.99925,1.0,equal_macro,
rule,192753,42,primary,shifted,0,1,1,011,0.9996666666666667,1.0,equal_macro,
rule,192753,42,primary,shifted,1,0,0,100,0.060833333333333336,0.2255,equal_macro,
rule,192753,42,primary,shifted,1,0,1,101,0.035166666666666666,0.528,equal_macro,
rule,192753,42,primary,shifted,1,1,0,110,0.06391666666666666,0.1805,equal_macro,
rule,192753,42,primary,shifted,1,1,1,111,0.036083333333333335,0.4989166666666667,equal_macro,
rule,192753,123,primary,canonical,0,0,0,000,0.9991666666666668,1.0,equal_macro,
rule,192753,123,primary,canonical,0,0,1,001,0.9989166666666667,1.0,equal_macro,
rule,192753,123,primary,canonical,0,1,0,010,0.9995833333333333,1.0,equal_macro,
rule,192753,123,primary,canonical,0,1,1,011,0.9998333333333334,1.0,equal_macro,
rule,192753,123,primary,canonical,1,0,0,100,0.04433333333333333,0.28358333333333335,equal_macro,
rule,192753,123,primary,canonical,1,0,1,101,0.034333333333333334,0.6365000000000001,equal_macro,
rule,192753,123,primary,canonical,1,1,0,110,0.048,0.2376666666666667,equal_macro,
rule,192753,123,primary,canonical,1,1,1,111,0.035833333333333335,0.6301666666666667,equal_macro,
rule,192753,123,primary,shifted,0,0,0,000,0.9978333333333333,1.0,equal_macro,
rule,192753,123,primary,shifted,0,0,1,001,0.9985833333333334,1.0,equal_macro,
rule,192753,123,primary,shifted,0,1,0,010,0.9993333333333334,1.0,equal_macro,
rule,192753,123,primary,shifted,0,1,1,011,0.9995833333333333,1.0,equal_macro,
rule,192753,123,primary,shifted,1,0,0,100,0.045,0.2828333333333333,equal_macro,
rule,192753,123,primary,shifted,1,0,1,101,0.03533333333333333,0.6365833333333333,equal_macro,
rule,192753,123,primary,shifted,1,1,0,110,0.04775,0.23433333333333334,equal_macro,
rule,192753,123,primary,shifted,1,1,1,111,0.036,0.6310833333333334,equal_macro,
rule,192753,2026,primary,canonical,0,0,0,000,0.9990000000000001,1.0,equal_macro,
rule,192753,2026,primary,canonical,0,0,1,001,0.99925,1.0,equal_macro,
rule,192753,2026,primary,canonical,0,1,0,010,0.9995,1.0,equal_macro,
rule,192753,2026,primary,canonical,0,1,1,011,0.9997499999999999,1.0,equal_macro,
rule,192753,2026,primary,canonical,1,0,0,100,0.04975,0.23666666666666666,equal_macro,
rule,192753,2026,primary,canonical,1,0,1,101,0.04491666666666666,0.6577500000000001,equal_macro,
rule,192753,2026,primary,canonical,1,1,0,110,0.05708333333333333,0.2005,equal_macro,
rule,192753,2026,primary,canonical,1,1,1,111,0.050499999999999996,0.66075,equal_macro,
rule,192753,2026,primary,shifted,0,0,0,000,0.9975833333333333,1.0,equal_macro,
rule,192753,2026,primary,shifted,0,0,1,001,0.9985833333333334,1.0,equal_macro,
rule,192753,2026,primary,shifted,0,1,0,010,0.9993333333333334,1.0,equal_macro,
rule,192753,2026,primary,shifted,0,1,1,011,0.9997499999999999,1.0,equal_macro,
rule,192753,2026,primary,shifted,1,0,0,100,0.050916666666666666,0.238,equal_macro,
rule,192753,2026,primary,shifted,1,0,1,101,0.04525,0.65625,equal_macro,
rule,192753,2026,primary,shifted,1,1,0,110,0.05708333333333333,0.199,equal_macro,
rule,192753,2026,primary,shifted,1,1,1,111,0.05041666666666667,0.6583333333333333,equal_macro,
rule,192753,3407,primary,canonical,0,0,0,000,0.9984166666666667,1.0,equal_macro,
rule,192753,3407,primary,canonical,0,0,1,001,0.99925,1.0,equal_macro,
rule,192753,3407,primary,canonical,0,1,0,010,0.9996666666666667,1.0,equal_macro,
rule,192753,3407,primary,canonical,0,1,1,011,0.9998333333333334,1.0,equal_macro,
rule,192753,3407,primary,canonical,1,0,0,100,0.07608333333333334,0.2455,equal_macro,
rule,192753,3407,primary,canonical,1,0,1,101,0.14566666666666667,0.69925,equal_macro,
rule,192753,3407,primary,canonical,1,1,0,110,0.0885,0.20975,equal_macro,
rule,192753,3407,primary,canonical,1,1,1,111,0.15208333333333335,0.6994166666666667,equal_macro,
rule,192753,3407,primary,shifted,0,0,0,000,0.9977499999999999,1.0,equal_macro,
rule,192753,3407,primary,shifted,0,0,1,001,0.9986666666666666,1.0,equal_macro,
rule,192753,3407,primary,shifted,0,1,0,010,0.9994166666666666,1.0,equal_macro,
rule,192753,3407,primary,shifted,0,1,1,011,0.9995,1.0,equal_macro,
rule,192753,3407,primary,shifted,1,0,0,100,0.07691666666666666,0.24641666666666667,equal_macro,
rule,192753,3407,primary,shifted,1,0,1,101,0.15208333333333335,0.7055,equal_macro,
rule,192753,3407,primary,shifted,1,1,0,110,0.09083333333333332,0.21066666666666667,equal_macro,
rule,192753,3407,primary,shifted,1,1,1,111,0.15983333333333336,0.7058333333333333,equal_macro,
rule,222537,7,primary,canonical,0,0,0,000,0.9990000000000001,1.0,equal_macro,
rule,222537,7,primary,canonical,0,0,1,001,0.9993333333333334,1.0,equal_macro,
rule,222537,7,primary,canonical,0,1,0,010,0.9997499999999999,1.0,equal_macro,
rule,222537,7,primary,canonical,0,1,1,011,0.9999166666666668,1.0,equal_macro,
rule,222537,7,primary,canonical,1,0,0,100,0.058249999999999996,0.2816666666666667,equal_macro,
rule,222537,7,primary,canonical,1,0,1,101,0.04533333333333333,0.7681666666666667,equal_macro,
rule,222537,7,primary,canonical,1,1,0,110,0.06141666666666667,0.23841666666666667,equal_macro,
rule,222537,7,primary,canonical,1,1,1,111,0.04475,0.768,equal_macro,
rule,222537,7,primary,shifted,0,0,0,000,0.9981666666666666,1.0,equal_macro,
rule,222537,7,primary,shifted,0,0,1,001,0.9988333333333335,1.0,equal_macro,
rule,222537,7,primary,shifted,0,1,0,010,0.9993333333333334,1.0,equal_macro,
rule,222537,7,primary,shifted,0,1,1,011,0.9996666666666667,1.0,equal_macro,
rule,222537,7,primary,shifted,1,0,0,100,0.059166666666666666,0.28049999999999997,equal_macro,
rule,222537,7,primary,shifted,1,0,1,101,0.04625,0.7645833333333334,equal_macro,
rule,222537,7,primary,shifted,1,1,0,110,0.06316666666666666,0.2365,equal_macro,
rule,222537,7,primary,shifted,1,1,1,111,0.04725,0.7671666666666668,equal_macro,
rule,222537,42,primary,canonical,0,0,0,000,0.9988333333333335,1.0,equal_macro,
rule,222537,42,primary,canonical,0,0,1,001,0.9991666666666668,1.0,equal_macro,
rule,222537,42,primary,canonical,0,1,0,010,0.9995833333333333,1.0,equal_macro,
rule,222537,42,primary,canonical,0,1,1,011,0.9998333333333334,1.0,equal_macro,
rule,222537,42,primary,canonical,1,0,0,100,0.05033333333333334,0.23075,equal_macro,
rule,222537,42,primary,canonical,1,0,1,101,0.04116666666666667,0.5961666666666667,equal_macro,
rule,222537,42,primary,canonical,1,1,0,110,0.05616666666666667,0.18641666666666667,equal_macro,
rule,222537,42,primary,canonical,1,1,1,111,0.045,0.5981666666666667,equal_macro,
rule,222537,42,primary,shifted,0,0,0,000,0.9979166666666668,1.0,equal_macro,
rule,222537,42,primary,shifted,0,0,1,001,0.9984999999999999,1.0,equal_macro,
rule,222537,42,primary,shifted,0,1,0,010,0.9993333333333334,1.0,equal_macro,
rule,222537,42,primary,shifted,0,1,1,011,0.9995,1.0,equal_macro,
rule,222537,42,primary,shifted,1,0,0,100,0.0505,0.22899999999999998,equal_macro,
rule,222537,42,primary,shifted,1,0,1,101,0.041499999999999995,0.5960000000000001,equal_macro,
rule,222537,42,primary,shifted,1,1,0,110,0.05658333333333333,0.187,equal_macro,
rule,222537,42,primary,shifted,1,1,1,111,0.044583333333333336,0.5979166666666667,equal_macro,
rule,222537,123,primary,canonical,0,0,0,000,0.9990833333333333,1.0,equal_macro,
rule,222537,123,primary,canonical,0,0,1,001,0.9995,1.0,equal_macro,
rule,222537,123,primary,canonical,0,1,0,010,0.9996666666666667,1.0,equal_macro,
rule,222537,123,primary,canonical,0,1,1,011,0.9998333333333334,1.0,equal_macro,
rule,222537,123,primary,canonical,1,0,0,100,0.07675,0.3314166666666667,equal_macro,
rule,222537,123,primary,canonical,1,0,1,101,0.03666666666666667,0.7705,equal_macro,
rule,222537,123,primary,canonical,1,1,0,110,0.09525,0.3114166666666667,equal_macro,
rule,222537,123,primary,canonical,1,1,1,111,0.03883333333333334,0.7891666666666667,equal_macro,
rule,222537,123,primary,shifted,0,0,0,000,0.9979166666666666,1.0,equal_macro,
rule,222537,123,primary,shifted,0,0,1,001,0.9989166666666667,1.0,equal_macro,
rule,222537,123,primary,shifted,0,1,0,010,0.9991666666666668,1.0,equal_macro,
rule,222537,123,primary,shifted,0,1,1,011,0.9995,1.0,equal_macro,
rule,222537,123,primary,shifted,1,0,0,100,0.08183333333333333,0.33566666666666667,equal_macro,
rule,222537,123,primary,shifted,1,0,1,101,0.03641666666666667,0.7730000000000001,equal_macro,
rule,222537,123,primary,shifted,1,1,0,110,0.10408333333333333,0.31666666666666665,equal_macro,
rule,222537,123,primary,shifted,1,1,1,111,0.03875,0.7908333333333333,equal_macro,
rule,222537,2026,primary,canonical,0,0,0,000,0.9987500000000001,1.0,equal_macro,
rule,222537,2026,primary,canonical,0,0,1,001,0.9991666666666668,1.0,equal_macro,
rule,222537,2026,primary,canonical,0,1,0,010,0.9995,1.0,equal_macro,
rule,222537,2026,primary,canonical,0,1,1,011,0.9999166666666668,1.0,equal_macro,
rule,222537,2026,primary,canonical,1,0,0,100,0.07616666666666666,0.28058333333333335,equal_macro,
rule,222537,2026,primary,canonical,1,0,1,101,0.03208333333333333,0.6539999999999999,equal_macro,
rule,222537,2026,primary,canonical,1,1,0,110,0.08658333333333333,0.24375000000000002,equal_macro,
rule,222537,2026,primary,canonical,1,1,1,111,0.035416666666666666,0.659,equal_macro,
rule,222537,2026,primary,shifted,0,0,0,000,0.9973333333333334,1.0,equal_macro,
rule,222537,2026,primary,shifted,0,0,1,001,0.99875,1.0,equal_macro,
rule,222537,2026,primary,shifted,0,1,0,010,0.9991666666666668,1.0,equal_macro,
rule,222537,2026,primary,shifted,0,1,1,011,0.9995833333333333,1.0,equal_macro,
rule,222537,2026,primary,shifted,1,0,0,100,0.077,0.2808333333333333,equal_macro,
rule,222537,2026,primary,shifted,1,0,1,101,0.03325,0.6553333333333333,equal_macro,
rule,222537,2026,primary,shifted,1,1,0,110,0.0895,0.24533333333333335,equal_macro,
rule,222537,2026,primary,shifted,1,1,1,111,0.03675,0.6605833333333333,equal_macro,
rule,222537,3407,primary,canonical,0,0,0,000,0.9991666666666668,1.0,equal_macro,
rule,222537,3407,primary,canonical,0,0,1,001,0.9995,1.0,equal_macro,
rule,222537,3407,primary,canonical,0,1,0,010,0.9995833333333333,1.0,equal_macro,
rule,222537,3407,primary,canonical,0,1,1,011,0.9998333333333334,1.0,equal_macro,
rule,222537,3407,primary,canonical,1,0,0,100,0.09108333333333334,0.36191666666666666,equal_macro,
rule,222537,3407,primary,canonical,1,0,1,101,0.04733333333333333,0.78925,equal_macro,
rule,222537,3407,primary,canonical,1,1,0,110,0.10433333333333333,0.32891666666666663,equal_macro,
rule,222537,3407,primary,canonical,1,1,1,111,0.04808333333333334,0.8066666666666666,equal_macro,
rule,222537,3407,primary,shifted,0,0,0,000,0.9980833333333334,1.0,equal_macro,
rule,222537,3407,primary,shifted,0,0,1,001,0.9988333333333335,1.0,equal_macro,
rule,222537,3407,primary,shifted,0,1,0,010,0.9993333333333334,1.0,equal_macro,
rule,222537,3407,primary,shifted,0,1,1,011,0.9995833333333333,1.0,equal_macro,
rule,222537,3407,primary,shifted,1,0,0,100,0.09458333333333334,0.3595,equal_macro,
rule,222537,3407,primary,shifted,1,0,1,101,0.05066666666666666,0.7907500000000001,equal_macro,
rule,222537,3407,primary,shifted,1,1,0,110,0.10816666666666666,0.32866666666666666,equal_macro,
rule,222537,3407,primary,shifted,1,1,1,111,0.05225,0.8093333333333335,equal_macro,
rule,271828,7,bridge_sensitivity,canonical,0,0,0,000,0.9986666666666668,1.0,equal_macro,
rule,271828,7,bridge_sensitivity,canonical,0,0,1,001,0.9994166666666666,1.0,equal_macro,
rule,271828,7,bridge_sensitivity,canonical,0,1,0,010,0.9995833333333333,1.0,equal_macro,
rule,271828,7,bridge_sensitivity,canonical,0,1,1,011,0.9998333333333334,1.0,equal_macro,
rule,271828,7,bridge_sensitivity,canonical,1,0,0,100,0.07791666666666666,0.2846666666666667,equal_macro,
rule,271828,7,bridge_sensitivity,canonical,1,0,1,101,0.058333333333333334,0.6933333333333334,equal_macro,
rule,271828,7,bridge_sensitivity,canonical,1,1,0,110,0.089,0.25333333333333335,equal_macro,
rule,271828,7,bridge_sensitivity,canonical,1,1,1,111,0.058833333333333335,0.6944166666666667,equal_macro,
rule,271828,7,bridge_sensitivity,shifted,0,0,0,000,0.9978333333333333,1.0,equal_macro,
rule,271828,7,bridge_sensitivity,shifted,0,0,1,001,0.9989166666666667,1.0,equal_macro,
rule,271828,7,bridge_sensitivity,shifted,0,1,0,010,0.9990833333333333,1.0,equal_macro,
rule,271828,7,bridge_sensitivity,shifted,0,1,1,011,0.9996666666666667,1.0,equal_macro,
rule,271828,7,bridge_sensitivity,shifted,1,0,0,100,0.079,0.28491666666666665,equal_macro,
rule,271828,7,bridge_sensitivity,shifted,1,0,1,101,0.06166666666666667,0.6950833333333333,equal_macro,
rule,271828,7,bridge_sensitivity,shifted,1,1,0,110,0.09175,0.25658333333333333,equal_macro,
rule,271828,7,bridge_sensitivity,shifted,1,1,1,111,0.06383333333333333,0.6985,equal_macro,
rule,271828,42,bridge_sensitivity,canonical,0,0,0,000,0.9990000000000001,1.0,equal_macro,
rule,271828,42,bridge_sensitivity,canonical,0,0,1,001,0.9993333333333334,1.0,equal_macro,
rule,271828,42,bridge_sensitivity,canonical,0,1,0,010,0.9995833333333333,1.0,equal_macro,
rule,271828,42,bridge_sensitivity,canonical,0,1,1,011,0.9998333333333334,1.0,equal_macro,
rule,271828,42,bridge_sensitivity,canonical,1,0,0,100,0.05866666666666667,0.23908333333333337,equal_macro,
rule,271828,42,bridge_sensitivity,canonical,1,0,1,101,0.05475,0.7395,equal_macro,
rule,271828,42,bridge_sensitivity,canonical,1,1,0,110,0.07725,0.21808333333333332,equal_macro,
rule,271828,42,bridge_sensitivity,canonical,1,1,1,111,0.05675,0.7350833333333333,equal_macro,
rule,271828,42,bridge_sensitivity,shifted,0,0,0,000,0.9974166666666666,1.0,equal_macro,
rule,271828,42,bridge_sensitivity,shifted,0,0,1,001,0.9986666666666666,1.0,equal_macro,
rule,271828,42,bridge_sensitivity,shifted,0,1,0,010,0.9993333333333334,1.0,equal_macro,
rule,271828,42,bridge_sensitivity,shifted,0,1,1,011,0.9995833333333333,1.0,equal_macro,
rule,271828,42,bridge_sensitivity,shifted,1,0,0,100,0.06158333333333334,0.23966666666666667,equal_macro,
rule,271828,42,bridge_sensitivity,shifted,1,0,1,101,0.06191666666666666,0.7406666666666666,equal_macro,
rule,271828,42,bridge_sensitivity,shifted,1,1,0,110,0.0835,0.222,equal_macro,
rule,271828,42,bridge_sensitivity,shifted,1,1,1,111,0.06475,0.7344166666666666,equal_macro,
rule,271828,123,bridge_sensitivity,canonical,0,0,0,000,0.9989999999999999,1.0,equal_macro,
rule,271828,123,bridge_sensitivity,canonical,0,0,1,001,0.9993333333333334,1.0,equal_macro,
rule,271828,123,bridge_sensitivity,canonical,0,1,0,010,0.9996666666666667,1.0,equal_macro,
rule,271828,123,bridge_sensitivity,canonical,0,1,1,011,0.9997499999999999,1.0,equal_macro,
rule,271828,123,bridge_sensitivity,canonical,1,0,0,100,0.057916666666666665,0.265,equal_macro,
rule,271828,123,bridge_sensitivity,canonical,1,0,1,101,0.041833333333333333,0.7734166666666666,equal_macro,
rule,271828,123,bridge_sensitivity,canonical,1,1,0,110,0.07158333333333333,0.22949999999999998,equal_macro,
rule,271828,123,bridge_sensitivity,canonical,1,1,1,111,0.043333333333333335,0.7701666666666667,equal_macro,
rule,271828,123,bridge_sensitivity,shifted,0,0,0,000,0.9979166666666666,1.0,equal_macro,
rule,271828,123,bridge_sensitivity,shifted,0,0,1,001,0.9988333333333332,1.0,equal_macro,
rule,271828,123,bridge_sensitivity,shifted,0,1,0,010,0.99925,1.0,equal_macro,
rule,271828,123,bridge_sensitivity,shifted,0,1,1,011,0.9995833333333333,1.0,equal_macro,
rule,271828,123,bridge_sensitivity,shifted,1,0,0,100,0.057583333333333334,0.2639166666666667,equal_macro,
rule,271828,123,bridge_sensitivity,shifted,1,0,1,101,0.04275,0.77675,equal_macro,
rule,271828,123,bridge_sensitivity,shifted,1,1,0,110,0.07275000000000001,0.2290833333333333,equal_macro,
rule,271828,123,bridge_sensitivity,shifted,1,1,1,111,0.044083333333333335,0.77325,equal_macro,
rule,271828,2026,bridge_sensitivity,canonical,0,0,0,000,0.9988333333333332,1.0,equal_macro,
rule,271828,2026,bridge_sensitivity,canonical,0,0,1,001,0.99925,1.0,equal_macro,
rule,271828,2026,bridge_sensitivity,canonical,0,1,0,010,0.9996666666666667,1.0,equal_macro,
rule,271828,2026,bridge_sensitivity,canonical,0,1,1,011,0.9997499999999999,1.0,equal_macro,
rule,271828,2026,bridge_sensitivity,canonical,1,0,0,100,0.0375,0.19974999999999998,equal_macro,
rule,271828,2026,bridge_sensitivity,canonical,1,0,1,101,0.04025,0.64375,equal_macro,
rule,271828,2026,bridge_sensitivity,canonical,1,1,0,110,0.04058333333333333,0.15975,equal_macro,
rule,271828,2026,bridge_sensitivity,canonical,1,1,1,111,0.03925,0.6445833333333334,equal_macro,
rule,271828,2026,bridge_sensitivity,shifted,0,0,0,000,0.998,1.0,equal_macro,
rule,271828,2026,bridge_sensitivity,shifted,0,0,1,001,0.9989166666666667,1.0,equal_macro,
rule,271828,2026,bridge_sensitivity,shifted,0,1,0,010,0.9990833333333333,1.0,equal_macro,
rule,271828,2026,bridge_sensitivity,shifted,0,1,1,011,0.9995833333333333,1.0,equal_macro,
rule,271828,2026,bridge_sensitivity,shifted,1,0,0,100,0.03858333333333333,0.20258333333333334,equal_macro,
rule,271828,2026,bridge_sensitivity,shifted,1,0,1,101,0.041833333333333333,0.6475833333333334,equal_macro,
rule,271828,2026,bridge_sensitivity,shifted,1,1,0,110,0.04216666666666666,0.16183333333333333,equal_macro,
rule,271828,2026,bridge_sensitivity,shifted,1,1,1,111,0.042416666666666665,0.6493333333333333,equal_macro,
rule,271828,3407,bridge_sensitivity,canonical,0,0,0,000,0.9989166666666667,1.0,equal_macro,
rule,271828,3407,bridge_sensitivity,canonical,0,0,1,001,0.9989999999999999,1.0,equal_macro,
rule,271828,3407,bridge_sensitivity,canonical,0,1,0,010,0.9995833333333333,1.0,equal_macro,
rule,271828,3407,bridge_sensitivity,canonical,0,1,1,011,0.9997499999999999,1.0,equal_macro,
rule,271828,3407,bridge_sensitivity,canonical,1,0,0,100,0.13433333333333333,0.3154166666666667,equal_macro,
rule,271828,3407,bridge_sensitivity,canonical,1,0,1,101,0.05733333333333333,0.6085833333333334,equal_macro,
rule,271828,3407,bridge_sensitivity,canonical,1,1,0,110,0.14350000000000002,0.27041666666666664,equal_macro,
rule,271828,3407,bridge_sensitivity,canonical,1,1,1,111,0.0695,0.5934999999999999,equal_macro,
rule,271828,3407,bridge_sensitivity,shifted,0,0,0,000,0.998,1.0,equal_macro,
rule,271828,3407,bridge_sensitivity,shifted,0,0,1,001,0.9985833333333334,1.0,equal_macro,
rule,271828,3407,bridge_sensitivity,shifted,0,1,0,010,0.9990833333333333,1.0,equal_macro,
rule,271828,3407,bridge_sensitivity,shifted,0,1,1,011,0.9993333333333334,1.0,equal_macro,
rule,271828,3407,bridge_sensitivity,shifted,1,0,0,100,0.13658333333333333,0.31975,equal_macro,
rule,271828,3407,bridge_sensitivity,shifted,1,0,1,101,0.05825,0.6124166666666666,equal_macro,
rule,271828,3407,bridge_sensitivity,shifted,1,1,0,110,0.14625000000000002,0.27316666666666667,equal_macro,
rule,271828,3407,bridge_sensitivity,shifted,1,1,1,111,0.07208333333333333,0.5992500000000001,equal_macro,
rule,298581,7,primary,canonical,0,0,0,000,0.9988333333333332,1.0,equal_macro,
rule,298581,7,primary,canonical,0,0,1,001,0.9990833333333334,1.0,equal_macro,
rule,298581,7,primary,canonical,0,1,0,010,0.9995,1.0,equal_macro,
rule,298581,7,primary,canonical,0,1,1,011,0.9996666666666667,1.0,equal_macro,
rule,298581,7,primary,canonical,1,0,0,100,0.14933333333333335,0.35508333333333336,equal_macro,
rule,298581,7,primary,canonical,1,0,1,101,0.0645,0.7309166666666667,equal_macro,
rule,298581,7,primary,canonical,1,1,0,110,0.1496666666666667,0.30358333333333337,equal_macro,
rule,298581,7,primary,canonical,1,1,1,111,0.07016666666666665,0.7424166666666667,equal_macro,
rule,298581,7,primary,shifted,0,0,0,000,0.9979166666666668,1.0,equal_macro,
rule,298581,7,primary,shifted,0,0,1,001,0.9987500000000001,1.0,equal_macro,
rule,298581,7,primary,shifted,0,1,0,010,0.9989166666666668,1.0,equal_macro,
rule,298581,7,primary,shifted,0,1,1,011,0.9991666666666668,1.0,equal_macro,
rule,298581,7,primary,shifted,1,0,0,100,0.141,0.35158333333333336,equal_macro,
rule,298581,7,primary,shifted,1,0,1,101,0.06483333333333333,0.7361666666666667,equal_macro,
rule,298581,7,primary,shifted,1,1,0,110,0.1423333333333333,0.29966666666666664,equal_macro,
rule,298581,7,primary,shifted,1,1,1,111,0.06966666666666667,0.7479166666666668,equal_macro,
rule,298581,42,primary,canonical,0,0,0,000,0.9990000000000001,1.0,equal_macro,
rule,298581,42,primary,canonical,0,0,1,001,0.99925,1.0,equal_macro,
rule,298581,42,primary,canonical,0,1,0,010,0.9995833333333333,1.0,equal_macro,
rule,298581,42,primary,canonical,0,1,1,011,0.9997499999999999,1.0,equal_macro,
rule,298581,42,primary,canonical,1,0,0,100,0.14191666666666666,0.33125000000000004,equal_macro,
rule,298581,42,primary,canonical,1,0,1,101,0.15125,0.5998333333333333,equal_macro,
rule,298581,42,primary,canonical,1,1,0,110,0.17175,0.30725,equal_macro,
rule,298581,42,primary,canonical,1,1,1,111,0.1701666666666667,0.5763333333333334,equal_macro,
rule,298581,42,primary,shifted,0,0,0,000,0.9971666666666668,1.0,equal_macro,
rule,298581,42,primary,shifted,0,0,1,001,0.9984166666666667,1.0,equal_macro,
rule,298581,42,primary,shifted,0,1,0,010,0.9989166666666667,1.0,equal_macro,
rule,298581,42,primary,shifted,0,1,1,011,0.9996666666666667,1.0,equal_macro,
rule,298581,42,primary,shifted,1,0,0,100,0.14516666666666667,0.33366666666666667,equal_macro,
rule,298581,42,primary,shifted,1,0,1,101,0.16141666666666665,0.61175,equal_macro,
rule,298581,42,primary,shifted,1,1,0,110,0.17391666666666666,0.31025,equal_macro,
rule,298581,42,primary,shifted,1,1,1,111,0.17541666666666667,0.5830833333333334,equal_macro,
rule,298581,123,primary,canonical,0,0,0,000,0.9988333333333332,1.0,equal_macro,
rule,298581,123,primary,canonical,0,0,1,001,0.9991666666666668,1.0,equal_macro,
rule,298581,123,primary,canonical,0,1,0,010,0.9995833333333333,1.0,equal_macro,
rule,298581,123,primary,canonical,0,1,1,011,0.9997499999999999,1.0,equal_macro,
rule,298581,123,primary,canonical,1,0,0,100,0.086,0.32208333333333333,equal_macro,
rule,298581,123,primary,canonical,1,0,1,101,0.052500000000000005,0.7445,equal_macro,
rule,298581,123,primary,canonical,1,1,0,110,0.09516666666666666,0.28175,equal_macro,
rule,298581,123,primary,canonical,1,1,1,111,0.05575000000000001,0.7818333333333334,equal_macro,
rule,298581,123,primary,shifted,0,0,0,000,0.9977499999999999,1.0,equal_macro,
rule,298581,123,primary,shifted,0,0,1,001,0.9988333333333335,1.0,equal_macro,
rule,298581,123,primary,shifted,0,1,0,010,0.9988333333333332,1.0,equal_macro,
rule,298581,123,primary,shifted,0,1,1,011,0.9995,1.0,equal_macro,
rule,298581,123,primary,shifted,1,0,0,100,0.08466666666666667,0.32025000000000003,equal_macro,
rule,298581,123,primary,shifted,1,0,1,101,0.05166666666666667,0.7494999999999999,equal_macro,
rule,298581,123,primary,shifted,1,1,0,110,0.09408333333333334,0.27974999999999994,equal_macro,
rule,298581,123,primary,shifted,1,1,1,111,0.05475000000000001,0.7860833333333332,equal_macro,
rule,298581,2026,primary,canonical,0,0,0,000,0.9989166666666667,1.0,equal_macro,
rule,298581,2026,primary,canonical,0,0,1,001,0.99925,1.0,equal_macro,
rule,298581,2026,primary,canonical,0,1,0,010,0.9995833333333333,1.0,equal_macro,
rule,298581,2026,primary,canonical,0,1,1,011,0.9997499999999999,1.0,equal_macro,
rule,298581,2026,primary,canonical,1,0,0,100,0.04408333333333333,0.22825,equal_macro,
rule,298581,2026,primary,canonical,1,0,1,101,0.04058333333333333,0.7895833333333333,equal_macro,
rule,298581,2026,primary,canonical,1,1,0,110,0.05483333333333333,0.1975,equal_macro,
rule,298581,2026,primary,canonical,1,1,1,111,0.044,0.7844166666666668,equal_macro,
rule,298581,2026,primary,shifted,0,0,0,000,0.9978333333333333,1.0,equal_macro,
rule,298581,2026,primary,shifted,0,0,1,001,0.99875,1.0,equal_macro,
rule,298581,2026,primary,shifted,0,1,0,010,0.99925,1.0,equal_macro,
rule,298581,2026,primary,shifted,0,1,1,011,0.9995,1.0,equal_macro,
rule,298581,2026,primary,shifted,1,0,0,100,0.044083333333333335,0.23075,equal_macro,
rule,298581,2026,primary,shifted,1,0,1,101,0.04225,0.7971666666666668,equal_macro,
rule,298581,2026,primary,shifted,1,1,0,110,0.05449999999999999,0.19975000000000004,equal_macro,
rule,298581,2026,primary,shifted,1,1,1,111,0.04808333333333334,0.7921666666666667,equal_macro,
rule,298581,3407,primary,canonical,0,0,0,000,0.9991666666666668,1.0,equal_macro,
rule,298581,3407,primary,canonical,0,0,1,001,0.9991666666666668,1.0,equal_macro,
rule,298581,3407,primary,canonical,0,1,0,010,0.9995833333333333,1.0,equal_macro,
rule,298581,3407,primary,canonical,0,1,1,011,0.9998333333333334,1.0,equal_macro,
rule,298581,3407,primary,canonical,1,0,0,100,0.09858333333333334,0.32349999999999995,equal_macro,
rule,298581,3407,primary,canonical,1,0,1,101,0.05283333333333333,0.8700833333333333,equal_macro,
rule,298581,3407,primary,canonical,1,1,0,110,0.114,0.2876666666666666,equal_macro,
rule,298581,3407,primary,canonical,1,1,1,111,0.05366666666666667,0.8854166666666666,equal_macro,
rule,298581,3407,primary,shifted,0,0,0,000,0.9980833333333334,1.0,equal_macro,
rule,298581,3407,primary,shifted,0,0,1,001,0.99875,1.0,equal_macro,
rule,298581,3407,primary,shifted,0,1,0,010,0.99925,1.0,equal_macro,
rule,298581,3407,primary,shifted,0,1,1,011,0.9993333333333334,1.0,equal_macro,
rule,298581,3407,primary,shifted,1,0,0,100,0.10266666666666666,0.3268333333333333,equal_macro,
rule,298581,3407,primary,shifted,1,0,1,101,0.05516666666666667,0.8752500000000001,equal_macro,
rule,298581,3407,primary,shifted,1,1,0,110,0.11816666666666667,0.2916666666666667,equal_macro,
rule,298581,3407,primary,shifted,1,1,1,111,0.05608333333333333,0.8893333333333333,equal_macro,
rule,415637,7,primary,canonical,0,0,0,000,0.9991666666666668,1.0,equal_macro,
rule,415637,7,primary,canonical,0,0,1,001,0.9993333333333334,1.0,equal_macro,
rule,415637,7,primary,canonical,0,1,0,010,0.9996666666666667,1.0,equal_macro,
rule,415637,7,primary,canonical,0,1,1,011,0.9998333333333334,1.0,equal_macro,
rule,415637,7,primary,canonical,1,0,0,100,0.08374999999999999,0.19541666666666668,equal_macro,
rule,415637,7,primary,canonical,1,0,1,101,0.05333333333333333,0.525,equal_macro,
rule,415637,7,primary,canonical,1,1,0,110,0.09516666666666666,0.17075,equal_macro,
rule,415637,7,primary,canonical,1,1,1,111,0.05658333333333333,0.5014166666666666,equal_macro,
rule,415637,7,primary,shifted,0,0,0,000,0.9982500000000001,1.0,equal_macro,
rule,415637,7,primary,shifted,0,0,1,001,0.9988333333333335,1.0,equal_macro,
rule,415637,7,primary,shifted,0,1,0,010,0.99925,1.0,equal_macro,
rule,415637,7,primary,shifted,0,1,1,011,0.9995,1.0,equal_macro,
rule,415637,7,primary,shifted,1,0,0,100,0.08366666666666667,0.19666666666666666,equal_macro,
rule,415637,7,primary,shifted,1,0,1,101,0.05416666666666667,0.532,equal_macro,
rule,415637,7,primary,shifted,1,1,0,110,0.09575,0.17225000000000001,equal_macro,
rule,415637,7,primary,shifted,1,1,1,111,0.05616666666666666,0.5083333333333333,equal_macro,
rule,415637,42,primary,canonical,0,0,0,000,0.9989166666666667,1.0,equal_macro,
rule,415637,42,primary,canonical,0,0,1,001,0.9991666666666668,1.0,equal_macro,
rule,415637,42,primary,canonical,0,1,0,010,0.9995833333333335,1.0,equal_macro,
rule,415637,42,primary,canonical,0,1,1,011,0.9998333333333335,1.0,equal_macro,
rule,415637,42,primary,canonical,1,0,0,100,0.09883333333333333,0.28125,equal_macro,
rule,415637,42,primary,canonical,1,0,1,101,0.0685,0.5440833333333334,equal_macro,
rule,415637,42,primary,canonical,1,1,0,110,0.11374999999999999,0.2510833333333333,equal_macro,
rule,415637,42,primary,canonical,1,1,1,111,0.06816666666666667,0.5138333333333334,equal_macro,
rule,415637,42,primary,shifted,0,0,0,000,0.9971666666666668,1.0,equal_macro,
rule,415637,42,primary,shifted,0,0,1,001,0.9987500000000001,1.0,equal_macro,
rule,415637,42,primary,shifted,0,1,0,010,0.9990000000000001,1.0,equal_macro,
rule,415637,42,primary,shifted,0,1,1,011,0.9995833333333335,1.0,equal_macro,
rule,415637,42,primary,shifted,1,0,0,100,0.10166666666666666,0.28425,equal_macro,
rule,415637,42,primary,shifted,1,0,1,101,0.06825,0.54625,equal_macro,
rule,415637,42,primary,shifted,1,1,0,110,0.11383333333333334,0.24991666666666668,equal_macro,
rule,415637,42,primary,shifted,1,1,1,111,0.06833333333333333,0.5133333333333333,equal_macro,
rule,415637,123,primary,canonical,0,0,0,000,0.9988333333333335,1.0,equal_macro,
rule,415637,123,primary,canonical,0,0,1,001,0.9995,1.0,equal_macro,
rule,415637,123,primary,canonical,0,1,0,010,0.9996666666666667,1.0,equal_macro,
rule,415637,123,primary,canonical,0,1,1,011,0.9999166666666668,1.0,equal_macro,
rule,415637,123,primary,canonical,1,0,0,100,0.09983333333333333,0.28733333333333333,equal_macro,
rule,415637,123,primary,canonical,1,0,1,101,0.09541666666666666,0.56125,equal_macro,
rule,415637,123,primary,canonical,1,1,0,110,0.1135,0.24641666666666667,equal_macro,
rule,415637,123,primary,canonical,1,1,1,111,0.11750000000000001,0.5549999999999999,equal_macro,
rule,415637,123,primary,shifted,0,0,0,000,0.9978333333333333,1.0,equal_macro,
rule,415637,123,primary,shifted,0,0,1,001,0.9985833333333334,1.0,equal_macro,
rule,415637,123,primary,shifted,0,1,0,010,0.9990833333333333,1.0,equal_macro,
rule,415637,123,primary,shifted,0,1,1,011,0.9995833333333333,1.0,equal_macro,
rule,415637,123,primary,shifted,1,0,0,100,0.0995,0.28600000000000003,equal_macro,
rule,415637,123,primary,shifted,1,0,1,101,0.09899999999999999,0.5734999999999999,equal_macro,
rule,415637,123,primary,shifted,1,1,0,110,0.11408333333333334,0.24708333333333332,equal_macro,
rule,415637,123,primary,shifted,1,1,1,111,0.12016666666666667,0.56775,equal_macro,
rule,415637,2026,primary,canonical,0,0,0,000,0.9985833333333334,1.0,equal_macro,
rule,415637,2026,primary,canonical,0,0,1,001,0.9991666666666668,1.0,equal_macro,
rule,415637,2026,primary,canonical,0,1,0,010,0.9995,1.0,equal_macro,
rule,415637,2026,primary,canonical,0,1,1,011,0.9997499999999999,1.0,equal_macro,
rule,415637,2026,primary,canonical,1,0,0,100,0.1985,0.4031666666666667,equal_macro,
rule,415637,2026,primary,canonical,1,0,1,101,0.058833333333333335,0.8120833333333333,equal_macro,
rule,415637,2026,primary,canonical,1,1,0,110,0.20566666666666666,0.3615833333333333,equal_macro,
rule,415637,2026,primary,canonical,1,1,1,111,0.06525,0.7956666666666667,equal_macro,
rule,415637,2026,primary,shifted,0,0,0,000,0.99725,1.0,equal_macro,
rule,415637,2026,primary,shifted,0,0,1,001,0.99875,1.0,equal_macro,
rule,415637,2026,primary,shifted,0,1,0,010,0.9990000000000001,1.0,equal_macro,
rule,415637,2026,primary,shifted,0,1,1,011,0.9993333333333334,1.0,equal_macro,
rule,415637,2026,primary,shifted,1,0,0,100,0.20225,0.4044166666666667,equal_macro,
rule,415637,2026,primary,shifted,1,0,1,101,0.062,0.8164166666666668,equal_macro,
rule,415637,2026,primary,shifted,1,1,0,110,0.21075,0.3648333333333333,equal_macro,
rule,415637,2026,primary,shifted,1,1,1,111,0.06891666666666667,0.8025,equal_macro,
rule,415637,3407,primary,canonical,0,0,0,000,0.9986666666666666,1.0,equal_macro,
rule,415637,3407,primary,canonical,0,0,1,001,0.9993333333333334,1.0,equal_macro,
rule,415637,3407,primary,canonical,0,1,0,010,0.9996666666666667,1.0,equal_macro,
rule,415637,3407,primary,canonical,0,1,1,011,0.9995833333333333,1.0,equal_macro,
rule,415637,3407,primary,canonical,1,0,0,100,0.04083333333333333,0.19716666666666666,equal_macro,
rule,415637,3407,primary,canonical,1,0,1,101,0.03808333333333333,0.5285,equal_macro,
rule,415637,3407,primary,canonical,1,1,0,110,0.0455,0.16033333333333333,equal_macro,
rule,415637,3407,primary,canonical,1,1,1,111,0.039749999999999994,0.5200833333333333,equal_macro,
rule,415637,3407,primary,shifted,0,0,0,000,0.9976666666666667,1.0,equal_macro,
rule,415637,3407,primary,shifted,0,0,1,001,0.9986666666666666,1.0,equal_macro,
rule,415637,3407,primary,shifted,0,1,0,010,0.9991666666666668,1.0,equal_macro,
rule,415637,3407,primary,shifted,0,1,1,011,0.9994166666666666,1.0,equal_macro,
rule,415637,3407,primary,shifted,1,0,0,100,0.041166666666666664,0.19525000000000003,equal_macro,
rule,415637,3407,primary,shifted,1,0,1,101,0.03925,0.5265,equal_macro,
rule,415637,3407,primary,shifted,1,1,0,110,0.044,0.15791666666666668,equal_macro,
rule,415637,3407,primary,shifted,1,1,1,111,0.04133333333333333,0.5178333333333334,equal_macro,
rule,457191,7,primary,canonical,0,0,0,000,0.99925,1.0,equal_macro,
rule,457191,7,primary,canonical,0,0,1,001,0.99925,1.0,equal_macro,
rule,457191,7,primary,canonical,0,1,0,010,0.9996666666666667,1.0,equal_macro,
rule,457191,7,primary,canonical,0,1,1,011,0.9996666666666667,1.0,equal_macro,
rule,457191,7,primary,canonical,1,0,0,100,0.21133333333333332,0.37649999999999995,equal_macro,
rule,457191,7,primary,canonical,1,0,1,101,0.26058333333333333,0.7360833333333334,equal_macro,
rule,457191,7,primary,canonical,1,1,0,110,0.23016666666666663,0.363,equal_macro,
rule,457191,7,primary,canonical,1,1,1,111,0.27608333333333335,0.7209166666666667,equal_macro,
rule,457191,7,primary,shifted,0,0,0,000,0.9982500000000001,1.0,equal_macro,
rule,457191,7,primary,shifted,0,0,1,001,0.99875,1.0,equal_macro,
rule,457191,7,primary,shifted,0,1,0,010,0.9990000000000001,1.0,equal_macro,
rule,457191,7,primary,shifted,0,1,1,011,0.9993333333333334,1.0,equal_macro,
rule,457191,7,primary,shifted,1,0,0,100,0.21041666666666664,0.37575000000000003,equal_macro,
rule,457191,7,primary,shifted,1,0,1,101,0.2663333333333333,0.7408333333333332,equal_macro,
rule,457191,7,primary,shifted,1,1,0,110,0.23324999999999999,0.36491666666666667,equal_macro,
rule,457191,7,primary,shifted,1,1,1,111,0.2815833333333333,0.7265833333333334,equal_macro,
rule,457191,42,primary,canonical,0,0,0,000,0.9990000000000001,1.0,equal_macro,
rule,457191,42,primary,canonical,0,0,1,001,0.99925,1.0,equal_macro,
rule,457191,42,primary,canonical,0,1,0,010,0.9995,1.0,equal_macro,
rule,457191,42,primary,canonical,0,1,1,011,0.9997500000000001,1.0,equal_macro,
rule,457191,42,primary,canonical,1,0,0,100,0.18158333333333335,0.38941666666666663,equal_macro,
rule,457191,42,primary,canonical,1,0,1,101,0.2033333333333333,0.7622499999999999,equal_macro,
rule,457191,42,primary,canonical,1,1,0,110,0.20408333333333334,0.36541666666666667,equal_macro,
rule,457191,42,primary,canonical,1,1,1,111,0.21433333333333332,0.7589999999999999,equal_macro,
rule,457191,42,primary,shifted,0,0,0,000,0.9978333333333333,1.0,equal_macro,
rule,457191,42,primary,shifted,0,0,1,001,0.99875,1.0,equal_macro,
rule,457191,42,primary,shifted,0,1,0,010,0.9990833333333334,1.0,equal_macro,
rule,457191,42,primary,shifted,0,1,1,011,0.9995,1.0,equal_macro,
rule,457191,42,primary,shifted,1,0,0,100,0.18033333333333335,0.38841666666666663,equal_macro,
rule,457191,42,primary,shifted,1,0,1,101,0.20775000000000002,0.76575,equal_macro,
rule,457191,42,primary,shifted,1,1,0,110,0.20208333333333334,0.36391666666666667,equal_macro,
rule,457191,42,primary,shifted,1,1,1,111,0.21900000000000003,0.7623333333333333,equal_macro,
rule,457191,123,primary,canonical,0,0,0,000,0.9988333333333335,1.0,equal_macro,
rule,457191,123,primary,canonical,0,0,1,001,0.9991666666666668,1.0,equal_macro,
rule,457191,123,primary,canonical,0,1,0,010,0.9996666666666667,1.0,equal_macro,
rule,457191,123,primary,canonical,0,1,1,011,0.9997499999999999,1.0,equal_macro,
rule,457191,123,primary,canonical,1,0,0,100,0.09108333333333334,0.267,equal_macro,
rule,457191,123,primary,canonical,1,0,1,101,0.040499999999999994,0.592,equal_macro,
rule,457191,123,primary,canonical,1,1,0,110,0.10275,0.2345,equal_macro,
rule,457191,123,primary,canonical,1,1,1,111,0.042333333333333334,0.5863333333333333,equal_macro,
rule,457191,123,primary,shifted,0,0,0,000,0.9975833333333333,1.0,equal_macro,
rule,457191,123,primary,shifted,0,0,1,001,0.9990000000000001,1.0,equal_macro,
rule,457191,123,primary,shifted,0,1,0,010,0.9993333333333334,1.0,equal_macro,
rule,457191,123,primary,shifted,0,1,1,011,0.9995833333333333,1.0,equal_macro,
rule,457191,123,primary,shifted,1,0,0,100,0.09033333333333333,0.2633333333333333,equal_macro,
rule,457191,123,primary,shifted,1,0,1,101,0.042333333333333334,0.5959166666666667,equal_macro,
rule,457191,123,primary,shifted,1,1,0,110,0.10058333333333333,0.23049999999999998,equal_macro,
rule,457191,123,primary,shifted,1,1,1,111,0.042916666666666665,0.5895833333333333,equal_macro,
rule,457191,2026,primary,canonical,0,0,0,000,0.9990000000000001,1.0,equal_macro,
rule,457191,2026,primary,canonical,0,0,1,001,0.9991666666666668,1.0,equal_macro,
rule,457191,2026,primary,canonical,0,1,0,010,0.9995,1.0,equal_macro,
rule,457191,2026,primary,canonical,0,1,1,011,0.9997499999999999,1.0,equal_macro,
rule,457191,2026,primary,canonical,1,0,0,100,0.08958333333333333,0.2594166666666667,equal_macro,
rule,457191,2026,primary,canonical,1,0,1,101,0.05308333333333334,0.7558333333333334,equal_macro,
rule,457191,2026,primary,canonical,1,1,0,110,0.09141666666666666,0.22200000000000003,equal_macro,
rule,457191,2026,primary,canonical,1,1,1,111,0.04808333333333333,0.772,equal_macro,
rule,457191,2026,primary,shifted,0,0,0,000,0.9977499999999999,1.0,equal_macro,
rule,457191,2026,primary,shifted,0,0,1,001,0.99875,1.0,equal_macro,
rule,457191,2026,primary,shifted,0,1,0,010,0.9990833333333333,1.0,equal_macro,
rule,457191,2026,primary,shifted,0,1,1,011,0.9994166666666666,1.0,equal_macro,
rule,457191,2026,primary,shifted,1,0,0,100,0.08758333333333333,0.2566666666666667,equal_macro,
rule,457191,2026,primary,shifted,1,0,1,101,0.05366666666666667,0.756,equal_macro,
rule,457191,2026,primary,shifted,1,1,0,110,0.08858333333333333,0.21875,equal_macro,
rule,457191,2026,primary,shifted,1,1,1,111,0.04808333333333333,0.7713333333333334,equal_macro,
rule,457191,3407,primary,canonical,0,0,0,000,0.9988333333333332,1.0,equal_macro,
rule,457191,3407,primary,canonical,0,0,1,001,0.9994166666666666,1.0,equal_macro,
rule,457191,3407,primary,canonical,0,1,0,010,0.9995,1.0,equal_macro,
rule,457191,3407,primary,canonical,0,1,1,011,0.9997499999999999,1.0,equal_macro,
rule,457191,3407,primary,canonical,1,0,0,100,0.042249999999999996,0.19766666666666666,equal_macro,
rule,457191,3407,primary,canonical,1,0,1,101,0.04725,0.606,equal_macro,
rule,457191,3407,primary,canonical,1,1,0,110,0.04658333333333333,0.16016666666666668,equal_macro,
rule,457191,3407,primary,canonical,1,1,1,111,0.05416666666666667,0.5996666666666666,equal_macro,
rule,457191,3407,primary,shifted,0,0,0,000,0.9976666666666667,1.0,equal_macro,
rule,457191,3407,primary,shifted,0,0,1,001,0.9989166666666667,1.0,equal_macro,
rule,457191,3407,primary,shifted,0,1,0,010,0.9992500000000001,1.0,equal_macro,
rule,457191,3407,primary,shifted,0,1,1,011,0.9996666666666667,1.0,equal_macro,
rule,457191,3407,primary,shifted,1,0,0,100,0.042666666666666665,0.19708333333333333,equal_macro,
rule,457191,3407,primary,shifted,1,0,1,101,0.051666666666666666,0.6140833333333333,equal_macro,
rule,457191,3407,primary,shifted,1,1,0,110,0.04691666666666667,0.15991666666666665,equal_macro,
rule,457191,3407,primary,shifted,1,1,1,111,0.05741666666666667,0.6046666666666667,equal_macro,
rule,459336,7,primary,canonical,0,0,0,000,0.9990000000000001,1.0,equal_macro,
rule,459336,7,primary,canonical,0,0,1,001,0.9991666666666668,1.0,equal_macro,
rule,459336,7,primary,canonical,0,1,0,010,0.9995,1.0,equal_macro,
rule,459336,7,primary,canonical,0,1,1,011,0.9997500000000001,1.0,equal_macro,
rule,459336,7,primary,canonical,1,0,0,100,0.14049999999999999,0.40108333333333335,equal_macro,
rule,459336,7,primary,canonical,1,0,1,101,0.1255,0.8584999999999999,equal_macro,
rule,459336,7,primary,canonical,1,1,0,110,0.16308333333333336,0.372,equal_macro,
rule,459336,7,primary,canonical,1,1,1,111,0.11325,0.8504166666666668,equal_macro,
rule,459336,7,primary,shifted,0,0,0,000,0.9981666666666666,1.0,equal_macro,
rule,459336,7,primary,shifted,0,0,1,001,0.9988333333333335,1.0,equal_macro,
rule,459336,7,primary,shifted,0,1,0,010,0.9990000000000001,1.0,equal_macro,
rule,459336,7,primary,shifted,0,1,1,011,0.9994166666666667,1.0,equal_macro,
rule,459336,7,primary,shifted,1,0,0,100,0.14575,0.40549999999999997,equal_macro,
rule,459336,7,primary,shifted,1,0,1,101,0.1315,0.8644166666666666,equal_macro,
rule,459336,7,primary,shifted,1,1,0,110,0.1695,0.37875,equal_macro,
rule,459336,7,primary,shifted,1,1,1,111,0.12133333333333333,0.8551666666666666,equal_macro,
rule,459336,42,primary,canonical,0,0,0,000,0.9991666666666668,1.0,equal_macro,
rule,459336,42,primary,canonical,0,0,1,001,0.9994166666666666,1.0,equal_macro,
rule,459336,42,primary,canonical,0,1,0,010,0.9997499999999999,1.0,equal_macro,
rule,459336,42,primary,canonical,0,1,1,011,0.9998333333333334,1.0,equal_macro,
rule,459336,42,primary,canonical,1,0,0,100,0.21641666666666665,0.42600000000000005,equal_macro,
rule,459336,42,primary,canonical,1,0,1,101,0.11733333333333333,0.74025,equal_macro,
rule,459336,42,primary,canonical,1,1,0,110,0.23366666666666663,0.39799999999999996,equal_macro,
rule,459336,42,primary,canonical,1,1,1,111,0.12883333333333333,0.7416666666666667,equal_macro,
rule,459336,42,primary,shifted,0,0,0,000,0.9978333333333333,1.0,equal_macro,
rule,459336,42,primary,shifted,0,0,1,001,0.9988333333333335,1.0,equal_macro,
rule,459336,42,primary,shifted,0,1,0,010,0.9990833333333333,1.0,equal_macro,
rule,459336,42,primary,shifted,0,1,1,011,0.9995833333333333,1.0,equal_macro,
rule,459336,42,primary,shifted,1,0,0,100,0.21858333333333332,0.42783333333333334,equal_macro,
rule,459336,42,primary,shifted,1,0,1,101,0.12125,0.7460833333333334,equal_macro,
rule,459336,42,primary,shifted,1,1,0,110,0.23716666666666666,0.4016666666666667,equal_macro,
rule,459336,42,primary,shifted,1,1,1,111,0.1345,0.7474166666666666,equal_macro,
rule,459336,123,primary,canonical,0,0,0,000,0.9990000000000001,1.0,equal_macro,
rule,459336,123,primary,canonical,0,0,1,001,0.9992500000000001,1.0,equal_macro,
rule,459336,123,primary,canonical,0,1,0,010,0.9996666666666667,1.0,equal_macro,
rule,459336,123,primary,canonical,0,1,1,011,0.9998333333333334,1.0,equal_macro,
rule,459336,123,primary,canonical,1,0,0,100,0.09616666666666668,0.20816666666666667,equal_macro,
rule,459336,123,primary,canonical,1,0,1,101,0.046,0.5297499999999999,equal_macro,
rule,459336,123,primary,canonical,1,1,0,110,0.10691666666666667,0.18466666666666665,equal_macro,
rule,459336,123,primary,canonical,1,1,1,111,0.052833333333333336,0.5116666666666666,equal_macro,
rule,459336,123,primary,shifted,0,0,0,000,0.9979166666666668,1.0,equal_macro,
rule,459336,123,primary,shifted,0,0,1,001,0.9988333333333335,1.0,equal_macro,
rule,459336,123,primary,shifted,0,1,0,010,0.99925,1.0,equal_macro,
rule,459336,123,primary,shifted,0,1,1,011,0.9996666666666667,1.0,equal_macro,
rule,459336,123,primary,shifted,1,0,0,100,0.09683333333333334,0.21025,equal_macro,
rule,459336,123,primary,shifted,1,0,1,101,0.04633333333333333,0.5338333333333333,equal_macro,
rule,459336,123,primary,shifted,1,1,0,110,0.10541666666666667,0.18416666666666667,equal_macro,
rule,459336,123,primary,shifted,1,1,1,111,0.05341666666666667,0.5189166666666667,equal_macro,
rule,459336,2026,primary,canonical,0,0,0,000,0.9991666666666668,1.0,equal_macro,
rule,459336,2026,primary,canonical,0,0,1,001,0.9993333333333334,1.0,equal_macro,
rule,459336,2026,primary,canonical,0,1,0,010,0.9993333333333334,1.0,equal_macro,
rule,459336,2026,primary,canonical,0,1,1,011,0.9995833333333333,1.0,equal_macro,
rule,459336,2026,primary,canonical,1,0,0,100,0.0825,0.3026666666666667,equal_macro,
rule,459336,2026,primary,canonical,1,0,1,101,0.08383333333333333,0.62975,equal_macro,
rule,459336,2026,primary,canonical,1,1,0,110,0.08716666666666666,0.26283333333333336,equal_macro,
rule,459336,2026,primary,canonical,1,1,1,111,0.08766666666666667,0.6354166666666666,equal_macro,
rule,459336,2026,primary,shifted,0,0,0,000,0.9980000000000001,1.0,equal_macro,
rule,459336,2026,primary,shifted,0,0,1,001,0.9989166666666667,1.0,equal_macro,
rule,459336,2026,primary,shifted,0,1,0,010,0.9990833333333333,1.0,equal_macro,
rule,459336,2026,primary,shifted,0,1,1,011,0.9995,1.0,equal_macro,
rule,459336,2026,primary,shifted,1,0,0,100,0.08449999999999999,0.30125,equal_macro,
rule,459336,2026,primary,shifted,1,0,1,101,0.08808333333333333,0.6354166666666667,equal_macro,
rule,459336,2026,primary,shifted,1,1,0,110,0.09008333333333333,0.26449999999999996,equal_macro,
rule,459336,2026,primary,shifted,1,1,1,111,0.08991666666666666,0.6393333333333333,equal_macro,
rule,459336,3407,primary,canonical,0,0,0,000,0.9990000000000001,1.0,equal_macro,
rule,459336,3407,primary,canonical,0,0,1,001,0.9993333333333334,1.0,equal_macro,
rule,459336,3407,primary,canonical,0,1,0,010,0.9994166666666667,1.0,equal_macro,
rule,459336,3407,primary,canonical,0,1,1,011,0.9997500000000001,1.0,equal_macro,
rule,459336,3407,primary,canonical,1,0,0,100,0.09041666666666667,0.30591666666666667,equal_macro,
rule,459336,3407,primary,canonical,1,0,1,101,0.06416666666666668,0.6832499999999999,equal_macro,
rule,459336,3407,primary,canonical,1,1,0,110,0.09958333333333333,0.268,equal_macro,
rule,459336,3407,primary,canonical,1,1,1,111,0.0675,0.68225,equal_macro,
rule,459336,3407,primary,shifted,0,0,0,000,0.9977499999999999,1.0,equal_macro,
rule,459336,3407,primary,shifted,0,0,1,001,0.9985833333333334,1.0,equal_macro,
rule,459336,3407,primary,shifted,0,1,0,010,0.9993333333333334,1.0,equal_macro,
rule,459336,3407,primary,shifted,0,1,1,011,0.9994166666666667,1.0,equal_macro,
rule,459336,3407,primary,shifted,1,0,0,100,0.08825000000000001,0.3045,equal_macro,
rule,459336,3407,primary,shifted,1,0,1,101,0.06575,0.6800833333333334,equal_macro,
rule,459336,3407,primary,shifted,1,1,0,110,0.09725,0.2658333333333333,equal_macro,
rule,459336,3407,primary,shifted,1,1,1,111,0.07016666666666665,0.6768333333333333,equal_macro,
rule,467232,7,primary,canonical,0,0,0,000,0.9986666666666666,1.0,equal_macro,
rule,467232,7,primary,canonical,0,0,1,001,0.9990000000000001,1.0,equal_macro,
rule,467232,7,primary,canonical,0,1,0,010,0.9995833333333333,1.0,equal_macro,
rule,467232,7,primary,canonical,0,1,1,011,0.9998333333333334,1.0,equal_macro,
rule,467232,7,primary,canonical,1,0,0,100,0.09216666666666667,0.2071666666666667,equal_macro,
rule,467232,7,primary,canonical,1,0,1,101,0.07425,0.6327499999999999,equal_macro,
rule,467232,7,primary,canonical,1,1,0,110,0.10458333333333333,0.18683333333333332,equal_macro,
rule,467232,7,primary,canonical,1,1,1,111,0.07941666666666666,0.629,equal_macro,
rule,467232,7,primary,shifted,0,0,0,000,0.9976666666666667,1.0,equal_macro,
rule,467232,7,primary,shifted,0,0,1,001,0.9986666666666666,1.0,equal_macro,
rule,467232,7,primary,shifted,0,1,0,010,0.9990833333333333,1.0,equal_macro,
rule,467232,7,primary,shifted,0,1,1,011,0.9996666666666667,1.0,equal_macro,
rule,467232,7,primary,shifted,1,0,0,100,0.09725,0.21200000000000002,equal_macro,
rule,467232,7,primary,shifted,1,0,1,101,0.08216666666666667,0.6405833333333333,equal_macro,
rule,467232,7,primary,shifted,1,1,0,110,0.11008333333333335,0.19233333333333336,equal_macro,
rule,467232,7,primary,shifted,1,1,1,111,0.08866666666666666,0.6375833333333334,equal_macro,
rule,467232,42,primary,canonical,0,0,0,000,0.9989166666666667,1.0,equal_macro,
rule,467232,42,primary,canonical,0,0,1,001,0.9990000000000001,1.0,equal_macro,
rule,467232,42,primary,canonical,0,1,0,010,0.9995833333333333,1.0,equal_macro,
rule,467232,42,primary,canonical,0,1,1,011,0.9995833333333335,1.0,equal_macro,
rule,467232,42,primary,canonical,1,0,0,100,0.17225000000000001,0.31416666666666665,equal_macro,
rule,467232,42,primary,canonical,1,0,1,101,0.15508333333333332,0.7421666666666666,equal_macro,
rule,467232,42,primary,canonical,1,1,0,110,0.19208333333333333,0.2868333333333334,equal_macro,
rule,467232,42,primary,canonical,1,1,1,111,0.16175,0.7352500000000001,equal_macro,
rule,467232,42,primary,shifted,0,0,0,000,0.9976666666666667,1.0,equal_macro,
rule,467232,42,primary,shifted,0,0,1,001,0.9981666666666668,1.0,equal_macro,
rule,467232,42,primary,shifted,0,1,0,010,0.99925,1.0,equal_macro,
rule,467232,42,primary,shifted,0,1,1,011,0.9992500000000001,1.0,equal_macro,
rule,467232,42,primary,shifted,1,0,0,100,0.1720833333333333,0.3149166666666667,equal_macro,
rule,467232,42,primary,shifted,1,0,1,101,0.1595,0.74525,equal_macro,
rule,467232,42,primary,shifted,1,1,0,110,0.191,0.2853333333333333,equal_macro,
rule,467232,42,primary,shifted,1,1,1,111,0.16341666666666665,0.7363333333333333,equal_macro,
rule,467232,123,primary,canonical,0,0,0,000,0.9990000000000001,1.0,equal_macro,
rule,467232,123,primary,canonical,0,0,1,001,0.9990833333333333,1.0,equal_macro,
rule,467232,123,primary,canonical,0,1,0,010,0.9994166666666667,1.0,equal_macro,
rule,467232,123,primary,canonical,0,1,1,011,0.9997499999999999,1.0,equal_macro,
rule,467232,123,primary,canonical,1,0,0,100,0.052833333333333336,0.22891666666666666,equal_macro,
rule,467232,123,primary,canonical,1,0,1,101,0.04066666666666667,0.6498333333333334,equal_macro,
rule,467232,123,primary,canonical,1,1,0,110,0.06525,0.20266666666666666,equal_macro,
rule,467232,123,primary,canonical,1,1,1,111,0.043166666666666666,0.6551666666666667,equal_macro,
rule,467232,123,primary,shifted,0,0,0,000,0.9979166666666666,1.0,equal_macro,
rule,467232,123,primary,shifted,0,0,1,001,0.9984999999999999,1.0,equal_macro,
rule,467232,123,primary,shifted,0,1,0,010,0.9991666666666668,1.0,equal_macro,
rule,467232,123,primary,shifted,0,1,1,011,0.9995,1.0,equal_macro,
rule,467232,123,primary,shifted,1,0,0,100,0.052333333333333336,0.22741666666666666,equal_macro,
rule,467232,123,primary,shifted,1,0,1,101,0.0415,0.6514166666666668,equal_macro,
rule,467232,123,primary,shifted,1,1,0,110,0.06241666666666666,0.1999166666666667,equal_macro,
rule,467232,123,primary,shifted,1,1,1,111,0.0435,0.6546666666666667,equal_macro,
rule,467232,2026,primary,canonical,0,0,0,000,0.9989166666666667,1.0,equal_macro,
rule,467232,2026,primary,canonical,0,0,1,001,0.9991666666666668,1.0,equal_macro,
rule,467232,2026,primary,canonical,0,1,0,010,0.9995,1.0,equal_macro,
rule,467232,2026,primary,canonical,0,1,1,011,0.9997499999999999,1.0,equal_macro,
rule,467232,2026,primary,canonical,1,0,0,100,0.10733333333333334,0.26633333333333337,equal_macro,
rule,467232,2026,primary,canonical,1,0,1,101,0.043000000000000003,0.6303333333333334,equal_macro,
rule,467232,2026,primary,canonical,1,1,0,110,0.12058333333333333,0.23249999999999998,equal_macro,
rule,467232,2026,primary,canonical,1,1,1,111,0.04366666666666667,0.6335833333333334,equal_macro,
rule,467232,2026,primary,shifted,0,0,0,000,0.9977500000000001,1.0,equal_macro,
rule,467232,2026,primary,shifted,0,0,1,001,0.99875,1.0,equal_macro,
rule,467232,2026,primary,shifted,0,1,0,010,0.9990833333333333,1.0,equal_macro,
rule,467232,2026,primary,shifted,0,1,1,011,0.9994166666666666,1.0,equal_macro,
rule,467232,2026,primary,shifted,1,0,0,100,0.10883333333333332,0.269,equal_macro,
rule,467232,2026,primary,shifted,1,0,1,101,0.04316666666666667,0.6369999999999999,equal_macro,
rule,467232,2026,primary,shifted,1,1,0,110,0.12108333333333333,0.23333333333333334,equal_macro,
rule,467232,2026,primary,shifted,1,1,1,111,0.04441666666666667,0.64225,equal_macro,
rule,467232,3407,primary,canonical,0,0,0,000,0.9990000000000001,1.0,equal_macro,
rule,467232,3407,primary,canonical,0,0,1,001,0.9994166666666666,1.0,equal_macro,
rule,467232,3407,primary,canonical,0,1,0,010,0.9995833333333335,1.0,equal_macro,
rule,467232,3407,primary,canonical,0,1,1,011,0.9997500000000001,1.0,equal_macro,
rule,467232,3407,primary,canonical,1,0,0,100,0.04566666666666667,0.28608333333333336,equal_macro,
rule,467232,3407,primary,canonical,1,0,1,101,0.03833333333333333,0.7596666666666667,equal_macro,
rule,467232,3407,primary,canonical,1,1,0,110,0.04841666666666667,0.24391666666666667,equal_macro,
rule,467232,3407,primary,canonical,1,1,1,111,0.04158333333333333,0.76925,equal_macro,
rule,467232,3407,primary,shifted,0,0,0,000,0.9979166666666666,1.0,equal_macro,
rule,467232,3407,primary,shifted,0,0,1,001,0.9990000000000001,1.0,equal_macro,
rule,467232,3407,primary,shifted,0,1,0,010,0.9990833333333334,1.0,equal_macro,
rule,467232,3407,primary,shifted,0,1,1,011,0.9995833333333335,1.0,equal_macro,
rule,467232,3407,primary,shifted,1,0,0,100,0.04625,0.2865833333333333,equal_macro,
rule,467232,3407,primary,shifted,1,0,1,101,0.0385,0.756,equal_macro,
rule,467232,3407,primary,shifted,1,1,0,110,0.04883333333333333,0.24266666666666664,equal_macro,
rule,467232,3407,primary,shifted,1,1,1,111,0.0405,0.7675000000000001,equal_macro,
rule,485791,7,primary,canonical,0,0,0,000,0.9988333333333332,1.0,equal_macro,
rule,485791,7,primary,canonical,0,0,1,001,0.99925,1.0,equal_macro,
rule,485791,7,primary,canonical,0,1,0,010,0.9995,1.0,equal_macro,
rule,485791,7,primary,canonical,0,1,1,011,0.9997499999999999,1.0,equal_macro,
rule,485791,7,primary,canonical,1,0,0,100,0.09275,0.32699999999999996,equal_macro,
rule,485791,7,primary,canonical,1,0,1,101,0.07824999999999999,0.7580833333333332,equal_macro,
rule,485791,7,primary,canonical,1,1,0,110,0.11158333333333331,0.29291666666666666,equal_macro,
rule,485791,7,primary,canonical,1,1,1,111,0.09225,0.7725,equal_macro,
rule,485791,7,primary,shifted,0,0,0,000,0.998,1.0,equal_macro,
rule,485791,7,primary,shifted,0,0,1,001,0.99875,1.0,equal_macro,
rule,485791,7,primary,shifted,0,1,0,010,0.9990000000000001,1.0,equal_macro,
rule,485791,7,primary,shifted,0,1,1,011,0.9995,1.0,equal_macro,
rule,485791,7,primary,shifted,1,0,0,100,0.09591666666666668,0.33058333333333334,equal_macro,
rule,485791,7,primary,shifted,1,0,1,101,0.08225,0.7655,equal_macro,
rule,485791,7,primary,shifted,1,1,0,110,0.11783333333333335,0.29883333333333334,equal_macro,
rule,485791,7,primary,shifted,1,1,1,111,0.09816666666666667,0.77875,equal_macro,
rule,485791,42,primary,canonical,0,0,0,000,0.9990000000000001,1.0,equal_macro,
rule,485791,42,primary,canonical,0,0,1,001,0.9994166666666666,1.0,equal_macro,
rule,485791,42,primary,canonical,0,1,0,010,0.9995833333333333,1.0,equal_macro,
rule,485791,42,primary,canonical,0,1,1,011,0.9998333333333334,1.0,equal_macro,
rule,485791,42,primary,canonical,1,0,0,100,0.06308333333333334,0.23233333333333334,equal_macro,
rule,485791,42,primary,canonical,1,0,1,101,0.06466666666666666,0.6209166666666666,equal_macro,
rule,485791,42,primary,canonical,1,1,0,110,0.07941666666666666,0.21375,equal_macro,
rule,485791,42,primary,canonical,1,1,1,111,0.077,0.614,equal_macro,
rule,485791,42,primary,shifted,0,0,0,000,0.9977499999999999,1.0,equal_macro,
rule,485791,42,primary,shifted,0,0,1,001,0.9988333333333335,1.0,equal_macro,
rule,485791,42,primary,shifted,0,1,0,010,0.9990833333333333,1.0,equal_macro,
rule,485791,42,primary,shifted,0,1,1,011,0.9995,1.0,equal_macro,
rule,485791,42,primary,shifted,1,0,0,100,0.06333333333333334,0.2326666666666667,equal_macro,
rule,485791,42,primary,shifted,1,0,1,101,0.06674999999999999,0.6251666666666666,equal_macro,
rule,485791,42,primary,shifted,1,1,0,110,0.07808333333333334,0.21258333333333335,equal_macro,
rule,485791,42,primary,shifted,1,1,1,111,0.07925,0.6164166666666666,equal_macro,
rule,485791,123,primary,canonical,0,0,0,000,0.99875,1.0,equal_macro,
rule,485791,123,primary,canonical,0,0,1,001,0.9991666666666668,1.0,equal_macro,
rule,485791,123,primary,canonical,0,1,0,010,0.9996666666666667,1.0,equal_macro,
rule,485791,123,primary,canonical,0,1,1,011,0.9998333333333334,1.0,equal_macro,
rule,485791,123,primary,canonical,1,0,0,100,0.06616666666666667,0.3185,equal_macro,
rule,485791,123,primary,canonical,1,0,1,101,0.043,0.6487499999999999,equal_macro,
rule,485791,123,primary,canonical,1,1,0,110,0.08766666666666666,0.29666666666666663,equal_macro,
rule,485791,123,primary,canonical,1,1,1,111,0.051250000000000004,0.6567500000000001,equal_macro,
rule,485791,123,primary,shifted,0,0,0,000,0.9979166666666666,1.0,equal_macro,
rule,485791,123,primary,shifted,0,0,1,001,0.9986666666666666,1.0,equal_macro,
rule,485791,123,primary,shifted,0,1,0,010,0.9991666666666668,1.0,equal_macro,
rule,485791,123,primary,shifted,0,1,1,011,0.9995833333333333,1.0,equal_macro,
rule,485791,123,primary,shifted,1,0,0,100,0.06941666666666667,0.31900000000000006,equal_macro,
rule,485791,123,primary,shifted,1,0,1,101,0.043500000000000004,0.6491666666666667,equal_macro,
rule,485791,123,primary,shifted,1,1,0,110,0.09066666666666666,0.2970833333333333,equal_macro,
rule,485791,123,primary,shifted,1,1,1,111,0.053583333333333344,0.6576666666666666,equal_macro,
rule,485791,2026,primary,canonical,0,0,0,000,0.9990833333333333,1.0,equal_macro,
rule,485791,2026,primary,canonical,0,0,1,001,0.9991666666666668,1.0,equal_macro,
rule,485791,2026,primary,canonical,0,1,0,010,0.9994166666666666,1.0,equal_macro,
rule,485791,2026,primary,canonical,0,1,1,011,0.9998333333333334,1.0,equal_macro,
rule,485791,2026,primary,canonical,1,0,0,100,0.13283333333333333,0.31875,equal_macro,
rule,485791,2026,primary,canonical,1,0,1,101,0.12716666666666668,0.8369166666666668,equal_macro,
rule,485791,2026,primary,canonical,1,1,0,110,0.16666666666666669,0.30766666666666664,equal_macro,
rule,485791,2026,primary,canonical,1,1,1,111,0.13333333333333333,0.8290833333333334,equal_macro,
rule,485791,2026,primary,shifted,0,0,0,000,0.9975833333333333,1.0,equal_macro,
rule,485791,2026,primary,shifted,0,0,1,001,0.9985833333333334,1.0,equal_macro,
rule,485791,2026,primary,shifted,0,1,0,010,0.9989999999999999,1.0,equal_macro,
rule,485791,2026,primary,shifted,0,1,1,011,0.9995833333333333,1.0,equal_macro,
rule,485791,2026,primary,shifted,1,0,0,100,0.13916666666666666,0.3248333333333333,equal_macro,
rule,485791,2026,primary,shifted,1,0,1,101,0.13566666666666669,0.8416666666666667,equal_macro,
rule,485791,2026,primary,shifted,1,1,0,110,0.17391666666666666,0.3144166666666667,equal_macro,
rule,485791,2026,primary,shifted,1,1,1,111,0.13825,0.8303333333333334,equal_macro,
rule,485791,3407,primary,canonical,0,0,0,000,0.9987500000000001,1.0,equal_macro,
rule,485791,3407,primary,canonical,0,0,1,001,0.99925,1.0,equal_macro,
rule,485791,3407,primary,canonical,0,1,0,010,0.9995833333333335,1.0,equal_macro,
rule,485791,3407,primary,canonical,0,1,1,011,0.9996666666666667,1.0,equal_macro,
rule,485791,3407,primary,canonical,1,0,0,100,0.033916666666666664,0.16599999999999998,equal_macro,
rule,485791,3407,primary,canonical,1,0,1,101,0.031,0.66325,equal_macro,
rule,485791,3407,primary,canonical,1,1,0,110,0.03741666666666667,0.1235,equal_macro,
rule,485791,3407,primary,canonical,1,1,1,111,0.03183333333333334,0.6674166666666668,equal_macro,
rule,485791,3407,primary,shifted,0,0,0,000,0.9978333333333333,1.0,equal_macro,
rule,485791,3407,primary,shifted,0,0,1,001,0.9988333333333335,1.0,equal_macro,
rule,485791,3407,primary,shifted,0,1,0,010,0.9993333333333334,1.0,equal_macro,
rule,485791,3407,primary,shifted,0,1,1,011,0.9993333333333334,1.0,equal_macro,
rule,485791,3407,primary,shifted,1,0,0,100,0.035083333333333334,0.16533333333333333,equal_macro,
rule,485791,3407,primary,shifted,1,0,1,101,0.0315,0.66275,equal_macro,
rule,485791,3407,primary,shifted,1,1,0,110,0.03966666666666667,0.12241666666666667,equal_macro,
rule,485791,3407,primary,shifted,1,1,1,111,0.03275,0.6672499999999999,equal_macro,
rule,550427,7,primary,canonical,0,0,0,000,0.9990000000000001,1.0,equal_macro,
rule,550427,7,primary,canonical,0,0,1,001,0.9994166666666666,1.0,equal_macro,
rule,550427,7,primary,canonical,0,1,0,010,0.9996666666666667,1.0,equal_macro,
rule,550427,7,primary,canonical,0,1,1,011,0.9999166666666668,1.0,equal_macro,
rule,550427,7,primary,canonical,1,0,0,100,0.10191666666666667,0.23633333333333334,equal_macro,
rule,550427,7,primary,canonical,1,0,1,101,0.049333333333333326,0.5105,equal_macro,
rule,550427,7,primary,canonical,1,1,0,110,0.12216666666666667,0.21458333333333335,equal_macro,
rule,550427,7,primary,canonical,1,1,1,111,0.05441666666666667,0.4874166666666667,equal_macro,
rule,550427,7,primary,shifted,0,0,0,000,0.9980833333333334,1.0,equal_macro,
rule,550427,7,primary,shifted,0,0,1,001,0.9988333333333335,1.0,equal_macro,
rule,550427,7,primary,shifted,0,1,0,010,0.9994166666666666,1.0,equal_macro,
rule,550427,7,primary,shifted,0,1,1,011,0.9995833333333333,1.0,equal_macro,
rule,550427,7,primary,shifted,1,0,0,100,0.09808333333333333,0.23016666666666669,equal_macro,
rule,550427,7,primary,shifted,1,0,1,101,0.048,0.5103333333333333,equal_macro,
rule,550427,7,primary,shifted,1,1,0,110,0.11808333333333335,0.209,equal_macro,
rule,550427,7,primary,shifted,1,1,1,111,0.050416666666666665,0.4844166666666666,equal_macro,
rule,550427,42,primary,canonical,0,0,0,000,0.9988333333333332,1.0,equal_macro,
rule,550427,42,primary,canonical,0,0,1,001,0.99925,1.0,equal_macro,
rule,550427,42,primary,canonical,0,1,0,010,0.9997499999999999,1.0,equal_macro,
rule,550427,42,primary,canonical,0,1,1,011,0.9998333333333334,1.0,equal_macro,
rule,550427,42,primary,canonical,1,0,0,100,0.0765,0.27066666666666667,equal_macro,
rule,550427,42,primary,canonical,1,0,1,101,0.13199999999999998,0.6485833333333333,equal_macro,
rule,550427,42,primary,canonical,1,1,0,110,0.08949999999999998,0.23241666666666666,equal_macro,
rule,550427,42,primary,canonical,1,1,1,111,0.1265,0.6359999999999999,equal_macro,
rule,550427,42,primary,shifted,0,0,0,000,0.9980833333333334,1.0,equal_macro,
rule,550427,42,primary,shifted,0,0,1,001,0.9986666666666666,1.0,equal_macro,
rule,550427,42,primary,shifted,0,1,0,010,0.9993333333333334,1.0,equal_macro,
rule,550427,42,primary,shifted,0,1,1,011,0.9995833333333333,1.0,equal_macro,
rule,550427,42,primary,shifted,1,0,0,100,0.077,0.27075000000000005,equal_macro,
rule,550427,42,primary,shifted,1,0,1,101,0.12975,0.65,equal_macro,
rule,550427,42,primary,shifted,1,1,0,110,0.08824999999999998,0.22900000000000004,equal_macro,
rule,550427,42,primary,shifted,1,1,1,111,0.12483333333333334,0.63925,equal_macro,
rule,550427,123,primary,canonical,0,0,0,000,0.9986666666666668,1.0,equal_macro,
rule,550427,123,primary,canonical,0,0,1,001,0.9991666666666668,1.0,equal_macro,
rule,550427,123,primary,canonical,0,1,0,010,0.9995833333333333,1.0,equal_macro,
rule,550427,123,primary,canonical,0,1,1,011,0.9998333333333334,1.0,equal_macro,
rule,550427,123,primary,canonical,1,0,0,100,0.05625,0.27841666666666665,equal_macro,
rule,550427,123,primary,canonical,1,0,1,101,0.03708333333333333,0.8285833333333334,equal_macro,
rule,550427,123,primary,canonical,1,1,0,110,0.06583333333333333,0.232,equal_macro,
rule,550427,123,primary,canonical,1,1,1,111,0.036333333333333336,0.847,equal_macro,
rule,550427,123,primary,shifted,0,0,0,000,0.9978333333333333,1.0,equal_macro,
rule,550427,123,primary,shifted,0,0,1,001,0.9988333333333335,1.0,equal_macro,
rule,550427,123,primary,shifted,0,1,0,010,0.9990000000000001,1.0,equal_macro,
rule,550427,123,primary,shifted,0,1,1,011,0.9995833333333333,1.0,equal_macro,
rule,550427,123,primary,shifted,1,0,0,100,0.058666666666666666,0.27891666666666665,equal_macro,
rule,550427,123,primary,shifted,1,0,1,101,0.03825,0.8308333333333333,equal_macro,
rule,550427,123,primary,shifted,1,1,0,110,0.07050000000000001,0.2370833333333333,equal_macro,
rule,550427,123,primary,shifted,1,1,1,111,0.0375,0.8458333333333332,equal_macro,
rule,550427,2026,primary,canonical,0,0,0,000,0.9989166666666667,1.0,equal_macro,
rule,550427,2026,primary,canonical,0,0,1,001,0.9990833333333333,1.0,equal_macro,
rule,550427,2026,primary,canonical,0,1,0,010,0.9995833333333333,1.0,equal_macro,
rule,550427,2026,primary,canonical,0,1,1,011,0.9997499999999999,1.0,equal_macro,
rule,550427,2026,primary,canonical,1,0,0,100,0.11416666666666668,0.29641666666666666,equal_macro,
rule,550427,2026,primary,canonical,1,0,1,101,0.07241666666666667,0.6933333333333334,equal_macro,
rule,550427,2026,primary,canonical,1,1,0,110,0.12575,0.25949999999999995,equal_macro,
rule,550427,2026,primary,canonical,1,1,1,111,0.07766666666666666,0.69975,equal_macro,
rule,550427,2026,primary,shifted,0,0,0,000,0.9979166666666666,1.0,equal_macro,
rule,550427,2026,primary,shifted,0,0,1,001,0.9986666666666666,1.0,equal_macro,
rule,550427,2026,primary,shifted,0,1,0,010,0.9990000000000001,1.0,equal_macro,
rule,550427,2026,primary,shifted,0,1,1,011,0.9994166666666666,1.0,equal_macro,
rule,550427,2026,primary,shifted,1,0,0,100,0.11616666666666665,0.29633333333333334,equal_macro,
rule,550427,2026,primary,shifted,1,0,1,101,0.07875,0.6955833333333333,equal_macro,
rule,550427,2026,primary,shifted,1,1,0,110,0.12733333333333333,0.25933333333333336,equal_macro,
rule,550427,2026,primary,shifted,1,1,1,111,0.08299999999999999,0.7003333333333334,equal_macro,
rule,550427,3407,primary,canonical,0,0,0,000,0.9986666666666668,1.0,equal_macro,
rule,550427,3407,primary,canonical,0,0,1,001,0.9989166666666667,1.0,equal_macro,
rule,550427,3407,primary,canonical,0,1,0,010,0.9995,1.0,equal_macro,
rule,550427,3407,primary,canonical,0,1,1,011,0.9997500000000001,1.0,equal_macro,
rule,550427,3407,primary,canonical,1,0,0,100,0.08141666666666666,0.2549166666666667,equal_macro,
rule,550427,3407,primary,canonical,1,0,1,101,0.10958333333333332,0.5987499999999999,equal_macro,
rule,550427,3407,primary,canonical,1,1,0,110,0.09266666666666667,0.22391666666666665,equal_macro,
rule,550427,3407,primary,canonical,1,1,1,111,0.11416666666666668,0.5895,equal_macro,
rule,550427,3407,primary,shifted,0,0,0,000,0.9974166666666668,1.0,equal_macro,
rule,550427,3407,primary,shifted,0,0,1,001,0.9985833333333334,1.0,equal_macro,
rule,550427,3407,primary,shifted,0,1,0,010,0.9989166666666668,1.0,equal_macro,
rule,550427,3407,primary,shifted,0,1,1,011,0.9994166666666667,1.0,equal_macro,
rule,550427,3407,primary,shifted,1,0,0,100,0.08208333333333333,0.25708333333333333,equal_macro,
rule,550427,3407,primary,shifted,1,0,1,101,0.10516666666666667,0.6028333333333333,equal_macro,
rule,550427,3407,primary,shifted,1,1,0,110,0.0925,0.22466666666666668,equal_macro,
rule,550427,3407,primary,shifted,1,1,1,111,0.11108333333333333,0.5944166666666666,equal_macro,
rule,560657,7,primary,canonical,0,0,0,000,0.9988333333333335,1.0,equal_macro,
rule,560657,7,primary,canonical,0,0,1,001,0.99925,1.0,equal_macro,
rule,560657,7,primary,canonical,0,1,0,010,0.9995833333333333,1.0,equal_macro,
rule,560657,7,primary,canonical,0,1,1,011,0.9997499999999999,1.0,equal_macro,
rule,560657,7,primary,canonical,1,0,0,100,0.21216666666666664,0.3145833333333333,equal_macro,
rule,560657,7,primary,canonical,1,0,1,101,0.2416666666666667,0.7065833333333333,equal_macro,
rule,560657,7,primary,canonical,1,1,0,110,0.21916666666666668,0.2890833333333333,equal_macro,
rule,560657,7,primary,canonical,1,1,1,111,0.24975,0.6996666666666667,equal_macro,
rule,560657,7,primary,shifted,0,0,0,000,0.99725,1.0,equal_macro,
rule,560657,7,primary,shifted,0,0,1,001,0.9988333333333335,1.0,equal_macro,
rule,560657,7,primary,shifted,0,1,0,010,0.9991666666666668,1.0,equal_macro,
rule,560657,7,primary,shifted,0,1,1,011,0.9994166666666666,1.0,equal_macro,
rule,560657,7,primary,shifted,1,0,0,100,0.20433333333333334,0.30916666666666665,equal_macro,
rule,560657,7,primary,shifted,1,0,1,101,0.23233333333333334,0.7075,equal_macro,
rule,560657,7,primary,shifted,1,1,0,110,0.21008333333333334,0.28241666666666665,equal_macro,
rule,560657,7,primary,shifted,1,1,1,111,0.23958333333333331,0.7021666666666666,equal_macro,
rule,560657,42,primary,canonical,0,0,0,000,0.9988333333333335,1.0,equal_macro,
rule,560657,42,primary,canonical,0,0,1,001,0.9993333333333334,1.0,equal_macro,
rule,560657,42,primary,canonical,0,1,0,010,0.9995833333333335,1.0,equal_macro,
rule,560657,42,primary,canonical,0,1,1,011,0.9997499999999999,1.0,equal_macro,
rule,560657,42,primary,canonical,1,0,0,100,0.05683333333333333,0.17416666666666666,equal_macro,
rule,560657,42,primary,canonical,1,0,1,101,0.04425,0.6476666666666666,equal_macro,
rule,560657,42,primary,canonical,1,1,0,110,0.05483333333333334,0.1335,equal_macro,
rule,560657,42,primary,canonical,1,1,1,111,0.04566666666666667,0.6360833333333333,equal_macro,
rule,560657,42,primary,shifted,0,0,0,000,0.9975,1.0,equal_macro,
rule,560657,42,primary,shifted,0,0,1,001,0.9985833333333334,1.0,equal_macro,
rule,560657,42,primary,shifted,0,1,0,010,0.9992500000000001,1.0,equal_macro,
rule,560657,42,primary,shifted,0,1,1,011,0.9993333333333334,1.0,equal_macro,
rule,560657,42,primary,shifted,1,0,0,100,0.05766666666666667,0.17491666666666666,equal_macro,
rule,560657,42,primary,shifted,1,0,1,101,0.04566666666666666,0.6552500000000001,equal_macro,
rule,560657,42,primary,shifted,1,1,0,110,0.05625,0.13416666666666666,equal_macro,
rule,560657,42,primary,shifted,1,1,1,111,0.04725,0.6438333333333334,equal_macro,
rule,560657,123,primary,canonical,0,0,0,000,0.9986666666666668,1.0,equal_macro,
rule,560657,123,primary,canonical,0,0,1,001,0.9991666666666668,1.0,equal_macro,
rule,560657,123,primary,canonical,0,1,0,010,0.9995,1.0,equal_macro,
rule,560657,123,primary,canonical,0,1,1,011,0.9996666666666667,1.0,equal_macro,
rule,560657,123,primary,canonical,1,0,0,100,0.08958333333333333,0.28075000000000006,equal_macro,
rule,560657,123,primary,canonical,1,0,1,101,0.043833333333333335,0.6729166666666667,equal_macro,
rule,560657,123,primary,canonical,1,1,0,110,0.12066666666666667,0.25875,equal_macro,
rule,560657,123,primary,canonical,1,1,1,111,0.05333333333333333,0.6746666666666666,equal_macro,
rule,560657,123,primary,shifted,0,0,0,000,0.9979166666666668,1.0,equal_macro,
rule,560657,123,primary,shifted,0,0,1,001,0.9988333333333335,1.0,equal_macro,
rule,560657,123,primary,shifted,0,1,0,010,0.9990833333333334,1.0,equal_macro,
rule,560657,123,primary,shifted,0,1,1,011,0.9991666666666668,1.0,equal_macro,
rule,560657,123,primary,shifted,1,0,0,100,0.09233333333333332,0.2839166666666667,equal_macro,
rule,560657,123,primary,shifted,1,0,1,101,0.045000000000000005,0.6793333333333333,equal_macro,
rule,560657,123,primary,shifted,1,1,0,110,0.12391666666666666,0.26325,equal_macro,
rule,560657,123,primary,shifted,1,1,1,111,0.05483333333333333,0.6777500000000001,equal_macro,
rule,560657,2026,primary,canonical,0,0,0,000,0.99875,1.0,equal_macro,
rule,560657,2026,primary,canonical,0,0,1,001,0.9991666666666668,1.0,equal_macro,
rule,560657,2026,primary,canonical,0,1,0,010,0.9993333333333334,1.0,equal_macro,
rule,560657,2026,primary,canonical,0,1,1,011,0.9994166666666666,1.0,equal_macro,
rule,560657,2026,primary,canonical,1,0,0,100,0.08908333333333335,0.27058333333333334,equal_macro,
rule,560657,2026,primary,canonical,1,0,1,101,0.07524999999999998,0.6475833333333333,equal_macro,
rule,560657,2026,primary,canonical,1,1,0,110,0.10066666666666667,0.23416666666666666,equal_macro,
rule,560657,2026,primary,canonical,1,1,1,111,0.08099999999999999,0.6463333333333334,equal_macro,
rule,560657,2026,primary,shifted,0,0,0,000,0.9975,1.0,equal_macro,
rule,560657,2026,primary,shifted,0,0,1,001,0.9985833333333334,1.0,equal_macro,
rule,560657,2026,primary,shifted,0,1,0,010,0.9990000000000001,1.0,equal_macro,
rule,560657,2026,primary,shifted,0,1,1,011,0.9990833333333333,1.0,equal_macro,
rule,560657,2026,primary,shifted,1,0,0,100,0.08983333333333333,0.27225,equal_macro,
rule,560657,2026,primary,shifted,1,0,1,101,0.07575,0.6475833333333334,equal_macro,
rule,560657,2026,primary,shifted,1,1,0,110,0.10241666666666667,0.235,equal_macro,
rule,560657,2026,primary,shifted,1,1,1,111,0.08408333333333334,0.652,equal_macro,
rule,560657,3407,primary,canonical,0,0,0,000,0.9988333333333335,1.0,equal_macro,
rule,560657,3407,primary,canonical,0,0,1,001,0.9990833333333334,1.0,equal_macro,
rule,560657,3407,primary,canonical,0,1,0,010,0.9994166666666666,1.0,equal_macro,
rule,560657,3407,primary,canonical,0,1,1,011,0.9996666666666667,1.0,equal_macro,
rule,560657,3407,primary,canonical,1,0,0,100,0.10783333333333334,0.259,equal_macro,
rule,560657,3407,primary,canonical,1,0,1,101,0.0885,0.7278333333333333,equal_macro,
rule,560657,3407,primary,canonical,1,1,0,110,0.12625,0.23133333333333334,equal_macro,
rule,560657,3407,primary,canonical,1,1,1,111,0.08950000000000001,0.7225833333333334,equal_macro,
rule,560657,3407,primary,shifted,0,0,0,000,0.9974166666666668,1.0,equal_macro,
rule,560657,3407,primary,shifted,0,0,1,001,0.9986666666666668,1.0,equal_macro,
rule,560657,3407,primary,shifted,0,1,0,010,0.9988333333333335,1.0,equal_macro,
rule,560657,3407,primary,shifted,0,1,1,011,0.9995,1.0,equal_macro,
rule,560657,3407,primary,shifted,1,0,0,100,0.11,0.26216666666666666,equal_macro,
rule,560657,3407,primary,shifted,1,0,1,101,0.09083333333333332,0.7362500000000001,equal_macro,
rule,560657,3407,primary,shifted,1,1,0,110,0.12758333333333335,0.23266666666666666,equal_macro,
rule,560657,3407,primary,shifted,1,1,1,111,0.09333333333333332,0.7300833333333334,equal_macro,
rule,583909,7,primary,canonical,0,0,0,000,0.9989166666666667,1.0,equal_macro,
rule,583909,7,primary,canonical,0,0,1,001,0.9995,1.0,equal_macro,
rule,583909,7,primary,canonical,0,1,0,010,0.9995833333333335,1.0,equal_macro,
rule,583909,7,primary,canonical,0,1,1,011,0.9997500000000001,1.0,equal_macro,
rule,583909,7,primary,canonical,1,0,0,100,0.2588333333333333,0.4215,equal_macro,
rule,583909,7,primary,canonical,1,0,1,101,0.15508333333333335,0.7446666666666666,equal_macro,
rule,583909,7,primary,canonical,1,1,0,110,0.26858333333333334,0.39525,equal_macro,
rule,583909,7,primary,canonical,1,1,1,111,0.15141666666666667,0.7480833333333333,equal_macro,
rule,583909,7,primary,shifted,0,0,0,000,0.9977499999999999,1.0,equal_macro,
rule,583909,7,primary,shifted,0,0,1,001,0.9990000000000001,1.0,equal_macro,
rule,583909,7,primary,shifted,0,1,0,010,0.9993333333333334,1.0,equal_macro,
rule,583909,7,primary,shifted,0,1,1,011,0.9995833333333335,1.0,equal_macro,
rule,583909,7,primary,shifted,1,0,0,100,0.26375,0.42725,equal_macro,
rule,583909,7,primary,shifted,1,0,1,101,0.1554166666666667,0.7502500000000001,equal_macro,
rule,583909,7,primary,shifted,1,1,0,110,0.27191666666666664,0.40158333333333335,equal_macro,
rule,583909,7,primary,shifted,1,1,1,111,0.15191666666666667,0.7545,equal_macro,
rule,583909,42,primary,canonical,0,0,0,000,0.9988333333333335,1.0,equal_macro,
rule,583909,42,primary,canonical,0,0,1,001,0.99925,1.0,equal_macro,
rule,583909,42,primary,canonical,0,1,0,010,0.9996666666666667,1.0,equal_macro,
rule,583909,42,primary,canonical,0,1,1,011,0.9998333333333334,1.0,equal_macro,
rule,583909,42,primary,canonical,1,0,0,100,0.08208333333333334,0.24466666666666664,equal_macro,
rule,583909,42,primary,canonical,1,0,1,101,0.04566666666666667,0.5859166666666666,equal_macro,
rule,583909,42,primary,canonical,1,1,0,110,0.08708333333333333,0.19941666666666666,equal_macro,
rule,583909,42,primary,canonical,1,1,1,111,0.046,0.5665833333333333,equal_macro,
rule,583909,42,primary,shifted,0,0,0,000,0.998,1.0,equal_macro,
rule,583909,42,primary,shifted,0,0,1,001,0.9988333333333335,1.0,equal_macro,
rule,583909,42,primary,shifted,0,1,0,010,0.9993333333333334,1.0,equal_macro,
rule,583909,42,primary,shifted,0,1,1,011,0.9996666666666667,1.0,equal_macro,
rule,583909,42,primary,shifted,1,0,0,100,0.07916666666666666,0.24041666666666667,equal_macro,
rule,583909,42,primary,shifted,1,0,1,101,0.04641666666666667,0.5788333333333333,equal_macro,
rule,583909,42,primary,shifted,1,1,0,110,0.08441666666666667,0.19383333333333336,equal_macro,
rule,583909,42,primary,shifted,1,1,1,111,0.04733333333333333,0.5566666666666666,equal_macro,
rule,583909,123,primary,canonical,0,0,0,000,0.9989166666666668,1.0,equal_macro,
rule,583909,123,primary,canonical,0,0,1,001,0.9991666666666668,1.0,equal_macro,
rule,583909,123,primary,canonical,0,1,0,010,0.9995833333333333,1.0,equal_macro,
rule,583909,123,primary,canonical,0,1,1,011,0.9998333333333334,1.0,equal_macro,
rule,583909,123,primary,canonical,1,0,0,100,0.13675,0.29608333333333337,equal_macro,
rule,583909,123,primary,canonical,1,0,1,101,0.09158333333333334,0.6962499999999999,equal_macro,
rule,583909,123,primary,canonical,1,1,0,110,0.13833333333333334,0.24875000000000003,equal_macro,
rule,583909,123,primary,canonical,1,1,1,111,0.08958333333333332,0.6779166666666667,equal_macro,
rule,583909,123,primary,shifted,0,0,0,000,0.9977500000000001,1.0,equal_macro,
rule,583909,123,primary,shifted,0,0,1,001,0.9988333333333335,1.0,equal_macro,
rule,583909,123,primary,shifted,0,1,0,010,0.9993333333333334,1.0,equal_macro,
rule,583909,123,primary,shifted,0,1,1,011,0.9995833333333333,1.0,equal_macro,
rule,583909,123,primary,shifted,1,0,0,100,0.13516666666666666,0.29583333333333334,equal_macro,
rule,583909,123,primary,shifted,1,0,1,101,0.09391666666666666,0.7009166666666667,equal_macro,
rule,583909,123,primary,shifted,1,1,0,110,0.13774999999999998,0.24983333333333335,equal_macro,
rule,583909,123,primary,shifted,1,1,1,111,0.08958333333333333,0.6861666666666667,equal_macro,
rule,583909,2026,primary,canonical,0,0,0,000,0.9990833333333333,1.0,equal_macro,
rule,583909,2026,primary,canonical,0,0,1,001,0.9991666666666668,1.0,equal_macro,
rule,583909,2026,primary,canonical,0,1,0,010,0.9995833333333333,1.0,equal_macro,
rule,583909,2026,primary,canonical,0,1,1,011,0.9996666666666667,1.0,equal_macro,
rule,583909,2026,primary,canonical,1,0,0,100,0.14933333333333335,0.325,equal_macro,
rule,583909,2026,primary,canonical,1,0,1,101,0.14266666666666666,0.6986666666666667,equal_macro,
rule,583909,2026,primary,canonical,1,1,0,110,0.16133333333333333,0.2945,equal_macro,
rule,583909,2026,primary,canonical,1,1,1,111,0.1534166666666667,0.6935833333333334,equal_macro,
rule,583909,2026,primary,shifted,0,0,0,000,0.9981666666666666,1.0,equal_macro,
rule,583909,2026,primary,shifted,0,0,1,001,0.9989166666666667,1.0,equal_macro,
rule,583909,2026,primary,shifted,0,1,0,010,0.9991666666666668,1.0,equal_macro,
rule,583909,2026,primary,shifted,0,1,1,011,0.9994166666666667,1.0,equal_macro,
rule,583909,2026,primary,shifted,1,0,0,100,0.15041666666666667,0.32658333333333334,equal_macro,
rule,583909,2026,primary,shifted,1,0,1,101,0.14233333333333334,0.7007499999999999,equal_macro,
rule,583909,2026,primary,shifted,1,1,0,110,0.16233333333333333,0.29441666666666666,equal_macro,
rule,583909,2026,primary,shifted,1,1,1,111,0.14950000000000002,0.6934166666666667,equal_macro,
rule,583909,3407,primary,canonical,0,0,0,000,0.9989166666666667,1.0,equal_macro,
rule,583909,3407,primary,canonical,0,0,1,001,0.9989166666666667,1.0,equal_macro,
rule,583909,3407,primary,canonical,0,1,0,010,0.9996666666666667,1.0,equal_macro,
rule,583909,3407,primary,canonical,0,1,1,011,0.9998333333333334,1.0,equal_macro,
rule,583909,3407,primary,canonical,1,0,0,100,0.07266666666666667,0.27825,equal_macro,
rule,583909,3407,primary,canonical,1,0,1,101,0.11108333333333334,0.6648333333333334,equal_macro,
rule,583909,3407,primary,canonical,1,1,0,110,0.083,0.24208333333333332,equal_macro,
rule,583909,3407,primary,canonical,1,1,1,111,0.12608333333333335,0.6708333333333334,equal_macro,
rule,583909,3407,primary,shifted,0,0,0,000,0.9975833333333333,1.0,equal_macro,
rule,583909,3407,primary,shifted,0,0,1,001,0.9984166666666667,1.0,equal_macro,
rule,583909,3407,primary,shifted,0,1,0,010,0.99925,1.0,equal_macro,
rule,583909,3407,primary,shifted,0,1,1,011,0.9995,1.0,equal_macro,
rule,583909,3407,primary,shifted,1,0,0,100,0.07341666666666667,0.27416666666666667,equal_macro,
rule,583909,3407,primary,shifted,1,0,1,101,0.11041666666666666,0.6654166666666668,equal_macro,
rule,583909,3407,primary,shifted,1,1,0,110,0.08483333333333333,0.23916666666666664,equal_macro,
rule,583909,3407,primary,shifted,1,1,1,111,0.12516666666666668,0.6672499999999999,equal_macro,
rule,685012,7,primary,canonical,0,0,0,000,0.9988333333333335,1.0,equal_macro,
rule,685012,7,primary,canonical,0,0,1,001,0.9993333333333334,1.0,equal_macro,
rule,685012,7,primary,canonical,0,1,0,010,0.9995,1.0,equal_macro,
rule,685012,7,primary,canonical,0,1,1,011,0.9997500000000001,1.0,equal_macro,
rule,685012,7,primary,canonical,1,0,0,100,0.06066666666666666,0.23583333333333334,equal_macro,
rule,685012,7,primary,canonical,1,0,1,101,0.11083333333333334,0.6618333333333334,equal_macro,
rule,685012,7,primary,canonical,1,1,0,110,0.0795,0.21816666666666665,equal_macro,
rule,685012,7,primary,canonical,1,1,1,111,0.12008333333333335,0.6501666666666666,equal_macro,
rule,685012,7,primary,shifted,0,0,0,000,0.9976666666666667,1.0,equal_macro,
rule,685012,7,primary,shifted,0,0,1,001,0.9988333333333335,1.0,equal_macro,
rule,685012,7,primary,shifted,0,1,0,010,0.99925,1.0,equal_macro,
rule,685012,7,primary,shifted,0,1,1,011,0.9995833333333335,1.0,equal_macro,
rule,685012,7,primary,shifted,1,0,0,100,0.05999999999999999,0.2356666666666667,equal_macro,
rule,685012,7,primary,shifted,1,0,1,101,0.11383333333333334,0.6695,equal_macro,
rule,685012,7,primary,shifted,1,1,0,110,0.078,0.21725,equal_macro,
rule,685012,7,primary,shifted,1,1,1,111,0.12091666666666666,0.6575833333333333,equal_macro,
rule,685012,42,primary,canonical,0,0,0,000,0.9988333333333332,1.0,equal_macro,
rule,685012,42,primary,canonical,0,0,1,001,0.9988333333333335,1.0,equal_macro,
rule,685012,42,primary,canonical,0,1,0,010,0.9995833333333335,1.0,equal_macro,
rule,685012,42,primary,canonical,0,1,1,011,0.9996666666666667,1.0,equal_macro,
rule,685012,42,primary,canonical,1,0,0,100,0.060000000000000005,0.2723333333333333,equal_macro,
rule,685012,42,primary,canonical,1,0,1,101,0.0555,0.6400833333333333,equal_macro,
rule,685012,42,primary,canonical,1,1,0,110,0.07141666666666666,0.2341666666666667,equal_macro,
rule,685012,42,primary,canonical,1,1,1,111,0.06775,0.64375,equal_macro,
rule,685012,42,primary,shifted,0,0,0,000,0.9978333333333333,1.0,equal_macro,
rule,685012,42,primary,shifted,0,0,1,001,0.9981666666666668,1.0,equal_macro,
rule,685012,42,primary,shifted,0,1,0,010,0.9992500000000001,1.0,equal_macro,
rule,685012,42,primary,shifted,0,1,1,011,0.9994166666666667,1.0,equal_macro,
rule,685012,42,primary,shifted,1,0,0,100,0.06208333333333334,0.27599999999999997,equal_macro,
rule,685012,42,primary,shifted,1,0,1,101,0.05658333333333333,0.6471666666666667,equal_macro,
rule,685012,42,primary,shifted,1,1,0,110,0.07233333333333333,0.23583333333333334,equal_macro,
rule,685012,42,primary,shifted,1,1,1,111,0.06916666666666667,0.6527499999999999,equal_macro,
rule,685012,123,primary,canonical,0,0,0,000,0.9986666666666668,1.0,equal_macro,
rule,685012,123,primary,canonical,0,0,1,001,0.9990000000000001,1.0,equal_macro,
rule,685012,123,primary,canonical,0,1,0,010,0.9996666666666667,1.0,equal_macro,
rule,685012,123,primary,canonical,0,1,1,011,0.9996666666666667,1.0,equal_macro,
rule,685012,123,primary,canonical,1,0,0,100,0.10758333333333332,0.2703333333333333,equal_macro,
rule,685012,123,primary,canonical,1,0,1,101,0.09216666666666667,0.7168333333333334,equal_macro,
rule,685012,123,primary,canonical,1,1,0,110,0.124,0.23683333333333334,equal_macro,
rule,685012,123,primary,canonical,1,1,1,111,0.09333333333333334,0.7249166666666667,equal_macro,
rule,685012,123,primary,shifted,0,0,0,000,0.9975833333333333,1.0,equal_macro,
rule,685012,123,primary,shifted,0,0,1,001,0.9985833333333334,1.0,equal_macro,
rule,685012,123,primary,shifted,0,1,0,010,0.9992500000000001,1.0,equal_macro,
rule,685012,123,primary,shifted,0,1,1,011,0.9995833333333335,1.0,equal_macro,
rule,685012,123,primary,shifted,1,0,0,100,0.11000000000000001,0.271,equal_macro,
rule,685012,123,primary,shifted,1,0,1,101,0.09983333333333333,0.7224166666666667,equal_macro,
rule,685012,123,primary,shifted,1,1,0,110,0.12541666666666668,0.2370833333333333,equal_macro,
rule,685012,123,primary,shifted,1,1,1,111,0.10283333333333333,0.7315,equal_macro,
rule,685012,2026,primary,canonical,0,0,0,000,0.9990000000000001,1.0,equal_macro,
rule,685012,2026,primary,canonical,0,0,1,001,0.9993333333333334,1.0,equal_macro,
rule,685012,2026,primary,canonical,0,1,0,010,0.9995833333333333,1.0,equal_macro,
rule,685012,2026,primary,canonical,0,1,1,011,0.9997499999999999,1.0,equal_macro,
rule,685012,2026,primary,canonical,1,0,0,100,0.15525,0.3646666666666667,equal_macro,
rule,685012,2026,primary,canonical,1,0,1,101,0.07466666666666667,0.792,equal_macro,
rule,685012,2026,primary,canonical,1,1,0,110,0.18091666666666667,0.3435,equal_macro,
rule,685012,2026,primary,canonical,1,1,1,111,0.08483333333333333,0.7970833333333333,equal_macro,
rule,685012,2026,primary,shifted,0,0,0,000,0.9977499999999999,1.0,equal_macro,
rule,685012,2026,primary,shifted,0,0,1,001,0.9989166666666667,1.0,equal_macro,
rule,685012,2026,primary,shifted,0,1,0,010,0.9993333333333334,1.0,equal_macro,
rule,685012,2026,primary,shifted,0,1,1,011,0.9996666666666667,1.0,equal_macro,
rule,685012,2026,primary,shifted,1,0,0,100,0.15691666666666665,0.36375,equal_macro,
rule,685012,2026,primary,shifted,1,0,1,101,0.07683333333333334,0.7935833333333333,equal_macro,
rule,685012,2026,primary,shifted,1,1,0,110,0.17741666666666667,0.3395,equal_macro,
rule,685012,2026,primary,shifted,1,1,1,111,0.08741666666666667,0.8004166666666666,equal_macro,
rule,685012,3407,primary,canonical,0,0,0,000,0.9991666666666668,1.0,equal_macro,
rule,685012,3407,primary,canonical,0,0,1,001,0.9991666666666668,1.0,equal_macro,
rule,685012,3407,primary,canonical,0,1,0,010,0.9995833333333333,1.0,equal_macro,
rule,685012,3407,primary,canonical,0,1,1,011,0.9995833333333333,1.0,equal_macro,
rule,685012,3407,primary,canonical,1,0,0,100,0.14916666666666667,0.31775,equal_macro,
rule,685012,3407,primary,canonical,1,0,1,101,0.18025000000000002,0.7498333333333334,equal_macro,
rule,685012,3407,primary,canonical,1,1,0,110,0.16925,0.29475,equal_macro,
rule,685012,3407,primary,canonical,1,1,1,111,0.18391666666666664,0.7348333333333334,equal_macro,
rule,685012,3407,primary,shifted,0,0,0,000,0.9978333333333333,1.0,equal_macro,
rule,685012,3407,primary,shifted,0,0,1,001,0.9989166666666667,1.0,equal_macro,
rule,685012,3407,primary,shifted,0,1,0,010,0.9991666666666668,1.0,equal_macro,
rule,685012,3407,primary,shifted,0,1,1,011,0.9995833333333333,1.0,equal_macro,
rule,685012,3407,primary,shifted,1,0,0,100,0.1475,0.3179166666666667,equal_macro,
rule,685012,3407,primary,shifted,1,0,1,101,0.17600000000000002,0.7517499999999999,equal_macro,
rule,685012,3407,primary,shifted,1,1,0,110,0.16524999999999998,0.29341666666666666,equal_macro,
rule,685012,3407,primary,shifted,1,1,1,111,0.17958333333333334,0.7373333333333334,equal_macro,
rule,715822,7,primary,canonical,0,0,0,000,0.9993333333333334,1.0,equal_macro,
rule,715822,7,primary,canonical,0,0,1,001,0.9993333333333334,1.0,equal_macro,
rule,715822,7,primary,canonical,0,1,0,010,0.9995833333333333,1.0,equal_macro,
rule,715822,7,primary,canonical,0,1,1,011,0.9998333333333334,1.0,equal_macro,
rule,715822,7,primary,canonical,1,0,0,100,0.15333333333333332,0.3330833333333333,equal_macro,
rule,715822,7,primary,canonical,1,0,1,101,0.10366666666666667,0.7080833333333333,equal_macro,
rule,715822,7,primary,canonical,1,1,0,110,0.15725,0.29708333333333337,equal_macro,
rule,715822,7,primary,canonical,1,1,1,111,0.11049999999999999,0.6936666666666667,equal_macro,
rule,715822,7,primary,shifted,0,0,0,000,0.9980833333333334,1.0,equal_macro,
rule,715822,7,primary,shifted,0,0,1,001,0.9989166666666667,1.0,equal_macro,
rule,715822,7,primary,shifted,0,1,0,010,0.99925,1.0,equal_macro,
rule,715822,7,primary,shifted,0,1,1,011,0.9995833333333333,1.0,equal_macro,
rule,715822,7,primary,shifted,1,0,0,100,0.15650000000000003,0.3371666666666666,equal_macro,
rule,715822,7,primary,shifted,1,0,1,101,0.11158333333333334,0.7178333333333333,equal_macro,
rule,715822,7,primary,shifted,1,1,0,110,0.16,0.29908333333333337,equal_macro,
rule,715822,7,primary,shifted,1,1,1,111,0.11816666666666667,0.7041666666666667,equal_macro,
rule,715822,42,primary,canonical,0,0,0,000,0.9988333333333335,1.0,equal_macro,
rule,715822,42,primary,canonical,0,0,1,001,0.9991666666666668,1.0,equal_macro,
rule,715822,42,primary,canonical,0,1,0,010,0.9995,1.0,equal_macro,
rule,715822,42,primary,canonical,0,1,1,011,0.9997499999999999,1.0,equal_macro,
rule,715822,42,primary,canonical,1,0,0,100,0.058333333333333334,0.22158333333333333,equal_macro,
rule,715822,42,primary,canonical,1,0,1,101,0.05691666666666667,0.5567500000000001,equal_macro,
rule,715822,42,primary,canonical,1,1,0,110,0.07116666666666667,0.18133333333333335,equal_macro,
rule,715822,42,primary,canonical,1,1,1,111,0.065,0.5498333333333333,equal_macro,
rule,715822,42,primary,shifted,0,0,0,000,0.9978333333333333,1.0,equal_macro,
rule,715822,42,primary,shifted,0,0,1,001,0.99875,1.0,equal_macro,
rule,715822,42,primary,shifted,0,1,0,010,0.9991666666666668,1.0,equal_macro,
rule,715822,42,primary,shifted,0,1,1,011,0.9995,1.0,equal_macro,
rule,715822,42,primary,shifted,1,0,0,100,0.060500000000000005,0.22299999999999998,equal_macro,
rule,715822,42,primary,shifted,1,0,1,101,0.059083333333333335,0.5630833333333334,equal_macro,
rule,715822,42,primary,shifted,1,1,0,110,0.07183333333333333,0.18225,equal_macro,
rule,715822,42,primary,shifted,1,1,1,111,0.06925,0.5586666666666666,equal_macro,
rule,715822,123,primary,canonical,0,0,0,000,0.9989166666666668,1.0,equal_macro,
rule,715822,123,primary,canonical,0,0,1,001,0.9990000000000001,1.0,equal_macro,
rule,715822,123,primary,canonical,0,1,0,010,0.9994166666666666,1.0,equal_macro,
rule,715822,123,primary,canonical,0,1,1,011,0.9995,1.0,equal_macro,
rule,715822,123,primary,canonical,1,0,0,100,0.11150000000000002,0.23583333333333334,equal_macro,
rule,715822,123,primary,canonical,1,0,1,101,0.15083333333333335,0.6035833333333334,equal_macro,
rule,715822,123,primary,canonical,1,1,0,110,0.12741666666666668,0.21900000000000003,equal_macro,
rule,715822,123,primary,canonical,1,1,1,111,0.16641666666666666,0.5925833333333334,equal_macro,
rule,715822,123,primary,shifted,0,0,0,000,0.9978333333333335,1.0,equal_macro,
rule,715822,123,primary,shifted,0,0,1,001,0.9984999999999999,1.0,equal_macro,
rule,715822,123,primary,shifted,0,1,0,010,0.9990833333333333,1.0,equal_macro,
rule,715822,123,primary,shifted,0,1,1,011,0.99925,1.0,equal_macro,
rule,715822,123,primary,shifted,1,0,0,100,0.11166666666666668,0.238,equal_macro,
rule,715822,123,primary,shifted,1,0,1,101,0.153,0.6104166666666667,equal_macro,
rule,715822,123,primary,shifted,1,1,0,110,0.12591666666666668,0.21925,equal_macro,
rule,715822,123,primary,shifted,1,1,1,111,0.16666666666666669,0.5985,equal_macro,
rule,715822,2026,primary,canonical,0,0,0,000,0.9989166666666667,1.0,equal_macro,
rule,715822,2026,primary,canonical,0,0,1,001,0.9990833333333334,1.0,equal_macro,
rule,715822,2026,primary,canonical,0,1,0,010,0.9996666666666667,1.0,equal_macro,
rule,715822,2026,primary,canonical,0,1,1,011,0.9996666666666667,1.0,equal_macro,
rule,715822,2026,primary,canonical,1,0,0,100,0.08916666666666666,0.26908333333333334,equal_macro,
rule,715822,2026,primary,canonical,1,0,1,101,0.08341666666666667,0.7040833333333334,equal_macro,
rule,715822,2026,primary,canonical,1,1,0,110,0.09991666666666667,0.22999999999999998,equal_macro,
rule,715822,2026,primary,canonical,1,1,1,111,0.08708333333333333,0.7133333333333334,equal_macro,
rule,715822,2026,primary,shifted,0,0,0,000,0.9978333333333333,1.0,equal_macro,
rule,715822,2026,primary,shifted,0,0,1,001,0.9986666666666668,1.0,equal_macro,
rule,715822,2026,primary,shifted,0,1,0,010,0.9991666666666668,1.0,equal_macro,
rule,715822,2026,primary,shifted,0,1,1,011,0.9995,1.0,equal_macro,
rule,715822,2026,primary,shifted,1,0,0,100,0.09016666666666666,0.26975,equal_macro,
rule,715822,2026,primary,shifted,1,0,1,101,0.08266666666666667,0.7071666666666667,equal_macro,
rule,715822,2026,primary,shifted,1,1,0,110,0.10158333333333334,0.2316666666666667,equal_macro,
rule,715822,2026,primary,shifted,1,1,1,111,0.08650000000000001,0.7157500000000001,equal_macro,
rule,715822,3407,primary,canonical,0,0,0,000,0.99875,1.0,equal_macro,
rule,715822,3407,primary,canonical,0,0,1,001,0.9992500000000001,1.0,equal_macro,
rule,715822,3407,primary,canonical,0,1,0,010,0.9994166666666666,1.0,equal_macro,
rule,715822,3407,primary,canonical,0,1,1,011,0.9996666666666667,1.0,equal_macro,
rule,715822,3407,primary,canonical,1,0,0,100,0.053,0.1925,equal_macro,
rule,715822,3407,primary,canonical,1,0,1,101,0.04808333333333333,0.657,equal_macro,
rule,715822,3407,primary,canonical,1,1,0,110,0.06008333333333333,0.15949999999999998,equal_macro,
rule,715822,3407,primary,canonical,1,1,1,111,0.04691666666666667,0.655,equal_macro,
rule,715822,3407,primary,shifted,0,0,0,000,0.9978333333333333,1.0,equal_macro,
rule,715822,3407,primary,shifted,0,0,1,001,0.9988333333333335,1.0,equal_macro,
rule,715822,3407,primary,shifted,0,1,0,010,0.9990833333333333,1.0,equal_macro,
rule,715822,3407,primary,shifted,0,1,1,011,0.9995,1.0,equal_macro,
rule,715822,3407,primary,shifted,1,0,0,100,0.0545,0.19375000000000003,equal_macro,
rule,715822,3407,primary,shifted,1,0,1,101,0.050166666666666665,0.6614166666666667,equal_macro,
rule,715822,3407,primary,shifted,1,1,0,110,0.0615,0.16075,equal_macro,
rule,715822,3407,primary,shifted,1,1,1,111,0.04825,0.66025,equal_macro,
rule,739263,7,primary,canonical,0,0,0,000,0.99925,1.0,equal_macro,
rule,739263,7,primary,canonical,0,0,1,001,0.99925,1.0,equal_macro,
rule,739263,7,primary,canonical,0,1,0,010,0.9995,1.0,equal_macro,
rule,739263,7,primary,canonical,0,1,1,011,0.9998333333333334,1.0,equal_macro,
rule,739263,7,primary,canonical,1,0,0,100,0.14066666666666666,0.34099999999999997,equal_macro,
rule,739263,7,primary,canonical,1,0,1,101,0.12116666666666666,0.7490000000000001,equal_macro,
rule,739263,7,primary,canonical,1,1,0,110,0.14241666666666666,0.29841666666666666,equal_macro,
rule,739263,7,primary,canonical,1,1,1,111,0.118,0.7451666666666668,equal_macro,
rule,739263,7,primary,shifted,0,0,0,000,0.9979166666666666,1.0,equal_macro,
rule,739263,7,primary,shifted,0,0,1,001,0.9986666666666666,1.0,equal_macro,
rule,739263,7,primary,shifted,0,1,0,010,0.9993333333333334,1.0,equal_macro,
rule,739263,7,primary,shifted,0,1,1,011,0.9995833333333333,1.0,equal_macro,
rule,739263,7,primary,shifted,1,0,0,100,0.14091666666666666,0.3411666666666667,equal_macro,
rule,739263,7,primary,shifted,1,0,1,101,0.12291666666666667,0.7495,equal_macro,
rule,739263,7,primary,shifted,1,1,0,110,0.14333333333333334,0.29716666666666663,equal_macro,
rule,739263,7,primary,shifted,1,1,1,111,0.11883333333333333,0.746,equal_macro,
rule,739263,42,primary,canonical,0,0,0,000,0.9989166666666667,1.0,equal_macro,
rule,739263,42,primary,canonical,0,0,1,001,0.99925,1.0,equal_macro,
rule,739263,42,primary,canonical,0,1,0,010,0.9995,1.0,equal_macro,
rule,739263,42,primary,canonical,0,1,1,011,0.9997499999999999,1.0,equal_macro,
rule,739263,42,primary,canonical,1,0,0,100,0.09366666666666666,0.28883333333333333,equal_macro,
rule,739263,42,primary,canonical,1,0,1,101,0.06808333333333334,0.6619166666666667,equal_macro,
rule,739263,42,primary,canonical,1,1,0,110,0.10074999999999999,0.25475,equal_macro,
rule,739263,42,primary,canonical,1,1,1,111,0.06891666666666667,0.6730833333333333,equal_macro,
rule,739263,42,primary,shifted,0,0,0,000,0.9977499999999999,1.0,equal_macro,
rule,739263,42,primary,shifted,0,0,1,001,0.9990000000000001,1.0,equal_macro,
rule,739263,42,primary,shifted,0,1,0,010,0.9991666666666668,1.0,equal_macro,
rule,739263,42,primary,shifted,0,1,1,011,0.9995833333333333,1.0,equal_macro,
rule,739263,42,primary,shifted,1,0,0,100,0.09383333333333334,0.28733333333333333,equal_macro,
rule,739263,42,primary,shifted,1,0,1,101,0.06808333333333334,0.66,equal_macro,
rule,739263,42,primary,shifted,1,1,0,110,0.10108333333333333,0.25525,equal_macro,
rule,739263,42,primary,shifted,1,1,1,111,0.07033333333333333,0.67425,equal_macro,
rule,739263,123,primary,canonical,0,0,0,000,0.9991666666666668,1.0,equal_macro,
rule,739263,123,primary,canonical,0,0,1,001,0.9994166666666667,1.0,equal_macro,
rule,739263,123,primary,canonical,0,1,0,010,0.9995833333333335,1.0,equal_macro,
rule,739263,123,primary,canonical,0,1,1,011,0.9996666666666667,1.0,equal_macro,
rule,739263,123,primary,canonical,1,0,0,100,0.07833333333333334,0.33924999999999994,equal_macro,
rule,739263,123,primary,canonical,1,0,1,101,0.03891666666666667,0.7244166666666667,equal_macro,
rule,739263,123,primary,canonical,1,1,0,110,0.10566666666666666,0.324,equal_macro,
rule,739263,123,primary,canonical,1,1,1,111,0.04466666666666666,0.74925,equal_macro,
rule,739263,123,primary,shifted,0,0,0,000,0.9980833333333334,1.0,equal_macro,
rule,739263,123,primary,shifted,0,0,1,001,0.9990833333333334,1.0,equal_macro,
rule,739263,123,primary,shifted,0,1,0,010,0.9991666666666668,1.0,equal_macro,
rule,739263,123,primary,shifted,0,1,1,011,0.9994166666666667,1.0,equal_macro,
rule,739263,123,primary,shifted,1,0,0,100,0.08366666666666667,0.3414166666666667,equal_macro,
rule,739263,123,primary,shifted,1,0,1,101,0.040916666666666664,0.7285833333333334,equal_macro,
rule,739263,123,primary,shifted,1,1,0,110,0.11033333333333334,0.3254166666666667,equal_macro,
rule,739263,123,primary,shifted,1,1,1,111,0.04716666666666666,0.7534166666666666,equal_macro,
rule,739263,2026,primary,canonical,0,0,0,000,0.9989166666666668,1.0,equal_macro,
rule,739263,2026,primary,canonical,0,0,1,001,0.9991666666666668,1.0,equal_macro,
rule,739263,2026,primary,canonical,0,1,0,010,0.9995,1.0,equal_macro,
rule,739263,2026,primary,canonical,0,1,1,011,0.9996666666666667,1.0,equal_macro,
rule,739263,2026,primary,canonical,1,0,0,100,0.06158333333333334,0.22741666666666666,equal_macro,
rule,739263,2026,primary,canonical,1,0,1,101,0.04733333333333334,0.5588333333333333,equal_macro,
rule,739263,2026,primary,canonical,1,1,0,110,0.07108333333333333,0.19641666666666663,equal_macro,
rule,739263,2026,primary,canonical,1,1,1,111,0.05516666666666667,0.5422500000000001,equal_macro,
rule,739263,2026,primary,shifted,0,0,0,000,0.9980833333333334,1.0,equal_macro,
rule,739263,2026,primary,shifted,0,0,1,001,0.9987500000000001,1.0,equal_macro,
rule,739263,2026,primary,shifted,0,1,0,010,0.9990833333333334,1.0,equal_macro,
rule,739263,2026,primary,shifted,0,1,1,011,0.9995833333333335,1.0,equal_macro,
rule,739263,2026,primary,shifted,1,0,0,100,0.063,0.22766666666666668,equal_macro,
rule,739263,2026,primary,shifted,1,0,1,101,0.0485,0.5563333333333333,equal_macro,
rule,739263,2026,primary,shifted,1,1,0,110,0.07125000000000001,0.19425,equal_macro,
rule,739263,2026,primary,shifted,1,1,1,111,0.05708333333333333,0.5401666666666667,equal_macro,
rule,739263,3407,primary,canonical,0,0,0,000,0.9988333333333332,1.0,equal_macro,
rule,739263,3407,primary,canonical,0,0,1,001,0.9993333333333334,1.0,equal_macro,
rule,739263,3407,primary,canonical,0,1,0,010,0.9994166666666666,1.0,equal_macro,
rule,739263,3407,primary,canonical,0,1,1,011,0.9999166666666668,1.0,equal_macro,
rule,739263,3407,primary,canonical,1,0,0,100,0.04591666666666667,0.21758333333333332,equal_macro,
rule,739263,3407,primary,canonical,1,0,1,101,0.03075,0.5635833333333333,equal_macro,
rule,739263,3407,primary,canonical,1,1,0,110,0.059166666666666666,0.17908333333333332,equal_macro,
rule,739263,3407,primary,canonical,1,1,1,111,0.03291666666666667,0.5506666666666666,equal_macro,
rule,739263,3407,primary,shifted,0,0,0,000,0.9977500000000001,1.0,equal_macro,
rule,739263,3407,primary,shifted,0,0,1,001,0.99875,1.0,equal_macro,
rule,739263,3407,primary,shifted,0,1,0,010,0.9993333333333334,1.0,equal_macro,
rule,739263,3407,primary,shifted,0,1,1,011,0.9995833333333333,1.0,equal_macro,
rule,739263,3407,primary,shifted,1,0,0,100,0.0475,0.21883333333333332,equal_macro,
rule,739263,3407,primary,shifted,1,0,1,101,0.03141666666666667,0.5715,equal_macro,
rule,739263,3407,primary,shifted,1,1,0,110,0.060666666666666674,0.1815,equal_macro,
rule,739263,3407,primary,shifted,1,1,1,111,0.034416666666666665,0.5604166666666667,equal_macro,
rule,748203,7,primary,canonical,0,0,0,000,0.9989166666666667,1.0,equal_macro,
rule,748203,7,primary,canonical,0,0,1,001,0.9991666666666668,1.0,equal_macro,
rule,748203,7,primary,canonical,0,1,0,010,0.9996666666666667,1.0,equal_macro,
rule,748203,7,primary,canonical,0,1,1,011,0.9997499999999999,1.0,equal_macro,
rule,748203,7,primary,canonical,1,0,0,100,0.12566666666666668,0.3071666666666667,equal_macro,
rule,748203,7,primary,canonical,1,0,1,101,0.19758333333333333,0.754,equal_macro,
rule,748203,7,primary,canonical,1,1,0,110,0.13791666666666666,0.27166666666666667,equal_macro,
rule,748203,7,primary,canonical,1,1,1,111,0.20775,0.7491666666666668,equal_macro,
rule,748203,7,primary,shifted,0,0,0,000,0.9980833333333334,1.0,equal_macro,
rule,748203,7,primary,shifted,0,0,1,001,0.99875,1.0,equal_macro,
rule,748203,7,primary,shifted,0,1,0,010,0.99925,1.0,equal_macro,
rule,748203,7,primary,shifted,0,1,1,011,0.9994166666666666,1.0,equal_macro,
rule,748203,7,primary,shifted,1,0,0,100,0.12708333333333333,0.30516666666666664,equal_macro,
rule,748203,7,primary,shifted,1,0,1,101,0.19999999999999998,0.7548333333333332,equal_macro,
rule,748203,7,primary,shifted,1,1,0,110,0.14250000000000002,0.2733333333333333,equal_macro,
rule,748203,7,primary,shifted,1,1,1,111,0.20808333333333331,0.7493333333333334,equal_macro,
rule,748203,42,primary,canonical,0,0,0,000,0.9989166666666667,1.0,equal_macro,
rule,748203,42,primary,canonical,0,0,1,001,0.9990833333333334,1.0,equal_macro,
rule,748203,42,primary,canonical,0,1,0,010,0.9996666666666667,1.0,equal_macro,
rule,748203,42,primary,canonical,0,1,1,011,0.9997500000000001,1.0,equal_macro,
rule,748203,42,primary,canonical,1,0,0,100,0.05575000000000001,0.19166666666666668,equal_macro,
rule,748203,42,primary,canonical,1,0,1,101,0.04866666666666667,0.5070833333333333,equal_macro,
rule,748203,42,primary,canonical,1,1,0,110,0.059916666666666674,0.15333333333333332,equal_macro,
rule,748203,42,primary,canonical,1,1,1,111,0.0615,0.48891666666666667,equal_macro,
rule,748203,42,primary,shifted,0,0,0,000,0.9977500000000001,1.0,equal_macro,
rule,748203,42,primary,shifted,0,0,1,001,0.9989166666666668,1.0,equal_macro,
rule,748203,42,primary,shifted,0,1,0,010,0.9993333333333334,1.0,equal_macro,
rule,748203,42,primary,shifted,0,1,1,011,0.9995,1.0,equal_macro,
rule,748203,42,primary,shifted,1,0,0,100,0.05875,0.19766666666666666,equal_macro,
rule,748203,42,primary,shifted,1,0,1,101,0.05308333333333333,0.5163333333333333,equal_macro,
rule,748203,42,primary,shifted,1,1,0,110,0.06366666666666666,0.16008333333333333,equal_macro,
rule,748203,42,primary,shifted,1,1,1,111,0.0665,0.4994166666666667,equal_macro,
rule,748203,123,primary,canonical,0,0,0,000,0.9990833333333333,1.0,equal_macro,
rule,748203,123,primary,canonical,0,0,1,001,0.9990000000000001,1.0,equal_macro,
rule,748203,123,primary,canonical,0,1,0,010,0.9996666666666667,1.0,equal_macro,
rule,748203,123,primary,canonical,0,1,1,011,0.9998333333333334,1.0,equal_macro,
rule,748203,123,primary,canonical,1,0,0,100,0.058,0.21908333333333335,equal_macro,
rule,748203,123,primary,canonical,1,0,1,101,0.03941666666666667,0.7186666666666667,equal_macro,
rule,748203,123,primary,canonical,1,1,0,110,0.07125000000000001,0.19075,equal_macro,
rule,748203,123,primary,canonical,1,1,1,111,0.04491666666666667,0.7275,equal_macro,
rule,748203,123,primary,shifted,0,0,0,000,0.998,1.0,equal_macro,
rule,748203,123,primary,shifted,0,0,1,001,0.99875,1.0,equal_macro,
rule,748203,123,primary,shifted,0,1,0,010,0.9994166666666666,1.0,equal_macro,
rule,748203,123,primary,shifted,0,1,1,011,0.9995,1.0,equal_macro,
rule,748203,123,primary,shifted,1,0,0,100,0.05616666666666666,0.21866666666666668,equal_macro,
rule,748203,123,primary,shifted,1,0,1,101,0.04191666666666667,0.7245,equal_macro,
rule,748203,123,primary,shifted,1,1,0,110,0.06941666666666667,0.18841666666666668,equal_macro,
rule,748203,123,primary,shifted,1,1,1,111,0.048916666666666664,0.7299166666666667,equal_macro,
rule,748203,2026,primary,canonical,0,0,0,000,0.9990000000000001,1.0,equal_macro,
rule,748203,2026,primary,canonical,0,0,1,001,0.9994166666666666,1.0,equal_macro,
rule,748203,2026,primary,canonical,0,1,0,010,0.9996666666666667,1.0,equal_macro,
rule,748203,2026,primary,canonical,0,1,1,011,0.9998333333333334,1.0,equal_macro,
rule,748203,2026,primary,canonical,1,0,0,100,0.20808333333333334,0.42441666666666666,equal_macro,
rule,748203,2026,primary,canonical,1,0,1,101,0.088,0.8584166666666666,equal_macro,
rule,748203,2026,primary,canonical,1,1,0,110,0.22491666666666668,0.39725000000000005,equal_macro,
rule,748203,2026,primary,canonical,1,1,1,111,0.09491666666666666,0.8728333333333333,equal_macro,
rule,748203,2026,primary,shifted,0,0,0,000,0.9978333333333333,1.0,equal_macro,
rule,748203,2026,primary,shifted,0,0,1,001,0.9988333333333335,1.0,equal_macro,
rule,748203,2026,primary,shifted,0,1,0,010,0.9989999999999999,1.0,equal_macro,
rule,748203,2026,primary,shifted,0,1,1,011,0.9995,1.0,equal_macro,
rule,748203,2026,primary,shifted,1,0,0,100,0.20150000000000004,0.4195833333333333,equal_macro,
rule,748203,2026,primary,shifted,1,0,1,101,0.08583333333333333,0.8605833333333334,equal_macro,
rule,748203,2026,primary,shifted,1,1,0,110,0.22100000000000003,0.39483333333333337,equal_macro,
rule,748203,2026,primary,shifted,1,1,1,111,0.09391666666666666,0.87625,equal_macro,
rule,748203,3407,primary,canonical,0,0,0,000,0.9990833333333334,1.0,equal_macro,
rule,748203,3407,primary,canonical,0,0,1,001,0.9993333333333334,1.0,equal_macro,
rule,748203,3407,primary,canonical,0,1,0,010,0.9995833333333333,1.0,equal_macro,
rule,748203,3407,primary,canonical,0,1,1,011,0.9997499999999999,1.0,equal_macro,
rule,748203,3407,primary,canonical,1,0,0,100,0.11816666666666667,0.28325,equal_macro,
rule,748203,3407,primary,canonical,1,0,1,101,0.07166666666666667,0.7084166666666667,equal_macro,
rule,748203,3407,primary,canonical,1,1,0,110,0.13733333333333334,0.2655,equal_macro,
rule,748203,3407,primary,canonical,1,1,1,111,0.07116666666666667,0.7101666666666666,equal_macro,
rule,748203,3407,primary,shifted,0,0,0,000,0.9978333333333333,1.0,equal_macro,
rule,748203,3407,primary,shifted,0,0,1,001,0.9986666666666666,1.0,equal_macro,
rule,748203,3407,primary,shifted,0,1,0,010,0.9989999999999999,1.0,equal_macro,
rule,748203,3407,primary,shifted,0,1,1,011,0.9996666666666667,1.0,equal_macro,
rule,748203,3407,primary,shifted,1,0,0,100,0.12225,0.2841666666666666,equal_macro,
rule,748203,3407,primary,shifted,1,0,1,101,0.07708333333333334,0.7130833333333333,equal_macro,
rule,748203,3407,primary,shifted,1,1,0,110,0.14225000000000002,0.2694166666666667,equal_macro,
rule,748203,3407,primary,shifted,1,1,1,111,0.07625,0.71225,equal_macro,
rule,820632,7,primary,canonical,0,0,0,000,0.9990833333333333,1.0,equal_macro,
rule,820632,7,primary,canonical,0,0,1,001,0.9995,1.0,equal_macro,
rule,820632,7,primary,canonical,0,1,0,010,0.9996666666666667,1.0,equal_macro,
rule,820632,7,primary,canonical,0,1,1,011,0.9999166666666668,1.0,equal_macro,
rule,820632,7,primary,canonical,1,0,0,100,0.09516666666666666,0.29966666666666664,equal_macro,
rule,820632,7,primary,canonical,1,0,1,101,0.041749999999999995,0.6541666666666667,equal_macro,
rule,820632,7,primary,canonical,1,1,0,110,0.12125,0.27725,equal_macro,
rule,820632,7,primary,canonical,1,1,1,111,0.03866666666666667,0.6677500000000001,equal_macro,
rule,820632,7,primary,shifted,0,0,0,000,0.9980833333333334,1.0,equal_macro,
rule,820632,7,primary,shifted,0,0,1,001,0.9988333333333335,1.0,equal_macro,
rule,820632,7,primary,shifted,0,1,0,010,0.9994166666666666,1.0,equal_macro,
rule,820632,7,primary,shifted,0,1,1,011,0.9995,1.0,equal_macro,
rule,820632,7,primary,shifted,1,0,0,100,0.09241666666666666,0.29466666666666663,equal_macro,
rule,820632,7,primary,shifted,1,0,1,101,0.04041666666666667,0.65575,equal_macro,
rule,820632,7,primary,shifted,1,1,0,110,0.11666666666666665,0.27108333333333334,equal_macro,
rule,820632,7,primary,shifted,1,1,1,111,0.038250000000000006,0.671,equal_macro,
rule,820632,42,primary,canonical,0,0,0,000,0.9991666666666668,1.0,equal_macro,
rule,820632,42,primary,canonical,0,0,1,001,0.9993333333333334,1.0,equal_macro,
rule,820632,42,primary,canonical,0,1,0,010,0.9995833333333333,1.0,equal_macro,
rule,820632,42,primary,canonical,0,1,1,011,0.9998333333333334,1.0,equal_macro,
rule,820632,42,primary,canonical,1,0,0,100,0.12533333333333335,0.32999999999999996,equal_macro,
rule,820632,42,primary,canonical,1,0,1,101,0.07366666666666666,0.6725,equal_macro,
rule,820632,42,primary,canonical,1,1,0,110,0.14866666666666667,0.3058333333333333,equal_macro,
rule,820632,42,primary,canonical,1,1,1,111,0.08325,0.6735833333333334,equal_macro,
rule,820632,42,primary,shifted,0,0,0,000,0.9979166666666666,1.0,equal_macro,
rule,820632,42,primary,shifted,0,0,1,001,0.9988333333333332,1.0,equal_macro,
rule,820632,42,primary,shifted,0,1,0,010,0.99925,1.0,equal_macro,
rule,820632,42,primary,shifted,0,1,1,011,0.9995,1.0,equal_macro,
rule,820632,42,primary,shifted,1,0,0,100,0.12691666666666668,0.33108333333333334,equal_macro,
rule,820632,42,primary,shifted,1,0,1,101,0.07533333333333334,0.6771666666666667,equal_macro,
rule,820632,42,primary,shifted,1,1,0,110,0.15083333333333332,0.30966666666666665,equal_macro,
rule,820632,42,primary,shifted,1,1,1,111,0.08475,0.6793333333333333,equal_macro,
rule,820632,123,primary,canonical,0,0,0,000,0.9991666666666668,1.0,equal_macro,
rule,820632,123,primary,canonical,0,0,1,001,0.9991666666666668,1.0,equal_macro,
rule,820632,123,primary,canonical,0,1,0,010,0.9995833333333335,1.0,equal_macro,
rule,820632,123,primary,canonical,0,1,1,011,0.9997500000000001,1.0,equal_macro,
rule,820632,123,primary,canonical,1,0,0,100,0.033166666666666664,0.2526666666666667,equal_macro,
rule,820632,123,primary,canonical,1,0,1,101,0.034749999999999996,0.5725833333333332,equal_macro,
rule,820632,123,primary,canonical,1,1,0,110,0.034166666666666665,0.20325,equal_macro,
rule,820632,123,primary,canonical,1,1,1,111,0.034749999999999996,0.5793333333333334,equal_macro,
rule,820632,123,primary,shifted,0,0,0,000,0.9981666666666666,1.0,equal_macro,
rule,820632,123,primary,shifted,0,0,1,001,0.9987500000000001,1.0,equal_macro,
rule,820632,123,primary,shifted,0,1,0,010,0.9992500000000001,1.0,equal_macro,
rule,820632,123,primary,shifted,0,1,1,011,0.9995,1.0,equal_macro,
rule,820632,123,primary,shifted,1,0,0,100,0.033166666666666664,0.24875000000000003,equal_macro,
rule,820632,123,primary,shifted,1,0,1,101,0.035083333333333334,0.5762499999999999,equal_macro,
rule,820632,123,primary,shifted,1,1,0,110,0.034166666666666665,0.20166666666666666,equal_macro,
rule,820632,123,primary,shifted,1,1,1,111,0.03458333333333333,0.5853333333333333,equal_macro,
rule,820632,2026,primary,canonical,0,0,0,000,0.9987500000000001,1.0,equal_macro,
rule,820632,2026,primary,canonical,0,0,1,001,0.99925,1.0,equal_macro,
rule,820632,2026,primary,canonical,0,1,0,010,0.9995,1.0,equal_macro,
rule,820632,2026,primary,canonical,0,1,1,011,0.9998333333333334,1.0,equal_macro,
rule,820632,2026,primary,canonical,1,0,0,100,0.07608333333333334,0.17825000000000002,equal_macro,
rule,820632,2026,primary,canonical,1,0,1,101,0.09266666666666667,0.44408333333333333,equal_macro,
rule,820632,2026,primary,canonical,1,1,0,110,0.083,0.15125,equal_macro,
rule,820632,2026,primary,canonical,1,1,1,111,0.0985,0.40091666666666664,equal_macro,
rule,820632,2026,primary,shifted,0,0,0,000,0.9974166666666668,1.0,equal_macro,
rule,820632,2026,primary,shifted,0,0,1,001,0.9984999999999999,1.0,equal_macro,
rule,820632,2026,primary,shifted,0,1,0,010,0.9990833333333333,1.0,equal_macro,
rule,820632,2026,primary,shifted,0,1,1,011,0.9993333333333334,1.0,equal_macro,
rule,820632,2026,primary,shifted,1,0,0,100,0.07975,0.18166666666666667,equal_macro,
rule,820632,2026,primary,shifted,1,0,1,101,0.09591666666666666,0.44966666666666666,equal_macro,
rule,820632,2026,primary,shifted,1,1,0,110,0.08508333333333333,0.15408333333333335,equal_macro,
rule,820632,2026,primary,shifted,1,1,1,111,0.10024999999999999,0.40625,equal_macro,
rule,820632,3407,primary,canonical,0,0,0,000,0.9986666666666668,1.0,equal_macro,
rule,820632,3407,primary,canonical,0,0,1,001,0.9988333333333332,1.0,equal_macro,
rule,820632,3407,primary,canonical,0,1,0,010,0.9995,1.0,equal_macro,
rule,820632,3407,primary,canonical,0,1,1,011,0.9995833333333335,1.0,equal_macro,
rule,820632,3407,primary,canonical,1,0,0,100,0.06241666666666666,0.25516666666666665,equal_macro,
rule,820632,3407,primary,canonical,1,0,1,101,0.04916666666666667,0.71825,equal_macro,
rule,820632,3407,primary,canonical,1,1,0,110,0.06908333333333333,0.21766666666666667,equal_macro,
rule,820632,3407,primary,canonical,1,1,1,111,0.04616666666666666,0.7262500000000001,equal_macro,
rule,820632,3407,primary,shifted,0,0,0,000,0.9977500000000001,1.0,equal_macro,
rule,820632,3407,primary,shifted,0,0,1,001,0.9986666666666668,1.0,equal_macro,
rule,820632,3407,primary,shifted,0,1,0,010,0.9989166666666667,1.0,equal_macro,
rule,820632,3407,primary,shifted,0,1,1,011,0.9992500000000001,1.0,equal_macro,
rule,820632,3407,primary,shifted,1,0,0,100,0.06341666666666666,0.25933333333333336,equal_macro,
rule,820632,3407,primary,shifted,1,0,1,101,0.051166666666666666,0.7270833333333333,equal_macro,
rule,820632,3407,primary,shifted,1,1,0,110,0.07158333333333333,0.22133333333333333,equal_macro,
rule,820632,3407,primary,shifted,1,1,1,111,0.04908333333333334,0.7341666666666667,equal_macro,
rule,837943,7,primary,canonical,0,0,0,000,0.9990833333333333,1.0,equal_macro,
rule,837943,7,primary,canonical,0,0,1,001,0.99925,1.0,equal_macro,
rule,837943,7,primary,canonical,0,1,0,010,0.9995833333333333,1.0,equal_macro,
rule,837943,7,primary,canonical,0,1,1,011,0.9996666666666667,1.0,equal_macro,
rule,837943,7,primary,canonical,1,0,0,100,0.2145,0.35525,equal_macro,
rule,837943,7,primary,canonical,1,0,1,101,0.27525,0.8154999999999999,equal_macro,
rule,837943,7,primary,canonical,1,1,0,110,0.22541666666666665,0.3363333333333334,equal_macro,
rule,837943,7,primary,canonical,1,1,1,111,0.28425,0.8136666666666665,equal_macro,
rule,837943,7,primary,shifted,0,0,0,000,0.9979166666666666,1.0,equal_macro,
rule,837943,7,primary,shifted,0,0,1,001,0.99875,1.0,equal_macro,
rule,837943,7,primary,shifted,0,1,0,010,0.9989166666666667,1.0,equal_macro,
rule,837943,7,primary,shifted,0,1,1,011,0.9993333333333334,1.0,equal_macro,
rule,837943,7,primary,shifted,1,0,0,100,0.2101666666666667,0.35175,equal_macro,
rule,837943,7,primary,shifted,1,0,1,101,0.2719166666666667,0.8160833333333333,equal_macro,
rule,837943,7,primary,shifted,1,1,0,110,0.21975000000000003,0.331,equal_macro,
rule,837943,7,primary,shifted,1,1,1,111,0.28058333333333335,0.8144166666666668,equal_macro,
rule,837943,42,primary,canonical,0,0,0,000,0.9989999999999999,1.0,equal_macro,
rule,837943,42,primary,canonical,0,0,1,001,0.9994166666666666,1.0,equal_macro,
rule,837943,42,primary,canonical,0,1,0,010,0.9995,1.0,equal_macro,
rule,837943,42,primary,canonical,0,1,1,011,0.9997499999999999,1.0,equal_macro,
rule,837943,42,primary,canonical,1,0,0,100,0.15975,0.35975,equal_macro,
rule,837943,42,primary,canonical,1,0,1,101,0.10983333333333334,0.673,equal_macro,
rule,837943,42,primary,canonical,1,1,0,110,0.16749999999999998,0.31916666666666665,equal_macro,
rule,837943,42,primary,canonical,1,1,1,111,0.12124999999999998,0.6678333333333333,equal_macro,
rule,837943,42,primary,shifted,0,0,0,000,0.9980833333333334,1.0,equal_macro,
rule,837943,42,primary,shifted,0,0,1,001,0.9991666666666668,1.0,equal_macro,
rule,837943,42,primary,shifted,0,1,0,010,0.9995,1.0,equal_macro,
rule,837943,42,primary,shifted,0,1,1,011,0.9995,1.0,equal_macro,
rule,837943,42,primary,shifted,1,0,0,100,0.16108333333333336,0.3623333333333333,equal_macro,
rule,837943,42,primary,shifted,1,0,1,101,0.11174999999999999,0.6739166666666667,equal_macro,
rule,837943,42,primary,shifted,1,1,0,110,0.16766666666666669,0.32075,equal_macro,
rule,837943,42,primary,shifted,1,1,1,111,0.12474999999999999,0.6699166666666667,equal_macro,
rule,837943,123,primary,canonical,0,0,0,000,0.99925,1.0,equal_macro,
rule,837943,123,primary,canonical,0,0,1,001,0.99925,1.0,equal_macro,
rule,837943,123,primary,canonical,0,1,0,010,0.9995833333333333,1.0,equal_macro,
rule,837943,123,primary,canonical,0,1,1,011,0.9998333333333334,1.0,equal_macro,
rule,837943,123,primary,canonical,1,0,0,100,0.1569166666666667,0.349,equal_macro,
rule,837943,123,primary,canonical,1,0,1,101,0.07133333333333333,0.7720833333333333,equal_macro,
rule,837943,123,primary,canonical,1,1,0,110,0.17174999999999999,0.31708333333333333,equal_macro,
rule,837943,123,primary,canonical,1,1,1,111,0.06758333333333333,0.7705,equal_macro,
rule,837943,123,primary,shifted,0,0,0,000,0.9977500000000001,1.0,equal_macro,
rule,837943,123,primary,shifted,0,0,1,001,0.9990833333333333,1.0,equal_macro,
rule,837943,123,primary,shifted,0,1,0,010,0.9989999999999999,1.0,equal_macro,
rule,837943,123,primary,shifted,0,1,1,011,0.9996666666666667,1.0,equal_macro,
rule,837943,123,primary,shifted,1,0,0,100,0.15516666666666667,0.3465833333333333,equal_macro,
rule,837943,123,primary,shifted,1,0,1,101,0.07091666666666667,0.7729999999999999,equal_macro,
rule,837943,123,primary,shifted,1,1,0,110,0.16741666666666663,0.312,equal_macro,
rule,837943,123,primary,shifted,1,1,1,111,0.06724999999999999,0.7715000000000001,equal_macro,
rule,837943,2026,primary,canonical,0,0,0,000,0.9990833333333333,1.0,equal_macro,
rule,837943,2026,primary,canonical,0,0,1,001,0.9990000000000001,1.0,equal_macro,
rule,837943,2026,primary,canonical,0,1,0,010,0.9996666666666667,1.0,equal_macro,
rule,837943,2026,primary,canonical,0,1,1,011,0.9997499999999999,1.0,equal_macro,
rule,837943,2026,primary,canonical,1,0,0,100,0.05766666666666667,0.29541666666666666,equal_macro,
rule,837943,2026,primary,canonical,1,0,1,101,0.06858333333333333,0.7235833333333334,equal_macro,
rule,837943,2026,primary,canonical,1,1,0,110,0.06541666666666666,0.25766666666666665,equal_macro,
rule,837943,2026,primary,canonical,1,1,1,111,0.06766666666666667,0.7248333333333332,equal_macro,
rule,837943,2026,primary,shifted,0,0,0,000,0.9980833333333334,1.0,equal_macro,
rule,837943,2026,primary,shifted,0,0,1,001,0.9985833333333334,1.0,equal_macro,
rule,837943,2026,primary,shifted,0,1,0,010,0.9988333333333335,1.0,equal_macro,
rule,837943,2026,primary,shifted,0,1,1,011,0.9994166666666666,1.0,equal_macro,
rule,837943,2026,primary,shifted,1,0,0,100,0.06066666666666667,0.2965833333333333,equal_macro,
rule,837943,2026,primary,shifted,1,0,1,101,0.07150000000000001,0.7259166666666665,equal_macro,
rule,837943,2026,primary,shifted,1,1,0,110,0.06858333333333333,0.259,equal_macro,
rule,837943,2026,primary,shifted,1,1,1,111,0.07050000000000001,0.72625,equal_macro,
rule,837943,3407,primary,canonical,0,0,0,000,0.9989166666666667,1.0,equal_macro,
rule,837943,3407,primary,canonical,0,0,1,001,0.9989166666666667,1.0,equal_macro,
rule,837943,3407,primary,canonical,0,1,0,010,0.9995833333333333,1.0,equal_macro,
rule,837943,3407,primary,canonical,0,1,1,011,0.9995,1.0,equal_macro,
rule,837943,3407,primary,canonical,1,0,0,100,0.18308333333333332,0.35250000000000004,equal_macro,
rule,837943,3407,primary,canonical,1,0,1,101,0.19749999999999998,0.7356666666666666,equal_macro,
rule,837943,3407,primary,canonical,1,1,0,110,0.19741666666666668,0.32558333333333334,equal_macro,
rule,837943,3407,primary,canonical,1,1,1,111,0.21491666666666664,0.7218333333333333,equal_macro,
rule,837943,3407,primary,shifted,0,0,0,000,0.9976666666666667,1.0,equal_macro,
rule,837943,3407,primary,shifted,0,0,1,001,0.9984166666666667,1.0,equal_macro,
rule,837943,3407,primary,shifted,0,1,0,010,0.99925,1.0,equal_macro,
rule,837943,3407,primary,shifted,0,1,1,011,0.9993333333333334,1.0,equal_macro,
rule,837943,3407,primary,shifted,1,0,0,100,0.17700000000000002,0.3468333333333333,equal_macro,
rule,837943,3407,primary,shifted,1,0,1,101,0.18975,0.7330833333333333,equal_macro,
rule,837943,3407,primary,shifted,1,1,0,110,0.1915833333333333,0.31916666666666665,equal_macro,
rule,837943,3407,primary,shifted,1,1,1,111,0.20583333333333334,0.7188333333333333,equal_macro,
rule,864178,7,primary,canonical,0,0,0,000,0.9989999999999999,1.0,equal_macro,
rule,864178,7,primary,canonical,0,0,1,001,0.9995,1.0,equal_macro,
rule,864178,7,primary,canonical,0,1,0,010,0.9996666666666667,1.0,equal_macro,
rule,864178,7,primary,canonical,0,1,1,011,0.9998333333333334,1.0,equal_macro,
rule,864178,7,primary,canonical,1,0,0,100,0.13233333333333333,0.29325,equal_macro,
rule,864178,7,primary,canonical,1,0,1,101,0.10241666666666666,0.688,equal_macro,
rule,864178,7,primary,canonical,1,1,0,110,0.14375000000000002,0.2644166666666667,equal_macro,
rule,864178,7,primary,canonical,1,1,1,111,0.11425,0.6615000000000001,equal_macro,
rule,864178,7,primary,shifted,0,0,0,000,0.9977500000000001,1.0,equal_macro,
rule,864178,7,primary,shifted,0,0,1,001,0.99875,1.0,equal_macro,
rule,864178,7,primary,shifted,0,1,0,010,0.9990000000000001,1.0,equal_macro,
rule,864178,7,primary,shifted,0,1,1,011,0.9995833333333333,1.0,equal_macro,
rule,864178,7,primary,shifted,1,0,0,100,0.13399999999999998,0.296,equal_macro,
rule,864178,7,primary,shifted,1,0,1,101,0.10541666666666667,0.6910000000000001,equal_macro,
rule,864178,7,primary,shifted,1,1,0,110,0.14583333333333334,0.269,equal_macro,
rule,864178,7,primary,shifted,1,1,1,111,0.11716666666666667,0.6645833333333333,equal_macro,
rule,864178,42,primary,canonical,0,0,0,000,0.9986666666666666,1.0,equal_macro,
rule,864178,42,primary,canonical,0,0,1,001,0.9990833333333334,1.0,equal_macro,
rule,864178,42,primary,canonical,0,1,0,010,0.9995,1.0,equal_macro,
rule,864178,42,primary,canonical,0,1,1,011,0.9995833333333335,1.0,equal_macro,
rule,864178,42,primary,canonical,1,0,0,100,0.16908333333333334,0.31433333333333335,equal_macro,
rule,864178,42,primary,canonical,1,0,1,101,0.18825,0.69925,equal_macro,
rule,864178,42,primary,canonical,1,1,0,110,0.1825,0.2823333333333333,equal_macro,
rule,864178,42,primary,canonical,1,1,1,111,0.1923333333333333,0.6797500000000001,equal_macro,
rule,864178,42,primary,shifted,0,0,0,000,0.9978333333333333,1.0,equal_macro,
rule,864178,42,primary,shifted,0,0,1,001,0.9986666666666668,1.0,equal_macro,
rule,864178,42,primary,shifted,0,1,0,010,0.9990000000000001,1.0,equal_macro,
rule,864178,42,primary,shifted,0,1,1,011,0.9993333333333334,1.0,equal_macro,
rule,864178,42,primary,shifted,1,0,0,100,0.16824999999999998,0.31216666666666665,equal_macro,
rule,864178,42,primary,shifted,1,0,1,101,0.19258333333333336,0.6981666666666666,equal_macro,
rule,864178,42,primary,shifted,1,1,0,110,0.18116666666666664,0.27958333333333335,equal_macro,
rule,864178,42,primary,shifted,1,1,1,111,0.19574999999999998,0.6783333333333335,equal_macro,
rule,864178,123,primary,canonical,0,0,0,000,0.9989999999999999,1.0,equal_macro,
rule,864178,123,primary,canonical,0,0,1,001,0.99925,1.0,equal_macro,
rule,864178,123,primary,canonical,0,1,0,010,0.9995833333333333,1.0,equal_macro,
rule,864178,123,primary,canonical,0,1,1,011,0.9997499999999999,1.0,equal_macro,
rule,864178,123,primary,canonical,1,0,0,100,0.06258333333333332,0.22791666666666666,equal_macro,
rule,864178,123,primary,canonical,1,0,1,101,0.0495,0.66325,equal_macro,
rule,864178,123,primary,canonical,1,1,0,110,0.07166666666666667,0.189,equal_macro,
rule,864178,123,primary,canonical,1,1,1,111,0.04766666666666667,0.6579166666666667,equal_macro,
rule,864178,123,primary,shifted,0,0,0,000,0.9978333333333333,1.0,equal_macro,
rule,864178,123,primary,shifted,0,0,1,001,0.9986666666666666,1.0,equal_macro,
rule,864178,123,primary,shifted,0,1,0,010,0.9993333333333334,1.0,equal_macro,
rule,864178,123,primary,shifted,0,1,1,011,0.9995,1.0,equal_macro,
rule,864178,123,primary,shifted,1,0,0,100,0.06475,0.2295,equal_macro,
rule,864178,123,primary,shifted,1,0,1,101,0.05283333333333333,0.6651666666666667,equal_macro,
rule,864178,123,primary,shifted,1,1,0,110,0.07366666666666666,0.18983333333333333,equal_macro,
rule,864178,123,primary,shifted,1,1,1,111,0.050249999999999996,0.66025,equal_macro,
rule,864178,2026,primary,canonical,0,0,0,000,0.9990000000000001,1.0,equal_macro,
rule,864178,2026,primary,canonical,0,0,1,001,0.9994166666666666,1.0,equal_macro,
rule,864178,2026,primary,canonical,0,1,0,010,0.9993333333333334,1.0,equal_macro,
rule,864178,2026,primary,canonical,0,1,1,011,0.9997500000000001,1.0,equal_macro,
rule,864178,2026,primary,canonical,1,0,0,100,0.049166666666666664,0.19316666666666665,equal_macro,
rule,864178,2026,primary,canonical,1,0,1,101,0.042583333333333334,0.6651666666666667,equal_macro,
rule,864178,2026,primary,canonical,1,1,0,110,0.05975,0.17233333333333334,equal_macro,
rule,864178,2026,primary,canonical,1,1,1,111,0.04908333333333333,0.6666666666666667,equal_macro,
rule,864178,2026,primary,shifted,0,0,0,000,0.9975,1.0,equal_macro,
rule,864178,2026,primary,shifted,0,0,1,001,0.9988333333333335,1.0,equal_macro,
rule,864178,2026,primary,shifted,0,1,0,010,0.9990833333333334,1.0,equal_macro,
rule,864178,2026,primary,shifted,0,1,1,011,0.9994166666666667,1.0,equal_macro,
rule,864178,2026,primary,shifted,1,0,0,100,0.050666666666666665,0.1965,equal_macro,
rule,864178,2026,primary,shifted,1,0,1,101,0.042833333333333334,0.6708333333333334,equal_macro,
rule,864178,2026,primary,shifted,1,1,0,110,0.0625,0.17633333333333334,equal_macro,
rule,864178,2026,primary,shifted,1,1,1,111,0.049166666666666664,0.673,equal_macro,
rule,864178,3407,primary,canonical,0,0,0,000,0.9990833333333334,1.0,equal_macro,
rule,864178,3407,primary,canonical,0,0,1,001,0.9993333333333334,1.0,equal_macro,
rule,864178,3407,primary,canonical,0,1,0,010,0.9995,1.0,equal_macro,
rule,864178,3407,primary,canonical,0,1,1,011,0.9997499999999999,1.0,equal_macro,
rule,864178,3407,primary,canonical,1,0,0,100,0.09133333333333334,0.2816666666666667,equal_macro,
rule,864178,3407,primary,canonical,1,0,1,101,0.07725,0.6956666666666667,equal_macro,
rule,864178,3407,primary,canonical,1,1,0,110,0.09625,0.243,equal_macro,
rule,864178,3407,primary,canonical,1,1,1,111,0.07483333333333334,0.6970833333333333,equal_macro,
rule,864178,3407,primary,shifted,0,0,0,000,0.9981666666666668,1.0,equal_macro,
rule,864178,3407,primary,shifted,0,0,1,001,0.9991666666666668,1.0,equal_macro,
rule,864178,3407,primary,shifted,0,1,0,010,0.9992500000000001,1.0,equal_macro,
rule,864178,3407,primary,shifted,0,1,1,011,0.9996666666666667,1.0,equal_macro,
rule,864178,3407,primary,shifted,1,0,0,100,0.092,0.28025,equal_macro,
rule,864178,3407,primary,shifted,1,0,1,101,0.07791666666666668,0.6981666666666667,equal_macro,
rule,864178,3407,primary,shifted,1,1,0,110,0.09683333333333334,0.24208333333333337,equal_macro,
rule,864178,3407,primary,shifted,1,1,1,111,0.07791666666666666,0.7012499999999999,equal_macro,
rule,922089,7,primary,canonical,0,0,0,000,0.9988333333333332,1.0,equal_macro,
rule,922089,7,primary,canonical,0,0,1,001,0.9990833333333333,1.0,equal_macro,
rule,922089,7,primary,canonical,0,1,0,010,0.9995833333333333,1.0,equal_macro,
rule,922089,7,primary,canonical,0,1,1,011,0.9998333333333334,1.0,equal_macro,
rule,922089,7,primary,canonical,1,0,0,100,0.10724999999999998,0.27625,equal_macro,
rule,922089,7,primary,canonical,1,0,1,101,0.08383333333333334,0.5906666666666667,equal_macro,
rule,922089,7,primary,canonical,1,1,0,110,0.12299999999999998,0.25083333333333335,equal_macro,
rule,922089,7,primary,canonical,1,1,1,111,0.09116666666666666,0.5806666666666667,equal_macro,
rule,922089,7,primary,shifted,0,0,0,000,0.9976666666666667,1.0,equal_macro,
rule,922089,7,primary,shifted,0,0,1,001,0.9984999999999999,1.0,equal_macro,
rule,922089,7,primary,shifted,0,1,0,010,0.99925,1.0,equal_macro,
rule,922089,7,primary,shifted,0,1,1,011,0.9995,1.0,equal_macro,
rule,922089,7,primary,shifted,1,0,0,100,0.11091666666666668,0.28225,equal_macro,
rule,922089,7,primary,shifted,1,0,1,101,0.08991666666666666,0.6030833333333333,equal_macro,
rule,922089,7,primary,shifted,1,1,0,110,0.12583333333333335,0.25416666666666665,equal_macro,
rule,922089,7,primary,shifted,1,1,1,111,0.09899999999999999,0.5934999999999999,equal_macro,
rule,922089,42,primary,canonical,0,0,0,000,0.9989166666666667,1.0,equal_macro,
rule,922089,42,primary,canonical,0,0,1,001,0.9993333333333334,1.0,equal_macro,
rule,922089,42,primary,canonical,0,1,0,010,0.9995,1.0,equal_macro,
rule,922089,42,primary,canonical,0,1,1,011,0.9999166666666668,1.0,equal_macro,
rule,922089,42,primary,canonical,1,0,0,100,0.07791666666666666,0.22933333333333333,equal_macro,
rule,922089,42,primary,canonical,1,0,1,101,0.03758333333333333,0.4975833333333333,equal_macro,
rule,922089,42,primary,canonical,1,1,0,110,0.0915,0.20725,equal_macro,
rule,922089,42,primary,canonical,1,1,1,111,0.04091666666666667,0.4770833333333333,equal_macro,
rule,922089,42,primary,shifted,0,0,0,000,0.9977500000000001,1.0,equal_macro,
rule,922089,42,primary,shifted,0,0,1,001,0.99875,1.0,equal_macro,
rule,922089,42,primary,shifted,0,1,0,010,0.9989999999999999,1.0,equal_macro,
rule,922089,42,primary,shifted,0,1,1,011,0.9997499999999999,1.0,equal_macro,
rule,922089,42,primary,shifted,1,0,0,100,0.07883333333333334,0.22949999999999998,equal_macro,
rule,922089,42,primary,shifted,1,0,1,101,0.038500000000000006,0.501,equal_macro,
rule,922089,42,primary,shifted,1,1,0,110,0.09258333333333332,0.2065833333333333,equal_macro,
rule,922089,42,primary,shifted,1,1,1,111,0.04225,0.47991666666666666,equal_macro,
rule,922089,123,primary,canonical,0,0,0,000,0.99875,1.0,equal_macro,
rule,922089,123,primary,canonical,0,0,1,001,0.9990000000000001,1.0,equal_macro,
rule,922089,123,primary,canonical,0,1,0,010,0.9995833333333335,1.0,equal_macro,
rule,922089,123,primary,canonical,0,1,1,011,0.9996666666666667,1.0,equal_macro,
rule,922089,123,primary,canonical,1,0,0,100,0.08416666666666667,0.2960833333333333,equal_macro,
rule,922089,123,primary,canonical,1,0,1,101,0.052000000000000005,0.7344999999999999,equal_macro,
rule,922089,123,primary,canonical,1,1,0,110,0.09699999999999999,0.25716666666666665,equal_macro,
rule,922089,123,primary,canonical,1,1,1,111,0.051500000000000004,0.744,equal_macro,
rule,922089,123,primary,shifted,0,0,0,000,0.9976666666666667,1.0,equal_macro,
rule,922089,123,primary,shifted,0,0,1,001,0.9987500000000001,1.0,equal_macro,
rule,922089,123,primary,shifted,0,1,0,010,0.9990833333333334,1.0,equal_macro,
rule,922089,123,primary,shifted,0,1,1,011,0.9994166666666666,1.0,equal_macro,
rule,922089,123,primary,shifted,1,0,0,100,0.08825,0.29841666666666666,equal_macro,
rule,922089,123,primary,shifted,1,0,1,101,0.05708333333333333,0.7385833333333334,equal_macro,
rule,922089,123,primary,shifted,1,1,0,110,0.10175,0.25775000000000003,equal_macro,
rule,922089,123,primary,shifted,1,1,1,111,0.05708333333333333,0.7465,equal_macro,
rule,922089,2026,primary,canonical,0,0,0,000,0.9989166666666667,1.0,equal_macro,
rule,922089,2026,primary,canonical,0,0,1,001,0.9991666666666668,1.0,equal_macro,
rule,922089,2026,primary,canonical,0,1,0,010,0.9996666666666667,1.0,equal_macro,
rule,922089,2026,primary,canonical,0,1,1,011,0.9998333333333334,1.0,equal_macro,
rule,922089,2026,primary,canonical,1,0,0,100,0.1265,0.3584166666666667,equal_macro,
rule,922089,2026,primary,canonical,1,0,1,101,0.04616666666666666,0.8018333333333334,equal_macro,
rule,922089,2026,primary,canonical,1,1,0,110,0.1415,0.33558333333333334,equal_macro,
rule,922089,2026,primary,canonical,1,1,1,111,0.04675,0.8175833333333333,equal_macro,
rule,922089,2026,primary,shifted,0,0,0,000,0.9979166666666666,1.0,equal_macro,
rule,922089,2026,primary,shifted,0,0,1,001,0.9985833333333334,1.0,equal_macro,
rule,922089,2026,primary,shifted,0,1,0,010,0.9991666666666668,1.0,equal_macro,
rule,922089,2026,primary,shifted,0,1,1,011,0.9994166666666666,1.0,equal_macro,
rule,922089,2026,primary,shifted,1,0,0,100,0.13166666666666665,0.3605,equal_macro,
rule,922089,2026,primary,shifted,1,0,1,101,0.049916666666666665,0.80125,equal_macro,
rule,922089,2026,primary,shifted,1,1,0,110,0.14683333333333334,0.3363333333333333,equal_macro,
rule,922089,2026,primary,shifted,1,1,1,111,0.050166666666666665,0.8181666666666667,equal_macro,
rule,922089,3407,primary,canonical,0,0,0,000,0.99875,1.0,equal_macro,
rule,922089,3407,primary,canonical,0,0,1,001,0.9994166666666666,1.0,equal_macro,
rule,922089,3407,primary,canonical,0,1,0,010,0.9996666666666667,1.0,equal_macro,
rule,922089,3407,primary,canonical,0,1,1,011,0.9998333333333334,1.0,equal_macro,
rule,922089,3407,primary,canonical,1,0,0,100,0.09316666666666666,0.272,equal_macro,
rule,922089,3407,primary,canonical,1,0,1,101,0.05216666666666667,0.6095833333333334,equal_macro,
rule,922089,3407,primary,canonical,1,1,0,110,0.1,0.22925,equal_macro,
rule,922089,3407,primary,canonical,1,1,1,111,0.052416666666666674,0.5965833333333334,equal_macro,
rule,922089,3407,primary,shifted,0,0,0,000,0.9975,1.0,equal_macro,
rule,922089,3407,primary,shifted,0,0,1,001,0.9988333333333335,1.0,equal_macro,
rule,922089,3407,primary,shifted,0,1,0,010,0.9989999999999999,1.0,equal_macro,
rule,922089,3407,primary,shifted,0,1,1,011,0.9993333333333334,1.0,equal_macro,
rule,922089,3407,primary,shifted,1,0,0,100,0.09774999999999999,0.27416666666666667,equal_macro,
rule,922089,3407,primary,shifted,1,0,1,101,0.057999999999999996,0.6198333333333333,equal_macro,
rule,922089,3407,primary,shifted,1,1,0,110,0.10475,0.2310833333333333,equal_macro,
rule,922089,3407,primary,shifted,1,1,1,111,0.05841666666666667,0.6056666666666666,equal_macro,
rule,999191,7,primary,canonical,0,0,0,000,0.9988333333333332,1.0,equal_macro,
rule,999191,7,primary,canonical,0,0,1,001,0.99925,1.0,equal_macro,
rule,999191,7,primary,canonical,0,1,0,010,0.9995833333333333,1.0,equal_macro,
rule,999191,7,primary,canonical,0,1,1,011,0.9997499999999999,1.0,equal_macro,
rule,999191,7,primary,canonical,1,0,0,100,0.08149999999999999,0.3174166666666667,equal_macro,
rule,999191,7,primary,canonical,1,0,1,101,0.0485,0.7743333333333333,equal_macro,
rule,999191,7,primary,canonical,1,1,0,110,0.09183333333333334,0.272,equal_macro,
rule,999191,7,primary,canonical,1,1,1,111,0.050083333333333334,0.7793333333333332,equal_macro,
rule,999191,7,primary,shifted,0,0,0,000,0.9978333333333333,1.0,equal_macro,
rule,999191,7,primary,shifted,0,0,1,001,0.9988333333333335,1.0,equal_macro,
rule,999191,7,primary,shifted,0,1,0,010,0.9990833333333333,1.0,equal_macro,
rule,999191,7,primary,shifted,0,1,1,011,0.9995833333333333,1.0,equal_macro,
rule,999191,7,primary,shifted,1,0,0,100,0.08141666666666666,0.32158333333333333,equal_macro,
rule,999191,7,primary,shifted,1,0,1,101,0.048833333333333326,0.7818333333333334,equal_macro,
rule,999191,7,primary,shifted,1,1,0,110,0.09375,0.27641666666666664,equal_macro,
rule,999191,7,primary,shifted,1,1,1,111,0.050499999999999996,0.7859166666666666,equal_macro,
rule,999191,42,primary,canonical,0,0,0,000,0.9985833333333334,1.0,equal_macro,
rule,999191,42,primary,canonical,0,0,1,001,0.9990833333333334,1.0,equal_macro,
rule,999191,42,primary,canonical,0,1,0,010,0.9996666666666667,1.0,equal_macro,
rule,999191,42,primary,canonical,0,1,1,011,0.9996666666666667,1.0,equal_macro,
rule,999191,42,primary,canonical,1,0,0,100,0.07866666666666668,0.32658333333333334,equal_macro,
rule,999191,42,primary,canonical,1,0,1,101,0.06241666666666666,0.6241666666666666,equal_macro,
rule,999191,42,primary,canonical,1,1,0,110,0.08274999999999999,0.27191666666666664,equal_macro,
rule,999191,42,primary,canonical,1,1,1,111,0.06425,0.60025,equal_macro,
rule,999191,42,primary,shifted,0,0,0,000,0.9976666666666667,1.0,equal_macro,
rule,999191,42,primary,shifted,0,0,1,001,0.9984166666666667,1.0,equal_macro,
rule,999191,42,primary,shifted,0,1,0,010,0.9991666666666668,1.0,equal_macro,
rule,999191,42,primary,shifted,0,1,1,011,0.9994166666666667,1.0,equal_macro,
rule,999191,42,primary,shifted,1,0,0,100,0.07841666666666668,0.3253333333333333,equal_macro,
rule,999191,42,primary,shifted,1,0,1,101,0.060500000000000005,0.6259166666666667,equal_macro,
rule,999191,42,primary,shifted,1,1,0,110,0.08166666666666667,0.26949999999999996,equal_macro,
rule,999191,42,primary,shifted,1,1,1,111,0.06391666666666666,0.60625,equal_macro,
rule,999191,123,primary,canonical,0,0,0,000,0.99875,1.0,equal_macro,
rule,999191,123,primary,canonical,0,0,1,001,0.99925,1.0,equal_macro,
rule,999191,123,primary,canonical,0,1,0,010,0.9994166666666666,1.0,equal_macro,
rule,999191,123,primary,canonical,0,1,1,011,0.9995833333333335,1.0,equal_macro,
rule,999191,123,primary,canonical,1,0,0,100,0.12016666666666667,0.288,equal_macro,
rule,999191,123,primary,canonical,1,0,1,101,0.059333333333333335,0.7256666666666666,equal_macro,
rule,999191,123,primary,canonical,1,1,0,110,0.13383333333333333,0.2564166666666667,equal_macro,
rule,999191,123,primary,canonical,1,1,1,111,0.06241666666666666,0.7384166666666666,equal_macro,
rule,999191,123,primary,shifted,0,0,0,000,0.9975,1.0,equal_macro,
rule,999191,123,primary,shifted,0,0,1,001,0.9988333333333335,1.0,equal_macro,
rule,999191,123,primary,shifted,0,1,0,010,0.9990833333333333,1.0,equal_macro,
rule,999191,123,primary,shifted,0,1,1,011,0.9995833333333335,1.0,equal_macro,
rule,999191,123,primary,shifted,1,0,0,100,0.1215,0.29066666666666663,equal_macro,
rule,999191,123,primary,shifted,1,0,1,101,0.056999999999999995,0.7342500000000001,equal_macro,
rule,999191,123,primary,shifted,1,1,0,110,0.13424999999999998,0.25825000000000004,equal_macro,
rule,999191,123,primary,shifted,1,1,1,111,0.062,0.7474166666666666,equal_macro,
rule,999191,2026,primary,canonical,0,0,0,000,0.99875,1.0,equal_macro,
rule,999191,2026,primary,canonical,0,0,1,001,0.99925,1.0,equal_macro,
rule,999191,2026,primary,canonical,0,1,0,010,0.9995,1.0,equal_macro,
rule,999191,2026,primary,canonical,0,1,1,011,0.9997499999999999,1.0,equal_macro,
rule,999191,2026,primary,canonical,1,0,0,100,0.06483333333333334,0.25858333333333333,equal_macro,
rule,999191,2026,primary,canonical,1,0,1,101,0.08533333333333334,0.6523333333333333,equal_macro,
rule,999191,2026,primary,canonical,1,1,0,110,0.08216666666666667,0.22308333333333336,equal_macro,
rule,999191,2026,primary,canonical,1,1,1,111,0.10333333333333333,0.6441666666666666,equal_macro,
rule,999191,2026,primary,shifted,0,0,0,000,0.9977500000000001,1.0,equal_macro,
rule,999191,2026,primary,shifted,0,0,1,001,0.9988333333333335,1.0,equal_macro,
rule,999191,2026,primary,shifted,0,1,0,010,0.9991666666666668,1.0,equal_macro,
rule,999191,2026,primary,shifted,0,1,1,011,0.9995,1.0,equal_macro,
rule,999191,2026,primary,shifted,1,0,0,100,0.06366666666666666,0.259,equal_macro,
rule,999191,2026,primary,shifted,1,0,1,101,0.08741666666666668,0.6558333333333333,equal_macro,
rule,999191,2026,primary,shifted,1,1,0,110,0.08091666666666666,0.22225,equal_macro,
rule,999191,2026,primary,shifted,1,1,1,111,0.10433333333333335,0.6465000000000001,equal_macro,
rule,999191,3407,primary,canonical,0,0,0,000,0.99875,1.0,equal_macro,
rule,999191,3407,primary,canonical,0,0,1,001,0.9991666666666668,1.0,equal_macro,
rule,999191,3407,primary,canonical,0,1,0,010,0.9995833333333333,1.0,equal_macro,
rule,999191,3407,primary,canonical,0,1,1,011,0.9997499999999999,1.0,equal_macro,
rule,999191,3407,primary,canonical,1,0,0,100,0.06608333333333333,0.2540833333333333,equal_macro,
rule,999191,3407,primary,canonical,1,0,1,101,0.042916666666666665,0.6803333333333333,equal_macro,
rule,999191,3407,primary,canonical,1,1,0,110,0.07225000000000001,0.2215,equal_macro,
rule,999191,3407,primary,canonical,1,1,1,111,0.04725,0.6818333333333333,equal_macro,
rule,999191,3407,primary,shifted,0,0,0,000,0.9978333333333333,1.0,equal_macro,
rule,999191,3407,primary,shifted,0,0,1,001,0.99875,1.0,equal_macro,
rule,999191,3407,primary,shifted,0,1,0,010,0.9993333333333334,1.0,equal_macro,
rule,999191,3407,primary,shifted,0,1,1,011,0.9995833333333333,1.0,equal_macro,
rule,999191,3407,primary,shifted,1,0,0,100,0.06566666666666666,0.25516666666666665,equal_macro,
rule,999191,3407,primary,shifted,1,0,1,101,0.042583333333333334,0.6845000000000001,equal_macro,
rule,999191,3407,primary,shifted,1,1,0,110,0.07108333333333333,0.22175,equal_macro,
rule,999191,3407,primary,shifted,1,1,1,111,0.04725,0.688,equal_macro,
placebo,141421,7,bridge_sensitivity,canonical,0,0,0,000,1.0,1.0,Gear,6000.0
placebo,141421,7,bridge_sensitivity,canonical,0,0,0,000,0.9981666666666666,1.0,RPM,6000.0
placebo,141421,7,bridge_sensitivity,canonical,0,0,1,001,1.0,1.0,Gear,6000.0
placebo,141421,7,bridge_sensitivity,canonical,0,0,1,001,0.9983333333333334,1.0,RPM,6000.0
placebo,141421,7,bridge_sensitivity,canonical,0,1,0,010,1.0,1.0,Gear,6000.0
placebo,141421,7,bridge_sensitivity,canonical,0,1,0,010,0.9985,1.0,RPM,6000.0
placebo,141421,7,bridge_sensitivity,canonical,0,1,1,011,0.9998333333333335,1.0,Gear,6000.0
placebo,141421,7,bridge_sensitivity,canonical,0,1,1,011,0.9984999999999999,1.0,RPM,6000.0
placebo,141421,7,bridge_sensitivity,canonical,1,0,0,100,0.12883333333333333,0.33216666666666667,Gear,6000.0
placebo,141421,7,bridge_sensitivity,canonical,1,0,0,100,0.21933333333333335,0.258,RPM,6000.0
placebo,141421,7,bridge_sensitivity,canonical,1,0,1,101,0.08316666666666667,0.677,Gear,6000.0
placebo,141421,7,bridge_sensitivity,canonical,1,0,1,101,0.3013333333333333,0.6343333333333333,RPM,6000.0
placebo,141421,7,bridge_sensitivity,canonical,1,1,0,110,0.149,0.2936666666666667,Gear,6000.0
placebo,141421,7,bridge_sensitivity,canonical,1,1,0,110,0.24566666666666667,0.2665,RPM,6000.0
placebo,141421,7,bridge_sensitivity,canonical,1,1,1,111,0.11633333333333333,0.685,Gear,6000.0
placebo,141421,7,bridge_sensitivity,canonical,1,1,1,111,0.314,0.6243333333333333,RPM,6000.0
placebo,141421,7,bridge_sensitivity,shifted,0,0,0,000,1.0,1.0,Gear,6000.0
placebo,141421,7,bridge_sensitivity,shifted,0,0,0,000,0.995,1.0,RPM,6000.0
placebo,141421,7,bridge_sensitivity,shifted,0,0,1,001,1.0,1.0,Gear,6000.0
placebo,141421,7,bridge_sensitivity,shifted,0,0,1,001,0.9973333333333333,1.0,RPM,6000.0
placebo,141421,7,bridge_sensitivity,shifted,0,1,0,010,1.0,1.0,Gear,6000.0
placebo,141421,7,bridge_sensitivity,shifted,0,1,0,010,0.9966666666666667,1.0,RPM,6000.0
placebo,141421,7,bridge_sensitivity,shifted,0,1,1,011,0.9998333333333335,1.0,Gear,6000.0
placebo,141421,7,bridge_sensitivity,shifted,0,1,1,011,0.9973333333333333,1.0,RPM,6000.0
placebo,141421,7,bridge_sensitivity,shifted,1,0,0,100,0.12766666666666668,0.33216666666666667,Gear,6000.0
placebo,141421,7,bridge_sensitivity,shifted,1,0,0,100,0.20233333333333334,0.24266666666666667,RPM,6000.0
placebo,141421,7,bridge_sensitivity,shifted,1,0,1,101,0.08283333333333333,0.6776666666666666,Gear,6000.0
placebo,141421,7,bridge_sensitivity,shifted,1,0,1,101,0.29033333333333333,0.6281666666666667,RPM,6000.0
placebo,141421,7,bridge_sensitivity,shifted,1,1,0,110,0.14933333333333332,0.29516666666666663,Gear,6000.0
placebo,141421,7,bridge_sensitivity,shifted,1,1,0,110,0.23016666666666666,0.2515,RPM,6000.0
placebo,141421,7,bridge_sensitivity,shifted,1,1,1,111,0.1155,0.6869999999999999,Gear,6000.0
placebo,141421,7,bridge_sensitivity,shifted,1,1,1,111,0.3056666666666667,0.6226666666666667,RPM,6000.0
placebo,141421,42,bridge_sensitivity,canonical,0,0,0,000,1.0,1.0,Gear,6000.0
placebo,141421,42,bridge_sensitivity,canonical,0,0,0,000,0.9980000000000001,1.0,RPM,6000.0
placebo,141421,42,bridge_sensitivity,canonical,0,0,1,001,0.9996666666666667,1.0,Gear,6000.0
placebo,141421,42,bridge_sensitivity,canonical,0,0,1,001,0.999,1.0,RPM,6000.0
placebo,141421,42,bridge_sensitivity,canonical,0,1,0,010,1.0,1.0,Gear,6000.0
placebo,141421,42,bridge_sensitivity,canonical,0,1,0,010,0.9988333333333334,1.0,RPM,6000.0
placebo,141421,42,bridge_sensitivity,canonical,0,1,1,011,0.9998333333333335,1.0,Gear,6000.0
placebo,141421,42,bridge_sensitivity,canonical,0,1,1,011,0.9988333333333334,1.0,RPM,6000.0
placebo,141421,42,bridge_sensitivity,canonical,1,0,0,100,0.036333333333333336,0.337,Gear,6000.0
placebo,141421,42,bridge_sensitivity,canonical,1,0,0,100,0.063,0.1835,RPM,6000.0
placebo,141421,42,bridge_sensitivity,canonical,1,0,1,101,0.03266666666666667,0.6803333333333333,Gear,6000.0
placebo,141421,42,bridge_sensitivity,canonical,1,0,1,101,0.05516666666666667,0.5473333333333333,RPM,6000.0
placebo,141421,42,bridge_sensitivity,canonical,1,1,0,110,0.043500000000000004,0.29816666666666664,Gear,6000.0
placebo,141421,42,bridge_sensitivity,canonical,1,1,0,110,0.0745,0.1515,RPM,6000.0
placebo,141421,42,bridge_sensitivity,canonical,1,1,1,111,0.04083333333333333,0.6789999999999999,Gear,6000.0
placebo,141421,42,bridge_sensitivity,canonical,1,1,1,111,0.056999999999999995,0.532,RPM,6000.0
placebo,141421,42,bridge_sensitivity,shifted,0,0,0,000,1.0,1.0,Gear,6000.0
placebo,141421,42,bridge_sensitivity,shifted,0,0,0,000,0.9953333333333334,1.0,RPM,6000.0
placebo,141421,42,bridge_sensitivity,shifted,0,0,1,001,0.9996666666666667,1.0,Gear,6000.0
placebo,141421,42,bridge_sensitivity,shifted,0,0,1,001,0.9975,1.0,RPM,6000.0
placebo,141421,42,bridge_sensitivity,shifted,0,1,0,010,1.0,1.0,Gear,6000.0
placebo,141421,42,bridge_sensitivity,shifted,0,1,0,010,0.997,1.0,RPM,6000.0
placebo,141421,42,bridge_sensitivity,shifted,0,1,1,011,0.9998333333333335,1.0,Gear,6000.0
placebo,141421,42,bridge_sensitivity,shifted,0,1,1,011,0.9981666666666668,1.0,RPM,6000.0
placebo,141421,42,bridge_sensitivity,shifted,1,0,0,100,0.0365,0.33816666666666667,Gear,6000.0
placebo,141421,42,bridge_sensitivity,shifted,1,0,0,100,0.067,0.18766666666666665,RPM,6000.0
placebo,141421,42,bridge_sensitivity,shifted,1,0,1,101,0.0325,0.6815000000000001,Gear,6000.0
placebo,141421,42,bridge_sensitivity,shifted,1,0,1,101,0.06033333333333333,0.5579999999999999,RPM,6000.0
placebo,141421,42,bridge_sensitivity,shifted,1,1,0,110,0.04416666666666667,0.29983333333333334,Gear,6000.0
placebo,141421,42,bridge_sensitivity,shifted,1,1,0,110,0.0775,0.1535,RPM,6000.0
placebo,141421,42,bridge_sensitivity,shifted,1,1,1,111,0.03983333333333333,0.6798333333333333,Gear,6000.0
placebo,141421,42,bridge_sensitivity,shifted,1,1,1,111,0.066,0.5468333333333334,RPM,6000.0
placebo,141421,123,bridge_sensitivity,canonical,0,0,0,000,1.0,1.0,Gear,6000.0
placebo,141421,123,bridge_sensitivity,canonical,0,0,0,000,0.9984999999999999,1.0,RPM,6000.0
placebo,141421,123,bridge_sensitivity,canonical,0,0,1,001,0.9996666666666667,1.0,Gear,6000.0
placebo,141421,123,bridge_sensitivity,canonical,0,0,1,001,0.9986666666666667,1.0,RPM,6000.0
placebo,141421,123,bridge_sensitivity,canonical,0,1,0,010,0.9998333333333335,1.0,Gear,6000.0
placebo,141421,123,bridge_sensitivity,canonical,0,1,0,010,0.9986666666666667,1.0,RPM,6000.0
placebo,141421,123,bridge_sensitivity,canonical,0,1,1,011,0.9998333333333335,1.0,Gear,6000.0
placebo,141421,123,bridge_sensitivity,canonical,0,1,1,011,0.9988333333333334,1.0,RPM,6000.0
placebo,141421,123,bridge_sensitivity,canonical,1,0,0,100,0.07833333333333332,0.3539999999999999,Gear,6000.0
placebo,141421,123,bridge_sensitivity,canonical,1,0,0,100,0.152,0.2715,RPM,6000.0
placebo,141421,123,bridge_sensitivity,canonical,1,0,1,101,0.05216666666666667,0.7038333333333333,Gear,6000.0
placebo,141421,123,bridge_sensitivity,canonical,1,0,1,101,0.08233333333333333,0.6551666666666667,RPM,6000.0
placebo,141421,123,bridge_sensitivity,canonical,1,1,0,110,0.08633333333333333,0.32183333333333336,Gear,6000.0
placebo,141421,123,bridge_sensitivity,canonical,1,1,0,110,0.18466666666666667,0.26616666666666666,RPM,6000.0
placebo,141421,123,bridge_sensitivity,canonical,1,1,1,111,0.06216666666666667,0.7073333333333333,Gear,6000.0
placebo,141421,123,bridge_sensitivity,canonical,1,1,1,111,0.07266666666666667,0.6336666666666667,RPM,6000.0
placebo,141421,123,bridge_sensitivity,shifted,0,0,0,000,1.0,1.0,Gear,6000.0
placebo,141421,123,bridge_sensitivity,shifted,0,0,0,000,0.9938333333333333,1.0,RPM,6000.0
placebo,141421,123,bridge_sensitivity,shifted,0,0,1,001,0.9996666666666667,1.0,Gear,6000.0
placebo,141421,123,bridge_sensitivity,shifted,0,0,1,001,0.997,1.0,RPM,6000.0
placebo,141421,123,bridge_sensitivity,shifted,0,1,0,010,0.9998333333333335,1.0,Gear,6000.0
placebo,141421,123,bridge_sensitivity,shifted,0,1,0,010,0.9971666666666668,1.0,RPM,6000.0
placebo,141421,123,bridge_sensitivity,shifted,0,1,1,011,0.9998333333333335,1.0,Gear,6000.0
placebo,141421,123,bridge_sensitivity,shifted,0,1,1,011,0.9978333333333333,1.0,RPM,6000.0
placebo,141421,123,bridge_sensitivity,shifted,1,0,0,100,0.07833333333333332,0.3555,Gear,6000.0
placebo,141421,123,bridge_sensitivity,shifted,1,0,0,100,0.162,0.2778333333333333,RPM,6000.0
placebo,141421,123,bridge_sensitivity,shifted,1,0,1,101,0.051166666666666666,0.703,Gear,6000.0
placebo,141421,123,bridge_sensitivity,shifted,1,0,1,101,0.08533333333333333,0.6625,RPM,6000.0
placebo,141421,123,bridge_sensitivity,shifted,1,1,0,110,0.08666666666666667,0.323,Gear,6000.0
placebo,141421,123,bridge_sensitivity,shifted,1,1,0,110,0.1905,0.27033333333333337,RPM,6000.0
placebo,141421,123,bridge_sensitivity,shifted,1,1,1,111,0.06166666666666667,0.7081666666666666,Gear,6000.0
placebo,141421,123,bridge_sensitivity,shifted,1,1,1,111,0.077,0.6393333333333333,RPM,6000.0
placebo,141421,2026,bridge_sensitivity,canonical,0,0,0,000,0.9996666666666667,1.0,Gear,6000.0
placebo,141421,2026,bridge_sensitivity,canonical,0,0,0,000,0.9975,1.0,RPM,6000.0
placebo,141421,2026,bridge_sensitivity,canonical,0,0,1,001,0.9996666666666667,1.0,Gear,6000.0
placebo,141421,2026,bridge_sensitivity,canonical,0,0,1,001,0.9980000000000001,1.0,RPM,6000.0
placebo,141421,2026,bridge_sensitivity,canonical,0,1,0,010,0.9996666666666667,1.0,Gear,6000.0
placebo,141421,2026,bridge_sensitivity,canonical,0,1,0,010,0.9985,1.0,RPM,6000.0
placebo,141421,2026,bridge_sensitivity,canonical,0,1,1,011,0.9998333333333335,1.0,Gear,6000.0
placebo,141421,2026,bridge_sensitivity,canonical,0,1,1,011,0.9988333333333334,1.0,RPM,6000.0
placebo,141421,2026,bridge_sensitivity,canonical,1,0,0,100,0.030333333333333334,0.237,Gear,6000.0
placebo,141421,2026,bridge_sensitivity,canonical,1,0,0,100,0.043833333333333335,0.18016666666666667,RPM,6000.0
placebo,141421,2026,bridge_sensitivity,canonical,1,0,1,101,0.029333333333333333,0.521,Gear,6000.0
placebo,141421,2026,bridge_sensitivity,canonical,1,0,1,101,0.049499999999999995,0.5791666666666666,RPM,6000.0
placebo,141421,2026,bridge_sensitivity,canonical,1,1,0,110,0.030833333333333334,0.1945,Gear,6000.0
placebo,141421,2026,bridge_sensitivity,canonical,1,1,0,110,0.050499999999999996,0.13849999999999998,RPM,6000.0
placebo,141421,2026,bridge_sensitivity,canonical,1,1,1,111,0.029166666666666664,0.4991666666666667,Gear,6000.0
placebo,141421,2026,bridge_sensitivity,canonical,1,1,1,111,0.05633333333333334,0.5609999999999999,RPM,6000.0
placebo,141421,2026,bridge_sensitivity,shifted,0,0,0,000,0.9996666666666667,1.0,Gear,6000.0
placebo,141421,2026,bridge_sensitivity,shifted,0,0,0,000,0.9943333333333334,1.0,RPM,6000.0
placebo,141421,2026,bridge_sensitivity,shifted,0,0,1,001,0.9996666666666667,1.0,Gear,6000.0
placebo,141421,2026,bridge_sensitivity,shifted,0,0,1,001,0.9961666666666668,1.0,RPM,6000.0
placebo,141421,2026,bridge_sensitivity,shifted,0,1,0,010,0.9996666666666667,1.0,Gear,6000.0
placebo,141421,2026,bridge_sensitivity,shifted,0,1,0,010,0.9971666666666668,1.0,RPM,6000.0
placebo,141421,2026,bridge_sensitivity,shifted,0,1,1,011,0.9998333333333335,1.0,Gear,6000.0
placebo,141421,2026,bridge_sensitivity,shifted,0,1,1,011,0.9976666666666668,1.0,RPM,6000.0
placebo,141421,2026,bridge_sensitivity,shifted,1,0,0,100,0.030333333333333334,0.23766666666666666,Gear,6000.0
placebo,141421,2026,bridge_sensitivity,shifted,1,0,0,100,0.043833333333333335,0.1748333333333333,RPM,6000.0
placebo,141421,2026,bridge_sensitivity,shifted,1,0,1,101,0.0295,0.5228333333333334,Gear,6000.0
placebo,141421,2026,bridge_sensitivity,shifted,1,0,1,101,0.05433333333333334,0.5898333333333333,RPM,6000.0
placebo,141421,2026,bridge_sensitivity,shifted,1,1,0,110,0.031,0.19516666666666668,Gear,6000.0
placebo,141421,2026,bridge_sensitivity,shifted,1,1,0,110,0.050833333333333335,0.134,RPM,6000.0
placebo,141421,2026,bridge_sensitivity,shifted,1,1,1,111,0.0295,0.5003333333333333,Gear,6000.0
placebo,141421,2026,bridge_sensitivity,shifted,1,1,1,111,0.059666666666666666,0.5751666666666666,RPM,6000.0
placebo,141421,3407,bridge_sensitivity,canonical,0,0,0,000,1.0,1.0,Gear,6000.0
placebo,141421,3407,bridge_sensitivity,canonical,0,0,0,000,0.9975,1.0,RPM,6000.0
placebo,141421,3407,bridge_sensitivity,canonical,0,0,1,001,1.0,1.0,Gear,6000.0
placebo,141421,3407,bridge_sensitivity,canonical,0,0,1,001,0.9980000000000001,1.0,RPM,6000.0
placebo,141421,3407,bridge_sensitivity,canonical,0,1,0,010,1.0,1.0,Gear,6000.0
placebo,141421,3407,bridge_sensitivity,canonical,0,1,0,010,0.9984999999999999,1.0,RPM,6000.0
placebo,141421,3407,bridge_sensitivity,canonical,0,1,1,011,1.0,1.0,Gear,6000.0
placebo,141421,3407,bridge_sensitivity,canonical,0,1,1,011,0.9980000000000001,1.0,RPM,6000.0
placebo,141421,3407,bridge_sensitivity,canonical,1,0,0,100,0.042666666666666665,0.33316666666666667,Gear,6000.0
placebo,141421,3407,bridge_sensitivity,canonical,1,0,0,100,0.1275,0.3015,RPM,6000.0
placebo,141421,3407,bridge_sensitivity,canonical,1,0,1,101,0.030166666666666665,0.7618333333333333,Gear,6000.0
placebo,141421,3407,bridge_sensitivity,canonical,1,0,1,101,0.05216666666666667,0.7126666666666667,RPM,6000.0
placebo,141421,3407,bridge_sensitivity,canonical,1,1,0,110,0.043666666666666666,0.29316666666666663,Gear,6000.0
placebo,141421,3407,bridge_sensitivity,canonical,1,1,0,110,0.14216666666666666,0.27466666666666667,RPM,6000.0
placebo,141421,3407,bridge_sensitivity,canonical,1,1,1,111,0.03316666666666667,0.7698333333333333,Gear,6000.0
placebo,141421,3407,bridge_sensitivity,canonical,1,1,1,111,0.05983333333333333,0.7298333333333332,RPM,6000.0
placebo,141421,3407,bridge_sensitivity,shifted,0,0,0,000,1.0,1.0,Gear,6000.0
placebo,141421,3407,bridge_sensitivity,shifted,0,0,0,000,0.9945,1.0,RPM,6000.0
placebo,141421,3407,bridge_sensitivity,shifted,0,0,1,001,1.0,1.0,Gear,6000.0
placebo,141421,3407,bridge_sensitivity,shifted,0,0,1,001,0.9953333333333334,1.0,RPM,6000.0
placebo,141421,3407,bridge_sensitivity,shifted,0,1,0,010,1.0,1.0,Gear,6000.0
placebo,141421,3407,bridge_sensitivity,shifted,0,1,0,010,0.9971666666666668,1.0,RPM,6000.0
placebo,141421,3407,bridge_sensitivity,shifted,0,1,1,011,1.0,1.0,Gear,6000.0
placebo,141421,3407,bridge_sensitivity,shifted,0,1,1,011,0.9976666666666668,1.0,RPM,6000.0
placebo,141421,3407,bridge_sensitivity,shifted,1,0,0,100,0.042333333333333334,0.33516666666666667,Gear,6000.0
placebo,141421,3407,bridge_sensitivity,shifted,1,0,0,100,0.12983333333333333,0.30283333333333334,RPM,6000.0
placebo,141421,3407,bridge_sensitivity,shifted,1,0,1,101,0.030666666666666665,0.7623333333333333,Gear,6000.0
placebo,141421,3407,bridge_sensitivity,shifted,1,0,1,101,0.05333333333333334,0.7198333333333333,RPM,6000.0
placebo,141421,3407,bridge_sensitivity,shifted,1,1,0,110,0.043333333333333335,0.2935,Gear,6000.0
placebo,141421,3407,bridge_sensitivity,shifted,1,1,0,110,0.1436666666666667,0.27516666666666667,RPM,6000.0
placebo,141421,3407,bridge_sensitivity,shifted,1,1,1,111,0.033,0.7711666666666667,Gear,6000.0
placebo,141421,3407,bridge_sensitivity,shifted,1,1,1,111,0.059,0.7290000000000001,RPM,6000.0
placebo,161803,7,bridge_sensitivity,canonical,0,0,0,000,1.0,1.0,Gear,6000.0
placebo,161803,7,bridge_sensitivity,canonical,0,0,0,000,0.9976666666666668,1.0,RPM,6000.0
placebo,161803,7,bridge_sensitivity,canonical,0,0,1,001,1.0,1.0,Gear,6000.0
placebo,161803,7,bridge_sensitivity,canonical,0,0,1,001,0.9988333333333334,1.0,RPM,6000.0
placebo,161803,7,bridge_sensitivity,canonical,0,1,0,010,1.0,1.0,Gear,6000.0
placebo,161803,7,bridge_sensitivity,canonical,0,1,0,010,0.9986666666666667,1.0,RPM,6000.0
placebo,161803,7,bridge_sensitivity,canonical,0,1,1,011,1.0,1.0,Gear,6000.0
placebo,161803,7,bridge_sensitivity,canonical,0,1,1,011,0.9991666666666666,1.0,RPM,6000.0
placebo,161803,7,bridge_sensitivity,canonical,1,0,0,100,0.07616666666666667,0.2798333333333333,Gear,6000.0
placebo,161803,7,bridge_sensitivity,canonical,1,0,0,100,0.11033333333333334,0.26233333333333336,RPM,6000.0
placebo,161803,7,bridge_sensitivity,canonical,1,0,1,101,0.0395,0.8015,Gear,6000.0
placebo,161803,7,bridge_sensitivity,canonical,1,0,1,101,0.22183333333333333,0.6925,RPM,6000.0
placebo,161803,7,bridge_sensitivity,canonical,1,1,0,110,0.10416666666666667,0.2635,Gear,6000.0
placebo,161803,7,bridge_sensitivity,canonical,1,1,0,110,0.14233333333333334,0.2565,RPM,6000.0
placebo,161803,7,bridge_sensitivity,canonical,1,1,1,111,0.050499999999999996,0.8036666666666666,Gear,6000.0
placebo,161803,7,bridge_sensitivity,canonical,1,1,1,111,0.238,0.6815000000000001,RPM,6000.0
placebo,161803,7,bridge_sensitivity,shifted,0,0,0,000,1.0,1.0,Gear,6000.0
placebo,161803,7,bridge_sensitivity,shifted,0,0,0,000,0.9945,1.0,RPM,6000.0
placebo,161803,7,bridge_sensitivity,shifted,0,0,1,001,1.0,1.0,Gear,6000.0
placebo,161803,7,bridge_sensitivity,shifted,0,0,1,001,0.9978333333333333,1.0,RPM,6000.0
placebo,161803,7,bridge_sensitivity,shifted,0,1,0,010,1.0,1.0,Gear,6000.0
placebo,161803,7,bridge_sensitivity,shifted,0,1,0,010,0.9971666666666668,1.0,RPM,6000.0
placebo,161803,7,bridge_sensitivity,shifted,0,1,1,011,1.0,1.0,Gear,6000.0
placebo,161803,7,bridge_sensitivity,shifted,0,1,1,011,0.9986666666666667,1.0,RPM,6000.0
placebo,161803,7,bridge_sensitivity,shifted,1,0,0,100,0.07516666666666667,0.28099999999999997,Gear,6000.0
placebo,161803,7,bridge_sensitivity,shifted,1,0,0,100,0.1055,0.25633333333333336,RPM,6000.0
placebo,161803,7,bridge_sensitivity,shifted,1,0,1,101,0.0395,0.8018333333333333,Gear,6000.0
placebo,161803,7,bridge_sensitivity,shifted,1,0,1,101,0.20866666666666667,0.6895000000000001,RPM,6000.0
placebo,161803,7,bridge_sensitivity,shifted,1,1,0,110,0.10216666666666667,0.26333333333333336,Gear,6000.0
placebo,161803,7,bridge_sensitivity,shifted,1,1,0,110,0.13283333333333333,0.24816666666666665,RPM,6000.0
placebo,161803,7,bridge_sensitivity,shifted,1,1,1,111,0.049833333333333334,0.8058333333333333,Gear,6000.0
placebo,161803,7,bridge_sensitivity,shifted,1,1,1,111,0.22966666666666669,0.6848333333333333,RPM,6000.0
placebo,161803,42,bridge_sensitivity,canonical,0,0,0,000,1.0,1.0,Gear,6000.0
placebo,161803,42,bridge_sensitivity,canonical,0,0,0,000,0.9973333333333333,1.0,RPM,6000.0
placebo,161803,42,bridge_sensitivity,canonical,0,0,1,001,0.9996666666666667,1.0,Gear,6000.0
placebo,161803,42,bridge_sensitivity,canonical,0,0,1,001,0.9980000000000001,1.0,RPM,6000.0
placebo,161803,42,bridge_sensitivity,canonical,0,1,0,010,0.9996666666666667,1.0,Gear,6000.0
placebo,161803,42,bridge_sensitivity,canonical,0,1,0,010,0.9983333333333334,1.0,RPM,6000.0
placebo,161803,42,bridge_sensitivity,canonical,0,1,1,011,0.9996666666666667,1.0,Gear,6000.0
placebo,161803,42,bridge_sensitivity,canonical,0,1,1,011,0.9984999999999999,1.0,RPM,6000.0
placebo,161803,42,bridge_sensitivity,canonical,1,0,0,100,0.07133333333333333,0.20966666666666667,Gear,6000.0
placebo,161803,42,bridge_sensitivity,canonical,1,0,0,100,0.222,0.2973333333333333,RPM,6000.0
placebo,161803,42,bridge_sensitivity,canonical,1,0,1,101,0.041,0.5155,Gear,6000.0
placebo,161803,42,bridge_sensitivity,canonical,1,0,1,101,0.12883333333333333,0.5673333333333334,RPM,6000.0
placebo,161803,42,bridge_sensitivity,canonical,1,1,0,110,0.08916666666666667,0.18283333333333332,Gear,6000.0
placebo,161803,42,bridge_sensitivity,canonical,1,1,0,110,0.25,0.291,RPM,6000.0
placebo,161803,42,bridge_sensitivity,canonical,1,1,1,111,0.05216666666666667,0.4908333333333334,Gear,6000.0
placebo,161803,42,bridge_sensitivity,canonical,1,1,1,111,0.13183333333333333,0.5515,RPM,6000.0
placebo,161803,42,bridge_sensitivity,shifted,0,0,0,000,1.0,1.0,Gear,6000.0
placebo,161803,42,bridge_sensitivity,shifted,0,0,0,000,0.9946666666666667,1.0,RPM,6000.0
placebo,161803,42,bridge_sensitivity,shifted,0,0,1,001,0.9996666666666667,1.0,Gear,6000.0
placebo,161803,42,bridge_sensitivity,shifted,0,0,1,001,0.997,1.0,RPM,6000.0
placebo,161803,42,bridge_sensitivity,shifted,0,1,0,010,0.9996666666666667,1.0,Gear,6000.0
placebo,161803,42,bridge_sensitivity,shifted,0,1,0,010,0.9968333333333333,1.0,RPM,6000.0
placebo,161803,42,bridge_sensitivity,shifted,0,1,1,011,0.9996666666666667,1.0,Gear,6000.0
placebo,161803,42,bridge_sensitivity,shifted,0,1,1,011,0.9975,1.0,RPM,6000.0
placebo,161803,42,bridge_sensitivity,shifted,1,0,0,100,0.07050000000000001,0.20933333333333334,Gear,6000.0
placebo,161803,42,bridge_sensitivity,shifted,1,0,0,100,0.21816666666666665,0.29083333333333333,RPM,6000.0
placebo,161803,42,bridge_sensitivity,shifted,1,0,1,101,0.04083333333333333,0.5171666666666667,Gear,6000.0
placebo,161803,42,bridge_sensitivity,shifted,1,0,1,101,0.142,0.5751666666666667,RPM,6000.0
placebo,161803,42,bridge_sensitivity,shifted,1,1,0,110,0.08866666666666667,0.18299999999999997,Gear,6000.0
placebo,161803,42,bridge_sensitivity,shifted,1,1,0,110,0.24283333333333335,0.28200000000000003,RPM,6000.0
placebo,161803,42,bridge_sensitivity,shifted,1,1,1,111,0.05216666666666667,0.4925,Gear,6000.0
placebo,161803,42,bridge_sensitivity,shifted,1,1,1,111,0.153,0.5655,RPM,6000.0
placebo,161803,123,bridge_sensitivity,canonical,0,0,0,000,1.0,1.0,Gear,6000.0
placebo,161803,123,bridge_sensitivity,canonical,0,0,0,000,0.9978333333333333,1.0,RPM,6000.0
placebo,161803,123,bridge_sensitivity,canonical,0,0,1,001,1.0,1.0,Gear,6000.0
placebo,161803,123,bridge_sensitivity,canonical,0,0,1,001,0.9978333333333333,1.0,RPM,6000.0
placebo,161803,123,bridge_sensitivity,canonical,0,1,0,010,1.0,1.0,Gear,6000.0
placebo,161803,123,bridge_sensitivity,canonical,0,1,0,010,0.9986666666666667,1.0,RPM,6000.0
placebo,161803,123,bridge_sensitivity,canonical,0,1,1,011,0.9998333333333335,1.0,Gear,6000.0
placebo,161803,123,bridge_sensitivity,canonical,0,1,1,011,0.9986666666666667,1.0,RPM,6000.0
placebo,161803,123,bridge_sensitivity,canonical,1,0,0,100,0.06083333333333333,0.2688333333333333,Gear,6000.0
placebo,161803,123,bridge_sensitivity,canonical,1,0,0,100,0.25866666666666666,0.393,RPM,6000.0
placebo,161803,123,bridge_sensitivity,canonical,1,0,1,101,0.044000000000000004,0.8168333333333333,Gear,6000.0
placebo,161803,123,bridge_sensitivity,canonical,1,0,1,101,0.06583333333333334,0.8718333333333333,RPM,6000.0
placebo,161803,123,bridge_sensitivity,canonical,1,1,0,110,0.07233333333333333,0.23583333333333334,Gear,6000.0
placebo,161803,123,bridge_sensitivity,canonical,1,1,0,110,0.298,0.3833333333333333,RPM,6000.0
placebo,161803,123,bridge_sensitivity,canonical,1,1,1,111,0.044000000000000004,0.8174999999999999,Gear,6000.0
placebo,161803,123,bridge_sensitivity,canonical,1,1,1,111,0.05983333333333333,0.876,RPM,6000.0
placebo,161803,123,bridge_sensitivity,shifted,0,0,0,000,1.0,1.0,Gear,6000.0
placebo,161803,123,bridge_sensitivity,shifted,0,0,0,000,0.9943333333333334,1.0,RPM,6000.0
placebo,161803,123,bridge_sensitivity,shifted,0,0,1,001,1.0,1.0,Gear,6000.0
placebo,161803,123,bridge_sensitivity,shifted,0,0,1,001,0.9961666666666668,1.0,RPM,6000.0
placebo,161803,123,bridge_sensitivity,shifted,0,1,0,010,1.0,1.0,Gear,6000.0
placebo,161803,123,bridge_sensitivity,shifted,0,1,0,010,0.997,1.0,RPM,6000.0
placebo,161803,123,bridge_sensitivity,shifted,0,1,1,011,0.9998333333333335,1.0,Gear,6000.0
placebo,161803,123,bridge_sensitivity,shifted,0,1,1,011,0.9975,1.0,RPM,6000.0
placebo,161803,123,bridge_sensitivity,shifted,1,0,0,100,0.06033333333333333,0.27,Gear,6000.0
placebo,161803,123,bridge_sensitivity,shifted,1,0,0,100,0.25833333333333336,0.39283333333333337,RPM,6000.0
placebo,161803,123,bridge_sensitivity,shifted,1,0,1,101,0.043500000000000004,0.8181666666666666,Gear,6000.0
placebo,161803,123,bridge_sensitivity,shifted,1,0,1,101,0.06933333333333334,0.874,RPM,6000.0
placebo,161803,123,bridge_sensitivity,shifted,1,1,0,110,0.07216666666666667,0.2373333333333333,Gear,6000.0
placebo,161803,123,bridge_sensitivity,shifted,1,1,0,110,0.2976666666666667,0.385,RPM,6000.0
placebo,161803,123,bridge_sensitivity,shifted,1,1,1,111,0.043833333333333335,0.8206666666666665,Gear,6000.0
placebo,161803,123,bridge_sensitivity,shifted,1,1,1,111,0.0645,0.8756666666666666,RPM,6000.0
placebo,161803,2026,bridge_sensitivity,canonical,0,0,0,000,0.9998333333333335,1.0,Gear,6000.0
placebo,161803,2026,bridge_sensitivity,canonical,0,0,0,000,0.997,1.0,RPM,6000.0
placebo,161803,2026,bridge_sensitivity,canonical,0,0,1,001,0.9996666666666667,1.0,Gear,6000.0
placebo,161803,2026,bridge_sensitivity,canonical,0,0,1,001,0.9988333333333334,1.0,RPM,6000.0
placebo,161803,2026,bridge_sensitivity,canonical,0,1,0,010,0.9996666666666667,1.0,Gear,6000.0
placebo,161803,2026,bridge_sensitivity,canonical,0,1,0,010,0.9986666666666667,1.0,RPM,6000.0
placebo,161803,2026,bridge_sensitivity,canonical,0,1,1,011,0.9998333333333335,1.0,Gear,6000.0
placebo,161803,2026,bridge_sensitivity,canonical,0,1,1,011,0.9991666666666666,1.0,RPM,6000.0
placebo,161803,2026,bridge_sensitivity,canonical,1,0,0,100,0.0645,0.34600000000000003,Gear,6000.0
placebo,161803,2026,bridge_sensitivity,canonical,1,0,0,100,0.28933333333333333,0.5423333333333333,RPM,6000.0
placebo,161803,2026,bridge_sensitivity,canonical,1,0,1,101,0.035,0.7493333333333334,Gear,6000.0
placebo,161803,2026,bridge_sensitivity,canonical,1,0,1,101,0.09783333333333333,0.7811666666666667,RPM,6000.0
placebo,161803,2026,bridge_sensitivity,canonical,1,1,0,110,0.06066666666666667,0.2985,Gear,6000.0
placebo,161803,2026,bridge_sensitivity,canonical,1,1,0,110,0.30633333333333335,0.5073333333333333,RPM,6000.0
placebo,161803,2026,bridge_sensitivity,canonical,1,1,1,111,0.03666666666666667,0.7555,Gear,6000.0
placebo,161803,2026,bridge_sensitivity,canonical,1,1,1,111,0.09699999999999999,0.8109999999999999,RPM,6000.0
placebo,161803,2026,bridge_sensitivity,shifted,0,0,0,000,0.9998333333333335,1.0,Gear,6000.0
placebo,161803,2026,bridge_sensitivity,shifted,0,0,0,000,0.9948333333333333,1.0,RPM,6000.0
placebo,161803,2026,bridge_sensitivity,shifted,0,0,1,001,0.9996666666666667,1.0,Gear,6000.0
placebo,161803,2026,bridge_sensitivity,shifted,0,0,1,001,0.9975,1.0,RPM,6000.0
placebo,161803,2026,bridge_sensitivity,shifted,0,1,0,010,0.9996666666666667,1.0,Gear,6000.0
placebo,161803,2026,bridge_sensitivity,shifted,0,1,0,010,0.9975,1.0,RPM,6000.0
placebo,161803,2026,bridge_sensitivity,shifted,0,1,1,011,0.9998333333333335,1.0,Gear,6000.0
placebo,161803,2026,bridge_sensitivity,shifted,0,1,1,011,0.9986666666666667,1.0,RPM,6000.0
placebo,161803,2026,bridge_sensitivity,shifted,1,0,0,100,0.0645,0.3466666666666667,Gear,6000.0
placebo,161803,2026,bridge_sensitivity,shifted,1,0,0,100,0.287,0.5373333333333333,RPM,6000.0
placebo,161803,2026,bridge_sensitivity,shifted,1,0,1,101,0.035,0.7508333333333334,Gear,6000.0
placebo,161803,2026,bridge_sensitivity,shifted,1,0,1,101,0.10266666666666667,0.7856666666666667,RPM,6000.0
placebo,161803,2026,bridge_sensitivity,shifted,1,1,0,110,0.06033333333333333,0.29883333333333334,Gear,6000.0
placebo,161803,2026,bridge_sensitivity,shifted,1,1,0,110,0.29816666666666664,0.5026666666666667,RPM,6000.0
placebo,161803,2026,bridge_sensitivity,shifted,1,1,1,111,0.037,0.7561666666666667,Gear,6000.0
placebo,161803,2026,bridge_sensitivity,shifted,1,1,1,111,0.10283333333333333,0.8126666666666668,RPM,6000.0
placebo,161803,3407,bridge_sensitivity,canonical,0,0,0,000,0.9998333333333335,1.0,Gear,6000.0
placebo,161803,3407,bridge_sensitivity,canonical,0,0,0,000,0.9976666666666668,1.0,RPM,6000.0
placebo,161803,3407,bridge_sensitivity,canonical,0,0,1,001,0.9996666666666667,1.0,Gear,6000.0
placebo,161803,3407,bridge_sensitivity,canonical,0,0,1,001,0.9986666666666667,1.0,RPM,6000.0
placebo,161803,3407,bridge_sensitivity,canonical,0,1,0,010,0.9998333333333335,1.0,Gear,6000.0
placebo,161803,3407,bridge_sensitivity,canonical,0,1,0,010,0.9986666666666667,1.0,RPM,6000.0
placebo,161803,3407,bridge_sensitivity,canonical,0,1,1,011,0.9998333333333335,1.0,Gear,6000.0
placebo,161803,3407,bridge_sensitivity,canonical,0,1,1,011,0.9991666666666666,1.0,RPM,6000.0
placebo,161803,3407,bridge_sensitivity,canonical,1,0,0,100,0.026833333333333334,0.19400000000000003,Gear,6000.0
placebo,161803,3407,bridge_sensitivity,canonical,1,0,0,100,0.10666666666666667,0.3153333333333333,RPM,6000.0
placebo,161803,3407,bridge_sensitivity,canonical,1,0,1,101,0.0265,0.7001666666666666,Gear,6000.0
placebo,161803,3407,bridge_sensitivity,canonical,1,0,1,101,0.03983333333333333,0.7856666666666667,RPM,6000.0
placebo,161803,3407,bridge_sensitivity,canonical,1,1,0,110,0.027,0.1575,Gear,6000.0
placebo,161803,3407,bridge_sensitivity,canonical,1,1,0,110,0.13983333333333334,0.29616666666666663,RPM,6000.0
placebo,161803,3407,bridge_sensitivity,canonical,1,1,1,111,0.027,0.6683333333333333,Gear,6000.0
placebo,161803,3407,bridge_sensitivity,canonical,1,1,1,111,0.043333333333333335,0.799,RPM,6000.0
placebo,161803,3407,bridge_sensitivity,shifted,0,0,0,000,0.9998333333333335,1.0,Gear,6000.0
placebo,161803,3407,bridge_sensitivity,shifted,0,0,0,000,0.9941666666666666,1.0,RPM,6000.0
placebo,161803,3407,bridge_sensitivity,shifted,0,0,1,001,0.9996666666666667,1.0,Gear,6000.0
placebo,161803,3407,bridge_sensitivity,shifted,0,0,1,001,0.9976666666666666,1.0,RPM,6000.0
placebo,161803,3407,bridge_sensitivity,shifted,0,1,0,010,0.9998333333333335,1.0,Gear,6000.0
placebo,161803,3407,bridge_sensitivity,shifted,0,1,0,010,0.9968333333333333,1.0,RPM,6000.0
placebo,161803,3407,bridge_sensitivity,shifted,0,1,1,011,0.9998333333333335,1.0,Gear,6000.0
placebo,161803,3407,bridge_sensitivity,shifted,0,1,1,011,0.9980000000000001,1.0,RPM,6000.0
placebo,161803,3407,bridge_sensitivity,shifted,1,0,0,100,0.026833333333333334,0.19499999999999998,Gear,6000.0
placebo,161803,3407,bridge_sensitivity,shifted,1,0,0,100,0.11133333333333333,0.322,RPM,6000.0
placebo,161803,3407,bridge_sensitivity,shifted,1,0,1,101,0.0265,0.7031666666666667,Gear,6000.0
placebo,161803,3407,bridge_sensitivity,shifted,1,0,1,101,0.041,0.7913333333333333,RPM,6000.0
placebo,161803,3407,bridge_sensitivity,shifted,1,1,0,110,0.027,0.159,Gear,6000.0
placebo,161803,3407,bridge_sensitivity,shifted,1,1,0,110,0.1475,0.30516666666666664,RPM,6000.0
placebo,161803,3407,bridge_sensitivity,shifted,1,1,1,111,0.026833333333333334,0.6709999999999999,Gear,6000.0
placebo,161803,3407,bridge_sensitivity,shifted,1,1,1,111,0.04566666666666667,0.8083333333333332,RPM,6000.0
placebo,173205,7,bridge_sensitivity,canonical,0,0,0,000,0.9996666666666667,1.0,Gear,6000.0
placebo,173205,7,bridge_sensitivity,canonical,0,0,0,000,0.9981666666666668,1.0,RPM,6000.0
placebo,173205,7,bridge_sensitivity,canonical,0,0,1,001,0.9996666666666667,1.0,Gear,6000.0
placebo,173205,7,bridge_sensitivity,canonical,0,0,1,001,0.9988333333333334,1.0,RPM,6000.0
placebo,173205,7,bridge_sensitivity,canonical,0,1,0,010,0.9996666666666667,1.0,Gear,6000.0
placebo,173205,7,bridge_sensitivity,canonical,0,1,0,010,0.999,1.0,RPM,6000.0
placebo,173205,7,bridge_sensitivity,canonical,0,1,1,011,0.9996666666666667,1.0,Gear,6000.0
placebo,173205,7,bridge_sensitivity,canonical,0,1,1,011,0.9991666666666666,1.0,RPM,6000.0
placebo,173205,7,bridge_sensitivity,canonical,1,0,0,100,0.03666666666666667,0.2548333333333333,Gear,6000.0
placebo,173205,7,bridge_sensitivity,canonical,1,0,0,100,0.12483333333333334,0.35716666666666663,RPM,6000.0
placebo,173205,7,bridge_sensitivity,canonical,1,0,1,101,0.03233333333333333,0.8478333333333333,Gear,6000.0
placebo,173205,7,bridge_sensitivity,canonical,1,0,1,101,0.09466666666666668,0.6765,RPM,6000.0
placebo,173205,7,bridge_sensitivity,canonical,1,1,0,110,0.042,0.21716666666666665,Gear,6000.0
placebo,173205,7,bridge_sensitivity,canonical,1,1,0,110,0.168,0.3396666666666666,RPM,6000.0
placebo,173205,7,bridge_sensitivity,canonical,1,1,1,111,0.031,0.8473333333333333,Gear,6000.0
placebo,173205,7,bridge_sensitivity,canonical,1,1,1,111,0.1025,0.6816666666666666,RPM,6000.0
placebo,173205,7,bridge_sensitivity,shifted,0,0,0,000,0.9996666666666667,1.0,Gear,6000.0
placebo,173205,7,bridge_sensitivity,shifted,0,0,0,000,0.9954999999999999,1.0,RPM,6000.0
placebo,173205,7,bridge_sensitivity,shifted,0,0,1,001,0.9996666666666667,1.0,Gear,6000.0
placebo,173205,7,bridge_sensitivity,shifted,0,0,1,001,0.9971666666666668,1.0,RPM,6000.0
placebo,173205,7,bridge_sensitivity,shifted,0,1,0,010,0.9996666666666667,1.0,Gear,6000.0
placebo,173205,7,bridge_sensitivity,shifted,0,1,0,010,0.9968333333333333,1.0,RPM,6000.0
placebo,173205,7,bridge_sensitivity,shifted,0,1,1,011,0.9996666666666667,1.0,Gear,6000.0
placebo,173205,7,bridge_sensitivity,shifted,0,1,1,011,0.9971666666666668,1.0,RPM,6000.0
placebo,173205,7,bridge_sensitivity,shifted,1,0,0,100,0.0365,0.25566666666666665,Gear,6000.0
placebo,173205,7,bridge_sensitivity,shifted,1,0,0,100,0.12666666666666668,0.3565,RPM,6000.0
placebo,173205,7,bridge_sensitivity,shifted,1,0,1,101,0.03233333333333333,0.8494999999999999,Gear,6000.0
placebo,173205,7,bridge_sensitivity,shifted,1,0,1,101,0.10049999999999999,0.684,RPM,6000.0
placebo,173205,7,bridge_sensitivity,shifted,1,1,0,110,0.0425,0.21833333333333335,Gear,6000.0
placebo,173205,7,bridge_sensitivity,shifted,1,1,0,110,0.17633333333333331,0.345,RPM,6000.0
placebo,173205,7,bridge_sensitivity,shifted,1,1,1,111,0.031,0.848,Gear,6000.0
placebo,173205,7,bridge_sensitivity,shifted,1,1,1,111,0.10866666666666668,0.6908333333333333,RPM,6000.0
placebo,173205,42,bridge_sensitivity,canonical,0,0,0,000,1.0,1.0,Gear,6000.0
placebo,173205,42,bridge_sensitivity,canonical,0,0,0,000,0.9979999999999999,1.0,RPM,6000.0
placebo,173205,42,bridge_sensitivity,canonical,0,0,1,001,1.0,1.0,Gear,6000.0
placebo,173205,42,bridge_sensitivity,canonical,0,0,1,001,0.9973333333333333,1.0,RPM,6000.0
placebo,173205,42,bridge_sensitivity,canonical,0,1,0,010,1.0,1.0,Gear,6000.0
placebo,173205,42,bridge_sensitivity,canonical,0,1,0,010,0.9984999999999999,1.0,RPM,6000.0
placebo,173205,42,bridge_sensitivity,canonical,0,1,1,011,1.0,1.0,Gear,6000.0
placebo,173205,42,bridge_sensitivity,canonical,0,1,1,011,0.9984999999999999,1.0,RPM,6000.0
placebo,173205,42,bridge_sensitivity,canonical,1,0,0,100,0.04750000000000001,0.2528333333333333,Gear,6000.0
placebo,173205,42,bridge_sensitivity,canonical,1,0,0,100,0.10733333333333334,0.209,RPM,6000.0
placebo,173205,42,bridge_sensitivity,canonical,1,0,1,101,0.0425,0.642,Gear,6000.0
placebo,173205,42,bridge_sensitivity,canonical,1,0,1,101,0.22283333333333333,0.5688333333333333,RPM,6000.0
placebo,173205,42,bridge_sensitivity,canonical,1,1,0,110,0.05516666666666666,0.21750000000000003,Gear,6000.0
placebo,173205,42,bridge_sensitivity,canonical,1,1,0,110,0.13183333333333333,0.2025,RPM,6000.0
placebo,173205,42,bridge_sensitivity,canonical,1,1,1,111,0.053,0.6443333333333333,Gear,6000.0
placebo,173205,42,bridge_sensitivity,canonical,1,1,1,111,0.24266666666666667,0.5511666666666667,RPM,6000.0
placebo,173205,42,bridge_sensitivity,shifted,0,0,0,000,1.0,1.0,Gear,6000.0
placebo,173205,42,bridge_sensitivity,shifted,0,0,0,000,0.9943333333333334,1.0,RPM,6000.0
placebo,173205,42,bridge_sensitivity,shifted,0,0,1,001,1.0,1.0,Gear,6000.0
placebo,173205,42,bridge_sensitivity,shifted,0,0,1,001,0.9963333333333333,1.0,RPM,6000.0
placebo,173205,42,bridge_sensitivity,shifted,0,1,0,010,1.0,1.0,Gear,6000.0
placebo,173205,42,bridge_sensitivity,shifted,0,1,0,010,0.9965,1.0,RPM,6000.0
placebo,173205,42,bridge_sensitivity,shifted,0,1,1,011,1.0,1.0,Gear,6000.0
placebo,173205,42,bridge_sensitivity,shifted,0,1,1,011,0.9975,1.0,RPM,6000.0
placebo,173205,42,bridge_sensitivity,shifted,1,0,0,100,0.04716666666666667,0.25333333333333335,Gear,6000.0
placebo,173205,42,bridge_sensitivity,shifted,1,0,0,100,0.10716666666666667,0.20666666666666667,RPM,6000.0
placebo,173205,42,bridge_sensitivity,shifted,1,0,1,101,0.0415,0.6435,Gear,6000.0
placebo,173205,42,bridge_sensitivity,shifted,1,0,1,101,0.2245,0.5758333333333333,RPM,6000.0
placebo,173205,42,bridge_sensitivity,shifted,1,1,0,110,0.05483333333333334,0.21833333333333335,Gear,6000.0
placebo,173205,42,bridge_sensitivity,shifted,1,1,0,110,0.13216666666666668,0.2001666666666667,RPM,6000.0
placebo,173205,42,bridge_sensitivity,shifted,1,1,1,111,0.0515,0.644,Gear,6000.0
placebo,173205,42,bridge_sensitivity,shifted,1,1,1,111,0.24466666666666667,0.565,RPM,6000.0
placebo,173205,123,bridge_sensitivity,canonical,0,0,0,000,0.9998333333333335,1.0,Gear,6000.0
placebo,173205,123,bridge_sensitivity,canonical,0,0,0,000,0.9976666666666668,1.0,RPM,6000.0
placebo,173205,123,bridge_sensitivity,canonical,0,0,1,001,0.9996666666666667,1.0,Gear,6000.0
placebo,173205,123,bridge_sensitivity,canonical,0,0,1,001,0.9988333333333334,1.0,RPM,6000.0
placebo,173205,123,bridge_sensitivity,canonical,0,1,0,010,0.9996666666666667,1.0,Gear,6000.0
placebo,173205,123,bridge_sensitivity,canonical,0,1,0,010,0.9983333333333334,1.0,RPM,6000.0
placebo,173205,123,bridge_sensitivity,canonical,0,1,1,011,0.9996666666666667,1.0,Gear,6000.0
placebo,173205,123,bridge_sensitivity,canonical,0,1,1,011,0.9988333333333334,1.0,RPM,6000.0
placebo,173205,123,bridge_sensitivity,canonical,1,0,0,100,0.029666666666666664,0.23266666666666666,Gear,6000.0
placebo,173205,123,bridge_sensitivity,canonical,1,0,0,100,0.08183333333333333,0.22433333333333336,RPM,6000.0
placebo,173205,123,bridge_sensitivity,canonical,1,0,1,101,0.027,0.661,Gear,6000.0
placebo,173205,123,bridge_sensitivity,canonical,1,0,1,101,0.04666666666666667,0.6146666666666666,RPM,6000.0
placebo,173205,123,bridge_sensitivity,canonical,1,1,0,110,0.029166666666666664,0.18783333333333332,Gear,6000.0
placebo,173205,123,bridge_sensitivity,canonical,1,1,0,110,0.09716666666666667,0.1925,RPM,6000.0
placebo,173205,123,bridge_sensitivity,canonical,1,1,1,111,0.026833333333333334,0.6393333333333333,Gear,6000.0
placebo,173205,123,bridge_sensitivity,canonical,1,1,1,111,0.04516666666666667,0.6145,RPM,6000.0
placebo,173205,123,bridge_sensitivity,shifted,0,0,0,000,0.9998333333333335,1.0,Gear,6000.0
placebo,173205,123,bridge_sensitivity,shifted,0,0,0,000,0.9938333333333333,1.0,RPM,6000.0
placebo,173205,123,bridge_sensitivity,shifted,0,0,1,001,0.9996666666666667,1.0,Gear,6000.0
placebo,173205,123,bridge_sensitivity,shifted,0,0,1,001,0.9963333333333333,1.0,RPM,6000.0
placebo,173205,123,bridge_sensitivity,shifted,0,1,0,010,0.9996666666666667,1.0,Gear,6000.0
placebo,173205,123,bridge_sensitivity,shifted,0,1,0,010,0.9966666666666667,1.0,RPM,6000.0
placebo,173205,123,bridge_sensitivity,shifted,0,1,1,011,0.9996666666666667,1.0,Gear,6000.0
placebo,173205,123,bridge_sensitivity,shifted,0,1,1,011,0.9975,1.0,RPM,6000.0
placebo,173205,123,bridge_sensitivity,shifted,1,0,0,100,0.0295,0.23316666666666666,Gear,6000.0
placebo,173205,123,bridge_sensitivity,shifted,1,0,0,100,0.082,0.22433333333333336,RPM,6000.0
placebo,173205,123,bridge_sensitivity,shifted,1,0,1,101,0.026833333333333334,0.6623333333333333,Gear,6000.0
placebo,173205,123,bridge_sensitivity,shifted,1,0,1,101,0.05216666666666667,0.632,RPM,6000.0
placebo,173205,123,bridge_sensitivity,shifted,1,1,0,110,0.029333333333333333,0.18933333333333335,Gear,6000.0
placebo,173205,123,bridge_sensitivity,shifted,1,1,0,110,0.09833333333333333,0.19583333333333333,RPM,6000.0
placebo,173205,123,bridge_sensitivity,shifted,1,1,1,111,0.026833333333333334,0.6418333333333334,Gear,6000.0
placebo,173205,123,bridge_sensitivity,shifted,1,1,1,111,0.04950000000000001,0.6306666666666666,RPM,6000.0
placebo,173205,2026,bridge_sensitivity,canonical,0,0,0,000,0.9998333333333335,1.0,Gear,6000.0
placebo,173205,2026,bridge_sensitivity,canonical,0,0,0,000,0.9976666666666668,1.0,RPM,6000.0
placebo,173205,2026,bridge_sensitivity,canonical,0,0,1,001,0.9996666666666667,1.0,Gear,6000.0
placebo,173205,2026,bridge_sensitivity,canonical,0,0,1,001,0.9978333333333333,1.0,RPM,6000.0
placebo,173205,2026,bridge_sensitivity,canonical,0,1,0,010,0.9996666666666667,1.0,Gear,6000.0
placebo,173205,2026,bridge_sensitivity,canonical,0,1,0,010,0.9980000000000001,1.0,RPM,6000.0
placebo,173205,2026,bridge_sensitivity,canonical,0,1,1,011,0.9998333333333335,1.0,Gear,6000.0
placebo,173205,2026,bridge_sensitivity,canonical,0,1,1,011,0.9988333333333334,1.0,RPM,6000.0
placebo,173205,2026,bridge_sensitivity,canonical,1,0,0,100,0.043833333333333335,0.35433333333333333,Gear,6000.0
placebo,173205,2026,bridge_sensitivity,canonical,1,0,0,100,0.07983333333333333,0.24383333333333335,RPM,6000.0
placebo,173205,2026,bridge_sensitivity,canonical,1,0,1,101,0.04616666666666667,0.6318333333333334,Gear,6000.0
placebo,173205,2026,bridge_sensitivity,canonical,1,0,1,101,0.04816666666666667,0.5475,RPM,6000.0
placebo,173205,2026,bridge_sensitivity,canonical,1,1,0,110,0.051,0.3173333333333333,Gear,6000.0
placebo,173205,2026,bridge_sensitivity,canonical,1,1,0,110,0.07783333333333332,0.19699999999999998,RPM,6000.0
placebo,173205,2026,bridge_sensitivity,canonical,1,1,1,111,0.059,0.6285,Gear,6000.0
placebo,173205,2026,bridge_sensitivity,canonical,1,1,1,111,0.05383333333333334,0.5476666666666667,RPM,6000.0
placebo,173205,2026,bridge_sensitivity,shifted,0,0,0,000,0.9998333333333335,1.0,Gear,6000.0
placebo,173205,2026,bridge_sensitivity,shifted,0,0,0,000,0.9933333333333333,1.0,RPM,6000.0
placebo,173205,2026,bridge_sensitivity,shifted,0,0,1,001,0.9996666666666667,1.0,Gear,6000.0
placebo,173205,2026,bridge_sensitivity,shifted,0,0,1,001,0.9956666666666667,1.0,RPM,6000.0
placebo,173205,2026,bridge_sensitivity,shifted,0,1,0,010,0.9996666666666667,1.0,Gear,6000.0
placebo,173205,2026,bridge_sensitivity,shifted,0,1,0,010,0.9965,1.0,RPM,6000.0
placebo,173205,2026,bridge_sensitivity,shifted,0,1,1,011,0.9998333333333335,1.0,Gear,6000.0
placebo,173205,2026,bridge_sensitivity,shifted,0,1,1,011,0.9971666666666668,1.0,RPM,6000.0
placebo,173205,2026,bridge_sensitivity,shifted,1,0,0,100,0.043333333333333335,0.35516666666666663,Gear,6000.0
placebo,173205,2026,bridge_sensitivity,shifted,1,0,0,100,0.07583333333333332,0.23516666666666666,RPM,6000.0
placebo,173205,2026,bridge_sensitivity,shifted,1,0,1,101,0.04650000000000001,0.6341666666666667,Gear,6000.0
placebo,173205,2026,bridge_sensitivity,shifted,1,0,1,101,0.04750000000000001,0.5461666666666667,RPM,6000.0
placebo,173205,2026,bridge_sensitivity,shifted,1,1,0,110,0.051333333333333335,0.3185,Gear,6000.0
placebo,173205,2026,bridge_sensitivity,shifted,1,1,0,110,0.074,0.18916666666666668,RPM,6000.0
placebo,173205,2026,bridge_sensitivity,shifted,1,1,1,111,0.058166666666666665,0.6291666666666667,Gear,6000.0
placebo,173205,2026,bridge_sensitivity,shifted,1,1,1,111,0.05383333333333334,0.5435,RPM,6000.0
placebo,173205,3407,bridge_sensitivity,canonical,0,0,0,000,0.9996666666666667,1.0,Gear,6000.0
placebo,173205,3407,bridge_sensitivity,canonical,0,0,0,000,0.9976666666666668,1.0,RPM,6000.0
placebo,173205,3407,bridge_sensitivity,canonical,0,0,1,001,0.9996666666666667,1.0,Gear,6000.0
placebo,173205,3407,bridge_sensitivity,canonical,0,0,1,001,0.9976666666666666,1.0,RPM,6000.0
placebo,173205,3407,bridge_sensitivity,canonical,0,1,0,010,0.9996666666666667,1.0,Gear,6000.0
placebo,173205,3407,bridge_sensitivity,canonical,0,1,0,010,0.9986666666666667,1.0,RPM,6000.0
placebo,173205,3407,bridge_sensitivity,canonical,0,1,1,011,0.9998333333333335,1.0,Gear,6000.0
placebo,173205,3407,bridge_sensitivity,canonical,0,1,1,011,0.9986666666666667,1.0,RPM,6000.0
placebo,173205,3407,bridge_sensitivity,canonical,1,0,0,100,0.05766666666666667,0.32416666666666666,Gear,6000.0
placebo,173205,3407,bridge_sensitivity,canonical,1,0,0,100,0.1485,0.4291666666666667,RPM,6000.0
placebo,173205,3407,bridge_sensitivity,canonical,1,0,1,101,0.04783333333333334,0.8773333333333334,Gear,6000.0
placebo,173205,3407,bridge_sensitivity,canonical,1,0,1,101,0.08216666666666667,0.8663333333333334,RPM,6000.0
placebo,173205,3407,bridge_sensitivity,canonical,1,1,0,110,0.07716666666666666,0.29983333333333334,Gear,6000.0
placebo,173205,3407,bridge_sensitivity,canonical,1,1,0,110,0.164,0.3925,RPM,6000.0
placebo,173205,3407,bridge_sensitivity,canonical,1,1,1,111,0.06266666666666666,0.8711666666666668,Gear,6000.0
placebo,173205,3407,bridge_sensitivity,canonical,1,1,1,111,0.07933333333333333,0.8806666666666666,RPM,6000.0
placebo,173205,3407,bridge_sensitivity,shifted,0,0,0,000,0.9996666666666667,1.0,Gear,6000.0
placebo,173205,3407,bridge_sensitivity,shifted,0,0,0,000,0.9943333333333334,1.0,RPM,6000.0
placebo,173205,3407,bridge_sensitivity,shifted,0,0,1,001,0.9996666666666667,1.0,Gear,6000.0
placebo,173205,3407,bridge_sensitivity,shifted,0,0,1,001,0.9953333333333333,1.0,RPM,6000.0
placebo,173205,3407,bridge_sensitivity,shifted,0,1,0,010,0.9996666666666667,1.0,Gear,6000.0
placebo,173205,3407,bridge_sensitivity,shifted,0,1,0,010,0.9965,1.0,RPM,6000.0
placebo,173205,3407,bridge_sensitivity,shifted,0,1,1,011,0.9998333333333335,1.0,Gear,6000.0
placebo,173205,3407,bridge_sensitivity,shifted,0,1,1,011,0.9971666666666668,1.0,RPM,6000.0
placebo,173205,3407,bridge_sensitivity,shifted,1,0,0,100,0.0565,0.32416666666666666,Gear,6000.0
placebo,173205,3407,bridge_sensitivity,shifted,1,0,0,100,0.16333333333333333,0.447,RPM,6000.0
placebo,173205,3407,bridge_sensitivity,shifted,1,0,1,101,0.04733333333333334,0.878,Gear,6000.0
placebo,173205,3407,bridge_sensitivity,shifted,1,0,1,101,0.085,0.8770000000000001,RPM,6000.0
placebo,173205,3407,bridge_sensitivity,shifted,1,1,0,110,0.07583333333333332,0.2995,Gear,6000.0
placebo,173205,3407,bridge_sensitivity,shifted,1,1,0,110,0.18266666666666667,0.4103333333333334,RPM,6000.0
placebo,173205,3407,bridge_sensitivity,shifted,1,1,1,111,0.06166666666666667,0.8715,Gear,6000.0
placebo,173205,3407,bridge_sensitivity,shifted,1,1,1,111,0.0845,0.8886666666666666,RPM,6000.0
placebo,192753,7,primary,canonical,0,0,0,000,1.0,1.0,Gear,6000.0
placebo,192753,7,primary,canonical,0,0,0,000,0.9983333333333334,1.0,RPM,6000.0
placebo,192753,7,primary,canonical,0,0,1,001,1.0,1.0,Gear,6000.0
placebo,192753,7,primary,canonical,0,0,1,001,0.9978333333333333,1.0,RPM,6000.0
placebo,192753,7,primary,canonical,0,1,0,010,1.0,1.0,Gear,6000.0
placebo,192753,7,primary,canonical,0,1,0,010,0.9986666666666667,1.0,RPM,6000.0
placebo,192753,7,primary,canonical,0,1,1,011,1.0,1.0,Gear,6000.0
placebo,192753,7,primary,canonical,0,1,1,011,0.9986666666666667,1.0,RPM,6000.0
placebo,192753,7,primary,canonical,1,0,0,100,0.06783333333333333,0.2588333333333333,Gear,6000.0
placebo,192753,7,primary,canonical,1,0,0,100,0.12116666666666666,0.3025,RPM,6000.0
placebo,192753,7,primary,canonical,1,0,1,101,0.08683333333333333,0.7848333333333333,Gear,6000.0
placebo,192753,7,primary,canonical,1,0,1,101,0.09066666666666667,0.6223333333333333,RPM,6000.0
placebo,192753,7,primary,canonical,1,1,0,110,0.09166666666666667,0.24250000000000002,Gear,6000.0
placebo,192753,7,primary,canonical,1,1,0,110,0.14616666666666667,0.2821666666666667,RPM,6000.0
placebo,192753,7,primary,canonical,1,1,1,111,0.09716666666666667,0.7818333333333333,Gear,6000.0
placebo,192753,7,primary,canonical,1,1,1,111,0.09849999999999999,0.6276666666666667,RPM,6000.0
placebo,192753,7,primary,shifted,0,0,0,000,1.0,1.0,Gear,6000.0
placebo,192753,7,primary,shifted,0,0,0,000,0.9951666666666666,1.0,RPM,6000.0
placebo,192753,7,primary,shifted,0,0,1,001,1.0,1.0,Gear,6000.0
placebo,192753,7,primary,shifted,0,0,1,001,0.9965,1.0,RPM,6000.0
placebo,192753,7,primary,shifted,0,1,0,010,1.0,1.0,Gear,6000.0
placebo,192753,7,primary,shifted,0,1,0,010,0.9971666666666668,1.0,RPM,6000.0
placebo,192753,7,primary,shifted,0,1,1,011,1.0,1.0,Gear,6000.0
placebo,192753,7,primary,shifted,0,1,1,011,0.9976666666666668,1.0,RPM,6000.0
placebo,192753,7,primary,shifted,1,0,0,100,0.06683333333333334,0.2585,Gear,6000.0
placebo,192753,7,primary,shifted,1,0,0,100,0.12216666666666666,0.3035,RPM,6000.0
placebo,192753,7,primary,shifted,1,0,1,101,0.08616666666666667,0.7851666666666667,Gear,6000.0
placebo,192753,7,primary,shifted,1,0,1,101,0.09600000000000002,0.6291666666666667,RPM,6000.0
placebo,192753,7,primary,shifted,1,1,0,110,0.09066666666666667,0.243,Gear,6000.0
placebo,192753,7,primary,shifted,1,1,0,110,0.14533333333333331,0.2813333333333333,RPM,6000.0
placebo,192753,7,primary,shifted,1,1,1,111,0.09516666666666666,0.7815,Gear,6000.0
placebo,192753,7,primary,shifted,1,1,1,111,0.10216666666666667,0.6305000000000001,RPM,6000.0
placebo,192753,42,primary,canonical,0,0,0,000,1.0,1.0,Gear,6000.0
placebo,192753,42,primary,canonical,0,0,0,000,0.9966666666666667,1.0,RPM,6000.0
placebo,192753,42,primary,canonical,0,0,1,001,1.0,1.0,Gear,6000.0
placebo,192753,42,primary,canonical,0,0,1,001,0.9981666666666666,1.0,RPM,6000.0
placebo,192753,42,primary,canonical,0,1,0,010,1.0,1.0,Gear,6000.0
placebo,192753,42,primary,canonical,0,1,0,010,0.9988333333333334,1.0,RPM,6000.0
placebo,192753,42,primary,canonical,0,1,1,011,1.0,1.0,Gear,6000.0
placebo,192753,42,primary,canonical,0,1,1,011,0.9988333333333334,1.0,RPM,6000.0
placebo,192753,42,primary,canonical,1,0,0,100,0.04766666666666667,0.25766666666666665,Gear,6000.0
placebo,192753,42,primary,canonical,1,0,0,100,0.09149999999999998,0.2776666666666667,RPM,6000.0
placebo,192753,42,primary,canonical,1,0,1,101,0.036833333333333336,0.5565,Gear,6000.0
placebo,192753,42,primary,canonical,1,0,1,101,0.09616666666666666,0.5813333333333334,RPM,6000.0
placebo,192753,42,primary,canonical,1,1,0,110,0.056499999999999995,0.219,Gear,6000.0
placebo,192753,42,primary,canonical,1,1,0,110,0.10633333333333334,0.24116666666666667,RPM,6000.0
placebo,192753,42,primary,canonical,1,1,1,111,0.0415,0.541,Gear,6000.0
placebo,192753,42,primary,canonical,1,1,1,111,0.09749999999999999,0.576,RPM,6000.0
placebo,192753,42,primary,shifted,0,0,0,000,1.0,1.0,Gear,6000.0
placebo,192753,42,primary,shifted,0,0,0,000,0.9928333333333333,1.0,RPM,6000.0
placebo,192753,42,primary,shifted,0,0,1,001,1.0,1.0,Gear,6000.0
placebo,192753,42,primary,shifted,0,0,1,001,0.9961666666666668,1.0,RPM,6000.0
placebo,192753,42,primary,shifted,0,1,0,010,1.0,1.0,Gear,6000.0
placebo,192753,42,primary,shifted,0,1,0,010,0.9956666666666667,1.0,RPM,6000.0
placebo,192753,42,primary,shifted,0,1,1,011,1.0,1.0,Gear,6000.0
placebo,192753,42,primary,shifted,0,1,1,011,0.9973333333333333,1.0,RPM,6000.0
placebo,192753,42,primary,shifted,1,0,0,100,0.04716666666666667,0.258,Gear,6000.0
placebo,192753,42,primary,shifted,1,0,0,100,0.08983333333333333,0.2648333333333333,RPM,6000.0
placebo,192753,42,primary,shifted,1,0,1,101,0.03716666666666667,0.559,Gear,6000.0
placebo,192753,42,primary,shifted,1,0,1,101,0.10116666666666667,0.5723333333333334,RPM,6000.0
placebo,192753,42,primary,shifted,1,1,0,110,0.056333333333333326,0.21983333333333333,Gear,6000.0
placebo,192753,42,primary,shifted,1,1,0,110,0.1045,0.22816666666666666,RPM,6000.0
placebo,192753,42,primary,shifted,1,1,1,111,0.04133333333333333,0.5415,Gear,6000.0
placebo,192753,42,primary,shifted,1,1,1,111,0.10233333333333333,0.5693333333333334,RPM,6000.0
placebo,192753,123,primary,canonical,0,0,0,000,1.0,1.0,Gear,6000.0
placebo,192753,123,primary,canonical,0,0,0,000,0.9976666666666668,1.0,RPM,6000.0
placebo,192753,123,primary,canonical,0,0,1,001,0.9998333333333335,1.0,Gear,6000.0
placebo,192753,123,primary,canonical,0,0,1,001,0.9983333333333334,1.0,RPM,6000.0
placebo,192753,123,primary,canonical,0,1,0,010,1.0,1.0,Gear,6000.0
placebo,192753,123,primary,canonical,0,1,0,010,0.9985,1.0,RPM,6000.0
placebo,192753,123,primary,canonical,0,1,1,011,0.9998333333333335,1.0,Gear,6000.0
placebo,192753,123,primary,canonical,0,1,1,011,0.999,1.0,RPM,6000.0
placebo,192753,123,primary,canonical,1,0,0,100,0.042,0.2885,Gear,6000.0
placebo,192753,123,primary,canonical,1,0,0,100,0.18683333333333332,0.3511666666666667,RPM,6000.0
placebo,192753,123,primary,canonical,1,0,1,101,0.041833333333333333,0.6371666666666665,Gear,6000.0
placebo,192753,123,primary,canonical,1,0,1,101,0.1555,0.7276666666666666,RPM,6000.0
placebo,192753,123,primary,canonical,1,1,0,110,0.050333333333333334,0.24266666666666667,Gear,6000.0
placebo,192753,123,primary,canonical,1,1,0,110,0.20716666666666664,0.3025,RPM,6000.0
placebo,192753,123,primary,canonical,1,1,1,111,0.05533333333333334,0.6335000000000001,Gear,6000.0
placebo,192753,123,primary,canonical,1,1,1,111,0.14933333333333332,0.7226666666666667,RPM,6000.0
placebo,192753,123,primary,shifted,0,0,0,000,1.0,1.0,Gear,6000.0
placebo,192753,123,primary,shifted,0,0,0,000,0.9945,1.0,RPM,6000.0
placebo,192753,123,primary,shifted,0,0,1,001,0.9998333333333335,1.0,Gear,6000.0
placebo,192753,123,primary,shifted,0,0,1,001,0.9961666666666668,1.0,RPM,6000.0
placebo,192753,123,primary,shifted,0,1,0,010,1.0,1.0,Gear,6000.0
placebo,192753,123,primary,shifted,0,1,0,010,0.996,1.0,RPM,6000.0
placebo,192753,123,primary,shifted,0,1,1,011,0.9998333333333335,1.0,Gear,6000.0
placebo,192753,123,primary,shifted,0,1,1,011,0.9978333333333333,1.0,RPM,6000.0
placebo,192753,123,primary,shifted,1,0,0,100,0.042166666666666665,0.29016666666666663,Gear,6000.0
placebo,192753,123,primary,shifted,1,0,0,100,0.18966666666666665,0.35433333333333333,RPM,6000.0
placebo,192753,123,primary,shifted,1,0,1,101,0.04133333333333333,0.6375000000000001,Gear,6000.0
placebo,192753,123,primary,shifted,1,0,1,101,0.1688333333333333,0.7408333333333333,RPM,6000.0
placebo,192753,123,primary,shifted,1,1,0,110,0.050833333333333335,0.24366666666666667,Gear,6000.0
placebo,192753,123,primary,shifted,1,1,0,110,0.21433333333333335,0.31,RPM,6000.0
placebo,192753,123,primary,shifted,1,1,1,111,0.05483333333333334,0.6345,Gear,6000.0
placebo,192753,123,primary,shifted,1,1,1,111,0.165,0.7360000000000001,RPM,6000.0
placebo,192753,2026,primary,canonical,0,0,0,000,1.0,1.0,Gear,6000.0
placebo,192753,2026,primary,canonical,0,0,0,000,0.9975,1.0,RPM,6000.0
placebo,192753,2026,primary,canonical,0,0,1,001,1.0,1.0,Gear,6000.0
placebo,192753,2026,primary,canonical,0,0,1,001,0.9981666666666668,1.0,RPM,6000.0
placebo,192753,2026,primary,canonical,0,1,0,010,1.0,1.0,Gear,6000.0
placebo,192753,2026,primary,canonical,0,1,0,010,0.9983333333333334,1.0,RPM,6000.0
placebo,192753,2026,primary,canonical,0,1,1,011,1.0,1.0,Gear,6000.0
placebo,192753,2026,primary,canonical,0,1,1,011,0.9983333333333334,1.0,RPM,6000.0
placebo,192753,2026,primary,canonical,1,0,0,100,0.030666666666666665,0.27166666666666667,Gear,6000.0
placebo,192753,2026,primary,canonical,1,0,0,100,0.0855,0.29133333333333333,RPM,6000.0
placebo,192753,2026,primary,canonical,1,0,1,101,0.03383333333333333,0.806,Gear,6000.0
placebo,192753,2026,primary,canonical,1,0,1,101,0.05383333333333334,0.725,RPM,6000.0
placebo,192753,2026,primary,canonical,1,1,0,110,0.03266666666666667,0.2315,Gear,6000.0
placebo,192753,2026,primary,canonical,1,1,0,110,0.08950000000000001,0.24533333333333332,RPM,6000.0
placebo,192753,2026,primary,canonical,1,1,1,111,0.03833333333333333,0.7836666666666666,Gear,6000.0
placebo,192753,2026,primary,canonical,1,1,1,111,0.055999999999999994,0.7428333333333333,RPM,6000.0
placebo,192753,2026,primary,shifted,0,0,0,000,1.0,1.0,Gear,6000.0
placebo,192753,2026,primary,shifted,0,0,0,000,0.9945,1.0,RPM,6000.0
placebo,192753,2026,primary,shifted,0,0,1,001,1.0,1.0,Gear,6000.0
placebo,192753,2026,primary,shifted,0,0,1,001,0.9963333333333333,1.0,RPM,6000.0
placebo,192753,2026,primary,shifted,0,1,0,010,1.0,1.0,Gear,6000.0
placebo,192753,2026,primary,shifted,0,1,0,010,0.9968333333333333,1.0,RPM,6000.0
placebo,192753,2026,primary,shifted,0,1,1,011,1.0,1.0,Gear,6000.0
placebo,192753,2026,primary,shifted,0,1,1,011,0.9980000000000001,1.0,RPM,6000.0
placebo,192753,2026,primary,shifted,1,0,0,100,0.030666666666666665,0.2725,Gear,6000.0
placebo,192753,2026,primary,shifted,1,0,0,100,0.08516666666666667,0.2853333333333334,RPM,6000.0
placebo,192753,2026,primary,shifted,1,0,1,101,0.03383333333333333,0.8065000000000001,Gear,6000.0
placebo,192753,2026,primary,shifted,1,0,1,101,0.056666666666666664,0.7373333333333334,RPM,6000.0
placebo,192753,2026,primary,shifted,1,1,0,110,0.0325,0.23299999999999998,Gear,6000.0
placebo,192753,2026,primary,shifted,1,1,0,110,0.09699999999999999,0.246,RPM,6000.0
placebo,192753,2026,primary,shifted,1,1,1,111,0.03766666666666666,0.7845,Gear,6000.0
placebo,192753,2026,primary,shifted,1,1,1,111,0.0595,0.7571666666666667,RPM,6000.0
placebo,192753,3407,primary,canonical,0,0,0,000,1.0,1.0,Gear,6000.0
placebo,192753,3407,primary,canonical,0,0,0,000,0.9975,1.0,RPM,6000.0
placebo,192753,3407,primary,canonical,0,0,1,001,0.9998333333333335,1.0,Gear,6000.0
placebo,192753,3407,primary,canonical,0,0,1,001,0.9976666666666668,1.0,RPM,6000.0
placebo,192753,3407,primary,canonical,0,1,0,010,0.9998333333333335,1.0,Gear,6000.0
placebo,192753,3407,primary,canonical,0,1,0,010,0.9981666666666666,1.0,RPM,6000.0
placebo,192753,3407,primary,canonical,0,1,1,011,0.9998333333333335,1.0,Gear,6000.0
placebo,192753,3407,primary,canonical,0,1,1,011,0.9986666666666667,1.0,RPM,6000.0
placebo,192753,3407,primary,canonical,1,0,0,100,0.04083333333333333,0.19816666666666669,Gear,6000.0
placebo,192753,3407,primary,canonical,1,0,0,100,0.09016666666666666,0.245,RPM,6000.0
placebo,192753,3407,primary,canonical,1,0,1,101,0.04650000000000001,0.6816666666666666,Gear,6000.0
placebo,192753,3407,primary,canonical,1,0,1,101,0.10033333333333333,0.6088333333333333,RPM,6000.0
placebo,192753,3407,primary,canonical,1,1,0,110,0.044833333333333336,0.1545,Gear,6000.0
placebo,192753,3407,primary,canonical,1,1,0,110,0.10149999999999999,0.212,RPM,6000.0
placebo,192753,3407,primary,canonical,1,1,1,111,0.06316666666666666,0.6731666666666666,Gear,6000.0
placebo,192753,3407,primary,canonical,1,1,1,111,0.11083333333333334,0.5958333333333333,RPM,6000.0
placebo,192753,3407,primary,shifted,0,0,0,000,1.0,1.0,Gear,6000.0
placebo,192753,3407,primary,shifted,0,0,0,000,0.9938333333333333,1.0,RPM,6000.0
placebo,192753,3407,primary,shifted,0,0,1,001,0.9998333333333335,1.0,Gear,6000.0
placebo,192753,3407,primary,shifted,0,0,1,001,0.9956666666666667,1.0,RPM,6000.0
placebo,192753,3407,primary,shifted,0,1,0,010,1.0,1.0,Gear,6000.0
placebo,192753,3407,primary,shifted,0,1,0,010,0.9961666666666668,1.0,RPM,6000.0
placebo,192753,3407,primary,shifted,0,1,1,011,1.0,1.0,Gear,6000.0
placebo,192753,3407,primary,shifted,0,1,1,011,0.9975,1.0,RPM,6000.0
placebo,192753,3407,primary,shifted,1,0,0,100,0.04083333333333333,0.1985,Gear,6000.0
placebo,192753,3407,primary,shifted,1,0,0,100,0.09116666666666666,0.24366666666666667,RPM,6000.0
placebo,192753,3407,primary,shifted,1,0,1,101,0.046000000000000006,0.6815000000000001,Gear,6000.0
placebo,192753,3407,primary,shifted,1,0,1,101,0.11066666666666665,0.6248333333333332,RPM,6000.0
placebo,192753,3407,primary,shifted,1,1,0,110,0.044500000000000005,0.15533333333333332,Gear,6000.0
placebo,192753,3407,primary,shifted,1,1,0,110,0.10283333333333333,0.21033333333333334,RPM,6000.0
placebo,192753,3407,primary,shifted,1,1,1,111,0.062,0.6735000000000001,Gear,6000.0
placebo,192753,3407,primary,shifted,1,1,1,111,0.12383333333333334,0.618,RPM,6000.0
placebo,222537,7,primary,canonical,0,0,0,000,1.0,1.0,Gear,6000.0
placebo,222537,7,primary,canonical,0,0,0,000,0.9976666666666666,1.0,RPM,6000.0
placebo,222537,7,primary,canonical,0,0,1,001,1.0,1.0,Gear,6000.0
placebo,222537,7,primary,canonical,0,0,1,001,0.9986666666666667,1.0,RPM,6000.0
placebo,222537,7,primary,canonical,0,1,0,010,1.0,1.0,Gear,6000.0
placebo,222537,7,primary,canonical,0,1,0,010,0.9983333333333334,1.0,RPM,6000.0
placebo,222537,7,primary,canonical,0,1,1,011,0.9998333333333335,1.0,Gear,6000.0
placebo,222537,7,primary,canonical,0,1,1,011,0.9991666666666666,1.0,RPM,6000.0
placebo,222537,7,primary,canonical,1,0,0,100,0.0325,0.2185,Gear,6000.0
placebo,222537,7,primary,canonical,1,0,0,100,0.04650000000000001,0.36516666666666664,RPM,6000.0
placebo,222537,7,primary,canonical,1,0,1,101,0.0295,0.836,Gear,6000.0
placebo,222537,7,primary,canonical,1,0,1,101,0.029833333333333333,0.7370000000000001,RPM,6000.0
placebo,222537,7,primary,canonical,1,1,0,110,0.035,0.17016666666666666,Gear,6000.0
placebo,222537,7,primary,canonical,1,1,0,110,0.052333333333333336,0.33416666666666667,RPM,6000.0
placebo,222537,7,primary,canonical,1,1,1,111,0.03133333333333333,0.8366666666666666,Gear,6000.0
placebo,222537,7,primary,canonical,1,1,1,111,0.030666666666666665,0.7496666666666666,RPM,6000.0
placebo,222537,7,primary,shifted,0,0,0,000,1.0,1.0,Gear,6000.0
placebo,222537,7,primary,shifted,0,0,0,000,0.9945,1.0,RPM,6000.0
placebo,222537,7,primary,shifted,0,0,1,001,1.0,1.0,Gear,6000.0
placebo,222537,7,primary,shifted,0,0,1,001,0.9968333333333333,1.0,RPM,6000.0
placebo,222537,7,primary,shifted,0,1,0,010,1.0,1.0,Gear,6000.0
placebo,222537,7,primary,shifted,0,1,0,010,0.9966666666666667,1.0,RPM,6000.0
placebo,222537,7,primary,shifted,0,1,1,011,0.9998333333333335,1.0,Gear,6000.0
placebo,222537,7,primary,shifted,0,1,1,011,0.9975,1.0,RPM,6000.0
placebo,222537,7,primary,shifted,1,0,0,100,0.03233333333333333,0.219,Gear,6000.0
placebo,222537,7,primary,shifted,1,0,0,100,0.04800000000000001,0.36366666666666664,RPM,6000.0
placebo,222537,7,primary,shifted,1,0,1,101,0.029833333333333333,0.8366666666666666,Gear,6000.0
placebo,222537,7,primary,shifted,1,0,1,101,0.030333333333333334,0.738,RPM,6000.0
placebo,222537,7,primary,shifted,1,1,0,110,0.035833333333333335,0.17166666666666666,Gear,6000.0
placebo,222537,7,primary,shifted,1,1,0,110,0.054,0.3363333333333333,RPM,6000.0
placebo,222537,7,primary,shifted,1,1,1,111,0.031166666666666665,0.8376666666666667,Gear,6000.0
placebo,222537,7,primary,shifted,1,1,1,111,0.030666666666666665,0.7516666666666666,RPM,6000.0
placebo,222537,42,primary,canonical,0,0,0,000,1.0,1.0,Gear,6000.0
placebo,222537,42,primary,canonical,0,0,0,000,0.9976666666666666,1.0,RPM,6000.0
placebo,222537,42,primary,canonical,0,0,1,001,0.9998333333333335,1.0,Gear,6000.0
placebo,222537,42,primary,canonical,0,0,1,001,0.9986666666666667,1.0,RPM,6000.0
placebo,222537,42,primary,canonical,0,1,0,010,0.9998333333333335,1.0,Gear,6000.0
placebo,222537,42,primary,canonical,0,1,0,010,0.9988333333333334,1.0,RPM,6000.0
placebo,222537,42,primary,canonical,0,1,1,011,0.9998333333333335,1.0,Gear,6000.0
placebo,222537,42,primary,canonical,0,1,1,011,0.9983333333333334,1.0,RPM,6000.0
placebo,222537,42,primary,canonical,1,0,0,100,0.050166666666666665,0.2551666666666667,Gear,6000.0
placebo,222537,42,primary,canonical,1,0,0,100,0.1396666666666667,0.342,RPM,6000.0
placebo,222537,42,primary,canonical,1,0,1,101,0.034499999999999996,0.7586666666666666,Gear,6000.0
placebo,222537,42,primary,canonical,1,0,1,101,0.14466666666666667,0.6581666666666667,RPM,6000.0
placebo,222537,42,primary,canonical,1,1,0,110,0.04783333333333334,0.21,Gear,6000.0
placebo,222537,42,primary,canonical,1,1,0,110,0.1645,0.32316666666666666,RPM,6000.0
placebo,222537,42,primary,canonical,1,1,1,111,0.035833333333333335,0.7481666666666666,Gear,6000.0
placebo,222537,42,primary,canonical,1,1,1,111,0.1535,0.6511666666666667,RPM,6000.0
placebo,222537,42,primary,shifted,0,0,0,000,1.0,1.0,Gear,6000.0
placebo,222537,42,primary,shifted,0,0,0,000,0.9945,1.0,RPM,6000.0
placebo,222537,42,primary,shifted,0,0,1,001,0.9998333333333335,1.0,Gear,6000.0
placebo,222537,42,primary,shifted,0,0,1,001,0.9963333333333333,1.0,RPM,6000.0
placebo,222537,42,primary,shifted,0,1,0,010,0.9998333333333335,1.0,Gear,6000.0
placebo,222537,42,primary,shifted,0,1,0,010,0.997,1.0,RPM,6000.0
placebo,222537,42,primary,shifted,0,1,1,011,0.9998333333333335,1.0,Gear,6000.0
placebo,222537,42,primary,shifted,0,1,1,011,0.9983333333333334,1.0,RPM,6000.0
placebo,222537,42,primary,shifted,1,0,0,100,0.049999999999999996,0.25583333333333336,Gear,6000.0
placebo,222537,42,primary,shifted,1,0,0,100,0.149,0.34450000000000003,RPM,6000.0
placebo,222537,42,primary,shifted,1,0,1,101,0.034333333333333334,0.759,Gear,6000.0
placebo,222537,42,primary,shifted,1,0,1,101,0.15733333333333333,0.6665,RPM,6000.0
placebo,222537,42,primary,shifted,1,1,0,110,0.04816666666666666,0.2105,Gear,6000.0
placebo,222537,42,primary,shifted,1,1,0,110,0.17616666666666667,0.32866666666666666,RPM,6000.0
placebo,222537,42,primary,shifted,1,1,1,111,0.035833333333333335,0.7494999999999999,Gear,6000.0
placebo,222537,42,primary,shifted,1,1,1,111,0.166,0.6628333333333334,RPM,6000.0
placebo,222537,123,primary,canonical,0,0,0,000,1.0,1.0,Gear,6000.0
placebo,222537,123,primary,canonical,0,0,0,000,0.9975,1.0,RPM,6000.0
placebo,222537,123,primary,canonical,0,0,1,001,1.0,1.0,Gear,6000.0
placebo,222537,123,primary,canonical,0,0,1,001,0.999,1.0,RPM,6000.0
placebo,222537,123,primary,canonical,0,1,0,010,1.0,1.0,Gear,6000.0
placebo,222537,123,primary,canonical,0,1,0,010,0.9985,1.0,RPM,6000.0
placebo,222537,123,primary,canonical,0,1,1,011,1.0,1.0,Gear,6000.0
placebo,222537,123,primary,canonical,0,1,1,011,0.9991666666666666,1.0,RPM,6000.0
placebo,222537,123,primary,canonical,1,0,0,100,0.03266666666666667,0.19033333333333333,Gear,6000.0
placebo,222537,123,primary,canonical,1,0,0,100,0.07816666666666666,0.2588333333333333,RPM,6000.0
placebo,222537,123,primary,canonical,1,0,1,101,0.042666666666666665,0.5531666666666667,Gear,6000.0
placebo,222537,123,primary,canonical,1,0,1,101,0.029833333333333333,0.6755,RPM,6000.0
placebo,222537,123,primary,canonical,1,1,0,110,0.03366666666666667,0.14300000000000002,Gear,6000.0
placebo,222537,123,primary,canonical,1,1,0,110,0.08849999999999998,0.22716666666666666,RPM,6000.0
placebo,222537,123,primary,canonical,1,1,1,111,0.049499999999999995,0.5431666666666667,Gear,6000.0
placebo,222537,123,primary,canonical,1,1,1,111,0.030333333333333334,0.691,RPM,6000.0
placebo,222537,123,primary,shifted,0,0,0,000,1.0,1.0,Gear,6000.0
placebo,222537,123,primary,shifted,0,0,0,000,0.9945,1.0,RPM,6000.0
placebo,222537,123,primary,shifted,0,0,1,001,1.0,1.0,Gear,6000.0
placebo,222537,123,primary,shifted,0,0,1,001,0.9971666666666668,1.0,RPM,6000.0
placebo,222537,123,primary,shifted,0,1,0,010,1.0,1.0,Gear,6000.0
placebo,222537,123,primary,shifted,0,1,0,010,0.9963333333333333,1.0,RPM,6000.0
placebo,222537,123,primary,shifted,0,1,1,011,1.0,1.0,Gear,6000.0
placebo,222537,123,primary,shifted,0,1,1,011,0.9980000000000001,1.0,RPM,6000.0
placebo,222537,123,primary,shifted,1,0,0,100,0.0325,0.1905,Gear,6000.0
placebo,222537,123,primary,shifted,1,0,0,100,0.07766666666666666,0.258,RPM,6000.0
placebo,222537,123,primary,shifted,1,0,1,101,0.042666666666666665,0.5539999999999999,Gear,6000.0
placebo,222537,123,primary,shifted,1,0,1,101,0.030833333333333334,0.6750000000000002,RPM,6000.0
placebo,222537,123,primary,shifted,1,1,0,110,0.03366666666666667,0.1435,Gear,6000.0
placebo,222537,123,primary,shifted,1,1,0,110,0.08900000000000001,0.22433333333333336,RPM,6000.0
placebo,222537,123,primary,shifted,1,1,1,111,0.049666666666666665,0.5453333333333333,Gear,6000.0
placebo,222537,123,primary,shifted,1,1,1,111,0.030166666666666665,0.6859999999999999,RPM,6000.0
placebo,222537,2026,primary,canonical,0,0,0,000,0.9996666666666667,1.0,Gear,6000.0
placebo,222537,2026,primary,canonical,0,0,0,000,0.9978333333333333,1.0,RPM,6000.0
placebo,222537,2026,primary,canonical,0,0,1,001,0.9996666666666667,1.0,Gear,6000.0
placebo,222537,2026,primary,canonical,0,0,1,001,0.9983333333333334,1.0,RPM,6000.0
placebo,222537,2026,primary,canonical,0,1,0,010,0.9998333333333335,1.0,Gear,6000.0
placebo,222537,2026,primary,canonical,0,1,0,010,0.9984999999999999,1.0,RPM,6000.0
placebo,222537,2026,primary,canonical,0,1,1,011,0.9998333333333335,1.0,Gear,6000.0
placebo,222537,2026,primary,canonical,0,1,1,011,0.9991666666666666,1.0,RPM,6000.0
placebo,222537,2026,primary,canonical,1,0,0,100,0.082,0.40216666666666673,Gear,6000.0
placebo,222537,2026,primary,canonical,1,0,0,100,0.20833333333333334,0.3,RPM,6000.0
placebo,222537,2026,primary,canonical,1,0,1,101,0.05883333333333333,0.7338333333333334,Gear,6000.0
placebo,222537,2026,primary,canonical,1,0,1,101,0.13366666666666668,0.6295000000000001,RPM,6000.0
placebo,222537,2026,primary,canonical,1,1,0,110,0.09300000000000001,0.3761666666666667,Gear,6000.0
placebo,222537,2026,primary,canonical,1,1,0,110,0.22333333333333336,0.27899999999999997,RPM,6000.0
placebo,222537,2026,primary,canonical,1,1,1,111,0.06633333333333334,0.7471666666666668,Gear,6000.0
placebo,222537,2026,primary,canonical,1,1,1,111,0.14616666666666667,0.6218333333333333,RPM,6000.0
placebo,222537,2026,primary,shifted,0,0,0,000,0.9996666666666667,1.0,Gear,6000.0
placebo,222537,2026,primary,shifted,0,0,0,000,0.9943333333333334,1.0,RPM,6000.0
placebo,222537,2026,primary,shifted,0,0,1,001,0.9996666666666667,1.0,Gear,6000.0
placebo,222537,2026,primary,shifted,0,0,1,001,0.9968333333333333,1.0,RPM,6000.0
placebo,222537,2026,primary,shifted,0,1,0,010,0.9998333333333335,1.0,Gear,6000.0
placebo,222537,2026,primary,shifted,0,1,0,010,0.9968333333333333,1.0,RPM,6000.0
placebo,222537,2026,primary,shifted,0,1,1,011,0.9998333333333335,1.0,Gear,6000.0
placebo,222537,2026,primary,shifted,0,1,1,011,0.9978333333333333,1.0,RPM,6000.0
placebo,222537,2026,primary,shifted,1,0,0,100,0.08,0.4023333333333334,Gear,6000.0
placebo,222537,2026,primary,shifted,1,0,0,100,0.19799999999999998,0.2916666666666667,RPM,6000.0
placebo,222537,2026,primary,shifted,1,0,1,101,0.058499999999999996,0.7358333333333333,Gear,6000.0
placebo,222537,2026,primary,shifted,1,0,1,101,0.14016666666666666,0.6416666666666667,RPM,6000.0
placebo,222537,2026,primary,shifted,1,1,0,110,0.09266666666666667,0.37633333333333335,Gear,6000.0
placebo,222537,2026,primary,shifted,1,1,0,110,0.21866666666666668,0.27466666666666667,RPM,6000.0
placebo,222537,2026,primary,shifted,1,1,1,111,0.06483333333333334,0.7483333333333334,Gear,6000.0
placebo,222537,2026,primary,shifted,1,1,1,111,0.15216666666666667,0.6355,RPM,6000.0
placebo,222537,3407,primary,canonical,0,0,0,000,1.0,1.0,Gear,6000.0
placebo,222537,3407,primary,canonical,0,0,0,000,0.9978333333333333,1.0,RPM,6000.0
placebo,222537,3407,primary,canonical,0,0,1,001,0.9998333333333335,1.0,Gear,6000.0
placebo,222537,3407,primary,canonical,0,0,1,001,0.9983333333333334,1.0,RPM,6000.0
placebo,222537,3407,primary,canonical,0,1,0,010,1.0,1.0,Gear,6000.0
placebo,222537,3407,primary,canonical,0,1,0,010,0.999,1.0,RPM,6000.0
placebo,222537,3407,primary,canonical,0,1,1,011,1.0,1.0,Gear,6000.0
placebo,222537,3407,primary,canonical,0,1,1,011,0.9988333333333334,1.0,RPM,6000.0
placebo,222537,3407,primary,canonical,1,0,0,100,0.03133333333333333,0.21766666666666667,Gear,6000.0
placebo,222537,3407,primary,canonical,1,0,0,100,0.06366666666666666,0.2881666666666666,RPM,6000.0
placebo,222537,3407,primary,canonical,1,0,1,101,0.026333333333333334,0.8526666666666666,Gear,6000.0
placebo,222537,3407,primary,canonical,1,0,1,101,0.03766666666666667,0.8826666666666666,RPM,6000.0
placebo,222537,3407,primary,canonical,1,1,0,110,0.03166666666666667,0.17566666666666667,Gear,6000.0
placebo,222537,3407,primary,canonical,1,1,0,110,0.07366666666666666,0.24683333333333332,RPM,6000.0
placebo,222537,3407,primary,canonical,1,1,1,111,0.025833333333333333,0.8606666666666666,Gear,6000.0
placebo,222537,3407,primary,canonical,1,1,1,111,0.037333333333333336,0.9086666666666666,RPM,6000.0
placebo,222537,3407,primary,shifted,0,0,0,000,1.0,1.0,Gear,6000.0
placebo,222537,3407,primary,shifted,0,0,0,000,0.995,1.0,RPM,6000.0
placebo,222537,3407,primary,shifted,0,0,1,001,0.9998333333333335,1.0,Gear,6000.0
placebo,222537,3407,primary,shifted,0,0,1,001,0.9966666666666667,1.0,RPM,6000.0
placebo,222537,3407,primary,shifted,0,1,0,010,1.0,1.0,Gear,6000.0
placebo,222537,3407,primary,shifted,0,1,0,010,0.9968333333333333,1.0,RPM,6000.0
placebo,222537,3407,primary,shifted,0,1,1,011,1.0,1.0,Gear,6000.0
placebo,222537,3407,primary,shifted,0,1,1,011,0.9978333333333333,1.0,RPM,6000.0
placebo,222537,3407,primary,shifted,1,0,0,100,0.030833333333333334,0.217,Gear,6000.0
placebo,222537,3407,primary,shifted,1,0,0,100,0.06433333333333334,0.2825,RPM,6000.0
placebo,222537,3407,primary,shifted,1,0,1,101,0.026333333333333334,0.8526666666666666,Gear,6000.0
placebo,222537,3407,primary,shifted,1,0,1,101,0.038,0.8805,RPM,6000.0
placebo,222537,3407,primary,shifted,1,1,0,110,0.03166666666666667,0.17616666666666667,Gear,6000.0
placebo,222537,3407,primary,shifted,1,1,0,110,0.075,0.241,RPM,6000.0
placebo,222537,3407,primary,shifted,1,1,1,111,0.025833333333333333,0.8615,Gear,6000.0
placebo,222537,3407,primary,shifted,1,1,1,111,0.03766666666666666,0.9078333333333334,RPM,6000.0
placebo,271828,7,bridge_sensitivity,canonical,0,0,0,000,1.0,1.0,Gear,6000.0
placebo,271828,7,bridge_sensitivity,canonical,0,0,0,000,0.9981666666666666,1.0,RPM,6000.0
placebo,271828,7,bridge_sensitivity,canonical,0,0,1,001,1.0,1.0,Gear,6000.0
placebo,271828,7,bridge_sensitivity,canonical,0,0,1,001,0.9981666666666666,1.0,RPM,6000.0
placebo,271828,7,bridge_sensitivity,canonical,0,1,0,010,1.0,1.0,Gear,6000.0
placebo,271828,7,bridge_sensitivity,canonical,0,1,0,010,0.9981666666666668,1.0,RPM,6000.0
placebo,271828,7,bridge_sensitivity,canonical,0,1,1,011,0.9998333333333335,1.0,Gear,6000.0
placebo,271828,7,bridge_sensitivity,canonical,0,1,1,011,0.9986666666666667,1.0,RPM,6000.0
placebo,271828,7,bridge_sensitivity,canonical,1,0,0,100,0.0405,0.15733333333333333,Gear,6000.0
placebo,271828,7,bridge_sensitivity,canonical,1,0,0,100,0.23183333333333334,0.43366666666666664,RPM,6000.0
placebo,271828,7,bridge_sensitivity,canonical,1,0,1,101,0.10183333333333333,0.8133333333333334,Gear,6000.0
placebo,271828,7,bridge_sensitivity,canonical,1,0,1,101,0.23650000000000002,0.7866666666666667,RPM,6000.0
placebo,271828,7,bridge_sensitivity,canonical,1,1,0,110,0.044333333333333336,0.12633333333333333,Gear,6000.0
placebo,271828,7,bridge_sensitivity,canonical,1,1,0,110,0.2745,0.44449999999999995,RPM,6000.0
placebo,271828,7,bridge_sensitivity,canonical,1,1,1,111,0.10683333333333334,0.8115,Gear,6000.0
placebo,271828,7,bridge_sensitivity,canonical,1,1,1,111,0.21866666666666668,0.7721666666666667,RPM,6000.0
placebo,271828,7,bridge_sensitivity,shifted,0,0,0,000,1.0,1.0,Gear,6000.0
placebo,271828,7,bridge_sensitivity,shifted,0,0,0,000,0.9938333333333333,1.0,RPM,6000.0
placebo,271828,7,bridge_sensitivity,shifted,0,0,1,001,1.0,1.0,Gear,6000.0
placebo,271828,7,bridge_sensitivity,shifted,0,0,1,001,0.9965,1.0,RPM,6000.0
placebo,271828,7,bridge_sensitivity,shifted,0,1,0,010,1.0,1.0,Gear,6000.0
placebo,271828,7,bridge_sensitivity,shifted,0,1,0,010,0.9966666666666667,1.0,RPM,6000.0
placebo,271828,7,bridge_sensitivity,shifted,0,1,1,011,0.9998333333333335,1.0,Gear,6000.0
placebo,271828,7,bridge_sensitivity,shifted,0,1,1,011,0.9976666666666666,1.0,RPM,6000.0
placebo,271828,7,bridge_sensitivity,shifted,1,0,0,100,0.04,0.15633333333333332,Gear,6000.0
placebo,271828,7,bridge_sensitivity,shifted,1,0,0,100,0.24733333333333332,0.45183333333333336,RPM,6000.0
placebo,271828,7,bridge_sensitivity,shifted,1,0,1,101,0.10066666666666667,0.8138333333333333,Gear,6000.0
placebo,271828,7,bridge_sensitivity,shifted,1,0,1,101,0.2551666666666667,0.7981666666666666,RPM,6000.0
placebo,271828,7,bridge_sensitivity,shifted,1,1,0,110,0.044000000000000004,0.12633333333333333,Gear,6000.0
placebo,271828,7,bridge_sensitivity,shifted,1,1,0,110,0.29233333333333333,0.46399999999999997,RPM,6000.0
placebo,271828,7,bridge_sensitivity,shifted,1,1,1,111,0.10666666666666667,0.8133333333333334,Gear,6000.0
placebo,271828,7,bridge_sensitivity,shifted,1,1,1,111,0.23416666666666666,0.7791666666666667,RPM,6000.0
placebo,271828,42,bridge_sensitivity,canonical,0,0,0,000,1.0,1.0,Gear,6000.0
placebo,271828,42,bridge_sensitivity,canonical,0,0,0,000,0.9978333333333333,1.0,RPM,6000.0
placebo,271828,42,bridge_sensitivity,canonical,0,0,1,001,1.0,1.0,Gear,6000.0
placebo,271828,42,bridge_sensitivity,canonical,0,0,1,001,0.9986666666666667,1.0,RPM,6000.0
placebo,271828,42,bridge_sensitivity,canonical,0,1,0,010,1.0,1.0,Gear,6000.0
placebo,271828,42,bridge_sensitivity,canonical,0,1,0,010,0.9983333333333334,1.0,RPM,6000.0
placebo,271828,42,bridge_sensitivity,canonical,0,1,1,011,1.0,1.0,Gear,6000.0
placebo,271828,42,bridge_sensitivity,canonical,0,1,1,011,0.9986666666666667,1.0,RPM,6000.0
placebo,271828,42,bridge_sensitivity,canonical,1,0,0,100,0.030666666666666665,0.307,Gear,6000.0
placebo,271828,42,bridge_sensitivity,canonical,1,0,0,100,0.15366666666666665,0.30833333333333335,RPM,6000.0
placebo,271828,42,bridge_sensitivity,canonical,1,0,1,101,0.0315,0.71,Gear,6000.0
placebo,271828,42,bridge_sensitivity,canonical,1,0,1,101,0.16483333333333336,0.59,RPM,6000.0
placebo,271828,42,bridge_sensitivity,canonical,1,1,0,110,0.035500000000000004,0.259,Gear,6000.0
placebo,271828,42,bridge_sensitivity,canonical,1,1,0,110,0.16983333333333336,0.2708333333333333,RPM,6000.0
placebo,271828,42,bridge_sensitivity,canonical,1,1,1,111,0.03466666666666667,0.7061666666666667,Gear,6000.0
placebo,271828,42,bridge_sensitivity,canonical,1,1,1,111,0.17566666666666667,0.5825,RPM,6000.0
placebo,271828,42,bridge_sensitivity,shifted,0,0,0,000,1.0,1.0,Gear,6000.0
placebo,271828,42,bridge_sensitivity,shifted,0,0,0,000,0.9938333333333333,1.0,RPM,6000.0
placebo,271828,42,bridge_sensitivity,shifted,0,0,1,001,1.0,1.0,Gear,6000.0
placebo,271828,42,bridge_sensitivity,shifted,0,0,1,001,0.9966666666666667,1.0,RPM,6000.0
placebo,271828,42,bridge_sensitivity,shifted,0,1,0,010,1.0,1.0,Gear,6000.0
placebo,271828,42,bridge_sensitivity,shifted,0,1,0,010,0.9966666666666667,1.0,RPM,6000.0
placebo,271828,42,bridge_sensitivity,shifted,0,1,1,011,1.0,1.0,Gear,6000.0
placebo,271828,42,bridge_sensitivity,shifted,0,1,1,011,0.9976666666666666,1.0,RPM,6000.0
placebo,271828,42,bridge_sensitivity,shifted,1,0,0,100,0.031166666666666665,0.30816666666666664,Gear,6000.0
placebo,271828,42,bridge_sensitivity,shifted,1,0,0,100,0.1455,0.3033333333333333,RPM,6000.0
placebo,271828,42,bridge_sensitivity,shifted,1,0,1,101,0.03133333333333333,0.7113333333333333,Gear,6000.0
placebo,271828,42,bridge_sensitivity,shifted,1,0,1,101,0.1615,0.5935,RPM,6000.0
placebo,271828,42,bridge_sensitivity,shifted,1,1,0,110,0.03566666666666667,0.2595,Gear,6000.0
placebo,271828,42,bridge_sensitivity,shifted,1,1,0,110,0.16116666666666668,0.26666666666666666,RPM,6000.0
placebo,271828,42,bridge_sensitivity,shifted,1,1,1,111,0.03516666666666667,0.7081666666666666,Gear,6000.0
placebo,271828,42,bridge_sensitivity,shifted,1,1,1,111,0.16966666666666666,0.5815,RPM,6000.0
placebo,271828,123,bridge_sensitivity,canonical,0,0,0,000,1.0,1.0,Gear,6000.0
placebo,271828,123,bridge_sensitivity,canonical,0,0,0,000,0.9973333333333333,1.0,RPM,6000.0
placebo,271828,123,bridge_sensitivity,canonical,0,0,1,001,1.0,1.0,Gear,6000.0
placebo,271828,123,bridge_sensitivity,canonical,0,0,1,001,0.9984999999999999,1.0,RPM,6000.0
placebo,271828,123,bridge_sensitivity,canonical,0,1,0,010,1.0,1.0,Gear,6000.0
placebo,271828,123,bridge_sensitivity,canonical,0,1,0,010,0.9983333333333334,1.0,RPM,6000.0
placebo,271828,123,bridge_sensitivity,canonical,0,1,1,011,1.0,1.0,Gear,6000.0
placebo,271828,123,bridge_sensitivity,canonical,0,1,1,011,0.9988333333333334,1.0,RPM,6000.0
placebo,271828,123,bridge_sensitivity,canonical,1,0,0,100,0.03916666666666666,0.18800000000000003,Gear,6000.0
placebo,271828,123,bridge_sensitivity,canonical,1,0,0,100,0.2315,0.3735,RPM,6000.0
placebo,271828,123,bridge_sensitivity,canonical,1,0,1,101,0.04800000000000001,0.5105,Gear,6000.0
placebo,271828,123,bridge_sensitivity,canonical,1,0,1,101,0.11366666666666665,0.5641666666666666,RPM,6000.0
placebo,271828,123,bridge_sensitivity,canonical,1,1,0,110,0.04933333333333333,0.15333333333333335,Gear,6000.0
placebo,271828,123,bridge_sensitivity,canonical,1,1,0,110,0.2651666666666667,0.35283333333333333,RPM,6000.0
placebo,271828,123,bridge_sensitivity,canonical,1,1,1,111,0.07116666666666667,0.47300000000000003,Gear,6000.0
placebo,271828,123,bridge_sensitivity,canonical,1,1,1,111,0.13349999999999998,0.5531666666666667,RPM,6000.0
placebo,271828,123,bridge_sensitivity,shifted,0,0,0,000,1.0,1.0,Gear,6000.0
placebo,271828,123,bridge_sensitivity,shifted,0,0,0,000,0.9950000000000001,1.0,RPM,6000.0
placebo,271828,123,bridge_sensitivity,shifted,0,0,1,001,1.0,1.0,Gear,6000.0
placebo,271828,123,bridge_sensitivity,shifted,0,0,1,001,0.9966666666666667,1.0,RPM,6000.0
placebo,271828,123,bridge_sensitivity,shifted,0,1,0,010,1.0,1.0,Gear,6000.0
placebo,271828,123,bridge_sensitivity,shifted,0,1,0,010,0.9965,1.0,RPM,6000.0
placebo,271828,123,bridge_sensitivity,shifted,0,1,1,011,1.0,1.0,Gear,6000.0
placebo,271828,123,bridge_sensitivity,shifted,0,1,1,011,0.9980000000000001,1.0,RPM,6000.0
placebo,271828,123,bridge_sensitivity,shifted,1,0,0,100,0.03883333333333333,0.18800000000000003,Gear,6000.0
placebo,271828,123,bridge_sensitivity,shifted,1,0,0,100,0.25433333333333336,0.39566666666666667,RPM,6000.0
placebo,271828,123,bridge_sensitivity,shifted,1,0,1,101,0.04783333333333333,0.5103333333333333,Gear,6000.0
placebo,271828,123,bridge_sensitivity,shifted,1,0,1,101,0.1255,0.5861666666666666,RPM,6000.0
placebo,271828,123,bridge_sensitivity,shifted,1,1,0,110,0.04883333333333333,0.1535,Gear,6000.0
placebo,271828,123,bridge_sensitivity,shifted,1,1,0,110,0.29333333333333333,0.3765,RPM,6000.0
placebo,271828,123,bridge_sensitivity,shifted,1,1,1,111,0.06916666666666667,0.47350000000000003,Gear,6000.0
placebo,271828,123,bridge_sensitivity,shifted,1,1,1,111,0.14633333333333334,0.582,RPM,6000.0
placebo,271828,2026,bridge_sensitivity,canonical,0,0,0,000,1.0,1.0,Gear,6000.0
placebo,271828,2026,bridge_sensitivity,canonical,0,0,0,000,0.9978333333333333,1.0,RPM,6000.0
placebo,271828,2026,bridge_sensitivity,canonical,0,0,1,001,1.0,1.0,Gear,6000.0
placebo,271828,2026,bridge_sensitivity,canonical,0,0,1,001,0.9986666666666667,1.0,RPM,6000.0
placebo,271828,2026,bridge_sensitivity,canonical,0,1,0,010,1.0,1.0,Gear,6000.0
placebo,271828,2026,bridge_sensitivity,canonical,0,1,0,010,0.9981666666666666,1.0,RPM,6000.0
placebo,271828,2026,bridge_sensitivity,canonical,0,1,1,011,1.0,1.0,Gear,6000.0
placebo,271828,2026,bridge_sensitivity,canonical,0,1,1,011,0.9984999999999999,1.0,RPM,6000.0
placebo,271828,2026,bridge_sensitivity,canonical,1,0,0,100,0.08650000000000001,0.3443333333333333,Gear,6000.0
placebo,271828,2026,bridge_sensitivity,canonical,1,0,0,100,0.09749999999999999,0.255,RPM,6000.0
placebo,271828,2026,bridge_sensitivity,canonical,1,0,1,101,0.034,0.7028333333333333,Gear,6000.0
placebo,271828,2026,bridge_sensitivity,canonical,1,0,1,101,0.09100000000000001,0.7484999999999999,RPM,6000.0
placebo,271828,2026,bridge_sensitivity,canonical,1,1,0,110,0.11333333333333333,0.3296666666666667,Gear,6000.0
placebo,271828,2026,bridge_sensitivity,canonical,1,1,0,110,0.119,0.2265,RPM,6000.0
placebo,271828,2026,bridge_sensitivity,canonical,1,1,1,111,0.04066666666666666,0.7123333333333334,Gear,6000.0
placebo,271828,2026,bridge_sensitivity,canonical,1,1,1,111,0.08666666666666667,0.761,RPM,6000.0
placebo,271828,2026,bridge_sensitivity,shifted,0,0,0,000,1.0,1.0,Gear,6000.0
placebo,271828,2026,bridge_sensitivity,shifted,0,0,0,000,0.9936666666666666,1.0,RPM,6000.0
placebo,271828,2026,bridge_sensitivity,shifted,0,0,1,001,1.0,1.0,Gear,6000.0
placebo,271828,2026,bridge_sensitivity,shifted,0,0,1,001,0.9966666666666667,1.0,RPM,6000.0
placebo,271828,2026,bridge_sensitivity,shifted,0,1,0,010,1.0,1.0,Gear,6000.0
placebo,271828,2026,bridge_sensitivity,shifted,0,1,0,010,0.9965,1.0,RPM,6000.0
placebo,271828,2026,bridge_sensitivity,shifted,0,1,1,011,1.0,1.0,Gear,6000.0
placebo,271828,2026,bridge_sensitivity,shifted,0,1,1,011,0.9973333333333333,1.0,RPM,6000.0
placebo,271828,2026,bridge_sensitivity,shifted,1,0,0,100,0.085,0.3451666666666666,Gear,6000.0
placebo,271828,2026,bridge_sensitivity,shifted,1,0,0,100,0.11016666666666668,0.2691666666666667,RPM,6000.0
placebo,271828,2026,bridge_sensitivity,shifted,1,0,1,101,0.034,0.7038333333333333,Gear,6000.0
placebo,271828,2026,bridge_sensitivity,shifted,1,0,1,101,0.09949999999999999,0.7601666666666667,RPM,6000.0
placebo,271828,2026,bridge_sensitivity,shifted,1,1,0,110,0.11233333333333333,0.3295,Gear,6000.0
placebo,271828,2026,bridge_sensitivity,shifted,1,1,0,110,0.13833333333333334,0.247,RPM,6000.0
placebo,271828,2026,bridge_sensitivity,shifted,1,1,1,111,0.041166666666666664,0.7126666666666667,Gear,6000.0
placebo,271828,2026,bridge_sensitivity,shifted,1,1,1,111,0.09349999999999999,0.7738333333333333,RPM,6000.0
placebo,271828,3407,bridge_sensitivity,canonical,0,0,0,000,1.0,1.0,Gear,6000.0
placebo,271828,3407,bridge_sensitivity,canonical,0,0,0,000,0.9981666666666666,1.0,RPM,6000.0
placebo,271828,3407,bridge_sensitivity,canonical,0,0,1,001,1.0,1.0,Gear,6000.0
placebo,271828,3407,bridge_sensitivity,canonical,0,0,1,001,0.9981666666666668,1.0,RPM,6000.0
placebo,271828,3407,bridge_sensitivity,canonical,0,1,0,010,0.9998333333333335,1.0,Gear,6000.0
placebo,271828,3407,bridge_sensitivity,canonical,0,1,0,010,0.9983333333333334,1.0,RPM,6000.0
placebo,271828,3407,bridge_sensitivity,canonical,0,1,1,011,0.9998333333333335,1.0,Gear,6000.0
placebo,271828,3407,bridge_sensitivity,canonical,0,1,1,011,0.9986666666666667,1.0,RPM,6000.0
placebo,271828,3407,bridge_sensitivity,canonical,1,0,0,100,0.027999999999999997,0.16816666666666666,Gear,6000.0
placebo,271828,3407,bridge_sensitivity,canonical,1,0,0,100,0.08166666666666667,0.29333333333333333,RPM,6000.0
placebo,271828,3407,bridge_sensitivity,canonical,1,0,1,101,0.028499999999999998,0.6156666666666667,Gear,6000.0
placebo,271828,3407,bridge_sensitivity,canonical,1,0,1,101,0.09733333333333333,0.7206666666666667,RPM,6000.0
placebo,271828,3407,bridge_sensitivity,canonical,1,1,0,110,0.02666666666666667,0.12466666666666666,Gear,6000.0
placebo,271828,3407,bridge_sensitivity,canonical,1,1,0,110,0.09183333333333332,0.25966666666666666,RPM,6000.0
placebo,271828,3407,bridge_sensitivity,canonical,1,1,1,111,0.028833333333333332,0.582,Gear,6000.0
placebo,271828,3407,bridge_sensitivity,canonical,1,1,1,111,0.11599999999999999,0.7205,RPM,6000.0
placebo,271828,3407,bridge_sensitivity,shifted,0,0,0,000,1.0,1.0,Gear,6000.0
placebo,271828,3407,bridge_sensitivity,shifted,0,0,0,000,0.9946666666666667,1.0,RPM,6000.0
placebo,271828,3407,bridge_sensitivity,shifted,0,0,1,001,0.9998333333333335,1.0,Gear,6000.0
placebo,271828,3407,bridge_sensitivity,shifted,0,0,1,001,0.996,1.0,RPM,6000.0
placebo,271828,3407,bridge_sensitivity,shifted,0,1,0,010,0.9998333333333335,1.0,Gear,6000.0
placebo,271828,3407,bridge_sensitivity,shifted,0,1,0,010,0.9968333333333333,1.0,RPM,6000.0
placebo,271828,3407,bridge_sensitivity,shifted,0,1,1,011,0.9998333333333335,1.0,Gear,6000.0
placebo,271828,3407,bridge_sensitivity,shifted,0,1,1,011,0.9971666666666668,1.0,RPM,6000.0
placebo,271828,3407,bridge_sensitivity,shifted,1,0,0,100,0.027999999999999997,0.16866666666666666,Gear,6000.0
placebo,271828,3407,bridge_sensitivity,shifted,1,0,0,100,0.08533333333333333,0.29666666666666663,RPM,6000.0
placebo,271828,3407,bridge_sensitivity,shifted,1,0,1,101,0.028666666666666663,0.619,Gear,6000.0
placebo,271828,3407,bridge_sensitivity,shifted,1,0,1,101,0.10016666666666667,0.7241666666666667,RPM,6000.0
placebo,271828,3407,bridge_sensitivity,shifted,1,1,0,110,0.02666666666666667,0.125,Gear,6000.0
placebo,271828,3407,bridge_sensitivity,shifted,1,1,0,110,0.09849999999999999,0.26566666666666666,RPM,6000.0
placebo,271828,3407,bridge_sensitivity,shifted,1,1,1,111,0.028999999999999998,0.5831666666666666,Gear,6000.0
placebo,271828,3407,bridge_sensitivity,shifted,1,1,1,111,0.11499999999999999,0.7235,RPM,6000.0
placebo,298581,7,primary,canonical,0,0,0,000,1.0,1.0,Gear,6000.0
placebo,298581,7,primary,canonical,0,0,0,000,0.9980000000000001,1.0,RPM,6000.0
placebo,298581,7,primary,canonical,0,0,1,001,1.0,1.0,Gear,6000.0
placebo,298581,7,primary,canonical,0,0,1,001,0.9975,1.0,RPM,6000.0
placebo,298581,7,primary,canonical,0,1,0,010,1.0,1.0,Gear,6000.0
placebo,298581,7,primary,canonical,0,1,0,010,0.9983333333333334,1.0,RPM,6000.0
placebo,298581,7,primary,canonical,0,1,1,011,1.0,1.0,Gear,6000.0
placebo,298581,7,primary,canonical,0,1,1,011,0.9986666666666667,1.0,RPM,6000.0
placebo,298581,7,primary,canonical,1,0,0,100,0.036,0.22166666666666668,Gear,6000.0
placebo,298581,7,primary,canonical,1,0,0,100,0.3426666666666667,0.45199999999999996,RPM,6000.0
placebo,298581,7,primary,canonical,1,0,1,101,0.0305,0.6645,Gear,6000.0
placebo,298581,7,primary,canonical,1,0,1,101,0.2775,0.6453333333333333,RPM,6000.0
placebo,298581,7,primary,canonical,1,1,0,110,0.03716666666666667,0.17833333333333334,Gear,6000.0
placebo,298581,7,primary,canonical,1,1,0,110,0.389,0.45333333333333337,RPM,6000.0
placebo,298581,7,primary,canonical,1,1,1,111,0.03566666666666667,0.666,Gear,6000.0
placebo,298581,7,primary,canonical,1,1,1,111,0.28833333333333333,0.6135,RPM,6000.0
placebo,298581,7,primary,shifted,0,0,0,000,1.0,1.0,Gear,6000.0
placebo,298581,7,primary,shifted,0,0,0,000,0.9941666666666666,1.0,RPM,6000.0
placebo,298581,7,primary,shifted,0,0,1,001,1.0,1.0,Gear,6000.0
placebo,298581,7,primary,shifted,0,0,1,001,0.9961666666666668,1.0,RPM,6000.0
placebo,298581,7,primary,shifted,0,1,0,010,1.0,1.0,Gear,6000.0
placebo,298581,7,primary,shifted,0,1,0,010,0.9961666666666668,1.0,RPM,6000.0
placebo,298581,7,primary,shifted,0,1,1,011,1.0,1.0,Gear,6000.0
placebo,298581,7,primary,shifted,0,1,1,011,0.9976666666666668,1.0,RPM,6000.0
placebo,298581,7,primary,shifted,1,0,0,100,0.036,0.2235,Gear,6000.0
placebo,298581,7,primary,shifted,1,0,0,100,0.3426666666666667,0.4526666666666667,RPM,6000.0
placebo,298581,7,primary,shifted,1,0,1,101,0.030833333333333334,0.6671666666666667,Gear,6000.0
placebo,298581,7,primary,shifted,1,0,1,101,0.28,0.6536666666666666,RPM,6000.0
placebo,298581,7,primary,shifted,1,1,0,110,0.03766666666666666,0.18000000000000002,Gear,6000.0
placebo,298581,7,primary,shifted,1,1,0,110,0.38433333333333336,0.45016666666666666,RPM,6000.0
placebo,298581,7,primary,shifted,1,1,1,111,0.03516666666666667,0.6683333333333333,Gear,6000.0
placebo,298581,7,primary,shifted,1,1,1,111,0.3036666666666667,0.6338333333333334,RPM,6000.0
placebo,298581,42,primary,canonical,0,0,0,000,1.0,1.0,Gear,6000.0
placebo,298581,42,primary,canonical,0,0,0,000,0.9983333333333334,1.0,RPM,6000.0
placebo,298581,42,primary,canonical,0,0,1,001,0.9998333333333335,1.0,Gear,6000.0
placebo,298581,42,primary,canonical,0,0,1,001,0.999,1.0,RPM,6000.0
placebo,298581,42,primary,canonical,0,1,0,010,0.9996666666666667,1.0,Gear,6000.0
placebo,298581,42,primary,canonical,0,1,0,010,0.9981666666666668,1.0,RPM,6000.0
placebo,298581,42,primary,canonical,0,1,1,011,0.9998333333333335,1.0,Gear,6000.0
placebo,298581,42,primary,canonical,0,1,1,011,0.9988333333333334,1.0,RPM,6000.0
placebo,298581,42,primary,canonical,1,0,0,100,0.0535,0.37516666666666665,Gear,6000.0
placebo,298581,42,primary,canonical,1,0,0,100,0.26733333333333337,0.425,RPM,6000.0
placebo,298581,42,primary,canonical,1,0,1,101,0.041833333333333333,0.7473333333333333,Gear,6000.0
placebo,298581,42,primary,canonical,1,0,1,101,0.06516666666666666,0.6298333333333334,RPM,6000.0
placebo,298581,42,primary,canonical,1,1,0,110,0.0645,0.3428333333333333,Gear,6000.0
placebo,298581,42,primary,canonical,1,1,0,110,0.28733333333333333,0.4028333333333333,RPM,6000.0
placebo,298581,42,primary,canonical,1,1,1,111,0.044500000000000005,0.7475,Gear,6000.0
placebo,298581,42,primary,canonical,1,1,1,111,0.078,0.6358333333333334,RPM,6000.0
placebo,298581,42,primary,shifted,0,0,0,000,1.0,1.0,Gear,6000.0
placebo,298581,42,primary,shifted,0,0,0,000,0.9951666666666666,1.0,RPM,6000.0
placebo,298581,42,primary,shifted,0,0,1,001,0.9998333333333335,1.0,Gear,6000.0
placebo,298581,42,primary,shifted,0,0,1,001,0.9976666666666668,1.0,RPM,6000.0
placebo,298581,42,primary,shifted,0,1,0,010,0.9996666666666667,1.0,Gear,6000.0
placebo,298581,42,primary,shifted,0,1,0,010,0.996,1.0,RPM,6000.0
placebo,298581,42,primary,shifted,0,1,1,011,0.9998333333333335,1.0,Gear,6000.0
placebo,298581,42,primary,shifted,0,1,1,011,0.9976666666666666,1.0,RPM,6000.0
placebo,298581,42,primary,shifted,1,0,0,100,0.0535,0.3758333333333333,Gear,6000.0
placebo,298581,42,primary,shifted,1,0,0,100,0.26266666666666666,0.42716666666666664,RPM,6000.0
placebo,298581,42,primary,shifted,1,0,1,101,0.04133333333333333,0.7475,Gear,6000.0
placebo,298581,42,primary,shifted,1,0,1,101,0.076,0.6506666666666666,RPM,6000.0
placebo,298581,42,primary,shifted,1,1,0,110,0.06416666666666666,0.34349999999999997,Gear,6000.0
placebo,298581,42,primary,shifted,1,1,0,110,0.2796666666666667,0.4013333333333333,RPM,6000.0
placebo,298581,42,primary,shifted,1,1,1,111,0.04416666666666667,0.7494999999999999,Gear,6000.0
placebo,298581,42,primary,shifted,1,1,1,111,0.0845,0.6541666666666667,RPM,6000.0
placebo,298581,123,primary,canonical,0,0,0,000,1.0,1.0,Gear,6000.0
placebo,298581,123,primary,canonical,0,0,0,000,0.9971666666666668,1.0,RPM,6000.0
placebo,298581,123,primary,canonical,0,0,1,001,1.0,1.0,Gear,6000.0
placebo,298581,123,primary,canonical,0,0,1,001,0.9983333333333334,1.0,RPM,6000.0
placebo,298581,123,primary,canonical,0,1,0,010,1.0,1.0,Gear,6000.0
placebo,298581,123,primary,canonical,0,1,0,010,0.9980000000000001,1.0,RPM,6000.0
placebo,298581,123,primary,canonical,0,1,1,011,1.0,1.0,Gear,6000.0
placebo,298581,123,primary,canonical,0,1,1,011,0.9988333333333334,1.0,RPM,6000.0
placebo,298581,123,primary,canonical,1,0,0,100,0.07666666666666667,0.22716666666666666,Gear,6000.0
placebo,298581,123,primary,canonical,1,0,0,100,0.1595,0.31266666666666665,RPM,6000.0
placebo,298581,123,primary,canonical,1,0,1,101,0.09733333333333333,0.5218333333333333,Gear,6000.0
placebo,298581,123,primary,canonical,1,0,1,101,0.06133333333333333,0.585,RPM,6000.0
placebo,298581,123,primary,canonical,1,1,0,110,0.09433333333333332,0.1991666666666667,Gear,6000.0
placebo,298581,123,primary,canonical,1,1,0,110,0.16483333333333333,0.26699999999999996,RPM,6000.0
placebo,298581,123,primary,canonical,1,1,1,111,0.12866666666666668,0.5108333333333334,Gear,6000.0
placebo,298581,123,primary,canonical,1,1,1,111,0.065,0.5903333333333333,RPM,6000.0
placebo,298581,123,primary,shifted,0,0,0,000,1.0,1.0,Gear,6000.0
placebo,298581,123,primary,shifted,0,0,0,000,0.9936666666666666,1.0,RPM,6000.0
placebo,298581,123,primary,shifted,0,0,1,001,1.0,1.0,Gear,6000.0
placebo,298581,123,primary,shifted,0,0,1,001,0.9963333333333333,1.0,RPM,6000.0
placebo,298581,123,primary,shifted,0,1,0,010,1.0,1.0,Gear,6000.0
placebo,298581,123,primary,shifted,0,1,0,010,0.9965,1.0,RPM,6000.0
placebo,298581,123,primary,shifted,0,1,1,011,1.0,1.0,Gear,6000.0
placebo,298581,123,primary,shifted,0,1,1,011,0.9976666666666668,1.0,RPM,6000.0
placebo,298581,123,primary,shifted,1,0,0,100,0.07683333333333334,0.22816666666666666,Gear,6000.0
placebo,298581,123,primary,shifted,1,0,0,100,0.16949999999999998,0.31783333333333336,RPM,6000.0
placebo,298581,123,primary,shifted,1,0,1,101,0.09633333333333333,0.5236666666666666,Gear,6000.0
placebo,298581,123,primary,shifted,1,0,1,101,0.06933333333333334,0.5888333333333333,RPM,6000.0
placebo,298581,123,primary,shifted,1,1,0,110,0.09233333333333334,0.1985,Gear,6000.0
placebo,298581,123,primary,shifted,1,1,0,110,0.17666666666666667,0.27266666666666667,RPM,6000.0
placebo,298581,123,primary,shifted,1,1,1,111,0.12683333333333333,0.5108333333333334,Gear,6000.0
placebo,298581,123,primary,shifted,1,1,1,111,0.07066666666666667,0.5921666666666666,RPM,6000.0
placebo,298581,2026,primary,canonical,0,0,0,000,0.9998333333333335,1.0,Gear,6000.0
placebo,298581,2026,primary,canonical,0,0,0,000,0.9979999999999999,1.0,RPM,6000.0
placebo,298581,2026,primary,canonical,0,0,1,001,1.0,1.0,Gear,6000.0
placebo,298581,2026,primary,canonical,0,0,1,001,0.9981666666666666,1.0,RPM,6000.0
placebo,298581,2026,primary,canonical,0,1,0,010,1.0,1.0,Gear,6000.0
placebo,298581,2026,primary,canonical,0,1,0,010,0.9981666666666668,1.0,RPM,6000.0
placebo,298581,2026,primary,canonical,0,1,1,011,1.0,1.0,Gear,6000.0
placebo,298581,2026,primary,canonical,0,1,1,011,0.9984999999999999,1.0,RPM,6000.0
placebo,298581,2026,primary,canonical,1,0,0,100,0.043333333333333335,0.1728333333333333,Gear,6000.0
placebo,298581,2026,primary,canonical,1,0,0,100,0.04666666666666667,0.13749999999999998,RPM,6000.0
placebo,298581,2026,primary,canonical,1,0,1,101,0.035333333333333335,0.5946666666666667,Gear,6000.0
placebo,298581,2026,primary,canonical,1,0,1,101,0.051166666666666666,0.5043333333333333,RPM,6000.0
placebo,298581,2026,primary,canonical,1,1,0,110,0.043666666666666666,0.13683333333333333,Gear,6000.0
placebo,298581,2026,primary,canonical,1,1,0,110,0.05733333333333334,0.1155,RPM,6000.0
placebo,298581,2026,primary,canonical,1,1,1,111,0.03916666666666666,0.5683333333333334,Gear,6000.0
placebo,298581,2026,primary,canonical,1,1,1,111,0.06066666666666667,0.486,RPM,6000.0
placebo,298581,2026,primary,shifted,0,0,0,000,0.9998333333333335,1.0,Gear,6000.0
placebo,298581,2026,primary,shifted,0,0,0,000,0.9945,1.0,RPM,6000.0
placebo,298581,2026,primary,shifted,0,0,1,001,1.0,1.0,Gear,6000.0
placebo,298581,2026,primary,shifted,0,0,1,001,0.996,1.0,RPM,6000.0
placebo,298581,2026,primary,shifted,0,1,0,010,1.0,1.0,Gear,6000.0
placebo,298581,2026,primary,shifted,0,1,0,010,0.997,1.0,RPM,6000.0
placebo,298581,2026,primary,shifted,0,1,1,011,1.0,1.0,Gear,6000.0
placebo,298581,2026,primary,shifted,0,1,1,011,0.9966666666666667,1.0,RPM,6000.0
placebo,298581,2026,primary,shifted,1,0,0,100,0.043500000000000004,0.17333333333333334,Gear,6000.0
placebo,298581,2026,primary,shifted,1,0,0,100,0.04583333333333334,0.1376666666666667,RPM,6000.0
placebo,298581,2026,primary,shifted,1,0,1,101,0.0345,0.5963333333333333,Gear,6000.0
placebo,298581,2026,primary,shifted,1,0,1,101,0.051166666666666666,0.5063333333333334,RPM,6000.0
placebo,298581,2026,primary,shifted,1,1,0,110,0.044000000000000004,0.13816666666666666,Gear,6000.0
placebo,298581,2026,primary,shifted,1,1,0,110,0.05683333333333334,0.11516666666666668,RPM,6000.0
placebo,298581,2026,primary,shifted,1,1,1,111,0.03933333333333333,0.5710000000000001,Gear,6000.0
placebo,298581,2026,primary,shifted,1,1,1,111,0.05983333333333333,0.4915,RPM,6000.0
placebo,298581,3407,primary,canonical,0,0,0,000,1.0,1.0,Gear,6000.0
placebo,298581,3407,primary,canonical,0,0,0,000,0.9983333333333334,1.0,RPM,6000.0
placebo,298581,3407,primary,canonical,0,0,1,001,1.0,1.0,Gear,6000.0
placebo,298581,3407,primary,canonical,0,0,1,001,0.9986666666666667,1.0,RPM,6000.0
placebo,298581,3407,primary,canonical,0,1,0,010,0.9998333333333335,1.0,Gear,6000.0
placebo,298581,3407,primary,canonical,0,1,0,010,0.9986666666666667,1.0,RPM,6000.0
placebo,298581,3407,primary,canonical,0,1,1,011,0.9998333333333335,1.0,Gear,6000.0
placebo,298581,3407,primary,canonical,0,1,1,011,0.9988333333333334,1.0,RPM,6000.0
placebo,298581,3407,primary,canonical,1,0,0,100,0.046000000000000006,0.17883333333333332,Gear,6000.0
placebo,298581,3407,primary,canonical,1,0,0,100,0.09300000000000001,0.32033333333333336,RPM,6000.0
placebo,298581,3407,primary,canonical,1,0,1,101,0.04583333333333334,0.7861666666666668,Gear,6000.0
placebo,298581,3407,primary,canonical,1,0,1,101,0.08166666666666667,0.6813333333333333,RPM,6000.0
placebo,298581,3407,primary,canonical,1,1,0,110,0.0555,0.145,Gear,6000.0
placebo,298581,3407,primary,canonical,1,1,0,110,0.09966666666666667,0.2893333333333333,RPM,6000.0
placebo,298581,3407,primary,canonical,1,1,1,111,0.063,0.7869999999999999,Gear,6000.0
placebo,298581,3407,primary,canonical,1,1,1,111,0.08983333333333333,0.6873333333333332,RPM,6000.0
placebo,298581,3407,primary,shifted,0,0,0,000,1.0,1.0,Gear,6000.0
placebo,298581,3407,primary,shifted,0,0,0,000,0.9948333333333333,1.0,RPM,6000.0
placebo,298581,3407,primary,shifted,0,0,1,001,1.0,1.0,Gear,6000.0
placebo,298581,3407,primary,shifted,0,0,1,001,0.9963333333333333,1.0,RPM,6000.0
placebo,298581,3407,primary,shifted,0,1,0,010,0.9998333333333335,1.0,Gear,6000.0
placebo,298581,3407,primary,shifted,0,1,0,010,0.9966666666666667,1.0,RPM,6000.0
placebo,298581,3407,primary,shifted,0,1,1,011,0.9998333333333335,1.0,Gear,6000.0
placebo,298581,3407,primary,shifted,0,1,1,011,0.9975,1.0,RPM,6000.0
placebo,298581,3407,primary,shifted,1,0,0,100,0.04633333333333334,0.17933333333333334,Gear,6000.0
placebo,298581,3407,primary,shifted,1,0,0,100,0.09300000000000001,0.3105,RPM,6000.0
placebo,298581,3407,primary,shifted,1,0,1,101,0.045000000000000005,0.7885,Gear,6000.0
placebo,298581,3407,primary,shifted,1,0,1,101,0.08800000000000001,0.685,RPM,6000.0
placebo,298581,3407,primary,shifted,1,1,0,110,0.0555,0.1455,Gear,6000.0
placebo,298581,3407,primary,shifted,1,1,0,110,0.10266666666666667,0.2806666666666667,RPM,6000.0
placebo,298581,3407,primary,shifted,1,1,1,111,0.06183333333333333,0.7893333333333334,Gear,6000.0
placebo,298581,3407,primary,shifted,1,1,1,111,0.09816666666666667,0.6921666666666667,RPM,6000.0
placebo,415637,7,primary,canonical,0,0,0,000,1.0,1.0,Gear,6000.0
placebo,415637,7,primary,canonical,0,0,0,000,0.9975,1.0,RPM,6000.0
placebo,415637,7,primary,canonical,0,0,1,001,1.0,1.0,Gear,6000.0
placebo,415637,7,primary,canonical,0,0,1,001,0.9986666666666667,1.0,RPM,6000.0
placebo,415637,7,primary,canonical,0,1,0,010,1.0,1.0,Gear,6000.0
placebo,415637,7,primary,canonical,0,1,0,010,0.9986666666666667,1.0,RPM,6000.0
placebo,415637,7,primary,canonical,0,1,1,011,0.9998333333333335,1.0,Gear,6000.0
placebo,415637,7,primary,canonical,0,1,1,011,0.999,1.0,RPM,6000.0
placebo,415637,7,primary,canonical,1,0,0,100,0.0775,0.27266666666666667,Gear,6000.0
placebo,415637,7,primary,canonical,1,0,0,100,0.3625,0.5421666666666667,RPM,6000.0
placebo,415637,7,primary,canonical,1,0,1,101,0.05566666666666667,0.7653333333333333,Gear,6000.0
placebo,415637,7,primary,canonical,1,0,1,101,0.16866666666666666,0.7136666666666667,RPM,6000.0
placebo,415637,7,primary,canonical,1,1,0,110,0.09149999999999998,0.24216666666666667,Gear,6000.0
placebo,415637,7,primary,canonical,1,1,0,110,0.3906666666666667,0.5281666666666667,RPM,6000.0
placebo,415637,7,primary,canonical,1,1,1,111,0.07466666666666666,0.7726666666666667,Gear,6000.0
placebo,415637,7,primary,canonical,1,1,1,111,0.1925,0.7426666666666667,RPM,6000.0
placebo,415637,7,primary,shifted,0,0,0,000,1.0,1.0,Gear,6000.0
placebo,415637,7,primary,shifted,0,0,0,000,0.9940000000000001,1.0,RPM,6000.0
placebo,415637,7,primary,shifted,0,0,1,001,1.0,1.0,Gear,6000.0
placebo,415637,7,primary,shifted,0,0,1,001,0.9971666666666668,1.0,RPM,6000.0
placebo,415637,7,primary,shifted,0,1,0,010,1.0,1.0,Gear,6000.0
placebo,415637,7,primary,shifted,0,1,0,010,0.9966666666666667,1.0,RPM,6000.0
placebo,415637,7,primary,shifted,0,1,1,011,0.9998333333333335,1.0,Gear,6000.0
placebo,415637,7,primary,shifted,0,1,1,011,0.9978333333333333,1.0,RPM,6000.0
placebo,415637,7,primary,shifted,1,0,0,100,0.07716666666666666,0.27266666666666667,Gear,6000.0
placebo,415637,7,primary,shifted,1,0,0,100,0.3673333333333333,0.5443333333333333,RPM,6000.0
placebo,415637,7,primary,shifted,1,0,1,101,0.055,0.7661666666666666,Gear,6000.0
placebo,415637,7,primary,shifted,1,0,1,101,0.17033333333333334,0.7198333333333333,RPM,6000.0
placebo,415637,7,primary,shifted,1,1,0,110,0.09100000000000001,0.24250000000000002,Gear,6000.0
placebo,415637,7,primary,shifted,1,1,0,110,0.38800000000000007,0.5243333333333333,RPM,6000.0
placebo,415637,7,primary,shifted,1,1,1,111,0.07383333333333332,0.7726666666666667,Gear,6000.0
placebo,415637,7,primary,shifted,1,1,1,111,0.19683333333333333,0.7491666666666666,RPM,6000.0
placebo,415637,42,primary,canonical,0,0,0,000,0.9998333333333335,1.0,Gear,6000.0
placebo,415637,42,primary,canonical,0,0,0,000,0.9975,1.0,RPM,6000.0
placebo,415637,42,primary,canonical,0,0,1,001,1.0,1.0,Gear,6000.0
placebo,415637,42,primary,canonical,0,0,1,001,0.9991666666666666,1.0,RPM,6000.0
placebo,415637,42,primary,canonical,0,1,0,010,0.9998333333333335,1.0,Gear,6000.0
placebo,415637,42,primary,canonical,0,1,0,010,0.9981666666666668,1.0,RPM,6000.0
placebo,415637,42,primary,canonical,0,1,1,011,0.9998333333333335,1.0,Gear,6000.0
placebo,415637,42,primary,canonical,0,1,1,011,0.9991666666666666,1.0,RPM,6000.0
placebo,415637,42,primary,canonical,1,0,0,100,0.11366666666666665,0.3468333333333333,Gear,6000.0
placebo,415637,42,primary,canonical,1,0,0,100,0.1305,0.32483333333333336,RPM,6000.0
placebo,415637,42,primary,canonical,1,0,1,101,0.04733333333333334,0.7968333333333334,Gear,6000.0
placebo,415637,42,primary,canonical,1,0,1,101,0.09700000000000002,0.742,RPM,6000.0
placebo,415637,42,primary,canonical,1,1,0,110,0.1426666666666667,0.3256666666666667,Gear,6000.0
placebo,415637,42,primary,canonical,1,1,0,110,0.17066666666666666,0.32616666666666666,RPM,6000.0
placebo,415637,42,primary,canonical,1,1,1,111,0.05733333333333334,0.8048333333333333,Gear,6000.0
placebo,415637,42,primary,canonical,1,1,1,111,0.10416666666666667,0.7526666666666667,RPM,6000.0
placebo,415637,42,primary,shifted,0,0,0,000,0.9998333333333335,1.0,Gear,6000.0
placebo,415637,42,primary,shifted,0,0,0,000,0.9938333333333333,1.0,RPM,6000.0
placebo,415637,42,primary,shifted,0,0,1,001,0.9998333333333335,1.0,Gear,6000.0
placebo,415637,42,primary,shifted,0,0,1,001,0.9968333333333333,1.0,RPM,6000.0
placebo,415637,42,primary,shifted,0,1,0,010,0.9998333333333335,1.0,Gear,6000.0
placebo,415637,42,primary,shifted,0,1,0,010,0.9968333333333333,1.0,RPM,6000.0
placebo,415637,42,primary,shifted,0,1,1,011,0.9998333333333335,1.0,Gear,6000.0
placebo,415637,42,primary,shifted,0,1,1,011,0.9979999999999999,1.0,RPM,6000.0
placebo,415637,42,primary,shifted,1,0,0,100,0.11399999999999999,0.34883333333333333,Gear,6000.0
placebo,415637,42,primary,shifted,1,0,0,100,0.13883333333333334,0.33083333333333337,RPM,6000.0
placebo,415637,42,primary,shifted,1,0,1,101,0.04666666666666667,0.7978333333333333,Gear,6000.0
placebo,415637,42,primary,shifted,1,0,1,101,0.10166666666666667,0.758,RPM,6000.0
placebo,415637,42,primary,shifted,1,1,0,110,0.14216666666666666,0.3256666666666667,Gear,6000.0
placebo,415637,42,primary,shifted,1,1,0,110,0.18033333333333332,0.332,RPM,6000.0
placebo,415637,42,primary,shifted,1,1,1,111,0.05716666666666667,0.806,Gear,6000.0
placebo,415637,42,primary,shifted,1,1,1,111,0.10816666666666667,0.7624999999999998,RPM,6000.0
placebo,415637,123,primary,canonical,0,0,0,000,1.0,1.0,Gear,6000.0
placebo,415637,123,primary,canonical,0,0,0,000,0.9973333333333333,1.0,RPM,6000.0
placebo,415637,123,primary,canonical,0,0,1,001,1.0,1.0,Gear,6000.0
placebo,415637,123,primary,canonical,0,0,1,001,0.999,1.0,RPM,6000.0
placebo,415637,123,primary,canonical,0,1,0,010,1.0,1.0,Gear,6000.0
placebo,415637,123,primary,canonical,0,1,0,010,0.9986666666666667,1.0,RPM,6000.0
placebo,415637,123,primary,canonical,0,1,1,011,1.0,1.0,Gear,6000.0
placebo,415637,123,primary,canonical,0,1,1,011,0.9991666666666666,1.0,RPM,6000.0
placebo,415637,123,primary,canonical,1,0,0,100,0.11566666666666665,0.4298333333333333,Gear,6000.0
placebo,415637,123,primary,canonical,1,0,0,100,0.3745,0.5248333333333334,RPM,6000.0
placebo,415637,123,primary,canonical,1,0,1,101,0.0735,0.7480000000000001,Gear,6000.0
placebo,415637,123,primary,canonical,1,0,1,101,0.30183333333333334,0.726,RPM,6000.0
placebo,415637,123,primary,canonical,1,1,0,110,0.14566666666666667,0.4088333333333333,Gear,6000.0
placebo,415637,123,primary,canonical,1,1,0,110,0.3925,0.48816666666666664,RPM,6000.0
placebo,415637,123,primary,canonical,1,1,1,111,0.08833333333333333,0.765,Gear,6000.0
placebo,415637,123,primary,canonical,1,1,1,111,0.3093333333333333,0.713,RPM,6000.0
placebo,415637,123,primary,shifted,0,0,0,000,1.0,1.0,Gear,6000.0
placebo,415637,123,primary,shifted,0,0,0,000,0.9945,1.0,RPM,6000.0
placebo,415637,123,primary,shifted,0,0,1,001,1.0,1.0,Gear,6000.0
placebo,415637,123,primary,shifted,0,0,1,001,0.9973333333333333,1.0,RPM,6000.0
placebo,415637,123,primary,shifted,0,1,0,010,1.0,1.0,Gear,6000.0
placebo,415637,123,primary,shifted,0,1,0,010,0.9963333333333333,1.0,RPM,6000.0
placebo,415637,123,primary,shifted,0,1,1,011,1.0,1.0,Gear,6000.0
placebo,415637,123,primary,shifted,0,1,1,011,0.9978333333333333,1.0,RPM,6000.0
placebo,415637,123,primary,shifted,1,0,0,100,0.11366666666666665,0.42933333333333334,Gear,6000.0
placebo,415637,123,primary,shifted,1,0,0,100,0.37883333333333336,0.5295,RPM,6000.0
placebo,415637,123,primary,shifted,1,0,1,101,0.07216666666666667,0.7488333333333334,Gear,6000.0
placebo,415637,123,primary,shifted,1,0,1,101,0.31816666666666665,0.7408333333333333,RPM,6000.0
placebo,415637,123,primary,shifted,1,1,0,110,0.145,0.4096666666666667,Gear,6000.0
placebo,415637,123,primary,shifted,1,1,0,110,0.3965,0.49366666666666664,RPM,6000.0
placebo,415637,123,primary,shifted,1,1,1,111,0.08783333333333332,0.7666666666666666,Gear,6000.0
placebo,415637,123,primary,shifted,1,1,1,111,0.329,0.7318333333333333,RPM,6000.0
placebo,415637,2026,primary,canonical,0,0,0,000,1.0,1.0,Gear,6000.0
placebo,415637,2026,primary,canonical,0,0,0,000,0.9968333333333333,1.0,RPM,6000.0
placebo,415637,2026,primary,canonical,0,0,1,001,1.0,1.0,Gear,6000.0
placebo,415637,2026,primary,canonical,0,0,1,001,0.9980000000000001,1.0,RPM,6000.0
placebo,415637,2026,primary,canonical,0,1,0,010,1.0,1.0,Gear,6000.0
placebo,415637,2026,primary,canonical,0,1,0,010,0.9978333333333333,1.0,RPM,6000.0
placebo,415637,2026,primary,canonical,0,1,1,011,1.0,1.0,Gear,6000.0
placebo,415637,2026,primary,canonical,0,1,1,011,0.9984999999999999,1.0,RPM,6000.0
placebo,415637,2026,primary,canonical,1,0,0,100,0.0325,0.30216666666666664,Gear,6000.0
placebo,415637,2026,primary,canonical,1,0,0,100,0.3065,0.43883333333333335,RPM,6000.0
placebo,415637,2026,primary,canonical,1,0,1,101,0.035333333333333335,0.7091666666666666,Gear,6000.0
placebo,415637,2026,primary,canonical,1,0,1,101,0.22433333333333336,0.7843333333333332,RPM,6000.0
placebo,415637,2026,primary,canonical,1,1,0,110,0.035,0.25933333333333336,Gear,6000.0
placebo,415637,2026,primary,canonical,1,1,0,110,0.2945,0.39116666666666666,RPM,6000.0
placebo,415637,2026,primary,canonical,1,1,1,111,0.049999999999999996,0.7138333333333334,Gear,6000.0
placebo,415637,2026,primary,canonical,1,1,1,111,0.245,0.7905000000000001,RPM,6000.0
placebo,415637,2026,primary,shifted,0,0,0,000,1.0,1.0,Gear,6000.0
placebo,415637,2026,primary,shifted,0,0,0,000,0.9940000000000001,1.0,RPM,6000.0
placebo,415637,2026,primary,shifted,0,0,1,001,1.0,1.0,Gear,6000.0
placebo,415637,2026,primary,shifted,0,0,1,001,0.9958333333333335,1.0,RPM,6000.0
placebo,415637,2026,primary,shifted,0,1,0,010,1.0,1.0,Gear,6000.0
placebo,415637,2026,primary,shifted,0,1,0,010,0.9958333333333332,1.0,RPM,6000.0
placebo,415637,2026,primary,shifted,0,1,1,011,1.0,1.0,Gear,6000.0
placebo,415637,2026,primary,shifted,0,1,1,011,0.9978333333333333,1.0,RPM,6000.0
placebo,415637,2026,primary,shifted,1,0,0,100,0.03233333333333333,0.3033333333333333,Gear,6000.0
placebo,415637,2026,primary,shifted,1,0,0,100,0.31266666666666665,0.4423333333333333,RPM,6000.0
placebo,415637,2026,primary,shifted,1,0,1,101,0.0355,0.7121666666666666,Gear,6000.0
placebo,415637,2026,primary,shifted,1,0,1,101,0.2305,0.7918333333333334,RPM,6000.0
placebo,415637,2026,primary,shifted,1,1,0,110,0.03516666666666667,0.26016666666666666,Gear,6000.0
placebo,415637,2026,primary,shifted,1,1,0,110,0.30233333333333334,0.39716666666666667,RPM,6000.0
placebo,415637,2026,primary,shifted,1,1,1,111,0.049166666666666664,0.7138333333333334,Gear,6000.0
placebo,415637,2026,primary,shifted,1,1,1,111,0.2511666666666667,0.7953333333333333,RPM,6000.0
placebo,415637,3407,primary,canonical,0,0,0,000,1.0,1.0,Gear,6000.0
placebo,415637,3407,primary,canonical,0,0,0,000,0.9981666666666666,1.0,RPM,6000.0
placebo,415637,3407,primary,canonical,0,0,1,001,0.9998333333333335,1.0,Gear,6000.0
placebo,415637,3407,primary,canonical,0,0,1,001,0.9983333333333334,1.0,RPM,6000.0
placebo,415637,3407,primary,canonical,0,1,0,010,1.0,1.0,Gear,6000.0
placebo,415637,3407,primary,canonical,0,1,0,010,0.9983333333333334,1.0,RPM,6000.0
placebo,415637,3407,primary,canonical,0,1,1,011,1.0,1.0,Gear,6000.0
placebo,415637,3407,primary,canonical,0,1,1,011,0.9988333333333334,1.0,RPM,6000.0
placebo,415637,3407,primary,canonical,1,0,0,100,0.031166666666666665,0.3401666666666667,Gear,6000.0
placebo,415637,3407,primary,canonical,1,0,0,100,0.0755,0.28783333333333333,RPM,6000.0
placebo,415637,3407,primary,canonical,1,0,1,101,0.03,0.7855,Gear,6000.0
placebo,415637,3407,primary,canonical,1,0,1,101,0.04816666666666667,0.6981666666666667,RPM,6000.0
placebo,415637,3407,primary,canonical,1,1,0,110,0.03316666666666667,0.29716666666666663,Gear,6000.0
placebo,415637,3407,primary,canonical,1,1,0,110,0.08783333333333333,0.24850000000000003,RPM,6000.0
placebo,415637,3407,primary,canonical,1,1,1,111,0.030333333333333334,0.8058333333333333,Gear,6000.0
placebo,415637,3407,primary,canonical,1,1,1,111,0.0515,0.7166666666666667,RPM,6000.0
placebo,415637,3407,primary,shifted,0,0,0,000,1.0,1.0,Gear,6000.0
placebo,415637,3407,primary,shifted,0,0,0,000,0.9948333333333333,1.0,RPM,6000.0
placebo,415637,3407,primary,shifted,0,0,1,001,0.9998333333333335,1.0,Gear,6000.0
placebo,415637,3407,primary,shifted,0,0,1,001,0.9966666666666667,1.0,RPM,6000.0
placebo,415637,3407,primary,shifted,0,1,0,010,1.0,1.0,Gear,6000.0
placebo,415637,3407,primary,shifted,0,1,0,010,0.996,1.0,RPM,6000.0
placebo,415637,3407,primary,shifted,0,1,1,011,1.0,1.0,Gear,6000.0
placebo,415637,3407,primary,shifted,0,1,1,011,0.9975,1.0,RPM,6000.0
placebo,415637,3407,primary,shifted,1,0,0,100,0.031166666666666665,0.3401666666666667,Gear,6000.0
placebo,415637,3407,primary,shifted,1,0,0,100,0.07616666666666666,0.2848333333333333,RPM,6000.0
placebo,415637,3407,primary,shifted,1,0,1,101,0.029833333333333333,0.7861666666666668,Gear,6000.0
placebo,415637,3407,primary,shifted,1,0,1,101,0.04816666666666667,0.6931666666666666,RPM,6000.0
placebo,415637,3407,primary,shifted,1,1,0,110,0.03333333333333333,0.29816666666666664,Gear,6000.0
placebo,415637,3407,primary,shifted,1,1,0,110,0.08733333333333333,0.24066666666666667,RPM,6000.0
placebo,415637,3407,primary,shifted,1,1,1,111,0.030166666666666665,0.8066666666666666,Gear,6000.0
placebo,415637,3407,primary,shifted,1,1,1,111,0.052833333333333336,0.7088333333333333,RPM,6000.0
placebo,457191,7,primary,canonical,0,0,0,000,1.0,1.0,Gear,6000.0
placebo,457191,7,primary,canonical,0,0,0,000,0.9979999999999999,1.0,RPM,6000.0
placebo,457191,7,primary,canonical,0,0,1,001,0.9998333333333335,1.0,Gear,6000.0
placebo,457191,7,primary,canonical,0,0,1,001,0.9983333333333334,1.0,RPM,6000.0
placebo,457191,7,primary,canonical,0,1,0,010,1.0,1.0,Gear,6000.0
placebo,457191,7,primary,canonical,0,1,0,010,0.9985,1.0,RPM,6000.0
placebo,457191,7,primary,canonical,0,1,1,011,1.0,1.0,Gear,6000.0
placebo,457191,7,primary,canonical,0,1,1,011,0.9986666666666667,1.0,RPM,6000.0
placebo,457191,7,primary,canonical,1,0,0,100,0.039,0.329,Gear,6000.0
placebo,457191,7,primary,canonical,1,0,0,100,0.20316666666666663,0.33516666666666667,RPM,6000.0
placebo,457191,7,primary,canonical,1,0,1,101,0.032,0.7625000000000001,Gear,6000.0
placebo,457191,7,primary,canonical,1,0,1,101,0.20366666666666666,0.6325,RPM,6000.0
placebo,457191,7,primary,canonical,1,1,0,110,0.042166666666666665,0.2905,Gear,6000.0
placebo,457191,7,primary,canonical,1,1,0,110,0.24333333333333332,0.32616666666666666,RPM,6000.0
placebo,457191,7,primary,canonical,1,1,1,111,0.03516666666666667,0.767,Gear,6000.0
placebo,457191,7,primary,canonical,1,1,1,111,0.22799999999999998,0.6244999999999999,RPM,6000.0
placebo,457191,7,primary,shifted,0,0,0,000,1.0,1.0,Gear,6000.0
placebo,457191,7,primary,shifted,0,0,0,000,0.9945,1.0,RPM,6000.0
placebo,457191,7,primary,shifted,0,0,1,001,0.9998333333333335,1.0,Gear,6000.0
placebo,457191,7,primary,shifted,0,0,1,001,0.9968333333333333,1.0,RPM,6000.0
placebo,457191,7,primary,shifted,0,1,0,010,1.0,1.0,Gear,6000.0
placebo,457191,7,primary,shifted,0,1,0,010,0.9965,1.0,RPM,6000.0
placebo,457191,7,primary,shifted,0,1,1,011,1.0,1.0,Gear,6000.0
placebo,457191,7,primary,shifted,0,1,1,011,0.9980000000000001,1.0,RPM,6000.0
placebo,457191,7,primary,shifted,1,0,0,100,0.03883333333333333,0.3293333333333333,Gear,6000.0
placebo,457191,7,primary,shifted,1,0,0,100,0.2316666666666667,0.3626666666666667,RPM,6000.0
placebo,457191,7,primary,shifted,1,0,1,101,0.03183333333333333,0.7641666666666667,Gear,6000.0
placebo,457191,7,primary,shifted,1,0,1,101,0.23466666666666666,0.67,RPM,6000.0
placebo,457191,7,primary,shifted,1,1,0,110,0.042,0.29183333333333333,Gear,6000.0
placebo,457191,7,primary,shifted,1,1,0,110,0.27099999999999996,0.35316666666666663,RPM,6000.0
placebo,457191,7,primary,shifted,1,1,1,111,0.035333333333333335,0.7685,Gear,6000.0
placebo,457191,7,primary,shifted,1,1,1,111,0.26033333333333336,0.6601666666666667,RPM,6000.0
placebo,457191,42,primary,canonical,0,0,0,000,1.0,1.0,Gear,6000.0
placebo,457191,42,primary,canonical,0,0,0,000,0.9971666666666668,1.0,RPM,6000.0
placebo,457191,42,primary,canonical,0,0,1,001,1.0,1.0,Gear,6000.0
placebo,457191,42,primary,canonical,0,0,1,001,0.9985,1.0,RPM,6000.0
placebo,457191,42,primary,canonical,0,1,0,010,0.9998333333333335,1.0,Gear,6000.0
placebo,457191,42,primary,canonical,0,1,0,010,0.9988333333333334,1.0,RPM,6000.0
placebo,457191,42,primary,canonical,0,1,1,011,0.9998333333333335,1.0,Gear,6000.0
placebo,457191,42,primary,canonical,0,1,1,011,0.9991666666666666,1.0,RPM,6000.0
placebo,457191,42,primary,canonical,1,0,0,100,0.056333333333333326,0.3455,Gear,6000.0
placebo,457191,42,primary,canonical,1,0,0,100,0.2845,0.44883333333333336,RPM,6000.0
placebo,457191,42,primary,canonical,1,0,1,101,0.04783333333333333,0.6698333333333334,Gear,6000.0
placebo,457191,42,primary,canonical,1,0,1,101,0.17200000000000001,0.6924999999999999,RPM,6000.0
placebo,457191,42,primary,canonical,1,1,0,110,0.06633333333333334,0.31016666666666665,Gear,6000.0
placebo,457191,42,primary,canonical,1,1,0,110,0.28200000000000003,0.39633333333333337,RPM,6000.0
placebo,457191,42,primary,canonical,1,1,1,111,0.05833333333333333,0.6709999999999999,Gear,6000.0
placebo,457191,42,primary,canonical,1,1,1,111,0.18466666666666667,0.699,RPM,6000.0
placebo,457191,42,primary,shifted,0,0,0,000,1.0,1.0,Gear,6000.0
placebo,457191,42,primary,shifted,0,0,0,000,0.9941666666666666,1.0,RPM,6000.0
placebo,457191,42,primary,shifted,0,0,1,001,1.0,1.0,Gear,6000.0
placebo,457191,42,primary,shifted,0,0,1,001,0.9968333333333333,1.0,RPM,6000.0
placebo,457191,42,primary,shifted,0,1,0,010,0.9998333333333335,1.0,Gear,6000.0
placebo,457191,42,primary,shifted,0,1,0,010,0.9968333333333333,1.0,RPM,6000.0
placebo,457191,42,primary,shifted,0,1,1,011,0.9998333333333335,1.0,Gear,6000.0
placebo,457191,42,primary,shifted,0,1,1,011,0.9981666666666668,1.0,RPM,6000.0
placebo,457191,42,primary,shifted,1,0,0,100,0.056333333333333326,0.34800000000000003,Gear,6000.0
placebo,457191,42,primary,shifted,1,0,0,100,0.2671666666666667,0.432,RPM,6000.0
placebo,457191,42,primary,shifted,1,0,1,101,0.047499999999999994,0.6708333333333334,Gear,6000.0
placebo,457191,42,primary,shifted,1,0,1,101,0.16716666666666669,0.6888333333333333,RPM,6000.0
placebo,457191,42,primary,shifted,1,1,0,110,0.0665,0.31216666666666665,Gear,6000.0
placebo,457191,42,primary,shifted,1,1,0,110,0.2675,0.38166666666666665,RPM,6000.0
placebo,457191,42,primary,shifted,1,1,1,111,0.05833333333333333,0.6716666666666667,Gear,6000.0
placebo,457191,42,primary,shifted,1,1,1,111,0.17383333333333337,0.6888333333333333,RPM,6000.0
placebo,457191,123,primary,canonical,0,0,0,000,1.0,1.0,Gear,6000.0
placebo,457191,123,primary,canonical,0,0,0,000,0.9981666666666666,1.0,RPM,6000.0
placebo,457191,123,primary,canonical,0,0,1,001,1.0,1.0,Gear,6000.0
placebo,457191,123,primary,canonical,0,0,1,001,0.9991666666666666,1.0,RPM,6000.0
placebo,457191,123,primary,canonical,0,1,0,010,1.0,1.0,Gear,6000.0
placebo,457191,123,primary,canonical,0,1,0,010,0.9986666666666667,1.0,RPM,6000.0
placebo,457191,123,primary,canonical,0,1,1,011,1.0,1.0,Gear,6000.0
placebo,457191,123,primary,canonical,0,1,1,011,0.9988333333333334,1.0,RPM,6000.0
placebo,457191,123,primary,canonical,1,0,0,100,0.034,0.2876666666666667,Gear,6000.0
placebo,457191,123,primary,canonical,1,0,0,100,0.18016666666666667,0.49499999999999994,RPM,6000.0
placebo,457191,123,primary,canonical,1,0,1,101,0.03166666666666667,0.7106666666666667,Gear,6000.0
placebo,457191,123,primary,canonical,1,0,1,101,0.151,0.7925,RPM,6000.0
placebo,457191,123,primary,canonical,1,1,0,110,0.03283333333333333,0.23216666666666666,Gear,6000.0
placebo,457191,123,primary,canonical,1,1,0,110,0.18733333333333335,0.4603333333333333,RPM,6000.0
placebo,457191,123,primary,canonical,1,1,1,111,0.031166666666666665,0.7014999999999999,Gear,6000.0
placebo,457191,123,primary,canonical,1,1,1,111,0.1425,0.7975,RPM,6000.0
placebo,457191,123,primary,shifted,0,0,0,000,1.0,1.0,Gear,6000.0
placebo,457191,123,primary,shifted,0,0,0,000,0.9950000000000001,1.0,RPM,6000.0
placebo,457191,123,primary,shifted,0,0,1,001,1.0,1.0,Gear,6000.0
placebo,457191,123,primary,shifted,0,0,1,001,0.9976666666666668,1.0,RPM,6000.0
placebo,457191,123,primary,shifted,0,1,0,010,1.0,1.0,Gear,6000.0
placebo,457191,123,primary,shifted,0,1,0,010,0.997,1.0,RPM,6000.0
placebo,457191,123,primary,shifted,0,1,1,011,1.0,1.0,Gear,6000.0
placebo,457191,123,primary,shifted,0,1,1,011,0.9981666666666666,1.0,RPM,6000.0
placebo,457191,123,primary,shifted,1,0,0,100,0.03366666666666667,0.28783333333333333,Gear,6000.0
placebo,457191,123,primary,shifted,1,0,0,100,0.18299999999999997,0.48783333333333334,RPM,6000.0
placebo,457191,123,primary,shifted,1,0,1,101,0.03133333333333333,0.7118333333333333,Gear,6000.0
placebo,457191,123,primary,shifted,1,0,1,101,0.156,0.7933333333333333,RPM,6000.0
placebo,457191,123,primary,shifted,1,1,0,110,0.03283333333333333,0.2335,Gear,6000.0
placebo,457191,123,primary,shifted,1,1,0,110,0.18600000000000003,0.45283333333333337,RPM,6000.0
placebo,457191,123,primary,shifted,1,1,1,111,0.0315,0.703,Gear,6000.0
placebo,457191,123,primary,shifted,1,1,1,111,0.145,0.797,RPM,6000.0
placebo,457191,2026,primary,canonical,0,0,0,000,1.0,1.0,Gear,6000.0
placebo,457191,2026,primary,canonical,0,0,0,000,0.9975,1.0,RPM,6000.0
placebo,457191,2026,primary,canonical,0,0,1,001,0.9998333333333335,1.0,Gear,6000.0
placebo,457191,2026,primary,canonical,0,0,1,001,0.999,1.0,RPM,6000.0
placebo,457191,2026,primary,canonical,0,1,0,010,0.9998333333333335,1.0,Gear,6000.0
placebo,457191,2026,primary,canonical,0,1,0,010,0.9981666666666666,1.0,RPM,6000.0
placebo,457191,2026,primary,canonical,0,1,1,011,0.9998333333333335,1.0,Gear,6000.0
placebo,457191,2026,primary,canonical,0,1,1,011,0.9986666666666667,1.0,RPM,6000.0
placebo,457191,2026,primary,canonical,1,0,0,100,0.0415,0.29666666666666663,Gear,6000.0
placebo,457191,2026,primary,canonical,1,0,0,100,0.22016666666666665,0.35266666666666663,RPM,6000.0
placebo,457191,2026,primary,canonical,1,0,1,101,0.033,0.8065000000000001,Gear,6000.0
placebo,457191,2026,primary,canonical,1,0,1,101,0.09583333333333333,0.7228333333333333,RPM,6000.0
placebo,457191,2026,primary,canonical,1,1,0,110,0.051333333333333335,0.2625,Gear,6000.0
placebo,457191,2026,primary,canonical,1,1,0,110,0.2293333333333333,0.3255,RPM,6000.0
placebo,457191,2026,primary,canonical,1,1,1,111,0.0405,0.8156666666666667,Gear,6000.0
placebo,457191,2026,primary,canonical,1,1,1,111,0.10049999999999999,0.7301666666666667,RPM,6000.0
placebo,457191,2026,primary,shifted,0,0,0,000,1.0,1.0,Gear,6000.0
placebo,457191,2026,primary,shifted,0,0,0,000,0.9945,1.0,RPM,6000.0
placebo,457191,2026,primary,shifted,0,0,1,001,0.9998333333333335,1.0,Gear,6000.0
placebo,457191,2026,primary,shifted,0,0,1,001,0.9976666666666668,1.0,RPM,6000.0
placebo,457191,2026,primary,shifted,0,1,0,010,0.9998333333333335,1.0,Gear,6000.0
placebo,457191,2026,primary,shifted,0,1,0,010,0.9965,1.0,RPM,6000.0
placebo,457191,2026,primary,shifted,0,1,1,011,0.9998333333333335,1.0,Gear,6000.0
placebo,457191,2026,primary,shifted,0,1,1,011,0.9983333333333334,1.0,RPM,6000.0
placebo,457191,2026,primary,shifted,1,0,0,100,0.041,0.2985,Gear,6000.0
placebo,457191,2026,primary,shifted,1,0,0,100,0.219,0.35033333333333333,RPM,6000.0
placebo,457191,2026,primary,shifted,1,0,1,101,0.03266666666666667,0.8088333333333333,Gear,6000.0
placebo,457191,2026,primary,shifted,1,0,1,101,0.09783333333333333,0.7293333333333334,RPM,6000.0
placebo,457191,2026,primary,shifted,1,1,0,110,0.051,0.26383333333333336,Gear,6000.0
placebo,457191,2026,primary,shifted,1,1,0,110,0.2305,0.32216666666666666,RPM,6000.0
placebo,457191,2026,primary,shifted,1,1,1,111,0.04083333333333333,0.8175,Gear,6000.0
placebo,457191,2026,primary,shifted,1,1,1,111,0.1075,0.7418333333333335,RPM,6000.0
placebo,457191,3407,primary,canonical,0,0,0,000,0.9998333333333335,1.0,Gear,6000.0
placebo,457191,3407,primary,canonical,0,0,0,000,0.9983333333333334,1.0,RPM,6000.0
placebo,457191,3407,primary,canonical,0,0,1,001,0.9996666666666667,1.0,Gear,6000.0
placebo,457191,3407,primary,canonical,0,0,1,001,0.9981666666666666,1.0,RPM,6000.0
placebo,457191,3407,primary,canonical,0,1,0,010,0.9996666666666667,1.0,Gear,6000.0
placebo,457191,3407,primary,canonical,0,1,0,010,0.9980000000000001,1.0,RPM,6000.0
placebo,457191,3407,primary,canonical,0,1,1,011,0.9996666666666667,1.0,Gear,6000.0
placebo,457191,3407,primary,canonical,0,1,1,011,0.9988333333333334,1.0,RPM,6000.0
placebo,457191,3407,primary,canonical,1,0,0,100,0.029333333333333333,0.2175,Gear,6000.0
placebo,457191,3407,primary,canonical,1,0,0,100,0.04033333333333333,0.21933333333333335,RPM,6000.0
placebo,457191,3407,primary,canonical,1,0,1,101,0.03216666666666667,0.6863333333333334,Gear,6000.0
placebo,457191,3407,primary,canonical,1,0,1,101,0.03383333333333333,0.6108333333333333,RPM,6000.0
placebo,457191,3407,primary,canonical,1,1,0,110,0.029333333333333333,0.17433333333333334,Gear,6000.0
placebo,457191,3407,primary,canonical,1,1,0,110,0.05516666666666666,0.19399999999999998,RPM,6000.0
placebo,457191,3407,primary,canonical,1,1,1,111,0.032,0.6960000000000001,Gear,6000.0
placebo,457191,3407,primary,canonical,1,1,1,111,0.03783333333333334,0.622,RPM,6000.0
placebo,457191,3407,primary,shifted,0,0,0,000,0.9998333333333335,1.0,Gear,6000.0
placebo,457191,3407,primary,shifted,0,0,0,000,0.9948333333333333,1.0,RPM,6000.0
placebo,457191,3407,primary,shifted,0,0,1,001,0.9996666666666667,1.0,Gear,6000.0
placebo,457191,3407,primary,shifted,0,0,1,001,0.9965,1.0,RPM,6000.0
placebo,457191,3407,primary,shifted,0,1,0,010,0.9996666666666667,1.0,Gear,6000.0
placebo,457191,3407,primary,shifted,0,1,0,010,0.9961666666666668,1.0,RPM,6000.0
placebo,457191,3407,primary,shifted,0,1,1,011,0.9996666666666667,1.0,Gear,6000.0
placebo,457191,3407,primary,shifted,0,1,1,011,0.9975,1.0,RPM,6000.0
placebo,457191,3407,primary,shifted,1,0,0,100,0.029333333333333333,0.21866666666666668,Gear,6000.0
placebo,457191,3407,primary,shifted,1,0,0,100,0.042333333333333334,0.21683333333333332,RPM,6000.0
placebo,457191,3407,primary,shifted,1,0,1,101,0.03216666666666667,0.6876666666666665,Gear,6000.0
placebo,457191,3407,primary,shifted,1,0,1,101,0.035,0.6281666666666667,RPM,6000.0
placebo,457191,3407,primary,shifted,1,1,0,110,0.029166666666666664,0.17500000000000002,Gear,6000.0
placebo,457191,3407,primary,shifted,1,1,0,110,0.057999999999999996,0.19416666666666668,RPM,6000.0
placebo,457191,3407,primary,shifted,1,1,1,111,0.0315,0.6971666666666666,Gear,6000.0
placebo,457191,3407,primary,shifted,1,1,1,111,0.03766666666666667,0.641,RPM,6000.0
placebo,459336,7,primary,canonical,0,0,0,000,1.0,1.0,Gear,6000.0
placebo,459336,7,primary,canonical,0,0,0,000,0.9975,1.0,RPM,6000.0
placebo,459336,7,primary,canonical,0,0,1,001,0.9998333333333335,1.0,Gear,6000.0
placebo,459336,7,primary,canonical,0,0,1,001,0.9984999999999999,1.0,RPM,6000.0
placebo,459336,7,primary,canonical,0,1,0,010,0.9998333333333335,1.0,Gear,6000.0
placebo,459336,7,primary,canonical,0,1,0,010,0.9984999999999999,1.0,RPM,6000.0
placebo,459336,7,primary,canonical,0,1,1,011,0.9998333333333335,1.0,Gear,6000.0
placebo,459336,7,primary,canonical,0,1,1,011,0.999,1.0,RPM,6000.0
placebo,459336,7,primary,canonical,1,0,0,100,0.030833333333333334,0.25066666666666665,Gear,6000.0
placebo,459336,7,primary,canonical,1,0,0,100,0.073,0.2505,RPM,6000.0
placebo,459336,7,primary,canonical,1,0,1,101,0.030166666666666665,0.7543333333333333,Gear,6000.0
placebo,459336,7,primary,canonical,1,0,1,101,0.0425,0.6021666666666667,RPM,6000.0
placebo,459336,7,primary,canonical,1,1,0,110,0.03383333333333333,0.21016666666666664,Gear,6000.0
placebo,459336,7,primary,canonical,1,1,0,110,0.0745,0.19499999999999998,RPM,6000.0
placebo,459336,7,primary,canonical,1,1,1,111,0.030833333333333334,0.7401666666666666,Gear,6000.0
placebo,459336,7,primary,canonical,1,1,1,111,0.042833333333333334,0.5961666666666666,RPM,6000.0
placebo,459336,7,primary,shifted,0,0,0,000,1.0,1.0,Gear,6000.0
placebo,459336,7,primary,shifted,0,0,0,000,0.9945,1.0,RPM,6000.0
placebo,459336,7,primary,shifted,0,0,1,001,0.9998333333333335,1.0,Gear,6000.0
placebo,459336,7,primary,shifted,0,0,1,001,0.9965,1.0,RPM,6000.0
placebo,459336,7,primary,shifted,0,1,0,010,0.9998333333333335,1.0,Gear,6000.0
placebo,459336,7,primary,shifted,0,1,0,010,0.9963333333333333,1.0,RPM,6000.0
placebo,459336,7,primary,shifted,0,1,1,011,0.9998333333333335,1.0,Gear,6000.0
placebo,459336,7,primary,shifted,0,1,1,011,0.9980000000000001,1.0,RPM,6000.0
placebo,459336,7,primary,shifted,1,0,0,100,0.031,0.25216666666666665,Gear,6000.0
placebo,459336,7,primary,shifted,1,0,0,100,0.07483333333333332,0.25166666666666665,RPM,6000.0
placebo,459336,7,primary,shifted,1,0,1,101,0.03,0.7553333333333333,Gear,6000.0
placebo,459336,7,primary,shifted,1,0,1,101,0.043166666666666666,0.6076666666666667,RPM,6000.0
placebo,459336,7,primary,shifted,1,1,0,110,0.034,0.212,Gear,6000.0
placebo,459336,7,primary,shifted,1,1,0,110,0.07583333333333332,0.20066666666666666,RPM,6000.0
placebo,459336,7,primary,shifted,1,1,1,111,0.031,0.7414999999999999,Gear,6000.0
placebo,459336,7,primary,shifted,1,1,1,111,0.044833333333333336,0.6015,RPM,6000.0
placebo,459336,42,primary,canonical,0,0,0,000,1.0,1.0,Gear,6000.0
placebo,459336,42,primary,canonical,0,0,0,000,0.9978333333333333,1.0,RPM,6000.0
placebo,459336,42,primary,canonical,0,0,1,001,0.9998333333333335,1.0,Gear,6000.0
placebo,459336,42,primary,canonical,0,0,1,001,0.9984999999999999,1.0,RPM,6000.0
placebo,459336,42,primary,canonical,0,1,0,010,0.9998333333333335,1.0,Gear,6000.0
placebo,459336,42,primary,canonical,0,1,0,010,0.9984999999999999,1.0,RPM,6000.0
placebo,459336,42,primary,canonical,0,1,1,011,1.0,1.0,Gear,6000.0
placebo,459336,42,primary,canonical,0,1,1,011,0.999,1.0,RPM,6000.0
placebo,459336,42,primary,canonical,1,0,0,100,0.05683333333333334,0.321,Gear,6000.0
placebo,459336,42,primary,canonical,1,0,0,100,0.47283333333333327,0.5931666666666667,RPM,6000.0
placebo,459336,42,primary,canonical,1,0,1,101,0.03216666666666667,0.7965,Gear,6000.0
placebo,459336,42,primary,canonical,1,0,1,101,0.42449999999999993,0.8633333333333333,RPM,6000.0
placebo,459336,42,primary,canonical,1,1,0,110,0.07716666666666666,0.29383333333333334,Gear,6000.0
placebo,459336,42,primary,canonical,1,1,0,110,0.4805,0.5661666666666666,RPM,6000.0
placebo,459336,42,primary,canonical,1,1,1,111,0.034,0.8116666666666666,Gear,6000.0
placebo,459336,42,primary,canonical,1,1,1,111,0.3988333333333333,0.8196666666666667,RPM,6000.0
placebo,459336,42,primary,shifted,0,0,0,000,1.0,1.0,Gear,6000.0
placebo,459336,42,primary,shifted,0,0,0,000,0.9948333333333333,1.0,RPM,6000.0
placebo,459336,42,primary,shifted,0,0,1,001,0.9998333333333335,1.0,Gear,6000.0
placebo,459336,42,primary,shifted,0,0,1,001,0.9965,1.0,RPM,6000.0
placebo,459336,42,primary,shifted,0,1,0,010,0.9998333333333335,1.0,Gear,6000.0
placebo,459336,42,primary,shifted,0,1,0,010,0.9968333333333333,1.0,RPM,6000.0
placebo,459336,42,primary,shifted,0,1,1,011,1.0,1.0,Gear,6000.0
placebo,459336,42,primary,shifted,0,1,1,011,0.9981666666666666,1.0,RPM,6000.0
placebo,459336,42,primary,shifted,1,0,0,100,0.056,0.3215,Gear,6000.0
placebo,459336,42,primary,shifted,1,0,0,100,0.47533333333333333,0.5998333333333333,RPM,6000.0
placebo,459336,42,primary,shifted,1,0,1,101,0.03216666666666667,0.7965,Gear,6000.0
placebo,459336,42,primary,shifted,1,0,1,101,0.4088333333333333,0.8685,RPM,6000.0
placebo,459336,42,primary,shifted,1,1,0,110,0.076,0.2941666666666667,Gear,6000.0
placebo,459336,42,primary,shifted,1,1,0,110,0.48233333333333334,0.5715,RPM,6000.0
placebo,459336,42,primary,shifted,1,1,1,111,0.034,0.8128333333333333,Gear,6000.0
placebo,459336,42,primary,shifted,1,1,1,111,0.3895,0.8333333333333334,RPM,6000.0
placebo,459336,123,primary,canonical,0,0,0,000,1.0,1.0,Gear,6000.0
placebo,459336,123,primary,canonical,0,0,0,000,0.9978333333333333,1.0,RPM,6000.0
placebo,459336,123,primary,canonical,0,0,1,001,1.0,1.0,Gear,6000.0
placebo,459336,123,primary,canonical,0,0,1,001,0.9971666666666668,1.0,RPM,6000.0
placebo,459336,123,primary,canonical,0,1,0,010,1.0,1.0,Gear,6000.0
placebo,459336,123,primary,canonical,0,1,0,010,0.9985,1.0,RPM,6000.0
placebo,459336,123,primary,canonical,0,1,1,011,1.0,1.0,Gear,6000.0
placebo,459336,123,primary,canonical,0,1,1,011,0.9985,1.0,RPM,6000.0
placebo,459336,123,primary,canonical,1,0,0,100,0.030833333333333334,0.1645,Gear,6000.0
placebo,459336,123,primary,canonical,1,0,0,100,0.13166666666666668,0.31266666666666665,RPM,6000.0
placebo,459336,123,primary,canonical,1,0,1,101,0.031166666666666665,0.6343333333333333,Gear,6000.0
placebo,459336,123,primary,canonical,1,0,1,101,0.03216666666666667,0.6641666666666667,RPM,6000.0
placebo,459336,123,primary,canonical,1,1,0,110,0.03283333333333333,0.12716666666666668,Gear,6000.0
placebo,459336,123,primary,canonical,1,1,0,110,0.16333333333333333,0.28633333333333333,RPM,6000.0
placebo,459336,123,primary,canonical,1,1,1,111,0.030666666666666665,0.6171666666666668,Gear,6000.0
placebo,459336,123,primary,canonical,1,1,1,111,0.03266666666666667,0.6638333333333333,RPM,6000.0
placebo,459336,123,primary,shifted,0,0,0,000,1.0,1.0,Gear,6000.0
placebo,459336,123,primary,shifted,0,0,0,000,0.9945,1.0,RPM,6000.0
placebo,459336,123,primary,shifted,0,0,1,001,1.0,1.0,Gear,6000.0
placebo,459336,123,primary,shifted,0,0,1,001,0.9956666666666667,1.0,RPM,6000.0
placebo,459336,123,primary,shifted,0,1,0,010,1.0,1.0,Gear,6000.0
placebo,459336,123,primary,shifted,0,1,0,010,0.9968333333333333,1.0,RPM,6000.0
placebo,459336,123,primary,shifted,0,1,1,011,1.0,1.0,Gear,6000.0
placebo,459336,123,primary,shifted,0,1,1,011,0.997,1.0,RPM,6000.0
placebo,459336,123,primary,shifted,1,0,0,100,0.031,0.16516666666666666,Gear,6000.0
placebo,459336,123,primary,shifted,1,0,0,100,0.13383333333333333,0.31183333333333335,RPM,6000.0
placebo,459336,123,primary,shifted,1,0,1,101,0.030833333333333334,0.634,Gear,6000.0
placebo,459336,123,primary,shifted,1,0,1,101,0.033666666666666664,0.6665,RPM,6000.0
placebo,459336,123,primary,shifted,1,1,0,110,0.0325,0.127,Gear,6000.0
placebo,459336,123,primary,shifted,1,1,0,110,0.16083333333333336,0.28150000000000003,RPM,6000.0
placebo,459336,123,primary,shifted,1,1,1,111,0.030666666666666665,0.618,Gear,6000.0
placebo,459336,123,primary,shifted,1,1,1,111,0.03333333333333333,0.6658333333333334,RPM,6000.0
placebo,459336,2026,primary,canonical,0,0,0,000,1.0,1.0,Gear,6000.0
placebo,459336,2026,primary,canonical,0,0,0,000,0.9980000000000001,1.0,RPM,6000.0
placebo,459336,2026,primary,canonical,0,0,1,001,0.9998333333333335,1.0,Gear,6000.0
placebo,459336,2026,primary,canonical,0,0,1,001,0.9993333333333334,1.0,RPM,6000.0
placebo,459336,2026,primary,canonical,0,1,0,010,0.9998333333333335,1.0,Gear,6000.0
placebo,459336,2026,primary,canonical,0,1,0,010,0.9985,1.0,RPM,6000.0
placebo,459336,2026,primary,canonical,0,1,1,011,0.9998333333333335,1.0,Gear,6000.0
placebo,459336,2026,primary,canonical,0,1,1,011,0.9991666666666666,1.0,RPM,6000.0
placebo,459336,2026,primary,canonical,1,0,0,100,0.03316666666666667,0.2575,Gear,6000.0
placebo,459336,2026,primary,canonical,1,0,0,100,0.38883333333333336,0.5351666666666667,RPM,6000.0
placebo,459336,2026,primary,canonical,1,0,1,101,0.029333333333333333,0.783,Gear,6000.0
placebo,459336,2026,primary,canonical,1,0,1,101,0.10333333333333333,0.8178333333333333,RPM,6000.0
placebo,459336,2026,primary,canonical,1,1,0,110,0.03783333333333334,0.21966666666666668,Gear,6000.0
placebo,459336,2026,primary,canonical,1,1,0,110,0.395,0.4948333333333333,RPM,6000.0
placebo,459336,2026,primary,canonical,1,1,1,111,0.029333333333333333,0.781,Gear,6000.0
placebo,459336,2026,primary,canonical,1,1,1,111,0.09266666666666667,0.842,RPM,6000.0
placebo,459336,2026,primary,shifted,0,0,0,000,1.0,1.0,Gear,6000.0
placebo,459336,2026,primary,shifted,0,0,0,000,0.9953333333333333,1.0,RPM,6000.0
placebo,459336,2026,primary,shifted,0,0,1,001,0.9998333333333335,1.0,Gear,6000.0
placebo,459336,2026,primary,shifted,0,0,1,001,0.9976666666666666,1.0,RPM,6000.0
placebo,459336,2026,primary,shifted,0,1,0,010,0.9998333333333335,1.0,Gear,6000.0
placebo,459336,2026,primary,shifted,0,1,0,010,0.997,1.0,RPM,6000.0
placebo,459336,2026,primary,shifted,0,1,1,011,0.9998333333333335,1.0,Gear,6000.0
placebo,459336,2026,primary,shifted,0,1,1,011,0.9983333333333334,1.0,RPM,6000.0
placebo,459336,2026,primary,shifted,1,0,0,100,0.03333333333333333,0.25866666666666666,Gear,6000.0
placebo,459336,2026,primary,shifted,1,0,0,100,0.39916666666666667,0.5393333333333333,RPM,6000.0
placebo,459336,2026,primary,shifted,1,0,1,101,0.0295,0.7826666666666666,Gear,6000.0
placebo,459336,2026,primary,shifted,1,0,1,101,0.109,0.8188333333333334,RPM,6000.0
placebo,459336,2026,primary,shifted,1,1,0,110,0.03766666666666667,0.21983333333333333,Gear,6000.0
placebo,459336,2026,primary,shifted,1,1,0,110,0.4081666666666666,0.5021666666666667,RPM,6000.0
placebo,459336,2026,primary,shifted,1,1,1,111,0.029333333333333333,0.7828333333333334,Gear,6000.0
placebo,459336,2026,primary,shifted,1,1,1,111,0.10616666666666667,0.8455,RPM,6000.0
placebo,459336,3407,primary,canonical,0,0,0,000,0.9998333333333335,1.0,Gear,6000.0
placebo,459336,3407,primary,canonical,0,0,0,000,0.9984999999999999,1.0,RPM,6000.0
placebo,459336,3407,primary,canonical,0,0,1,001,0.9996666666666667,1.0,Gear,6000.0
placebo,459336,3407,primary,canonical,0,0,1,001,0.9988333333333334,1.0,RPM,6000.0
placebo,459336,3407,primary,canonical,0,1,0,010,0.9998333333333335,1.0,Gear,6000.0
placebo,459336,3407,primary,canonical,0,1,0,010,0.9986666666666667,1.0,RPM,6000.0
placebo,459336,3407,primary,canonical,0,1,1,011,0.9996666666666667,1.0,Gear,6000.0
placebo,459336,3407,primary,canonical,0,1,1,011,0.9988333333333334,1.0,RPM,6000.0
placebo,459336,3407,primary,canonical,1,0,0,100,0.030666666666666665,0.24216666666666667,Gear,6000.0
placebo,459336,3407,primary,canonical,1,0,0,100,0.2293333333333333,0.35733333333333334,RPM,6000.0
placebo,459336,3407,primary,canonical,1,0,1,101,0.03166666666666667,0.8471666666666667,Gear,6000.0
placebo,459336,3407,primary,canonical,1,0,1,101,0.26233333333333336,0.8079999999999999,RPM,6000.0
placebo,459336,3407,primary,canonical,1,1,0,110,0.031,0.20099999999999998,Gear,6000.0
placebo,459336,3407,primary,canonical,1,1,0,110,0.24066666666666667,0.3273333333333333,RPM,6000.0
placebo,459336,3407,primary,canonical,1,1,1,111,0.034333333333333334,0.8435,Gear,6000.0
placebo,459336,3407,primary,canonical,1,1,1,111,0.2645,0.8031666666666667,RPM,6000.0
placebo,459336,3407,primary,shifted,0,0,0,000,0.9998333333333335,1.0,Gear,6000.0
placebo,459336,3407,primary,shifted,0,0,0,000,0.9958333333333332,1.0,RPM,6000.0
placebo,459336,3407,primary,shifted,0,0,1,001,0.9996666666666667,1.0,Gear,6000.0
placebo,459336,3407,primary,shifted,0,0,1,001,0.9966666666666667,1.0,RPM,6000.0
placebo,459336,3407,primary,shifted,0,1,0,010,0.9998333333333335,1.0,Gear,6000.0
placebo,459336,3407,primary,shifted,0,1,0,010,0.9966666666666667,1.0,RPM,6000.0
placebo,459336,3407,primary,shifted,0,1,1,011,0.9996666666666667,1.0,Gear,6000.0
placebo,459336,3407,primary,shifted,0,1,1,011,0.9980000000000001,1.0,RPM,6000.0
placebo,459336,3407,primary,shifted,1,0,0,100,0.030333333333333334,0.24250000000000002,Gear,6000.0
placebo,459336,3407,primary,shifted,1,0,0,100,0.2215,0.35033333333333333,RPM,6000.0
placebo,459336,3407,primary,shifted,1,0,1,101,0.03166666666666667,0.8490000000000001,Gear,6000.0
placebo,459336,3407,primary,shifted,1,0,1,101,0.2585,0.8086666666666668,RPM,6000.0
placebo,459336,3407,primary,shifted,1,1,0,110,0.031,0.2015,Gear,6000.0
placebo,459336,3407,primary,shifted,1,1,0,110,0.23283333333333334,0.31816666666666665,RPM,6000.0
placebo,459336,3407,primary,shifted,1,1,1,111,0.0345,0.8456666666666667,Gear,6000.0
placebo,459336,3407,primary,shifted,1,1,1,111,0.2628333333333333,0.8006666666666667,RPM,6000.0
placebo,467232,7,primary,canonical,0,0,0,000,1.0,1.0,Gear,6000.0
placebo,467232,7,primary,canonical,0,0,0,000,0.9976666666666668,1.0,RPM,6000.0
placebo,467232,7,primary,canonical,0,0,1,001,0.9998333333333335,1.0,Gear,6000.0
placebo,467232,7,primary,canonical,0,0,1,001,0.9983333333333334,1.0,RPM,6000.0
placebo,467232,7,primary,canonical,0,1,0,010,1.0,1.0,Gear,6000.0
placebo,467232,7,primary,canonical,0,1,0,010,0.9981666666666666,1.0,RPM,6000.0
placebo,467232,7,primary,canonical,0,1,1,011,0.9998333333333335,1.0,Gear,6000.0
placebo,467232,7,primary,canonical,0,1,1,011,0.9986666666666667,1.0,RPM,6000.0
placebo,467232,7,primary,canonical,1,0,0,100,0.03833333333333333,0.2555,Gear,6000.0
placebo,467232,7,primary,canonical,1,0,0,100,0.32516666666666666,0.38633333333333336,RPM,6000.0
placebo,467232,7,primary,canonical,1,0,1,101,0.03633333333333333,0.826,Gear,6000.0
placebo,467232,7,primary,canonical,1,0,1,101,0.299,0.7596666666666666,RPM,6000.0
placebo,467232,7,primary,canonical,1,1,0,110,0.045500000000000006,0.2185,Gear,6000.0
placebo,467232,7,primary,canonical,1,1,0,110,0.3421666666666667,0.3786666666666667,RPM,6000.0
placebo,467232,7,primary,canonical,1,1,1,111,0.044500000000000005,0.8271666666666667,Gear,6000.0
placebo,467232,7,primary,canonical,1,1,1,111,0.3216666666666667,0.7576666666666666,RPM,6000.0
placebo,467232,7,primary,shifted,0,0,0,000,1.0,1.0,Gear,6000.0
placebo,467232,7,primary,shifted,0,0,0,000,0.9941666666666666,1.0,RPM,6000.0
placebo,467232,7,primary,shifted,0,0,1,001,0.9998333333333335,1.0,Gear,6000.0
placebo,467232,7,primary,shifted,0,0,1,001,0.9956666666666667,1.0,RPM,6000.0
placebo,467232,7,primary,shifted,0,1,0,010,1.0,1.0,Gear,6000.0
placebo,467232,7,primary,shifted,0,1,0,010,0.997,1.0,RPM,6000.0
placebo,467232,7,primary,shifted,0,1,1,011,0.9998333333333335,1.0,Gear,6000.0
placebo,467232,7,primary,shifted,0,1,1,011,0.9978333333333333,1.0,RPM,6000.0
placebo,467232,7,primary,shifted,1,0,0,100,0.038,0.25616666666666665,Gear,6000.0
placebo,467232,7,primary,shifted,1,0,0,100,0.3175,0.3765,RPM,6000.0
placebo,467232,7,primary,shifted,1,0,1,101,0.036,0.827,Gear,6000.0
placebo,467232,7,primary,shifted,1,0,1,101,0.30416666666666664,0.7595000000000001,RPM,6000.0
placebo,467232,7,primary,shifted,1,1,0,110,0.045000000000000005,0.21966666666666668,Gear,6000.0
placebo,467232,7,primary,shifted,1,1,0,110,0.33,0.3645,RPM,6000.0
placebo,467232,7,primary,shifted,1,1,1,111,0.043666666666666666,0.8276666666666667,Gear,6000.0
placebo,467232,7,primary,shifted,1,1,1,111,0.3215,0.7521666666666667,RPM,6000.0
placebo,467232,42,primary,canonical,0,0,0,000,0.9998333333333335,1.0,Gear,6000.0
placebo,467232,42,primary,canonical,0,0,0,000,0.9975,1.0,RPM,6000.0
placebo,467232,42,primary,canonical,0,0,1,001,0.9998333333333335,1.0,Gear,6000.0
placebo,467232,42,primary,canonical,0,0,1,001,0.9986666666666667,1.0,RPM,6000.0
placebo,467232,42,primary,canonical,0,1,0,010,0.9996666666666667,1.0,Gear,6000.0
placebo,467232,42,primary,canonical,0,1,0,010,0.9983333333333334,1.0,RPM,6000.0
placebo,467232,42,primary,canonical,0,1,1,011,0.9998333333333335,1.0,Gear,6000.0
placebo,467232,42,primary,canonical,0,1,1,011,0.9993333333333334,1.0,RPM,6000.0
placebo,467232,42,primary,canonical,1,0,0,100,0.039,0.29583333333333334,Gear,6000.0
placebo,467232,42,primary,canonical,1,0,0,100,0.07766666666666666,0.14333333333333334,RPM,6000.0
placebo,467232,42,primary,canonical,1,0,1,101,0.03466666666666667,0.646,Gear,6000.0
placebo,467232,42,primary,canonical,1,0,1,101,0.06866666666666667,0.3835,RPM,6000.0
placebo,467232,42,primary,canonical,1,1,0,110,0.03816666666666666,0.2508333333333333,Gear,6000.0
placebo,467232,42,primary,canonical,1,1,0,110,0.08683333333333333,0.12866666666666668,RPM,6000.0
placebo,467232,42,primary,canonical,1,1,1,111,0.03866666666666666,0.627,Gear,6000.0
placebo,467232,42,primary,canonical,1,1,1,111,0.073,0.3501666666666667,RPM,6000.0
placebo,467232,42,primary,shifted,0,0,0,000,0.9998333333333335,1.0,Gear,6000.0
placebo,467232,42,primary,shifted,0,0,0,000,0.9946666666666667,1.0,RPM,6000.0
placebo,467232,42,primary,shifted,0,0,1,001,0.9998333333333335,1.0,Gear,6000.0
placebo,467232,42,primary,shifted,0,0,1,001,0.9968333333333333,1.0,RPM,6000.0
placebo,467232,42,primary,shifted,0,1,0,010,0.9996666666666667,1.0,Gear,6000.0
placebo,467232,42,primary,shifted,0,1,0,010,0.9958333333333332,1.0,RPM,6000.0
placebo,467232,42,primary,shifted,0,1,1,011,0.9998333333333335,1.0,Gear,6000.0
placebo,467232,42,primary,shifted,0,1,1,011,0.9978333333333333,1.0,RPM,6000.0
placebo,467232,42,primary,shifted,1,0,0,100,0.03916666666666666,0.298,Gear,6000.0
placebo,467232,42,primary,shifted,1,0,0,100,0.0825,0.14883333333333335,RPM,6000.0
placebo,467232,42,primary,shifted,1,0,1,101,0.03416666666666667,0.6471666666666667,Gear,6000.0
placebo,467232,42,primary,shifted,1,0,1,101,0.076,0.38933333333333336,RPM,6000.0
placebo,467232,42,primary,shifted,1,1,0,110,0.0375,0.251,Gear,6000.0
placebo,467232,42,primary,shifted,1,1,0,110,0.08983333333333332,0.1335,RPM,6000.0
placebo,467232,42,primary,shifted,1,1,1,111,0.03883333333333333,0.6286666666666667,Gear,6000.0
placebo,467232,42,primary,shifted,1,1,1,111,0.08133333333333333,0.3598333333333333,RPM,6000.0
placebo,467232,123,primary,canonical,0,0,0,000,1.0,1.0,Gear,6000.0
placebo,467232,123,primary,canonical,0,0,0,000,0.9976666666666668,1.0,RPM,6000.0
placebo,467232,123,primary,canonical,0,0,1,001,0.9998333333333335,1.0,Gear,6000.0
placebo,467232,123,primary,canonical,0,0,1,001,0.9988333333333334,1.0,RPM,6000.0
placebo,467232,123,primary,canonical,0,1,0,010,0.9998333333333335,1.0,Gear,6000.0
placebo,467232,123,primary,canonical,0,1,0,010,0.9985,1.0,RPM,6000.0
placebo,467232,123,primary,canonical,0,1,1,011,1.0,1.0,Gear,6000.0
placebo,467232,123,primary,canonical,0,1,1,011,0.9988333333333334,1.0,RPM,6000.0
placebo,467232,123,primary,canonical,1,0,0,100,0.028833333333333336,0.15416666666666667,Gear,6000.0
placebo,467232,123,primary,canonical,1,0,0,100,0.10616666666666667,0.2798333333333333,RPM,6000.0
placebo,467232,123,primary,canonical,1,0,1,101,0.02866666666666667,0.5725,Gear,6000.0
placebo,467232,123,primary,canonical,1,0,1,101,0.0395,0.7011666666666666,RPM,6000.0
placebo,467232,123,primary,canonical,1,1,0,110,0.028333333333333335,0.11466666666666665,Gear,6000.0
placebo,467232,123,primary,canonical,1,1,0,110,0.1345,0.253,RPM,6000.0
placebo,467232,123,primary,canonical,1,1,1,111,0.028833333333333332,0.5658333333333333,Gear,6000.0
placebo,467232,123,primary,canonical,1,1,1,111,0.04,0.7211666666666666,RPM,6000.0
placebo,467232,123,primary,shifted,0,0,0,000,1.0,1.0,Gear,6000.0
placebo,467232,123,primary,shifted,0,0,0,000,0.9940000000000001,1.0,RPM,6000.0
placebo,467232,123,primary,shifted,0,0,1,001,1.0,1.0,Gear,6000.0
placebo,467232,123,primary,shifted,0,0,1,001,0.9963333333333333,1.0,RPM,6000.0
placebo,467232,123,primary,shifted,0,1,0,010,0.9998333333333335,1.0,Gear,6000.0
placebo,467232,123,primary,shifted,0,1,0,010,0.9965,1.0,RPM,6000.0
placebo,467232,123,primary,shifted,0,1,1,011,1.0,1.0,Gear,6000.0
placebo,467232,123,primary,shifted,0,1,1,011,0.9980000000000001,1.0,RPM,6000.0
placebo,467232,123,primary,shifted,1,0,0,100,0.028833333333333336,0.15566666666666665,Gear,6000.0
placebo,467232,123,primary,shifted,1,0,0,100,0.10366666666666667,0.2733333333333334,RPM,6000.0
placebo,467232,123,primary,shifted,1,0,1,101,0.02866666666666667,0.573,Gear,6000.0
placebo,467232,123,primary,shifted,1,0,1,101,0.0395,0.7033333333333333,RPM,6000.0
placebo,467232,123,primary,shifted,1,1,0,110,0.028333333333333335,0.1155,Gear,6000.0
placebo,467232,123,primary,shifted,1,1,0,110,0.1295,0.24350000000000002,RPM,6000.0
placebo,467232,123,primary,shifted,1,1,1,111,0.028833333333333332,0.5663333333333332,Gear,6000.0
placebo,467232,123,primary,shifted,1,1,1,111,0.0415,0.7208333333333333,RPM,6000.0
placebo,467232,2026,primary,canonical,0,0,0,000,1.0,1.0,Gear,6000.0
placebo,467232,2026,primary,canonical,0,0,0,000,0.997,1.0,RPM,6000.0
placebo,467232,2026,primary,canonical,0,0,1,001,1.0,1.0,Gear,6000.0
placebo,467232,2026,primary,canonical,0,0,1,001,0.9986666666666667,1.0,RPM,6000.0
placebo,467232,2026,primary,canonical,0,1,0,010,1.0,1.0,Gear,6000.0
placebo,467232,2026,primary,canonical,0,1,0,010,0.9984999999999999,1.0,RPM,6000.0
placebo,467232,2026,primary,canonical,0,1,1,011,1.0,1.0,Gear,6000.0
placebo,467232,2026,primary,canonical,0,1,1,011,0.9986666666666667,1.0,RPM,6000.0
placebo,467232,2026,primary,canonical,1,0,0,100,0.030833333333333334,0.23500000000000001,Gear,6000.0
placebo,467232,2026,primary,canonical,1,0,0,100,0.36716666666666664,0.453,RPM,6000.0
placebo,467232,2026,primary,canonical,1,0,1,101,0.0295,0.6711666666666667,Gear,6000.0
placebo,467232,2026,primary,canonical,1,0,1,101,0.12133333333333333,0.6796666666666668,RPM,6000.0
placebo,467232,2026,primary,canonical,1,1,0,110,0.034333333333333334,0.18783333333333332,Gear,6000.0
placebo,467232,2026,primary,canonical,1,1,0,110,0.39283333333333337,0.44849999999999995,RPM,6000.0
placebo,467232,2026,primary,canonical,1,1,1,111,0.0325,0.6866666666666666,Gear,6000.0
placebo,467232,2026,primary,canonical,1,1,1,111,0.13016666666666668,0.6920000000000001,RPM,6000.0
placebo,467232,2026,primary,shifted,0,0,0,000,1.0,1.0,Gear,6000.0
placebo,467232,2026,primary,shifted,0,0,0,000,0.9931666666666668,1.0,RPM,6000.0
placebo,467232,2026,primary,shifted,0,0,1,001,1.0,1.0,Gear,6000.0
placebo,467232,2026,primary,shifted,0,0,1,001,0.996,1.0,RPM,6000.0
placebo,467232,2026,primary,shifted,0,1,0,010,1.0,1.0,Gear,6000.0
placebo,467232,2026,primary,shifted,0,1,0,010,0.9965,1.0,RPM,6000.0
placebo,467232,2026,primary,shifted,0,1,1,011,1.0,1.0,Gear,6000.0
placebo,467232,2026,primary,shifted,0,1,1,011,0.9976666666666668,1.0,RPM,6000.0
placebo,467232,2026,primary,shifted,1,0,0,100,0.030666666666666665,0.23483333333333334,Gear,6000.0
placebo,467232,2026,primary,shifted,1,0,0,100,0.365,0.45583333333333337,RPM,6000.0
placebo,467232,2026,primary,shifted,1,0,1,101,0.029166666666666664,0.6723333333333333,Gear,6000.0
placebo,467232,2026,primary,shifted,1,0,1,101,0.12116666666666666,0.6886666666666666,RPM,6000.0
placebo,467232,2026,primary,shifted,1,1,0,110,0.034,0.18866666666666668,Gear,6000.0
placebo,467232,2026,primary,shifted,1,1,0,110,0.391,0.45416666666666666,RPM,6000.0
placebo,467232,2026,primary,shifted,1,1,1,111,0.03233333333333333,0.6895000000000001,Gear,6000.0
placebo,467232,2026,primary,shifted,1,1,1,111,0.12866666666666668,0.6991666666666667,RPM,6000.0
placebo,467232,3407,primary,canonical,0,0,0,000,1.0,1.0,Gear,6000.0
placebo,467232,3407,primary,canonical,0,0,0,000,0.9978333333333333,1.0,RPM,6000.0
placebo,467232,3407,primary,canonical,0,0,1,001,0.9998333333333335,1.0,Gear,6000.0
placebo,467232,3407,primary,canonical,0,0,1,001,0.9983333333333334,1.0,RPM,6000.0
placebo,467232,3407,primary,canonical,0,1,0,010,0.9996666666666667,1.0,Gear,6000.0
placebo,467232,3407,primary,canonical,0,1,0,010,0.9985,1.0,RPM,6000.0
placebo,467232,3407,primary,canonical,0,1,1,011,0.9998333333333335,1.0,Gear,6000.0
placebo,467232,3407,primary,canonical,0,1,1,011,0.9993333333333334,1.0,RPM,6000.0
placebo,467232,3407,primary,canonical,1,0,0,100,0.0355,0.29833333333333334,Gear,6000.0
placebo,467232,3407,primary,canonical,1,0,0,100,0.11966666666666666,0.22333333333333336,RPM,6000.0
placebo,467232,3407,primary,canonical,1,0,1,101,0.0315,0.6616666666666667,Gear,6000.0
placebo,467232,3407,primary,canonical,1,0,1,101,0.03333333333333333,0.6603333333333333,RPM,6000.0
placebo,467232,3407,primary,canonical,1,1,0,110,0.03516666666666667,0.2551666666666667,Gear,6000.0
placebo,467232,3407,primary,canonical,1,1,0,110,0.13716666666666666,0.20183333333333334,RPM,6000.0
placebo,467232,3407,primary,canonical,1,1,1,111,0.032,0.668,Gear,6000.0
placebo,467232,3407,primary,canonical,1,1,1,111,0.033999999999999996,0.6793333333333332,RPM,6000.0
placebo,467232,3407,primary,shifted,0,0,0,000,1.0,1.0,Gear,6000.0
placebo,467232,3407,primary,shifted,0,0,0,000,0.9938333333333333,1.0,RPM,6000.0
placebo,467232,3407,primary,shifted,0,0,1,001,0.9998333333333335,1.0,Gear,6000.0
placebo,467232,3407,primary,shifted,0,0,1,001,0.9965,1.0,RPM,6000.0
placebo,467232,3407,primary,shifted,0,1,0,010,0.9996666666666667,1.0,Gear,6000.0
placebo,467232,3407,primary,shifted,0,1,0,010,0.9963333333333333,1.0,RPM,6000.0
placebo,467232,3407,primary,shifted,0,1,1,011,0.9998333333333335,1.0,Gear,6000.0
placebo,467232,3407,primary,shifted,0,1,1,011,0.9978333333333333,1.0,RPM,6000.0
placebo,467232,3407,primary,shifted,1,0,0,100,0.0355,0.29883333333333334,Gear,6000.0
placebo,467232,3407,primary,shifted,1,0,0,100,0.1245,0.2255,RPM,6000.0
placebo,467232,3407,primary,shifted,1,0,1,101,0.0315,0.6626666666666666,Gear,6000.0
placebo,467232,3407,primary,shifted,1,0,1,101,0.035,0.6646666666666667,RPM,6000.0
placebo,467232,3407,primary,shifted,1,1,0,110,0.035333333333333335,0.257,Gear,6000.0
placebo,467232,3407,primary,shifted,1,1,0,110,0.13933333333333334,0.204,RPM,6000.0
placebo,467232,3407,primary,shifted,1,1,1,111,0.032,0.6698333333333334,Gear,6000.0
placebo,467232,3407,primary,shifted,1,1,1,111,0.034333333333333334,0.6775000000000001,RPM,6000.0
placebo,485791,7,primary,canonical,0,0,0,000,0.9996666666666667,1.0,Gear,6000.0
placebo,485791,7,primary,canonical,0,0,0,000,0.9978333333333333,1.0,RPM,6000.0
placebo,485791,7,primary,canonical,0,0,1,001,0.9996666666666667,1.0,Gear,6000.0
placebo,485791,7,primary,canonical,0,0,1,001,0.9983333333333334,1.0,RPM,6000.0
placebo,485791,7,primary,canonical,0,1,0,010,0.9998333333333335,1.0,Gear,6000.0
placebo,485791,7,primary,canonical,0,1,0,010,0.9985,1.0,RPM,6000.0
placebo,485791,7,primary,canonical,0,1,1,011,0.9996666666666667,1.0,Gear,6000.0
placebo,485791,7,primary,canonical,0,1,1,011,0.9986666666666667,1.0,RPM,6000.0
placebo,485791,7,primary,canonical,1,0,0,100,0.14966666666666664,0.359,Gear,6000.0
placebo,485791,7,primary,canonical,1,0,0,100,0.30066666666666664,0.45016666666666666,RPM,6000.0
placebo,485791,7,primary,canonical,1,0,1,101,0.09399999999999999,0.6391666666666667,Gear,6000.0
placebo,485791,7,primary,canonical,1,0,1,101,0.18433333333333332,0.66,RPM,6000.0
placebo,485791,7,primary,canonical,1,1,0,110,0.17900000000000002,0.3441666666666667,Gear,6000.0
placebo,485791,7,primary,canonical,1,1,0,110,0.31233333333333335,0.4078333333333333,RPM,6000.0
placebo,485791,7,primary,canonical,1,1,1,111,0.11016666666666668,0.6349999999999999,Gear,6000.0
placebo,485791,7,primary,canonical,1,1,1,111,0.205,0.6616666666666666,RPM,6000.0
placebo,485791,7,primary,shifted,0,0,0,000,0.9996666666666667,1.0,Gear,6000.0
placebo,485791,7,primary,shifted,0,0,0,000,0.9941666666666666,1.0,RPM,6000.0
placebo,485791,7,primary,shifted,0,0,1,001,0.9996666666666667,1.0,Gear,6000.0
placebo,485791,7,primary,shifted,0,0,1,001,0.997,1.0,RPM,6000.0
placebo,485791,7,primary,shifted,0,1,0,010,0.9998333333333335,1.0,Gear,6000.0
placebo,485791,7,primary,shifted,0,1,0,010,0.9965,1.0,RPM,6000.0
placebo,485791,7,primary,shifted,0,1,1,011,0.9996666666666667,1.0,Gear,6000.0
placebo,485791,7,primary,shifted,0,1,1,011,0.9973333333333333,1.0,RPM,6000.0
placebo,485791,7,primary,shifted,1,0,0,100,0.14883333333333335,0.3598333333333333,Gear,6000.0
placebo,485791,7,primary,shifted,1,0,0,100,0.29433333333333334,0.43766666666666665,RPM,6000.0
placebo,485791,7,primary,shifted,1,0,1,101,0.09283333333333334,0.6386666666666666,Gear,6000.0
placebo,485791,7,primary,shifted,1,0,1,101,0.18883333333333333,0.6643333333333333,RPM,6000.0
placebo,485791,7,primary,shifted,1,1,0,110,0.17900000000000002,0.3451666666666667,Gear,6000.0
placebo,485791,7,primary,shifted,1,1,0,110,0.30416666666666664,0.39799999999999996,RPM,6000.0
placebo,485791,7,primary,shifted,1,1,1,111,0.10916666666666668,0.6363333333333333,Gear,6000.0
placebo,485791,7,primary,shifted,1,1,1,111,0.20283333333333334,0.6593333333333333,RPM,6000.0
placebo,485791,42,primary,canonical,0,0,0,000,1.0,1.0,Gear,6000.0
placebo,485791,42,primary,canonical,0,0,0,000,0.9981666666666666,1.0,RPM,6000.0
placebo,485791,42,primary,canonical,0,0,1,001,1.0,1.0,Gear,6000.0
placebo,485791,42,primary,canonical,0,0,1,001,0.9983333333333334,1.0,RPM,6000.0
placebo,485791,42,primary,canonical,0,1,0,010,1.0,1.0,Gear,6000.0
placebo,485791,42,primary,canonical,0,1,0,010,0.9983333333333334,1.0,RPM,6000.0
placebo,485791,42,primary,canonical,0,1,1,011,1.0,1.0,Gear,6000.0
placebo,485791,42,primary,canonical,0,1,1,011,0.9986666666666667,1.0,RPM,6000.0
placebo,485791,42,primary,canonical,1,0,0,100,0.036333333333333336,0.3465,Gear,6000.0
placebo,485791,42,primary,canonical,1,0,0,100,0.137,0.29,RPM,6000.0
placebo,485791,42,primary,canonical,1,0,1,101,0.0325,0.5596666666666666,Gear,6000.0
placebo,485791,42,primary,canonical,1,0,1,101,0.06583333333333334,0.4623333333333333,RPM,6000.0
placebo,485791,42,primary,canonical,1,1,0,110,0.035333333333333335,0.28983333333333333,Gear,6000.0
placebo,485791,42,primary,canonical,1,1,0,110,0.14716666666666667,0.249,RPM,6000.0
placebo,485791,42,primary,canonical,1,1,1,111,0.03466666666666667,0.5381666666666667,Gear,6000.0
placebo,485791,42,primary,canonical,1,1,1,111,0.07016666666666667,0.43966666666666665,RPM,6000.0
placebo,485791,42,primary,shifted,0,0,0,000,1.0,1.0,Gear,6000.0
placebo,485791,42,primary,shifted,0,0,0,000,0.9955000000000002,1.0,RPM,6000.0
placebo,485791,42,primary,shifted,0,0,1,001,1.0,1.0,Gear,6000.0
placebo,485791,42,primary,shifted,0,0,1,001,0.9965,1.0,RPM,6000.0
placebo,485791,42,primary,shifted,0,1,0,010,1.0,1.0,Gear,6000.0
placebo,485791,42,primary,shifted,0,1,0,010,0.997,1.0,RPM,6000.0
placebo,485791,42,primary,shifted,0,1,1,011,1.0,1.0,Gear,6000.0
placebo,485791,42,primary,shifted,0,1,1,011,0.9975,1.0,RPM,6000.0
placebo,485791,42,primary,shifted,1,0,0,100,0.03666666666666667,0.34800000000000003,Gear,6000.0
placebo,485791,42,primary,shifted,1,0,0,100,0.13233333333333333,0.2826666666666667,RPM,6000.0
placebo,485791,42,primary,shifted,1,0,1,101,0.03266666666666667,0.5616666666666666,Gear,6000.0
placebo,485791,42,primary,shifted,1,0,1,101,0.07016666666666667,0.4715,RPM,6000.0
placebo,485791,42,primary,shifted,1,1,0,110,0.03516666666666667,0.29083333333333333,Gear,6000.0
placebo,485791,42,primary,shifted,1,1,0,110,0.14066666666666666,0.23883333333333334,RPM,6000.0
placebo,485791,42,primary,shifted,1,1,1,111,0.0345,0.5388333333333334,Gear,6000.0
placebo,485791,42,primary,shifted,1,1,1,111,0.07266666666666667,0.44733333333333336,RPM,6000.0
placebo,485791,123,primary,canonical,0,0,0,000,1.0,1.0,Gear,6000.0
placebo,485791,123,primary,canonical,0,0,0,000,0.9965,1.0,RPM,6000.0
placebo,485791,123,primary,canonical,0,0,1,001,1.0,1.0,Gear,6000.0
placebo,485791,123,primary,canonical,0,0,1,001,0.9983333333333334,1.0,RPM,6000.0
placebo,485791,123,primary,canonical,0,1,0,010,1.0,1.0,Gear,6000.0
placebo,485791,123,primary,canonical,0,1,0,010,0.9980000000000001,1.0,RPM,6000.0
placebo,485791,123,primary,canonical,0,1,1,011,0.9998333333333335,1.0,Gear,6000.0
placebo,485791,123,primary,canonical,0,1,1,011,0.9986666666666667,1.0,RPM,6000.0
placebo,485791,123,primary,canonical,1,0,0,100,0.05383333333333334,0.26583333333333337,Gear,6000.0
placebo,485791,123,primary,canonical,1,0,0,100,0.13616666666666666,0.2886666666666666,RPM,6000.0
placebo,485791,123,primary,canonical,1,0,1,101,0.050666666666666665,0.7308333333333333,Gear,6000.0
placebo,485791,123,primary,canonical,1,0,1,101,0.05883333333333333,0.6638333333333334,RPM,6000.0
placebo,485791,123,primary,canonical,1,1,0,110,0.0655,0.23183333333333334,Gear,6000.0
placebo,485791,123,primary,canonical,1,1,0,110,0.1745,0.2715,RPM,6000.0
placebo,485791,123,primary,canonical,1,1,1,111,0.058666666666666666,0.7428333333333333,Gear,6000.0
placebo,485791,123,primary,canonical,1,1,1,111,0.069,0.6501666666666667,RPM,6000.0
placebo,485791,123,primary,shifted,0,0,0,000,1.0,1.0,Gear,6000.0
placebo,485791,123,primary,shifted,0,0,0,000,0.9931666666666666,1.0,RPM,6000.0
placebo,485791,123,primary,shifted,0,0,1,001,1.0,1.0,Gear,6000.0
placebo,485791,123,primary,shifted,0,0,1,001,0.9956666666666667,1.0,RPM,6000.0
placebo,485791,123,primary,shifted,0,1,0,010,1.0,1.0,Gear,6000.0
placebo,485791,123,primary,shifted,0,1,0,010,0.9953333333333334,1.0,RPM,6000.0
placebo,485791,123,primary,shifted,0,1,1,011,0.9998333333333335,1.0,Gear,6000.0
placebo,485791,123,primary,shifted,0,1,1,011,0.997,1.0,RPM,6000.0
placebo,485791,123,primary,shifted,1,0,0,100,0.05416666666666667,0.2668333333333333,Gear,6000.0
placebo,485791,123,primary,shifted,1,0,0,100,0.14316666666666666,0.29416666666666663,RPM,6000.0
placebo,485791,123,primary,shifted,1,0,1,101,0.050499999999999996,0.7318333333333333,Gear,6000.0
placebo,485791,123,primary,shifted,1,0,1,101,0.06333333333333334,0.6761666666666667,RPM,6000.0
placebo,485791,123,primary,shifted,1,1,0,110,0.065,0.2323333333333333,Gear,6000.0
placebo,485791,123,primary,shifted,1,1,0,110,0.18033333333333335,0.2735,RPM,6000.0
placebo,485791,123,primary,shifted,1,1,1,111,0.058166666666666665,0.7451666666666666,Gear,6000.0
placebo,485791,123,primary,shifted,1,1,1,111,0.0795,0.6701666666666667,RPM,6000.0
placebo,485791,2026,primary,canonical,0,0,0,000,1.0,1.0,Gear,6000.0
placebo,485791,2026,primary,canonical,0,0,0,000,0.9971666666666668,1.0,RPM,6000.0
placebo,485791,2026,primary,canonical,0,0,1,001,1.0,1.0,Gear,6000.0
placebo,485791,2026,primary,canonical,0,0,1,001,0.9981666666666666,1.0,RPM,6000.0
placebo,485791,2026,primary,canonical,0,1,0,010,1.0,1.0,Gear,6000.0
placebo,485791,2026,primary,canonical,0,1,0,010,0.9983333333333334,1.0,RPM,6000.0
placebo,485791,2026,primary,canonical,0,1,1,011,1.0,1.0,Gear,6000.0
placebo,485791,2026,primary,canonical,0,1,1,011,0.9986666666666667,1.0,RPM,6000.0
placebo,485791,2026,primary,canonical,1,0,0,100,0.03816666666666667,0.3105,Gear,6000.0
placebo,485791,2026,primary,canonical,1,0,0,100,0.06533333333333334,0.26866666666666666,RPM,6000.0
placebo,485791,2026,primary,canonical,1,0,1,101,0.035500000000000004,0.7476666666666666,Gear,6000.0
placebo,485791,2026,primary,canonical,1,0,1,101,0.03266666666666667,0.6589999999999999,RPM,6000.0
placebo,485791,2026,primary,canonical,1,1,0,110,0.0415,0.2665,Gear,6000.0
placebo,485791,2026,primary,canonical,1,1,0,110,0.07883333333333334,0.22166666666666668,RPM,6000.0
placebo,485791,2026,primary,canonical,1,1,1,111,0.04133333333333333,0.7525,Gear,6000.0
placebo,485791,2026,primary,canonical,1,1,1,111,0.034666666666666665,0.6645,RPM,6000.0
placebo,485791,2026,primary,shifted,0,0,0,000,1.0,1.0,Gear,6000.0
placebo,485791,2026,primary,shifted,0,0,0,000,0.9935,1.0,RPM,6000.0
placebo,485791,2026,primary,shifted,0,0,1,001,1.0,1.0,Gear,6000.0
placebo,485791,2026,primary,shifted,0,0,1,001,0.996,1.0,RPM,6000.0
placebo,485791,2026,primary,shifted,0,1,0,010,1.0,1.0,Gear,6000.0
placebo,485791,2026,primary,shifted,0,1,0,010,0.9965,1.0,RPM,6000.0
placebo,485791,2026,primary,shifted,0,1,1,011,1.0,1.0,Gear,6000.0
placebo,485791,2026,primary,shifted,0,1,1,011,0.9978333333333333,1.0,RPM,6000.0
placebo,485791,2026,primary,shifted,1,0,0,100,0.03816666666666667,0.31116666666666665,Gear,6000.0
placebo,485791,2026,primary,shifted,1,0,0,100,0.06983333333333333,0.2738333333333333,RPM,6000.0
placebo,485791,2026,primary,shifted,1,0,1,101,0.035333333333333335,0.7488333333333334,Gear,6000.0
placebo,485791,2026,primary,shifted,1,0,1,101,0.034333333333333334,0.6583333333333333,RPM,6000.0
placebo,485791,2026,primary,shifted,1,1,0,110,0.04133333333333333,0.26783333333333337,Gear,6000.0
placebo,485791,2026,primary,shifted,1,1,0,110,0.08,0.22583333333333333,RPM,6000.0
placebo,485791,2026,primary,shifted,1,1,1,111,0.0415,0.7526666666666667,Gear,6000.0
placebo,485791,2026,primary,shifted,1,1,1,111,0.036,0.6653333333333333,RPM,6000.0
placebo,485791,3407,primary,canonical,0,0,0,000,0.9998333333333335,1.0,Gear,6000.0
placebo,485791,3407,primary,canonical,0,0,0,000,0.9975,1.0,RPM,6000.0
placebo,485791,3407,primary,canonical,0,0,1,001,0.9996666666666667,1.0,Gear,6000.0
placebo,485791,3407,primary,canonical,0,0,1,001,0.9983333333333334,1.0,RPM,6000.0
placebo,485791,3407,primary,canonical,0,1,0,010,0.9996666666666667,1.0,Gear,6000.0
placebo,485791,3407,primary,canonical,0,1,0,010,0.9981666666666668,1.0,RPM,6000.0
placebo,485791,3407,primary,canonical,0,1,1,011,0.9996666666666667,1.0,Gear,6000.0
placebo,485791,3407,primary,canonical,0,1,1,011,0.9988333333333334,1.0,RPM,6000.0
placebo,485791,3407,primary,canonical,1,0,0,100,0.0325,0.18200000000000002,Gear,6000.0
placebo,485791,3407,primary,canonical,1,0,0,100,0.11699999999999999,0.2843333333333333,RPM,6000.0
placebo,485791,3407,primary,canonical,1,0,1,101,0.0335,0.6601666666666667,Gear,6000.0
placebo,485791,3407,primary,canonical,1,0,1,101,0.118,0.6531666666666667,RPM,6000.0
placebo,485791,3407,primary,canonical,1,1,0,110,0.033,0.1465,Gear,6000.0
placebo,485791,3407,primary,canonical,1,1,0,110,0.14033333333333334,0.25866666666666666,RPM,6000.0
placebo,485791,3407,primary,canonical,1,1,1,111,0.03516666666666667,0.674,Gear,6000.0
placebo,485791,3407,primary,canonical,1,1,1,111,0.11599999999999999,0.6223333333333333,RPM,6000.0
placebo,485791,3407,primary,shifted,0,0,0,000,0.9996666666666667,1.0,Gear,6000.0
placebo,485791,3407,primary,shifted,0,0,0,000,0.9933333333333333,1.0,RPM,6000.0
placebo,485791,3407,primary,shifted,0,0,1,001,0.9996666666666667,1.0,Gear,6000.0
placebo,485791,3407,primary,shifted,0,0,1,001,0.9963333333333333,1.0,RPM,6000.0
placebo,485791,3407,primary,shifted,0,1,0,010,0.9996666666666667,1.0,Gear,6000.0
placebo,485791,3407,primary,shifted,0,1,0,010,0.9966666666666667,1.0,RPM,6000.0
placebo,485791,3407,primary,shifted,0,1,1,011,0.9996666666666667,1.0,Gear,6000.0
placebo,485791,3407,primary,shifted,0,1,1,011,0.9975,1.0,RPM,6000.0
placebo,485791,3407,primary,shifted,1,0,0,100,0.0325,0.18266666666666667,Gear,6000.0
placebo,485791,3407,primary,shifted,1,0,0,100,0.11466666666666665,0.2811666666666667,RPM,6000.0
placebo,485791,3407,primary,shifted,1,0,1,101,0.0335,0.6606666666666666,Gear,6000.0
placebo,485791,3407,primary,shifted,1,0,1,101,0.11299999999999999,0.6575000000000001,RPM,6000.0
placebo,485791,3407,primary,shifted,1,1,0,110,0.03283333333333333,0.1465,Gear,6000.0
placebo,485791,3407,primary,shifted,1,1,0,110,0.1366666666666667,0.257,RPM,6000.0
placebo,485791,3407,primary,shifted,1,1,1,111,0.035,0.6746666666666666,Gear,6000.0
placebo,485791,3407,primary,shifted,1,1,1,111,0.10983333333333334,0.6303333333333333,RPM,6000.0
placebo,550427,7,primary,canonical,0,0,0,000,1.0,1.0,Gear,6000.0
placebo,550427,7,primary,canonical,0,0,0,000,0.9978333333333333,1.0,RPM,6000.0
placebo,550427,7,primary,canonical,0,0,1,001,1.0,1.0,Gear,6000.0
placebo,550427,7,primary,canonical,0,0,1,001,0.9985,1.0,RPM,6000.0
placebo,550427,7,primary,canonical,0,1,0,010,0.9998333333333335,1.0,Gear,6000.0
placebo,550427,7,primary,canonical,0,1,0,010,0.9983333333333334,1.0,RPM,6000.0
placebo,550427,7,primary,canonical,0,1,1,011,0.9998333333333335,1.0,Gear,6000.0
placebo,550427,7,primary,canonical,0,1,1,011,0.9986666666666667,1.0,RPM,6000.0
placebo,550427,7,primary,canonical,1,0,0,100,0.03766666666666666,0.20199999999999999,Gear,6000.0
placebo,550427,7,primary,canonical,1,0,0,100,0.08766666666666667,0.31066666666666665,RPM,6000.0
placebo,550427,7,primary,canonical,1,0,1,101,0.03216666666666667,0.7625000000000001,Gear,6000.0
placebo,550427,7,primary,canonical,1,0,1,101,0.04766666666666667,0.5918333333333333,RPM,6000.0
placebo,550427,7,primary,canonical,1,1,0,110,0.04066666666666666,0.16183333333333336,Gear,6000.0
placebo,550427,7,primary,canonical,1,1,0,110,0.12766666666666668,0.29433333333333334,RPM,6000.0
placebo,550427,7,primary,canonical,1,1,1,111,0.031166666666666665,0.7576666666666667,Gear,6000.0
placebo,550427,7,primary,canonical,1,1,1,111,0.052,0.5921666666666666,RPM,6000.0
placebo,550427,7,primary,shifted,0,0,0,000,1.0,1.0,Gear,6000.0
placebo,550427,7,primary,shifted,0,0,0,000,0.9936666666666666,1.0,RPM,6000.0
placebo,550427,7,primary,shifted,0,0,1,001,1.0,1.0,Gear,6000.0
placebo,550427,7,primary,shifted,0,0,1,001,0.9966666666666667,1.0,RPM,6000.0
placebo,550427,7,primary,shifted,0,1,0,010,0.9998333333333335,1.0,Gear,6000.0
placebo,550427,7,primary,shifted,0,1,0,010,0.9965,1.0,RPM,6000.0
placebo,550427,7,primary,shifted,0,1,1,011,0.9998333333333335,1.0,Gear,6000.0
placebo,550427,7,primary,shifted,0,1,1,011,0.9973333333333333,1.0,RPM,6000.0
placebo,550427,7,primary,shifted,1,0,0,100,0.03683333333333333,0.20183333333333334,Gear,6000.0
placebo,550427,7,primary,shifted,1,0,0,100,0.08966666666666667,0.314,RPM,6000.0
placebo,550427,7,primary,shifted,1,0,1,101,0.032,0.7638333333333334,Gear,6000.0
placebo,550427,7,primary,shifted,1,0,1,101,0.048499999999999995,0.605,RPM,6000.0
placebo,550427,7,primary,shifted,1,1,0,110,0.041,0.16333333333333333,Gear,6000.0
placebo,550427,7,primary,shifted,1,1,0,110,0.1275,0.2953333333333333,RPM,6000.0
placebo,550427,7,primary,shifted,1,1,1,111,0.0315,0.7595000000000001,Gear,6000.0
placebo,550427,7,primary,shifted,1,1,1,111,0.05333333333333334,0.6106666666666666,RPM,6000.0
placebo,550427,42,primary,canonical,0,0,0,000,1.0,1.0,Gear,6000.0
placebo,550427,42,primary,canonical,0,0,0,000,0.9976666666666668,1.0,RPM,6000.0
placebo,550427,42,primary,canonical,0,0,1,001,0.9996666666666667,1.0,Gear,6000.0
placebo,550427,42,primary,canonical,0,0,1,001,0.9981666666666666,1.0,RPM,6000.0
placebo,550427,42,primary,canonical,0,1,0,010,0.9996666666666667,1.0,Gear,6000.0
placebo,550427,42,primary,canonical,0,1,0,010,0.9981666666666668,1.0,RPM,6000.0
placebo,550427,42,primary,canonical,0,1,1,011,0.9998333333333335,1.0,Gear,6000.0
placebo,550427,42,primary,canonical,0,1,1,011,0.9988333333333334,1.0,RPM,6000.0
placebo,550427,42,primary,canonical,1,0,0,100,0.037333333333333336,0.3446666666666667,Gear,6000.0
placebo,550427,42,primary,canonical,1,0,0,100,0.156,0.21383333333333332,RPM,6000.0
placebo,550427,42,primary,canonical,1,0,1,101,0.0335,0.605,Gear,6000.0
placebo,550427,42,primary,canonical,1,0,1,101,0.21483333333333332,0.4965,RPM,6000.0
placebo,550427,42,primary,canonical,1,1,0,110,0.042,0.31016666666666665,Gear,6000.0
placebo,550427,42,primary,canonical,1,1,0,110,0.1708333333333333,0.20766666666666667,RPM,6000.0
placebo,550427,42,primary,canonical,1,1,1,111,0.041,0.608,Gear,6000.0
placebo,550427,42,primary,canonical,1,1,1,111,0.2255,0.4635,RPM,6000.0
placebo,550427,42,primary,shifted,0,0,0,000,1.0,1.0,Gear,6000.0
placebo,550427,42,primary,shifted,0,0,0,000,0.9940000000000001,1.0,RPM,6000.0
placebo,550427,42,primary,shifted,0,0,1,001,0.9996666666666667,1.0,Gear,6000.0
placebo,550427,42,primary,shifted,0,0,1,001,0.9961666666666668,1.0,RPM,6000.0
placebo,550427,42,primary,shifted,0,1,0,010,0.9996666666666667,1.0,Gear,6000.0
placebo,550427,42,primary,shifted,0,1,0,010,0.997,1.0,RPM,6000.0
placebo,550427,42,primary,shifted,0,1,1,011,0.9998333333333335,1.0,Gear,6000.0
placebo,550427,42,primary,shifted,0,1,1,011,0.997,1.0,RPM,6000.0
placebo,550427,42,primary,shifted,1,0,0,100,0.03733333333333333,0.34600000000000003,Gear,6000.0
placebo,550427,42,primary,shifted,1,0,0,100,0.16366666666666665,0.22016666666666665,RPM,6000.0
placebo,550427,42,primary,shifted,1,0,1,101,0.0335,0.6063333333333333,Gear,6000.0
placebo,550427,42,primary,shifted,1,0,1,101,0.23033333333333336,0.516,RPM,6000.0
placebo,550427,42,primary,shifted,1,1,0,110,0.041833333333333333,0.31116666666666665,Gear,6000.0
placebo,550427,42,primary,shifted,1,1,0,110,0.18033333333333332,0.21833333333333335,RPM,6000.0
placebo,550427,42,primary,shifted,1,1,1,111,0.04133333333333333,0.6106666666666667,Gear,6000.0
placebo,550427,42,primary,shifted,1,1,1,111,0.23883333333333334,0.4766666666666666,RPM,6000.0
placebo,550427,123,primary,canonical,0,0,0,000,1.0,1.0,Gear,6000.0
placebo,550427,123,primary,canonical,0,0,0,000,0.9973333333333333,1.0,RPM,6000.0
placebo,550427,123,primary,canonical,0,0,1,001,1.0,1.0,Gear,6000.0
placebo,550427,123,primary,canonical,0,0,1,001,0.9976666666666668,1.0,RPM,6000.0
placebo,550427,123,primary,canonical,0,1,0,010,1.0,1.0,Gear,6000.0
placebo,550427,123,primary,canonical,0,1,0,010,0.9983333333333334,1.0,RPM,6000.0
placebo,550427,123,primary,canonical,0,1,1,011,1.0,1.0,Gear,6000.0
placebo,550427,123,primary,canonical,0,1,1,011,0.9988333333333334,1.0,RPM,6000.0
placebo,550427,123,primary,canonical,1,0,0,100,0.035333333333333335,0.37116666666666664,Gear,6000.0
placebo,550427,123,primary,canonical,1,0,0,100,0.24583333333333335,0.42250000000000004,RPM,6000.0
placebo,550427,123,primary,canonical,1,0,1,101,0.031,0.8076666666666666,Gear,6000.0
placebo,550427,123,primary,canonical,1,0,1,101,0.21283333333333335,0.9009999999999999,RPM,6000.0
placebo,550427,123,primary,canonical,1,1,0,110,0.0425,0.3411666666666667,Gear,6000.0
placebo,550427,123,primary,canonical,1,1,0,110,0.283,0.4088333333333333,RPM,6000.0
placebo,550427,123,primary,canonical,1,1,1,111,0.03266666666666667,0.8145000000000001,Gear,6000.0
placebo,550427,123,primary,canonical,1,1,1,111,0.22266666666666668,0.8941666666666667,RPM,6000.0
placebo,550427,123,primary,shifted,0,0,0,000,1.0,1.0,Gear,6000.0
placebo,550427,123,primary,shifted,0,0,0,000,0.9940000000000001,1.0,RPM,6000.0
placebo,550427,123,primary,shifted,0,0,1,001,1.0,1.0,Gear,6000.0
placebo,550427,123,primary,shifted,0,0,1,001,0.9963333333333333,1.0,RPM,6000.0
placebo,550427,123,primary,shifted,0,1,0,010,1.0,1.0,Gear,6000.0
placebo,550427,123,primary,shifted,0,1,0,010,0.9958333333333332,1.0,RPM,6000.0
placebo,550427,123,primary,shifted,0,1,1,011,1.0,1.0,Gear,6000.0
placebo,550427,123,primary,shifted,0,1,1,011,0.9976666666666668,1.0,RPM,6000.0
placebo,550427,123,primary,shifted,1,0,0,100,0.03566666666666667,0.3725,Gear,6000.0
placebo,550427,123,primary,shifted,1,0,0,100,0.24566666666666667,0.42216666666666663,RPM,6000.0
placebo,550427,123,primary,shifted,1,0,1,101,0.031,0.8081666666666667,Gear,6000.0
placebo,550427,123,primary,shifted,1,0,1,101,0.20033333333333334,0.9063333333333333,RPM,6000.0
placebo,550427,123,primary,shifted,1,1,0,110,0.042833333333333334,0.3426666666666667,Gear,6000.0
placebo,550427,123,primary,shifted,1,1,0,110,0.2818333333333333,0.4068333333333333,RPM,6000.0
placebo,550427,123,primary,shifted,1,1,1,111,0.032,0.8153333333333332,Gear,6000.0
placebo,550427,123,primary,shifted,1,1,1,111,0.21533333333333335,0.9031666666666668,RPM,6000.0
placebo,550427,2026,primary,canonical,0,0,0,000,1.0,1.0,Gear,6000.0
placebo,550427,2026,primary,canonical,0,0,0,000,0.9978333333333333,1.0,RPM,6000.0
placebo,550427,2026,primary,canonical,0,0,1,001,0.9998333333333335,1.0,Gear,6000.0
placebo,550427,2026,primary,canonical,0,0,1,001,0.9985,1.0,RPM,6000.0
placebo,550427,2026,primary,canonical,0,1,0,010,0.9998333333333335,1.0,Gear,6000.0
placebo,550427,2026,primary,canonical,0,1,0,010,0.9984999999999999,1.0,RPM,6000.0
placebo,550427,2026,primary,canonical,0,1,1,011,0.9998333333333335,1.0,Gear,6000.0
placebo,550427,2026,primary,canonical,0,1,1,011,0.9993333333333334,1.0,RPM,6000.0
placebo,550427,2026,primary,canonical,1,0,0,100,0.06416666666666666,0.345,Gear,6000.0
placebo,550427,2026,primary,canonical,1,0,0,100,0.21916666666666665,0.4068333333333333,RPM,6000.0
placebo,550427,2026,primary,canonical,1,0,1,101,0.037333333333333336,0.7985000000000001,Gear,6000.0
placebo,550427,2026,primary,canonical,1,0,1,101,0.20433333333333334,0.8133333333333334,RPM,6000.0
placebo,550427,2026,primary,canonical,1,1,0,110,0.079,0.3195,Gear,6000.0
placebo,550427,2026,primary,canonical,1,1,0,110,0.2735,0.4041666666666666,RPM,6000.0
placebo,550427,2026,primary,canonical,1,1,1,111,0.042833333333333334,0.7959999999999999,Gear,6000.0
placebo,550427,2026,primary,canonical,1,1,1,111,0.2165,0.8313333333333333,RPM,6000.0
placebo,550427,2026,primary,shifted,0,0,0,000,1.0,1.0,Gear,6000.0
placebo,550427,2026,primary,shifted,0,0,0,000,0.9940000000000001,1.0,RPM,6000.0
placebo,550427,2026,primary,shifted,0,0,1,001,0.9998333333333335,1.0,Gear,6000.0
placebo,550427,2026,primary,shifted,0,0,1,001,0.9971666666666668,1.0,RPM,6000.0
placebo,550427,2026,primary,shifted,0,1,0,010,0.9998333333333335,1.0,Gear,6000.0
placebo,550427,2026,primary,shifted,0,1,0,010,0.996,1.0,RPM,6000.0
placebo,550427,2026,primary,shifted,0,1,1,011,0.9998333333333335,1.0,Gear,6000.0
placebo,550427,2026,primary,shifted,0,1,1,011,0.9978333333333333,1.0,RPM,6000.0
placebo,550427,2026,primary,shifted,1,0,0,100,0.064,0.3461666666666667,Gear,6000.0
placebo,550427,2026,primary,shifted,1,0,0,100,0.22616666666666665,0.41250000000000003,RPM,6000.0
placebo,550427,2026,primary,shifted,1,0,1,101,0.037000000000000005,0.799,Gear,6000.0
placebo,550427,2026,primary,shifted,1,0,1,101,0.21516666666666664,0.8193333333333334,RPM,6000.0
placebo,550427,2026,primary,shifted,1,1,0,110,0.078,0.3195,Gear,6000.0
placebo,550427,2026,primary,shifted,1,1,0,110,0.2806666666666667,0.41,RPM,6000.0
placebo,550427,2026,primary,shifted,1,1,1,111,0.0425,0.7963333333333334,Gear,6000.0
placebo,550427,2026,primary,shifted,1,1,1,111,0.223,0.8355,RPM,6000.0
placebo,550427,3407,primary,canonical,0,0,0,000,1.0,1.0,Gear,6000.0
placebo,550427,3407,primary,canonical,0,0,0,000,0.9976666666666668,1.0,RPM,6000.0
placebo,550427,3407,primary,canonical,0,0,1,001,0.9998333333333335,1.0,Gear,6000.0
placebo,550427,3407,primary,canonical,0,0,1,001,0.9985,1.0,RPM,6000.0
placebo,550427,3407,primary,canonical,0,1,0,010,1.0,1.0,Gear,6000.0
placebo,550427,3407,primary,canonical,0,1,0,010,0.9988333333333334,1.0,RPM,6000.0
placebo,550427,3407,primary,canonical,0,1,1,011,1.0,1.0,Gear,6000.0
placebo,550427,3407,primary,canonical,0,1,1,011,0.9988333333333334,1.0,RPM,6000.0
placebo,550427,3407,primary,canonical,1,0,0,100,0.030166666666666665,0.15783333333333335,Gear,6000.0
placebo,550427,3407,primary,canonical,1,0,0,100,0.07716666666666666,0.20183333333333334,RPM,6000.0
placebo,550427,3407,primary,canonical,1,0,1,101,0.028166666666666663,0.6373333333333333,Gear,6000.0
placebo,550427,3407,primary,canonical,1,0,1,101,0.0405,0.5296666666666666,RPM,6000.0
placebo,550427,3407,primary,canonical,1,1,0,110,0.03133333333333333,0.1215,Gear,6000.0
placebo,550427,3407,primary,canonical,1,1,0,110,0.08966666666666667,0.18216666666666667,RPM,6000.0
placebo,550427,3407,primary,canonical,1,1,1,111,0.029833333333333333,0.6358333333333334,Gear,6000.0
placebo,550427,3407,primary,canonical,1,1,1,111,0.04566666666666667,0.5206666666666667,RPM,6000.0
placebo,550427,3407,primary,shifted,0,0,0,000,1.0,1.0,Gear,6000.0
placebo,550427,3407,primary,shifted,0,0,0,000,0.9945,1.0,RPM,6000.0
placebo,550427,3407,primary,shifted,0,0,1,001,0.9998333333333335,1.0,Gear,6000.0
placebo,550427,3407,primary,shifted,0,0,1,001,0.9973333333333333,1.0,RPM,6000.0
placebo,550427,3407,primary,shifted,0,1,0,010,1.0,1.0,Gear,6000.0
placebo,550427,3407,primary,shifted,0,1,0,010,0.9966666666666667,1.0,RPM,6000.0
placebo,550427,3407,primary,shifted,0,1,1,011,1.0,1.0,Gear,6000.0
placebo,550427,3407,primary,shifted,0,1,1,011,0.9979999999999999,1.0,RPM,6000.0
placebo,550427,3407,primary,shifted,1,0,0,100,0.030333333333333334,0.1585,Gear,6000.0
placebo,550427,3407,primary,shifted,1,0,0,100,0.07866666666666666,0.19616666666666668,RPM,6000.0
placebo,550427,3407,primary,shifted,1,0,1,101,0.027999999999999997,0.6385,Gear,6000.0
placebo,550427,3407,primary,shifted,1,0,1,101,0.042833333333333334,0.5406666666666667,RPM,6000.0
placebo,550427,3407,primary,shifted,1,1,0,110,0.03133333333333333,0.122,Gear,6000.0
placebo,550427,3407,primary,shifted,1,1,0,110,0.09100000000000001,0.17933333333333334,RPM,6000.0
placebo,550427,3407,primary,shifted,1,1,1,111,0.029666666666666664,0.6378333333333334,Gear,6000.0
placebo,550427,3407,primary,shifted,1,1,1,111,0.049999999999999996,0.5379999999999999,RPM,6000.0
placebo,560657,7,primary,canonical,0,0,0,000,1.0,1.0,Gear,6000.0
placebo,560657,7,primary,canonical,0,0,0,000,0.9973333333333333,1.0,RPM,6000.0
placebo,560657,7,primary,canonical,0,0,1,001,0.9996666666666667,1.0,Gear,6000.0
placebo,560657,7,primary,canonical,0,0,1,001,0.9976666666666668,1.0,RPM,6000.0
placebo,560657,7,primary,canonical,0,1,0,010,0.9998333333333335,1.0,Gear,6000.0
placebo,560657,7,primary,canonical,0,1,0,010,0.9981666666666666,1.0,RPM,6000.0
placebo,560657,7,primary,canonical,0,1,1,011,0.9998333333333335,1.0,Gear,6000.0
placebo,560657,7,primary,canonical,0,1,1,011,0.9978333333333333,1.0,RPM,6000.0
placebo,560657,7,primary,canonical,1,0,0,100,0.0335,0.24933333333333332,Gear,6000.0
placebo,560657,7,primary,canonical,1,0,0,100,0.11349999999999999,0.243,RPM,6000.0
placebo,560657,7,primary,canonical,1,0,1,101,0.0335,0.6218333333333333,Gear,6000.0
placebo,560657,7,primary,canonical,1,0,1,101,0.14016666666666666,0.557,RPM,6000.0
placebo,560657,7,primary,canonical,1,1,0,110,0.03283333333333333,0.19533333333333333,Gear,6000.0
placebo,560657,7,primary,canonical,1,1,0,110,0.133,0.21183333333333332,RPM,6000.0
placebo,560657,7,primary,canonical,1,1,1,111,0.0345,0.5901666666666666,Gear,6000.0
placebo,560657,7,primary,canonical,1,1,1,111,0.15816666666666665,0.5288333333333334,RPM,6000.0
placebo,560657,7,primary,shifted,0,0,0,000,1.0,1.0,Gear,6000.0
placebo,560657,7,primary,shifted,0,0,0,000,0.9940000000000001,1.0,RPM,6000.0
placebo,560657,7,primary,shifted,0,0,1,001,0.9996666666666667,1.0,Gear,6000.0
placebo,560657,7,primary,shifted,0,0,1,001,0.9950000000000001,1.0,RPM,6000.0
placebo,560657,7,primary,shifted,0,1,0,010,0.9998333333333335,1.0,Gear,6000.0
placebo,560657,7,primary,shifted,0,1,0,010,0.9953333333333334,1.0,RPM,6000.0
placebo,560657,7,primary,shifted,0,1,1,011,0.9998333333333335,1.0,Gear,6000.0
placebo,560657,7,primary,shifted,0,1,1,011,0.9968333333333333,1.0,RPM,6000.0
placebo,560657,7,primary,shifted,1,0,0,100,0.0335,0.24983333333333335,Gear,6000.0
placebo,560657,7,primary,shifted,1,0,0,100,0.11216666666666668,0.24216666666666664,RPM,6000.0
placebo,560657,7,primary,shifted,1,0,1,101,0.0335,0.6241666666666666,Gear,6000.0
placebo,560657,7,primary,shifted,1,0,1,101,0.13983333333333334,0.5616666666666666,RPM,6000.0
placebo,560657,7,primary,shifted,1,1,0,110,0.033,0.19599999999999998,Gear,6000.0
placebo,560657,7,primary,shifted,1,1,0,110,0.13516666666666668,0.21183333333333332,RPM,6000.0
placebo,560657,7,primary,shifted,1,1,1,111,0.03466666666666667,0.593,Gear,6000.0
placebo,560657,7,primary,shifted,1,1,1,111,0.158,0.5366666666666666,RPM,6000.0
placebo,560657,42,primary,canonical,0,0,0,000,0.9998333333333335,1.0,Gear,6000.0
placebo,560657,42,primary,canonical,0,0,0,000,0.9973333333333333,1.0,RPM,6000.0
placebo,560657,42,primary,canonical,0,0,1,001,0.9998333333333335,1.0,Gear,6000.0
placebo,560657,42,primary,canonical,0,0,1,001,0.9975,1.0,RPM,6000.0
placebo,560657,42,primary,canonical,0,1,0,010,0.9998333333333335,1.0,Gear,6000.0
placebo,560657,42,primary,canonical,0,1,0,010,0.9983333333333334,1.0,RPM,6000.0
placebo,560657,42,primary,canonical,0,1,1,011,0.9998333333333335,1.0,Gear,6000.0
placebo,560657,42,primary,canonical,0,1,1,011,0.9986666666666667,1.0,RPM,6000.0
placebo,560657,42,primary,canonical,1,0,0,100,0.029833333333333333,0.273,Gear,6000.0
placebo,560657,42,primary,canonical,1,0,0,100,0.07016666666666667,0.31783333333333336,RPM,6000.0
placebo,560657,42,primary,canonical,1,0,1,101,0.028499999999999998,0.7216666666666667,Gear,6000.0
placebo,560657,42,primary,canonical,1,0,1,101,0.10116666666666667,0.7825000000000001,RPM,6000.0
placebo,560657,42,primary,canonical,1,1,0,110,0.029666666666666664,0.22516666666666665,Gear,6000.0
placebo,560657,42,primary,canonical,1,1,0,110,0.07666666666666666,0.26783333333333337,RPM,6000.0
placebo,560657,42,primary,canonical,1,1,1,111,0.026833333333333334,0.7243333333333334,Gear,6000.0
placebo,560657,42,primary,canonical,1,1,1,111,0.09449999999999999,0.7991666666666667,RPM,6000.0
placebo,560657,42,primary,shifted,0,0,0,000,0.9998333333333335,1.0,Gear,6000.0
placebo,560657,42,primary,shifted,0,0,0,000,0.9941666666666666,1.0,RPM,6000.0
placebo,560657,42,primary,shifted,0,0,1,001,0.9998333333333335,1.0,Gear,6000.0
placebo,560657,42,primary,shifted,0,0,1,001,0.9953333333333333,1.0,RPM,6000.0
placebo,560657,42,primary,shifted,0,1,0,010,0.9998333333333335,1.0,Gear,6000.0
placebo,560657,42,primary,shifted,0,1,0,010,0.9968333333333333,1.0,RPM,6000.0
placebo,560657,42,primary,shifted,0,1,1,011,0.9998333333333335,1.0,Gear,6000.0
placebo,560657,42,primary,shifted,0,1,1,011,0.9976666666666668,1.0,RPM,6000.0
placebo,560657,42,primary,shifted,1,0,0,100,0.029666666666666664,0.2743333333333333,Gear,6000.0
placebo,560657,42,primary,shifted,1,0,0,100,0.07066666666666667,0.3025,RPM,6000.0
placebo,560657,42,primary,shifted,1,0,1,101,0.028499999999999998,0.7213333333333334,Gear,6000.0
placebo,560657,42,primary,shifted,1,0,1,101,0.09716666666666667,0.7805,RPM,6000.0
placebo,560657,42,primary,shifted,1,1,0,110,0.029833333333333333,0.22583333333333333,Gear,6000.0
placebo,560657,42,primary,shifted,1,1,0,110,0.07583333333333332,0.25783333333333336,RPM,6000.0
placebo,560657,42,primary,shifted,1,1,1,111,0.027,0.7268333333333333,Gear,6000.0
placebo,560657,42,primary,shifted,1,1,1,111,0.09566666666666666,0.8006666666666667,RPM,6000.0
placebo,560657,123,primary,canonical,0,0,0,000,1.0,1.0,Gear,6000.0
placebo,560657,123,primary,canonical,0,0,0,000,0.9975,1.0,RPM,6000.0
placebo,560657,123,primary,canonical,0,0,1,001,0.9998333333333335,1.0,Gear,6000.0
placebo,560657,123,primary,canonical,0,0,1,001,0.9983333333333334,1.0,RPM,6000.0
placebo,560657,123,primary,canonical,0,1,0,010,1.0,1.0,Gear,6000.0
placebo,560657,123,primary,canonical,0,1,0,010,0.9980000000000001,1.0,RPM,6000.0
placebo,560657,123,primary,canonical,0,1,1,011,1.0,1.0,Gear,6000.0
placebo,560657,123,primary,canonical,0,1,1,011,0.9983333333333334,1.0,RPM,6000.0
placebo,560657,123,primary,canonical,1,0,0,100,0.029833333333333333,0.3313333333333333,Gear,6000.0
placebo,560657,123,primary,canonical,1,0,0,100,0.072,0.3546666666666667,RPM,6000.0
placebo,560657,123,primary,canonical,1,0,1,101,0.030333333333333334,0.8818333333333332,Gear,6000.0
placebo,560657,123,primary,canonical,1,0,1,101,0.06083333333333333,0.8001666666666667,RPM,6000.0
placebo,560657,123,primary,canonical,1,1,0,110,0.032,0.2936666666666667,Gear,6000.0
placebo,560657,123,primary,canonical,1,1,0,110,0.08800000000000001,0.3153333333333333,RPM,6000.0
placebo,560657,123,primary,canonical,1,1,1,111,0.0295,0.8906666666666667,Gear,6000.0
placebo,560657,123,primary,canonical,1,1,1,111,0.054,0.8264999999999999,RPM,6000.0
placebo,560657,123,primary,shifted,0,0,0,000,1.0,1.0,Gear,6000.0
placebo,560657,123,primary,shifted,0,0,0,000,0.9945,1.0,RPM,6000.0
placebo,560657,123,primary,shifted,0,0,1,001,0.9998333333333335,1.0,Gear,6000.0
placebo,560657,123,primary,shifted,0,0,1,001,0.996,1.0,RPM,6000.0
placebo,560657,123,primary,shifted,0,1,0,010,1.0,1.0,Gear,6000.0
placebo,560657,123,primary,shifted,0,1,0,010,0.9965,1.0,RPM,6000.0
placebo,560657,123,primary,shifted,0,1,1,011,1.0,1.0,Gear,6000.0
placebo,560657,123,primary,shifted,0,1,1,011,0.9975,1.0,RPM,6000.0
placebo,560657,123,primary,shifted,1,0,0,100,0.030166666666666665,0.3328333333333333,Gear,6000.0
placebo,560657,123,primary,shifted,1,0,0,100,0.07533333333333334,0.3539999999999999,RPM,6000.0
placebo,560657,123,primary,shifted,1,0,1,101,0.0305,0.8823333333333333,Gear,6000.0
placebo,560657,123,primary,shifted,1,0,1,101,0.06766666666666667,0.798,RPM,6000.0
placebo,560657,123,primary,shifted,1,1,0,110,0.032,0.29516666666666663,Gear,6000.0
placebo,560657,123,primary,shifted,1,1,0,110,0.09516666666666666,0.319,RPM,6000.0
placebo,560657,123,primary,shifted,1,1,1,111,0.029666666666666664,0.891,Gear,6000.0
placebo,560657,123,primary,shifted,1,1,1,111,0.06166666666666667,0.8231666666666667,RPM,6000.0
placebo,560657,2026,primary,canonical,0,0,0,000,0.9998333333333335,1.0,Gear,6000.0
placebo,560657,2026,primary,canonical,0,0,0,000,0.9973333333333333,1.0,RPM,6000.0
placebo,560657,2026,primary,canonical,0,0,1,001,0.9996666666666667,1.0,Gear,6000.0
placebo,560657,2026,primary,canonical,0,0,1,001,0.9980000000000001,1.0,RPM,6000.0
placebo,560657,2026,primary,canonical,0,1,0,010,0.9998333333333335,1.0,Gear,6000.0
placebo,560657,2026,primary,canonical,0,1,0,010,0.9981666666666668,1.0,RPM,6000.0
placebo,560657,2026,primary,canonical,0,1,1,011,0.9998333333333335,1.0,Gear,6000.0
placebo,560657,2026,primary,canonical,0,1,1,011,0.9988333333333334,1.0,RPM,6000.0
placebo,560657,2026,primary,canonical,1,0,0,100,0.031,0.19233333333333333,Gear,6000.0
placebo,560657,2026,primary,canonical,1,0,0,100,0.225,0.2796666666666667,RPM,6000.0
placebo,560657,2026,primary,canonical,1,0,1,101,0.028333333333333332,0.6081666666666666,Gear,6000.0
placebo,560657,2026,primary,canonical,1,0,1,101,0.06266666666666666,0.49700000000000005,RPM,6000.0
placebo,560657,2026,primary,canonical,1,1,0,110,0.030666666666666665,0.14866666666666667,Gear,6000.0
placebo,560657,2026,primary,canonical,1,1,0,110,0.24216666666666667,0.2703333333333333,RPM,6000.0
placebo,560657,2026,primary,canonical,1,1,1,111,0.027666666666666662,0.5863333333333333,Gear,6000.0
placebo,560657,2026,primary,canonical,1,1,1,111,0.06283333333333334,0.4696666666666667,RPM,6000.0
placebo,560657,2026,primary,shifted,0,0,0,000,0.9998333333333335,1.0,Gear,6000.0
placebo,560657,2026,primary,shifted,0,0,0,000,0.9931666666666666,1.0,RPM,6000.0
placebo,560657,2026,primary,shifted,0,0,1,001,0.9996666666666667,1.0,Gear,6000.0
placebo,560657,2026,primary,shifted,0,0,1,001,0.9950000000000001,1.0,RPM,6000.0
placebo,560657,2026,primary,shifted,0,1,0,010,0.9998333333333335,1.0,Gear,6000.0
placebo,560657,2026,primary,shifted,0,1,0,010,0.9953333333333334,1.0,RPM,6000.0
placebo,560657,2026,primary,shifted,0,1,1,011,0.9998333333333335,1.0,Gear,6000.0
placebo,560657,2026,primary,shifted,0,1,1,011,0.997,1.0,RPM,6000.0
placebo,560657,2026,primary,shifted,1,0,0,100,0.031166666666666665,0.19416666666666668,Gear,6000.0
placebo,560657,2026,primary,shifted,1,0,0,100,0.2255,0.2811666666666667,RPM,6000.0
placebo,560657,2026,primary,shifted,1,0,1,101,0.028499999999999998,0.6103333333333333,Gear,6000.0
placebo,560657,2026,primary,shifted,1,0,1,101,0.06366666666666666,0.5006666666666667,RPM,6000.0
placebo,560657,2026,primary,shifted,1,1,0,110,0.030166666666666665,0.14883333333333335,Gear,6000.0
placebo,560657,2026,primary,shifted,1,1,0,110,0.24283333333333335,0.27116666666666667,RPM,6000.0
placebo,560657,2026,primary,shifted,1,1,1,111,0.027499999999999997,0.5891666666666667,Gear,6000.0
placebo,560657,2026,primary,shifted,1,1,1,111,0.06633333333333334,0.47350000000000003,RPM,6000.0
placebo,560657,3407,primary,canonical,0,0,0,000,0.9998333333333335,1.0,Gear,6000.0
placebo,560657,3407,primary,canonical,0,0,0,000,0.9971666666666668,1.0,RPM,6000.0
placebo,560657,3407,primary,canonical,0,0,1,001,0.9996666666666667,1.0,Gear,6000.0
placebo,560657,3407,primary,canonical,0,0,1,001,0.9976666666666666,1.0,RPM,6000.0
placebo,560657,3407,primary,canonical,0,1,0,010,0.9998333333333335,1.0,Gear,6000.0
placebo,560657,3407,primary,canonical,0,1,0,010,0.9988333333333334,1.0,RPM,6000.0
placebo,560657,3407,primary,canonical,0,1,1,011,0.9998333333333335,1.0,Gear,6000.0
placebo,560657,3407,primary,canonical,0,1,1,011,0.9984999999999999,1.0,RPM,6000.0
placebo,560657,3407,primary,canonical,1,0,0,100,0.028999999999999998,0.13983333333333334,Gear,6000.0
placebo,560657,3407,primary,canonical,1,0,0,100,0.309,0.3713333333333333,RPM,6000.0
placebo,560657,3407,primary,canonical,1,0,1,101,0.028833333333333332,0.4101666666666666,Gear,6000.0
placebo,560657,3407,primary,canonical,1,0,1,101,0.4025,0.8130000000000001,RPM,6000.0
placebo,560657,3407,primary,canonical,1,1,0,110,0.02783333333333333,0.103,Gear,6000.0
placebo,560657,3407,primary,canonical,1,1,0,110,0.3605,0.3938333333333333,RPM,6000.0
placebo,560657,3407,primary,canonical,1,1,1,111,0.029166666666666664,0.3661666666666667,Gear,6000.0
placebo,560657,3407,primary,canonical,1,1,1,111,0.3818333333333333,0.8018333333333333,RPM,6000.0
placebo,560657,3407,primary,shifted,0,0,0,000,0.9998333333333335,1.0,Gear,6000.0
placebo,560657,3407,primary,shifted,0,0,0,000,0.9938333333333333,1.0,RPM,6000.0
placebo,560657,3407,primary,shifted,0,0,1,001,0.9996666666666667,1.0,Gear,6000.0
placebo,560657,3407,primary,shifted,0,0,1,001,0.996,1.0,RPM,6000.0
placebo,560657,3407,primary,shifted,0,1,0,010,0.9998333333333335,1.0,Gear,6000.0
placebo,560657,3407,primary,shifted,0,1,0,010,0.9961666666666668,1.0,RPM,6000.0
placebo,560657,3407,primary,shifted,0,1,1,011,0.9998333333333335,1.0,Gear,6000.0
placebo,560657,3407,primary,shifted,0,1,1,011,0.9976666666666666,1.0,RPM,6000.0
placebo,560657,3407,primary,shifted,1,0,0,100,0.028999999999999998,0.142,Gear,6000.0
placebo,560657,3407,primary,shifted,1,0,0,100,0.31266666666666665,0.37399999999999994,RPM,6000.0
placebo,560657,3407,primary,shifted,1,0,1,101,0.028999999999999998,0.4101666666666666,Gear,6000.0
placebo,560657,3407,primary,shifted,1,0,1,101,0.4123333333333334,0.8166666666666668,RPM,6000.0
placebo,560657,3407,primary,shifted,1,1,0,110,0.027999999999999997,0.10383333333333333,Gear,6000.0
placebo,560657,3407,primary,shifted,1,1,0,110,0.36233333333333334,0.39333333333333337,RPM,6000.0
placebo,560657,3407,primary,shifted,1,1,1,111,0.028999999999999998,0.36766666666666664,Gear,6000.0
placebo,560657,3407,primary,shifted,1,1,1,111,0.39766666666666667,0.8035,RPM,6000.0
placebo,583909,7,primary,canonical,0,0,0,000,0.9998333333333335,1.0,Gear,6000.0
placebo,583909,7,primary,canonical,0,0,0,000,0.9983333333333334,1.0,RPM,6000.0
placebo,583909,7,primary,canonical,0,0,1,001,0.9998333333333335,1.0,Gear,6000.0
placebo,583909,7,primary,canonical,0,0,1,001,0.9983333333333334,1.0,RPM,6000.0
placebo,583909,7,primary,canonical,0,1,0,010,0.9998333333333335,1.0,Gear,6000.0
placebo,583909,7,primary,canonical,0,1,0,010,0.9984999999999999,1.0,RPM,6000.0
placebo,583909,7,primary,canonical,0,1,1,011,0.9998333333333335,1.0,Gear,6000.0
placebo,583909,7,primary,canonical,0,1,1,011,0.9986666666666667,1.0,RPM,6000.0
placebo,583909,7,primary,canonical,1,0,0,100,0.034666666666666665,0.19799999999999998,Gear,6000.0
placebo,583909,7,primary,canonical,1,0,0,100,0.34400000000000003,0.4031666666666667,RPM,6000.0
placebo,583909,7,primary,canonical,1,0,1,101,0.030166666666666665,0.6365,Gear,6000.0
placebo,583909,7,primary,canonical,1,0,1,101,0.33716666666666667,0.7454999999999999,RPM,6000.0
placebo,583909,7,primary,canonical,1,1,0,110,0.037333333333333336,0.15466666666666665,Gear,6000.0
placebo,583909,7,primary,canonical,1,1,0,110,0.39166666666666666,0.42733333333333334,RPM,6000.0
placebo,583909,7,primary,canonical,1,1,1,111,0.035333333333333335,0.6123333333333334,Gear,6000.0
placebo,583909,7,primary,canonical,1,1,1,111,0.3575,0.7356666666666666,RPM,6000.0
placebo,583909,7,primary,shifted,0,0,0,000,0.9998333333333335,1.0,Gear,6000.0
placebo,583909,7,primary,shifted,0,0,0,000,0.9946666666666667,1.0,RPM,6000.0
placebo,583909,7,primary,shifted,0,0,1,001,0.9998333333333335,1.0,Gear,6000.0
placebo,583909,7,primary,shifted,0,0,1,001,0.997,1.0,RPM,6000.0
placebo,583909,7,primary,shifted,0,1,0,010,0.9998333333333335,1.0,Gear,6000.0
placebo,583909,7,primary,shifted,0,1,0,010,0.9965,1.0,RPM,6000.0
placebo,583909,7,primary,shifted,0,1,1,011,0.9998333333333335,1.0,Gear,6000.0
placebo,583909,7,primary,shifted,0,1,1,011,0.9978333333333333,1.0,RPM,6000.0
placebo,583909,7,primary,shifted,1,0,0,100,0.034999999999999996,0.19933333333333333,Gear,6000.0
placebo,583909,7,primary,shifted,1,0,0,100,0.3468333333333333,0.4041666666666666,RPM,6000.0
placebo,583909,7,primary,shifted,1,0,1,101,0.030166666666666665,0.6376666666666666,Gear,6000.0
placebo,583909,7,primary,shifted,1,0,1,101,0.33949999999999997,0.7546666666666667,RPM,6000.0
placebo,583909,7,primary,shifted,1,1,0,110,0.0375,0.15516666666666667,Gear,6000.0
placebo,583909,7,primary,shifted,1,1,0,110,0.385,0.4226666666666667,RPM,6000.0
placebo,583909,7,primary,shifted,1,1,1,111,0.035,0.6133333333333333,Gear,6000.0
placebo,583909,7,primary,shifted,1,1,1,111,0.35799999999999993,0.742,RPM,6000.0
placebo,583909,42,primary,canonical,0,0,0,000,1.0,1.0,Gear,6000.0
placebo,583909,42,primary,canonical,0,0,0,000,0.9976666666666668,1.0,RPM,6000.0
placebo,583909,42,primary,canonical,0,0,1,001,1.0,1.0,Gear,6000.0
placebo,583909,42,primary,canonical,0,0,1,001,0.9986666666666667,1.0,RPM,6000.0
placebo,583909,42,primary,canonical,0,1,0,010,0.9998333333333335,1.0,Gear,6000.0
placebo,583909,42,primary,canonical,0,1,0,010,0.9980000000000001,1.0,RPM,6000.0
placebo,583909,42,primary,canonical,0,1,1,011,1.0,1.0,Gear,6000.0
placebo,583909,42,primary,canonical,0,1,1,011,0.9988333333333334,1.0,RPM,6000.0
placebo,583909,42,primary,canonical,1,0,0,100,0.04,0.38199999999999995,Gear,6000.0
placebo,583909,42,primary,canonical,1,0,0,100,0.422,0.5096666666666666,RPM,6000.0
placebo,583909,42,primary,canonical,1,0,1,101,0.037333333333333336,0.7883333333333334,Gear,6000.0
placebo,583909,42,primary,canonical,1,0,1,101,0.18366666666666664,0.7388333333333333,RPM,6000.0
placebo,583909,42,primary,canonical,1,1,0,110,0.044333333333333336,0.33266666666666667,Gear,6000.0
placebo,583909,42,primary,canonical,1,1,0,110,0.42883333333333334,0.48983333333333334,RPM,6000.0
placebo,583909,42,primary,canonical,1,1,1,111,0.03816666666666666,0.7923333333333334,Gear,6000.0
placebo,583909,42,primary,canonical,1,1,1,111,0.16366666666666665,0.7193333333333333,RPM,6000.0
placebo,583909,42,primary,shifted,0,0,0,000,1.0,1.0,Gear,6000.0
placebo,583909,42,primary,shifted,0,0,0,000,0.9940000000000001,1.0,RPM,6000.0
placebo,583909,42,primary,shifted,0,0,1,001,1.0,1.0,Gear,6000.0
placebo,583909,42,primary,shifted,0,0,1,001,0.9958333333333332,1.0,RPM,6000.0
placebo,583909,42,primary,shifted,0,1,0,010,0.9998333333333335,1.0,Gear,6000.0
placebo,583909,42,primary,shifted,0,1,0,010,0.996,1.0,RPM,6000.0
placebo,583909,42,primary,shifted,0,1,1,011,1.0,1.0,Gear,6000.0
placebo,583909,42,primary,shifted,0,1,1,011,0.9978333333333333,1.0,RPM,6000.0
placebo,583909,42,primary,shifted,1,0,0,100,0.03966666666666666,0.3818333333333333,Gear,6000.0
placebo,583909,42,primary,shifted,1,0,0,100,0.4043333333333334,0.4983333333333333,RPM,6000.0
placebo,583909,42,primary,shifted,1,0,1,101,0.036333333333333336,0.7881666666666667,Gear,6000.0
placebo,583909,42,primary,shifted,1,0,1,101,0.17933333333333334,0.7406666666666667,RPM,6000.0
placebo,583909,42,primary,shifted,1,1,0,110,0.044333333333333336,0.33233333333333337,Gear,6000.0
placebo,583909,42,primary,shifted,1,1,0,110,0.4136666666666667,0.47866666666666663,RPM,6000.0
placebo,583909,42,primary,shifted,1,1,1,111,0.03783333333333333,0.7919999999999999,Gear,6000.0
placebo,583909,42,primary,shifted,1,1,1,111,0.15583333333333335,0.7198333333333333,RPM,6000.0
placebo,583909,123,primary,canonical,0,0,0,000,1.0,1.0,Gear,6000.0
placebo,583909,123,primary,canonical,0,0,0,000,0.9978333333333333,1.0,RPM,6000.0
placebo,583909,123,primary,canonical,0,0,1,001,1.0,1.0,Gear,6000.0
placebo,583909,123,primary,canonical,0,0,1,001,0.999,1.0,RPM,6000.0
placebo,583909,123,primary,canonical,0,1,0,010,1.0,1.0,Gear,6000.0
placebo,583909,123,primary,canonical,0,1,0,010,0.9988333333333334,1.0,RPM,6000.0
placebo,583909,123,primary,canonical,0,1,1,011,1.0,1.0,Gear,6000.0
placebo,583909,123,primary,canonical,0,1,1,011,0.9994999999999999,1.0,RPM,6000.0
placebo,583909,123,primary,canonical,1,0,0,100,0.0315,0.32616666666666666,Gear,6000.0
placebo,583909,123,primary,canonical,1,0,0,100,0.09366666666666668,0.35733333333333334,RPM,6000.0
placebo,583909,123,primary,canonical,1,0,1,101,0.030666666666666665,0.7635,Gear,6000.0
placebo,583909,123,primary,canonical,1,0,1,101,0.052333333333333336,0.839,RPM,6000.0
placebo,583909,123,primary,canonical,1,1,0,110,0.034999999999999996,0.2865,Gear,6000.0
placebo,583909,123,primary,canonical,1,1,0,110,0.10683333333333334,0.319,RPM,6000.0
placebo,583909,123,primary,canonical,1,1,1,111,0.0305,0.7813333333333334,Gear,6000.0
placebo,583909,123,primary,canonical,1,1,1,111,0.04766666666666667,0.8690000000000001,RPM,6000.0
placebo,583909,123,primary,shifted,0,0,0,000,1.0,1.0,Gear,6000.0
placebo,583909,123,primary,shifted,0,0,0,000,0.9950000000000001,1.0,RPM,6000.0
placebo,583909,123,primary,shifted,0,0,1,001,1.0,1.0,Gear,6000.0
placebo,583909,123,primary,shifted,0,0,1,001,0.997,1.0,RPM,6000.0
placebo,583909,123,primary,shifted,0,1,0,010,1.0,1.0,Gear,6000.0
placebo,583909,123,primary,shifted,0,1,0,010,0.9966666666666667,1.0,RPM,6000.0
placebo,583909,123,primary,shifted,0,1,1,011,1.0,1.0,Gear,6000.0
placebo,583909,123,primary,shifted,0,1,1,011,0.9980000000000001,1.0,RPM,6000.0
placebo,583909,123,primary,shifted,1,0,0,100,0.03133333333333333,0.32683333333333336,Gear,6000.0
placebo,583909,123,primary,shifted,1,0,0,100,0.09949999999999999,0.36883333333333335,RPM,6000.0
placebo,583909,123,primary,shifted,1,0,1,101,0.030333333333333334,0.7641666666666667,Gear,6000.0
placebo,583909,123,primary,shifted,1,0,1,101,0.05366666666666667,0.8464999999999999,RPM,6000.0
placebo,583909,123,primary,shifted,1,1,0,110,0.03466666666666667,0.28683333333333333,Gear,6000.0
placebo,583909,123,primary,shifted,1,1,0,110,0.11316666666666668,0.3285,RPM,6000.0
placebo,583909,123,primary,shifted,1,1,1,111,0.0305,0.7828333333333334,Gear,6000.0
placebo,583909,123,primary,shifted,1,1,1,111,0.050833333333333335,0.8796666666666666,RPM,6000.0
placebo,583909,2026,primary,canonical,0,0,0,000,1.0,1.0,Gear,6000.0
placebo,583909,2026,primary,canonical,0,0,0,000,0.9976666666666666,1.0,RPM,6000.0
placebo,583909,2026,primary,canonical,0,0,1,001,1.0,1.0,Gear,6000.0
placebo,583909,2026,primary,canonical,0,0,1,001,0.9986666666666667,1.0,RPM,6000.0
placebo,583909,2026,primary,canonical,0,1,0,010,1.0,1.0,Gear,6000.0
placebo,583909,2026,primary,canonical,0,1,0,010,0.9986666666666667,1.0,RPM,6000.0
placebo,583909,2026,primary,canonical,0,1,1,011,1.0,1.0,Gear,6000.0
placebo,583909,2026,primary,canonical,0,1,1,011,0.9988333333333334,1.0,RPM,6000.0
placebo,583909,2026,primary,canonical,1,0,0,100,0.03716666666666667,0.29583333333333334,Gear,6000.0
placebo,583909,2026,primary,canonical,1,0,0,100,0.1485,0.3585,RPM,6000.0
placebo,583909,2026,primary,canonical,1,0,1,101,0.0325,0.7355,Gear,6000.0
placebo,583909,2026,primary,canonical,1,0,1,101,0.05616666666666667,0.8333333333333334,RPM,6000.0
placebo,583909,2026,primary,canonical,1,1,0,110,0.03966666666666666,0.2588333333333333,Gear,6000.0
placebo,583909,2026,primary,canonical,1,1,0,110,0.16833333333333333,0.3496666666666666,RPM,6000.0
placebo,583909,2026,primary,canonical,1,1,1,111,0.03233333333333333,0.741,Gear,6000.0
placebo,583909,2026,primary,canonical,1,1,1,111,0.06466666666666666,0.8376666666666667,RPM,6000.0
placebo,583909,2026,primary,shifted,0,0,0,000,1.0,1.0,Gear,6000.0
placebo,583909,2026,primary,shifted,0,0,0,000,0.9943333333333334,1.0,RPM,6000.0
placebo,583909,2026,primary,shifted,0,0,1,001,1.0,1.0,Gear,6000.0
placebo,583909,2026,primary,shifted,0,0,1,001,0.9971666666666668,1.0,RPM,6000.0
placebo,583909,2026,primary,shifted,0,1,0,010,1.0,1.0,Gear,6000.0
placebo,583909,2026,primary,shifted,0,1,0,010,0.9963333333333333,1.0,RPM,6000.0
placebo,583909,2026,primary,shifted,0,1,1,011,1.0,1.0,Gear,6000.0
placebo,583909,2026,primary,shifted,0,1,1,011,0.9978333333333333,1.0,RPM,6000.0
placebo,583909,2026,primary,shifted,1,0,0,100,0.036833333333333336,0.2975,Gear,6000.0
placebo,583909,2026,primary,shifted,1,0,0,100,0.15083333333333335,0.3565,RPM,6000.0
placebo,583909,2026,primary,shifted,1,0,1,101,0.03266666666666667,0.7360000000000001,Gear,6000.0
placebo,583909,2026,primary,shifted,1,0,1,101,0.058166666666666665,0.8353333333333334,RPM,6000.0
placebo,583909,2026,primary,shifted,1,1,0,110,0.03983333333333333,0.25933333333333336,Gear,6000.0
placebo,583909,2026,primary,shifted,1,1,0,110,0.17700000000000002,0.3496666666666666,RPM,6000.0
placebo,583909,2026,primary,shifted,1,1,1,111,0.03233333333333333,0.7426666666666667,Gear,6000.0
placebo,583909,2026,primary,shifted,1,1,1,111,0.0675,0.8456666666666667,RPM,6000.0
placebo,583909,3407,primary,canonical,0,0,0,000,0.9998333333333335,1.0,Gear,6000.0
placebo,583909,3407,primary,canonical,0,0,0,000,0.9976666666666668,1.0,RPM,6000.0
placebo,583909,3407,primary,canonical,0,0,1,001,0.9998333333333335,1.0,Gear,6000.0
placebo,583909,3407,primary,canonical,0,0,1,001,0.9983333333333334,1.0,RPM,6000.0
placebo,583909,3407,primary,canonical,0,1,0,010,0.9998333333333335,1.0,Gear,6000.0
placebo,583909,3407,primary,canonical,0,1,0,010,0.9986666666666667,1.0,RPM,6000.0
placebo,583909,3407,primary,canonical,0,1,1,011,0.9998333333333335,1.0,Gear,6000.0
placebo,583909,3407,primary,canonical,0,1,1,011,0.9984999999999999,1.0,RPM,6000.0
placebo,583909,3407,primary,canonical,1,0,0,100,0.031,0.143,Gear,6000.0
placebo,583909,3407,primary,canonical,1,0,0,100,0.08033333333333333,0.20099999999999998,RPM,6000.0
placebo,583909,3407,primary,canonical,1,0,1,101,0.03183333333333333,0.5731666666666667,Gear,6000.0
placebo,583909,3407,primary,canonical,1,0,1,101,0.08700000000000001,0.49033333333333334,RPM,6000.0
placebo,583909,3407,primary,canonical,1,1,0,110,0.03516666666666667,0.1135,Gear,6000.0
placebo,583909,3407,primary,canonical,1,1,0,110,0.09349999999999999,0.17983333333333332,RPM,6000.0
placebo,583909,3407,primary,canonical,1,1,1,111,0.03366666666666667,0.5501666666666667,Gear,6000.0
placebo,583909,3407,primary,canonical,1,1,1,111,0.10083333333333333,0.48466666666666663,RPM,6000.0
placebo,583909,3407,primary,shifted,0,0,0,000,0.9998333333333335,1.0,Gear,6000.0
placebo,583909,3407,primary,shifted,0,0,0,000,0.9941666666666666,1.0,RPM,6000.0
placebo,583909,3407,primary,shifted,0,0,1,001,0.9998333333333335,1.0,Gear,6000.0
placebo,583909,3407,primary,shifted,0,0,1,001,0.9968333333333333,1.0,RPM,6000.0
placebo,583909,3407,primary,shifted,0,1,0,010,0.9998333333333335,1.0,Gear,6000.0
placebo,583909,3407,primary,shifted,0,1,0,010,0.9971666666666668,1.0,RPM,6000.0
placebo,583909,3407,primary,shifted,0,1,1,011,0.9998333333333335,1.0,Gear,6000.0
placebo,583909,3407,primary,shifted,0,1,1,011,0.9981666666666668,1.0,RPM,6000.0
placebo,583909,3407,primary,shifted,1,0,0,100,0.030833333333333334,0.1435,Gear,6000.0
placebo,583909,3407,primary,shifted,1,0,0,100,0.08316666666666667,0.2015,RPM,6000.0
placebo,583909,3407,primary,shifted,1,0,1,101,0.03183333333333333,0.5746666666666667,Gear,6000.0
placebo,583909,3407,primary,shifted,1,0,1,101,0.09366666666666668,0.5076666666666666,RPM,6000.0
placebo,583909,3407,primary,shifted,1,1,0,110,0.035500000000000004,0.1145,Gear,6000.0
placebo,583909,3407,primary,shifted,1,1,0,110,0.09500000000000001,0.17816666666666667,RPM,6000.0
placebo,583909,3407,primary,shifted,1,1,1,111,0.034,0.5518333333333333,Gear,6000.0
placebo,583909,3407,primary,shifted,1,1,1,111,0.10366666666666667,0.49533333333333335,RPM,6000.0
placebo,685012,7,primary,canonical,0,0,0,000,1.0,1.0,Gear,6000.0
placebo,685012,7,primary,canonical,0,0,0,000,0.9981666666666668,1.0,RPM,6000.0
placebo,685012,7,primary,canonical,0,0,1,001,1.0,1.0,Gear,6000.0
placebo,685012,7,primary,canonical,0,0,1,001,0.9978333333333333,1.0,RPM,6000.0
placebo,685012,7,primary,canonical,0,1,0,010,1.0,1.0,Gear,6000.0
placebo,685012,7,primary,canonical,0,1,0,010,0.9981666666666668,1.0,RPM,6000.0
placebo,685012,7,primary,canonical,0,1,1,011,1.0,1.0,Gear,6000.0
placebo,685012,7,primary,canonical,0,1,1,011,0.999,1.0,RPM,6000.0
placebo,685012,7,primary,canonical,1,0,0,100,0.03133333333333333,0.26133333333333336,Gear,6000.0
placebo,685012,7,primary,canonical,1,0,0,100,0.08766666666666667,0.24716666666666667,RPM,6000.0
placebo,685012,7,primary,canonical,1,0,1,101,0.028833333333333332,0.759,Gear,6000.0
placebo,685012,7,primary,canonical,1,0,1,101,0.06866666666666667,0.6226666666666666,RPM,6000.0
placebo,685012,7,primary,canonical,1,1,0,110,0.032,0.21683333333333332,Gear,6000.0
placebo,685012,7,primary,canonical,1,1,0,110,0.11466666666666665,0.2255,RPM,6000.0
placebo,685012,7,primary,canonical,1,1,1,111,0.027833333333333335,0.7605000000000001,Gear,6000.0
placebo,685012,7,primary,canonical,1,1,1,111,0.08600000000000001,0.625,RPM,6000.0
placebo,685012,7,primary,shifted,0,0,0,000,1.0,1.0,Gear,6000.0
placebo,685012,7,primary,shifted,0,0,0,000,0.9943333333333334,1.0,RPM,6000.0
placebo,685012,7,primary,shifted,0,0,1,001,1.0,1.0,Gear,6000.0
placebo,685012,7,primary,shifted,0,0,1,001,0.9961666666666668,1.0,RPM,6000.0
placebo,685012,7,primary,shifted,0,1,0,010,1.0,1.0,Gear,6000.0
placebo,685012,7,primary,shifted,0,1,0,010,0.997,1.0,RPM,6000.0
placebo,685012,7,primary,shifted,0,1,1,011,1.0,1.0,Gear,6000.0
placebo,685012,7,primary,shifted,0,1,1,011,0.9975,1.0,RPM,6000.0
placebo,685012,7,primary,shifted,1,0,0,100,0.0315,0.2628333333333333,Gear,6000.0
placebo,685012,7,primary,shifted,1,0,0,100,0.09433333333333334,0.2591666666666667,RPM,6000.0
placebo,685012,7,primary,shifted,1,0,1,101,0.028666666666666663,0.7599999999999999,Gear,6000.0
placebo,685012,7,primary,shifted,1,0,1,101,0.0705,0.629,RPM,6000.0
placebo,685012,7,primary,shifted,1,1,0,110,0.03216666666666667,0.21716666666666665,Gear,6000.0
placebo,685012,7,primary,shifted,1,1,0,110,0.11916666666666666,0.23483333333333334,RPM,6000.0
placebo,685012,7,primary,shifted,1,1,1,111,0.028,0.7611666666666667,Gear,6000.0
placebo,685012,7,primary,shifted,1,1,1,111,0.08783333333333333,0.6363333333333333,RPM,6000.0
placebo,685012,42,primary,canonical,0,0,0,000,1.0,1.0,Gear,6000.0
placebo,685012,42,primary,canonical,0,0,0,000,0.9973333333333333,1.0,RPM,6000.0
placebo,685012,42,primary,canonical,0,0,1,001,1.0,1.0,Gear,6000.0
placebo,685012,42,primary,canonical,0,0,1,001,0.9981666666666668,1.0,RPM,6000.0
placebo,685012,42,primary,canonical,0,1,0,010,0.9998333333333335,1.0,Gear,6000.0
placebo,685012,42,primary,canonical,0,1,0,010,0.9983333333333334,1.0,RPM,6000.0
placebo,685012,42,primary,canonical,0,1,1,011,1.0,1.0,Gear,6000.0
placebo,685012,42,primary,canonical,0,1,1,011,0.9988333333333334,1.0,RPM,6000.0
placebo,685012,42,primary,canonical,1,0,0,100,0.031,0.24833333333333332,Gear,6000.0
placebo,685012,42,primary,canonical,1,0,0,100,0.051833333333333335,0.22916666666666666,RPM,6000.0
placebo,685012,42,primary,canonical,1,0,1,101,0.027166666666666662,0.6405,Gear,6000.0
placebo,685012,42,primary,canonical,1,0,1,101,0.03783333333333334,0.668,RPM,6000.0
placebo,685012,42,primary,canonical,1,1,0,110,0.028999999999999998,0.19583333333333333,Gear,6000.0
placebo,685012,42,primary,canonical,1,1,0,110,0.06533333333333334,0.20350000000000001,RPM,6000.0
placebo,685012,42,primary,canonical,1,1,1,111,0.0265,0.6356666666666667,Gear,6000.0
placebo,685012,42,primary,canonical,1,1,1,111,0.03816666666666667,0.668,RPM,6000.0
placebo,685012,42,primary,shifted,0,0,0,000,1.0,1.0,Gear,6000.0
placebo,685012,42,primary,shifted,0,0,0,000,0.9933333333333333,1.0,RPM,6000.0
placebo,685012,42,primary,shifted,0,0,1,001,1.0,1.0,Gear,6000.0
placebo,685012,42,primary,shifted,0,0,1,001,0.9955000000000002,1.0,RPM,6000.0
placebo,685012,42,primary,shifted,0,1,0,010,0.9998333333333335,1.0,Gear,6000.0
placebo,685012,42,primary,shifted,0,1,0,010,0.9965,1.0,RPM,6000.0
placebo,685012,42,primary,shifted,0,1,1,011,1.0,1.0,Gear,6000.0
placebo,685012,42,primary,shifted,0,1,1,011,0.9973333333333333,1.0,RPM,6000.0
placebo,685012,42,primary,shifted,1,0,0,100,0.031166666666666665,0.24966666666666668,Gear,6000.0
placebo,685012,42,primary,shifted,1,0,0,100,0.05516666666666667,0.2333333333333333,RPM,6000.0
placebo,685012,42,primary,shifted,1,0,1,101,0.027166666666666662,0.6431666666666667,Gear,6000.0
placebo,685012,42,primary,shifted,1,0,1,101,0.03716666666666667,0.6686666666666667,RPM,6000.0
placebo,685012,42,primary,shifted,1,1,0,110,0.028999999999999998,0.1975,Gear,6000.0
placebo,685012,42,primary,shifted,1,1,0,110,0.068,0.20550000000000002,RPM,6000.0
placebo,685012,42,primary,shifted,1,1,1,111,0.0265,0.6383333333333333,Gear,6000.0
placebo,685012,42,primary,shifted,1,1,1,111,0.038,0.67,RPM,6000.0
placebo,685012,123,primary,canonical,0,0,0,000,1.0,1.0,Gear,6000.0
placebo,685012,123,primary,canonical,0,0,0,000,0.9975,1.0,RPM,6000.0
placebo,685012,123,primary,canonical,0,0,1,001,1.0,1.0,Gear,6000.0
placebo,685012,123,primary,canonical,0,0,1,001,0.9991666666666666,1.0,RPM,6000.0
placebo,685012,123,primary,canonical,0,1,0,010,0.9998333333333335,1.0,Gear,6000.0
placebo,685012,123,primary,canonical,0,1,0,010,0.9981666666666666,1.0,RPM,6000.0
placebo,685012,123,primary,canonical,0,1,1,011,0.9998333333333335,1.0,Gear,6000.0
placebo,685012,123,primary,canonical,0,1,1,011,0.9993333333333334,1.0,RPM,6000.0
placebo,685012,123,primary,canonical,1,0,0,100,0.028666666666666663,0.18116666666666667,Gear,6000.0
placebo,685012,123,primary,canonical,1,0,0,100,0.2588333333333333,0.4765,RPM,6000.0
placebo,685012,123,primary,canonical,1,0,1,101,0.027333333333333334,0.645,Gear,6000.0
placebo,685012,123,primary,canonical,1,0,1,101,0.04583333333333334,0.7736666666666667,RPM,6000.0
placebo,685012,123,primary,canonical,1,1,0,110,0.030833333333333334,0.13616666666666666,Gear,6000.0
placebo,685012,123,primary,canonical,1,1,0,110,0.2648333333333333,0.42683333333333334,RPM,6000.0
placebo,685012,123,primary,canonical,1,1,1,111,0.0305,0.6358333333333334,Gear,6000.0
placebo,685012,123,primary,canonical,1,1,1,111,0.045000000000000005,0.7576666666666666,RPM,6000.0
placebo,685012,123,primary,shifted,0,0,0,000,1.0,1.0,Gear,6000.0
placebo,685012,123,primary,shifted,0,0,0,000,0.9935,1.0,RPM,6000.0
placebo,685012,123,primary,shifted,0,0,1,001,1.0,1.0,Gear,6000.0
placebo,685012,123,primary,shifted,0,0,1,001,0.9971666666666668,1.0,RPM,6000.0
placebo,685012,123,primary,shifted,0,1,0,010,0.9998333333333335,1.0,Gear,6000.0
placebo,685012,123,primary,shifted,0,1,0,010,0.9966666666666667,1.0,RPM,6000.0
placebo,685012,123,primary,shifted,0,1,1,011,0.9998333333333335,1.0,Gear,6000.0
placebo,685012,123,primary,shifted,0,1,1,011,0.9981666666666668,1.0,RPM,6000.0
placebo,685012,123,primary,shifted,1,0,0,100,0.028499999999999998,0.1815,Gear,6000.0
placebo,685012,123,primary,shifted,1,0,0,100,0.24766666666666667,0.466,RPM,6000.0
placebo,685012,123,primary,shifted,1,0,1,101,0.027333333333333334,0.6458333333333334,Gear,6000.0
placebo,685012,123,primary,shifted,1,0,1,101,0.044500000000000005,0.7766666666666667,RPM,6000.0
placebo,685012,123,primary,shifted,1,1,0,110,0.030833333333333334,0.1376666666666667,Gear,6000.0
placebo,685012,123,primary,shifted,1,1,0,110,0.2565,0.41916666666666663,RPM,6000.0
placebo,685012,123,primary,shifted,1,1,1,111,0.030666666666666665,0.6361666666666667,Gear,6000.0
placebo,685012,123,primary,shifted,1,1,1,111,0.04633333333333334,0.7645,RPM,6000.0
placebo,685012,2026,primary,canonical,0,0,0,000,1.0,1.0,Gear,6000.0
placebo,685012,2026,primary,canonical,0,0,0,000,0.9975,1.0,RPM,6000.0
placebo,685012,2026,primary,canonical,0,0,1,001,1.0,1.0,Gear,6000.0
placebo,685012,2026,primary,canonical,0,0,1,001,0.9983333333333334,1.0,RPM,6000.0
placebo,685012,2026,primary,canonical,0,1,0,010,1.0,1.0,Gear,6000.0
placebo,685012,2026,primary,canonical,0,1,0,010,0.9980000000000001,1.0,RPM,6000.0
placebo,685012,2026,primary,canonical,0,1,1,011,1.0,1.0,Gear,6000.0
placebo,685012,2026,primary,canonical,0,1,1,011,0.999,1.0,RPM,6000.0
placebo,685012,2026,primary,canonical,1,0,0,100,0.13733333333333334,0.36366666666666664,Gear,6000.0
placebo,685012,2026,primary,canonical,1,0,0,100,0.09550000000000002,0.2645,RPM,6000.0
placebo,685012,2026,primary,canonical,1,0,1,101,0.04466666666666667,0.7596666666666666,Gear,6000.0
placebo,685012,2026,primary,canonical,1,0,1,101,0.06949999999999999,0.7461666666666668,RPM,6000.0
placebo,685012,2026,primary,canonical,1,1,0,110,0.1565,0.333,Gear,6000.0
placebo,685012,2026,primary,canonical,1,1,0,110,0.12183333333333334,0.24450000000000002,RPM,6000.0
placebo,685012,2026,primary,canonical,1,1,1,111,0.04883333333333333,0.759,Gear,6000.0
placebo,685012,2026,primary,canonical,1,1,1,111,0.07116666666666667,0.762,RPM,6000.0
placebo,685012,2026,primary,shifted,0,0,0,000,1.0,1.0,Gear,6000.0
placebo,685012,2026,primary,shifted,0,0,0,000,0.9928333333333333,1.0,RPM,6000.0
placebo,685012,2026,primary,shifted,0,0,1,001,1.0,1.0,Gear,6000.0
placebo,685012,2026,primary,shifted,0,0,1,001,0.9965,1.0,RPM,6000.0
placebo,685012,2026,primary,shifted,0,1,0,010,1.0,1.0,Gear,6000.0
placebo,685012,2026,primary,shifted,0,1,0,010,0.9961666666666668,1.0,RPM,6000.0
placebo,685012,2026,primary,shifted,0,1,1,011,1.0,1.0,Gear,6000.0
placebo,685012,2026,primary,shifted,0,1,1,011,0.9981666666666666,1.0,RPM,6000.0
placebo,685012,2026,primary,shifted,1,0,0,100,0.1366666666666667,0.3641666666666667,Gear,6000.0
placebo,685012,2026,primary,shifted,1,0,0,100,0.10116666666666667,0.2698333333333333,RPM,6000.0
placebo,685012,2026,primary,shifted,1,0,1,101,0.043833333333333335,0.7596666666666666,Gear,6000.0
placebo,685012,2026,primary,shifted,1,0,1,101,0.07316666666666667,0.7586666666666666,RPM,6000.0
placebo,685012,2026,primary,shifted,1,1,0,110,0.156,0.33349999999999996,Gear,6000.0
placebo,685012,2026,primary,shifted,1,1,0,110,0.12716666666666668,0.25033333333333335,RPM,6000.0
placebo,685012,2026,primary,shifted,1,1,1,111,0.04816666666666666,0.7601666666666667,Gear,6000.0
placebo,685012,2026,primary,shifted,1,1,1,111,0.07516666666666666,0.7738333333333333,RPM,6000.0
placebo,685012,3407,primary,canonical,0,0,0,000,0.9998333333333335,1.0,Gear,6000.0
placebo,685012,3407,primary,canonical,0,0,0,000,0.9976666666666668,1.0,RPM,6000.0
placebo,685012,3407,primary,canonical,0,0,1,001,0.9996666666666667,1.0,Gear,6000.0
placebo,685012,3407,primary,canonical,0,0,1,001,0.9980000000000001,1.0,RPM,6000.0
placebo,685012,3407,primary,canonical,0,1,0,010,0.9996666666666667,1.0,Gear,6000.0
placebo,685012,3407,primary,canonical,0,1,0,010,0.9986666666666667,1.0,RPM,6000.0
placebo,685012,3407,primary,canonical,0,1,1,011,0.9996666666666667,1.0,Gear,6000.0
placebo,685012,3407,primary,canonical,0,1,1,011,0.9986666666666667,1.0,RPM,6000.0
placebo,685012,3407,primary,canonical,1,0,0,100,0.032,0.18899999999999997,Gear,6000.0
placebo,685012,3407,primary,canonical,1,0,0,100,0.05483333333333334,0.262,RPM,6000.0
placebo,685012,3407,primary,canonical,1,0,1,101,0.028999999999999998,0.7578333333333332,Gear,6000.0
placebo,685012,3407,primary,canonical,1,0,1,101,0.09749999999999999,0.806,RPM,6000.0
placebo,685012,3407,primary,canonical,1,1,0,110,0.034833333333333334,0.14666666666666664,Gear,6000.0
placebo,685012,3407,primary,canonical,1,1,0,110,0.06816666666666667,0.21866666666666668,RPM,6000.0
placebo,685012,3407,primary,canonical,1,1,1,111,0.030333333333333334,0.7395,Gear,6000.0
placebo,685012,3407,primary,canonical,1,1,1,111,0.10049999999999999,0.8143333333333334,RPM,6000.0
placebo,685012,3407,primary,shifted,0,0,0,000,0.9998333333333335,1.0,Gear,6000.0
placebo,685012,3407,primary,shifted,0,0,0,000,0.9938333333333333,1.0,RPM,6000.0
placebo,685012,3407,primary,shifted,0,0,1,001,0.9996666666666667,1.0,Gear,6000.0
placebo,685012,3407,primary,shifted,0,0,1,001,0.9965,1.0,RPM,6000.0
placebo,685012,3407,primary,shifted,0,1,0,010,0.9996666666666667,1.0,Gear,6000.0
placebo,685012,3407,primary,shifted,0,1,0,010,0.997,1.0,RPM,6000.0
placebo,685012,3407,primary,shifted,0,1,1,011,0.9996666666666667,1.0,Gear,6000.0
placebo,685012,3407,primary,shifted,0,1,1,011,0.9976666666666668,1.0,RPM,6000.0
placebo,685012,3407,primary,shifted,1,0,0,100,0.03183333333333333,0.18883333333333333,Gear,6000.0
placebo,685012,3407,primary,shifted,1,0,0,100,0.058166666666666665,0.2571666666666667,RPM,6000.0
placebo,685012,3407,primary,shifted,1,0,1,101,0.028999999999999998,0.7581666666666665,Gear,6000.0
placebo,685012,3407,primary,shifted,1,0,1,101,0.1035,0.7953333333333333,RPM,6000.0
placebo,685012,3407,primary,shifted,1,1,0,110,0.034666666666666665,0.14683333333333334,Gear,6000.0
placebo,685012,3407,primary,shifted,1,1,0,110,0.07116666666666666,0.21616666666666665,RPM,6000.0
placebo,685012,3407,primary,shifted,1,1,1,111,0.03,0.7391666666666667,Gear,6000.0
placebo,685012,3407,primary,shifted,1,1,1,111,0.1085,0.8001666666666667,RPM,6000.0
placebo,715822,7,primary,canonical,0,0,0,000,0.9998333333333335,1.0,Gear,6000.0
placebo,715822,7,primary,canonical,0,0,0,000,0.9976666666666666,1.0,RPM,6000.0
placebo,715822,7,primary,canonical,0,0,1,001,0.9998333333333335,1.0,Gear,6000.0
placebo,715822,7,primary,canonical,0,0,1,001,0.9984999999999999,1.0,RPM,6000.0
placebo,715822,7,primary,canonical,0,1,0,010,0.9998333333333335,1.0,Gear,6000.0
placebo,715822,7,primary,canonical,0,1,0,010,0.9983333333333334,1.0,RPM,6000.0
placebo,715822,7,primary,canonical,0,1,1,011,0.9998333333333335,1.0,Gear,6000.0
placebo,715822,7,primary,canonical,0,1,1,011,0.9988333333333334,1.0,RPM,6000.0
placebo,715822,7,primary,canonical,1,0,0,100,0.07833333333333332,0.26266666666666666,Gear,6000.0
placebo,715822,7,primary,canonical,1,0,0,100,0.04533333333333334,0.15516666666666667,RPM,6000.0
placebo,715822,7,primary,canonical,1,0,1,101,0.059,0.7294999999999999,Gear,6000.0
placebo,715822,7,primary,canonical,1,0,1,101,0.0355,0.4466666666666667,RPM,6000.0
placebo,715822,7,primary,canonical,1,1,0,110,0.09033333333333333,0.222,Gear,6000.0
placebo,715822,7,primary,canonical,1,1,0,110,0.050666666666666665,0.12283333333333334,RPM,6000.0
placebo,715822,7,primary,canonical,1,1,1,111,0.06883333333333334,0.7363333333333334,Gear,6000.0
placebo,715822,7,primary,canonical,1,1,1,111,0.036333333333333336,0.42966666666666664,RPM,6000.0
placebo,715822,7,primary,shifted,0,0,0,000,0.9998333333333335,1.0,Gear,6000.0
placebo,715822,7,primary,shifted,0,0,0,000,0.9933333333333333,1.0,RPM,6000.0
placebo,715822,7,primary,shifted,0,0,1,001,0.9998333333333335,1.0,Gear,6000.0
placebo,715822,7,primary,shifted,0,0,1,001,0.9968333333333333,1.0,RPM,6000.0
placebo,715822,7,primary,shifted,0,1,0,010,0.9998333333333335,1.0,Gear,6000.0
placebo,715822,7,primary,shifted,0,1,0,010,0.9965,1.0,RPM,6000.0
placebo,715822,7,primary,shifted,0,1,1,011,0.9998333333333335,1.0,Gear,6000.0
placebo,715822,7,primary,shifted,0,1,1,011,0.9980000000000001,1.0,RPM,6000.0
placebo,715822,7,primary,shifted,1,0,0,100,0.07883333333333332,0.26383333333333336,Gear,6000.0
placebo,715822,7,primary,shifted,1,0,0,100,0.047499999999999994,0.15866666666666665,RPM,6000.0
placebo,715822,7,primary,shifted,1,0,1,101,0.05833333333333333,0.7303333333333333,Gear,6000.0
placebo,715822,7,primary,shifted,1,0,1,101,0.03783333333333333,0.45050000000000007,RPM,6000.0
placebo,715822,7,primary,shifted,1,1,0,110,0.08900000000000001,0.22133333333333335,Gear,6000.0
placebo,715822,7,primary,shifted,1,1,0,110,0.051,0.126,RPM,6000.0
placebo,715822,7,primary,shifted,1,1,1,111,0.0685,0.7374999999999999,Gear,6000.0
placebo,715822,7,primary,shifted,1,1,1,111,0.03816666666666666,0.43516666666666665,RPM,6000.0
placebo,715822,42,primary,canonical,0,0,0,000,1.0,1.0,Gear,6000.0
placebo,715822,42,primary,canonical,0,0,0,000,0.9971666666666668,1.0,RPM,6000.0
placebo,715822,42,primary,canonical,0,0,1,001,1.0,1.0,Gear,6000.0
placebo,715822,42,primary,canonical,0,0,1,001,0.9984999999999999,1.0,RPM,6000.0
placebo,715822,42,primary,canonical,0,1,0,010,1.0,1.0,Gear,6000.0
placebo,715822,42,primary,canonical,0,1,0,010,0.9983333333333334,1.0,RPM,6000.0
placebo,715822,42,primary,canonical,0,1,1,011,1.0,1.0,Gear,6000.0
placebo,715822,42,primary,canonical,0,1,1,011,0.9986666666666667,1.0,RPM,6000.0
placebo,715822,42,primary,canonical,1,0,0,100,0.031,0.19166666666666665,Gear,6000.0
placebo,715822,42,primary,canonical,1,0,0,100,0.05516666666666667,0.22833333333333336,RPM,6000.0
placebo,715822,42,primary,canonical,1,0,1,101,0.03866666666666666,0.66,Gear,6000.0
placebo,715822,42,primary,canonical,1,0,1,101,0.034333333333333334,0.5866666666666667,RPM,6000.0
placebo,715822,42,primary,canonical,1,1,0,110,0.0335,0.1455,Gear,6000.0
placebo,715822,42,primary,canonical,1,1,0,110,0.06116666666666667,0.18800000000000003,RPM,6000.0
placebo,715822,42,primary,canonical,1,1,1,111,0.04683333333333334,0.6511666666666667,Gear,6000.0
placebo,715822,42,primary,canonical,1,1,1,111,0.03216666666666667,0.5868333333333333,RPM,6000.0
placebo,715822,42,primary,shifted,0,0,0,000,1.0,1.0,Gear,6000.0
placebo,715822,42,primary,shifted,0,0,0,000,0.9926666666666667,1.0,RPM,6000.0
placebo,715822,42,primary,shifted,0,0,1,001,1.0,1.0,Gear,6000.0
placebo,715822,42,primary,shifted,0,0,1,001,0.9966666666666667,1.0,RPM,6000.0
placebo,715822,42,primary,shifted,0,1,0,010,1.0,1.0,Gear,6000.0
placebo,715822,42,primary,shifted,0,1,0,010,0.996,1.0,RPM,6000.0
placebo,715822,42,primary,shifted,0,1,1,011,1.0,1.0,Gear,6000.0
placebo,715822,42,primary,shifted,0,1,1,011,0.9976666666666668,1.0,RPM,6000.0
placebo,715822,42,primary,shifted,1,0,0,100,0.031166666666666665,0.19266666666666668,Gear,6000.0
placebo,715822,42,primary,shifted,1,0,0,100,0.056833333333333326,0.233,RPM,6000.0
placebo,715822,42,primary,shifted,1,0,1,101,0.039,0.6606666666666666,Gear,6000.0
placebo,715822,42,primary,shifted,1,0,1,101,0.034999999999999996,0.6076666666666667,RPM,6000.0
placebo,715822,42,primary,shifted,1,1,0,110,0.03316666666666667,0.14533333333333334,Gear,6000.0
placebo,715822,42,primary,shifted,1,1,0,110,0.06483333333333334,0.19216666666666668,RPM,6000.0
placebo,715822,42,primary,shifted,1,1,1,111,0.04683333333333334,0.6516666666666667,Gear,6000.0
placebo,715822,42,primary,shifted,1,1,1,111,0.03316666666666667,0.6108333333333333,RPM,6000.0
placebo,715822,123,primary,canonical,0,0,0,000,1.0,1.0,Gear,6000.0
placebo,715822,123,primary,canonical,0,0,0,000,0.997,1.0,RPM,6000.0
placebo,715822,123,primary,canonical,0,0,1,001,0.9998333333333335,1.0,Gear,6000.0
placebo,715822,123,primary,canonical,0,0,1,001,0.9983333333333334,1.0,RPM,6000.0
placebo,715822,123,primary,canonical,0,1,0,010,1.0,1.0,Gear,6000.0
placebo,715822,123,primary,canonical,0,1,0,010,0.9986666666666667,1.0,RPM,6000.0
placebo,715822,123,primary,canonical,0,1,1,011,1.0,1.0,Gear,6000.0
placebo,715822,123,primary,canonical,0,1,1,011,0.9983333333333334,1.0,RPM,6000.0
placebo,715822,123,primary,canonical,1,0,0,100,0.03166666666666667,0.25616666666666665,Gear,6000.0
placebo,715822,123,primary,canonical,1,0,0,100,0.13,0.341,RPM,6000.0
placebo,715822,123,primary,canonical,1,0,1,101,0.029833333333333333,0.6613333333333333,Gear,6000.0
placebo,715822,123,primary,canonical,1,0,1,101,0.08916666666666667,0.777,RPM,6000.0
placebo,715822,123,primary,canonical,1,1,0,110,0.03,0.20950000000000002,Gear,6000.0
placebo,715822,123,primary,canonical,1,1,0,110,0.16666666666666666,0.333,RPM,6000.0
placebo,715822,123,primary,canonical,1,1,1,111,0.0295,0.6528333333333333,Gear,6000.0
placebo,715822,123,primary,canonical,1,1,1,111,0.09566666666666668,0.7766666666666667,RPM,6000.0
placebo,715822,123,primary,shifted,0,0,0,000,1.0,1.0,Gear,6000.0
placebo,715822,123,primary,shifted,0,0,0,000,0.9928333333333333,1.0,RPM,6000.0
placebo,715822,123,primary,shifted,0,0,1,001,0.9998333333333335,1.0,Gear,6000.0
placebo,715822,123,primary,shifted,0,0,1,001,0.9963333333333333,1.0,RPM,6000.0
placebo,715822,123,primary,shifted,0,1,0,010,1.0,1.0,Gear,6000.0
placebo,715822,123,primary,shifted,0,1,0,010,0.9958333333333335,1.0,RPM,6000.0
placebo,715822,123,primary,shifted,0,1,1,011,1.0,1.0,Gear,6000.0
placebo,715822,123,primary,shifted,0,1,1,011,0.9973333333333333,1.0,RPM,6000.0
placebo,715822,123,primary,shifted,1,0,0,100,0.03183333333333333,0.25783333333333336,Gear,6000.0
placebo,715822,123,primary,shifted,1,0,0,100,0.1315,0.33816666666666667,RPM,6000.0
placebo,715822,123,primary,shifted,1,0,1,101,0.029833333333333333,0.6613333333333333,Gear,6000.0
placebo,715822,123,primary,shifted,1,0,1,101,0.09233333333333334,0.7831666666666667,RPM,6000.0
placebo,715822,123,primary,shifted,1,1,0,110,0.03,0.21,Gear,6000.0
placebo,715822,123,primary,shifted,1,1,0,110,0.17166666666666666,0.3333333333333333,RPM,6000.0
placebo,715822,123,primary,shifted,1,1,1,111,0.029333333333333333,0.6551666666666667,Gear,6000.0
placebo,715822,123,primary,shifted,1,1,1,111,0.10016666666666667,0.7825000000000001,RPM,6000.0
placebo,715822,2026,primary,canonical,0,0,0,000,1.0,1.0,Gear,6000.0
placebo,715822,2026,primary,canonical,0,0,0,000,0.9984999999999999,1.0,RPM,6000.0
placebo,715822,2026,primary,canonical,0,0,1,001,0.9998333333333335,1.0,Gear,6000.0
placebo,715822,2026,primary,canonical,0,0,1,001,0.9986666666666667,1.0,RPM,6000.0
placebo,715822,2026,primary,canonical,0,1,0,010,1.0,1.0,Gear,6000.0
placebo,715822,2026,primary,canonical,0,1,0,010,0.9983333333333334,1.0,RPM,6000.0
placebo,715822,2026,primary,canonical,0,1,1,011,0.9998333333333335,1.0,Gear,6000.0
placebo,715822,2026,primary,canonical,0,1,1,011,0.9988333333333334,1.0,RPM,6000.0
placebo,715822,2026,primary,canonical,1,0,0,100,0.041166666666666664,0.28983333333333333,Gear,6000.0
placebo,715822,2026,primary,canonical,1,0,0,100,0.154,0.32283333333333336,RPM,6000.0
placebo,715822,2026,primary,canonical,1,0,1,101,0.03316666666666667,0.7275,Gear,6000.0
placebo,715822,2026,primary,canonical,1,0,1,101,0.07283333333333332,0.7320000000000001,RPM,6000.0
placebo,715822,2026,primary,canonical,1,1,0,110,0.044500000000000005,0.25466666666666665,Gear,6000.0
placebo,715822,2026,primary,canonical,1,1,0,110,0.15933333333333335,0.288,RPM,6000.0
placebo,715822,2026,primary,canonical,1,1,1,111,0.0385,0.7373333333333334,Gear,6000.0
placebo,715822,2026,primary,canonical,1,1,1,111,0.0645,0.7576666666666667,RPM,6000.0
placebo,715822,2026,primary,shifted,0,0,0,000,1.0,1.0,Gear,6000.0
placebo,715822,2026,primary,shifted,0,0,0,000,0.9943333333333334,1.0,RPM,6000.0
placebo,715822,2026,primary,shifted,0,0,1,001,0.9998333333333335,1.0,Gear,6000.0
placebo,715822,2026,primary,shifted,0,0,1,001,0.9975,1.0,RPM,6000.0
placebo,715822,2026,primary,shifted,0,1,0,010,1.0,1.0,Gear,6000.0
placebo,715822,2026,primary,shifted,0,1,0,010,0.9963333333333333,1.0,RPM,6000.0
placebo,715822,2026,primary,shifted,0,1,1,011,0.9998333333333335,1.0,Gear,6000.0
placebo,715822,2026,primary,shifted,0,1,1,011,0.9978333333333333,1.0,RPM,6000.0
placebo,715822,2026,primary,shifted,1,0,0,100,0.04133333333333333,0.2905,Gear,6000.0
placebo,715822,2026,primary,shifted,1,0,0,100,0.14100000000000001,0.3085,RPM,6000.0
placebo,715822,2026,primary,shifted,1,0,1,101,0.03316666666666667,0.7291666666666666,Gear,6000.0
placebo,715822,2026,primary,shifted,1,0,1,101,0.066,0.727,RPM,6000.0
placebo,715822,2026,primary,shifted,1,1,0,110,0.045000000000000005,0.2555,Gear,6000.0
placebo,715822,2026,primary,shifted,1,1,0,110,0.14266666666666666,0.27416666666666667,RPM,6000.0
placebo,715822,2026,primary,shifted,1,1,1,111,0.03883333333333333,0.7378333333333332,Gear,6000.0
placebo,715822,2026,primary,shifted,1,1,1,111,0.057499999999999996,0.7515000000000001,RPM,6000.0
placebo,715822,3407,primary,canonical,0,0,0,000,0.9998333333333335,1.0,Gear,6000.0
placebo,715822,3407,primary,canonical,0,0,0,000,0.9976666666666668,1.0,RPM,6000.0
placebo,715822,3407,primary,canonical,0,0,1,001,0.9996666666666667,1.0,Gear,6000.0
placebo,715822,3407,primary,canonical,0,0,1,001,0.9986666666666667,1.0,RPM,6000.0
placebo,715822,3407,primary,canonical,0,1,0,010,0.9996666666666667,1.0,Gear,6000.0
placebo,715822,3407,primary,canonical,0,1,0,010,0.9986666666666667,1.0,RPM,6000.0
placebo,715822,3407,primary,canonical,0,1,1,011,0.9996666666666667,1.0,Gear,6000.0
placebo,715822,3407,primary,canonical,0,1,1,011,0.9991666666666666,1.0,RPM,6000.0
placebo,715822,3407,primary,canonical,1,0,0,100,0.039,0.2675,Gear,6000.0
placebo,715822,3407,primary,canonical,1,0,0,100,0.17966666666666667,0.35799999999999993,RPM,6000.0
placebo,715822,3407,primary,canonical,1,0,1,101,0.03266666666666667,0.7599999999999999,Gear,6000.0
placebo,715822,3407,primary,canonical,1,0,1,101,0.141,0.706,RPM,6000.0
placebo,715822,3407,primary,canonical,1,1,0,110,0.051833333333333335,0.23616666666666666,Gear,6000.0
placebo,715822,3407,primary,canonical,1,1,0,110,0.19816666666666669,0.32233333333333336,RPM,6000.0
placebo,715822,3407,primary,canonical,1,1,1,111,0.034833333333333334,0.7811666666666667,Gear,6000.0
placebo,715822,3407,primary,canonical,1,1,1,111,0.17500000000000002,0.7086666666666667,RPM,6000.0
placebo,715822,3407,primary,shifted,0,0,0,000,0.9998333333333335,1.0,Gear,6000.0
placebo,715822,3407,primary,shifted,0,0,0,000,0.9941666666666666,1.0,RPM,6000.0
placebo,715822,3407,primary,shifted,0,0,1,001,0.9996666666666667,1.0,Gear,6000.0
placebo,715822,3407,primary,shifted,0,0,1,001,0.997,1.0,RPM,6000.0
placebo,715822,3407,primary,shifted,0,1,0,010,0.9996666666666667,1.0,Gear,6000.0
placebo,715822,3407,primary,shifted,0,1,0,010,0.9971666666666668,1.0,RPM,6000.0
placebo,715822,3407,primary,shifted,0,1,1,011,0.9996666666666667,1.0,Gear,6000.0
placebo,715822,3407,primary,shifted,0,1,1,011,0.9986666666666667,1.0,RPM,6000.0
placebo,715822,3407,primary,shifted,1,0,0,100,0.0395,0.2685,Gear,6000.0
placebo,715822,3407,primary,shifted,1,0,0,100,0.18100000000000002,0.35766666666666663,RPM,6000.0
placebo,715822,3407,primary,shifted,1,0,1,101,0.03266666666666667,0.761,Gear,6000.0
placebo,715822,3407,primary,shifted,1,0,1,101,0.153,0.7151666666666667,RPM,6000.0
placebo,715822,3407,primary,shifted,1,1,0,110,0.050833333333333335,0.23583333333333334,Gear,6000.0
placebo,715822,3407,primary,shifted,1,1,0,110,0.19699999999999998,0.32283333333333336,RPM,6000.0
placebo,715822,3407,primary,shifted,1,1,1,111,0.03466666666666667,0.782,Gear,6000.0
placebo,715822,3407,primary,shifted,1,1,1,111,0.18499999999999997,0.7205,RPM,6000.0
placebo,739263,7,primary,canonical,0,0,0,000,1.0,1.0,Gear,6000.0
placebo,739263,7,primary,canonical,0,0,0,000,0.9975,1.0,RPM,6000.0
placebo,739263,7,primary,canonical,0,0,1,001,1.0,1.0,Gear,6000.0
placebo,739263,7,primary,canonical,0,0,1,001,0.9988333333333334,1.0,RPM,6000.0
placebo,739263,7,primary,canonical,0,1,0,010,1.0,1.0,Gear,6000.0
placebo,739263,7,primary,canonical,0,1,0,010,0.9985,1.0,RPM,6000.0
placebo,739263,7,primary,canonical,0,1,1,011,1.0,1.0,Gear,6000.0
placebo,739263,7,primary,canonical,0,1,1,011,0.9994999999999999,1.0,RPM,6000.0
placebo,739263,7,primary,canonical,1,0,0,100,0.029833333333333333,0.19716666666666668,Gear,6000.0
placebo,739263,7,primary,canonical,1,0,0,100,0.07916666666666666,0.27033333333333337,RPM,6000.0
placebo,739263,7,primary,canonical,1,0,1,101,0.029166666666666664,0.734,Gear,6000.0
placebo,739263,7,primary,canonical,1,0,1,101,0.07166666666666667,0.6763333333333333,RPM,6000.0
placebo,739263,7,primary,canonical,1,1,0,110,0.030166666666666665,0.162,Gear,6000.0
placebo,739263,7,primary,canonical,1,1,0,110,0.09083333333333334,0.23016666666666666,RPM,6000.0
placebo,739263,7,primary,canonical,1,1,1,111,0.029166666666666664,0.7473333333333333,Gear,6000.0
placebo,739263,7,primary,canonical,1,1,1,111,0.0645,0.6880000000000001,RPM,6000.0
placebo,739263,7,primary,shifted,0,0,0,000,1.0,1.0,Gear,6000.0
placebo,739263,7,primary,shifted,0,0,0,000,0.9948333333333333,1.0,RPM,6000.0
placebo,739263,7,primary,shifted,0,0,1,001,1.0,1.0,Gear,6000.0
placebo,739263,7,primary,shifted,0,0,1,001,0.9973333333333333,1.0,RPM,6000.0
placebo,739263,7,primary,shifted,0,1,0,010,1.0,1.0,Gear,6000.0
placebo,739263,7,primary,shifted,0,1,0,010,0.9968333333333333,1.0,RPM,6000.0
placebo,739263,7,primary,shifted,0,1,1,011,1.0,1.0,Gear,6000.0
placebo,739263,7,primary,shifted,0,1,1,011,0.9984999999999999,1.0,RPM,6000.0
placebo,739263,7,primary,shifted,1,0,0,100,0.029833333333333333,0.19783333333333333,Gear,6000.0
placebo,739263,7,primary,shifted,1,0,0,100,0.0815,0.26666666666666666,RPM,6000.0
placebo,739263,7,primary,shifted,1,0,1,101,0.029166666666666664,0.7343333333333333,Gear,6000.0
placebo,739263,7,primary,shifted,1,0,1,101,0.077,0.6779999999999999,RPM,6000.0
placebo,739263,7,primary,shifted,1,1,0,110,0.030333333333333334,0.16333333333333333,Gear,6000.0
placebo,739263,7,primary,shifted,1,1,0,110,0.09433333333333334,0.2293333333333333,RPM,6000.0
placebo,739263,7,primary,shifted,1,1,1,111,0.0295,0.7494999999999999,Gear,6000.0
placebo,739263,7,primary,shifted,1,1,1,111,0.06616666666666667,0.6866666666666666,RPM,6000.0
placebo,739263,42,primary,canonical,0,0,0,000,1.0,1.0,Gear,6000.0
placebo,739263,42,primary,canonical,0,0,0,000,0.9975,1.0,RPM,6000.0
placebo,739263,42,primary,canonical,0,0,1,001,1.0,1.0,Gear,6000.0
placebo,739263,42,primary,canonical,0,0,1,001,0.9991666666666666,1.0,RPM,6000.0
placebo,739263,42,primary,canonical,0,1,0,010,1.0,1.0,Gear,6000.0
placebo,739263,42,primary,canonical,0,1,0,010,0.9983333333333334,1.0,RPM,6000.0
placebo,739263,42,primary,canonical,0,1,1,011,1.0,1.0,Gear,6000.0
placebo,739263,42,primary,canonical,0,1,1,011,0.9991666666666666,1.0,RPM,6000.0
placebo,739263,42,primary,canonical,1,0,0,100,0.038,0.2045,Gear,6000.0
placebo,739263,42,primary,canonical,1,0,0,100,0.20716666666666664,0.31916666666666665,RPM,6000.0
placebo,739263,42,primary,canonical,1,0,1,101,0.03983333333333333,0.633,Gear,6000.0
placebo,739263,42,primary,canonical,1,0,1,101,0.238,0.551,RPM,6000.0
placebo,739263,42,primary,canonical,1,1,0,110,0.04133333333333333,0.168,Gear,6000.0
placebo,739263,42,primary,canonical,1,1,0,110,0.21633333333333335,0.2851666666666666,RPM,6000.0
placebo,739263,42,primary,canonical,1,1,1,111,0.04883333333333334,0.6378333333333334,Gear,6000.0
placebo,739263,42,primary,canonical,1,1,1,111,0.2605,0.5358333333333333,RPM,6000.0
placebo,739263,42,primary,shifted,0,0,0,000,1.0,1.0,Gear,6000.0
placebo,739263,42,primary,shifted,0,0,0,000,0.9938333333333333,1.0,RPM,6000.0
placebo,739263,42,primary,shifted,0,0,1,001,1.0,1.0,Gear,6000.0
placebo,739263,42,primary,shifted,0,0,1,001,0.9978333333333333,1.0,RPM,6000.0
placebo,739263,42,primary,shifted,0,1,0,010,1.0,1.0,Gear,6000.0
placebo,739263,42,primary,shifted,0,1,0,010,0.996,1.0,RPM,6000.0
placebo,739263,42,primary,shifted,0,1,1,011,1.0,1.0,Gear,6000.0
placebo,739263,42,primary,shifted,0,1,1,011,0.9981666666666668,1.0,RPM,6000.0
placebo,739263,42,primary,shifted,1,0,0,100,0.03783333333333334,0.2045,Gear,6000.0
placebo,739263,42,primary,shifted,1,0,0,100,0.218,0.3296666666666667,RPM,6000.0
placebo,739263,42,primary,shifted,1,0,1,101,0.0395,0.6343333333333333,Gear,6000.0
placebo,739263,42,primary,shifted,1,0,1,101,0.26566666666666666,0.5708333333333333,RPM,6000.0
placebo,739263,42,primary,shifted,1,1,0,110,0.04083333333333333,0.16749999999999998,Gear,6000.0
placebo,739263,42,primary,shifted,1,1,0,110,0.23083333333333333,0.29883333333333334,RPM,6000.0
placebo,739263,42,primary,shifted,1,1,1,111,0.04816666666666667,0.6376666666666666,Gear,6000.0
placebo,739263,42,primary,shifted,1,1,1,111,0.2895,0.5585,RPM,6000.0
placebo,739263,123,primary,canonical,0,0,0,000,1.0,1.0,Gear,6000.0
placebo,739263,123,primary,canonical,0,0,0,000,0.9980000000000001,1.0,RPM,6000.0
placebo,739263,123,primary,canonical,0,0,1,001,1.0,1.0,Gear,6000.0
placebo,739263,123,primary,canonical,0,0,1,001,0.999,1.0,RPM,6000.0
placebo,739263,123,primary,canonical,0,1,0,010,0.9998333333333335,1.0,Gear,6000.0
placebo,739263,123,primary,canonical,0,1,0,010,0.9985,1.0,RPM,6000.0
placebo,739263,123,primary,canonical,0,1,1,011,0.9998333333333335,1.0,Gear,6000.0
placebo,739263,123,primary,canonical,0,1,1,011,0.9991666666666666,1.0,RPM,6000.0
placebo,739263,123,primary,canonical,1,0,0,100,0.03,0.23766666666666666,Gear,6000.0
placebo,739263,123,primary,canonical,1,0,0,100,0.04666666666666667,0.2806666666666667,RPM,6000.0
placebo,739263,123,primary,canonical,1,0,1,101,0.03283333333333333,0.6378333333333334,Gear,6000.0
placebo,739263,123,primary,canonical,1,0,1,101,0.035,0.7568333333333332,RPM,6000.0
placebo,739263,123,primary,canonical,1,1,0,110,0.028333333333333332,0.18233333333333335,Gear,6000.0
placebo,739263,123,primary,canonical,1,1,0,110,0.05366666666666667,0.245,RPM,6000.0
placebo,739263,123,primary,canonical,1,1,1,111,0.03283333333333333,0.6256666666666667,Gear,6000.0
placebo,739263,123,primary,canonical,1,1,1,111,0.03333333333333333,0.777,RPM,6000.0
placebo,739263,123,primary,shifted,0,0,0,000,1.0,1.0,Gear,6000.0
placebo,739263,123,primary,shifted,0,0,0,000,0.9950000000000001,1.0,RPM,6000.0
placebo,739263,123,primary,shifted,0,0,1,001,1.0,1.0,Gear,6000.0
placebo,739263,123,primary,shifted,0,0,1,001,0.997,1.0,RPM,6000.0
placebo,739263,123,primary,shifted,0,1,0,010,0.9998333333333335,1.0,Gear,6000.0
placebo,739263,123,primary,shifted,0,1,0,010,0.9968333333333333,1.0,RPM,6000.0
placebo,739263,123,primary,shifted,0,1,1,011,0.9998333333333335,1.0,Gear,6000.0
placebo,739263,123,primary,shifted,0,1,1,011,0.9981666666666666,1.0,RPM,6000.0
placebo,739263,123,primary,shifted,1,0,0,100,0.03,0.238,Gear,6000.0
placebo,739263,123,primary,shifted,1,0,0,100,0.04800000000000001,0.2816666666666667,RPM,6000.0
placebo,739263,123,primary,shifted,1,0,1,101,0.03283333333333333,0.6388333333333334,Gear,6000.0
placebo,739263,123,primary,shifted,1,0,1,101,0.03616666666666666,0.753,RPM,6000.0
placebo,739263,123,primary,shifted,1,1,0,110,0.028333333333333332,0.1835,Gear,6000.0
placebo,739263,123,primary,shifted,1,1,0,110,0.05983333333333333,0.25,RPM,6000.0
placebo,739263,123,primary,shifted,1,1,1,111,0.03283333333333333,0.6273333333333334,Gear,6000.0
placebo,739263,123,primary,shifted,1,1,1,111,0.035500000000000004,0.7723333333333334,RPM,6000.0
placebo,739263,2026,primary,canonical,0,0,0,000,1.0,1.0,Gear,6000.0
placebo,739263,2026,primary,canonical,0,0,0,000,0.9981666666666666,1.0,RPM,6000.0
placebo,739263,2026,primary,canonical,0,0,1,001,0.9996666666666667,1.0,Gear,6000.0
placebo,739263,2026,primary,canonical,0,0,1,001,0.9988333333333334,1.0,RPM,6000.0
placebo,739263,2026,primary,canonical,0,1,0,010,0.9996666666666667,1.0,Gear,6000.0
placebo,739263,2026,primary,canonical,0,1,0,010,0.9983333333333334,1.0,RPM,6000.0
placebo,739263,2026,primary,canonical,0,1,1,011,0.9996666666666667,1.0,Gear,6000.0
placebo,739263,2026,primary,canonical,0,1,1,011,0.9984999999999999,1.0,RPM,6000.0
placebo,739263,2026,primary,canonical,1,0,0,100,0.044333333333333336,0.30516666666666664,Gear,6000.0
placebo,739263,2026,primary,canonical,1,0,0,100,0.0665,0.21916666666666665,RPM,6000.0
placebo,739263,2026,primary,canonical,1,0,1,101,0.03983333333333333,0.7096666666666667,Gear,6000.0
placebo,739263,2026,primary,canonical,1,0,1,101,0.034333333333333334,0.5966666666666667,RPM,6000.0
placebo,739263,2026,primary,canonical,1,1,0,110,0.05466666666666666,0.27049999999999996,Gear,6000.0
placebo,739263,2026,primary,canonical,1,1,0,110,0.06616666666666667,0.18433333333333332,RPM,6000.0
placebo,739263,2026,primary,canonical,1,1,1,111,0.04699999999999999,0.7056666666666667,Gear,6000.0
placebo,739263,2026,primary,canonical,1,1,1,111,0.03566666666666667,0.616,RPM,6000.0
placebo,739263,2026,primary,shifted,0,0,0,000,1.0,1.0,Gear,6000.0
placebo,739263,2026,primary,shifted,0,0,0,000,0.9945,1.0,RPM,6000.0
placebo,739263,2026,primary,shifted,0,0,1,001,0.9996666666666667,1.0,Gear,6000.0
placebo,739263,2026,primary,shifted,0,0,1,001,0.9973333333333333,1.0,RPM,6000.0
placebo,739263,2026,primary,shifted,0,1,0,010,0.9996666666666667,1.0,Gear,6000.0
placebo,739263,2026,primary,shifted,0,1,0,010,0.9963333333333333,1.0,RPM,6000.0
placebo,739263,2026,primary,shifted,0,1,1,011,0.9996666666666667,1.0,Gear,6000.0
placebo,739263,2026,primary,shifted,0,1,1,011,0.9980000000000001,1.0,RPM,6000.0
placebo,739263,2026,primary,shifted,1,0,0,100,0.044333333333333336,0.30683333333333335,Gear,6000.0
placebo,739263,2026,primary,shifted,1,0,0,100,0.06783333333333334,0.21933333333333335,RPM,6000.0
placebo,739263,2026,primary,shifted,1,0,1,101,0.03983333333333333,0.7126666666666667,Gear,6000.0
placebo,739263,2026,primary,shifted,1,0,1,101,0.0345,0.5928333333333333,RPM,6000.0
placebo,739263,2026,primary,shifted,1,1,0,110,0.0535,0.2718333333333333,Gear,6000.0
placebo,739263,2026,primary,shifted,1,1,0,110,0.06716666666666667,0.18066666666666667,RPM,6000.0
placebo,739263,2026,primary,shifted,1,1,1,111,0.04666666666666666,0.7068333333333333,Gear,6000.0
placebo,739263,2026,primary,shifted,1,1,1,111,0.036500000000000005,0.617,RPM,6000.0
placebo,739263,3407,primary,canonical,0,0,0,000,1.0,1.0,Gear,6000.0
placebo,739263,3407,primary,canonical,0,0,0,000,0.9980000000000001,1.0,RPM,6000.0
placebo,739263,3407,primary,canonical,0,0,1,001,1.0,1.0,Gear,6000.0
placebo,739263,3407,primary,canonical,0,0,1,001,0.999,1.0,RPM,6000.0
placebo,739263,3407,primary,canonical,0,1,0,010,1.0,1.0,Gear,6000.0
placebo,739263,3407,primary,canonical,0,1,0,010,0.9988333333333334,1.0,RPM,6000.0
placebo,739263,3407,primary,canonical,0,1,1,011,1.0,1.0,Gear,6000.0
placebo,739263,3407,primary,canonical,0,1,1,011,0.9991666666666666,1.0,RPM,6000.0
placebo,739263,3407,primary,canonical,1,0,0,100,0.030333333333333334,0.30916666666666665,Gear,6000.0
placebo,739263,3407,primary,canonical,1,0,0,100,0.08133333333333333,0.31883333333333336,RPM,6000.0
placebo,739263,3407,primary,canonical,1,0,1,101,0.030166666666666665,0.8083333333333332,Gear,6000.0
placebo,739263,3407,primary,canonical,1,0,1,101,0.029666666666666664,0.585,RPM,6000.0
placebo,739263,3407,primary,canonical,1,1,0,110,0.030833333333333334,0.26966666666666667,Gear,6000.0
placebo,739263,3407,primary,canonical,1,1,0,110,0.11733333333333333,0.291,RPM,6000.0
placebo,739263,3407,primary,canonical,1,1,1,111,0.032,0.8083333333333332,Gear,6000.0
placebo,739263,3407,primary,canonical,1,1,1,111,0.033,0.6070000000000001,RPM,6000.0
placebo,739263,3407,primary,shifted,0,0,0,000,1.0,1.0,Gear,6000.0
placebo,739263,3407,primary,shifted,0,0,0,000,0.9953333333333334,1.0,RPM,6000.0
placebo,739263,3407,primary,shifted,0,0,1,001,1.0,1.0,Gear,6000.0
placebo,739263,3407,primary,shifted,0,0,1,001,0.9975,1.0,RPM,6000.0
placebo,739263,3407,primary,shifted,0,1,0,010,1.0,1.0,Gear,6000.0
placebo,739263,3407,primary,shifted,0,1,0,010,0.9966666666666667,1.0,RPM,6000.0
placebo,739263,3407,primary,shifted,0,1,1,011,1.0,1.0,Gear,6000.0
placebo,739263,3407,primary,shifted,0,1,1,011,0.9981666666666666,1.0,RPM,6000.0
placebo,739263,3407,primary,shifted,1,0,0,100,0.030166666666666665,0.3093333333333333,Gear,6000.0
placebo,739263,3407,primary,shifted,1,0,0,100,0.08666666666666667,0.316,RPM,6000.0
placebo,739263,3407,primary,shifted,1,0,1,101,0.03,0.8088333333333333,Gear,6000.0
placebo,739263,3407,primary,shifted,1,0,1,101,0.030166666666666665,0.5826666666666667,RPM,6000.0
placebo,739263,3407,primary,shifted,1,1,0,110,0.030833333333333334,0.2725,Gear,6000.0
placebo,739263,3407,primary,shifted,1,1,0,110,0.1265,0.29233333333333333,RPM,6000.0
placebo,739263,3407,primary,shifted,1,1,1,111,0.032,0.8091666666666667,Gear,6000.0
placebo,739263,3407,primary,shifted,1,1,1,111,0.03316666666666667,0.5963333333333334,RPM,6000.0
placebo,748203,7,primary,canonical,0,0,0,000,1.0,1.0,Gear,6000.0
placebo,748203,7,primary,canonical,0,0,0,000,0.9980000000000001,1.0,RPM,6000.0
placebo,748203,7,primary,canonical,0,0,1,001,1.0,1.0,Gear,6000.0
placebo,748203,7,primary,canonical,0,0,1,001,0.999,1.0,RPM,6000.0
placebo,748203,7,primary,canonical,0,1,0,010,1.0,1.0,Gear,6000.0
placebo,748203,7,primary,canonical,0,1,0,010,0.9988333333333334,1.0,RPM,6000.0
placebo,748203,7,primary,canonical,0,1,1,011,1.0,1.0,Gear,6000.0
placebo,748203,7,primary,canonical,0,1,1,011,0.999,1.0,RPM,6000.0
placebo,748203,7,primary,canonical,1,0,0,100,0.038,0.3468333333333333,Gear,6000.0
placebo,748203,7,primary,canonical,1,0,0,100,0.20733333333333334,0.43649999999999994,RPM,6000.0
placebo,748203,7,primary,canonical,1,0,1,101,0.03366666666666667,0.871,Gear,6000.0
placebo,748203,7,primary,canonical,1,0,1,101,0.18733333333333335,0.7743333333333333,RPM,6000.0
placebo,748203,7,primary,canonical,1,1,0,110,0.04883333333333333,0.315,Gear,6000.0
placebo,748203,7,primary,canonical,1,1,0,110,0.2275,0.40066666666666667,RPM,6000.0
placebo,748203,7,primary,canonical,1,1,1,111,0.04066666666666666,0.8668333333333335,Gear,6000.0
placebo,748203,7,primary,canonical,1,1,1,111,0.1835,0.7643333333333334,RPM,6000.0
placebo,748203,7,primary,shifted,0,0,0,000,1.0,1.0,Gear,6000.0
placebo,748203,7,primary,shifted,0,0,0,000,0.9943333333333334,1.0,RPM,6000.0
placebo,748203,7,primary,shifted,0,0,1,001,1.0,1.0,Gear,6000.0
placebo,748203,7,primary,shifted,0,0,1,001,0.9976666666666668,1.0,RPM,6000.0
placebo,748203,7,primary,shifted,0,1,0,010,1.0,1.0,Gear,6000.0
placebo,748203,7,primary,shifted,0,1,0,010,0.9968333333333333,1.0,RPM,6000.0
placebo,748203,7,primary,shifted,0,1,1,011,1.0,1.0,Gear,6000.0
placebo,748203,7,primary,shifted,0,1,1,011,0.9983333333333334,1.0,RPM,6000.0
placebo,748203,7,primary,shifted,1,0,0,100,0.03766666666666667,0.3473333333333333,Gear,6000.0
placebo,748203,7,primary,shifted,1,0,0,100,0.21150000000000002,0.43533333333333335,RPM,6000.0
placebo,748203,7,primary,shifted,1,0,1,101,0.033,0.8713333333333333,Gear,6000.0
placebo,748203,7,primary,shifted,1,0,1,101,0.17800000000000002,0.7759999999999999,RPM,6000.0
placebo,748203,7,primary,shifted,1,1,0,110,0.048666666666666664,0.3165,Gear,6000.0
placebo,748203,7,primary,shifted,1,1,0,110,0.22966666666666669,0.39633333333333337,RPM,6000.0
placebo,748203,7,primary,shifted,1,1,1,111,0.0405,0.8683333333333333,Gear,6000.0
placebo,748203,7,primary,shifted,1,1,1,111,0.17333333333333334,0.7638333333333334,RPM,6000.0
placebo,748203,42,primary,canonical,0,0,0,000,1.0,1.0,Gear,6000.0
placebo,748203,42,primary,canonical,0,0,0,000,0.9980000000000001,1.0,RPM,6000.0
placebo,748203,42,primary,canonical,0,0,1,001,1.0,1.0,Gear,6000.0
placebo,748203,42,primary,canonical,0,0,1,001,0.9991666666666666,1.0,RPM,6000.0
placebo,748203,42,primary,canonical,0,1,0,010,1.0,1.0,Gear,6000.0
placebo,748203,42,primary,canonical,0,1,0,010,0.9988333333333334,1.0,RPM,6000.0
placebo,748203,42,primary,canonical,0,1,1,011,1.0,1.0,Gear,6000.0
placebo,748203,42,primary,canonical,0,1,1,011,0.9991666666666666,1.0,RPM,6000.0
placebo,748203,42,primary,canonical,1,0,0,100,0.04033333333333333,0.26766666666666666,Gear,6000.0
placebo,748203,42,primary,canonical,1,0,0,100,0.1575,0.2651666666666667,RPM,6000.0
placebo,748203,42,primary,canonical,1,0,1,101,0.04833333333333333,0.6395,Gear,6000.0
placebo,748203,42,primary,canonical,1,0,1,101,0.15233333333333332,0.6286666666666667,RPM,6000.0
placebo,748203,42,primary,canonical,1,1,0,110,0.0515,0.23266666666666666,Gear,6000.0
placebo,748203,42,primary,canonical,1,1,0,110,0.18783333333333332,0.26616666666666666,RPM,6000.0
placebo,748203,42,primary,canonical,1,1,1,111,0.06216666666666667,0.6313333333333334,Gear,6000.0
placebo,748203,42,primary,canonical,1,1,1,111,0.15583333333333335,0.612,RPM,6000.0
placebo,748203,42,primary,shifted,0,0,0,000,1.0,1.0,Gear,6000.0
placebo,748203,42,primary,shifted,0,0,0,000,0.9946666666666667,1.0,RPM,6000.0
placebo,748203,42,primary,shifted,0,0,1,001,1.0,1.0,Gear,6000.0
placebo,748203,42,primary,shifted,0,0,1,001,0.9976666666666668,1.0,RPM,6000.0
placebo,748203,42,primary,shifted,0,1,0,010,1.0,1.0,Gear,6000.0
placebo,748203,42,primary,shifted,0,1,0,010,0.9968333333333333,1.0,RPM,6000.0
placebo,748203,42,primary,shifted,0,1,1,011,1.0,1.0,Gear,6000.0
placebo,748203,42,primary,shifted,0,1,1,011,0.9986666666666667,1.0,RPM,6000.0
placebo,748203,42,primary,shifted,1,0,0,100,0.04066666666666666,0.2691666666666667,Gear,6000.0
placebo,748203,42,primary,shifted,1,0,0,100,0.169,0.2773333333333334,RPM,6000.0
placebo,748203,42,primary,shifted,1,0,1,101,0.047499999999999994,0.6401666666666667,Gear,6000.0
placebo,748203,42,primary,shifted,1,0,1,101,0.15866666666666665,0.6349999999999999,RPM,6000.0
placebo,748203,42,primary,shifted,1,1,0,110,0.051,0.23399999999999999,Gear,6000.0
placebo,748203,42,primary,shifted,1,1,0,110,0.19283333333333333,0.27366666666666667,RPM,6000.0
placebo,748203,42,primary,shifted,1,1,1,111,0.06066666666666667,0.6326666666666667,Gear,6000.0
placebo,748203,42,primary,shifted,1,1,1,111,0.16516666666666666,0.6218333333333333,RPM,6000.0
placebo,748203,123,primary,canonical,0,0,0,000,1.0,1.0,Gear,6000.0
placebo,748203,123,primary,canonical,0,0,0,000,0.9975,1.0,RPM,6000.0
placebo,748203,123,primary,canonical,0,0,1,001,1.0,1.0,Gear,6000.0
placebo,748203,123,primary,canonical,0,0,1,001,0.9988333333333334,1.0,RPM,6000.0
placebo,748203,123,primary,canonical,0,1,0,010,0.9998333333333335,1.0,Gear,6000.0
placebo,748203,123,primary,canonical,0,1,0,010,0.9981666666666666,1.0,RPM,6000.0
placebo,748203,123,primary,canonical,0,1,1,011,0.9998333333333335,1.0,Gear,6000.0
placebo,748203,123,primary,canonical,0,1,1,011,0.9984999999999999,1.0,RPM,6000.0
placebo,748203,123,primary,canonical,1,0,0,100,0.04066666666666666,0.14100000000000001,Gear,6000.0
placebo,748203,123,primary,canonical,1,0,0,100,0.08016666666666666,0.29883333333333334,RPM,6000.0
placebo,748203,123,primary,canonical,1,0,1,101,0.044333333333333336,0.45916666666666667,Gear,6000.0
placebo,748203,123,primary,canonical,1,0,1,101,0.03383333333333333,0.6658333333333334,RPM,6000.0
placebo,748203,123,primary,canonical,1,1,0,110,0.04766666666666667,0.11699999999999999,Gear,6000.0
placebo,748203,123,primary,canonical,1,1,0,110,0.09883333333333333,0.2631666666666667,RPM,6000.0
placebo,748203,123,primary,canonical,1,1,1,111,0.056999999999999995,0.4395,Gear,6000.0
placebo,748203,123,primary,canonical,1,1,1,111,0.0355,0.6913333333333332,RPM,6000.0
placebo,748203,123,primary,shifted,0,0,0,000,1.0,1.0,Gear,6000.0
placebo,748203,123,primary,shifted,0,0,0,000,0.9941666666666666,1.0,RPM,6000.0
placebo,748203,123,primary,shifted,0,0,1,001,1.0,1.0,Gear,6000.0
placebo,748203,123,primary,shifted,0,0,1,001,0.9973333333333333,1.0,RPM,6000.0
placebo,748203,123,primary,shifted,0,1,0,010,0.9998333333333335,1.0,Gear,6000.0
placebo,748203,123,primary,shifted,0,1,0,010,0.996,1.0,RPM,6000.0
placebo,748203,123,primary,shifted,0,1,1,011,0.9998333333333335,1.0,Gear,6000.0
placebo,748203,123,primary,shifted,0,1,1,011,0.9978333333333333,1.0,RPM,6000.0
placebo,748203,123,primary,shifted,1,0,0,100,0.04,0.14100000000000001,Gear,6000.0
placebo,748203,123,primary,shifted,1,0,0,100,0.0825,0.29433333333333334,RPM,6000.0
placebo,748203,123,primary,shifted,1,0,1,101,0.043833333333333335,0.45999999999999996,Gear,6000.0
placebo,748203,123,primary,shifted,1,0,1,101,0.036,0.6726666666666667,RPM,6000.0
placebo,748203,123,primary,shifted,1,1,0,110,0.04716666666666667,0.11683333333333333,Gear,6000.0
placebo,748203,123,primary,shifted,1,1,0,110,0.10266666666666667,0.25933333333333336,RPM,6000.0
placebo,748203,123,primary,shifted,1,1,1,111,0.05533333333333334,0.43983333333333335,Gear,6000.0
placebo,748203,123,primary,shifted,1,1,1,111,0.03716666666666667,0.6974999999999999,RPM,6000.0
placebo,748203,2026,primary,canonical,0,0,0,000,1.0,1.0,Gear,6000.0
placebo,748203,2026,primary,canonical,0,0,0,000,0.9981666666666666,1.0,RPM,6000.0
placebo,748203,2026,primary,canonical,0,0,1,001,1.0,1.0,Gear,6000.0
placebo,748203,2026,primary,canonical,0,0,1,001,0.9985,1.0,RPM,6000.0
placebo,748203,2026,primary,canonical,0,1,0,010,1.0,1.0,Gear,6000.0
placebo,748203,2026,primary,canonical,0,1,0,010,0.9986666666666667,1.0,RPM,6000.0
placebo,748203,2026,primary,canonical,0,1,1,011,1.0,1.0,Gear,6000.0
placebo,748203,2026,primary,canonical,0,1,1,011,0.999,1.0,RPM,6000.0
placebo,748203,2026,primary,canonical,1,0,0,100,0.029333333333333333,0.2631666666666667,Gear,6000.0
placebo,748203,2026,primary,canonical,1,0,0,100,0.271,0.438,RPM,6000.0
placebo,748203,2026,primary,canonical,1,0,1,101,0.029833333333333333,0.8008333333333333,Gear,6000.0
placebo,748203,2026,primary,canonical,1,0,1,101,0.09699999999999999,0.7915000000000001,RPM,6000.0
placebo,748203,2026,primary,canonical,1,1,0,110,0.0335,0.21783333333333332,Gear,6000.0
placebo,748203,2026,primary,canonical,1,1,0,110,0.29883333333333334,0.418,RPM,6000.0
placebo,748203,2026,primary,canonical,1,1,1,111,0.034,0.8131666666666666,Gear,6000.0
placebo,748203,2026,primary,canonical,1,1,1,111,0.09616666666666666,0.8130000000000001,RPM,6000.0
placebo,748203,2026,primary,shifted,0,0,0,000,1.0,1.0,Gear,6000.0
placebo,748203,2026,primary,shifted,0,0,0,000,0.9946666666666667,1.0,RPM,6000.0
placebo,748203,2026,primary,shifted,0,0,1,001,1.0,1.0,Gear,6000.0
placebo,748203,2026,primary,shifted,0,0,1,001,0.9961666666666668,1.0,RPM,6000.0
placebo,748203,2026,primary,shifted,0,1,0,010,1.0,1.0,Gear,6000.0
placebo,748203,2026,primary,shifted,0,1,0,010,0.9961666666666668,1.0,RPM,6000.0
placebo,748203,2026,primary,shifted,0,1,1,011,1.0,1.0,Gear,6000.0
placebo,748203,2026,primary,shifted,0,1,1,011,0.9976666666666666,1.0,RPM,6000.0
placebo,748203,2026,primary,shifted,1,0,0,100,0.029166666666666664,0.264,Gear,6000.0
placebo,748203,2026,primary,shifted,1,0,0,100,0.28,0.44483333333333336,RPM,6000.0
placebo,748203,2026,primary,shifted,1,0,1,101,0.029833333333333333,0.8015,Gear,6000.0
placebo,748203,2026,primary,shifted,1,0,1,101,0.09933333333333333,0.7966666666666667,RPM,6000.0
placebo,748203,2026,primary,shifted,1,1,0,110,0.0335,0.2185,Gear,6000.0
placebo,748203,2026,primary,shifted,1,1,0,110,0.3136666666666667,0.433,RPM,6000.0
placebo,748203,2026,primary,shifted,1,1,1,111,0.034,0.8130000000000001,Gear,6000.0
placebo,748203,2026,primary,shifted,1,1,1,111,0.09949999999999999,0.8148333333333332,RPM,6000.0
placebo,748203,3407,primary,canonical,0,0,0,000,1.0,1.0,Gear,6000.0
placebo,748203,3407,primary,canonical,0,0,0,000,0.9980000000000001,1.0,RPM,6000.0
placebo,748203,3407,primary,canonical,0,0,1,001,0.9998333333333335,1.0,Gear,6000.0
placebo,748203,3407,primary,canonical,0,0,1,001,0.9981666666666668,1.0,RPM,6000.0
placebo,748203,3407,primary,canonical,0,1,0,010,1.0,1.0,Gear,6000.0
placebo,748203,3407,primary,canonical,0,1,0,010,0.9984999999999999,1.0,RPM,6000.0
placebo,748203,3407,primary,canonical,0,1,1,011,1.0,1.0,Gear,6000.0
placebo,748203,3407,primary,canonical,0,1,1,011,0.999,1.0,RPM,6000.0
placebo,748203,3407,primary,canonical,1,0,0,100,0.03133333333333333,0.32616666666666666,Gear,6000.0
placebo,748203,3407,primary,canonical,1,0,0,100,0.12316666666666666,0.34366666666666673,RPM,6000.0
placebo,748203,3407,primary,canonical,1,0,1,101,0.029666666666666664,0.782,Gear,6000.0
placebo,748203,3407,primary,canonical,1,0,1,101,0.07333333333333332,0.8118333333333334,RPM,6000.0
placebo,748203,3407,primary,canonical,1,1,0,110,0.0325,0.27899999999999997,Gear,6000.0
placebo,748203,3407,primary,canonical,1,1,0,110,0.13616666666666669,0.302,RPM,6000.0
placebo,748203,3407,primary,canonical,1,1,1,111,0.031166666666666665,0.7783333333333333,Gear,6000.0
placebo,748203,3407,primary,canonical,1,1,1,111,0.06949999999999999,0.8193333333333334,RPM,6000.0
placebo,748203,3407,primary,shifted,0,0,0,000,1.0,1.0,Gear,6000.0
placebo,748203,3407,primary,shifted,0,0,0,000,0.9935,1.0,RPM,6000.0
placebo,748203,3407,primary,shifted,0,0,1,001,0.9998333333333335,1.0,Gear,6000.0
placebo,748203,3407,primary,shifted,0,0,1,001,0.9965,1.0,RPM,6000.0
placebo,748203,3407,primary,shifted,0,1,0,010,1.0,1.0,Gear,6000.0
placebo,748203,3407,primary,shifted,0,1,0,010,0.9965,1.0,RPM,6000.0
placebo,748203,3407,primary,shifted,0,1,1,011,1.0,1.0,Gear,6000.0
placebo,748203,3407,primary,shifted,0,1,1,011,0.9980000000000001,1.0,RPM,6000.0
placebo,748203,3407,primary,shifted,1,0,0,100,0.03133333333333333,0.329,Gear,6000.0
placebo,748203,3407,primary,shifted,1,0,0,100,0.12783333333333333,0.3463333333333334,RPM,6000.0
placebo,748203,3407,primary,shifted,1,0,1,101,0.0295,0.7835,Gear,6000.0
placebo,748203,3407,primary,shifted,1,0,1,101,0.07966666666666666,0.8246666666666668,RPM,6000.0
placebo,748203,3407,primary,shifted,1,1,0,110,0.03233333333333333,0.2785,Gear,6000.0
placebo,748203,3407,primary,shifted,1,1,0,110,0.13983333333333334,0.29833333333333334,RPM,6000.0
placebo,748203,3407,primary,shifted,1,1,1,111,0.031166666666666665,0.778,Gear,6000.0
placebo,748203,3407,primary,shifted,1,1,1,111,0.07233333333333333,0.8348333333333334,RPM,6000.0
placebo,820632,7,primary,canonical,0,0,0,000,0.9998333333333335,1.0,Gear,6000.0
placebo,820632,7,primary,canonical,0,0,0,000,0.9980000000000001,1.0,RPM,6000.0
placebo,820632,7,primary,canonical,0,0,1,001,0.9996666666666667,1.0,Gear,6000.0
placebo,820632,7,primary,canonical,0,0,1,001,0.9984999999999999,1.0,RPM,6000.0
placebo,820632,7,primary,canonical,0,1,0,010,0.9998333333333335,1.0,Gear,6000.0
placebo,820632,7,primary,canonical,0,1,0,010,0.9985,1.0,RPM,6000.0
placebo,820632,7,primary,canonical,0,1,1,011,0.9998333333333335,1.0,Gear,6000.0
placebo,820632,7,primary,canonical,0,1,1,011,0.9988333333333334,1.0,RPM,6000.0
placebo,820632,7,primary,canonical,1,0,0,100,0.06916666666666667,0.21383333333333332,Gear,6000.0
placebo,820632,7,primary,canonical,1,0,0,100,0.236,0.32616666666666666,RPM,6000.0
placebo,820632,7,primary,canonical,1,0,1,101,0.04583333333333334,0.7265,Gear,6000.0
placebo,820632,7,primary,canonical,1,0,1,101,0.2886666666666667,0.6716666666666667,RPM,6000.0
placebo,820632,7,primary,canonical,1,1,0,110,0.07916666666666666,0.18233333333333332,Gear,6000.0
placebo,820632,7,primary,canonical,1,1,0,110,0.27033333333333337,0.336,RPM,6000.0
placebo,820632,7,primary,canonical,1,1,1,111,0.0565,0.7318333333333333,Gear,6000.0
placebo,820632,7,primary,canonical,1,1,1,111,0.31683333333333336,0.6761666666666667,RPM,6000.0
placebo,820632,7,primary,shifted,0,0,0,000,0.9998333333333335,1.0,Gear,6000.0
placebo,820632,7,primary,shifted,0,0,0,000,0.9946666666666667,1.0,RPM,6000.0
placebo,820632,7,primary,shifted,0,0,1,001,0.9996666666666667,1.0,Gear,6000.0
placebo,820632,7,primary,shifted,0,0,1,001,0.997,1.0,RPM,6000.0
placebo,820632,7,primary,shifted,0,1,0,010,0.9998333333333335,1.0,Gear,6000.0
placebo,820632,7,primary,shifted,0,1,0,010,0.9966666666666667,1.0,RPM,6000.0
placebo,820632,7,primary,shifted,0,1,1,011,0.9998333333333335,1.0,Gear,6000.0
placebo,820632,7,primary,shifted,0,1,1,011,0.9976666666666668,1.0,RPM,6000.0
placebo,820632,7,primary,shifted,1,0,0,100,0.06883333333333333,0.2135,Gear,6000.0
placebo,820632,7,primary,shifted,1,0,0,100,0.2336666666666667,0.32633333333333336,RPM,6000.0
placebo,820632,7,primary,shifted,1,0,1,101,0.04533333333333334,0.7280000000000001,Gear,6000.0
placebo,820632,7,primary,shifted,1,0,1,101,0.282,0.6733333333333333,RPM,6000.0
placebo,820632,7,primary,shifted,1,1,0,110,0.078,0.18183333333333332,Gear,6000.0
placebo,820632,7,primary,shifted,1,1,0,110,0.26816666666666666,0.3333333333333333,RPM,6000.0
placebo,820632,7,primary,shifted,1,1,1,111,0.05616666666666667,0.7331666666666666,Gear,6000.0
placebo,820632,7,primary,shifted,1,1,1,111,0.3093333333333333,0.6778333333333334,RPM,6000.0
placebo,820632,42,primary,canonical,0,0,0,000,0.9998333333333335,1.0,Gear,6000.0
placebo,820632,42,primary,canonical,0,0,0,000,0.9979999999999999,1.0,RPM,6000.0
placebo,820632,42,primary,canonical,0,0,1,001,1.0,1.0,Gear,6000.0
placebo,820632,42,primary,canonical,0,0,1,001,0.9986666666666668,1.0,RPM,6000.0
placebo,820632,42,primary,canonical,0,1,0,010,0.9998333333333335,1.0,Gear,6000.0
placebo,820632,42,primary,canonical,0,1,0,010,0.9983333333333334,1.0,RPM,6000.0
placebo,820632,42,primary,canonical,0,1,1,011,0.9998333333333335,1.0,Gear,6000.0
placebo,820632,42,primary,canonical,0,1,1,011,0.999,1.0,RPM,6000.0
placebo,820632,42,primary,canonical,1,0,0,100,0.06816666666666667,0.35200000000000004,Gear,6000.0
placebo,820632,42,primary,canonical,1,0,0,100,0.31866666666666665,0.5143333333333333,RPM,6000.0
placebo,820632,42,primary,canonical,1,0,1,101,0.07533333333333332,0.7174999999999999,Gear,6000.0
placebo,820632,42,primary,canonical,1,0,1,101,0.2976666666666667,0.6945,RPM,6000.0
placebo,820632,42,primary,canonical,1,1,0,110,0.08483333333333333,0.32949999999999996,Gear,6000.0
placebo,820632,42,primary,canonical,1,1,0,110,0.3415000000000001,0.4803333333333333,RPM,6000.0
placebo,820632,42,primary,canonical,1,1,1,111,0.09899999999999999,0.7265,Gear,6000.0
placebo,820632,42,primary,canonical,1,1,1,111,0.3035,0.6653333333333333,RPM,6000.0
placebo,820632,42,primary,shifted,0,0,0,000,0.9998333333333335,1.0,Gear,6000.0
placebo,820632,42,primary,shifted,0,0,0,000,0.9946666666666667,1.0,RPM,6000.0
placebo,820632,42,primary,shifted,0,0,1,001,1.0,1.0,Gear,6000.0
placebo,820632,42,primary,shifted,0,0,1,001,0.9968333333333333,1.0,RPM,6000.0
placebo,820632,42,primary,shifted,0,1,0,010,0.9998333333333335,1.0,Gear,6000.0
placebo,820632,42,primary,shifted,0,1,0,010,0.9965,1.0,RPM,6000.0
placebo,820632,42,primary,shifted,0,1,1,011,0.9998333333333335,1.0,Gear,6000.0
placebo,820632,42,primary,shifted,0,1,1,011,0.9981666666666666,1.0,RPM,6000.0
placebo,820632,42,primary,shifted,1,0,0,100,0.067,0.35200000000000004,Gear,6000.0
placebo,820632,42,primary,shifted,1,0,0,100,0.3213333333333333,0.5133333333333333,RPM,6000.0
placebo,820632,42,primary,shifted,1,0,1,101,0.07566666666666666,0.7201666666666666,Gear,6000.0
placebo,820632,42,primary,shifted,1,0,1,101,0.3036666666666667,0.7008333333333333,RPM,6000.0
placebo,820632,42,primary,shifted,1,1,0,110,0.085,0.3303333333333333,Gear,6000.0
placebo,820632,42,primary,shifted,1,1,0,110,0.3411666666666667,0.48016666666666663,RPM,6000.0
placebo,820632,42,primary,shifted,1,1,1,111,0.09733333333333333,0.7268333333333333,Gear,6000.0
placebo,820632,42,primary,shifted,1,1,1,111,0.30983333333333335,0.6713333333333334,RPM,6000.0
placebo,820632,123,primary,canonical,0,0,0,000,0.9998333333333335,1.0,Gear,6000.0
placebo,820632,123,primary,canonical,0,0,0,000,0.9981666666666666,1.0,RPM,6000.0
placebo,820632,123,primary,canonical,0,0,1,001,0.9996666666666667,1.0,Gear,6000.0
placebo,820632,123,primary,canonical,0,0,1,001,0.9988333333333334,1.0,RPM,6000.0
placebo,820632,123,primary,canonical,0,1,0,010,0.9996666666666667,1.0,Gear,6000.0
placebo,820632,123,primary,canonical,0,1,0,010,0.9985,1.0,RPM,6000.0
placebo,820632,123,primary,canonical,0,1,1,011,0.9996666666666667,1.0,Gear,6000.0
placebo,820632,123,primary,canonical,0,1,1,011,0.9986666666666667,1.0,RPM,6000.0
placebo,820632,123,primary,canonical,1,0,0,100,0.04783333333333333,0.2821666666666667,Gear,6000.0
placebo,820632,123,primary,canonical,1,0,0,100,0.04766666666666667,0.15266666666666664,RPM,6000.0
placebo,820632,123,primary,canonical,1,0,1,101,0.044333333333333336,0.6629999999999999,Gear,6000.0
placebo,820632,123,primary,canonical,1,0,1,101,0.041666666666666664,0.5208333333333334,RPM,6000.0
placebo,820632,123,primary,canonical,1,1,0,110,0.057333333333333326,0.24066666666666667,Gear,6000.0
placebo,820632,123,primary,canonical,1,1,0,110,0.06216666666666667,0.12283333333333334,RPM,6000.0
placebo,820632,123,primary,canonical,1,1,1,111,0.05316666666666667,0.6493333333333333,Gear,6000.0
placebo,820632,123,primary,canonical,1,1,1,111,0.048499999999999995,0.4971666666666666,RPM,6000.0
placebo,820632,123,primary,shifted,0,0,0,000,0.9998333333333335,1.0,Gear,6000.0
placebo,820632,123,primary,shifted,0,0,0,000,0.9941666666666666,1.0,RPM,6000.0
placebo,820632,123,primary,shifted,0,0,1,001,0.9996666666666667,1.0,Gear,6000.0
placebo,820632,123,primary,shifted,0,0,1,001,0.9961666666666668,1.0,RPM,6000.0
placebo,820632,123,primary,shifted,0,1,0,010,0.9996666666666667,1.0,Gear,6000.0
placebo,820632,123,primary,shifted,0,1,0,010,0.9968333333333333,1.0,RPM,6000.0
placebo,820632,123,primary,shifted,0,1,1,011,0.9996666666666667,1.0,Gear,6000.0
placebo,820632,123,primary,shifted,0,1,1,011,0.9976666666666668,1.0,RPM,6000.0
placebo,820632,123,primary,shifted,1,0,0,100,0.04816666666666666,0.2831666666666666,Gear,6000.0
placebo,820632,123,primary,shifted,1,0,0,100,0.04883333333333334,0.15233333333333332,RPM,6000.0
placebo,820632,123,primary,shifted,1,0,1,101,0.043666666666666666,0.664,Gear,6000.0
placebo,820632,123,primary,shifted,1,0,1,101,0.043000000000000003,0.5268333333333333,RPM,6000.0
placebo,820632,123,primary,shifted,1,1,0,110,0.05616666666666666,0.241,Gear,6000.0
placebo,820632,123,primary,shifted,1,1,0,110,0.06183333333333333,0.12233333333333334,RPM,6000.0
placebo,820632,123,primary,shifted,1,1,1,111,0.052833333333333336,0.6511666666666667,Gear,6000.0
placebo,820632,123,primary,shifted,1,1,1,111,0.050333333333333334,0.5091666666666667,RPM,6000.0
placebo,820632,2026,primary,canonical,0,0,0,000,0.9998333333333335,1.0,Gear,6000.0
placebo,820632,2026,primary,canonical,0,0,0,000,0.9975,1.0,RPM,6000.0
placebo,820632,2026,primary,canonical,0,0,1,001,0.9996666666666667,1.0,Gear,6000.0
placebo,820632,2026,primary,canonical,0,0,1,001,0.9986666666666667,1.0,RPM,6000.0
placebo,820632,2026,primary,canonical,0,1,0,010,0.9996666666666667,1.0,Gear,6000.0
placebo,820632,2026,primary,canonical,0,1,0,010,0.9984999999999999,1.0,RPM,6000.0
placebo,820632,2026,primary,canonical,0,1,1,011,0.9996666666666667,1.0,Gear,6000.0
placebo,820632,2026,primary,canonical,0,1,1,011,0.9988333333333334,1.0,RPM,6000.0
placebo,820632,2026,primary,canonical,1,0,0,100,0.03733333333333333,0.22533333333333336,Gear,6000.0
placebo,820632,2026,primary,canonical,1,0,0,100,0.20299999999999999,0.3861666666666667,RPM,6000.0
placebo,820632,2026,primary,canonical,1,0,1,101,0.043166666666666666,0.7261666666666667,Gear,6000.0
placebo,820632,2026,primary,canonical,1,0,1,101,0.209,0.6926666666666667,RPM,6000.0
placebo,820632,2026,primary,canonical,1,1,0,110,0.044333333333333336,0.18933333333333335,Gear,6000.0
placebo,820632,2026,primary,canonical,1,1,0,110,0.2373333333333333,0.369,RPM,6000.0
placebo,820632,2026,primary,canonical,1,1,1,111,0.051666666666666666,0.7371666666666666,Gear,6000.0
placebo,820632,2026,primary,canonical,1,1,1,111,0.24316666666666667,0.6771666666666668,RPM,6000.0
placebo,820632,2026,primary,shifted,0,0,0,000,0.9998333333333335,1.0,Gear,6000.0
placebo,820632,2026,primary,shifted,0,0,0,000,0.9951666666666666,1.0,RPM,6000.0
placebo,820632,2026,primary,shifted,0,0,1,001,0.9996666666666667,1.0,Gear,6000.0
placebo,820632,2026,primary,shifted,0,0,1,001,0.9965,1.0,RPM,6000.0
placebo,820632,2026,primary,shifted,0,1,0,010,0.9996666666666667,1.0,Gear,6000.0
placebo,820632,2026,primary,shifted,0,1,0,010,0.9961666666666668,1.0,RPM,6000.0
placebo,820632,2026,primary,shifted,0,1,1,011,0.9996666666666667,1.0,Gear,6000.0
placebo,820632,2026,primary,shifted,0,1,1,011,0.9976666666666668,1.0,RPM,6000.0
placebo,820632,2026,primary,shifted,1,0,0,100,0.03683333333333333,0.22566666666666668,Gear,6000.0
placebo,820632,2026,primary,shifted,1,0,0,100,0.2175,0.4046666666666667,RPM,6000.0
placebo,820632,2026,primary,shifted,1,0,1,101,0.043000000000000003,0.7283333333333334,Gear,6000.0
placebo,820632,2026,primary,shifted,1,0,1,101,0.2305,0.7078333333333333,RPM,6000.0
placebo,820632,2026,primary,shifted,1,1,0,110,0.043833333333333335,0.18899999999999997,Gear,6000.0
placebo,820632,2026,primary,shifted,1,1,0,110,0.2565,0.3881666666666667,RPM,6000.0
placebo,820632,2026,primary,shifted,1,1,1,111,0.051666666666666666,0.7398333333333333,Gear,6000.0
placebo,820632,2026,primary,shifted,1,1,1,111,0.2591666666666667,0.6880000000000001,RPM,6000.0
placebo,820632,3407,primary,canonical,0,0,0,000,0.9998333333333335,1.0,Gear,6000.0
placebo,820632,3407,primary,canonical,0,0,0,000,0.9979999999999999,1.0,RPM,6000.0
placebo,820632,3407,primary,canonical,0,0,1,001,0.9996666666666667,1.0,Gear,6000.0
placebo,820632,3407,primary,canonical,0,0,1,001,0.9978333333333333,1.0,RPM,6000.0
placebo,820632,3407,primary,canonical,0,1,0,010,0.9998333333333335,1.0,Gear,6000.0
placebo,820632,3407,primary,canonical,0,1,0,010,0.9983333333333334,1.0,RPM,6000.0
placebo,820632,3407,primary,canonical,0,1,1,011,0.9998333333333335,1.0,Gear,6000.0
placebo,820632,3407,primary,canonical,0,1,1,011,0.9985,1.0,RPM,6000.0
placebo,820632,3407,primary,canonical,1,0,0,100,0.06783333333333333,0.215,Gear,6000.0
placebo,820632,3407,primary,canonical,1,0,0,100,0.13133333333333333,0.26016666666666666,RPM,6000.0
placebo,820632,3407,primary,canonical,1,0,1,101,0.07566666666666666,0.722,Gear,6000.0
placebo,820632,3407,primary,canonical,1,0,1,101,0.1145,0.7771666666666667,RPM,6000.0
placebo,820632,3407,primary,canonical,1,1,0,110,0.09533333333333334,0.19783333333333333,Gear,6000.0
placebo,820632,3407,primary,canonical,1,1,0,110,0.1415,0.21833333333333335,RPM,6000.0
placebo,820632,3407,primary,canonical,1,1,1,111,0.09549999999999999,0.7395,Gear,6000.0
placebo,820632,3407,primary,canonical,1,1,1,111,0.10016666666666667,0.7581666666666665,RPM,6000.0
placebo,820632,3407,primary,shifted,0,0,0,000,0.9998333333333335,1.0,Gear,6000.0
placebo,820632,3407,primary,shifted,0,0,0,000,0.9936666666666666,1.0,RPM,6000.0
placebo,820632,3407,primary,shifted,0,0,1,001,0.9996666666666667,1.0,Gear,6000.0
placebo,820632,3407,primary,shifted,0,0,1,001,0.9953333333333334,1.0,RPM,6000.0
placebo,820632,3407,primary,shifted,0,1,0,010,0.9998333333333335,1.0,Gear,6000.0
placebo,820632,3407,primary,shifted,0,1,0,010,0.9956666666666667,1.0,RPM,6000.0
placebo,820632,3407,primary,shifted,0,1,1,011,0.9998333333333335,1.0,Gear,6000.0
placebo,820632,3407,primary,shifted,0,1,1,011,0.997,1.0,RPM,6000.0
placebo,820632,3407,primary,shifted,1,0,0,100,0.06799999999999999,0.21566666666666667,Gear,6000.0
placebo,820632,3407,primary,shifted,1,0,0,100,0.13133333333333333,0.25583333333333336,RPM,6000.0
placebo,820632,3407,primary,shifted,1,0,1,101,0.0745,0.7231666666666667,Gear,6000.0
placebo,820632,3407,primary,shifted,1,0,1,101,0.12016666666666666,0.7955,RPM,6000.0
placebo,820632,3407,primary,shifted,1,1,0,110,0.09500000000000001,0.19816666666666669,Gear,6000.0
placebo,820632,3407,primary,shifted,1,1,0,110,0.1376666666666667,0.21183333333333332,RPM,6000.0
placebo,820632,3407,primary,shifted,1,1,1,111,0.09383333333333332,0.7406666666666667,Gear,6000.0
placebo,820632,3407,primary,shifted,1,1,1,111,0.10666666666666667,0.7683333333333332,RPM,6000.0
placebo,837943,7,primary,canonical,0,0,0,000,1.0,1.0,Gear,6000.0
placebo,837943,7,primary,canonical,0,0,0,000,0.9973333333333333,1.0,RPM,6000.0
placebo,837943,7,primary,canonical,0,0,1,001,1.0,1.0,Gear,6000.0
placebo,837943,7,primary,canonical,0,0,1,001,0.999,1.0,RPM,6000.0
placebo,837943,7,primary,canonical,0,1,0,010,1.0,1.0,Gear,6000.0
placebo,837943,7,primary,canonical,0,1,0,010,0.9981666666666666,1.0,RPM,6000.0
placebo,837943,7,primary,canonical,0,1,1,011,1.0,1.0,Gear,6000.0
placebo,837943,7,primary,canonical,0,1,1,011,0.999,1.0,RPM,6000.0
placebo,837943,7,primary,canonical,1,0,0,100,0.03233333333333333,0.18766666666666665,Gear,6000.0
placebo,837943,7,primary,canonical,1,0,0,100,0.19883333333333333,0.38083333333333336,RPM,6000.0
placebo,837943,7,primary,canonical,1,0,1,101,0.03416666666666667,0.5866666666666667,Gear,6000.0
placebo,837943,7,primary,canonical,1,0,1,101,0.14116666666666666,0.5863333333333333,RPM,6000.0
placebo,837943,7,primary,canonical,1,1,0,110,0.03316666666666667,0.14583333333333334,Gear,6000.0
placebo,837943,7,primary,canonical,1,1,0,110,0.2081666666666667,0.3345,RPM,6000.0
placebo,837943,7,primary,canonical,1,1,1,111,0.03783333333333333,0.57,Gear,6000.0
placebo,837943,7,primary,canonical,1,1,1,111,0.15383333333333335,0.5806666666666667,RPM,6000.0
placebo,837943,7,primary,shifted,0,0,0,000,1.0,1.0,Gear,6000.0
placebo,837943,7,primary,shifted,0,0,0,000,0.9948333333333333,1.0,RPM,6000.0
placebo,837943,7,primary,shifted,0,0,1,001,1.0,1.0,Gear,6000.0
placebo,837943,7,primary,shifted,0,0,1,001,0.9975,1.0,RPM,6000.0
placebo,837943,7,primary,shifted,0,1,0,010,1.0,1.0,Gear,6000.0
placebo,837943,7,primary,shifted,0,1,0,010,0.9961666666666668,1.0,RPM,6000.0
placebo,837943,7,primary,shifted,0,1,1,011,1.0,1.0,Gear,6000.0
placebo,837943,7,primary,shifted,0,1,1,011,0.9981666666666666,1.0,RPM,6000.0
placebo,837943,7,primary,shifted,1,0,0,100,0.0325,0.18916666666666668,Gear,6000.0
placebo,837943,7,primary,shifted,1,0,0,100,0.19416666666666668,0.37233333333333335,RPM,6000.0
placebo,837943,7,primary,shifted,1,0,1,101,0.034,0.5881666666666666,Gear,6000.0
placebo,837943,7,primary,shifted,1,0,1,101,0.1396666666666667,0.5895,RPM,6000.0
placebo,837943,7,primary,shifted,1,1,0,110,0.033,0.14716666666666667,Gear,6000.0
placebo,837943,7,primary,shifted,1,1,0,110,0.2058333333333333,0.33216666666666667,RPM,6000.0
placebo,837943,7,primary,shifted,1,1,1,111,0.0375,0.5718333333333333,Gear,6000.0
placebo,837943,7,primary,shifted,1,1,1,111,0.15066666666666667,0.5781666666666666,RPM,6000.0
placebo,837943,42,primary,canonical,0,0,0,000,1.0,1.0,Gear,6000.0
placebo,837943,42,primary,canonical,0,0,0,000,0.9973333333333333,1.0,RPM,6000.0
placebo,837943,42,primary,canonical,0,0,1,001,1.0,1.0,Gear,6000.0
placebo,837943,42,primary,canonical,0,0,1,001,0.9986666666666667,1.0,RPM,6000.0
placebo,837943,42,primary,canonical,0,1,0,010,1.0,1.0,Gear,6000.0
placebo,837943,42,primary,canonical,0,1,0,010,0.9978333333333333,1.0,RPM,6000.0
placebo,837943,42,primary,canonical,0,1,1,011,1.0,1.0,Gear,6000.0
placebo,837943,42,primary,canonical,0,1,1,011,0.9991666666666666,1.0,RPM,6000.0
placebo,837943,42,primary,canonical,1,0,0,100,0.042333333333333334,0.2588333333333333,Gear,6000.0
placebo,837943,42,primary,canonical,1,0,0,100,0.12933333333333333,0.3025,RPM,6000.0
placebo,837943,42,primary,canonical,1,0,1,101,0.03316666666666667,0.6356666666666667,Gear,6000.0
placebo,837943,42,primary,canonical,1,0,1,101,0.06416666666666666,0.553,RPM,6000.0
placebo,837943,42,primary,canonical,1,1,0,110,0.056833333333333326,0.2245,Gear,6000.0
placebo,837943,42,primary,canonical,1,1,0,110,0.14033333333333334,0.26783333333333337,RPM,6000.0
placebo,837943,42,primary,canonical,1,1,1,111,0.042,0.6523333333333333,Gear,6000.0
placebo,837943,42,primary,canonical,1,1,1,111,0.07216666666666667,0.5441666666666667,RPM,6000.0
placebo,837943,42,primary,shifted,0,0,0,000,1.0,1.0,Gear,6000.0
placebo,837943,42,primary,shifted,0,0,0,000,0.9931666666666668,1.0,RPM,6000.0
placebo,837943,42,primary,shifted,0,0,1,001,1.0,1.0,Gear,6000.0
placebo,837943,42,primary,shifted,0,0,1,001,0.9978333333333333,1.0,RPM,6000.0
placebo,837943,42,primary,shifted,0,1,0,010,1.0,1.0,Gear,6000.0
placebo,837943,42,primary,shifted,0,1,0,010,0.9966666666666667,1.0,RPM,6000.0
placebo,837943,42,primary,shifted,0,1,1,011,1.0,1.0,Gear,6000.0
placebo,837943,42,primary,shifted,0,1,1,011,0.9981666666666666,1.0,RPM,6000.0
placebo,837943,42,primary,shifted,1,0,0,100,0.042333333333333334,0.26066666666666666,Gear,6000.0
placebo,837943,42,primary,shifted,1,0,0,100,0.13416666666666668,0.3035,RPM,6000.0
placebo,837943,42,primary,shifted,1,0,1,101,0.03333333333333333,0.6385,Gear,6000.0
placebo,837943,42,primary,shifted,1,0,1,101,0.06783333333333334,0.5603333333333333,RPM,6000.0
placebo,837943,42,primary,shifted,1,1,0,110,0.056666666666666664,0.22483333333333333,Gear,6000.0
placebo,837943,42,primary,shifted,1,1,0,110,0.14133333333333334,0.26366666666666666,RPM,6000.0
placebo,837943,42,primary,shifted,1,1,1,111,0.0415,0.6535000000000001,Gear,6000.0
placebo,837943,42,primary,shifted,1,1,1,111,0.07183333333333333,0.5459999999999999,RPM,6000.0
placebo,837943,123,primary,canonical,0,0,0,000,1.0,1.0,Gear,6000.0
placebo,837943,123,primary,canonical,0,0,0,000,0.9968333333333333,1.0,RPM,6000.0
placebo,837943,123,primary,canonical,0,0,1,001,1.0,1.0,Gear,6000.0
placebo,837943,123,primary,canonical,0,0,1,001,0.9978333333333333,1.0,RPM,6000.0
placebo,837943,123,primary,canonical,0,1,0,010,1.0,1.0,Gear,6000.0
placebo,837943,123,primary,canonical,0,1,0,010,0.9983333333333334,1.0,RPM,6000.0
placebo,837943,123,primary,canonical,0,1,1,011,1.0,1.0,Gear,6000.0
placebo,837943,123,primary,canonical,0,1,1,011,0.9980000000000001,1.0,RPM,6000.0
placebo,837943,123,primary,canonical,1,0,0,100,0.057166666666666664,0.32466666666666666,Gear,6000.0
placebo,837943,123,primary,canonical,1,0,0,100,0.28733333333333333,0.5305,RPM,6000.0
placebo,837943,123,primary,canonical,1,0,1,101,0.045500000000000006,0.8450000000000001,Gear,6000.0
placebo,837943,123,primary,canonical,1,0,1,101,0.3105,0.8776666666666667,RPM,6000.0
placebo,837943,123,primary,canonical,1,1,0,110,0.07483333333333332,0.2941666666666667,Gear,6000.0
placebo,837943,123,primary,canonical,1,1,0,110,0.295,0.4716666666666667,RPM,6000.0
placebo,837943,123,primary,canonical,1,1,1,111,0.051333333333333335,0.8546666666666667,Gear,6000.0
placebo,837943,123,primary,canonical,1,1,1,111,0.3015,0.8584999999999999,RPM,6000.0
placebo,837943,123,primary,shifted,0,0,0,000,1.0,1.0,Gear,6000.0
placebo,837943,123,primary,shifted,0,0,0,000,0.9933333333333333,1.0,RPM,6000.0
placebo,837943,123,primary,shifted,0,0,1,001,1.0,1.0,Gear,6000.0
placebo,837943,123,primary,shifted,0,0,1,001,0.9953333333333334,1.0,RPM,6000.0
placebo,837943,123,primary,shifted,0,1,0,010,1.0,1.0,Gear,6000.0
placebo,837943,123,primary,shifted,0,1,0,010,0.9965,1.0,RPM,6000.0
placebo,837943,123,primary,shifted,0,1,1,011,1.0,1.0,Gear,6000.0
placebo,837943,123,primary,shifted,0,1,1,011,0.9973333333333333,1.0,RPM,6000.0
placebo,837943,123,primary,shifted,1,0,0,100,0.056666666666666664,0.32516666666666666,Gear,6000.0
placebo,837943,123,primary,shifted,1,0,0,100,0.3036666666666667,0.5459999999999999,RPM,6000.0
placebo,837943,123,primary,shifted,1,0,1,101,0.044000000000000004,0.8451666666666666,Gear,6000.0
placebo,837943,123,primary,shifted,1,0,1,101,0.31716666666666665,0.886,RPM,6000.0
placebo,837943,123,primary,shifted,1,1,0,110,0.07366666666666667,0.2936666666666667,Gear,6000.0
placebo,837943,123,primary,shifted,1,1,0,110,0.3185,0.49099999999999994,RPM,6000.0
placebo,837943,123,primary,shifted,1,1,1,111,0.051333333333333335,0.8546666666666667,Gear,6000.0
placebo,837943,123,primary,shifted,1,1,1,111,0.31383333333333335,0.8693333333333334,RPM,6000.0
placebo,837943,2026,primary,canonical,0,0,0,000,1.0,1.0,Gear,6000.0
placebo,837943,2026,primary,canonical,0,0,0,000,0.9978333333333333,1.0,RPM,6000.0
placebo,837943,2026,primary,canonical,0,0,1,001,1.0,1.0,Gear,6000.0
placebo,837943,2026,primary,canonical,0,0,1,001,0.9981666666666668,1.0,RPM,6000.0
placebo,837943,2026,primary,canonical,0,1,0,010,1.0,1.0,Gear,6000.0
placebo,837943,2026,primary,canonical,0,1,0,010,0.9984999999999999,1.0,RPM,6000.0
placebo,837943,2026,primary,canonical,0,1,1,011,1.0,1.0,Gear,6000.0
placebo,837943,2026,primary,canonical,0,1,1,011,0.9984999999999999,1.0,RPM,6000.0
placebo,837943,2026,primary,canonical,1,0,0,100,0.077,0.30816666666666664,Gear,6000.0
placebo,837943,2026,primary,canonical,1,0,0,100,0.2343333333333333,0.37633333333333335,RPM,6000.0
placebo,837943,2026,primary,canonical,1,0,1,101,0.05883333333333333,0.6973333333333334,Gear,6000.0
placebo,837943,2026,primary,canonical,1,0,1,101,0.29083333333333333,0.8393333333333333,RPM,6000.0
placebo,837943,2026,primary,canonical,1,1,0,110,0.09800000000000002,0.2758333333333333,Gear,6000.0
placebo,837943,2026,primary,canonical,1,1,0,110,0.2688333333333333,0.36866666666666664,RPM,6000.0
placebo,837943,2026,primary,canonical,1,1,1,111,0.07283333333333335,0.6926666666666667,Gear,6000.0
placebo,837943,2026,primary,canonical,1,1,1,111,0.3033333333333333,0.8384999999999999,RPM,6000.0
placebo,837943,2026,primary,shifted,0,0,0,000,1.0,1.0,Gear,6000.0
placebo,837943,2026,primary,shifted,0,0,0,000,0.9941666666666666,1.0,RPM,6000.0
placebo,837943,2026,primary,shifted,0,0,1,001,1.0,1.0,Gear,6000.0
placebo,837943,2026,primary,shifted,0,0,1,001,0.9968333333333333,1.0,RPM,6000.0
placebo,837943,2026,primary,shifted,0,1,0,010,1.0,1.0,Gear,6000.0
placebo,837943,2026,primary,shifted,0,1,0,010,0.9966666666666667,1.0,RPM,6000.0
placebo,837943,2026,primary,shifted,0,1,1,011,1.0,1.0,Gear,6000.0
placebo,837943,2026,primary,shifted,0,1,1,011,0.9975,1.0,RPM,6000.0
placebo,837943,2026,primary,shifted,1,0,0,100,0.07633333333333334,0.30883333333333335,Gear,6000.0
placebo,837943,2026,primary,shifted,1,0,0,100,0.24166666666666667,0.3793333333333333,RPM,6000.0
placebo,837943,2026,primary,shifted,1,0,1,101,0.059,0.6986666666666667,Gear,6000.0
placebo,837943,2026,primary,shifted,1,0,1,101,0.29783333333333334,0.8466666666666667,RPM,6000.0
placebo,837943,2026,primary,shifted,1,1,0,110,0.09700000000000002,0.27516666666666667,Gear,6000.0
placebo,837943,2026,primary,shifted,1,1,0,110,0.2793333333333334,0.37333333333333335,RPM,6000.0
placebo,837943,2026,primary,shifted,1,1,1,111,0.07166666666666667,0.6936666666666667,Gear,6000.0
placebo,837943,2026,primary,shifted,1,1,1,111,0.3075,0.847,RPM,6000.0
placebo,837943,3407,primary,canonical,0,0,0,000,1.0,1.0,Gear,6000.0
placebo,837943,3407,primary,canonical,0,0,0,000,0.997,1.0,RPM,6000.0
placebo,837943,3407,primary,canonical,0,0,1,001,0.9996666666666667,1.0,Gear,6000.0
placebo,837943,3407,primary,canonical,0,0,1,001,0.9983333333333334,1.0,RPM,6000.0
placebo,837943,3407,primary,canonical,0,1,0,010,0.9998333333333335,1.0,Gear,6000.0
placebo,837943,3407,primary,canonical,0,1,0,010,0.9983333333333334,1.0,RPM,6000.0
placebo,837943,3407,primary,canonical,0,1,1,011,0.9998333333333335,1.0,Gear,6000.0
placebo,837943,3407,primary,canonical,0,1,1,011,0.9985,1.0,RPM,6000.0
placebo,837943,3407,primary,canonical,1,0,0,100,0.04800000000000001,0.3036666666666667,Gear,6000.0
placebo,837943,3407,primary,canonical,1,0,0,100,0.20983333333333332,0.3461666666666667,RPM,6000.0
placebo,837943,3407,primary,canonical,1,0,1,101,0.042166666666666665,0.7745000000000001,Gear,6000.0
placebo,837943,3407,primary,canonical,1,0,1,101,0.23266666666666666,0.7679999999999999,RPM,6000.0
placebo,837943,3407,primary,canonical,1,1,0,110,0.06,0.27899999999999997,Gear,6000.0
placebo,837943,3407,primary,canonical,1,1,0,110,0.2585,0.3433333333333333,RPM,6000.0
placebo,837943,3407,primary,canonical,1,1,1,111,0.04683333333333333,0.7638333333333334,Gear,6000.0
placebo,837943,3407,primary,canonical,1,1,1,111,0.241,0.7725,RPM,6000.0
placebo,837943,3407,primary,shifted,0,0,0,000,1.0,1.0,Gear,6000.0
placebo,837943,3407,primary,shifted,0,0,0,000,0.9940000000000001,1.0,RPM,6000.0
placebo,837943,3407,primary,shifted,0,0,1,001,0.9996666666666667,1.0,Gear,6000.0
placebo,837943,3407,primary,shifted,0,0,1,001,0.9963333333333333,1.0,RPM,6000.0
placebo,837943,3407,primary,shifted,0,1,0,010,0.9998333333333335,1.0,Gear,6000.0
placebo,837943,3407,primary,shifted,0,1,0,010,0.9965,1.0,RPM,6000.0
placebo,837943,3407,primary,shifted,0,1,1,011,0.9998333333333335,1.0,Gear,6000.0
placebo,837943,3407,primary,shifted,0,1,1,011,0.9978333333333333,1.0,RPM,6000.0
placebo,837943,3407,primary,shifted,1,0,0,100,0.04783333333333334,0.304,Gear,6000.0
placebo,837943,3407,primary,shifted,1,0,0,100,0.207,0.3423333333333334,RPM,6000.0
placebo,837943,3407,primary,shifted,1,0,1,101,0.0425,0.775,Gear,6000.0
placebo,837943,3407,primary,shifted,1,0,1,101,0.24083333333333332,0.7741666666666666,RPM,6000.0
placebo,837943,3407,primary,shifted,1,1,0,110,0.0615,0.2803333333333333,Gear,6000.0
placebo,837943,3407,primary,shifted,1,1,0,110,0.26416666666666666,0.34600000000000003,RPM,6000.0
placebo,837943,3407,primary,shifted,1,1,1,111,0.04699999999999999,0.7646666666666667,Gear,6000.0
placebo,837943,3407,primary,shifted,1,1,1,111,0.24866666666666667,0.7741666666666666,RPM,6000.0
placebo,864178,7,primary,canonical,0,0,0,000,1.0,1.0,Gear,6000.0
placebo,864178,7,primary,canonical,0,0,0,000,0.9981666666666668,1.0,RPM,6000.0
placebo,864178,7,primary,canonical,0,0,1,001,1.0,1.0,Gear,6000.0
placebo,864178,7,primary,canonical,0,0,1,001,0.9988333333333334,1.0,RPM,6000.0
placebo,864178,7,primary,canonical,0,1,0,010,1.0,1.0,Gear,6000.0
placebo,864178,7,primary,canonical,0,1,0,010,0.9981666666666666,1.0,RPM,6000.0
placebo,864178,7,primary,canonical,0,1,1,011,1.0,1.0,Gear,6000.0
placebo,864178,7,primary,canonical,0,1,1,011,0.9993333333333334,1.0,RPM,6000.0
placebo,864178,7,primary,canonical,1,0,0,100,0.04633333333333334,0.31233333333333335,Gear,6000.0
placebo,864178,7,primary,canonical,1,0,0,100,0.249,0.3983333333333334,RPM,6000.0
placebo,864178,7,primary,canonical,1,0,1,101,0.031,0.8143333333333334,Gear,6000.0
placebo,864178,7,primary,canonical,1,0,1,101,0.18233333333333332,0.7208333333333333,RPM,6000.0
placebo,864178,7,primary,canonical,1,1,0,110,0.051333333333333335,0.2745,Gear,6000.0
placebo,864178,7,primary,canonical,1,1,0,110,0.28750000000000003,0.3825,RPM,6000.0
placebo,864178,7,primary,canonical,1,1,1,111,0.0345,0.8115,Gear,6000.0
placebo,864178,7,primary,canonical,1,1,1,111,0.1785,0.7116666666666666,RPM,6000.0
placebo,864178,7,primary,shifted,0,0,0,000,1.0,1.0,Gear,6000.0
placebo,864178,7,primary,shifted,0,0,0,000,0.9950000000000001,1.0,RPM,6000.0
placebo,864178,7,primary,shifted,0,0,1,001,1.0,1.0,Gear,6000.0
placebo,864178,7,primary,shifted,0,0,1,001,0.9971666666666668,1.0,RPM,6000.0
placebo,864178,7,primary,shifted,0,1,0,010,1.0,1.0,Gear,6000.0
placebo,864178,7,primary,shifted,0,1,0,010,0.996,1.0,RPM,6000.0
placebo,864178,7,primary,shifted,0,1,1,011,1.0,1.0,Gear,6000.0
placebo,864178,7,primary,shifted,0,1,1,011,0.9981666666666668,1.0,RPM,6000.0
placebo,864178,7,primary,shifted,1,0,0,100,0.04566666666666667,0.31216666666666665,Gear,6000.0
placebo,864178,7,primary,shifted,1,0,0,100,0.25433333333333336,0.4008333333333334,RPM,6000.0
placebo,864178,7,primary,shifted,1,0,1,101,0.031,0.8165,Gear,6000.0
placebo,864178,7,primary,shifted,1,0,1,101,0.18433333333333332,0.7294999999999999,RPM,6000.0
placebo,864178,7,primary,shifted,1,1,0,110,0.051166666666666666,0.2758333333333333,Gear,6000.0
placebo,864178,7,primary,shifted,1,1,0,110,0.29,0.38633333333333336,RPM,6000.0
placebo,864178,7,primary,shifted,1,1,1,111,0.034833333333333334,0.8123333333333332,Gear,6000.0
placebo,864178,7,primary,shifted,1,1,1,111,0.17866666666666667,0.7203333333333334,RPM,6000.0
placebo,864178,42,primary,canonical,0,0,0,000,0.9998333333333335,1.0,Gear,6000.0
placebo,864178,42,primary,canonical,0,0,0,000,0.9978333333333333,1.0,RPM,6000.0
placebo,864178,42,primary,canonical,0,0,1,001,0.9996666666666667,1.0,Gear,6000.0
placebo,864178,42,primary,canonical,0,0,1,001,0.9978333333333333,1.0,RPM,6000.0
placebo,864178,42,primary,canonical,0,1,0,010,0.9996666666666667,1.0,Gear,6000.0
placebo,864178,42,primary,canonical,0,1,0,010,0.9985,1.0,RPM,6000.0
placebo,864178,42,primary,canonical,0,1,1,011,0.9998333333333335,1.0,Gear,6000.0
placebo,864178,42,primary,canonical,0,1,1,011,0.9986666666666667,1.0,RPM,6000.0
placebo,864178,42,primary,canonical,1,0,0,100,0.052333333333333336,0.25183333333333335,Gear,6000.0
placebo,864178,42,primary,canonical,1,0,0,100,0.25766666666666665,0.39116666666666666,RPM,6000.0
placebo,864178,42,primary,canonical,1,0,1,101,0.036000000000000004,0.8428333333333334,Gear,6000.0
placebo,864178,42,primary,canonical,1,0,1,101,0.2926666666666667,0.8380000000000001,RPM,6000.0
placebo,864178,42,primary,canonical,1,1,0,110,0.06083333333333333,0.21533333333333335,Gear,6000.0
placebo,864178,42,primary,canonical,1,1,0,110,0.3133333333333333,0.4008333333333334,RPM,6000.0
placebo,864178,42,primary,canonical,1,1,1,111,0.043833333333333335,0.835,Gear,6000.0
placebo,864178,42,primary,canonical,1,1,1,111,0.2861666666666667,0.8079999999999999,RPM,6000.0
placebo,864178,42,primary,shifted,0,0,0,000,0.9998333333333335,1.0,Gear,6000.0
placebo,864178,42,primary,shifted,0,0,0,000,0.9945,1.0,RPM,6000.0
placebo,864178,42,primary,shifted,0,0,1,001,0.9996666666666667,1.0,Gear,6000.0
placebo,864178,42,primary,shifted,0,0,1,001,0.9963333333333333,1.0,RPM,6000.0
placebo,864178,42,primary,shifted,0,1,0,010,0.9996666666666667,1.0,Gear,6000.0
placebo,864178,42,primary,shifted,0,1,0,010,0.996,1.0,RPM,6000.0
placebo,864178,42,primary,shifted,0,1,1,011,0.9998333333333335,1.0,Gear,6000.0
placebo,864178,42,primary,shifted,0,1,1,011,0.9976666666666668,1.0,RPM,6000.0
placebo,864178,42,primary,shifted,1,0,0,100,0.051666666666666666,0.25183333333333335,Gear,6000.0
placebo,864178,42,primary,shifted,1,0,0,100,0.2823333333333333,0.4095,RPM,6000.0
placebo,864178,42,primary,shifted,1,0,1,101,0.036000000000000004,0.8446666666666666,Gear,6000.0
placebo,864178,42,primary,shifted,1,0,1,101,0.3136666666666667,0.8543333333333334,RPM,6000.0
placebo,864178,42,primary,shifted,1,1,0,110,0.06066666666666667,0.21683333333333335,Gear,6000.0
placebo,864178,42,primary,shifted,1,1,0,110,0.3276666666666667,0.409,RPM,6000.0
placebo,864178,42,primary,shifted,1,1,1,111,0.043500000000000004,0.8351666666666667,Gear,6000.0
placebo,864178,42,primary,shifted,1,1,1,111,0.3053333333333333,0.8245,RPM,6000.0
placebo,864178,123,primary,canonical,0,0,0,000,1.0,1.0,Gear,6000.0
placebo,864178,123,primary,canonical,0,0,0,000,0.9976666666666666,1.0,RPM,6000.0
placebo,864178,123,primary,canonical,0,0,1,001,0.9996666666666667,1.0,Gear,6000.0
placebo,864178,123,primary,canonical,0,0,1,001,0.9983333333333334,1.0,RPM,6000.0
placebo,864178,123,primary,canonical,0,1,0,010,0.9998333333333335,1.0,Gear,6000.0
placebo,864178,123,primary,canonical,0,1,0,010,0.9983333333333334,1.0,RPM,6000.0
placebo,864178,123,primary,canonical,0,1,1,011,0.9998333333333335,1.0,Gear,6000.0
placebo,864178,123,primary,canonical,0,1,1,011,0.9988333333333334,1.0,RPM,6000.0
placebo,864178,123,primary,canonical,1,0,0,100,0.031,0.2846666666666667,Gear,6000.0
placebo,864178,123,primary,canonical,1,0,0,100,0.19899999999999998,0.31716666666666665,RPM,6000.0
placebo,864178,123,primary,canonical,1,0,1,101,0.03183333333333333,0.69,Gear,6000.0
placebo,864178,123,primary,canonical,1,0,1,101,0.16016666666666668,0.7513333333333333,RPM,6000.0
placebo,864178,123,primary,canonical,1,1,0,110,0.032,0.23866666666666667,Gear,6000.0
placebo,864178,123,primary,canonical,1,1,0,110,0.217,0.2965,RPM,6000.0
placebo,864178,123,primary,canonical,1,1,1,111,0.034833333333333334,0.6986666666666667,Gear,6000.0
placebo,864178,123,primary,canonical,1,1,1,111,0.16716666666666669,0.7708333333333334,RPM,6000.0
placebo,864178,123,primary,shifted,0,0,0,000,1.0,1.0,Gear,6000.0
placebo,864178,123,primary,shifted,0,0,0,000,0.9936666666666666,1.0,RPM,6000.0
placebo,864178,123,primary,shifted,0,0,1,001,0.9996666666666667,1.0,Gear,6000.0
placebo,864178,123,primary,shifted,0,0,1,001,0.9968333333333333,1.0,RPM,6000.0
placebo,864178,123,primary,shifted,0,1,0,010,0.9998333333333335,1.0,Gear,6000.0
placebo,864178,123,primary,shifted,0,1,0,010,0.9958333333333332,1.0,RPM,6000.0
placebo,864178,123,primary,shifted,0,1,1,011,0.9998333333333335,1.0,Gear,6000.0
placebo,864178,123,primary,shifted,0,1,1,011,0.9978333333333333,1.0,RPM,6000.0
placebo,864178,123,primary,shifted,1,0,0,100,0.030833333333333334,0.2861666666666667,Gear,6000.0
placebo,864178,123,primary,shifted,1,0,0,100,0.20266666666666666,0.32233333333333336,RPM,6000.0
placebo,864178,123,primary,shifted,1,0,1,101,0.03166666666666667,0.6908333333333333,Gear,6000.0
placebo,864178,123,primary,shifted,1,0,1,101,0.16433333333333333,0.7596666666666666,RPM,6000.0
placebo,864178,123,primary,shifted,1,1,0,110,0.032,0.23950000000000002,Gear,6000.0
placebo,864178,123,primary,shifted,1,1,0,110,0.217,0.29716666666666663,RPM,6000.0
placebo,864178,123,primary,shifted,1,1,1,111,0.034833333333333334,0.6986666666666667,Gear,6000.0
placebo,864178,123,primary,shifted,1,1,1,111,0.16949999999999998,0.7768333333333333,RPM,6000.0
placebo,864178,2026,primary,canonical,0,0,0,000,0.9998333333333335,1.0,Gear,6000.0
placebo,864178,2026,primary,canonical,0,0,0,000,0.9973333333333333,1.0,RPM,6000.0
placebo,864178,2026,primary,canonical,0,0,1,001,0.9998333333333335,1.0,Gear,6000.0
placebo,864178,2026,primary,canonical,0,0,1,001,0.9988333333333334,1.0,RPM,6000.0
placebo,864178,2026,primary,canonical,0,1,0,010,0.9996666666666667,1.0,Gear,6000.0
placebo,864178,2026,primary,canonical,0,1,0,010,0.9983333333333334,1.0,RPM,6000.0
placebo,864178,2026,primary,canonical,0,1,1,011,0.9998333333333335,1.0,Gear,6000.0
placebo,864178,2026,primary,canonical,0,1,1,011,0.9991666666666666,1.0,RPM,6000.0
placebo,864178,2026,primary,canonical,1,0,0,100,0.051833333333333335,0.25183333333333335,Gear,6000.0
placebo,864178,2026,primary,canonical,1,0,0,100,0.146,0.31583333333333335,RPM,6000.0
placebo,864178,2026,primary,canonical,1,0,1,101,0.042333333333333334,0.6441666666666667,Gear,6000.0
placebo,864178,2026,primary,canonical,1,0,1,101,0.0595,0.6201666666666666,RPM,6000.0
placebo,864178,2026,primary,canonical,1,1,0,110,0.058499999999999996,0.20533333333333334,Gear,6000.0
placebo,864178,2026,primary,canonical,1,1,0,110,0.17166666666666666,0.28350000000000003,RPM,6000.0
placebo,864178,2026,primary,canonical,1,1,1,111,0.04816666666666667,0.6255000000000001,Gear,6000.0
placebo,864178,2026,primary,canonical,1,1,1,111,0.05416666666666667,0.6305,RPM,6000.0
placebo,864178,2026,primary,shifted,0,0,0,000,0.9998333333333335,1.0,Gear,6000.0
placebo,864178,2026,primary,shifted,0,0,0,000,0.9933333333333333,1.0,RPM,6000.0
placebo,864178,2026,primary,shifted,0,0,1,001,0.9998333333333335,1.0,Gear,6000.0
placebo,864178,2026,primary,shifted,0,0,1,001,0.9975,1.0,RPM,6000.0
placebo,864178,2026,primary,shifted,0,1,0,010,0.9996666666666667,1.0,Gear,6000.0
placebo,864178,2026,primary,shifted,0,1,0,010,0.9956666666666667,1.0,RPM,6000.0
placebo,864178,2026,primary,shifted,0,1,1,011,0.9998333333333335,1.0,Gear,6000.0
placebo,864178,2026,primary,shifted,0,1,1,011,0.9978333333333333,1.0,RPM,6000.0
placebo,864178,2026,primary,shifted,1,0,0,100,0.051666666666666666,0.252,Gear,6000.0
placebo,864178,2026,primary,shifted,1,0,0,100,0.14683333333333334,0.31233333333333335,RPM,6000.0
placebo,864178,2026,primary,shifted,1,0,1,101,0.042166666666666665,0.6453333333333333,Gear,6000.0
placebo,864178,2026,primary,shifted,1,0,1,101,0.05566666666666667,0.6164999999999999,RPM,6000.0
placebo,864178,2026,primary,shifted,1,1,0,110,0.058666666666666666,0.207,Gear,6000.0
placebo,864178,2026,primary,shifted,1,1,0,110,0.16949999999999998,0.27666666666666667,RPM,6000.0
placebo,864178,2026,primary,shifted,1,1,1,111,0.04750000000000001,0.6278333333333334,Gear,6000.0
placebo,864178,2026,primary,shifted,1,1,1,111,0.054,0.6228333333333333,RPM,6000.0
placebo,864178,3407,primary,canonical,0,0,0,000,1.0,1.0,Gear,6000.0
placebo,864178,3407,primary,canonical,0,0,0,000,0.9984999999999999,1.0,RPM,6000.0
placebo,864178,3407,primary,canonical,0,0,1,001,0.9998333333333335,1.0,Gear,6000.0
placebo,864178,3407,primary,canonical,0,0,1,001,0.9981666666666666,1.0,RPM,6000.0
placebo,864178,3407,primary,canonical,0,1,0,010,0.9998333333333335,1.0,Gear,6000.0
placebo,864178,3407,primary,canonical,0,1,0,010,0.9988333333333334,1.0,RPM,6000.0
placebo,864178,3407,primary,canonical,0,1,1,011,0.9998333333333335,1.0,Gear,6000.0
placebo,864178,3407,primary,canonical,0,1,1,011,0.9985,1.0,RPM,6000.0
placebo,864178,3407,primary,canonical,1,0,0,100,0.030166666666666665,0.2145,Gear,6000.0
placebo,864178,3407,primary,canonical,1,0,0,100,0.30216666666666664,0.4371666666666667,RPM,6000.0
placebo,864178,3407,primary,canonical,1,0,1,101,0.03283333333333333,0.5888333333333334,Gear,6000.0
placebo,864178,3407,primary,canonical,1,0,1,101,0.16749999999999998,0.8271666666666667,RPM,6000.0
placebo,864178,3407,primary,canonical,1,1,0,110,0.032,0.17149999999999999,Gear,6000.0
placebo,864178,3407,primary,canonical,1,1,0,110,0.31716666666666665,0.409,RPM,6000.0
placebo,864178,3407,primary,canonical,1,1,1,111,0.03916666666666666,0.5706666666666667,Gear,6000.0
placebo,864178,3407,primary,canonical,1,1,1,111,0.19816666666666669,0.8428333333333334,RPM,6000.0
placebo,864178,3407,primary,shifted,0,0,0,000,1.0,1.0,Gear,6000.0
placebo,864178,3407,primary,shifted,0,0,0,000,0.9956666666666667,1.0,RPM,6000.0
placebo,864178,3407,primary,shifted,0,0,1,001,0.9998333333333335,1.0,Gear,6000.0
placebo,864178,3407,primary,shifted,0,0,1,001,0.9966666666666667,1.0,RPM,6000.0
placebo,864178,3407,primary,shifted,0,1,0,010,0.9998333333333335,1.0,Gear,6000.0
placebo,864178,3407,primary,shifted,0,1,0,010,0.9968333333333333,1.0,RPM,6000.0
placebo,864178,3407,primary,shifted,0,1,1,011,0.9998333333333335,1.0,Gear,6000.0
placebo,864178,3407,primary,shifted,0,1,1,011,0.9976666666666668,1.0,RPM,6000.0
placebo,864178,3407,primary,shifted,1,0,0,100,0.030166666666666665,0.21616666666666665,Gear,6000.0
placebo,864178,3407,primary,shifted,1,0,0,100,0.30683333333333335,0.43566666666666665,RPM,6000.0
placebo,864178,3407,primary,shifted,1,0,1,101,0.033,0.5896666666666667,Gear,6000.0
placebo,864178,3407,primary,shifted,1,0,1,101,0.18466666666666667,0.8243333333333333,RPM,6000.0
placebo,864178,3407,primary,shifted,1,1,0,110,0.032,0.1731666666666667,Gear,6000.0
placebo,864178,3407,primary,shifted,1,1,0,110,0.324,0.41133333333333333,RPM,6000.0
placebo,864178,3407,primary,shifted,1,1,1,111,0.03916666666666666,0.5723333333333334,Gear,6000.0
placebo,864178,3407,primary,shifted,1,1,1,111,0.2115,0.8378333333333333,RPM,6000.0
placebo,922089,7,primary,canonical,0,0,0,000,1.0,1.0,Gear,6000.0
placebo,922089,7,primary,canonical,0,0,0,000,0.9973333333333333,1.0,RPM,6000.0
placebo,922089,7,primary,canonical,0,0,1,001,0.9996666666666667,1.0,Gear,6000.0
placebo,922089,7,primary,canonical,0,0,1,001,0.9981666666666666,1.0,RPM,6000.0
placebo,922089,7,primary,canonical,0,1,0,010,1.0,1.0,Gear,6000.0
placebo,922089,7,primary,canonical,0,1,0,010,0.9981666666666666,1.0,RPM,6000.0
placebo,922089,7,primary,canonical,0,1,1,011,1.0,1.0,Gear,6000.0
placebo,922089,7,primary,canonical,0,1,1,011,0.9988333333333334,1.0,RPM,6000.0
placebo,922089,7,primary,canonical,1,0,0,100,0.12533333333333332,0.3255,Gear,6000.0
placebo,922089,7,primary,canonical,1,0,0,100,0.27416666666666667,0.49433333333333335,RPM,6000.0
placebo,922089,7,primary,canonical,1,0,1,101,0.035,0.9095,Gear,6000.0
placebo,922089,7,primary,canonical,1,0,1,101,0.07933333333333333,0.81,RPM,6000.0
placebo,922089,7,primary,canonical,1,1,0,110,0.1443333333333333,0.3036666666666667,Gear,6000.0
placebo,922089,7,primary,canonical,1,1,0,110,0.2865,0.4741666666666666,RPM,6000.0
placebo,922089,7,primary,canonical,1,1,1,111,0.033,0.9151666666666666,Gear,6000.0
placebo,922089,7,primary,canonical,1,1,1,111,0.07033333333333333,0.8133333333333334,RPM,6000.0
placebo,922089,7,primary,shifted,0,0,0,000,1.0,1.0,Gear,6000.0
placebo,922089,7,primary,shifted,0,0,0,000,0.9936666666666666,1.0,RPM,6000.0
placebo,922089,7,primary,shifted,0,0,1,001,0.9996666666666667,1.0,Gear,6000.0
placebo,922089,7,primary,shifted,0,0,1,001,0.9955000000000002,1.0,RPM,6000.0
placebo,922089,7,primary,shifted,0,1,0,010,1.0,1.0,Gear,6000.0
placebo,922089,7,primary,shifted,0,1,0,010,0.9973333333333333,1.0,RPM,6000.0
placebo,922089,7,primary,shifted,0,1,1,011,1.0,1.0,Gear,6000.0
placebo,922089,7,primary,shifted,0,1,1,011,0.9981666666666668,1.0,RPM,6000.0
placebo,922089,7,primary,shifted,1,0,0,100,0.12533333333333332,0.326,Gear,6000.0
placebo,922089,7,primary,shifted,1,0,0,100,0.27799999999999997,0.4995,RPM,6000.0
placebo,922089,7,primary,shifted,1,0,1,101,0.034833333333333334,0.9089999999999999,Gear,6000.0
placebo,922089,7,primary,shifted,1,0,1,101,0.08166666666666667,0.8275,RPM,6000.0
placebo,922089,7,primary,shifted,1,1,0,110,0.1445,0.30433333333333334,Gear,6000.0
placebo,922089,7,primary,shifted,1,1,0,110,0.2873333333333333,0.47866666666666663,RPM,6000.0
placebo,922089,7,primary,shifted,1,1,1,111,0.03316666666666667,0.916,Gear,6000.0
placebo,922089,7,primary,shifted,1,1,1,111,0.073,0.826,RPM,6000.0
placebo,922089,42,primary,canonical,0,0,0,000,1.0,1.0,Gear,6000.0
placebo,922089,42,primary,canonical,0,0,0,000,0.9980000000000001,1.0,RPM,6000.0
placebo,922089,42,primary,canonical,0,0,1,001,1.0,1.0,Gear,6000.0
placebo,922089,42,primary,canonical,0,0,1,001,0.9986666666666667,1.0,RPM,6000.0
placebo,922089,42,primary,canonical,0,1,0,010,1.0,1.0,Gear,6000.0
placebo,922089,42,primary,canonical,0,1,0,010,0.9984999999999999,1.0,RPM,6000.0
placebo,922089,42,primary,canonical,0,1,1,011,1.0,1.0,Gear,6000.0
placebo,922089,42,primary,canonical,0,1,1,011,0.9988333333333334,1.0,RPM,6000.0
placebo,922089,42,primary,canonical,1,0,0,100,0.08750000000000001,0.29266666666666663,Gear,6000.0
placebo,922089,42,primary,canonical,1,0,0,100,0.18000000000000002,0.2651666666666667,RPM,6000.0
placebo,922089,42,primary,canonical,1,0,1,101,0.04733333333333333,0.6916666666666665,Gear,6000.0
placebo,922089,42,primary,canonical,1,0,1,101,0.23950000000000002,0.6736666666666666,RPM,6000.0
placebo,922089,42,primary,canonical,1,1,0,110,0.10183333333333333,0.2615,Gear,6000.0
placebo,922089,42,primary,canonical,1,1,0,110,0.2006666666666667,0.25016666666666665,RPM,6000.0
placebo,922089,42,primary,canonical,1,1,1,111,0.061,0.6923333333333334,Gear,6000.0
placebo,922089,42,primary,canonical,1,1,1,111,0.24783333333333335,0.6571666666666667,RPM,6000.0
placebo,922089,42,primary,shifted,0,0,0,000,1.0,1.0,Gear,6000.0
placebo,922089,42,primary,shifted,0,0,0,000,0.9945,1.0,RPM,6000.0
placebo,922089,42,primary,shifted,0,0,1,001,1.0,1.0,Gear,6000.0
placebo,922089,42,primary,shifted,0,0,1,001,0.9966666666666667,1.0,RPM,6000.0
placebo,922089,42,primary,shifted,0,1,0,010,1.0,1.0,Gear,6000.0
placebo,922089,42,primary,shifted,0,1,0,010,0.9965,1.0,RPM,6000.0
placebo,922089,42,primary,shifted,0,1,1,011,1.0,1.0,Gear,6000.0
placebo,922089,42,primary,shifted,0,1,1,011,0.9975,1.0,RPM,6000.0
placebo,922089,42,primary,shifted,1,0,0,100,0.08716666666666667,0.29233333333333333,Gear,6000.0
placebo,922089,42,primary,shifted,1,0,0,100,0.17633333333333334,0.25983333333333336,RPM,6000.0
placebo,922089,42,primary,shifted,1,0,1,101,0.04699999999999999,0.6913333333333332,Gear,6000.0
placebo,922089,42,primary,shifted,1,0,1,101,0.24450000000000002,0.6905,RPM,6000.0
placebo,922089,42,primary,shifted,1,1,0,110,0.10233333333333333,0.2625,Gear,6000.0
placebo,922089,42,primary,shifted,1,1,0,110,0.19899999999999998,0.24716666666666667,RPM,6000.0
placebo,922089,42,primary,shifted,1,1,1,111,0.06066666666666667,0.6943333333333334,Gear,6000.0
placebo,922089,42,primary,shifted,1,1,1,111,0.24450000000000002,0.6711666666666667,RPM,6000.0
placebo,922089,123,primary,canonical,0,0,0,000,1.0,1.0,Gear,6000.0
placebo,922089,123,primary,canonical,0,0,0,000,0.9973333333333333,1.0,RPM,6000.0
placebo,922089,123,primary,canonical,0,0,1,001,1.0,1.0,Gear,6000.0
placebo,922089,123,primary,canonical,0,0,1,001,0.9986666666666667,1.0,RPM,6000.0
placebo,922089,123,primary,canonical,0,1,0,010,1.0,1.0,Gear,6000.0
placebo,922089,123,primary,canonical,0,1,0,010,0.9983333333333334,1.0,RPM,6000.0
placebo,922089,123,primary,canonical,0,1,1,011,0.9998333333333335,1.0,Gear,6000.0
placebo,922089,123,primary,canonical,0,1,1,011,0.9988333333333334,1.0,RPM,6000.0
placebo,922089,123,primary,canonical,1,0,0,100,0.034833333333333334,0.18233333333333332,Gear,6000.0
placebo,922089,123,primary,canonical,1,0,0,100,0.063,0.22999999999999998,RPM,6000.0
placebo,922089,123,primary,canonical,1,0,1,101,0.032,0.6838333333333333,Gear,6000.0
placebo,922089,123,primary,canonical,1,0,1,101,0.03766666666666666,0.4451666666666667,RPM,6000.0
placebo,922089,123,primary,canonical,1,1,0,110,0.03916666666666666,0.14283333333333334,Gear,6000.0
placebo,922089,123,primary,canonical,1,1,0,110,0.08750000000000001,0.21183333333333332,RPM,6000.0
placebo,922089,123,primary,canonical,1,1,1,111,0.036500000000000005,0.6876666666666668,Gear,6000.0
placebo,922089,123,primary,canonical,1,1,1,111,0.042833333333333334,0.42883333333333334,RPM,6000.0
placebo,922089,123,primary,shifted,0,0,0,000,1.0,1.0,Gear,6000.0
placebo,922089,123,primary,shifted,0,0,0,000,0.993,1.0,RPM,6000.0
placebo,922089,123,primary,shifted,0,0,1,001,1.0,1.0,Gear,6000.0
placebo,922089,123,primary,shifted,0,0,1,001,0.9963333333333333,1.0,RPM,6000.0
placebo,922089,123,primary,shifted,0,1,0,010,1.0,1.0,Gear,6000.0
placebo,922089,123,primary,shifted,0,1,0,010,0.9963333333333333,1.0,RPM,6000.0
placebo,922089,123,primary,shifted,0,1,1,011,0.9998333333333335,1.0,Gear,6000.0
placebo,922089,123,primary,shifted,0,1,1,011,0.9975,1.0,RPM,6000.0
placebo,922089,123,primary,shifted,1,0,0,100,0.03466666666666667,0.1835,Gear,6000.0
placebo,922089,123,primary,shifted,1,0,0,100,0.06883333333333334,0.23983333333333334,RPM,6000.0
placebo,922089,123,primary,shifted,1,0,1,101,0.03183333333333333,0.6843333333333333,Gear,6000.0
placebo,922089,123,primary,shifted,1,0,1,101,0.03983333333333333,0.45683333333333337,RPM,6000.0
placebo,922089,123,primary,shifted,1,1,0,110,0.03866666666666666,0.143,Gear,6000.0
placebo,922089,123,primary,shifted,1,1,0,110,0.10283333333333333,0.229,RPM,6000.0
placebo,922089,123,primary,shifted,1,1,1,111,0.035833333333333335,0.6881666666666666,Gear,6000.0
placebo,922089,123,primary,shifted,1,1,1,111,0.04700000000000001,0.446,RPM,6000.0
placebo,922089,2026,primary,canonical,0,0,0,000,1.0,1.0,Gear,6000.0
placebo,922089,2026,primary,canonical,0,0,0,000,0.9978333333333333,1.0,RPM,6000.0
placebo,922089,2026,primary,canonical,0,0,1,001,1.0,1.0,Gear,6000.0
placebo,922089,2026,primary,canonical,0,0,1,001,0.9988333333333334,1.0,RPM,6000.0
placebo,922089,2026,primary,canonical,0,1,0,010,1.0,1.0,Gear,6000.0
placebo,922089,2026,primary,canonical,0,1,0,010,0.9981666666666668,1.0,RPM,6000.0
placebo,922089,2026,primary,canonical,0,1,1,011,1.0,1.0,Gear,6000.0
placebo,922089,2026,primary,canonical,0,1,1,011,0.9991666666666666,1.0,RPM,6000.0
placebo,922089,2026,primary,canonical,1,0,0,100,0.030166666666666665,0.21183333333333332,Gear,6000.0
placebo,922089,2026,primary,canonical,1,0,0,100,0.25166666666666665,0.43483333333333335,RPM,6000.0
placebo,922089,2026,primary,canonical,1,0,1,101,0.030666666666666665,0.6349999999999999,Gear,6000.0
placebo,922089,2026,primary,canonical,1,0,1,101,0.0775,0.5804999999999999,RPM,6000.0
placebo,922089,2026,primary,canonical,1,1,0,110,0.03133333333333333,0.16933333333333334,Gear,6000.0
placebo,922089,2026,primary,canonical,1,1,0,110,0.2881666666666666,0.42449999999999993,RPM,6000.0
placebo,922089,2026,primary,canonical,1,1,1,111,0.0315,0.6433333333333333,Gear,6000.0
placebo,922089,2026,primary,canonical,1,1,1,111,0.08833333333333333,0.5875,RPM,6000.0
placebo,922089,2026,primary,shifted,0,0,0,000,1.0,1.0,Gear,6000.0
placebo,922089,2026,primary,shifted,0,0,0,000,0.9938333333333333,1.0,RPM,6000.0
placebo,922089,2026,primary,shifted,0,0,1,001,1.0,1.0,Gear,6000.0
placebo,922089,2026,primary,shifted,0,0,1,001,0.9971666666666668,1.0,RPM,6000.0
placebo,922089,2026,primary,shifted,0,1,0,010,1.0,1.0,Gear,6000.0
placebo,922089,2026,primary,shifted,0,1,0,010,0.997,1.0,RPM,6000.0
placebo,922089,2026,primary,shifted,0,1,1,011,1.0,1.0,Gear,6000.0
placebo,922089,2026,primary,shifted,0,1,1,011,0.9980000000000001,1.0,RPM,6000.0
placebo,922089,2026,primary,shifted,1,0,0,100,0.030333333333333334,0.21283333333333332,Gear,6000.0
placebo,922089,2026,primary,shifted,1,0,0,100,0.25933333333333336,0.43983333333333335,RPM,6000.0
placebo,922089,2026,primary,shifted,1,0,1,101,0.030333333333333334,0.6353333333333334,Gear,6000.0
placebo,922089,2026,primary,shifted,1,0,1,101,0.0825,0.5858333333333333,RPM,6000.0
placebo,922089,2026,primary,shifted,1,1,0,110,0.0315,0.1708333333333333,Gear,6000.0
placebo,922089,2026,primary,shifted,1,1,0,110,0.29483333333333334,0.4306666666666667,RPM,6000.0
placebo,922089,2026,primary,shifted,1,1,1,111,0.03183333333333333,0.646,Gear,6000.0
placebo,922089,2026,primary,shifted,1,1,1,111,0.09633333333333334,0.5948333333333333,RPM,6000.0
placebo,922089,3407,primary,canonical,0,0,0,000,1.0,1.0,Gear,6000.0
placebo,922089,3407,primary,canonical,0,0,0,000,0.9971666666666668,1.0,RPM,6000.0
placebo,922089,3407,primary,canonical,0,0,1,001,1.0,1.0,Gear,6000.0
placebo,922089,3407,primary,canonical,0,0,1,001,0.9978333333333333,1.0,RPM,6000.0
placebo,922089,3407,primary,canonical,0,1,0,010,1.0,1.0,Gear,6000.0
placebo,922089,3407,primary,canonical,0,1,0,010,0.9983333333333334,1.0,RPM,6000.0
placebo,922089,3407,primary,canonical,0,1,1,011,1.0,1.0,Gear,6000.0
placebo,922089,3407,primary,canonical,0,1,1,011,0.9988333333333334,1.0,RPM,6000.0
placebo,922089,3407,primary,canonical,1,0,0,100,0.056833333333333326,0.22116666666666665,Gear,6000.0
placebo,922089,3407,primary,canonical,1,0,0,100,0.2353333333333333,0.3463333333333334,RPM,6000.0
placebo,922089,3407,primary,canonical,1,0,1,101,0.0515,0.5556666666666666,Gear,6000.0
placebo,922089,3407,primary,canonical,1,0,1,101,0.09849999999999999,0.6960000000000001,RPM,6000.0
placebo,922089,3407,primary,canonical,1,1,0,110,0.06916666666666667,0.19566666666666666,Gear,6000.0
placebo,922089,3407,primary,canonical,1,1,0,110,0.25633333333333336,0.3275,RPM,6000.0
placebo,922089,3407,primary,canonical,1,1,1,111,0.06116666666666667,0.5263333333333333,Gear,6000.0
placebo,922089,3407,primary,canonical,1,1,1,111,0.10966666666666668,0.6993333333333333,RPM,6000.0
placebo,922089,3407,primary,shifted,0,0,0,000,1.0,1.0,Gear,6000.0
placebo,922089,3407,primary,shifted,0,0,0,000,0.9941666666666666,1.0,RPM,6000.0
placebo,922089,3407,primary,shifted,0,0,1,001,1.0,1.0,Gear,6000.0
placebo,922089,3407,primary,shifted,0,0,1,001,0.9963333333333333,1.0,RPM,6000.0
placebo,922089,3407,primary,shifted,0,1,0,010,1.0,1.0,Gear,6000.0
placebo,922089,3407,primary,shifted,0,1,0,010,0.9966666666666667,1.0,RPM,6000.0
placebo,922089,3407,primary,shifted,0,1,1,011,1.0,1.0,Gear,6000.0
placebo,922089,3407,primary,shifted,0,1,1,011,0.9976666666666668,1.0,RPM,6000.0
placebo,922089,3407,primary,shifted,1,0,0,100,0.057166666666666664,0.22183333333333333,Gear,6000.0
placebo,922089,3407,primary,shifted,1,0,0,100,0.236,0.3481666666666667,RPM,6000.0
placebo,922089,3407,primary,shifted,1,0,1,101,0.050833333333333335,0.5566666666666666,Gear,6000.0
placebo,922089,3407,primary,shifted,1,0,1,101,0.10733333333333334,0.7105,RPM,6000.0
placebo,922089,3407,primary,shifted,1,1,0,110,0.0675,0.19516666666666668,Gear,6000.0
placebo,922089,3407,primary,shifted,1,1,0,110,0.25133333333333335,0.3225,RPM,6000.0
placebo,922089,3407,primary,shifted,1,1,1,111,0.06066666666666667,0.5266666666666667,Gear,6000.0
placebo,922089,3407,primary,shifted,1,1,1,111,0.1175,0.715,RPM,6000.0
placebo,999191,7,primary,canonical,0,0,0,000,0.9998333333333335,1.0,Gear,6000.0
placebo,999191,7,primary,canonical,0,0,0,000,0.9971666666666668,1.0,RPM,6000.0
placebo,999191,7,primary,canonical,0,0,1,001,0.9998333333333335,1.0,Gear,6000.0
placebo,999191,7,primary,canonical,0,0,1,001,0.9991666666666666,1.0,RPM,6000.0
placebo,999191,7,primary,canonical,0,1,0,010,0.9998333333333335,1.0,Gear,6000.0
placebo,999191,7,primary,canonical,0,1,0,010,0.9981666666666666,1.0,RPM,6000.0
placebo,999191,7,primary,canonical,0,1,1,011,0.9998333333333335,1.0,Gear,6000.0
placebo,999191,7,primary,canonical,0,1,1,011,0.9991666666666666,1.0,RPM,6000.0
placebo,999191,7,primary,canonical,1,0,0,100,0.03316666666666667,0.219,Gear,6000.0
placebo,999191,7,primary,canonical,1,0,0,100,0.14500000000000002,0.3336666666666667,RPM,6000.0
placebo,999191,7,primary,canonical,1,0,1,101,0.03266666666666667,0.7318333333333333,Gear,6000.0
placebo,999191,7,primary,canonical,1,0,1,101,0.057999999999999996,0.6903333333333332,RPM,6000.0
placebo,999191,7,primary,canonical,1,1,0,110,0.03466666666666667,0.1855,Gear,6000.0
placebo,999191,7,primary,canonical,1,1,0,110,0.13649999999999998,0.28200000000000003,RPM,6000.0
placebo,999191,7,primary,canonical,1,1,1,111,0.036000000000000004,0.7443333333333334,Gear,6000.0
placebo,999191,7,primary,canonical,1,1,1,111,0.06,0.6953333333333332,RPM,6000.0
placebo,999191,7,primary,shifted,0,0,0,000,0.9998333333333335,1.0,Gear,6000.0
placebo,999191,7,primary,shifted,0,0,0,000,0.9943333333333334,1.0,RPM,6000.0
placebo,999191,7,primary,shifted,0,0,1,001,0.9998333333333335,1.0,Gear,6000.0
placebo,999191,7,primary,shifted,0,0,1,001,0.9971666666666668,1.0,RPM,6000.0
placebo,999191,7,primary,shifted,0,1,0,010,0.9998333333333335,1.0,Gear,6000.0
placebo,999191,7,primary,shifted,0,1,0,010,0.9961666666666668,1.0,RPM,6000.0
placebo,999191,7,primary,shifted,0,1,1,011,0.9998333333333335,1.0,Gear,6000.0
placebo,999191,7,primary,shifted,0,1,1,011,0.9978333333333333,1.0,RPM,6000.0
placebo,999191,7,primary,shifted,1,0,0,100,0.03283333333333333,0.21966666666666668,Gear,6000.0
placebo,999191,7,primary,shifted,1,0,0,100,0.14383333333333334,0.334,RPM,6000.0
placebo,999191,7,primary,shifted,1,0,1,101,0.03283333333333333,0.7323333333333334,Gear,6000.0
placebo,999191,7,primary,shifted,1,0,1,101,0.058166666666666665,0.7006666666666667,RPM,6000.0
placebo,999191,7,primary,shifted,1,1,0,110,0.0345,0.18583333333333332,Gear,6000.0
placebo,999191,7,primary,shifted,1,1,0,110,0.13416666666666666,0.28250000000000003,RPM,6000.0
placebo,999191,7,primary,shifted,1,1,1,111,0.036000000000000004,0.7453333333333334,Gear,6000.0
placebo,999191,7,primary,shifted,1,1,1,111,0.06083333333333333,0.7048333333333333,RPM,6000.0
placebo,999191,42,primary,canonical,0,0,0,000,1.0,1.0,Gear,6000.0
placebo,999191,42,primary,canonical,0,0,0,000,0.9971666666666668,1.0,RPM,6000.0
placebo,999191,42,primary,canonical,0,0,1,001,0.9998333333333335,1.0,Gear,6000.0
placebo,999191,42,primary,canonical,0,0,1,001,0.9975,1.0,RPM,6000.0
placebo,999191,42,primary,canonical,0,1,0,010,0.9998333333333335,1.0,Gear,6000.0
placebo,999191,42,primary,canonical,0,1,0,010,0.9986666666666667,1.0,RPM,6000.0
placebo,999191,42,primary,canonical,0,1,1,011,0.9998333333333335,1.0,Gear,6000.0
placebo,999191,42,primary,canonical,0,1,1,011,0.9981666666666668,1.0,RPM,6000.0
placebo,999191,42,primary,canonical,1,0,0,100,0.069,0.32866666666666666,Gear,6000.0
placebo,999191,42,primary,canonical,1,0,0,100,0.107,0.26216666666666666,RPM,6000.0
placebo,999191,42,primary,canonical,1,0,1,101,0.034333333333333334,0.761,Gear,6000.0
placebo,999191,42,primary,canonical,1,0,1,101,0.07066666666666667,0.5935,RPM,6000.0
placebo,999191,42,primary,canonical,1,1,0,110,0.08083333333333333,0.2925,Gear,6000.0
placebo,999191,42,primary,canonical,1,1,0,110,0.11433333333333333,0.2356666666666667,RPM,6000.0
placebo,999191,42,primary,canonical,1,1,1,111,0.03883333333333333,0.7561666666666667,Gear,6000.0
placebo,999191,42,primary,canonical,1,1,1,111,0.059666666666666666,0.5911666666666666,RPM,6000.0
placebo,999191,42,primary,shifted,0,0,0,000,1.0,1.0,Gear,6000.0
placebo,999191,42,primary,shifted,0,0,0,000,0.9933333333333333,1.0,RPM,6000.0
placebo,999191,42,primary,shifted,0,0,1,001,0.9998333333333335,1.0,Gear,6000.0
placebo,999191,42,primary,shifted,0,0,1,001,0.9953333333333334,1.0,RPM,6000.0
placebo,999191,42,primary,shifted,0,1,0,010,0.9998333333333335,1.0,Gear,6000.0
placebo,999191,42,primary,shifted,0,1,0,010,0.9961666666666668,1.0,RPM,6000.0
placebo,999191,42,primary,shifted,0,1,1,011,0.9998333333333335,1.0,Gear,6000.0
placebo,999191,42,primary,shifted,0,1,1,011,0.997,1.0,RPM,6000.0
placebo,999191,42,primary,shifted,1,0,0,100,0.06866666666666667,0.32866666666666666,Gear,6000.0
placebo,999191,42,primary,shifted,1,0,0,100,0.10216666666666667,0.2585,RPM,6000.0
placebo,999191,42,primary,shifted,1,0,1,101,0.034333333333333334,0.7618333333333333,Gear,6000.0
placebo,999191,42,primary,shifted,1,0,1,101,0.06733333333333334,0.5981666666666666,RPM,6000.0
placebo,999191,42,primary,shifted,1,1,0,110,0.0805,0.29316666666666663,Gear,6000.0
placebo,999191,42,primary,shifted,1,1,0,110,0.11166666666666668,0.23416666666666666,RPM,6000.0
placebo,999191,42,primary,shifted,1,1,1,111,0.03883333333333333,0.7583333333333333,Gear,6000.0
placebo,999191,42,primary,shifted,1,1,1,111,0.058666666666666666,0.5983333333333333,RPM,6000.0
placebo,999191,123,primary,canonical,0,0,0,000,0.9998333333333335,1.0,Gear,6000.0
placebo,999191,123,primary,canonical,0,0,0,000,0.9975,1.0,RPM,6000.0
placebo,999191,123,primary,canonical,0,0,1,001,0.9998333333333335,1.0,Gear,6000.0
placebo,999191,123,primary,canonical,0,0,1,001,0.9986666666666667,1.0,RPM,6000.0
placebo,999191,123,primary,canonical,0,1,0,010,0.9998333333333335,1.0,Gear,6000.0
placebo,999191,123,primary,canonical,0,1,0,010,0.9981666666666666,1.0,RPM,6000.0
placebo,999191,123,primary,canonical,0,1,1,011,1.0,1.0,Gear,6000.0
placebo,999191,123,primary,canonical,0,1,1,011,0.9988333333333334,1.0,RPM,6000.0
placebo,999191,123,primary,canonical,1,0,0,100,0.051166666666666666,0.27299999999999996,Gear,6000.0
placebo,999191,123,primary,canonical,1,0,0,100,0.0675,0.22483333333333333,RPM,6000.0
placebo,999191,123,primary,canonical,1,0,1,101,0.042833333333333334,0.4911666666666667,Gear,6000.0
placebo,999191,123,primary,canonical,1,0,1,101,0.036,0.44716666666666666,RPM,6000.0
placebo,999191,123,primary,canonical,1,1,0,110,0.054,0.24433333333333332,Gear,6000.0
placebo,999191,123,primary,canonical,1,1,0,110,0.07266666666666667,0.18483333333333332,RPM,6000.0
placebo,999191,123,primary,canonical,1,1,1,111,0.044500000000000005,0.47350000000000003,Gear,6000.0
placebo,999191,123,primary,canonical,1,1,1,111,0.036166666666666666,0.41033333333333327,RPM,6000.0
placebo,999191,123,primary,shifted,0,0,0,000,0.9998333333333335,1.0,Gear,6000.0
placebo,999191,123,primary,shifted,0,0,0,000,0.9935,1.0,RPM,6000.0
placebo,999191,123,primary,shifted,0,0,1,001,0.9998333333333335,1.0,Gear,6000.0
placebo,999191,123,primary,shifted,0,0,1,001,0.997,1.0,RPM,6000.0
placebo,999191,123,primary,shifted,0,1,0,010,0.9998333333333335,1.0,Gear,6000.0
placebo,999191,123,primary,shifted,0,1,0,010,0.9966666666666667,1.0,RPM,6000.0
placebo,999191,123,primary,shifted,0,1,1,011,1.0,1.0,Gear,6000.0
placebo,999191,123,primary,shifted,0,1,1,011,0.9976666666666668,1.0,RPM,6000.0
placebo,999191,123,primary,shifted,1,0,0,100,0.050833333333333335,0.27449999999999997,Gear,6000.0
placebo,999191,123,primary,shifted,1,0,0,100,0.06783333333333334,0.22866666666666666,RPM,6000.0
placebo,999191,123,primary,shifted,1,0,1,101,0.043000000000000003,0.49216666666666664,Gear,6000.0
placebo,999191,123,primary,shifted,1,0,1,101,0.0375,0.4566666666666667,RPM,6000.0
placebo,999191,123,primary,shifted,1,1,0,110,0.0545,0.24549999999999997,Gear,6000.0
placebo,999191,123,primary,shifted,1,1,0,110,0.07666666666666666,0.18966666666666665,RPM,6000.0
placebo,999191,123,primary,shifted,1,1,1,111,0.044833333333333336,0.47500000000000003,Gear,6000.0
placebo,999191,123,primary,shifted,1,1,1,111,0.038,0.41650000000000004,RPM,6000.0
placebo,999191,2026,primary,canonical,0,0,0,000,1.0,1.0,Gear,6000.0
placebo,999191,2026,primary,canonical,0,0,0,000,0.9980000000000001,1.0,RPM,6000.0
placebo,999191,2026,primary,canonical,0,0,1,001,1.0,1.0,Gear,6000.0
placebo,999191,2026,primary,canonical,0,0,1,001,0.9988333333333334,1.0,RPM,6000.0
placebo,999191,2026,primary,canonical,0,1,0,010,0.9998333333333335,1.0,Gear,6000.0
placebo,999191,2026,primary,canonical,0,1,0,010,0.9988333333333334,1.0,RPM,6000.0
placebo,999191,2026,primary,canonical,0,1,1,011,0.9998333333333335,1.0,Gear,6000.0
placebo,999191,2026,primary,canonical,0,1,1,011,0.9986666666666667,1.0,RPM,6000.0
placebo,999191,2026,primary,canonical,1,0,0,100,0.052833333333333336,0.245,Gear,6000.0
placebo,999191,2026,primary,canonical,1,0,0,100,0.12116666666666666,0.30616666666666664,RPM,6000.0
placebo,999191,2026,primary,canonical,1,0,1,101,0.056499999999999995,0.7918333333333334,Gear,6000.0
placebo,999191,2026,primary,canonical,1,0,1,101,0.15583333333333335,0.8558333333333333,RPM,6000.0
placebo,999191,2026,primary,canonical,1,1,0,110,0.057166666666666664,0.206,Gear,6000.0
placebo,999191,2026,primary,canonical,1,1,0,110,0.1415,0.2758333333333334,RPM,6000.0
placebo,999191,2026,primary,canonical,1,1,1,111,0.06866666666666667,0.7978333333333333,Gear,6000.0
placebo,999191,2026,primary,canonical,1,1,1,111,0.1295,0.8465000000000001,RPM,6000.0
placebo,999191,2026,primary,shifted,0,0,0,000,1.0,1.0,Gear,6000.0
placebo,999191,2026,primary,shifted,0,0,0,000,0.9938333333333333,1.0,RPM,6000.0
placebo,999191,2026,primary,shifted,0,0,1,001,1.0,1.0,Gear,6000.0
placebo,999191,2026,primary,shifted,0,0,1,001,0.9963333333333333,1.0,RPM,6000.0
placebo,999191,2026,primary,shifted,0,1,0,010,0.9998333333333335,1.0,Gear,6000.0
placebo,999191,2026,primary,shifted,0,1,0,010,0.997,1.0,RPM,6000.0
placebo,999191,2026,primary,shifted,0,1,1,011,0.9998333333333335,1.0,Gear,6000.0
placebo,999191,2026,primary,shifted,0,1,1,011,0.9980000000000001,1.0,RPM,6000.0
placebo,999191,2026,primary,shifted,1,0,0,100,0.052,0.24533333333333332,Gear,6000.0
placebo,999191,2026,primary,shifted,1,0,0,100,0.1366666666666667,0.323,RPM,6000.0
placebo,999191,2026,primary,shifted,1,0,1,101,0.055833333333333325,0.7928333333333333,Gear,6000.0
placebo,999191,2026,primary,shifted,1,0,1,101,0.16133333333333333,0.8675,RPM,6000.0
placebo,999191,2026,primary,shifted,1,1,0,110,0.056999999999999995,0.20716666666666664,Gear,6000.0
placebo,999191,2026,primary,shifted,1,1,0,110,0.163,0.2993333333333333,RPM,6000.0
placebo,999191,2026,primary,shifted,1,1,1,111,0.068,0.7985000000000001,Gear,6000.0
placebo,999191,2026,primary,shifted,1,1,1,111,0.13749999999999998,0.8621666666666666,RPM,6000.0
placebo,999191,3407,primary,canonical,0,0,0,000,1.0,1.0,Gear,6000.0
placebo,999191,3407,primary,canonical,0,0,0,000,0.9978333333333333,1.0,RPM,6000.0
placebo,999191,3407,primary,canonical,0,0,1,001,0.9998333333333335,1.0,Gear,6000.0
placebo,999191,3407,primary,canonical,0,0,1,001,0.9981666666666668,1.0,RPM,6000.0
placebo,999191,3407,primary,canonical,0,1,0,010,0.9998333333333335,1.0,Gear,6000.0
placebo,999191,3407,primary,canonical,0,1,0,010,0.9986666666666667,1.0,RPM,6000.0
placebo,999191,3407,primary,canonical,0,1,1,011,0.9998333333333335,1.0,Gear,6000.0
placebo,999191,3407,primary,canonical,0,1,1,011,0.9986666666666667,1.0,RPM,6000.0
placebo,999191,3407,primary,canonical,1,0,0,100,0.035333333333333335,0.35683333333333334,Gear,6000.0
placebo,999191,3407,primary,canonical,1,0,0,100,0.13266666666666668,0.32016666666666665,RPM,6000.0
placebo,999191,3407,primary,canonical,1,0,1,101,0.03366666666666667,0.7766666666666667,Gear,6000.0
placebo,999191,3407,primary,canonical,1,0,1,101,0.042166666666666665,0.8553333333333333,RPM,6000.0
placebo,999191,3407,primary,canonical,1,1,0,110,0.0415,0.31683333333333336,Gear,6000.0
placebo,999191,3407,primary,canonical,1,1,0,110,0.17683333333333331,0.30883333333333335,RPM,6000.0
placebo,999191,3407,primary,canonical,1,1,1,111,0.044000000000000004,0.7793333333333333,Gear,6000.0
placebo,999191,3407,primary,canonical,1,1,1,111,0.04683333333333334,0.8716666666666667,RPM,6000.0
placebo,999191,3407,primary,shifted,0,0,0,000,1.0,1.0,Gear,6000.0
placebo,999191,3407,primary,shifted,0,0,0,000,0.9940000000000001,1.0,RPM,6000.0
placebo,999191,3407,primary,shifted,0,0,1,001,0.9998333333333335,1.0,Gear,6000.0
placebo,999191,3407,primary,shifted,0,0,1,001,0.9958333333333332,1.0,RPM,6000.0
placebo,999191,3407,primary,shifted,0,1,0,010,0.9998333333333335,1.0,Gear,6000.0
placebo,999191,3407,primary,shifted,0,1,0,010,0.9965,1.0,RPM,6000.0
placebo,999191,3407,primary,shifted,0,1,1,011,0.9998333333333335,1.0,Gear,6000.0
placebo,999191,3407,primary,shifted,0,1,1,011,0.9971666666666668,1.0,RPM,6000.0
placebo,999191,3407,primary,shifted,1,0,0,100,0.035500000000000004,0.35883333333333334,Gear,6000.0
placebo,999191,3407,primary,shifted,1,0,0,100,0.12983333333333333,0.31916666666666665,RPM,6000.0
placebo,999191,3407,primary,shifted,1,0,1,101,0.0335,0.7776666666666667,Gear,6000.0
placebo,999191,3407,primary,shifted,1,0,1,101,0.0405,0.8548333333333332,RPM,6000.0
placebo,999191,3407,primary,shifted,1,1,0,110,0.041166666666666664,0.3185,Gear,6000.0
placebo,999191,3407,primary,shifted,1,1,0,110,0.17366666666666666,0.3065,RPM,6000.0
placebo,999191,3407,primary,shifted,1,1,1,111,0.043166666666666666,0.7789999999999999,Gear,6000.0
placebo,999191,3407,primary,shifted,1,1,1,111,0.04516666666666667,0.8741666666666666,RPM,6000.0
real_rf,0,7,shared_reference,canonical,0,0,0,000,0.0,0.002166666666666667,Gear,6000.0
real_rf,0,7,shared_reference,canonical,0,0,0,000,0.0,0.0033333333333333335,RPM,6000.0
real_rf,0,7,shared_reference,canonical,0,0,1,001,0.0,0.0036666666666666666,Gear,6000.0
real_rf,0,7,shared_reference,canonical,0,0,1,001,0.0,0.0003333333333333333,RPM,6000.0
real_rf,0,7,shared_reference,canonical,0,1,0,010,0.0,0.0003333333333333333,Gear,6000.0
real_rf,0,7,shared_reference,canonical,0,1,0,010,0.0,0.004166666666666667,RPM,6000.0
real_rf,0,7,shared_reference,canonical,0,1,1,011,0.0,0.0011666666666666668,Gear,6000.0
real_rf,0,7,shared_reference,canonical,0,1,1,011,0.0,0.0003333333333333333,RPM,6000.0
real_rf,0,7,shared_reference,canonical,1,0,0,100,0.0,0.1975,Gear,6000.0
real_rf,0,7,shared_reference,canonical,1,0,0,100,0.0,0.5648333333333334,RPM,6000.0
real_rf,0,7,shared_reference,canonical,1,0,1,101,0.0,0.6841666666666667,Gear,6000.0
real_rf,0,7,shared_reference,canonical,1,0,1,101,0.0,0.6816666666666666,RPM,6000.0
real_rf,0,7,shared_reference,canonical,1,1,0,110,0.0,0.15383333333333335,Gear,6000.0
real_rf,0,7,shared_reference,canonical,1,1,0,110,0.0,0.5365000000000001,RPM,6000.0
real_rf,0,7,shared_reference,canonical,1,1,1,111,0.0,0.6866666666666666,Gear,6000.0
real_rf,0,7,shared_reference,canonical,1,1,1,111,0.0,0.6835,RPM,6000.0
real_rf,0,7,shared_reference,shifted,0,0,0,000,0.0,0.002166666666666667,Gear,6000.0
real_rf,0,7,shared_reference,shifted,0,0,0,000,0.0,0.003833333333333333,RPM,6000.0
real_rf,0,7,shared_reference,shifted,0,0,1,001,0.0,0.0036666666666666666,Gear,6000.0
real_rf,0,7,shared_reference,shifted,0,0,1,001,0.0,0.0003333333333333333,RPM,6000.0
real_rf,0,7,shared_reference,shifted,0,1,0,010,0.0,0.0003333333333333333,Gear,6000.0
real_rf,0,7,shared_reference,shifted,0,1,0,010,0.0,0.0035,RPM,6000.0
real_rf,0,7,shared_reference,shifted,0,1,1,011,0.0,0.0011666666666666668,Gear,6000.0
real_rf,0,7,shared_reference,shifted,0,1,1,011,0.0,0.0006666666666666666,RPM,6000.0
real_rf,0,7,shared_reference,shifted,1,0,0,100,0.0,0.19833333333333333,Gear,6000.0
real_rf,0,7,shared_reference,shifted,1,0,0,100,0.0,0.5596666666666666,RPM,6000.0
real_rf,0,7,shared_reference,shifted,1,0,1,101,0.0,0.6845,Gear,6000.0
real_rf,0,7,shared_reference,shifted,1,0,1,101,0.0,0.6838333333333333,RPM,6000.0
real_rf,0,7,shared_reference,shifted,1,1,0,110,0.0,0.15366666666666665,Gear,6000.0
real_rf,0,7,shared_reference,shifted,1,1,0,110,0.0,0.5323333333333333,RPM,6000.0
real_rf,0,7,shared_reference,shifted,1,1,1,111,0.0,0.6883333333333334,Gear,6000.0
real_rf,0,7,shared_reference,shifted,1,1,1,111,0.0,0.6880000000000001,RPM,6000.0
real_rf,0,42,shared_reference,canonical,0,0,0,000,0.0,0.0,Gear,6000.0
real_rf,0,42,shared_reference,canonical,0,0,0,000,0.0,0.0018333333333333333,RPM,6000.0
real_rf,0,42,shared_reference,canonical,0,0,1,001,0.0,0.0003333333333333333,Gear,6000.0
real_rf,0,42,shared_reference,canonical,0,0,1,001,0.0,0.0,RPM,6000.0
real_rf,0,42,shared_reference,canonical,0,1,0,010,0.0,0.0,Gear,6000.0
real_rf,0,42,shared_reference,canonical,0,1,0,010,0.0,0.0006666666666666666,RPM,6000.0
real_rf,0,42,shared_reference,canonical,0,1,1,011,0.0,0.0,Gear,6000.0
real_rf,0,42,shared_reference,canonical,0,1,1,011,0.0,0.0,RPM,6000.0
real_rf,0,42,shared_reference,canonical,1,0,0,100,0.0,0.22516666666666665,Gear,6000.0
real_rf,0,42,shared_reference,canonical,1,0,0,100,0.0,0.6715,RPM,6000.0
real_rf,0,42,shared_reference,canonical,1,0,1,101,0.0,0.7743333333333333,Gear,6000.0
real_rf,0,42,shared_reference,canonical,1,0,1,101,0.0,0.7161666666666666,RPM,6000.0
real_rf,0,42,shared_reference,canonical,1,1,0,110,0.0,0.17800000000000002,Gear,6000.0
real_rf,0,42,shared_reference,canonical,1,1,0,110,0.0,0.6616666666666666,RPM,6000.0
real_rf,0,42,shared_reference,canonical,1,1,1,111,0.0,0.7839999999999999,Gear,6000.0
real_rf,0,42,shared_reference,canonical,1,1,1,111,0.0,0.7498333333333335,RPM,6000.0
real_rf,0,42,shared_reference,shifted,0,0,0,000,0.0,0.0,Gear,6000.0
real_rf,0,42,shared_reference,shifted,0,0,0,000,0.0,0.0016666666666666668,RPM,6000.0
real_rf,0,42,shared_reference,shifted,0,0,1,001,0.0,0.0003333333333333333,Gear,6000.0
real_rf,0,42,shared_reference,shifted,0,0,1,001,0.0,0.0,RPM,6000.0
real_rf,0,42,shared_reference,shifted,0,1,0,010,0.0,0.0,Gear,6000.0
real_rf,0,42,shared_reference,shifted,0,1,0,010,0.0,0.0006666666666666666,RPM,6000.0
real_rf,0,42,shared_reference,shifted,0,1,1,011,0.0,0.0,Gear,6000.0
real_rf,0,42,shared_reference,shifted,0,1,1,011,0.0,0.0,RPM,6000.0
real_rf,0,42,shared_reference,shifted,1,0,0,100,0.0,0.22583333333333333,Gear,6000.0
real_rf,0,42,shared_reference,shifted,1,0,0,100,0.0,0.6653333333333333,RPM,6000.0
real_rf,0,42,shared_reference,shifted,1,0,1,101,0.0,0.775,Gear,6000.0
real_rf,0,42,shared_reference,shifted,1,0,1,101,0.0,0.7225,RPM,6000.0
real_rf,0,42,shared_reference,shifted,1,1,0,110,0.0,0.17866666666666667,Gear,6000.0
real_rf,0,42,shared_reference,shifted,1,1,0,110,0.0,0.6586666666666666,RPM,6000.0
real_rf,0,42,shared_reference,shifted,1,1,1,111,0.0,0.7845,Gear,6000.0
real_rf,0,42,shared_reference,shifted,1,1,1,111,0.0,0.7549999999999999,RPM,6000.0
real_rf,0,123,shared_reference,canonical,0,0,0,000,0.0,0.0,Gear,6000.0
real_rf,0,123,shared_reference,canonical,0,0,0,000,0.0,0.0,RPM,6000.0
real_rf,0,123,shared_reference,canonical,0,0,1,001,0.0,0.0,Gear,6000.0
real_rf,0,123,shared_reference,canonical,0,0,1,001,0.0,0.0,RPM,6000.0
real_rf,0,123,shared_reference,canonical,0,1,0,010,0.0,0.0,Gear,6000.0
real_rf,0,123,shared_reference,canonical,0,1,0,010,0.0,0.0,RPM,6000.0
real_rf,0,123,shared_reference,canonical,0,1,1,011,0.0,0.0,Gear,6000.0
real_rf,0,123,shared_reference,canonical,0,1,1,011,0.0,0.0,RPM,6000.0
real_rf,0,123,shared_reference,canonical,1,0,0,100,0.0,0.15366666666666665,Gear,6000.0
real_rf,0,123,shared_reference,canonical,1,0,0,100,0.0,0.564,RPM,6000.0
real_rf,0,123,shared_reference,canonical,1,0,1,101,0.0,0.7453333333333334,Gear,6000.0
real_rf,0,123,shared_reference,canonical,1,0,1,101,0.0,0.7828333333333334,RPM,6000.0
real_rf,0,123,shared_reference,canonical,1,1,0,110,0.0,0.11266666666666665,Gear,6000.0
real_rf,0,123,shared_reference,canonical,1,1,0,110,0.0,0.5711666666666666,RPM,6000.0
real_rf,0,123,shared_reference,canonical,1,1,1,111,0.0,0.7695,Gear,6000.0
real_rf,0,123,shared_reference,canonical,1,1,1,111,0.0,0.8055,RPM,6000.0
real_rf,0,123,shared_reference,shifted,0,0,0,000,0.0,0.0,Gear,6000.0
real_rf,0,123,shared_reference,shifted,0,0,0,000,0.0,0.0,RPM,6000.0
real_rf,0,123,shared_reference,shifted,0,0,1,001,0.0,0.0,Gear,6000.0
real_rf,0,123,shared_reference,shifted,0,0,1,001,0.0,0.0,RPM,6000.0
real_rf,0,123,shared_reference,shifted,0,1,0,010,0.0,0.0,Gear,6000.0
real_rf,0,123,shared_reference,shifted,0,1,0,010,0.0,0.0,RPM,6000.0
real_rf,0,123,shared_reference,shifted,0,1,1,011,0.0,0.0,Gear,6000.0
real_rf,0,123,shared_reference,shifted,0,1,1,011,0.0,0.0,RPM,6000.0
real_rf,0,123,shared_reference,shifted,1,0,0,100,0.0,0.15433333333333332,Gear,6000.0
real_rf,0,123,shared_reference,shifted,1,0,0,100,0.0,0.5640000000000001,RPM,6000.0
real_rf,0,123,shared_reference,shifted,1,0,1,101,0.0,0.7466666666666667,Gear,6000.0
real_rf,0,123,shared_reference,shifted,1,0,1,101,0.0,0.7833333333333333,RPM,6000.0
real_rf,0,123,shared_reference,shifted,1,1,0,110,0.0,0.11283333333333334,Gear,6000.0
real_rf,0,123,shared_reference,shifted,1,1,0,110,0.0,0.5710000000000001,RPM,6000.0
real_rf,0,123,shared_reference,shifted,1,1,1,111,0.0,0.7709999999999999,Gear,6000.0
real_rf,0,123,shared_reference,shifted,1,1,1,111,0.0,0.8115,RPM,6000.0
real_rf,0,2026,shared_reference,canonical,0,0,0,000,0.0,0.0005,Gear,6000.0
real_rf,0,2026,shared_reference,canonical,0,0,0,000,0.0,0.0008333333333333334,RPM,6000.0
real_rf,0,2026,shared_reference,canonical,0,0,1,001,0.0,0.0008333333333333334,Gear,6000.0
real_rf,0,2026,shared_reference,canonical,0,0,1,001,0.0,0.0,RPM,6000.0
real_rf,0,2026,shared_reference,canonical,0,1,0,010,0.0,0.0,Gear,6000.0
real_rf,0,2026,shared_reference,canonical,0,1,0,010,0.0,0.0006666666666666666,RPM,6000.0
real_rf,0,2026,shared_reference,canonical,0,1,1,011,0.0,0.0003333333333333333,Gear,6000.0
real_rf,0,2026,shared_reference,canonical,0,1,1,011,0.0,0.00016666666666666666,RPM,6000.0
real_rf,0,2026,shared_reference,canonical,1,0,0,100,0.0,0.14683333333333334,Gear,6000.0
real_rf,0,2026,shared_reference,canonical,1,0,0,100,0.0,0.6313333333333334,RPM,6000.0
real_rf,0,2026,shared_reference,canonical,1,0,1,101,0.0,0.7174999999999999,Gear,6000.0
real_rf,0,2026,shared_reference,canonical,1,0,1,101,0.0,0.6465,RPM,6000.0
real_rf,0,2026,shared_reference,canonical,1,1,0,110,0.0,0.10733333333333334,Gear,6000.0
real_rf,0,2026,shared_reference,canonical,1,1,0,110,0.0,0.6141666666666666,RPM,6000.0
real_rf,0,2026,shared_reference,canonical,1,1,1,111,0.0,0.7381666666666667,Gear,6000.0
real_rf,0,2026,shared_reference,canonical,1,1,1,111,0.0,0.6566666666666666,RPM,6000.0
real_rf,0,2026,shared_reference,shifted,0,0,0,000,0.0,0.0005,Gear,6000.0
real_rf,0,2026,shared_reference,shifted,0,0,0,000,0.0,0.0005,RPM,6000.0
real_rf,0,2026,shared_reference,shifted,0,0,1,001,0.0,0.0008333333333333334,Gear,6000.0
real_rf,0,2026,shared_reference,shifted,0,0,1,001,0.0,0.0,RPM,6000.0
real_rf,0,2026,shared_reference,shifted,0,1,0,010,0.0,0.0,Gear,6000.0
real_rf,0,2026,shared_reference,shifted,0,1,0,010,0.0,0.0005,RPM,6000.0
real_rf,0,2026,shared_reference,shifted,0,1,1,011,0.0,0.0003333333333333333,Gear,6000.0
real_rf,0,2026,shared_reference,shifted,0,1,1,011,0.0,0.00016666666666666666,RPM,6000.0
real_rf,0,2026,shared_reference,shifted,1,0,0,100,0.0,0.147,Gear,6000.0
real_rf,0,2026,shared_reference,shifted,1,0,0,100,0.0,0.6238333333333334,RPM,6000.0
real_rf,0,2026,shared_reference,shifted,1,0,1,101,0.0,0.718,Gear,6000.0
real_rf,0,2026,shared_reference,shifted,1,0,1,101,0.0,0.6461666666666667,RPM,6000.0
real_rf,0,2026,shared_reference,shifted,1,1,0,110,0.0,0.10766666666666667,Gear,6000.0
real_rf,0,2026,shared_reference,shifted,1,1,0,110,0.0,0.6123333333333334,RPM,6000.0
real_rf,0,2026,shared_reference,shifted,1,1,1,111,0.0,0.7385,Gear,6000.0
real_rf,0,2026,shared_reference,shifted,1,1,1,111,0.0,0.6536666666666666,RPM,6000.0
real_rf,0,3407,shared_reference,canonical,0,0,0,000,0.0,0.0,Gear,6000.0
real_rf,0,3407,shared_reference,canonical,0,0,0,000,0.0,0.0006666666666666666,RPM,6000.0
real_rf,0,3407,shared_reference,canonical,0,0,1,001,0.0,0.00016666666666666666,Gear,6000.0
real_rf,0,3407,shared_reference,canonical,0,0,1,001,0.0,0.0,RPM,6000.0
real_rf,0,3407,shared_reference,canonical,0,1,0,010,0.0,0.0,Gear,6000.0
real_rf,0,3407,shared_reference,canonical,0,1,0,010,0.0,0.0003333333333333333,RPM,6000.0
real_rf,0,3407,shared_reference,canonical,0,1,1,011,0.0,0.00016666666666666666,Gear,6000.0
real_rf,0,3407,shared_reference,canonical,0,1,1,011,0.0,0.0,RPM,6000.0
real_rf,0,3407,shared_reference,canonical,1,0,0,100,0.0,0.13433333333333333,Gear,6000.0
real_rf,0,3407,shared_reference,canonical,1,0,0,100,0.0,0.6578333333333334,RPM,6000.0
real_rf,0,3407,shared_reference,canonical,1,0,1,101,0.0,0.742,Gear,6000.0
real_rf,0,3407,shared_reference,canonical,1,0,1,101,0.0,0.7465,RPM,6000.0
real_rf,0,3407,shared_reference,canonical,1,1,0,110,0.0,0.09866666666666667,Gear,6000.0
real_rf,0,3407,shared_reference,canonical,1,1,0,110,0.0,0.6416666666666667,RPM,6000.0
real_rf,0,3407,shared_reference,canonical,1,1,1,111,0.0,0.7368333333333333,Gear,6000.0
real_rf,0,3407,shared_reference,canonical,1,1,1,111,0.0,0.7370000000000001,RPM,6000.0
real_rf,0,3407,shared_reference,shifted,0,0,0,000,0.0,0.0,Gear,6000.0
real_rf,0,3407,shared_reference,shifted,0,0,0,000,0.0,0.0008333333333333334,RPM,6000.0
real_rf,0,3407,shared_reference,shifted,0,0,1,001,0.0,0.00016666666666666666,Gear,6000.0
real_rf,0,3407,shared_reference,shifted,0,0,1,001,0.0,0.0,RPM,6000.0
real_rf,0,3407,shared_reference,shifted,0,1,0,010,0.0,0.0,Gear,6000.0
real_rf,0,3407,shared_reference,shifted,0,1,0,010,0.0,0.00016666666666666666,RPM,6000.0
real_rf,0,3407,shared_reference,shifted,0,1,1,011,0.0,0.00016666666666666666,Gear,6000.0
real_rf,0,3407,shared_reference,shifted,0,1,1,011,0.0,0.0,RPM,6000.0
real_rf,0,3407,shared_reference,shifted,1,0,0,100,0.0,0.13516666666666668,Gear,6000.0
real_rf,0,3407,shared_reference,shifted,1,0,0,100,0.0,0.6405,RPM,6000.0
real_rf,0,3407,shared_reference,shifted,1,0,1,101,0.0,0.7433333333333333,Gear,6000.0
real_rf,0,3407,shared_reference,shifted,1,0,1,101,0.0,0.7338333333333334,RPM,6000.0
real_rf,0,3407,shared_reference,shifted,1,1,0,110,0.0,0.09916666666666667,Gear,6000.0
real_rf,0,3407,shared_reference,shifted,1,1,0,110,0.0,0.6255000000000001,RPM,6000.0
real_rf,0,3407,shared_reference,shifted,1,1,1,111,0.0,0.738,Gear,6000.0
real_rf,0,3407,shared_reference,shifted,1,1,1,111,0.0,0.726,RPM,6000.0
rule,141421,7,bridge_sensitivity,canonical,0,0,0,000,0.9998333333333335,1.0,Gear,6000.0
rule,141421,7,bridge_sensitivity,canonical,0,0,0,000,0.9973333333333333,1.0,RPM,6000.0
rule,141421,7,bridge_sensitivity,canonical,0,0,1,001,1.0,1.0,Gear,6000.0
rule,141421,7,bridge_sensitivity,canonical,0,0,1,001,0.9986666666666667,1.0,RPM,6000.0
rule,141421,7,bridge_sensitivity,canonical,0,1,0,010,1.0,1.0,Gear,6000.0
rule,141421,7,bridge_sensitivity,canonical,0,1,0,010,0.9991666666666666,1.0,RPM,6000.0
rule,141421,7,bridge_sensitivity,canonical,0,1,1,011,1.0,1.0,Gear,6000.0
rule,141421,7,bridge_sensitivity,canonical,0,1,1,011,0.9996666666666667,1.0,RPM,6000.0
rule,141421,7,bridge_sensitivity,canonical,1,0,0,100,0.030333333333333334,0.1895,Gear,6000.0
rule,141421,7,bridge_sensitivity,canonical,1,0,0,100,0.37333333333333335,0.4538333333333333,RPM,6000.0
rule,141421,7,bridge_sensitivity,canonical,1,0,1,101,0.029,0.6098333333333333,Gear,6000.0
rule,141421,7,bridge_sensitivity,canonical,1,0,1,101,0.25416666666666665,0.6693333333333333,RPM,6000.0
rule,141421,7,bridge_sensitivity,canonical,1,1,0,110,0.02816666666666667,0.14916666666666667,Gear,6000.0
rule,141421,7,bridge_sensitivity,canonical,1,1,0,110,0.3841666666666667,0.42883333333333334,RPM,6000.0
rule,141421,7,bridge_sensitivity,canonical,1,1,1,111,0.02783333333333333,0.5781666666666666,Gear,6000.0
rule,141421,7,bridge_sensitivity,canonical,1,1,1,111,0.27516666666666667,0.6583333333333333,RPM,6000.0
rule,141421,7,bridge_sensitivity,shifted,0,0,0,000,0.9998333333333335,1.0,Gear,6000.0
rule,141421,7,bridge_sensitivity,shifted,0,0,0,000,0.9958333333333332,1.0,RPM,6000.0
rule,141421,7,bridge_sensitivity,shifted,0,0,1,001,1.0,1.0,Gear,6000.0
rule,141421,7,bridge_sensitivity,shifted,0,0,1,001,0.9976666666666668,1.0,RPM,6000.0
rule,141421,7,bridge_sensitivity,shifted,0,1,0,010,1.0,1.0,Gear,6000.0
rule,141421,7,bridge_sensitivity,shifted,0,1,0,010,0.9986666666666667,1.0,RPM,6000.0
rule,141421,7,bridge_sensitivity,shifted,0,1,1,011,1.0,1.0,Gear,6000.0
rule,141421,7,bridge_sensitivity,shifted,0,1,1,011,0.9993333333333334,1.0,RPM,6000.0
rule,141421,7,bridge_sensitivity,shifted,1,0,0,100,0.030333333333333334,0.19066666666666668,Gear,6000.0
rule,141421,7,bridge_sensitivity,shifted,1,0,0,100,0.3755,0.45216666666666666,RPM,6000.0
rule,141421,7,bridge_sensitivity,shifted,1,0,1,101,0.029,0.6121666666666666,Gear,6000.0
rule,141421,7,bridge_sensitivity,shifted,1,0,1,101,0.26566666666666666,0.6781666666666667,RPM,6000.0
rule,141421,7,bridge_sensitivity,shifted,1,1,0,110,0.02816666666666667,0.15033333333333332,Gear,6000.0
rule,141421,7,bridge_sensitivity,shifted,1,1,0,110,0.3825,0.4258333333333333,RPM,6000.0
rule,141421,7,bridge_sensitivity,shifted,1,1,1,111,0.027999999999999997,0.582,Gear,6000.0
rule,141421,7,bridge_sensitivity,shifted,1,1,1,111,0.2845,0.6643333333333333,RPM,6000.0
rule,141421,42,bridge_sensitivity,canonical,0,0,0,000,0.9998333333333335,1.0,Gear,6000.0
rule,141421,42,bridge_sensitivity,canonical,0,0,0,000,0.9981666666666666,1.0,RPM,6000.0
rule,141421,42,bridge_sensitivity,canonical,0,0,1,001,0.9998333333333335,1.0,Gear,6000.0
rule,141421,42,bridge_sensitivity,canonical,0,0,1,001,0.999,1.0,RPM,6000.0
rule,141421,42,bridge_sensitivity,canonical,0,1,0,010,0.9998333333333335,1.0,Gear,6000.0
rule,141421,42,bridge_sensitivity,canonical,0,1,0,010,0.9994999999999999,1.0,RPM,6000.0
rule,141421,42,bridge_sensitivity,canonical,0,1,1,011,0.9998333333333335,1.0,Gear,6000.0
rule,141421,42,bridge_sensitivity,canonical,0,1,1,011,0.9998333333333335,1.0,RPM,6000.0
rule,141421,42,bridge_sensitivity,canonical,1,0,0,100,0.0295,0.2245,Gear,6000.0
rule,141421,42,bridge_sensitivity,canonical,1,0,0,100,0.058166666666666665,0.19733333333333333,RPM,6000.0
rule,141421,42,bridge_sensitivity,canonical,1,0,1,101,0.028999999999999998,0.9081666666666667,Gear,6000.0
rule,141421,42,bridge_sensitivity,canonical,1,0,1,101,0.050333333333333334,0.6535000000000001,RPM,6000.0
rule,141421,42,bridge_sensitivity,canonical,1,1,0,110,0.02816666666666667,0.1738333333333333,Gear,6000.0
rule,141421,42,bridge_sensitivity,canonical,1,1,0,110,0.06283333333333334,0.16749999999999998,RPM,6000.0
rule,141421,42,bridge_sensitivity,canonical,1,1,1,111,0.028666666666666663,0.9126666666666666,Gear,6000.0
rule,141421,42,bridge_sensitivity,canonical,1,1,1,111,0.04516666666666667,0.6573333333333333,RPM,6000.0
rule,141421,42,bridge_sensitivity,shifted,0,0,0,000,0.9998333333333335,1.0,Gear,6000.0
rule,141421,42,bridge_sensitivity,shifted,0,0,0,000,0.9963333333333333,1.0,RPM,6000.0
rule,141421,42,bridge_sensitivity,shifted,0,0,1,001,0.9998333333333335,1.0,Gear,6000.0
rule,141421,42,bridge_sensitivity,shifted,0,0,1,001,0.9979999999999999,1.0,RPM,6000.0
rule,141421,42,bridge_sensitivity,shifted,0,1,0,010,0.9998333333333335,1.0,Gear,6000.0
rule,141421,42,bridge_sensitivity,shifted,0,1,0,010,0.999,1.0,RPM,6000.0
rule,141421,42,bridge_sensitivity,shifted,0,1,1,011,0.9998333333333335,1.0,Gear,6000.0
rule,141421,42,bridge_sensitivity,shifted,0,1,1,011,0.9994999999999999,1.0,RPM,6000.0
rule,141421,42,bridge_sensitivity,shifted,1,0,0,100,0.029666666666666664,0.22583333333333333,Gear,6000.0
rule,141421,42,bridge_sensitivity,shifted,1,0,0,100,0.06066666666666667,0.1991666666666667,RPM,6000.0
rule,141421,42,bridge_sensitivity,shifted,1,0,1,101,0.028999999999999998,0.9091666666666667,Gear,6000.0
rule,141421,42,bridge_sensitivity,shifted,1,0,1,101,0.051333333333333335,0.6675,RPM,6000.0
rule,141421,42,bridge_sensitivity,shifted,1,1,0,110,0.02816666666666667,0.1748333333333333,Gear,6000.0
rule,141421,42,bridge_sensitivity,shifted,1,1,0,110,0.06533333333333334,0.16766666666666666,RPM,6000.0
rule,141421,42,bridge_sensitivity,shifted,1,1,1,111,0.028666666666666663,0.9133333333333334,Gear,6000.0
rule,141421,42,bridge_sensitivity,shifted,1,1,1,111,0.04766666666666666,0.6726666666666666,RPM,6000.0
rule,141421,123,bridge_sensitivity,canonical,0,0,0,000,1.0,1.0,Gear,6000.0
rule,141421,123,bridge_sensitivity,canonical,0,0,0,000,0.9980000000000001,1.0,RPM,6000.0
rule,141421,123,bridge_sensitivity,canonical,0,0,1,001,0.9996666666666667,1.0,Gear,6000.0
rule,141421,123,bridge_sensitivity,canonical,0,0,1,001,0.9986666666666667,1.0,RPM,6000.0
rule,141421,123,bridge_sensitivity,canonical,0,1,0,010,0.9996666666666667,1.0,Gear,6000.0
rule,141421,123,bridge_sensitivity,canonical,0,1,0,010,0.9991666666666666,1.0,RPM,6000.0
rule,141421,123,bridge_sensitivity,canonical,0,1,1,011,1.0,1.0,Gear,6000.0
rule,141421,123,bridge_sensitivity,canonical,0,1,1,011,0.9996666666666667,1.0,RPM,6000.0
rule,141421,123,bridge_sensitivity,canonical,1,0,0,100,0.033,0.3303333333333333,Gear,6000.0
rule,141421,123,bridge_sensitivity,canonical,1,0,0,100,0.16316666666666668,0.332,RPM,6000.0
rule,141421,123,bridge_sensitivity,canonical,1,0,1,101,0.029333333333333336,0.6661666666666667,Gear,6000.0
rule,141421,123,bridge_sensitivity,canonical,1,0,1,101,0.03716666666666667,0.5985,RPM,6000.0
rule,141421,123,bridge_sensitivity,canonical,1,1,0,110,0.03616666666666667,0.3005,Gear,6000.0
rule,141421,123,bridge_sensitivity,canonical,1,1,0,110,0.19166666666666665,0.314,RPM,6000.0
rule,141421,123,bridge_sensitivity,canonical,1,1,1,111,0.028666666666666663,0.66,Gear,6000.0
rule,141421,123,bridge_sensitivity,canonical,1,1,1,111,0.036833333333333336,0.6046666666666667,RPM,6000.0
rule,141421,123,bridge_sensitivity,shifted,0,0,0,000,1.0,1.0,Gear,6000.0
rule,141421,123,bridge_sensitivity,shifted,0,0,0,000,0.9958333333333332,1.0,RPM,6000.0
rule,141421,123,bridge_sensitivity,shifted,0,0,1,001,0.9996666666666667,1.0,Gear,6000.0
rule,141421,123,bridge_sensitivity,shifted,0,0,1,001,0.9975,1.0,RPM,6000.0
rule,141421,123,bridge_sensitivity,shifted,0,1,0,010,0.9996666666666667,1.0,Gear,6000.0
rule,141421,123,bridge_sensitivity,shifted,0,1,0,010,0.9985,1.0,RPM,6000.0
rule,141421,123,bridge_sensitivity,shifted,0,1,1,011,1.0,1.0,Gear,6000.0
rule,141421,123,bridge_sensitivity,shifted,0,1,1,011,0.999,1.0,RPM,6000.0
rule,141421,123,bridge_sensitivity,shifted,1,0,0,100,0.03233333333333333,0.331,Gear,6000.0
rule,141421,123,bridge_sensitivity,shifted,1,0,0,100,0.17566666666666664,0.3401666666666667,RPM,6000.0
rule,141421,123,bridge_sensitivity,shifted,1,0,1,101,0.0295,0.6681666666666667,Gear,6000.0
rule,141421,123,bridge_sensitivity,shifted,1,0,1,101,0.039,0.6095,RPM,6000.0
rule,141421,123,bridge_sensitivity,shifted,1,1,0,110,0.036000000000000004,0.3005,Gear,6000.0
rule,141421,123,bridge_sensitivity,shifted,1,1,0,110,0.205,0.32016666666666665,RPM,6000.0
rule,141421,123,bridge_sensitivity,shifted,1,1,1,111,0.028499999999999998,0.662,Gear,6000.0
rule,141421,123,bridge_sensitivity,shifted,1,1,1,111,0.041,0.624,RPM,6000.0
rule,141421,2026,bridge_sensitivity,canonical,0,0,0,000,1.0,1.0,Gear,6000.0
rule,141421,2026,bridge_sensitivity,canonical,0,0,0,000,0.9976666666666668,1.0,RPM,6000.0
rule,141421,2026,bridge_sensitivity,canonical,0,0,1,001,1.0,1.0,Gear,6000.0
rule,141421,2026,bridge_sensitivity,canonical,0,0,1,001,0.9981666666666666,1.0,RPM,6000.0
rule,141421,2026,bridge_sensitivity,canonical,0,1,0,010,1.0,1.0,Gear,6000.0
rule,141421,2026,bridge_sensitivity,canonical,0,1,0,010,0.9993333333333334,1.0,RPM,6000.0
rule,141421,2026,bridge_sensitivity,canonical,0,1,1,011,1.0,1.0,Gear,6000.0
rule,141421,2026,bridge_sensitivity,canonical,0,1,1,011,0.9994999999999999,1.0,RPM,6000.0
rule,141421,2026,bridge_sensitivity,canonical,1,0,0,100,0.02766666666666667,0.18333333333333335,Gear,6000.0
rule,141421,2026,bridge_sensitivity,canonical,1,0,0,100,0.03716666666666666,0.28833333333333333,RPM,6000.0
rule,141421,2026,bridge_sensitivity,canonical,1,0,1,101,0.030666666666666665,0.799,Gear,6000.0
rule,141421,2026,bridge_sensitivity,canonical,1,0,1,101,0.045500000000000006,0.7968333333333334,RPM,6000.0
rule,141421,2026,bridge_sensitivity,canonical,1,1,0,110,0.028833333333333332,0.14116666666666666,Gear,6000.0
rule,141421,2026,bridge_sensitivity,canonical,1,1,0,110,0.03933333333333333,0.24949999999999997,RPM,6000.0
rule,141421,2026,bridge_sensitivity,canonical,1,1,1,111,0.03233333333333333,0.7983333333333333,Gear,6000.0
rule,141421,2026,bridge_sensitivity,canonical,1,1,1,111,0.04416666666666667,0.8073333333333333,RPM,6000.0
rule,141421,2026,bridge_sensitivity,shifted,0,0,0,000,1.0,1.0,Gear,6000.0
rule,141421,2026,bridge_sensitivity,shifted,0,0,0,000,0.9956666666666667,1.0,RPM,6000.0
rule,141421,2026,bridge_sensitivity,shifted,0,0,1,001,1.0,1.0,Gear,6000.0
rule,141421,2026,bridge_sensitivity,shifted,0,0,1,001,0.9976666666666668,1.0,RPM,6000.0
rule,141421,2026,bridge_sensitivity,shifted,0,1,0,010,1.0,1.0,Gear,6000.0
rule,141421,2026,bridge_sensitivity,shifted,0,1,0,010,0.9980000000000001,1.0,RPM,6000.0
rule,141421,2026,bridge_sensitivity,shifted,0,1,1,011,1.0,1.0,Gear,6000.0
rule,141421,2026,bridge_sensitivity,shifted,0,1,1,011,0.9988333333333334,1.0,RPM,6000.0
rule,141421,2026,bridge_sensitivity,shifted,1,0,0,100,0.027833333333333335,0.18400000000000002,Gear,6000.0
rule,141421,2026,bridge_sensitivity,shifted,1,0,0,100,0.03866666666666666,0.28750000000000003,RPM,6000.0
rule,141421,2026,bridge_sensitivity,shifted,1,0,1,101,0.0305,0.7998333333333333,Gear,6000.0
rule,141421,2026,bridge_sensitivity,shifted,1,0,1,101,0.053,0.799,RPM,6000.0
rule,141421,2026,bridge_sensitivity,shifted,1,1,0,110,0.028666666666666663,0.142,Gear,6000.0
rule,141421,2026,bridge_sensitivity,shifted,1,1,0,110,0.042833333333333334,0.25066666666666665,RPM,6000.0
rule,141421,2026,bridge_sensitivity,shifted,1,1,1,111,0.03233333333333333,0.7988333333333334,Gear,6000.0
rule,141421,2026,bridge_sensitivity,shifted,1,1,1,111,0.051166666666666666,0.8121666666666667,RPM,6000.0
rule,141421,3407,bridge_sensitivity,canonical,0,0,0,000,1.0,1.0,Gear,6000.0
rule,141421,3407,bridge_sensitivity,canonical,0,0,0,000,0.9976666666666666,1.0,RPM,6000.0
rule,141421,3407,bridge_sensitivity,canonical,0,0,1,001,1.0,1.0,Gear,6000.0
rule,141421,3407,bridge_sensitivity,canonical,0,0,1,001,0.9985,1.0,RPM,6000.0
rule,141421,3407,bridge_sensitivity,canonical,0,1,0,010,1.0,1.0,Gear,6000.0
rule,141421,3407,bridge_sensitivity,canonical,0,1,0,010,0.999,1.0,RPM,6000.0
rule,141421,3407,bridge_sensitivity,canonical,0,1,1,011,1.0,1.0,Gear,6000.0
rule,141421,3407,bridge_sensitivity,canonical,0,1,1,011,0.9994999999999999,1.0,RPM,6000.0
rule,141421,3407,bridge_sensitivity,canonical,1,0,0,100,0.0425,0.24050000000000002,Gear,6000.0
rule,141421,3407,bridge_sensitivity,canonical,1,0,0,100,0.17066666666666666,0.21,RPM,6000.0
rule,141421,3407,bridge_sensitivity,canonical,1,0,1,101,0.04416666666666667,0.664,Gear,6000.0
rule,141421,3407,bridge_sensitivity,canonical,1,0,1,101,0.31983333333333336,0.685,RPM,6000.0
rule,141421,3407,bridge_sensitivity,canonical,1,1,0,110,0.04933333333333334,0.20766666666666667,Gear,6000.0
rule,141421,3407,bridge_sensitivity,canonical,1,1,0,110,0.2041666666666667,0.21966666666666668,RPM,6000.0
rule,141421,3407,bridge_sensitivity,canonical,1,1,1,111,0.044833333333333336,0.653,Gear,6000.0
rule,141421,3407,bridge_sensitivity,canonical,1,1,1,111,0.34800000000000003,0.6923333333333334,RPM,6000.0
rule,141421,3407,bridge_sensitivity,shifted,0,0,0,000,1.0,1.0,Gear,6000.0
rule,141421,3407,bridge_sensitivity,shifted,0,0,0,000,0.9961666666666668,1.0,RPM,6000.0
rule,141421,3407,bridge_sensitivity,shifted,0,0,1,001,1.0,1.0,Gear,6000.0
rule,141421,3407,bridge_sensitivity,shifted,0,0,1,001,0.997,1.0,RPM,6000.0
rule,141421,3407,bridge_sensitivity,shifted,0,1,0,010,1.0,1.0,Gear,6000.0
rule,141421,3407,bridge_sensitivity,shifted,0,1,0,010,0.9984999999999999,1.0,RPM,6000.0
rule,141421,3407,bridge_sensitivity,shifted,0,1,1,011,1.0,1.0,Gear,6000.0
rule,141421,3407,bridge_sensitivity,shifted,0,1,1,011,0.999,1.0,RPM,6000.0
rule,141421,3407,bridge_sensitivity,shifted,1,0,0,100,0.042166666666666665,0.24033333333333332,Gear,6000.0
rule,141421,3407,bridge_sensitivity,shifted,1,0,0,100,0.17883333333333332,0.21816666666666665,RPM,6000.0
rule,141421,3407,bridge_sensitivity,shifted,1,0,1,101,0.043500000000000004,0.6656666666666666,Gear,6000.0
rule,141421,3407,bridge_sensitivity,shifted,1,0,1,101,0.3495,0.701,RPM,6000.0
rule,141421,3407,bridge_sensitivity,shifted,1,1,0,110,0.048999999999999995,0.2081666666666667,Gear,6000.0
rule,141421,3407,bridge_sensitivity,shifted,1,1,0,110,0.21466666666666667,0.23033333333333336,RPM,6000.0
rule,141421,3407,bridge_sensitivity,shifted,1,1,1,111,0.04416666666666667,0.6585,Gear,6000.0
rule,141421,3407,bridge_sensitivity,shifted,1,1,1,111,0.3705,0.7041666666666666,RPM,6000.0
rule,161803,7,bridge_sensitivity,canonical,0,0,0,000,1.0,1.0,Gear,6000.0
rule,161803,7,bridge_sensitivity,canonical,0,0,0,000,0.9980000000000001,1.0,RPM,6000.0
rule,161803,7,bridge_sensitivity,canonical,0,0,1,001,1.0,1.0,Gear,6000.0
rule,161803,7,bridge_sensitivity,canonical,0,0,1,001,0.9988333333333334,1.0,RPM,6000.0
rule,161803,7,bridge_sensitivity,canonical,0,1,0,010,1.0,1.0,Gear,6000.0
rule,161803,7,bridge_sensitivity,canonical,0,1,0,010,0.9988333333333334,1.0,RPM,6000.0
rule,161803,7,bridge_sensitivity,canonical,0,1,1,011,1.0,1.0,Gear,6000.0
rule,161803,7,bridge_sensitivity,canonical,0,1,1,011,0.9998333333333335,1.0,RPM,6000.0
rule,161803,7,bridge_sensitivity,canonical,1,0,0,100,0.028999999999999998,0.23583333333333334,Gear,6000.0
rule,161803,7,bridge_sensitivity,canonical,1,0,0,100,0.18916666666666668,0.32433333333333336,RPM,6000.0
rule,161803,7,bridge_sensitivity,canonical,1,0,1,101,0.02716666666666667,0.819,Gear,6000.0
rule,161803,7,bridge_sensitivity,canonical,1,0,1,101,0.10149999999999999,0.6455,RPM,6000.0
rule,161803,7,bridge_sensitivity,canonical,1,1,0,110,0.030666666666666665,0.19266666666666665,Gear,6000.0
rule,161803,7,bridge_sensitivity,canonical,1,1,0,110,0.21,0.30516666666666664,RPM,6000.0
rule,161803,7,bridge_sensitivity,canonical,1,1,1,111,0.026333333333333334,0.8184999999999999,Gear,6000.0
rule,161803,7,bridge_sensitivity,canonical,1,1,1,111,0.10133333333333333,0.6341666666666667,RPM,6000.0
rule,161803,7,bridge_sensitivity,shifted,0,0,0,000,1.0,1.0,Gear,6000.0
rule,161803,7,bridge_sensitivity,shifted,0,0,0,000,0.9953333333333334,1.0,RPM,6000.0
rule,161803,7,bridge_sensitivity,shifted,0,0,1,001,1.0,1.0,Gear,6000.0
rule,161803,7,bridge_sensitivity,shifted,0,0,1,001,0.9981666666666666,1.0,RPM,6000.0
rule,161803,7,bridge_sensitivity,shifted,0,1,0,010,1.0,1.0,Gear,6000.0
rule,161803,7,bridge_sensitivity,shifted,0,1,0,010,0.9983333333333334,1.0,RPM,6000.0
rule,161803,7,bridge_sensitivity,shifted,0,1,1,011,1.0,1.0,Gear,6000.0
rule,161803,7,bridge_sensitivity,shifted,0,1,1,011,0.9994999999999999,1.0,RPM,6000.0
rule,161803,7,bridge_sensitivity,shifted,1,0,0,100,0.029333333333333333,0.238,Gear,6000.0
rule,161803,7,bridge_sensitivity,shifted,1,0,0,100,0.19833333333333333,0.3313333333333333,RPM,6000.0
rule,161803,7,bridge_sensitivity,shifted,1,0,1,101,0.027333333333333334,0.8205,Gear,6000.0
rule,161803,7,bridge_sensitivity,shifted,1,0,1,101,0.11033333333333334,0.6588333333333334,RPM,6000.0
rule,161803,7,bridge_sensitivity,shifted,1,1,0,110,0.030833333333333334,0.19399999999999998,Gear,6000.0
rule,161803,7,bridge_sensitivity,shifted,1,1,0,110,0.221,0.30866666666666664,RPM,6000.0
rule,161803,7,bridge_sensitivity,shifted,1,1,1,111,0.026333333333333334,0.8196666666666667,Gear,6000.0
rule,161803,7,bridge_sensitivity,shifted,1,1,1,111,0.11666666666666665,0.6523333333333333,RPM,6000.0
rule,161803,42,bridge_sensitivity,canonical,0,0,0,000,0.9994999999999999,1.0,Gear,6000.0
rule,161803,42,bridge_sensitivity,canonical,0,0,0,000,0.9983333333333334,1.0,RPM,6000.0
rule,161803,42,bridge_sensitivity,canonical,0,0,1,001,0.9996666666666667,1.0,Gear,6000.0
rule,161803,42,bridge_sensitivity,canonical,0,0,1,001,0.999,1.0,RPM,6000.0
rule,161803,42,bridge_sensitivity,canonical,0,1,0,010,0.9996666666666667,1.0,Gear,6000.0
rule,161803,42,bridge_sensitivity,canonical,0,1,0,010,0.9994999999999999,1.0,RPM,6000.0
rule,161803,42,bridge_sensitivity,canonical,0,1,1,011,0.9996666666666667,1.0,Gear,6000.0
rule,161803,42,bridge_sensitivity,canonical,0,1,1,011,0.9996666666666667,1.0,RPM,6000.0
rule,161803,42,bridge_sensitivity,canonical,1,0,0,100,0.043500000000000004,0.2806666666666667,Gear,6000.0
rule,161803,42,bridge_sensitivity,canonical,1,0,0,100,0.3013333333333333,0.3998333333333333,RPM,6000.0
rule,161803,42,bridge_sensitivity,canonical,1,0,1,101,0.05433333333333334,0.5933333333333334,Gear,6000.0
rule,161803,42,bridge_sensitivity,canonical,1,0,1,101,0.09966666666666667,0.49,RPM,6000.0
rule,161803,42,bridge_sensitivity,canonical,1,1,0,110,0.05266666666666667,0.24583333333333335,Gear,6000.0
rule,161803,42,bridge_sensitivity,canonical,1,1,0,110,0.32416666666666666,0.3775,RPM,6000.0
rule,161803,42,bridge_sensitivity,canonical,1,1,1,111,0.06733333333333334,0.5821666666666667,Gear,6000.0
rule,161803,42,bridge_sensitivity,canonical,1,1,1,111,0.106,0.4611666666666667,RPM,6000.0
rule,161803,42,bridge_sensitivity,shifted,0,0,0,000,0.9994999999999999,1.0,Gear,6000.0
rule,161803,42,bridge_sensitivity,shifted,0,0,0,000,0.9965,1.0,RPM,6000.0
rule,161803,42,bridge_sensitivity,shifted,0,0,1,001,0.9996666666666667,1.0,Gear,6000.0
rule,161803,42,bridge_sensitivity,shifted,0,0,1,001,0.9978333333333333,1.0,RPM,6000.0
rule,161803,42,bridge_sensitivity,shifted,0,1,0,010,0.9996666666666667,1.0,Gear,6000.0
rule,161803,42,bridge_sensitivity,shifted,0,1,0,010,0.9988333333333334,1.0,RPM,6000.0
rule,161803,42,bridge_sensitivity,shifted,0,1,1,011,0.9996666666666667,1.0,Gear,6000.0
rule,161803,42,bridge_sensitivity,shifted,0,1,1,011,0.9993333333333334,1.0,RPM,6000.0
rule,161803,42,bridge_sensitivity,shifted,1,0,0,100,0.043166666666666666,0.2821666666666667,Gear,6000.0
rule,161803,42,bridge_sensitivity,shifted,1,0,0,100,0.30683333333333335,0.40700000000000003,RPM,6000.0
rule,161803,42,bridge_sensitivity,shifted,1,0,1,101,0.05316666666666667,0.594,Gear,6000.0
rule,161803,42,bridge_sensitivity,shifted,1,0,1,101,0.107,0.5013333333333333,RPM,6000.0
rule,161803,42,bridge_sensitivity,shifted,1,1,0,110,0.05266666666666667,0.24750000000000003,Gear,6000.0
rule,161803,42,bridge_sensitivity,shifted,1,1,0,110,0.3265,0.38166666666666665,RPM,6000.0
rule,161803,42,bridge_sensitivity,shifted,1,1,1,111,0.06666666666666667,0.5821666666666666,Gear,6000.0
rule,161803,42,bridge_sensitivity,shifted,1,1,1,111,0.11766666666666666,0.4805,RPM,6000.0
rule,161803,123,bridge_sensitivity,canonical,0,0,0,000,0.9998333333333335,1.0,Gear,6000.0
rule,161803,123,bridge_sensitivity,canonical,0,0,0,000,0.9976666666666668,1.0,RPM,6000.0
rule,161803,123,bridge_sensitivity,canonical,0,0,1,001,1.0,1.0,Gear,6000.0
rule,161803,123,bridge_sensitivity,canonical,0,0,1,001,0.999,1.0,RPM,6000.0
rule,161803,123,bridge_sensitivity,canonical,0,1,0,010,1.0,1.0,Gear,6000.0
rule,161803,123,bridge_sensitivity,canonical,0,1,0,010,0.9988333333333334,1.0,RPM,6000.0
rule,161803,123,bridge_sensitivity,canonical,0,1,1,011,0.9998333333333335,1.0,Gear,6000.0
rule,161803,123,bridge_sensitivity,canonical,0,1,1,011,0.9994999999999999,1.0,RPM,6000.0
rule,161803,123,bridge_sensitivity,canonical,1,0,0,100,0.03316666666666667,0.16133333333333333,Gear,6000.0
rule,161803,123,bridge_sensitivity,canonical,1,0,0,100,0.1385,0.31516666666666665,RPM,6000.0
rule,161803,123,bridge_sensitivity,canonical,1,0,1,101,0.03616666666666667,0.7196666666666666,Gear,6000.0
rule,161803,123,bridge_sensitivity,canonical,1,0,1,101,0.049666666666666665,0.7775,RPM,6000.0
rule,161803,123,bridge_sensitivity,canonical,1,1,0,110,0.034333333333333334,0.12366666666666666,Gear,6000.0
rule,161803,123,bridge_sensitivity,canonical,1,1,0,110,0.17400000000000002,0.311,RPM,6000.0
rule,161803,123,bridge_sensitivity,canonical,1,1,1,111,0.0375,0.7148333333333333,Gear,6000.0
rule,161803,123,bridge_sensitivity,canonical,1,1,1,111,0.04466666666666667,0.7848333333333333,RPM,6000.0
rule,161803,123,bridge_sensitivity,shifted,0,0,0,000,0.9998333333333335,1.0,Gear,6000.0
rule,161803,123,bridge_sensitivity,shifted,0,0,0,000,0.9948333333333333,1.0,RPM,6000.0
rule,161803,123,bridge_sensitivity,shifted,0,0,1,001,1.0,1.0,Gear,6000.0
rule,161803,123,bridge_sensitivity,shifted,0,0,1,001,0.9975,1.0,RPM,6000.0
rule,161803,123,bridge_sensitivity,shifted,0,1,0,010,1.0,1.0,Gear,6000.0
rule,161803,123,bridge_sensitivity,shifted,0,1,0,010,0.9983333333333334,1.0,RPM,6000.0
rule,161803,123,bridge_sensitivity,shifted,0,1,1,011,0.9998333333333335,1.0,Gear,6000.0
rule,161803,123,bridge_sensitivity,shifted,0,1,1,011,0.9991666666666666,1.0,RPM,6000.0
rule,161803,123,bridge_sensitivity,shifted,1,0,0,100,0.033,0.16166666666666665,Gear,6000.0
rule,161803,123,bridge_sensitivity,shifted,1,0,0,100,0.14066666666666666,0.3213333333333333,RPM,6000.0
rule,161803,123,bridge_sensitivity,shifted,1,0,1,101,0.03566666666666667,0.7200000000000001,Gear,6000.0
rule,161803,123,bridge_sensitivity,shifted,1,0,1,101,0.052,0.7866666666666666,RPM,6000.0
rule,161803,123,bridge_sensitivity,shifted,1,1,0,110,0.03416666666666667,0.12466666666666666,Gear,6000.0
rule,161803,123,bridge_sensitivity,shifted,1,1,0,110,0.17300000000000001,0.315,RPM,6000.0
rule,161803,123,bridge_sensitivity,shifted,1,1,1,111,0.037,0.7146666666666667,Gear,6000.0
rule,161803,123,bridge_sensitivity,shifted,1,1,1,111,0.04833333333333333,0.798,RPM,6000.0
rule,161803,2026,bridge_sensitivity,canonical,0,0,0,000,0.9998333333333335,1.0,Gear,6000.0
rule,161803,2026,bridge_sensitivity,canonical,0,0,0,000,0.9978333333333333,1.0,RPM,6000.0
rule,161803,2026,bridge_sensitivity,canonical,0,0,1,001,0.9996666666666667,1.0,Gear,6000.0
rule,161803,2026,bridge_sensitivity,canonical,0,0,1,001,0.999,1.0,RPM,6000.0
rule,161803,2026,bridge_sensitivity,canonical,0,1,0,010,0.9996666666666667,1.0,Gear,6000.0
rule,161803,2026,bridge_sensitivity,canonical,0,1,0,010,0.9991666666666666,1.0,RPM,6000.0
rule,161803,2026,bridge_sensitivity,canonical,0,1,1,011,0.9996666666666667,1.0,Gear,6000.0
rule,161803,2026,bridge_sensitivity,canonical,0,1,1,011,0.9998333333333335,1.0,RPM,6000.0
rule,161803,2026,bridge_sensitivity,canonical,1,0,0,100,0.029333333333333333,0.2605,Gear,6000.0
rule,161803,2026,bridge_sensitivity,canonical,1,0,0,100,0.16833333333333333,0.33066666666666666,RPM,6000.0
rule,161803,2026,bridge_sensitivity,canonical,1,0,1,101,0.029666666666666664,0.7515000000000001,Gear,6000.0
rule,161803,2026,bridge_sensitivity,canonical,1,0,1,101,0.18200000000000002,0.7050000000000001,RPM,6000.0
rule,161803,2026,bridge_sensitivity,canonical,1,1,0,110,0.0295,0.21583333333333332,Gear,6000.0
rule,161803,2026,bridge_sensitivity,canonical,1,1,0,110,0.20750000000000002,0.3255,RPM,6000.0
rule,161803,2026,bridge_sensitivity,canonical,1,1,1,111,0.029666666666666664,0.7463333333333333,Gear,6000.0
rule,161803,2026,bridge_sensitivity,canonical,1,1,1,111,0.21366666666666667,0.714,RPM,6000.0
rule,161803,2026,bridge_sensitivity,shifted,0,0,0,000,0.9998333333333335,1.0,Gear,6000.0
rule,161803,2026,bridge_sensitivity,shifted,0,0,0,000,0.9956666666666667,1.0,RPM,6000.0
rule,161803,2026,bridge_sensitivity,shifted,0,0,1,001,0.9996666666666667,1.0,Gear,6000.0
rule,161803,2026,bridge_sensitivity,shifted,0,0,1,001,0.9980000000000001,1.0,RPM,6000.0
rule,161803,2026,bridge_sensitivity,shifted,0,1,0,010,0.9996666666666667,1.0,Gear,6000.0
rule,161803,2026,bridge_sensitivity,shifted,0,1,0,010,0.9984999999999999,1.0,RPM,6000.0
rule,161803,2026,bridge_sensitivity,shifted,0,1,1,011,0.9996666666666667,1.0,Gear,6000.0
rule,161803,2026,bridge_sensitivity,shifted,0,1,1,011,0.9991666666666666,1.0,RPM,6000.0
rule,161803,2026,bridge_sensitivity,shifted,1,0,0,100,0.029666666666666664,0.262,Gear,6000.0
rule,161803,2026,bridge_sensitivity,shifted,1,0,0,100,0.17116666666666666,0.32783333333333337,RPM,6000.0
rule,161803,2026,bridge_sensitivity,shifted,1,0,1,101,0.029333333333333333,0.7519999999999999,Gear,6000.0
rule,161803,2026,bridge_sensitivity,shifted,1,0,1,101,0.17700000000000002,0.7054999999999999,RPM,6000.0
rule,161803,2026,bridge_sensitivity,shifted,1,1,0,110,0.029166666666666664,0.2165,Gear,6000.0
rule,161803,2026,bridge_sensitivity,shifted,1,1,0,110,0.204,0.3213333333333333,RPM,6000.0
rule,161803,2026,bridge_sensitivity,shifted,1,1,1,111,0.029666666666666664,0.7484999999999999,Gear,6000.0
rule,161803,2026,bridge_sensitivity,shifted,1,1,1,111,0.2125,0.7123333333333334,RPM,6000.0
rule,161803,3407,bridge_sensitivity,canonical,0,0,0,000,1.0,1.0,Gear,6000.0
rule,161803,3407,bridge_sensitivity,canonical,0,0,0,000,0.9978333333333333,1.0,RPM,6000.0
rule,161803,3407,bridge_sensitivity,canonical,0,0,1,001,0.9996666666666667,1.0,Gear,6000.0
rule,161803,3407,bridge_sensitivity,canonical,0,0,1,001,0.9988333333333334,1.0,RPM,6000.0
rule,161803,3407,bridge_sensitivity,canonical,0,1,0,010,0.9998333333333335,1.0,Gear,6000.0
rule,161803,3407,bridge_sensitivity,canonical,0,1,0,010,0.9993333333333334,1.0,RPM,6000.0
rule,161803,3407,bridge_sensitivity,canonical,0,1,1,011,0.9998333333333335,1.0,Gear,6000.0
rule,161803,3407,bridge_sensitivity,canonical,0,1,1,011,0.9996666666666667,1.0,RPM,6000.0
rule,161803,3407,bridge_sensitivity,canonical,1,0,0,100,0.026166666666666668,0.23616666666666666,Gear,6000.0
rule,161803,3407,bridge_sensitivity,canonical,1,0,0,100,0.125,0.26133333333333336,RPM,6000.0
rule,161803,3407,bridge_sensitivity,canonical,1,0,1,101,0.027333333333333334,0.7448333333333332,Gear,6000.0
rule,161803,3407,bridge_sensitivity,canonical,1,0,1,101,0.22183333333333333,0.7068333333333333,RPM,6000.0
rule,161803,3407,bridge_sensitivity,canonical,1,1,0,110,0.02766666666666667,0.19666666666666668,Gear,6000.0
rule,161803,3407,bridge_sensitivity,canonical,1,1,0,110,0.16,0.25733333333333336,RPM,6000.0
rule,161803,3407,bridge_sensitivity,canonical,1,1,1,111,0.029,0.731,Gear,6000.0
rule,161803,3407,bridge_sensitivity,canonical,1,1,1,111,0.23416666666666666,0.6974999999999999,RPM,6000.0
rule,161803,3407,bridge_sensitivity,shifted,0,0,0,000,1.0,1.0,Gear,6000.0
rule,161803,3407,bridge_sensitivity,shifted,0,0,0,000,0.9956666666666667,1.0,RPM,6000.0
rule,161803,3407,bridge_sensitivity,shifted,0,0,1,001,0.9996666666666667,1.0,Gear,6000.0
rule,161803,3407,bridge_sensitivity,shifted,0,0,1,001,0.9976666666666668,1.0,RPM,6000.0
rule,161803,3407,bridge_sensitivity,shifted,0,1,0,010,0.9998333333333335,1.0,Gear,6000.0
rule,161803,3407,bridge_sensitivity,shifted,0,1,0,010,0.9985,1.0,RPM,6000.0
rule,161803,3407,bridge_sensitivity,shifted,0,1,1,011,0.9998333333333335,1.0,Gear,6000.0
rule,161803,3407,bridge_sensitivity,shifted,0,1,1,011,0.9991666666666666,1.0,RPM,6000.0
rule,161803,3407,bridge_sensitivity,shifted,1,0,0,100,0.026166666666666668,0.23683333333333334,Gear,6000.0
rule,161803,3407,bridge_sensitivity,shifted,1,0,0,100,0.11966666666666666,0.25833333333333336,RPM,6000.0
rule,161803,3407,bridge_sensitivity,shifted,1,0,1,101,0.027333333333333334,0.7463333333333333,Gear,6000.0
rule,161803,3407,bridge_sensitivity,shifted,1,0,1,101,0.21816666666666665,0.7206666666666667,RPM,6000.0
rule,161803,3407,bridge_sensitivity,shifted,1,1,0,110,0.02766666666666667,0.19733333333333336,Gear,6000.0
rule,161803,3407,bridge_sensitivity,shifted,1,1,0,110,0.15416666666666667,0.25166666666666665,RPM,6000.0
rule,161803,3407,bridge_sensitivity,shifted,1,1,1,111,0.02916666666666667,0.733,Gear,6000.0
rule,161803,3407,bridge_sensitivity,shifted,1,1,1,111,0.2313333333333333,0.7153333333333333,RPM,6000.0
rule,173205,7,bridge_sensitivity,canonical,0,0,0,000,1.0,1.0,Gear,6000.0
rule,173205,7,bridge_sensitivity,canonical,0,0,0,000,0.9983333333333334,1.0,RPM,6000.0
rule,173205,7,bridge_sensitivity,canonical,0,0,1,001,0.9998333333333335,1.0,Gear,6000.0
rule,173205,7,bridge_sensitivity,canonical,0,0,1,001,0.9988333333333334,1.0,RPM,6000.0
rule,173205,7,bridge_sensitivity,canonical,0,1,0,010,0.9998333333333335,1.0,Gear,6000.0
rule,173205,7,bridge_sensitivity,canonical,0,1,0,010,0.9991666666666666,1.0,RPM,6000.0
rule,173205,7,bridge_sensitivity,canonical,0,1,1,011,1.0,1.0,Gear,6000.0
rule,173205,7,bridge_sensitivity,canonical,0,1,1,011,0.9998333333333335,1.0,RPM,6000.0
rule,173205,7,bridge_sensitivity,canonical,1,0,0,100,0.039,0.19666666666666668,Gear,6000.0
rule,173205,7,bridge_sensitivity,canonical,1,0,0,100,0.17516666666666666,0.3461666666666667,RPM,6000.0
rule,173205,7,bridge_sensitivity,canonical,1,0,1,101,0.044333333333333336,0.7276666666666666,Gear,6000.0
rule,173205,7,bridge_sensitivity,canonical,1,0,1,101,0.16733333333333333,0.6998333333333333,RPM,6000.0
rule,173205,7,bridge_sensitivity,canonical,1,1,0,110,0.043666666666666666,0.169,Gear,6000.0
rule,173205,7,bridge_sensitivity,canonical,1,1,0,110,0.21983333333333333,0.3398333333333334,RPM,6000.0
rule,173205,7,bridge_sensitivity,canonical,1,1,1,111,0.05383333333333334,0.7324999999999999,Gear,6000.0
rule,173205,7,bridge_sensitivity,canonical,1,1,1,111,0.1865,0.6995,RPM,6000.0
rule,173205,7,bridge_sensitivity,shifted,0,0,0,000,1.0,1.0,Gear,6000.0
rule,173205,7,bridge_sensitivity,shifted,0,0,0,000,0.9958333333333332,1.0,RPM,6000.0
rule,173205,7,bridge_sensitivity,shifted,0,0,1,001,0.9998333333333335,1.0,Gear,6000.0
rule,173205,7,bridge_sensitivity,shifted,0,0,1,001,0.9976666666666668,1.0,RPM,6000.0
rule,173205,7,bridge_sensitivity,shifted,0,1,0,010,0.9998333333333335,1.0,Gear,6000.0
rule,173205,7,bridge_sensitivity,shifted,0,1,0,010,0.9983333333333334,1.0,RPM,6000.0
rule,173205,7,bridge_sensitivity,shifted,0,1,1,011,1.0,1.0,Gear,6000.0
rule,173205,7,bridge_sensitivity,shifted,0,1,1,011,0.9993333333333334,1.0,RPM,6000.0
rule,173205,7,bridge_sensitivity,shifted,1,0,0,100,0.03883333333333333,0.19699999999999998,Gear,6000.0
rule,173205,7,bridge_sensitivity,shifted,1,0,0,100,0.1825,0.34500000000000003,RPM,6000.0
rule,173205,7,bridge_sensitivity,shifted,1,0,1,101,0.044000000000000004,0.7280000000000001,Gear,6000.0
rule,173205,7,bridge_sensitivity,shifted,1,0,1,101,0.1681666666666667,0.7043333333333334,RPM,6000.0
rule,173205,7,bridge_sensitivity,shifted,1,1,0,110,0.043666666666666666,0.169,Gear,6000.0
rule,173205,7,bridge_sensitivity,shifted,1,1,0,110,0.23199999999999998,0.34833333333333333,RPM,6000.0
rule,173205,7,bridge_sensitivity,shifted,1,1,1,111,0.053,0.7318333333333333,Gear,6000.0
rule,173205,7,bridge_sensitivity,shifted,1,1,1,111,0.19116666666666668,0.7075,RPM,6000.0
rule,173205,42,bridge_sensitivity,canonical,0,0,0,000,1.0,1.0,Gear,6000.0
rule,173205,42,bridge_sensitivity,canonical,0,0,0,000,0.9981666666666668,1.0,RPM,6000.0
rule,173205,42,bridge_sensitivity,canonical,0,0,1,001,1.0,1.0,Gear,6000.0
rule,173205,42,bridge_sensitivity,canonical,0,0,1,001,0.9986666666666667,1.0,RPM,6000.0
rule,173205,42,bridge_sensitivity,canonical,0,1,0,010,1.0,1.0,Gear,6000.0
rule,173205,42,bridge_sensitivity,canonical,0,1,0,010,0.999,1.0,RPM,6000.0
rule,173205,42,bridge_sensitivity,canonical,0,1,1,011,1.0,1.0,Gear,6000.0
rule,173205,42,bridge_sensitivity,canonical,0,1,1,011,0.9996666666666667,1.0,RPM,6000.0
rule,173205,42,bridge_sensitivity,canonical,1,0,0,100,0.03316666666666667,0.289,Gear,6000.0
rule,173205,42,bridge_sensitivity,canonical,1,0,0,100,0.16033333333333333,0.319,RPM,6000.0
rule,173205,42,bridge_sensitivity,canonical,1,0,1,101,0.030833333333333334,0.8905,Gear,6000.0
rule,173205,42,bridge_sensitivity,canonical,1,0,1,101,0.06483333333333334,0.526,RPM,6000.0
rule,173205,42,bridge_sensitivity,canonical,1,1,0,110,0.034333333333333334,0.2535,Gear,6000.0
rule,173205,42,bridge_sensitivity,canonical,1,1,0,110,0.16749999999999998,0.2901666666666667,RPM,6000.0
rule,173205,42,bridge_sensitivity,canonical,1,1,1,111,0.0325,0.903,Gear,6000.0
rule,173205,42,bridge_sensitivity,canonical,1,1,1,111,0.06666666666666667,0.5031666666666667,RPM,6000.0
rule,173205,42,bridge_sensitivity,shifted,0,0,0,000,1.0,1.0,Gear,6000.0
rule,173205,42,bridge_sensitivity,shifted,0,0,0,000,0.9955000000000002,1.0,RPM,6000.0
rule,173205,42,bridge_sensitivity,shifted,0,0,1,001,1.0,1.0,Gear,6000.0
rule,173205,42,bridge_sensitivity,shifted,0,0,1,001,0.9979999999999999,1.0,RPM,6000.0
rule,173205,42,bridge_sensitivity,shifted,0,1,0,010,1.0,1.0,Gear,6000.0
rule,173205,42,bridge_sensitivity,shifted,0,1,0,010,0.9981666666666666,1.0,RPM,6000.0
rule,173205,42,bridge_sensitivity,shifted,0,1,1,011,1.0,1.0,Gear,6000.0
rule,173205,42,bridge_sensitivity,shifted,0,1,1,011,0.9991666666666666,1.0,RPM,6000.0
rule,173205,42,bridge_sensitivity,shifted,1,0,0,100,0.03316666666666667,0.28983333333333333,Gear,6000.0
rule,173205,42,bridge_sensitivity,shifted,1,0,0,100,0.1575,0.32033333333333336,RPM,6000.0
rule,173205,42,bridge_sensitivity,shifted,1,0,1,101,0.030666666666666665,0.8906666666666666,Gear,6000.0
rule,173205,42,bridge_sensitivity,shifted,1,0,1,101,0.0615,0.531,RPM,6000.0
rule,173205,42,bridge_sensitivity,shifted,1,1,0,110,0.034499999999999996,0.25383333333333336,Gear,6000.0
rule,173205,42,bridge_sensitivity,shifted,1,1,0,110,0.171,0.295,RPM,6000.0
rule,173205,42,bridge_sensitivity,shifted,1,1,1,111,0.0325,0.9038333333333334,Gear,6000.0
rule,173205,42,bridge_sensitivity,shifted,1,1,1,111,0.064,0.5095,RPM,6000.0
rule,173205,123,bridge_sensitivity,canonical,0,0,0,000,1.0,1.0,Gear,6000.0
rule,173205,123,bridge_sensitivity,canonical,0,0,0,000,0.9983333333333334,1.0,RPM,6000.0
rule,173205,123,bridge_sensitivity,canonical,0,0,1,001,0.9998333333333335,1.0,Gear,6000.0
rule,173205,123,bridge_sensitivity,canonical,0,0,1,001,0.9986666666666667,1.0,RPM,6000.0
rule,173205,123,bridge_sensitivity,canonical,0,1,0,010,0.9998333333333335,1.0,Gear,6000.0
rule,173205,123,bridge_sensitivity,canonical,0,1,0,010,0.9993333333333334,1.0,RPM,6000.0
rule,173205,123,bridge_sensitivity,canonical,0,1,1,011,1.0,1.0,Gear,6000.0
rule,173205,123,bridge_sensitivity,canonical,0,1,1,011,0.9998333333333335,1.0,RPM,6000.0
rule,173205,123,bridge_sensitivity,canonical,1,0,0,100,0.043666666666666666,0.2165,Gear,6000.0
rule,173205,123,bridge_sensitivity,canonical,1,0,0,100,0.09783333333333333,0.26,RPM,6000.0
rule,173205,123,bridge_sensitivity,canonical,1,0,1,101,0.030666666666666665,0.7214999999999999,Gear,6000.0
rule,173205,123,bridge_sensitivity,canonical,1,0,1,101,0.037,0.5751666666666667,RPM,6000.0
rule,173205,123,bridge_sensitivity,canonical,1,1,0,110,0.051166666666666666,0.17900000000000002,Gear,6000.0
rule,173205,123,bridge_sensitivity,canonical,1,1,0,110,0.13466666666666668,0.257,RPM,6000.0
rule,173205,123,bridge_sensitivity,canonical,1,1,1,111,0.033,0.7223333333333333,Gear,6000.0
rule,173205,123,bridge_sensitivity,canonical,1,1,1,111,0.03883333333333333,0.5750000000000001,RPM,6000.0
rule,173205,123,bridge_sensitivity,shifted,0,0,0,000,1.0,1.0,Gear,6000.0
rule,173205,123,bridge_sensitivity,shifted,0,0,0,000,0.996,1.0,RPM,6000.0
rule,173205,123,bridge_sensitivity,shifted,0,0,1,001,0.9998333333333335,1.0,Gear,6000.0
rule,173205,123,bridge_sensitivity,shifted,0,0,1,001,0.9979999999999999,1.0,RPM,6000.0
rule,173205,123,bridge_sensitivity,shifted,0,1,0,010,0.9998333333333335,1.0,Gear,6000.0
rule,173205,123,bridge_sensitivity,shifted,0,1,0,010,0.9984999999999999,1.0,RPM,6000.0
rule,173205,123,bridge_sensitivity,shifted,0,1,1,011,1.0,1.0,Gear,6000.0
rule,173205,123,bridge_sensitivity,shifted,0,1,1,011,0.9988333333333334,1.0,RPM,6000.0
rule,173205,123,bridge_sensitivity,shifted,1,0,0,100,0.043833333333333335,0.21733333333333335,Gear,6000.0
rule,173205,123,bridge_sensitivity,shifted,1,0,0,100,0.1055,0.26983333333333337,RPM,6000.0
rule,173205,123,bridge_sensitivity,shifted,1,0,1,101,0.030833333333333334,0.7225,Gear,6000.0
rule,173205,123,bridge_sensitivity,shifted,1,0,1,101,0.037333333333333336,0.5873333333333334,RPM,6000.0
rule,173205,123,bridge_sensitivity,shifted,1,1,0,110,0.050666666666666665,0.17933333333333334,Gear,6000.0
rule,173205,123,bridge_sensitivity,shifted,1,1,0,110,0.14866666666666667,0.26966666666666667,RPM,6000.0
rule,173205,123,bridge_sensitivity,shifted,1,1,1,111,0.03333333333333333,0.7223333333333333,Gear,6000.0
rule,173205,123,bridge_sensitivity,shifted,1,1,1,111,0.03983333333333333,0.5915,RPM,6000.0
rule,173205,2026,bridge_sensitivity,canonical,0,0,0,000,0.9998333333333335,1.0,Gear,6000.0
rule,173205,2026,bridge_sensitivity,canonical,0,0,0,000,0.9978333333333333,1.0,RPM,6000.0
rule,173205,2026,bridge_sensitivity,canonical,0,0,1,001,0.9998333333333335,1.0,Gear,6000.0
rule,173205,2026,bridge_sensitivity,canonical,0,0,1,001,0.9981666666666668,1.0,RPM,6000.0
rule,173205,2026,bridge_sensitivity,canonical,0,1,0,010,1.0,1.0,Gear,6000.0
rule,173205,2026,bridge_sensitivity,canonical,0,1,0,010,0.9986666666666667,1.0,RPM,6000.0
rule,173205,2026,bridge_sensitivity,canonical,0,1,1,011,1.0,1.0,Gear,6000.0
rule,173205,2026,bridge_sensitivity,canonical,0,1,1,011,0.9994999999999999,1.0,RPM,6000.0
rule,173205,2026,bridge_sensitivity,canonical,1,0,0,100,0.0315,0.26133333333333336,Gear,6000.0
rule,173205,2026,bridge_sensitivity,canonical,1,0,0,100,0.057999999999999996,0.1728333333333333,RPM,6000.0
rule,173205,2026,bridge_sensitivity,canonical,1,0,1,101,0.0305,0.6568333333333333,Gear,6000.0
rule,173205,2026,bridge_sensitivity,canonical,1,0,1,101,0.071,0.5831666666666666,RPM,6000.0
rule,173205,2026,bridge_sensitivity,canonical,1,1,0,110,0.028999999999999998,0.21333333333333335,Gear,6000.0
rule,173205,2026,bridge_sensitivity,canonical,1,1,0,110,0.07483333333333332,0.1605,RPM,6000.0
rule,173205,2026,bridge_sensitivity,canonical,1,1,1,111,0.028833333333333332,0.6411666666666666,Gear,6000.0
rule,173205,2026,bridge_sensitivity,canonical,1,1,1,111,0.083,0.5833333333333334,RPM,6000.0
rule,173205,2026,bridge_sensitivity,shifted,0,0,0,000,0.9998333333333335,1.0,Gear,6000.0
rule,173205,2026,bridge_sensitivity,shifted,0,0,0,000,0.9953333333333333,1.0,RPM,6000.0
rule,173205,2026,bridge_sensitivity,shifted,0,0,1,001,0.9998333333333335,1.0,Gear,6000.0
rule,173205,2026,bridge_sensitivity,shifted,0,0,1,001,0.9965,1.0,RPM,6000.0
rule,173205,2026,bridge_sensitivity,shifted,0,1,0,010,1.0,1.0,Gear,6000.0
rule,173205,2026,bridge_sensitivity,shifted,0,1,0,010,0.9980000000000001,1.0,RPM,6000.0
rule,173205,2026,bridge_sensitivity,shifted,0,1,1,011,1.0,1.0,Gear,6000.0
rule,173205,2026,bridge_sensitivity,shifted,0,1,1,011,0.9986666666666667,1.0,RPM,6000.0
rule,173205,2026,bridge_sensitivity,shifted,1,0,0,100,0.03166666666666667,0.26133333333333336,Gear,6000.0
rule,173205,2026,bridge_sensitivity,shifted,1,0,0,100,0.05883333333333333,0.17716666666666667,RPM,6000.0
rule,173205,2026,bridge_sensitivity,shifted,1,0,1,101,0.0305,0.657,Gear,6000.0
rule,173205,2026,bridge_sensitivity,shifted,1,0,1,101,0.0785,0.5938333333333333,RPM,6000.0
rule,173205,2026,bridge_sensitivity,shifted,1,1,0,110,0.028999999999999998,0.21366666666666667,Gear,6000.0
rule,173205,2026,bridge_sensitivity,shifted,1,1,0,110,0.07533333333333334,0.16133333333333333,RPM,6000.0
rule,173205,2026,bridge_sensitivity,shifted,1,1,1,111,0.028999999999999998,0.6421666666666667,Gear,6000.0
rule,173205,2026,bridge_sensitivity,shifted,1,1,1,111,0.09000000000000001,0.5961666666666666,RPM,6000.0
rule,173205,3407,bridge_sensitivity,canonical,0,0,0,000,0.9998333333333335,1.0,Gear,6000.0
rule,173205,3407,bridge_sensitivity,canonical,0,0,0,000,0.9981666666666666,1.0,RPM,6000.0
rule,173205,3407,bridge_sensitivity,canonical,0,0,1,001,0.9998333333333335,1.0,Gear,6000.0
rule,173205,3407,bridge_sensitivity,canonical,0,0,1,001,0.9981666666666666,1.0,RPM,6000.0
rule,173205,3407,bridge_sensitivity,canonical,0,1,0,010,0.9998333333333335,1.0,Gear,6000.0
rule,173205,3407,bridge_sensitivity,canonical,0,1,0,010,0.999,1.0,RPM,6000.0
rule,173205,3407,bridge_sensitivity,canonical,0,1,1,011,0.9998333333333335,1.0,Gear,6000.0
rule,173205,3407,bridge_sensitivity,canonical,0,1,1,011,0.9994999999999999,1.0,RPM,6000.0
rule,173205,3407,bridge_sensitivity,canonical,1,0,0,100,0.030166666666666665,0.151,Gear,6000.0
rule,173205,3407,bridge_sensitivity,canonical,1,0,0,100,0.09933333333333333,0.1688333333333333,RPM,6000.0
rule,173205,3407,bridge_sensitivity,canonical,1,0,1,101,0.0315,0.7876666666666666,Gear,6000.0
rule,173205,3407,bridge_sensitivity,canonical,1,0,1,101,0.17600000000000002,0.691,RPM,6000.0
rule,173205,3407,bridge_sensitivity,canonical,1,1,0,110,0.03166666666666667,0.12133333333333333,Gear,6000.0
rule,173205,3407,bridge_sensitivity,canonical,1,1,0,110,0.124,0.15933333333333333,RPM,6000.0
rule,173205,3407,bridge_sensitivity,canonical,1,1,1,111,0.035,0.7915000000000001,Gear,6000.0
rule,173205,3407,bridge_sensitivity,canonical,1,1,1,111,0.17866666666666667,0.6788333333333334,RPM,6000.0
rule,173205,3407,bridge_sensitivity,shifted,0,0,0,000,0.9998333333333335,1.0,Gear,6000.0
rule,173205,3407,bridge_sensitivity,shifted,0,0,0,000,0.9956666666666667,1.0,RPM,6000.0
rule,173205,3407,bridge_sensitivity,shifted,0,0,1,001,0.9998333333333335,1.0,Gear,6000.0
rule,173205,3407,bridge_sensitivity,shifted,0,0,1,001,0.9973333333333333,1.0,RPM,6000.0
rule,173205,3407,bridge_sensitivity,shifted,0,1,0,010,0.9998333333333335,1.0,Gear,6000.0
rule,173205,3407,bridge_sensitivity,shifted,0,1,0,010,0.9981666666666668,1.0,RPM,6000.0
rule,173205,3407,bridge_sensitivity,shifted,0,1,1,011,0.9998333333333335,1.0,Gear,6000.0
rule,173205,3407,bridge_sensitivity,shifted,0,1,1,011,0.9986666666666667,1.0,RPM,6000.0
rule,173205,3407,bridge_sensitivity,shifted,1,0,0,100,0.030333333333333334,0.152,Gear,6000.0
rule,173205,3407,bridge_sensitivity,shifted,1,0,0,100,0.10233333333333333,0.1691666666666667,RPM,6000.0
rule,173205,3407,bridge_sensitivity,shifted,1,0,1,101,0.0315,0.7891666666666667,Gear,6000.0
rule,173205,3407,bridge_sensitivity,shifted,1,0,1,101,0.18516666666666667,0.6945,RPM,6000.0
rule,173205,3407,bridge_sensitivity,shifted,1,1,0,110,0.03166666666666667,0.12216666666666666,Gear,6000.0
rule,173205,3407,bridge_sensitivity,shifted,1,1,0,110,0.12483333333333334,0.159,RPM,6000.0
rule,173205,3407,bridge_sensitivity,shifted,1,1,1,111,0.03466666666666667,0.7945000000000001,Gear,6000.0
rule,173205,3407,bridge_sensitivity,shifted,1,1,1,111,0.1895,0.6768333333333333,RPM,6000.0
rule,192753,7,primary,canonical,0,0,0,000,1.0,1.0,Gear,6000.0
rule,192753,7,primary,canonical,0,0,0,000,0.9983333333333334,1.0,RPM,6000.0
rule,192753,7,primary,canonical,0,0,1,001,1.0,1.0,Gear,6000.0
rule,192753,7,primary,canonical,0,0,1,001,0.9985,1.0,RPM,6000.0
rule,192753,7,primary,canonical,0,1,0,010,1.0,1.0,Gear,6000.0
rule,192753,7,primary,canonical,0,1,0,010,0.999,1.0,RPM,6000.0
rule,192753,7,primary,canonical,0,1,1,011,1.0,1.0,Gear,6000.0
rule,192753,7,primary,canonical,0,1,1,011,0.9996666666666667,1.0,RPM,6000.0
rule,192753,7,primary,canonical,1,0,0,100,0.03933333333333333,0.19600000000000004,Gear,6000.0
rule,192753,7,primary,canonical,1,0,0,100,0.16949999999999998,0.3453333333333333,RPM,6000.0
rule,192753,7,primary,canonical,1,0,1,101,0.04466666666666667,0.7971666666666666,Gear,6000.0
rule,192753,7,primary,canonical,1,0,1,101,0.1655,0.7324999999999999,RPM,6000.0
rule,192753,7,primary,canonical,1,1,0,110,0.03566666666666667,0.14666666666666664,Gear,6000.0
rule,192753,7,primary,canonical,1,1,0,110,0.20550000000000002,0.35033333333333333,RPM,6000.0
rule,192753,7,primary,canonical,1,1,1,111,0.04766666666666666,0.7983333333333333,Gear,6000.0
rule,192753,7,primary,canonical,1,1,1,111,0.17716666666666667,0.7446666666666667,RPM,6000.0
rule,192753,7,primary,shifted,0,0,0,000,1.0,1.0,Gear,6000.0
rule,192753,7,primary,shifted,0,0,0,000,0.9958333333333332,1.0,RPM,6000.0
rule,192753,7,primary,shifted,0,0,1,001,1.0,1.0,Gear,6000.0
rule,192753,7,primary,shifted,0,0,1,001,0.9973333333333333,1.0,RPM,6000.0
rule,192753,7,primary,shifted,0,1,0,010,1.0,1.0,Gear,6000.0
rule,192753,7,primary,shifted,0,1,0,010,0.9988333333333334,1.0,RPM,6000.0
rule,192753,7,primary,shifted,0,1,1,011,1.0,1.0,Gear,6000.0
rule,192753,7,primary,shifted,0,1,1,011,0.9986666666666667,1.0,RPM,6000.0
rule,192753,7,primary,shifted,1,0,0,100,0.03966666666666666,0.19799999999999998,Gear,6000.0
rule,192753,7,primary,shifted,1,0,0,100,0.16849999999999998,0.3423333333333334,RPM,6000.0
rule,192753,7,primary,shifted,1,0,1,101,0.045000000000000005,0.7981666666666666,Gear,6000.0
rule,192753,7,primary,shifted,1,0,1,101,0.16933333333333334,0.7433333333333333,RPM,6000.0
rule,192753,7,primary,shifted,1,1,0,110,0.035833333333333335,0.14866666666666664,Gear,6000.0
rule,192753,7,primary,shifted,1,1,0,110,0.207,0.3515,RPM,6000.0
rule,192753,7,primary,shifted,1,1,1,111,0.047499999999999994,0.7985000000000001,Gear,6000.0
rule,192753,7,primary,shifted,1,1,1,111,0.17933333333333334,0.7516666666666666,RPM,6000.0
rule,192753,42,primary,canonical,0,0,0,000,1.0,1.0,Gear,6000.0
rule,192753,42,primary,canonical,0,0,0,000,0.9980000000000001,1.0,RPM,6000.0
rule,192753,42,primary,canonical,0,0,1,001,1.0,1.0,Gear,6000.0
rule,192753,42,primary,canonical,0,0,1,001,0.9984999999999999,1.0,RPM,6000.0
rule,192753,42,primary,canonical,0,1,0,010,1.0,1.0,Gear,6000.0
rule,192753,42,primary,canonical,0,1,0,010,0.9991666666666666,1.0,RPM,6000.0
rule,192753,42,primary,canonical,0,1,1,011,1.0,1.0,Gear,6000.0
rule,192753,42,primary,canonical,0,1,1,011,0.9994999999999999,1.0,RPM,6000.0
rule,192753,42,primary,canonical,1,0,0,100,0.03133333333333333,0.2585,Gear,6000.0
rule,192753,42,primary,canonical,1,0,0,100,0.09733333333333334,0.20066666666666666,RPM,6000.0
rule,192753,42,primary,canonical,1,0,1,101,0.02766666666666667,0.6335000000000001,Gear,6000.0
rule,192753,42,primary,canonical,1,0,1,101,0.043500000000000004,0.42216666666666663,RPM,6000.0
rule,192753,42,primary,canonical,1,1,0,110,0.031,0.20766666666666667,Gear,6000.0
rule,192753,42,primary,canonical,1,1,0,110,0.10633333333333334,0.164,RPM,6000.0
rule,192753,42,primary,canonical,1,1,1,111,0.027999999999999997,0.608,Gear,6000.0
rule,192753,42,primary,canonical,1,1,1,111,0.041166666666666664,0.3913333333333333,RPM,6000.0
rule,192753,42,primary,shifted,0,0,0,000,1.0,1.0,Gear,6000.0
rule,192753,42,primary,shifted,0,0,0,000,0.9963333333333333,1.0,RPM,6000.0
rule,192753,42,primary,shifted,0,0,1,001,1.0,1.0,Gear,6000.0
rule,192753,42,primary,shifted,0,0,1,001,0.9983333333333334,1.0,RPM,6000.0
rule,192753,42,primary,shifted,0,1,0,010,1.0,1.0,Gear,6000.0
rule,192753,42,primary,shifted,0,1,0,010,0.9985,1.0,RPM,6000.0
rule,192753,42,primary,shifted,0,1,1,011,1.0,1.0,Gear,6000.0
rule,192753,42,primary,shifted,0,1,1,011,0.9993333333333334,1.0,RPM,6000.0
rule,192753,42,primary,shifted,1,0,0,100,0.03133333333333333,0.2595,Gear,6000.0
rule,192753,42,primary,shifted,1,0,0,100,0.09033333333333333,0.1915,RPM,6000.0
rule,192753,42,primary,shifted,1,0,1,101,0.027833333333333335,0.6341666666666667,Gear,6000.0
rule,192753,42,primary,shifted,1,0,1,101,0.0425,0.4218333333333333,RPM,6000.0
rule,192753,42,primary,shifted,1,1,0,110,0.031,0.2085,Gear,6000.0
rule,192753,42,primary,shifted,1,1,0,110,0.09683333333333333,0.1525,RPM,6000.0
rule,192753,42,primary,shifted,1,1,1,111,0.028333333333333332,0.6098333333333333,Gear,6000.0
rule,192753,42,primary,shifted,1,1,1,111,0.043833333333333335,0.38800000000000007,RPM,6000.0
rule,192753,123,primary,canonical,0,0,0,000,1.0,1.0,Gear,6000.0
rule,192753,123,primary,canonical,0,0,0,000,0.9983333333333334,1.0,RPM,6000.0
rule,192753,123,primary,canonical,0,0,1,001,0.9998333333333335,1.0,Gear,6000.0
rule,192753,123,primary,canonical,0,0,1,001,0.9979999999999999,1.0,RPM,6000.0
rule,192753,123,primary,canonical,0,1,0,010,1.0,1.0,Gear,6000.0
rule,192753,123,primary,canonical,0,1,0,010,0.9991666666666666,1.0,RPM,6000.0
rule,192753,123,primary,canonical,0,1,1,011,1.0,1.0,Gear,6000.0
rule,192753,123,primary,canonical,0,1,1,011,0.9996666666666667,1.0,RPM,6000.0
rule,192753,123,primary,canonical,1,0,0,100,0.04016666666666666,0.316,Gear,6000.0
rule,192753,123,primary,canonical,1,0,0,100,0.048499999999999995,0.2511666666666667,RPM,6000.0
rule,192753,123,primary,canonical,1,0,1,101,0.03183333333333333,0.7326666666666667,Gear,6000.0
rule,192753,123,primary,canonical,1,0,1,101,0.036833333333333336,0.5403333333333333,RPM,6000.0
rule,192753,123,primary,canonical,1,1,0,110,0.043500000000000004,0.26533333333333337,Gear,6000.0
rule,192753,123,primary,canonical,1,1,0,110,0.0525,0.21,RPM,6000.0
rule,192753,123,primary,canonical,1,1,1,111,0.035333333333333335,0.7334999999999999,Gear,6000.0
rule,192753,123,primary,canonical,1,1,1,111,0.036333333333333336,0.5268333333333334,RPM,6000.0
rule,192753,123,primary,shifted,0,0,0,000,1.0,1.0,Gear,6000.0
rule,192753,123,primary,shifted,0,0,0,000,0.9956666666666667,1.0,RPM,6000.0
rule,192753,123,primary,shifted,0,0,1,001,0.9998333333333335,1.0,Gear,6000.0
rule,192753,123,primary,shifted,0,0,1,001,0.9973333333333333,1.0,RPM,6000.0
rule,192753,123,primary,shifted,0,1,0,010,1.0,1.0,Gear,6000.0
rule,192753,123,primary,shifted,0,1,0,010,0.9986666666666667,1.0,RPM,6000.0
rule,192753,123,primary,shifted,0,1,1,011,1.0,1.0,Gear,6000.0
rule,192753,123,primary,shifted,0,1,1,011,0.9991666666666666,1.0,RPM,6000.0
rule,192753,123,primary,shifted,1,0,0,100,0.04066666666666666,0.31666666666666665,Gear,6000.0
rule,192753,123,primary,shifted,1,0,0,100,0.04933333333333333,0.249,RPM,6000.0
rule,192753,123,primary,shifted,1,0,1,101,0.03183333333333333,0.7333333333333334,Gear,6000.0
rule,192753,123,primary,shifted,1,0,1,101,0.03883333333333333,0.5398333333333333,RPM,6000.0
rule,192753,123,primary,shifted,1,1,0,110,0.043166666666666666,0.2663333333333333,Gear,6000.0
rule,192753,123,primary,shifted,1,1,0,110,0.052333333333333336,0.20233333333333334,RPM,6000.0
rule,192753,123,primary,shifted,1,1,1,111,0.035166666666666666,0.7345,Gear,6000.0
rule,192753,123,primary,shifted,1,1,1,111,0.03683333333333333,0.5276666666666667,RPM,6000.0
rule,192753,2026,primary,canonical,0,0,0,000,1.0,1.0,Gear,6000.0
rule,192753,2026,primary,canonical,0,0,0,000,0.9980000000000001,1.0,RPM,6000.0
rule,192753,2026,primary,canonical,0,0,1,001,1.0,1.0,Gear,6000.0
rule,192753,2026,primary,canonical,0,0,1,001,0.9984999999999999,1.0,RPM,6000.0
rule,192753,2026,primary,canonical,0,1,0,010,1.0,1.0,Gear,6000.0
rule,192753,2026,primary,canonical,0,1,0,010,0.999,1.0,RPM,6000.0
rule,192753,2026,primary,canonical,0,1,1,011,1.0,1.0,Gear,6000.0
rule,192753,2026,primary,canonical,0,1,1,011,0.9994999999999999,1.0,RPM,6000.0
rule,192753,2026,primary,canonical,1,0,0,100,0.044833333333333336,0.22416666666666665,Gear,6000.0
rule,192753,2026,primary,canonical,1,0,0,100,0.05466666666666667,0.24916666666666668,RPM,6000.0
rule,192753,2026,primary,canonical,1,0,1,101,0.04083333333333333,0.7106666666666667,Gear,6000.0
rule,192753,2026,primary,canonical,1,0,1,101,0.048999999999999995,0.6048333333333333,RPM,6000.0
rule,192753,2026,primary,canonical,1,1,0,110,0.04783333333333333,0.17766666666666667,Gear,6000.0
rule,192753,2026,primary,canonical,1,1,0,110,0.06633333333333334,0.22333333333333336,RPM,6000.0
rule,192753,2026,primary,canonical,1,1,1,111,0.04649999999999999,0.6983333333333333,Gear,6000.0
rule,192753,2026,primary,canonical,1,1,1,111,0.0545,0.6231666666666666,RPM,6000.0
rule,192753,2026,primary,shifted,0,0,0,000,1.0,1.0,Gear,6000.0
rule,192753,2026,primary,shifted,0,0,0,000,0.9951666666666666,1.0,RPM,6000.0
rule,192753,2026,primary,shifted,0,0,1,001,1.0,1.0,Gear,6000.0
rule,192753,2026,primary,shifted,0,0,1,001,0.9971666666666668,1.0,RPM,6000.0
rule,192753,2026,primary,shifted,0,1,0,010,1.0,1.0,Gear,6000.0
rule,192753,2026,primary,shifted,0,1,0,010,0.9986666666666667,1.0,RPM,6000.0
rule,192753,2026,primary,shifted,0,1,1,011,1.0,1.0,Gear,6000.0
rule,192753,2026,primary,shifted,0,1,1,011,0.9994999999999999,1.0,RPM,6000.0
rule,192753,2026,primary,shifted,1,0,0,100,0.04466666666666667,0.2255,Gear,6000.0
rule,192753,2026,primary,shifted,1,0,0,100,0.057166666666666664,0.2505,RPM,6000.0
rule,192753,2026,primary,shifted,1,0,1,101,0.04066666666666666,0.711,Gear,6000.0
rule,192753,2026,primary,shifted,1,0,1,101,0.049833333333333334,0.6015,RPM,6000.0
rule,192753,2026,primary,shifted,1,1,0,110,0.04783333333333333,0.17833333333333334,Gear,6000.0
rule,192753,2026,primary,shifted,1,1,0,110,0.06633333333333334,0.21966666666666668,RPM,6000.0
rule,192753,2026,primary,shifted,1,1,1,111,0.046000000000000006,0.6985,Gear,6000.0
rule,192753,2026,primary,shifted,1,1,1,111,0.05483333333333334,0.6181666666666666,RPM,6000.0
rule,192753,3407,primary,canonical,0,0,0,000,1.0,1.0,Gear,6000.0
rule,192753,3407,primary,canonical,0,0,0,000,0.9968333333333333,1.0,RPM,6000.0
rule,192753,3407,primary,canonical,0,0,1,001,1.0,1.0,Gear,6000.0
rule,192753,3407,primary,canonical,0,0,1,001,0.9985,1.0,RPM,6000.0
rule,192753,3407,primary,canonical,0,1,0,010,1.0,1.0,Gear,6000.0
rule,192753,3407,primary,canonical,0,1,0,010,0.9993333333333334,1.0,RPM,6000.0
rule,192753,3407,primary,canonical,0,1,1,011,1.0,1.0,Gear,6000.0
rule,192753,3407,primary,canonical,0,1,1,011,0.9996666666666667,1.0,RPM,6000.0
rule,192753,3407,primary,canonical,1,0,0,100,0.03866666666666666,0.20633333333333334,Gear,6000.0
rule,192753,3407,primary,canonical,1,0,0,100,0.1135,0.2846666666666667,RPM,6000.0
rule,192753,3407,primary,canonical,1,0,1,101,0.03933333333333333,0.7221666666666667,Gear,6000.0
rule,192753,3407,primary,canonical,1,0,1,101,0.252,0.6763333333333333,RPM,6000.0
rule,192753,3407,primary,canonical,1,1,0,110,0.04466666666666667,0.16749999999999998,Gear,6000.0
rule,192753,3407,primary,canonical,1,1,0,110,0.13233333333333333,0.252,RPM,6000.0
rule,192753,3407,primary,canonical,1,1,1,111,0.04683333333333334,0.7271666666666666,Gear,6000.0
rule,192753,3407,primary,canonical,1,1,1,111,0.25733333333333336,0.6716666666666667,RPM,6000.0
rule,192753,3407,primary,shifted,0,0,0,000,1.0,1.0,Gear,6000.0
rule,192753,3407,primary,shifted,0,0,0,000,0.9954999999999999,1.0,RPM,6000.0
rule,192753,3407,primary,shifted,0,0,1,001,1.0,1.0,Gear,6000.0
rule,192753,3407,primary,shifted,0,0,1,001,0.9973333333333333,1.0,RPM,6000.0
rule,192753,3407,primary,shifted,0,1,0,010,1.0,1.0,Gear,6000.0
rule,192753,3407,primary,shifted,0,1,0,010,0.9988333333333334,1.0,RPM,6000.0
rule,192753,3407,primary,shifted,0,1,1,011,0.9998333333333335,1.0,Gear,6000.0
rule,192753,3407,primary,shifted,0,1,1,011,0.9991666666666666,1.0,RPM,6000.0
rule,192753,3407,primary,shifted,1,0,0,100,0.0385,0.20716666666666664,Gear,6000.0
rule,192753,3407,primary,shifted,1,0,0,100,0.11533333333333333,0.2856666666666667,RPM,6000.0
rule,192753,3407,primary,shifted,1,0,1,101,0.03883333333333333,0.7228333333333333,Gear,6000.0
rule,192753,3407,primary,shifted,1,0,1,101,0.26533333333333337,0.6881666666666667,RPM,6000.0
rule,192753,3407,primary,shifted,1,1,0,110,0.04416666666666667,0.16816666666666666,Gear,6000.0
rule,192753,3407,primary,shifted,1,1,0,110,0.13749999999999998,0.2531666666666667,RPM,6000.0
rule,192753,3407,primary,shifted,1,1,1,111,0.04633333333333334,0.7278333333333333,Gear,6000.0
rule,192753,3407,primary,shifted,1,1,1,111,0.2733333333333334,0.6838333333333333,RPM,6000.0
rule,222537,7,primary,canonical,0,0,0,000,1.0,1.0,Gear,6000.0
rule,222537,7,primary,canonical,0,0,0,000,0.9980000000000001,1.0,RPM,6000.0
rule,222537,7,primary,canonical,0,0,1,001,1.0,1.0,Gear,6000.0
rule,222537,7,primary,canonical,0,0,1,001,0.9986666666666667,1.0,RPM,6000.0
rule,222537,7,primary,canonical,0,1,0,010,1.0,1.0,Gear,6000.0
rule,222537,7,primary,canonical,0,1,0,010,0.9994999999999999,1.0,RPM,6000.0
rule,222537,7,primary,canonical,0,1,1,011,1.0,1.0,Gear,6000.0
rule,222537,7,primary,canonical,0,1,1,011,0.9998333333333335,1.0,RPM,6000.0
rule,222537,7,primary,canonical,1,0,0,100,0.031166666666666665,0.26033333333333336,Gear,6000.0
rule,222537,7,primary,canonical,1,0,0,100,0.08533333333333333,0.303,RPM,6000.0
rule,222537,7,primary,canonical,1,0,1,101,0.029666666666666664,0.8578333333333333,Gear,6000.0
rule,222537,7,primary,canonical,1,0,1,101,0.061,0.6785,RPM,6000.0
rule,222537,7,primary,canonical,1,1,0,110,0.0335,0.21866666666666668,Gear,6000.0
rule,222537,7,primary,canonical,1,1,0,110,0.08933333333333333,0.25816666666666666,RPM,6000.0
rule,222537,7,primary,canonical,1,1,1,111,0.0295,0.852,Gear,6000.0
rule,222537,7,primary,canonical,1,1,1,111,0.06,0.684,RPM,6000.0
rule,222537,7,primary,shifted,0,0,0,000,1.0,1.0,Gear,6000.0
rule,222537,7,primary,shifted,0,0,0,000,0.9963333333333333,1.0,RPM,6000.0
rule,222537,7,primary,shifted,0,0,1,001,1.0,1.0,Gear,6000.0
rule,222537,7,primary,shifted,0,0,1,001,0.9976666666666668,1.0,RPM,6000.0
rule,222537,7,primary,shifted,0,1,0,010,1.0,1.0,Gear,6000.0
rule,222537,7,primary,shifted,0,1,0,010,0.9986666666666667,1.0,RPM,6000.0
rule,222537,7,primary,shifted,0,1,1,011,1.0,1.0,Gear,6000.0
rule,222537,7,primary,shifted,0,1,1,011,0.9993333333333334,1.0,RPM,6000.0
rule,222537,7,primary,shifted,1,0,0,100,0.0315,0.26166666666666666,Gear,6000.0
rule,222537,7,primary,shifted,1,0,0,100,0.08683333333333333,0.2993333333333333,RPM,6000.0
rule,222537,7,primary,shifted,1,0,1,101,0.029666666666666664,0.8586666666666667,Gear,6000.0
rule,222537,7,primary,shifted,1,0,1,101,0.06283333333333334,0.6705,RPM,6000.0
rule,222537,7,primary,shifted,1,1,0,110,0.0335,0.21933333333333335,Gear,6000.0
rule,222537,7,primary,shifted,1,1,0,110,0.09283333333333332,0.25366666666666665,RPM,6000.0
rule,222537,7,primary,shifted,1,1,1,111,0.0295,0.8551666666666667,Gear,6000.0
rule,222537,7,primary,shifted,1,1,1,111,0.065,0.6791666666666667,RPM,6000.0
rule,222537,42,primary,canonical,0,0,0,000,0.9998333333333335,1.0,Gear,6000.0
rule,222537,42,primary,canonical,0,0,0,000,0.9978333333333333,1.0,RPM,6000.0
rule,222537,42,primary,canonical,0,0,1,001,0.9996666666666667,1.0,Gear,6000.0
rule,222537,42,primary,canonical,0,0,1,001,0.9986666666666667,1.0,RPM,6000.0
rule,222537,42,primary,canonical,0,1,0,010,1.0,1.0,Gear,6000.0
rule,222537,42,primary,canonical,0,1,0,010,0.9991666666666666,1.0,RPM,6000.0
rule,222537,42,primary,canonical,0,1,1,011,1.0,1.0,Gear,6000.0
rule,222537,42,primary,canonical,0,1,1,011,0.9996666666666667,1.0,RPM,6000.0
rule,222537,42,primary,canonical,1,0,0,100,0.03466666666666667,0.2768333333333333,Gear,6000.0
rule,222537,42,primary,canonical,1,0,0,100,0.066,0.18466666666666667,RPM,6000.0
rule,222537,42,primary,canonical,1,0,1,101,0.034,0.593,Gear,6000.0
rule,222537,42,primary,canonical,1,0,1,101,0.04833333333333333,0.5993333333333334,RPM,6000.0
rule,222537,42,primary,canonical,1,1,0,110,0.036333333333333336,0.22566666666666668,Gear,6000.0
rule,222537,42,primary,canonical,1,1,0,110,0.076,0.14716666666666667,RPM,6000.0
rule,222537,42,primary,canonical,1,1,1,111,0.0385,0.5888333333333333,Gear,6000.0
rule,222537,42,primary,canonical,1,1,1,111,0.0515,0.6075,RPM,6000.0
rule,222537,42,primary,shifted,0,0,0,000,0.9998333333333335,1.0,Gear,6000.0
rule,222537,42,primary,shifted,0,0,0,000,0.996,1.0,RPM,6000.0
rule,222537,42,primary,shifted,0,0,1,001,0.9996666666666667,1.0,Gear,6000.0
rule,222537,42,primary,shifted,0,0,1,001,0.9973333333333333,1.0,RPM,6000.0
rule,222537,42,primary,shifted,0,1,0,010,1.0,1.0,Gear,6000.0
rule,222537,42,primary,shifted,0,1,0,010,0.9986666666666667,1.0,RPM,6000.0
rule,222537,42,primary,shifted,0,1,1,011,1.0,1.0,Gear,6000.0
rule,222537,42,primary,shifted,0,1,1,011,0.999,1.0,RPM,6000.0
rule,222537,42,primary,shifted,1,0,0,100,0.034333333333333334,0.2768333333333333,Gear,6000.0
rule,222537,42,primary,shifted,1,0,0,100,0.06666666666666667,0.18116666666666667,RPM,6000.0
rule,222537,42,primary,shifted,1,0,1,101,0.034333333333333334,0.5948333333333333,Gear,6000.0
rule,222537,42,primary,shifted,1,0,1,101,0.048666666666666664,0.5971666666666667,RPM,6000.0
rule,222537,42,primary,shifted,1,1,0,110,0.036500000000000005,0.22783333333333333,Gear,6000.0
rule,222537,42,primary,shifted,1,1,0,110,0.07666666666666666,0.14616666666666667,RPM,6000.0
rule,222537,42,primary,shifted,1,1,1,111,0.038,0.59,Gear,6000.0
rule,222537,42,primary,shifted,1,1,1,111,0.051166666666666666,0.6058333333333333,RPM,6000.0
rule,222537,123,primary,canonical,0,0,0,000,1.0,1.0,Gear,6000.0
rule,222537,123,primary,canonical,0,0,0,000,0.9981666666666666,1.0,RPM,6000.0
rule,222537,123,primary,canonical,0,0,1,001,1.0,1.0,Gear,6000.0
rule,222537,123,primary,canonical,0,0,1,001,0.999,1.0,RPM,6000.0
rule,222537,123,primary,canonical,0,1,0,010,1.0,1.0,Gear,6000.0
rule,222537,123,primary,canonical,0,1,0,010,0.9993333333333334,1.0,RPM,6000.0
rule,222537,123,primary,canonical,0,1,1,011,1.0,1.0,Gear,6000.0
rule,222537,123,primary,canonical,0,1,1,011,0.9996666666666667,1.0,RPM,6000.0
rule,222537,123,primary,canonical,1,0,0,100,0.049499999999999995,0.24216666666666667,Gear,6000.0
rule,222537,123,primary,canonical,1,0,0,100,0.104,0.4206666666666667,RPM,6000.0
rule,222537,123,primary,canonical,1,0,1,101,0.042666666666666665,0.7755,Gear,6000.0
rule,222537,123,primary,canonical,1,0,1,101,0.030666666666666665,0.7655,RPM,6000.0
rule,222537,123,primary,canonical,1,1,0,110,0.06483333333333334,0.218,Gear,6000.0
rule,222537,123,primary,canonical,1,1,0,110,0.12566666666666668,0.4048333333333334,RPM,6000.0
rule,222537,123,primary,canonical,1,1,1,111,0.04733333333333334,0.783,Gear,6000.0
rule,222537,123,primary,canonical,1,1,1,111,0.030333333333333334,0.7953333333333333,RPM,6000.0
rule,222537,123,primary,shifted,0,0,0,000,1.0,1.0,Gear,6000.0
rule,222537,123,primary,shifted,0,0,0,000,0.9958333333333332,1.0,RPM,6000.0
rule,222537,123,primary,shifted,0,0,1,001,1.0,1.0,Gear,6000.0
rule,222537,123,primary,shifted,0,0,1,001,0.9978333333333333,1.0,RPM,6000.0
rule,222537,123,primary,shifted,0,1,0,010,1.0,1.0,Gear,6000.0
rule,222537,123,primary,shifted,0,1,0,010,0.9983333333333334,1.0,RPM,6000.0
rule,222537,123,primary,shifted,0,1,1,011,1.0,1.0,Gear,6000.0
rule,222537,123,primary,shifted,0,1,1,011,0.999,1.0,RPM,6000.0
rule,222537,123,primary,shifted,1,0,0,100,0.048999999999999995,0.24333333333333332,Gear,6000.0
rule,222537,123,primary,shifted,1,0,0,100,0.11466666666666665,0.428,RPM,6000.0
rule,222537,123,primary,shifted,1,0,1,101,0.041833333333333333,0.7758333333333334,Gear,6000.0
rule,222537,123,primary,shifted,1,0,1,101,0.031,0.7701666666666668,RPM,6000.0
rule,222537,123,primary,shifted,1,1,0,110,0.06466666666666666,0.2195,Gear,6000.0
rule,222537,123,primary,shifted,1,1,0,110,0.1435,0.4138333333333333,RPM,6000.0
rule,222537,123,primary,shifted,1,1,1,111,0.04683333333333334,0.7836666666666666,Gear,6000.0
rule,222537,123,primary,shifted,1,1,1,111,0.030666666666666665,0.798,RPM,6000.0
rule,222537,2026,primary,canonical,0,0,0,000,0.9998333333333335,1.0,Gear,6000.0
rule,222537,2026,primary,canonical,0,0,0,000,0.9976666666666668,1.0,RPM,6000.0
rule,222537,2026,primary,canonical,0,0,1,001,0.9996666666666667,1.0,Gear,6000.0
rule,222537,2026,primary,canonical,0,0,1,001,0.9986666666666667,1.0,RPM,6000.0
rule,222537,2026,primary,canonical,0,1,0,010,0.9998333333333335,1.0,Gear,6000.0
rule,222537,2026,primary,canonical,0,1,0,010,0.9991666666666666,1.0,RPM,6000.0
rule,222537,2026,primary,canonical,0,1,1,011,1.0,1.0,Gear,6000.0
rule,222537,2026,primary,canonical,0,1,1,011,0.9998333333333335,1.0,RPM,6000.0
rule,222537,2026,primary,canonical,1,0,0,100,0.03766666666666666,0.27033333333333337,Gear,6000.0
rule,222537,2026,primary,canonical,1,0,0,100,0.11466666666666665,0.29083333333333333,RPM,6000.0
rule,222537,2026,primary,canonical,1,0,1,101,0.028666666666666663,0.6513333333333333,Gear,6000.0
rule,222537,2026,primary,canonical,1,0,1,101,0.035500000000000004,0.6566666666666666,RPM,6000.0
rule,222537,2026,primary,canonical,1,1,0,110,0.036333333333333336,0.217,Gear,6000.0
rule,222537,2026,primary,canonical,1,1,0,110,0.13683333333333333,0.2705,RPM,6000.0
rule,222537,2026,primary,canonical,1,1,1,111,0.029666666666666664,0.6593333333333333,Gear,6000.0
rule,222537,2026,primary,canonical,1,1,1,111,0.041166666666666664,0.6586666666666666,RPM,6000.0
rule,222537,2026,primary,shifted,0,0,0,000,0.9998333333333335,1.0,Gear,6000.0
rule,222537,2026,primary,shifted,0,0,0,000,0.9948333333333333,1.0,RPM,6000.0
rule,222537,2026,primary,shifted,0,0,1,001,0.9996666666666667,1.0,Gear,6000.0
rule,222537,2026,primary,shifted,0,0,1,001,0.9978333333333333,1.0,RPM,6000.0
rule,222537,2026,primary,shifted,0,1,0,010,0.9998333333333335,1.0,Gear,6000.0
rule,222537,2026,primary,shifted,0,1,0,010,0.9985,1.0,RPM,6000.0
rule,222537,2026,primary,shifted,0,1,1,011,1.0,1.0,Gear,6000.0
rule,222537,2026,primary,shifted,0,1,1,011,0.9991666666666666,1.0,RPM,6000.0
rule,222537,2026,primary,shifted,1,0,0,100,0.0375,0.2705,Gear,6000.0
rule,222537,2026,primary,shifted,1,0,0,100,0.1165,0.29116666666666663,RPM,6000.0
rule,222537,2026,primary,shifted,1,0,1,101,0.028833333333333332,0.6525,Gear,6000.0
rule,222537,2026,primary,shifted,1,0,1,101,0.03766666666666667,0.6581666666666667,RPM,6000.0
rule,222537,2026,primary,shifted,1,1,0,110,0.036500000000000005,0.21866666666666668,Gear,6000.0
rule,222537,2026,primary,shifted,1,1,0,110,0.1425,0.272,RPM,6000.0
rule,222537,2026,primary,shifted,1,1,1,111,0.029833333333333333,0.6625,Gear,6000.0
rule,222537,2026,primary,shifted,1,1,1,111,0.043666666666666666,0.6586666666666666,RPM,6000.0
rule,222537,3407,primary,canonical,0,0,0,000,0.9998333333333335,1.0,Gear,6000.0
rule,222537,3407,primary,canonical,0,0,0,000,0.9984999999999999,1.0,RPM,6000.0
rule,222537,3407,primary,canonical,0,0,1,001,1.0,1.0,Gear,6000.0
rule,222537,3407,primary,canonical,0,0,1,001,0.999,1.0,RPM,6000.0
rule,222537,3407,primary,canonical,0,1,0,010,1.0,1.0,Gear,6000.0
rule,222537,3407,primary,canonical,0,1,0,010,0.9991666666666666,1.0,RPM,6000.0
rule,222537,3407,primary,canonical,0,1,1,011,1.0,1.0,Gear,6000.0
rule,222537,3407,primary,canonical,0,1,1,011,0.9996666666666667,1.0,RPM,6000.0
rule,222537,3407,primary,canonical,1,0,0,100,0.04716666666666667,0.34249999999999997,Gear,6000.0
rule,222537,3407,primary,canonical,1,0,0,100,0.135,0.38133333333333336,RPM,6000.0
rule,222537,3407,primary,canonical,1,0,1,101,0.0295,0.7953333333333333,Gear,6000.0
rule,222537,3407,primary,canonical,1,0,1,101,0.06516666666666666,0.7831666666666667,RPM,6000.0
rule,222537,3407,primary,canonical,1,1,0,110,0.05333333333333334,0.3065,Gear,6000.0
rule,222537,3407,primary,canonical,1,1,0,110,0.15533333333333332,0.3513333333333333,RPM,6000.0
rule,222537,3407,primary,canonical,1,1,1,111,0.029833333333333333,0.8141666666666666,Gear,6000.0
rule,222537,3407,primary,canonical,1,1,1,111,0.06633333333333334,0.7991666666666667,RPM,6000.0
rule,222537,3407,primary,shifted,0,0,0,000,0.9998333333333335,1.0,Gear,6000.0
rule,222537,3407,primary,shifted,0,0,0,000,0.9963333333333333,1.0,RPM,6000.0
rule,222537,3407,primary,shifted,0,0,1,001,1.0,1.0,Gear,6000.0
rule,222537,3407,primary,shifted,0,0,1,001,0.9976666666666668,1.0,RPM,6000.0
rule,222537,3407,primary,shifted,0,1,0,010,1.0,1.0,Gear,6000.0
rule,222537,3407,primary,shifted,0,1,0,010,0.9986666666666667,1.0,RPM,6000.0
rule,222537,3407,primary,shifted,0,1,1,011,1.0,1.0,Gear,6000.0
rule,222537,3407,primary,shifted,0,1,1,011,0.9991666666666666,1.0,RPM,6000.0
rule,222537,3407,primary,shifted,1,0,0,100,0.04683333333333334,0.3413333333333333,Gear,6000.0
rule,222537,3407,primary,shifted,1,0,0,100,0.14233333333333334,0.37766666666666665,RPM,6000.0
rule,222537,3407,primary,shifted,1,0,1,101,0.029666666666666664,0.7965,Gear,6000.0
rule,222537,3407,primary,shifted,1,0,1,101,0.07166666666666666,0.785,RPM,6000.0
rule,222537,3407,primary,shifted,1,1,0,110,0.05416666666666666,0.30783333333333335,Gear,6000.0
rule,222537,3407,primary,shifted,1,1,0,110,0.16216666666666665,0.3495,RPM,6000.0
rule,222537,3407,primary,shifted,1,1,1,111,0.030166666666666665,0.8148333333333334,Gear,6000.0
rule,222537,3407,primary,shifted,1,1,1,111,0.07433333333333333,0.8038333333333334,RPM,6000.0
rule,271828,7,bridge_sensitivity,canonical,0,0,0,000,0.9998333333333335,1.0,Gear,6000.0
rule,271828,7,bridge_sensitivity,canonical,0,0,0,000,0.9975,1.0,RPM,6000.0
rule,271828,7,bridge_sensitivity,canonical,0,0,1,001,1.0,1.0,Gear,6000.0
rule,271828,7,bridge_sensitivity,canonical,0,0,1,001,0.9988333333333334,1.0,RPM,6000.0
rule,271828,7,bridge_sensitivity,canonical,0,1,0,010,1.0,1.0,Gear,6000.0
rule,271828,7,bridge_sensitivity,canonical,0,1,0,010,0.9991666666666666,1.0,RPM,6000.0
rule,271828,7,bridge_sensitivity,canonical,0,1,1,011,1.0,1.0,Gear,6000.0
rule,271828,7,bridge_sensitivity,canonical,0,1,1,011,0.9996666666666667,1.0,RPM,6000.0
rule,271828,7,bridge_sensitivity,canonical,1,0,0,100,0.031,0.274,Gear,6000.0
rule,271828,7,bridge_sensitivity,canonical,1,0,0,100,0.12483333333333334,0.29533333333333334,RPM,6000.0
rule,271828,7,bridge_sensitivity,canonical,1,0,1,101,0.030666666666666665,0.7826666666666666,Gear,6000.0
rule,271828,7,bridge_sensitivity,canonical,1,0,1,101,0.08600000000000001,0.604,RPM,6000.0
rule,271828,7,bridge_sensitivity,canonical,1,1,0,110,0.0365,0.2305,Gear,6000.0
rule,271828,7,bridge_sensitivity,canonical,1,1,0,110,0.1415,0.27616666666666667,RPM,6000.0
rule,271828,7,bridge_sensitivity,canonical,1,1,1,111,0.030166666666666665,0.7963333333333334,Gear,6000.0
rule,271828,7,bridge_sensitivity,canonical,1,1,1,111,0.08750000000000001,0.5924999999999999,RPM,6000.0
rule,271828,7,bridge_sensitivity,shifted,0,0,0,000,0.9998333333333335,1.0,Gear,6000.0
rule,271828,7,bridge_sensitivity,shifted,0,0,0,000,0.9958333333333332,1.0,RPM,6000.0
rule,271828,7,bridge_sensitivity,shifted,0,0,1,001,1.0,1.0,Gear,6000.0
rule,271828,7,bridge_sensitivity,shifted,0,0,1,001,0.9978333333333333,1.0,RPM,6000.0
rule,271828,7,bridge_sensitivity,shifted,0,1,0,010,1.0,1.0,Gear,6000.0
rule,271828,7,bridge_sensitivity,shifted,0,1,0,010,0.9981666666666666,1.0,RPM,6000.0
rule,271828,7,bridge_sensitivity,shifted,0,1,1,011,1.0,1.0,Gear,6000.0
rule,271828,7,bridge_sensitivity,shifted,0,1,1,011,0.9993333333333334,1.0,RPM,6000.0
rule,271828,7,bridge_sensitivity,shifted,1,0,0,100,0.031166666666666665,0.27516666666666667,Gear,6000.0
rule,271828,7,bridge_sensitivity,shifted,1,0,0,100,0.12683333333333333,0.29466666666666663,RPM,6000.0
rule,271828,7,bridge_sensitivity,shifted,1,0,1,101,0.030666666666666665,0.7838333333333334,Gear,6000.0
rule,271828,7,bridge_sensitivity,shifted,1,0,1,101,0.09266666666666667,0.6063333333333333,RPM,6000.0
rule,271828,7,bridge_sensitivity,shifted,1,1,0,110,0.036833333333333336,0.2325,Gear,6000.0
rule,271828,7,bridge_sensitivity,shifted,1,1,0,110,0.14666666666666667,0.2806666666666667,RPM,6000.0
rule,271828,7,bridge_sensitivity,shifted,1,1,1,111,0.030333333333333334,0.7971666666666667,Gear,6000.0
rule,271828,7,bridge_sensitivity,shifted,1,1,1,111,0.09733333333333333,0.5998333333333333,RPM,6000.0
rule,271828,42,bridge_sensitivity,canonical,0,0,0,000,1.0,1.0,Gear,6000.0
rule,271828,42,bridge_sensitivity,canonical,0,0,0,000,0.9980000000000001,1.0,RPM,6000.0
rule,271828,42,bridge_sensitivity,canonical,0,0,1,001,1.0,1.0,Gear,6000.0
rule,271828,42,bridge_sensitivity,canonical,0,0,1,001,0.9986666666666667,1.0,RPM,6000.0
rule,271828,42,bridge_sensitivity,canonical,0,1,0,010,1.0,1.0,Gear,6000.0
rule,271828,42,bridge_sensitivity,canonical,0,1,0,010,0.9991666666666666,1.0,RPM,6000.0
rule,271828,42,bridge_sensitivity,canonical,0,1,1,011,1.0,1.0,Gear,6000.0
rule,271828,42,bridge_sensitivity,canonical,0,1,1,011,0.9996666666666667,1.0,RPM,6000.0
rule,271828,42,bridge_sensitivity,canonical,1,0,0,100,0.03616666666666667,0.28,Gear,6000.0
rule,271828,42,bridge_sensitivity,canonical,1,0,0,100,0.08116666666666666,0.19816666666666669,RPM,6000.0
rule,271828,42,bridge_sensitivity,canonical,1,0,1,101,0.030333333333333334,0.777,Gear,6000.0
rule,271828,42,bridge_sensitivity,canonical,1,0,1,101,0.07916666666666666,0.702,RPM,6000.0
rule,271828,42,bridge_sensitivity,canonical,1,1,0,110,0.037,0.22916666666666666,Gear,6000.0
rule,271828,42,bridge_sensitivity,canonical,1,1,0,110,0.1175,0.207,RPM,6000.0
rule,271828,42,bridge_sensitivity,canonical,1,1,1,111,0.0295,0.7735,Gear,6000.0
rule,271828,42,bridge_sensitivity,canonical,1,1,1,111,0.084,0.6966666666666667,RPM,6000.0
rule,271828,42,bridge_sensitivity,shifted,0,0,0,000,1.0,1.0,Gear,6000.0
rule,271828,42,bridge_sensitivity,shifted,0,0,0,000,0.9948333333333333,1.0,RPM,6000.0
rule,271828,42,bridge_sensitivity,shifted,0,0,1,001,1.0,1.0,Gear,6000.0
rule,271828,42,bridge_sensitivity,shifted,0,0,1,001,0.9973333333333333,1.0,RPM,6000.0
rule,271828,42,bridge_sensitivity,shifted,0,1,0,010,1.0,1.0,Gear,6000.0
rule,271828,42,bridge_sensitivity,shifted,0,1,0,010,0.9986666666666667,1.0,RPM,6000.0
rule,271828,42,bridge_sensitivity,shifted,0,1,1,011,1.0,1.0,Gear,6000.0
rule,271828,42,bridge_sensitivity,shifted,0,1,1,011,0.9991666666666666,1.0,RPM,6000.0
rule,271828,42,bridge_sensitivity,shifted,1,0,0,100,0.03616666666666667,0.2806666666666667,Gear,6000.0
rule,271828,42,bridge_sensitivity,shifted,1,0,0,100,0.08700000000000001,0.19866666666666666,RPM,6000.0
rule,271828,42,bridge_sensitivity,shifted,1,0,1,101,0.030333333333333334,0.7793333333333333,Gear,6000.0
rule,271828,42,bridge_sensitivity,shifted,1,0,1,101,0.09349999999999999,0.702,RPM,6000.0
rule,271828,42,bridge_sensitivity,shifted,1,1,0,110,0.037,0.23066666666666666,Gear,6000.0
rule,271828,42,bridge_sensitivity,shifted,1,1,0,110,0.13,0.21333333333333335,RPM,6000.0
rule,271828,42,bridge_sensitivity,shifted,1,1,1,111,0.029333333333333333,0.7756666666666666,Gear,6000.0
rule,271828,42,bridge_sensitivity,shifted,1,1,1,111,0.10016666666666667,0.6931666666666666,RPM,6000.0
rule,271828,123,bridge_sensitivity,canonical,0,0,0,000,1.0,1.0,Gear,6000.0
rule,271828,123,bridge_sensitivity,canonical,0,0,0,000,0.9979999999999999,1.0,RPM,6000.0
rule,271828,123,bridge_sensitivity,canonical,0,0,1,001,1.0,1.0,Gear,6000.0
rule,271828,123,bridge_sensitivity,canonical,0,0,1,001,0.9986666666666667,1.0,RPM,6000.0
rule,271828,123,bridge_sensitivity,canonical,0,1,0,010,1.0,1.0,Gear,6000.0
rule,271828,123,bridge_sensitivity,canonical,0,1,0,010,0.9993333333333334,1.0,RPM,6000.0
rule,271828,123,bridge_sensitivity,canonical,0,1,1,011,1.0,1.0,Gear,6000.0
rule,271828,123,bridge_sensitivity,canonical,0,1,1,011,0.9994999999999999,1.0,RPM,6000.0
rule,271828,123,bridge_sensitivity,canonical,1,0,0,100,0.03,0.26783333333333337,Gear,6000.0
rule,271828,123,bridge_sensitivity,canonical,1,0,0,100,0.08583333333333333,0.26216666666666666,RPM,6000.0
rule,271828,123,bridge_sensitivity,canonical,1,0,1,101,0.030166666666666665,0.8023333333333333,Gear,6000.0
rule,271828,123,bridge_sensitivity,canonical,1,0,1,101,0.0535,0.7445,RPM,6000.0
rule,271828,123,bridge_sensitivity,canonical,1,1,0,110,0.03166666666666667,0.22066666666666668,Gear,6000.0
rule,271828,123,bridge_sensitivity,canonical,1,1,0,110,0.1115,0.2383333333333333,RPM,6000.0
rule,271828,123,bridge_sensitivity,canonical,1,1,1,111,0.03166666666666667,0.7958333333333334,Gear,6000.0
rule,271828,123,bridge_sensitivity,canonical,1,1,1,111,0.055,0.7445,RPM,6000.0
rule,271828,123,bridge_sensitivity,shifted,0,0,0,000,1.0,1.0,Gear,6000.0
rule,271828,123,bridge_sensitivity,shifted,0,0,0,000,0.9958333333333332,1.0,RPM,6000.0
rule,271828,123,bridge_sensitivity,shifted,0,0,1,001,1.0,1.0,Gear,6000.0
rule,271828,123,bridge_sensitivity,shifted,0,0,1,001,0.9976666666666666,1.0,RPM,6000.0
rule,271828,123,bridge_sensitivity,shifted,0,1,0,010,1.0,1.0,Gear,6000.0
rule,271828,123,bridge_sensitivity,shifted,0,1,0,010,0.9984999999999999,1.0,RPM,6000.0
rule,271828,123,bridge_sensitivity,shifted,0,1,1,011,1.0,1.0,Gear,6000.0
rule,271828,123,bridge_sensitivity,shifted,0,1,1,011,0.9991666666666666,1.0,RPM,6000.0
rule,271828,123,bridge_sensitivity,shifted,1,0,0,100,0.03,0.26983333333333337,Gear,6000.0
rule,271828,123,bridge_sensitivity,shifted,1,0,0,100,0.08516666666666667,0.258,RPM,6000.0
rule,271828,123,bridge_sensitivity,shifted,1,0,1,101,0.029833333333333333,0.8035,Gear,6000.0
rule,271828,123,bridge_sensitivity,shifted,1,0,1,101,0.05566666666666667,0.75,RPM,6000.0
rule,271828,123,bridge_sensitivity,shifted,1,1,0,110,0.03166666666666667,0.22116666666666665,Gear,6000.0
rule,271828,123,bridge_sensitivity,shifted,1,1,0,110,0.11383333333333334,0.237,RPM,6000.0
rule,271828,123,bridge_sensitivity,shifted,1,1,1,111,0.03133333333333333,0.7959999999999999,Gear,6000.0
rule,271828,123,bridge_sensitivity,shifted,1,1,1,111,0.05683333333333334,0.7505000000000001,RPM,6000.0
rule,271828,2026,bridge_sensitivity,canonical,0,0,0,000,1.0,1.0,Gear,6000.0
rule,271828,2026,bridge_sensitivity,canonical,0,0,0,000,0.9976666666666666,1.0,RPM,6000.0
rule,271828,2026,bridge_sensitivity,canonical,0,0,1,001,1.0,1.0,Gear,6000.0
rule,271828,2026,bridge_sensitivity,canonical,0,0,1,001,0.9984999999999999,1.0,RPM,6000.0
rule,271828,2026,bridge_sensitivity,canonical,0,1,0,010,1.0,1.0,Gear,6000.0
rule,271828,2026,bridge_sensitivity,canonical,0,1,0,010,0.9993333333333334,1.0,RPM,6000.0
rule,271828,2026,bridge_sensitivity,canonical,0,1,1,011,1.0,1.0,Gear,6000.0
rule,271828,2026,bridge_sensitivity,canonical,0,1,1,011,0.9994999999999999,1.0,RPM,6000.0
rule,271828,2026,bridge_sensitivity,canonical,1,0,0,100,0.030166666666666665,0.2373333333333333,Gear,6000.0
rule,271828,2026,bridge_sensitivity,canonical,1,0,0,100,0.044833333333333336,0.16216666666666668,RPM,6000.0
rule,271828,2026,bridge_sensitivity,canonical,1,0,1,101,0.029333333333333333,0.6111666666666666,Gear,6000.0
rule,271828,2026,bridge_sensitivity,canonical,1,0,1,101,0.051166666666666666,0.6763333333333333,RPM,6000.0
rule,271828,2026,bridge_sensitivity,canonical,1,1,0,110,0.027499999999999997,0.19616666666666668,Gear,6000.0
rule,271828,2026,bridge_sensitivity,canonical,1,1,0,110,0.05366666666666667,0.12333333333333334,RPM,6000.0
rule,271828,2026,bridge_sensitivity,canonical,1,1,1,111,0.027666666666666662,0.6051666666666667,Gear,6000.0
rule,271828,2026,bridge_sensitivity,canonical,1,1,1,111,0.050833333333333335,0.684,RPM,6000.0
rule,271828,2026,bridge_sensitivity,shifted,0,0,0,000,1.0,1.0,Gear,6000.0
rule,271828,2026,bridge_sensitivity,shifted,0,0,0,000,0.996,1.0,RPM,6000.0
rule,271828,2026,bridge_sensitivity,shifted,0,0,1,001,1.0,1.0,Gear,6000.0
rule,271828,2026,bridge_sensitivity,shifted,0,0,1,001,0.9978333333333333,1.0,RPM,6000.0
rule,271828,2026,bridge_sensitivity,shifted,0,1,0,010,1.0,1.0,Gear,6000.0
rule,271828,2026,bridge_sensitivity,shifted,0,1,0,010,0.9981666666666666,1.0,RPM,6000.0
rule,271828,2026,bridge_sensitivity,shifted,0,1,1,011,1.0,1.0,Gear,6000.0
rule,271828,2026,bridge_sensitivity,shifted,0,1,1,011,0.9991666666666666,1.0,RPM,6000.0
rule,271828,2026,bridge_sensitivity,shifted,1,0,0,100,0.03,0.23966666666666667,Gear,6000.0
rule,271828,2026,bridge_sensitivity,shifted,1,0,0,100,0.04716666666666667,0.1655,RPM,6000.0
rule,271828,2026,bridge_sensitivity,shifted,1,0,1,101,0.0295,0.6131666666666667,Gear,6000.0
rule,271828,2026,bridge_sensitivity,shifted,1,0,1,101,0.05416666666666667,0.682,RPM,6000.0
rule,271828,2026,bridge_sensitivity,shifted,1,1,0,110,0.027499999999999997,0.19683333333333333,Gear,6000.0
rule,271828,2026,bridge_sensitivity,shifted,1,1,0,110,0.056833333333333326,0.12683333333333333,RPM,6000.0
rule,271828,2026,bridge_sensitivity,shifted,1,1,1,111,0.02783333333333333,0.6068333333333333,Gear,6000.0
rule,271828,2026,bridge_sensitivity,shifted,1,1,1,111,0.056999999999999995,0.6918333333333333,RPM,6000.0
rule,271828,3407,bridge_sensitivity,canonical,0,0,0,000,1.0,1.0,Gear,6000.0
rule,271828,3407,bridge_sensitivity,canonical,0,0,0,000,0.9978333333333333,1.0,RPM,6000.0
rule,271828,3407,bridge_sensitivity,canonical,0,0,1,001,1.0,1.0,Gear,6000.0
rule,271828,3407,bridge_sensitivity,canonical,0,0,1,001,0.9979999999999999,1.0,RPM,6000.0
rule,271828,3407,bridge_sensitivity,canonical,0,1,0,010,1.0,1.0,Gear,6000.0
rule,271828,3407,bridge_sensitivity,canonical,0,1,0,010,0.9991666666666666,1.0,RPM,6000.0
rule,271828,3407,bridge_sensitivity,canonical,0,1,1,011,1.0,1.0,Gear,6000.0
rule,271828,3407,bridge_sensitivity,canonical,0,1,1,011,0.9994999999999999,1.0,RPM,6000.0
rule,271828,3407,bridge_sensitivity,canonical,1,0,0,100,0.028999999999999998,0.25666666666666665,Gear,6000.0
rule,271828,3407,bridge_sensitivity,canonical,1,0,0,100,0.23966666666666667,0.3741666666666667,RPM,6000.0
rule,271828,3407,bridge_sensitivity,canonical,1,0,1,101,0.030833333333333334,0.55,Gear,6000.0
rule,271828,3407,bridge_sensitivity,canonical,1,0,1,101,0.08383333333333333,0.6671666666666667,RPM,6000.0
rule,271828,3407,bridge_sensitivity,canonical,1,1,0,110,0.03,0.20583333333333334,Gear,6000.0
rule,271828,3407,bridge_sensitivity,canonical,1,1,0,110,0.257,0.33499999999999996,RPM,6000.0
rule,271828,3407,bridge_sensitivity,canonical,1,1,1,111,0.035,0.5223333333333333,Gear,6000.0
rule,271828,3407,bridge_sensitivity,canonical,1,1,1,111,0.104,0.6646666666666666,RPM,6000.0
rule,271828,3407,bridge_sensitivity,shifted,0,0,0,000,1.0,1.0,Gear,6000.0
rule,271828,3407,bridge_sensitivity,shifted,0,0,0,000,0.996,1.0,RPM,6000.0
rule,271828,3407,bridge_sensitivity,shifted,0,0,1,001,1.0,1.0,Gear,6000.0
rule,271828,3407,bridge_sensitivity,shifted,0,0,1,001,0.9971666666666668,1.0,RPM,6000.0
rule,271828,3407,bridge_sensitivity,shifted,0,1,0,010,1.0,1.0,Gear,6000.0
rule,271828,3407,bridge_sensitivity,shifted,0,1,0,010,0.9981666666666666,1.0,RPM,6000.0
rule,271828,3407,bridge_sensitivity,shifted,0,1,1,011,1.0,1.0,Gear,6000.0
rule,271828,3407,bridge_sensitivity,shifted,0,1,1,011,0.9986666666666667,1.0,RPM,6000.0
rule,271828,3407,bridge_sensitivity,shifted,1,0,0,100,0.028833333333333336,0.25833333333333336,Gear,6000.0
rule,271828,3407,bridge_sensitivity,shifted,1,0,0,100,0.24433333333333332,0.38116666666666665,RPM,6000.0
rule,271828,3407,bridge_sensitivity,shifted,1,0,1,101,0.030833333333333334,0.5515,Gear,6000.0
rule,271828,3407,bridge_sensitivity,shifted,1,0,1,101,0.08566666666666667,0.6733333333333333,RPM,6000.0
rule,271828,3407,bridge_sensitivity,shifted,1,1,0,110,0.030166666666666665,0.20766666666666667,Gear,6000.0
rule,271828,3407,bridge_sensitivity,shifted,1,1,0,110,0.26233333333333336,0.33866666666666667,RPM,6000.0
rule,271828,3407,bridge_sensitivity,shifted,1,1,1,111,0.035500000000000004,0.5246666666666666,Gear,6000.0
rule,271828,3407,bridge_sensitivity,shifted,1,1,1,111,0.10866666666666668,0.6738333333333334,RPM,6000.0
rule,298581,7,primary,canonical,0,0,0,000,0.9996666666666667,1.0,Gear,6000.0
rule,298581,7,primary,canonical,0,0,0,000,0.9979999999999999,1.0,RPM,6000.0
rule,298581,7,primary,canonical,0,0,1,001,0.9998333333333335,1.0,Gear,6000.0
rule,298581,7,primary,canonical,0,0,1,001,0.9983333333333334,1.0,RPM,6000.0
rule,298581,7,primary,canonical,0,1,0,010,0.9998333333333335,1.0,Gear,6000.0
rule,298581,7,primary,canonical,0,1,0,010,0.9991666666666666,1.0,RPM,6000.0
rule,298581,7,primary,canonical,0,1,1,011,0.9998333333333335,1.0,Gear,6000.0
rule,298581,7,primary,canonical,0,1,1,011,0.9994999999999999,1.0,RPM,6000.0
rule,298581,7,primary,canonical,1,0,0,100,0.029333333333333333,0.24066666666666667,Gear,6000.0
rule,298581,7,primary,canonical,1,0,0,100,0.26933333333333337,0.46950000000000003,RPM,6000.0
rule,298581,7,primary,canonical,1,0,1,101,0.028833333333333336,0.7271666666666666,Gear,6000.0
rule,298581,7,primary,canonical,1,0,1,101,0.10016666666666667,0.7346666666666667,RPM,6000.0
rule,298581,7,primary,canonical,1,1,0,110,0.030166666666666665,0.19216666666666668,Gear,6000.0
rule,298581,7,primary,canonical,1,1,0,110,0.2691666666666667,0.41500000000000004,RPM,6000.0
rule,298581,7,primary,canonical,1,1,1,111,0.028333333333333332,0.7408333333333333,Gear,6000.0
rule,298581,7,primary,canonical,1,1,1,111,0.11199999999999999,0.7440000000000001,RPM,6000.0
rule,298581,7,primary,shifted,0,0,0,000,0.9998333333333335,1.0,Gear,6000.0
rule,298581,7,primary,shifted,0,0,0,000,0.996,1.0,RPM,6000.0
rule,298581,7,primary,shifted,0,0,1,001,0.9998333333333335,1.0,Gear,6000.0
rule,298581,7,primary,shifted,0,0,1,001,0.9976666666666668,1.0,RPM,6000.0
rule,298581,7,primary,shifted,0,1,0,010,0.9998333333333335,1.0,Gear,6000.0
rule,298581,7,primary,shifted,0,1,0,010,0.9980000000000001,1.0,RPM,6000.0
rule,298581,7,primary,shifted,0,1,1,011,0.9998333333333335,1.0,Gear,6000.0
rule,298581,7,primary,shifted,0,1,1,011,0.9984999999999999,1.0,RPM,6000.0
rule,298581,7,primary,shifted,1,0,0,100,0.029333333333333333,0.24150000000000002,Gear,6000.0
rule,298581,7,primary,shifted,1,0,0,100,0.25266666666666665,0.46166666666666667,RPM,6000.0
rule,298581,7,primary,shifted,1,0,1,101,0.028833333333333336,0.7280000000000001,Gear,6000.0
rule,298581,7,primary,shifted,1,0,1,101,0.10083333333333333,0.7443333333333334,RPM,6000.0
rule,298581,7,primary,shifted,1,1,0,110,0.03,0.1925,Gear,6000.0
rule,298581,7,primary,shifted,1,1,0,110,0.25466666666666665,0.4068333333333333,RPM,6000.0
rule,298581,7,primary,shifted,1,1,1,111,0.028333333333333332,0.7418333333333335,Gear,6000.0
rule,298581,7,primary,shifted,1,1,1,111,0.111,0.754,RPM,6000.0
rule,298581,42,primary,canonical,0,0,0,000,1.0,1.0,Gear,6000.0
rule,298581,42,primary,canonical,0,0,0,000,0.9980000000000001,1.0,RPM,6000.0
rule,298581,42,primary,canonical,0,0,1,001,1.0,1.0,Gear,6000.0
rule,298581,42,primary,canonical,0,0,1,001,0.9985,1.0,RPM,6000.0
rule,298581,42,primary,canonical,0,1,0,010,1.0,1.0,Gear,6000.0
rule,298581,42,primary,canonical,0,1,0,010,0.9991666666666666,1.0,RPM,6000.0
rule,298581,42,primary,canonical,0,1,1,011,1.0,1.0,Gear,6000.0
rule,298581,42,primary,canonical,0,1,1,011,0.9994999999999999,1.0,RPM,6000.0
rule,298581,42,primary,canonical,1,0,0,100,0.10149999999999999,0.3378333333333334,Gear,6000.0
rule,298581,42,primary,canonical,1,0,0,100,0.18233333333333332,0.32466666666666666,RPM,6000.0
rule,298581,42,primary,canonical,1,0,1,101,0.07883333333333332,0.5973333333333334,Gear,6000.0
rule,298581,42,primary,canonical,1,0,1,101,0.22366666666666668,0.6023333333333333,RPM,6000.0
rule,298581,42,primary,canonical,1,1,0,110,0.12666666666666668,0.306,Gear,6000.0
rule,298581,42,primary,canonical,1,1,0,110,0.21683333333333332,0.3085,RPM,6000.0
rule,298581,42,primary,canonical,1,1,1,111,0.08516666666666667,0.5668333333333333,Gear,6000.0
rule,298581,42,primary,canonical,1,1,1,111,0.2551666666666667,0.5858333333333333,RPM,6000.0
rule,298581,42,primary,shifted,0,0,0,000,1.0,1.0,Gear,6000.0
rule,298581,42,primary,shifted,0,0,0,000,0.9943333333333334,1.0,RPM,6000.0
rule,298581,42,primary,shifted,0,0,1,001,1.0,1.0,Gear,6000.0
rule,298581,42,primary,shifted,0,0,1,001,0.9968333333333333,1.0,RPM,6000.0
rule,298581,42,primary,shifted,0,1,0,010,1.0,1.0,Gear,6000.0
rule,298581,42,primary,shifted,0,1,0,010,0.9978333333333333,1.0,RPM,6000.0
rule,298581,42,primary,shifted,0,1,1,011,1.0,1.0,Gear,6000.0
rule,298581,42,primary,shifted,0,1,1,011,0.9993333333333334,1.0,RPM,6000.0
rule,298581,42,primary,shifted,1,0,0,100,0.10133333333333333,0.3385,Gear,6000.0
rule,298581,42,primary,shifted,1,0,0,100,0.18899999999999997,0.3288333333333333,RPM,6000.0
rule,298581,42,primary,shifted,1,0,1,101,0.0785,0.5995,Gear,6000.0
rule,298581,42,primary,shifted,1,0,1,101,0.24433333333333332,0.624,RPM,6000.0
rule,298581,42,primary,shifted,1,1,0,110,0.12633333333333333,0.3065,Gear,6000.0
rule,298581,42,primary,shifted,1,1,0,110,0.2215,0.314,RPM,6000.0
rule,298581,42,primary,shifted,1,1,1,111,0.08433333333333333,0.5670000000000001,Gear,6000.0
rule,298581,42,primary,shifted,1,1,1,111,0.2665,0.5991666666666666,RPM,6000.0
rule,298581,123,primary,canonical,0,0,0,000,1.0,1.0,Gear,6000.0
rule,298581,123,primary,canonical,0,0,0,000,0.9976666666666666,1.0,RPM,6000.0
rule,298581,123,primary,canonical,0,0,1,001,1.0,1.0,Gear,6000.0
rule,298581,123,primary,canonical,0,0,1,001,0.9983333333333334,1.0,RPM,6000.0
rule,298581,123,primary,canonical,0,1,0,010,1.0,1.0,Gear,6000.0
rule,298581,123,primary,canonical,0,1,0,010,0.9991666666666666,1.0,RPM,6000.0
rule,298581,123,primary,canonical,0,1,1,011,1.0,1.0,Gear,6000.0
rule,298581,123,primary,canonical,0,1,1,011,0.9994999999999999,1.0,RPM,6000.0
rule,298581,123,primary,canonical,1,0,0,100,0.04666666666666666,0.32216666666666666,Gear,6000.0
rule,298581,123,primary,canonical,1,0,0,100,0.12533333333333332,0.322,RPM,6000.0
rule,298581,123,primary,canonical,1,0,1,101,0.03466666666666667,0.7785000000000001,Gear,6000.0
rule,298581,123,primary,canonical,1,0,1,101,0.07033333333333334,0.7105,RPM,6000.0
rule,298581,123,primary,canonical,1,1,0,110,0.052833333333333336,0.2813333333333333,Gear,6000.0
rule,298581,123,primary,canonical,1,1,0,110,0.13749999999999998,0.2821666666666667,RPM,6000.0
rule,298581,123,primary,canonical,1,1,1,111,0.035833333333333335,0.8075000000000001,Gear,6000.0
rule,298581,123,primary,canonical,1,1,1,111,0.07566666666666667,0.7561666666666667,RPM,6000.0
rule,298581,123,primary,shifted,0,0,0,000,1.0,1.0,Gear,6000.0
rule,298581,123,primary,shifted,0,0,0,000,0.9954999999999999,1.0,RPM,6000.0
rule,298581,123,primary,shifted,0,0,1,001,1.0,1.0,Gear,6000.0
rule,298581,123,primary,shifted,0,0,1,001,0.9976666666666668,1.0,RPM,6000.0
rule,298581,123,primary,shifted,0,1,0,010,1.0,1.0,Gear,6000.0
rule,298581,123,primary,shifted,0,1,0,010,0.9976666666666666,1.0,RPM,6000.0
rule,298581,123,primary,shifted,0,1,1,011,1.0,1.0,Gear,6000.0
rule,298581,123,primary,shifted,0,1,1,011,0.999,1.0,RPM,6000.0
rule,298581,123,primary,shifted,1,0,0,100,0.04683333333333333,0.32383333333333336,Gear,6000.0
rule,298581,123,primary,shifted,1,0,0,100,0.1225,0.31666666666666665,RPM,6000.0
rule,298581,123,primary,shifted,1,0,1,101,0.035,0.7793333333333333,Gear,6000.0
rule,298581,123,primary,shifted,1,0,1,101,0.06833333333333334,0.7196666666666666,RPM,6000.0
rule,298581,123,primary,shifted,1,1,0,110,0.05216666666666667,0.2811666666666666,Gear,6000.0
rule,298581,123,primary,shifted,1,1,0,110,0.136,0.2783333333333333,RPM,6000.0
rule,298581,123,primary,shifted,1,1,1,111,0.036333333333333336,0.8085,Gear,6000.0
rule,298581,123,primary,shifted,1,1,1,111,0.07316666666666667,0.7636666666666666,RPM,6000.0
rule,298581,2026,primary,canonical,0,0,0,000,1.0,1.0,Gear,6000.0
rule,298581,2026,primary,canonical,0,0,0,000,0.9978333333333333,1.0,RPM,6000.0
rule,298581,2026,primary,canonical,0,0,1,001,1.0,1.0,Gear,6000.0
rule,298581,2026,primary,canonical,0,0,1,001,0.9985,1.0,RPM,6000.0
rule,298581,2026,primary,canonical,0,1,0,010,1.0,1.0,Gear,6000.0
rule,298581,2026,primary,canonical,0,1,0,010,0.9991666666666666,1.0,RPM,6000.0
rule,298581,2026,primary,canonical,0,1,1,011,1.0,1.0,Gear,6000.0
rule,298581,2026,primary,canonical,0,1,1,011,0.9994999999999999,1.0,RPM,6000.0
rule,298581,2026,primary,canonical,1,0,0,100,0.030833333333333334,0.255,Gear,6000.0
rule,298581,2026,primary,canonical,1,0,0,100,0.057333333333333326,0.2015,RPM,6000.0
rule,298581,2026,primary,canonical,1,0,1,101,0.02866666666666667,0.8658333333333333,Gear,6000.0
rule,298581,2026,primary,canonical,1,0,1,101,0.0525,0.7133333333333334,RPM,6000.0
rule,298581,2026,primary,canonical,1,1,0,110,0.03133333333333333,0.21433333333333335,Gear,6000.0
rule,298581,2026,primary,canonical,1,1,0,110,0.07833333333333334,0.18066666666666667,RPM,6000.0
rule,298581,2026,primary,canonical,1,1,1,111,0.03183333333333333,0.8586666666666667,Gear,6000.0
rule,298581,2026,primary,canonical,1,1,1,111,0.05616666666666666,0.7101666666666667,RPM,6000.0
rule,298581,2026,primary,shifted,0,0,0,000,1.0,1.0,Gear,6000.0
rule,298581,2026,primary,shifted,0,0,0,000,0.9956666666666667,1.0,RPM,6000.0
rule,298581,2026,primary,shifted,0,0,1,001,1.0,1.0,Gear,6000.0
rule,298581,2026,primary,shifted,0,0,1,001,0.9975,1.0,RPM,6000.0
rule,298581,2026,primary,shifted,0,1,0,010,1.0,1.0,Gear,6000.0
rule,298581,2026,primary,shifted,0,1,0,010,0.9984999999999999,1.0,RPM,6000.0
rule,298581,2026,primary,shifted,0,1,1,011,1.0,1.0,Gear,6000.0
rule,298581,2026,primary,shifted,0,1,1,011,0.999,1.0,RPM,6000.0
rule,298581,2026,primary,shifted,1,0,0,100,0.031,0.2571666666666667,Gear,6000.0
rule,298581,2026,primary,shifted,1,0,0,100,0.057166666666666664,0.20433333333333334,RPM,6000.0
rule,298581,2026,primary,shifted,1,0,1,101,0.028833333333333336,0.8663333333333334,Gear,6000.0
rule,298581,2026,primary,shifted,1,0,1,101,0.05566666666666667,0.7280000000000001,RPM,6000.0
rule,298581,2026,primary,shifted,1,1,0,110,0.03133333333333333,0.2161666666666667,Gear,6000.0
rule,298581,2026,primary,shifted,1,1,0,110,0.07766666666666666,0.18333333333333335,RPM,6000.0
rule,298581,2026,primary,shifted,1,1,1,111,0.03183333333333333,0.8598333333333333,Gear,6000.0
rule,298581,2026,primary,shifted,1,1,1,111,0.06433333333333334,0.7244999999999999,RPM,6000.0
rule,298581,3407,primary,canonical,0,0,0,000,1.0,1.0,Gear,6000.0
rule,298581,3407,primary,canonical,0,0,0,000,0.9983333333333334,1.0,RPM,6000.0
rule,298581,3407,primary,canonical,0,0,1,001,1.0,1.0,Gear,6000.0
rule,298581,3407,primary,canonical,0,0,1,001,0.9983333333333334,1.0,RPM,6000.0
rule,298581,3407,primary,canonical,0,1,0,010,1.0,1.0,Gear,6000.0
rule,298581,3407,primary,canonical,0,1,0,010,0.9991666666666666,1.0,RPM,6000.0
rule,298581,3407,primary,canonical,0,1,1,011,1.0,1.0,Gear,6000.0
rule,298581,3407,primary,canonical,0,1,1,011,0.9996666666666667,1.0,RPM,6000.0
rule,298581,3407,primary,canonical,1,0,0,100,0.083,0.3093333333333333,Gear,6000.0
rule,298581,3407,primary,canonical,1,0,0,100,0.11416666666666668,0.3376666666666666,RPM,6000.0
rule,298581,3407,primary,canonical,1,0,1,101,0.04466666666666667,0.9141666666666667,Gear,6000.0
rule,298581,3407,primary,canonical,1,0,1,101,0.061,0.826,RPM,6000.0
rule,298581,3407,primary,canonical,1,1,0,110,0.10716666666666667,0.2781666666666667,Gear,6000.0
rule,298581,3407,primary,canonical,1,1,0,110,0.12083333333333333,0.29716666666666663,RPM,6000.0
rule,298581,3407,primary,canonical,1,1,1,111,0.051166666666666666,0.9329999999999999,Gear,6000.0
rule,298581,3407,primary,canonical,1,1,1,111,0.05616666666666666,0.8378333333333333,RPM,6000.0
rule,298581,3407,primary,shifted,0,0,0,000,1.0,1.0,Gear,6000.0
rule,298581,3407,primary,shifted,0,0,0,000,0.9961666666666668,1.0,RPM,6000.0
rule,298581,3407,primary,shifted,0,0,1,001,1.0,1.0,Gear,6000.0
rule,298581,3407,primary,shifted,0,0,1,001,0.9975,1.0,RPM,6000.0
rule,298581,3407,primary,shifted,0,1,0,010,1.0,1.0,Gear,6000.0
rule,298581,3407,primary,shifted,0,1,0,010,0.9984999999999999,1.0,RPM,6000.0
rule,298581,3407,primary,shifted,0,1,1,011,1.0,1.0,Gear,6000.0
rule,298581,3407,primary,shifted,0,1,1,011,0.9986666666666667,1.0,RPM,6000.0
rule,298581,3407,primary,shifted,1,0,0,100,0.08183333333333333,0.30916666666666665,Gear,6000.0
rule,298581,3407,primary,shifted,1,0,0,100,0.1235,0.34450000000000003,RPM,6000.0
rule,298581,3407,primary,shifted,1,0,1,101,0.043833333333333335,0.9146666666666666,Gear,6000.0
rule,298581,3407,primary,shifted,1,0,1,101,0.0665,0.8358333333333334,RPM,6000.0
rule,298581,3407,primary,shifted,1,1,0,110,0.1065,0.2785,Gear,6000.0
rule,298581,3407,primary,shifted,1,1,0,110,0.12983333333333333,0.30483333333333335,RPM,6000.0
rule,298581,3407,primary,shifted,1,1,1,111,0.0515,0.9333333333333332,Gear,6000.0
rule,298581,3407,primary,shifted,1,1,1,111,0.06066666666666667,0.8453333333333334,RPM,6000.0
rule,415637,7,primary,canonical,0,0,0,000,1.0,1.0,Gear,6000.0
rule,415637,7,primary,canonical,0,0,0,000,0.9983333333333334,1.0,RPM,6000.0
rule,415637,7,primary,canonical,0,0,1,001,0.9996666666666667,1.0,Gear,6000.0
rule,415637,7,primary,canonical,0,0,1,001,0.999,1.0,RPM,6000.0
rule,415637,7,primary,canonical,0,1,0,010,1.0,1.0,Gear,6000.0
rule,415637,7,primary,canonical,0,1,0,010,0.9993333333333334,1.0,RPM,6000.0
rule,415637,7,primary,canonical,0,1,1,011,1.0,1.0,Gear,6000.0
rule,415637,7,primary,canonical,0,1,1,011,0.9996666666666667,1.0,RPM,6000.0
rule,415637,7,primary,canonical,1,0,0,100,0.030333333333333334,0.18133333333333335,Gear,6000.0
rule,415637,7,primary,canonical,1,0,0,100,0.13716666666666666,0.20950000000000002,RPM,6000.0
rule,415637,7,primary,canonical,1,0,1,101,0.028833333333333336,0.5895,Gear,6000.0
rule,415637,7,primary,canonical,1,0,1,101,0.07783333333333332,0.46049999999999996,RPM,6000.0
rule,415637,7,primary,canonical,1,1,0,110,0.03333333333333333,0.13933333333333334,Gear,6000.0
rule,415637,7,primary,canonical,1,1,0,110,0.157,0.2021666666666667,RPM,6000.0
rule,415637,7,primary,canonical,1,1,1,111,0.0305,0.57,Gear,6000.0
rule,415637,7,primary,canonical,1,1,1,111,0.08266666666666667,0.43283333333333335,RPM,6000.0
rule,415637,7,primary,shifted,0,0,0,000,1.0,1.0,Gear,6000.0
rule,415637,7,primary,shifted,0,0,0,000,0.9965,1.0,RPM,6000.0
rule,415637,7,primary,shifted,0,0,1,001,0.9996666666666667,1.0,Gear,6000.0
rule,415637,7,primary,shifted,0,0,1,001,0.9980000000000001,1.0,RPM,6000.0
rule,415637,7,primary,shifted,0,1,0,010,1.0,1.0,Gear,6000.0
rule,415637,7,primary,shifted,0,1,0,010,0.9984999999999999,1.0,RPM,6000.0
rule,415637,7,primary,shifted,0,1,1,011,1.0,1.0,Gear,6000.0
rule,415637,7,primary,shifted,0,1,1,011,0.999,1.0,RPM,6000.0
rule,415637,7,primary,shifted,1,0,0,100,0.0305,0.18216666666666667,Gear,6000.0
rule,415637,7,primary,shifted,1,0,0,100,0.13683333333333333,0.21116666666666664,RPM,6000.0
rule,415637,7,primary,shifted,1,0,1,101,0.028833333333333332,0.5908333333333333,Gear,6000.0
rule,415637,7,primary,shifted,1,0,1,101,0.0795,0.4731666666666667,RPM,6000.0
rule,415637,7,primary,shifted,1,1,0,110,0.03333333333333333,0.13883333333333334,Gear,6000.0
rule,415637,7,primary,shifted,1,1,0,110,0.15816666666666668,0.20566666666666666,RPM,6000.0
rule,415637,7,primary,shifted,1,1,1,111,0.0305,0.574,Gear,6000.0
rule,415637,7,primary,shifted,1,1,1,111,0.08183333333333333,0.4426666666666667,RPM,6000.0
rule,415637,42,primary,canonical,0,0,0,000,1.0,1.0,Gear,6000.0
rule,415637,42,primary,canonical,0,0,0,000,0.9978333333333333,1.0,RPM,6000.0
rule,415637,42,primary,canonical,0,0,1,001,0.9998333333333335,1.0,Gear,6000.0
rule,415637,42,primary,canonical,0,0,1,001,0.9985,1.0,RPM,6000.0
rule,415637,42,primary,canonical,0,1,0,010,0.9998333333333335,1.0,Gear,6000.0
rule,415637,42,primary,canonical,0,1,0,010,0.9993333333333334,1.0,RPM,6000.0
rule,415637,42,primary,canonical,0,1,1,011,0.9998333333333335,1.0,Gear,6000.0
rule,415637,42,primary,canonical,0,1,1,011,0.9998333333333335,1.0,RPM,6000.0
rule,415637,42,primary,canonical,1,0,0,100,0.041666666666666664,0.28,Gear,6000.0
rule,415637,42,primary,canonical,1,0,0,100,0.156,0.2825,RPM,6000.0
rule,415637,42,primary,canonical,1,0,1,101,0.035333333333333335,0.5228333333333334,Gear,6000.0
rule,415637,42,primary,canonical,1,0,1,101,0.10166666666666667,0.5653333333333334,RPM,6000.0
rule,415637,42,primary,canonical,1,1,0,110,0.04666666666666667,0.24166666666666667,Gear,6000.0
rule,415637,42,primary,canonical,1,1,0,110,0.18083333333333332,0.2605,RPM,6000.0
rule,415637,42,primary,canonical,1,1,1,111,0.035,0.47583333333333333,Gear,6000.0
rule,415637,42,primary,canonical,1,1,1,111,0.10133333333333333,0.5518333333333333,RPM,6000.0
rule,415637,42,primary,shifted,0,0,0,000,1.0,1.0,Gear,6000.0
rule,415637,42,primary,shifted,0,0,0,000,0.9943333333333334,1.0,RPM,6000.0
rule,415637,42,primary,shifted,0,0,1,001,0.9998333333333335,1.0,Gear,6000.0
rule,415637,42,primary,shifted,0,0,1,001,0.9976666666666668,1.0,RPM,6000.0
rule,415637,42,primary,shifted,0,1,0,010,0.9998333333333335,1.0,Gear,6000.0
rule,415637,42,primary,shifted,0,1,0,010,0.9981666666666668,1.0,RPM,6000.0
rule,415637,42,primary,shifted,0,1,1,011,0.9998333333333335,1.0,Gear,6000.0
rule,415637,42,primary,shifted,0,1,1,011,0.9993333333333334,1.0,RPM,6000.0
rule,415637,42,primary,shifted,1,0,0,100,0.041166666666666664,0.2806666666666667,Gear,6000.0
rule,415637,42,primary,shifted,1,0,0,100,0.16216666666666665,0.28783333333333333,RPM,6000.0
rule,415637,42,primary,shifted,1,0,1,101,0.035666666666666666,0.525,Gear,6000.0
rule,415637,42,primary,shifted,1,0,1,101,0.10083333333333333,0.5675,RPM,6000.0
rule,415637,42,primary,shifted,1,1,0,110,0.04633333333333334,0.24183333333333334,Gear,6000.0
rule,415637,42,primary,shifted,1,1,0,110,0.18133333333333335,0.258,RPM,6000.0
rule,415637,42,primary,shifted,1,1,1,111,0.034833333333333334,0.4766666666666666,Gear,6000.0
rule,415637,42,primary,shifted,1,1,1,111,0.10183333333333333,0.5499999999999999,RPM,6000.0
rule,415637,123,primary,canonical,0,0,0,000,1.0,1.0,Gear,6000.0
rule,415637,123,primary,canonical,0,0,0,000,0.9976666666666668,1.0,RPM,6000.0
rule,415637,123,primary,canonical,0,0,1,001,1.0,1.0,Gear,6000.0
rule,415637,123,primary,canonical,0,0,1,001,0.999,1.0,RPM,6000.0
rule,415637,123,primary,canonical,0,1,0,010,1.0,1.0,Gear,6000.0
rule,415637,123,primary,canonical,0,1,0,010,0.9993333333333334,1.0,RPM,6000.0
rule,415637,123,primary,canonical,0,1,1,011,1.0,1.0,Gear,6000.0
rule,415637,123,primary,canonical,0,1,1,011,0.9998333333333335,1.0,RPM,6000.0
rule,415637,123,primary,canonical,1,0,0,100,0.035333333333333335,0.24633333333333332,Gear,6000.0
rule,415637,123,primary,canonical,1,0,0,100,0.16433333333333333,0.3283333333333333,RPM,6000.0
rule,415637,123,primary,canonical,1,0,1,101,0.034333333333333334,0.5681666666666666,Gear,6000.0
rule,415637,123,primary,canonical,1,0,1,101,0.1565,0.5543333333333333,RPM,6000.0
rule,415637,123,primary,canonical,1,1,0,110,0.0415,0.20099999999999998,Gear,6000.0
rule,415637,123,primary,canonical,1,1,0,110,0.1855,0.29183333333333333,RPM,6000.0
rule,415637,123,primary,canonical,1,1,1,111,0.041666666666666664,0.5533333333333333,Gear,6000.0
rule,415637,123,primary,canonical,1,1,1,111,0.19333333333333336,0.5566666666666666,RPM,6000.0
rule,415637,123,primary,shifted,0,0,0,000,1.0,1.0,Gear,6000.0
rule,415637,123,primary,shifted,0,0,0,000,0.9956666666666667,1.0,RPM,6000.0
rule,415637,123,primary,shifted,0,0,1,001,1.0,1.0,Gear,6000.0
rule,415637,123,primary,shifted,0,0,1,001,0.9971666666666668,1.0,RPM,6000.0
rule,415637,123,primary,shifted,0,1,0,010,1.0,1.0,Gear,6000.0
rule,415637,123,primary,shifted,0,1,0,010,0.9981666666666668,1.0,RPM,6000.0
rule,415637,123,primary,shifted,0,1,1,011,1.0,1.0,Gear,6000.0
rule,415637,123,primary,shifted,0,1,1,011,0.9991666666666666,1.0,RPM,6000.0
rule,415637,123,primary,shifted,1,0,0,100,0.034999999999999996,0.247,Gear,6000.0
rule,415637,123,primary,shifted,1,0,0,100,0.164,0.325,RPM,6000.0
rule,415637,123,primary,shifted,1,0,1,101,0.034333333333333334,0.5701666666666666,Gear,6000.0
rule,415637,123,primary,shifted,1,0,1,101,0.16366666666666665,0.5768333333333333,RPM,6000.0
rule,415637,123,primary,shifted,1,1,0,110,0.041,0.2001666666666667,Gear,6000.0
rule,415637,123,primary,shifted,1,1,0,110,0.18716666666666668,0.294,RPM,6000.0
rule,415637,123,primary,shifted,1,1,1,111,0.0415,0.5556666666666666,Gear,6000.0
rule,415637,123,primary,shifted,1,1,1,111,0.19883333333333333,0.5798333333333333,RPM,6000.0
rule,415637,2026,primary,canonical,0,0,0,000,1.0,1.0,Gear,6000.0
rule,415637,2026,primary,canonical,0,0,0,000,0.9971666666666668,1.0,RPM,6000.0
rule,415637,2026,primary,canonical,0,0,1,001,1.0,1.0,Gear,6000.0
rule,415637,2026,primary,canonical,0,0,1,001,0.9983333333333334,1.0,RPM,6000.0
rule,415637,2026,primary,canonical,0,1,0,010,1.0,1.0,Gear,6000.0
rule,415637,2026,primary,canonical,0,1,0,010,0.999,1.0,RPM,6000.0
rule,415637,2026,primary,canonical,0,1,1,011,1.0,1.0,Gear,6000.0
rule,415637,2026,primary,canonical,0,1,1,011,0.9994999999999999,1.0,RPM,6000.0
rule,415637,2026,primary,canonical,1,0,0,100,0.037,0.24166666666666667,Gear,6000.0
rule,415637,2026,primary,canonical,1,0,0,100,0.36000000000000004,0.5646666666666667,RPM,6000.0
rule,415637,2026,primary,canonical,1,0,1,101,0.038,0.767,Gear,6000.0
rule,415637,2026,primary,canonical,1,0,1,101,0.07966666666666666,0.8571666666666666,RPM,6000.0
rule,415637,2026,primary,canonical,1,1,0,110,0.039,0.20766666666666667,Gear,6000.0
rule,415637,2026,primary,canonical,1,1,0,110,0.37233333333333335,0.5155,RPM,6000.0
rule,415637,2026,primary,canonical,1,1,1,111,0.044833333333333336,0.7395,Gear,6000.0
rule,415637,2026,primary,canonical,1,1,1,111,0.08566666666666667,0.8518333333333333,RPM,6000.0
rule,415637,2026,primary,shifted,0,0,0,000,1.0,1.0,Gear,6000.0
rule,415637,2026,primary,shifted,0,0,0,000,0.9945,1.0,RPM,6000.0
rule,415637,2026,primary,shifted,0,0,1,001,1.0,1.0,Gear,6000.0
rule,415637,2026,primary,shifted,0,0,1,001,0.9975,1.0,RPM,6000.0
rule,415637,2026,primary,shifted,0,1,0,010,1.0,1.0,Gear,6000.0
rule,415637,2026,primary,shifted,0,1,0,010,0.9980000000000001,1.0,RPM,6000.0
rule,415637,2026,primary,shifted,0,1,1,011,1.0,1.0,Gear,6000.0
rule,415637,2026,primary,shifted,0,1,1,011,0.9986666666666667,1.0,RPM,6000.0
rule,415637,2026,primary,shifted,1,0,0,100,0.0365,0.24216666666666667,Gear,6000.0
rule,415637,2026,primary,shifted,1,0,0,100,0.36800000000000005,0.5666666666666668,RPM,6000.0
rule,415637,2026,primary,shifted,1,0,1,101,0.03816666666666667,0.7675000000000001,Gear,6000.0
rule,415637,2026,primary,shifted,1,0,1,101,0.08583333333333333,0.8653333333333334,RPM,6000.0
rule,415637,2026,primary,shifted,1,1,0,110,0.0385,0.20783333333333331,Gear,6000.0
rule,415637,2026,primary,shifted,1,1,0,110,0.383,0.5218333333333333,RPM,6000.0
rule,415637,2026,primary,shifted,1,1,1,111,0.044000000000000004,0.7411666666666666,Gear,6000.0
rule,415637,2026,primary,shifted,1,1,1,111,0.09383333333333332,0.8638333333333333,RPM,6000.0
rule,415637,3407,primary,canonical,0,0,0,000,1.0,1.0,Gear,6000.0
rule,415637,3407,primary,canonical,0,0,0,000,0.9973333333333333,1.0,RPM,6000.0
rule,415637,3407,primary,canonical,0,0,1,001,1.0,1.0,Gear,6000.0
rule,415637,3407,primary,canonical,0,0,1,001,0.9986666666666667,1.0,RPM,6000.0
rule,415637,3407,primary,canonical,0,1,0,010,1.0,1.0,Gear,6000.0
rule,415637,3407,primary,canonical,0,1,0,010,0.9993333333333334,1.0,RPM,6000.0
rule,415637,3407,primary,canonical,0,1,1,011,1.0,1.0,Gear,6000.0
rule,415637,3407,primary,canonical,0,1,1,011,0.9991666666666666,1.0,RPM,6000.0
rule,415637,3407,primary,canonical,1,0,0,100,0.03183333333333333,0.18699999999999997,Gear,6000.0
rule,415637,3407,primary,canonical,1,0,0,100,0.049833333333333334,0.20733333333333334,RPM,6000.0
rule,415637,3407,primary,canonical,1,0,1,101,0.035,0.456,Gear,6000.0
rule,415637,3407,primary,canonical,1,0,1,101,0.041166666666666664,0.601,RPM,6000.0
rule,415637,3407,primary,canonical,1,1,0,110,0.0355,0.157,Gear,6000.0
rule,415637,3407,primary,canonical,1,1,0,110,0.055499999999999994,0.16366666666666665,RPM,6000.0
rule,415637,3407,primary,canonical,1,1,1,111,0.03716666666666666,0.4283333333333333,Gear,6000.0
rule,415637,3407,primary,canonical,1,1,1,111,0.042333333333333334,0.6118333333333333,RPM,6000.0
rule,415637,3407,primary,shifted,0,0,0,000,1.0,1.0,Gear,6000.0
rule,415637,3407,primary,shifted,0,0,0,000,0.9953333333333333,1.0,RPM,6000.0
rule,415637,3407,primary,shifted,0,0,1,001,1.0,1.0,Gear,6000.0
rule,415637,3407,primary,shifted,0,0,1,001,0.9973333333333333,1.0,RPM,6000.0
rule,415637,3407,primary,shifted,0,1,0,010,1.0,1.0,Gear,6000.0
rule,415637,3407,primary,shifted,0,1,0,010,0.9983333333333334,1.0,RPM,6000.0
rule,415637,3407,primary,shifted,0,1,1,011,1.0,1.0,Gear,6000.0
rule,415637,3407,primary,shifted,0,1,1,011,0.9988333333333334,1.0,RPM,6000.0
rule,415637,3407,primary,shifted,1,0,0,100,0.03183333333333333,0.18800000000000003,Gear,6000.0
rule,415637,3407,primary,shifted,1,0,0,100,0.050499999999999996,0.2025,RPM,6000.0
rule,415637,3407,primary,shifted,1,0,1,101,0.034833333333333334,0.4571666666666667,Gear,6000.0
rule,415637,3407,primary,shifted,1,0,1,101,0.043666666666666666,0.5958333333333333,RPM,6000.0
rule,415637,3407,primary,shifted,1,1,0,110,0.035333333333333335,0.15783333333333335,Gear,6000.0
rule,415637,3407,primary,shifted,1,1,0,110,0.05266666666666667,0.158,RPM,6000.0
rule,415637,3407,primary,shifted,1,1,1,111,0.037,0.4291666666666667,Gear,6000.0
rule,415637,3407,primary,shifted,1,1,1,111,0.04566666666666667,0.6065,RPM,6000.0
rule,457191,7,primary,canonical,0,0,0,000,1.0,1.0,Gear,6000.0
rule,457191,7,primary,canonical,0,0,0,000,0.9984999999999999,1.0,RPM,6000.0
rule,457191,7,primary,canonical,0,0,1,001,1.0,1.0,Gear,6000.0
rule,457191,7,primary,canonical,0,0,1,001,0.9984999999999999,1.0,RPM,6000.0
rule,457191,7,primary,canonical,0,1,0,010,1.0,1.0,Gear,6000.0
rule,457191,7,primary,canonical,0,1,0,010,0.9993333333333334,1.0,RPM,6000.0
rule,457191,7,primary,canonical,0,1,1,011,0.9998333333333335,1.0,Gear,6000.0
rule,457191,7,primary,canonical,0,1,1,011,0.9994999999999999,1.0,RPM,6000.0
rule,457191,7,primary,canonical,1,0,0,100,0.07233333333333333,0.31866666666666665,Gear,6000.0
rule,457191,7,primary,canonical,1,0,0,100,0.35033333333333333,0.4343333333333333,RPM,6000.0
rule,457191,7,primary,canonical,1,0,1,101,0.1165,0.6843333333333333,Gear,6000.0
rule,457191,7,primary,canonical,1,0,1,101,0.4046666666666667,0.7878333333333334,RPM,6000.0
rule,457191,7,primary,canonical,1,1,0,110,0.09049999999999998,0.29633333333333334,Gear,6000.0
rule,457191,7,primary,canonical,1,1,0,110,0.3698333333333333,0.42966666666666664,RPM,6000.0
rule,457191,7,primary,canonical,1,1,1,111,0.13349999999999998,0.6736666666666666,Gear,6000.0
rule,457191,7,primary,canonical,1,1,1,111,0.4186666666666667,0.7681666666666667,RPM,6000.0
rule,457191,7,primary,shifted,0,0,0,000,1.0,1.0,Gear,6000.0
rule,457191,7,primary,shifted,0,0,0,000,0.9965,1.0,RPM,6000.0
rule,457191,7,primary,shifted,0,0,1,001,1.0,1.0,Gear,6000.0
rule,457191,7,primary,shifted,0,0,1,001,0.9975,1.0,RPM,6000.0
rule,457191,7,primary,shifted,0,1,0,010,1.0,1.0,Gear,6000.0
rule,457191,7,primary,shifted,0,1,0,010,0.9980000000000001,1.0,RPM,6000.0
rule,457191,7,primary,shifted,0,1,1,011,0.9998333333333335,1.0,Gear,6000.0
rule,457191,7,primary,shifted,0,1,1,011,0.9988333333333334,1.0,RPM,6000.0
rule,457191,7,primary,shifted,1,0,0,100,0.07166666666666667,0.3196666666666667,Gear,6000.0
rule,457191,7,primary,shifted,1,0,0,100,0.3491666666666666,0.43183333333333335,RPM,6000.0
rule,457191,7,primary,shifted,1,0,1,101,0.1165,0.6866666666666666,Gear,6000.0
rule,457191,7,primary,shifted,1,0,1,101,0.41616666666666663,0.7949999999999999,RPM,6000.0
rule,457191,7,primary,shifted,1,1,0,110,0.08983333333333332,0.2975,Gear,6000.0
rule,457191,7,primary,shifted,1,1,0,110,0.37666666666666665,0.4323333333333333,RPM,6000.0
rule,457191,7,primary,shifted,1,1,1,111,0.13083333333333333,0.6733333333333333,Gear,6000.0
rule,457191,7,primary,shifted,1,1,1,111,0.4323333333333333,0.7798333333333334,RPM,6000.0
rule,457191,42,primary,canonical,0,0,0,000,0.9998333333333335,1.0,Gear,6000.0
rule,457191,42,primary,canonical,0,0,0,000,0.9981666666666666,1.0,RPM,6000.0
rule,457191,42,primary,canonical,0,0,1,001,0.9996666666666667,1.0,Gear,6000.0
rule,457191,42,primary,canonical,0,0,1,001,0.9988333333333334,1.0,RPM,6000.0
rule,457191,42,primary,canonical,0,1,0,010,0.9998333333333335,1.0,Gear,6000.0
rule,457191,42,primary,canonical,0,1,0,010,0.9991666666666666,1.0,RPM,6000.0
rule,457191,42,primary,canonical,0,1,1,011,0.9998333333333335,1.0,Gear,6000.0
rule,457191,42,primary,canonical,0,1,1,011,0.9996666666666667,1.0,RPM,6000.0
rule,457191,42,primary,canonical,1,0,0,100,0.09133333333333334,0.3405,Gear,6000.0
rule,457191,42,primary,canonical,1,0,0,100,0.27183333333333337,0.4383333333333333,RPM,6000.0
rule,457191,42,primary,canonical,1,0,1,101,0.09449999999999999,0.7218333333333332,Gear,6000.0
rule,457191,42,primary,canonical,1,0,1,101,0.31216666666666665,0.8026666666666666,RPM,6000.0
rule,457191,42,primary,canonical,1,1,0,110,0.10416666666666667,0.30616666666666664,Gear,6000.0
rule,457191,42,primary,canonical,1,1,0,110,0.304,0.4246666666666667,RPM,6000.0
rule,457191,42,primary,canonical,1,1,1,111,0.106,0.722,Gear,6000.0
rule,457191,42,primary,canonical,1,1,1,111,0.32266666666666666,0.7959999999999999,RPM,6000.0
rule,457191,42,primary,shifted,0,0,0,000,0.9998333333333335,1.0,Gear,6000.0
rule,457191,42,primary,shifted,0,0,0,000,0.9958333333333332,1.0,RPM,6000.0
rule,457191,42,primary,shifted,0,0,1,001,0.9996666666666667,1.0,Gear,6000.0
rule,457191,42,primary,shifted,0,0,1,001,0.9978333333333333,1.0,RPM,6000.0
rule,457191,42,primary,shifted,0,1,0,010,0.9998333333333335,1.0,Gear,6000.0
rule,457191,42,primary,shifted,0,1,0,010,0.9983333333333334,1.0,RPM,6000.0
rule,457191,42,primary,shifted,0,1,1,011,0.9998333333333335,1.0,Gear,6000.0
rule,457191,42,primary,shifted,0,1,1,011,0.9991666666666666,1.0,RPM,6000.0
rule,457191,42,primary,shifted,1,0,0,100,0.09100000000000001,0.3405,Gear,6000.0
rule,457191,42,primary,shifted,1,0,0,100,0.26966666666666667,0.4363333333333333,RPM,6000.0
rule,457191,42,primary,shifted,1,0,1,101,0.09300000000000001,0.7221666666666667,Gear,6000.0
rule,457191,42,primary,shifted,1,0,1,101,0.3225,0.8093333333333333,RPM,6000.0
rule,457191,42,primary,shifted,1,1,0,110,0.10366666666666667,0.30583333333333335,Gear,6000.0
rule,457191,42,primary,shifted,1,1,0,110,0.3005,0.422,RPM,6000.0
rule,457191,42,primary,shifted,1,1,1,111,0.1045,0.7221666666666667,Gear,6000.0
rule,457191,42,primary,shifted,1,1,1,111,0.3335000000000001,0.8024999999999999,RPM,6000.0
rule,457191,123,primary,canonical,0,0,0,000,1.0,1.0,Gear,6000.0
rule,457191,123,primary,canonical,0,0,0,000,0.9976666666666668,1.0,RPM,6000.0
rule,457191,123,primary,canonical,0,0,1,001,1.0,1.0,Gear,6000.0
rule,457191,123,primary,canonical,0,0,1,001,0.9983333333333334,1.0,RPM,6000.0
rule,457191,123,primary,canonical,0,1,0,010,1.0,1.0,Gear,6000.0
rule,457191,123,primary,canonical,0,1,0,010,0.9993333333333334,1.0,RPM,6000.0
rule,457191,123,primary,canonical,0,1,1,011,1.0,1.0,Gear,6000.0
rule,457191,123,primary,canonical,0,1,1,011,0.9994999999999999,1.0,RPM,6000.0
rule,457191,123,primary,canonical,1,0,0,100,0.035,0.2685,Gear,6000.0
rule,457191,123,primary,canonical,1,0,0,100,0.14716666666666667,0.2655,RPM,6000.0
rule,457191,123,primary,canonical,1,0,1,101,0.034333333333333334,0.7193333333333333,Gear,6000.0
rule,457191,123,primary,canonical,1,0,1,101,0.04666666666666666,0.46466666666666673,RPM,6000.0
rule,457191,123,primary,canonical,1,1,0,110,0.036000000000000004,0.2273333333333333,Gear,6000.0
rule,457191,123,primary,canonical,1,1,0,110,0.16949999999999998,0.24166666666666667,RPM,6000.0
rule,457191,123,primary,canonical,1,1,1,111,0.034833333333333334,0.7196666666666666,Gear,6000.0
rule,457191,123,primary,canonical,1,1,1,111,0.049833333333333334,0.453,RPM,6000.0
rule,457191,123,primary,shifted,0,0,0,000,1.0,1.0,Gear,6000.0
rule,457191,123,primary,shifted,0,0,0,000,0.9951666666666666,1.0,RPM,6000.0
rule,457191,123,primary,shifted,0,0,1,001,1.0,1.0,Gear,6000.0
rule,457191,123,primary,shifted,0,0,1,001,0.9980000000000001,1.0,RPM,6000.0
rule,457191,123,primary,shifted,0,1,0,010,1.0,1.0,Gear,6000.0
rule,457191,123,primary,shifted,0,1,0,010,0.9986666666666667,1.0,RPM,6000.0
rule,457191,123,primary,shifted,0,1,1,011,1.0,1.0,Gear,6000.0
rule,457191,123,primary,shifted,0,1,1,011,0.9991666666666666,1.0,RPM,6000.0
rule,457191,123,primary,shifted,1,0,0,100,0.035,0.2685,Gear,6000.0
rule,457191,123,primary,shifted,1,0,0,100,0.14566666666666667,0.25816666666666666,RPM,6000.0
rule,457191,123,primary,shifted,1,0,1,101,0.034333333333333334,0.7223333333333333,Gear,6000.0
rule,457191,123,primary,shifted,1,0,1,101,0.050333333333333334,0.46950000000000003,RPM,6000.0
rule,457191,123,primary,shifted,1,1,0,110,0.036,0.22799999999999998,Gear,6000.0
rule,457191,123,primary,shifted,1,1,0,110,0.16516666666666666,0.233,RPM,6000.0
rule,457191,123,primary,shifted,1,1,1,111,0.034333333333333334,0.7210000000000001,Gear,6000.0
rule,457191,123,primary,shifted,1,1,1,111,0.0515,0.45816666666666667,RPM,6000.0
rule,457191,2026,primary,canonical,0,0,0,000,1.0,1.0,Gear,6000.0
rule,457191,2026,primary,canonical,0,0,0,000,0.9980000000000001,1.0,RPM,6000.0
rule,457191,2026,primary,canonical,0,0,1,001,1.0,1.0,Gear,6000.0
rule,457191,2026,primary,canonical,0,0,1,001,0.9983333333333334,1.0,RPM,6000.0
rule,457191,2026,primary,canonical,0,1,0,010,1.0,1.0,Gear,6000.0
rule,457191,2026,primary,canonical,0,1,0,010,0.999,1.0,RPM,6000.0
rule,457191,2026,primary,canonical,0,1,1,011,1.0,1.0,Gear,6000.0
rule,457191,2026,primary,canonical,0,1,1,011,0.9994999999999999,1.0,RPM,6000.0
rule,457191,2026,primary,canonical,1,0,0,100,0.02816666666666667,0.2125,Gear,6000.0
rule,457191,2026,primary,canonical,1,0,0,100,0.151,0.30633333333333335,RPM,6000.0
rule,457191,2026,primary,canonical,1,0,1,101,0.02716666666666667,0.6656666666666666,Gear,6000.0
rule,457191,2026,primary,canonical,1,0,1,101,0.079,0.8460000000000001,RPM,6000.0
rule,457191,2026,primary,canonical,1,1,0,110,0.02733333333333333,0.16983333333333336,Gear,6000.0
rule,457191,2026,primary,canonical,1,1,0,110,0.1555,0.27416666666666667,RPM,6000.0
rule,457191,2026,primary,canonical,1,1,1,111,0.0265,0.6671666666666667,Gear,6000.0
rule,457191,2026,primary,canonical,1,1,1,111,0.06966666666666667,0.8768333333333334,RPM,6000.0
rule,457191,2026,primary,shifted,0,0,0,000,1.0,1.0,Gear,6000.0
rule,457191,2026,primary,shifted,0,0,0,000,0.9954999999999999,1.0,RPM,6000.0
rule,457191,2026,primary,shifted,0,0,1,001,1.0,1.0,Gear,6000.0
rule,457191,2026,primary,shifted,0,0,1,001,0.9975,1.0,RPM,6000.0
rule,457191,2026,primary,shifted,0,1,0,010,1.0,1.0,Gear,6000.0
rule,457191,2026,primary,shifted,0,1,0,010,0.9981666666666666,1.0,RPM,6000.0
rule,457191,2026,primary,shifted,0,1,1,011,1.0,1.0,Gear,6000.0
rule,457191,2026,primary,shifted,0,1,1,011,0.9988333333333334,1.0,RPM,6000.0
rule,457191,2026,primary,shifted,1,0,0,100,0.02816666666666667,0.21350000000000002,Gear,6000.0
rule,457191,2026,primary,shifted,1,0,0,100,0.147,0.29983333333333334,RPM,6000.0
rule,457191,2026,primary,shifted,1,0,1,101,0.02716666666666667,0.6663333333333333,Gear,6000.0
rule,457191,2026,primary,shifted,1,0,1,101,0.08016666666666666,0.8456666666666667,RPM,6000.0
rule,457191,2026,primary,shifted,1,1,0,110,0.027666666666666662,0.1705,Gear,6000.0
rule,457191,2026,primary,shifted,1,1,0,110,0.1495,0.267,RPM,6000.0
rule,457191,2026,primary,shifted,1,1,1,111,0.0265,0.668,Gear,6000.0
rule,457191,2026,primary,shifted,1,1,1,111,0.06966666666666667,0.8746666666666667,RPM,6000.0
rule,457191,3407,primary,canonical,0,0,0,000,1.0,1.0,Gear,6000.0
rule,457191,3407,primary,canonical,0,0,0,000,0.9976666666666666,1.0,RPM,6000.0
rule,457191,3407,primary,canonical,0,0,1,001,1.0,1.0,Gear,6000.0
rule,457191,3407,primary,canonical,0,0,1,001,0.9988333333333334,1.0,RPM,6000.0
rule,457191,3407,primary,canonical,0,1,0,010,0.9998333333333335,1.0,Gear,6000.0
rule,457191,3407,primary,canonical,0,1,0,010,0.9991666666666666,1.0,RPM,6000.0
rule,457191,3407,primary,canonical,0,1,1,011,1.0,1.0,Gear,6000.0
rule,457191,3407,primary,canonical,0,1,1,011,0.9994999999999999,1.0,RPM,6000.0
rule,457191,3407,primary,canonical,1,0,0,100,0.028,0.16233333333333333,Gear,6000.0
rule,457191,3407,primary,canonical,1,0,0,100,0.056499999999999995,0.233,RPM,6000.0
rule,457191,3407,primary,canonical,1,0,1,101,0.03133333333333333,0.59,Gear,6000.0
rule,457191,3407,primary,canonical,1,0,1,101,0.06316666666666666,0.622,RPM,6000.0
rule,457191,3407,primary,canonical,1,1,0,110,0.027,0.13383333333333333,Gear,6000.0
rule,457191,3407,primary,canonical,1,1,0,110,0.06616666666666667,0.1865,RPM,6000.0
rule,457191,3407,primary,canonical,1,1,1,111,0.030333333333333334,0.5565,Gear,6000.0
rule,457191,3407,primary,canonical,1,1,1,111,0.078,0.6428333333333333,RPM,6000.0
rule,457191,3407,primary,shifted,0,0,0,000,1.0,1.0,Gear,6000.0
rule,457191,3407,primary,shifted,0,0,0,000,0.9953333333333334,1.0,RPM,6000.0
rule,457191,3407,primary,shifted,0,0,1,001,1.0,1.0,Gear,6000.0
rule,457191,3407,primary,shifted,0,0,1,001,0.9978333333333333,1.0,RPM,6000.0
rule,457191,3407,primary,shifted,0,1,0,010,0.9998333333333335,1.0,Gear,6000.0
rule,457191,3407,primary,shifted,0,1,0,010,0.9986666666666667,1.0,RPM,6000.0
rule,457191,3407,primary,shifted,0,1,1,011,1.0,1.0,Gear,6000.0
rule,457191,3407,primary,shifted,0,1,1,011,0.9993333333333334,1.0,RPM,6000.0
rule,457191,3407,primary,shifted,1,0,0,100,0.02816666666666667,0.16283333333333336,Gear,6000.0
rule,457191,3407,primary,shifted,1,0,0,100,0.057166666666666664,0.2313333333333333,RPM,6000.0
rule,457191,3407,primary,shifted,1,0,1,101,0.03133333333333333,0.5924999999999999,Gear,6000.0
rule,457191,3407,primary,shifted,1,0,1,101,0.072,0.6356666666666667,RPM,6000.0
rule,457191,3407,primary,shifted,1,1,0,110,0.02716666666666667,0.13533333333333333,Gear,6000.0
rule,457191,3407,primary,shifted,1,1,0,110,0.06666666666666667,0.1845,RPM,6000.0
rule,457191,3407,primary,shifted,1,1,1,111,0.030333333333333334,0.5576666666666666,Gear,6000.0
rule,457191,3407,primary,shifted,1,1,1,111,0.0845,0.6516666666666667,RPM,6000.0
rule,459336,7,primary,canonical,0,0,0,000,1.0,1.0,Gear,6000.0
rule,459336,7,primary,canonical,0,0,0,000,0.9980000000000001,1.0,RPM,6000.0
rule,459336,7,primary,canonical,0,0,1,001,0.9996666666666667,1.0,Gear,6000.0
rule,459336,7,primary,canonical,0,0,1,001,0.9986666666666667,1.0,RPM,6000.0
rule,459336,7,primary,canonical,0,1,0,010,0.9998333333333335,1.0,Gear,6000.0
rule,459336,7,primary,canonical,0,1,0,010,0.9991666666666666,1.0,RPM,6000.0
rule,459336,7,primary,canonical,0,1,1,011,0.9998333333333335,1.0,Gear,6000.0
rule,459336,7,primary,canonical,0,1,1,011,0.9996666666666667,1.0,RPM,6000.0
rule,459336,7,primary,canonical,1,0,0,100,0.04566666666666667,0.2861666666666667,Gear,6000.0
rule,459336,7,primary,canonical,1,0,0,100,0.2353333333333333,0.516,RPM,6000.0
rule,459336,7,primary,canonical,1,0,1,101,0.032,0.9049999999999999,Gear,6000.0
rule,459336,7,primary,canonical,1,0,1,101,0.219,0.8119999999999999,RPM,6000.0
rule,459336,7,primary,canonical,1,1,0,110,0.04466666666666667,0.23650000000000002,Gear,6000.0
rule,459336,7,primary,canonical,1,1,0,110,0.28150000000000003,0.5075,RPM,6000.0
rule,459336,7,primary,canonical,1,1,1,111,0.029666666666666664,0.8983333333333334,Gear,6000.0
rule,459336,7,primary,canonical,1,1,1,111,0.19683333333333333,0.8025000000000001,RPM,6000.0
rule,459336,7,primary,shifted,0,0,0,000,1.0,1.0,Gear,6000.0
rule,459336,7,primary,shifted,0,0,0,000,0.9963333333333333,1.0,RPM,6000.0
rule,459336,7,primary,shifted,0,0,1,001,0.9996666666666667,1.0,Gear,6000.0
rule,459336,7,primary,shifted,0,0,1,001,0.9980000000000001,1.0,RPM,6000.0
rule,459336,7,primary,shifted,0,1,0,010,0.9998333333333335,1.0,Gear,6000.0
rule,459336,7,primary,shifted,0,1,0,010,0.9981666666666668,1.0,RPM,6000.0
rule,459336,7,primary,shifted,0,1,1,011,0.9998333333333335,1.0,Gear,6000.0
rule,459336,7,primary,shifted,0,1,1,011,0.999,1.0,RPM,6000.0
rule,459336,7,primary,shifted,1,0,0,100,0.046000000000000006,0.288,Gear,6000.0
rule,459336,7,primary,shifted,1,0,0,100,0.24549999999999997,0.523,RPM,6000.0
rule,459336,7,primary,shifted,1,0,1,101,0.03216666666666667,0.9058333333333334,Gear,6000.0
rule,459336,7,primary,shifted,1,0,1,101,0.23083333333333333,0.823,RPM,6000.0
rule,459336,7,primary,shifted,1,1,0,110,0.04516666666666667,0.2383333333333333,Gear,6000.0
rule,459336,7,primary,shifted,1,1,0,110,0.29383333333333334,0.5191666666666667,RPM,6000.0
rule,459336,7,primary,shifted,1,1,1,111,0.029666666666666664,0.8998333333333334,Gear,6000.0
rule,459336,7,primary,shifted,1,1,1,111,0.213,0.8104999999999999,RPM,6000.0
rule,459336,42,primary,canonical,0,0,0,000,1.0,1.0,Gear,6000.0
rule,459336,42,primary,canonical,0,0,0,000,0.9983333333333334,1.0,RPM,6000.0
rule,459336,42,primary,canonical,0,0,1,001,1.0,1.0,Gear,6000.0
rule,459336,42,primary,canonical,0,0,1,001,0.9988333333333334,1.0,RPM,6000.0
rule,459336,42,primary,canonical,0,1,0,010,1.0,1.0,Gear,6000.0
rule,459336,42,primary,canonical,0,1,0,010,0.9994999999999999,1.0,RPM,6000.0
rule,459336,42,primary,canonical,0,1,1,011,1.0,1.0,Gear,6000.0
rule,459336,42,primary,canonical,0,1,1,011,0.9996666666666667,1.0,RPM,6000.0
rule,459336,42,primary,canonical,1,0,0,100,0.13183333333333333,0.42683333333333334,Gear,6000.0
rule,459336,42,primary,canonical,1,0,0,100,0.301,0.4251666666666667,RPM,6000.0
rule,459336,42,primary,canonical,1,0,1,101,0.07566666666666666,0.739,Gear,6000.0
rule,459336,42,primary,canonical,1,0,1,101,0.159,0.7414999999999999,RPM,6000.0
rule,459336,42,primary,canonical,1,1,0,110,0.16066666666666665,0.39999999999999997,Gear,6000.0
rule,459336,42,primary,canonical,1,1,0,110,0.30666666666666664,0.39599999999999996,RPM,6000.0
rule,459336,42,primary,canonical,1,1,1,111,0.07683333333333332,0.7395,Gear,6000.0
rule,459336,42,primary,canonical,1,1,1,111,0.18083333333333332,0.7438333333333333,RPM,6000.0
rule,459336,42,primary,shifted,0,0,0,000,1.0,1.0,Gear,6000.0
rule,459336,42,primary,shifted,0,0,0,000,0.9956666666666667,1.0,RPM,6000.0
rule,459336,42,primary,shifted,0,0,1,001,1.0,1.0,Gear,6000.0
rule,459336,42,primary,shifted,0,0,1,001,0.9976666666666668,1.0,RPM,6000.0
rule,459336,42,primary,shifted,0,1,0,010,1.0,1.0,Gear,6000.0
rule,459336,42,primary,shifted,0,1,0,010,0.9981666666666668,1.0,RPM,6000.0
rule,459336,42,primary,shifted,0,1,1,011,1.0,1.0,Gear,6000.0
rule,459336,42,primary,shifted,0,1,1,011,0.9991666666666666,1.0,RPM,6000.0
rule,459336,42,primary,shifted,1,0,0,100,0.132,0.4266666666666667,Gear,6000.0
rule,459336,42,primary,shifted,1,0,0,100,0.30516666666666664,0.429,RPM,6000.0
rule,459336,42,primary,shifted,1,0,1,101,0.07516666666666666,0.7398333333333333,Gear,6000.0
rule,459336,42,primary,shifted,1,0,1,101,0.16733333333333333,0.7523333333333334,RPM,6000.0
rule,459336,42,primary,shifted,1,1,0,110,0.16033333333333333,0.4008333333333334,Gear,6000.0
rule,459336,42,primary,shifted,1,1,0,110,0.314,0.4025,RPM,6000.0
rule,459336,42,primary,shifted,1,1,1,111,0.07666666666666666,0.7398333333333333,Gear,6000.0
rule,459336,42,primary,shifted,1,1,1,111,0.19233333333333333,0.755,RPM,6000.0
rule,459336,123,primary,canonical,0,0,0,000,0.9998333333333335,1.0,Gear,6000.0
rule,459336,123,primary,canonical,0,0,0,000,0.9981666666666666,1.0,RPM,6000.0
rule,459336,123,primary,canonical,0,0,1,001,0.9998333333333335,1.0,Gear,6000.0
rule,459336,123,primary,canonical,0,0,1,001,0.9986666666666667,1.0,RPM,6000.0
rule,459336,123,primary,canonical,0,1,0,010,1.0,1.0,Gear,6000.0
rule,459336,123,primary,canonical,0,1,0,010,0.9993333333333334,1.0,RPM,6000.0
rule,459336,123,primary,canonical,0,1,1,011,1.0,1.0,Gear,6000.0
rule,459336,123,primary,canonical,0,1,1,011,0.9996666666666667,1.0,RPM,6000.0
rule,459336,123,primary,canonical,1,0,0,100,0.0305,0.1795,Gear,6000.0
rule,459336,123,primary,canonical,1,0,0,100,0.16183333333333336,0.23683333333333334,RPM,6000.0
rule,459336,123,primary,canonical,1,0,1,101,0.030833333333333334,0.5918333333333333,Gear,6000.0
rule,459336,123,primary,canonical,1,0,1,101,0.06116666666666667,0.4676666666666667,RPM,6000.0
rule,459336,123,primary,canonical,1,1,0,110,0.029666666666666664,0.13649999999999998,Gear,6000.0
rule,459336,123,primary,canonical,1,1,0,110,0.18416666666666667,0.23283333333333334,RPM,6000.0
rule,459336,123,primary,canonical,1,1,1,111,0.0335,0.5663333333333332,Gear,6000.0
rule,459336,123,primary,canonical,1,1,1,111,0.07216666666666667,0.457,RPM,6000.0
rule,459336,123,primary,shifted,0,0,0,000,0.9998333333333335,1.0,Gear,6000.0
rule,459336,123,primary,shifted,0,0,0,000,0.996,1.0,RPM,6000.0
rule,459336,123,primary,shifted,0,0,1,001,0.9998333333333335,1.0,Gear,6000.0
rule,459336,123,primary,shifted,0,0,1,001,0.9978333333333333,1.0,RPM,6000.0
rule,459336,123,primary,shifted,0,1,0,010,1.0,1.0,Gear,6000.0
rule,459336,123,primary,shifted,0,1,0,010,0.9984999999999999,1.0,RPM,6000.0
rule,459336,123,primary,shifted,0,1,1,011,1.0,1.0,Gear,6000.0
rule,459336,123,primary,shifted,0,1,1,011,0.9993333333333334,1.0,RPM,6000.0
rule,459336,123,primary,shifted,1,0,0,100,0.030166666666666665,0.17983333333333332,Gear,6000.0
rule,459336,123,primary,shifted,1,0,0,100,0.1635,0.24066666666666667,RPM,6000.0
rule,459336,123,primary,shifted,1,0,1,101,0.030666666666666665,0.593,Gear,6000.0
rule,459336,123,primary,shifted,1,0,1,101,0.062,0.4746666666666666,RPM,6000.0
rule,459336,123,primary,shifted,1,1,0,110,0.029666666666666664,0.1366666666666667,Gear,6000.0
rule,459336,123,primary,shifted,1,1,0,110,0.18116666666666667,0.23166666666666666,RPM,6000.0
rule,459336,123,primary,shifted,1,1,1,111,0.03316666666666667,0.5698333333333333,Gear,6000.0
rule,459336,123,primary,shifted,1,1,1,111,0.07366666666666666,0.46799999999999997,RPM,6000.0
rule,459336,2026,primary,canonical,0,0,0,000,0.9998333333333335,1.0,Gear,6000.0
rule,459336,2026,primary,canonical,0,0,0,000,0.9985,1.0,RPM,6000.0
rule,459336,2026,primary,canonical,0,0,1,001,0.9996666666666667,1.0,Gear,6000.0
rule,459336,2026,primary,canonical,0,0,1,001,0.999,1.0,RPM,6000.0
rule,459336,2026,primary,canonical,0,1,0,010,0.9996666666666667,1.0,Gear,6000.0
rule,459336,2026,primary,canonical,0,1,0,010,0.999,1.0,RPM,6000.0
rule,459336,2026,primary,canonical,0,1,1,011,0.9996666666666667,1.0,Gear,6000.0
rule,459336,2026,primary,canonical,0,1,1,011,0.9994999999999999,1.0,RPM,6000.0
rule,459336,2026,primary,canonical,1,0,0,100,0.02866666666666667,0.26433333333333336,Gear,6000.0
rule,459336,2026,primary,canonical,1,0,0,100,0.13633333333333333,0.341,RPM,6000.0
rule,459336,2026,primary,canonical,1,0,1,101,0.0305,0.5911666666666666,Gear,6000.0
rule,459336,2026,primary,canonical,1,0,1,101,0.13716666666666666,0.6683333333333333,RPM,6000.0
rule,459336,2026,primary,canonical,1,1,0,110,0.028333333333333332,0.22533333333333336,Gear,6000.0
rule,459336,2026,primary,canonical,1,1,0,110,0.146,0.30033333333333334,RPM,6000.0
rule,459336,2026,primary,canonical,1,1,1,111,0.0295,0.5841666666666666,Gear,6000.0
rule,459336,2026,primary,canonical,1,1,1,111,0.14583333333333334,0.6866666666666666,RPM,6000.0
rule,459336,2026,primary,shifted,0,0,0,000,0.9998333333333335,1.0,Gear,6000.0
rule,459336,2026,primary,shifted,0,0,0,000,0.9961666666666668,1.0,RPM,6000.0
rule,459336,2026,primary,shifted,0,0,1,001,0.9996666666666667,1.0,Gear,6000.0
rule,459336,2026,primary,shifted,0,0,1,001,0.9981666666666668,1.0,RPM,6000.0
rule,459336,2026,primary,shifted,0,1,0,010,0.9996666666666667,1.0,Gear,6000.0
rule,459336,2026,primary,shifted,0,1,0,010,0.9985,1.0,RPM,6000.0
rule,459336,2026,primary,shifted,0,1,1,011,0.9996666666666667,1.0,Gear,6000.0
rule,459336,2026,primary,shifted,0,1,1,011,0.9993333333333334,1.0,RPM,6000.0
rule,459336,2026,primary,shifted,1,0,0,100,0.028833333333333336,0.26633333333333337,Gear,6000.0
rule,459336,2026,primary,shifted,1,0,0,100,0.14016666666666666,0.33616666666666667,RPM,6000.0
rule,459336,2026,primary,shifted,1,0,1,101,0.030833333333333334,0.5928333333333334,Gear,6000.0
rule,459336,2026,primary,shifted,1,0,1,101,0.14533333333333334,0.6779999999999999,RPM,6000.0
rule,459336,2026,primary,shifted,1,1,0,110,0.028333333333333332,0.22683333333333333,Gear,6000.0
rule,459336,2026,primary,shifted,1,1,0,110,0.15183333333333335,0.30216666666666664,RPM,6000.0
rule,459336,2026,primary,shifted,1,1,1,111,0.029333333333333333,0.586,Gear,6000.0
rule,459336,2026,primary,shifted,1,1,1,111,0.1505,0.6926666666666667,RPM,6000.0
rule,459336,3407,primary,canonical,0,0,0,000,1.0,1.0,Gear,6000.0
rule,459336,3407,primary,canonical,0,0,0,000,0.9980000000000001,1.0,RPM,6000.0
rule,459336,3407,primary,canonical,0,0,1,001,1.0,1.0,Gear,6000.0
rule,459336,3407,primary,canonical,0,0,1,001,0.9986666666666667,1.0,RPM,6000.0
rule,459336,3407,primary,canonical,0,1,0,010,0.9998333333333335,1.0,Gear,6000.0
rule,459336,3407,primary,canonical,0,1,0,010,0.999,1.0,RPM,6000.0
rule,459336,3407,primary,canonical,0,1,1,011,0.9998333333333335,1.0,Gear,6000.0
rule,459336,3407,primary,canonical,0,1,1,011,0.9996666666666667,1.0,RPM,6000.0
rule,459336,3407,primary,canonical,1,0,0,100,0.03466666666666667,0.2555,Gear,6000.0
rule,459336,3407,primary,canonical,1,0,0,100,0.14616666666666667,0.35633333333333334,RPM,6000.0
rule,459336,3407,primary,canonical,1,0,1,101,0.035333333333333335,0.6696666666666666,Gear,6000.0
rule,459336,3407,primary,canonical,1,0,1,101,0.09300000000000001,0.6968333333333333,RPM,6000.0
rule,459336,3407,primary,canonical,1,1,0,110,0.036333333333333336,0.21383333333333332,Gear,6000.0
rule,459336,3407,primary,canonical,1,1,0,110,0.16283333333333333,0.32216666666666666,RPM,6000.0
rule,459336,3407,primary,canonical,1,1,1,111,0.03866666666666666,0.6543333333333333,Gear,6000.0
rule,459336,3407,primary,canonical,1,1,1,111,0.09633333333333334,0.7101666666666667,RPM,6000.0
rule,459336,3407,primary,shifted,0,0,0,000,1.0,1.0,Gear,6000.0
rule,459336,3407,primary,shifted,0,0,0,000,0.9954999999999999,1.0,RPM,6000.0
rule,459336,3407,primary,shifted,0,0,1,001,1.0,1.0,Gear,6000.0
rule,459336,3407,primary,shifted,0,0,1,001,0.9971666666666668,1.0,RPM,6000.0
rule,459336,3407,primary,shifted,0,1,0,010,0.9998333333333335,1.0,Gear,6000.0
rule,459336,3407,primary,shifted,0,1,0,010,0.9988333333333334,1.0,RPM,6000.0
rule,459336,3407,primary,shifted,0,1,1,011,0.9998333333333335,1.0,Gear,6000.0
rule,459336,3407,primary,shifted,0,1,1,011,0.999,1.0,RPM,6000.0
rule,459336,3407,primary,shifted,1,0,0,100,0.03466666666666667,0.25666666666666665,Gear,6000.0
rule,459336,3407,primary,shifted,1,0,0,100,0.14183333333333334,0.35233333333333333,RPM,6000.0
rule,459336,3407,primary,shifted,1,0,1,101,0.034833333333333334,0.6699999999999999,Gear,6000.0
rule,459336,3407,primary,shifted,1,0,1,101,0.09666666666666666,0.6901666666666667,RPM,6000.0
rule,459336,3407,primary,shifted,1,1,0,110,0.0365,0.21433333333333335,Gear,6000.0
rule,459336,3407,primary,shifted,1,1,0,110,0.158,0.3173333333333333,RPM,6000.0
rule,459336,3407,primary,shifted,1,1,1,111,0.03833333333333333,0.6546666666666666,Gear,6000.0
rule,459336,3407,primary,shifted,1,1,1,111,0.102,0.699,RPM,6000.0
rule,467232,7,primary,canonical,0,0,0,000,1.0,1.0,Gear,6000.0
rule,467232,7,primary,canonical,0,0,0,000,0.9973333333333333,1.0,RPM,6000.0
rule,467232,7,primary,canonical,0,0,1,001,1.0,1.0,Gear,6000.0
rule,467232,7,primary,canonical,0,0,1,001,0.9980000000000001,1.0,RPM,6000.0
rule,467232,7,primary,canonical,0,1,0,010,1.0,1.0,Gear,6000.0
rule,467232,7,primary,canonical,0,1,0,010,0.9991666666666666,1.0,RPM,6000.0
rule,467232,7,primary,canonical,0,1,1,011,1.0,1.0,Gear,6000.0
rule,467232,7,primary,canonical,0,1,1,011,0.9996666666666667,1.0,RPM,6000.0
rule,467232,7,primary,canonical,1,0,0,100,0.0415,0.18000000000000002,Gear,6000.0
rule,467232,7,primary,canonical,1,0,0,100,0.14283333333333334,0.23433333333333337,RPM,6000.0
rule,467232,7,primary,canonical,1,0,1,101,0.035833333333333335,0.6871666666666667,Gear,6000.0
rule,467232,7,primary,canonical,1,0,1,101,0.11266666666666665,0.5783333333333333,RPM,6000.0
rule,467232,7,primary,canonical,1,1,0,110,0.04716666666666667,0.14633333333333334,Gear,6000.0
rule,467232,7,primary,canonical,1,1,0,110,0.162,0.2273333333333333,RPM,6000.0
rule,467232,7,primary,canonical,1,1,1,111,0.042,0.6881666666666666,Gear,6000.0
rule,467232,7,primary,canonical,1,1,1,111,0.11683333333333333,0.5698333333333333,RPM,6000.0
rule,467232,7,primary,shifted,0,0,0,000,1.0,1.0,Gear,6000.0
rule,467232,7,primary,shifted,0,0,0,000,0.9953333333333334,1.0,RPM,6000.0
rule,467232,7,primary,shifted,0,0,1,001,1.0,1.0,Gear,6000.0
rule,467232,7,primary,shifted,0,0,1,001,0.9973333333333333,1.0,RPM,6000.0
rule,467232,7,primary,shifted,0,1,0,010,1.0,1.0,Gear,6000.0
rule,467232,7,primary,shifted,0,1,0,010,0.9981666666666666,1.0,RPM,6000.0
rule,467232,7,primary,shifted,0,1,1,011,1.0,1.0,Gear,6000.0
rule,467232,7,primary,shifted,0,1,1,011,0.9993333333333334,1.0,RPM,6000.0
rule,467232,7,primary,shifted,1,0,0,100,0.04133333333333333,0.18116666666666667,Gear,6000.0
rule,467232,7,primary,shifted,1,0,0,100,0.15316666666666667,0.24283333333333335,RPM,6000.0
rule,467232,7,primary,shifted,1,0,1,101,0.036,0.6875,Gear,6000.0
rule,467232,7,primary,shifted,1,0,1,101,0.12833333333333333,0.5936666666666667,RPM,6000.0
rule,467232,7,primary,shifted,1,1,0,110,0.04700000000000001,0.14616666666666667,Gear,6000.0
rule,467232,7,primary,shifted,1,1,0,110,0.1731666666666667,0.23850000000000002,RPM,6000.0
rule,467232,7,primary,shifted,1,1,1,111,0.042166666666666665,0.69,Gear,6000.0
rule,467232,7,primary,shifted,1,1,1,111,0.13516666666666666,0.5851666666666667,RPM,6000.0
rule,467232,42,primary,canonical,0,0,0,000,0.9998333333333335,1.0,Gear,6000.0
rule,467232,42,primary,canonical,0,0,0,000,0.9979999999999999,1.0,RPM,6000.0
rule,467232,42,primary,canonical,0,0,1,001,0.9998333333333335,1.0,Gear,6000.0
rule,467232,42,primary,canonical,0,0,1,001,0.9981666666666666,1.0,RPM,6000.0
rule,467232,42,primary,canonical,0,1,0,010,1.0,1.0,Gear,6000.0
rule,467232,42,primary,canonical,0,1,0,010,0.9991666666666666,1.0,RPM,6000.0
rule,467232,42,primary,canonical,0,1,1,011,0.9998333333333335,1.0,Gear,6000.0
rule,467232,42,primary,canonical,0,1,1,011,0.9993333333333334,1.0,RPM,6000.0
rule,467232,42,primary,canonical,1,0,0,100,0.04566666666666667,0.20316666666666663,Gear,6000.0
rule,467232,42,primary,canonical,1,0,0,100,0.29883333333333334,0.4251666666666667,RPM,6000.0
rule,467232,42,primary,canonical,1,0,1,101,0.05933333333333333,0.7043333333333334,Gear,6000.0
rule,467232,42,primary,canonical,1,0,1,101,0.2508333333333333,0.7799999999999999,RPM,6000.0
rule,467232,42,primary,canonical,1,1,0,110,0.05533333333333334,0.16716666666666669,Gear,6000.0
rule,467232,42,primary,canonical,1,1,0,110,0.3288333333333333,0.40650000000000003,RPM,6000.0
rule,467232,42,primary,canonical,1,1,1,111,0.06966666666666667,0.7080000000000001,Gear,6000.0
rule,467232,42,primary,canonical,1,1,1,111,0.25383333333333336,0.7625000000000001,RPM,6000.0
rule,467232,42,primary,shifted,0,0,0,000,0.9998333333333335,1.0,Gear,6000.0
rule,467232,42,primary,shifted,0,0,0,000,0.9954999999999999,1.0,RPM,6000.0
rule,467232,42,primary,shifted,0,0,1,001,0.9998333333333335,1.0,Gear,6000.0
rule,467232,42,primary,shifted,0,0,1,001,0.9965,1.0,RPM,6000.0
rule,467232,42,primary,shifted,0,1,0,010,1.0,1.0,Gear,6000.0
rule,467232,42,primary,shifted,0,1,0,010,0.9984999999999999,1.0,RPM,6000.0
rule,467232,42,primary,shifted,0,1,1,011,0.9998333333333335,1.0,Gear,6000.0
rule,467232,42,primary,shifted,0,1,1,011,0.9986666666666667,1.0,RPM,6000.0
rule,467232,42,primary,shifted,1,0,0,100,0.045500000000000006,0.20466666666666666,Gear,6000.0
rule,467232,42,primary,shifted,1,0,0,100,0.29866666666666664,0.4251666666666667,RPM,6000.0
rule,467232,42,primary,shifted,1,0,1,101,0.058499999999999996,0.7063333333333333,Gear,6000.0
rule,467232,42,primary,shifted,1,0,1,101,0.2605,0.7841666666666667,RPM,6000.0
rule,467232,42,primary,shifted,1,1,0,110,0.054,0.16583333333333333,Gear,6000.0
rule,467232,42,primary,shifted,1,1,0,110,0.328,0.4048333333333334,RPM,6000.0
rule,467232,42,primary,shifted,1,1,1,111,0.06866666666666667,0.707,Gear,6000.0
rule,467232,42,primary,shifted,1,1,1,111,0.25816666666666666,0.7656666666666666,RPM,6000.0
rule,467232,123,primary,canonical,0,0,0,000,1.0,1.0,Gear,6000.0
rule,467232,123,primary,canonical,0,0,0,000,0.9980000000000001,1.0,RPM,6000.0
rule,467232,123,primary,canonical,0,0,1,001,0.9996666666666667,1.0,Gear,6000.0
rule,467232,123,primary,canonical,0,0,1,001,0.9984999999999999,1.0,RPM,6000.0
rule,467232,123,primary,canonical,0,1,0,010,0.9998333333333335,1.0,Gear,6000.0
rule,467232,123,primary,canonical,0,1,0,010,0.999,1.0,RPM,6000.0
rule,467232,123,primary,canonical,0,1,1,011,1.0,1.0,Gear,6000.0
rule,467232,123,primary,canonical,0,1,1,011,0.9994999999999999,1.0,RPM,6000.0
rule,467232,123,primary,canonical,1,0,0,100,0.028833333333333332,0.18500000000000003,Gear,6000.0
rule,467232,123,primary,canonical,1,0,0,100,0.07683333333333334,0.2728333333333333,RPM,6000.0
rule,467232,123,primary,canonical,1,0,1,101,0.02766666666666667,0.6256666666666667,Gear,6000.0
rule,467232,123,primary,canonical,1,0,1,101,0.05366666666666667,0.674,RPM,6000.0
rule,467232,123,primary,canonical,1,1,0,110,0.02766666666666667,0.13966666666666666,Gear,6000.0
rule,467232,123,primary,canonical,1,1,0,110,0.10283333333333333,0.26566666666666666,RPM,6000.0
rule,467232,123,primary,canonical,1,1,1,111,0.026833333333333334,0.615,Gear,6000.0
rule,467232,123,primary,canonical,1,1,1,111,0.0595,0.6953333333333335,RPM,6000.0
rule,467232,123,primary,shifted,0,0,0,000,1.0,1.0,Gear,6000.0
rule,467232,123,primary,shifted,0,0,0,000,0.9958333333333332,1.0,RPM,6000.0
rule,467232,123,primary,shifted,0,0,1,001,0.9996666666666667,1.0,Gear,6000.0
rule,467232,123,primary,shifted,0,0,1,001,0.9973333333333333,1.0,RPM,6000.0
rule,467232,123,primary,shifted,0,1,0,010,0.9998333333333335,1.0,Gear,6000.0
rule,467232,123,primary,shifted,0,1,0,010,0.9985,1.0,RPM,6000.0
rule,467232,123,primary,shifted,0,1,1,011,1.0,1.0,Gear,6000.0
rule,467232,123,primary,shifted,0,1,1,011,0.999,1.0,RPM,6000.0
rule,467232,123,primary,shifted,1,0,0,100,0.028833333333333332,0.18583333333333332,Gear,6000.0
rule,467232,123,primary,shifted,1,0,0,100,0.07583333333333334,0.26899999999999996,RPM,6000.0
rule,467232,123,primary,shifted,1,0,1,101,0.02766666666666667,0.6276666666666667,Gear,6000.0
rule,467232,123,primary,shifted,1,0,1,101,0.05533333333333334,0.6751666666666667,RPM,6000.0
rule,467232,123,primary,shifted,1,1,0,110,0.027833333333333335,0.14133333333333334,Gear,6000.0
rule,467232,123,primary,shifted,1,1,0,110,0.09699999999999999,0.2585,RPM,6000.0
rule,467232,123,primary,shifted,1,1,1,111,0.026833333333333334,0.616,Gear,6000.0
rule,467232,123,primary,shifted,1,1,1,111,0.06016666666666667,0.6933333333333334,RPM,6000.0
rule,467232,2026,primary,canonical,0,0,0,000,1.0,1.0,Gear,6000.0
rule,467232,2026,primary,canonical,0,0,0,000,0.9978333333333333,1.0,RPM,6000.0
rule,467232,2026,primary,canonical,0,0,1,001,1.0,1.0,Gear,6000.0
rule,467232,2026,primary,canonical,0,0,1,001,0.9983333333333334,1.0,RPM,6000.0
rule,467232,2026,primary,canonical,0,1,0,010,1.0,1.0,Gear,6000.0
rule,467232,2026,primary,canonical,0,1,0,010,0.999,1.0,RPM,6000.0
rule,467232,2026,primary,canonical,0,1,1,011,1.0,1.0,Gear,6000.0
rule,467232,2026,primary,canonical,0,1,1,011,0.9994999999999999,1.0,RPM,6000.0
rule,467232,2026,primary,canonical,1,0,0,100,0.030166666666666665,0.19483333333333333,Gear,6000.0
rule,467232,2026,primary,canonical,1,0,0,100,0.1845,0.3378333333333334,RPM,6000.0
rule,467232,2026,primary,canonical,1,0,1,101,0.03366666666666667,0.5808333333333333,Gear,6000.0
rule,467232,2026,primary,canonical,1,0,1,101,0.052333333333333336,0.6798333333333334,RPM,6000.0
rule,467232,2026,primary,canonical,1,1,0,110,0.0315,0.14966666666666664,Gear,6000.0
rule,467232,2026,primary,canonical,1,1,0,110,0.20966666666666667,0.3153333333333333,RPM,6000.0
rule,467232,2026,primary,canonical,1,1,1,111,0.03416666666666667,0.573,Gear,6000.0
rule,467232,2026,primary,canonical,1,1,1,111,0.05316666666666667,0.6941666666666667,RPM,6000.0
rule,467232,2026,primary,shifted,0,0,0,000,1.0,1.0,Gear,6000.0
rule,467232,2026,primary,shifted,0,0,0,000,0.9955000000000002,1.0,RPM,6000.0
rule,467232,2026,primary,shifted,0,0,1,001,1.0,1.0,Gear,6000.0
rule,467232,2026,primary,shifted,0,0,1,001,0.9975,1.0,RPM,6000.0
rule,467232,2026,primary,shifted,0,1,0,010,1.0,1.0,Gear,6000.0
rule,467232,2026,primary,shifted,0,1,0,010,0.9981666666666668,1.0,RPM,6000.0
rule,467232,2026,primary,shifted,0,1,1,011,1.0,1.0,Gear,6000.0
rule,467232,2026,primary,shifted,0,1,1,011,0.9988333333333334,1.0,RPM,6000.0
rule,467232,2026,primary,shifted,1,0,0,100,0.03,0.19566666666666666,Gear,6000.0
rule,467232,2026,primary,shifted,1,0,0,100,0.18766666666666665,0.3423333333333333,RPM,6000.0
rule,467232,2026,primary,shifted,1,0,1,101,0.03316666666666667,0.5804999999999999,Gear,6000.0
rule,467232,2026,primary,shifted,1,0,1,101,0.05316666666666667,0.6934999999999999,RPM,6000.0
rule,467232,2026,primary,shifted,1,1,0,110,0.0315,0.14966666666666664,Gear,6000.0
rule,467232,2026,primary,shifted,1,1,0,110,0.21066666666666667,0.317,RPM,6000.0
rule,467232,2026,primary,shifted,1,1,1,111,0.03383333333333333,0.5743333333333333,Gear,6000.0
rule,467232,2026,primary,shifted,1,1,1,111,0.055,0.7101666666666667,RPM,6000.0
rule,467232,3407,primary,canonical,0,0,0,000,1.0,1.0,Gear,6000.0
rule,467232,3407,primary,canonical,0,0,0,000,0.9980000000000001,1.0,RPM,6000.0
rule,467232,3407,primary,canonical,0,0,1,001,1.0,1.0,Gear,6000.0
rule,467232,3407,primary,canonical,0,0,1,001,0.9988333333333334,1.0,RPM,6000.0
rule,467232,3407,primary,canonical,0,1,0,010,0.9998333333333335,1.0,Gear,6000.0
rule,467232,3407,primary,canonical,0,1,0,010,0.9993333333333334,1.0,RPM,6000.0
rule,467232,3407,primary,canonical,0,1,1,011,0.9998333333333335,1.0,Gear,6000.0
rule,467232,3407,primary,canonical,0,1,1,011,0.9996666666666667,1.0,RPM,6000.0
rule,467232,3407,primary,canonical,1,0,0,100,0.029666666666666664,0.33666666666666667,Gear,6000.0
rule,467232,3407,primary,canonical,1,0,0,100,0.06166666666666667,0.23550000000000001,RPM,6000.0
rule,467232,3407,primary,canonical,1,0,1,101,0.029833333333333333,0.7978333333333333,Gear,6000.0
rule,467232,3407,primary,canonical,1,0,1,101,0.04683333333333333,0.7215000000000001,RPM,6000.0
rule,467232,3407,primary,canonical,1,1,0,110,0.03,0.297,Gear,6000.0
rule,467232,3407,primary,canonical,1,1,0,110,0.06683333333333334,0.19083333333333333,RPM,6000.0
rule,467232,3407,primary,canonical,1,1,1,111,0.030166666666666665,0.8021666666666666,Gear,6000.0
rule,467232,3407,primary,canonical,1,1,1,111,0.053,0.7363333333333334,RPM,6000.0
rule,467232,3407,primary,shifted,0,0,0,000,1.0,1.0,Gear,6000.0
rule,467232,3407,primary,shifted,0,0,0,000,0.9958333333333332,1.0,RPM,6000.0
rule,467232,3407,primary,shifted,0,0,1,001,1.0,1.0,Gear,6000.0
rule,467232,3407,primary,shifted,0,0,1,001,0.9980000000000001,1.0,RPM,6000.0
rule,467232,3407,primary,shifted,0,1,0,010,0.9998333333333335,1.0,Gear,6000.0
rule,467232,3407,primary,shifted,0,1,0,010,0.9983333333333334,1.0,RPM,6000.0
rule,467232,3407,primary,shifted,0,1,1,011,0.9998333333333335,1.0,Gear,6000.0
rule,467232,3407,primary,shifted,0,1,1,011,0.9993333333333334,1.0,RPM,6000.0
rule,467232,3407,primary,shifted,1,0,0,100,0.0295,0.3363333333333333,Gear,6000.0
rule,467232,3407,primary,shifted,1,0,0,100,0.063,0.23683333333333334,RPM,6000.0
rule,467232,3407,primary,shifted,1,0,1,101,0.029833333333333333,0.7975,Gear,6000.0
rule,467232,3407,primary,shifted,1,0,1,101,0.04716666666666667,0.7145,RPM,6000.0
rule,467232,3407,primary,shifted,1,1,0,110,0.030666666666666665,0.2973333333333333,Gear,6000.0
rule,467232,3407,primary,shifted,1,1,0,110,0.067,0.18800000000000003,RPM,6000.0
rule,467232,3407,primary,shifted,1,1,1,111,0.029833333333333333,0.8026666666666666,Gear,6000.0
rule,467232,3407,primary,shifted,1,1,1,111,0.051166666666666666,0.7323333333333334,RPM,6000.0
rule,485791,7,primary,canonical,0,0,0,000,1.0,1.0,Gear,6000.0
rule,485791,7,primary,canonical,0,0,0,000,0.9976666666666666,1.0,RPM,6000.0
rule,485791,7,primary,canonical,0,0,1,001,1.0,1.0,Gear,6000.0
rule,485791,7,primary,canonical,0,0,1,001,0.9985,1.0,RPM,6000.0
rule,485791,7,primary,canonical,0,1,0,010,1.0,1.0,Gear,6000.0
rule,485791,7,primary,canonical,0,1,0,010,0.999,1.0,RPM,6000.0
rule,485791,7,primary,canonical,0,1,1,011,1.0,1.0,Gear,6000.0
rule,485791,7,primary,canonical,0,1,1,011,0.9994999999999999,1.0,RPM,6000.0
rule,485791,7,primary,canonical,1,0,0,100,0.06266666666666666,0.29233333333333333,Gear,6000.0
rule,485791,7,primary,canonical,1,0,0,100,0.12283333333333334,0.36166666666666664,RPM,6000.0
rule,485791,7,primary,canonical,1,0,1,101,0.042833333333333334,0.7583333333333333,Gear,6000.0
rule,485791,7,primary,canonical,1,0,1,101,0.11366666666666665,0.7578333333333332,RPM,6000.0
rule,485791,7,primary,canonical,1,1,0,110,0.0745,0.26066666666666666,Gear,6000.0
rule,485791,7,primary,canonical,1,1,0,110,0.14866666666666664,0.32516666666666666,RPM,6000.0
rule,485791,7,primary,canonical,1,1,1,111,0.052333333333333336,0.7836666666666666,Gear,6000.0
rule,485791,7,primary,canonical,1,1,1,111,0.13216666666666665,0.7613333333333333,RPM,6000.0
rule,485791,7,primary,shifted,0,0,0,000,1.0,1.0,Gear,6000.0
rule,485791,7,primary,shifted,0,0,0,000,0.996,1.0,RPM,6000.0
rule,485791,7,primary,shifted,0,0,1,001,1.0,1.0,Gear,6000.0
rule,485791,7,primary,shifted,0,0,1,001,0.9975,1.0,RPM,6000.0
rule,485791,7,primary,shifted,0,1,0,010,1.0,1.0,Gear,6000.0
rule,485791,7,primary,shifted,0,1,0,010,0.9980000000000001,1.0,RPM,6000.0
rule,485791,7,primary,shifted,0,1,1,011,1.0,1.0,Gear,6000.0
rule,485791,7,primary,shifted,0,1,1,011,0.999,1.0,RPM,6000.0
rule,485791,7,primary,shifted,1,0,0,100,0.06166666666666667,0.2925,Gear,6000.0
rule,485791,7,primary,shifted,1,0,0,100,0.13016666666666668,0.36866666666666664,RPM,6000.0
rule,485791,7,primary,shifted,1,0,1,101,0.043000000000000003,0.759,Gear,6000.0
rule,485791,7,primary,shifted,1,0,1,101,0.1215,0.7719999999999999,RPM,6000.0
rule,485791,7,primary,shifted,1,1,0,110,0.0745,0.2625,Gear,6000.0
rule,485791,7,primary,shifted,1,1,0,110,0.16116666666666668,0.33516666666666667,RPM,6000.0
rule,485791,7,primary,shifted,1,1,1,111,0.051666666666666666,0.7841666666666667,Gear,6000.0
rule,485791,7,primary,shifted,1,1,1,111,0.14466666666666667,0.7733333333333333,RPM,6000.0
rule,485791,42,primary,canonical,0,0,0,000,1.0,1.0,Gear,6000.0
rule,485791,42,primary,canonical,0,0,0,000,0.9980000000000001,1.0,RPM,6000.0
rule,485791,42,primary,canonical,0,0,1,001,1.0,1.0,Gear,6000.0
rule,485791,42,primary,canonical,0,0,1,001,0.9988333333333334,1.0,RPM,6000.0
rule,485791,42,primary,canonical,0,1,0,010,1.0,1.0,Gear,6000.0
rule,485791,42,primary,canonical,0,1,0,010,0.9991666666666666,1.0,RPM,6000.0
rule,485791,42,primary,canonical,0,1,1,011,1.0,1.0,Gear,6000.0
rule,485791,42,primary,canonical,0,1,1,011,0.9996666666666667,1.0,RPM,6000.0
rule,485791,42,primary,canonical,1,0,0,100,0.030833333333333334,0.2535,Gear,6000.0
rule,485791,42,primary,canonical,1,0,0,100,0.09533333333333334,0.21116666666666664,RPM,6000.0
rule,485791,42,primary,canonical,1,0,1,101,0.0395,0.6913333333333332,Gear,6000.0
rule,485791,42,primary,canonical,1,0,1,101,0.08983333333333333,0.5505,RPM,6000.0
rule,485791,42,primary,canonical,1,1,0,110,0.033,0.2205,Gear,6000.0
rule,485791,42,primary,canonical,1,1,0,110,0.12583333333333332,0.207,RPM,6000.0
rule,485791,42,primary,canonical,1,1,1,111,0.049833333333333334,0.6905,Gear,6000.0
rule,485791,42,primary,canonical,1,1,1,111,0.10416666666666667,0.5375,RPM,6000.0
rule,485791,42,primary,shifted,0,0,0,000,1.0,1.0,Gear,6000.0
rule,485791,42,primary,shifted,0,0,0,000,0.9954999999999999,1.0,RPM,6000.0
rule,485791,42,primary,shifted,0,0,1,001,1.0,1.0,Gear,6000.0
rule,485791,42,primary,shifted,0,0,1,001,0.9976666666666668,1.0,RPM,6000.0
rule,485791,42,primary,shifted,0,1,0,010,1.0,1.0,Gear,6000.0
rule,485791,42,primary,shifted,0,1,0,010,0.9981666666666666,1.0,RPM,6000.0
rule,485791,42,primary,shifted,0,1,1,011,1.0,1.0,Gear,6000.0
rule,485791,42,primary,shifted,0,1,1,011,0.999,1.0,RPM,6000.0
rule,485791,42,primary,shifted,1,0,0,100,0.031,0.25433333333333336,Gear,6000.0
rule,485791,42,primary,shifted,1,0,0,100,0.09566666666666668,0.211,RPM,6000.0
rule,485791,42,primary,shifted,1,0,1,101,0.04,0.6926666666666667,Gear,6000.0
rule,485791,42,primary,shifted,1,0,1,101,0.09349999999999999,0.5576666666666666,RPM,6000.0
rule,485791,42,primary,shifted,1,1,0,110,0.03316666666666667,0.223,Gear,6000.0
rule,485791,42,primary,shifted,1,1,0,110,0.123,0.2021666666666667,RPM,6000.0
rule,485791,42,primary,shifted,1,1,1,111,0.049833333333333334,0.6911666666666667,Gear,6000.0
rule,485791,42,primary,shifted,1,1,1,111,0.10866666666666668,0.5416666666666666,RPM,6000.0
rule,485791,123,primary,canonical,0,0,0,000,1.0,1.0,Gear,6000.0
rule,485791,123,primary,canonical,0,0,0,000,0.9975,1.0,RPM,6000.0
rule,485791,123,primary,canonical,0,0,1,001,1.0,1.0,Gear,6000.0
rule,485791,123,primary,canonical,0,0,1,001,0.9983333333333334,1.0,RPM,6000.0
rule,485791,123,primary,canonical,0,1,0,010,1.0,1.0,Gear,6000.0
rule,485791,123,primary,canonical,0,1,0,010,0.9993333333333334,1.0,RPM,6000.0
rule,485791,123,primary,canonical,0,1,1,011,1.0,1.0,Gear,6000.0
rule,485791,123,primary,canonical,0,1,1,011,0.9996666666666667,1.0,RPM,6000.0
rule,485791,123,primary,canonical,1,0,0,100,0.03283333333333333,0.249,Gear,6000.0
rule,485791,123,primary,canonical,1,0,0,100,0.09949999999999999,0.38800000000000007,RPM,6000.0
rule,485791,123,primary,canonical,1,0,1,101,0.03333333333333333,0.5395,Gear,6000.0
rule,485791,123,primary,canonical,1,0,1,101,0.05266666666666667,0.758,RPM,6000.0
rule,485791,123,primary,canonical,1,1,0,110,0.034833333333333334,0.2038333333333333,Gear,6000.0
rule,485791,123,primary,canonical,1,1,0,110,0.14049999999999999,0.3895,RPM,6000.0
rule,485791,123,primary,canonical,1,1,1,111,0.034833333333333334,0.5205000000000001,Gear,6000.0
rule,485791,123,primary,canonical,1,1,1,111,0.06766666666666667,0.793,RPM,6000.0
rule,485791,123,primary,shifted,0,0,0,000,1.0,1.0,Gear,6000.0
rule,485791,123,primary,shifted,0,0,0,000,0.9958333333333332,1.0,RPM,6000.0
rule,485791,123,primary,shifted,0,0,1,001,1.0,1.0,Gear,6000.0
rule,485791,123,primary,shifted,0,0,1,001,0.9973333333333333,1.0,RPM,6000.0
rule,485791,123,primary,shifted,0,1,0,010,1.0,1.0,Gear,6000.0
rule,485791,123,primary,shifted,0,1,0,010,0.9983333333333334,1.0,RPM,6000.0
rule,485791,123,primary,shifted,0,1,1,011,1.0,1.0,Gear,6000.0
rule,485791,123,primary,shifted,0,1,1,011,0.9991666666666666,1.0,RPM,6000.0
rule,485791,123,primary,shifted,1,0,0,100,0.03266666666666667,0.24983333333333335,Gear,6000.0
rule,485791,123,primary,shifted,1,0,0,100,0.10616666666666667,0.3881666666666667,RPM,6000.0
rule,485791,123,primary,shifted,1,0,1,101,0.03316666666666667,0.5416666666666666,Gear,6000.0
rule,485791,123,primary,shifted,1,0,1,101,0.05383333333333334,0.7566666666666667,RPM,6000.0
rule,485791,123,primary,shifted,1,1,0,110,0.034833333333333334,0.2045,Gear,6000.0
rule,485791,123,primary,shifted,1,1,0,110,0.1465,0.38966666666666666,RPM,6000.0
rule,485791,123,primary,shifted,1,1,1,111,0.035333333333333335,0.5221666666666667,Gear,6000.0
rule,485791,123,primary,shifted,1,1,1,111,0.07183333333333335,0.7931666666666667,RPM,6000.0
rule,485791,2026,primary,canonical,0,0,0,000,1.0,1.0,Gear,6000.0
rule,485791,2026,primary,canonical,0,0,0,000,0.9981666666666668,1.0,RPM,6000.0
rule,485791,2026,primary,canonical,0,0,1,001,1.0,1.0,Gear,6000.0
rule,485791,2026,primary,canonical,0,0,1,001,0.9983333333333334,1.0,RPM,6000.0
rule,485791,2026,primary,canonical,0,1,0,010,1.0,1.0,Gear,6000.0
rule,485791,2026,primary,canonical,0,1,0,010,0.9988333333333334,1.0,RPM,6000.0
rule,485791,2026,primary,canonical,0,1,1,011,1.0,1.0,Gear,6000.0
rule,485791,2026,primary,canonical,0,1,1,011,0.9996666666666667,1.0,RPM,6000.0
rule,485791,2026,primary,canonical,1,0,0,100,0.06949999999999999,0.31466666666666665,Gear,6000.0
rule,485791,2026,primary,canonical,1,0,0,100,0.19616666666666668,0.32283333333333336,RPM,6000.0
rule,485791,2026,primary,canonical,1,0,1,101,0.06216666666666667,0.8103333333333333,Gear,6000.0
rule,485791,2026,primary,canonical,1,0,1,101,0.19216666666666668,0.8635,RPM,6000.0
rule,485791,2026,primary,canonical,1,1,0,110,0.09283333333333332,0.2945,Gear,6000.0
rule,485791,2026,primary,canonical,1,1,0,110,0.24050000000000002,0.32083333333333336,RPM,6000.0
rule,485791,2026,primary,canonical,1,1,1,111,0.082,0.8081666666666667,Gear,6000.0
rule,485791,2026,primary,canonical,1,1,1,111,0.18466666666666667,0.85,RPM,6000.0
rule,485791,2026,primary,shifted,0,0,0,000,1.0,1.0,Gear,6000.0
rule,485791,2026,primary,shifted,0,0,0,000,0.9951666666666666,1.0,RPM,6000.0
rule,485791,2026,primary,shifted,0,0,1,001,1.0,1.0,Gear,6000.0
rule,485791,2026,primary,shifted,0,0,1,001,0.9971666666666668,1.0,RPM,6000.0
rule,485791,2026,primary,shifted,0,1,0,010,1.0,1.0,Gear,6000.0
rule,485791,2026,primary,shifted,0,1,0,010,0.9979999999999999,1.0,RPM,6000.0
rule,485791,2026,primary,shifted,0,1,1,011,1.0,1.0,Gear,6000.0
rule,485791,2026,primary,shifted,0,1,1,011,0.9991666666666666,1.0,RPM,6000.0
rule,485791,2026,primary,shifted,1,0,0,100,0.06949999999999999,0.3165,Gear,6000.0
rule,485791,2026,primary,shifted,1,0,0,100,0.20883333333333334,0.33316666666666667,RPM,6000.0
rule,485791,2026,primary,shifted,1,0,1,101,0.06183333333333333,0.8131666666666667,Gear,6000.0
rule,485791,2026,primary,shifted,1,0,1,101,0.20950000000000002,0.8701666666666666,RPM,6000.0
rule,485791,2026,primary,shifted,1,1,0,110,0.09316666666666666,0.2955,Gear,6000.0
rule,485791,2026,primary,shifted,1,1,0,110,0.25466666666666665,0.3333333333333333,RPM,6000.0
rule,485791,2026,primary,shifted,1,1,1,111,0.07983333333333333,0.8095,Gear,6000.0
rule,485791,2026,primary,shifted,1,1,1,111,0.19666666666666668,0.8511666666666667,RPM,6000.0
rule,485791,3407,primary,canonical,0,0,0,000,0.9998333333333335,1.0,Gear,6000.0
rule,485791,3407,primary,canonical,0,0,0,000,0.9976666666666668,1.0,RPM,6000.0
rule,485791,3407,primary,canonical,0,0,1,001,1.0,1.0,Gear,6000.0
rule,485791,3407,primary,canonical,0,0,1,001,0.9984999999999999,1.0,RPM,6000.0
rule,485791,3407,primary,canonical,0,1,0,010,0.9998333333333335,1.0,Gear,6000.0
rule,485791,3407,primary,canonical,0,1,0,010,0.9993333333333334,1.0,RPM,6000.0
rule,485791,3407,primary,canonical,0,1,1,011,0.9996666666666667,1.0,Gear,6000.0
rule,485791,3407,primary,canonical,0,1,1,011,0.9996666666666667,1.0,RPM,6000.0
rule,485791,3407,primary,canonical,1,0,0,100,0.031,0.1425,Gear,6000.0
rule,485791,3407,primary,canonical,1,0,0,100,0.036833333333333336,0.1895,RPM,6000.0
rule,485791,3407,primary,canonical,1,0,1,101,0.03133333333333333,0.6458333333333334,Gear,6000.0
rule,485791,3407,primary,canonical,1,0,1,101,0.030666666666666665,0.6806666666666666,RPM,6000.0
rule,485791,3407,primary,canonical,1,1,0,110,0.032,0.10216666666666667,Gear,6000.0
rule,485791,3407,primary,canonical,1,1,0,110,0.042833333333333334,0.14483333333333334,RPM,6000.0
rule,485791,3407,primary,canonical,1,1,1,111,0.03266666666666667,0.645,Gear,6000.0
rule,485791,3407,primary,canonical,1,1,1,111,0.031,0.6898333333333334,RPM,6000.0
rule,485791,3407,primary,shifted,0,0,0,000,0.9998333333333335,1.0,Gear,6000.0
rule,485791,3407,primary,shifted,0,0,0,000,0.9958333333333332,1.0,RPM,6000.0
rule,485791,3407,primary,shifted,0,0,1,001,1.0,1.0,Gear,6000.0
rule,485791,3407,primary,shifted,0,0,1,001,0.9976666666666668,1.0,RPM,6000.0
rule,485791,3407,primary,shifted,0,1,0,010,0.9998333333333335,1.0,Gear,6000.0
rule,485791,3407,primary,shifted,0,1,0,010,0.9988333333333334,1.0,RPM,6000.0
rule,485791,3407,primary,shifted,0,1,1,011,0.9996666666666667,1.0,Gear,6000.0
rule,485791,3407,primary,shifted,0,1,1,011,0.999,1.0,RPM,6000.0
rule,485791,3407,primary,shifted,1,0,0,100,0.031166666666666665,0.14333333333333334,Gear,6000.0
rule,485791,3407,primary,shifted,1,0,0,100,0.039,0.18733333333333332,RPM,6000.0
rule,485791,3407,primary,shifted,1,0,1,101,0.0315,0.647,Gear,6000.0
rule,485791,3407,primary,shifted,1,0,1,101,0.0315,0.6785,RPM,6000.0
rule,485791,3407,primary,shifted,1,1,0,110,0.032,0.10216666666666667,Gear,6000.0
rule,485791,3407,primary,shifted,1,1,0,110,0.04733333333333334,0.1426666666666667,RPM,6000.0
rule,485791,3407,primary,shifted,1,1,1,111,0.0325,0.6469999999999999,Gear,6000.0
rule,485791,3407,primary,shifted,1,1,1,111,0.033,0.6875,RPM,6000.0
rule,550427,7,primary,canonical,0,0,0,000,1.0,1.0,Gear,6000.0
rule,550427,7,primary,canonical,0,0,0,000,0.9980000000000001,1.0,RPM,6000.0
rule,550427,7,primary,canonical,0,0,1,001,1.0,1.0,Gear,6000.0
rule,550427,7,primary,canonical,0,0,1,001,0.9988333333333334,1.0,RPM,6000.0
rule,550427,7,primary,canonical,0,1,0,010,1.0,1.0,Gear,6000.0
rule,550427,7,primary,canonical,0,1,0,010,0.9993333333333334,1.0,RPM,6000.0
rule,550427,7,primary,canonical,0,1,1,011,1.0,1.0,Gear,6000.0
rule,550427,7,primary,canonical,0,1,1,011,0.9998333333333335,1.0,RPM,6000.0
rule,550427,7,primary,canonical,1,0,0,100,0.03933333333333333,0.1436666666666667,Gear,6000.0
rule,550427,7,primary,canonical,1,0,0,100,0.1645,0.329,RPM,6000.0
rule,550427,7,primary,canonical,1,0,1,101,0.03183333333333333,0.5613333333333334,Gear,6000.0
rule,550427,7,primary,canonical,1,0,1,101,0.06683333333333333,0.45966666666666667,RPM,6000.0
rule,550427,7,primary,canonical,1,1,0,110,0.042833333333333334,0.11116666666666668,Gear,6000.0
rule,550427,7,primary,canonical,1,1,0,110,0.2015,0.318,RPM,6000.0
rule,550427,7,primary,canonical,1,1,1,111,0.03266666666666667,0.5426666666666667,Gear,6000.0
rule,550427,7,primary,canonical,1,1,1,111,0.07616666666666667,0.43216666666666664,RPM,6000.0
rule,550427,7,primary,shifted,0,0,0,000,1.0,1.0,Gear,6000.0
rule,550427,7,primary,shifted,0,0,0,000,0.9961666666666668,1.0,RPM,6000.0
rule,550427,7,primary,shifted,0,0,1,001,1.0,1.0,Gear,6000.0
rule,550427,7,primary,shifted,0,0,1,001,0.9976666666666668,1.0,RPM,6000.0
rule,550427,7,primary,shifted,0,1,0,010,1.0,1.0,Gear,6000.0
rule,550427,7,primary,shifted,0,1,0,010,0.9988333333333334,1.0,RPM,6000.0
rule,550427,7,primary,shifted,0,1,1,011,1.0,1.0,Gear,6000.0
rule,550427,7,primary,shifted,0,1,1,011,0.9991666666666666,1.0,RPM,6000.0
rule,550427,7,primary,shifted,1,0,0,100,0.03883333333333333,0.14383333333333334,Gear,6000.0
rule,550427,7,primary,shifted,1,0,0,100,0.15733333333333333,0.3165,RPM,6000.0
rule,550427,7,primary,shifted,1,0,1,101,0.03183333333333333,0.5635,Gear,6000.0
rule,550427,7,primary,shifted,1,0,1,101,0.06416666666666666,0.4571666666666667,RPM,6000.0
rule,550427,7,primary,shifted,1,1,0,110,0.042833333333333334,0.11199999999999999,Gear,6000.0
rule,550427,7,primary,shifted,1,1,0,110,0.19333333333333336,0.306,RPM,6000.0
rule,550427,7,primary,shifted,1,1,1,111,0.03266666666666667,0.5445,Gear,6000.0
rule,550427,7,primary,shifted,1,1,1,111,0.06816666666666667,0.4243333333333333,RPM,6000.0
rule,550427,42,primary,canonical,0,0,0,000,1.0,1.0,Gear,6000.0
rule,550427,42,primary,canonical,0,0,0,000,0.9976666666666666,1.0,RPM,6000.0
rule,550427,42,primary,canonical,0,0,1,001,1.0,1.0,Gear,6000.0
rule,550427,42,primary,canonical,0,0,1,001,0.9984999999999999,1.0,RPM,6000.0
rule,550427,42,primary,canonical,0,1,0,010,1.0,1.0,Gear,6000.0
rule,550427,42,primary,canonical,0,1,0,010,0.9994999999999999,1.0,RPM,6000.0
rule,550427,42,primary,canonical,0,1,1,011,1.0,1.0,Gear,6000.0
rule,550427,42,primary,canonical,0,1,1,011,0.9996666666666667,1.0,RPM,6000.0
rule,550427,42,primary,canonical,1,0,0,100,0.028666666666666663,0.24216666666666667,Gear,6000.0
rule,550427,42,primary,canonical,1,0,0,100,0.12433333333333334,0.29916666666666664,RPM,6000.0
rule,550427,42,primary,canonical,1,0,1,101,0.02766666666666667,0.622,Gear,6000.0
rule,550427,42,primary,canonical,1,0,1,101,0.2363333333333333,0.6751666666666667,RPM,6000.0
rule,550427,42,primary,canonical,1,1,0,110,0.029333333333333333,0.19099999999999998,Gear,6000.0
rule,550427,42,primary,canonical,1,1,0,110,0.14966666666666664,0.2738333333333333,RPM,6000.0
rule,550427,42,primary,canonical,1,1,1,111,0.029166666666666664,0.6266666666666666,Gear,6000.0
rule,550427,42,primary,canonical,1,1,1,111,0.22383333333333333,0.6453333333333333,RPM,6000.0
rule,550427,42,primary,shifted,0,0,0,000,1.0,1.0,Gear,6000.0
rule,550427,42,primary,shifted,0,0,0,000,0.9961666666666668,1.0,RPM,6000.0
rule,550427,42,primary,shifted,0,0,1,001,1.0,1.0,Gear,6000.0
rule,550427,42,primary,shifted,0,0,1,001,0.9973333333333333,1.0,RPM,6000.0
rule,550427,42,primary,shifted,0,1,0,010,1.0,1.0,Gear,6000.0
rule,550427,42,primary,shifted,0,1,0,010,0.9986666666666667,1.0,RPM,6000.0
rule,550427,42,primary,shifted,0,1,1,011,1.0,1.0,Gear,6000.0
rule,550427,42,primary,shifted,0,1,1,011,0.9991666666666666,1.0,RPM,6000.0
rule,550427,42,primary,shifted,1,0,0,100,0.028499999999999998,0.24183333333333334,Gear,6000.0
rule,550427,42,primary,shifted,1,0,0,100,0.1255,0.2996666666666667,RPM,6000.0
rule,550427,42,primary,shifted,1,0,1,101,0.02766666666666667,0.6223333333333333,Gear,6000.0
rule,550427,42,primary,shifted,1,0,1,101,0.23183333333333334,0.6776666666666668,RPM,6000.0
rule,550427,42,primary,shifted,1,1,0,110,0.028833333333333332,0.19216666666666668,Gear,6000.0
rule,550427,42,primary,shifted,1,1,0,110,0.14766666666666664,0.26583333333333337,RPM,6000.0
rule,550427,42,primary,shifted,1,1,1,111,0.029166666666666664,0.6285,Gear,6000.0
rule,550427,42,primary,shifted,1,1,1,111,0.2205,0.65,RPM,6000.0
rule,550427,123,primary,canonical,0,0,0,000,0.9998333333333335,1.0,Gear,6000.0
rule,550427,123,primary,canonical,0,0,0,000,0.9975,1.0,RPM,6000.0
rule,550427,123,primary,canonical,0,0,1,001,1.0,1.0,Gear,6000.0
rule,550427,123,primary,canonical,0,0,1,001,0.9983333333333334,1.0,RPM,6000.0
rule,550427,123,primary,canonical,0,1,0,010,1.0,1.0,Gear,6000.0
rule,550427,123,primary,canonical,0,1,0,010,0.9991666666666666,1.0,RPM,6000.0
rule,550427,123,primary,canonical,0,1,1,011,1.0,1.0,Gear,6000.0
rule,550427,123,primary,canonical,0,1,1,011,0.9996666666666667,1.0,RPM,6000.0
rule,550427,123,primary,canonical,1,0,0,100,0.030333333333333334,0.23883333333333334,Gear,6000.0
rule,550427,123,primary,canonical,1,0,0,100,0.08216666666666667,0.318,RPM,6000.0
rule,550427,123,primary,canonical,1,0,1,101,0.031,0.8271666666666667,Gear,6000.0
rule,550427,123,primary,canonical,1,0,1,101,0.043166666666666666,0.8300000000000001,RPM,6000.0
rule,550427,123,primary,canonical,1,1,0,110,0.03266666666666667,0.1915,Gear,6000.0
rule,550427,123,primary,canonical,1,1,0,110,0.09899999999999999,0.2725,RPM,6000.0
rule,550427,123,primary,canonical,1,1,1,111,0.030666666666666665,0.8535,Gear,6000.0
rule,550427,123,primary,canonical,1,1,1,111,0.042,0.8405,RPM,6000.0
rule,550427,123,primary,shifted,0,0,0,000,0.9998333333333335,1.0,Gear,6000.0
rule,550427,123,primary,shifted,0,0,0,000,0.9958333333333332,1.0,RPM,6000.0
rule,550427,123,primary,shifted,0,0,1,001,1.0,1.0,Gear,6000.0
rule,550427,123,primary,shifted,0,0,1,001,0.9976666666666668,1.0,RPM,6000.0
rule,550427,123,primary,shifted,0,1,0,010,1.0,1.0,Gear,6000.0
rule,550427,123,primary,shifted,0,1,0,010,0.9980000000000001,1.0,RPM,6000.0
rule,550427,123,primary,shifted,0,1,1,011,1.0,1.0,Gear,6000.0
rule,550427,123,primary,shifted,0,1,1,011,0.9991666666666666,1.0,RPM,6000.0
rule,550427,123,primary,shifted,1,0,0,100,0.0305,0.23933333333333331,Gear,6000.0
rule,550427,123,primary,shifted,1,0,0,100,0.08683333333333333,0.3185,RPM,6000.0
rule,550427,123,primary,shifted,1,0,1,101,0.030833333333333334,0.8291666666666666,Gear,6000.0
rule,550427,123,primary,shifted,1,0,1,101,0.04566666666666667,0.8325,RPM,6000.0
rule,550427,123,primary,shifted,1,1,0,110,0.0325,0.19316666666666668,Gear,6000.0
rule,550427,123,primary,shifted,1,1,0,110,0.1085,0.28099999999999997,RPM,6000.0
rule,550427,123,primary,shifted,1,1,1,111,0.030333333333333334,0.855,Gear,6000.0
rule,550427,123,primary,shifted,1,1,1,111,0.04466666666666667,0.8366666666666666,RPM,6000.0
rule,550427,2026,primary,canonical,0,0,0,000,1.0,1.0,Gear,6000.0
rule,550427,2026,primary,canonical,0,0,0,000,0.9978333333333333,1.0,RPM,6000.0
rule,550427,2026,primary,canonical,0,0,1,001,1.0,1.0,Gear,6000.0
rule,550427,2026,primary,canonical,0,0,1,001,0.9981666666666666,1.0,RPM,6000.0
rule,550427,2026,primary,canonical,0,1,0,010,1.0,1.0,Gear,6000.0
rule,550427,2026,primary,canonical,0,1,0,010,0.9991666666666666,1.0,RPM,6000.0
rule,550427,2026,primary,canonical,0,1,1,011,1.0,1.0,Gear,6000.0
rule,550427,2026,primary,canonical,0,1,1,011,0.9994999999999999,1.0,RPM,6000.0
rule,550427,2026,primary,canonical,1,0,0,100,0.03516666666666667,0.2743333333333333,Gear,6000.0
rule,550427,2026,primary,canonical,1,0,0,100,0.19316666666666668,0.3185,RPM,6000.0
rule,550427,2026,primary,canonical,1,0,1,101,0.0405,0.623,Gear,6000.0
rule,550427,2026,primary,canonical,1,0,1,101,0.10433333333333333,0.7636666666666666,RPM,6000.0
rule,550427,2026,primary,canonical,1,1,0,110,0.0375,0.22599999999999998,Gear,6000.0
rule,550427,2026,primary,canonical,1,1,0,110,0.214,0.293,RPM,6000.0
rule,550427,2026,primary,canonical,1,1,1,111,0.044333333333333336,0.615,Gear,6000.0
rule,550427,2026,primary,canonical,1,1,1,111,0.11099999999999999,0.7845,RPM,6000.0
rule,550427,2026,primary,shifted,0,0,0,000,1.0,1.0,Gear,6000.0
rule,550427,2026,primary,shifted,0,0,0,000,0.9958333333333332,1.0,RPM,6000.0
rule,550427,2026,primary,shifted,0,0,1,001,1.0,1.0,Gear,6000.0
rule,550427,2026,primary,shifted,0,0,1,001,0.9973333333333333,1.0,RPM,6000.0
rule,550427,2026,primary,shifted,0,1,0,010,1.0,1.0,Gear,6000.0
rule,550427,2026,primary,shifted,0,1,0,010,0.9980000000000001,1.0,RPM,6000.0
rule,550427,2026,primary,shifted,0,1,1,011,1.0,1.0,Gear,6000.0
rule,550427,2026,primary,shifted,0,1,1,011,0.9988333333333334,1.0,RPM,6000.0
rule,550427,2026,primary,shifted,1,0,0,100,0.03516666666666667,0.276,Gear,6000.0
rule,550427,2026,primary,shifted,1,0,0,100,0.19716666666666663,0.31666666666666665,RPM,6000.0
rule,550427,2026,primary,shifted,1,0,1,101,0.04016666666666666,0.6241666666666666,Gear,6000.0
rule,550427,2026,primary,shifted,1,0,1,101,0.11733333333333333,0.767,RPM,6000.0
rule,550427,2026,primary,shifted,1,1,0,110,0.0375,0.22833333333333336,Gear,6000.0
rule,550427,2026,primary,shifted,1,1,0,110,0.21716666666666665,0.29033333333333333,RPM,6000.0
rule,550427,2026,primary,shifted,1,1,1,111,0.044833333333333336,0.615,Gear,6000.0
rule,550427,2026,primary,shifted,1,1,1,111,0.12116666666666666,0.7856666666666667,RPM,6000.0
rule,550427,3407,primary,canonical,0,0,0,000,0.9998333333333335,1.0,Gear,6000.0
rule,550427,3407,primary,canonical,0,0,0,000,0.9975,1.0,RPM,6000.0
rule,550427,3407,primary,canonical,0,0,1,001,0.9996666666666667,1.0,Gear,6000.0
rule,550427,3407,primary,canonical,0,0,1,001,0.9981666666666668,1.0,RPM,6000.0
rule,550427,3407,primary,canonical,0,1,0,010,0.9998333333333335,1.0,Gear,6000.0
rule,550427,3407,primary,canonical,0,1,0,010,0.9991666666666666,1.0,RPM,6000.0
rule,550427,3407,primary,canonical,0,1,1,011,0.9998333333333335,1.0,Gear,6000.0
rule,550427,3407,primary,canonical,0,1,1,011,0.9996666666666667,1.0,RPM,6000.0
rule,550427,3407,primary,canonical,1,0,0,100,0.03883333333333333,0.2856666666666667,Gear,6000.0
rule,550427,3407,primary,canonical,1,0,0,100,0.124,0.22416666666666665,RPM,6000.0
rule,550427,3407,primary,canonical,1,0,1,101,0.0335,0.5723333333333332,Gear,6000.0
rule,550427,3407,primary,canonical,1,0,1,101,0.18566666666666665,0.6251666666666666,RPM,6000.0
rule,550427,3407,primary,canonical,1,1,0,110,0.045500000000000006,0.25,Gear,6000.0
rule,550427,3407,primary,canonical,1,1,0,110,0.13983333333333334,0.1978333333333333,RPM,6000.0
rule,550427,3407,primary,canonical,1,1,1,111,0.03833333333333333,0.5636666666666666,Gear,6000.0
rule,550427,3407,primary,canonical,1,1,1,111,0.19000000000000003,0.6153333333333334,RPM,6000.0
rule,550427,3407,primary,shifted,0,0,0,000,0.9998333333333335,1.0,Gear,6000.0
rule,550427,3407,primary,shifted,0,0,0,000,0.9950000000000001,1.0,RPM,6000.0
rule,550427,3407,primary,shifted,0,0,1,001,0.9996666666666667,1.0,Gear,6000.0
rule,550427,3407,primary,shifted,0,0,1,001,0.9975,1.0,RPM,6000.0
rule,550427,3407,primary,shifted,0,1,0,010,0.9998333333333335,1.0,Gear,6000.0
rule,550427,3407,primary,shifted,0,1,0,010,0.9980000000000001,1.0,RPM,6000.0
rule,550427,3407,primary,shifted,0,1,1,011,0.9998333333333335,1.0,Gear,6000.0
rule,550427,3407,primary,shifted,0,1,1,011,0.999,1.0,RPM,6000.0
rule,550427,3407,primary,shifted,1,0,0,100,0.03916666666666666,0.2865,Gear,6000.0
rule,550427,3407,primary,shifted,1,0,0,100,0.125,0.22766666666666668,RPM,6000.0
rule,550427,3407,primary,shifted,1,0,1,101,0.03316666666666667,0.5728333333333334,Gear,6000.0
rule,550427,3407,primary,shifted,1,0,1,101,0.17716666666666667,0.6328333333333332,RPM,6000.0
rule,550427,3407,primary,shifted,1,1,0,110,0.045000000000000005,0.2511666666666667,Gear,6000.0
rule,550427,3407,primary,shifted,1,1,0,110,0.13999999999999999,0.19816666666666669,RPM,6000.0
rule,550427,3407,primary,shifted,1,1,1,111,0.0385,0.5645,Gear,6000.0
rule,550427,3407,primary,shifted,1,1,1,111,0.18366666666666664,0.6243333333333333,RPM,6000.0
rule,560657,7,primary,canonical,0,0,0,000,1.0,1.0,Gear,6000.0
rule,560657,7,primary,canonical,0,0,0,000,0.9976666666666668,1.0,RPM,6000.0
rule,560657,7,primary,canonical,0,0,1,001,1.0,1.0,Gear,6000.0
rule,560657,7,primary,canonical,0,0,1,001,0.9984999999999999,1.0,RPM,6000.0
rule,560657,7,primary,canonical,0,1,0,010,1.0,1.0,Gear,6000.0
rule,560657,7,primary,canonical,0,1,0,010,0.9991666666666666,1.0,RPM,6000.0
rule,560657,7,primary,canonical,0,1,1,011,1.0,1.0,Gear,6000.0
rule,560657,7,primary,canonical,0,1,1,011,0.9994999999999999,1.0,RPM,6000.0
rule,560657,7,primary,canonical,1,0,0,100,0.030333333333333334,0.12766666666666668,Gear,6000.0
rule,560657,7,primary,canonical,1,0,0,100,0.39399999999999996,0.5015,RPM,6000.0
rule,560657,7,primary,canonical,1,0,1,101,0.03266666666666667,0.6163333333333334,Gear,6000.0
rule,560657,7,primary,canonical,1,0,1,101,0.4506666666666667,0.7968333333333334,RPM,6000.0
rule,560657,7,primary,canonical,1,1,0,110,0.03133333333333333,0.09533333333333334,Gear,6000.0
rule,560657,7,primary,canonical,1,1,0,110,0.40700000000000003,0.4828333333333333,RPM,6000.0
rule,560657,7,primary,canonical,1,1,1,111,0.0405,0.6186666666666666,Gear,6000.0
rule,560657,7,primary,canonical,1,1,1,111,0.459,0.7806666666666667,RPM,6000.0
rule,560657,7,primary,shifted,0,0,0,000,1.0,1.0,Gear,6000.0
rule,560657,7,primary,shifted,0,0,0,000,0.9945,1.0,RPM,6000.0
rule,560657,7,primary,shifted,0,0,1,001,1.0,1.0,Gear,6000.0
rule,560657,7,primary,shifted,0,0,1,001,0.9976666666666668,1.0,RPM,6000.0
rule,560657,7,primary,shifted,0,1,0,010,1.0,1.0,Gear,6000.0
rule,560657,7,primary,shifted,0,1,0,010,0.9983333333333334,1.0,RPM,6000.0
rule,560657,7,primary,shifted,0,1,1,011,1.0,1.0,Gear,6000.0
rule,560657,7,primary,shifted,0,1,1,011,0.9988333333333334,1.0,RPM,6000.0
rule,560657,7,primary,shifted,1,0,0,100,0.030333333333333334,0.12833333333333333,Gear,6000.0
rule,560657,7,primary,shifted,1,0,0,100,0.37833333333333335,0.49,RPM,6000.0
rule,560657,7,primary,shifted,1,0,1,101,0.033,0.617,Gear,6000.0
rule,560657,7,primary,shifted,1,0,1,101,0.43166666666666664,0.798,RPM,6000.0
rule,560657,7,primary,shifted,1,1,0,110,0.0315,0.09666666666666666,Gear,6000.0
rule,560657,7,primary,shifted,1,1,0,110,0.38866666666666666,0.4681666666666667,RPM,6000.0
rule,560657,7,primary,shifted,1,1,1,111,0.04,0.6204999999999999,Gear,6000.0
rule,560657,7,primary,shifted,1,1,1,111,0.43916666666666665,0.7838333333333333,RPM,6000.0
rule,560657,42,primary,canonical,0,0,0,000,1.0,1.0,Gear,6000.0
rule,560657,42,primary,canonical,0,0,0,000,0.9976666666666668,1.0,RPM,6000.0
rule,560657,42,primary,canonical,0,0,1,001,1.0,1.0,Gear,6000.0
rule,560657,42,primary,canonical,0,0,1,001,0.9986666666666667,1.0,RPM,6000.0
rule,560657,42,primary,canonical,0,1,0,010,0.9998333333333335,1.0,Gear,6000.0
rule,560657,42,primary,canonical,0,1,0,010,0.9993333333333334,1.0,RPM,6000.0
rule,560657,42,primary,canonical,0,1,1,011,1.0,1.0,Gear,6000.0
rule,560657,42,primary,canonical,0,1,1,011,0.9994999999999999,1.0,RPM,6000.0
rule,560657,42,primary,canonical,1,0,0,100,0.028833333333333332,0.16966666666666666,Gear,6000.0
rule,560657,42,primary,canonical,1,0,0,100,0.08483333333333333,0.17866666666666667,RPM,6000.0
rule,560657,42,primary,canonical,1,0,1,101,0.0295,0.7336666666666667,Gear,6000.0
rule,560657,42,primary,canonical,1,0,1,101,0.059,0.5616666666666666,RPM,6000.0
rule,560657,42,primary,canonical,1,1,0,110,0.02716666666666667,0.1335,Gear,6000.0
rule,560657,42,primary,canonical,1,1,0,110,0.0825,0.1335,RPM,6000.0
rule,560657,42,primary,canonical,1,1,1,111,0.029833333333333333,0.7458333333333332,Gear,6000.0
rule,560657,42,primary,canonical,1,1,1,111,0.0615,0.5263333333333333,RPM,6000.0
rule,560657,42,primary,shifted,0,0,0,000,1.0,1.0,Gear,6000.0
rule,560657,42,primary,shifted,0,0,0,000,0.9950000000000001,1.0,RPM,6000.0
rule,560657,42,primary,shifted,0,0,1,001,1.0,1.0,Gear,6000.0
rule,560657,42,primary,shifted,0,0,1,001,0.9971666666666668,1.0,RPM,6000.0
rule,560657,42,primary,shifted,0,1,0,010,0.9998333333333335,1.0,Gear,6000.0
rule,560657,42,primary,shifted,0,1,0,010,0.9986666666666667,1.0,RPM,6000.0
rule,560657,42,primary,shifted,0,1,1,011,1.0,1.0,Gear,6000.0
rule,560657,42,primary,shifted,0,1,1,011,0.9986666666666667,1.0,RPM,6000.0
rule,560657,42,primary,shifted,1,0,0,100,0.028833333333333332,0.17066666666666666,Gear,6000.0
rule,560657,42,primary,shifted,1,0,0,100,0.08650000000000001,0.17916666666666667,RPM,6000.0
rule,560657,42,primary,shifted,1,0,1,101,0.0295,0.7358333333333333,Gear,6000.0
rule,560657,42,primary,shifted,1,0,1,101,0.06183333333333333,0.5746666666666668,RPM,6000.0
rule,560657,42,primary,shifted,1,1,0,110,0.02716666666666667,0.13433333333333333,Gear,6000.0
rule,560657,42,primary,shifted,1,1,0,110,0.08533333333333333,0.134,RPM,6000.0
rule,560657,42,primary,shifted,1,1,1,111,0.029833333333333333,0.7471666666666666,Gear,6000.0
rule,560657,42,primary,shifted,1,1,1,111,0.06466666666666666,0.5405000000000001,RPM,6000.0
rule,560657,123,primary,canonical,0,0,0,000,0.9998333333333335,1.0,Gear,6000.0
rule,560657,123,primary,canonical,0,0,0,000,0.9975,1.0,RPM,6000.0
rule,560657,123,primary,canonical,0,0,1,001,0.9996666666666667,1.0,Gear,6000.0
rule,560657,123,primary,canonical,0,0,1,001,0.9986666666666667,1.0,RPM,6000.0
rule,560657,123,primary,canonical,0,1,0,010,0.9998333333333335,1.0,Gear,6000.0
rule,560657,123,primary,canonical,0,1,0,010,0.9991666666666666,1.0,RPM,6000.0
rule,560657,123,primary,canonical,0,1,1,011,0.9998333333333335,1.0,Gear,6000.0
rule,560657,123,primary,canonical,0,1,1,011,0.9994999999999999,1.0,RPM,6000.0
rule,560657,123,primary,canonical,1,0,0,100,0.038,0.2651666666666667,Gear,6000.0
rule,560657,123,primary,canonical,1,0,0,100,0.14116666666666666,0.29633333333333334,RPM,6000.0
rule,560657,123,primary,canonical,1,0,1,101,0.034,0.7183333333333334,Gear,6000.0
rule,560657,123,primary,canonical,1,0,1,101,0.05366666666666667,0.6275000000000001,RPM,6000.0
rule,560657,123,primary,canonical,1,1,0,110,0.050833333333333335,0.2315,Gear,6000.0
rule,560657,123,primary,canonical,1,1,0,110,0.1905,0.286,RPM,6000.0
rule,560657,123,primary,canonical,1,1,1,111,0.041166666666666664,0.7248333333333333,Gear,6000.0
rule,560657,123,primary,canonical,1,1,1,111,0.0655,0.6244999999999999,RPM,6000.0
rule,560657,123,primary,shifted,0,0,0,000,0.9998333333333335,1.0,Gear,6000.0
rule,560657,123,primary,shifted,0,0,0,000,0.996,1.0,RPM,6000.0
rule,560657,123,primary,shifted,0,0,1,001,0.9996666666666667,1.0,Gear,6000.0
rule,560657,123,primary,shifted,0,0,1,001,0.9980000000000001,1.0,RPM,6000.0
rule,560657,123,primary,shifted,0,1,0,010,0.9998333333333335,1.0,Gear,6000.0
rule,560657,123,primary,shifted,0,1,0,010,0.9983333333333334,1.0,RPM,6000.0
rule,560657,123,primary,shifted,0,1,1,011,0.9998333333333335,1.0,Gear,6000.0
rule,560657,123,primary,shifted,0,1,1,011,0.9985,1.0,RPM,6000.0
rule,560657,123,primary,shifted,1,0,0,100,0.038,0.2651666666666667,Gear,6000.0
rule,560657,123,primary,shifted,1,0,0,100,0.14666666666666664,0.30266666666666664,RPM,6000.0
rule,560657,123,primary,shifted,1,0,1,101,0.03416666666666667,0.7206666666666667,Gear,6000.0
rule,560657,123,primary,shifted,1,0,1,101,0.05583333333333334,0.638,RPM,6000.0
rule,560657,123,primary,shifted,1,1,0,110,0.051,0.2333333333333333,Gear,6000.0
rule,560657,123,primary,shifted,1,1,0,110,0.19683333333333333,0.29316666666666663,RPM,6000.0
rule,560657,123,primary,shifted,1,1,1,111,0.04066666666666666,0.7268333333333334,Gear,6000.0
rule,560657,123,primary,shifted,1,1,1,111,0.069,0.6286666666666666,RPM,6000.0
rule,560657,2026,primary,canonical,0,0,0,000,0.9996666666666667,1.0,Gear,6000.0
rule,560657,2026,primary,canonical,0,0,0,000,0.9978333333333333,1.0,RPM,6000.0
rule,560657,2026,primary,canonical,0,0,1,001,0.9996666666666667,1.0,Gear,6000.0
rule,560657,2026,primary,canonical,0,0,1,001,0.9986666666666667,1.0,RPM,6000.0
rule,560657,2026,primary,canonical,0,1,0,010,0.9996666666666667,1.0,Gear,6000.0
rule,560657,2026,primary,canonical,0,1,0,010,0.999,1.0,RPM,6000.0
rule,560657,2026,primary,canonical,0,1,1,011,0.9996666666666667,1.0,Gear,6000.0
rule,560657,2026,primary,canonical,0,1,1,011,0.9991666666666666,1.0,RPM,6000.0
rule,560657,2026,primary,canonical,1,0,0,100,0.09100000000000001,0.32083333333333336,Gear,6000.0
rule,560657,2026,primary,canonical,1,0,0,100,0.08716666666666667,0.22033333333333335,RPM,6000.0
rule,560657,2026,primary,canonical,1,0,1,101,0.055499999999999994,0.6753333333333332,Gear,6000.0
rule,560657,2026,primary,canonical,1,0,1,101,0.09499999999999999,0.6198333333333333,RPM,6000.0
rule,560657,2026,primary,canonical,1,1,0,110,0.10616666666666667,0.2838333333333333,Gear,6000.0
rule,560657,2026,primary,canonical,1,1,0,110,0.09516666666666666,0.1845,RPM,6000.0
rule,560657,2026,primary,canonical,1,1,1,111,0.06516666666666666,0.6831666666666667,Gear,6000.0
rule,560657,2026,primary,canonical,1,1,1,111,0.09683333333333333,0.6095,RPM,6000.0
rule,560657,2026,primary,shifted,0,0,0,000,0.9996666666666667,1.0,Gear,6000.0
rule,560657,2026,primary,shifted,0,0,0,000,0.9953333333333334,1.0,RPM,6000.0
rule,560657,2026,primary,shifted,0,0,1,001,0.9996666666666667,1.0,Gear,6000.0
rule,560657,2026,primary,shifted,0,0,1,001,0.9975,1.0,RPM,6000.0
rule,560657,2026,primary,shifted,0,1,0,010,0.9996666666666667,1.0,Gear,6000.0
rule,560657,2026,primary,shifted,0,1,0,010,0.9983333333333334,1.0,RPM,6000.0
rule,560657,2026,primary,shifted,0,1,1,011,0.9996666666666667,1.0,Gear,6000.0
rule,560657,2026,primary,shifted,0,1,1,011,0.9984999999999999,1.0,RPM,6000.0
rule,560657,2026,primary,shifted,1,0,0,100,0.09033333333333333,0.3213333333333333,Gear,6000.0
rule,560657,2026,primary,shifted,1,0,0,100,0.08933333333333333,0.22316666666666665,RPM,6000.0
rule,560657,2026,primary,shifted,1,0,1,101,0.05466666666666667,0.6756666666666667,Gear,6000.0
rule,560657,2026,primary,shifted,1,0,1,101,0.09683333333333333,0.6195,RPM,6000.0
rule,560657,2026,primary,shifted,1,1,0,110,0.10616666666666667,0.2843333333333333,Gear,6000.0
rule,560657,2026,primary,shifted,1,1,0,110,0.09866666666666667,0.18566666666666665,RPM,6000.0
rule,560657,2026,primary,shifted,1,1,1,111,0.06483333333333334,0.684,Gear,6000.0
rule,560657,2026,primary,shifted,1,1,1,111,0.10333333333333333,0.62,RPM,6000.0
rule,560657,3407,primary,canonical,0,0,0,000,0.9998333333333335,1.0,Gear,6000.0
rule,560657,3407,primary,canonical,0,0,0,000,0.9978333333333333,1.0,RPM,6000.0
rule,560657,3407,primary,canonical,0,0,1,001,0.9998333333333335,1.0,Gear,6000.0
rule,560657,3407,primary,canonical,0,0,1,001,0.9983333333333334,1.0,RPM,6000.0
rule,560657,3407,primary,canonical,0,1,0,010,0.9996666666666667,1.0,Gear,6000.0
rule,560657,3407,primary,canonical,0,1,0,010,0.9991666666666666,1.0,RPM,6000.0
rule,560657,3407,primary,canonical,0,1,1,011,0.9998333333333335,1.0,Gear,6000.0
rule,560657,3407,primary,canonical,0,1,1,011,0.9994999999999999,1.0,RPM,6000.0
rule,560657,3407,primary,canonical,1,0,0,100,0.029166666666666664,0.20533333333333334,Gear,6000.0
rule,560657,3407,primary,canonical,1,0,0,100,0.1865,0.31266666666666665,RPM,6000.0
rule,560657,3407,primary,canonical,1,0,1,101,0.0295,0.7311666666666667,Gear,6000.0
rule,560657,3407,primary,canonical,1,0,1,101,0.1475,0.7245,RPM,6000.0
rule,560657,3407,primary,canonical,1,1,0,110,0.031,0.15666666666666665,Gear,6000.0
rule,560657,3407,primary,canonical,1,1,0,110,0.2215,0.306,RPM,6000.0
rule,560657,3407,primary,canonical,1,1,1,111,0.03216666666666667,0.727,Gear,6000.0
rule,560657,3407,primary,canonical,1,1,1,111,0.14683333333333334,0.7181666666666667,RPM,6000.0
rule,560657,3407,primary,shifted,0,0,0,000,0.9998333333333335,1.0,Gear,6000.0
rule,560657,3407,primary,shifted,0,0,0,000,0.9950000000000001,1.0,RPM,6000.0
rule,560657,3407,primary,shifted,0,0,1,001,0.9998333333333335,1.0,Gear,6000.0
rule,560657,3407,primary,shifted,0,0,1,001,0.9975,1.0,RPM,6000.0
rule,560657,3407,primary,shifted,0,1,0,010,0.9996666666666667,1.0,Gear,6000.0
rule,560657,3407,primary,shifted,0,1,0,010,0.9980000000000001,1.0,RPM,6000.0
rule,560657,3407,primary,shifted,0,1,1,011,0.9998333333333335,1.0,Gear,6000.0
rule,560657,3407,primary,shifted,0,1,1,011,0.9991666666666666,1.0,RPM,6000.0
rule,560657,3407,primary,shifted,1,0,0,100,0.029333333333333333,0.2065,Gear,6000.0
rule,560657,3407,primary,shifted,1,0,0,100,0.19066666666666668,0.31783333333333336,RPM,6000.0
rule,560657,3407,primary,shifted,1,0,1,101,0.029333333333333333,0.7316666666666668,Gear,6000.0
rule,560657,3407,primary,shifted,1,0,1,101,0.15233333333333332,0.7408333333333333,RPM,6000.0
rule,560657,3407,primary,shifted,1,1,0,110,0.030833333333333334,0.15733333333333333,Gear,6000.0
rule,560657,3407,primary,shifted,1,1,0,110,0.22433333333333336,0.308,RPM,6000.0
rule,560657,3407,primary,shifted,1,1,1,111,0.032,0.7275,Gear,6000.0
rule,560657,3407,primary,shifted,1,1,1,111,0.15466666666666665,0.7326666666666667,RPM,6000.0
rule,583909,7,primary,canonical,0,0,0,000,1.0,1.0,Gear,6000.0
rule,583909,7,primary,canonical,0,0,0,000,0.9978333333333333,1.0,RPM,6000.0
rule,583909,7,primary,canonical,0,0,1,001,1.0,1.0,Gear,6000.0
rule,583909,7,primary,canonical,0,0,1,001,0.999,1.0,RPM,6000.0
rule,583909,7,primary,canonical,0,1,0,010,0.9998333333333335,1.0,Gear,6000.0
rule,583909,7,primary,canonical,0,1,0,010,0.9993333333333334,1.0,RPM,6000.0
rule,583909,7,primary,canonical,0,1,1,011,0.9998333333333335,1.0,Gear,6000.0
rule,583909,7,primary,canonical,0,1,1,011,0.9996666666666667,1.0,RPM,6000.0
rule,583909,7,primary,canonical,1,0,0,100,0.05333333333333334,0.2793333333333334,Gear,6000.0
rule,583909,7,primary,canonical,1,0,0,100,0.4643333333333333,0.5636666666666666,RPM,6000.0
rule,583909,7,primary,canonical,1,0,1,101,0.043833333333333335,0.6673333333333332,Gear,6000.0
rule,583909,7,primary,canonical,1,0,1,101,0.26633333333333337,0.8220000000000001,RPM,6000.0
rule,583909,7,primary,canonical,1,1,0,110,0.05516666666666667,0.24433333333333332,Gear,6000.0
rule,583909,7,primary,canonical,1,1,0,110,0.482,0.5461666666666667,RPM,6000.0
rule,583909,7,primary,canonical,1,1,1,111,0.043333333333333335,0.6625,Gear,6000.0
rule,583909,7,primary,canonical,1,1,1,111,0.2595,0.8336666666666667,RPM,6000.0
rule,583909,7,primary,shifted,0,0,0,000,1.0,1.0,Gear,6000.0
rule,583909,7,primary,shifted,0,0,0,000,0.9954999999999999,1.0,RPM,6000.0
rule,583909,7,primary,shifted,0,0,1,001,1.0,1.0,Gear,6000.0
rule,583909,7,primary,shifted,0,0,1,001,0.9980000000000001,1.0,RPM,6000.0
rule,583909,7,primary,shifted,0,1,0,010,0.9998333333333335,1.0,Gear,6000.0
rule,583909,7,primary,shifted,0,1,0,010,0.9988333333333334,1.0,RPM,6000.0
rule,583909,7,primary,shifted,0,1,1,011,0.9998333333333335,1.0,Gear,6000.0
rule,583909,7,primary,shifted,0,1,1,011,0.9993333333333334,1.0,RPM,6000.0
rule,583909,7,primary,shifted,1,0,0,100,0.05366666666666667,0.28150000000000003,Gear,6000.0
rule,583909,7,primary,shifted,1,0,0,100,0.47383333333333333,0.573,RPM,6000.0
rule,583909,7,primary,shifted,1,0,1,101,0.043666666666666666,0.6693333333333333,Gear,6000.0
rule,583909,7,primary,shifted,1,0,1,101,0.2671666666666667,0.8311666666666667,RPM,6000.0
rule,583909,7,primary,shifted,1,1,0,110,0.05516666666666667,0.24650000000000002,Gear,6000.0
rule,583909,7,primary,shifted,1,1,0,110,0.48866666666666664,0.5566666666666666,RPM,6000.0
rule,583909,7,primary,shifted,1,1,1,111,0.043500000000000004,0.6643333333333333,Gear,6000.0
rule,583909,7,primary,shifted,1,1,1,111,0.26033333333333336,0.8446666666666666,RPM,6000.0
rule,583909,42,primary,canonical,0,0,0,000,0.9998333333333335,1.0,Gear,6000.0
rule,583909,42,primary,canonical,0,0,0,000,0.9978333333333333,1.0,RPM,6000.0
rule,583909,42,primary,canonical,0,0,1,001,1.0,1.0,Gear,6000.0
rule,583909,42,primary,canonical,0,0,1,001,0.9985,1.0,RPM,6000.0
rule,583909,42,primary,canonical,0,1,0,010,1.0,1.0,Gear,6000.0
rule,583909,42,primary,canonical,0,1,0,010,0.9993333333333334,1.0,RPM,6000.0
rule,583909,42,primary,canonical,0,1,1,011,1.0,1.0,Gear,6000.0
rule,583909,42,primary,canonical,0,1,1,011,0.9996666666666667,1.0,RPM,6000.0
rule,583909,42,primary,canonical,1,0,0,100,0.026166666666666668,0.17866666666666667,Gear,6000.0
rule,583909,42,primary,canonical,1,0,0,100,0.138,0.31066666666666665,RPM,6000.0
rule,583909,42,primary,canonical,1,0,1,101,0.026333333333333334,0.5453333333333333,Gear,6000.0
rule,583909,42,primary,canonical,1,0,1,101,0.065,0.6265,RPM,6000.0
rule,583909,42,primary,canonical,1,1,0,110,0.026166666666666668,0.13316666666666666,Gear,6000.0
rule,583909,42,primary,canonical,1,1,0,110,0.148,0.26566666666666666,RPM,6000.0
rule,583909,42,primary,canonical,1,1,1,111,0.025833333333333333,0.5098333333333332,Gear,6000.0
rule,583909,42,primary,canonical,1,1,1,111,0.06616666666666667,0.6233333333333334,RPM,6000.0
rule,583909,42,primary,shifted,0,0,0,000,1.0,1.0,Gear,6000.0
rule,583909,42,primary,shifted,0,0,0,000,0.996,1.0,RPM,6000.0
rule,583909,42,primary,shifted,0,0,1,001,1.0,1.0,Gear,6000.0
rule,583909,42,primary,shifted,0,0,1,001,0.9976666666666668,1.0,RPM,6000.0
rule,583909,42,primary,shifted,0,1,0,010,1.0,1.0,Gear,6000.0
rule,583909,42,primary,shifted,0,1,0,010,0.9986666666666667,1.0,RPM,6000.0
rule,583909,42,primary,shifted,0,1,1,011,1.0,1.0,Gear,6000.0
rule,583909,42,primary,shifted,0,1,1,011,0.9993333333333334,1.0,RPM,6000.0
rule,583909,42,primary,shifted,1,0,0,100,0.026333333333333334,0.18099999999999997,Gear,6000.0
rule,583909,42,primary,shifted,1,0,0,100,0.132,0.29983333333333334,RPM,6000.0
rule,583909,42,primary,shifted,1,0,1,101,0.026333333333333334,0.547,Gear,6000.0
rule,583909,42,primary,shifted,1,0,1,101,0.0665,0.6106666666666667,RPM,6000.0
rule,583909,42,primary,shifted,1,1,0,110,0.026166666666666668,0.13449999999999998,Gear,6000.0
rule,583909,42,primary,shifted,1,1,0,110,0.14266666666666666,0.2531666666666667,RPM,6000.0
rule,583909,42,primary,shifted,1,1,1,111,0.026,0.5116666666666666,Gear,6000.0
rule,583909,42,primary,shifted,1,1,1,111,0.06866666666666667,0.6016666666666667,RPM,6000.0
rule,583909,123,primary,canonical,0,0,0,000,0.9998333333333335,1.0,Gear,6000.0
rule,583909,123,primary,canonical,0,0,0,000,0.9980000000000001,1.0,RPM,6000.0
rule,583909,123,primary,canonical,0,0,1,001,1.0,1.0,Gear,6000.0
rule,583909,123,primary,canonical,0,0,1,001,0.9983333333333334,1.0,RPM,6000.0
rule,583909,123,primary,canonical,0,1,0,010,1.0,1.0,Gear,6000.0
rule,583909,123,primary,canonical,0,1,0,010,0.9991666666666666,1.0,RPM,6000.0
rule,583909,123,primary,canonical,0,1,1,011,1.0,1.0,Gear,6000.0
rule,583909,123,primary,canonical,0,1,1,011,0.9996666666666667,1.0,RPM,6000.0
rule,583909,123,primary,canonical,1,0,0,100,0.034333333333333334,0.2121666666666667,Gear,6000.0
rule,583909,123,primary,canonical,1,0,0,100,0.23916666666666667,0.38000000000000006,RPM,6000.0
rule,583909,123,primary,canonical,1,0,1,101,0.029666666666666664,0.7091666666666666,Gear,6000.0
rule,583909,123,primary,canonical,1,0,1,101,0.1535,0.6833333333333332,RPM,6000.0
rule,583909,123,primary,canonical,1,1,0,110,0.035333333333333335,0.1645,Gear,6000.0
rule,583909,123,primary,canonical,1,1,0,110,0.24133333333333332,0.333,RPM,6000.0
rule,583909,123,primary,canonical,1,1,1,111,0.0295,0.6916666666666668,Gear,6000.0
rule,583909,123,primary,canonical,1,1,1,111,0.14966666666666664,0.6641666666666667,RPM,6000.0
rule,583909,123,primary,shifted,0,0,0,000,0.9998333333333335,1.0,Gear,6000.0
rule,583909,123,primary,shifted,0,0,0,000,0.9956666666666667,1.0,RPM,6000.0
rule,583909,123,primary,shifted,0,0,1,001,1.0,1.0,Gear,6000.0
rule,583909,123,primary,shifted,0,0,1,001,0.9976666666666668,1.0,RPM,6000.0
rule,583909,123,primary,shifted,0,1,0,010,1.0,1.0,Gear,6000.0
rule,583909,123,primary,shifted,0,1,0,010,0.9986666666666667,1.0,RPM,6000.0
rule,583909,123,primary,shifted,0,1,1,011,1.0,1.0,Gear,6000.0
rule,583909,123,primary,shifted,0,1,1,011,0.9991666666666666,1.0,RPM,6000.0
rule,583909,123,primary,shifted,1,0,0,100,0.034,0.2121666666666667,Gear,6000.0
rule,583909,123,primary,shifted,1,0,0,100,0.2363333333333333,0.3795,RPM,6000.0
rule,583909,123,primary,shifted,1,0,1,101,0.0295,0.7098333333333334,Gear,6000.0
rule,583909,123,primary,shifted,1,0,1,101,0.15833333333333333,0.6920000000000001,RPM,6000.0
rule,583909,123,primary,shifted,1,1,0,110,0.03516666666666667,0.16516666666666666,Gear,6000.0
rule,583909,123,primary,shifted,1,1,0,110,0.24033333333333332,0.3345,RPM,6000.0
rule,583909,123,primary,shifted,1,1,1,111,0.029666666666666664,0.693,Gear,6000.0
rule,583909,123,primary,shifted,1,1,1,111,0.1495,0.6793333333333335,RPM,6000.0
rule,583909,2026,primary,canonical,0,0,0,000,1.0,1.0,Gear,6000.0
rule,583909,2026,primary,canonical,0,0,0,000,0.9981666666666666,1.0,RPM,6000.0
rule,583909,2026,primary,canonical,0,0,1,001,0.9998333333333335,1.0,Gear,6000.0
rule,583909,2026,primary,canonical,0,0,1,001,0.9985,1.0,RPM,6000.0
rule,583909,2026,primary,canonical,0,1,0,010,1.0,1.0,Gear,6000.0
rule,583909,2026,primary,canonical,0,1,0,010,0.9991666666666666,1.0,RPM,6000.0
rule,583909,2026,primary,canonical,0,1,1,011,0.9998333333333335,1.0,Gear,6000.0
rule,583909,2026,primary,canonical,0,1,1,011,0.9994999999999999,1.0,RPM,6000.0
rule,583909,2026,primary,canonical,1,0,0,100,0.029166666666666664,0.2745,Gear,6000.0
rule,583909,2026,primary,canonical,1,0,0,100,0.2695,0.3755,RPM,6000.0
rule,583909,2026,primary,canonical,1,0,1,101,0.034833333333333334,0.7073333333333333,Gear,6000.0
rule,583909,2026,primary,canonical,1,0,1,101,0.2505,0.6900000000000001,RPM,6000.0
rule,583909,2026,primary,canonical,1,1,0,110,0.03,0.22599999999999998,Gear,6000.0
rule,583909,2026,primary,canonical,1,1,0,110,0.29266666666666663,0.363,RPM,6000.0
rule,583909,2026,primary,canonical,1,1,1,111,0.035500000000000004,0.7061666666666667,Gear,6000.0
rule,583909,2026,primary,canonical,1,1,1,111,0.27133333333333337,0.681,RPM,6000.0
rule,583909,2026,primary,shifted,0,0,0,000,1.0,1.0,Gear,6000.0
rule,583909,2026,primary,shifted,0,0,0,000,0.9963333333333333,1.0,RPM,6000.0
rule,583909,2026,primary,shifted,0,0,1,001,0.9998333333333335,1.0,Gear,6000.0
rule,583909,2026,primary,shifted,0,0,1,001,0.9979999999999999,1.0,RPM,6000.0
rule,583909,2026,primary,shifted,0,1,0,010,1.0,1.0,Gear,6000.0
rule,583909,2026,primary,shifted,0,1,0,010,0.9983333333333334,1.0,RPM,6000.0
rule,583909,2026,primary,shifted,0,1,1,011,0.9998333333333335,1.0,Gear,6000.0
rule,583909,2026,primary,shifted,0,1,1,011,0.999,1.0,RPM,6000.0
rule,583909,2026,primary,shifted,1,0,0,100,0.029166666666666664,0.2758333333333333,Gear,6000.0
rule,583909,2026,primary,shifted,1,0,0,100,0.27166666666666667,0.37733333333333335,RPM,6000.0
rule,583909,2026,primary,shifted,1,0,1,101,0.034666666666666665,0.7079999999999999,Gear,6000.0
rule,583909,2026,primary,shifted,1,0,1,101,0.25,0.6934999999999999,RPM,6000.0
rule,583909,2026,primary,shifted,1,1,0,110,0.030166666666666665,0.22799999999999998,Gear,6000.0
rule,583909,2026,primary,shifted,1,1,0,110,0.2945,0.36083333333333334,RPM,6000.0
rule,583909,2026,primary,shifted,1,1,1,111,0.035,0.7065,Gear,6000.0
rule,583909,2026,primary,shifted,1,1,1,111,0.264,0.6803333333333333,RPM,6000.0
rule,583909,3407,primary,canonical,0,0,0,000,1.0,1.0,Gear,6000.0
rule,583909,3407,primary,canonical,0,0,0,000,0.9978333333333333,1.0,RPM,6000.0
rule,583909,3407,primary,canonical,0,0,1,001,1.0,1.0,Gear,6000.0
rule,583909,3407,primary,canonical,0,0,1,001,0.9978333333333333,1.0,RPM,6000.0
rule,583909,3407,primary,canonical,0,1,0,010,1.0,1.0,Gear,6000.0
rule,583909,3407,primary,canonical,0,1,0,010,0.9993333333333334,1.0,RPM,6000.0
rule,583909,3407,primary,canonical,0,1,1,011,1.0,1.0,Gear,6000.0
rule,583909,3407,primary,canonical,0,1,1,011,0.9996666666666667,1.0,RPM,6000.0
rule,583909,3407,primary,canonical,1,0,0,100,0.04016666666666666,0.26666666666666666,Gear,6000.0
rule,583909,3407,primary,canonical,1,0,0,100,0.10516666666666667,0.28983333333333333,RPM,6000.0
rule,583909,3407,primary,canonical,1,0,1,101,0.04083333333333333,0.629,Gear,6000.0
rule,583909,3407,primary,canonical,1,0,1,101,0.18133333333333335,0.7006666666666667,RPM,6000.0
rule,583909,3407,primary,canonical,1,1,0,110,0.04666666666666667,0.2285,Gear,6000.0
rule,583909,3407,primary,canonical,1,1,0,110,0.11933333333333333,0.25566666666666665,RPM,6000.0
rule,583909,3407,primary,canonical,1,1,1,111,0.04566666666666667,0.6273333333333334,Gear,6000.0
rule,583909,3407,primary,canonical,1,1,1,111,0.20650000000000002,0.7143333333333333,RPM,6000.0
rule,583909,3407,primary,shifted,0,0,0,000,1.0,1.0,Gear,6000.0
rule,583909,3407,primary,shifted,0,0,0,000,0.9951666666666666,1.0,RPM,6000.0
rule,583909,3407,primary,shifted,0,0,1,001,1.0,1.0,Gear,6000.0
rule,583909,3407,primary,shifted,0,0,1,001,0.9968333333333333,1.0,RPM,6000.0
rule,583909,3407,primary,shifted,0,1,0,010,1.0,1.0,Gear,6000.0
rule,583909,3407,primary,shifted,0,1,0,010,0.9985,1.0,RPM,6000.0
rule,583909,3407,primary,shifted,0,1,1,011,1.0,1.0,Gear,6000.0
rule,583909,3407,primary,shifted,0,1,1,011,0.999,1.0,RPM,6000.0
rule,583909,3407,primary,shifted,1,0,0,100,0.04016666666666666,0.26699999999999996,Gear,6000.0
rule,583909,3407,primary,shifted,1,0,0,100,0.10666666666666667,0.2813333333333334,RPM,6000.0
rule,583909,3407,primary,shifted,1,0,1,101,0.04016666666666666,0.6311666666666667,Gear,6000.0
rule,583909,3407,primary,shifted,1,0,1,101,0.18066666666666667,0.6996666666666668,RPM,6000.0
rule,583909,3407,primary,shifted,1,1,0,110,0.04700000000000001,0.22883333333333333,Gear,6000.0
rule,583909,3407,primary,shifted,1,1,0,110,0.12266666666666666,0.24949999999999997,RPM,6000.0
rule,583909,3407,primary,shifted,1,1,1,111,0.044833333333333336,0.6266666666666666,Gear,6000.0
rule,583909,3407,primary,shifted,1,1,1,111,0.20550000000000002,0.7078333333333333,RPM,6000.0
rule,685012,7,primary,canonical,0,0,0,000,1.0,1.0,Gear,6000.0
rule,685012,7,primary,canonical,0,0,0,000,0.9976666666666668,1.0,RPM,6000.0
rule,685012,7,primary,canonical,0,0,1,001,1.0,1.0,Gear,6000.0
rule,685012,7,primary,canonical,0,0,1,001,0.9986666666666667,1.0,RPM,6000.0
rule,685012,7,primary,canonical,0,1,0,010,1.0,1.0,Gear,6000.0
rule,685012,7,primary,canonical,0,1,0,010,0.999,1.0,RPM,6000.0
rule,685012,7,primary,canonical,0,1,1,011,0.9998333333333335,1.0,Gear,6000.0
rule,685012,7,primary,canonical,0,1,1,011,0.9996666666666667,1.0,RPM,6000.0
rule,685012,7,primary,canonical,1,0,0,100,0.030166666666666665,0.30916666666666665,Gear,6000.0
rule,685012,7,primary,canonical,1,0,0,100,0.09116666666666666,0.1625,RPM,6000.0
rule,685012,7,primary,canonical,1,0,1,101,0.0335,0.7086666666666667,Gear,6000.0
rule,685012,7,primary,canonical,1,0,1,101,0.18816666666666668,0.6150000000000001,RPM,6000.0
rule,685012,7,primary,canonical,1,1,0,110,0.03233333333333333,0.2628333333333333,Gear,6000.0
rule,685012,7,primary,canonical,1,1,0,110,0.12666666666666668,0.1735,RPM,6000.0
rule,685012,7,primary,canonical,1,1,1,111,0.03866666666666667,0.706,Gear,6000.0
rule,685012,7,primary,canonical,1,1,1,111,0.2015,0.5943333333333333,RPM,6000.0
rule,685012,7,primary,shifted,0,0,0,000,1.0,1.0,Gear,6000.0
rule,685012,7,primary,shifted,0,0,0,000,0.9953333333333334,1.0,RPM,6000.0
rule,685012,7,primary,shifted,0,0,1,001,1.0,1.0,Gear,6000.0
rule,685012,7,primary,shifted,0,0,1,001,0.9976666666666668,1.0,RPM,6000.0
rule,685012,7,primary,shifted,0,1,0,010,1.0,1.0,Gear,6000.0
rule,685012,7,primary,shifted,0,1,0,010,0.9985,1.0,RPM,6000.0
rule,685012,7,primary,shifted,0,1,1,011,0.9998333333333335,1.0,Gear,6000.0
rule,685012,7,primary,shifted,0,1,1,011,0.9993333333333334,1.0,RPM,6000.0
rule,685012,7,primary,shifted,1,0,0,100,0.030166666666666665,0.3095,Gear,6000.0
rule,685012,7,primary,shifted,1,0,0,100,0.08983333333333332,0.16183333333333336,RPM,6000.0
rule,685012,7,primary,shifted,1,0,1,101,0.0335,0.7096666666666667,Gear,6000.0
rule,685012,7,primary,shifted,1,0,1,101,0.19416666666666668,0.6293333333333333,RPM,6000.0
rule,685012,7,primary,shifted,1,1,0,110,0.032,0.26366666666666666,Gear,6000.0
rule,685012,7,primary,shifted,1,1,0,110,0.124,0.1708333333333333,RPM,6000.0
rule,685012,7,primary,shifted,1,1,1,111,0.038,0.707,Gear,6000.0
rule,685012,7,primary,shifted,1,1,1,111,0.2038333333333333,0.6081666666666666,RPM,6000.0
rule,685012,42,primary,canonical,0,0,0,000,1.0,1.0,Gear,6000.0
rule,685012,42,primary,canonical,0,0,0,000,0.9976666666666666,1.0,RPM,6000.0
rule,685012,42,primary,canonical,0,0,1,001,0.9998333333333335,1.0,Gear,6000.0
rule,685012,42,primary,canonical,0,0,1,001,0.9978333333333333,1.0,RPM,6000.0
rule,685012,42,primary,canonical,0,1,0,010,0.9998333333333335,1.0,Gear,6000.0
rule,685012,42,primary,canonical,0,1,0,010,0.9993333333333334,1.0,RPM,6000.0
rule,685012,42,primary,canonical,0,1,1,011,0.9998333333333335,1.0,Gear,6000.0
rule,685012,42,primary,canonical,0,1,1,011,0.9994999999999999,1.0,RPM,6000.0
rule,685012,42,primary,canonical,1,0,0,100,0.07233333333333335,0.3428333333333333,Gear,6000.0
rule,685012,42,primary,canonical,1,0,0,100,0.04766666666666666,0.20183333333333334,RPM,6000.0
rule,685012,42,primary,canonical,1,0,1,101,0.06966666666666667,0.7548333333333334,Gear,6000.0
rule,685012,42,primary,canonical,1,0,1,101,0.04133333333333333,0.5253333333333333,RPM,6000.0
rule,685012,42,primary,canonical,1,1,0,110,0.08483333333333333,0.30033333333333334,Gear,6000.0
rule,685012,42,primary,canonical,1,1,0,110,0.057999999999999996,0.168,RPM,6000.0
rule,685012,42,primary,canonical,1,1,1,111,0.08683333333333333,0.7789999999999999,Gear,6000.0
rule,685012,42,primary,canonical,1,1,1,111,0.048666666666666664,0.5085000000000001,RPM,6000.0
rule,685012,42,primary,shifted,0,0,0,000,1.0,1.0,Gear,6000.0
rule,685012,42,primary,shifted,0,0,0,000,0.9956666666666667,1.0,RPM,6000.0
rule,685012,42,primary,shifted,0,0,1,001,0.9998333333333335,1.0,Gear,6000.0
rule,685012,42,primary,shifted,0,0,1,001,0.9965,1.0,RPM,6000.0
rule,685012,42,primary,shifted,0,1,0,010,0.9998333333333335,1.0,Gear,6000.0
rule,685012,42,primary,shifted,0,1,0,010,0.9986666666666667,1.0,RPM,6000.0
rule,685012,42,primary,shifted,0,1,1,011,0.9998333333333335,1.0,Gear,6000.0
rule,685012,42,primary,shifted,0,1,1,011,0.999,1.0,RPM,6000.0
rule,685012,42,primary,shifted,1,0,0,100,0.07166666666666667,0.3436666666666666,Gear,6000.0
rule,685012,42,primary,shifted,1,0,0,100,0.0525,0.20833333333333334,RPM,6000.0
rule,685012,42,primary,shifted,1,0,1,101,0.06866666666666667,0.7553333333333333,Gear,6000.0
rule,685012,42,primary,shifted,1,0,1,101,0.044500000000000005,0.539,RPM,6000.0
rule,685012,42,primary,shifted,1,1,0,110,0.08433333333333333,0.30116666666666664,Gear,6000.0
rule,685012,42,primary,shifted,1,1,0,110,0.06033333333333333,0.1705,RPM,6000.0
rule,685012,42,primary,shifted,1,1,1,111,0.0855,0.7796666666666666,Gear,6000.0
rule,685012,42,primary,shifted,1,1,1,111,0.052833333333333336,0.5258333333333334,RPM,6000.0
rule,685012,123,primary,canonical,0,0,0,000,0.9996666666666667,1.0,Gear,6000.0
rule,685012,123,primary,canonical,0,0,0,000,0.9976666666666668,1.0,RPM,6000.0
rule,685012,123,primary,canonical,0,0,1,001,1.0,1.0,Gear,6000.0
rule,685012,123,primary,canonical,0,0,1,001,0.9980000000000001,1.0,RPM,6000.0
rule,685012,123,primary,canonical,0,1,0,010,0.9998333333333335,1.0,Gear,6000.0
rule,685012,123,primary,canonical,0,1,0,010,0.9994999999999999,1.0,RPM,6000.0
rule,685012,123,primary,canonical,0,1,1,011,0.9998333333333335,1.0,Gear,6000.0
rule,685012,123,primary,canonical,0,1,1,011,0.9994999999999999,1.0,RPM,6000.0
rule,685012,123,primary,canonical,1,0,0,100,0.028166666666666663,0.19033333333333333,Gear,6000.0
rule,685012,123,primary,canonical,1,0,0,100,0.18699999999999997,0.35033333333333333,RPM,6000.0
rule,685012,123,primary,canonical,1,0,1,101,0.028499999999999998,0.6356666666666667,Gear,6000.0
rule,685012,123,primary,canonical,1,0,1,101,0.15583333333333335,0.798,RPM,6000.0
rule,685012,123,primary,canonical,1,1,0,110,0.0285,0.1465,Gear,6000.0
rule,685012,123,primary,canonical,1,1,0,110,0.2195,0.32716666666666666,RPM,6000.0
rule,685012,123,primary,canonical,1,1,1,111,0.031166666666666665,0.6338333333333334,Gear,6000.0
rule,685012,123,primary,canonical,1,1,1,111,0.1555,0.816,RPM,6000.0
rule,685012,123,primary,shifted,0,0,0,000,0.9996666666666667,1.0,Gear,6000.0
rule,685012,123,primary,shifted,0,0,0,000,0.9954999999999999,1.0,RPM,6000.0
rule,685012,123,primary,shifted,0,0,1,001,1.0,1.0,Gear,6000.0
rule,685012,123,primary,shifted,0,0,1,001,0.9971666666666668,1.0,RPM,6000.0
rule,685012,123,primary,shifted,0,1,0,010,0.9998333333333335,1.0,Gear,6000.0
rule,685012,123,primary,shifted,0,1,0,010,0.9986666666666667,1.0,RPM,6000.0
rule,685012,123,primary,shifted,0,1,1,011,0.9998333333333335,1.0,Gear,6000.0
rule,685012,123,primary,shifted,0,1,1,011,0.9993333333333334,1.0,RPM,6000.0
rule,685012,123,primary,shifted,1,0,0,100,0.028,0.19133333333333336,Gear,6000.0
rule,685012,123,primary,shifted,1,0,0,100,0.19200000000000003,0.3506666666666667,RPM,6000.0
rule,685012,123,primary,shifted,1,0,1,101,0.0285,0.6361666666666667,Gear,6000.0
rule,685012,123,primary,shifted,1,0,1,101,0.17116666666666666,0.8086666666666668,RPM,6000.0
rule,685012,123,primary,shifted,1,1,0,110,0.0285,0.14683333333333334,Gear,6000.0
rule,685012,123,primary,shifted,1,1,0,110,0.22233333333333336,0.3273333333333333,RPM,6000.0
rule,685012,123,primary,shifted,1,1,1,111,0.031,0.6355000000000001,Gear,6000.0
rule,685012,123,primary,shifted,1,1,1,111,0.17466666666666666,0.8275,RPM,6000.0
rule,685012,2026,primary,canonical,0,0,0,000,1.0,1.0,Gear,6000.0
rule,685012,2026,primary,canonical,0,0,0,000,0.9980000000000001,1.0,RPM,6000.0
rule,685012,2026,primary,canonical,0,0,1,001,1.0,1.0,Gear,6000.0
rule,685012,2026,primary,canonical,0,0,1,001,0.9986666666666667,1.0,RPM,6000.0
rule,685012,2026,primary,canonical,0,1,0,010,1.0,1.0,Gear,6000.0
rule,685012,2026,primary,canonical,0,1,0,010,0.9991666666666666,1.0,RPM,6000.0
rule,685012,2026,primary,canonical,0,1,1,011,1.0,1.0,Gear,6000.0
rule,685012,2026,primary,canonical,0,1,1,011,0.9994999999999999,1.0,RPM,6000.0
rule,685012,2026,primary,canonical,1,0,0,100,0.07116666666666666,0.3408333333333333,Gear,6000.0
rule,685012,2026,primary,canonical,1,0,0,100,0.23933333333333331,0.3885,RPM,6000.0
rule,685012,2026,primary,canonical,1,0,1,101,0.038,0.8029999999999999,Gear,6000.0
rule,685012,2026,primary,canonical,1,0,1,101,0.11133333333333334,0.781,RPM,6000.0
rule,685012,2026,primary,canonical,1,1,0,110,0.08933333333333333,0.314,Gear,6000.0
rule,685012,2026,primary,canonical,1,1,0,110,0.2725,0.373,RPM,6000.0
rule,685012,2026,primary,canonical,1,1,1,111,0.045000000000000005,0.8021666666666666,Gear,6000.0
rule,685012,2026,primary,canonical,1,1,1,111,0.12466666666666666,0.7919999999999999,RPM,6000.0
rule,685012,2026,primary,shifted,0,0,0,000,1.0,1.0,Gear,6000.0
rule,685012,2026,primary,shifted,0,0,0,000,0.9954999999999999,1.0,RPM,6000.0
rule,685012,2026,primary,shifted,0,0,1,001,1.0,1.0,Gear,6000.0
rule,685012,2026,primary,shifted,0,0,1,001,0.9978333333333333,1.0,RPM,6000.0
rule,685012,2026,primary,shifted,0,1,0,010,1.0,1.0,Gear,6000.0
rule,685012,2026,primary,shifted,0,1,0,010,0.9986666666666667,1.0,RPM,6000.0
rule,685012,2026,primary,shifted,0,1,1,011,1.0,1.0,Gear,6000.0
rule,685012,2026,primary,shifted,0,1,1,011,0.9993333333333334,1.0,RPM,6000.0
rule,685012,2026,primary,shifted,1,0,0,100,0.07183333333333332,0.3423333333333333,Gear,6000.0
rule,685012,2026,primary,shifted,1,0,0,100,0.242,0.38516666666666666,RPM,6000.0
rule,685012,2026,primary,shifted,1,0,1,101,0.03766666666666667,0.8039999999999999,Gear,6000.0
rule,685012,2026,primary,shifted,1,0,1,101,0.11599999999999999,0.7831666666666667,RPM,6000.0
rule,685012,2026,primary,shifted,1,1,0,110,0.08800000000000001,0.3136666666666667,Gear,6000.0
rule,685012,2026,primary,shifted,1,1,0,110,0.2668333333333333,0.36533333333333334,RPM,6000.0
rule,685012,2026,primary,shifted,1,1,1,111,0.044333333333333336,0.8029999999999999,Gear,6000.0
rule,685012,2026,primary,shifted,1,1,1,111,0.1305,0.7978333333333333,RPM,6000.0
rule,685012,3407,primary,canonical,0,0,0,000,0.9998333333333335,1.0,Gear,6000.0
rule,685012,3407,primary,canonical,0,0,0,000,0.9985,1.0,RPM,6000.0
rule,685012,3407,primary,canonical,0,0,1,001,1.0,1.0,Gear,6000.0
rule,685012,3407,primary,canonical,0,0,1,001,0.9983333333333334,1.0,RPM,6000.0
rule,685012,3407,primary,canonical,0,1,0,010,1.0,1.0,Gear,6000.0
rule,685012,3407,primary,canonical,0,1,0,010,0.9991666666666666,1.0,RPM,6000.0
rule,685012,3407,primary,canonical,0,1,1,011,1.0,1.0,Gear,6000.0
rule,685012,3407,primary,canonical,0,1,1,011,0.9991666666666666,1.0,RPM,6000.0
rule,685012,3407,primary,canonical,1,0,0,100,0.028333333333333332,0.2801666666666667,Gear,6000.0
rule,685012,3407,primary,canonical,1,0,0,100,0.27,0.3553333333333333,RPM,6000.0
rule,685012,3407,primary,canonical,1,0,1,101,0.02666666666666667,0.6798333333333333,Gear,6000.0
rule,685012,3407,primary,canonical,1,0,1,101,0.33383333333333337,0.8198333333333333,RPM,6000.0
rule,685012,3407,primary,canonical,1,1,0,110,0.031,0.2335,Gear,6000.0
rule,685012,3407,primary,canonical,1,1,0,110,0.3075,0.35600000000000004,RPM,6000.0
rule,685012,3407,primary,canonical,1,1,1,111,0.028833333333333332,0.6691666666666668,Gear,6000.0
rule,685012,3407,primary,canonical,1,1,1,111,0.33899999999999997,0.8005,RPM,6000.0
rule,685012,3407,primary,shifted,0,0,0,000,0.9998333333333335,1.0,Gear,6000.0
rule,685012,3407,primary,shifted,0,0,0,000,0.9958333333333332,1.0,RPM,6000.0
rule,685012,3407,primary,shifted,0,0,1,001,1.0,1.0,Gear,6000.0
rule,685012,3407,primary,shifted,0,0,1,001,0.9978333333333333,1.0,RPM,6000.0
rule,685012,3407,primary,shifted,0,1,0,010,1.0,1.0,Gear,6000.0
rule,685012,3407,primary,shifted,0,1,0,010,0.9983333333333334,1.0,RPM,6000.0
rule,685012,3407,primary,shifted,0,1,1,011,1.0,1.0,Gear,6000.0
rule,685012,3407,primary,shifted,0,1,1,011,0.9991666666666666,1.0,RPM,6000.0
rule,685012,3407,primary,shifted,1,0,0,100,0.028333333333333332,0.2816666666666667,Gear,6000.0
rule,685012,3407,primary,shifted,1,0,0,100,0.26666666666666666,0.3541666666666667,RPM,6000.0
rule,685012,3407,primary,shifted,1,0,1,101,0.026333333333333334,0.6811666666666666,Gear,6000.0
rule,685012,3407,primary,shifted,1,0,1,101,0.3256666666666667,0.8223333333333334,RPM,6000.0
rule,685012,3407,primary,shifted,1,1,0,110,0.03133333333333333,0.23416666666666666,Gear,6000.0
rule,685012,3407,primary,shifted,1,1,0,110,0.29916666666666664,0.3526666666666667,RPM,6000.0
rule,685012,3407,primary,shifted,1,1,1,111,0.028666666666666663,0.6723333333333333,Gear,6000.0
rule,685012,3407,primary,shifted,1,1,1,111,0.3305,0.8023333333333333,RPM,6000.0
rule,715822,7,primary,canonical,0,0,0,000,1.0,1.0,Gear,6000.0
rule,715822,7,primary,canonical,0,0,0,000,0.9986666666666667,1.0,RPM,6000.0
rule,715822,7,primary,canonical,0,0,1,001,1.0,1.0,Gear,6000.0
rule,715822,7,primary,canonical,0,0,1,001,0.9986666666666667,1.0,RPM,6000.0
rule,715822,7,primary,canonical,0,1,0,010,1.0,1.0,Gear,6000.0
rule,715822,7,primary,canonical,0,1,0,010,0.9991666666666666,1.0,RPM,6000.0
rule,715822,7,primary,canonical,0,1,1,011,1.0,1.0,Gear,6000.0
rule,715822,7,primary,canonical,0,1,1,011,0.9996666666666667,1.0,RPM,6000.0
rule,715822,7,primary,canonical,1,0,0,100,0.04583333333333334,0.31516666666666665,Gear,6000.0
rule,715822,7,primary,canonical,1,0,0,100,0.2608333333333333,0.351,RPM,6000.0
rule,715822,7,primary,canonical,1,0,1,101,0.038,0.7576666666666666,Gear,6000.0
rule,715822,7,primary,canonical,1,0,1,101,0.16933333333333334,0.6585,RPM,6000.0
rule,715822,7,primary,canonical,1,1,0,110,0.053,0.28049999999999997,Gear,6000.0
rule,715822,7,primary,canonical,1,1,0,110,0.2615,0.3136666666666667,RPM,6000.0
rule,715822,7,primary,canonical,1,1,1,111,0.04066666666666666,0.7480000000000001,Gear,6000.0
rule,715822,7,primary,canonical,1,1,1,111,0.18033333333333332,0.6393333333333333,RPM,6000.0
rule,715822,7,primary,shifted,0,0,0,000,1.0,1.0,Gear,6000.0
rule,715822,7,primary,shifted,0,0,0,000,0.9961666666666668,1.0,RPM,6000.0
rule,715822,7,primary,shifted,0,0,1,001,1.0,1.0,Gear,6000.0
rule,715822,7,primary,shifted,0,0,1,001,0.9978333333333333,1.0,RPM,6000.0
rule,715822,7,primary,shifted,0,1,0,010,1.0,1.0,Gear,6000.0
rule,715822,7,primary,shifted,0,1,0,010,0.9985,1.0,RPM,6000.0
rule,715822,7,primary,shifted,0,1,1,011,1.0,1.0,Gear,6000.0
rule,715822,7,primary,shifted,0,1,1,011,0.9991666666666666,1.0,RPM,6000.0
rule,715822,7,primary,shifted,1,0,0,100,0.04583333333333334,0.31633333333333336,Gear,6000.0
rule,715822,7,primary,shifted,1,0,0,100,0.2671666666666667,0.35799999999999993,RPM,6000.0
rule,715822,7,primary,shifted,1,0,1,101,0.03783333333333333,0.7595000000000001,Gear,6000.0
rule,715822,7,primary,shifted,1,0,1,101,0.18533333333333335,0.6761666666666667,RPM,6000.0
rule,715822,7,primary,shifted,1,1,0,110,0.052333333333333336,0.2796666666666667,Gear,6000.0
rule,715822,7,primary,shifted,1,1,0,110,0.26766666666666666,0.3185,RPM,6000.0
rule,715822,7,primary,shifted,1,1,1,111,0.0405,0.7498333333333335,Gear,6000.0
rule,715822,7,primary,shifted,1,1,1,111,0.19583333333333333,0.6585,RPM,6000.0
rule,715822,42,primary,canonical,0,0,0,000,1.0,1.0,Gear,6000.0
rule,715822,42,primary,canonical,0,0,0,000,0.9976666666666668,1.0,RPM,6000.0
rule,715822,42,primary,canonical,0,0,1,001,1.0,1.0,Gear,6000.0
rule,715822,42,primary,canonical,0,0,1,001,0.9983333333333334,1.0,RPM,6000.0
rule,715822,42,primary,canonical,0,1,0,010,1.0,1.0,Gear,6000.0
rule,715822,42,primary,canonical,0,1,0,010,0.999,1.0,RPM,6000.0
rule,715822,42,primary,canonical,0,1,1,011,1.0,1.0,Gear,6000.0
rule,715822,42,primary,canonical,0,1,1,011,0.9994999999999999,1.0,RPM,6000.0
rule,715822,42,primary,canonical,1,0,0,100,0.028,0.1895,Gear,6000.0
rule,715822,42,primary,canonical,1,0,0,100,0.08866666666666667,0.25366666666666665,RPM,6000.0
rule,715822,42,primary,canonical,1,0,1,101,0.028833333333333332,0.6116666666666667,Gear,6000.0
rule,715822,42,primary,canonical,1,0,1,101,0.085,0.5018333333333334,RPM,6000.0
rule,715822,42,primary,canonical,1,1,0,110,0.029333333333333333,0.151,Gear,6000.0
rule,715822,42,primary,canonical,1,1,0,110,0.113,0.21166666666666667,RPM,6000.0
rule,715822,42,primary,canonical,1,1,1,111,0.028999999999999998,0.6063333333333333,Gear,6000.0
rule,715822,42,primary,canonical,1,1,1,111,0.10099999999999999,0.49333333333333335,RPM,6000.0
rule,715822,42,primary,shifted,0,0,0,000,1.0,1.0,Gear,6000.0
rule,715822,42,primary,shifted,0,0,0,000,0.9956666666666667,1.0,RPM,6000.0
rule,715822,42,primary,shifted,0,0,1,001,1.0,1.0,Gear,6000.0
rule,715822,42,primary,shifted,0,0,1,001,0.9975,1.0,RPM,6000.0
rule,715822,42,primary,shifted,0,1,0,010,1.0,1.0,Gear,6000.0
rule,715822,42,primary,shifted,0,1,0,010,0.9983333333333334,1.0,RPM,6000.0
rule,715822,42,primary,shifted,0,1,1,011,1.0,1.0,Gear,6000.0
rule,715822,42,primary,shifted,0,1,1,011,0.999,1.0,RPM,6000.0
rule,715822,42,primary,shifted,1,0,0,100,0.028,0.18983333333333333,Gear,6000.0
rule,715822,42,primary,shifted,1,0,0,100,0.09300000000000001,0.25616666666666665,RPM,6000.0
rule,715822,42,primary,shifted,1,0,1,101,0.028666666666666663,0.6123333333333334,Gear,6000.0
rule,715822,42,primary,shifted,1,0,1,101,0.08950000000000001,0.5138333333333334,RPM,6000.0
rule,715822,42,primary,shifted,1,1,0,110,0.029333333333333333,0.152,Gear,6000.0
rule,715822,42,primary,shifted,1,1,0,110,0.11433333333333334,0.2125,RPM,6000.0
rule,715822,42,primary,shifted,1,1,1,111,0.029166666666666664,0.6091666666666667,Gear,6000.0
rule,715822,42,primary,shifted,1,1,1,111,0.10933333333333334,0.5081666666666667,RPM,6000.0
rule,715822,123,primary,canonical,0,0,0,000,0.9998333333333335,1.0,Gear,6000.0
rule,715822,123,primary,canonical,0,0,0,000,0.9980000000000001,1.0,RPM,6000.0
rule,715822,123,primary,canonical,0,0,1,001,0.9996666666666667,1.0,Gear,6000.0
rule,715822,123,primary,canonical,0,0,1,001,0.9983333333333334,1.0,RPM,6000.0
rule,715822,123,primary,canonical,0,1,0,010,0.9996666666666667,1.0,Gear,6000.0
rule,715822,123,primary,canonical,0,1,0,010,0.9991666666666666,1.0,RPM,6000.0
rule,715822,123,primary,canonical,0,1,1,011,0.9996666666666667,1.0,Gear,6000.0
rule,715822,123,primary,canonical,0,1,1,011,0.9993333333333334,1.0,RPM,6000.0
rule,715822,123,primary,canonical,1,0,0,100,0.03766666666666667,0.2175,Gear,6000.0
rule,715822,123,primary,canonical,1,0,0,100,0.18533333333333335,0.25416666666666665,RPM,6000.0
rule,715822,123,primary,canonical,1,0,1,101,0.04416666666666667,0.539,Gear,6000.0
rule,715822,123,primary,canonical,1,0,1,101,0.2575,0.6681666666666667,RPM,6000.0
rule,715822,123,primary,canonical,1,1,0,110,0.04083333333333333,0.17666666666666667,Gear,6000.0
rule,715822,123,primary,canonical,1,1,0,110,0.214,0.26133333333333336,RPM,6000.0
rule,715822,123,primary,canonical,1,1,1,111,0.052333333333333336,0.5245000000000001,Gear,6000.0
rule,715822,123,primary,canonical,1,1,1,111,0.28049999999999997,0.6606666666666666,RPM,6000.0
rule,715822,123,primary,shifted,0,0,0,000,0.9998333333333335,1.0,Gear,6000.0
rule,715822,123,primary,shifted,0,0,0,000,0.9958333333333335,1.0,RPM,6000.0
rule,715822,123,primary,shifted,0,0,1,001,0.9996666666666667,1.0,Gear,6000.0
rule,715822,123,primary,shifted,0,0,1,001,0.9973333333333333,1.0,RPM,6000.0
rule,715822,123,primary,shifted,0,1,0,010,0.9996666666666667,1.0,Gear,6000.0
rule,715822,123,primary,shifted,0,1,0,010,0.9985,1.0,RPM,6000.0
rule,715822,123,primary,shifted,0,1,1,011,0.9996666666666667,1.0,Gear,6000.0
rule,715822,123,primary,shifted,0,1,1,011,0.9988333333333334,1.0,RPM,6000.0
rule,715822,123,primary,shifted,1,0,0,100,0.038,0.2185,Gear,6000.0
rule,715822,123,primary,shifted,1,0,0,100,0.18533333333333335,0.2575,RPM,6000.0
rule,715822,123,primary,shifted,1,0,1,101,0.043166666666666666,0.5408333333333334,Gear,6000.0
rule,715822,123,primary,shifted,1,0,1,101,0.2628333333333333,0.68,RPM,6000.0
rule,715822,123,primary,shifted,1,1,0,110,0.0405,0.17700000000000002,Gear,6000.0
rule,715822,123,primary,shifted,1,1,0,110,0.21133333333333335,0.2615,RPM,6000.0
rule,715822,123,primary,shifted,1,1,1,111,0.051833333333333335,0.5236666666666666,Gear,6000.0
rule,715822,123,primary,shifted,1,1,1,111,0.28150000000000003,0.6733333333333333,RPM,6000.0
rule,715822,2026,primary,canonical,0,0,0,000,1.0,1.0,Gear,6000.0
rule,715822,2026,primary,canonical,0,0,0,000,0.9978333333333333,1.0,RPM,6000.0
rule,715822,2026,primary,canonical,0,0,1,001,0.9998333333333335,1.0,Gear,6000.0
rule,715822,2026,primary,canonical,0,0,1,001,0.9983333333333334,1.0,RPM,6000.0
rule,715822,2026,primary,canonical,0,1,0,010,1.0,1.0,Gear,6000.0
rule,715822,2026,primary,canonical,0,1,0,010,0.9993333333333334,1.0,RPM,6000.0
rule,715822,2026,primary,canonical,0,1,1,011,1.0,1.0,Gear,6000.0
rule,715822,2026,primary,canonical,0,1,1,011,0.9993333333333334,1.0,RPM,6000.0
rule,715822,2026,primary,canonical,1,0,0,100,0.04033333333333333,0.23883333333333334,Gear,6000.0
rule,715822,2026,primary,canonical,1,0,0,100,0.13799999999999998,0.2993333333333333,RPM,6000.0
rule,715822,2026,primary,canonical,1,0,1,101,0.03283333333333333,0.6970000000000001,Gear,6000.0
rule,715822,2026,primary,canonical,1,0,1,101,0.134,0.7111666666666666,RPM,6000.0
rule,715822,2026,primary,canonical,1,1,0,110,0.044333333333333336,0.19633333333333333,Gear,6000.0
rule,715822,2026,primary,canonical,1,1,0,110,0.1555,0.26366666666666666,RPM,6000.0
rule,715822,2026,primary,canonical,1,1,1,111,0.035333333333333335,0.684,Gear,6000.0
rule,715822,2026,primary,canonical,1,1,1,111,0.13883333333333334,0.7426666666666667,RPM,6000.0
rule,715822,2026,primary,shifted,0,0,0,000,1.0,1.0,Gear,6000.0
rule,715822,2026,primary,shifted,0,0,0,000,0.9956666666666667,1.0,RPM,6000.0
rule,715822,2026,primary,shifted,0,0,1,001,0.9998333333333335,1.0,Gear,6000.0
rule,715822,2026,primary,shifted,0,0,1,001,0.9975,1.0,RPM,6000.0
rule,715822,2026,primary,shifted,0,1,0,010,1.0,1.0,Gear,6000.0
rule,715822,2026,primary,shifted,0,1,0,010,0.9983333333333334,1.0,RPM,6000.0
rule,715822,2026,primary,shifted,0,1,1,011,1.0,1.0,Gear,6000.0
rule,715822,2026,primary,shifted,0,1,1,011,0.999,1.0,RPM,6000.0
rule,715822,2026,primary,shifted,1,0,0,100,0.03933333333333334,0.23950000000000002,Gear,6000.0
rule,715822,2026,primary,shifted,1,0,0,100,0.141,0.3,RPM,6000.0
rule,715822,2026,primary,shifted,1,0,1,101,0.03283333333333333,0.6970000000000001,Gear,6000.0
rule,715822,2026,primary,shifted,1,0,1,101,0.1325,0.7173333333333334,RPM,6000.0
rule,715822,2026,primary,shifted,1,1,0,110,0.044000000000000004,0.19833333333333333,Gear,6000.0
rule,715822,2026,primary,shifted,1,1,0,110,0.15916666666666668,0.265,RPM,6000.0
rule,715822,2026,primary,shifted,1,1,1,111,0.03516666666666667,0.684,Gear,6000.0
rule,715822,2026,primary,shifted,1,1,1,111,0.13783333333333334,0.7475,RPM,6000.0
rule,715822,3407,primary,canonical,0,0,0,000,1.0,1.0,Gear,6000.0
rule,715822,3407,primary,canonical,0,0,0,000,0.9975,1.0,RPM,6000.0
rule,715822,3407,primary,canonical,0,0,1,001,0.9998333333333335,1.0,Gear,6000.0
rule,715822,3407,primary,canonical,0,0,1,001,0.9986666666666667,1.0,RPM,6000.0
rule,715822,3407,primary,canonical,0,1,0,010,0.9996666666666667,1.0,Gear,6000.0
rule,715822,3407,primary,canonical,0,1,0,010,0.9991666666666666,1.0,RPM,6000.0
rule,715822,3407,primary,canonical,0,1,1,011,0.9998333333333335,1.0,Gear,6000.0
rule,715822,3407,primary,canonical,0,1,1,011,0.9994999999999999,1.0,RPM,6000.0
rule,715822,3407,primary,canonical,1,0,0,100,0.027,0.20583333333333334,Gear,6000.0
rule,715822,3407,primary,canonical,1,0,0,100,0.079,0.17916666666666667,RPM,6000.0
rule,715822,3407,primary,canonical,1,0,1,101,0.0305,0.681,Gear,6000.0
rule,715822,3407,primary,canonical,1,0,1,101,0.06566666666666666,0.633,RPM,6000.0
rule,715822,3407,primary,canonical,1,1,0,110,0.025666666666666667,0.15666666666666665,Gear,6000.0
rule,715822,3407,primary,canonical,1,1,0,110,0.09449999999999999,0.16233333333333333,RPM,6000.0
rule,715822,3407,primary,canonical,1,1,1,111,0.03216666666666667,0.6678333333333333,Gear,6000.0
rule,715822,3407,primary,canonical,1,1,1,111,0.06166666666666667,0.6421666666666667,RPM,6000.0
rule,715822,3407,primary,shifted,0,0,0,000,1.0,1.0,Gear,6000.0
rule,715822,3407,primary,shifted,0,0,0,000,0.9956666666666667,1.0,RPM,6000.0
rule,715822,3407,primary,shifted,0,0,1,001,0.9998333333333335,1.0,Gear,6000.0
rule,715822,3407,primary,shifted,0,0,1,001,0.9978333333333333,1.0,RPM,6000.0
rule,715822,3407,primary,shifted,0,1,0,010,0.9996666666666667,1.0,Gear,6000.0
rule,715822,3407,primary,shifted,0,1,0,010,0.9984999999999999,1.0,RPM,6000.0
rule,715822,3407,primary,shifted,0,1,1,011,0.9998333333333335,1.0,Gear,6000.0
rule,715822,3407,primary,shifted,0,1,1,011,0.9991666666666666,1.0,RPM,6000.0
rule,715822,3407,primary,shifted,1,0,0,100,0.02716666666666667,0.2061666666666667,Gear,6000.0
rule,715822,3407,primary,shifted,1,0,0,100,0.08183333333333333,0.18133333333333335,RPM,6000.0
rule,715822,3407,primary,shifted,1,0,1,101,0.0305,0.6841666666666667,Gear,6000.0
rule,715822,3407,primary,shifted,1,0,1,101,0.06983333333333333,0.6386666666666666,RPM,6000.0
rule,715822,3407,primary,shifted,1,1,0,110,0.025833333333333333,0.15733333333333333,Gear,6000.0
rule,715822,3407,primary,shifted,1,1,0,110,0.09716666666666667,0.16416666666666668,RPM,6000.0
rule,715822,3407,primary,shifted,1,1,1,111,0.03216666666666667,0.6699999999999999,Gear,6000.0
rule,715822,3407,primary,shifted,1,1,1,111,0.06433333333333334,0.6505,RPM,6000.0
rule,739263,7,primary,canonical,0,0,0,000,1.0,1.0,Gear,6000.0
rule,739263,7,primary,canonical,0,0,0,000,0.9984999999999999,1.0,RPM,6000.0
rule,739263,7,primary,canonical,0,0,1,001,1.0,1.0,Gear,6000.0
rule,739263,7,primary,canonical,0,0,1,001,0.9985,1.0,RPM,6000.0
rule,739263,7,primary,canonical,0,1,0,010,1.0,1.0,Gear,6000.0
rule,739263,7,primary,canonical,0,1,0,010,0.999,1.0,RPM,6000.0
rule,739263,7,primary,canonical,0,1,1,011,1.0,1.0,Gear,6000.0
rule,739263,7,primary,canonical,0,1,1,011,0.9996666666666667,1.0,RPM,6000.0
rule,739263,7,primary,canonical,1,0,0,100,0.036000000000000004,0.21383333333333332,Gear,6000.0
rule,739263,7,primary,canonical,1,0,0,100,0.24533333333333332,0.4681666666666667,RPM,6000.0
rule,739263,7,primary,canonical,1,0,1,101,0.03333333333333333,0.7236666666666668,Gear,6000.0
rule,739263,7,primary,canonical,1,0,1,101,0.209,0.7743333333333333,RPM,6000.0
rule,739263,7,primary,canonical,1,1,0,110,0.038,0.165,Gear,6000.0
rule,739263,7,primary,canonical,1,1,0,110,0.24683333333333332,0.43183333333333335,RPM,6000.0
rule,739263,7,primary,canonical,1,1,1,111,0.033,0.718,Gear,6000.0
rule,739263,7,primary,canonical,1,1,1,111,0.20299999999999999,0.7723333333333334,RPM,6000.0
rule,739263,7,primary,shifted,0,0,0,000,1.0,1.0,Gear,6000.0
rule,739263,7,primary,shifted,0,0,0,000,0.9958333333333332,1.0,RPM,6000.0
rule,739263,7,primary,shifted,0,0,1,001,1.0,1.0,Gear,6000.0
rule,739263,7,primary,shifted,0,0,1,001,0.9973333333333333,1.0,RPM,6000.0
rule,739263,7,primary,shifted,0,1,0,010,1.0,1.0,Gear,6000.0
rule,739263,7,primary,shifted,0,1,0,010,0.9986666666666667,1.0,RPM,6000.0
rule,739263,7,primary,shifted,0,1,1,011,1.0,1.0,Gear,6000.0
rule,739263,7,primary,shifted,0,1,1,011,0.9991666666666666,1.0,RPM,6000.0
rule,739263,7,primary,shifted,1,0,0,100,0.03616666666666667,0.2145,Gear,6000.0
rule,739263,7,primary,shifted,1,0,0,100,0.24566666666666667,0.4678333333333333,RPM,6000.0
rule,739263,7,primary,shifted,1,0,1,101,0.0335,0.7256666666666667,Gear,6000.0
rule,739263,7,primary,shifted,1,0,1,101,0.21233333333333335,0.7733333333333333,RPM,6000.0
rule,739263,7,primary,shifted,1,1,0,110,0.0375,0.1645,Gear,6000.0
rule,739263,7,primary,shifted,1,1,0,110,0.24916666666666668,0.4298333333333333,RPM,6000.0
rule,739263,7,primary,shifted,1,1,1,111,0.03283333333333333,0.7193333333333333,Gear,6000.0
rule,739263,7,primary,shifted,1,1,1,111,0.20483333333333334,0.7726666666666667,RPM,6000.0
rule,739263,42,primary,canonical,0,0,0,000,1.0,1.0,Gear,6000.0
rule,739263,42,primary,canonical,0,0,0,000,0.9978333333333333,1.0,RPM,6000.0
rule,739263,42,primary,canonical,0,0,1,001,1.0,1.0,Gear,6000.0
rule,739263,42,primary,canonical,0,0,1,001,0.9984999999999999,1.0,RPM,6000.0
rule,739263,42,primary,canonical,0,1,0,010,0.9998333333333335,1.0,Gear,6000.0
rule,739263,42,primary,canonical,0,1,0,010,0.9991666666666666,1.0,RPM,6000.0
rule,739263,42,primary,canonical,0,1,1,011,1.0,1.0,Gear,6000.0
rule,739263,42,primary,canonical,0,1,1,011,0.9994999999999999,1.0,RPM,6000.0
rule,739263,42,primary,canonical,1,0,0,100,0.029833333333333333,0.207,Gear,6000.0
rule,739263,42,primary,canonical,1,0,0,100,0.1575,0.3706666666666667,RPM,6000.0
rule,739263,42,primary,canonical,1,0,1,101,0.028,0.6858333333333334,Gear,6000.0
rule,739263,42,primary,canonical,1,0,1,101,0.10816666666666667,0.638,RPM,6000.0
rule,739263,42,primary,canonical,1,1,0,110,0.03,0.164,Gear,6000.0
rule,739263,42,primary,canonical,1,1,0,110,0.17149999999999999,0.3455,RPM,6000.0
rule,739263,42,primary,canonical,1,1,1,111,0.029166666666666664,0.6971666666666666,Gear,6000.0
rule,739263,42,primary,canonical,1,1,1,111,0.10866666666666668,0.649,RPM,6000.0
rule,739263,42,primary,shifted,0,0,0,000,1.0,1.0,Gear,6000.0
rule,739263,42,primary,shifted,0,0,0,000,0.9954999999999999,1.0,RPM,6000.0
rule,739263,42,primary,shifted,0,0,1,001,1.0,1.0,Gear,6000.0
rule,739263,42,primary,shifted,0,0,1,001,0.9980000000000001,1.0,RPM,6000.0
rule,739263,42,primary,shifted,0,1,0,010,0.9998333333333335,1.0,Gear,6000.0
rule,739263,42,primary,shifted,0,1,0,010,0.9985,1.0,RPM,6000.0
rule,739263,42,primary,shifted,0,1,1,011,1.0,1.0,Gear,6000.0
rule,739263,42,primary,shifted,0,1,1,011,0.9991666666666666,1.0,RPM,6000.0
rule,739263,42,primary,shifted,1,0,0,100,0.029666666666666664,0.20783333333333331,Gear,6000.0
rule,739263,42,primary,shifted,1,0,0,100,0.158,0.36683333333333334,RPM,6000.0
rule,739263,42,primary,shifted,1,0,1,101,0.028,0.6876666666666668,Gear,6000.0
rule,739263,42,primary,shifted,1,0,1,101,0.10816666666666667,0.6323333333333333,RPM,6000.0
rule,739263,42,primary,shifted,1,1,0,110,0.0305,0.16633333333333333,Gear,6000.0
rule,739263,42,primary,shifted,1,1,0,110,0.17166666666666666,0.3441666666666667,RPM,6000.0
rule,739263,42,primary,shifted,1,1,1,111,0.0295,0.6986666666666667,Gear,6000.0
rule,739263,42,primary,shifted,1,1,1,111,0.11116666666666668,0.6498333333333334,RPM,6000.0
rule,739263,123,primary,canonical,0,0,0,000,0.9998333333333335,1.0,Gear,6000.0
rule,739263,123,primary,canonical,0,0,0,000,0.9985,1.0,RPM,6000.0
rule,739263,123,primary,canonical,0,0,1,001,0.9998333333333335,1.0,Gear,6000.0
rule,739263,123,primary,canonical,0,0,1,001,0.999,1.0,RPM,6000.0
rule,739263,123,primary,canonical,0,1,0,010,0.9998333333333335,1.0,Gear,6000.0
rule,739263,123,primary,canonical,0,1,0,010,0.9993333333333334,1.0,RPM,6000.0
rule,739263,123,primary,canonical,0,1,1,011,0.9998333333333335,1.0,Gear,6000.0
rule,739263,123,primary,canonical,0,1,1,011,0.9994999999999999,1.0,RPM,6000.0
rule,739263,123,primary,canonical,1,0,0,100,0.03383333333333333,0.3053333333333333,Gear,6000.0
rule,739263,123,primary,canonical,1,0,0,100,0.12283333333333334,0.37316666666666665,RPM,6000.0
rule,739263,123,primary,canonical,1,0,1,101,0.030166666666666665,0.7120000000000001,Gear,6000.0
rule,739263,123,primary,canonical,1,0,1,101,0.04766666666666667,0.7368333333333333,RPM,6000.0
rule,739263,123,primary,canonical,1,1,0,110,0.035166666666666666,0.2605,Gear,6000.0
rule,739263,123,primary,canonical,1,1,0,110,0.17616666666666667,0.3875,RPM,6000.0
rule,739263,123,primary,canonical,1,1,1,111,0.03233333333333333,0.7153333333333333,Gear,6000.0
rule,739263,123,primary,canonical,1,1,1,111,0.056999999999999995,0.7831666666666667,RPM,6000.0
rule,739263,123,primary,shifted,0,0,0,000,0.9998333333333335,1.0,Gear,6000.0
rule,739263,123,primary,shifted,0,0,0,000,0.9963333333333333,1.0,RPM,6000.0
rule,739263,123,primary,shifted,0,0,1,001,0.9998333333333335,1.0,Gear,6000.0
rule,739263,123,primary,shifted,0,0,1,001,0.9983333333333334,1.0,RPM,6000.0
rule,739263,123,primary,shifted,0,1,0,010,0.9998333333333335,1.0,Gear,6000.0
rule,739263,123,primary,shifted,0,1,0,010,0.9984999999999999,1.0,RPM,6000.0
rule,739263,123,primary,shifted,0,1,1,011,0.9998333333333335,1.0,Gear,6000.0
rule,739263,123,primary,shifted,0,1,1,011,0.999,1.0,RPM,6000.0
rule,739263,123,primary,shifted,1,0,0,100,0.03383333333333333,0.3056666666666667,Gear,6000.0
rule,739263,123,primary,shifted,1,0,0,100,0.1335,0.37716666666666665,RPM,6000.0
rule,739263,123,primary,shifted,1,0,1,101,0.030333333333333334,0.7128333333333333,Gear,6000.0
rule,739263,123,primary,shifted,1,0,1,101,0.0515,0.7443333333333334,RPM,6000.0
rule,739263,123,primary,shifted,1,1,0,110,0.035333333333333335,0.26183333333333336,Gear,6000.0
rule,739263,123,primary,shifted,1,1,0,110,0.18533333333333335,0.389,RPM,6000.0
rule,739263,123,primary,shifted,1,1,1,111,0.0325,0.7171666666666666,Gear,6000.0
rule,739263,123,primary,shifted,1,1,1,111,0.06183333333333333,0.7896666666666666,RPM,6000.0
rule,739263,2026,primary,canonical,0,0,0,000,0.9998333333333335,1.0,Gear,6000.0
rule,739263,2026,primary,canonical,0,0,0,000,0.9980000000000001,1.0,RPM,6000.0
rule,739263,2026,primary,canonical,0,0,1,001,0.9998333333333335,1.0,Gear,6000.0
rule,739263,2026,primary,canonical,0,0,1,001,0.9985,1.0,RPM,6000.0
rule,739263,2026,primary,canonical,0,1,0,010,0.9998333333333335,1.0,Gear,6000.0
rule,739263,2026,primary,canonical,0,1,0,010,0.9991666666666666,1.0,RPM,6000.0
rule,739263,2026,primary,canonical,0,1,1,011,0.9998333333333335,1.0,Gear,6000.0
rule,739263,2026,primary,canonical,0,1,1,011,0.9994999999999999,1.0,RPM,6000.0
rule,739263,2026,primary,canonical,1,0,0,100,0.031166666666666665,0.24633333333333332,Gear,6000.0
rule,739263,2026,primary,canonical,1,0,0,100,0.09200000000000001,0.2085,RPM,6000.0
rule,739263,2026,primary,canonical,1,0,1,101,0.0345,0.5539999999999999,Gear,6000.0
rule,739263,2026,primary,canonical,1,0,1,101,0.06016666666666667,0.5636666666666666,RPM,6000.0
rule,739263,2026,primary,canonical,1,1,0,110,0.0315,0.20516666666666664,Gear,6000.0
rule,739263,2026,primary,canonical,1,1,0,110,0.11066666666666668,0.18766666666666665,RPM,6000.0
rule,739263,2026,primary,canonical,1,1,1,111,0.036833333333333336,0.5266666666666667,Gear,6000.0
rule,739263,2026,primary,canonical,1,1,1,111,0.0735,0.5578333333333334,RPM,6000.0
rule,739263,2026,primary,shifted,0,0,0,000,0.9998333333333335,1.0,Gear,6000.0
rule,739263,2026,primary,shifted,0,0,0,000,0.9963333333333333,1.0,RPM,6000.0
rule,739263,2026,primary,shifted,0,0,1,001,0.9998333333333335,1.0,Gear,6000.0
rule,739263,2026,primary,shifted,0,0,1,001,0.9976666666666668,1.0,RPM,6000.0
rule,739263,2026,primary,shifted,0,1,0,010,0.9998333333333335,1.0,Gear,6000.0
rule,739263,2026,primary,shifted,0,1,0,010,0.9983333333333334,1.0,RPM,6000.0
rule,739263,2026,primary,shifted,0,1,1,011,0.9998333333333335,1.0,Gear,6000.0
rule,739263,2026,primary,shifted,0,1,1,011,0.9993333333333334,1.0,RPM,6000.0
rule,739263,2026,primary,shifted,1,0,0,100,0.031,0.24666666666666667,Gear,6000.0
rule,739263,2026,primary,shifted,1,0,0,100,0.09500000000000001,0.20866666666666667,RPM,6000.0
rule,739263,2026,primary,shifted,1,0,1,101,0.034333333333333334,0.5545,Gear,6000.0
rule,739263,2026,primary,shifted,1,0,1,101,0.06266666666666666,0.5581666666666667,RPM,6000.0
rule,739263,2026,primary,shifted,1,1,0,110,0.0315,0.20533333333333334,Gear,6000.0
rule,739263,2026,primary,shifted,1,1,0,110,0.111,0.18316666666666667,RPM,6000.0
rule,739263,2026,primary,shifted,1,1,1,111,0.036833333333333336,0.5268333333333334,Gear,6000.0
rule,739263,2026,primary,shifted,1,1,1,111,0.07733333333333332,0.5535,RPM,6000.0
rule,739263,3407,primary,canonical,0,0,0,000,1.0,1.0,Gear,6000.0
rule,739263,3407,primary,canonical,0,0,0,000,0.9976666666666666,1.0,RPM,6000.0
rule,739263,3407,primary,canonical,0,0,1,001,1.0,1.0,Gear,6000.0
rule,739263,3407,primary,canonical,0,0,1,001,0.9986666666666667,1.0,RPM,6000.0
rule,739263,3407,primary,canonical,0,1,0,010,1.0,1.0,Gear,6000.0
rule,739263,3407,primary,canonical,0,1,0,010,0.9988333333333334,1.0,RPM,6000.0
rule,739263,3407,primary,canonical,0,1,1,011,1.0,1.0,Gear,6000.0
rule,739263,3407,primary,canonical,0,1,1,011,0.9998333333333335,1.0,RPM,6000.0
rule,739263,3407,primary,canonical,1,0,0,100,0.02866666666666667,0.21916666666666665,Gear,6000.0
rule,739263,3407,primary,canonical,1,0,0,100,0.06316666666666666,0.216,RPM,6000.0
rule,739263,3407,primary,canonical,1,0,1,101,0.0265,0.6531666666666667,Gear,6000.0
rule,739263,3407,primary,canonical,1,0,1,101,0.035,0.474,RPM,6000.0
rule,739263,3407,primary,canonical,1,1,0,110,0.0285,0.16383333333333333,Gear,6000.0
rule,739263,3407,primary,canonical,1,1,0,110,0.08983333333333333,0.19433333333333333,RPM,6000.0
rule,739263,3407,primary,canonical,1,1,1,111,0.02766666666666667,0.6406666666666666,Gear,6000.0
rule,739263,3407,primary,canonical,1,1,1,111,0.03816666666666667,0.4606666666666667,RPM,6000.0
rule,739263,3407,primary,shifted,0,0,0,000,1.0,1.0,Gear,6000.0
rule,739263,3407,primary,shifted,0,0,0,000,0.9955000000000002,1.0,RPM,6000.0
rule,739263,3407,primary,shifted,0,0,1,001,1.0,1.0,Gear,6000.0
rule,739263,3407,primary,shifted,0,0,1,001,0.9975,1.0,RPM,6000.0
rule,739263,3407,primary,shifted,0,1,0,010,1.0,1.0,Gear,6000.0
rule,739263,3407,primary,shifted,0,1,0,010,0.9986666666666667,1.0,RPM,6000.0
rule,739263,3407,primary,shifted,0,1,1,011,1.0,1.0,Gear,6000.0
rule,739263,3407,primary,shifted,0,1,1,011,0.9991666666666666,1.0,RPM,6000.0
rule,739263,3407,primary,shifted,1,0,0,100,0.0285,0.21866666666666668,Gear,6000.0
rule,739263,3407,primary,shifted,1,0,0,100,0.0665,0.219,RPM,6000.0
rule,739263,3407,primary,shifted,1,0,1,101,0.02666666666666667,0.6536666666666666,Gear,6000.0
rule,739263,3407,primary,shifted,1,0,1,101,0.036166666666666666,0.48933333333333334,RPM,6000.0
rule,739263,3407,primary,shifted,1,1,0,110,0.02866666666666667,0.16583333333333333,Gear,6000.0
rule,739263,3407,primary,shifted,1,1,0,110,0.09266666666666667,0.19716666666666668,RPM,6000.0
rule,739263,3407,primary,shifted,1,1,1,111,0.02766666666666667,0.642,Gear,6000.0
rule,739263,3407,primary,shifted,1,1,1,111,0.041166666666666664,0.4788333333333334,RPM,6000.0
rule,748203,7,primary,canonical,0,0,0,000,1.0,1.0,Gear,6000.0
rule,748203,7,primary,canonical,0,0,0,000,0.9978333333333333,1.0,RPM,6000.0
rule,748203,7,primary,canonical,0,0,1,001,1.0,1.0,Gear,6000.0
rule,748203,7,primary,canonical,0,0,1,001,0.9983333333333334,1.0,RPM,6000.0
rule,748203,7,primary,canonical,0,1,0,010,1.0,1.0,Gear,6000.0
rule,748203,7,primary,canonical,0,1,0,010,0.9993333333333334,1.0,RPM,6000.0
rule,748203,7,primary,canonical,0,1,1,011,1.0,1.0,Gear,6000.0
rule,748203,7,primary,canonical,0,1,1,011,0.9994999999999999,1.0,RPM,6000.0
rule,748203,7,primary,canonical,1,0,0,100,0.028333333333333335,0.249,Gear,6000.0
rule,748203,7,primary,canonical,1,0,0,100,0.223,0.36533333333333334,RPM,6000.0
rule,748203,7,primary,canonical,1,0,1,101,0.0305,0.6691666666666666,Gear,6000.0
rule,748203,7,primary,canonical,1,0,1,101,0.36466666666666664,0.8388333333333334,RPM,6000.0
rule,748203,7,primary,canonical,1,1,0,110,0.028333333333333332,0.19783333333333333,Gear,6000.0
rule,748203,7,primary,canonical,1,1,0,110,0.24749999999999997,0.3455,RPM,6000.0
rule,748203,7,primary,canonical,1,1,1,111,0.0335,0.6653333333333333,Gear,6000.0
rule,748203,7,primary,canonical,1,1,1,111,0.38199999999999995,0.8330000000000001,RPM,6000.0
rule,748203,7,primary,shifted,0,0,0,000,1.0,1.0,Gear,6000.0
rule,748203,7,primary,shifted,0,0,0,000,0.9961666666666668,1.0,RPM,6000.0
rule,748203,7,primary,shifted,0,0,1,001,1.0,1.0,Gear,6000.0
rule,748203,7,primary,shifted,0,0,1,001,0.9975,1.0,RPM,6000.0
rule,748203,7,primary,shifted,0,1,0,010,1.0,1.0,Gear,6000.0
rule,748203,7,primary,shifted,0,1,0,010,0.9984999999999999,1.0,RPM,6000.0
rule,748203,7,primary,shifted,0,1,1,011,1.0,1.0,Gear,6000.0
rule,748203,7,primary,shifted,0,1,1,011,0.9988333333333334,1.0,RPM,6000.0
rule,748203,7,primary,shifted,1,0,0,100,0.028499999999999998,0.24916666666666668,Gear,6000.0
rule,748203,7,primary,shifted,1,0,0,100,0.22566666666666668,0.36116666666666664,RPM,6000.0
rule,748203,7,primary,shifted,1,0,1,101,0.030333333333333334,0.6693333333333333,Gear,6000.0
rule,748203,7,primary,shifted,1,0,1,101,0.36966666666666664,0.8403333333333333,RPM,6000.0
rule,748203,7,primary,shifted,1,1,0,110,0.02783333333333333,0.1985,Gear,6000.0
rule,748203,7,primary,shifted,1,1,0,110,0.2571666666666667,0.3481666666666667,RPM,6000.0
rule,748203,7,primary,shifted,1,1,1,111,0.03416666666666667,0.6665,Gear,6000.0
rule,748203,7,primary,shifted,1,1,1,111,0.38199999999999995,0.8321666666666667,RPM,6000.0
rule,748203,42,primary,canonical,0,0,0,000,0.9996666666666667,1.0,Gear,6000.0
rule,748203,42,primary,canonical,0,0,0,000,0.9981666666666666,1.0,RPM,6000.0
rule,748203,42,primary,canonical,0,0,1,001,0.9998333333333335,1.0,Gear,6000.0
rule,748203,42,primary,canonical,0,0,1,001,0.9983333333333334,1.0,RPM,6000.0
rule,748203,42,primary,canonical,0,1,0,010,0.9998333333333335,1.0,Gear,6000.0
rule,748203,42,primary,canonical,0,1,0,010,0.9994999999999999,1.0,RPM,6000.0
rule,748203,42,primary,canonical,0,1,1,011,0.9998333333333335,1.0,Gear,6000.0
rule,748203,42,primary,canonical,0,1,1,011,0.9996666666666667,1.0,RPM,6000.0
rule,748203,42,primary,canonical,1,0,0,100,0.03183333333333333,0.18916666666666668,Gear,6000.0
rule,748203,42,primary,canonical,1,0,0,100,0.07966666666666668,0.19416666666666668,RPM,6000.0
rule,748203,42,primary,canonical,1,0,1,101,0.0415,0.6948333333333334,Gear,6000.0
rule,748203,42,primary,canonical,1,0,1,101,0.05583333333333334,0.3193333333333333,RPM,6000.0
rule,748203,42,primary,canonical,1,1,0,110,0.03333333333333333,0.14383333333333334,Gear,6000.0
rule,748203,42,primary,canonical,1,1,0,110,0.08650000000000001,0.16283333333333333,RPM,6000.0
rule,748203,42,primary,canonical,1,1,1,111,0.048999999999999995,0.6853333333333333,Gear,6000.0
rule,748203,42,primary,canonical,1,1,1,111,0.074,0.2925,RPM,6000.0
rule,748203,42,primary,shifted,0,0,0,000,0.9996666666666667,1.0,Gear,6000.0
rule,748203,42,primary,shifted,0,0,0,000,0.9958333333333335,1.0,RPM,6000.0
rule,748203,42,primary,shifted,0,0,1,001,0.9998333333333335,1.0,Gear,6000.0
rule,748203,42,primary,shifted,0,0,1,001,0.9980000000000001,1.0,RPM,6000.0
rule,748203,42,primary,shifted,0,1,0,010,0.9998333333333335,1.0,Gear,6000.0
rule,748203,42,primary,shifted,0,1,0,010,0.9988333333333334,1.0,RPM,6000.0
rule,748203,42,primary,shifted,0,1,1,011,0.9998333333333335,1.0,Gear,6000.0
rule,748203,42,primary,shifted,0,1,1,011,0.9991666666666666,1.0,RPM,6000.0
rule,748203,42,primary,shifted,1,0,0,100,0.03166666666666667,0.19033333333333333,Gear,6000.0
rule,748203,42,primary,shifted,1,0,0,100,0.08583333333333333,0.205,RPM,6000.0
rule,748203,42,primary,shifted,1,0,1,101,0.042,0.6963333333333334,Gear,6000.0
rule,748203,42,primary,shifted,1,0,1,101,0.06416666666666666,0.3363333333333334,RPM,6000.0
rule,748203,42,primary,shifted,1,1,0,110,0.03316666666666667,0.1455,Gear,6000.0
rule,748203,42,primary,shifted,1,1,0,110,0.09416666666666666,0.17466666666666666,RPM,6000.0
rule,748203,42,primary,shifted,1,1,1,111,0.049166666666666664,0.6883333333333334,Gear,6000.0
rule,748203,42,primary,shifted,1,1,1,111,0.08383333333333333,0.3105,RPM,6000.0
rule,748203,123,primary,canonical,0,0,0,000,1.0,1.0,Gear,6000.0
rule,748203,123,primary,canonical,0,0,0,000,0.9981666666666666,1.0,RPM,6000.0
rule,748203,123,primary,canonical,0,0,1,001,1.0,1.0,Gear,6000.0
rule,748203,123,primary,canonical,0,0,1,001,0.9980000000000001,1.0,RPM,6000.0
rule,748203,123,primary,canonical,0,1,0,010,1.0,1.0,Gear,6000.0
rule,748203,123,primary,canonical,0,1,0,010,0.9993333333333334,1.0,RPM,6000.0
rule,748203,123,primary,canonical,0,1,1,011,1.0,1.0,Gear,6000.0
rule,748203,123,primary,canonical,0,1,1,011,0.9996666666666667,1.0,RPM,6000.0
rule,748203,123,primary,canonical,1,0,0,100,0.028999999999999998,0.22066666666666668,Gear,6000.0
rule,748203,123,primary,canonical,1,0,0,100,0.08700000000000001,0.2175,RPM,6000.0
rule,748203,123,primary,canonical,1,0,1,101,0.030166666666666665,0.6603333333333333,Gear,6000.0
rule,748203,123,primary,canonical,1,0,1,101,0.04866666666666667,0.777,RPM,6000.0
rule,748203,123,primary,canonical,1,1,0,110,0.027833333333333335,0.17,Gear,6000.0
rule,748203,123,primary,canonical,1,1,0,110,0.11466666666666668,0.2115,RPM,6000.0
rule,748203,123,primary,canonical,1,1,1,111,0.03216666666666667,0.6495,Gear,6000.0
rule,748203,123,primary,canonical,1,1,1,111,0.057666666666666665,0.8055,RPM,6000.0
rule,748203,123,primary,shifted,0,0,0,000,1.0,1.0,Gear,6000.0
rule,748203,123,primary,shifted,0,0,0,000,0.996,1.0,RPM,6000.0
rule,748203,123,primary,shifted,0,0,1,001,1.0,1.0,Gear,6000.0
rule,748203,123,primary,shifted,0,0,1,001,0.9975,1.0,RPM,6000.0
rule,748203,123,primary,shifted,0,1,0,010,1.0,1.0,Gear,6000.0
rule,748203,123,primary,shifted,0,1,0,010,0.9988333333333334,1.0,RPM,6000.0
rule,748203,123,primary,shifted,0,1,1,011,1.0,1.0,Gear,6000.0
rule,748203,123,primary,shifted,0,1,1,011,0.999,1.0,RPM,6000.0
rule,748203,123,primary,shifted,1,0,0,100,0.029166666666666664,0.22183333333333333,Gear,6000.0
rule,748203,123,primary,shifted,1,0,0,100,0.08316666666666667,0.2155,RPM,6000.0
rule,748203,123,primary,shifted,1,0,1,101,0.03,0.6618333333333334,Gear,6000.0
rule,748203,123,primary,shifted,1,0,1,101,0.05383333333333334,0.7871666666666667,RPM,6000.0
rule,748203,123,primary,shifted,1,1,0,110,0.027833333333333335,0.17066666666666666,Gear,6000.0
rule,748203,123,primary,shifted,1,1,0,110,0.111,0.2061666666666667,RPM,6000.0
rule,748203,123,primary,shifted,1,1,1,111,0.03183333333333333,0.6513333333333333,Gear,6000.0
rule,748203,123,primary,shifted,1,1,1,111,0.066,0.8085,RPM,6000.0
rule,748203,2026,primary,canonical,0,0,0,000,0.9998333333333335,1.0,Gear,6000.0
rule,748203,2026,primary,canonical,0,0,0,000,0.9981666666666666,1.0,RPM,6000.0
rule,748203,2026,primary,canonical,0,0,1,001,1.0,1.0,Gear,6000.0
rule,748203,2026,primary,canonical,0,0,1,001,0.9988333333333334,1.0,RPM,6000.0
rule,748203,2026,primary,canonical,0,1,0,010,1.0,1.0,Gear,6000.0
rule,748203,2026,primary,canonical,0,1,0,010,0.9993333333333334,1.0,RPM,6000.0
rule,748203,2026,primary,canonical,0,1,1,011,1.0,1.0,Gear,6000.0
rule,748203,2026,primary,canonical,0,1,1,011,0.9996666666666667,1.0,RPM,6000.0
rule,748203,2026,primary,canonical,1,0,0,100,0.04966666666666667,0.3036666666666667,Gear,6000.0
rule,748203,2026,primary,canonical,1,0,0,100,0.3665,0.5451666666666667,RPM,6000.0
rule,748203,2026,primary,canonical,1,0,1,101,0.041166666666666664,0.8455,Gear,6000.0
rule,748203,2026,primary,canonical,1,0,1,101,0.13483333333333333,0.8713333333333333,RPM,6000.0
rule,748203,2026,primary,canonical,1,1,0,110,0.06083333333333333,0.262,Gear,6000.0
rule,748203,2026,primary,canonical,1,1,0,110,0.389,0.5325000000000001,RPM,6000.0
rule,748203,2026,primary,canonical,1,1,1,111,0.051333333333333335,0.8643333333333333,Gear,6000.0
rule,748203,2026,primary,canonical,1,1,1,111,0.13849999999999998,0.8813333333333334,RPM,6000.0
rule,748203,2026,primary,shifted,0,0,0,000,0.9998333333333335,1.0,Gear,6000.0
rule,748203,2026,primary,shifted,0,0,0,000,0.9958333333333332,1.0,RPM,6000.0
rule,748203,2026,primary,shifted,0,0,1,001,1.0,1.0,Gear,6000.0
rule,748203,2026,primary,shifted,0,0,1,001,0.9976666666666668,1.0,RPM,6000.0
rule,748203,2026,primary,shifted,0,1,0,010,1.0,1.0,Gear,6000.0
rule,748203,2026,primary,shifted,0,1,0,010,0.9979999999999999,1.0,RPM,6000.0
rule,748203,2026,primary,shifted,0,1,1,011,1.0,1.0,Gear,6000.0
rule,748203,2026,primary,shifted,0,1,1,011,0.999,1.0,RPM,6000.0
rule,748203,2026,primary,shifted,1,0,0,100,0.04916666666666667,0.30283333333333334,Gear,6000.0
rule,748203,2026,primary,shifted,1,0,0,100,0.3538333333333334,0.5363333333333333,RPM,6000.0
rule,748203,2026,primary,shifted,1,0,1,101,0.04133333333333333,0.8441666666666666,Gear,6000.0
rule,748203,2026,primary,shifted,1,0,1,101,0.13033333333333333,0.8770000000000001,RPM,6000.0
rule,748203,2026,primary,shifted,1,1,0,110,0.05983333333333333,0.2615,Gear,6000.0
rule,748203,2026,primary,shifted,1,1,0,110,0.3821666666666667,0.5281666666666667,RPM,6000.0
rule,748203,2026,primary,shifted,1,1,1,111,0.051,0.8651666666666666,Gear,6000.0
rule,748203,2026,primary,shifted,1,1,1,111,0.13683333333333333,0.8873333333333333,RPM,6000.0
rule,748203,3407,primary,canonical,0,0,0,000,0.9998333333333335,1.0,Gear,6000.0
rule,748203,3407,primary,canonical,0,0,0,000,0.9983333333333334,1.0,RPM,6000.0
rule,748203,3407,primary,canonical,0,0,1,001,1.0,1.0,Gear,6000.0
rule,748203,3407,primary,canonical,0,0,1,001,0.9986666666666667,1.0,RPM,6000.0
rule,748203,3407,primary,canonical,0,1,0,010,1.0,1.0,Gear,6000.0
rule,748203,3407,primary,canonical,0,1,0,010,0.9991666666666666,1.0,RPM,6000.0
rule,748203,3407,primary,canonical,0,1,1,011,1.0,1.0,Gear,6000.0
rule,748203,3407,primary,canonical,0,1,1,011,0.9994999999999999,1.0,RPM,6000.0
rule,748203,3407,primary,canonical,1,0,0,100,0.0365,0.18999999999999997,Gear,6000.0
rule,748203,3407,primary,canonical,1,0,0,100,0.19983333333333334,0.3765,RPM,6000.0
rule,748203,3407,primary,canonical,1,0,1,101,0.0305,0.6973333333333332,Gear,6000.0
rule,748203,3407,primary,canonical,1,0,1,101,0.11283333333333334,0.7195,RPM,6000.0
rule,748203,3407,primary,canonical,1,1,0,110,0.0375,0.1585,Gear,6000.0
rule,748203,3407,primary,canonical,1,1,0,110,0.23716666666666666,0.3725,RPM,6000.0
rule,748203,3407,primary,canonical,1,1,1,111,0.030166666666666665,0.6851666666666666,Gear,6000.0
rule,748203,3407,primary,canonical,1,1,1,111,0.11216666666666668,0.7351666666666666,RPM,6000.0
rule,748203,3407,primary,shifted,0,0,0,000,0.9998333333333335,1.0,Gear,6000.0
rule,748203,3407,primary,shifted,0,0,0,000,0.9958333333333332,1.0,RPM,6000.0
rule,748203,3407,primary,shifted,0,0,1,001,1.0,1.0,Gear,6000.0
rule,748203,3407,primary,shifted,0,0,1,001,0.9973333333333333,1.0,RPM,6000.0
rule,748203,3407,primary,shifted,0,1,0,010,1.0,1.0,Gear,6000.0
rule,748203,3407,primary,shifted,0,1,0,010,0.9979999999999999,1.0,RPM,6000.0
rule,748203,3407,primary,shifted,0,1,1,011,1.0,1.0,Gear,6000.0
rule,748203,3407,primary,shifted,0,1,1,011,0.9993333333333334,1.0,RPM,6000.0
rule,748203,3407,primary,shifted,1,0,0,100,0.035833333333333335,0.19033333333333333,Gear,6000.0
rule,748203,3407,primary,shifted,1,0,0,100,0.20866666666666667,0.37799999999999995,RPM,6000.0
rule,748203,3407,primary,shifted,1,0,1,101,0.0305,0.6985,Gear,6000.0
rule,748203,3407,primary,shifted,1,0,1,101,0.12366666666666666,0.7276666666666666,RPM,6000.0
rule,748203,3407,primary,shifted,1,1,0,110,0.037333333333333336,0.1585,Gear,6000.0
rule,748203,3407,primary,shifted,1,1,0,110,0.24716666666666667,0.38033333333333336,RPM,6000.0
rule,748203,3407,primary,shifted,1,1,1,111,0.030166666666666665,0.6861666666666667,Gear,6000.0
rule,748203,3407,primary,shifted,1,1,1,111,0.12233333333333334,0.7383333333333333,RPM,6000.0
rule,820632,7,primary,canonical,0,0,0,000,1.0,1.0,Gear,6000.0
rule,820632,7,primary,canonical,0,0,0,000,0.9981666666666668,1.0,RPM,6000.0
rule,820632,7,primary,canonical,0,0,1,001,1.0,1.0,Gear,6000.0
rule,820632,7,primary,canonical,0,0,1,001,0.999,1.0,RPM,6000.0
rule,820632,7,primary,canonical,0,1,0,010,1.0,1.0,Gear,6000.0
rule,820632,7,primary,canonical,0,1,0,010,0.9993333333333334,1.0,RPM,6000.0
rule,820632,7,primary,canonical,0,1,1,011,1.0,1.0,Gear,6000.0
rule,820632,7,primary,canonical,0,1,1,011,0.9998333333333335,1.0,RPM,6000.0
rule,820632,7,primary,canonical,1,0,0,100,0.052,0.28600000000000003,Gear,6000.0
rule,820632,7,primary,canonical,1,0,0,100,0.13833333333333334,0.3133333333333333,RPM,6000.0
rule,820632,7,primary,canonical,1,0,1,101,0.0345,0.6381666666666667,Gear,6000.0
rule,820632,7,primary,canonical,1,0,1,101,0.048999999999999995,0.6701666666666667,RPM,6000.0
rule,820632,7,primary,canonical,1,1,0,110,0.06,0.2531666666666667,Gear,6000.0
rule,820632,7,primary,canonical,1,1,0,110,0.1825,0.3013333333333333,RPM,6000.0
rule,820632,7,primary,canonical,1,1,1,111,0.034,0.6448333333333334,Gear,6000.0
rule,820632,7,primary,canonical,1,1,1,111,0.043333333333333335,0.6906666666666667,RPM,6000.0
rule,820632,7,primary,shifted,0,0,0,000,1.0,1.0,Gear,6000.0
rule,820632,7,primary,shifted,0,0,0,000,0.9961666666666668,1.0,RPM,6000.0
rule,820632,7,primary,shifted,0,0,1,001,1.0,1.0,Gear,6000.0
rule,820632,7,primary,shifted,0,0,1,001,0.9976666666666668,1.0,RPM,6000.0
rule,820632,7,primary,shifted,0,1,0,010,1.0,1.0,Gear,6000.0
rule,820632,7,primary,shifted,0,1,0,010,0.9988333333333334,1.0,RPM,6000.0
rule,820632,7,primary,shifted,0,1,1,011,1.0,1.0,Gear,6000.0
rule,820632,7,primary,shifted,0,1,1,011,0.999,1.0,RPM,6000.0
rule,820632,7,primary,shifted,1,0,0,100,0.052,0.2871666666666666,Gear,6000.0
rule,820632,7,primary,shifted,1,0,0,100,0.13283333333333333,0.30216666666666664,RPM,6000.0
rule,820632,7,primary,shifted,1,0,1,101,0.03416666666666667,0.6391666666666667,Gear,6000.0
rule,820632,7,primary,shifted,1,0,1,101,0.04666666666666667,0.6723333333333333,RPM,6000.0
rule,820632,7,primary,shifted,1,1,0,110,0.0595,0.253,Gear,6000.0
rule,820632,7,primary,shifted,1,1,0,110,0.1738333333333333,0.2891666666666666,RPM,6000.0
rule,820632,7,primary,shifted,1,1,1,111,0.03416666666666667,0.646,Gear,6000.0
rule,820632,7,primary,shifted,1,1,1,111,0.042333333333333334,0.6960000000000001,RPM,6000.0
rule,820632,42,primary,canonical,0,0,0,000,1.0,1.0,Gear,6000.0
rule,820632,42,primary,canonical,0,0,0,000,0.9983333333333334,1.0,RPM,6000.0
rule,820632,42,primary,canonical,0,0,1,001,1.0,1.0,Gear,6000.0
rule,820632,42,primary,canonical,0,0,1,001,0.9986666666666667,1.0,RPM,6000.0
rule,820632,42,primary,canonical,0,1,0,010,1.0,1.0,Gear,6000.0
rule,820632,42,primary,canonical,0,1,0,010,0.9991666666666666,1.0,RPM,6000.0
rule,820632,42,primary,canonical,0,1,1,011,1.0,1.0,Gear,6000.0
rule,820632,42,primary,canonical,0,1,1,011,0.9996666666666667,1.0,RPM,6000.0
rule,820632,42,primary,canonical,1,0,0,100,0.11399999999999999,0.33866666666666667,Gear,6000.0
rule,820632,42,primary,canonical,1,0,0,100,0.1366666666666667,0.3213333333333333,RPM,6000.0
rule,820632,42,primary,canonical,1,0,1,101,0.04883333333333333,0.7006666666666667,Gear,6000.0
rule,820632,42,primary,canonical,1,0,1,101,0.09849999999999999,0.6443333333333333,RPM,6000.0
rule,820632,42,primary,canonical,1,1,0,110,0.12033333333333333,0.30466666666666664,Gear,6000.0
rule,820632,42,primary,canonical,1,1,0,110,0.17700000000000002,0.307,RPM,6000.0
rule,820632,42,primary,canonical,1,1,1,111,0.058166666666666665,0.6955,Gear,6000.0
rule,820632,42,primary,canonical,1,1,1,111,0.10833333333333334,0.6516666666666667,RPM,6000.0
rule,820632,42,primary,shifted,0,0,0,000,1.0,1.0,Gear,6000.0
rule,820632,42,primary,shifted,0,0,0,000,0.9958333333333332,1.0,RPM,6000.0
rule,820632,42,primary,shifted,0,0,1,001,1.0,1.0,Gear,6000.0
rule,820632,42,primary,shifted,0,0,1,001,0.9976666666666666,1.0,RPM,6000.0
rule,820632,42,primary,shifted,0,1,0,010,1.0,1.0,Gear,6000.0
rule,820632,42,primary,shifted,0,1,0,010,0.9984999999999999,1.0,RPM,6000.0
rule,820632,42,primary,shifted,0,1,1,011,1.0,1.0,Gear,6000.0
rule,820632,42,primary,shifted,0,1,1,011,0.999,1.0,RPM,6000.0
rule,820632,42,primary,shifted,1,0,0,100,0.11316666666666668,0.3403333333333333,Gear,6000.0
rule,820632,42,primary,shifted,1,0,0,100,0.1406666666666667,0.32183333333333336,RPM,6000.0
rule,820632,42,primary,shifted,1,0,1,101,0.04883333333333333,0.7006666666666667,Gear,6000.0
rule,820632,42,primary,shifted,1,0,1,101,0.10183333333333333,0.6536666666666666,RPM,6000.0
rule,820632,42,primary,shifted,1,1,0,110,0.11883333333333335,0.30383333333333334,Gear,6000.0
rule,820632,42,primary,shifted,1,1,0,110,0.18283333333333332,0.3155,RPM,6000.0
rule,820632,42,primary,shifted,1,1,1,111,0.057166666666666664,0.6960000000000001,Gear,6000.0
rule,820632,42,primary,shifted,1,1,1,111,0.11233333333333334,0.6626666666666666,RPM,6000.0
rule,820632,123,primary,canonical,0,0,0,000,1.0,1.0,Gear,6000.0
rule,820632,123,primary,canonical,0,0,0,000,0.9983333333333334,1.0,RPM,6000.0
rule,820632,123,primary,canonical,0,0,1,001,0.9998333333333335,1.0,Gear,6000.0
rule,820632,123,primary,canonical,0,0,1,001,0.9985,1.0,RPM,6000.0
rule,820632,123,primary,canonical,0,1,0,010,0.9998333333333335,1.0,Gear,6000.0
rule,820632,123,primary,canonical,0,1,0,010,0.9993333333333334,1.0,RPM,6000.0
rule,820632,123,primary,canonical,0,1,1,011,0.9998333333333335,1.0,Gear,6000.0
rule,820632,123,primary,canonical,0,1,1,011,0.9996666666666667,1.0,RPM,6000.0
rule,820632,123,primary,canonical,1,0,0,100,0.02816666666666667,0.26583333333333337,Gear,6000.0
rule,820632,123,primary,canonical,1,0,0,100,0.03816666666666666,0.23950000000000002,RPM,6000.0
rule,820632,123,primary,canonical,1,0,1,101,0.030833333333333334,0.5625,Gear,6000.0
rule,820632,123,primary,canonical,1,0,1,101,0.03866666666666666,0.5826666666666666,RPM,6000.0
rule,820632,123,primary,canonical,1,1,0,110,0.028333333333333332,0.215,Gear,6000.0
rule,820632,123,primary,canonical,1,1,0,110,0.04,0.1915,RPM,6000.0
rule,820632,123,primary,canonical,1,1,1,111,0.030166666666666665,0.5613333333333334,Gear,6000.0
rule,820632,123,primary,canonical,1,1,1,111,0.03933333333333333,0.5973333333333334,RPM,6000.0
rule,820632,123,primary,shifted,0,0,0,000,1.0,1.0,Gear,6000.0
rule,820632,123,primary,shifted,0,0,0,000,0.9963333333333333,1.0,RPM,6000.0
rule,820632,123,primary,shifted,0,0,1,001,0.9998333333333335,1.0,Gear,6000.0
rule,820632,123,primary,shifted,0,0,1,001,0.9976666666666668,1.0,RPM,6000.0
rule,820632,123,primary,shifted,0,1,0,010,0.9998333333333335,1.0,Gear,6000.0
rule,820632,123,primary,shifted,0,1,0,010,0.9986666666666667,1.0,RPM,6000.0
rule,820632,123,primary,shifted,0,1,1,011,0.9998333333333335,1.0,Gear,6000.0
rule,820632,123,primary,shifted,0,1,1,011,0.9991666666666666,1.0,RPM,6000.0
rule,820632,123,primary,shifted,1,0,0,100,0.02816666666666667,0.2671666666666667,Gear,6000.0
rule,820632,123,primary,shifted,1,0,0,100,0.03816666666666666,0.23033333333333336,RPM,6000.0
rule,820632,123,primary,shifted,1,0,1,101,0.030666666666666665,0.5645,Gear,6000.0
rule,820632,123,primary,shifted,1,0,1,101,0.0395,0.588,RPM,6000.0
rule,820632,123,primary,shifted,1,1,0,110,0.028333333333333332,0.21683333333333332,Gear,6000.0
rule,820632,123,primary,shifted,1,1,0,110,0.04,0.1865,RPM,6000.0
rule,820632,123,primary,shifted,1,1,1,111,0.03,0.5638333333333333,Gear,6000.0
rule,820632,123,primary,shifted,1,1,1,111,0.03916666666666666,0.6068333333333333,RPM,6000.0
rule,820632,2026,primary,canonical,0,0,0,000,0.9998333333333335,1.0,Gear,6000.0
rule,820632,2026,primary,canonical,0,0,0,000,0.9976666666666668,1.0,RPM,6000.0
rule,820632,2026,primary,canonical,0,0,1,001,0.9996666666666667,1.0,Gear,6000.0
rule,820632,2026,primary,canonical,0,0,1,001,0.9988333333333334,1.0,RPM,6000.0
rule,820632,2026,primary,canonical,0,1,0,010,1.0,1.0,Gear,6000.0
rule,820632,2026,primary,canonical,0,1,0,010,0.999,1.0,RPM,6000.0
rule,820632,2026,primary,canonical,0,1,1,011,1.0,1.0,Gear,6000.0
rule,820632,2026,primary,canonical,0,1,1,011,0.9996666666666667,1.0,RPM,6000.0
rule,820632,2026,primary,canonical,1,0,0,100,0.03916666666666667,0.1805,Gear,6000.0
rule,820632,2026,primary,canonical,1,0,0,100,0.11299999999999999,0.17600000000000002,RPM,6000.0
rule,820632,2026,primary,canonical,1,0,1,101,0.0355,0.413,Gear,6000.0
rule,820632,2026,primary,canonical,1,0,1,101,0.14983333333333335,0.4751666666666667,RPM,6000.0
rule,820632,2026,primary,canonical,1,1,0,110,0.036000000000000004,0.1425,Gear,6000.0
rule,820632,2026,primary,canonical,1,1,0,110,0.13,0.16,RPM,6000.0
rule,820632,2026,primary,canonical,1,1,1,111,0.03816666666666667,0.3678333333333333,Gear,6000.0
rule,820632,2026,primary,canonical,1,1,1,111,0.15883333333333333,0.434,RPM,6000.0
rule,820632,2026,primary,shifted,0,0,0,000,0.9998333333333335,1.0,Gear,6000.0
rule,820632,2026,primary,shifted,0,0,0,000,0.9950000000000001,1.0,RPM,6000.0
rule,820632,2026,primary,shifted,0,0,1,001,0.9996666666666667,1.0,Gear,6000.0
rule,820632,2026,primary,shifted,0,0,1,001,0.9973333333333333,1.0,RPM,6000.0
rule,820632,2026,primary,shifted,0,1,0,010,1.0,1.0,Gear,6000.0
rule,820632,2026,primary,shifted,0,1,0,010,0.9981666666666666,1.0,RPM,6000.0
rule,820632,2026,primary,shifted,0,1,1,011,1.0,1.0,Gear,6000.0
rule,820632,2026,primary,shifted,0,1,1,011,0.9986666666666667,1.0,RPM,6000.0
rule,820632,2026,primary,shifted,1,0,0,100,0.03933333333333334,0.18100000000000002,Gear,6000.0
rule,820632,2026,primary,shifted,1,0,0,100,0.12016666666666666,0.18233333333333332,RPM,6000.0
rule,820632,2026,primary,shifted,1,0,1,101,0.0355,0.4143333333333333,Gear,6000.0
rule,820632,2026,primary,shifted,1,0,1,101,0.15633333333333332,0.48500000000000004,RPM,6000.0
rule,820632,2026,primary,shifted,1,1,0,110,0.035833333333333335,0.14300000000000002,Gear,6000.0
rule,820632,2026,primary,shifted,1,1,0,110,0.13433333333333333,0.16516666666666666,RPM,6000.0
rule,820632,2026,primary,shifted,1,1,1,111,0.03833333333333333,0.36833333333333335,Gear,6000.0
rule,820632,2026,primary,shifted,1,1,1,111,0.16216666666666665,0.44416666666666665,RPM,6000.0
rule,820632,3407,primary,canonical,0,0,0,000,0.9998333333333335,1.0,Gear,6000.0
rule,820632,3407,primary,canonical,0,0,0,000,0.9975,1.0,RPM,6000.0
rule,820632,3407,primary,canonical,0,0,1,001,0.9996666666666667,1.0,Gear,6000.0
rule,820632,3407,primary,canonical,0,0,1,001,0.9979999999999999,1.0,RPM,6000.0
rule,820632,3407,primary,canonical,0,1,0,010,0.9996666666666667,1.0,Gear,6000.0
rule,820632,3407,primary,canonical,0,1,0,010,0.9993333333333334,1.0,RPM,6000.0
rule,820632,3407,primary,canonical,0,1,1,011,0.9998333333333335,1.0,Gear,6000.0
rule,820632,3407,primary,canonical,0,1,1,011,0.9993333333333334,1.0,RPM,6000.0
rule,820632,3407,primary,canonical,1,0,0,100,0.038,0.26533333333333337,Gear,6000.0
rule,820632,3407,primary,canonical,1,0,0,100,0.08683333333333333,0.245,RPM,6000.0
rule,820632,3407,primary,canonical,1,0,1,101,0.030333333333333334,0.7843333333333334,Gear,6000.0
rule,820632,3407,primary,canonical,1,0,1,101,0.068,0.6521666666666667,RPM,6000.0
rule,820632,3407,primary,canonical,1,1,0,110,0.041666666666666664,0.22583333333333333,Gear,6000.0
rule,820632,3407,primary,canonical,1,1,0,110,0.09649999999999999,0.20950000000000002,RPM,6000.0
rule,820632,3407,primary,canonical,1,1,1,111,0.0325,0.7918333333333334,Gear,6000.0
rule,820632,3407,primary,canonical,1,1,1,111,0.05983333333333333,0.6606666666666666,RPM,6000.0
rule,820632,3407,primary,shifted,0,0,0,000,0.9998333333333335,1.0,Gear,6000.0
rule,820632,3407,primary,shifted,0,0,0,000,0.9956666666666667,1.0,RPM,6000.0
rule,820632,3407,primary,shifted,0,0,1,001,0.9996666666666667,1.0,Gear,6000.0
rule,820632,3407,primary,shifted,0,0,1,001,0.9976666666666668,1.0,RPM,6000.0
rule,820632,3407,primary,shifted,0,1,0,010,0.9996666666666667,1.0,Gear,6000.0
rule,820632,3407,primary,shifted,0,1,0,010,0.9981666666666668,1.0,RPM,6000.0
rule,820632,3407,primary,shifted,0,1,1,011,0.9998333333333335,1.0,Gear,6000.0
rule,820632,3407,primary,shifted,0,1,1,011,0.9986666666666667,1.0,RPM,6000.0
rule,820632,3407,primary,shifted,1,0,0,100,0.038,0.2671666666666667,Gear,6000.0
rule,820632,3407,primary,shifted,1,0,0,100,0.08883333333333333,0.2515,RPM,6000.0
rule,820632,3407,primary,shifted,1,0,1,101,0.030166666666666665,0.7853333333333333,Gear,6000.0
rule,820632,3407,primary,shifted,1,0,1,101,0.07216666666666667,0.6688333333333333,RPM,6000.0
rule,820632,3407,primary,shifted,1,1,0,110,0.041833333333333333,0.22716666666666666,Gear,6000.0
rule,820632,3407,primary,shifted,1,1,0,110,0.10133333333333333,0.2155,RPM,6000.0
rule,820632,3407,primary,shifted,1,1,1,111,0.03233333333333333,0.7926666666666667,Gear,6000.0
rule,820632,3407,primary,shifted,1,1,1,111,0.06583333333333334,0.6756666666666667,RPM,6000.0
rule,837943,7,primary,canonical,0,0,0,000,1.0,1.0,Gear,6000.0
rule,837943,7,primary,canonical,0,0,0,000,0.9981666666666666,1.0,RPM,6000.0
rule,837943,7,primary,canonical,0,0,1,001,1.0,1.0,Gear,6000.0
rule,837943,7,primary,canonical,0,0,1,001,0.9985,1.0,RPM,6000.0
rule,837943,7,primary,canonical,0,1,0,010,1.0,1.0,Gear,6000.0
rule,837943,7,primary,canonical,0,1,0,010,0.9991666666666666,1.0,RPM,6000.0
rule,837943,7,primary,canonical,0,1,1,011,1.0,1.0,Gear,6000.0
rule,837943,7,primary,canonical,0,1,1,011,0.9993333333333334,1.0,RPM,6000.0
rule,837943,7,primary,canonical,1,0,0,100,0.08416666666666667,0.2778333333333333,Gear,6000.0
rule,837943,7,primary,canonical,1,0,0,100,0.3448333333333333,0.4326666666666667,RPM,6000.0
rule,837943,7,primary,canonical,1,0,1,101,0.04616666666666667,0.7765,Gear,6000.0
rule,837943,7,primary,canonical,1,0,1,101,0.5043333333333333,0.8544999999999999,RPM,6000.0
rule,837943,7,primary,canonical,1,1,0,110,0.09766666666666668,0.25533333333333336,Gear,6000.0
rule,837943,7,primary,canonical,1,1,0,110,0.35316666666666663,0.41733333333333333,RPM,6000.0
rule,837943,7,primary,canonical,1,1,1,111,0.0535,0.7885,Gear,6000.0
rule,837943,7,primary,canonical,1,1,1,111,0.515,0.8388333333333332,RPM,6000.0
rule,837943,7,primary,shifted,0,0,0,000,1.0,1.0,Gear,6000.0
rule,837943,7,primary,shifted,0,0,0,000,0.9958333333333332,1.0,RPM,6000.0
rule,837943,7,primary,shifted,0,0,1,001,1.0,1.0,Gear,6000.0
rule,837943,7,primary,shifted,0,0,1,001,0.9975,1.0,RPM,6000.0
rule,837943,7,primary,shifted,0,1,0,010,1.0,1.0,Gear,6000.0
rule,837943,7,primary,shifted,0,1,0,010,0.9978333333333333,1.0,RPM,6000.0
rule,837943,7,primary,shifted,0,1,1,011,1.0,1.0,Gear,6000.0
rule,837943,7,primary,shifted,0,1,1,011,0.9986666666666667,1.0,RPM,6000.0
rule,837943,7,primary,shifted,1,0,0,100,0.0845,0.2798333333333333,Gear,6000.0
rule,837943,7,primary,shifted,1,0,0,100,0.3358333333333334,0.42366666666666664,RPM,6000.0
rule,837943,7,primary,shifted,1,0,1,101,0.045500000000000006,0.7773333333333333,Gear,6000.0
rule,837943,7,primary,shifted,1,0,1,101,0.49833333333333335,0.8548333333333332,RPM,6000.0
rule,837943,7,primary,shifted,1,1,0,110,0.09766666666666667,0.2555,Gear,6000.0
rule,837943,7,primary,shifted,1,1,0,110,0.3418333333333334,0.40650000000000003,RPM,6000.0
rule,837943,7,primary,shifted,1,1,1,111,0.05316666666666667,0.7886666666666667,Gear,6000.0
rule,837943,7,primary,shifted,1,1,1,111,0.508,0.8401666666666667,RPM,6000.0
rule,837943,42,primary,canonical,0,0,0,000,1.0,1.0,Gear,6000.0
rule,837943,42,primary,canonical,0,0,0,000,0.9979999999999999,1.0,RPM,6000.0
rule,837943,42,primary,canonical,0,0,1,001,1.0,1.0,Gear,6000.0
rule,837943,42,primary,canonical,0,0,1,001,0.9988333333333334,1.0,RPM,6000.0
rule,837943,42,primary,canonical,0,1,0,010,1.0,1.0,Gear,6000.0
rule,837943,42,primary,canonical,0,1,0,010,0.999,1.0,RPM,6000.0
rule,837943,42,primary,canonical,0,1,1,011,1.0,1.0,Gear,6000.0
rule,837943,42,primary,canonical,0,1,1,011,0.9994999999999999,1.0,RPM,6000.0
rule,837943,42,primary,canonical,1,0,0,100,0.042666666666666665,0.24966666666666668,Gear,6000.0
rule,837943,42,primary,canonical,1,0,0,100,0.2768333333333333,0.4698333333333333,RPM,6000.0
rule,837943,42,primary,canonical,1,0,1,101,0.044333333333333336,0.677,Gear,6000.0
rule,837943,42,primary,canonical,1,0,1,101,0.17533333333333334,0.669,RPM,6000.0
rule,837943,42,primary,canonical,1,1,0,110,0.043833333333333335,0.2041666666666667,Gear,6000.0
rule,837943,42,primary,canonical,1,1,0,110,0.29116666666666663,0.43416666666666665,RPM,6000.0
rule,837943,42,primary,canonical,1,1,1,111,0.0535,0.6733333333333333,Gear,6000.0
rule,837943,42,primary,canonical,1,1,1,111,0.18899999999999997,0.6623333333333333,RPM,6000.0
rule,837943,42,primary,shifted,0,0,0,000,1.0,1.0,Gear,6000.0
rule,837943,42,primary,shifted,0,0,0,000,0.9961666666666668,1.0,RPM,6000.0
rule,837943,42,primary,shifted,0,0,1,001,1.0,1.0,Gear,6000.0
rule,837943,42,primary,shifted,0,0,1,001,0.9983333333333334,1.0,RPM,6000.0
rule,837943,42,primary,shifted,0,1,0,010,1.0,1.0,Gear,6000.0
rule,837943,42,primary,shifted,0,1,0,010,0.999,1.0,RPM,6000.0
rule,837943,42,primary,shifted,0,1,1,011,1.0,1.0,Gear,6000.0
rule,837943,42,primary,shifted,0,1,1,011,0.999,1.0,RPM,6000.0
rule,837943,42,primary,shifted,1,0,0,100,0.042666666666666665,0.25066666666666665,Gear,6000.0
rule,837943,42,primary,shifted,1,0,0,100,0.2795,0.474,RPM,6000.0
rule,837943,42,primary,shifted,1,0,1,101,0.043666666666666666,0.6763333333333333,Gear,6000.0
rule,837943,42,primary,shifted,1,0,1,101,0.17983333333333332,0.6715,RPM,6000.0
rule,837943,42,primary,shifted,1,1,0,110,0.043666666666666666,0.20466666666666666,Gear,6000.0
rule,837943,42,primary,shifted,1,1,0,110,0.2916666666666667,0.43683333333333335,RPM,6000.0
rule,837943,42,primary,shifted,1,1,1,111,0.0525,0.672,Gear,6000.0
rule,837943,42,primary,shifted,1,1,1,111,0.19699999999999998,0.6678333333333333,RPM,6000.0
rule,837943,123,primary,canonical,0,0,0,000,1.0,1.0,Gear,6000.0
rule,837943,123,primary,canonical,0,0,0,000,0.9984999999999999,1.0,RPM,6000.0
rule,837943,123,primary,canonical,0,0,1,001,1.0,1.0,Gear,6000.0
rule,837943,123,primary,canonical,0,0,1,001,0.9984999999999999,1.0,RPM,6000.0
rule,837943,123,primary,canonical,0,1,0,010,1.0,1.0,Gear,6000.0
rule,837943,123,primary,canonical,0,1,0,010,0.9991666666666666,1.0,RPM,6000.0
rule,837943,123,primary,canonical,0,1,1,011,1.0,1.0,Gear,6000.0
rule,837943,123,primary,canonical,0,1,1,011,0.9996666666666667,1.0,RPM,6000.0
rule,837943,123,primary,canonical,1,0,0,100,0.0345,0.22616666666666665,Gear,6000.0
rule,837943,123,primary,canonical,1,0,0,100,0.2793333333333334,0.4718333333333333,RPM,6000.0
rule,837943,123,primary,canonical,1,0,1,101,0.04133333333333333,0.7326666666666667,Gear,6000.0
rule,837943,123,primary,canonical,1,0,1,101,0.10133333333333333,0.8115,RPM,6000.0
rule,837943,123,primary,canonical,1,1,0,110,0.038,0.18316666666666667,Gear,6000.0
rule,837943,123,primary,canonical,1,1,0,110,0.3055,0.451,RPM,6000.0
rule,837943,123,primary,canonical,1,1,1,111,0.04466666666666667,0.7191666666666666,Gear,6000.0
rule,837943,123,primary,canonical,1,1,1,111,0.09049999999999998,0.8218333333333333,RPM,6000.0
rule,837943,123,primary,shifted,0,0,0,000,1.0,1.0,Gear,6000.0
rule,837943,123,primary,shifted,0,0,0,000,0.9955000000000002,1.0,RPM,6000.0
rule,837943,123,primary,shifted,0,0,1,001,1.0,1.0,Gear,6000.0
rule,837943,123,primary,shifted,0,0,1,001,0.9981666666666666,1.0,RPM,6000.0
rule,837943,123,primary,shifted,0,1,0,010,1.0,1.0,Gear,6000.0
rule,837943,123,primary,shifted,0,1,0,010,0.9979999999999999,1.0,RPM,6000.0
rule,837943,123,primary,shifted,0,1,1,011,1.0,1.0,Gear,6000.0
rule,837943,123,primary,shifted,0,1,1,011,0.9993333333333334,1.0,RPM,6000.0
rule,837943,123,primary,shifted,1,0,0,100,0.03416666666666667,0.22666666666666666,Gear,6000.0
rule,837943,123,primary,shifted,1,0,0,100,0.27616666666666667,0.46649999999999997,RPM,6000.0
rule,837943,123,primary,shifted,1,0,1,101,0.04016666666666666,0.7324999999999999,Gear,6000.0
rule,837943,123,primary,shifted,1,0,1,101,0.10166666666666667,0.8135,RPM,6000.0
rule,837943,123,primary,shifted,1,1,0,110,0.0375,0.18283333333333332,Gear,6000.0
rule,837943,123,primary,shifted,1,1,0,110,0.2973333333333333,0.4411666666666667,RPM,6000.0
rule,837943,123,primary,shifted,1,1,1,111,0.044000000000000004,0.7185,Gear,6000.0
rule,837943,123,primary,shifted,1,1,1,111,0.09049999999999998,0.8245,RPM,6000.0
rule,837943,2026,primary,canonical,0,0,0,000,1.0,1.0,Gear,6000.0
rule,837943,2026,primary,canonical,0,0,0,000,0.9981666666666668,1.0,RPM,6000.0
rule,837943,2026,primary,canonical,0,0,1,001,1.0,1.0,Gear,6000.0
rule,837943,2026,primary,canonical,0,0,1,001,0.9980000000000001,1.0,RPM,6000.0
rule,837943,2026,primary,canonical,0,1,0,010,1.0,1.0,Gear,6000.0
rule,837943,2026,primary,canonical,0,1,0,010,0.9993333333333334,1.0,RPM,6000.0
rule,837943,2026,primary,canonical,0,1,1,011,1.0,1.0,Gear,6000.0
rule,837943,2026,primary,canonical,0,1,1,011,0.9994999999999999,1.0,RPM,6000.0
rule,837943,2026,primary,canonical,1,0,0,100,0.03216666666666667,0.29466666666666663,Gear,6000.0
rule,837943,2026,primary,canonical,1,0,0,100,0.08316666666666667,0.29616666666666663,RPM,6000.0
rule,837943,2026,primary,canonical,1,0,1,101,0.03133333333333333,0.7773333333333333,Gear,6000.0
rule,837943,2026,primary,canonical,1,0,1,101,0.10583333333333333,0.6698333333333334,RPM,6000.0
rule,837943,2026,primary,canonical,1,1,0,110,0.03133333333333333,0.24466666666666667,Gear,6000.0
rule,837943,2026,primary,canonical,1,1,0,110,0.09949999999999999,0.27066666666666667,RPM,6000.0
rule,837943,2026,primary,canonical,1,1,1,111,0.030333333333333334,0.7808333333333333,Gear,6000.0
rule,837943,2026,primary,canonical,1,1,1,111,0.105,0.6688333333333333,RPM,6000.0
rule,837943,2026,primary,shifted,0,0,0,000,1.0,1.0,Gear,6000.0
rule,837943,2026,primary,shifted,0,0,0,000,0.9961666666666668,1.0,RPM,6000.0
rule,837943,2026,primary,shifted,0,0,1,001,1.0,1.0,Gear,6000.0
rule,837943,2026,primary,shifted,0,0,1,001,0.9971666666666668,1.0,RPM,6000.0
rule,837943,2026,primary,shifted,0,1,0,010,1.0,1.0,Gear,6000.0
rule,837943,2026,primary,shifted,0,1,0,010,0.9976666666666668,1.0,RPM,6000.0
rule,837943,2026,primary,shifted,0,1,1,011,1.0,1.0,Gear,6000.0
rule,837943,2026,primary,shifted,0,1,1,011,0.9988333333333334,1.0,RPM,6000.0
rule,837943,2026,primary,shifted,1,0,0,100,0.032,0.29483333333333334,Gear,6000.0
rule,837943,2026,primary,shifted,1,0,0,100,0.08933333333333333,0.29833333333333334,RPM,6000.0
rule,837943,2026,primary,shifted,1,0,1,101,0.03133333333333333,0.7786666666666666,Gear,6000.0
rule,837943,2026,primary,shifted,1,0,1,101,0.11166666666666668,0.6731666666666666,RPM,6000.0
rule,837943,2026,primary,shifted,1,1,0,110,0.03166666666666667,0.24566666666666667,Gear,6000.0
rule,837943,2026,primary,shifted,1,1,0,110,0.1055,0.2723333333333333,RPM,6000.0
rule,837943,2026,primary,shifted,1,1,1,111,0.030333333333333334,0.7815,Gear,6000.0
rule,837943,2026,primary,shifted,1,1,1,111,0.11066666666666668,0.6709999999999999,RPM,6000.0
rule,837943,3407,primary,canonical,0,0,0,000,1.0,1.0,Gear,6000.0
rule,837943,3407,primary,canonical,0,0,0,000,0.9978333333333333,1.0,RPM,6000.0
rule,837943,3407,primary,canonical,0,0,1,001,1.0,1.0,Gear,6000.0
rule,837943,3407,primary,canonical,0,0,1,001,0.9978333333333333,1.0,RPM,6000.0
rule,837943,3407,primary,canonical,0,1,0,010,1.0,1.0,Gear,6000.0
rule,837943,3407,primary,canonical,0,1,0,010,0.9991666666666666,1.0,RPM,6000.0
rule,837943,3407,primary,canonical,0,1,1,011,1.0,1.0,Gear,6000.0
rule,837943,3407,primary,canonical,0,1,1,011,0.999,1.0,RPM,6000.0
rule,837943,3407,primary,canonical,1,0,0,100,0.06,0.1885,Gear,6000.0
rule,837943,3407,primary,canonical,1,0,0,100,0.30616666666666664,0.5165000000000001,RPM,6000.0
rule,837943,3407,primary,canonical,1,0,1,101,0.058166666666666665,0.6971666666666666,Gear,6000.0
rule,837943,3407,primary,canonical,1,0,1,101,0.3368333333333333,0.7741666666666666,RPM,6000.0
rule,837943,3407,primary,canonical,1,1,0,110,0.0725,0.1685,Gear,6000.0
rule,837943,3407,primary,canonical,1,1,0,110,0.32233333333333336,0.48266666666666663,RPM,6000.0
rule,837943,3407,primary,canonical,1,1,1,111,0.07416666666666667,0.6829999999999999,Gear,6000.0
rule,837943,3407,primary,canonical,1,1,1,111,0.35566666666666663,0.7606666666666667,RPM,6000.0
rule,837943,3407,primary,shifted,0,0,0,000,1.0,1.0,Gear,6000.0
rule,837943,3407,primary,shifted,0,0,0,000,0.9953333333333334,1.0,RPM,6000.0
rule,837943,3407,primary,shifted,0,0,1,001,1.0,1.0,Gear,6000.0
rule,837943,3407,primary,shifted,0,0,1,001,0.9968333333333333,1.0,RPM,6000.0
rule,837943,3407,primary,shifted,0,1,0,010,1.0,1.0,Gear,6000.0
rule,837943,3407,primary,shifted,0,1,0,010,0.9984999999999999,1.0,RPM,6000.0
rule,837943,3407,primary,shifted,0,1,1,011,1.0,1.0,Gear,6000.0
rule,837943,3407,primary,shifted,0,1,1,011,0.9986666666666667,1.0,RPM,6000.0
rule,837943,3407,primary,shifted,1,0,0,100,0.06033333333333333,0.1895,Gear,6000.0
rule,837943,3407,primary,shifted,1,0,0,100,0.2936666666666667,0.5041666666666667,RPM,6000.0
rule,837943,3407,primary,shifted,1,0,1,101,0.057666666666666665,0.6983333333333333,Gear,6000.0
rule,837943,3407,primary,shifted,1,0,1,101,0.32183333333333336,0.7678333333333334,RPM,6000.0
rule,837943,3407,primary,shifted,1,1,0,110,0.07183333333333332,0.168,Gear,6000.0
rule,837943,3407,primary,shifted,1,1,0,110,0.3113333333333333,0.4703333333333333,RPM,6000.0
rule,837943,3407,primary,shifted,1,1,1,111,0.07283333333333335,0.6843333333333333,Gear,6000.0
rule,837943,3407,primary,shifted,1,1,1,111,0.3388333333333333,0.7533333333333333,RPM,6000.0
rule,864178,7,primary,canonical,0,0,0,000,1.0,1.0,Gear,6000.0
rule,864178,7,primary,canonical,0,0,0,000,0.9979999999999999,1.0,RPM,6000.0
rule,864178,7,primary,canonical,0,0,1,001,1.0,1.0,Gear,6000.0
rule,864178,7,primary,canonical,0,0,1,001,0.999,1.0,RPM,6000.0
rule,864178,7,primary,canonical,0,1,0,010,1.0,1.0,Gear,6000.0
rule,864178,7,primary,canonical,0,1,0,010,0.9993333333333334,1.0,RPM,6000.0
rule,864178,7,primary,canonical,0,1,1,011,1.0,1.0,Gear,6000.0
rule,864178,7,primary,canonical,0,1,1,011,0.9996666666666667,1.0,RPM,6000.0
rule,864178,7,primary,canonical,1,0,0,100,0.09749999999999999,0.3185,Gear,6000.0
rule,864178,7,primary,canonical,1,0,0,100,0.16716666666666669,0.268,RPM,6000.0
rule,864178,7,primary,canonical,1,0,1,101,0.03333333333333333,0.7811666666666667,Gear,6000.0
rule,864178,7,primary,canonical,1,0,1,101,0.17149999999999999,0.5948333333333333,RPM,6000.0
rule,864178,7,primary,canonical,1,1,0,110,0.1095,0.2846666666666667,Gear,6000.0
rule,864178,7,primary,canonical,1,1,0,110,0.17800000000000002,0.24416666666666667,RPM,6000.0
rule,864178,7,primary,canonical,1,1,1,111,0.03416666666666667,0.7498333333333335,Gear,6000.0
rule,864178,7,primary,canonical,1,1,1,111,0.19433333333333333,0.5731666666666667,RPM,6000.0
rule,864178,7,primary,shifted,0,0,0,000,1.0,1.0,Gear,6000.0
rule,864178,7,primary,shifted,0,0,0,000,0.9955000000000002,1.0,RPM,6000.0
rule,864178,7,primary,shifted,0,0,1,001,1.0,1.0,Gear,6000.0
rule,864178,7,primary,shifted,0,0,1,001,0.9975,1.0,RPM,6000.0
rule,864178,7,primary,shifted,0,1,0,010,1.0,1.0,Gear,6000.0
rule,864178,7,primary,shifted,0,1,0,010,0.9980000000000001,1.0,RPM,6000.0
rule,864178,7,primary,shifted,0,1,1,011,1.0,1.0,Gear,6000.0
rule,864178,7,primary,shifted,0,1,1,011,0.9991666666666666,1.0,RPM,6000.0
rule,864178,7,primary,shifted,1,0,0,100,0.09716666666666667,0.3193333333333333,Gear,6000.0
rule,864178,7,primary,shifted,1,0,0,100,0.1708333333333333,0.27266666666666667,RPM,6000.0
rule,864178,7,primary,shifted,1,0,1,101,0.03366666666666667,0.7823333333333333,Gear,6000.0
rule,864178,7,primary,shifted,1,0,1,101,0.17716666666666667,0.5996666666666667,RPM,6000.0
rule,864178,7,primary,shifted,1,1,0,110,0.1095,0.28633333333333333,Gear,6000.0
rule,864178,7,primary,shifted,1,1,0,110,0.18216666666666667,0.25166666666666665,RPM,6000.0
rule,864178,7,primary,shifted,1,1,1,111,0.034,0.7506666666666666,Gear,6000.0
rule,864178,7,primary,shifted,1,1,1,111,0.20033333333333334,0.5785,RPM,6000.0
rule,864178,42,primary,canonical,0,0,0,000,1.0,1.0,Gear,6000.0
rule,864178,42,primary,canonical,0,0,0,000,0.9973333333333333,1.0,RPM,6000.0
rule,864178,42,primary,canonical,0,0,1,001,0.9998333333333335,1.0,Gear,6000.0
rule,864178,42,primary,canonical,0,0,1,001,0.9983333333333334,1.0,RPM,6000.0
rule,864178,42,primary,canonical,0,1,0,010,0.9998333333333335,1.0,Gear,6000.0
rule,864178,42,primary,canonical,0,1,0,010,0.9991666666666666,1.0,RPM,6000.0
rule,864178,42,primary,canonical,0,1,1,011,0.9998333333333335,1.0,Gear,6000.0
rule,864178,42,primary,canonical,0,1,1,011,0.9993333333333334,1.0,RPM,6000.0
rule,864178,42,primary,canonical,1,0,0,100,0.042333333333333334,0.22616666666666665,Gear,6000.0
rule,864178,42,primary,canonical,1,0,0,100,0.29583333333333334,0.4025,RPM,6000.0
rule,864178,42,primary,canonical,1,0,1,101,0.03933333333333334,0.68,Gear,6000.0
rule,864178,42,primary,canonical,1,0,1,101,0.33716666666666667,0.7185,RPM,6000.0
rule,864178,42,primary,canonical,1,1,0,110,0.054833333333333324,0.19166666666666665,Gear,6000.0
rule,864178,42,primary,canonical,1,1,0,110,0.31016666666666665,0.373,RPM,6000.0
rule,864178,42,primary,canonical,1,1,1,111,0.049666666666666665,0.6781666666666667,Gear,6000.0
rule,864178,42,primary,canonical,1,1,1,111,0.33499999999999996,0.6813333333333333,RPM,6000.0
rule,864178,42,primary,shifted,0,0,0,000,1.0,1.0,Gear,6000.0
rule,864178,42,primary,shifted,0,0,0,000,0.9956666666666667,1.0,RPM,6000.0
rule,864178,42,primary,shifted,0,0,1,001,0.9998333333333335,1.0,Gear,6000.0
rule,864178,42,primary,shifted,0,0,1,001,0.9975,1.0,RPM,6000.0
rule,864178,42,primary,shifted,0,1,0,010,0.9998333333333335,1.0,Gear,6000.0
rule,864178,42,primary,shifted,0,1,0,010,0.9981666666666668,1.0,RPM,6000.0
rule,864178,42,primary,shifted,0,1,1,011,0.9998333333333335,1.0,Gear,6000.0
rule,864178,42,primary,shifted,0,1,1,011,0.9988333333333334,1.0,RPM,6000.0
rule,864178,42,primary,shifted,1,0,0,100,0.0415,0.22666666666666666,Gear,6000.0
rule,864178,42,primary,shifted,1,0,0,100,0.295,0.39766666666666667,RPM,6000.0
rule,864178,42,primary,shifted,1,0,1,101,0.03933333333333334,0.6811666666666666,Gear,6000.0
rule,864178,42,primary,shifted,1,0,1,101,0.3458333333333334,0.7151666666666667,RPM,6000.0
rule,864178,42,primary,shifted,1,1,0,110,0.05516666666666666,0.19233333333333333,Gear,6000.0
rule,864178,42,primary,shifted,1,1,0,110,0.30716666666666664,0.36683333333333334,RPM,6000.0
rule,864178,42,primary,shifted,1,1,1,111,0.048666666666666664,0.6788333333333334,Gear,6000.0
rule,864178,42,primary,shifted,1,1,1,111,0.3428333333333333,0.6778333333333334,RPM,6000.0
rule,864178,123,primary,canonical,0,0,0,000,1.0,1.0,Gear,6000.0
rule,864178,123,primary,canonical,0,0,0,000,0.9979999999999999,1.0,RPM,6000.0
rule,864178,123,primary,canonical,0,0,1,001,1.0,1.0,Gear,6000.0
rule,864178,123,primary,canonical,0,0,1,001,0.9984999999999999,1.0,RPM,6000.0
rule,864178,123,primary,canonical,0,1,0,010,1.0,1.0,Gear,6000.0
rule,864178,123,primary,canonical,0,1,0,010,0.9991666666666666,1.0,RPM,6000.0
rule,864178,123,primary,canonical,0,1,1,011,1.0,1.0,Gear,6000.0
rule,864178,123,primary,canonical,0,1,1,011,0.9994999999999999,1.0,RPM,6000.0
rule,864178,123,primary,canonical,1,0,0,100,0.028666666666666663,0.206,Gear,6000.0
rule,864178,123,primary,canonical,1,0,0,100,0.09649999999999999,0.24983333333333335,RPM,6000.0
rule,864178,123,primary,canonical,1,0,1,101,0.029333333333333333,0.5706666666666667,Gear,6000.0
rule,864178,123,primary,canonical,1,0,1,101,0.06966666666666667,0.7558333333333334,RPM,6000.0
rule,864178,123,primary,canonical,1,1,0,110,0.029333333333333333,0.16166666666666665,Gear,6000.0
rule,864178,123,primary,canonical,1,1,0,110,0.114,0.21633333333333335,RPM,6000.0
rule,864178,123,primary,canonical,1,1,1,111,0.0295,0.5555,Gear,6000.0
rule,864178,123,primary,canonical,1,1,1,111,0.06583333333333334,0.7603333333333334,RPM,6000.0
rule,864178,123,primary,shifted,0,0,0,000,1.0,1.0,Gear,6000.0
rule,864178,123,primary,shifted,0,0,0,000,0.9956666666666667,1.0,RPM,6000.0
rule,864178,123,primary,shifted,0,0,1,001,1.0,1.0,Gear,6000.0
rule,864178,123,primary,shifted,0,0,1,001,0.9973333333333333,1.0,RPM,6000.0
rule,864178,123,primary,shifted,0,1,0,010,1.0,1.0,Gear,6000.0
rule,864178,123,primary,shifted,0,1,0,010,0.9986666666666667,1.0,RPM,6000.0
rule,864178,123,primary,shifted,0,1,1,011,1.0,1.0,Gear,6000.0
rule,864178,123,primary,shifted,0,1,1,011,0.999,1.0,RPM,6000.0
rule,864178,123,primary,shifted,1,0,0,100,0.028666666666666663,0.20750000000000002,Gear,6000.0
rule,864178,123,primary,shifted,1,0,0,100,0.10083333333333333,0.2515,RPM,6000.0
rule,864178,123,primary,shifted,1,0,1,101,0.029666666666666664,0.5715,Gear,6000.0
rule,864178,123,primary,shifted,1,0,1,101,0.076,0.7588333333333334,RPM,6000.0
rule,864178,123,primary,shifted,1,1,0,110,0.029333333333333333,0.16266666666666665,Gear,6000.0
rule,864178,123,primary,shifted,1,1,0,110,0.118,0.217,RPM,6000.0
rule,864178,123,primary,shifted,1,1,1,111,0.0295,0.5571666666666667,Gear,6000.0
rule,864178,123,primary,shifted,1,1,1,111,0.071,0.7633333333333333,RPM,6000.0
rule,864178,2026,primary,canonical,0,0,0,000,0.9998333333333335,1.0,Gear,6000.0
rule,864178,2026,primary,canonical,0,0,0,000,0.9981666666666666,1.0,RPM,6000.0
rule,864178,2026,primary,canonical,0,0,1,001,1.0,1.0,Gear,6000.0
rule,864178,2026,primary,canonical,0,0,1,001,0.9988333333333334,1.0,RPM,6000.0
rule,864178,2026,primary,canonical,0,1,0,010,0.9998333333333335,1.0,Gear,6000.0
rule,864178,2026,primary,canonical,0,1,0,010,0.9988333333333334,1.0,RPM,6000.0
rule,864178,2026,primary,canonical,0,1,1,011,0.9998333333333335,1.0,Gear,6000.0
rule,864178,2026,primary,canonical,0,1,1,011,0.9996666666666667,1.0,RPM,6000.0
rule,864178,2026,primary,canonical,1,0,0,100,0.0545,0.298,Gear,6000.0
rule,864178,2026,primary,canonical,1,0,0,100,0.043833333333333335,0.08833333333333333,RPM,6000.0
rule,864178,2026,primary,canonical,1,0,1,101,0.049833333333333334,0.6875,Gear,6000.0
rule,864178,2026,primary,canonical,1,0,1,101,0.035333333333333335,0.6428333333333333,RPM,6000.0
rule,864178,2026,primary,canonical,1,1,0,110,0.06516666666666666,0.258,Gear,6000.0
rule,864178,2026,primary,canonical,1,1,0,110,0.05433333333333334,0.08666666666666667,RPM,6000.0
rule,864178,2026,primary,canonical,1,1,1,111,0.06066666666666667,0.6803333333333333,Gear,6000.0
rule,864178,2026,primary,canonical,1,1,1,111,0.0375,0.653,RPM,6000.0
rule,864178,2026,primary,shifted,0,0,0,000,0.9998333333333335,1.0,Gear,6000.0
rule,864178,2026,primary,shifted,0,0,0,000,0.9951666666666666,1.0,RPM,6000.0
rule,864178,2026,primary,shifted,0,0,1,001,1.0,1.0,Gear,6000.0
rule,864178,2026,primary,shifted,0,0,1,001,0.9976666666666668,1.0,RPM,6000.0
rule,864178,2026,primary,shifted,0,1,0,010,0.9998333333333335,1.0,Gear,6000.0
rule,864178,2026,primary,shifted,0,1,0,010,0.9983333333333334,1.0,RPM,6000.0
rule,864178,2026,primary,shifted,0,1,1,011,0.9998333333333335,1.0,Gear,6000.0
rule,864178,2026,primary,shifted,0,1,1,011,0.999,1.0,RPM,6000.0
rule,864178,2026,primary,shifted,1,0,0,100,0.05416666666666667,0.298,Gear,6000.0
rule,864178,2026,primary,shifted,1,0,0,100,0.04716666666666667,0.09500000000000001,RPM,6000.0
rule,864178,2026,primary,shifted,1,0,1,101,0.048999999999999995,0.6886666666666666,Gear,6000.0
rule,864178,2026,primary,shifted,1,0,1,101,0.03666666666666667,0.653,RPM,6000.0
rule,864178,2026,primary,shifted,1,1,0,110,0.06466666666666666,0.258,Gear,6000.0
rule,864178,2026,primary,shifted,1,1,0,110,0.06033333333333333,0.09466666666666666,RPM,6000.0
rule,864178,2026,primary,shifted,1,1,1,111,0.06066666666666667,0.6815000000000001,Gear,6000.0
rule,864178,2026,primary,shifted,1,1,1,111,0.03766666666666667,0.6645,RPM,6000.0
rule,864178,3407,primary,canonical,0,0,0,000,0.9998333333333335,1.0,Gear,6000.0
rule,864178,3407,primary,canonical,0,0,0,000,0.9983333333333334,1.0,RPM,6000.0
rule,864178,3407,primary,canonical,0,0,1,001,1.0,1.0,Gear,6000.0
rule,864178,3407,primary,canonical,0,0,1,001,0.9986666666666667,1.0,RPM,6000.0
rule,864178,3407,primary,canonical,0,1,0,010,0.9998333333333335,1.0,Gear,6000.0
rule,864178,3407,primary,canonical,0,1,0,010,0.9991666666666666,1.0,RPM,6000.0
rule,864178,3407,primary,canonical,0,1,1,011,1.0,1.0,Gear,6000.0
rule,864178,3407,primary,canonical,0,1,1,011,0.9994999999999999,1.0,RPM,6000.0
rule,864178,3407,primary,canonical,1,0,0,100,0.028666666666666663,0.19799999999999998,Gear,6000.0
rule,864178,3407,primary,canonical,1,0,0,100,0.154,0.36533333333333334,RPM,6000.0
rule,864178,3407,primary,canonical,1,0,1,101,0.029333333333333333,0.6206666666666667,Gear,6000.0
rule,864178,3407,primary,canonical,1,0,1,101,0.12516666666666668,0.7706666666666666,RPM,6000.0
rule,864178,3407,primary,canonical,1,1,0,110,0.031,0.16216666666666665,Gear,6000.0
rule,864178,3407,primary,canonical,1,1,0,110,0.1615,0.32383333333333336,RPM,6000.0
rule,864178,3407,primary,canonical,1,1,1,111,0.029666666666666664,0.6066666666666667,Gear,6000.0
rule,864178,3407,primary,canonical,1,1,1,111,0.12,0.7875,RPM,6000.0
rule,864178,3407,primary,shifted,0,0,0,000,0.9998333333333335,1.0,Gear,6000.0
rule,864178,3407,primary,shifted,0,0,0,000,0.9965,1.0,RPM,6000.0
rule,864178,3407,primary,shifted,0,0,1,001,1.0,1.0,Gear,6000.0
rule,864178,3407,primary,shifted,0,0,1,001,0.9983333333333334,1.0,RPM,6000.0
rule,864178,3407,primary,shifted,0,1,0,010,0.9998333333333335,1.0,Gear,6000.0
rule,864178,3407,primary,shifted,0,1,0,010,0.9986666666666667,1.0,RPM,6000.0
rule,864178,3407,primary,shifted,0,1,1,011,1.0,1.0,Gear,6000.0
rule,864178,3407,primary,shifted,0,1,1,011,0.9993333333333334,1.0,RPM,6000.0
rule,864178,3407,primary,shifted,1,0,0,100,0.028833333333333332,0.19966666666666666,Gear,6000.0
rule,864178,3407,primary,shifted,1,0,0,100,0.15516666666666667,0.36083333333333334,RPM,6000.0
rule,864178,3407,primary,shifted,1,0,1,101,0.029166666666666664,0.623,Gear,6000.0
rule,864178,3407,primary,shifted,1,0,1,101,0.12666666666666668,0.7733333333333334,RPM,6000.0
rule,864178,3407,primary,shifted,1,1,0,110,0.030833333333333334,0.1625,Gear,6000.0
rule,864178,3407,primary,shifted,1,1,0,110,0.16283333333333336,0.3216666666666667,RPM,6000.0
rule,864178,3407,primary,shifted,1,1,1,111,0.0305,0.6083333333333334,Gear,6000.0
rule,864178,3407,primary,shifted,1,1,1,111,0.12533333333333332,0.7941666666666666,RPM,6000.0
rule,922089,7,primary,canonical,0,0,0,000,1.0,1.0,Gear,6000.0
rule,922089,7,primary,canonical,0,0,0,000,0.9976666666666666,1.0,RPM,6000.0
rule,922089,7,primary,canonical,0,0,1,001,1.0,1.0,Gear,6000.0
rule,922089,7,primary,canonical,0,0,1,001,0.9981666666666666,1.0,RPM,6000.0
rule,922089,7,primary,canonical,0,1,0,010,1.0,1.0,Gear,6000.0
rule,922089,7,primary,canonical,0,1,0,010,0.9991666666666666,1.0,RPM,6000.0
rule,922089,7,primary,canonical,0,1,1,011,1.0,1.0,Gear,6000.0
rule,922089,7,primary,canonical,0,1,1,011,0.9996666666666667,1.0,RPM,6000.0
rule,922089,7,primary,canonical,1,0,0,100,0.041666666666666664,0.2773333333333334,Gear,6000.0
rule,922089,7,primary,canonical,1,0,0,100,0.1728333333333333,0.2751666666666666,RPM,6000.0
rule,922089,7,primary,canonical,1,0,1,101,0.032,0.7553333333333333,Gear,6000.0
rule,922089,7,primary,canonical,1,0,1,101,0.13566666666666669,0.426,RPM,6000.0
rule,922089,7,primary,canonical,1,1,0,110,0.04416666666666667,0.23383333333333334,Gear,6000.0
rule,922089,7,primary,canonical,1,1,0,110,0.2018333333333333,0.26783333333333337,RPM,6000.0
rule,922089,7,primary,canonical,1,1,1,111,0.03466666666666667,0.7543333333333333,Gear,6000.0
rule,922089,7,primary,canonical,1,1,1,111,0.14766666666666664,0.40700000000000003,RPM,6000.0
rule,922089,7,primary,shifted,0,0,0,000,1.0,1.0,Gear,6000.0
rule,922089,7,primary,shifted,0,0,0,000,0.9953333333333333,1.0,RPM,6000.0
rule,922089,7,primary,shifted,0,0,1,001,1.0,1.0,Gear,6000.0
rule,922089,7,primary,shifted,0,0,1,001,0.997,1.0,RPM,6000.0
rule,922089,7,primary,shifted,0,1,0,010,1.0,1.0,Gear,6000.0
rule,922089,7,primary,shifted,0,1,0,010,0.9984999999999999,1.0,RPM,6000.0
rule,922089,7,primary,shifted,0,1,1,011,1.0,1.0,Gear,6000.0
rule,922089,7,primary,shifted,0,1,1,011,0.999,1.0,RPM,6000.0
rule,922089,7,primary,shifted,1,0,0,100,0.0415,0.2781666666666667,Gear,6000.0
rule,922089,7,primary,shifted,1,0,0,100,0.18033333333333335,0.28633333333333333,RPM,6000.0
rule,922089,7,primary,shifted,1,0,1,101,0.03283333333333333,0.7575,Gear,6000.0
rule,922089,7,primary,shifted,1,0,1,101,0.147,0.4486666666666667,RPM,6000.0
rule,922089,7,primary,shifted,1,1,0,110,0.044333333333333336,0.235,Gear,6000.0
rule,922089,7,primary,shifted,1,1,0,110,0.20733333333333334,0.2733333333333334,RPM,6000.0
rule,922089,7,primary,shifted,1,1,1,111,0.034333333333333334,0.7556666666666666,Gear,6000.0
rule,922089,7,primary,shifted,1,1,1,111,0.16366666666666665,0.43133333333333335,RPM,6000.0
rule,922089,42,primary,canonical,0,0,0,000,1.0,1.0,Gear,6000.0
rule,922089,42,primary,canonical,0,0,0,000,0.9978333333333333,1.0,RPM,6000.0
rule,922089,42,primary,canonical,0,0,1,001,1.0,1.0,Gear,6000.0
rule,922089,42,primary,canonical,0,0,1,001,0.9986666666666667,1.0,RPM,6000.0
rule,922089,42,primary,canonical,0,1,0,010,1.0,1.0,Gear,6000.0
rule,922089,42,primary,canonical,0,1,0,010,0.999,1.0,RPM,6000.0
rule,922089,42,primary,canonical,0,1,1,011,1.0,1.0,Gear,6000.0
rule,922089,42,primary,canonical,0,1,1,011,0.9998333333333335,1.0,RPM,6000.0
rule,922089,42,primary,canonical,1,0,0,100,0.054,0.27416666666666667,Gear,6000.0
rule,922089,42,primary,canonical,1,0,0,100,0.10183333333333333,0.1845,RPM,6000.0
rule,922089,42,primary,canonical,1,0,1,101,0.03283333333333333,0.5638333333333333,Gear,6000.0
rule,922089,42,primary,canonical,1,0,1,101,0.042333333333333334,0.43133333333333335,RPM,6000.0
rule,922089,42,primary,canonical,1,1,0,110,0.0655,0.24333333333333332,Gear,6000.0
rule,922089,42,primary,canonical,1,1,0,110,0.11750000000000001,0.17116666666666666,RPM,6000.0
rule,922089,42,primary,canonical,1,1,1,111,0.03783333333333334,0.5581666666666667,Gear,6000.0
rule,922089,42,primary,canonical,1,1,1,111,0.044000000000000004,0.39599999999999996,RPM,6000.0
rule,922089,42,primary,shifted,0,0,0,000,1.0,1.0,Gear,6000.0
rule,922089,42,primary,shifted,0,0,0,000,0.9955000000000002,1.0,RPM,6000.0
rule,922089,42,primary,shifted,0,0,1,001,1.0,1.0,Gear,6000.0
rule,922089,42,primary,shifted,0,0,1,001,0.9975,1.0,RPM,6000.0
rule,922089,42,primary,shifted,0,1,0,010,1.0,1.0,Gear,6000.0
rule,922089,42,primary,shifted,0,1,0,010,0.9979999999999999,1.0,RPM,6000.0
rule,922089,42,primary,shifted,0,1,1,011,1.0,1.0,Gear,6000.0
rule,922089,42,primary,shifted,0,1,1,011,0.9994999999999999,1.0,RPM,6000.0
rule,922089,42,primary,shifted,1,0,0,100,0.05383333333333334,0.27516666666666667,Gear,6000.0
rule,922089,42,primary,shifted,1,0,0,100,0.10383333333333333,0.18383333333333332,RPM,6000.0
rule,922089,42,primary,shifted,1,0,1,101,0.0325,0.5645,Gear,6000.0
rule,922089,42,primary,shifted,1,0,1,101,0.044500000000000005,0.4375,RPM,6000.0
rule,922089,42,primary,shifted,1,1,0,110,0.06516666666666666,0.24433333333333332,Gear,6000.0
rule,922089,42,primary,shifted,1,1,0,110,0.12,0.1688333333333333,RPM,6000.0
rule,922089,42,primary,shifted,1,1,1,111,0.0375,0.5593333333333333,Gear,6000.0
rule,922089,42,primary,shifted,1,1,1,111,0.04700000000000001,0.4005,RPM,6000.0
rule,922089,123,primary,canonical,0,0,0,000,0.9996666666666667,1.0,Gear,6000.0
rule,922089,123,primary,canonical,0,0,0,000,0.9978333333333333,1.0,RPM,6000.0
rule,922089,123,primary,canonical,0,0,1,001,0.9998333333333335,1.0,Gear,6000.0
rule,922089,123,primary,canonical,0,0,1,001,0.9981666666666666,1.0,RPM,6000.0
rule,922089,123,primary,canonical,0,1,0,010,0.9998333333333335,1.0,Gear,6000.0
rule,922089,123,primary,canonical,0,1,0,010,0.9993333333333334,1.0,RPM,6000.0
rule,922089,123,primary,canonical,0,1,1,011,0.9996666666666667,1.0,Gear,6000.0
rule,922089,123,primary,canonical,0,1,1,011,0.9996666666666667,1.0,RPM,6000.0
rule,922089,123,primary,canonical,1,0,0,100,0.03183333333333333,0.2333333333333333,Gear,6000.0
rule,922089,123,primary,canonical,1,0,0,100,0.1365,0.35883333333333334,RPM,6000.0
rule,922089,123,primary,canonical,1,0,1,101,0.03716666666666666,0.7311666666666667,Gear,6000.0
rule,922089,123,primary,canonical,1,0,1,101,0.06683333333333334,0.7378333333333332,RPM,6000.0
rule,922089,123,primary,canonical,1,1,0,110,0.029833333333333333,0.17666666666666667,Gear,6000.0
rule,922089,123,primary,canonical,1,1,0,110,0.16416666666666666,0.3376666666666666,RPM,6000.0
rule,922089,123,primary,canonical,1,1,1,111,0.03866666666666666,0.7301666666666667,Gear,6000.0
rule,922089,123,primary,canonical,1,1,1,111,0.06433333333333334,0.7578333333333332,RPM,6000.0
rule,922089,123,primary,shifted,0,0,0,000,0.9996666666666667,1.0,Gear,6000.0
rule,922089,123,primary,shifted,0,0,0,000,0.9956666666666667,1.0,RPM,6000.0
rule,922089,123,primary,shifted,0,0,1,001,0.9998333333333335,1.0,Gear,6000.0
rule,922089,123,primary,shifted,0,0,1,001,0.9976666666666668,1.0,RPM,6000.0
rule,922089,123,primary,shifted,0,1,0,010,0.9998333333333335,1.0,Gear,6000.0
rule,922089,123,primary,shifted,0,1,0,010,0.9983333333333334,1.0,RPM,6000.0
rule,922089,123,primary,shifted,0,1,1,011,0.9996666666666667,1.0,Gear,6000.0
rule,922089,123,primary,shifted,0,1,1,011,0.9991666666666666,1.0,RPM,6000.0
rule,922089,123,primary,shifted,1,0,0,100,0.0315,0.23450000000000001,Gear,6000.0
rule,922089,123,primary,shifted,1,0,0,100,0.145,0.36233333333333334,RPM,6000.0
rule,922089,123,primary,shifted,1,0,1,101,0.037,0.7303333333333333,Gear,6000.0
rule,922089,123,primary,shifted,1,0,1,101,0.07716666666666666,0.7468333333333333,RPM,6000.0
rule,922089,123,primary,shifted,1,1,0,110,0.029666666666666664,0.17733333333333334,Gear,6000.0
rule,922089,123,primary,shifted,1,1,0,110,0.1738333333333333,0.33816666666666667,RPM,6000.0
rule,922089,123,primary,shifted,1,1,1,111,0.03816666666666666,0.7316666666666668,Gear,6000.0
rule,922089,123,primary,shifted,1,1,1,111,0.076,0.7613333333333333,RPM,6000.0
rule,922089,2026,primary,canonical,0,0,0,000,0.9998333333333335,1.0,Gear,6000.0
rule,922089,2026,primary,canonical,0,0,0,000,0.9979999999999999,1.0,RPM,6000.0
rule,922089,2026,primary,canonical,0,0,1,001,1.0,1.0,Gear,6000.0
rule,922089,2026,primary,canonical,0,0,1,001,0.9983333333333334,1.0,RPM,6000.0
rule,922089,2026,primary,canonical,0,1,0,010,1.0,1.0,Gear,6000.0
rule,922089,2026,primary,canonical,0,1,0,010,0.9993333333333334,1.0,RPM,6000.0
rule,922089,2026,primary,canonical,0,1,1,011,1.0,1.0,Gear,6000.0
rule,922089,2026,primary,canonical,0,1,1,011,0.9996666666666667,1.0,RPM,6000.0
rule,922089,2026,primary,canonical,1,0,0,100,0.03283333333333333,0.2551666666666667,Gear,6000.0
rule,922089,2026,primary,canonical,1,0,0,100,0.22016666666666665,0.46166666666666667,RPM,6000.0
rule,922089,2026,primary,canonical,1,0,1,101,0.033,0.738,Gear,6000.0
rule,922089,2026,primary,canonical,1,0,1,101,0.05933333333333333,0.8656666666666667,RPM,6000.0
rule,922089,2026,primary,canonical,1,1,0,110,0.034833333333333334,0.20783333333333331,Gear,6000.0
rule,922089,2026,primary,canonical,1,1,0,110,0.24816666666666665,0.4633333333333334,RPM,6000.0
rule,922089,2026,primary,canonical,1,1,1,111,0.035333333333333335,0.7480000000000001,Gear,6000.0
rule,922089,2026,primary,canonical,1,1,1,111,0.058166666666666665,0.8871666666666665,RPM,6000.0
rule,922089,2026,primary,shifted,0,0,0,000,1.0,1.0,Gear,6000.0
rule,922089,2026,primary,shifted,0,0,0,000,0.9958333333333332,1.0,RPM,6000.0
rule,922089,2026,primary,shifted,0,0,1,001,1.0,1.0,Gear,6000.0
rule,922089,2026,primary,shifted,0,0,1,001,0.9971666666666668,1.0,RPM,6000.0
rule,922089,2026,primary,shifted,0,1,0,010,1.0,1.0,Gear,6000.0
rule,922089,2026,primary,shifted,0,1,0,010,0.9983333333333334,1.0,RPM,6000.0
rule,922089,2026,primary,shifted,0,1,1,011,1.0,1.0,Gear,6000.0
rule,922089,2026,primary,shifted,0,1,1,011,0.9988333333333334,1.0,RPM,6000.0
rule,922089,2026,primary,shifted,1,0,0,100,0.03266666666666666,0.25566666666666665,Gear,6000.0
rule,922089,2026,primary,shifted,1,0,0,100,0.23066666666666666,0.4653333333333333,RPM,6000.0
rule,922089,2026,primary,shifted,1,0,1,101,0.03266666666666667,0.7393333333333333,Gear,6000.0
rule,922089,2026,primary,shifted,1,0,1,101,0.06716666666666667,0.8631666666666667,RPM,6000.0
rule,922089,2026,primary,shifted,1,1,0,110,0.03466666666666667,0.209,Gear,6000.0
rule,922089,2026,primary,shifted,1,1,0,110,0.259,0.46366666666666667,RPM,6000.0
rule,922089,2026,primary,shifted,1,1,1,111,0.035333333333333335,0.7493333333333334,Gear,6000.0
rule,922089,2026,primary,shifted,1,1,1,111,0.065,0.887,RPM,6000.0
rule,922089,3407,primary,canonical,0,0,0,000,1.0,1.0,Gear,6000.0
rule,922089,3407,primary,canonical,0,0,0,000,0.9975,1.0,RPM,6000.0
rule,922089,3407,primary,canonical,0,0,1,001,1.0,1.0,Gear,6000.0
rule,922089,3407,primary,canonical,0,0,1,001,0.9988333333333334,1.0,RPM,6000.0
rule,922089,3407,primary,canonical,0,1,0,010,1.0,1.0,Gear,6000.0
rule,922089,3407,primary,canonical,0,1,0,010,0.9993333333333334,1.0,RPM,6000.0
rule,922089,3407,primary,canonical,0,1,1,011,1.0,1.0,Gear,6000.0
rule,922089,3407,primary,canonical,0,1,1,011,0.9996666666666667,1.0,RPM,6000.0
rule,922089,3407,primary,canonical,1,0,0,100,0.031,0.1805,Gear,6000.0
rule,922089,3407,primary,canonical,1,0,0,100,0.15533333333333332,0.3635,RPM,6000.0
rule,922089,3407,primary,canonical,1,0,1,101,0.03183333333333333,0.551,Gear,6000.0
rule,922089,3407,primary,canonical,1,0,1,101,0.0725,0.6681666666666667,RPM,6000.0
rule,922089,3407,primary,canonical,1,1,0,110,0.031,0.1415,Gear,6000.0
rule,922089,3407,primary,canonical,1,1,0,110,0.169,0.317,RPM,6000.0
rule,922089,3407,primary,canonical,1,1,1,111,0.034,0.5331666666666667,Gear,6000.0
rule,922089,3407,primary,canonical,1,1,1,111,0.07083333333333335,0.66,RPM,6000.0
rule,922089,3407,primary,shifted,0,0,0,000,1.0,1.0,Gear,6000.0
rule,922089,3407,primary,shifted,0,0,0,000,0.9950000000000001,1.0,RPM,6000.0
rule,922089,3407,primary,shifted,0,0,1,001,1.0,1.0,Gear,6000.0
rule,922089,3407,primary,shifted,0,0,1,001,0.9976666666666668,1.0,RPM,6000.0
rule,922089,3407,primary,shifted,0,1,0,010,1.0,1.0,Gear,6000.0
rule,922089,3407,primary,shifted,0,1,0,010,0.9979999999999999,1.0,RPM,6000.0
rule,922089,3407,primary,shifted,0,1,1,011,1.0,1.0,Gear,6000.0
rule,922089,3407,primary,shifted,0,1,1,011,0.9986666666666667,1.0,RPM,6000.0
rule,922089,3407,primary,shifted,1,0,0,100,0.03133333333333333,0.1815,Gear,6000.0
rule,922089,3407,primary,shifted,1,0,0,100,0.16416666666666666,0.36683333333333334,RPM,6000.0
rule,922089,3407,primary,shifted,1,0,1,101,0.03166666666666667,0.5535,Gear,6000.0
rule,922089,3407,primary,shifted,1,0,1,101,0.08433333333333333,0.6861666666666667,RPM,6000.0
rule,922089,3407,primary,shifted,1,1,0,110,0.031166666666666665,0.1415,Gear,6000.0
rule,922089,3407,primary,shifted,1,1,0,110,0.17833333333333332,0.32066666666666666,RPM,6000.0
rule,922089,3407,primary,shifted,1,1,1,111,0.03383333333333333,0.5345,Gear,6000.0
rule,922089,3407,primary,shifted,1,1,1,111,0.083,0.6768333333333333,RPM,6000.0
rule,999191,7,primary,canonical,0,0,0,000,1.0,1.0,Gear,6000.0
rule,999191,7,primary,canonical,0,0,0,000,0.9976666666666666,1.0,RPM,6000.0
rule,999191,7,primary,canonical,0,0,1,001,1.0,1.0,Gear,6000.0
rule,999191,7,primary,canonical,0,0,1,001,0.9984999999999999,1.0,RPM,6000.0
rule,999191,7,primary,canonical,0,1,0,010,1.0,1.0,Gear,6000.0
rule,999191,7,primary,canonical,0,1,0,010,0.9991666666666666,1.0,RPM,6000.0
rule,999191,7,primary,canonical,0,1,1,011,1.0,1.0,Gear,6000.0
rule,999191,7,primary,canonical,0,1,1,011,0.9994999999999999,1.0,RPM,6000.0
rule,999191,7,primary,canonical,1,0,0,100,0.028833333333333332,0.25,Gear,6000.0
rule,999191,7,primary,canonical,1,0,0,100,0.13416666666666666,0.38483333333333336,RPM,6000.0
rule,999191,7,primary,canonical,1,0,1,101,0.027666666666666662,0.8953333333333333,Gear,6000.0
rule,999191,7,primary,canonical,1,0,1,101,0.06933333333333334,0.6533333333333333,RPM,6000.0
rule,999191,7,primary,canonical,1,1,0,110,0.02816666666666667,0.20433333333333334,Gear,6000.0
rule,999191,7,primary,canonical,1,1,0,110,0.1555,0.33966666666666673,RPM,6000.0
rule,999191,7,primary,canonical,1,1,1,111,0.02733333333333333,0.9095,Gear,6000.0
rule,999191,7,primary,canonical,1,1,1,111,0.07283333333333333,0.6491666666666666,RPM,6000.0
rule,999191,7,primary,shifted,0,0,0,000,1.0,1.0,Gear,6000.0
rule,999191,7,primary,shifted,0,0,0,000,0.9956666666666667,1.0,RPM,6000.0
rule,999191,7,primary,shifted,0,0,1,001,1.0,1.0,Gear,6000.0
rule,999191,7,primary,shifted,0,0,1,001,0.9976666666666668,1.0,RPM,6000.0
rule,999191,7,primary,shifted,0,1,0,010,1.0,1.0,Gear,6000.0
rule,999191,7,primary,shifted,0,1,0,010,0.9981666666666666,1.0,RPM,6000.0
rule,999191,7,primary,shifted,0,1,1,011,1.0,1.0,Gear,6000.0
rule,999191,7,primary,shifted,0,1,1,011,0.9991666666666666,1.0,RPM,6000.0
rule,999191,7,primary,shifted,1,0,0,100,0.028833333333333332,0.25166666666666665,Gear,6000.0
rule,999191,7,primary,shifted,1,0,0,100,0.134,0.3915,RPM,6000.0
rule,999191,7,primary,shifted,1,0,1,101,0.027666666666666662,0.8968333333333334,Gear,6000.0
rule,999191,7,primary,shifted,1,0,1,101,0.06999999999999999,0.6668333333333334,RPM,6000.0
rule,999191,7,primary,shifted,1,1,0,110,0.02816666666666667,0.204,Gear,6000.0
rule,999191,7,primary,shifted,1,1,0,110,0.15933333333333333,0.34883333333333333,RPM,6000.0
rule,999191,7,primary,shifted,1,1,1,111,0.027499999999999997,0.9098333333333333,Gear,6000.0
rule,999191,7,primary,shifted,1,1,1,111,0.0735,0.662,RPM,6000.0
rule,999191,42,primary,canonical,0,0,0,000,1.0,1.0,Gear,6000.0
rule,999191,42,primary,canonical,0,0,0,000,0.9971666666666668,1.0,RPM,6000.0
rule,999191,42,primary,canonical,0,0,1,001,0.9998333333333335,1.0,Gear,6000.0
rule,999191,42,primary,canonical,0,0,1,001,0.9983333333333334,1.0,RPM,6000.0
rule,999191,42,primary,canonical,0,1,0,010,1.0,1.0,Gear,6000.0
rule,999191,42,primary,canonical,0,1,0,010,0.9993333333333334,1.0,RPM,6000.0
rule,999191,42,primary,canonical,0,1,1,011,0.9998333333333335,1.0,Gear,6000.0
rule,999191,42,primary,canonical,0,1,1,011,0.9994999999999999,1.0,RPM,6000.0
rule,999191,42,primary,canonical,1,0,0,100,0.02716666666666667,0.3,Gear,6000.0
rule,999191,42,primary,canonical,1,0,0,100,0.13016666666666668,0.35316666666666663,RPM,6000.0
rule,999191,42,primary,canonical,1,0,1,101,0.027,0.5924999999999999,Gear,6000.0
rule,999191,42,primary,canonical,1,0,1,101,0.09783333333333333,0.6558333333333334,RPM,6000.0
rule,999191,42,primary,canonical,1,1,0,110,0.026,0.24566666666666667,Gear,6000.0
rule,999191,42,primary,canonical,1,1,0,110,0.13949999999999999,0.29816666666666664,RPM,6000.0
rule,999191,42,primary,canonical,1,1,1,111,0.030666666666666665,0.5644999999999999,Gear,6000.0
rule,999191,42,primary,canonical,1,1,1,111,0.09783333333333333,0.636,RPM,6000.0
rule,999191,42,primary,shifted,0,0,0,000,1.0,1.0,Gear,6000.0
rule,999191,42,primary,shifted,0,0,0,000,0.9953333333333334,1.0,RPM,6000.0
rule,999191,42,primary,shifted,0,0,1,001,0.9998333333333335,1.0,Gear,6000.0
rule,999191,42,primary,shifted,0,0,1,001,0.997,1.0,RPM,6000.0
rule,999191,42,primary,shifted,0,1,0,010,1.0,1.0,Gear,6000.0
rule,999191,42,primary,shifted,0,1,0,010,0.9983333333333334,1.0,RPM,6000.0
rule,999191,42,primary,shifted,0,1,1,011,0.9998333333333335,1.0,Gear,6000.0
rule,999191,42,primary,shifted,0,1,1,011,0.999,1.0,RPM,6000.0
rule,999191,42,primary,shifted,1,0,0,100,0.02716666666666667,0.3015,Gear,6000.0
rule,999191,42,primary,shifted,1,0,0,100,0.12966666666666668,0.3491666666666666,RPM,6000.0
rule,999191,42,primary,shifted,1,0,1,101,0.027,0.5933333333333333,Gear,6000.0
rule,999191,42,primary,shifted,1,0,1,101,0.09400000000000001,0.6585,RPM,6000.0
rule,999191,42,primary,shifted,1,1,0,110,0.026333333333333334,0.24633333333333332,Gear,6000.0
rule,999191,42,primary,shifted,1,1,0,110,0.137,0.29266666666666663,RPM,6000.0
rule,999191,42,primary,shifted,1,1,1,111,0.031,0.5668333333333333,Gear,6000.0
rule,999191,42,primary,shifted,1,1,1,111,0.09683333333333333,0.6456666666666666,RPM,6000.0
rule,999191,123,primary,canonical,0,0,0,000,1.0,1.0,Gear,6000.0
rule,999191,123,primary,canonical,0,0,0,000,0.9975,1.0,RPM,6000.0
rule,999191,123,primary,canonical,0,0,1,001,1.0,1.0,Gear,6000.0
rule,999191,123,primary,canonical,0,0,1,001,0.9984999999999999,1.0,RPM,6000.0
rule,999191,123,primary,canonical,0,1,0,010,1.0,1.0,Gear,6000.0
rule,999191,123,primary,canonical,0,1,0,010,0.9988333333333334,1.0,RPM,6000.0
rule,999191,123,primary,canonical,0,1,1,011,0.9998333333333335,1.0,Gear,6000.0
rule,999191,123,primary,canonical,0,1,1,011,0.9993333333333334,1.0,RPM,6000.0
rule,999191,123,primary,canonical,1,0,0,100,0.06316666666666666,0.2778333333333333,Gear,6000.0
rule,999191,123,primary,canonical,1,0,0,100,0.17716666666666667,0.29816666666666664,RPM,6000.0
rule,999191,123,primary,canonical,1,0,1,101,0.051333333333333335,0.7273333333333333,Gear,6000.0
rule,999191,123,primary,canonical,1,0,1,101,0.06733333333333334,0.7239999999999999,RPM,6000.0
rule,999191,123,primary,canonical,1,1,0,110,0.079,0.24683333333333332,Gear,6000.0
rule,999191,123,primary,canonical,1,1,0,110,0.18866666666666668,0.266,RPM,6000.0
rule,999191,123,primary,canonical,1,1,1,111,0.05333333333333334,0.7476666666666666,Gear,6000.0
rule,999191,123,primary,canonical,1,1,1,111,0.0715,0.7291666666666666,RPM,6000.0
rule,999191,123,primary,shifted,0,0,0,000,1.0,1.0,Gear,6000.0
rule,999191,123,primary,shifted,0,0,0,000,0.995,1.0,RPM,6000.0
rule,999191,123,primary,shifted,0,0,1,001,1.0,1.0,Gear,6000.0
rule,999191,123,primary,shifted,0,0,1,001,0.9976666666666668,1.0,RPM,6000.0
rule,999191,123,primary,shifted,0,1,0,010,1.0,1.0,Gear,6000.0
rule,999191,123,primary,shifted,0,1,0,010,0.9981666666666666,1.0,RPM,6000.0
rule,999191,123,primary,shifted,0,1,1,011,0.9998333333333335,1.0,Gear,6000.0
rule,999191,123,primary,shifted,0,1,1,011,0.9993333333333334,1.0,RPM,6000.0
rule,999191,123,primary,shifted,1,0,0,100,0.0635,0.27849999999999997,Gear,6000.0
rule,999191,123,primary,shifted,1,0,0,100,0.1795,0.30283333333333334,RPM,6000.0
rule,999191,123,primary,shifted,1,0,1,101,0.050333333333333334,0.7271666666666666,Gear,6000.0
rule,999191,123,primary,shifted,1,0,1,101,0.06366666666666666,0.7413333333333334,RPM,6000.0
rule,999191,123,primary,shifted,1,1,0,110,0.07816666666666666,0.24716666666666667,Gear,6000.0
rule,999191,123,primary,shifted,1,1,0,110,0.19033333333333333,0.26933333333333337,RPM,6000.0
rule,999191,123,primary,shifted,1,1,1,111,0.05333333333333334,0.7479999999999999,Gear,6000.0
rule,999191,123,primary,shifted,1,1,1,111,0.07066666666666667,0.7468333333333333,RPM,6000.0
rule,999191,2026,primary,canonical,0,0,0,000,0.9998333333333335,1.0,Gear,6000.0
rule,999191,2026,primary,canonical,0,0,0,000,0.9976666666666666,1.0,RPM,6000.0
rule,999191,2026,primary,canonical,0,0,1,001,1.0,1.0,Gear,6000.0
rule,999191,2026,primary,canonical,0,0,1,001,0.9984999999999999,1.0,RPM,6000.0
rule,999191,2026,primary,canonical,0,1,0,010,1.0,1.0,Gear,6000.0
rule,999191,2026,primary,canonical,0,1,0,010,0.999,1.0,RPM,6000.0
rule,999191,2026,primary,canonical,0,1,1,011,1.0,1.0,Gear,6000.0
rule,999191,2026,primary,canonical,0,1,1,011,0.9994999999999999,1.0,RPM,6000.0
rule,999191,2026,primary,canonical,1,0,0,100,0.045000000000000005,0.2668333333333333,Gear,6000.0
rule,999191,2026,primary,canonical,1,0,0,100,0.08466666666666667,0.25033333333333335,RPM,6000.0
rule,999191,2026,primary,canonical,1,0,1,101,0.03566666666666667,0.5878333333333333,Gear,6000.0
rule,999191,2026,primary,canonical,1,0,1,101,0.135,0.7168333333333333,RPM,6000.0
rule,999191,2026,primary,canonical,1,1,0,110,0.05533333333333334,0.22433333333333336,Gear,6000.0
rule,999191,2026,primary,canonical,1,1,0,110,0.109,0.22183333333333333,RPM,6000.0
rule,999191,2026,primary,canonical,1,1,1,111,0.041666666666666664,0.5628333333333333,Gear,6000.0
rule,999191,2026,primary,canonical,1,1,1,111,0.165,0.7254999999999999,RPM,6000.0
rule,999191,2026,primary,shifted,0,0,0,000,0.9998333333333335,1.0,Gear,6000.0
rule,999191,2026,primary,shifted,0,0,0,000,0.9956666666666667,1.0,RPM,6000.0
rule,999191,2026,primary,shifted,0,0,1,001,1.0,1.0,Gear,6000.0
rule,999191,2026,primary,shifted,0,0,1,001,0.9976666666666668,1.0,RPM,6000.0
rule,999191,2026,primary,shifted,0,1,0,010,1.0,1.0,Gear,6000.0
rule,999191,2026,primary,shifted,0,1,0,010,0.9983333333333334,1.0,RPM,6000.0
rule,999191,2026,primary,shifted,0,1,1,011,1.0,1.0,Gear,6000.0
rule,999191,2026,primary,shifted,0,1,1,011,0.999,1.0,RPM,6000.0
rule,999191,2026,primary,shifted,1,0,0,100,0.045000000000000005,0.26783333333333337,Gear,6000.0
rule,999191,2026,primary,shifted,1,0,0,100,0.08233333333333333,0.25016666666666665,RPM,6000.0
rule,999191,2026,primary,shifted,1,0,1,101,0.03516666666666667,0.5884999999999999,Gear,6000.0
rule,999191,2026,primary,shifted,1,0,1,101,0.1396666666666667,0.7231666666666667,RPM,6000.0
rule,999191,2026,primary,shifted,1,1,0,110,0.05466666666666667,0.22416666666666665,Gear,6000.0
rule,999191,2026,primary,shifted,1,1,0,110,0.10716666666666667,0.22033333333333335,RPM,6000.0
rule,999191,2026,primary,shifted,1,1,1,111,0.0415,0.5630000000000001,Gear,6000.0
rule,999191,2026,primary,shifted,1,1,1,111,0.16716666666666669,0.73,RPM,6000.0
rule,999191,3407,primary,canonical,0,0,0,000,1.0,1.0,Gear,6000.0
rule,999191,3407,primary,canonical,0,0,0,000,0.9975,1.0,RPM,6000.0
rule,999191,3407,primary,canonical,0,0,1,001,1.0,1.0,Gear,6000.0
rule,999191,3407,primary,canonical,0,0,1,001,0.9983333333333334,1.0,RPM,6000.0
rule,999191,3407,primary,canonical,0,1,0,010,1.0,1.0,Gear,6000.0
rule,999191,3407,primary,canonical,0,1,0,010,0.9991666666666666,1.0,RPM,6000.0
rule,999191,3407,primary,canonical,0,1,1,011,1.0,1.0,Gear,6000.0
rule,999191,3407,primary,canonical,0,1,1,011,0.9994999999999999,1.0,RPM,6000.0
rule,999191,3407,primary,canonical,1,0,0,100,0.029666666666666664,0.25566666666666665,Gear,6000.0
rule,999191,3407,primary,canonical,1,0,0,100,0.1025,0.2525,RPM,6000.0
rule,999191,3407,primary,canonical,1,0,1,101,0.03233333333333333,0.7366666666666667,Gear,6000.0
rule,999191,3407,primary,canonical,1,0,1,101,0.0535,0.624,RPM,6000.0
rule,999191,3407,primary,canonical,1,1,0,110,0.027666666666666662,0.22,Gear,6000.0
rule,999191,3407,primary,canonical,1,1,0,110,0.11683333333333334,0.223,RPM,6000.0
rule,999191,3407,primary,canonical,1,1,1,111,0.029833333333333333,0.7326666666666667,Gear,6000.0
rule,999191,3407,primary,canonical,1,1,1,111,0.06466666666666666,0.631,RPM,6000.0
rule,999191,3407,primary,shifted,0,0,0,000,1.0,1.0,Gear,6000.0
rule,999191,3407,primary,shifted,0,0,0,000,0.9956666666666667,1.0,RPM,6000.0
rule,999191,3407,primary,shifted,0,0,1,001,1.0,1.0,Gear,6000.0
rule,999191,3407,primary,shifted,0,0,1,001,0.9975,1.0,RPM,6000.0
rule,999191,3407,primary,shifted,0,1,0,010,1.0,1.0,Gear,6000.0
rule,999191,3407,primary,shifted,0,1,0,010,0.9986666666666667,1.0,RPM,6000.0
rule,999191,3407,primary,shifted,0,1,1,011,1.0,1.0,Gear,6000.0
rule,999191,3407,primary,shifted,0,1,1,011,0.9991666666666666,1.0,RPM,6000.0
rule,999191,3407,primary,shifted,1,0,0,100,0.029666666666666664,0.25633333333333336,Gear,6000.0
rule,999191,3407,primary,shifted,1,0,0,100,0.10166666666666667,0.254,RPM,6000.0
rule,999191,3407,primary,shifted,1,0,1,101,0.03183333333333333,0.7373333333333334,Gear,6000.0
rule,999191,3407,primary,shifted,1,0,1,101,0.05333333333333334,0.6316666666666667,RPM,6000.0
rule,999191,3407,primary,shifted,1,1,0,110,0.02783333333333333,0.221,Gear,6000.0
rule,999191,3407,primary,shifted,1,1,0,110,0.11433333333333333,0.2225,RPM,6000.0
rule,999191,3407,primary,shifted,1,1,1,111,0.03,0.7333333333333334,Gear,6000.0
rule,999191,3407,primary,shifted,1,1,1,111,0.0645,0.6426666666666666,RPM,6000.0
