setting,label,seed,set_id,subset_or_stem,vehicle_axis,attack_axis,windows,normal_windows,attack_windows,accuracy,macro_f1_binary,normal_recall,fpr,attack_recall,tn,fp,fn,tp
real_only,Real only,42,set_01,DoS,known_vehicle,known_attack,33574,29878,3696,0.11008518496455591,0.09916823182184062,0.0,1.0,1.0,0,29878,0,3696
real_only,Real only,7,set_01,DoS,known_vehicle,known_attack,33574,29878,3696,0.11008518496455591,0.09916823182184062,0.0,1.0,1.0,0,29878,0,3696
real_only,Real only,123,set_01,DoS,known_vehicle,known_attack,33574,29878,3696,0.11008518496455591,0.09916823182184062,0.0,1.0,1.0,0,29878,0,3696
real_oversampling_0p50,Real oversampling +50%,42,set_01,DoS,known_vehicle,known_attack,33574,29878,3696,0.11008518496455591,0.09916823182184062,0.0,1.0,1.0,0,29878,0,3696
real_oversampling_0p50,Real oversampling +50%,7,set_01,DoS,known_vehicle,known_attack,33574,29878,3696,0.11008518496455591,0.09916823182184062,0.0,1.0,1.0,0,29878,0,3696
real_oversampling_0p50,Real oversampling +50%,123,set_01,DoS,known_vehicle,known_attack,33574,29878,3696,0.11008518496455591,0.09916823182184062,0.0,1.0,1.0,0,29878,0,3696
rule_0p10,Rule +10%,42,set_01,DoS,known_vehicle,known_attack,33574,29878,3696,0.11008518496455591,0.09916823182184062,0.0,1.0,1.0,0,29878,0,3696
rule_0p10,Rule +10%,7,set_01,DoS,known_vehicle,known_attack,33574,29878,3696,0.11008518496455591,0.09916823182184062,0.0,1.0,1.0,0,29878,0,3696
rule_0p10,Rule +10%,123,set_01,DoS,known_vehicle,known_attack,33574,29878,3696,0.11008518496455591,0.09916823182184062,0.0,1.0,1.0,0,29878,0,3696
rule_0p30,Rule +30%,42,set_01,DoS,known_vehicle,known_attack,33574,29878,3696,0.11008518496455591,0.09916823182184062,0.0,1.0,1.0,0,29878,0,3696
rule_0p30,Rule +30%,7,set_01,DoS,known_vehicle,known_attack,33574,29878,3696,0.11008518496455591,0.09916823182184062,0.0,1.0,1.0,0,29878,0,3696
rule_0p30,Rule +30%,123,set_01,DoS,known_vehicle,known_attack,33574,29878,3696,0.11008518496455591,0.09916823182184062,0.0,1.0,1.0,0,29878,0,3696
rule_0p50,Rule +50%,42,set_01,DoS,known_vehicle,known_attack,33574,29878,3696,0.11008518496455591,0.09916823182184062,0.0,1.0,1.0,0,29878,0,3696
rule_0p50,Rule +50%,7,set_01,DoS,known_vehicle,known_attack,33574,29878,3696,0.11008518496455591,0.09916823182184062,0.0,1.0,1.0,0,29878,0,3696
rule_0p50,Rule +50%,123,set_01,DoS,known_vehicle,known_attack,33574,29878,3696,0.11008518496455591,0.09916823182184062,0.0,1.0,1.0,0,29878,0,3696
rule_1p00,Rule +100%,42,set_01,DoS,known_vehicle,known_attack,33574,29878,3696,0.11008518496455591,0.09916823182184062,0.0,1.0,1.0,0,29878,0,3696
rule_1p00,Rule +100%,7,set_01,DoS,known_vehicle,known_attack,33574,29878,3696,0.11008518496455591,0.09916823182184062,0.0,1.0,1.0,0,29878,0,3696
rule_1p00,Rule +100%,123,set_01,DoS,known_vehicle,known_attack,33574,29878,3696,0.11008518496455591,0.09916823182184062,0.0,1.0,1.0,0,29878,0,3696
real_only,Real only,42,set_01,force-neutral,known_vehicle,known_attack,54494,53955,539,0.009890997174000807,0.00979412352588447,0.0,1.0,1.0,0,53955,0,539
real_only,Real only,7,set_01,force-neutral,known_vehicle,known_attack,54494,53955,539,0.009890997174000807,0.00979412352588447,0.0,1.0,1.0,0,53955,0,539
real_only,Real only,123,set_01,force-neutral,known_vehicle,known_attack,54494,53955,539,0.009890997174000807,0.00979412352588447,0.0,1.0,1.0,0,53955,0,539
real_oversampling_0p50,Real oversampling +50%,42,set_01,force-neutral,known_vehicle,known_attack,54494,53955,539,0.009890997174000807,0.00979412352588447,0.0,1.0,1.0,0,53955,0,539
real_oversampling_0p50,Real oversampling +50%,7,set_01,force-neutral,known_vehicle,known_attack,54494,53955,539,0.009890997174000807,0.00979412352588447,0.0,1.0,1.0,0,53955,0,539
real_oversampling_0p50,Real oversampling +50%,123,set_01,force-neutral,known_vehicle,known_attack,54494,53955,539,0.009890997174000807,0.00979412352588447,0.0,1.0,1.0,0,53955,0,539
rule_0p10,Rule +10%,42,set_01,force-neutral,known_vehicle,known_attack,54494,53955,539,0.009890997174000807,0.00979412352588447,0.0,1.0,1.0,0,53955,0,539
rule_0p10,Rule +10%,7,set_01,force-neutral,known_vehicle,known_attack,54494,53955,539,0.009890997174000807,0.00979412352588447,0.0,1.0,1.0,0,53955,0,539
rule_0p10,Rule +10%,123,set_01,force-neutral,known_vehicle,known_attack,54494,53955,539,0.009890997174000807,0.00979412352588447,0.0,1.0,1.0,0,53955,0,539
rule_0p30,Rule +30%,42,set_01,force-neutral,known_vehicle,known_attack,54494,53955,539,0.009890997174000807,0.00979412352588447,0.0,1.0,1.0,0,53955,0,539
rule_0p30,Rule +30%,7,set_01,force-neutral,known_vehicle,known_attack,54494,53955,539,0.009890997174000807,0.00979412352588447,0.0,1.0,1.0,0,53955,0,539
rule_0p30,Rule +30%,123,set_01,force-neutral,known_vehicle,known_attack,54494,53955,539,0.009890997174000807,0.00979412352588447,0.0,1.0,1.0,0,53955,0,539
rule_0p50,Rule +50%,42,set_01,force-neutral,known_vehicle,known_attack,54494,53955,539,0.009890997174000807,0.00979412352588447,0.0,1.0,1.0,0,53955,0,539
rule_0p50,Rule +50%,7,set_01,force-neutral,known_vehicle,known_attack,54494,53955,539,0.009890997174000807,0.00979412352588447,0.0,1.0,1.0,0,53955,0,539
rule_0p50,Rule +50%,123,set_01,force-neutral,known_vehicle,known_attack,54494,53955,539,0.009890997174000807,0.00979412352588447,0.0,1.0,1.0,0,53955,0,539
rule_1p00,Rule +100%,42,set_01,force-neutral,known_vehicle,known_attack,54494,53955,539,0.009890997174000807,0.00979412352588447,0.0,1.0,1.0,0,53955,0,539
rule_1p00,Rule +100%,7,set_01,force-neutral,known_vehicle,known_attack,54494,53955,539,0.009890997174000807,0.00979412352588447,0.0,1.0,1.0,0,53955,0,539
rule_1p00,Rule +100%,123,set_01,force-neutral,known_vehicle,known_attack,54494,53955,539,0.009890997174000807,0.00979412352588447,0.0,1.0,1.0,0,53955,0,539
real_only,Real only,42,set_01,rpm,known_vehicle,known_attack,51043,50245,798,0.015633877319123093,0.015393221581373816,0.0,1.0,1.0,0,50245,0,798
real_only,Real only,7,set_01,rpm,known_vehicle,known_attack,51043,50245,798,0.015633877319123093,0.015393221581373816,0.0,1.0,1.0,0,50245,0,798
real_only,Real only,123,set_01,rpm,known_vehicle,known_attack,51043,50245,798,0.015633877319123093,0.015393221581373816,0.0,1.0,1.0,0,50245,0,798
real_oversampling_0p50,Real oversampling +50%,42,set_01,rpm,known_vehicle,known_attack,51043,50245,798,0.015633877319123093,0.015393221581373816,0.0,1.0,1.0,0,50245,0,798
real_oversampling_0p50,Real oversampling +50%,7,set_01,rpm,known_vehicle,known_attack,51043,50245,798,0.015633877319123093,0.015393221581373816,0.0,1.0,1.0,0,50245,0,798
real_oversampling_0p50,Real oversampling +50%,123,set_01,rpm,known_vehicle,known_attack,51043,50245,798,0.015633877319123093,0.015393221581373816,0.0,1.0,1.0,0,50245,0,798
rule_0p10,Rule +10%,42,set_01,rpm,known_vehicle,known_attack,51043,50245,798,0.015633877319123093,0.015393221581373816,0.0,1.0,1.0,0,50245,0,798
rule_0p10,Rule +10%,7,set_01,rpm,known_vehicle,known_attack,51043,50245,798,0.015633877319123093,0.015393221581373816,0.0,1.0,1.0,0,50245,0,798
rule_0p10,Rule +10%,123,set_01,rpm,known_vehicle,known_attack,51043,50245,798,0.015633877319123093,0.015393221581373816,0.0,1.0,1.0,0,50245,0,798
rule_0p30,Rule +30%,42,set_01,rpm,known_vehicle,known_attack,51043,50245,798,0.015633877319123093,0.015393221581373816,0.0,1.0,1.0,0,50245,0,798
rule_0p30,Rule +30%,7,set_01,rpm,known_vehicle,known_attack,51043,50245,798,0.015633877319123093,0.015393221581373816,0.0,1.0,1.0,0,50245,0,798
rule_0p30,Rule +30%,123,set_01,rpm,known_vehicle,known_attack,51043,50245,798,0.015633877319123093,0.015393221581373816,0.0,1.0,1.0,0,50245,0,798
rule_0p50,Rule +50%,42,set_01,rpm,known_vehicle,known_attack,51043,50245,798,0.015633877319123093,0.015393221581373816,0.0,1.0,1.0,0,50245,0,798
rule_0p50,Rule +50%,7,set_01,rpm,known_vehicle,known_attack,51043,50245,798,0.015633877319123093,0.015393221581373816,0.0,1.0,1.0,0,50245,0,798
rule_0p50,Rule +50%,123,set_01,rpm,known_vehicle,known_attack,51043,50245,798,0.015633877319123093,0.015393221581373816,0.0,1.0,1.0,0,50245,0,798
rule_1p00,Rule +100%,42,set_01,rpm,known_vehicle,known_attack,51043,50245,798,0.015633877319123093,0.015393221581373816,0.0,1.0,1.0,0,50245,0,798
rule_1p00,Rule +100%,7,set_01,rpm,known_vehicle,known_attack,51043,50245,798,0.015633877319123093,0.015393221581373816,0.0,1.0,1.0,0,50245,0,798
rule_1p00,Rule +100%,123,set_01,rpm,known_vehicle,known_attack,51043,50245,798,0.015633877319123093,0.015393221581373816,0.0,1.0,1.0,0,50245,0,798
real_only,Real only,42,set_01,DoS,unknown_vehicle,known_attack,55931,40249,15682,0.2803811839588064,0.21898258696046807,0.0,1.0,1.0,0,40249,0,15682
real_only,Real only,7,set_01,DoS,unknown_vehicle,known_attack,55931,40249,15682,0.2803811839588064,0.21898258696046807,0.0,1.0,1.0,0,40249,0,15682
real_only,Real only,123,set_01,DoS,unknown_vehicle,known_attack,55931,40249,15682,0.2803811839588064,0.21898258696046807,0.0,1.0,1.0,0,40249,0,15682
real_oversampling_0p50,Real oversampling +50%,42,set_01,DoS,unknown_vehicle,known_attack,55931,40249,15682,0.2803811839588064,0.21898258696046807,0.0,1.0,1.0,0,40249,0,15682
real_oversampling_0p50,Real oversampling +50%,7,set_01,DoS,unknown_vehicle,known_attack,55931,40249,15682,0.2803811839588064,0.21898258696046807,0.0,1.0,1.0,0,40249,0,15682
real_oversampling_0p50,Real oversampling +50%,123,set_01,DoS,unknown_vehicle,known_attack,55931,40249,15682,0.2803811839588064,0.21898258696046807,0.0,1.0,1.0,0,40249,0,15682
rule_0p10,Rule +10%,42,set_01,DoS,unknown_vehicle,known_attack,55931,40249,15682,0.2803811839588064,0.21898258696046807,0.0,1.0,1.0,0,40249,0,15682
rule_0p10,Rule +10%,7,set_01,DoS,unknown_vehicle,known_attack,55931,40249,15682,0.2803811839588064,0.21898258696046807,0.0,1.0,1.0,0,40249,0,15682
rule_0p10,Rule +10%,123,set_01,DoS,unknown_vehicle,known_attack,55931,40249,15682,0.2803811839588064,0.21898258696046807,0.0,1.0,1.0,0,40249,0,15682
rule_0p30,Rule +30%,42,set_01,DoS,unknown_vehicle,known_attack,55931,40249,15682,0.2803811839588064,0.21898258696046807,0.0,1.0,1.0,0,40249,0,15682
rule_0p30,Rule +30%,7,set_01,DoS,unknown_vehicle,known_attack,55931,40249,15682,0.2803811839588064,0.21898258696046807,0.0,1.0,1.0,0,40249,0,15682
rule_0p30,Rule +30%,123,set_01,DoS,unknown_vehicle,known_attack,55931,40249,15682,0.2803811839588064,0.21898258696046807,0.0,1.0,1.0,0,40249,0,15682
rule_0p50,Rule +50%,42,set_01,DoS,unknown_vehicle,known_attack,55931,40249,15682,0.2803811839588064,0.21898258696046807,0.0,1.0,1.0,0,40249,0,15682
rule_0p50,Rule +50%,7,set_01,DoS,unknown_vehicle,known_attack,55931,40249,15682,0.2803811839588064,0.21898258696046807,0.0,1.0,1.0,0,40249,0,15682
rule_0p50,Rule +50%,123,set_01,DoS,unknown_vehicle,known_attack,55931,40249,15682,0.2803811839588064,0.21898258696046807,0.0,1.0,1.0,0,40249,0,15682
rule_1p00,Rule +100%,42,set_01,DoS,unknown_vehicle,known_attack,55931,40249,15682,0.2803811839588064,0.21898258696046807,0.0,1.0,1.0,0,40249,0,15682
rule_1p00,Rule +100%,7,set_01,DoS,unknown_vehicle,known_attack,55931,40249,15682,0.2803811839588064,0.21898258696046807,0.0,1.0,1.0,0,40249,0,15682
rule_1p00,Rule +100%,123,set_01,DoS,unknown_vehicle,known_attack,55931,40249,15682,0.2803811839588064,0.21898258696046807,0.0,1.0,1.0,0,40249,0,15682
real_only,Real only,42,set_01,force-neutral,unknown_vehicle,known_attack,65483,65131,352,0.005375440954140769,0.005346700083542189,0.0,1.0,1.0,0,65131,0,352
real_only,Real only,7,set_01,force-neutral,unknown_vehicle,known_attack,65483,65131,352,0.005375440954140769,0.005346700083542189,0.0,1.0,1.0,0,65131,0,352
real_only,Real only,123,set_01,force-neutral,unknown_vehicle,known_attack,65483,65131,352,0.005375440954140769,0.005346700083542189,0.0,1.0,1.0,0,65131,0,352
real_oversampling_0p50,Real oversampling +50%,42,set_01,force-neutral,unknown_vehicle,known_attack,65483,65131,352,0.005375440954140769,0.005346700083542189,0.0,1.0,1.0,0,65131,0,352
real_oversampling_0p50,Real oversampling +50%,7,set_01,force-neutral,unknown_vehicle,known_attack,65483,65131,352,0.005375440954140769,0.005346700083542189,0.0,1.0,1.0,0,65131,0,352
real_oversampling_0p50,Real oversampling +50%,123,set_01,force-neutral,unknown_vehicle,known_attack,65483,65131,352,0.005375440954140769,0.005346700083542189,0.0,1.0,1.0,0,65131,0,352
rule_0p10,Rule +10%,42,set_01,force-neutral,unknown_vehicle,known_attack,65483,65131,352,0.005375440954140769,0.005346700083542189,0.0,1.0,1.0,0,65131,0,352
rule_0p10,Rule +10%,7,set_01,force-neutral,unknown_vehicle,known_attack,65483,65131,352,0.005375440954140769,0.005346700083542189,0.0,1.0,1.0,0,65131,0,352
rule_0p10,Rule +10%,123,set_01,force-neutral,unknown_vehicle,known_attack,65483,65131,352,0.005375440954140769,0.005346700083542189,0.0,1.0,1.0,0,65131,0,352
rule_0p30,Rule +30%,42,set_01,force-neutral,unknown_vehicle,known_attack,65483,65131,352,0.005375440954140769,0.005346700083542189,0.0,1.0,1.0,0,65131,0,352
rule_0p30,Rule +30%,7,set_01,force-neutral,unknown_vehicle,known_attack,65483,65131,352,0.005375440954140769,0.005346700083542189,0.0,1.0,1.0,0,65131,0,352
rule_0p30,Rule +30%,123,set_01,force-neutral,unknown_vehicle,known_attack,65483,65131,352,0.005375440954140769,0.005346700083542189,0.0,1.0,1.0,0,65131,0,352
rule_0p50,Rule +50%,42,set_01,force-neutral,unknown_vehicle,known_attack,65483,65131,352,0.005375440954140769,0.005346700083542189,0.0,1.0,1.0,0,65131,0,352
rule_0p50,Rule +50%,7,set_01,force-neutral,unknown_vehicle,known_attack,65483,65131,352,0.005375440954140769,0.005346700083542189,0.0,1.0,1.0,0,65131,0,352
rule_0p50,Rule +50%,123,set_01,force-neutral,unknown_vehicle,known_attack,65483,65131,352,0.005375440954140769,0.005346700083542189,0.0,1.0,1.0,0,65131,0,352
rule_1p00,Rule +100%,42,set_01,force-neutral,unknown_vehicle,known_attack,65483,65131,352,0.005375440954140769,0.005346700083542189,0.0,1.0,1.0,0,65131,0,352
rule_1p00,Rule +100%,7,set_01,force-neutral,unknown_vehicle,known_attack,65483,65131,352,0.005375440954140769,0.005346700083542189,0.0,1.0,1.0,0,65131,0,352
rule_1p00,Rule +100%,123,set_01,force-neutral,unknown_vehicle,known_attack,65483,65131,352,0.005375440954140769,0.005346700083542189,0.0,1.0,1.0,0,65131,0,352
real_only,Real only,42,set_01,rpm,unknown_vehicle,known_attack,40025,39417,608,0.015190505933791381,0.014963207245342456,0.0,1.0,1.0,0,39417,0,608
real_only,Real only,7,set_01,rpm,unknown_vehicle,known_attack,40025,39417,608,0.015190505933791381,0.014963207245342456,0.0,1.0,1.0,0,39417,0,608
real_only,Real only,123,set_01,rpm,unknown_vehicle,known_attack,40025,39417,608,0.015190505933791381,0.014963207245342456,0.0,1.0,1.0,0,39417,0,608
real_oversampling_0p50,Real oversampling +50%,42,set_01,rpm,unknown_vehicle,known_attack,40025,39417,608,0.015190505933791381,0.014963207245342456,0.0,1.0,1.0,0,39417,0,608
real_oversampling_0p50,Real oversampling +50%,7,set_01,rpm,unknown_vehicle,known_attack,40025,39417,608,0.015190505933791381,0.014963207245342456,0.0,1.0,1.0,0,39417,0,608
real_oversampling_0p50,Real oversampling +50%,123,set_01,rpm,unknown_vehicle,known_attack,40025,39417,608,0.015190505933791381,0.014963207245342456,0.0,1.0,1.0,0,39417,0,608
rule_0p10,Rule +10%,42,set_01,rpm,unknown_vehicle,known_attack,40025,39417,608,0.015190505933791381,0.014963207245342456,0.0,1.0,1.0,0,39417,0,608
rule_0p10,Rule +10%,7,set_01,rpm,unknown_vehicle,known_attack,40025,39417,608,0.015190505933791381,0.014963207245342456,0.0,1.0,1.0,0,39417,0,608
rule_0p10,Rule +10%,123,set_01,rpm,unknown_vehicle,known_attack,40025,39417,608,0.015190505933791381,0.014963207245342456,0.0,1.0,1.0,0,39417,0,608
rule_0p30,Rule +30%,42,set_01,rpm,unknown_vehicle,known_attack,40025,39417,608,0.015190505933791381,0.014963207245342456,0.0,1.0,1.0,0,39417,0,608
rule_0p30,Rule +30%,7,set_01,rpm,unknown_vehicle,known_attack,40025,39417,608,0.015190505933791381,0.014963207245342456,0.0,1.0,1.0,0,39417,0,608
rule_0p30,Rule +30%,123,set_01,rpm,unknown_vehicle,known_attack,40025,39417,608,0.015190505933791381,0.014963207245342456,0.0,1.0,1.0,0,39417,0,608
rule_0p50,Rule +50%,42,set_01,rpm,unknown_vehicle,known_attack,40025,39417,608,0.015190505933791381,0.014963207245342456,0.0,1.0,1.0,0,39417,0,608
rule_0p50,Rule +50%,7,set_01,rpm,unknown_vehicle,known_attack,40025,39417,608,0.015190505933791381,0.014963207245342456,0.0,1.0,1.0,0,39417,0,608
rule_0p50,Rule +50%,123,set_01,rpm,unknown_vehicle,known_attack,40025,39417,608,0.015190505933791381,0.014963207245342456,0.0,1.0,1.0,0,39417,0,608
rule_1p00,Rule +100%,42,set_01,rpm,unknown_vehicle,known_attack,40025,39417,608,0.015190505933791381,0.014963207245342456,0.0,1.0,1.0,0,39417,0,608
rule_1p00,Rule +100%,7,set_01,rpm,unknown_vehicle,known_attack,40025,39417,608,0.015190505933791381,0.014963207245342456,0.0,1.0,1.0,0,39417,0,608
rule_1p00,Rule +100%,123,set_01,rpm,unknown_vehicle,known_attack,40025,39417,608,0.015190505933791381,0.014963207245342456,0.0,1.0,1.0,0,39417,0,608
real_only,Real only,42,set_01,fuzzing,known_vehicle,unknown_attack,30709,26307,4402,0.1433455990100622,0.12537381447409643,0.0,1.0,1.0,0,26307,0,4402
real_only,Real only,7,set_01,fuzzing,known_vehicle,unknown_attack,30709,26307,4402,0.1433455990100622,0.12537381447409643,0.0,1.0,1.0,0,26307,0,4402
real_only,Real only,123,set_01,fuzzing,known_vehicle,unknown_attack,30709,26307,4402,0.1433455990100622,0.12537381447409643,0.0,1.0,1.0,0,26307,0,4402
real_oversampling_0p50,Real oversampling +50%,42,set_01,fuzzing,known_vehicle,unknown_attack,30709,26307,4402,0.1433455990100622,0.12537381447409643,0.0,1.0,1.0,0,26307,0,4402
real_oversampling_0p50,Real oversampling +50%,7,set_01,fuzzing,known_vehicle,unknown_attack,30709,26307,4402,0.1433455990100622,0.12537381447409643,0.0,1.0,1.0,0,26307,0,4402
real_oversampling_0p50,Real oversampling +50%,123,set_01,fuzzing,known_vehicle,unknown_attack,30709,26307,4402,0.1433455990100622,0.12537381447409643,0.0,1.0,1.0,0,26307,0,4402
rule_0p10,Rule +10%,42,set_01,fuzzing,known_vehicle,unknown_attack,30709,26307,4402,0.1433455990100622,0.12537381447409643,0.0,1.0,1.0,0,26307,0,4402
rule_0p10,Rule +10%,7,set_01,fuzzing,known_vehicle,unknown_attack,30709,26307,4402,0.1433455990100622,0.12537381447409643,0.0,1.0,1.0,0,26307,0,4402
rule_0p10,Rule +10%,123,set_01,fuzzing,known_vehicle,unknown_attack,30709,26307,4402,0.1433455990100622,0.12537381447409643,0.0,1.0,1.0,0,26307,0,4402
rule_0p30,Rule +30%,42,set_01,fuzzing,known_vehicle,unknown_attack,30709,26307,4402,0.1433455990100622,0.12537381447409643,0.0,1.0,1.0,0,26307,0,4402
rule_0p30,Rule +30%,7,set_01,fuzzing,known_vehicle,unknown_attack,30709,26307,4402,0.1433455990100622,0.12537381447409643,0.0,1.0,1.0,0,26307,0,4402
rule_0p30,Rule +30%,123,set_01,fuzzing,known_vehicle,unknown_attack,30709,26307,4402,0.1433455990100622,0.12537381447409643,0.0,1.0,1.0,0,26307,0,4402
rule_0p50,Rule +50%,42,set_01,fuzzing,known_vehicle,unknown_attack,30709,26307,4402,0.1433455990100622,0.12537381447409643,0.0,1.0,1.0,0,26307,0,4402
rule_0p50,Rule +50%,7,set_01,fuzzing,known_vehicle,unknown_attack,30709,26307,4402,0.1433455990100622,0.12537381447409643,0.0,1.0,1.0,0,26307,0,4402
rule_0p50,Rule +50%,123,set_01,fuzzing,known_vehicle,unknown_attack,30709,26307,4402,0.1433455990100622,0.12537381447409643,0.0,1.0,1.0,0,26307,0,4402
rule_1p00,Rule +100%,42,set_01,fuzzing,known_vehicle,unknown_attack,30709,26307,4402,0.1433455990100622,0.12537381447409643,0.0,1.0,1.0,0,26307,0,4402
rule_1p00,Rule +100%,7,set_01,fuzzing,known_vehicle,unknown_attack,30709,26307,4402,0.1433455990100622,0.12537381447409643,0.0,1.0,1.0,0,26307,0,4402
rule_1p00,Rule +100%,123,set_01,fuzzing,known_vehicle,unknown_attack,30709,26307,4402,0.1433455990100622,0.12537381447409643,0.0,1.0,1.0,0,26307,0,4402
real_only,Real only,42,set_01,fuzzing,unknown_vehicle,unknown_attack,34825,33399,1426,0.04094759511844939,0.03933684588011365,0.0,1.0,1.0,0,33399,0,1426
real_only,Real only,7,set_01,fuzzing,unknown_vehicle,unknown_attack,34825,33399,1426,0.04094759511844939,0.03933684588011365,0.0,1.0,1.0,0,33399,0,1426
real_only,Real only,123,set_01,fuzzing,unknown_vehicle,unknown_attack,34825,33399,1426,0.04169418521177315,0.04014294024765229,0.0007784664211503338,0.9992215335788497,1.0,26,33373,0,1426
real_oversampling_0p50,Real oversampling +50%,42,set_01,fuzzing,unknown_vehicle,unknown_attack,34825,33399,1426,0.04169418521177315,0.04014294024765229,0.0007784664211503338,0.9992215335788497,1.0,26,33373,0,1426
real_oversampling_0p50,Real oversampling +50%,7,set_01,fuzzing,unknown_vehicle,unknown_attack,34825,33399,1426,0.04106245513280689,0.03946093657992209,0.00011976406479235905,0.9998802359352077,1.0,4,33395,0,1426
real_oversampling_0p50,Real oversampling +50%,123,set_01,fuzzing,unknown_vehicle,unknown_attack,34825,33399,1426,0.042871500358937546,0.04141171575114683,0.002006048085272014,0.997993951914728,1.0,67,33332,0,1426
rule_0p10,Rule +10%,42,set_01,fuzzing,unknown_vehicle,unknown_attack,34825,33399,1426,0.04094759511844939,0.03933684588011365,0.0,1.0,1.0,0,33399,0,1426
rule_0p10,Rule +10%,7,set_01,fuzzing,unknown_vehicle,unknown_attack,34825,33399,1426,0.04094759511844939,0.03933684588011365,0.0,1.0,1.0,0,33399,0,1426
rule_0p10,Rule +10%,123,set_01,fuzzing,unknown_vehicle,unknown_attack,34825,33399,1426,0.04094759511844939,0.03933684588011365,0.0,1.0,1.0,0,33399,0,1426
rule_0p30,Rule +30%,42,set_01,fuzzing,unknown_vehicle,unknown_attack,34825,33399,1426,0.04094759511844939,0.03933684588011365,0.0,1.0,1.0,0,33399,0,1426
rule_0p30,Rule +30%,7,set_01,fuzzing,unknown_vehicle,unknown_attack,34825,33399,1426,0.04094759511844939,0.03933684588011365,0.0,1.0,1.0,0,33399,0,1426
rule_0p30,Rule +30%,123,set_01,fuzzing,unknown_vehicle,unknown_attack,34825,33399,1426,0.04094759511844939,0.03933684588011365,0.0,1.0,1.0,0,33399,0,1426
rule_0p50,Rule +50%,42,set_01,fuzzing,unknown_vehicle,unknown_attack,34825,33399,1426,0.04094759511844939,0.03933684588011365,0.0,1.0,1.0,0,33399,0,1426
rule_0p50,Rule +50%,7,set_01,fuzzing,unknown_vehicle,unknown_attack,34825,33399,1426,0.04094759511844939,0.03933684588011365,0.0,1.0,1.0,0,33399,0,1426
rule_0p50,Rule +50%,123,set_01,fuzzing,unknown_vehicle,unknown_attack,34825,33399,1426,0.04094759511844939,0.03933684588011365,0.0,1.0,1.0,0,33399,0,1426
rule_1p00,Rule +100%,42,set_01,fuzzing,unknown_vehicle,unknown_attack,34825,33399,1426,0.04094759511844939,0.03933684588011365,0.0,1.0,1.0,0,33399,0,1426
rule_1p00,Rule +100%,7,set_01,fuzzing,unknown_vehicle,unknown_attack,34825,33399,1426,0.04094759511844939,0.03933684588011365,0.0,1.0,1.0,0,33399,0,1426
rule_1p00,Rule +100%,123,set_01,fuzzing,unknown_vehicle,unknown_attack,34825,33399,1426,0.04094759511844939,0.03933684588011365,0.0,1.0,1.0,0,33399,0,1426
real_only,Real only,42,set_02,fuzzing,known_vehicle,known_attack,34825,33399,1426,0.04094759511844939,0.03933684588011365,0.0,1.0,1.0,0,33399,0,1426
real_only,Real only,7,set_02,fuzzing,known_vehicle,known_attack,34825,33399,1426,0.04094759511844939,0.03933684588011365,0.0,1.0,1.0,0,33399,0,1426
real_only,Real only,123,set_02,fuzzing,known_vehicle,known_attack,34825,33399,1426,0.04169418521177315,0.04014294024765229,0.0007784664211503338,0.9992215335788497,1.0,26,33373,0,1426
real_oversampling_0p50,Real oversampling +50%,42,set_02,fuzzing,known_vehicle,known_attack,34825,33399,1426,0.04169418521177315,0.04014294024765229,0.0007784664211503338,0.9992215335788497,1.0,26,33373,0,1426
real_oversampling_0p50,Real oversampling +50%,7,set_02,fuzzing,known_vehicle,known_attack,34825,33399,1426,0.04106245513280689,0.03946093657992209,0.00011976406479235905,0.9998802359352077,1.0,4,33395,0,1426
real_oversampling_0p50,Real oversampling +50%,123,set_02,fuzzing,known_vehicle,known_attack,34825,33399,1426,0.042871500358937546,0.04141171575114683,0.002006048085272014,0.997993951914728,1.0,67,33332,0,1426
rule_0p10,Rule +10%,42,set_02,fuzzing,known_vehicle,known_attack,34825,33399,1426,0.04094759511844939,0.03933684588011365,0.0,1.0,1.0,0,33399,0,1426
rule_0p10,Rule +10%,7,set_02,fuzzing,known_vehicle,known_attack,34825,33399,1426,0.04094759511844939,0.03933684588011365,0.0,1.0,1.0,0,33399,0,1426
rule_0p10,Rule +10%,123,set_02,fuzzing,known_vehicle,known_attack,34825,33399,1426,0.04094759511844939,0.03933684588011365,0.0,1.0,1.0,0,33399,0,1426
rule_0p30,Rule +30%,42,set_02,fuzzing,known_vehicle,known_attack,34825,33399,1426,0.04094759511844939,0.03933684588011365,0.0,1.0,1.0,0,33399,0,1426
rule_0p30,Rule +30%,7,set_02,fuzzing,known_vehicle,known_attack,34825,33399,1426,0.04094759511844939,0.03933684588011365,0.0,1.0,1.0,0,33399,0,1426
rule_0p30,Rule +30%,123,set_02,fuzzing,known_vehicle,known_attack,34825,33399,1426,0.04094759511844939,0.03933684588011365,0.0,1.0,1.0,0,33399,0,1426
rule_0p50,Rule +50%,42,set_02,fuzzing,known_vehicle,known_attack,34825,33399,1426,0.04094759511844939,0.03933684588011365,0.0,1.0,1.0,0,33399,0,1426
rule_0p50,Rule +50%,7,set_02,fuzzing,known_vehicle,known_attack,34825,33399,1426,0.04094759511844939,0.03933684588011365,0.0,1.0,1.0,0,33399,0,1426
rule_0p50,Rule +50%,123,set_02,fuzzing,known_vehicle,known_attack,34825,33399,1426,0.04094759511844939,0.03933684588011365,0.0,1.0,1.0,0,33399,0,1426
rule_1p00,Rule +100%,42,set_02,fuzzing,known_vehicle,known_attack,34825,33399,1426,0.04094759511844939,0.03933684588011365,0.0,1.0,1.0,0,33399,0,1426
rule_1p00,Rule +100%,7,set_02,fuzzing,known_vehicle,known_attack,34825,33399,1426,0.04094759511844939,0.03933684588011365,0.0,1.0,1.0,0,33399,0,1426
rule_1p00,Rule +100%,123,set_02,fuzzing,known_vehicle,known_attack,34825,33399,1426,0.04094759511844939,0.03933684588011365,0.0,1.0,1.0,0,33399,0,1426
real_only,Real only,42,set_02,fuzzing,unknown_vehicle,known_attack,35630,32018,3612,0.10137524557956779,0.0920442383160899,0.0,1.0,1.0,0,32018,0,3612
real_only,Real only,7,set_02,fuzzing,unknown_vehicle,known_attack,35630,32018,3612,0.10137524557956779,0.0920442383160899,0.0,1.0,1.0,0,32018,0,3612
real_only,Real only,123,set_02,fuzzing,unknown_vehicle,known_attack,35630,32018,3612,0.10137524557956779,0.0920442383160899,0.0,1.0,1.0,0,32018,0,3612
real_oversampling_0p50,Real oversampling +50%,42,set_02,fuzzing,unknown_vehicle,known_attack,35630,32018,3612,0.10137524557956779,0.0920442383160899,0.0,1.0,1.0,0,32018,0,3612
real_oversampling_0p50,Real oversampling +50%,7,set_02,fuzzing,unknown_vehicle,known_attack,35630,32018,3612,0.10137524557956779,0.0920442383160899,0.0,1.0,1.0,0,32018,0,3612
real_oversampling_0p50,Real oversampling +50%,123,set_02,fuzzing,unknown_vehicle,known_attack,35630,32018,3612,0.10137524557956779,0.0920442383160899,0.0,1.0,1.0,0,32018,0,3612
rule_0p10,Rule +10%,42,set_02,fuzzing,unknown_vehicle,known_attack,35630,32018,3612,0.10137524557956779,0.0920442383160899,0.0,1.0,1.0,0,32018,0,3612
rule_0p10,Rule +10%,7,set_02,fuzzing,unknown_vehicle,known_attack,35630,32018,3612,0.10137524557956779,0.0920442383160899,0.0,1.0,1.0,0,32018,0,3612
rule_0p10,Rule +10%,123,set_02,fuzzing,unknown_vehicle,known_attack,35630,32018,3612,0.10137524557956779,0.0920442383160899,0.0,1.0,1.0,0,32018,0,3612
rule_0p30,Rule +30%,42,set_02,fuzzing,unknown_vehicle,known_attack,35630,32018,3612,0.10137524557956779,0.0920442383160899,0.0,1.0,1.0,0,32018,0,3612
rule_0p30,Rule +30%,7,set_02,fuzzing,unknown_vehicle,known_attack,35630,32018,3612,0.10137524557956779,0.0920442383160899,0.0,1.0,1.0,0,32018,0,3612
rule_0p30,Rule +30%,123,set_02,fuzzing,unknown_vehicle,known_attack,35630,32018,3612,0.10137524557956779,0.0920442383160899,0.0,1.0,1.0,0,32018,0,3612
rule_0p50,Rule +50%,42,set_02,fuzzing,unknown_vehicle,known_attack,35630,32018,3612,0.10137524557956779,0.0920442383160899,0.0,1.0,1.0,0,32018,0,3612
rule_0p50,Rule +50%,7,set_02,fuzzing,unknown_vehicle,known_attack,35630,32018,3612,0.10137524557956779,0.0920442383160899,0.0,1.0,1.0,0,32018,0,3612
rule_0p50,Rule +50%,123,set_02,fuzzing,unknown_vehicle,known_attack,35630,32018,3612,0.10137524557956779,0.0920442383160899,0.0,1.0,1.0,0,32018,0,3612
rule_1p00,Rule +100%,42,set_02,fuzzing,unknown_vehicle,known_attack,35630,32018,3612,0.10137524557956779,0.0920442383160899,0.0,1.0,1.0,0,32018,0,3612
rule_1p00,Rule +100%,7,set_02,fuzzing,unknown_vehicle,known_attack,35630,32018,3612,0.10137524557956779,0.0920442383160899,0.0,1.0,1.0,0,32018,0,3612
rule_1p00,Rule +100%,123,set_02,fuzzing,unknown_vehicle,known_attack,35630,32018,3612,0.10137524557956779,0.0920442383160899,0.0,1.0,1.0,0,32018,0,3612
real_only,Real only,42,set_02,DoS,known_vehicle,unknown_attack,46642,44117,2525,0.054135757471806524,0.05135558402993878,0.0,1.0,1.0,0,44117,0,2525
real_only,Real only,7,set_02,DoS,known_vehicle,unknown_attack,46642,44117,2525,0.054135757471806524,0.05135558402993878,0.0,1.0,1.0,0,44117,0,2525
real_only,Real only,123,set_02,DoS,known_vehicle,unknown_attack,46642,44117,2525,0.054135757471806524,0.05135558402993878,0.0,1.0,1.0,0,44117,0,2525
real_oversampling_0p50,Real oversampling +50%,42,set_02,DoS,known_vehicle,unknown_attack,46642,44117,2525,0.054135757471806524,0.05135558402993878,0.0,1.0,1.0,0,44117,0,2525
real_oversampling_0p50,Real oversampling +50%,7,set_02,DoS,known_vehicle,unknown_attack,46642,44117,2525,0.054135757471806524,0.05135558402993878,0.0,1.0,1.0,0,44117,0,2525
real_oversampling_0p50,Real oversampling +50%,123,set_02,DoS,known_vehicle,unknown_attack,46642,44117,2525,0.054242956991552675,0.05147412927967048,0.00011333499557993517,0.99988666500442,1.0,5,44112,0,2525
rule_0p10,Rule +10%,42,set_02,DoS,known_vehicle,unknown_attack,46642,44117,2525,0.054135757471806524,0.05135558402993878,0.0,1.0,1.0,0,44117,0,2525
rule_0p10,Rule +10%,7,set_02,DoS,known_vehicle,unknown_attack,46642,44117,2525,0.054135757471806524,0.05135558402993878,0.0,1.0,1.0,0,44117,0,2525
rule_0p10,Rule +10%,123,set_02,DoS,known_vehicle,unknown_attack,46642,44117,2525,0.054135757471806524,0.05135558402993878,0.0,1.0,1.0,0,44117,0,2525
rule_0p30,Rule +30%,42,set_02,DoS,known_vehicle,unknown_attack,46642,44117,2525,0.054135757471806524,0.05135558402993878,0.0,1.0,1.0,0,44117,0,2525
rule_0p30,Rule +30%,7,set_02,DoS,known_vehicle,unknown_attack,46642,44117,2525,0.054135757471806524,0.05135558402993878,0.0,1.0,1.0,0,44117,0,2525
rule_0p30,Rule +30%,123,set_02,DoS,known_vehicle,unknown_attack,46642,44117,2525,0.054135757471806524,0.05135558402993878,0.0,1.0,1.0,0,44117,0,2525
rule_0p50,Rule +50%,42,set_02,DoS,known_vehicle,unknown_attack,46642,44117,2525,0.054135757471806524,0.05135558402993878,0.0,1.0,1.0,0,44117,0,2525
rule_0p50,Rule +50%,7,set_02,DoS,known_vehicle,unknown_attack,46642,44117,2525,0.054135757471806524,0.05135558402993878,0.0,1.0,1.0,0,44117,0,2525
rule_0p50,Rule +50%,123,set_02,DoS,known_vehicle,unknown_attack,46642,44117,2525,0.054135757471806524,0.05135558402993878,0.0,1.0,1.0,0,44117,0,2525
rule_1p00,Rule +100%,42,set_02,DoS,known_vehicle,unknown_attack,46642,44117,2525,0.054135757471806524,0.05135558402993878,0.0,1.0,1.0,0,44117,0,2525
rule_1p00,Rule +100%,7,set_02,DoS,known_vehicle,unknown_attack,46642,44117,2525,0.054135757471806524,0.05135558402993878,0.0,1.0,1.0,0,44117,0,2525
rule_1p00,Rule +100%,123,set_02,DoS,known_vehicle,unknown_attack,46642,44117,2525,0.054135757471806524,0.05135558402993878,0.0,1.0,1.0,0,44117,0,2525
real_only,Real only,42,set_02,force-neutral,known_vehicle,unknown_attack,214589,214389,200,0.0009320142225370359,0.0009311463808668041,0.0,1.0,1.0,0,214389,0,200
real_only,Real only,7,set_02,force-neutral,known_vehicle,unknown_attack,214589,214389,200,0.0009320142225370359,0.0009311463808668041,0.0,1.0,1.0,0,214389,0,200
real_only,Real only,123,set_02,force-neutral,known_vehicle,unknown_attack,214589,214389,200,0.0009320142225370359,0.0009311463808668041,0.0,1.0,1.0,0,214389,0,200
real_oversampling_0p50,Real oversampling +50%,42,set_02,force-neutral,known_vehicle,unknown_attack,214589,214389,200,0.0009320142225370359,0.0009311463808668041,0.0,1.0,1.0,0,214389,0,200
real_oversampling_0p50,Real oversampling +50%,7,set_02,force-neutral,known_vehicle,unknown_attack,214589,214389,200,0.0009320142225370359,0.0009311463808668041,0.0,1.0,1.0,0,214389,0,200
real_oversampling_0p50,Real oversampling +50%,123,set_02,force-neutral,known_vehicle,unknown_attack,214589,214389,200,0.0009459944358750915,0.0009451524459947126,1.3993255250969032e-05,0.999986006744749,1.0,3,214386,0,200
rule_0p10,Rule +10%,42,set_02,force-neutral,known_vehicle,unknown_attack,214589,214389,200,0.0009320142225370359,0.0009311463808668041,0.0,1.0,1.0,0,214389,0,200
rule_0p10,Rule +10%,7,set_02,force-neutral,known_vehicle,unknown_attack,214589,214389,200,0.0009320142225370359,0.0009311463808668041,0.0,1.0,1.0,0,214389,0,200
rule_0p10,Rule +10%,123,set_02,force-neutral,known_vehicle,unknown_attack,214589,214389,200,0.0009320142225370359,0.0009311463808668041,0.0,1.0,1.0,0,214389,0,200
rule_0p30,Rule +30%,42,set_02,force-neutral,known_vehicle,unknown_attack,214589,214389,200,0.0009320142225370359,0.0009311463808668041,0.0,1.0,1.0,0,214389,0,200
rule_0p30,Rule +30%,7,set_02,force-neutral,known_vehicle,unknown_attack,214589,214389,200,0.0009320142225370359,0.0009311463808668041,0.0,1.0,1.0,0,214389,0,200
rule_0p30,Rule +30%,123,set_02,force-neutral,known_vehicle,unknown_attack,214589,214389,200,0.0009320142225370359,0.0009311463808668041,0.0,1.0,1.0,0,214389,0,200
rule_0p50,Rule +50%,42,set_02,force-neutral,known_vehicle,unknown_attack,214589,214389,200,0.0009320142225370359,0.0009311463808668041,0.0,1.0,1.0,0,214389,0,200
rule_0p50,Rule +50%,7,set_02,force-neutral,known_vehicle,unknown_attack,214589,214389,200,0.0009320142225370359,0.0009311463808668041,0.0,1.0,1.0,0,214389,0,200
rule_0p50,Rule +50%,123,set_02,force-neutral,known_vehicle,unknown_attack,214589,214389,200,0.0009320142225370359,0.0009311463808668041,0.0,1.0,1.0,0,214389,0,200
rule_1p00,Rule +100%,42,set_02,force-neutral,known_vehicle,unknown_attack,214589,214389,200,0.0009320142225370359,0.0009311463808668041,0.0,1.0,1.0,0,214389,0,200
rule_1p00,Rule +100%,7,set_02,force-neutral,known_vehicle,unknown_attack,214589,214389,200,0.0009320142225370359,0.0009311463808668041,0.0,1.0,1.0,0,214389,0,200
rule_1p00,Rule +100%,123,set_02,force-neutral,known_vehicle,unknown_attack,214589,214389,200,0.0009320142225370359,0.0009311463808668041,0.0,1.0,1.0,0,214389,0,200
real_only,Real only,42,set_02,rpm,known_vehicle,unknown_attack,72067,71947,120,0.001665117182621727,0.0016623491764445122,0.0,1.0,1.0,0,71947,0,120
real_only,Real only,7,set_02,rpm,known_vehicle,unknown_attack,72067,71947,120,0.001665117182621727,0.0016623491764445122,0.0,1.0,1.0,0,71947,0,120
real_only,Real only,123,set_02,rpm,known_vehicle,unknown_attack,72067,71947,120,0.0023866679617578087,0.0023857797683016387,0.0007227542496559968,0.999277245750344,1.0,52,71895,0,120
real_oversampling_0p50,Real oversampling +50%,42,set_02,rpm,known_vehicle,unknown_attack,72067,71947,120,0.00231728807914857,0.002316264395596716,0.0006532586487275355,0.9993467413512724,1.0,47,71900,0,120
real_oversampling_0p50,Real oversampling +50%,7,set_02,rpm,known_vehicle,unknown_attack,72067,71947,120,0.0017900009713183566,0.0017876328932459073,0.0001250920816712302,0.9998749079183288,1.0,9,71938,0,120
real_oversampling_0p50,Real oversampling +50%,123,set_02,rpm,known_vehicle,unknown_attack,72067,71947,120,0.0026641874921947634,0.0026637450554440837,0.0010007366533698416,0.9989992633466301,1.0,72,71875,0,120
rule_0p10,Rule +10%,42,set_02,rpm,known_vehicle,unknown_attack,72067,71947,120,0.001665117182621727,0.0016623491764445122,0.0,1.0,1.0,0,71947,0,120
rule_0p10,Rule +10%,7,set_02,rpm,known_vehicle,unknown_attack,72067,71947,120,0.001665117182621727,0.0016623491764445122,0.0,1.0,1.0,0,71947,0,120
rule_0p10,Rule +10%,123,set_02,rpm,known_vehicle,unknown_attack,72067,71947,120,0.001665117182621727,0.0016623491764445122,0.0,1.0,1.0,0,71947,0,120
rule_0p30,Rule +30%,42,set_02,rpm,known_vehicle,unknown_attack,72067,71947,120,0.001665117182621727,0.0016623491764445122,0.0,1.0,1.0,0,71947,0,120
rule_0p30,Rule +30%,7,set_02,rpm,known_vehicle,unknown_attack,72067,71947,120,0.001665117182621727,0.0016623491764445122,0.0,1.0,1.0,0,71947,0,120
rule_0p30,Rule +30%,123,set_02,rpm,known_vehicle,unknown_attack,72067,71947,120,0.001665117182621727,0.0016623491764445122,0.0,1.0,1.0,0,71947,0,120
rule_0p50,Rule +50%,42,set_02,rpm,known_vehicle,unknown_attack,72067,71947,120,0.001665117182621727,0.0016623491764445122,0.0,1.0,1.0,0,71947,0,120
rule_0p50,Rule +50%,7,set_02,rpm,known_vehicle,unknown_attack,72067,71947,120,0.001665117182621727,0.0016623491764445122,0.0,1.0,1.0,0,71947,0,120
rule_0p50,Rule +50%,123,set_02,rpm,known_vehicle,unknown_attack,72067,71947,120,0.001665117182621727,0.0016623491764445122,0.0,1.0,1.0,0,71947,0,120
rule_1p00,Rule +100%,42,set_02,rpm,known_vehicle,unknown_attack,72067,71947,120,0.001665117182621727,0.0016623491764445122,0.0,1.0,1.0,0,71947,0,120
rule_1p00,Rule +100%,7,set_02,rpm,known_vehicle,unknown_attack,72067,71947,120,0.001665117182621727,0.0016623491764445122,0.0,1.0,1.0,0,71947,0,120
rule_1p00,Rule +100%,123,set_02,rpm,known_vehicle,unknown_attack,72067,71947,120,0.001665117182621727,0.0016623491764445122,0.0,1.0,1.0,0,71947,0,120
real_only,Real only,42,set_02,DoS,unknown_vehicle,unknown_attack,29525,28810,715,0.027298899237933955,0.026864226097404104,0.0031586254772648387,0.9968413745227351,1.0,91,28719,0,715
real_only,Real only,7,set_02,DoS,unknown_vehicle,unknown_attack,29525,28810,715,0.024216765453005926,0.023644179894179895,0.0,1.0,1.0,0,28810,0,715
real_only,Real only,123,set_02,DoS,unknown_vehicle,unknown_attack,29525,28810,715,0.024216765453005926,0.023644179894179895,0.0,1.0,1.0,0,28810,0,715
real_oversampling_0p50,Real oversampling +50%,42,set_02,DoS,unknown_vehicle,unknown_attack,29525,28810,715,0.024216765453005926,0.023644179894179895,0.0,1.0,1.0,0,28810,0,715
real_oversampling_0p50,Real oversampling +50%,7,set_02,DoS,unknown_vehicle,unknown_attack,29525,28810,715,0.016562235393734123,0.016493403238017866,0.00419993057965984,0.9958000694203402,0.5146853146853146,121,28689,347,368
real_oversampling_0p50,Real oversampling +50%,123,set_02,DoS,unknown_vehicle,unknown_attack,29525,28810,715,0.018357324301439458,0.018314940897963893,0.00603956959389101,0.993960430406109,0.5146853146853146,174,28636,347,368
rule_0p10,Rule +10%,42,set_02,DoS,unknown_vehicle,unknown_attack,29525,28810,715,0.024216765453005926,0.023644179894179895,0.0,1.0,1.0,0,28810,0,715
rule_0p10,Rule +10%,7,set_02,DoS,unknown_vehicle,unknown_attack,29525,28810,715,0.0143268416596105,0.014124482436222786,0.0,1.0,0.5916083916083916,0,28810,292,423
rule_0p10,Rule +10%,123,set_02,DoS,unknown_vehicle,unknown_attack,29525,28810,715,0.024216765453005926,0.023644179894179895,0.0,1.0,1.0,0,28810,0,715
rule_0p30,Rule +30%,42,set_02,DoS,unknown_vehicle,unknown_attack,29525,28810,715,0.024487722269263337,0.023928040898551193,0.00027768136063866715,0.9997223186393613,1.0,8,28802,0,715
rule_0p30,Rule +30%,7,set_02,DoS,unknown_vehicle,unknown_attack,29525,28810,715,0.019441151566469094,0.01907040101000033,0.0,1.0,0.8027972027972028,0,28810,141,574
rule_0p30,Rule +30%,123,set_02,DoS,unknown_vehicle,unknown_attack,29525,28810,715,0.024216765453005926,0.023644179894179895,0.0,1.0,1.0,0,28810,0,715
rule_0p50,Rule +50%,42,set_02,DoS,unknown_vehicle,unknown_attack,29525,28810,715,0.024216765453005926,0.023644179894179895,0.0,1.0,1.0,0,28810,0,715
rule_0p50,Rule +50%,7,set_02,DoS,unknown_vehicle,unknown_attack,29525,28810,715,0.024216765453005926,0.023644179894179895,0.0,1.0,1.0,0,28810,0,715
rule_0p50,Rule +50%,123,set_02,DoS,unknown_vehicle,unknown_attack,29525,28810,715,0.024216765453005926,0.023644179894179895,0.0,1.0,1.0,0,28810,0,715
rule_1p00,Rule +100%,42,set_02,DoS,unknown_vehicle,unknown_attack,29525,28810,715,0.024216765453005926,0.023644179894179895,0.0,1.0,1.0,0,28810,0,715
rule_1p00,Rule +100%,7,set_02,DoS,unknown_vehicle,unknown_attack,29525,28810,715,0.024250635055038102,0.023679670769618213,3.4710170079833394e-05,0.9999652898299202,1.0,1,28809,0,715
rule_1p00,Rule +100%,123,set_02,DoS,unknown_vehicle,unknown_attack,29525,28810,715,0.024216765453005926,0.023644179894179895,0.0,1.0,1.0,0,28810,0,715
real_only,Real only,42,set_02,force-neutral,unknown_vehicle,unknown_attack,42173,41276,897,0.021269532639366418,0.020826561411655446,0.0,1.0,1.0,0,41276,0,897
real_only,Real only,7,set_02,force-neutral,unknown_vehicle,unknown_attack,42173,41276,897,0.021269532639366418,0.020826561411655446,0.0,1.0,1.0,0,41276,0,897
real_only,Real only,123,set_02,force-neutral,unknown_vehicle,unknown_attack,42173,41276,897,0.021269532639366418,0.020826561411655446,0.0,1.0,1.0,0,41276,0,897
real_oversampling_0p50,Real oversampling +50%,42,set_02,force-neutral,unknown_vehicle,unknown_attack,42173,41276,897,0.021269532639366418,0.020826561411655446,0.0,1.0,1.0,0,41276,0,897
real_oversampling_0p50,Real oversampling +50%,7,set_02,force-neutral,unknown_vehicle,unknown_attack,42173,41276,897,0.021269532639366418,0.020826561411655446,0.0,1.0,1.0,0,41276,0,897
real_oversampling_0p50,Real oversampling +50%,123,set_02,force-neutral,unknown_vehicle,unknown_attack,42173,41276,897,0.021269532639366418,0.020826561411655446,0.0,1.0,1.0,0,41276,0,897
rule_0p10,Rule +10%,42,set_02,force-neutral,unknown_vehicle,unknown_attack,42173,41276,897,0.021269532639366418,0.020826561411655446,0.0,1.0,1.0,0,41276,0,897
rule_0p10,Rule +10%,7,set_02,force-neutral,unknown_vehicle,unknown_attack,42173,41276,897,0.021269532639366418,0.020826561411655446,0.0,1.0,1.0,0,41276,0,897
rule_0p10,Rule +10%,123,set_02,force-neutral,unknown_vehicle,unknown_attack,42173,41276,897,0.021269532639366418,0.020826561411655446,0.0,1.0,1.0,0,41276,0,897
rule_0p30,Rule +30%,42,set_02,force-neutral,unknown_vehicle,unknown_attack,42173,41276,897,0.021269532639366418,0.020826561411655446,0.0,1.0,1.0,0,41276,0,897
rule_0p30,Rule +30%,7,set_02,force-neutral,unknown_vehicle,unknown_attack,42173,41276,897,0.021269532639366418,0.020826561411655446,0.0,1.0,1.0,0,41276,0,897
rule_0p30,Rule +30%,123,set_02,force-neutral,unknown_vehicle,unknown_attack,42173,41276,897,0.021269532639366418,0.020826561411655446,0.0,1.0,1.0,0,41276,0,897
rule_0p50,Rule +50%,42,set_02,force-neutral,unknown_vehicle,unknown_attack,42173,41276,897,0.021269532639366418,0.020826561411655446,0.0,1.0,1.0,0,41276,0,897
rule_0p50,Rule +50%,7,set_02,force-neutral,unknown_vehicle,unknown_attack,42173,41276,897,0.021269532639366418,0.020826561411655446,0.0,1.0,1.0,0,41276,0,897
rule_0p50,Rule +50%,123,set_02,force-neutral,unknown_vehicle,unknown_attack,42173,41276,897,0.021269532639366418,0.020826561411655446,0.0,1.0,1.0,0,41276,0,897
rule_1p00,Rule +100%,42,set_02,force-neutral,unknown_vehicle,unknown_attack,42173,41276,897,0.021269532639366418,0.020826561411655446,0.0,1.0,1.0,0,41276,0,897
rule_1p00,Rule +100%,7,set_02,force-neutral,unknown_vehicle,unknown_attack,42173,41276,897,0.021269532639366418,0.020826561411655446,0.0,1.0,1.0,0,41276,0,897
rule_1p00,Rule +100%,123,set_02,force-neutral,unknown_vehicle,unknown_attack,42173,41276,897,0.021269532639366418,0.020826561411655446,0.0,1.0,1.0,0,41276,0,897
real_only,Real only,42,set_02,rpm,unknown_vehicle,unknown_attack,41622,41027,595,0.014295324587958291,0.01409384844967667,0.0,1.0,1.0,0,41027,0,595
real_only,Real only,7,set_02,rpm,unknown_vehicle,unknown_attack,41622,41027,595,0.014295324587958291,0.01409384844967667,0.0,1.0,1.0,0,41027,0,595
real_only,Real only,123,set_02,rpm,unknown_vehicle,unknown_attack,41622,41027,595,0.014295324587958291,0.01409384844967667,0.0,1.0,1.0,0,41027,0,595
real_oversampling_0p50,Real oversampling +50%,42,set_02,rpm,unknown_vehicle,unknown_attack,41622,41027,595,0.014295324587958291,0.01409384844967667,0.0,1.0,1.0,0,41027,0,595
real_oversampling_0p50,Real oversampling +50%,7,set_02,rpm,unknown_vehicle,unknown_attack,41622,41027,595,0.014295324587958291,0.01409384844967667,0.0,1.0,1.0,0,41027,0,595
real_oversampling_0p50,Real oversampling +50%,123,set_02,rpm,unknown_vehicle,unknown_attack,41622,41027,595,0.014295324587958291,0.01409384844967667,0.0,1.0,1.0,0,41027,0,595
rule_0p10,Rule +10%,42,set_02,rpm,unknown_vehicle,unknown_attack,41622,41027,595,0.014295324587958291,0.01409384844967667,0.0,1.0,1.0,0,41027,0,595
rule_0p10,Rule +10%,7,set_02,rpm,unknown_vehicle,unknown_attack,41622,41027,595,0.014295324587958291,0.01409384844967667,0.0,1.0,1.0,0,41027,0,595
rule_0p10,Rule +10%,123,set_02,rpm,unknown_vehicle,unknown_attack,41622,41027,595,0.014295324587958291,0.01409384844967667,0.0,1.0,1.0,0,41027,0,595
rule_0p30,Rule +30%,42,set_02,rpm,unknown_vehicle,unknown_attack,41622,41027,595,0.014295324587958291,0.01409384844967667,0.0,1.0,1.0,0,41027,0,595
rule_0p30,Rule +30%,7,set_02,rpm,unknown_vehicle,unknown_attack,41622,41027,595,0.014295324587958291,0.01409384844967667,0.0,1.0,1.0,0,41027,0,595
rule_0p30,Rule +30%,123,set_02,rpm,unknown_vehicle,unknown_attack,41622,41027,595,0.014295324587958291,0.01409384844967667,0.0,1.0,1.0,0,41027,0,595
rule_0p50,Rule +50%,42,set_02,rpm,unknown_vehicle,unknown_attack,41622,41027,595,0.014295324587958291,0.01409384844967667,0.0,1.0,1.0,0,41027,0,595
rule_0p50,Rule +50%,7,set_02,rpm,unknown_vehicle,unknown_attack,41622,41027,595,0.014295324587958291,0.01409384844967667,0.0,1.0,1.0,0,41027,0,595
rule_0p50,Rule +50%,123,set_02,rpm,unknown_vehicle,unknown_attack,41622,41027,595,0.014295324587958291,0.01409384844967667,0.0,1.0,1.0,0,41027,0,595
rule_1p00,Rule +100%,42,set_02,rpm,unknown_vehicle,unknown_attack,41622,41027,595,0.014295324587958291,0.01409384844967667,0.0,1.0,1.0,0,41027,0,595
rule_1p00,Rule +100%,7,set_02,rpm,unknown_vehicle,unknown_attack,41622,41027,595,0.014295324587958291,0.01409384844967667,0.0,1.0,1.0,0,41027,0,595
rule_1p00,Rule +100%,123,set_02,rpm,unknown_vehicle,unknown_attack,41622,41027,595,0.014295324587958291,0.01409384844967667,0.0,1.0,1.0,0,41027,0,595
real_only,Real only,42,set_03,DoS,known_vehicle,known_attack,21820,12449,9371,0.4294683776351971,0.30043922926485206,0.0,1.0,1.0,0,12449,0,9371
real_only,Real only,7,set_03,DoS,known_vehicle,known_attack,21820,12449,9371,0.4294683776351971,0.30043922926485206,0.0,1.0,1.0,0,12449,0,9371
real_only,Real only,123,set_03,DoS,known_vehicle,known_attack,21820,12449,9371,0.4294683776351971,0.30043922926485206,0.0,1.0,1.0,0,12449,0,9371
real_oversampling_0p50,Real oversampling +50%,42,set_03,DoS,known_vehicle,known_attack,21820,12449,9371,0.4294683776351971,0.30043922926485206,0.0,1.0,1.0,0,12449,0,9371
real_oversampling_0p50,Real oversampling +50%,7,set_03,DoS,known_vehicle,known_attack,21820,12449,9371,0.4294683776351971,0.30043922926485206,0.0,1.0,1.0,0,12449,0,9371
real_oversampling_0p50,Real oversampling +50%,123,set_03,DoS,known_vehicle,known_attack,21820,12449,9371,0.4294683776351971,0.30043922926485206,0.0,1.0,1.0,0,12449,0,9371
rule_0p10,Rule +10%,42,set_03,DoS,known_vehicle,known_attack,21820,12449,9371,0.4294683776351971,0.30043922926485206,0.0,1.0,1.0,0,12449,0,9371
rule_0p10,Rule +10%,7,set_03,DoS,known_vehicle,known_attack,21820,12449,9371,0.4294683776351971,0.30043922926485206,0.0,1.0,1.0,0,12449,0,9371
rule_0p10,Rule +10%,123,set_03,DoS,known_vehicle,known_attack,21820,12449,9371,0.4294683776351971,0.30043922926485206,0.0,1.0,1.0,0,12449,0,9371
rule_0p30,Rule +30%,42,set_03,DoS,known_vehicle,known_attack,21820,12449,9371,0.4294683776351971,0.30043922926485206,0.0,1.0,1.0,0,12449,0,9371
rule_0p30,Rule +30%,7,set_03,DoS,known_vehicle,known_attack,21820,12449,9371,0.4294683776351971,0.30043922926485206,0.0,1.0,1.0,0,12449,0,9371
rule_0p30,Rule +30%,123,set_03,DoS,known_vehicle,known_attack,21820,12449,9371,0.4294683776351971,0.30043922926485206,0.0,1.0,1.0,0,12449,0,9371
rule_0p50,Rule +50%,42,set_03,DoS,known_vehicle,known_attack,21820,12449,9371,0.4294683776351971,0.30043922926485206,0.0,1.0,1.0,0,12449,0,9371
rule_0p50,Rule +50%,7,set_03,DoS,known_vehicle,known_attack,21820,12449,9371,0.4294683776351971,0.30043922926485206,0.0,1.0,1.0,0,12449,0,9371
rule_0p50,Rule +50%,123,set_03,DoS,known_vehicle,known_attack,21820,12449,9371,0.4294683776351971,0.30043922926485206,0.0,1.0,1.0,0,12449,0,9371
rule_1p00,Rule +100%,42,set_03,DoS,known_vehicle,known_attack,21820,12449,9371,0.4294683776351971,0.30043922926485206,0.0,1.0,1.0,0,12449,0,9371
rule_1p00,Rule +100%,7,set_03,DoS,known_vehicle,known_attack,21820,12449,9371,0.4294683776351971,0.30043922926485206,0.0,1.0,1.0,0,12449,0,9371
rule_1p00,Rule +100%,123,set_03,DoS,known_vehicle,known_attack,21820,12449,9371,0.4294683776351971,0.30043922926485206,0.0,1.0,1.0,0,12449,0,9371
real_only,Real only,42,set_03,force-neutral,known_vehicle,known_attack,68012,66506,1506,0.022143151208610247,0.02166345406944964,0.0,1.0,1.0,0,66506,0,1506
real_only,Real only,7,set_03,force-neutral,known_vehicle,known_attack,68012,66506,1506,0.022143151208610247,0.02166345406944964,0.0,1.0,1.0,0,66506,0,1506
real_only,Real only,123,set_03,force-neutral,known_vehicle,known_attack,68012,66506,1506,0.022143151208610247,0.02166345406944964,0.0,1.0,1.0,0,66506,0,1506
real_oversampling_0p50,Real oversampling +50%,42,set_03,force-neutral,known_vehicle,known_attack,68012,66506,1506,0.022143151208610247,0.02166345406944964,0.0,1.0,1.0,0,66506,0,1506
real_oversampling_0p50,Real oversampling +50%,7,set_03,force-neutral,known_vehicle,known_attack,68012,66506,1506,0.022143151208610247,0.02166345406944964,0.0,1.0,1.0,0,66506,0,1506
real_oversampling_0p50,Real oversampling +50%,123,set_03,force-neutral,known_vehicle,known_attack,68012,66506,1506,0.022143151208610247,0.02166345406944964,0.0,1.0,1.0,0,66506,0,1506
rule_0p10,Rule +10%,42,set_03,force-neutral,known_vehicle,known_attack,68012,66506,1506,0.022143151208610247,0.02166345406944964,0.0,1.0,1.0,0,66506,0,1506
rule_0p10,Rule +10%,7,set_03,force-neutral,known_vehicle,known_attack,68012,66506,1506,0.022143151208610247,0.02166345406944964,0.0,1.0,1.0,0,66506,0,1506
rule_0p10,Rule +10%,123,set_03,force-neutral,known_vehicle,known_attack,68012,66506,1506,0.022143151208610247,0.02166345406944964,0.0,1.0,1.0,0,66506,0,1506
rule_0p30,Rule +30%,42,set_03,force-neutral,known_vehicle,known_attack,68012,66506,1506,0.022143151208610247,0.02166345406944964,0.0,1.0,1.0,0,66506,0,1506
rule_0p30,Rule +30%,7,set_03,force-neutral,known_vehicle,known_attack,68012,66506,1506,0.022143151208610247,0.02166345406944964,0.0,1.0,1.0,0,66506,0,1506
rule_0p30,Rule +30%,123,set_03,force-neutral,known_vehicle,known_attack,68012,66506,1506,0.022143151208610247,0.02166345406944964,0.0,1.0,1.0,0,66506,0,1506
rule_0p50,Rule +50%,42,set_03,force-neutral,known_vehicle,known_attack,68012,66506,1506,0.022143151208610247,0.02166345406944964,0.0,1.0,1.0,0,66506,0,1506
rule_0p50,Rule +50%,7,set_03,force-neutral,known_vehicle,known_attack,68012,66506,1506,0.022143151208610247,0.02166345406944964,0.0,1.0,1.0,0,66506,0,1506
rule_0p50,Rule +50%,123,set_03,force-neutral,known_vehicle,known_attack,68012,66506,1506,0.022143151208610247,0.02166345406944964,0.0,1.0,1.0,0,66506,0,1506
rule_1p00,Rule +100%,42,set_03,force-neutral,known_vehicle,known_attack,68012,66506,1506,0.022143151208610247,0.02166345406944964,0.0,1.0,1.0,0,66506,0,1506
rule_1p00,Rule +100%,7,set_03,force-neutral,known_vehicle,known_attack,68012,66506,1506,0.022143151208610247,0.02166345406944964,0.0,1.0,1.0,0,66506,0,1506
rule_1p00,Rule +100%,123,set_03,force-neutral,known_vehicle,known_attack,68012,66506,1506,0.022143151208610247,0.02166345406944964,0.0,1.0,1.0,0,66506,0,1506
real_only,Real only,42,set_03,fuzzing,known_vehicle,known_attack,57887,49730,8157,0.14091246739336985,0.12350857004421295,0.0,1.0,1.0,0,49730,0,8157
real_only,Real only,7,set_03,fuzzing,known_vehicle,known_attack,57887,49730,8157,0.14091246739336985,0.12350857004421295,0.0,1.0,1.0,0,49730,0,8157
real_only,Real only,123,set_03,fuzzing,known_vehicle,known_attack,57887,49730,8157,0.14091246739336985,0.12350857004421295,0.0,1.0,1.0,0,49730,0,8157
real_oversampling_0p50,Real oversampling +50%,42,set_03,fuzzing,known_vehicle,known_attack,57887,49730,8157,0.14091246739336985,0.12350857004421295,0.0,1.0,1.0,0,49730,0,8157
real_oversampling_0p50,Real oversampling +50%,7,set_03,fuzzing,known_vehicle,known_attack,57887,49730,8157,0.14091246739336985,0.12350857004421295,0.0,1.0,1.0,0,49730,0,8157
real_oversampling_0p50,Real oversampling +50%,123,set_03,fuzzing,known_vehicle,known_attack,57887,49730,8157,0.14091246739336985,0.12350857004421295,0.0,1.0,1.0,0,49730,0,8157
rule_0p10,Rule +10%,42,set_03,fuzzing,known_vehicle,known_attack,57887,49730,8157,0.14091246739336985,0.12350857004421295,0.0,1.0,1.0,0,49730,0,8157
rule_0p10,Rule +10%,7,set_03,fuzzing,known_vehicle,known_attack,57887,49730,8157,0.14091246739336985,0.12350857004421295,0.0,1.0,1.0,0,49730,0,8157
rule_0p10,Rule +10%,123,set_03,fuzzing,known_vehicle,known_attack,57887,49730,8157,0.14091246739336985,0.12350857004421295,0.0,1.0,1.0,0,49730,0,8157
rule_0p30,Rule +30%,42,set_03,fuzzing,known_vehicle,known_attack,57887,49730,8157,0.14091246739336985,0.12350857004421295,0.0,1.0,1.0,0,49730,0,8157
rule_0p30,Rule +30%,7,set_03,fuzzing,known_vehicle,known_attack,57887,49730,8157,0.14091246739336985,0.12350857004421295,0.0,1.0,1.0,0,49730,0,8157
rule_0p30,Rule +30%,123,set_03,fuzzing,known_vehicle,known_attack,57887,49730,8157,0.14091246739336985,0.12350857004421295,0.0,1.0,1.0,0,49730,0,8157
rule_0p50,Rule +50%,42,set_03,fuzzing,known_vehicle,known_attack,57887,49730,8157,0.14091246739336985,0.12350857004421295,0.0,1.0,1.0,0,49730,0,8157
rule_0p50,Rule +50%,7,set_03,fuzzing,known_vehicle,known_attack,57887,49730,8157,0.14091246739336985,0.12350857004421295,0.0,1.0,1.0,0,49730,0,8157
rule_0p50,Rule +50%,123,set_03,fuzzing,known_vehicle,known_attack,57887,49730,8157,0.14091246739336985,0.12350857004421295,0.0,1.0,1.0,0,49730,0,8157
rule_1p00,Rule +100%,42,set_03,fuzzing,known_vehicle,known_attack,57887,49730,8157,0.14091246739336985,0.12350857004421295,0.0,1.0,1.0,0,49730,0,8157
rule_1p00,Rule +100%,7,set_03,fuzzing,known_vehicle,known_attack,57887,49730,8157,0.14091246739336985,0.12350857004421295,0.0,1.0,1.0,0,49730,0,8157
rule_1p00,Rule +100%,123,set_03,fuzzing,known_vehicle,known_attack,57887,49730,8157,0.14091246739336985,0.12350857004421295,0.0,1.0,1.0,0,49730,0,8157
real_only,Real only,42,set_03,DoS,unknown_vehicle,known_attack,42269,39436,2833,0.06704677186590646,0.06283992863733003,2.535754133279237e-05,0.9999746424586672,1.0,1,39435,0,2833
real_only,Real only,7,set_03,DoS,unknown_vehicle,known_attack,42269,39436,2833,0.06702311386595378,0.0628131790164516,0.0,1.0,1.0,0,39436,0,2833
real_only,Real only,123,set_03,DoS,unknown_vehicle,known_attack,42269,39436,2833,0.06702311386595378,0.0628131790164516,0.0,1.0,1.0,0,39436,0,2833
real_oversampling_0p50,Real oversampling +50%,42,set_03,DoS,unknown_vehicle,known_attack,42269,39436,2833,0.06702311386595378,0.0628131790164516,0.0,1.0,1.0,0,39436,0,2833
real_oversampling_0p50,Real oversampling +50%,7,set_03,DoS,unknown_vehicle,known_attack,42269,39436,2833,0.06702311386595378,0.0628131790164516,0.0,1.0,1.0,0,39436,0,2833
real_oversampling_0p50,Real oversampling +50%,123,set_03,DoS,unknown_vehicle,known_attack,42269,39436,2833,0.06702311386595378,0.0628131790164516,0.0,1.0,1.0,0,39436,0,2833
rule_0p10,Rule +10%,42,set_03,DoS,unknown_vehicle,known_attack,42269,39436,2833,0.06702311386595378,0.0628131790164516,0.0,1.0,1.0,0,39436,0,2833
rule_0p10,Rule +10%,7,set_03,DoS,unknown_vehicle,known_attack,42269,39436,2833,0.06702311386595378,0.0628131790164516,0.0,1.0,1.0,0,39436,0,2833
rule_0p10,Rule +10%,123,set_03,DoS,unknown_vehicle,known_attack,42269,39436,2833,0.06702311386595378,0.0628131790164516,0.0,1.0,1.0,0,39436,0,2833
rule_0p30,Rule +30%,42,set_03,DoS,unknown_vehicle,known_attack,42269,39436,2833,0.06702311386595378,0.0628131790164516,0.0,1.0,1.0,0,39436,0,2833
rule_0p30,Rule +30%,7,set_03,DoS,unknown_vehicle,known_attack,42269,39436,2833,0.06702311386595378,0.0628131790164516,0.0,1.0,1.0,0,39436,0,2833
rule_0p30,Rule +30%,123,set_03,DoS,unknown_vehicle,known_attack,42269,39436,2833,0.06702311386595378,0.0628131790164516,0.0,1.0,1.0,0,39436,0,2833
rule_0p50,Rule +50%,42,set_03,DoS,unknown_vehicle,known_attack,42269,39436,2833,0.06702311386595378,0.0628131790164516,0.0,1.0,1.0,0,39436,0,2833
rule_0p50,Rule +50%,7,set_03,DoS,unknown_vehicle,known_attack,42269,39436,2833,0.06702311386595378,0.0628131790164516,0.0,1.0,1.0,0,39436,0,2833
rule_0p50,Rule +50%,123,set_03,DoS,unknown_vehicle,known_attack,42269,39436,2833,0.06702311386595378,0.0628131790164516,0.0,1.0,1.0,0,39436,0,2833
rule_1p00,Rule +100%,42,set_03,DoS,unknown_vehicle,known_attack,42269,39436,2833,0.06702311386595378,0.0628131790164516,0.0,1.0,1.0,0,39436,0,2833
rule_1p00,Rule +100%,7,set_03,DoS,unknown_vehicle,known_attack,42269,39436,2833,0.06702311386595378,0.0628131790164516,0.0,1.0,1.0,0,39436,0,2833
rule_1p00,Rule +100%,123,set_03,DoS,unknown_vehicle,known_attack,42269,39436,2833,0.06702311386595378,0.0628131790164516,0.0,1.0,1.0,0,39436,0,2833
real_only,Real only,42,set_03,force-neutral,unknown_vehicle,known_attack,31348,29963,1385,0.044181446982263624,0.042312039837472885,0.0,1.0,1.0,0,29963,0,1385
real_only,Real only,7,set_03,force-neutral,unknown_vehicle,known_attack,31348,29963,1385,0.044181446982263624,0.042312039837472885,0.0,1.0,1.0,0,29963,0,1385
real_only,Real only,123,set_03,force-neutral,unknown_vehicle,known_attack,31348,29963,1385,0.044181446982263624,0.042312039837472885,0.0,1.0,1.0,0,29963,0,1385
real_oversampling_0p50,Real oversampling +50%,42,set_03,force-neutral,unknown_vehicle,known_attack,31348,29963,1385,0.044181446982263624,0.042312039837472885,0.0,1.0,1.0,0,29963,0,1385
real_oversampling_0p50,Real oversampling +50%,7,set_03,force-neutral,unknown_vehicle,known_attack,31348,29963,1385,0.044181446982263624,0.042312039837472885,0.0,1.0,1.0,0,29963,0,1385
real_oversampling_0p50,Real oversampling +50%,123,set_03,force-neutral,unknown_vehicle,known_attack,31348,29963,1385,0.044181446982263624,0.042312039837472885,0.0,1.0,1.0,0,29963,0,1385
rule_0p10,Rule +10%,42,set_03,force-neutral,unknown_vehicle,known_attack,31348,29963,1385,0.044181446982263624,0.042312039837472885,0.0,1.0,1.0,0,29963,0,1385
rule_0p10,Rule +10%,7,set_03,force-neutral,unknown_vehicle,known_attack,31348,29963,1385,0.044181446982263624,0.042312039837472885,0.0,1.0,1.0,0,29963,0,1385
rule_0p10,Rule +10%,123,set_03,force-neutral,unknown_vehicle,known_attack,31348,29963,1385,0.044181446982263624,0.042312039837472885,0.0,1.0,1.0,0,29963,0,1385
rule_0p30,Rule +30%,42,set_03,force-neutral,unknown_vehicle,known_attack,31348,29963,1385,0.044181446982263624,0.042312039837472885,0.0,1.0,1.0,0,29963,0,1385
rule_0p30,Rule +30%,7,set_03,force-neutral,unknown_vehicle,known_attack,31348,29963,1385,0.044181446982263624,0.042312039837472885,0.0,1.0,1.0,0,29963,0,1385
rule_0p30,Rule +30%,123,set_03,force-neutral,unknown_vehicle,known_attack,31348,29963,1385,0.044181446982263624,0.042312039837472885,0.0,1.0,1.0,0,29963,0,1385
rule_0p50,Rule +50%,42,set_03,force-neutral,unknown_vehicle,known_attack,31348,29963,1385,0.044181446982263624,0.042312039837472885,0.0,1.0,1.0,0,29963,0,1385
rule_0p50,Rule +50%,7,set_03,force-neutral,unknown_vehicle,known_attack,31348,29963,1385,0.044181446982263624,0.042312039837472885,0.0,1.0,1.0,0,29963,0,1385
rule_0p50,Rule +50%,123,set_03,force-neutral,unknown_vehicle,known_attack,31348,29963,1385,0.044181446982263624,0.042312039837472885,0.0,1.0,1.0,0,29963,0,1385
rule_1p00,Rule +100%,42,set_03,force-neutral,unknown_vehicle,known_attack,31348,29963,1385,0.044181446982263624,0.042312039837472885,0.0,1.0,1.0,0,29963,0,1385
rule_1p00,Rule +100%,7,set_03,force-neutral,unknown_vehicle,known_attack,31348,29963,1385,0.044181446982263624,0.042312039837472885,0.0,1.0,1.0,0,29963,0,1385
rule_1p00,Rule +100%,123,set_03,force-neutral,unknown_vehicle,known_attack,31348,29963,1385,0.044181446982263624,0.042312039837472885,0.0,1.0,1.0,0,29963,0,1385
real_only,Real only,42,set_03,fuzzing,unknown_vehicle,known_attack,40942,36823,4119,0.10277954179082605,0.0940014628762313,0.0024169676560845126,0.9975830323439154,1.0,89,36734,0,4119
real_only,Real only,7,set_03,fuzzing,unknown_vehicle,known_attack,40942,36823,4119,0.10063015973816619,0.09143860760061247,2.7156939956005756e-05,0.999972843060044,1.0,1,36822,0,4119
real_only,Real only,123,set_03,fuzzing,unknown_vehicle,known_attack,40942,36823,4119,0.10060573494211324,0.09140942278245046,0.0,1.0,1.0,0,36823,0,4119
real_oversampling_0p50,Real oversampling +50%,42,set_03,fuzzing,unknown_vehicle,known_attack,40942,36823,4119,0.10060573494211324,0.09140942278245046,0.0,1.0,1.0,0,36823,0,4119
real_oversampling_0p50,Real oversampling +50%,7,set_03,fuzzing,unknown_vehicle,known_attack,40942,36823,4119,0.10351228567241463,0.0948727276521669,0.003231675854764685,0.9967683241452353,1.0,119,36704,0,4119
real_oversampling_0p50,Real oversampling +50%,123,set_03,fuzzing,unknown_vehicle,known_attack,40942,36823,4119,0.10485564945532705,0.09646684637037455,0.004725307552345002,0.995274692447655,1.0,174,36649,0,4119
rule_0p10,Rule +10%,42,set_03,fuzzing,unknown_vehicle,known_attack,40942,36823,4119,0.10060573494211324,0.09140942278245046,0.0,1.0,1.0,0,36823,0,4119
rule_0p10,Rule +10%,7,set_03,fuzzing,unknown_vehicle,known_attack,40942,36823,4119,0.10060573494211324,0.09140942278245046,0.0,1.0,1.0,0,36823,0,4119
rule_0p10,Rule +10%,123,set_03,fuzzing,unknown_vehicle,known_attack,40942,36823,4119,0.10060573494211324,0.09140942278245046,0.0,1.0,1.0,0,36823,0,4119
rule_0p30,Rule +30%,42,set_03,fuzzing,unknown_vehicle,known_attack,40942,36823,4119,0.10070343412632504,0.09152615374658722,0.00010862775982402302,0.999891372240176,1.0,4,36819,0,4119
rule_0p30,Rule +30%,7,set_03,fuzzing,unknown_vehicle,known_attack,40942,36823,4119,0.10060573494211324,0.09140942278245046,0.0,1.0,1.0,0,36823,0,4119
rule_0p30,Rule +30%,123,set_03,fuzzing,unknown_vehicle,known_attack,40942,36823,4119,0.10060573494211324,0.09140942278245046,0.0,1.0,1.0,0,36823,0,4119
rule_0p50,Rule +50%,42,set_03,fuzzing,unknown_vehicle,known_attack,40942,36823,4119,0.10060573494211324,0.09140942278245046,0.0,1.0,1.0,0,36823,0,4119
rule_0p50,Rule +50%,7,set_03,fuzzing,unknown_vehicle,known_attack,40942,36823,4119,0.10060573494211324,0.09140942278245046,0.0,1.0,1.0,0,36823,0,4119
rule_0p50,Rule +50%,123,set_03,fuzzing,unknown_vehicle,known_attack,40942,36823,4119,0.10060573494211324,0.09140942278245046,0.0,1.0,1.0,0,36823,0,4119
rule_1p00,Rule +100%,42,set_03,fuzzing,unknown_vehicle,known_attack,40942,36823,4119,0.10060573494211324,0.09140942278245046,0.0,1.0,1.0,0,36823,0,4119
rule_1p00,Rule +100%,7,set_03,fuzzing,unknown_vehicle,known_attack,40942,36823,4119,0.10063015973816619,0.09143860760061247,2.7156939956005756e-05,0.999972843060044,1.0,1,36822,0,4119
rule_1p00,Rule +100%,123,set_03,fuzzing,unknown_vehicle,known_attack,40942,36823,4119,0.10060573494211324,0.09140942278245046,0.0,1.0,1.0,0,36823,0,4119
real_only,Real only,42,set_03,rpm,known_vehicle,unknown_attack,52096,51449,647,0.012419379606879607,0.012267030696016533,0.0,1.0,1.0,0,51449,0,647
real_only,Real only,7,set_03,rpm,known_vehicle,unknown_attack,52096,51449,647,0.012419379606879607,0.012267030696016533,0.0,1.0,1.0,0,51449,0,647
real_only,Real only,123,set_03,rpm,known_vehicle,unknown_attack,52096,51449,647,0.012419379606879607,0.012267030696016533,0.0,1.0,1.0,0,51449,0,647
real_oversampling_0p50,Real oversampling +50%,42,set_03,rpm,known_vehicle,unknown_attack,52096,51449,647,0.012419379606879607,0.012267030696016533,0.0,1.0,1.0,0,51449,0,647
real_oversampling_0p50,Real oversampling +50%,7,set_03,rpm,known_vehicle,unknown_attack,52096,51449,647,0.012419379606879607,0.012267030696016533,0.0,1.0,1.0,0,51449,0,647
real_oversampling_0p50,Real oversampling +50%,123,set_03,rpm,known_vehicle,unknown_attack,52096,51449,647,0.012419379606879607,0.012267030696016533,0.0,1.0,1.0,0,51449,0,647
rule_0p10,Rule +10%,42,set_03,rpm,known_vehicle,unknown_attack,52096,51449,647,0.012419379606879607,0.012267030696016533,0.0,1.0,1.0,0,51449,0,647
rule_0p10,Rule +10%,7,set_03,rpm,known_vehicle,unknown_attack,52096,51449,647,0.012419379606879607,0.012267030696016533,0.0,1.0,1.0,0,51449,0,647
rule_0p10,Rule +10%,123,set_03,rpm,known_vehicle,unknown_attack,52096,51449,647,0.012419379606879607,0.012267030696016533,0.0,1.0,1.0,0,51449,0,647
rule_0p30,Rule +30%,42,set_03,rpm,known_vehicle,unknown_attack,52096,51449,647,0.012419379606879607,0.012267030696016533,0.0,1.0,1.0,0,51449,0,647
rule_0p30,Rule +30%,7,set_03,rpm,known_vehicle,unknown_attack,52096,51449,647,0.012419379606879607,0.012267030696016533,0.0,1.0,1.0,0,51449,0,647
rule_0p30,Rule +30%,123,set_03,rpm,known_vehicle,unknown_attack,52096,51449,647,0.012419379606879607,0.012267030696016533,0.0,1.0,1.0,0,51449,0,647
rule_0p50,Rule +50%,42,set_03,rpm,known_vehicle,unknown_attack,52096,51449,647,0.012419379606879607,0.012267030696016533,0.0,1.0,1.0,0,51449,0,647
rule_0p50,Rule +50%,7,set_03,rpm,known_vehicle,unknown_attack,52096,51449,647,0.012419379606879607,0.012267030696016533,0.0,1.0,1.0,0,51449,0,647
rule_0p50,Rule +50%,123,set_03,rpm,known_vehicle,unknown_attack,52096,51449,647,0.012419379606879607,0.012267030696016533,0.0,1.0,1.0,0,51449,0,647
rule_1p00,Rule +100%,42,set_03,rpm,known_vehicle,unknown_attack,52096,51449,647,0.012419379606879607,0.012267030696016533,0.0,1.0,1.0,0,51449,0,647
rule_1p00,Rule +100%,7,set_03,rpm,known_vehicle,unknown_attack,52096,51449,647,0.012419379606879607,0.012267030696016533,0.0,1.0,1.0,0,51449,0,647
rule_1p00,Rule +100%,123,set_03,rpm,known_vehicle,unknown_attack,52096,51449,647,0.012419379606879607,0.012267030696016533,0.0,1.0,1.0,0,51449,0,647
real_only,Real only,42,set_03,rpm-accessory,known_vehicle,unknown_attack,9865,9633,232,0.02351748606183477,0.022977121917401207,0.0,1.0,1.0,0,9633,0,232
real_only,Real only,7,set_03,rpm-accessory,known_vehicle,unknown_attack,9865,9633,232,0.02351748606183477,0.022977121917401207,0.0,1.0,1.0,0,9633,0,232
real_only,Real only,123,set_03,rpm-accessory,known_vehicle,unknown_attack,9865,9633,232,0.02351748606183477,0.022977121917401207,0.0,1.0,1.0,0,9633,0,232
real_oversampling_0p50,Real oversampling +50%,42,set_03,rpm-accessory,known_vehicle,unknown_attack,9865,9633,232,0.02351748606183477,0.022977121917401207,0.0,1.0,1.0,0,9633,0,232
real_oversampling_0p50,Real oversampling +50%,7,set_03,rpm-accessory,known_vehicle,unknown_attack,9865,9633,232,0.02351748606183477,0.022977121917401207,0.0,1.0,1.0,0,9633,0,232
real_oversampling_0p50,Real oversampling +50%,123,set_03,rpm-accessory,known_vehicle,unknown_attack,9865,9633,232,0.02351748606183477,0.022977121917401207,0.0,1.0,1.0,0,9633,0,232
rule_0p10,Rule +10%,42,set_03,rpm-accessory,known_vehicle,unknown_attack,9865,9633,232,0.02351748606183477,0.022977121917401207,0.0,1.0,1.0,0,9633,0,232
rule_0p10,Rule +10%,7,set_03,rpm-accessory,known_vehicle,unknown_attack,9865,9633,232,0.02351748606183477,0.022977121917401207,0.0,1.0,1.0,0,9633,0,232
rule_0p10,Rule +10%,123,set_03,rpm-accessory,known_vehicle,unknown_attack,9865,9633,232,0.02351748606183477,0.022977121917401207,0.0,1.0,1.0,0,9633,0,232
rule_0p30,Rule +30%,42,set_03,rpm-accessory,known_vehicle,unknown_attack,9865,9633,232,0.02351748606183477,0.022977121917401207,0.0,1.0,1.0,0,9633,0,232
rule_0p30,Rule +30%,7,set_03,rpm-accessory,known_vehicle,unknown_attack,9865,9633,232,0.02351748606183477,0.022977121917401207,0.0,1.0,1.0,0,9633,0,232
rule_0p30,Rule +30%,123,set_03,rpm-accessory,known_vehicle,unknown_attack,9865,9633,232,0.02351748606183477,0.022977121917401207,0.0,1.0,1.0,0,9633,0,232
rule_0p50,Rule +50%,42,set_03,rpm-accessory,known_vehicle,unknown_attack,9865,9633,232,0.02351748606183477,0.022977121917401207,0.0,1.0,1.0,0,9633,0,232
rule_0p50,Rule +50%,7,set_03,rpm-accessory,known_vehicle,unknown_attack,9865,9633,232,0.02351748606183477,0.022977121917401207,0.0,1.0,1.0,0,9633,0,232
rule_0p50,Rule +50%,123,set_03,rpm-accessory,known_vehicle,unknown_attack,9865,9633,232,0.02351748606183477,0.022977121917401207,0.0,1.0,1.0,0,9633,0,232
rule_1p00,Rule +100%,42,set_03,rpm-accessory,known_vehicle,unknown_attack,9865,9633,232,0.02351748606183477,0.022977121917401207,0.0,1.0,1.0,0,9633,0,232
rule_1p00,Rule +100%,7,set_03,rpm-accessory,known_vehicle,unknown_attack,9865,9633,232,0.02351748606183477,0.022977121917401207,0.0,1.0,1.0,0,9633,0,232
rule_1p00,Rule +100%,123,set_03,rpm-accessory,known_vehicle,unknown_attack,9865,9633,232,0.02351748606183477,0.022977121917401207,0.0,1.0,1.0,0,9633,0,232
real_only,Real only,42,set_03,speed-accessory,known_vehicle,unknown_attack,9992,8471,1521,0.15222177742193754,0.13211152610092938,0.0,1.0,1.0,0,8471,0,1521
real_only,Real only,7,set_03,speed-accessory,known_vehicle,unknown_attack,9992,8471,1521,0.15222177742193754,0.13211152610092938,0.0,1.0,1.0,0,8471,0,1521
real_only,Real only,123,set_03,speed-accessory,known_vehicle,unknown_attack,9992,8471,1521,0.15222177742193754,0.13211152610092938,0.0,1.0,1.0,0,8471,0,1521
real_oversampling_0p50,Real oversampling +50%,42,set_03,speed-accessory,known_vehicle,unknown_attack,9992,8471,1521,0.15222177742193754,0.13211152610092938,0.0,1.0,1.0,0,8471,0,1521
real_oversampling_0p50,Real oversampling +50%,7,set_03,speed-accessory,known_vehicle,unknown_attack,9992,8471,1521,0.15222177742193754,0.13211152610092938,0.0,1.0,1.0,0,8471,0,1521
real_oversampling_0p50,Real oversampling +50%,123,set_03,speed-accessory,known_vehicle,unknown_attack,9992,8471,1521,0.15222177742193754,0.13211152610092938,0.0,1.0,1.0,0,8471,0,1521
rule_0p10,Rule +10%,42,set_03,speed-accessory,known_vehicle,unknown_attack,9992,8471,1521,0.15222177742193754,0.13211152610092938,0.0,1.0,1.0,0,8471,0,1521
rule_0p10,Rule +10%,7,set_03,speed-accessory,known_vehicle,unknown_attack,9992,8471,1521,0.15222177742193754,0.13211152610092938,0.0,1.0,1.0,0,8471,0,1521
rule_0p10,Rule +10%,123,set_03,speed-accessory,known_vehicle,unknown_attack,9992,8471,1521,0.15222177742193754,0.13211152610092938,0.0,1.0,1.0,0,8471,0,1521
rule_0p30,Rule +30%,42,set_03,speed-accessory,known_vehicle,unknown_attack,9992,8471,1521,0.15222177742193754,0.13211152610092938,0.0,1.0,1.0,0,8471,0,1521
rule_0p30,Rule +30%,7,set_03,speed-accessory,known_vehicle,unknown_attack,9992,8471,1521,0.15222177742193754,0.13211152610092938,0.0,1.0,1.0,0,8471,0,1521
rule_0p30,Rule +30%,123,set_03,speed-accessory,known_vehicle,unknown_attack,9992,8471,1521,0.15222177742193754,0.13211152610092938,0.0,1.0,1.0,0,8471,0,1521
rule_0p50,Rule +50%,42,set_03,speed-accessory,known_vehicle,unknown_attack,9992,8471,1521,0.15222177742193754,0.13211152610092938,0.0,1.0,1.0,0,8471,0,1521
rule_0p50,Rule +50%,7,set_03,speed-accessory,known_vehicle,unknown_attack,9992,8471,1521,0.15222177742193754,0.13211152610092938,0.0,1.0,1.0,0,8471,0,1521
rule_0p50,Rule +50%,123,set_03,speed-accessory,known_vehicle,unknown_attack,9992,8471,1521,0.15222177742193754,0.13211152610092938,0.0,1.0,1.0,0,8471,0,1521
rule_1p00,Rule +100%,42,set_03,speed-accessory,known_vehicle,unknown_attack,9992,8471,1521,0.15222177742193754,0.13211152610092938,0.0,1.0,1.0,0,8471,0,1521
rule_1p00,Rule +100%,7,set_03,speed-accessory,known_vehicle,unknown_attack,9992,8471,1521,0.15222177742193754,0.13211152610092938,0.0,1.0,1.0,0,8471,0,1521
rule_1p00,Rule +100%,123,set_03,speed-accessory,known_vehicle,unknown_attack,9992,8471,1521,0.15222177742193754,0.13211152610092938,0.0,1.0,1.0,0,8471,0,1521
real_only,Real only,42,set_03,rpm,unknown_vehicle,unknown_attack,33069,30259,2810,0.08497384257159273,0.07831879372334792,0.0,1.0,1.0,0,30259,0,2810
real_only,Real only,7,set_03,rpm,unknown_vehicle,unknown_attack,33069,30259,2810,0.08497384257159273,0.07831879372334792,0.0,1.0,1.0,0,30259,0,2810
real_only,Real only,123,set_03,rpm,unknown_vehicle,unknown_attack,33069,30259,2810,0.08497384257159273,0.07831879372334792,0.0,1.0,1.0,0,30259,0,2810
real_oversampling_0p50,Real oversampling +50%,42,set_03,rpm,unknown_vehicle,unknown_attack,33069,30259,2810,0.08497384257159273,0.07831879372334792,0.0,1.0,1.0,0,30259,0,2810
real_oversampling_0p50,Real oversampling +50%,7,set_03,rpm,unknown_vehicle,unknown_attack,33069,30259,2810,0.08497384257159273,0.07831879372334792,0.0,1.0,1.0,0,30259,0,2810
real_oversampling_0p50,Real oversampling +50%,123,set_03,rpm,unknown_vehicle,unknown_attack,33069,30259,2810,0.08497384257159273,0.07831879372334792,0.0,1.0,1.0,0,30259,0,2810
rule_0p10,Rule +10%,42,set_03,rpm,unknown_vehicle,unknown_attack,33069,30259,2810,0.08497384257159273,0.07831879372334792,0.0,1.0,1.0,0,30259,0,2810
rule_0p10,Rule +10%,7,set_03,rpm,unknown_vehicle,unknown_attack,33069,30259,2810,0.08497384257159273,0.07831879372334792,0.0,1.0,1.0,0,30259,0,2810
rule_0p10,Rule +10%,123,set_03,rpm,unknown_vehicle,unknown_attack,33069,30259,2810,0.08497384257159273,0.07831879372334792,0.0,1.0,1.0,0,30259,0,2810
rule_0p30,Rule +30%,42,set_03,rpm,unknown_vehicle,unknown_attack,33069,30259,2810,0.08497384257159273,0.07831879372334792,0.0,1.0,1.0,0,30259,0,2810
rule_0p30,Rule +30%,7,set_03,rpm,unknown_vehicle,unknown_attack,33069,30259,2810,0.08497384257159273,0.07831879372334792,0.0,1.0,1.0,0,30259,0,2810
rule_0p30,Rule +30%,123,set_03,rpm,unknown_vehicle,unknown_attack,33069,30259,2810,0.08497384257159273,0.07831879372334792,0.0,1.0,1.0,0,30259,0,2810
rule_0p50,Rule +50%,42,set_03,rpm,unknown_vehicle,unknown_attack,33069,30259,2810,0.08497384257159273,0.07831879372334792,0.0,1.0,1.0,0,30259,0,2810
rule_0p50,Rule +50%,7,set_03,rpm,unknown_vehicle,unknown_attack,33069,30259,2810,0.08497384257159273,0.07831879372334792,0.0,1.0,1.0,0,30259,0,2810
rule_0p50,Rule +50%,123,set_03,rpm,unknown_vehicle,unknown_attack,33069,30259,2810,0.08497384257159273,0.07831879372334792,0.0,1.0,1.0,0,30259,0,2810
rule_1p00,Rule +100%,42,set_03,rpm,unknown_vehicle,unknown_attack,33069,30259,2810,0.08497384257159273,0.07831879372334792,0.0,1.0,1.0,0,30259,0,2810
rule_1p00,Rule +100%,7,set_03,rpm,unknown_vehicle,unknown_attack,33069,30259,2810,0.08497384257159273,0.07831879372334792,0.0,1.0,1.0,0,30259,0,2810
rule_1p00,Rule +100%,123,set_03,rpm,unknown_vehicle,unknown_attack,33069,30259,2810,0.08497384257159273,0.07831879372334792,0.0,1.0,1.0,0,30259,0,2810
real_only,Real only,42,set_03,rpm-accessory,unknown_vehicle,unknown_attack,8374,7250,1124,0.13422498208741343,0.11834070330595915,0.0,1.0,1.0,0,7250,0,1124
real_only,Real only,7,set_03,rpm-accessory,unknown_vehicle,unknown_attack,8374,7250,1124,0.13422498208741343,0.11834070330595915,0.0,1.0,1.0,0,7250,0,1124
real_only,Real only,123,set_03,rpm-accessory,unknown_vehicle,unknown_attack,8374,7250,1124,0.13422498208741343,0.11834070330595915,0.0,1.0,1.0,0,7250,0,1124
real_oversampling_0p50,Real oversampling +50%,42,set_03,rpm-accessory,unknown_vehicle,unknown_attack,8374,7250,1124,0.13422498208741343,0.11834070330595915,0.0,1.0,1.0,0,7250,0,1124
real_oversampling_0p50,Real oversampling +50%,7,set_03,rpm-accessory,unknown_vehicle,unknown_attack,8374,7250,1124,0.13422498208741343,0.11834070330595915,0.0,1.0,1.0,0,7250,0,1124
real_oversampling_0p50,Real oversampling +50%,123,set_03,rpm-accessory,unknown_vehicle,unknown_attack,8374,7250,1124,0.13422498208741343,0.11834070330595915,0.0,1.0,1.0,0,7250,0,1124
rule_0p10,Rule +10%,42,set_03,rpm-accessory,unknown_vehicle,unknown_attack,8374,7250,1124,0.13422498208741343,0.11834070330595915,0.0,1.0,1.0,0,7250,0,1124
rule_0p10,Rule +10%,7,set_03,rpm-accessory,unknown_vehicle,unknown_attack,8374,7250,1124,0.13422498208741343,0.11834070330595915,0.0,1.0,1.0,0,7250,0,1124
rule_0p10,Rule +10%,123,set_03,rpm-accessory,unknown_vehicle,unknown_attack,8374,7250,1124,0.13422498208741343,0.11834070330595915,0.0,1.0,1.0,0,7250,0,1124
rule_0p30,Rule +30%,42,set_03,rpm-accessory,unknown_vehicle,unknown_attack,8374,7250,1124,0.13422498208741343,0.11834070330595915,0.0,1.0,1.0,0,7250,0,1124
rule_0p30,Rule +30%,7,set_03,rpm-accessory,unknown_vehicle,unknown_attack,8374,7250,1124,0.13422498208741343,0.11834070330595915,0.0,1.0,1.0,0,7250,0,1124
rule_0p30,Rule +30%,123,set_03,rpm-accessory,unknown_vehicle,unknown_attack,8374,7250,1124,0.13422498208741343,0.11834070330595915,0.0,1.0,1.0,0,7250,0,1124
rule_0p50,Rule +50%,42,set_03,rpm-accessory,unknown_vehicle,unknown_attack,8374,7250,1124,0.13422498208741343,0.11834070330595915,0.0,1.0,1.0,0,7250,0,1124
rule_0p50,Rule +50%,7,set_03,rpm-accessory,unknown_vehicle,unknown_attack,8374,7250,1124,0.13422498208741343,0.11834070330595915,0.0,1.0,1.0,0,7250,0,1124
rule_0p50,Rule +50%,123,set_03,rpm-accessory,unknown_vehicle,unknown_attack,8374,7250,1124,0.13422498208741343,0.11834070330595915,0.0,1.0,1.0,0,7250,0,1124
rule_1p00,Rule +100%,42,set_03,rpm-accessory,unknown_vehicle,unknown_attack,8374,7250,1124,0.13422498208741343,0.11834070330595915,0.0,1.0,1.0,0,7250,0,1124
rule_1p00,Rule +100%,7,set_03,rpm-accessory,unknown_vehicle,unknown_attack,8374,7250,1124,0.13422498208741343,0.11834070330595915,0.0,1.0,1.0,0,7250,0,1124
rule_1p00,Rule +100%,123,set_03,rpm-accessory,unknown_vehicle,unknown_attack,8374,7250,1124,0.13422498208741343,0.11834070330595915,0.0,1.0,1.0,0,7250,0,1124
real_only,Real only,42,set_03,speed-accessory,unknown_vehicle,unknown_attack,13331,12309,1022,0.07666341609781711,0.07120462621054832,0.0,1.0,1.0,0,12309,0,1022
real_only,Real only,7,set_03,speed-accessory,unknown_vehicle,unknown_attack,13331,12309,1022,0.07666341609781711,0.07120462621054832,0.0,1.0,1.0,0,12309,0,1022
real_only,Real only,123,set_03,speed-accessory,unknown_vehicle,unknown_attack,13331,12309,1022,0.07666341609781711,0.07120462621054832,0.0,1.0,1.0,0,12309,0,1022
real_oversampling_0p50,Real oversampling +50%,42,set_03,speed-accessory,unknown_vehicle,unknown_attack,13331,12309,1022,0.07666341609781711,0.07120462621054832,0.0,1.0,1.0,0,12309,0,1022
real_oversampling_0p50,Real oversampling +50%,7,set_03,speed-accessory,unknown_vehicle,unknown_attack,13331,12309,1022,0.07666341609781711,0.07120462621054832,0.0,1.0,1.0,0,12309,0,1022
real_oversampling_0p50,Real oversampling +50%,123,set_03,speed-accessory,unknown_vehicle,unknown_attack,13331,12309,1022,0.07666341609781711,0.07120462621054832,0.0,1.0,1.0,0,12309,0,1022
rule_0p10,Rule +10%,42,set_03,speed-accessory,unknown_vehicle,unknown_attack,13331,12309,1022,0.07666341609781711,0.07120462621054832,0.0,1.0,1.0,0,12309,0,1022
rule_0p10,Rule +10%,7,set_03,speed-accessory,unknown_vehicle,unknown_attack,13331,12309,1022,0.07666341609781711,0.07120462621054832,0.0,1.0,1.0,0,12309,0,1022
rule_0p10,Rule +10%,123,set_03,speed-accessory,unknown_vehicle,unknown_attack,13331,12309,1022,0.07666341609781711,0.07120462621054832,0.0,1.0,1.0,0,12309,0,1022
rule_0p30,Rule +30%,42,set_03,speed-accessory,unknown_vehicle,unknown_attack,13331,12309,1022,0.07666341609781711,0.07120462621054832,0.0,1.0,1.0,0,12309,0,1022
rule_0p30,Rule +30%,7,set_03,speed-accessory,unknown_vehicle,unknown_attack,13331,12309,1022,0.07666341609781711,0.07120462621054832,0.0,1.0,1.0,0,12309,0,1022
rule_0p30,Rule +30%,123,set_03,speed-accessory,unknown_vehicle,unknown_attack,13331,12309,1022,0.07666341609781711,0.07120462621054832,0.0,1.0,1.0,0,12309,0,1022
rule_0p50,Rule +50%,42,set_03,speed-accessory,unknown_vehicle,unknown_attack,13331,12309,1022,0.07666341609781711,0.07120462621054832,0.0,1.0,1.0,0,12309,0,1022
rule_0p50,Rule +50%,7,set_03,speed-accessory,unknown_vehicle,unknown_attack,13331,12309,1022,0.07666341609781711,0.07120462621054832,0.0,1.0,1.0,0,12309,0,1022
rule_0p50,Rule +50%,123,set_03,speed-accessory,unknown_vehicle,unknown_attack,13331,12309,1022,0.07666341609781711,0.07120462621054832,0.0,1.0,1.0,0,12309,0,1022
rule_1p00,Rule +100%,42,set_03,speed-accessory,unknown_vehicle,unknown_attack,13331,12309,1022,0.07666341609781711,0.07120462621054832,0.0,1.0,1.0,0,12309,0,1022
rule_1p00,Rule +100%,7,set_03,speed-accessory,unknown_vehicle,unknown_attack,13331,12309,1022,0.07666341609781711,0.07120462621054832,0.0,1.0,1.0,0,12309,0,1022
rule_1p00,Rule +100%,123,set_03,speed-accessory,unknown_vehicle,unknown_attack,13331,12309,1022,0.07666341609781711,0.07120462621054832,0.0,1.0,1.0,0,12309,0,1022
real_only,Real only,42,set_04,rpm,known_vehicle,known_attack,33069,30259,2810,0.08497384257159273,0.07831879372334792,0.0,1.0,1.0,0,30259,0,2810
real_only,Real only,7,set_04,rpm,known_vehicle,known_attack,33069,30259,2810,0.08497384257159273,0.07831879372334792,0.0,1.0,1.0,0,30259,0,2810
real_only,Real only,123,set_04,rpm,known_vehicle,known_attack,33069,30259,2810,0.08497384257159273,0.07831879372334792,0.0,1.0,1.0,0,30259,0,2810
real_oversampling_0p50,Real oversampling +50%,42,set_04,rpm,known_vehicle,known_attack,33069,30259,2810,0.08497384257159273,0.07831879372334792,0.0,1.0,1.0,0,30259,0,2810
real_oversampling_0p50,Real oversampling +50%,7,set_04,rpm,known_vehicle,known_attack,33069,30259,2810,0.08497384257159273,0.07831879372334792,0.0,1.0,1.0,0,30259,0,2810
real_oversampling_0p50,Real oversampling +50%,123,set_04,rpm,known_vehicle,known_attack,33069,30259,2810,0.08497384257159273,0.07831879372334792,0.0,1.0,1.0,0,30259,0,2810
rule_0p10,Rule +10%,42,set_04,rpm,known_vehicle,known_attack,33069,30259,2810,0.08497384257159273,0.07831879372334792,0.0,1.0,1.0,0,30259,0,2810
rule_0p10,Rule +10%,7,set_04,rpm,known_vehicle,known_attack,33069,30259,2810,0.08497384257159273,0.07831879372334792,0.0,1.0,1.0,0,30259,0,2810
rule_0p10,Rule +10%,123,set_04,rpm,known_vehicle,known_attack,33069,30259,2810,0.08497384257159273,0.07831879372334792,0.0,1.0,1.0,0,30259,0,2810
rule_0p30,Rule +30%,42,set_04,rpm,known_vehicle,known_attack,33069,30259,2810,0.08497384257159273,0.07831879372334792,0.0,1.0,1.0,0,30259,0,2810
rule_0p30,Rule +30%,7,set_04,rpm,known_vehicle,known_attack,33069,30259,2810,0.08497384257159273,0.07831879372334792,0.0,1.0,1.0,0,30259,0,2810
rule_0p30,Rule +30%,123,set_04,rpm,known_vehicle,known_attack,33069,30259,2810,0.08497384257159273,0.07831879372334792,0.0,1.0,1.0,0,30259,0,2810
rule_0p50,Rule +50%,42,set_04,rpm,known_vehicle,known_attack,33069,30259,2810,0.08497384257159273,0.07831879372334792,0.0,1.0,1.0,0,30259,0,2810
rule_0p50,Rule +50%,7,set_04,rpm,known_vehicle,known_attack,33069,30259,2810,0.08497384257159273,0.07831879372334792,0.0,1.0,1.0,0,30259,0,2810
rule_0p50,Rule +50%,123,set_04,rpm,known_vehicle,known_attack,33069,30259,2810,0.08497384257159273,0.07831879372334792,0.0,1.0,1.0,0,30259,0,2810
rule_1p00,Rule +100%,42,set_04,rpm,known_vehicle,known_attack,33069,30259,2810,0.08497384257159273,0.07831879372334792,0.0,1.0,1.0,0,30259,0,2810
rule_1p00,Rule +100%,7,set_04,rpm,known_vehicle,known_attack,33069,30259,2810,0.08497384257159273,0.07831879372334792,0.0,1.0,1.0,0,30259,0,2810
rule_1p00,Rule +100%,123,set_04,rpm,known_vehicle,known_attack,33069,30259,2810,0.08497384257159273,0.07831879372334792,0.0,1.0,1.0,0,30259,0,2810
real_only,Real only,42,set_04,rpm-accessory,known_vehicle,known_attack,8374,7250,1124,0.13422498208741343,0.11834070330595915,0.0,1.0,1.0,0,7250,0,1124
real_only,Real only,7,set_04,rpm-accessory,known_vehicle,known_attack,8374,7250,1124,0.13422498208741343,0.11834070330595915,0.0,1.0,1.0,0,7250,0,1124
real_only,Real only,123,set_04,rpm-accessory,known_vehicle,known_attack,8374,7250,1124,0.13422498208741343,0.11834070330595915,0.0,1.0,1.0,0,7250,0,1124
real_oversampling_0p50,Real oversampling +50%,42,set_04,rpm-accessory,known_vehicle,known_attack,8374,7250,1124,0.13422498208741343,0.11834070330595915,0.0,1.0,1.0,0,7250,0,1124
real_oversampling_0p50,Real oversampling +50%,7,set_04,rpm-accessory,known_vehicle,known_attack,8374,7250,1124,0.13422498208741343,0.11834070330595915,0.0,1.0,1.0,0,7250,0,1124
real_oversampling_0p50,Real oversampling +50%,123,set_04,rpm-accessory,known_vehicle,known_attack,8374,7250,1124,0.13422498208741343,0.11834070330595915,0.0,1.0,1.0,0,7250,0,1124
rule_0p10,Rule +10%,42,set_04,rpm-accessory,known_vehicle,known_attack,8374,7250,1124,0.13422498208741343,0.11834070330595915,0.0,1.0,1.0,0,7250,0,1124
rule_0p10,Rule +10%,7,set_04,rpm-accessory,known_vehicle,known_attack,8374,7250,1124,0.13422498208741343,0.11834070330595915,0.0,1.0,1.0,0,7250,0,1124
rule_0p10,Rule +10%,123,set_04,rpm-accessory,known_vehicle,known_attack,8374,7250,1124,0.13422498208741343,0.11834070330595915,0.0,1.0,1.0,0,7250,0,1124
rule_0p30,Rule +30%,42,set_04,rpm-accessory,known_vehicle,known_attack,8374,7250,1124,0.13422498208741343,0.11834070330595915,0.0,1.0,1.0,0,7250,0,1124
rule_0p30,Rule +30%,7,set_04,rpm-accessory,known_vehicle,known_attack,8374,7250,1124,0.13422498208741343,0.11834070330595915,0.0,1.0,1.0,0,7250,0,1124
rule_0p30,Rule +30%,123,set_04,rpm-accessory,known_vehicle,known_attack,8374,7250,1124,0.13422498208741343,0.11834070330595915,0.0,1.0,1.0,0,7250,0,1124
rule_0p50,Rule +50%,42,set_04,rpm-accessory,known_vehicle,known_attack,8374,7250,1124,0.13422498208741343,0.11834070330595915,0.0,1.0,1.0,0,7250,0,1124
rule_0p50,Rule +50%,7,set_04,rpm-accessory,known_vehicle,known_attack,8374,7250,1124,0.13422498208741343,0.11834070330595915,0.0,1.0,1.0,0,7250,0,1124
rule_0p50,Rule +50%,123,set_04,rpm-accessory,known_vehicle,known_attack,8374,7250,1124,0.13422498208741343,0.11834070330595915,0.0,1.0,1.0,0,7250,0,1124
rule_1p00,Rule +100%,42,set_04,rpm-accessory,known_vehicle,known_attack,8374,7250,1124,0.13422498208741343,0.11834070330595915,0.0,1.0,1.0,0,7250,0,1124
rule_1p00,Rule +100%,7,set_04,rpm-accessory,known_vehicle,known_attack,8374,7250,1124,0.13422498208741343,0.11834070330595915,0.0,1.0,1.0,0,7250,0,1124
rule_1p00,Rule +100%,123,set_04,rpm-accessory,known_vehicle,known_attack,8374,7250,1124,0.13422498208741343,0.11834070330595915,0.0,1.0,1.0,0,7250,0,1124
real_only,Real only,42,set_04,speed-accessory,known_vehicle,known_attack,13331,12309,1022,0.07666341609781711,0.07120462621054832,0.0,1.0,1.0,0,12309,0,1022
real_only,Real only,7,set_04,speed-accessory,known_vehicle,known_attack,13331,12309,1022,0.07666341609781711,0.07120462621054832,0.0,1.0,1.0,0,12309,0,1022
real_only,Real only,123,set_04,speed-accessory,known_vehicle,known_attack,13331,12309,1022,0.07666341609781711,0.07120462621054832,0.0,1.0,1.0,0,12309,0,1022
real_oversampling_0p50,Real oversampling +50%,42,set_04,speed-accessory,known_vehicle,known_attack,13331,12309,1022,0.07666341609781711,0.07120462621054832,0.0,1.0,1.0,0,12309,0,1022
real_oversampling_0p50,Real oversampling +50%,7,set_04,speed-accessory,known_vehicle,known_attack,13331,12309,1022,0.07666341609781711,0.07120462621054832,0.0,1.0,1.0,0,12309,0,1022
real_oversampling_0p50,Real oversampling +50%,123,set_04,speed-accessory,known_vehicle,known_attack,13331,12309,1022,0.07666341609781711,0.07120462621054832,0.0,1.0,1.0,0,12309,0,1022
rule_0p10,Rule +10%,42,set_04,speed-accessory,known_vehicle,known_attack,13331,12309,1022,0.07666341609781711,0.07120462621054832,0.0,1.0,1.0,0,12309,0,1022
rule_0p10,Rule +10%,7,set_04,speed-accessory,known_vehicle,known_attack,13331,12309,1022,0.07666341609781711,0.07120462621054832,0.0,1.0,1.0,0,12309,0,1022
rule_0p10,Rule +10%,123,set_04,speed-accessory,known_vehicle,known_attack,13331,12309,1022,0.07666341609781711,0.07120462621054832,0.0,1.0,1.0,0,12309,0,1022
rule_0p30,Rule +30%,42,set_04,speed-accessory,known_vehicle,known_attack,13331,12309,1022,0.07666341609781711,0.07120462621054832,0.0,1.0,1.0,0,12309,0,1022
rule_0p30,Rule +30%,7,set_04,speed-accessory,known_vehicle,known_attack,13331,12309,1022,0.07666341609781711,0.07120462621054832,0.0,1.0,1.0,0,12309,0,1022
rule_0p30,Rule +30%,123,set_04,speed-accessory,known_vehicle,known_attack,13331,12309,1022,0.07666341609781711,0.07120462621054832,0.0,1.0,1.0,0,12309,0,1022
rule_0p50,Rule +50%,42,set_04,speed-accessory,known_vehicle,known_attack,13331,12309,1022,0.07666341609781711,0.07120462621054832,0.0,1.0,1.0,0,12309,0,1022
rule_0p50,Rule +50%,7,set_04,speed-accessory,known_vehicle,known_attack,13331,12309,1022,0.07666341609781711,0.07120462621054832,0.0,1.0,1.0,0,12309,0,1022
rule_0p50,Rule +50%,123,set_04,speed-accessory,known_vehicle,known_attack,13331,12309,1022,0.07666341609781711,0.07120462621054832,0.0,1.0,1.0,0,12309,0,1022
rule_1p00,Rule +100%,42,set_04,speed-accessory,known_vehicle,known_attack,13331,12309,1022,0.07666341609781711,0.07120462621054832,0.0,1.0,1.0,0,12309,0,1022
rule_1p00,Rule +100%,7,set_04,speed-accessory,known_vehicle,known_attack,13331,12309,1022,0.07666341609781711,0.07120462621054832,0.0,1.0,1.0,0,12309,0,1022
rule_1p00,Rule +100%,123,set_04,speed-accessory,known_vehicle,known_attack,13331,12309,1022,0.07666341609781711,0.07120462621054832,0.0,1.0,1.0,0,12309,0,1022
real_only,Real only,42,set_04,rpm,unknown_vehicle,known_attack,164741,164040,701,0.004255164166783011,0.004237134464041779,0.0,1.0,1.0,0,164040,0,701
real_only,Real only,7,set_04,rpm,unknown_vehicle,known_attack,164741,164040,701,0.004255164166783011,0.004237134464041779,0.0,1.0,1.0,0,164040,0,701
real_only,Real only,123,set_04,rpm,unknown_vehicle,known_attack,164741,164040,701,0.004388707122088612,0.004371793627664796,0.0001341136308217508,0.9998658863691783,1.0,22,164018,0,701
real_oversampling_0p50,Real oversampling +50%,42,set_04,rpm,unknown_vehicle,known_attack,164741,164040,701,0.00440691752508483,0.004390153466139085,0.000152401853206535,0.9998475981467935,1.0,25,164015,0,701
real_oversampling_0p50,Real oversampling +50%,7,set_04,rpm,unknown_vehicle,known_attack,164741,164040,701,0.0042855148384433744,0.004267741964510541,3.0480370641307e-05,0.9999695196293586,1.0,5,164035,0,701
real_oversampling_0p50,Real oversampling +50%,123,set_04,rpm,unknown_vehicle,known_attack,164741,164040,701,0.0048014762566695604,0.004787786531739771,0.0005486466715435259,0.9994513533284565,1.0,90,163950,0,701
rule_0p10,Rule +10%,42,set_04,rpm,unknown_vehicle,known_attack,164741,164040,701,0.004255164166783011,0.004237134464041779,0.0,1.0,1.0,0,164040,0,701
rule_0p10,Rule +10%,7,set_04,rpm,unknown_vehicle,known_attack,164741,164040,701,0.004255164166783011,0.004237134464041779,0.0,1.0,1.0,0,164040,0,701
rule_0p10,Rule +10%,123,set_04,rpm,unknown_vehicle,known_attack,164741,164040,701,0.004255164166783011,0.004237134464041779,0.0,1.0,1.0,0,164040,0,701
rule_0p30,Rule +30%,42,set_04,rpm,unknown_vehicle,known_attack,164741,164040,701,0.004255164166783011,0.004237134464041779,0.0,1.0,1.0,0,164040,0,701
rule_0p30,Rule +30%,7,set_04,rpm,unknown_vehicle,known_attack,164741,164040,701,0.004255164166783011,0.004237134464041779,0.0,1.0,1.0,0,164040,0,701
rule_0p30,Rule +30%,123,set_04,rpm,unknown_vehicle,known_attack,164741,164040,701,0.004255164166783011,0.004237134464041779,0.0,1.0,1.0,0,164040,0,701
rule_0p50,Rule +50%,42,set_04,rpm,unknown_vehicle,known_attack,164741,164040,701,0.004255164166783011,0.004237134464041779,0.0,1.0,1.0,0,164040,0,701
rule_0p50,Rule +50%,7,set_04,rpm,unknown_vehicle,known_attack,164741,164040,701,0.004255164166783011,0.004237134464041779,0.0,1.0,1.0,0,164040,0,701
rule_0p50,Rule +50%,123,set_04,rpm,unknown_vehicle,known_attack,164741,164040,701,0.004255164166783011,0.004237134464041779,0.0,1.0,1.0,0,164040,0,701
rule_1p00,Rule +100%,42,set_04,rpm,unknown_vehicle,known_attack,164741,164040,701,0.004255164166783011,0.004237134464041779,0.0,1.0,1.0,0,164040,0,701
rule_1p00,Rule +100%,7,set_04,rpm,unknown_vehicle,known_attack,164741,164040,701,0.004255164166783011,0.004237134464041779,0.0,1.0,1.0,0,164040,0,701
rule_1p00,Rule +100%,123,set_04,rpm,unknown_vehicle,known_attack,164741,164040,701,0.004255164166783011,0.004237134464041779,0.0,1.0,1.0,0,164040,0,701
real_only,Real only,42,set_04,rpm-accessory,unknown_vehicle,known_attack,26142,24766,1376,0.05263560553897942,0.05000363398502798,0.0,1.0,1.0,0,24766,0,1376
real_only,Real only,7,set_04,rpm-accessory,unknown_vehicle,known_attack,26142,24766,1376,0.05263560553897942,0.05000363398502798,0.0,1.0,1.0,0,24766,0,1376
real_only,Real only,123,set_04,rpm-accessory,unknown_vehicle,known_attack,26142,24766,1376,0.05263560553897942,0.05000363398502798,0.0,1.0,1.0,0,24766,0,1376
real_oversampling_0p50,Real oversampling +50%,42,set_04,rpm-accessory,unknown_vehicle,known_attack,26142,24766,1376,0.05263560553897942,0.05000363398502798,0.0,1.0,1.0,0,24766,0,1376
real_oversampling_0p50,Real oversampling +50%,7,set_04,rpm-accessory,unknown_vehicle,known_attack,26142,24766,1376,0.05263560553897942,0.05000363398502798,0.0,1.0,1.0,0,24766,0,1376
real_oversampling_0p50,Real oversampling +50%,123,set_04,rpm-accessory,unknown_vehicle,known_attack,26142,24766,1376,0.05263560553897942,0.05000363398502798,0.0,1.0,1.0,0,24766,0,1376
rule_0p10,Rule +10%,42,set_04,rpm-accessory,unknown_vehicle,known_attack,26142,24766,1376,0.05263560553897942,0.05000363398502798,0.0,1.0,1.0,0,24766,0,1376
rule_0p10,Rule +10%,7,set_04,rpm-accessory,unknown_vehicle,known_attack,26142,24766,1376,0.05263560553897942,0.05000363398502798,0.0,1.0,1.0,0,24766,0,1376
rule_0p10,Rule +10%,123,set_04,rpm-accessory,unknown_vehicle,known_attack,26142,24766,1376,0.05263560553897942,0.05000363398502798,0.0,1.0,1.0,0,24766,0,1376
rule_0p30,Rule +30%,42,set_04,rpm-accessory,unknown_vehicle,known_attack,26142,24766,1376,0.05263560553897942,0.05000363398502798,0.0,1.0,1.0,0,24766,0,1376
rule_0p30,Rule +30%,7,set_04,rpm-accessory,unknown_vehicle,known_attack,26142,24766,1376,0.05263560553897942,0.05000363398502798,0.0,1.0,1.0,0,24766,0,1376
rule_0p30,Rule +30%,123,set_04,rpm-accessory,unknown_vehicle,known_attack,26142,24766,1376,0.05263560553897942,0.05000363398502798,0.0,1.0,1.0,0,24766,0,1376
rule_0p50,Rule +50%,42,set_04,rpm-accessory,unknown_vehicle,known_attack,26142,24766,1376,0.05263560553897942,0.05000363398502798,0.0,1.0,1.0,0,24766,0,1376
rule_0p50,Rule +50%,7,set_04,rpm-accessory,unknown_vehicle,known_attack,26142,24766,1376,0.05263560553897942,0.05000363398502798,0.0,1.0,1.0,0,24766,0,1376
rule_0p50,Rule +50%,123,set_04,rpm-accessory,unknown_vehicle,known_attack,26142,24766,1376,0.05263560553897942,0.05000363398502798,0.0,1.0,1.0,0,24766,0,1376
rule_1p00,Rule +100%,42,set_04,rpm-accessory,unknown_vehicle,known_attack,26142,24766,1376,0.05263560553897942,0.05000363398502798,0.0,1.0,1.0,0,24766,0,1376
rule_1p00,Rule +100%,7,set_04,rpm-accessory,unknown_vehicle,known_attack,26142,24766,1376,0.05263560553897942,0.05000363398502798,0.0,1.0,1.0,0,24766,0,1376
rule_1p00,Rule +100%,123,set_04,rpm-accessory,unknown_vehicle,known_attack,26142,24766,1376,0.05263560553897942,0.05000363398502798,0.0,1.0,1.0,0,24766,0,1376
real_only,Real only,42,set_04,speed-accessory,unknown_vehicle,known_attack,26133,25893,240,0.009183790609574102,0.009100216130133091,0.0,1.0,1.0,0,25893,0,240
real_only,Real only,7,set_04,speed-accessory,unknown_vehicle,known_attack,26133,25893,240,0.009183790609574102,0.009100216130133091,0.0,1.0,1.0,0,25893,0,240
real_only,Real only,123,set_04,speed-accessory,unknown_vehicle,known_attack,26133,25893,240,0.009183790609574102,0.009100216130133091,0.0,1.0,1.0,0,25893,0,240
real_oversampling_0p50,Real oversampling +50%,42,set_04,speed-accessory,unknown_vehicle,known_attack,26133,25893,240,0.009183790609574102,0.009100216130133091,0.0,1.0,1.0,0,25893,0,240
real_oversampling_0p50,Real oversampling +50%,7,set_04,speed-accessory,unknown_vehicle,known_attack,26133,25893,240,0.009183790609574102,0.009100216130133091,0.0,1.0,1.0,0,25893,0,240
real_oversampling_0p50,Real oversampling +50%,123,set_04,speed-accessory,unknown_vehicle,known_attack,26133,25893,240,0.009183790609574102,0.009100216130133091,0.0,1.0,1.0,0,25893,0,240
rule_0p10,Rule +10%,42,set_04,speed-accessory,unknown_vehicle,known_attack,26133,25893,240,0.009183790609574102,0.009100216130133091,0.0,1.0,1.0,0,25893,0,240
rule_0p10,Rule +10%,7,set_04,speed-accessory,unknown_vehicle,known_attack,26133,25893,240,0.009183790609574102,0.009100216130133091,0.0,1.0,1.0,0,25893,0,240
rule_0p10,Rule +10%,123,set_04,speed-accessory,unknown_vehicle,known_attack,26133,25893,240,0.009183790609574102,0.009100216130133091,0.0,1.0,1.0,0,25893,0,240
rule_0p30,Rule +30%,42,set_04,speed-accessory,unknown_vehicle,known_attack,26133,25893,240,0.009183790609574102,0.009100216130133091,0.0,1.0,1.0,0,25893,0,240
rule_0p30,Rule +30%,7,set_04,speed-accessory,unknown_vehicle,known_attack,26133,25893,240,0.009183790609574102,0.009100216130133091,0.0,1.0,1.0,0,25893,0,240
rule_0p30,Rule +30%,123,set_04,speed-accessory,unknown_vehicle,known_attack,26133,25893,240,0.009183790609574102,0.009100216130133091,0.0,1.0,1.0,0,25893,0,240
rule_0p50,Rule +50%,42,set_04,speed-accessory,unknown_vehicle,known_attack,26133,25893,240,0.009183790609574102,0.009100216130133091,0.0,1.0,1.0,0,25893,0,240
rule_0p50,Rule +50%,7,set_04,speed-accessory,unknown_vehicle,known_attack,26133,25893,240,0.009183790609574102,0.009100216130133091,0.0,1.0,1.0,0,25893,0,240
rule_0p50,Rule +50%,123,set_04,speed-accessory,unknown_vehicle,known_attack,26133,25893,240,0.009183790609574102,0.009100216130133091,0.0,1.0,1.0,0,25893,0,240
rule_1p00,Rule +100%,42,set_04,speed-accessory,unknown_vehicle,known_attack,26133,25893,240,0.009183790609574102,0.009100216130133091,0.0,1.0,1.0,0,25893,0,240
rule_1p00,Rule +100%,7,set_04,speed-accessory,unknown_vehicle,known_attack,26133,25893,240,0.009183790609574102,0.009100216130133091,0.0,1.0,1.0,0,25893,0,240
rule_1p00,Rule +100%,123,set_04,speed-accessory,unknown_vehicle,known_attack,26133,25893,240,0.009183790609574102,0.009100216130133091,0.0,1.0,1.0,0,25893,0,240
real_only,Real only,42,set_04,DoS,known_vehicle,unknown_attack,42269,39436,2833,0.06704677186590646,0.06283992863733003,2.535754133279237e-05,0.9999746424586672,1.0,1,39435,0,2833
real_only,Real only,7,set_04,DoS,known_vehicle,unknown_attack,42269,39436,2833,0.06702311386595378,0.0628131790164516,0.0,1.0,1.0,0,39436,0,2833
real_only,Real only,123,set_04,DoS,known_vehicle,unknown_attack,42269,39436,2833,0.06702311386595378,0.0628131790164516,0.0,1.0,1.0,0,39436,0,2833
real_oversampling_0p50,Real oversampling +50%,42,set_04,DoS,known_vehicle,unknown_attack,42269,39436,2833,0.06702311386595378,0.0628131790164516,0.0,1.0,1.0,0,39436,0,2833
real_oversampling_0p50,Real oversampling +50%,7,set_04,DoS,known_vehicle,unknown_attack,42269,39436,2833,0.06702311386595378,0.0628131790164516,0.0,1.0,1.0,0,39436,0,2833
real_oversampling_0p50,Real oversampling +50%,123,set_04,DoS,known_vehicle,unknown_attack,42269,39436,2833,0.06702311386595378,0.0628131790164516,0.0,1.0,1.0,0,39436,0,2833
rule_0p10,Rule +10%,42,set_04,DoS,known_vehicle,unknown_attack,42269,39436,2833,0.06702311386595378,0.0628131790164516,0.0,1.0,1.0,0,39436,0,2833
rule_0p10,Rule +10%,7,set_04,DoS,known_vehicle,unknown_attack,42269,39436,2833,0.06702311386595378,0.0628131790164516,0.0,1.0,1.0,0,39436,0,2833
rule_0p10,Rule +10%,123,set_04,DoS,known_vehicle,unknown_attack,42269,39436,2833,0.06702311386595378,0.0628131790164516,0.0,1.0,1.0,0,39436,0,2833
rule_0p30,Rule +30%,42,set_04,DoS,known_vehicle,unknown_attack,42269,39436,2833,0.06702311386595378,0.0628131790164516,0.0,1.0,1.0,0,39436,0,2833
rule_0p30,Rule +30%,7,set_04,DoS,known_vehicle,unknown_attack,42269,39436,2833,0.06702311386595378,0.0628131790164516,0.0,1.0,1.0,0,39436,0,2833
rule_0p30,Rule +30%,123,set_04,DoS,known_vehicle,unknown_attack,42269,39436,2833,0.06702311386595378,0.0628131790164516,0.0,1.0,1.0,0,39436,0,2833
rule_0p50,Rule +50%,42,set_04,DoS,known_vehicle,unknown_attack,42269,39436,2833,0.06702311386595378,0.0628131790164516,0.0,1.0,1.0,0,39436,0,2833
rule_0p50,Rule +50%,7,set_04,DoS,known_vehicle,unknown_attack,42269,39436,2833,0.06702311386595378,0.0628131790164516,0.0,1.0,1.0,0,39436,0,2833
rule_0p50,Rule +50%,123,set_04,DoS,known_vehicle,unknown_attack,42269,39436,2833,0.06702311386595378,0.0628131790164516,0.0,1.0,1.0,0,39436,0,2833
rule_1p00,Rule +100%,42,set_04,DoS,known_vehicle,unknown_attack,42269,39436,2833,0.06702311386595378,0.0628131790164516,0.0,1.0,1.0,0,39436,0,2833
rule_1p00,Rule +100%,7,set_04,DoS,known_vehicle,unknown_attack,42269,39436,2833,0.06702311386595378,0.0628131790164516,0.0,1.0,1.0,0,39436,0,2833
rule_1p00,Rule +100%,123,set_04,DoS,known_vehicle,unknown_attack,42269,39436,2833,0.06702311386595378,0.0628131790164516,0.0,1.0,1.0,0,39436,0,2833
real_only,Real only,42,set_04,force-neutral,known_vehicle,unknown_attack,31348,29963,1385,0.044181446982263624,0.042312039837472885,0.0,1.0,1.0,0,29963,0,1385
real_only,Real only,7,set_04,force-neutral,known_vehicle,unknown_attack,31348,29963,1385,0.044181446982263624,0.042312039837472885,0.0,1.0,1.0,0,29963,0,1385
real_only,Real only,123,set_04,force-neutral,known_vehicle,unknown_attack,31348,29963,1385,0.044181446982263624,0.042312039837472885,0.0,1.0,1.0,0,29963,0,1385
real_oversampling_0p50,Real oversampling +50%,42,set_04,force-neutral,known_vehicle,unknown_attack,31348,29963,1385,0.044181446982263624,0.042312039837472885,0.0,1.0,1.0,0,29963,0,1385
real_oversampling_0p50,Real oversampling +50%,7,set_04,force-neutral,known_vehicle,unknown_attack,31348,29963,1385,0.044181446982263624,0.042312039837472885,0.0,1.0,1.0,0,29963,0,1385
real_oversampling_0p50,Real oversampling +50%,123,set_04,force-neutral,known_vehicle,unknown_attack,31348,29963,1385,0.044181446982263624,0.042312039837472885,0.0,1.0,1.0,0,29963,0,1385
rule_0p10,Rule +10%,42,set_04,force-neutral,known_vehicle,unknown_attack,31348,29963,1385,0.044181446982263624,0.042312039837472885,0.0,1.0,1.0,0,29963,0,1385
rule_0p10,Rule +10%,7,set_04,force-neutral,known_vehicle,unknown_attack,31348,29963,1385,0.044181446982263624,0.042312039837472885,0.0,1.0,1.0,0,29963,0,1385
rule_0p10,Rule +10%,123,set_04,force-neutral,known_vehicle,unknown_attack,31348,29963,1385,0.044181446982263624,0.042312039837472885,0.0,1.0,1.0,0,29963,0,1385
rule_0p30,Rule +30%,42,set_04,force-neutral,known_vehicle,unknown_attack,31348,29963,1385,0.044181446982263624,0.042312039837472885,0.0,1.0,1.0,0,29963,0,1385
rule_0p30,Rule +30%,7,set_04,force-neutral,known_vehicle,unknown_attack,31348,29963,1385,0.044181446982263624,0.042312039837472885,0.0,1.0,1.0,0,29963,0,1385
rule_0p30,Rule +30%,123,set_04,force-neutral,known_vehicle,unknown_attack,31348,29963,1385,0.044181446982263624,0.042312039837472885,0.0,1.0,1.0,0,29963,0,1385
rule_0p50,Rule +50%,42,set_04,force-neutral,known_vehicle,unknown_attack,31348,29963,1385,0.044181446982263624,0.042312039837472885,0.0,1.0,1.0,0,29963,0,1385
rule_0p50,Rule +50%,7,set_04,force-neutral,known_vehicle,unknown_attack,31348,29963,1385,0.044181446982263624,0.042312039837472885,0.0,1.0,1.0,0,29963,0,1385
rule_0p50,Rule +50%,123,set_04,force-neutral,known_vehicle,unknown_attack,31348,29963,1385,0.044181446982263624,0.042312039837472885,0.0,1.0,1.0,0,29963,0,1385
rule_1p00,Rule +100%,42,set_04,force-neutral,known_vehicle,unknown_attack,31348,29963,1385,0.044181446982263624,0.042312039837472885,0.0,1.0,1.0,0,29963,0,1385
rule_1p00,Rule +100%,7,set_04,force-neutral,known_vehicle,unknown_attack,31348,29963,1385,0.044181446982263624,0.042312039837472885,0.0,1.0,1.0,0,29963,0,1385
rule_1p00,Rule +100%,123,set_04,force-neutral,known_vehicle,unknown_attack,31348,29963,1385,0.044181446982263624,0.042312039837472885,0.0,1.0,1.0,0,29963,0,1385
real_only,Real only,42,set_04,fuzzing,known_vehicle,unknown_attack,40942,36823,4119,0.10277954179082605,0.0940014628762313,0.0024169676560845126,0.9975830323439154,1.0,89,36734,0,4119
real_only,Real only,7,set_04,fuzzing,known_vehicle,unknown_attack,40942,36823,4119,0.10063015973816619,0.09143860760061247,2.7156939956005756e-05,0.999972843060044,1.0,1,36822,0,4119
real_only,Real only,123,set_04,fuzzing,known_vehicle,unknown_attack,40942,36823,4119,0.10060573494211324,0.09140942278245046,0.0,1.0,1.0,0,36823,0,4119
real_oversampling_0p50,Real oversampling +50%,42,set_04,fuzzing,known_vehicle,unknown_attack,40942,36823,4119,0.10060573494211324,0.09140942278245046,0.0,1.0,1.0,0,36823,0,4119
real_oversampling_0p50,Real oversampling +50%,7,set_04,fuzzing,known_vehicle,unknown_attack,40942,36823,4119,0.10351228567241463,0.0948727276521669,0.003231675854764685,0.9967683241452353,1.0,119,36704,0,4119
real_oversampling_0p50,Real oversampling +50%,123,set_04,fuzzing,known_vehicle,unknown_attack,40942,36823,4119,0.10485564945532705,0.09646684637037455,0.004725307552345002,0.995274692447655,1.0,174,36649,0,4119
rule_0p10,Rule +10%,42,set_04,fuzzing,known_vehicle,unknown_attack,40942,36823,4119,0.10060573494211324,0.09140942278245046,0.0,1.0,1.0,0,36823,0,4119
rule_0p10,Rule +10%,7,set_04,fuzzing,known_vehicle,unknown_attack,40942,36823,4119,0.10060573494211324,0.09140942278245046,0.0,1.0,1.0,0,36823,0,4119
rule_0p10,Rule +10%,123,set_04,fuzzing,known_vehicle,unknown_attack,40942,36823,4119,0.10060573494211324,0.09140942278245046,0.0,1.0,1.0,0,36823,0,4119
rule_0p30,Rule +30%,42,set_04,fuzzing,known_vehicle,unknown_attack,40942,36823,4119,0.10070343412632504,0.09152615374658722,0.00010862775982402302,0.999891372240176,1.0,4,36819,0,4119
rule_0p30,Rule +30%,7,set_04,fuzzing,known_vehicle,unknown_attack,40942,36823,4119,0.10060573494211324,0.09140942278245046,0.0,1.0,1.0,0,36823,0,4119
rule_0p30,Rule +30%,123,set_04,fuzzing,known_vehicle,unknown_attack,40942,36823,4119,0.10060573494211324,0.09140942278245046,0.0,1.0,1.0,0,36823,0,4119
rule_0p50,Rule +50%,42,set_04,fuzzing,known_vehicle,unknown_attack,40942,36823,4119,0.10060573494211324,0.09140942278245046,0.0,1.0,1.0,0,36823,0,4119
rule_0p50,Rule +50%,7,set_04,fuzzing,known_vehicle,unknown_attack,40942,36823,4119,0.10060573494211324,0.09140942278245046,0.0,1.0,1.0,0,36823,0,4119
rule_0p50,Rule +50%,123,set_04,fuzzing,known_vehicle,unknown_attack,40942,36823,4119,0.10060573494211324,0.09140942278245046,0.0,1.0,1.0,0,36823,0,4119
rule_1p00,Rule +100%,42,set_04,fuzzing,known_vehicle,unknown_attack,40942,36823,4119,0.10060573494211324,0.09140942278245046,0.0,1.0,1.0,0,36823,0,4119
rule_1p00,Rule +100%,7,set_04,fuzzing,known_vehicle,unknown_attack,40942,36823,4119,0.10063015973816619,0.09143860760061247,2.7156939956005756e-05,0.999972843060044,1.0,1,36822,0,4119
rule_1p00,Rule +100%,123,set_04,fuzzing,known_vehicle,unknown_attack,40942,36823,4119,0.10060573494211324,0.09140942278245046,0.0,1.0,1.0,0,36823,0,4119
real_only,Real only,42,set_04,DoS,unknown_vehicle,unknown_attack,25583,21120,4463,0.1744517843880702,0.14853890700925249,0.0,1.0,1.0,0,21120,0,4463
real_only,Real only,7,set_04,DoS,unknown_vehicle,unknown_attack,25583,21120,4463,0.1744517843880702,0.14853890700925249,0.0,1.0,1.0,0,21120,0,4463
real_only,Real only,123,set_04,DoS,unknown_vehicle,unknown_attack,25583,21120,4463,0.1744517843880702,0.14853890700925249,0.0,1.0,1.0,0,21120,0,4463
real_oversampling_0p50,Real oversampling +50%,42,set_04,DoS,unknown_vehicle,unknown_attack,25583,21120,4463,0.1744517843880702,0.14853890700925249,0.0,1.0,1.0,0,21120,0,4463
real_oversampling_0p50,Real oversampling +50%,7,set_04,DoS,unknown_vehicle,unknown_attack,25583,21120,4463,0.1744517843880702,0.14853890700925249,0.0,1.0,1.0,0,21120,0,4463
real_oversampling_0p50,Real oversampling +50%,123,set_04,DoS,unknown_vehicle,unknown_attack,25583,21120,4463,0.1745299613024274,0.14864348310354925,9.46969696969697e-05,0.999905303030303,1.0,2,21118,0,4463
rule_0p10,Rule +10%,42,set_04,DoS,unknown_vehicle,unknown_attack,25583,21120,4463,0.1744517843880702,0.14853890700925249,0.0,1.0,1.0,0,21120,0,4463
rule_0p10,Rule +10%,7,set_04,DoS,unknown_vehicle,unknown_attack,25583,21120,4463,0.1744517843880702,0.14853890700925249,0.0,1.0,1.0,0,21120,0,4463
rule_0p10,Rule +10%,123,set_04,DoS,unknown_vehicle,unknown_attack,25583,21120,4463,0.1744517843880702,0.14853890700925249,0.0,1.0,1.0,0,21120,0,4463
rule_0p30,Rule +30%,42,set_04,DoS,unknown_vehicle,unknown_attack,25583,21120,4463,0.1744517843880702,0.14853890700925249,0.0,1.0,1.0,0,21120,0,4463
rule_0p30,Rule +30%,7,set_04,DoS,unknown_vehicle,unknown_attack,25583,21120,4463,0.1744517843880702,0.14853890700925249,0.0,1.0,1.0,0,21120,0,4463
rule_0p30,Rule +30%,123,set_04,DoS,unknown_vehicle,unknown_attack,25583,21120,4463,0.1744517843880702,0.14853890700925249,0.0,1.0,1.0,0,21120,0,4463
rule_0p50,Rule +50%,42,set_04,DoS,unknown_vehicle,unknown_attack,25583,21120,4463,0.1744517843880702,0.14853890700925249,0.0,1.0,1.0,0,21120,0,4463
rule_0p50,Rule +50%,7,set_04,DoS,unknown_vehicle,unknown_attack,25583,21120,4463,0.1744517843880702,0.14853890700925249,0.0,1.0,1.0,0,21120,0,4463
rule_0p50,Rule +50%,123,set_04,DoS,unknown_vehicle,unknown_attack,25583,21120,4463,0.1744517843880702,0.14853890700925249,0.0,1.0,1.0,0,21120,0,4463
rule_1p00,Rule +100%,42,set_04,DoS,unknown_vehicle,unknown_attack,25583,21120,4463,0.1744517843880702,0.14853890700925249,0.0,1.0,1.0,0,21120,0,4463
rule_1p00,Rule +100%,7,set_04,DoS,unknown_vehicle,unknown_attack,25583,21120,4463,0.1744517843880702,0.14853890700925249,0.0,1.0,1.0,0,21120,0,4463
rule_1p00,Rule +100%,123,set_04,DoS,unknown_vehicle,unknown_attack,25583,21120,4463,0.1744517843880702,0.14853890700925249,0.0,1.0,1.0,0,21120,0,4463
real_only,Real only,42,set_04,force-neutral,unknown_vehicle,unknown_attack,30095,29190,905,0.030071440438611065,0.029193548387096774,0.0,1.0,1.0,0,29190,0,905
real_only,Real only,7,set_04,force-neutral,unknown_vehicle,unknown_attack,30095,29190,905,0.030071440438611065,0.029193548387096774,0.0,1.0,1.0,0,29190,0,905
real_only,Real only,123,set_04,force-neutral,unknown_vehicle,unknown_attack,30095,29190,905,0.030071440438611065,0.029193548387096774,0.0,1.0,1.0,0,29190,0,905
real_oversampling_0p50,Real oversampling +50%,42,set_04,force-neutral,unknown_vehicle,unknown_attack,30095,29190,905,0.030071440438611065,0.029193548387096774,0.0,1.0,1.0,0,29190,0,905
real_oversampling_0p50,Real oversampling +50%,7,set_04,force-neutral,unknown_vehicle,unknown_attack,30095,29190,905,0.030071440438611065,0.029193548387096774,0.0,1.0,1.0,0,29190,0,905
real_oversampling_0p50,Real oversampling +50%,123,set_04,force-neutral,unknown_vehicle,unknown_attack,30095,29190,905,0.030071440438611065,0.029193548387096774,0.0,1.0,1.0,0,29190,0,905
rule_0p10,Rule +10%,42,set_04,force-neutral,unknown_vehicle,unknown_attack,30095,29190,905,0.030071440438611065,0.029193548387096774,0.0,1.0,1.0,0,29190,0,905
rule_0p10,Rule +10%,7,set_04,force-neutral,unknown_vehicle,unknown_attack,30095,29190,905,0.030071440438611065,0.029193548387096774,0.0,1.0,1.0,0,29190,0,905
rule_0p10,Rule +10%,123,set_04,force-neutral,unknown_vehicle,unknown_attack,30095,29190,905,0.030071440438611065,0.029193548387096774,0.0,1.0,1.0,0,29190,0,905
rule_0p30,Rule +30%,42,set_04,force-neutral,unknown_vehicle,unknown_attack,30095,29190,905,0.030071440438611065,0.029193548387096774,0.0,1.0,1.0,0,29190,0,905
rule_0p30,Rule +30%,7,set_04,force-neutral,unknown_vehicle,unknown_attack,30095,29190,905,0.030071440438611065,0.029193548387096774,0.0,1.0,1.0,0,29190,0,905
rule_0p30,Rule +30%,123,set_04,force-neutral,unknown_vehicle,unknown_attack,30095,29190,905,0.030071440438611065,0.029193548387096774,0.0,1.0,1.0,0,29190,0,905
rule_0p50,Rule +50%,42,set_04,force-neutral,unknown_vehicle,unknown_attack,30095,29190,905,0.030071440438611065,0.029193548387096774,0.0,1.0,1.0,0,29190,0,905
rule_0p50,Rule +50%,7,set_04,force-neutral,unknown_vehicle,unknown_attack,30095,29190,905,0.030071440438611065,0.029193548387096774,0.0,1.0,1.0,0,29190,0,905
rule_0p50,Rule +50%,123,set_04,force-neutral,unknown_vehicle,unknown_attack,30095,29190,905,0.030071440438611065,0.029193548387096774,0.0,1.0,1.0,0,29190,0,905
rule_1p00,Rule +100%,42,set_04,force-neutral,unknown_vehicle,unknown_attack,30095,29190,905,0.030071440438611065,0.029193548387096774,0.0,1.0,1.0,0,29190,0,905
rule_1p00,Rule +100%,7,set_04,force-neutral,unknown_vehicle,unknown_attack,30095,29190,905,0.030071440438611065,0.029193548387096774,0.0,1.0,1.0,0,29190,0,905
rule_1p00,Rule +100%,123,set_04,force-neutral,unknown_vehicle,unknown_attack,30095,29190,905,0.030071440438611065,0.029193548387096774,0.0,1.0,1.0,0,29190,0,905
real_only,Real only,42,set_04,fuzzing,unknown_vehicle,unknown_attack,75110,59768,15342,0.2042604180535215,0.16961482333171185,0.0,1.0,1.0,0,59768,0,15342
real_only,Real only,7,set_04,fuzzing,unknown_vehicle,unknown_attack,75110,59768,15342,0.2042604180535215,0.16961482333171185,0.0,1.0,1.0,0,59768,0,15342
real_only,Real only,123,set_04,fuzzing,unknown_vehicle,unknown_attack,75110,59768,15342,0.2042604180535215,0.16961482333171185,0.0,1.0,1.0,0,59768,0,15342
real_oversampling_0p50,Real oversampling +50%,42,set_04,fuzzing,unknown_vehicle,unknown_attack,75110,59768,15342,0.2042604180535215,0.16961482333171185,0.0,1.0,1.0,0,59768,0,15342
real_oversampling_0p50,Real oversampling +50%,7,set_04,fuzzing,unknown_vehicle,unknown_attack,75110,59768,15342,0.2042604180535215,0.16961482333171185,0.0,1.0,1.0,0,59768,0,15342
real_oversampling_0p50,Real oversampling +50%,123,set_04,fuzzing,unknown_vehicle,unknown_attack,75110,59768,15342,0.20427373185993875,0.16963342962529282,1.67313612635524e-05,0.9999832686387364,1.0,1,59767,0,15342
rule_0p10,Rule +10%,42,set_04,fuzzing,unknown_vehicle,unknown_attack,75110,59768,15342,0.2042604180535215,0.16961482333171185,0.0,1.0,1.0,0,59768,0,15342
rule_0p10,Rule +10%,7,set_04,fuzzing,unknown_vehicle,unknown_attack,75110,59768,15342,0.2042604180535215,0.16961482333171185,0.0,1.0,1.0,0,59768,0,15342
rule_0p10,Rule +10%,123,set_04,fuzzing,unknown_vehicle,unknown_attack,75110,59768,15342,0.2042604180535215,0.16961482333171185,0.0,1.0,1.0,0,59768,0,15342
rule_0p30,Rule +30%,42,set_04,fuzzing,unknown_vehicle,unknown_attack,75110,59768,15342,0.2042604180535215,0.16961482333171185,0.0,1.0,1.0,0,59768,0,15342
rule_0p30,Rule +30%,7,set_04,fuzzing,unknown_vehicle,unknown_attack,75110,59768,15342,0.2042604180535215,0.16961482333171185,0.0,1.0,1.0,0,59768,0,15342
rule_0p30,Rule +30%,123,set_04,fuzzing,unknown_vehicle,unknown_attack,75110,59768,15342,0.2042604180535215,0.16961482333171185,0.0,1.0,1.0,0,59768,0,15342
rule_0p50,Rule +50%,42,set_04,fuzzing,unknown_vehicle,unknown_attack,75110,59768,15342,0.2042604180535215,0.16961482333171185,0.0,1.0,1.0,0,59768,0,15342
rule_0p50,Rule +50%,7,set_04,fuzzing,unknown_vehicle,unknown_attack,75110,59768,15342,0.2042604180535215,0.16961482333171185,0.0,1.0,1.0,0,59768,0,15342
rule_0p50,Rule +50%,123,set_04,fuzzing,unknown_vehicle,unknown_attack,75110,59768,15342,0.2042604180535215,0.16961482333171185,0.0,1.0,1.0,0,59768,0,15342
rule_1p00,Rule +100%,42,set_04,fuzzing,unknown_vehicle,unknown_attack,75110,59768,15342,0.2042604180535215,0.16961482333171185,0.0,1.0,1.0,0,59768,0,15342
rule_1p00,Rule +100%,7,set_04,fuzzing,unknown_vehicle,unknown_attack,75110,59768,15342,0.2042604180535215,0.16961482333171185,0.0,1.0,1.0,0,59768,0,15342
rule_1p00,Rule +100%,123,set_04,fuzzing,unknown_vehicle,unknown_attack,75110,59768,15342,0.2042604180535215,0.16961482333171185,0.0,1.0,1.0,0,59768,0,15342
