setting,seed,level,axis,windows,normal_windows,attack_windows,accuracy,macro_f1_binary,normal_recall,fpr,attack_recall,tn,fp,fn,tp
real_only,7,all,all,856605,808854,47751,0.05676595396944916,0.0539328543748563,0.0010817774283121552,0.9989182225716878,1.0,875,807979,0,47751
real_only,7,axis,ambient,754630,754630,0,0.0011595086333699958,0.0011581657302069477,0.0011595086333699958,0.99884049136663,,875,753755,0,0
real_only,7,axis,correlated_signal|fabrication,6013,1735,4278,0.7114585065691003,0.4157030414925663,0.0,1.0,1.0,0,1735,0,4278
real_only,7,axis,correlated_signal|masquerade,5841,1736,4105,0.7027906180448553,0.41272873516991754,0.0,1.0,1.0,0,1736,0,4105
real_only,7,axis,fuzzing|fabrication,2955,2470,485,0.16412859560067683,0.14098837209302326,0.0,1.0,1.0,0,2470,0,485
real_only,7,axis,max_engine_coolant_temp|fabrication,1932,1760,172,0.08902691511387163,0.0817490494296578,0.0,1.0,1.0,0,1760,0,172
real_only,7,axis,max_engine_coolant_temp|masquerade,1930,1758,172,0.08911917098445596,0.0818268315889629,0.0,1.0,1.0,0,1758,0,172
real_only,7,axis,max_speedometer|fabrication,17891,8766,9125,0.510032977474708,0.33776280722534796,0.0,1.0,1.0,0,8766,0,9125
real_only,7,axis,max_speedometer|masquerade,17526,8767,8759,0.49977176765947734,0.3332318813011223,0.0,1.0,1.0,0,8767,0,8759
real_only,7,axis,reverse_light_off|fabrication,9626,5353,4273,0.4439019322667775,0.3074321893661415,0.0,1.0,1.0,0,5353,0,4273
real_only,7,axis,reverse_light_off|masquerade,9455,5353,4102,0.4338445267054469,0.30257431585158956,0.0,1.0,1.0,0,5353,0,4102
real_only,7,axis,reverse_light_on|fabrication,14528,8263,6265,0.4312362334801762,0.3013033232337806,0.0,1.0,1.0,0,8263,0,6265
real_only,7,axis,reverse_light_on|masquerade,14278,8263,6015,0.421277489844516,0.29640762824619327,0.0,1.0,1.0,0,8263,0,6015
real_only,7,capture,ambient_dyno_drive_basic_long,93474,93474,0,0.0,0.0,0.0,1.0,,0,93474,0,0
real_only,7,capture,ambient_dyno_drive_basic_short,33235,33235,0,0.0,0.0,0.0,1.0,,0,33235,0,0
real_only,7,capture,ambient_dyno_drive_benign_anomaly,24106,24106,0,0.00219862274952294,0.002193799412227327,0.00219862274952294,0.997801377250477,,53,24053,0,0
real_only,7,capture,ambient_dyno_drive_extended_long,44503,44503,0,0.004673842212884524,0.004652099036031402,0.004673842212884524,0.9953261577871155,,208,44295,0,0
real_only,7,capture,ambient_dyno_drive_extended_short,24698,24698,0,0.0025913029395092722,0.002584605443825216,0.0025913029395092722,0.9974086970604907,,64,24634,0,0
real_only,7,capture,ambient_dyno_drive_radio_infotainment,29148,29148,0,0.0,0.0,0.0,1.0,,0,29148,0,0
real_only,7,capture,ambient_dyno_drive_winter,3564,3564,0,0.0,0.0,0.0,1.0,,0,3564,0,0
real_only,7,capture,ambient_dyno_exercise_all_bits,138103,138103,0,0.003982534774769556,0.003966737106301342,0.003982534774769556,0.9960174652252305,,550,137553,0,0
real_only,7,capture,ambient_dyno_idle_radio_infotainment,49131,49131,0,0.0,0.0,0.0,1.0,,0,49131,0,0
real_only,7,capture,ambient_dyno_reverse,3842,3842,0,0.0,0.0,0.0,1.0,,0,3842,0,0
real_only,7,capture,ambient_highway_street_driving_diagnostics,35145,35145,0,0.0,0.0,0.0,1.0,,0,35145,0,0
real_only,7,capture,ambient_highway_street_driving_long,275681,275681,0,0.0,0.0,0.0,1.0,,0,275681,0,0
real_only,7,capture,correlated_signal_attack_1,2536,909,1627,0.6415615141955836,0.39082392505404756,0.0,1.0,1.0,0,909,0,1627
real_only,7,capture,correlated_signal_attack_1_masquerade,2471,909,1562,0.632132739781465,0.38730473592858916,0.0,1.0,1.0,0,909,0,1562
real_only,7,capture,correlated_signal_attack_2,2173,507,1666,0.7666820064427059,0.4339671789528523,0.0,1.0,1.0,0,507,0,1666
real_only,7,capture,correlated_signal_attack_2_masquerade,2106,507,1599,0.7592592592592593,0.43157894736842106,0.0,1.0,1.0,0,507,0,1599
real_only,7,capture,correlated_signal_attack_3,1304,319,985,0.7553680981595092,0.4303189165574487,0.0,1.0,1.0,0,319,0,985
real_only,7,capture,correlated_signal_attack_3_masquerade,1264,320,944,0.7468354430379747,0.427536231884058,0.0,1.0,1.0,0,320,0,944
real_only,7,capture,fuzzing_attack_1,1538,1266,272,0.17685305591677503,0.15027624309392265,0.0,1.0,1.0,0,1266,0,272
real_only,7,capture,fuzzing_attack_2,1007,847,160,0.15888778550148958,0.13710368466152528,0.0,1.0,1.0,0,847,0,160
real_only,7,capture,fuzzing_attack_3,410,357,53,0.12926829268292683,0.11447084233261338,0.0,1.0,1.0,0,357,0,53
real_only,7,capture,max_engine_coolant_temp_attack,1932,1760,172,0.08902691511387163,0.0817490494296578,0.0,1.0,1.0,0,1760,0,172
real_only,7,capture,max_engine_coolant_temp_attack_masquerade,1930,1758,172,0.08911917098445596,0.0818268315889629,0.0,1.0,1.0,0,1758,0,172
real_only,7,capture,max_speedometer_attack_1,6665,4744,1921,0.2882220555138785,0.2237363149312835,0.0,1.0,1.0,0,4744,0,1921
real_only,7,capture,max_speedometer_attack_1_masquerade,6589,4745,1844,0.2798603733495219,0.21866476935847268,0.0,1.0,1.0,0,4745,0,1844
real_only,7,capture,max_speedometer_attack_2,4556,2109,2447,0.5370939420544337,0.34942167642438954,0.0,1.0,1.0,0,2109,0,2447
real_only,7,capture,max_speedometer_attack_2_masquerade,4458,2109,2349,0.5269179004037685,0.34508594094314676,0.0,1.0,1.0,0,2109,0,2349
real_only,7,capture,max_speedometer_attack_3,6670,1913,4757,0.7131934032983508,0.4162947405268224,0.0,1.0,1.0,0,1913,0,4757
real_only,7,capture,max_speedometer_attack_3_masquerade,6479,1913,4566,0.7047383855533261,0.4133997283838841,0.0,1.0,1.0,0,1913,0,4566
real_only,7,capture,reverse_light_off_attack_1,2118,1591,527,0.24881964117091596,0.19924385633270322,0.0,1.0,1.0,0,1591,0,527
real_only,7,capture,reverse_light_off_attack_1_masquerade,2097,1591,506,0.2412970910824988,0.19439108720706877,0.0,1.0,1.0,0,1591,0,506
real_only,7,capture,reverse_light_off_attack_2,3110,1262,1848,0.5942122186495177,0.372730939895119,0.0,1.0,1.0,0,1262,0,1848
real_only,7,capture,reverse_light_off_attack_2_masquerade,3036,1262,1774,0.5843214756258235,0.36881496881496884,0.0,1.0,1.0,0,1262,0,1774
real_only,7,capture,reverse_light_off_attack_3,4398,2500,1898,0.4315597999090496,0.3014612452350699,0.0,1.0,1.0,0,2500,0,1898
real_only,7,capture,reverse_light_off_attack_3_masquerade,4322,2500,1822,0.42156409069875056,0.2965494791666667,0.0,1.0,1.0,0,2500,0,1822
real_only,7,capture,reverse_light_on_attack_1,4160,2604,1556,0.37403846153846154,0.2722183344996501,0.0,1.0,1.0,0,2604,0,1556
real_only,7,capture,reverse_light_on_attack_1_masquerade,4098,2604,1494,0.3645680819912152,0.26716738197424894,0.0,1.0,1.0,0,2604,0,1494
real_only,7,capture,reverse_light_on_attack_2,5495,2619,2876,0.5233848953594177,0.3435670768128061,0.0,1.0,1.0,0,2619,0,2876
real_only,7,capture,reverse_light_on_attack_2_masquerade,5380,2619,2761,0.5131970260223049,0.3391475248740941,0.0,1.0,1.0,0,2619,0,2761
real_only,7,capture,reverse_light_on_attack_3,4873,3040,1833,0.3761543197209111,0.27333730987175664,0.0,1.0,1.0,0,3040,0,1833
real_only,7,capture,reverse_light_on_attack_3_masquerade,4800,3040,1760,0.36666666666666664,0.2682926829268293,0.0,1.0,1.0,0,3040,0,1760
real_only,42,all,all,856605,808854,47751,0.0558110214159385,0.05287490257714169,7.047007247290612e-05,0.999929529927527,1.0,57,808797,0,47751
real_only,42,axis,ambient,754630,754630,0,7.553370525953116e-05,7.55280003498139e-05,7.553370525953116e-05,0.9999244662947405,,57,754573,0,0
real_only,42,axis,correlated_signal|fabrication,6013,1735,4278,0.7114585065691003,0.4157030414925663,0.0,1.0,1.0,0,1735,0,4278
real_only,42,axis,correlated_signal|masquerade,5841,1736,4105,0.7027906180448553,0.41272873516991754,0.0,1.0,1.0,0,1736,0,4105
real_only,42,axis,fuzzing|fabrication,2955,2470,485,0.16412859560067683,0.14098837209302326,0.0,1.0,1.0,0,2470,0,485
real_only,42,axis,max_engine_coolant_temp|fabrication,1932,1760,172,0.08902691511387163,0.0817490494296578,0.0,1.0,1.0,0,1760,0,172
real_only,42,axis,max_engine_coolant_temp|masquerade,1930,1758,172,0.08911917098445596,0.0818268315889629,0.0,1.0,1.0,0,1758,0,172
real_only,42,axis,max_speedometer|fabrication,17891,8766,9125,0.510032977474708,0.33776280722534796,0.0,1.0,1.0,0,8766,0,9125
real_only,42,axis,max_speedometer|masquerade,17526,8767,8759,0.49977176765947734,0.3332318813011223,0.0,1.0,1.0,0,8767,0,8759
real_only,42,axis,reverse_light_off|fabrication,9626,5353,4273,0.4439019322667775,0.3074321893661415,0.0,1.0,1.0,0,5353,0,4273
real_only,42,axis,reverse_light_off|masquerade,9455,5353,4102,0.4338445267054469,0.30257431585158956,0.0,1.0,1.0,0,5353,0,4102
real_only,42,axis,reverse_light_on|fabrication,14528,8263,6265,0.4312362334801762,0.3013033232337806,0.0,1.0,1.0,0,8263,0,6265
real_only,42,axis,reverse_light_on|masquerade,14278,8263,6015,0.421277489844516,0.29640762824619327,0.0,1.0,1.0,0,8263,0,6015
real_only,42,capture,ambient_dyno_drive_basic_long,93474,93474,0,0.0,0.0,0.0,1.0,,0,93474,0,0
real_only,42,capture,ambient_dyno_drive_basic_short,33235,33235,0,0.0,0.0,0.0,1.0,,0,33235,0,0
real_only,42,capture,ambient_dyno_drive_benign_anomaly,24106,24106,0,0.00045631792914627064,0.00045610979806775306,0.00045631792914627064,0.9995436820708538,,11,24095,0,0
real_only,42,capture,ambient_dyno_drive_extended_long,44503,44503,0,0.0005842302766105655,0.000583889150890431,0.0005842302766105655,0.9994157697233894,,26,44477,0,0
real_only,42,capture,ambient_dyno_drive_extended_short,24698,24698,0,0.0,0.0,0.0,1.0,,0,24698,0,0
real_only,42,capture,ambient_dyno_drive_radio_infotainment,29148,29148,0,0.0,0.0,0.0,1.0,,0,29148,0,0
real_only,42,capture,ambient_dyno_drive_winter,3564,3564,0,0.0,0.0,0.0,1.0,,0,3564,0,0
real_only,42,capture,ambient_dyno_exercise_all_bits,138103,138103,0,0.00014481944635525657,0.0001447984767200249,0.00014481944635525657,0.9998551805536448,,20,138083,0,0
real_only,42,capture,ambient_dyno_idle_radio_infotainment,49131,49131,0,0.0,0.0,0.0,1.0,,0,49131,0,0
real_only,42,capture,ambient_dyno_reverse,3842,3842,0,0.0,0.0,0.0,1.0,,0,3842,0,0
real_only,42,capture,ambient_highway_street_driving_diagnostics,35145,35145,0,0.0,0.0,0.0,1.0,,0,35145,0,0
real_only,42,capture,ambient_highway_street_driving_long,275681,275681,0,0.0,0.0,0.0,1.0,,0,275681,0,0
real_only,42,capture,correlated_signal_attack_1,2536,909,1627,0.6415615141955836,0.39082392505404756,0.0,1.0,1.0,0,909,0,1627
real_only,42,capture,correlated_signal_attack_1_masquerade,2471,909,1562,0.632132739781465,0.38730473592858916,0.0,1.0,1.0,0,909,0,1562
real_only,42,capture,correlated_signal_attack_2,2173,507,1666,0.7666820064427059,0.4339671789528523,0.0,1.0,1.0,0,507,0,1666
real_only,42,capture,correlated_signal_attack_2_masquerade,2106,507,1599,0.7592592592592593,0.43157894736842106,0.0,1.0,1.0,0,507,0,1599
real_only,42,capture,correlated_signal_attack_3,1304,319,985,0.7553680981595092,0.4303189165574487,0.0,1.0,1.0,0,319,0,985
real_only,42,capture,correlated_signal_attack_3_masquerade,1264,320,944,0.7468354430379747,0.427536231884058,0.0,1.0,1.0,0,320,0,944
real_only,42,capture,fuzzing_attack_1,1538,1266,272,0.17685305591677503,0.15027624309392265,0.0,1.0,1.0,0,1266,0,272
real_only,42,capture,fuzzing_attack_2,1007,847,160,0.15888778550148958,0.13710368466152528,0.0,1.0,1.0,0,847,0,160
real_only,42,capture,fuzzing_attack_3,410,357,53,0.12926829268292683,0.11447084233261338,0.0,1.0,1.0,0,357,0,53
real_only,42,capture,max_engine_coolant_temp_attack,1932,1760,172,0.08902691511387163,0.0817490494296578,0.0,1.0,1.0,0,1760,0,172
real_only,42,capture,max_engine_coolant_temp_attack_masquerade,1930,1758,172,0.08911917098445596,0.0818268315889629,0.0,1.0,1.0,0,1758,0,172
real_only,42,capture,max_speedometer_attack_1,6665,4744,1921,0.2882220555138785,0.2237363149312835,0.0,1.0,1.0,0,4744,0,1921
real_only,42,capture,max_speedometer_attack_1_masquerade,6589,4745,1844,0.2798603733495219,0.21866476935847268,0.0,1.0,1.0,0,4745,0,1844
real_only,42,capture,max_speedometer_attack_2,4556,2109,2447,0.5370939420544337,0.34942167642438954,0.0,1.0,1.0,0,2109,0,2447
real_only,42,capture,max_speedometer_attack_2_masquerade,4458,2109,2349,0.5269179004037685,0.34508594094314676,0.0,1.0,1.0,0,2109,0,2349
real_only,42,capture,max_speedometer_attack_3,6670,1913,4757,0.7131934032983508,0.4162947405268224,0.0,1.0,1.0,0,1913,0,4757
real_only,42,capture,max_speedometer_attack_3_masquerade,6479,1913,4566,0.7047383855533261,0.4133997283838841,0.0,1.0,1.0,0,1913,0,4566
real_only,42,capture,reverse_light_off_attack_1,2118,1591,527,0.24881964117091596,0.19924385633270322,0.0,1.0,1.0,0,1591,0,527
real_only,42,capture,reverse_light_off_attack_1_masquerade,2097,1591,506,0.2412970910824988,0.19439108720706877,0.0,1.0,1.0,0,1591,0,506
real_only,42,capture,reverse_light_off_attack_2,3110,1262,1848,0.5942122186495177,0.372730939895119,0.0,1.0,1.0,0,1262,0,1848
real_only,42,capture,reverse_light_off_attack_2_masquerade,3036,1262,1774,0.5843214756258235,0.36881496881496884,0.0,1.0,1.0,0,1262,0,1774
real_only,42,capture,reverse_light_off_attack_3,4398,2500,1898,0.4315597999090496,0.3014612452350699,0.0,1.0,1.0,0,2500,0,1898
real_only,42,capture,reverse_light_off_attack_3_masquerade,4322,2500,1822,0.42156409069875056,0.2965494791666667,0.0,1.0,1.0,0,2500,0,1822
real_only,42,capture,reverse_light_on_attack_1,4160,2604,1556,0.37403846153846154,0.2722183344996501,0.0,1.0,1.0,0,2604,0,1556
real_only,42,capture,reverse_light_on_attack_1_masquerade,4098,2604,1494,0.3645680819912152,0.26716738197424894,0.0,1.0,1.0,0,2604,0,1494
real_only,42,capture,reverse_light_on_attack_2,5495,2619,2876,0.5233848953594177,0.3435670768128061,0.0,1.0,1.0,0,2619,0,2876
real_only,42,capture,reverse_light_on_attack_2_masquerade,5380,2619,2761,0.5131970260223049,0.3391475248740941,0.0,1.0,1.0,0,2619,0,2761
real_only,42,capture,reverse_light_on_attack_3,4873,3040,1833,0.3761543197209111,0.27333730987175664,0.0,1.0,1.0,0,3040,0,1833
real_only,42,capture,reverse_light_on_attack_3_masquerade,4800,3040,1760,0.36666666666666664,0.2682926829268293,0.0,1.0,1.0,0,3040,0,1760
real_only,123,all,all,856605,808854,47751,0.05574447966098727,0.05280110929766596,0.0,1.0,1.0,0,808854,0,47751
real_only,123,axis,ambient,754630,754630,0,0.0,0.0,0.0,1.0,,0,754630,0,0
real_only,123,axis,correlated_signal|fabrication,6013,1735,4278,0.7114585065691003,0.4157030414925663,0.0,1.0,1.0,0,1735,0,4278
real_only,123,axis,correlated_signal|masquerade,5841,1736,4105,0.7027906180448553,0.41272873516991754,0.0,1.0,1.0,0,1736,0,4105
real_only,123,axis,fuzzing|fabrication,2955,2470,485,0.16412859560067683,0.14098837209302326,0.0,1.0,1.0,0,2470,0,485
real_only,123,axis,max_engine_coolant_temp|fabrication,1932,1760,172,0.08902691511387163,0.0817490494296578,0.0,1.0,1.0,0,1760,0,172
real_only,123,axis,max_engine_coolant_temp|masquerade,1930,1758,172,0.08911917098445596,0.0818268315889629,0.0,1.0,1.0,0,1758,0,172
real_only,123,axis,max_speedometer|fabrication,17891,8766,9125,0.510032977474708,0.33776280722534796,0.0,1.0,1.0,0,8766,0,9125
real_only,123,axis,max_speedometer|masquerade,17526,8767,8759,0.49977176765947734,0.3332318813011223,0.0,1.0,1.0,0,8767,0,8759
real_only,123,axis,reverse_light_off|fabrication,9626,5353,4273,0.4439019322667775,0.3074321893661415,0.0,1.0,1.0,0,5353,0,4273
real_only,123,axis,reverse_light_off|masquerade,9455,5353,4102,0.4338445267054469,0.30257431585158956,0.0,1.0,1.0,0,5353,0,4102
real_only,123,axis,reverse_light_on|fabrication,14528,8263,6265,0.4312362334801762,0.3013033232337806,0.0,1.0,1.0,0,8263,0,6265
real_only,123,axis,reverse_light_on|masquerade,14278,8263,6015,0.421277489844516,0.29640762824619327,0.0,1.0,1.0,0,8263,0,6015
real_only,123,capture,ambient_dyno_drive_basic_long,93474,93474,0,0.0,0.0,0.0,1.0,,0,93474,0,0
real_only,123,capture,ambient_dyno_drive_basic_short,33235,33235,0,0.0,0.0,0.0,1.0,,0,33235,0,0
real_only,123,capture,ambient_dyno_drive_benign_anomaly,24106,24106,0,0.0,0.0,0.0,1.0,,0,24106,0,0
real_only,123,capture,ambient_dyno_drive_extended_long,44503,44503,0,0.0,0.0,0.0,1.0,,0,44503,0,0
real_only,123,capture,ambient_dyno_drive_extended_short,24698,24698,0,0.0,0.0,0.0,1.0,,0,24698,0,0
real_only,123,capture,ambient_dyno_drive_radio_infotainment,29148,29148,0,0.0,0.0,0.0,1.0,,0,29148,0,0
real_only,123,capture,ambient_dyno_drive_winter,3564,3564,0,0.0,0.0,0.0,1.0,,0,3564,0,0
real_only,123,capture,ambient_dyno_exercise_all_bits,138103,138103,0,0.0,0.0,0.0,1.0,,0,138103,0,0
real_only,123,capture,ambient_dyno_idle_radio_infotainment,49131,49131,0,0.0,0.0,0.0,1.0,,0,49131,0,0
real_only,123,capture,ambient_dyno_reverse,3842,3842,0,0.0,0.0,0.0,1.0,,0,3842,0,0
real_only,123,capture,ambient_highway_street_driving_diagnostics,35145,35145,0,0.0,0.0,0.0,1.0,,0,35145,0,0
real_only,123,capture,ambient_highway_street_driving_long,275681,275681,0,0.0,0.0,0.0,1.0,,0,275681,0,0
real_only,123,capture,correlated_signal_attack_1,2536,909,1627,0.6415615141955836,0.39082392505404756,0.0,1.0,1.0,0,909,0,1627
real_only,123,capture,correlated_signal_attack_1_masquerade,2471,909,1562,0.632132739781465,0.38730473592858916,0.0,1.0,1.0,0,909,0,1562
real_only,123,capture,correlated_signal_attack_2,2173,507,1666,0.7666820064427059,0.4339671789528523,0.0,1.0,1.0,0,507,0,1666
real_only,123,capture,correlated_signal_attack_2_masquerade,2106,507,1599,0.7592592592592593,0.43157894736842106,0.0,1.0,1.0,0,507,0,1599
real_only,123,capture,correlated_signal_attack_3,1304,319,985,0.7553680981595092,0.4303189165574487,0.0,1.0,1.0,0,319,0,985
real_only,123,capture,correlated_signal_attack_3_masquerade,1264,320,944,0.7468354430379747,0.427536231884058,0.0,1.0,1.0,0,320,0,944
real_only,123,capture,fuzzing_attack_1,1538,1266,272,0.17685305591677503,0.15027624309392265,0.0,1.0,1.0,0,1266,0,272
real_only,123,capture,fuzzing_attack_2,1007,847,160,0.15888778550148958,0.13710368466152528,0.0,1.0,1.0,0,847,0,160
real_only,123,capture,fuzzing_attack_3,410,357,53,0.12926829268292683,0.11447084233261338,0.0,1.0,1.0,0,357,0,53
real_only,123,capture,max_engine_coolant_temp_attack,1932,1760,172,0.08902691511387163,0.0817490494296578,0.0,1.0,1.0,0,1760,0,172
real_only,123,capture,max_engine_coolant_temp_attack_masquerade,1930,1758,172,0.08911917098445596,0.0818268315889629,0.0,1.0,1.0,0,1758,0,172
real_only,123,capture,max_speedometer_attack_1,6665,4744,1921,0.2882220555138785,0.2237363149312835,0.0,1.0,1.0,0,4744,0,1921
real_only,123,capture,max_speedometer_attack_1_masquerade,6589,4745,1844,0.2798603733495219,0.21866476935847268,0.0,1.0,1.0,0,4745,0,1844
real_only,123,capture,max_speedometer_attack_2,4556,2109,2447,0.5370939420544337,0.34942167642438954,0.0,1.0,1.0,0,2109,0,2447
real_only,123,capture,max_speedometer_attack_2_masquerade,4458,2109,2349,0.5269179004037685,0.34508594094314676,0.0,1.0,1.0,0,2109,0,2349
real_only,123,capture,max_speedometer_attack_3,6670,1913,4757,0.7131934032983508,0.4162947405268224,0.0,1.0,1.0,0,1913,0,4757
real_only,123,capture,max_speedometer_attack_3_masquerade,6479,1913,4566,0.7047383855533261,0.4133997283838841,0.0,1.0,1.0,0,1913,0,4566
real_only,123,capture,reverse_light_off_attack_1,2118,1591,527,0.24881964117091596,0.19924385633270322,0.0,1.0,1.0,0,1591,0,527
real_only,123,capture,reverse_light_off_attack_1_masquerade,2097,1591,506,0.2412970910824988,0.19439108720706877,0.0,1.0,1.0,0,1591,0,506
real_only,123,capture,reverse_light_off_attack_2,3110,1262,1848,0.5942122186495177,0.372730939895119,0.0,1.0,1.0,0,1262,0,1848
real_only,123,capture,reverse_light_off_attack_2_masquerade,3036,1262,1774,0.5843214756258235,0.36881496881496884,0.0,1.0,1.0,0,1262,0,1774
real_only,123,capture,reverse_light_off_attack_3,4398,2500,1898,0.4315597999090496,0.3014612452350699,0.0,1.0,1.0,0,2500,0,1898
real_only,123,capture,reverse_light_off_attack_3_masquerade,4322,2500,1822,0.42156409069875056,0.2965494791666667,0.0,1.0,1.0,0,2500,0,1822
real_only,123,capture,reverse_light_on_attack_1,4160,2604,1556,0.37403846153846154,0.2722183344996501,0.0,1.0,1.0,0,2604,0,1556
real_only,123,capture,reverse_light_on_attack_1_masquerade,4098,2604,1494,0.3645680819912152,0.26716738197424894,0.0,1.0,1.0,0,2604,0,1494
real_only,123,capture,reverse_light_on_attack_2,5495,2619,2876,0.5233848953594177,0.3435670768128061,0.0,1.0,1.0,0,2619,0,2876
real_only,123,capture,reverse_light_on_attack_2_masquerade,5380,2619,2761,0.5131970260223049,0.3391475248740941,0.0,1.0,1.0,0,2619,0,2761
real_only,123,capture,reverse_light_on_attack_3,4873,3040,1833,0.3761543197209111,0.27333730987175664,0.0,1.0,1.0,0,3040,0,1833
real_only,123,capture,reverse_light_on_attack_3_masquerade,4800,3040,1760,0.36666666666666664,0.2682926829268293,0.0,1.0,1.0,0,3040,0,1760
real_oversampling_0p50,7,all,all,856605,808854,47751,0.05623712212746832,0.05334721314662843,0.0005217257997116909,0.9994782742002883,1.0,422,808432,0,47751
real_oversampling_0p50,7,axis,ambient,754630,754630,0,0.0005486132276744895,0.0005483124162300475,0.0005486132276744895,0.9994513867723255,,414,754216,0,0
real_oversampling_0p50,7,axis,correlated_signal|fabrication,6013,1735,4278,0.7114585065691003,0.4157030414925663,0.0,1.0,1.0,0,1735,0,4278
real_oversampling_0p50,7,axis,correlated_signal|masquerade,5841,1736,4105,0.7027906180448553,0.41272873516991754,0.0,1.0,1.0,0,1736,0,4105
real_oversampling_0p50,7,axis,fuzzing|fabrication,2955,2470,485,0.16412859560067683,0.14098837209302326,0.0,1.0,1.0,0,2470,0,485
real_oversampling_0p50,7,axis,max_engine_coolant_temp|fabrication,1932,1760,172,0.08902691511387163,0.0817490494296578,0.0,1.0,1.0,0,1760,0,172
real_oversampling_0p50,7,axis,max_engine_coolant_temp|masquerade,1930,1758,172,0.08911917098445596,0.0818268315889629,0.0,1.0,1.0,0,1758,0,172
real_oversampling_0p50,7,axis,max_speedometer|fabrication,17891,8766,9125,0.510032977474708,0.33776280722534796,0.0,1.0,1.0,0,8766,0,9125
real_oversampling_0p50,7,axis,max_speedometer|masquerade,17526,8767,8759,0.49977176765947734,0.3332318813011223,0.0,1.0,1.0,0,8767,0,8759
real_oversampling_0p50,7,axis,reverse_light_off|fabrication,9626,5353,4273,0.4439019322667775,0.3074321893661415,0.0,1.0,1.0,0,5353,0,4273
real_oversampling_0p50,7,axis,reverse_light_off|masquerade,9455,5353,4102,0.4338445267054469,0.30257431585158956,0.0,1.0,1.0,0,5353,0,4102
real_oversampling_0p50,7,axis,reverse_light_on|fabrication,14528,8263,6265,0.43151156387665196,0.3018451482972773,0.00048408568316592036,0.9995159143168341,1.0,4,8259,0,6265
real_oversampling_0p50,7,axis,reverse_light_on|masquerade,14278,8263,6015,0.42155764112620814,0.2969499168132139,0.00048408568316592036,0.9995159143168341,1.0,4,8259,0,6015
real_oversampling_0p50,7,capture,ambient_dyno_drive_basic_long,93474,93474,0,1.069816205575882e-05,1.0698047606311849e-05,1.069816205575882e-05,0.9999893018379442,,1,93473,0,0
real_oversampling_0p50,7,capture,ambient_dyno_drive_basic_short,33235,33235,0,0.0,0.0,0.0,1.0,,0,33235,0,0
real_oversampling_0p50,7,capture,ambient_dyno_drive_benign_anomaly,24106,24106,0,0.0014519206836472248,0.001449815666293857,0.0014519206836472248,0.9985480793163528,,35,24071,0,0
real_oversampling_0p50,7,capture,ambient_dyno_drive_extended_long,44503,44503,0,0.0018875132013572119,0.0018839572072577209,0.0018875132013572119,0.9981124867986428,,84,44419,0,0
real_oversampling_0p50,7,capture,ambient_dyno_drive_extended_short,24698,24698,0,0.00012146732528949713,0.00012145257277033319,0.00012146732528949713,0.9998785326747105,,3,24695,0,0
real_oversampling_0p50,7,capture,ambient_dyno_drive_radio_infotainment,29148,29148,0,0.0,0.0,0.0,1.0,,0,29148,0,0
real_oversampling_0p50,7,capture,ambient_dyno_drive_winter,3564,3564,0,0.0,0.0,0.0,1.0,,0,3564,0,0
real_oversampling_0p50,7,capture,ambient_dyno_exercise_all_bits,138103,138103,0,0.002078159055197932,0.002073849266565503,0.002078159055197932,0.9979218409448021,,287,137816,0,0
real_oversampling_0p50,7,capture,ambient_dyno_idle_radio_infotainment,49131,49131,0,8.141499257088193e-05,8.14083647094739e-05,8.141499257088193e-05,0.9999185850074291,,4,49127,0,0
real_oversampling_0p50,7,capture,ambient_dyno_reverse,3842,3842,0,0.0,0.0,0.0,1.0,,0,3842,0,0
real_oversampling_0p50,7,capture,ambient_highway_street_driving_diagnostics,35145,35145,0,0.0,0.0,0.0,1.0,,0,35145,0,0
real_oversampling_0p50,7,capture,ambient_highway_street_driving_long,275681,275681,0,0.0,0.0,0.0,1.0,,0,275681,0,0
real_oversampling_0p50,7,capture,correlated_signal_attack_1,2536,909,1627,0.6415615141955836,0.39082392505404756,0.0,1.0,1.0,0,909,0,1627
real_oversampling_0p50,7,capture,correlated_signal_attack_1_masquerade,2471,909,1562,0.632132739781465,0.38730473592858916,0.0,1.0,1.0,0,909,0,1562
real_oversampling_0p50,7,capture,correlated_signal_attack_2,2173,507,1666,0.7666820064427059,0.4339671789528523,0.0,1.0,1.0,0,507,0,1666
real_oversampling_0p50,7,capture,correlated_signal_attack_2_masquerade,2106,507,1599,0.7592592592592593,0.43157894736842106,0.0,1.0,1.0,0,507,0,1599
real_oversampling_0p50,7,capture,correlated_signal_attack_3,1304,319,985,0.7553680981595092,0.4303189165574487,0.0,1.0,1.0,0,319,0,985
real_oversampling_0p50,7,capture,correlated_signal_attack_3_masquerade,1264,320,944,0.7468354430379747,0.427536231884058,0.0,1.0,1.0,0,320,0,944
real_oversampling_0p50,7,capture,fuzzing_attack_1,1538,1266,272,0.17685305591677503,0.15027624309392265,0.0,1.0,1.0,0,1266,0,272
real_oversampling_0p50,7,capture,fuzzing_attack_2,1007,847,160,0.15888778550148958,0.13710368466152528,0.0,1.0,1.0,0,847,0,160
real_oversampling_0p50,7,capture,fuzzing_attack_3,410,357,53,0.12926829268292683,0.11447084233261338,0.0,1.0,1.0,0,357,0,53
real_oversampling_0p50,7,capture,max_engine_coolant_temp_attack,1932,1760,172,0.08902691511387163,0.0817490494296578,0.0,1.0,1.0,0,1760,0,172
real_oversampling_0p50,7,capture,max_engine_coolant_temp_attack_masquerade,1930,1758,172,0.08911917098445596,0.0818268315889629,0.0,1.0,1.0,0,1758,0,172
real_oversampling_0p50,7,capture,max_speedometer_attack_1,6665,4744,1921,0.2882220555138785,0.2237363149312835,0.0,1.0,1.0,0,4744,0,1921
real_oversampling_0p50,7,capture,max_speedometer_attack_1_masquerade,6589,4745,1844,0.2798603733495219,0.21866476935847268,0.0,1.0,1.0,0,4745,0,1844
real_oversampling_0p50,7,capture,max_speedometer_attack_2,4556,2109,2447,0.5370939420544337,0.34942167642438954,0.0,1.0,1.0,0,2109,0,2447
real_oversampling_0p50,7,capture,max_speedometer_attack_2_masquerade,4458,2109,2349,0.5269179004037685,0.34508594094314676,0.0,1.0,1.0,0,2109,0,2349
real_oversampling_0p50,7,capture,max_speedometer_attack_3,6670,1913,4757,0.7131934032983508,0.4162947405268224,0.0,1.0,1.0,0,1913,0,4757
real_oversampling_0p50,7,capture,max_speedometer_attack_3_masquerade,6479,1913,4566,0.7047383855533261,0.4133997283838841,0.0,1.0,1.0,0,1913,0,4566
real_oversampling_0p50,7,capture,reverse_light_off_attack_1,2118,1591,527,0.24881964117091596,0.19924385633270322,0.0,1.0,1.0,0,1591,0,527
real_oversampling_0p50,7,capture,reverse_light_off_attack_1_masquerade,2097,1591,506,0.2412970910824988,0.19439108720706877,0.0,1.0,1.0,0,1591,0,506
real_oversampling_0p50,7,capture,reverse_light_off_attack_2,3110,1262,1848,0.5942122186495177,0.372730939895119,0.0,1.0,1.0,0,1262,0,1848
real_oversampling_0p50,7,capture,reverse_light_off_attack_2_masquerade,3036,1262,1774,0.5843214756258235,0.36881496881496884,0.0,1.0,1.0,0,1262,0,1774
real_oversampling_0p50,7,capture,reverse_light_off_attack_3,4398,2500,1898,0.4315597999090496,0.3014612452350699,0.0,1.0,1.0,0,2500,0,1898
real_oversampling_0p50,7,capture,reverse_light_off_attack_3_masquerade,4322,2500,1822,0.42156409069875056,0.2965494791666667,0.0,1.0,1.0,0,2500,0,1822
real_oversampling_0p50,7,capture,reverse_light_on_attack_1,4160,2604,1556,0.37403846153846154,0.2722183344996501,0.0,1.0,1.0,0,2604,0,1556
real_oversampling_0p50,7,capture,reverse_light_on_attack_1_masquerade,4098,2604,1494,0.3645680819912152,0.26716738197424894,0.0,1.0,1.0,0,2604,0,1494
real_oversampling_0p50,7,capture,reverse_light_on_attack_2,5495,2619,2876,0.5241128298453139,0.34525629685198755,0.0015273004963726614,0.9984726995036274,1.0,4,2615,0,2876
real_oversampling_0p50,7,capture,reverse_light_on_attack_2_masquerade,5380,2619,2761,0.5139405204460966,0.3408392149855007,0.0015273004963726614,0.9984726995036274,1.0,4,2615,0,2761
real_oversampling_0p50,7,capture,reverse_light_on_attack_3,4873,3040,1833,0.3761543197209111,0.27333730987175664,0.0,1.0,1.0,0,3040,0,1833
real_oversampling_0p50,7,capture,reverse_light_on_attack_3_masquerade,4800,3040,1760,0.36666666666666664,0.2682926829268293,0.0,1.0,1.0,0,3040,0,1760
real_oversampling_0p50,42,all,all,856605,808854,47751,0.05574447966098727,0.05280110929766596,0.0,1.0,1.0,0,808854,0,47751
real_oversampling_0p50,42,axis,ambient,754630,754630,0,0.0,0.0,0.0,1.0,,0,754630,0,0
real_oversampling_0p50,42,axis,correlated_signal|fabrication,6013,1735,4278,0.7114585065691003,0.4157030414925663,0.0,1.0,1.0,0,1735,0,4278
real_oversampling_0p50,42,axis,correlated_signal|masquerade,5841,1736,4105,0.7027906180448553,0.41272873516991754,0.0,1.0,1.0,0,1736,0,4105
real_oversampling_0p50,42,axis,fuzzing|fabrication,2955,2470,485,0.16412859560067683,0.14098837209302326,0.0,1.0,1.0,0,2470,0,485
real_oversampling_0p50,42,axis,max_engine_coolant_temp|fabrication,1932,1760,172,0.08902691511387163,0.0817490494296578,0.0,1.0,1.0,0,1760,0,172
real_oversampling_0p50,42,axis,max_engine_coolant_temp|masquerade,1930,1758,172,0.08911917098445596,0.0818268315889629,0.0,1.0,1.0,0,1758,0,172
real_oversampling_0p50,42,axis,max_speedometer|fabrication,17891,8766,9125,0.510032977474708,0.33776280722534796,0.0,1.0,1.0,0,8766,0,9125
real_oversampling_0p50,42,axis,max_speedometer|masquerade,17526,8767,8759,0.49977176765947734,0.3332318813011223,0.0,1.0,1.0,0,8767,0,8759
real_oversampling_0p50,42,axis,reverse_light_off|fabrication,9626,5353,4273,0.4439019322667775,0.3074321893661415,0.0,1.0,1.0,0,5353,0,4273
real_oversampling_0p50,42,axis,reverse_light_off|masquerade,9455,5353,4102,0.4338445267054469,0.30257431585158956,0.0,1.0,1.0,0,5353,0,4102
real_oversampling_0p50,42,axis,reverse_light_on|fabrication,14528,8263,6265,0.4312362334801762,0.3013033232337806,0.0,1.0,1.0,0,8263,0,6265
real_oversampling_0p50,42,axis,reverse_light_on|masquerade,14278,8263,6015,0.421277489844516,0.29640762824619327,0.0,1.0,1.0,0,8263,0,6015
real_oversampling_0p50,42,capture,ambient_dyno_drive_basic_long,93474,93474,0,0.0,0.0,0.0,1.0,,0,93474,0,0
real_oversampling_0p50,42,capture,ambient_dyno_drive_basic_short,33235,33235,0,0.0,0.0,0.0,1.0,,0,33235,0,0
real_oversampling_0p50,42,capture,ambient_dyno_drive_benign_anomaly,24106,24106,0,0.0,0.0,0.0,1.0,,0,24106,0,0
real_oversampling_0p50,42,capture,ambient_dyno_drive_extended_long,44503,44503,0,0.0,0.0,0.0,1.0,,0,44503,0,0
real_oversampling_0p50,42,capture,ambient_dyno_drive_extended_short,24698,24698,0,0.0,0.0,0.0,1.0,,0,24698,0,0
real_oversampling_0p50,42,capture,ambient_dyno_drive_radio_infotainment,29148,29148,0,0.0,0.0,0.0,1.0,,0,29148,0,0
real_oversampling_0p50,42,capture,ambient_dyno_drive_winter,3564,3564,0,0.0,0.0,0.0,1.0,,0,3564,0,0
real_oversampling_0p50,42,capture,ambient_dyno_exercise_all_bits,138103,138103,0,0.0,0.0,0.0,1.0,,0,138103,0,0
real_oversampling_0p50,42,capture,ambient_dyno_idle_radio_infotainment,49131,49131,0,0.0,0.0,0.0,1.0,,0,49131,0,0
real_oversampling_0p50,42,capture,ambient_dyno_reverse,3842,3842,0,0.0,0.0,0.0,1.0,,0,3842,0,0
real_oversampling_0p50,42,capture,ambient_highway_street_driving_diagnostics,35145,35145,0,0.0,0.0,0.0,1.0,,0,35145,0,0
real_oversampling_0p50,42,capture,ambient_highway_street_driving_long,275681,275681,0,0.0,0.0,0.0,1.0,,0,275681,0,0
real_oversampling_0p50,42,capture,correlated_signal_attack_1,2536,909,1627,0.6415615141955836,0.39082392505404756,0.0,1.0,1.0,0,909,0,1627
real_oversampling_0p50,42,capture,correlated_signal_attack_1_masquerade,2471,909,1562,0.632132739781465,0.38730473592858916,0.0,1.0,1.0,0,909,0,1562
real_oversampling_0p50,42,capture,correlated_signal_attack_2,2173,507,1666,0.7666820064427059,0.4339671789528523,0.0,1.0,1.0,0,507,0,1666
real_oversampling_0p50,42,capture,correlated_signal_attack_2_masquerade,2106,507,1599,0.7592592592592593,0.43157894736842106,0.0,1.0,1.0,0,507,0,1599
real_oversampling_0p50,42,capture,correlated_signal_attack_3,1304,319,985,0.7553680981595092,0.4303189165574487,0.0,1.0,1.0,0,319,0,985
real_oversampling_0p50,42,capture,correlated_signal_attack_3_masquerade,1264,320,944,0.7468354430379747,0.427536231884058,0.0,1.0,1.0,0,320,0,944
real_oversampling_0p50,42,capture,fuzzing_attack_1,1538,1266,272,0.17685305591677503,0.15027624309392265,0.0,1.0,1.0,0,1266,0,272
real_oversampling_0p50,42,capture,fuzzing_attack_2,1007,847,160,0.15888778550148958,0.13710368466152528,0.0,1.0,1.0,0,847,0,160
real_oversampling_0p50,42,capture,fuzzing_attack_3,410,357,53,0.12926829268292683,0.11447084233261338,0.0,1.0,1.0,0,357,0,53
real_oversampling_0p50,42,capture,max_engine_coolant_temp_attack,1932,1760,172,0.08902691511387163,0.0817490494296578,0.0,1.0,1.0,0,1760,0,172
real_oversampling_0p50,42,capture,max_engine_coolant_temp_attack_masquerade,1930,1758,172,0.08911917098445596,0.0818268315889629,0.0,1.0,1.0,0,1758,0,172
real_oversampling_0p50,42,capture,max_speedometer_attack_1,6665,4744,1921,0.2882220555138785,0.2237363149312835,0.0,1.0,1.0,0,4744,0,1921
real_oversampling_0p50,42,capture,max_speedometer_attack_1_masquerade,6589,4745,1844,0.2798603733495219,0.21866476935847268,0.0,1.0,1.0,0,4745,0,1844
real_oversampling_0p50,42,capture,max_speedometer_attack_2,4556,2109,2447,0.5370939420544337,0.34942167642438954,0.0,1.0,1.0,0,2109,0,2447
real_oversampling_0p50,42,capture,max_speedometer_attack_2_masquerade,4458,2109,2349,0.5269179004037685,0.34508594094314676,0.0,1.0,1.0,0,2109,0,2349
real_oversampling_0p50,42,capture,max_speedometer_attack_3,6670,1913,4757,0.7131934032983508,0.4162947405268224,0.0,1.0,1.0,0,1913,0,4757
real_oversampling_0p50,42,capture,max_speedometer_attack_3_masquerade,6479,1913,4566,0.7047383855533261,0.4133997283838841,0.0,1.0,1.0,0,1913,0,4566
real_oversampling_0p50,42,capture,reverse_light_off_attack_1,2118,1591,527,0.24881964117091596,0.19924385633270322,0.0,1.0,1.0,0,1591,0,527
real_oversampling_0p50,42,capture,reverse_light_off_attack_1_masquerade,2097,1591,506,0.2412970910824988,0.19439108720706877,0.0,1.0,1.0,0,1591,0,506
real_oversampling_0p50,42,capture,reverse_light_off_attack_2,3110,1262,1848,0.5942122186495177,0.372730939895119,0.0,1.0,1.0,0,1262,0,1848
real_oversampling_0p50,42,capture,reverse_light_off_attack_2_masquerade,3036,1262,1774,0.5843214756258235,0.36881496881496884,0.0,1.0,1.0,0,1262,0,1774
real_oversampling_0p50,42,capture,reverse_light_off_attack_3,4398,2500,1898,0.4315597999090496,0.3014612452350699,0.0,1.0,1.0,0,2500,0,1898
real_oversampling_0p50,42,capture,reverse_light_off_attack_3_masquerade,4322,2500,1822,0.42156409069875056,0.2965494791666667,0.0,1.0,1.0,0,2500,0,1822
real_oversampling_0p50,42,capture,reverse_light_on_attack_1,4160,2604,1556,0.37403846153846154,0.2722183344996501,0.0,1.0,1.0,0,2604,0,1556
real_oversampling_0p50,42,capture,reverse_light_on_attack_1_masquerade,4098,2604,1494,0.3645680819912152,0.26716738197424894,0.0,1.0,1.0,0,2604,0,1494
real_oversampling_0p50,42,capture,reverse_light_on_attack_2,5495,2619,2876,0.5233848953594177,0.3435670768128061,0.0,1.0,1.0,0,2619,0,2876
real_oversampling_0p50,42,capture,reverse_light_on_attack_2_masquerade,5380,2619,2761,0.5131970260223049,0.3391475248740941,0.0,1.0,1.0,0,2619,0,2761
real_oversampling_0p50,42,capture,reverse_light_on_attack_3,4873,3040,1833,0.3761543197209111,0.27333730987175664,0.0,1.0,1.0,0,3040,0,1833
real_oversampling_0p50,42,capture,reverse_light_on_attack_3_masquerade,4800,3040,1760,0.36666666666666664,0.2682926829268293,0.0,1.0,1.0,0,3040,0,1760
real_oversampling_0p50,123,all,all,856605,808854,47751,0.05592425913927656,0.05300045875229057,0.00019039282738293932,0.999809607172617,1.0,154,808700,0,47751
real_oversampling_0p50,123,axis,ambient,754630,754630,0,0.00020274836674926785,0.00020270726818171582,0.00020274836674926785,0.9997972516332507,,153,754477,0,0
real_oversampling_0p50,123,axis,correlated_signal|fabrication,6013,1735,4278,0.7114585065691003,0.4157030414925663,0.0,1.0,1.0,0,1735,0,4278
real_oversampling_0p50,123,axis,correlated_signal|masquerade,5841,1736,4105,0.7027906180448553,0.41272873516991754,0.0,1.0,1.0,0,1736,0,4105
real_oversampling_0p50,123,axis,fuzzing|fabrication,2955,2470,485,0.16412859560067683,0.14098837209302326,0.0,1.0,1.0,0,2470,0,485
real_oversampling_0p50,123,axis,max_engine_coolant_temp|fabrication,1932,1760,172,0.08902691511387163,0.0817490494296578,0.0,1.0,1.0,0,1760,0,172
real_oversampling_0p50,123,axis,max_engine_coolant_temp|masquerade,1930,1758,172,0.08911917098445596,0.0818268315889629,0.0,1.0,1.0,0,1758,0,172
real_oversampling_0p50,123,axis,max_speedometer|fabrication,17891,8766,9125,0.510032977474708,0.33776280722534796,0.0,1.0,1.0,0,8766,0,9125
real_oversampling_0p50,123,axis,max_speedometer|masquerade,17526,8767,8759,0.49977176765947734,0.3332318813011223,0.0,1.0,1.0,0,8767,0,8759
real_oversampling_0p50,123,axis,reverse_light_off|fabrication,9626,5353,4273,0.4439019322667775,0.3074321893661415,0.0,1.0,1.0,0,5353,0,4273
real_oversampling_0p50,123,axis,reverse_light_off|masquerade,9455,5353,4102,0.4338445267054469,0.30257431585158956,0.0,1.0,1.0,0,5353,0,4102
real_oversampling_0p50,123,axis,reverse_light_on|fabrication,14528,8263,6265,0.43130506607929514,0.3014388213204349,0.00012102142079148009,0.9998789785792085,1.0,1,8262,0,6265
real_oversampling_0p50,123,axis,reverse_light_on|masquerade,14278,8263,6015,0.421277489844516,0.29640762824619327,0.0,1.0,1.0,0,8263,0,6015
real_oversampling_0p50,123,capture,ambient_dyno_drive_basic_long,93474,93474,0,2.139632411151764e-05,2.1395866318627242e-05,2.139632411151764e-05,0.9999786036758885,,2,93472,0,0
real_oversampling_0p50,123,capture,ambient_dyno_drive_basic_short,33235,33235,0,3.0088761847449978e-05,3.0087856541100012e-05,3.0088761847449978e-05,0.9999699112381526,,1,33234,0,0
real_oversampling_0p50,123,capture,ambient_dyno_drive_benign_anomaly,24106,24106,0,0.0002074172405210321,0.00020737422753100245,0.0002074172405210321,0.999792582759479,,5,24101,0,0
real_oversampling_0p50,123,capture,ambient_dyno_drive_extended_long,44503,44503,0,0.0003370559288137878,0.0003369423603935487,0.0003370559288137878,0.9996629440711862,,15,44488,0,0
real_oversampling_0p50,123,capture,ambient_dyno_drive_extended_short,24698,24698,0,4.048910842983238e-05,4.048746912830479e-05,4.048910842983238e-05,0.9999595108915702,,1,24697,0,0
real_oversampling_0p50,123,capture,ambient_dyno_drive_radio_infotainment,29148,29148,0,0.0002058460271716756,0.00020580366330520683,0.0002058460271716756,0.9997941539728283,,6,29142,0,0
real_oversampling_0p50,123,capture,ambient_dyno_drive_winter,3564,3564,0,0.0,0.0,0.0,1.0,,0,3564,0,0
real_oversampling_0p50,123,capture,ambient_dyno_exercise_all_bits,138103,138103,0,0.00034032569893485297,0.000340209916757148,0.00034032569893485297,0.9996596743010652,,47,138056,0,0
real_oversampling_0p50,123,capture,ambient_dyno_idle_radio_infotainment,49131,49131,0,0.0014044086218477133,0.0014024390243902438,0.0014044086218477133,0.9985955913781522,,69,49062,0,0
real_oversampling_0p50,123,capture,ambient_dyno_reverse,3842,3842,0,0.0,0.0,0.0,1.0,,0,3842,0,0
real_oversampling_0p50,123,capture,ambient_highway_street_driving_diagnostics,35145,35145,0,5.690709916062029e-05,5.6903860926963895e-05,5.690709916062029e-05,0.9999430929008394,,2,35143,0,0
real_oversampling_0p50,123,capture,ambient_highway_street_driving_long,275681,275681,0,1.813690461076389e-05,1.8136575669421007e-05,1.813690461076389e-05,0.9999818630953893,,5,275676,0,0
real_oversampling_0p50,123,capture,correlated_signal_attack_1,2536,909,1627,0.6415615141955836,0.39082392505404756,0.0,1.0,1.0,0,909,0,1627
real_oversampling_0p50,123,capture,correlated_signal_attack_1_masquerade,2471,909,1562,0.632132739781465,0.38730473592858916,0.0,1.0,1.0,0,909,0,1562
real_oversampling_0p50,123,capture,correlated_signal_attack_2,2173,507,1666,0.7666820064427059,0.4339671789528523,0.0,1.0,1.0,0,507,0,1666
real_oversampling_0p50,123,capture,correlated_signal_attack_2_masquerade,2106,507,1599,0.7592592592592593,0.43157894736842106,0.0,1.0,1.0,0,507,0,1599
real_oversampling_0p50,123,capture,correlated_signal_attack_3,1304,319,985,0.7553680981595092,0.4303189165574487,0.0,1.0,1.0,0,319,0,985
real_oversampling_0p50,123,capture,correlated_signal_attack_3_masquerade,1264,320,944,0.7468354430379747,0.427536231884058,0.0,1.0,1.0,0,320,0,944
real_oversampling_0p50,123,capture,fuzzing_attack_1,1538,1266,272,0.17685305591677503,0.15027624309392265,0.0,1.0,1.0,0,1266,0,272
real_oversampling_0p50,123,capture,fuzzing_attack_2,1007,847,160,0.15888778550148958,0.13710368466152528,0.0,1.0,1.0,0,847,0,160
real_oversampling_0p50,123,capture,fuzzing_attack_3,410,357,53,0.12926829268292683,0.11447084233261338,0.0,1.0,1.0,0,357,0,53
real_oversampling_0p50,123,capture,max_engine_coolant_temp_attack,1932,1760,172,0.08902691511387163,0.0817490494296578,0.0,1.0,1.0,0,1760,0,172
real_oversampling_0p50,123,capture,max_engine_coolant_temp_attack_masquerade,1930,1758,172,0.08911917098445596,0.0818268315889629,0.0,1.0,1.0,0,1758,0,172
real_oversampling_0p50,123,capture,max_speedometer_attack_1,6665,4744,1921,0.2882220555138785,0.2237363149312835,0.0,1.0,1.0,0,4744,0,1921
real_oversampling_0p50,123,capture,max_speedometer_attack_1_masquerade,6589,4745,1844,0.2798603733495219,0.21866476935847268,0.0,1.0,1.0,0,4745,0,1844
real_oversampling_0p50,123,capture,max_speedometer_attack_2,4556,2109,2447,0.5370939420544337,0.34942167642438954,0.0,1.0,1.0,0,2109,0,2447
real_oversampling_0p50,123,capture,max_speedometer_attack_2_masquerade,4458,2109,2349,0.5269179004037685,0.34508594094314676,0.0,1.0,1.0,0,2109,0,2349
real_oversampling_0p50,123,capture,max_speedometer_attack_3,6670,1913,4757,0.7131934032983508,0.4162947405268224,0.0,1.0,1.0,0,1913,0,4757
real_oversampling_0p50,123,capture,max_speedometer_attack_3_masquerade,6479,1913,4566,0.7047383855533261,0.4133997283838841,0.0,1.0,1.0,0,1913,0,4566
real_oversampling_0p50,123,capture,reverse_light_off_attack_1,2118,1591,527,0.24881964117091596,0.19924385633270322,0.0,1.0,1.0,0,1591,0,527
real_oversampling_0p50,123,capture,reverse_light_off_attack_1_masquerade,2097,1591,506,0.2412970910824988,0.19439108720706877,0.0,1.0,1.0,0,1591,0,506
real_oversampling_0p50,123,capture,reverse_light_off_attack_2,3110,1262,1848,0.5942122186495177,0.372730939895119,0.0,1.0,1.0,0,1262,0,1848
real_oversampling_0p50,123,capture,reverse_light_off_attack_2_masquerade,3036,1262,1774,0.5843214756258235,0.36881496881496884,0.0,1.0,1.0,0,1262,0,1774
real_oversampling_0p50,123,capture,reverse_light_off_attack_3,4398,2500,1898,0.4315597999090496,0.3014612452350699,0.0,1.0,1.0,0,2500,0,1898
real_oversampling_0p50,123,capture,reverse_light_off_attack_3_masquerade,4322,2500,1822,0.42156409069875056,0.2965494791666667,0.0,1.0,1.0,0,2500,0,1822
real_oversampling_0p50,123,capture,reverse_light_on_attack_1,4160,2604,1556,0.37403846153846154,0.2722183344996501,0.0,1.0,1.0,0,2604,0,1556
real_oversampling_0p50,123,capture,reverse_light_on_attack_1_masquerade,4098,2604,1494,0.3645680819912152,0.26716738197424894,0.0,1.0,1.0,0,2604,0,1494
real_oversampling_0p50,123,capture,reverse_light_on_attack_2,5495,2619,2876,0.5235668789808917,0.3439898036425985,0.00038182512409316535,0.9996181748759069,1.0,1,2618,0,2876
real_oversampling_0p50,123,capture,reverse_light_on_attack_2_masquerade,5380,2619,2761,0.5131970260223049,0.3391475248740941,0.0,1.0,1.0,0,2619,0,2761
real_oversampling_0p50,123,capture,reverse_light_on_attack_3,4873,3040,1833,0.3761543197209111,0.27333730987175664,0.0,1.0,1.0,0,3040,0,1833
real_oversampling_0p50,123,capture,reverse_light_on_attack_3_masquerade,4800,3040,1760,0.36666666666666664,0.2682926829268293,0.0,1.0,1.0,0,3040,0,1760
rule_0p10,7,all,all,856605,808854,47751,0.05574447966098727,0.05280110929766596,0.0,1.0,1.0,0,808854,0,47751
rule_0p10,7,axis,ambient,754630,754630,0,0.0,0.0,0.0,1.0,,0,754630,0,0
rule_0p10,7,axis,correlated_signal|fabrication,6013,1735,4278,0.7114585065691003,0.4157030414925663,0.0,1.0,1.0,0,1735,0,4278
rule_0p10,7,axis,correlated_signal|masquerade,5841,1736,4105,0.7027906180448553,0.41272873516991754,0.0,1.0,1.0,0,1736,0,4105
rule_0p10,7,axis,fuzzing|fabrication,2955,2470,485,0.16412859560067683,0.14098837209302326,0.0,1.0,1.0,0,2470,0,485
rule_0p10,7,axis,max_engine_coolant_temp|fabrication,1932,1760,172,0.08902691511387163,0.0817490494296578,0.0,1.0,1.0,0,1760,0,172
rule_0p10,7,axis,max_engine_coolant_temp|masquerade,1930,1758,172,0.08911917098445596,0.0818268315889629,0.0,1.0,1.0,0,1758,0,172
rule_0p10,7,axis,max_speedometer|fabrication,17891,8766,9125,0.510032977474708,0.33776280722534796,0.0,1.0,1.0,0,8766,0,9125
rule_0p10,7,axis,max_speedometer|masquerade,17526,8767,8759,0.49977176765947734,0.3332318813011223,0.0,1.0,1.0,0,8767,0,8759
rule_0p10,7,axis,reverse_light_off|fabrication,9626,5353,4273,0.4439019322667775,0.3074321893661415,0.0,1.0,1.0,0,5353,0,4273
rule_0p10,7,axis,reverse_light_off|masquerade,9455,5353,4102,0.4338445267054469,0.30257431585158956,0.0,1.0,1.0,0,5353,0,4102
rule_0p10,7,axis,reverse_light_on|fabrication,14528,8263,6265,0.4312362334801762,0.3013033232337806,0.0,1.0,1.0,0,8263,0,6265
rule_0p10,7,axis,reverse_light_on|masquerade,14278,8263,6015,0.421277489844516,0.29640762824619327,0.0,1.0,1.0,0,8263,0,6015
rule_0p10,7,capture,ambient_dyno_drive_basic_long,93474,93474,0,0.0,0.0,0.0,1.0,,0,93474,0,0
rule_0p10,7,capture,ambient_dyno_drive_basic_short,33235,33235,0,0.0,0.0,0.0,1.0,,0,33235,0,0
rule_0p10,7,capture,ambient_dyno_drive_benign_anomaly,24106,24106,0,0.0,0.0,0.0,1.0,,0,24106,0,0
rule_0p10,7,capture,ambient_dyno_drive_extended_long,44503,44503,0,0.0,0.0,0.0,1.0,,0,44503,0,0
rule_0p10,7,capture,ambient_dyno_drive_extended_short,24698,24698,0,0.0,0.0,0.0,1.0,,0,24698,0,0
rule_0p10,7,capture,ambient_dyno_drive_radio_infotainment,29148,29148,0,0.0,0.0,0.0,1.0,,0,29148,0,0
rule_0p10,7,capture,ambient_dyno_drive_winter,3564,3564,0,0.0,0.0,0.0,1.0,,0,3564,0,0
rule_0p10,7,capture,ambient_dyno_exercise_all_bits,138103,138103,0,0.0,0.0,0.0,1.0,,0,138103,0,0
rule_0p10,7,capture,ambient_dyno_idle_radio_infotainment,49131,49131,0,0.0,0.0,0.0,1.0,,0,49131,0,0
rule_0p10,7,capture,ambient_dyno_reverse,3842,3842,0,0.0,0.0,0.0,1.0,,0,3842,0,0
rule_0p10,7,capture,ambient_highway_street_driving_diagnostics,35145,35145,0,0.0,0.0,0.0,1.0,,0,35145,0,0
rule_0p10,7,capture,ambient_highway_street_driving_long,275681,275681,0,0.0,0.0,0.0,1.0,,0,275681,0,0
rule_0p10,7,capture,correlated_signal_attack_1,2536,909,1627,0.6415615141955836,0.39082392505404756,0.0,1.0,1.0,0,909,0,1627
rule_0p10,7,capture,correlated_signal_attack_1_masquerade,2471,909,1562,0.632132739781465,0.38730473592858916,0.0,1.0,1.0,0,909,0,1562
rule_0p10,7,capture,correlated_signal_attack_2,2173,507,1666,0.7666820064427059,0.4339671789528523,0.0,1.0,1.0,0,507,0,1666
rule_0p10,7,capture,correlated_signal_attack_2_masquerade,2106,507,1599,0.7592592592592593,0.43157894736842106,0.0,1.0,1.0,0,507,0,1599
rule_0p10,7,capture,correlated_signal_attack_3,1304,319,985,0.7553680981595092,0.4303189165574487,0.0,1.0,1.0,0,319,0,985
rule_0p10,7,capture,correlated_signal_attack_3_masquerade,1264,320,944,0.7468354430379747,0.427536231884058,0.0,1.0,1.0,0,320,0,944
rule_0p10,7,capture,fuzzing_attack_1,1538,1266,272,0.17685305591677503,0.15027624309392265,0.0,1.0,1.0,0,1266,0,272
rule_0p10,7,capture,fuzzing_attack_2,1007,847,160,0.15888778550148958,0.13710368466152528,0.0,1.0,1.0,0,847,0,160
rule_0p10,7,capture,fuzzing_attack_3,410,357,53,0.12926829268292683,0.11447084233261338,0.0,1.0,1.0,0,357,0,53
rule_0p10,7,capture,max_engine_coolant_temp_attack,1932,1760,172,0.08902691511387163,0.0817490494296578,0.0,1.0,1.0,0,1760,0,172
rule_0p10,7,capture,max_engine_coolant_temp_attack_masquerade,1930,1758,172,0.08911917098445596,0.0818268315889629,0.0,1.0,1.0,0,1758,0,172
rule_0p10,7,capture,max_speedometer_attack_1,6665,4744,1921,0.2882220555138785,0.2237363149312835,0.0,1.0,1.0,0,4744,0,1921
rule_0p10,7,capture,max_speedometer_attack_1_masquerade,6589,4745,1844,0.2798603733495219,0.21866476935847268,0.0,1.0,1.0,0,4745,0,1844
rule_0p10,7,capture,max_speedometer_attack_2,4556,2109,2447,0.5370939420544337,0.34942167642438954,0.0,1.0,1.0,0,2109,0,2447
rule_0p10,7,capture,max_speedometer_attack_2_masquerade,4458,2109,2349,0.5269179004037685,0.34508594094314676,0.0,1.0,1.0,0,2109,0,2349
rule_0p10,7,capture,max_speedometer_attack_3,6670,1913,4757,0.7131934032983508,0.4162947405268224,0.0,1.0,1.0,0,1913,0,4757
rule_0p10,7,capture,max_speedometer_attack_3_masquerade,6479,1913,4566,0.7047383855533261,0.4133997283838841,0.0,1.0,1.0,0,1913,0,4566
rule_0p10,7,capture,reverse_light_off_attack_1,2118,1591,527,0.24881964117091596,0.19924385633270322,0.0,1.0,1.0,0,1591,0,527
rule_0p10,7,capture,reverse_light_off_attack_1_masquerade,2097,1591,506,0.2412970910824988,0.19439108720706877,0.0,1.0,1.0,0,1591,0,506
rule_0p10,7,capture,reverse_light_off_attack_2,3110,1262,1848,0.5942122186495177,0.372730939895119,0.0,1.0,1.0,0,1262,0,1848
rule_0p10,7,capture,reverse_light_off_attack_2_masquerade,3036,1262,1774,0.5843214756258235,0.36881496881496884,0.0,1.0,1.0,0,1262,0,1774
rule_0p10,7,capture,reverse_light_off_attack_3,4398,2500,1898,0.4315597999090496,0.3014612452350699,0.0,1.0,1.0,0,2500,0,1898
rule_0p10,7,capture,reverse_light_off_attack_3_masquerade,4322,2500,1822,0.42156409069875056,0.2965494791666667,0.0,1.0,1.0,0,2500,0,1822
rule_0p10,7,capture,reverse_light_on_attack_1,4160,2604,1556,0.37403846153846154,0.2722183344996501,0.0,1.0,1.0,0,2604,0,1556
rule_0p10,7,capture,reverse_light_on_attack_1_masquerade,4098,2604,1494,0.3645680819912152,0.26716738197424894,0.0,1.0,1.0,0,2604,0,1494
rule_0p10,7,capture,reverse_light_on_attack_2,5495,2619,2876,0.5233848953594177,0.3435670768128061,0.0,1.0,1.0,0,2619,0,2876
rule_0p10,7,capture,reverse_light_on_attack_2_masquerade,5380,2619,2761,0.5131970260223049,0.3391475248740941,0.0,1.0,1.0,0,2619,0,2761
rule_0p10,7,capture,reverse_light_on_attack_3,4873,3040,1833,0.3761543197209111,0.27333730987175664,0.0,1.0,1.0,0,3040,0,1833
rule_0p10,7,capture,reverse_light_on_attack_3_masquerade,4800,3040,1760,0.36666666666666664,0.2682926829268293,0.0,1.0,1.0,0,3040,0,1760
rule_0p10,42,all,all,856605,808854,47751,0.05574447966098727,0.05280110929766596,0.0,1.0,1.0,0,808854,0,47751
rule_0p10,42,axis,ambient,754630,754630,0,0.0,0.0,0.0,1.0,,0,754630,0,0
rule_0p10,42,axis,correlated_signal|fabrication,6013,1735,4278,0.7114585065691003,0.4157030414925663,0.0,1.0,1.0,0,1735,0,4278
rule_0p10,42,axis,correlated_signal|masquerade,5841,1736,4105,0.7027906180448553,0.41272873516991754,0.0,1.0,1.0,0,1736,0,4105
rule_0p10,42,axis,fuzzing|fabrication,2955,2470,485,0.16412859560067683,0.14098837209302326,0.0,1.0,1.0,0,2470,0,485
rule_0p10,42,axis,max_engine_coolant_temp|fabrication,1932,1760,172,0.08902691511387163,0.0817490494296578,0.0,1.0,1.0,0,1760,0,172
rule_0p10,42,axis,max_engine_coolant_temp|masquerade,1930,1758,172,0.08911917098445596,0.0818268315889629,0.0,1.0,1.0,0,1758,0,172
rule_0p10,42,axis,max_speedometer|fabrication,17891,8766,9125,0.510032977474708,0.33776280722534796,0.0,1.0,1.0,0,8766,0,9125
rule_0p10,42,axis,max_speedometer|masquerade,17526,8767,8759,0.49977176765947734,0.3332318813011223,0.0,1.0,1.0,0,8767,0,8759
rule_0p10,42,axis,reverse_light_off|fabrication,9626,5353,4273,0.4439019322667775,0.3074321893661415,0.0,1.0,1.0,0,5353,0,4273
rule_0p10,42,axis,reverse_light_off|masquerade,9455,5353,4102,0.4338445267054469,0.30257431585158956,0.0,1.0,1.0,0,5353,0,4102
rule_0p10,42,axis,reverse_light_on|fabrication,14528,8263,6265,0.4312362334801762,0.3013033232337806,0.0,1.0,1.0,0,8263,0,6265
rule_0p10,42,axis,reverse_light_on|masquerade,14278,8263,6015,0.421277489844516,0.29640762824619327,0.0,1.0,1.0,0,8263,0,6015
rule_0p10,42,capture,ambient_dyno_drive_basic_long,93474,93474,0,0.0,0.0,0.0,1.0,,0,93474,0,0
rule_0p10,42,capture,ambient_dyno_drive_basic_short,33235,33235,0,0.0,0.0,0.0,1.0,,0,33235,0,0
rule_0p10,42,capture,ambient_dyno_drive_benign_anomaly,24106,24106,0,0.0,0.0,0.0,1.0,,0,24106,0,0
rule_0p10,42,capture,ambient_dyno_drive_extended_long,44503,44503,0,0.0,0.0,0.0,1.0,,0,44503,0,0
rule_0p10,42,capture,ambient_dyno_drive_extended_short,24698,24698,0,0.0,0.0,0.0,1.0,,0,24698,0,0
rule_0p10,42,capture,ambient_dyno_drive_radio_infotainment,29148,29148,0,0.0,0.0,0.0,1.0,,0,29148,0,0
rule_0p10,42,capture,ambient_dyno_drive_winter,3564,3564,0,0.0,0.0,0.0,1.0,,0,3564,0,0
rule_0p10,42,capture,ambient_dyno_exercise_all_bits,138103,138103,0,0.0,0.0,0.0,1.0,,0,138103,0,0
rule_0p10,42,capture,ambient_dyno_idle_radio_infotainment,49131,49131,0,0.0,0.0,0.0,1.0,,0,49131,0,0
rule_0p10,42,capture,ambient_dyno_reverse,3842,3842,0,0.0,0.0,0.0,1.0,,0,3842,0,0
rule_0p10,42,capture,ambient_highway_street_driving_diagnostics,35145,35145,0,0.0,0.0,0.0,1.0,,0,35145,0,0
rule_0p10,42,capture,ambient_highway_street_driving_long,275681,275681,0,0.0,0.0,0.0,1.0,,0,275681,0,0
rule_0p10,42,capture,correlated_signal_attack_1,2536,909,1627,0.6415615141955836,0.39082392505404756,0.0,1.0,1.0,0,909,0,1627
rule_0p10,42,capture,correlated_signal_attack_1_masquerade,2471,909,1562,0.632132739781465,0.38730473592858916,0.0,1.0,1.0,0,909,0,1562
rule_0p10,42,capture,correlated_signal_attack_2,2173,507,1666,0.7666820064427059,0.4339671789528523,0.0,1.0,1.0,0,507,0,1666
rule_0p10,42,capture,correlated_signal_attack_2_masquerade,2106,507,1599,0.7592592592592593,0.43157894736842106,0.0,1.0,1.0,0,507,0,1599
rule_0p10,42,capture,correlated_signal_attack_3,1304,319,985,0.7553680981595092,0.4303189165574487,0.0,1.0,1.0,0,319,0,985
rule_0p10,42,capture,correlated_signal_attack_3_masquerade,1264,320,944,0.7468354430379747,0.427536231884058,0.0,1.0,1.0,0,320,0,944
rule_0p10,42,capture,fuzzing_attack_1,1538,1266,272,0.17685305591677503,0.15027624309392265,0.0,1.0,1.0,0,1266,0,272
rule_0p10,42,capture,fuzzing_attack_2,1007,847,160,0.15888778550148958,0.13710368466152528,0.0,1.0,1.0,0,847,0,160
rule_0p10,42,capture,fuzzing_attack_3,410,357,53,0.12926829268292683,0.11447084233261338,0.0,1.0,1.0,0,357,0,53
rule_0p10,42,capture,max_engine_coolant_temp_attack,1932,1760,172,0.08902691511387163,0.0817490494296578,0.0,1.0,1.0,0,1760,0,172
rule_0p10,42,capture,max_engine_coolant_temp_attack_masquerade,1930,1758,172,0.08911917098445596,0.0818268315889629,0.0,1.0,1.0,0,1758,0,172
rule_0p10,42,capture,max_speedometer_attack_1,6665,4744,1921,0.2882220555138785,0.2237363149312835,0.0,1.0,1.0,0,4744,0,1921
rule_0p10,42,capture,max_speedometer_attack_1_masquerade,6589,4745,1844,0.2798603733495219,0.21866476935847268,0.0,1.0,1.0,0,4745,0,1844
rule_0p10,42,capture,max_speedometer_attack_2,4556,2109,2447,0.5370939420544337,0.34942167642438954,0.0,1.0,1.0,0,2109,0,2447
rule_0p10,42,capture,max_speedometer_attack_2_masquerade,4458,2109,2349,0.5269179004037685,0.34508594094314676,0.0,1.0,1.0,0,2109,0,2349
rule_0p10,42,capture,max_speedometer_attack_3,6670,1913,4757,0.7131934032983508,0.4162947405268224,0.0,1.0,1.0,0,1913,0,4757
rule_0p10,42,capture,max_speedometer_attack_3_masquerade,6479,1913,4566,0.7047383855533261,0.4133997283838841,0.0,1.0,1.0,0,1913,0,4566
rule_0p10,42,capture,reverse_light_off_attack_1,2118,1591,527,0.24881964117091596,0.19924385633270322,0.0,1.0,1.0,0,1591,0,527
rule_0p10,42,capture,reverse_light_off_attack_1_masquerade,2097,1591,506,0.2412970910824988,0.19439108720706877,0.0,1.0,1.0,0,1591,0,506
rule_0p10,42,capture,reverse_light_off_attack_2,3110,1262,1848,0.5942122186495177,0.372730939895119,0.0,1.0,1.0,0,1262,0,1848
rule_0p10,42,capture,reverse_light_off_attack_2_masquerade,3036,1262,1774,0.5843214756258235,0.36881496881496884,0.0,1.0,1.0,0,1262,0,1774
rule_0p10,42,capture,reverse_light_off_attack_3,4398,2500,1898,0.4315597999090496,0.3014612452350699,0.0,1.0,1.0,0,2500,0,1898
rule_0p10,42,capture,reverse_light_off_attack_3_masquerade,4322,2500,1822,0.42156409069875056,0.2965494791666667,0.0,1.0,1.0,0,2500,0,1822
rule_0p10,42,capture,reverse_light_on_attack_1,4160,2604,1556,0.37403846153846154,0.2722183344996501,0.0,1.0,1.0,0,2604,0,1556
rule_0p10,42,capture,reverse_light_on_attack_1_masquerade,4098,2604,1494,0.3645680819912152,0.26716738197424894,0.0,1.0,1.0,0,2604,0,1494
rule_0p10,42,capture,reverse_light_on_attack_2,5495,2619,2876,0.5233848953594177,0.3435670768128061,0.0,1.0,1.0,0,2619,0,2876
rule_0p10,42,capture,reverse_light_on_attack_2_masquerade,5380,2619,2761,0.5131970260223049,0.3391475248740941,0.0,1.0,1.0,0,2619,0,2761
rule_0p10,42,capture,reverse_light_on_attack_3,4873,3040,1833,0.3761543197209111,0.27333730987175664,0.0,1.0,1.0,0,3040,0,1833
rule_0p10,42,capture,reverse_light_on_attack_3_masquerade,4800,3040,1760,0.36666666666666664,0.2682926829268293,0.0,1.0,1.0,0,3040,0,1760
rule_0p10,123,all,all,856605,808854,47751,0.05574447966098727,0.05280110929766596,0.0,1.0,1.0,0,808854,0,47751
rule_0p10,123,axis,ambient,754630,754630,0,0.0,0.0,0.0,1.0,,0,754630,0,0
rule_0p10,123,axis,correlated_signal|fabrication,6013,1735,4278,0.7114585065691003,0.4157030414925663,0.0,1.0,1.0,0,1735,0,4278
rule_0p10,123,axis,correlated_signal|masquerade,5841,1736,4105,0.7027906180448553,0.41272873516991754,0.0,1.0,1.0,0,1736,0,4105
rule_0p10,123,axis,fuzzing|fabrication,2955,2470,485,0.16412859560067683,0.14098837209302326,0.0,1.0,1.0,0,2470,0,485
rule_0p10,123,axis,max_engine_coolant_temp|fabrication,1932,1760,172,0.08902691511387163,0.0817490494296578,0.0,1.0,1.0,0,1760,0,172
rule_0p10,123,axis,max_engine_coolant_temp|masquerade,1930,1758,172,0.08911917098445596,0.0818268315889629,0.0,1.0,1.0,0,1758,0,172
rule_0p10,123,axis,max_speedometer|fabrication,17891,8766,9125,0.510032977474708,0.33776280722534796,0.0,1.0,1.0,0,8766,0,9125
rule_0p10,123,axis,max_speedometer|masquerade,17526,8767,8759,0.49977176765947734,0.3332318813011223,0.0,1.0,1.0,0,8767,0,8759
rule_0p10,123,axis,reverse_light_off|fabrication,9626,5353,4273,0.4439019322667775,0.3074321893661415,0.0,1.0,1.0,0,5353,0,4273
rule_0p10,123,axis,reverse_light_off|masquerade,9455,5353,4102,0.4338445267054469,0.30257431585158956,0.0,1.0,1.0,0,5353,0,4102
rule_0p10,123,axis,reverse_light_on|fabrication,14528,8263,6265,0.4312362334801762,0.3013033232337806,0.0,1.0,1.0,0,8263,0,6265
rule_0p10,123,axis,reverse_light_on|masquerade,14278,8263,6015,0.421277489844516,0.29640762824619327,0.0,1.0,1.0,0,8263,0,6015
rule_0p10,123,capture,ambient_dyno_drive_basic_long,93474,93474,0,0.0,0.0,0.0,1.0,,0,93474,0,0
rule_0p10,123,capture,ambient_dyno_drive_basic_short,33235,33235,0,0.0,0.0,0.0,1.0,,0,33235,0,0
rule_0p10,123,capture,ambient_dyno_drive_benign_anomaly,24106,24106,0,0.0,0.0,0.0,1.0,,0,24106,0,0
rule_0p10,123,capture,ambient_dyno_drive_extended_long,44503,44503,0,0.0,0.0,0.0,1.0,,0,44503,0,0
rule_0p10,123,capture,ambient_dyno_drive_extended_short,24698,24698,0,0.0,0.0,0.0,1.0,,0,24698,0,0
rule_0p10,123,capture,ambient_dyno_drive_radio_infotainment,29148,29148,0,0.0,0.0,0.0,1.0,,0,29148,0,0
rule_0p10,123,capture,ambient_dyno_drive_winter,3564,3564,0,0.0,0.0,0.0,1.0,,0,3564,0,0
rule_0p10,123,capture,ambient_dyno_exercise_all_bits,138103,138103,0,0.0,0.0,0.0,1.0,,0,138103,0,0
rule_0p10,123,capture,ambient_dyno_idle_radio_infotainment,49131,49131,0,0.0,0.0,0.0,1.0,,0,49131,0,0
rule_0p10,123,capture,ambient_dyno_reverse,3842,3842,0,0.0,0.0,0.0,1.0,,0,3842,0,0
rule_0p10,123,capture,ambient_highway_street_driving_diagnostics,35145,35145,0,0.0,0.0,0.0,1.0,,0,35145,0,0
rule_0p10,123,capture,ambient_highway_street_driving_long,275681,275681,0,0.0,0.0,0.0,1.0,,0,275681,0,0
rule_0p10,123,capture,correlated_signal_attack_1,2536,909,1627,0.6415615141955836,0.39082392505404756,0.0,1.0,1.0,0,909,0,1627
rule_0p10,123,capture,correlated_signal_attack_1_masquerade,2471,909,1562,0.632132739781465,0.38730473592858916,0.0,1.0,1.0,0,909,0,1562
rule_0p10,123,capture,correlated_signal_attack_2,2173,507,1666,0.7666820064427059,0.4339671789528523,0.0,1.0,1.0,0,507,0,1666
rule_0p10,123,capture,correlated_signal_attack_2_masquerade,2106,507,1599,0.7592592592592593,0.43157894736842106,0.0,1.0,1.0,0,507,0,1599
rule_0p10,123,capture,correlated_signal_attack_3,1304,319,985,0.7553680981595092,0.4303189165574487,0.0,1.0,1.0,0,319,0,985
rule_0p10,123,capture,correlated_signal_attack_3_masquerade,1264,320,944,0.7468354430379747,0.427536231884058,0.0,1.0,1.0,0,320,0,944
rule_0p10,123,capture,fuzzing_attack_1,1538,1266,272,0.17685305591677503,0.15027624309392265,0.0,1.0,1.0,0,1266,0,272
rule_0p10,123,capture,fuzzing_attack_2,1007,847,160,0.15888778550148958,0.13710368466152528,0.0,1.0,1.0,0,847,0,160
rule_0p10,123,capture,fuzzing_attack_3,410,357,53,0.12926829268292683,0.11447084233261338,0.0,1.0,1.0,0,357,0,53
rule_0p10,123,capture,max_engine_coolant_temp_attack,1932,1760,172,0.08902691511387163,0.0817490494296578,0.0,1.0,1.0,0,1760,0,172
rule_0p10,123,capture,max_engine_coolant_temp_attack_masquerade,1930,1758,172,0.08911917098445596,0.0818268315889629,0.0,1.0,1.0,0,1758,0,172
rule_0p10,123,capture,max_speedometer_attack_1,6665,4744,1921,0.2882220555138785,0.2237363149312835,0.0,1.0,1.0,0,4744,0,1921
rule_0p10,123,capture,max_speedometer_attack_1_masquerade,6589,4745,1844,0.2798603733495219,0.21866476935847268,0.0,1.0,1.0,0,4745,0,1844
rule_0p10,123,capture,max_speedometer_attack_2,4556,2109,2447,0.5370939420544337,0.34942167642438954,0.0,1.0,1.0,0,2109,0,2447
rule_0p10,123,capture,max_speedometer_attack_2_masquerade,4458,2109,2349,0.5269179004037685,0.34508594094314676,0.0,1.0,1.0,0,2109,0,2349
rule_0p10,123,capture,max_speedometer_attack_3,6670,1913,4757,0.7131934032983508,0.4162947405268224,0.0,1.0,1.0,0,1913,0,4757
rule_0p10,123,capture,max_speedometer_attack_3_masquerade,6479,1913,4566,0.7047383855533261,0.4133997283838841,0.0,1.0,1.0,0,1913,0,4566
rule_0p10,123,capture,reverse_light_off_attack_1,2118,1591,527,0.24881964117091596,0.19924385633270322,0.0,1.0,1.0,0,1591,0,527
rule_0p10,123,capture,reverse_light_off_attack_1_masquerade,2097,1591,506,0.2412970910824988,0.19439108720706877,0.0,1.0,1.0,0,1591,0,506
rule_0p10,123,capture,reverse_light_off_attack_2,3110,1262,1848,0.5942122186495177,0.372730939895119,0.0,1.0,1.0,0,1262,0,1848
rule_0p10,123,capture,reverse_light_off_attack_2_masquerade,3036,1262,1774,0.5843214756258235,0.36881496881496884,0.0,1.0,1.0,0,1262,0,1774
rule_0p10,123,capture,reverse_light_off_attack_3,4398,2500,1898,0.4315597999090496,0.3014612452350699,0.0,1.0,1.0,0,2500,0,1898
rule_0p10,123,capture,reverse_light_off_attack_3_masquerade,4322,2500,1822,0.42156409069875056,0.2965494791666667,0.0,1.0,1.0,0,2500,0,1822
rule_0p10,123,capture,reverse_light_on_attack_1,4160,2604,1556,0.37403846153846154,0.2722183344996501,0.0,1.0,1.0,0,2604,0,1556
rule_0p10,123,capture,reverse_light_on_attack_1_masquerade,4098,2604,1494,0.3645680819912152,0.26716738197424894,0.0,1.0,1.0,0,2604,0,1494
rule_0p10,123,capture,reverse_light_on_attack_2,5495,2619,2876,0.5233848953594177,0.3435670768128061,0.0,1.0,1.0,0,2619,0,2876
rule_0p10,123,capture,reverse_light_on_attack_2_masquerade,5380,2619,2761,0.5131970260223049,0.3391475248740941,0.0,1.0,1.0,0,2619,0,2761
rule_0p10,123,capture,reverse_light_on_attack_3,4873,3040,1833,0.3761543197209111,0.27333730987175664,0.0,1.0,1.0,0,3040,0,1833
rule_0p10,123,capture,reverse_light_on_attack_3_masquerade,4800,3040,1760,0.36666666666666664,0.2682926829268293,0.0,1.0,1.0,0,3040,0,1760
rule_0p30,7,all,all,856605,808854,47751,0.05574447966098727,0.05280110929766596,0.0,1.0,1.0,0,808854,0,47751
rule_0p30,7,axis,ambient,754630,754630,0,0.0,0.0,0.0,1.0,,0,754630,0,0
rule_0p30,7,axis,correlated_signal|fabrication,6013,1735,4278,0.7114585065691003,0.4157030414925663,0.0,1.0,1.0,0,1735,0,4278
rule_0p30,7,axis,correlated_signal|masquerade,5841,1736,4105,0.7027906180448553,0.41272873516991754,0.0,1.0,1.0,0,1736,0,4105
rule_0p30,7,axis,fuzzing|fabrication,2955,2470,485,0.16412859560067683,0.14098837209302326,0.0,1.0,1.0,0,2470,0,485
rule_0p30,7,axis,max_engine_coolant_temp|fabrication,1932,1760,172,0.08902691511387163,0.0817490494296578,0.0,1.0,1.0,0,1760,0,172
rule_0p30,7,axis,max_engine_coolant_temp|masquerade,1930,1758,172,0.08911917098445596,0.0818268315889629,0.0,1.0,1.0,0,1758,0,172
rule_0p30,7,axis,max_speedometer|fabrication,17891,8766,9125,0.510032977474708,0.33776280722534796,0.0,1.0,1.0,0,8766,0,9125
rule_0p30,7,axis,max_speedometer|masquerade,17526,8767,8759,0.49977176765947734,0.3332318813011223,0.0,1.0,1.0,0,8767,0,8759
rule_0p30,7,axis,reverse_light_off|fabrication,9626,5353,4273,0.4439019322667775,0.3074321893661415,0.0,1.0,1.0,0,5353,0,4273
rule_0p30,7,axis,reverse_light_off|masquerade,9455,5353,4102,0.4338445267054469,0.30257431585158956,0.0,1.0,1.0,0,5353,0,4102
rule_0p30,7,axis,reverse_light_on|fabrication,14528,8263,6265,0.4312362334801762,0.3013033232337806,0.0,1.0,1.0,0,8263,0,6265
rule_0p30,7,axis,reverse_light_on|masquerade,14278,8263,6015,0.421277489844516,0.29640762824619327,0.0,1.0,1.0,0,8263,0,6015
rule_0p30,7,capture,ambient_dyno_drive_basic_long,93474,93474,0,0.0,0.0,0.0,1.0,,0,93474,0,0
rule_0p30,7,capture,ambient_dyno_drive_basic_short,33235,33235,0,0.0,0.0,0.0,1.0,,0,33235,0,0
rule_0p30,7,capture,ambient_dyno_drive_benign_anomaly,24106,24106,0,0.0,0.0,0.0,1.0,,0,24106,0,0
rule_0p30,7,capture,ambient_dyno_drive_extended_long,44503,44503,0,0.0,0.0,0.0,1.0,,0,44503,0,0
rule_0p30,7,capture,ambient_dyno_drive_extended_short,24698,24698,0,0.0,0.0,0.0,1.0,,0,24698,0,0
rule_0p30,7,capture,ambient_dyno_drive_radio_infotainment,29148,29148,0,0.0,0.0,0.0,1.0,,0,29148,0,0
rule_0p30,7,capture,ambient_dyno_drive_winter,3564,3564,0,0.0,0.0,0.0,1.0,,0,3564,0,0
rule_0p30,7,capture,ambient_dyno_exercise_all_bits,138103,138103,0,0.0,0.0,0.0,1.0,,0,138103,0,0
rule_0p30,7,capture,ambient_dyno_idle_radio_infotainment,49131,49131,0,0.0,0.0,0.0,1.0,,0,49131,0,0
rule_0p30,7,capture,ambient_dyno_reverse,3842,3842,0,0.0,0.0,0.0,1.0,,0,3842,0,0
rule_0p30,7,capture,ambient_highway_street_driving_diagnostics,35145,35145,0,0.0,0.0,0.0,1.0,,0,35145,0,0
rule_0p30,7,capture,ambient_highway_street_driving_long,275681,275681,0,0.0,0.0,0.0,1.0,,0,275681,0,0
rule_0p30,7,capture,correlated_signal_attack_1,2536,909,1627,0.6415615141955836,0.39082392505404756,0.0,1.0,1.0,0,909,0,1627
rule_0p30,7,capture,correlated_signal_attack_1_masquerade,2471,909,1562,0.632132739781465,0.38730473592858916,0.0,1.0,1.0,0,909,0,1562
rule_0p30,7,capture,correlated_signal_attack_2,2173,507,1666,0.7666820064427059,0.4339671789528523,0.0,1.0,1.0,0,507,0,1666
rule_0p30,7,capture,correlated_signal_attack_2_masquerade,2106,507,1599,0.7592592592592593,0.43157894736842106,0.0,1.0,1.0,0,507,0,1599
rule_0p30,7,capture,correlated_signal_attack_3,1304,319,985,0.7553680981595092,0.4303189165574487,0.0,1.0,1.0,0,319,0,985
rule_0p30,7,capture,correlated_signal_attack_3_masquerade,1264,320,944,0.7468354430379747,0.427536231884058,0.0,1.0,1.0,0,320,0,944
rule_0p30,7,capture,fuzzing_attack_1,1538,1266,272,0.17685305591677503,0.15027624309392265,0.0,1.0,1.0,0,1266,0,272
rule_0p30,7,capture,fuzzing_attack_2,1007,847,160,0.15888778550148958,0.13710368466152528,0.0,1.0,1.0,0,847,0,160
rule_0p30,7,capture,fuzzing_attack_3,410,357,53,0.12926829268292683,0.11447084233261338,0.0,1.0,1.0,0,357,0,53
rule_0p30,7,capture,max_engine_coolant_temp_attack,1932,1760,172,0.08902691511387163,0.0817490494296578,0.0,1.0,1.0,0,1760,0,172
rule_0p30,7,capture,max_engine_coolant_temp_attack_masquerade,1930,1758,172,0.08911917098445596,0.0818268315889629,0.0,1.0,1.0,0,1758,0,172
rule_0p30,7,capture,max_speedometer_attack_1,6665,4744,1921,0.2882220555138785,0.2237363149312835,0.0,1.0,1.0,0,4744,0,1921
rule_0p30,7,capture,max_speedometer_attack_1_masquerade,6589,4745,1844,0.2798603733495219,0.21866476935847268,0.0,1.0,1.0,0,4745,0,1844
rule_0p30,7,capture,max_speedometer_attack_2,4556,2109,2447,0.5370939420544337,0.34942167642438954,0.0,1.0,1.0,0,2109,0,2447
rule_0p30,7,capture,max_speedometer_attack_2_masquerade,4458,2109,2349,0.5269179004037685,0.34508594094314676,0.0,1.0,1.0,0,2109,0,2349
rule_0p30,7,capture,max_speedometer_attack_3,6670,1913,4757,0.7131934032983508,0.4162947405268224,0.0,1.0,1.0,0,1913,0,4757
rule_0p30,7,capture,max_speedometer_attack_3_masquerade,6479,1913,4566,0.7047383855533261,0.4133997283838841,0.0,1.0,1.0,0,1913,0,4566
rule_0p30,7,capture,reverse_light_off_attack_1,2118,1591,527,0.24881964117091596,0.19924385633270322,0.0,1.0,1.0,0,1591,0,527
rule_0p30,7,capture,reverse_light_off_attack_1_masquerade,2097,1591,506,0.2412970910824988,0.19439108720706877,0.0,1.0,1.0,0,1591,0,506
rule_0p30,7,capture,reverse_light_off_attack_2,3110,1262,1848,0.5942122186495177,0.372730939895119,0.0,1.0,1.0,0,1262,0,1848
rule_0p30,7,capture,reverse_light_off_attack_2_masquerade,3036,1262,1774,0.5843214756258235,0.36881496881496884,0.0,1.0,1.0,0,1262,0,1774
rule_0p30,7,capture,reverse_light_off_attack_3,4398,2500,1898,0.4315597999090496,0.3014612452350699,0.0,1.0,1.0,0,2500,0,1898
rule_0p30,7,capture,reverse_light_off_attack_3_masquerade,4322,2500,1822,0.42156409069875056,0.2965494791666667,0.0,1.0,1.0,0,2500,0,1822
rule_0p30,7,capture,reverse_light_on_attack_1,4160,2604,1556,0.37403846153846154,0.2722183344996501,0.0,1.0,1.0,0,2604,0,1556
rule_0p30,7,capture,reverse_light_on_attack_1_masquerade,4098,2604,1494,0.3645680819912152,0.26716738197424894,0.0,1.0,1.0,0,2604,0,1494
rule_0p30,7,capture,reverse_light_on_attack_2,5495,2619,2876,0.5233848953594177,0.3435670768128061,0.0,1.0,1.0,0,2619,0,2876
rule_0p30,7,capture,reverse_light_on_attack_2_masquerade,5380,2619,2761,0.5131970260223049,0.3391475248740941,0.0,1.0,1.0,0,2619,0,2761
rule_0p30,7,capture,reverse_light_on_attack_3,4873,3040,1833,0.3761543197209111,0.27333730987175664,0.0,1.0,1.0,0,3040,0,1833
rule_0p30,7,capture,reverse_light_on_attack_3_masquerade,4800,3040,1760,0.36666666666666664,0.2682926829268293,0.0,1.0,1.0,0,3040,0,1760
rule_0p30,42,all,all,856605,808854,47751,0.05574447966098727,0.05280110929766596,0.0,1.0,1.0,0,808854,0,47751
rule_0p30,42,axis,ambient,754630,754630,0,0.0,0.0,0.0,1.0,,0,754630,0,0
rule_0p30,42,axis,correlated_signal|fabrication,6013,1735,4278,0.7114585065691003,0.4157030414925663,0.0,1.0,1.0,0,1735,0,4278
rule_0p30,42,axis,correlated_signal|masquerade,5841,1736,4105,0.7027906180448553,0.41272873516991754,0.0,1.0,1.0,0,1736,0,4105
rule_0p30,42,axis,fuzzing|fabrication,2955,2470,485,0.16412859560067683,0.14098837209302326,0.0,1.0,1.0,0,2470,0,485
rule_0p30,42,axis,max_engine_coolant_temp|fabrication,1932,1760,172,0.08902691511387163,0.0817490494296578,0.0,1.0,1.0,0,1760,0,172
rule_0p30,42,axis,max_engine_coolant_temp|masquerade,1930,1758,172,0.08911917098445596,0.0818268315889629,0.0,1.0,1.0,0,1758,0,172
rule_0p30,42,axis,max_speedometer|fabrication,17891,8766,9125,0.510032977474708,0.33776280722534796,0.0,1.0,1.0,0,8766,0,9125
rule_0p30,42,axis,max_speedometer|masquerade,17526,8767,8759,0.49977176765947734,0.3332318813011223,0.0,1.0,1.0,0,8767,0,8759
rule_0p30,42,axis,reverse_light_off|fabrication,9626,5353,4273,0.4439019322667775,0.3074321893661415,0.0,1.0,1.0,0,5353,0,4273
rule_0p30,42,axis,reverse_light_off|masquerade,9455,5353,4102,0.4338445267054469,0.30257431585158956,0.0,1.0,1.0,0,5353,0,4102
rule_0p30,42,axis,reverse_light_on|fabrication,14528,8263,6265,0.4312362334801762,0.3013033232337806,0.0,1.0,1.0,0,8263,0,6265
rule_0p30,42,axis,reverse_light_on|masquerade,14278,8263,6015,0.421277489844516,0.29640762824619327,0.0,1.0,1.0,0,8263,0,6015
rule_0p30,42,capture,ambient_dyno_drive_basic_long,93474,93474,0,0.0,0.0,0.0,1.0,,0,93474,0,0
rule_0p30,42,capture,ambient_dyno_drive_basic_short,33235,33235,0,0.0,0.0,0.0,1.0,,0,33235,0,0
rule_0p30,42,capture,ambient_dyno_drive_benign_anomaly,24106,24106,0,0.0,0.0,0.0,1.0,,0,24106,0,0
rule_0p30,42,capture,ambient_dyno_drive_extended_long,44503,44503,0,0.0,0.0,0.0,1.0,,0,44503,0,0
rule_0p30,42,capture,ambient_dyno_drive_extended_short,24698,24698,0,0.0,0.0,0.0,1.0,,0,24698,0,0
rule_0p30,42,capture,ambient_dyno_drive_radio_infotainment,29148,29148,0,0.0,0.0,0.0,1.0,,0,29148,0,0
rule_0p30,42,capture,ambient_dyno_drive_winter,3564,3564,0,0.0,0.0,0.0,1.0,,0,3564,0,0
rule_0p30,42,capture,ambient_dyno_exercise_all_bits,138103,138103,0,0.0,0.0,0.0,1.0,,0,138103,0,0
rule_0p30,42,capture,ambient_dyno_idle_radio_infotainment,49131,49131,0,0.0,0.0,0.0,1.0,,0,49131,0,0
rule_0p30,42,capture,ambient_dyno_reverse,3842,3842,0,0.0,0.0,0.0,1.0,,0,3842,0,0
rule_0p30,42,capture,ambient_highway_street_driving_diagnostics,35145,35145,0,0.0,0.0,0.0,1.0,,0,35145,0,0
rule_0p30,42,capture,ambient_highway_street_driving_long,275681,275681,0,0.0,0.0,0.0,1.0,,0,275681,0,0
rule_0p30,42,capture,correlated_signal_attack_1,2536,909,1627,0.6415615141955836,0.39082392505404756,0.0,1.0,1.0,0,909,0,1627
rule_0p30,42,capture,correlated_signal_attack_1_masquerade,2471,909,1562,0.632132739781465,0.38730473592858916,0.0,1.0,1.0,0,909,0,1562
rule_0p30,42,capture,correlated_signal_attack_2,2173,507,1666,0.7666820064427059,0.4339671789528523,0.0,1.0,1.0,0,507,0,1666
rule_0p30,42,capture,correlated_signal_attack_2_masquerade,2106,507,1599,0.7592592592592593,0.43157894736842106,0.0,1.0,1.0,0,507,0,1599
rule_0p30,42,capture,correlated_signal_attack_3,1304,319,985,0.7553680981595092,0.4303189165574487,0.0,1.0,1.0,0,319,0,985
rule_0p30,42,capture,correlated_signal_attack_3_masquerade,1264,320,944,0.7468354430379747,0.427536231884058,0.0,1.0,1.0,0,320,0,944
rule_0p30,42,capture,fuzzing_attack_1,1538,1266,272,0.17685305591677503,0.15027624309392265,0.0,1.0,1.0,0,1266,0,272
rule_0p30,42,capture,fuzzing_attack_2,1007,847,160,0.15888778550148958,0.13710368466152528,0.0,1.0,1.0,0,847,0,160
rule_0p30,42,capture,fuzzing_attack_3,410,357,53,0.12926829268292683,0.11447084233261338,0.0,1.0,1.0,0,357,0,53
rule_0p30,42,capture,max_engine_coolant_temp_attack,1932,1760,172,0.08902691511387163,0.0817490494296578,0.0,1.0,1.0,0,1760,0,172
rule_0p30,42,capture,max_engine_coolant_temp_attack_masquerade,1930,1758,172,0.08911917098445596,0.0818268315889629,0.0,1.0,1.0,0,1758,0,172
rule_0p30,42,capture,max_speedometer_attack_1,6665,4744,1921,0.2882220555138785,0.2237363149312835,0.0,1.0,1.0,0,4744,0,1921
rule_0p30,42,capture,max_speedometer_attack_1_masquerade,6589,4745,1844,0.2798603733495219,0.21866476935847268,0.0,1.0,1.0,0,4745,0,1844
rule_0p30,42,capture,max_speedometer_attack_2,4556,2109,2447,0.5370939420544337,0.34942167642438954,0.0,1.0,1.0,0,2109,0,2447
rule_0p30,42,capture,max_speedometer_attack_2_masquerade,4458,2109,2349,0.5269179004037685,0.34508594094314676,0.0,1.0,1.0,0,2109,0,2349
rule_0p30,42,capture,max_speedometer_attack_3,6670,1913,4757,0.7131934032983508,0.4162947405268224,0.0,1.0,1.0,0,1913,0,4757
rule_0p30,42,capture,max_speedometer_attack_3_masquerade,6479,1913,4566,0.7047383855533261,0.4133997283838841,0.0,1.0,1.0,0,1913,0,4566
rule_0p30,42,capture,reverse_light_off_attack_1,2118,1591,527,0.24881964117091596,0.19924385633270322,0.0,1.0,1.0,0,1591,0,527
rule_0p30,42,capture,reverse_light_off_attack_1_masquerade,2097,1591,506,0.2412970910824988,0.19439108720706877,0.0,1.0,1.0,0,1591,0,506
rule_0p30,42,capture,reverse_light_off_attack_2,3110,1262,1848,0.5942122186495177,0.372730939895119,0.0,1.0,1.0,0,1262,0,1848
rule_0p30,42,capture,reverse_light_off_attack_2_masquerade,3036,1262,1774,0.5843214756258235,0.36881496881496884,0.0,1.0,1.0,0,1262,0,1774
rule_0p30,42,capture,reverse_light_off_attack_3,4398,2500,1898,0.4315597999090496,0.3014612452350699,0.0,1.0,1.0,0,2500,0,1898
rule_0p30,42,capture,reverse_light_off_attack_3_masquerade,4322,2500,1822,0.42156409069875056,0.2965494791666667,0.0,1.0,1.0,0,2500,0,1822
rule_0p30,42,capture,reverse_light_on_attack_1,4160,2604,1556,0.37403846153846154,0.2722183344996501,0.0,1.0,1.0,0,2604,0,1556
rule_0p30,42,capture,reverse_light_on_attack_1_masquerade,4098,2604,1494,0.3645680819912152,0.26716738197424894,0.0,1.0,1.0,0,2604,0,1494
rule_0p30,42,capture,reverse_light_on_attack_2,5495,2619,2876,0.5233848953594177,0.3435670768128061,0.0,1.0,1.0,0,2619,0,2876
rule_0p30,42,capture,reverse_light_on_attack_2_masquerade,5380,2619,2761,0.5131970260223049,0.3391475248740941,0.0,1.0,1.0,0,2619,0,2761
rule_0p30,42,capture,reverse_light_on_attack_3,4873,3040,1833,0.3761543197209111,0.27333730987175664,0.0,1.0,1.0,0,3040,0,1833
rule_0p30,42,capture,reverse_light_on_attack_3_masquerade,4800,3040,1760,0.36666666666666664,0.2682926829268293,0.0,1.0,1.0,0,3040,0,1760
rule_0p30,123,all,all,856605,808854,47751,0.05574447966098727,0.05280110929766596,0.0,1.0,1.0,0,808854,0,47751
rule_0p30,123,axis,ambient,754630,754630,0,0.0,0.0,0.0,1.0,,0,754630,0,0
rule_0p30,123,axis,correlated_signal|fabrication,6013,1735,4278,0.7114585065691003,0.4157030414925663,0.0,1.0,1.0,0,1735,0,4278
rule_0p30,123,axis,correlated_signal|masquerade,5841,1736,4105,0.7027906180448553,0.41272873516991754,0.0,1.0,1.0,0,1736,0,4105
rule_0p30,123,axis,fuzzing|fabrication,2955,2470,485,0.16412859560067683,0.14098837209302326,0.0,1.0,1.0,0,2470,0,485
rule_0p30,123,axis,max_engine_coolant_temp|fabrication,1932,1760,172,0.08902691511387163,0.0817490494296578,0.0,1.0,1.0,0,1760,0,172
rule_0p30,123,axis,max_engine_coolant_temp|masquerade,1930,1758,172,0.08911917098445596,0.0818268315889629,0.0,1.0,1.0,0,1758,0,172
rule_0p30,123,axis,max_speedometer|fabrication,17891,8766,9125,0.510032977474708,0.33776280722534796,0.0,1.0,1.0,0,8766,0,9125
rule_0p30,123,axis,max_speedometer|masquerade,17526,8767,8759,0.49977176765947734,0.3332318813011223,0.0,1.0,1.0,0,8767,0,8759
rule_0p30,123,axis,reverse_light_off|fabrication,9626,5353,4273,0.4439019322667775,0.3074321893661415,0.0,1.0,1.0,0,5353,0,4273
rule_0p30,123,axis,reverse_light_off|masquerade,9455,5353,4102,0.4338445267054469,0.30257431585158956,0.0,1.0,1.0,0,5353,0,4102
rule_0p30,123,axis,reverse_light_on|fabrication,14528,8263,6265,0.4312362334801762,0.3013033232337806,0.0,1.0,1.0,0,8263,0,6265
rule_0p30,123,axis,reverse_light_on|masquerade,14278,8263,6015,0.421277489844516,0.29640762824619327,0.0,1.0,1.0,0,8263,0,6015
rule_0p30,123,capture,ambient_dyno_drive_basic_long,93474,93474,0,0.0,0.0,0.0,1.0,,0,93474,0,0
rule_0p30,123,capture,ambient_dyno_drive_basic_short,33235,33235,0,0.0,0.0,0.0,1.0,,0,33235,0,0
rule_0p30,123,capture,ambient_dyno_drive_benign_anomaly,24106,24106,0,0.0,0.0,0.0,1.0,,0,24106,0,0
rule_0p30,123,capture,ambient_dyno_drive_extended_long,44503,44503,0,0.0,0.0,0.0,1.0,,0,44503,0,0
rule_0p30,123,capture,ambient_dyno_drive_extended_short,24698,24698,0,0.0,0.0,0.0,1.0,,0,24698,0,0
rule_0p30,123,capture,ambient_dyno_drive_radio_infotainment,29148,29148,0,0.0,0.0,0.0,1.0,,0,29148,0,0
rule_0p30,123,capture,ambient_dyno_drive_winter,3564,3564,0,0.0,0.0,0.0,1.0,,0,3564,0,0
rule_0p30,123,capture,ambient_dyno_exercise_all_bits,138103,138103,0,0.0,0.0,0.0,1.0,,0,138103,0,0
rule_0p30,123,capture,ambient_dyno_idle_radio_infotainment,49131,49131,0,0.0,0.0,0.0,1.0,,0,49131,0,0
rule_0p30,123,capture,ambient_dyno_reverse,3842,3842,0,0.0,0.0,0.0,1.0,,0,3842,0,0
rule_0p30,123,capture,ambient_highway_street_driving_diagnostics,35145,35145,0,0.0,0.0,0.0,1.0,,0,35145,0,0
rule_0p30,123,capture,ambient_highway_street_driving_long,275681,275681,0,0.0,0.0,0.0,1.0,,0,275681,0,0
rule_0p30,123,capture,correlated_signal_attack_1,2536,909,1627,0.6415615141955836,0.39082392505404756,0.0,1.0,1.0,0,909,0,1627
rule_0p30,123,capture,correlated_signal_attack_1_masquerade,2471,909,1562,0.632132739781465,0.38730473592858916,0.0,1.0,1.0,0,909,0,1562
rule_0p30,123,capture,correlated_signal_attack_2,2173,507,1666,0.7666820064427059,0.4339671789528523,0.0,1.0,1.0,0,507,0,1666
rule_0p30,123,capture,correlated_signal_attack_2_masquerade,2106,507,1599,0.7592592592592593,0.43157894736842106,0.0,1.0,1.0,0,507,0,1599
rule_0p30,123,capture,correlated_signal_attack_3,1304,319,985,0.7553680981595092,0.4303189165574487,0.0,1.0,1.0,0,319,0,985
rule_0p30,123,capture,correlated_signal_attack_3_masquerade,1264,320,944,0.7468354430379747,0.427536231884058,0.0,1.0,1.0,0,320,0,944
rule_0p30,123,capture,fuzzing_attack_1,1538,1266,272,0.17685305591677503,0.15027624309392265,0.0,1.0,1.0,0,1266,0,272
rule_0p30,123,capture,fuzzing_attack_2,1007,847,160,0.15888778550148958,0.13710368466152528,0.0,1.0,1.0,0,847,0,160
rule_0p30,123,capture,fuzzing_attack_3,410,357,53,0.12926829268292683,0.11447084233261338,0.0,1.0,1.0,0,357,0,53
rule_0p30,123,capture,max_engine_coolant_temp_attack,1932,1760,172,0.08902691511387163,0.0817490494296578,0.0,1.0,1.0,0,1760,0,172
rule_0p30,123,capture,max_engine_coolant_temp_attack_masquerade,1930,1758,172,0.08911917098445596,0.0818268315889629,0.0,1.0,1.0,0,1758,0,172
rule_0p30,123,capture,max_speedometer_attack_1,6665,4744,1921,0.2882220555138785,0.2237363149312835,0.0,1.0,1.0,0,4744,0,1921
rule_0p30,123,capture,max_speedometer_attack_1_masquerade,6589,4745,1844,0.2798603733495219,0.21866476935847268,0.0,1.0,1.0,0,4745,0,1844
rule_0p30,123,capture,max_speedometer_attack_2,4556,2109,2447,0.5370939420544337,0.34942167642438954,0.0,1.0,1.0,0,2109,0,2447
rule_0p30,123,capture,max_speedometer_attack_2_masquerade,4458,2109,2349,0.5269179004037685,0.34508594094314676,0.0,1.0,1.0,0,2109,0,2349
rule_0p30,123,capture,max_speedometer_attack_3,6670,1913,4757,0.7131934032983508,0.4162947405268224,0.0,1.0,1.0,0,1913,0,4757
rule_0p30,123,capture,max_speedometer_attack_3_masquerade,6479,1913,4566,0.7047383855533261,0.4133997283838841,0.0,1.0,1.0,0,1913,0,4566
rule_0p30,123,capture,reverse_light_off_attack_1,2118,1591,527,0.24881964117091596,0.19924385633270322,0.0,1.0,1.0,0,1591,0,527
rule_0p30,123,capture,reverse_light_off_attack_1_masquerade,2097,1591,506,0.2412970910824988,0.19439108720706877,0.0,1.0,1.0,0,1591,0,506
rule_0p30,123,capture,reverse_light_off_attack_2,3110,1262,1848,0.5942122186495177,0.372730939895119,0.0,1.0,1.0,0,1262,0,1848
rule_0p30,123,capture,reverse_light_off_attack_2_masquerade,3036,1262,1774,0.5843214756258235,0.36881496881496884,0.0,1.0,1.0,0,1262,0,1774
rule_0p30,123,capture,reverse_light_off_attack_3,4398,2500,1898,0.4315597999090496,0.3014612452350699,0.0,1.0,1.0,0,2500,0,1898
rule_0p30,123,capture,reverse_light_off_attack_3_masquerade,4322,2500,1822,0.42156409069875056,0.2965494791666667,0.0,1.0,1.0,0,2500,0,1822
rule_0p30,123,capture,reverse_light_on_attack_1,4160,2604,1556,0.37403846153846154,0.2722183344996501,0.0,1.0,1.0,0,2604,0,1556
rule_0p30,123,capture,reverse_light_on_attack_1_masquerade,4098,2604,1494,0.3645680819912152,0.26716738197424894,0.0,1.0,1.0,0,2604,0,1494
rule_0p30,123,capture,reverse_light_on_attack_2,5495,2619,2876,0.5233848953594177,0.3435670768128061,0.0,1.0,1.0,0,2619,0,2876
rule_0p30,123,capture,reverse_light_on_attack_2_masquerade,5380,2619,2761,0.5131970260223049,0.3391475248740941,0.0,1.0,1.0,0,2619,0,2761
rule_0p30,123,capture,reverse_light_on_attack_3,4873,3040,1833,0.3761543197209111,0.27333730987175664,0.0,1.0,1.0,0,3040,0,1833
rule_0p30,123,capture,reverse_light_on_attack_3_masquerade,4800,3040,1760,0.36666666666666664,0.2682926829268293,0.0,1.0,1.0,0,3040,0,1760
rule_0p50,7,all,all,856605,808854,47751,0.05574447966098727,0.05280110929766596,0.0,1.0,1.0,0,808854,0,47751
rule_0p50,7,axis,ambient,754630,754630,0,0.0,0.0,0.0,1.0,,0,754630,0,0
rule_0p50,7,axis,correlated_signal|fabrication,6013,1735,4278,0.7114585065691003,0.4157030414925663,0.0,1.0,1.0,0,1735,0,4278
rule_0p50,7,axis,correlated_signal|masquerade,5841,1736,4105,0.7027906180448553,0.41272873516991754,0.0,1.0,1.0,0,1736,0,4105
rule_0p50,7,axis,fuzzing|fabrication,2955,2470,485,0.16412859560067683,0.14098837209302326,0.0,1.0,1.0,0,2470,0,485
rule_0p50,7,axis,max_engine_coolant_temp|fabrication,1932,1760,172,0.08902691511387163,0.0817490494296578,0.0,1.0,1.0,0,1760,0,172
rule_0p50,7,axis,max_engine_coolant_temp|masquerade,1930,1758,172,0.08911917098445596,0.0818268315889629,0.0,1.0,1.0,0,1758,0,172
rule_0p50,7,axis,max_speedometer|fabrication,17891,8766,9125,0.510032977474708,0.33776280722534796,0.0,1.0,1.0,0,8766,0,9125
rule_0p50,7,axis,max_speedometer|masquerade,17526,8767,8759,0.49977176765947734,0.3332318813011223,0.0,1.0,1.0,0,8767,0,8759
rule_0p50,7,axis,reverse_light_off|fabrication,9626,5353,4273,0.4439019322667775,0.3074321893661415,0.0,1.0,1.0,0,5353,0,4273
rule_0p50,7,axis,reverse_light_off|masquerade,9455,5353,4102,0.4338445267054469,0.30257431585158956,0.0,1.0,1.0,0,5353,0,4102
rule_0p50,7,axis,reverse_light_on|fabrication,14528,8263,6265,0.4312362334801762,0.3013033232337806,0.0,1.0,1.0,0,8263,0,6265
rule_0p50,7,axis,reverse_light_on|masquerade,14278,8263,6015,0.421277489844516,0.29640762824619327,0.0,1.0,1.0,0,8263,0,6015
rule_0p50,7,capture,ambient_dyno_drive_basic_long,93474,93474,0,0.0,0.0,0.0,1.0,,0,93474,0,0
rule_0p50,7,capture,ambient_dyno_drive_basic_short,33235,33235,0,0.0,0.0,0.0,1.0,,0,33235,0,0
rule_0p50,7,capture,ambient_dyno_drive_benign_anomaly,24106,24106,0,0.0,0.0,0.0,1.0,,0,24106,0,0
rule_0p50,7,capture,ambient_dyno_drive_extended_long,44503,44503,0,0.0,0.0,0.0,1.0,,0,44503,0,0
rule_0p50,7,capture,ambient_dyno_drive_extended_short,24698,24698,0,0.0,0.0,0.0,1.0,,0,24698,0,0
rule_0p50,7,capture,ambient_dyno_drive_radio_infotainment,29148,29148,0,0.0,0.0,0.0,1.0,,0,29148,0,0
rule_0p50,7,capture,ambient_dyno_drive_winter,3564,3564,0,0.0,0.0,0.0,1.0,,0,3564,0,0
rule_0p50,7,capture,ambient_dyno_exercise_all_bits,138103,138103,0,0.0,0.0,0.0,1.0,,0,138103,0,0
rule_0p50,7,capture,ambient_dyno_idle_radio_infotainment,49131,49131,0,0.0,0.0,0.0,1.0,,0,49131,0,0
rule_0p50,7,capture,ambient_dyno_reverse,3842,3842,0,0.0,0.0,0.0,1.0,,0,3842,0,0
rule_0p50,7,capture,ambient_highway_street_driving_diagnostics,35145,35145,0,0.0,0.0,0.0,1.0,,0,35145,0,0
rule_0p50,7,capture,ambient_highway_street_driving_long,275681,275681,0,0.0,0.0,0.0,1.0,,0,275681,0,0
rule_0p50,7,capture,correlated_signal_attack_1,2536,909,1627,0.6415615141955836,0.39082392505404756,0.0,1.0,1.0,0,909,0,1627
rule_0p50,7,capture,correlated_signal_attack_1_masquerade,2471,909,1562,0.632132739781465,0.38730473592858916,0.0,1.0,1.0,0,909,0,1562
rule_0p50,7,capture,correlated_signal_attack_2,2173,507,1666,0.7666820064427059,0.4339671789528523,0.0,1.0,1.0,0,507,0,1666
rule_0p50,7,capture,correlated_signal_attack_2_masquerade,2106,507,1599,0.7592592592592593,0.43157894736842106,0.0,1.0,1.0,0,507,0,1599
rule_0p50,7,capture,correlated_signal_attack_3,1304,319,985,0.7553680981595092,0.4303189165574487,0.0,1.0,1.0,0,319,0,985
rule_0p50,7,capture,correlated_signal_attack_3_masquerade,1264,320,944,0.7468354430379747,0.427536231884058,0.0,1.0,1.0,0,320,0,944
rule_0p50,7,capture,fuzzing_attack_1,1538,1266,272,0.17685305591677503,0.15027624309392265,0.0,1.0,1.0,0,1266,0,272
rule_0p50,7,capture,fuzzing_attack_2,1007,847,160,0.15888778550148958,0.13710368466152528,0.0,1.0,1.0,0,847,0,160
rule_0p50,7,capture,fuzzing_attack_3,410,357,53,0.12926829268292683,0.11447084233261338,0.0,1.0,1.0,0,357,0,53
rule_0p50,7,capture,max_engine_coolant_temp_attack,1932,1760,172,0.08902691511387163,0.0817490494296578,0.0,1.0,1.0,0,1760,0,172
rule_0p50,7,capture,max_engine_coolant_temp_attack_masquerade,1930,1758,172,0.08911917098445596,0.0818268315889629,0.0,1.0,1.0,0,1758,0,172
rule_0p50,7,capture,max_speedometer_attack_1,6665,4744,1921,0.2882220555138785,0.2237363149312835,0.0,1.0,1.0,0,4744,0,1921
rule_0p50,7,capture,max_speedometer_attack_1_masquerade,6589,4745,1844,0.2798603733495219,0.21866476935847268,0.0,1.0,1.0,0,4745,0,1844
rule_0p50,7,capture,max_speedometer_attack_2,4556,2109,2447,0.5370939420544337,0.34942167642438954,0.0,1.0,1.0,0,2109,0,2447
rule_0p50,7,capture,max_speedometer_attack_2_masquerade,4458,2109,2349,0.5269179004037685,0.34508594094314676,0.0,1.0,1.0,0,2109,0,2349
rule_0p50,7,capture,max_speedometer_attack_3,6670,1913,4757,0.7131934032983508,0.4162947405268224,0.0,1.0,1.0,0,1913,0,4757
rule_0p50,7,capture,max_speedometer_attack_3_masquerade,6479,1913,4566,0.7047383855533261,0.4133997283838841,0.0,1.0,1.0,0,1913,0,4566
rule_0p50,7,capture,reverse_light_off_attack_1,2118,1591,527,0.24881964117091596,0.19924385633270322,0.0,1.0,1.0,0,1591,0,527
rule_0p50,7,capture,reverse_light_off_attack_1_masquerade,2097,1591,506,0.2412970910824988,0.19439108720706877,0.0,1.0,1.0,0,1591,0,506
rule_0p50,7,capture,reverse_light_off_attack_2,3110,1262,1848,0.5942122186495177,0.372730939895119,0.0,1.0,1.0,0,1262,0,1848
rule_0p50,7,capture,reverse_light_off_attack_2_masquerade,3036,1262,1774,0.5843214756258235,0.36881496881496884,0.0,1.0,1.0,0,1262,0,1774
rule_0p50,7,capture,reverse_light_off_attack_3,4398,2500,1898,0.4315597999090496,0.3014612452350699,0.0,1.0,1.0,0,2500,0,1898
rule_0p50,7,capture,reverse_light_off_attack_3_masquerade,4322,2500,1822,0.42156409069875056,0.2965494791666667,0.0,1.0,1.0,0,2500,0,1822
rule_0p50,7,capture,reverse_light_on_attack_1,4160,2604,1556,0.37403846153846154,0.2722183344996501,0.0,1.0,1.0,0,2604,0,1556
rule_0p50,7,capture,reverse_light_on_attack_1_masquerade,4098,2604,1494,0.3645680819912152,0.26716738197424894,0.0,1.0,1.0,0,2604,0,1494
rule_0p50,7,capture,reverse_light_on_attack_2,5495,2619,2876,0.5233848953594177,0.3435670768128061,0.0,1.0,1.0,0,2619,0,2876
rule_0p50,7,capture,reverse_light_on_attack_2_masquerade,5380,2619,2761,0.5131970260223049,0.3391475248740941,0.0,1.0,1.0,0,2619,0,2761
rule_0p50,7,capture,reverse_light_on_attack_3,4873,3040,1833,0.3761543197209111,0.27333730987175664,0.0,1.0,1.0,0,3040,0,1833
rule_0p50,7,capture,reverse_light_on_attack_3_masquerade,4800,3040,1760,0.36666666666666664,0.2682926829268293,0.0,1.0,1.0,0,3040,0,1760
rule_0p50,42,all,all,856605,808854,47751,0.05574447966098727,0.05280110929766596,0.0,1.0,1.0,0,808854,0,47751
rule_0p50,42,axis,ambient,754630,754630,0,0.0,0.0,0.0,1.0,,0,754630,0,0
rule_0p50,42,axis,correlated_signal|fabrication,6013,1735,4278,0.7114585065691003,0.4157030414925663,0.0,1.0,1.0,0,1735,0,4278
rule_0p50,42,axis,correlated_signal|masquerade,5841,1736,4105,0.7027906180448553,0.41272873516991754,0.0,1.0,1.0,0,1736,0,4105
rule_0p50,42,axis,fuzzing|fabrication,2955,2470,485,0.16412859560067683,0.14098837209302326,0.0,1.0,1.0,0,2470,0,485
rule_0p50,42,axis,max_engine_coolant_temp|fabrication,1932,1760,172,0.08902691511387163,0.0817490494296578,0.0,1.0,1.0,0,1760,0,172
rule_0p50,42,axis,max_engine_coolant_temp|masquerade,1930,1758,172,0.08911917098445596,0.0818268315889629,0.0,1.0,1.0,0,1758,0,172
rule_0p50,42,axis,max_speedometer|fabrication,17891,8766,9125,0.510032977474708,0.33776280722534796,0.0,1.0,1.0,0,8766,0,9125
rule_0p50,42,axis,max_speedometer|masquerade,17526,8767,8759,0.49977176765947734,0.3332318813011223,0.0,1.0,1.0,0,8767,0,8759
rule_0p50,42,axis,reverse_light_off|fabrication,9626,5353,4273,0.4439019322667775,0.3074321893661415,0.0,1.0,1.0,0,5353,0,4273
rule_0p50,42,axis,reverse_light_off|masquerade,9455,5353,4102,0.4338445267054469,0.30257431585158956,0.0,1.0,1.0,0,5353,0,4102
rule_0p50,42,axis,reverse_light_on|fabrication,14528,8263,6265,0.4312362334801762,0.3013033232337806,0.0,1.0,1.0,0,8263,0,6265
rule_0p50,42,axis,reverse_light_on|masquerade,14278,8263,6015,0.421277489844516,0.29640762824619327,0.0,1.0,1.0,0,8263,0,6015
rule_0p50,42,capture,ambient_dyno_drive_basic_long,93474,93474,0,0.0,0.0,0.0,1.0,,0,93474,0,0
rule_0p50,42,capture,ambient_dyno_drive_basic_short,33235,33235,0,0.0,0.0,0.0,1.0,,0,33235,0,0
rule_0p50,42,capture,ambient_dyno_drive_benign_anomaly,24106,24106,0,0.0,0.0,0.0,1.0,,0,24106,0,0
rule_0p50,42,capture,ambient_dyno_drive_extended_long,44503,44503,0,0.0,0.0,0.0,1.0,,0,44503,0,0
rule_0p50,42,capture,ambient_dyno_drive_extended_short,24698,24698,0,0.0,0.0,0.0,1.0,,0,24698,0,0
rule_0p50,42,capture,ambient_dyno_drive_radio_infotainment,29148,29148,0,0.0,0.0,0.0,1.0,,0,29148,0,0
rule_0p50,42,capture,ambient_dyno_drive_winter,3564,3564,0,0.0,0.0,0.0,1.0,,0,3564,0,0
rule_0p50,42,capture,ambient_dyno_exercise_all_bits,138103,138103,0,0.0,0.0,0.0,1.0,,0,138103,0,0
rule_0p50,42,capture,ambient_dyno_idle_radio_infotainment,49131,49131,0,0.0,0.0,0.0,1.0,,0,49131,0,0
rule_0p50,42,capture,ambient_dyno_reverse,3842,3842,0,0.0,0.0,0.0,1.0,,0,3842,0,0
rule_0p50,42,capture,ambient_highway_street_driving_diagnostics,35145,35145,0,0.0,0.0,0.0,1.0,,0,35145,0,0
rule_0p50,42,capture,ambient_highway_street_driving_long,275681,275681,0,0.0,0.0,0.0,1.0,,0,275681,0,0
rule_0p50,42,capture,correlated_signal_attack_1,2536,909,1627,0.6415615141955836,0.39082392505404756,0.0,1.0,1.0,0,909,0,1627
rule_0p50,42,capture,correlated_signal_attack_1_masquerade,2471,909,1562,0.632132739781465,0.38730473592858916,0.0,1.0,1.0,0,909,0,1562
rule_0p50,42,capture,correlated_signal_attack_2,2173,507,1666,0.7666820064427059,0.4339671789528523,0.0,1.0,1.0,0,507,0,1666
rule_0p50,42,capture,correlated_signal_attack_2_masquerade,2106,507,1599,0.7592592592592593,0.43157894736842106,0.0,1.0,1.0,0,507,0,1599
rule_0p50,42,capture,correlated_signal_attack_3,1304,319,985,0.7553680981595092,0.4303189165574487,0.0,1.0,1.0,0,319,0,985
rule_0p50,42,capture,correlated_signal_attack_3_masquerade,1264,320,944,0.7468354430379747,0.427536231884058,0.0,1.0,1.0,0,320,0,944
rule_0p50,42,capture,fuzzing_attack_1,1538,1266,272,0.17685305591677503,0.15027624309392265,0.0,1.0,1.0,0,1266,0,272
rule_0p50,42,capture,fuzzing_attack_2,1007,847,160,0.15888778550148958,0.13710368466152528,0.0,1.0,1.0,0,847,0,160
rule_0p50,42,capture,fuzzing_attack_3,410,357,53,0.12926829268292683,0.11447084233261338,0.0,1.0,1.0,0,357,0,53
rule_0p50,42,capture,max_engine_coolant_temp_attack,1932,1760,172,0.08902691511387163,0.0817490494296578,0.0,1.0,1.0,0,1760,0,172
rule_0p50,42,capture,max_engine_coolant_temp_attack_masquerade,1930,1758,172,0.08911917098445596,0.0818268315889629,0.0,1.0,1.0,0,1758,0,172
rule_0p50,42,capture,max_speedometer_attack_1,6665,4744,1921,0.2882220555138785,0.2237363149312835,0.0,1.0,1.0,0,4744,0,1921
rule_0p50,42,capture,max_speedometer_attack_1_masquerade,6589,4745,1844,0.2798603733495219,0.21866476935847268,0.0,1.0,1.0,0,4745,0,1844
rule_0p50,42,capture,max_speedometer_attack_2,4556,2109,2447,0.5370939420544337,0.34942167642438954,0.0,1.0,1.0,0,2109,0,2447
rule_0p50,42,capture,max_speedometer_attack_2_masquerade,4458,2109,2349,0.5269179004037685,0.34508594094314676,0.0,1.0,1.0,0,2109,0,2349
rule_0p50,42,capture,max_speedometer_attack_3,6670,1913,4757,0.7131934032983508,0.4162947405268224,0.0,1.0,1.0,0,1913,0,4757
rule_0p50,42,capture,max_speedometer_attack_3_masquerade,6479,1913,4566,0.7047383855533261,0.4133997283838841,0.0,1.0,1.0,0,1913,0,4566
rule_0p50,42,capture,reverse_light_off_attack_1,2118,1591,527,0.24881964117091596,0.19924385633270322,0.0,1.0,1.0,0,1591,0,527
rule_0p50,42,capture,reverse_light_off_attack_1_masquerade,2097,1591,506,0.2412970910824988,0.19439108720706877,0.0,1.0,1.0,0,1591,0,506
rule_0p50,42,capture,reverse_light_off_attack_2,3110,1262,1848,0.5942122186495177,0.372730939895119,0.0,1.0,1.0,0,1262,0,1848
rule_0p50,42,capture,reverse_light_off_attack_2_masquerade,3036,1262,1774,0.5843214756258235,0.36881496881496884,0.0,1.0,1.0,0,1262,0,1774
rule_0p50,42,capture,reverse_light_off_attack_3,4398,2500,1898,0.4315597999090496,0.3014612452350699,0.0,1.0,1.0,0,2500,0,1898
rule_0p50,42,capture,reverse_light_off_attack_3_masquerade,4322,2500,1822,0.42156409069875056,0.2965494791666667,0.0,1.0,1.0,0,2500,0,1822
rule_0p50,42,capture,reverse_light_on_attack_1,4160,2604,1556,0.37403846153846154,0.2722183344996501,0.0,1.0,1.0,0,2604,0,1556
rule_0p50,42,capture,reverse_light_on_attack_1_masquerade,4098,2604,1494,0.3645680819912152,0.26716738197424894,0.0,1.0,1.0,0,2604,0,1494
rule_0p50,42,capture,reverse_light_on_attack_2,5495,2619,2876,0.5233848953594177,0.3435670768128061,0.0,1.0,1.0,0,2619,0,2876
rule_0p50,42,capture,reverse_light_on_attack_2_masquerade,5380,2619,2761,0.5131970260223049,0.3391475248740941,0.0,1.0,1.0,0,2619,0,2761
rule_0p50,42,capture,reverse_light_on_attack_3,4873,3040,1833,0.3761543197209111,0.27333730987175664,0.0,1.0,1.0,0,3040,0,1833
rule_0p50,42,capture,reverse_light_on_attack_3_masquerade,4800,3040,1760,0.36666666666666664,0.2682926829268293,0.0,1.0,1.0,0,3040,0,1760
rule_0p50,123,all,all,856605,808854,47751,0.05574447966098727,0.05280110929766596,0.0,1.0,1.0,0,808854,0,47751
rule_0p50,123,axis,ambient,754630,754630,0,0.0,0.0,0.0,1.0,,0,754630,0,0
rule_0p50,123,axis,correlated_signal|fabrication,6013,1735,4278,0.7114585065691003,0.4157030414925663,0.0,1.0,1.0,0,1735,0,4278
rule_0p50,123,axis,correlated_signal|masquerade,5841,1736,4105,0.7027906180448553,0.41272873516991754,0.0,1.0,1.0,0,1736,0,4105
rule_0p50,123,axis,fuzzing|fabrication,2955,2470,485,0.16412859560067683,0.14098837209302326,0.0,1.0,1.0,0,2470,0,485
rule_0p50,123,axis,max_engine_coolant_temp|fabrication,1932,1760,172,0.08902691511387163,0.0817490494296578,0.0,1.0,1.0,0,1760,0,172
rule_0p50,123,axis,max_engine_coolant_temp|masquerade,1930,1758,172,0.08911917098445596,0.0818268315889629,0.0,1.0,1.0,0,1758,0,172
rule_0p50,123,axis,max_speedometer|fabrication,17891,8766,9125,0.510032977474708,0.33776280722534796,0.0,1.0,1.0,0,8766,0,9125
rule_0p50,123,axis,max_speedometer|masquerade,17526,8767,8759,0.49977176765947734,0.3332318813011223,0.0,1.0,1.0,0,8767,0,8759
rule_0p50,123,axis,reverse_light_off|fabrication,9626,5353,4273,0.4439019322667775,0.3074321893661415,0.0,1.0,1.0,0,5353,0,4273
rule_0p50,123,axis,reverse_light_off|masquerade,9455,5353,4102,0.4338445267054469,0.30257431585158956,0.0,1.0,1.0,0,5353,0,4102
rule_0p50,123,axis,reverse_light_on|fabrication,14528,8263,6265,0.4312362334801762,0.3013033232337806,0.0,1.0,1.0,0,8263,0,6265
rule_0p50,123,axis,reverse_light_on|masquerade,14278,8263,6015,0.421277489844516,0.29640762824619327,0.0,1.0,1.0,0,8263,0,6015
rule_0p50,123,capture,ambient_dyno_drive_basic_long,93474,93474,0,0.0,0.0,0.0,1.0,,0,93474,0,0
rule_0p50,123,capture,ambient_dyno_drive_basic_short,33235,33235,0,0.0,0.0,0.0,1.0,,0,33235,0,0
rule_0p50,123,capture,ambient_dyno_drive_benign_anomaly,24106,24106,0,0.0,0.0,0.0,1.0,,0,24106,0,0
rule_0p50,123,capture,ambient_dyno_drive_extended_long,44503,44503,0,0.0,0.0,0.0,1.0,,0,44503,0,0
rule_0p50,123,capture,ambient_dyno_drive_extended_short,24698,24698,0,0.0,0.0,0.0,1.0,,0,24698,0,0
rule_0p50,123,capture,ambient_dyno_drive_radio_infotainment,29148,29148,0,0.0,0.0,0.0,1.0,,0,29148,0,0
rule_0p50,123,capture,ambient_dyno_drive_winter,3564,3564,0,0.0,0.0,0.0,1.0,,0,3564,0,0
rule_0p50,123,capture,ambient_dyno_exercise_all_bits,138103,138103,0,0.0,0.0,0.0,1.0,,0,138103,0,0
rule_0p50,123,capture,ambient_dyno_idle_radio_infotainment,49131,49131,0,0.0,0.0,0.0,1.0,,0,49131,0,0
rule_0p50,123,capture,ambient_dyno_reverse,3842,3842,0,0.0,0.0,0.0,1.0,,0,3842,0,0
rule_0p50,123,capture,ambient_highway_street_driving_diagnostics,35145,35145,0,0.0,0.0,0.0,1.0,,0,35145,0,0
rule_0p50,123,capture,ambient_highway_street_driving_long,275681,275681,0,0.0,0.0,0.0,1.0,,0,275681,0,0
rule_0p50,123,capture,correlated_signal_attack_1,2536,909,1627,0.6415615141955836,0.39082392505404756,0.0,1.0,1.0,0,909,0,1627
rule_0p50,123,capture,correlated_signal_attack_1_masquerade,2471,909,1562,0.632132739781465,0.38730473592858916,0.0,1.0,1.0,0,909,0,1562
rule_0p50,123,capture,correlated_signal_attack_2,2173,507,1666,0.7666820064427059,0.4339671789528523,0.0,1.0,1.0,0,507,0,1666
rule_0p50,123,capture,correlated_signal_attack_2_masquerade,2106,507,1599,0.7592592592592593,0.43157894736842106,0.0,1.0,1.0,0,507,0,1599
rule_0p50,123,capture,correlated_signal_attack_3,1304,319,985,0.7553680981595092,0.4303189165574487,0.0,1.0,1.0,0,319,0,985
rule_0p50,123,capture,correlated_signal_attack_3_masquerade,1264,320,944,0.7468354430379747,0.427536231884058,0.0,1.0,1.0,0,320,0,944
rule_0p50,123,capture,fuzzing_attack_1,1538,1266,272,0.17685305591677503,0.15027624309392265,0.0,1.0,1.0,0,1266,0,272
rule_0p50,123,capture,fuzzing_attack_2,1007,847,160,0.15888778550148958,0.13710368466152528,0.0,1.0,1.0,0,847,0,160
rule_0p50,123,capture,fuzzing_attack_3,410,357,53,0.12926829268292683,0.11447084233261338,0.0,1.0,1.0,0,357,0,53
rule_0p50,123,capture,max_engine_coolant_temp_attack,1932,1760,172,0.08902691511387163,0.0817490494296578,0.0,1.0,1.0,0,1760,0,172
rule_0p50,123,capture,max_engine_coolant_temp_attack_masquerade,1930,1758,172,0.08911917098445596,0.0818268315889629,0.0,1.0,1.0,0,1758,0,172
rule_0p50,123,capture,max_speedometer_attack_1,6665,4744,1921,0.2882220555138785,0.2237363149312835,0.0,1.0,1.0,0,4744,0,1921
rule_0p50,123,capture,max_speedometer_attack_1_masquerade,6589,4745,1844,0.2798603733495219,0.21866476935847268,0.0,1.0,1.0,0,4745,0,1844
rule_0p50,123,capture,max_speedometer_attack_2,4556,2109,2447,0.5370939420544337,0.34942167642438954,0.0,1.0,1.0,0,2109,0,2447
rule_0p50,123,capture,max_speedometer_attack_2_masquerade,4458,2109,2349,0.5269179004037685,0.34508594094314676,0.0,1.0,1.0,0,2109,0,2349
rule_0p50,123,capture,max_speedometer_attack_3,6670,1913,4757,0.7131934032983508,0.4162947405268224,0.0,1.0,1.0,0,1913,0,4757
rule_0p50,123,capture,max_speedometer_attack_3_masquerade,6479,1913,4566,0.7047383855533261,0.4133997283838841,0.0,1.0,1.0,0,1913,0,4566
rule_0p50,123,capture,reverse_light_off_attack_1,2118,1591,527,0.24881964117091596,0.19924385633270322,0.0,1.0,1.0,0,1591,0,527
rule_0p50,123,capture,reverse_light_off_attack_1_masquerade,2097,1591,506,0.2412970910824988,0.19439108720706877,0.0,1.0,1.0,0,1591,0,506
rule_0p50,123,capture,reverse_light_off_attack_2,3110,1262,1848,0.5942122186495177,0.372730939895119,0.0,1.0,1.0,0,1262,0,1848
rule_0p50,123,capture,reverse_light_off_attack_2_masquerade,3036,1262,1774,0.5843214756258235,0.36881496881496884,0.0,1.0,1.0,0,1262,0,1774
rule_0p50,123,capture,reverse_light_off_attack_3,4398,2500,1898,0.4315597999090496,0.3014612452350699,0.0,1.0,1.0,0,2500,0,1898
rule_0p50,123,capture,reverse_light_off_attack_3_masquerade,4322,2500,1822,0.42156409069875056,0.2965494791666667,0.0,1.0,1.0,0,2500,0,1822
rule_0p50,123,capture,reverse_light_on_attack_1,4160,2604,1556,0.37403846153846154,0.2722183344996501,0.0,1.0,1.0,0,2604,0,1556
rule_0p50,123,capture,reverse_light_on_attack_1_masquerade,4098,2604,1494,0.3645680819912152,0.26716738197424894,0.0,1.0,1.0,0,2604,0,1494
rule_0p50,123,capture,reverse_light_on_attack_2,5495,2619,2876,0.5233848953594177,0.3435670768128061,0.0,1.0,1.0,0,2619,0,2876
rule_0p50,123,capture,reverse_light_on_attack_2_masquerade,5380,2619,2761,0.5131970260223049,0.3391475248740941,0.0,1.0,1.0,0,2619,0,2761
rule_0p50,123,capture,reverse_light_on_attack_3,4873,3040,1833,0.3761543197209111,0.27333730987175664,0.0,1.0,1.0,0,3040,0,1833
rule_0p50,123,capture,reverse_light_on_attack_3_masquerade,4800,3040,1760,0.36666666666666664,0.2682926829268293,0.0,1.0,1.0,0,3040,0,1760
rule_1p00,7,all,all,856605,808854,47751,0.05574447966098727,0.05280110929766596,0.0,1.0,1.0,0,808854,0,47751
rule_1p00,7,axis,ambient,754630,754630,0,0.0,0.0,0.0,1.0,,0,754630,0,0
rule_1p00,7,axis,correlated_signal|fabrication,6013,1735,4278,0.7114585065691003,0.4157030414925663,0.0,1.0,1.0,0,1735,0,4278
rule_1p00,7,axis,correlated_signal|masquerade,5841,1736,4105,0.7027906180448553,0.41272873516991754,0.0,1.0,1.0,0,1736,0,4105
rule_1p00,7,axis,fuzzing|fabrication,2955,2470,485,0.16412859560067683,0.14098837209302326,0.0,1.0,1.0,0,2470,0,485
rule_1p00,7,axis,max_engine_coolant_temp|fabrication,1932,1760,172,0.08902691511387163,0.0817490494296578,0.0,1.0,1.0,0,1760,0,172
rule_1p00,7,axis,max_engine_coolant_temp|masquerade,1930,1758,172,0.08911917098445596,0.0818268315889629,0.0,1.0,1.0,0,1758,0,172
rule_1p00,7,axis,max_speedometer|fabrication,17891,8766,9125,0.510032977474708,0.33776280722534796,0.0,1.0,1.0,0,8766,0,9125
rule_1p00,7,axis,max_speedometer|masquerade,17526,8767,8759,0.49977176765947734,0.3332318813011223,0.0,1.0,1.0,0,8767,0,8759
rule_1p00,7,axis,reverse_light_off|fabrication,9626,5353,4273,0.4439019322667775,0.3074321893661415,0.0,1.0,1.0,0,5353,0,4273
rule_1p00,7,axis,reverse_light_off|masquerade,9455,5353,4102,0.4338445267054469,0.30257431585158956,0.0,1.0,1.0,0,5353,0,4102
rule_1p00,7,axis,reverse_light_on|fabrication,14528,8263,6265,0.4312362334801762,0.3013033232337806,0.0,1.0,1.0,0,8263,0,6265
rule_1p00,7,axis,reverse_light_on|masquerade,14278,8263,6015,0.421277489844516,0.29640762824619327,0.0,1.0,1.0,0,8263,0,6015
rule_1p00,7,capture,ambient_dyno_drive_basic_long,93474,93474,0,0.0,0.0,0.0,1.0,,0,93474,0,0
rule_1p00,7,capture,ambient_dyno_drive_basic_short,33235,33235,0,0.0,0.0,0.0,1.0,,0,33235,0,0
rule_1p00,7,capture,ambient_dyno_drive_benign_anomaly,24106,24106,0,0.0,0.0,0.0,1.0,,0,24106,0,0
rule_1p00,7,capture,ambient_dyno_drive_extended_long,44503,44503,0,0.0,0.0,0.0,1.0,,0,44503,0,0
rule_1p00,7,capture,ambient_dyno_drive_extended_short,24698,24698,0,0.0,0.0,0.0,1.0,,0,24698,0,0
rule_1p00,7,capture,ambient_dyno_drive_radio_infotainment,29148,29148,0,0.0,0.0,0.0,1.0,,0,29148,0,0
rule_1p00,7,capture,ambient_dyno_drive_winter,3564,3564,0,0.0,0.0,0.0,1.0,,0,3564,0,0
rule_1p00,7,capture,ambient_dyno_exercise_all_bits,138103,138103,0,0.0,0.0,0.0,1.0,,0,138103,0,0
rule_1p00,7,capture,ambient_dyno_idle_radio_infotainment,49131,49131,0,0.0,0.0,0.0,1.0,,0,49131,0,0
rule_1p00,7,capture,ambient_dyno_reverse,3842,3842,0,0.0,0.0,0.0,1.0,,0,3842,0,0
rule_1p00,7,capture,ambient_highway_street_driving_diagnostics,35145,35145,0,0.0,0.0,0.0,1.0,,0,35145,0,0
rule_1p00,7,capture,ambient_highway_street_driving_long,275681,275681,0,0.0,0.0,0.0,1.0,,0,275681,0,0
rule_1p00,7,capture,correlated_signal_attack_1,2536,909,1627,0.6415615141955836,0.39082392505404756,0.0,1.0,1.0,0,909,0,1627
rule_1p00,7,capture,correlated_signal_attack_1_masquerade,2471,909,1562,0.632132739781465,0.38730473592858916,0.0,1.0,1.0,0,909,0,1562
rule_1p00,7,capture,correlated_signal_attack_2,2173,507,1666,0.7666820064427059,0.4339671789528523,0.0,1.0,1.0,0,507,0,1666
rule_1p00,7,capture,correlated_signal_attack_2_masquerade,2106,507,1599,0.7592592592592593,0.43157894736842106,0.0,1.0,1.0,0,507,0,1599
rule_1p00,7,capture,correlated_signal_attack_3,1304,319,985,0.7553680981595092,0.4303189165574487,0.0,1.0,1.0,0,319,0,985
rule_1p00,7,capture,correlated_signal_attack_3_masquerade,1264,320,944,0.7468354430379747,0.427536231884058,0.0,1.0,1.0,0,320,0,944
rule_1p00,7,capture,fuzzing_attack_1,1538,1266,272,0.17685305591677503,0.15027624309392265,0.0,1.0,1.0,0,1266,0,272
rule_1p00,7,capture,fuzzing_attack_2,1007,847,160,0.15888778550148958,0.13710368466152528,0.0,1.0,1.0,0,847,0,160
rule_1p00,7,capture,fuzzing_attack_3,410,357,53,0.12926829268292683,0.11447084233261338,0.0,1.0,1.0,0,357,0,53
rule_1p00,7,capture,max_engine_coolant_temp_attack,1932,1760,172,0.08902691511387163,0.0817490494296578,0.0,1.0,1.0,0,1760,0,172
rule_1p00,7,capture,max_engine_coolant_temp_attack_masquerade,1930,1758,172,0.08911917098445596,0.0818268315889629,0.0,1.0,1.0,0,1758,0,172
rule_1p00,7,capture,max_speedometer_attack_1,6665,4744,1921,0.2882220555138785,0.2237363149312835,0.0,1.0,1.0,0,4744,0,1921
rule_1p00,7,capture,max_speedometer_attack_1_masquerade,6589,4745,1844,0.2798603733495219,0.21866476935847268,0.0,1.0,1.0,0,4745,0,1844
rule_1p00,7,capture,max_speedometer_attack_2,4556,2109,2447,0.5370939420544337,0.34942167642438954,0.0,1.0,1.0,0,2109,0,2447
rule_1p00,7,capture,max_speedometer_attack_2_masquerade,4458,2109,2349,0.5269179004037685,0.34508594094314676,0.0,1.0,1.0,0,2109,0,2349
rule_1p00,7,capture,max_speedometer_attack_3,6670,1913,4757,0.7131934032983508,0.4162947405268224,0.0,1.0,1.0,0,1913,0,4757
rule_1p00,7,capture,max_speedometer_attack_3_masquerade,6479,1913,4566,0.7047383855533261,0.4133997283838841,0.0,1.0,1.0,0,1913,0,4566
rule_1p00,7,capture,reverse_light_off_attack_1,2118,1591,527,0.24881964117091596,0.19924385633270322,0.0,1.0,1.0,0,1591,0,527
rule_1p00,7,capture,reverse_light_off_attack_1_masquerade,2097,1591,506,0.2412970910824988,0.19439108720706877,0.0,1.0,1.0,0,1591,0,506
rule_1p00,7,capture,reverse_light_off_attack_2,3110,1262,1848,0.5942122186495177,0.372730939895119,0.0,1.0,1.0,0,1262,0,1848
rule_1p00,7,capture,reverse_light_off_attack_2_masquerade,3036,1262,1774,0.5843214756258235,0.36881496881496884,0.0,1.0,1.0,0,1262,0,1774
rule_1p00,7,capture,reverse_light_off_attack_3,4398,2500,1898,0.4315597999090496,0.3014612452350699,0.0,1.0,1.0,0,2500,0,1898
rule_1p00,7,capture,reverse_light_off_attack_3_masquerade,4322,2500,1822,0.42156409069875056,0.2965494791666667,0.0,1.0,1.0,0,2500,0,1822
rule_1p00,7,capture,reverse_light_on_attack_1,4160,2604,1556,0.37403846153846154,0.2722183344996501,0.0,1.0,1.0,0,2604,0,1556
rule_1p00,7,capture,reverse_light_on_attack_1_masquerade,4098,2604,1494,0.3645680819912152,0.26716738197424894,0.0,1.0,1.0,0,2604,0,1494
rule_1p00,7,capture,reverse_light_on_attack_2,5495,2619,2876,0.5233848953594177,0.3435670768128061,0.0,1.0,1.0,0,2619,0,2876
rule_1p00,7,capture,reverse_light_on_attack_2_masquerade,5380,2619,2761,0.5131970260223049,0.3391475248740941,0.0,1.0,1.0,0,2619,0,2761
rule_1p00,7,capture,reverse_light_on_attack_3,4873,3040,1833,0.3761543197209111,0.27333730987175664,0.0,1.0,1.0,0,3040,0,1833
rule_1p00,7,capture,reverse_light_on_attack_3_masquerade,4800,3040,1760,0.36666666666666664,0.2682926829268293,0.0,1.0,1.0,0,3040,0,1760
rule_1p00,42,all,all,856605,808854,47751,0.05574447966098727,0.05280110929766596,0.0,1.0,1.0,0,808854,0,47751
rule_1p00,42,axis,ambient,754630,754630,0,0.0,0.0,0.0,1.0,,0,754630,0,0
rule_1p00,42,axis,correlated_signal|fabrication,6013,1735,4278,0.7114585065691003,0.4157030414925663,0.0,1.0,1.0,0,1735,0,4278
rule_1p00,42,axis,correlated_signal|masquerade,5841,1736,4105,0.7027906180448553,0.41272873516991754,0.0,1.0,1.0,0,1736,0,4105
rule_1p00,42,axis,fuzzing|fabrication,2955,2470,485,0.16412859560067683,0.14098837209302326,0.0,1.0,1.0,0,2470,0,485
rule_1p00,42,axis,max_engine_coolant_temp|fabrication,1932,1760,172,0.08902691511387163,0.0817490494296578,0.0,1.0,1.0,0,1760,0,172
rule_1p00,42,axis,max_engine_coolant_temp|masquerade,1930,1758,172,0.08911917098445596,0.0818268315889629,0.0,1.0,1.0,0,1758,0,172
rule_1p00,42,axis,max_speedometer|fabrication,17891,8766,9125,0.510032977474708,0.33776280722534796,0.0,1.0,1.0,0,8766,0,9125
rule_1p00,42,axis,max_speedometer|masquerade,17526,8767,8759,0.49977176765947734,0.3332318813011223,0.0,1.0,1.0,0,8767,0,8759
rule_1p00,42,axis,reverse_light_off|fabrication,9626,5353,4273,0.4439019322667775,0.3074321893661415,0.0,1.0,1.0,0,5353,0,4273
rule_1p00,42,axis,reverse_light_off|masquerade,9455,5353,4102,0.4338445267054469,0.30257431585158956,0.0,1.0,1.0,0,5353,0,4102
rule_1p00,42,axis,reverse_light_on|fabrication,14528,8263,6265,0.4312362334801762,0.3013033232337806,0.0,1.0,1.0,0,8263,0,6265
rule_1p00,42,axis,reverse_light_on|masquerade,14278,8263,6015,0.421277489844516,0.29640762824619327,0.0,1.0,1.0,0,8263,0,6015
rule_1p00,42,capture,ambient_dyno_drive_basic_long,93474,93474,0,0.0,0.0,0.0,1.0,,0,93474,0,0
rule_1p00,42,capture,ambient_dyno_drive_basic_short,33235,33235,0,0.0,0.0,0.0,1.0,,0,33235,0,0
rule_1p00,42,capture,ambient_dyno_drive_benign_anomaly,24106,24106,0,0.0,0.0,0.0,1.0,,0,24106,0,0
rule_1p00,42,capture,ambient_dyno_drive_extended_long,44503,44503,0,0.0,0.0,0.0,1.0,,0,44503,0,0
rule_1p00,42,capture,ambient_dyno_drive_extended_short,24698,24698,0,0.0,0.0,0.0,1.0,,0,24698,0,0
rule_1p00,42,capture,ambient_dyno_drive_radio_infotainment,29148,29148,0,0.0,0.0,0.0,1.0,,0,29148,0,0
rule_1p00,42,capture,ambient_dyno_drive_winter,3564,3564,0,0.0,0.0,0.0,1.0,,0,3564,0,0
rule_1p00,42,capture,ambient_dyno_exercise_all_bits,138103,138103,0,0.0,0.0,0.0,1.0,,0,138103,0,0
rule_1p00,42,capture,ambient_dyno_idle_radio_infotainment,49131,49131,0,0.0,0.0,0.0,1.0,,0,49131,0,0
rule_1p00,42,capture,ambient_dyno_reverse,3842,3842,0,0.0,0.0,0.0,1.0,,0,3842,0,0
rule_1p00,42,capture,ambient_highway_street_driving_diagnostics,35145,35145,0,0.0,0.0,0.0,1.0,,0,35145,0,0
rule_1p00,42,capture,ambient_highway_street_driving_long,275681,275681,0,0.0,0.0,0.0,1.0,,0,275681,0,0
rule_1p00,42,capture,correlated_signal_attack_1,2536,909,1627,0.6415615141955836,0.39082392505404756,0.0,1.0,1.0,0,909,0,1627
rule_1p00,42,capture,correlated_signal_attack_1_masquerade,2471,909,1562,0.632132739781465,0.38730473592858916,0.0,1.0,1.0,0,909,0,1562
rule_1p00,42,capture,correlated_signal_attack_2,2173,507,1666,0.7666820064427059,0.4339671789528523,0.0,1.0,1.0,0,507,0,1666
rule_1p00,42,capture,correlated_signal_attack_2_masquerade,2106,507,1599,0.7592592592592593,0.43157894736842106,0.0,1.0,1.0,0,507,0,1599
rule_1p00,42,capture,correlated_signal_attack_3,1304,319,985,0.7553680981595092,0.4303189165574487,0.0,1.0,1.0,0,319,0,985
rule_1p00,42,capture,correlated_signal_attack_3_masquerade,1264,320,944,0.7468354430379747,0.427536231884058,0.0,1.0,1.0,0,320,0,944
rule_1p00,42,capture,fuzzing_attack_1,1538,1266,272,0.17685305591677503,0.15027624309392265,0.0,1.0,1.0,0,1266,0,272
rule_1p00,42,capture,fuzzing_attack_2,1007,847,160,0.15888778550148958,0.13710368466152528,0.0,1.0,1.0,0,847,0,160
rule_1p00,42,capture,fuzzing_attack_3,410,357,53,0.12926829268292683,0.11447084233261338,0.0,1.0,1.0,0,357,0,53
rule_1p00,42,capture,max_engine_coolant_temp_attack,1932,1760,172,0.08902691511387163,0.0817490494296578,0.0,1.0,1.0,0,1760,0,172
rule_1p00,42,capture,max_engine_coolant_temp_attack_masquerade,1930,1758,172,0.08911917098445596,0.0818268315889629,0.0,1.0,1.0,0,1758,0,172
rule_1p00,42,capture,max_speedometer_attack_1,6665,4744,1921,0.2882220555138785,0.2237363149312835,0.0,1.0,1.0,0,4744,0,1921
rule_1p00,42,capture,max_speedometer_attack_1_masquerade,6589,4745,1844,0.2798603733495219,0.21866476935847268,0.0,1.0,1.0,0,4745,0,1844
rule_1p00,42,capture,max_speedometer_attack_2,4556,2109,2447,0.5370939420544337,0.34942167642438954,0.0,1.0,1.0,0,2109,0,2447
rule_1p00,42,capture,max_speedometer_attack_2_masquerade,4458,2109,2349,0.5269179004037685,0.34508594094314676,0.0,1.0,1.0,0,2109,0,2349
rule_1p00,42,capture,max_speedometer_attack_3,6670,1913,4757,0.7131934032983508,0.4162947405268224,0.0,1.0,1.0,0,1913,0,4757
rule_1p00,42,capture,max_speedometer_attack_3_masquerade,6479,1913,4566,0.7047383855533261,0.4133997283838841,0.0,1.0,1.0,0,1913,0,4566
rule_1p00,42,capture,reverse_light_off_attack_1,2118,1591,527,0.24881964117091596,0.19924385633270322,0.0,1.0,1.0,0,1591,0,527
rule_1p00,42,capture,reverse_light_off_attack_1_masquerade,2097,1591,506,0.2412970910824988,0.19439108720706877,0.0,1.0,1.0,0,1591,0,506
rule_1p00,42,capture,reverse_light_off_attack_2,3110,1262,1848,0.5942122186495177,0.372730939895119,0.0,1.0,1.0,0,1262,0,1848
rule_1p00,42,capture,reverse_light_off_attack_2_masquerade,3036,1262,1774,0.5843214756258235,0.36881496881496884,0.0,1.0,1.0,0,1262,0,1774
rule_1p00,42,capture,reverse_light_off_attack_3,4398,2500,1898,0.4315597999090496,0.3014612452350699,0.0,1.0,1.0,0,2500,0,1898
rule_1p00,42,capture,reverse_light_off_attack_3_masquerade,4322,2500,1822,0.42156409069875056,0.2965494791666667,0.0,1.0,1.0,0,2500,0,1822
rule_1p00,42,capture,reverse_light_on_attack_1,4160,2604,1556,0.37403846153846154,0.2722183344996501,0.0,1.0,1.0,0,2604,0,1556
rule_1p00,42,capture,reverse_light_on_attack_1_masquerade,4098,2604,1494,0.3645680819912152,0.26716738197424894,0.0,1.0,1.0,0,2604,0,1494
rule_1p00,42,capture,reverse_light_on_attack_2,5495,2619,2876,0.5233848953594177,0.3435670768128061,0.0,1.0,1.0,0,2619,0,2876
rule_1p00,42,capture,reverse_light_on_attack_2_masquerade,5380,2619,2761,0.5131970260223049,0.3391475248740941,0.0,1.0,1.0,0,2619,0,2761
rule_1p00,42,capture,reverse_light_on_attack_3,4873,3040,1833,0.3761543197209111,0.27333730987175664,0.0,1.0,1.0,0,3040,0,1833
rule_1p00,42,capture,reverse_light_on_attack_3_masquerade,4800,3040,1760,0.36666666666666664,0.2682926829268293,0.0,1.0,1.0,0,3040,0,1760
rule_1p00,123,all,all,856605,808854,47751,0.05574447966098727,0.05280110929766596,0.0,1.0,1.0,0,808854,0,47751
rule_1p00,123,axis,ambient,754630,754630,0,0.0,0.0,0.0,1.0,,0,754630,0,0
rule_1p00,123,axis,correlated_signal|fabrication,6013,1735,4278,0.7114585065691003,0.4157030414925663,0.0,1.0,1.0,0,1735,0,4278
rule_1p00,123,axis,correlated_signal|masquerade,5841,1736,4105,0.7027906180448553,0.41272873516991754,0.0,1.0,1.0,0,1736,0,4105
rule_1p00,123,axis,fuzzing|fabrication,2955,2470,485,0.16412859560067683,0.14098837209302326,0.0,1.0,1.0,0,2470,0,485
rule_1p00,123,axis,max_engine_coolant_temp|fabrication,1932,1760,172,0.08902691511387163,0.0817490494296578,0.0,1.0,1.0,0,1760,0,172
rule_1p00,123,axis,max_engine_coolant_temp|masquerade,1930,1758,172,0.08911917098445596,0.0818268315889629,0.0,1.0,1.0,0,1758,0,172
rule_1p00,123,axis,max_speedometer|fabrication,17891,8766,9125,0.510032977474708,0.33776280722534796,0.0,1.0,1.0,0,8766,0,9125
rule_1p00,123,axis,max_speedometer|masquerade,17526,8767,8759,0.49977176765947734,0.3332318813011223,0.0,1.0,1.0,0,8767,0,8759
rule_1p00,123,axis,reverse_light_off|fabrication,9626,5353,4273,0.4439019322667775,0.3074321893661415,0.0,1.0,1.0,0,5353,0,4273
rule_1p00,123,axis,reverse_light_off|masquerade,9455,5353,4102,0.4338445267054469,0.30257431585158956,0.0,1.0,1.0,0,5353,0,4102
rule_1p00,123,axis,reverse_light_on|fabrication,14528,8263,6265,0.4312362334801762,0.3013033232337806,0.0,1.0,1.0,0,8263,0,6265
rule_1p00,123,axis,reverse_light_on|masquerade,14278,8263,6015,0.421277489844516,0.29640762824619327,0.0,1.0,1.0,0,8263,0,6015
rule_1p00,123,capture,ambient_dyno_drive_basic_long,93474,93474,0,0.0,0.0,0.0,1.0,,0,93474,0,0
rule_1p00,123,capture,ambient_dyno_drive_basic_short,33235,33235,0,0.0,0.0,0.0,1.0,,0,33235,0,0
rule_1p00,123,capture,ambient_dyno_drive_benign_anomaly,24106,24106,0,0.0,0.0,0.0,1.0,,0,24106,0,0
rule_1p00,123,capture,ambient_dyno_drive_extended_long,44503,44503,0,0.0,0.0,0.0,1.0,,0,44503,0,0
rule_1p00,123,capture,ambient_dyno_drive_extended_short,24698,24698,0,0.0,0.0,0.0,1.0,,0,24698,0,0
rule_1p00,123,capture,ambient_dyno_drive_radio_infotainment,29148,29148,0,0.0,0.0,0.0,1.0,,0,29148,0,0
rule_1p00,123,capture,ambient_dyno_drive_winter,3564,3564,0,0.0,0.0,0.0,1.0,,0,3564,0,0
rule_1p00,123,capture,ambient_dyno_exercise_all_bits,138103,138103,0,0.0,0.0,0.0,1.0,,0,138103,0,0
rule_1p00,123,capture,ambient_dyno_idle_radio_infotainment,49131,49131,0,0.0,0.0,0.0,1.0,,0,49131,0,0
rule_1p00,123,capture,ambient_dyno_reverse,3842,3842,0,0.0,0.0,0.0,1.0,,0,3842,0,0
rule_1p00,123,capture,ambient_highway_street_driving_diagnostics,35145,35145,0,0.0,0.0,0.0,1.0,,0,35145,0,0
rule_1p00,123,capture,ambient_highway_street_driving_long,275681,275681,0,0.0,0.0,0.0,1.0,,0,275681,0,0
rule_1p00,123,capture,correlated_signal_attack_1,2536,909,1627,0.6415615141955836,0.39082392505404756,0.0,1.0,1.0,0,909,0,1627
rule_1p00,123,capture,correlated_signal_attack_1_masquerade,2471,909,1562,0.632132739781465,0.38730473592858916,0.0,1.0,1.0,0,909,0,1562
rule_1p00,123,capture,correlated_signal_attack_2,2173,507,1666,0.7666820064427059,0.4339671789528523,0.0,1.0,1.0,0,507,0,1666
rule_1p00,123,capture,correlated_signal_attack_2_masquerade,2106,507,1599,0.7592592592592593,0.43157894736842106,0.0,1.0,1.0,0,507,0,1599
rule_1p00,123,capture,correlated_signal_attack_3,1304,319,985,0.7553680981595092,0.4303189165574487,0.0,1.0,1.0,0,319,0,985
rule_1p00,123,capture,correlated_signal_attack_3_masquerade,1264,320,944,0.7468354430379747,0.427536231884058,0.0,1.0,1.0,0,320,0,944
rule_1p00,123,capture,fuzzing_attack_1,1538,1266,272,0.17685305591677503,0.15027624309392265,0.0,1.0,1.0,0,1266,0,272
rule_1p00,123,capture,fuzzing_attack_2,1007,847,160,0.15888778550148958,0.13710368466152528,0.0,1.0,1.0,0,847,0,160
rule_1p00,123,capture,fuzzing_attack_3,410,357,53,0.12926829268292683,0.11447084233261338,0.0,1.0,1.0,0,357,0,53
rule_1p00,123,capture,max_engine_coolant_temp_attack,1932,1760,172,0.08902691511387163,0.0817490494296578,0.0,1.0,1.0,0,1760,0,172
rule_1p00,123,capture,max_engine_coolant_temp_attack_masquerade,1930,1758,172,0.08911917098445596,0.0818268315889629,0.0,1.0,1.0,0,1758,0,172
rule_1p00,123,capture,max_speedometer_attack_1,6665,4744,1921,0.2882220555138785,0.2237363149312835,0.0,1.0,1.0,0,4744,0,1921
rule_1p00,123,capture,max_speedometer_attack_1_masquerade,6589,4745,1844,0.2798603733495219,0.21866476935847268,0.0,1.0,1.0,0,4745,0,1844
rule_1p00,123,capture,max_speedometer_attack_2,4556,2109,2447,0.5370939420544337,0.34942167642438954,0.0,1.0,1.0,0,2109,0,2447
rule_1p00,123,capture,max_speedometer_attack_2_masquerade,4458,2109,2349,0.5269179004037685,0.34508594094314676,0.0,1.0,1.0,0,2109,0,2349
rule_1p00,123,capture,max_speedometer_attack_3,6670,1913,4757,0.7131934032983508,0.4162947405268224,0.0,1.0,1.0,0,1913,0,4757
rule_1p00,123,capture,max_speedometer_attack_3_masquerade,6479,1913,4566,0.7047383855533261,0.4133997283838841,0.0,1.0,1.0,0,1913,0,4566
rule_1p00,123,capture,reverse_light_off_attack_1,2118,1591,527,0.24881964117091596,0.19924385633270322,0.0,1.0,1.0,0,1591,0,527
rule_1p00,123,capture,reverse_light_off_attack_1_masquerade,2097,1591,506,0.2412970910824988,0.19439108720706877,0.0,1.0,1.0,0,1591,0,506
rule_1p00,123,capture,reverse_light_off_attack_2,3110,1262,1848,0.5942122186495177,0.372730939895119,0.0,1.0,1.0,0,1262,0,1848
rule_1p00,123,capture,reverse_light_off_attack_2_masquerade,3036,1262,1774,0.5843214756258235,0.36881496881496884,0.0,1.0,1.0,0,1262,0,1774
rule_1p00,123,capture,reverse_light_off_attack_3,4398,2500,1898,0.4315597999090496,0.3014612452350699,0.0,1.0,1.0,0,2500,0,1898
rule_1p00,123,capture,reverse_light_off_attack_3_masquerade,4322,2500,1822,0.42156409069875056,0.2965494791666667,0.0,1.0,1.0,0,2500,0,1822
rule_1p00,123,capture,reverse_light_on_attack_1,4160,2604,1556,0.37403846153846154,0.2722183344996501,0.0,1.0,1.0,0,2604,0,1556
rule_1p00,123,capture,reverse_light_on_attack_1_masquerade,4098,2604,1494,0.3645680819912152,0.26716738197424894,0.0,1.0,1.0,0,2604,0,1494
rule_1p00,123,capture,reverse_light_on_attack_2,5495,2619,2876,0.5233848953594177,0.3435670768128061,0.0,1.0,1.0,0,2619,0,2876
rule_1p00,123,capture,reverse_light_on_attack_2_masquerade,5380,2619,2761,0.5131970260223049,0.3391475248740941,0.0,1.0,1.0,0,2619,0,2761
rule_1p00,123,capture,reverse_light_on_attack_3,4873,3040,1833,0.3761543197209111,0.27333730987175664,0.0,1.0,1.0,0,3040,0,1833
rule_1p00,123,capture,reverse_light_on_attack_3_masquerade,4800,3040,1760,0.36666666666666664,0.2682926829268293,0.0,1.0,1.0,0,3040,0,1760
